# L3DT terrain export, using atMeshDecimator
# 1856 vertices, 3556 polygons
mtllib Lava_Tile_x3y1.mtl
o terrain_o
v 3999.511719 163.508301 3997.558838
v 4124.496582 145.118942 3997.558838
v 4249.481445 145.951218 3997.558838
v 4186.988770 152.589615 3997.558838
v 4374.465820 206.984879 3997.558838
v 4311.973633 193.727890 3997.558838
v 4499.450684 175.794296 3997.558838
v 4624.435547 176.725662 3997.558838
v 4749.419922 177.141800 3997.558838
v 4874.404785 163.250687 3997.558838
v 4999.389648 173.872131 3997.558838
v 5124.374512 185.524017 3997.558838
v 5249.359375 185.325851 3997.558838
v 5374.343750 202.248825 3997.558838
v 5499.328613 129.781250 3997.558838
v 5624.313477 156.473572 3997.558838
v 5749.297852 138.480530 3997.558838
v 5874.282715 136.241318 3997.558838
v 5999.267578 121.775543 3997.558838
v 6124.252441 146.268280 3997.558838
v 6249.236816 174.526062 3997.558838
v 6374.221680 148.824554 3997.558838
v 6499.206543 184.929535 3997.558838
v 6436.714355 201.931763 3997.558838
v 6624.191406 183.324432 3997.558838
v 6749.175781 187.921768 3997.558838
v 6874.160645 175.358337 3997.558838
v 6999.145508 181.580612 3997.558838
v 7124.130371 127.740196 3997.558838
v 7249.114746 154.967545 3997.558838
v 7374.099609 171.712173 3997.558838
v 7499.084473 160.020660 3997.558838
v 7624.069336 133.764297 3997.558838
v 7749.053711 156.751007 3997.558838
v 7874.038574 132.991470 3997.558838
v 7997.070313 162.814743 3997.558838
v 3999.511719 161.566315 3872.573975
v 4062.004150 126.055824 3935.066406
v 4124.496582 162.676025 3872.573975
v 4124.496582 113.175346 3935.066406
v 4062.004150 129.028244 3872.573975
v 4186.988770 141.888916 3935.066406
v 4249.481445 195.570786 3872.573975
v 4186.988770 124.351639 3872.573975
v 4311.973633 200.227585 3935.066406
v 4374.465820 185.127701 3872.573975
v 4436.958496 203.041473 3935.066406
v 4499.450684 143.394928 3872.573975
v 4436.958496 204.824921 3872.573975
v 4624.435547 132.416794 3872.573975
v 4749.419922 191.964264 3872.573975
v 4874.404785 200.901337 3872.573975
v 4999.389648 203.576508 3872.573975
v 5124.374512 203.735031 3872.573975
v 5186.866699 202.724411 3935.066406
v 5249.359375 200.742798 3935.066406
v 5218.112793 178.945068 3903.820313
v 5249.359375 162.220261 3872.573975
v 5186.866699 165.311569 3872.573975
v 5218.112793 163.765915 3872.573975
v 5311.851563 181.025757 3935.066406
v 5280.605469 176.408600 3903.820313
v 5374.343750 162.656204 3935.066406
v 5343.097656 125.897293 3903.820313
v 5374.343750 157.761627 3872.573975
v 5311.851563 129.008423 3872.573975
v 5280.605469 138.817413 3872.573975
v 5436.836426 134.358780 3935.066406
v 5499.328613 169.631485 3872.573975
v 5624.313477 137.053772 3872.573975
v 5686.805664 171.751816 3935.066406
v 5749.297852 143.612915 3872.573975
v 5874.282715 136.835800 3872.573975
v 5999.267578 120.824371 3872.573975
v 6124.252441 121.656647 3872.573975
v 6249.236816 174.149567 3872.573975
v 6311.729492 135.726089 3935.066406
v 6374.221680 175.001648 3872.573975
v 6311.729492 124.094032 3872.573975
v 6436.714355 180.787964 3935.066406
v 6499.206543 196.739944 3872.573975
v 6624.191406 199.038620 3872.573975
v 6749.175781 202.248825 3872.573975
v 6874.160645 187.802872 3872.573975
v 6999.145508 183.859467 3872.573975
v 7061.637695 166.698700 3935.066406
v 7124.130371 119.199448 3872.573975
v 7061.637695 190.656387 3872.573975
v 7249.114746 156.949158 3872.573975
v 7374.099609 162.240067 3872.573975
v 7499.084473 141.314240 3872.573975
v 7624.069336 158.712799 3872.573975
v 7749.053711 144.385742 3872.573975
v 7874.038574 154.511780 3872.573975
v 7935.554688 164.261322 3935.066406
v 7997.070313 156.215973 3872.573975
v 7935.554688 159.049683 3872.573975
v 3999.511719 168.937927 3810.081787
v 3999.511719 171.315857 3747.589355
v 3999.511719 128.077072 3778.835449
v 4062.004150 169.155899 3810.081787
v 4030.757813 130.752243 3778.835449
v 4124.496582 135.428848 3810.081787
v 4093.250244 163.072342 3778.835449
v 4124.496582 193.212677 3747.589355
v 4062.004150 172.227402 3747.589355
v 4062.004150 131.386368 3778.835449
v 4186.988770 188.337906 3810.081787
v 4155.742676 122.488922 3841.327881
v 4249.481445 191.964264 3747.589355
v 4374.465820 209.878036 3747.589355
v 4436.958496 206.786713 3810.081787
v 4499.450684 194.936676 3747.589355
v 4624.435547 176.725662 3747.589355
v 4686.927734 119.615585 3810.081787
v 4749.419922 164.380219 3810.081787
v 4718.173828 153.065201 3778.835449
v 4749.419922 177.022903 3747.589355
v 4749.419922 132.337540 3778.835449
v 4686.927734 163.349777 3747.589355
v 4811.912598 179.797150 3810.081787
v 4780.666504 152.985947 3778.835449
v 4874.404785 168.006561 3747.589355
v 4811.912598 175.833939 3747.589355
v 4999.389648 130.098312 3747.589355
v 5061.881836 180.074585 3810.081787
v 5124.374512 173.535263 3810.081787
v 5093.127930 178.608185 3778.835449
v 5124.374512 130.157761 3747.589355
v 5124.374512 163.924438 3778.835449
v 5061.881836 174.763855 3747.589355
v 5155.620605 174.248642 3841.327881
v 5155.620605 152.906677 3810.081787
v 5186.866699 159.366730 3810.081787
v 5171.243652 133.467056 3825.704834
v 5155.620605 169.056824 3778.835449
v 5139.997559 136.895248 3794.458740
v 5218.112793 166.064575 3841.327881
v 5186.866699 132.060104 3841.327881
v 5233.736328 141.968170 3856.950928
v 5249.359375 142.027618 3747.589355
v 5249.359375 136.380020 3810.081787
v 5249.359375 165.747528 3841.327881
v 5249.359375 130.910782 3856.950928
v 5186.866699 169.413513 3747.589355
v 5311.851563 134.517303 3810.081787
v 5280.605469 164.439667 3841.327881
v 5264.982422 128.731003 3856.950928
v 5343.097656 170.027802 3841.327881
v 5311.851563 167.590424 3841.327881
v 5374.343750 144.900955 3747.589355
v 5374.343750 139.431717 3810.081787
v 5436.836426 141.888916 3810.081787
v 5499.328613 146.288086 3747.589355
v 5561.820801 139.015564 3810.081787
v 5624.313477 171.474380 3810.081787
v 5593.067383 170.800629 3778.835449
v 5624.313477 134.259705 3747.589355
v 5561.820801 136.756531 3747.589355
v 5686.805664 141.710571 3810.081787
v 5749.297852 137.945496 3747.589355
v 5874.282715 122.112419 3747.589355
v 5999.267578 156.810455 3747.589355
v 6124.252441 148.765106 3747.589355
v 6186.744629 117.990662 3810.081787
v 6249.236816 139.312820 3747.589355
v 6249.236816 161.110550 3810.081787
v 6311.729492 132.357346 3810.081787
v 6280.483398 169.017181 3778.835449
v 6374.221680 189.308899 3810.081787
v 6342.975586 167.689499 3778.835449
v 6374.221680 172.049057 3747.589355
v 6311.729492 167.233734 3747.589355
v 6311.729492 130.613541 3778.835449
v 6342.975586 144.504639 3747.589355
v 6327.352539 133.863373 3763.212402
v 6436.714355 198.047806 3810.081787
v 6499.206543 171.850891 3747.589355
v 6624.191406 169.968353 3747.589355
v 6686.683594 169.750381 3810.081787
v 6749.175781 145.019852 3747.589355
v 6749.175781 134.656021 3810.081787
v 6811.668457 171.751816 3810.081787
v 6874.160645 201.575073 3747.589355
v 6999.145508 183.304611 3747.589355
v 7061.637695 188.318085 3810.081787
v 7124.130371 123.063591 3747.589355
v 7061.637695 191.647202 3747.589355
v 7249.114746 170.622284 3747.589355
v 7374.099609 155.958359 3747.589355
v 7499.084473 156.988800 3747.589355
v 7624.069336 153.520981 3747.589355
v 7749.053711 133.486877 3747.589355
v 7811.546387 142.503204 3810.081787
v 7874.038574 157.107697 3747.589355
v 7874.038574 120.229881 3810.081787
v 7935.554688 156.315048 3810.081787
v 7904.796875 122.370026 3841.327881
v 7997.070313 155.720566 3747.589355
v 3999.511719 179.797150 3622.604736
v 4062.004150 198.820633 3685.096924
v 4124.496582 192.261505 3622.604736
v 4249.481445 201.991211 3622.604736
v 4374.465820 209.699692 3622.604736
v 4499.450684 209.660049 3622.604736
v 4624.435547 186.158127 3622.604736
v 4686.927734 182.432709 3685.096924
v 4749.419922 205.617569 3622.604736
v 4811.912598 177.121979 3685.096924
v 4874.404785 185.781631 3622.604736
v 4999.389648 187.109314 3622.604736
v 5061.881836 175.001648 3685.096924
v 5124.374512 172.366104 3685.096924
v 5093.127930 134.735291 3653.850830
v 5124.374512 170.959167 3622.604736
v 5061.881836 174.942200 3622.604736
v 5093.127930 134.774918 3622.604736
v 5186.866699 136.062973 3685.096924
v 5155.620605 174.684601 3716.343262
v 5249.359375 169.373871 3622.604736
v 5374.343750 118.010475 3622.604736
v 5499.328613 145.356735 3622.604736
v 5561.820801 142.344681 3685.096924
v 5624.313477 143.494019 3622.604736
v 5749.297852 134.953262 3622.604736
v 5874.282715 115.236221 3622.604736
v 5999.267578 148.884003 3622.604736
v 6124.252441 141.334061 3622.604736
v 6249.236816 141.750198 3622.604736
v 6311.729492 174.308090 3685.096924
v 6342.975586 130.930588 3716.343262
v 6374.221680 145.237839 3622.604736
v 6374.221680 142.245605 3685.096924
v 6436.714355 157.325668 3685.096924
v 6499.206543 197.413696 3622.604736
v 6624.191406 190.973450 3622.604736
v 6749.175781 186.653534 3622.604736
v 6874.160645 189.507065 3622.604736
v 6999.145508 187.188568 3622.604736
v 7061.637695 190.497864 3685.096924
v 7124.130371 130.276657 3622.604736
v 7061.637695 192.697449 3622.604736
v 7249.114746 163.845169 3622.604736
v 7374.099609 131.267471 3622.604736
v 7499.084473 162.240067 3622.604736
v 7624.069336 151.975311 3622.604736
v 7749.053711 156.770813 3622.604736
v 7874.038574 141.670929 3622.604736
v 7997.070313 133.407608 3622.604736
v 3999.511719 189.407974 3497.619873
v 4124.496582 182.076004 3497.619873
v 4249.481445 189.289078 3497.619873
v 4374.465820 205.122162 3497.619873
v 4436.958496 204.527679 3560.112305
v 4499.450684 165.906052 3560.112305
v 4468.204590 177.617386 3528.865967
v 4499.450684 166.599625 3497.619873
v 4499.450684 132.733856 3528.865967
v 4436.958496 178.489288 3497.619873
v 4561.942871 138.460724 3560.112305
v 4530.696777 155.244980 3528.865967
v 4624.435547 172.247208 3497.619873
v 4624.435547 133.962463 3560.112305
v 4561.942871 165.430466 3497.619873
v 4686.927734 183.780197 3560.112305
v 4749.419922 161.843750 3497.619873
v 4874.404785 147.278900 3497.619873
v 4936.897461 177.795731 3560.112305
v 4999.389648 147.952637 3497.619873
v 4936.897461 135.369400 3497.619873
v 5061.881836 152.629242 3560.112305
v 5093.127930 126.947548 3591.358398
v 5124.374512 150.627823 3497.619873
v 5124.374512 156.790634 3560.112305
v 5186.866699 136.320572 3560.112305
v 5249.359375 127.106079 3497.619873
v 5374.343750 138.322006 3497.619873
v 5499.328613 134.616394 3497.619873
v 5624.313477 117.237648 3497.619873
v 5749.297852 136.102600 3497.619873
v 5874.282715 136.062973 3497.619873
v 5999.267578 147.576141 3497.619873
v 6124.252441 147.437424 3497.619873
v 6249.236816 151.598816 3497.619873
v 6374.221680 134.140808 3497.619873
v 6436.714355 160.496246 3560.112305
v 6499.206543 167.015762 3497.619873
v 6499.206543 173.376740 3560.112305
v 6561.698730 202.585693 3560.112305
v 6530.452637 168.165085 3528.865967
v 6624.191406 188.357727 3497.619873
v 6561.698730 165.073776 3497.619873
v 6530.452637 126.630493 3497.619873
v 6749.175781 180.986130 3497.619873
v 6874.160645 188.040665 3497.619873
v 6936.653320 186.118500 3560.112305
v 6999.145508 190.953629 3560.112305
v 6967.899414 187.624527 3528.865967
v 6999.145508 128.473389 3528.865967
v 6983.522461 125.164101 3513.242920
v 6999.145508 128.830078 3497.619873
v 6936.653320 191.171616 3497.619873
v 6967.899414 125.282997 3497.619873
v 7061.637695 129.067871 3560.112305
v 7030.391602 191.627380 3591.358398
v 7030.391602 130.990036 3528.865967
v 7124.130371 170.067444 3497.619873
v 7061.637695 143.573273 3497.619873
v 7249.114746 139.728958 3497.619873
v 7374.099609 168.026382 3497.619873
v 7499.084473 153.620056 3497.619873
v 7624.069336 148.784927 3497.619873
v 7749.053711 145.099121 3497.619873
v 7811.546387 142.463577 3560.112305
v 7874.038574 116.108131 3497.619873
v 7874.038574 162.656204 3560.112305
v 7935.554688 146.506073 3560.112305
v 7997.070313 125.659500 3497.619873
v 3999.511719 186.772430 3372.635010
v 4124.496582 188.872940 3372.635010
v 4249.481445 208.015320 3372.635010
v 4311.973633 187.723602 3435.127441
v 4374.465820 159.445999 3372.635010
v 4374.465820 170.661926 3435.127441
v 4311.973633 164.281128 3372.635010
v 4436.958496 177.815536 3435.127441
v 4405.711914 151.995132 3466.373779
v 4499.450684 130.435196 3372.635010
v 4561.942871 149.755905 3435.127441
v 4624.435547 133.427429 3372.635010
v 4749.419922 124.827225 3372.635010
v 4811.912598 143.414749 3435.127441
v 4874.404785 135.309952 3372.635010
v 4874.404785 168.937927 3435.127441
v 4936.897461 151.638443 3435.127441
v 4905.651367 174.010849 3466.373779
v 4968.143555 176.864365 3466.373779
v 4936.897461 179.044144 3466.373779
v 4999.389648 138.064392 3372.635010
v 4999.389648 145.812500 3435.127441
v 5061.881836 135.111801 3435.127441
v 5124.374512 164.915253 3372.635010
v 5249.359375 151.757339 3372.635010
v 5311.851563 166.817596 3435.127441
v 5374.343750 126.630493 3372.635010
v 5374.343750 172.504822 3435.127441
v 5436.836426 173.020035 3435.127441
v 5499.328613 148.804733 3372.635010
v 5624.313477 147.140182 3372.635010
v 5749.297852 138.718323 3372.635010
v 5874.282715 125.461342 3372.635010
v 5999.267578 137.331207 3372.635010
v 6124.252441 148.705658 3372.635010
v 6249.236816 133.169815 3372.635010
v 6374.221680 171.494202 3372.635010
v 6436.714355 134.299332 3435.127441
v 6499.206543 132.991470 3372.635010
v 6499.206543 134.715469 3435.127441
v 6530.452637 133.268890 3466.373779
v 6530.452637 147.318527 3435.127441
v 6561.698730 119.179626 3435.127441
v 6546.075684 117.019669 3450.750732
v 6530.452637 142.463577 3403.881348
v 6592.945313 167.570602 3466.373779
v 6561.698730 144.286667 3466.373779
v 6546.075684 139.847855 3481.996826
v 6546.075684 104.773308 3466.373779
v 6624.191406 160.932205 3372.635010
v 6624.191406 186.177948 3435.127441
v 6561.698730 130.296478 3372.635010
v 6686.683594 197.889282 3435.127441
v 6749.175781 184.136887 3372.635010
v 6874.160645 185.741989 3372.635010
v 6936.653320 171.474380 3435.127441
v 6967.899414 127.006996 3466.373779
v 6999.145508 129.226410 3372.635010
v 6999.145508 126.868286 3435.127441
v 7061.637695 156.057434 3435.127441
v 7124.130371 172.128311 3372.635010
v 7249.114746 143.494019 3372.635010
v 7374.099609 164.697266 3372.635010
v 7499.084473 154.313614 3372.635010
v 7624.069336 161.011475 3372.635010
v 7749.053711 146.288086 3372.635010
v 7874.038574 129.067871 3372.635010
v 7997.070313 123.043777 3372.635010
v 3999.511719 155.859283 3247.650391
v 4124.496582 183.800018 3247.650391
v 4186.988770 194.778152 3310.142822
v 4249.481445 155.898911 3247.650391
v 4249.481445 151.955505 3310.142822
v 4186.988770 210.135651 3247.650391
v 4311.973633 175.120544 3310.142822
v 4280.727539 155.165710 3341.388916
v 4374.465820 125.936928 3247.650391
v 4499.450684 164.043335 3247.650391
v 4561.942871 162.180618 3310.142822
v 4624.435547 150.786346 3247.650391
v 4624.435547 177.141800 3310.142822
v 4686.927734 175.239441 3310.142822
v 4749.419922 168.066010 3247.650391
v 4874.404785 137.588806 3247.650391
v 4999.389648 148.864182 3247.650391
v 5124.374512 134.537125 3247.650391
v 5249.359375 145.931396 3247.650391
v 5374.343750 151.598816 3247.650391
v 5499.328613 139.431717 3247.650391
v 5624.313477 147.278900 3247.650391
v 5749.297852 147.219452 3247.650391
v 5874.282715 131.009857 3247.650391
v 5999.267578 147.932831 3247.650391
v 6124.252441 144.524460 3247.650391
v 6249.236816 168.819031 3247.650391
v 6374.221680 121.656647 3247.650391
v 6499.206543 127.522217 3247.650391
v 6561.698730 130.237030 3310.142822
v 6624.191406 195.214096 3247.650391
v 6749.175781 170.384491 3247.650391
v 6811.668457 183.522583 3310.142822
v 6874.160645 169.354065 3247.650391
v 6874.160645 126.967369 3310.142822
v 6936.653320 127.542038 3310.142822
v 6999.145508 138.024765 3247.650391
v 6936.653320 118.327538 3247.650391
v 7124.130371 162.775101 3247.650391
v 7249.114746 164.756714 3247.650391
v 7374.099609 166.401459 3247.650391
v 7499.084473 143.652542 3247.650391
v 7624.069336 130.157761 3247.650391
v 7749.053711 123.321198 3247.650391
v 7874.038574 147.496872 3247.650391
v 7997.070313 139.510971 3247.650391
v 3999.511719 176.111359 3122.665771
v 4124.496582 183.165894 3122.665771
v 4186.988770 189.328720 3185.157959
v 4249.481445 147.278900 3122.665771
v 4374.465820 144.603714 3122.665771
v 4436.958496 178.053345 3185.157959
v 4499.450684 134.537125 3122.665771
v 4436.958496 180.550171 3122.665771
v 4624.435547 138.163483 3122.665771
v 4749.419922 147.219452 3122.665771
v 4874.404785 142.542847 3122.665771
v 4999.389648 141.809647 3122.665771
v 5124.374512 137.053772 3122.665771
v 5249.359375 144.286667 3122.665771
v 5374.343750 139.986557 3122.665771
v 5499.328613 147.417603 3122.665771
v 5624.313477 136.280945 3122.665771
v 5749.297852 133.050919 3122.665771
v 5874.282715 173.436188 3122.665771
v 5999.267578 169.908905 3122.665771
v 6124.252441 153.164291 3122.665771
v 6249.236816 169.829651 3122.665771
v 6374.221680 123.142853 3122.665771
v 6499.206543 145.178391 3122.665771
v 6624.191406 137.469910 3122.665771
v 6749.175781 127.343872 3122.665771
v 6811.668457 143.910156 3185.157959
v 6874.160645 134.418228 3122.665771
v 6874.160645 153.679504 3185.157959
v 6936.653320 112.164719 3185.157959
v 6905.406738 146.327728 3153.911865
v 6999.145508 83.827660 3122.665771
v 6936.653320 75.286911 3122.665771
v 6905.406738 140.184723 3122.665771
v 7061.637695 163.409225 3185.157959
v 7124.130371 148.547134 3122.665771
v 7249.114746 152.272552 3122.665771
v 7374.099609 137.826599 3122.665771
v 7499.084473 128.017624 3122.665771
v 7624.069336 128.790451 3122.665771
v 7749.053711 124.549797 3122.665771
v 7874.038574 121.854805 3122.665771
v 7997.070313 120.309151 3122.665771
v 3999.511719 203.794479 2997.680908
v 4124.496582 153.560608 2997.680908
v 4249.481445 133.367981 2997.680908
v 4374.465820 159.545074 2997.680908
v 4436.958496 172.980408 3060.173096
v 4499.450684 141.433136 2997.680908
v 4624.435547 150.330582 2997.680908
v 4749.419922 132.079926 2997.680908
v 4874.404785 156.037628 2997.680908
v 4999.389648 162.022095 2997.680908
v 5124.374512 164.122604 2997.680908
v 5249.359375 145.713425 2997.680908
v 5374.343750 148.626389 2997.680908
v 5499.328613 153.481339 2997.680908
v 5624.313477 149.854996 2997.680908
v 5749.297852 129.900146 2997.680908
v 5874.282715 117.693420 2997.680908
v 5936.775391 156.770813 3060.173096
v 5999.267578 148.884003 2997.680908
v 5936.775391 168.898285 2997.680908
v 6124.252441 135.012711 2997.680908
v 6249.236816 106.794548 2997.680908
v 6374.221680 122.231316 2997.680908
v 6499.206543 153.283188 2997.680908
v 6624.191406 118.922020 2997.680908
v 6749.175781 117.455627 2997.680908
v 6811.668457 128.869720 3060.173096
v 6874.160645 58.542286 2997.680908
v 6874.160645 84.204170 3060.173096
v 6811.668457 66.052597 2997.680908
v 6936.653320 58.185596 3060.173096
v 6905.406738 73.126953 3091.419434
v 6999.145508 90.149010 2997.680908
v 7124.130371 121.696274 2997.680908
v 7249.114746 131.842133 2997.680908
v 7374.099609 152.748138 2997.680908
v 7499.084473 127.621300 2997.680908
v 7624.069336 123.321198 2997.680908
v 7749.053711 128.077072 2997.680908
v 7874.038574 124.668694 2997.680908
v 7997.070313 123.360832 2997.680908
v 3999.511719 165.787155 2935.188721
v 3999.511719 174.962021 2872.696045
v 4062.004150 141.413315 2935.188721
v 4124.496582 135.389221 2872.696045
v 4249.481445 133.744476 2872.696045
v 4374.465820 170.899719 2872.696045
v 4499.450684 130.157761 2872.696045
v 4624.435547 149.419037 2872.696045
v 4749.419922 156.017807 2872.696045
v 4874.404785 150.211685 2872.696045
v 4999.389648 156.354675 2872.696045
v 5124.374512 152.787781 2872.696045
v 5249.359375 153.184097 2872.696045
v 5374.343750 140.937729 2872.696045
v 5499.328613 153.659683 2872.696045
v 5624.313477 138.639069 2872.696045
v 5749.297852 139.570419 2872.696045
v 5874.282715 120.527122 2872.696045
v 5936.775391 158.831696 2935.188721
v 5999.267578 145.475632 2872.696045
v 6124.252441 154.452332 2872.696045
v 6249.236816 102.989853 2872.696045
v 6311.729492 125.540604 2935.188721
v 6374.221680 137.549179 2935.188721
v 6342.975586 151.162857 2903.942383
v 6374.221680 102.851143 2872.696045
v 6311.729492 141.670929 2872.696045
v 6436.714355 134.913635 2935.188721
v 6499.206543 180.352005 2935.188721
v 6467.960449 180.510544 2903.942383
v 6499.206543 152.629242 2872.696045
v 6436.714355 166.064575 2872.696045
v 6561.698730 169.928726 2935.188721
v 6624.191406 130.653168 2872.696045
v 6686.683594 115.374931 2935.188721
v 6749.175781 118.426620 2872.696045
v 6749.175781 116.662979 2935.188721
v 6811.668457 56.679569 2935.188721
v 6780.422363 122.924881 2966.434814
v 6874.160645 58.403572 2872.696045
v 6811.668457 53.687336 2872.696045
v 6999.145508 83.233177 2872.696045
v 7124.130371 97.302628 2872.696045
v 7249.114746 108.696899 2872.696045
v 7374.099609 165.390839 2872.696045
v 7499.084473 123.975128 2872.696045
v 7624.069336 124.787590 2872.696045
v 7749.053711 132.753677 2872.696045
v 7874.038574 142.998611 2872.696045
v 7997.070313 124.926308 2872.696045
v 3999.511719 173.099304 2810.203857
v 3999.511719 145.138748 2747.711426
v 4062.004150 151.995132 2810.203857
v 4124.496582 133.506683 2747.711426
v 4249.481445 137.251938 2747.711426
v 4374.465820 161.229446 2747.711426
v 4499.450684 140.501785 2747.711426
v 4624.435547 126.333252 2747.711426
v 4749.419922 132.297897 2747.711426
v 4874.404785 134.061539 2747.711426
v 4999.389648 131.842133 2747.711426
v 5124.374512 152.094208 2747.711426
v 5249.359375 140.541412 2747.711426
v 5374.343750 144.801880 2747.711426
v 5499.328613 140.759384 2747.711426
v 5624.313477 141.968170 2747.711426
v 5749.297852 141.710571 2747.711426
v 5874.282715 126.293617 2747.711426
v 5999.267578 143.949783 2747.711426
v 6124.252441 134.854187 2747.711426
v 6249.236816 131.029678 2747.711426
v 6311.729492 134.220062 2810.203857
v 6374.221680 115.335304 2810.203857
v 6342.975586 122.290764 2778.957764
v 6374.221680 138.916489 2747.711426
v 6311.729492 144.702805 2747.711426
v 6342.975586 101.305489 2747.711426
v 6436.714355 171.989609 2810.203857
v 6499.206543 149.161423 2747.711426
v 6561.698730 155.522400 2810.203857
v 6624.191406 158.415558 2810.203857
v 6592.945313 157.583282 2778.957764
v 6624.191406 88.306107 2747.711426
v 6561.698730 150.449478 2747.711426
v 6686.683594 126.293617 2810.203857
v 6749.175781 65.854439 2747.711426
v 6749.175781 125.520790 2810.203857
v 6811.668457 57.987434 2810.203857
v 6874.160645 77.962090 2747.711426
v 6999.145508 90.842567 2747.711426
v 7124.130371 74.831139 2747.711426
v 7249.114746 91.496506 2747.711426
v 7374.099609 141.829468 2747.711426
v 7499.084473 130.336105 2747.711426
v 7624.069336 131.406174 2747.711426
v 7749.053711 123.380646 2747.711426
v 7874.038574 137.648254 2747.711426
v 7997.070313 138.381454 2747.711426
v 3999.511719 147.179810 2622.726807
v 3999.511719 137.251938 2685.218994
v 4062.004150 141.809647 2685.218994
v 4124.496582 131.465622 2622.726807
v 4249.481445 139.927109 2622.726807
v 4374.465820 147.219452 2622.726807
v 4499.450684 161.090729 2622.726807
v 4624.435547 169.492767 2622.726807
v 4749.419922 153.956924 2622.726807
v 4874.404785 148.170624 2622.726807
v 4999.389648 145.832321 2622.726807
v 5124.374512 126.967369 2622.726807
v 5249.359375 134.140808 2622.726807
v 5374.343750 141.809647 2622.726807
v 5499.328613 124.549797 2622.726807
v 5624.313477 114.919167 2622.726807
v 5749.297852 143.989426 2622.726807
v 5874.282715 153.025574 2622.726807
v 5999.267578 143.077881 2622.726807
v 6124.252441 120.923447 2622.726807
v 6249.236816 124.827225 2622.726807
v 6311.729492 134.755096 2685.218994
v 6342.975586 120.408226 2716.465088
v 6374.221680 136.974503 2622.726807
v 6374.221680 136.637634 2685.218994
v 6436.714355 151.123230 2685.218994
v 6499.206543 144.266846 2622.726807
v 6499.206543 147.595947 2685.218994
v 6561.698730 105.308342 2685.218994
v 6530.452637 153.342636 2653.972900
v 6624.191406 138.282379 2622.726807
v 6561.698730 86.106514 2622.726807
v 6530.452637 148.903824 2622.726807
v 6749.175781 136.043152 2622.726807
v 6874.160645 134.358780 2622.726807
v 6999.145508 110.024582 2622.726807
v 7124.130371 111.213547 2622.726807
v 7249.114746 103.564522 2622.726807
v 7374.099609 161.942825 2622.726807
v 7499.084473 124.371452 2622.726807
v 7624.069336 127.958176 2622.726807
v 7749.053711 140.799026 2622.726807
v 7874.038574 158.613724 2622.726807
v 7997.070313 154.392883 2622.726807
v 3999.511719 122.171867 2497.741943
v 4124.496582 152.530167 2497.741943
v 4249.481445 151.955505 2497.741943
v 4374.465820 147.496872 2497.741943
v 4499.450684 153.481339 2497.741943
v 4624.435547 170.384491 2497.741943
v 4749.419922 172.366104 2497.741943
v 4874.404785 144.841507 2497.741943
v 4999.389648 132.337540 2497.741943
v 5124.374512 136.181870 2497.741943
v 5249.359375 126.531410 2497.741943
v 5374.343750 143.335480 2497.741943
v 5499.328613 134.755096 2497.741943
v 5624.313477 124.133659 2497.741943
v 5749.297852 123.955315 2497.741943
v 5874.282715 156.711365 2497.741943
v 5999.267578 167.630051 2497.741943
v 6124.252441 149.379410 2497.741943
v 6249.236816 109.628258 2497.741943
v 6311.729492 125.520790 2560.234131
v 6374.221680 131.326920 2560.234131
v 6342.975586 117.495262 2528.988037
v 6374.221680 126.115273 2497.741943
v 6311.729492 121.062164 2497.741943
v 6342.975586 131.762863 2497.741943
v 6436.714355 151.123230 2560.234131
v 6499.206543 150.449478 2497.741943
v 6499.206543 149.498306 2560.234131
v 6436.714355 153.838028 2497.741943
v 6561.698730 92.408043 2560.234131
v 6530.452637 135.785538 2591.480469
v 6530.452637 88.583534 2528.988037
v 6624.191406 132.614960 2497.741943
v 6561.698730 91.238892 2497.741943
v 6530.452637 82.935936 2497.741943
v 6749.175781 114.106705 2497.741943
v 6874.160645 106.200066 2497.741943
v 6999.145508 105.248894 2497.741943
v 7124.130371 125.481155 2497.741943
v 7249.114746 129.028244 2497.741943
v 7374.099609 124.411087 2497.741943
v 7499.084473 119.476875 2497.741943
v 7624.069336 145.297287 2497.741943
v 7749.053711 140.699936 2497.741943
v 7874.038574 151.162857 2497.741943
v 7997.070313 133.903015 2497.741943
v 3999.511719 156.354675 2372.757080
v 4124.496582 171.494202 2372.757080
v 4249.481445 174.783676 2372.757080
v 4374.465820 166.381638 2372.757080
v 4499.450684 151.103409 2372.757080
v 4624.435547 148.983078 2372.757080
v 4749.419922 169.096451 2372.757080
v 4874.404785 150.608002 2372.757080
v 4999.389648 170.800629 2372.757080
v 5124.374512 143.573273 2372.757080
v 5249.359375 133.011292 2372.757080
v 5374.343750 139.907303 2372.757080
v 5499.328613 141.116074 2372.757080
v 5624.313477 136.479111 2372.757080
v 5749.297852 150.687271 2372.757080
v 5874.282715 147.298706 2372.757080
v 5999.267578 162.002274 2372.757080
v 6124.252441 126.432335 2372.757080
v 6249.236816 120.289330 2372.757080
v 6311.729492 128.889526 2435.249756
v 6342.975586 144.346115 2466.495850
v 6358.598633 103.168198 2482.118896
v 6342.975586 140.620682 2404.003418
v 6374.221680 115.216408 2435.249756
v 6342.975586 140.244171 2435.249756
v 6374.221680 167.689499 2372.757080
v 6358.598633 108.716713 2450.872803
v 6374.221680 133.645401 2466.495850
v 6358.598633 104.139191 2466.495850
v 6311.729492 154.630676 2372.757080
v 6405.467773 165.906052 2466.495850
v 6405.467773 177.617386 2435.249756
v 6436.714355 157.305847 2435.249756
v 6405.467773 177.617386 2404.003418
v 6499.206543 153.045395 2372.757080
v 6499.206543 149.696457 2435.249756
v 6436.714355 150.370209 2372.757080
v 6530.452637 84.976997 2466.495850
v 6530.452637 83.530418 2435.249756
v 6561.698730 94.706718 2435.249756
v 6530.452637 88.979858 2404.003418
v 6624.191406 114.958794 2372.757080
v 6561.698730 87.156769 2372.757080
v 6749.175781 117.832130 2372.757080
v 6874.160645 96.509979 2372.757080
v 6999.145508 104.178825 2372.757080
v 7124.130371 127.145714 2372.757080
v 7249.114746 150.528732 2372.757080
v 7374.099609 153.778580 2372.757080
v 7499.084473 135.864807 2372.757080
v 7624.069336 154.036194 2372.757080
v 7749.053711 154.155090 2372.757080
v 7874.038574 155.978180 2372.757080
v 7997.070313 153.481339 2372.757080
v 3999.511719 179.321564 2247.772461
v 4124.496582 157.662552 2247.772461
v 4249.481445 137.033966 2247.772461
v 4374.465820 156.433945 2247.772461
v 4499.450684 178.132599 2247.772461
v 4561.942871 115.969414 2310.264893
v 4624.435547 154.095642 2247.772461
v 4749.419922 175.160187 2247.772461
v 4874.404785 155.066635 2247.772461
v 4999.389648 151.440277 2247.772461
v 5124.374512 161.130371 2247.772461
v 5249.359375 171.196960 2247.772461
v 5374.343750 163.349777 2247.772461
v 5499.328613 160.674591 2247.772461
v 5624.313477 155.898911 2247.772461
v 5749.297852 146.605148 2247.772461
v 5874.282715 145.198196 2247.772461
v 5999.267578 139.332626 2247.772461
v 6061.759766 120.328964 2310.264893
v 6124.252441 151.182678 2247.772461
v 6124.252441 105.288528 2310.264893
v 6186.744629 123.182487 2310.264893
v 6249.236816 162.695847 2247.772461
v 6186.744629 136.796158 2247.772461
v 6311.729492 156.156525 2310.264893
v 6374.221680 165.886230 2247.772461
v 6436.714355 161.863556 2310.264893
v 6499.206543 103.881584 2247.772461
v 6499.206543 89.039307 2310.264893
v 6436.714355 172.405746 2247.772461
v 6561.698730 93.260139 2310.264893
v 6530.452637 87.335114 2341.510986
v 6624.191406 128.810272 2247.772461
v 6749.175781 137.331207 2247.772461
v 6874.160645 139.471344 2247.772461
v 6999.145508 117.138565 2247.772461
v 7124.130371 115.791069 2247.772461
v 7249.114746 158.752426 2247.772461
v 7374.099609 151.440277 2247.772461
v 7499.084473 167.253555 2247.772461
v 7624.069336 126.729576 2247.772461
v 7749.053711 150.489105 2247.772461
v 7874.038574 139.946930 2247.772461
v 7997.070313 138.460724 2247.772461
v 3999.511719 155.760193 2122.787842
v 4124.496582 181.461716 2122.787842
v 4249.481445 168.323624 2122.787842
v 4374.465820 143.929977 2122.787842
v 4499.450684 108.221313 2122.787842
v 4561.942871 176.606766 2185.280029
v 4624.435547 156.632111 2122.787842
v 4749.419922 136.043152 2122.787842
v 4874.404785 169.433319 2122.787842
v 4999.389648 151.836609 2122.787842
v 5124.374512 164.598190 2122.787842
v 5249.359375 157.761627 2122.787842
v 5374.343750 171.553650 2122.787842
v 5499.328613 171.256409 2122.787842
v 5624.313477 132.079926 2122.787842
v 5749.297852 138.678696 2122.787842
v 5811.790527 126.650307 2185.280029
v 5874.282715 141.036819 2185.280029
v 5843.036621 137.331207 2154.033936
v 5874.282715 161.189819 2154.033936
v 5858.659668 166.995941 2138.410889
v 5874.282715 128.057251 2122.787842
v 5811.790527 157.048248 2122.787842
v 5843.036621 150.112595 2122.787842
v 5936.775391 133.011292 2185.280029
v 5905.529297 166.619431 2154.033936
v 5999.267578 135.527939 2185.280029
v 5968.021484 156.215973 2154.033936
v 5999.267578 129.741623 2122.787842
v 5999.267578 167.372452 2154.033936
v 5936.775391 154.868469 2154.033936
v 5921.152344 130.930588 2138.410889
v 5936.775391 164.816162 2122.787842
v 5905.529297 147.298706 2122.787842
v 5968.021484 141.274612 2122.787842
v 5952.398438 125.342445 2138.410889
v 6061.759766 165.925873 2185.280029
v 6030.513672 162.458054 2154.033936
v 6124.252441 125.045204 2185.280029
v 6093.006348 123.638260 2154.033936
v 6124.252441 161.447418 2122.787842
v 6061.759766 123.757156 2122.787842
v 6186.744629 187.109314 2185.280029
v 6155.498535 127.403320 2216.526123
v 6249.236816 167.412079 2122.787842
v 6374.221680 178.905426 2122.787842
v 6436.714355 151.856415 2185.280029
v 6499.206543 116.821510 2122.787842
v 6436.714355 108.934692 2122.787842
v 6624.191406 147.615768 2122.787842
v 6749.175781 153.758774 2122.787842
v 6874.160645 135.686462 2122.787842
v 6999.145508 141.829468 2122.787842
v 7124.130371 133.268890 2122.787842
v 7249.114746 166.064575 2122.787842
v 7374.099609 168.521774 2122.787842
v 7499.084473 152.946304 2122.787842
v 7624.069336 147.397797 2122.787842
v 7749.053711 160.397171 2122.787842
v 7874.038574 156.275421 2122.787842
v 7997.070313 149.518112 2122.787842
v 3999.511719 137.014145 1997.802856
v 4124.496582 141.314240 1997.802856
v 4249.481445 150.508926 1997.802856
v 4374.465820 142.958984 1997.802856
v 4499.450684 118.684227 1997.802856
v 4624.435547 153.897476 1997.802856
v 4749.419922 165.569183 1997.802856
v 4874.404785 95.955132 1997.802856
v 4999.389648 77.962090 1997.802856
v 5124.374512 107.190872 1997.802856
v 5186.866699 168.601044 2060.295166
v 5249.359375 157.226593 1997.802856
v 5374.343750 122.944695 1997.802856
v 5499.328613 126.927734 1997.802856
v 5624.313477 139.847855 1997.802856
v 5686.805664 142.225784 2060.295166
v 5749.297852 166.738327 2060.295166
v 5718.051758 166.024948 2029.049194
v 5749.297852 168.700119 1997.802856
v 5749.297852 133.803925 2029.049194
v 5686.805664 155.205353 1997.802856
v 5811.790527 162.913818 2060.295166
v 5780.544434 165.430466 2091.541504
v 5780.544434 161.070923 2029.049194
v 5843.036621 153.580429 2091.541504
v 5811.790527 126.273804 2091.541504
v 5874.282715 178.033524 1997.802856
v 5874.282715 180.827591 2060.295166
v 5811.790527 194.480911 1997.802856
v 5936.775391 189.388168 2060.295166
v 5905.529297 165.529541 2091.541504
v 5968.021484 162.854370 2091.541504
v 5999.267578 177.993896 1997.802856
v 5999.267578 171.930161 2060.295166
v 6061.759766 188.337906 2060.295166
v 6124.252441 176.904007 1997.802856
v 6061.759766 177.300323 1997.802856
v 6186.744629 176.507675 2060.295166
v 6249.236816 176.150986 1997.802856
v 6186.744629 181.223923 1997.802856
v 6311.729492 177.458847 2060.295166
v 6374.221680 111.332443 2060.295166
v 6342.975586 114.780449 2029.049194
v 6374.221680 118.822937 1997.802856
v 6311.729492 116.464821 1997.802856
v 6436.714355 118.208641 2060.295166
v 6405.467773 113.967987 2091.541504
v 6499.206543 131.445816 1997.802856
v 6624.191406 154.452332 1997.802856
v 6749.175781 150.330582 1997.802856
v 6874.160645 100.215599 1997.802856
v 6936.653320 155.225159 2060.295166
v 6999.145508 136.320572 1997.802856
v 7124.130371 156.949158 1997.802856
v 7249.114746 135.290146 1997.802856
v 7374.099609 166.837418 1997.802856
v 7499.084473 149.280319 1997.802856
v 7624.069336 130.990036 1997.802856
v 7749.053711 147.041107 1997.802856
v 7811.546387 154.789200 2060.295166
v 7874.038574 148.388596 1997.802856
v 7874.038574 112.006195 2060.295166
v 7811.546387 149.498306 1997.802856
v 7935.554688 108.805885 2060.295166
v 7997.070313 137.212311 1997.802856
v 3999.511719 146.288086 1872.818115
v 4124.496582 156.533020 1872.818115
v 4249.481445 140.898102 1872.818115
v 4374.465820 135.369400 1872.818115
v 4499.450684 137.172668 1872.818115
v 4624.435547 173.713608 1872.818115
v 4749.419922 117.237648 1872.818115
v 4874.404785 86.403755 1872.818115
v 4999.389648 74.474449 1872.818115
v 5124.374512 122.429474 1872.818115
v 5249.359375 117.752869 1872.818115
v 5374.343750 144.663162 1872.818115
v 5499.328613 143.414749 1872.818115
v 5624.313477 169.235168 1872.818115
v 5686.805664 191.567932 1935.310791
v 5749.297852 196.997559 1872.818115
v 5811.790527 175.457428 1935.310791
v 5874.282715 182.353439 1872.818115
v 5936.775391 174.882751 1935.310791
v 5999.267578 180.728516 1872.818115
v 5999.267578 176.111359 1935.310791
v 6061.759766 154.095642 1935.310791
v 6030.513672 134.101166 1904.064209
v 6093.006348 183.007370 1966.556763
v 6124.252441 123.360832 1872.818115
v 6124.252441 116.980042 1935.310791
v 6124.252441 182.472336 1966.556763
v 6061.759766 119.655220 1872.818115
v 6186.744629 118.188820 1935.310791
v 6155.498535 177.795731 1966.556763
v 6249.236816 122.706902 1872.818115
v 6311.729492 124.490349 1935.310791
v 6374.221680 161.962646 1872.818115
v 6499.206543 150.350388 1872.818115
v 6624.191406 132.515884 1872.818115
v 6749.175781 138.203110 1872.818115
v 6874.160645 113.472588 1872.818115
v 6999.145508 102.791695 1872.818115
v 7124.130371 115.315483 1872.818115
v 7249.114746 147.932831 1872.818115
v 7374.099609 165.707886 1872.818115
v 7499.084473 149.617203 1872.818115
v 7624.069336 134.378601 1872.818115
v 7749.053711 152.133850 1872.818115
v 7811.546387 154.432510 1935.310791
v 7842.792480 115.394753 1966.556763
v 7874.038574 145.673782 1872.818115
v 7874.038574 128.354492 1935.310791
v 7935.554688 133.258987 1935.310791
v 7997.070313 141.175522 1872.818115
v 3999.511719 157.127502 1810.325928
v 3999.511719 137.846420 1747.833740
v 3999.511719 185.127701 1779.079834
v 4062.004150 154.155090 1810.325928
v 4030.757813 166.203293 1779.079834
v 4015.134766 185.127701 1763.456787
v 4124.496582 159.941406 1747.833740
v 4062.004150 187.604706 1747.833740
v 4030.757813 177.914627 1747.833740
v 4249.481445 132.575333 1747.833740
v 4374.465820 126.313438 1747.833740
v 4499.450684 146.327728 1747.833740
v 4624.435547 169.453140 1747.833740
v 4749.419922 118.129372 1747.833740
v 4874.404785 127.859093 1747.833740
v 4999.389648 119.615585 1747.833740
v 5061.881836 74.157394 1810.325928
v 5124.374512 108.756348 1747.833740
v 5186.866699 99.086082 1810.325928
v 5249.359375 110.084030 1747.833740
v 5186.866699 144.504639 1747.833740
v 5374.343750 122.449287 1747.833740
v 5499.328613 169.314423 1747.833740
v 5624.313477 189.071106 1747.833740
v 5749.297852 177.597565 1747.833740
v 5874.282715 177.478668 1747.833740
v 5936.775391 179.262115 1810.325928
v 5999.267578 111.471153 1747.833740
v 5936.775391 181.838211 1747.833740
v 6061.759766 121.716095 1810.325928
v 6124.252441 150.112595 1747.833740
v 6249.236816 159.564896 1747.833740
v 6374.221680 153.263367 1747.833740
v 6499.206543 143.573273 1747.833740
v 6624.191406 159.247833 1747.833740
v 6749.175781 144.841507 1747.833740
v 6811.668457 122.488922 1810.325928
v 6874.160645 115.038063 1747.833740
v 6874.160645 81.093040 1810.325928
v 6936.653320 93.834808 1810.325928
v 6999.145508 114.998428 1747.833740
v 7124.130371 108.082596 1747.833740
v 7249.114746 128.552658 1747.833740
v 7374.099609 160.119751 1747.833740
v 7499.084473 127.502403 1747.833740
v 7624.069336 139.372269 1747.833740
v 7749.053711 161.705032 1747.833740
v 7874.038574 154.432510 1747.833740
v 7997.070313 148.150803 1747.833740
v 3999.511719 170.325043 1622.848877
v 3999.511719 179.995316 1685.341064
v 4030.757813 146.644775 1716.587158
v 4030.757813 141.948364 1685.341064
v 4062.004150 178.152420 1685.341064
v 4030.757813 139.828033 1654.094971
v 4124.496582 158.078690 1622.848877
v 4062.004150 175.140366 1622.848877
v 4249.481445 159.842316 1622.848877
v 4374.465820 171.216782 1622.848877
v 4499.450684 116.167580 1622.848877
v 4624.435547 128.057251 1622.848877
v 4749.419922 111.292809 1622.848877
v 4874.404785 119.853378 1622.848877
v 4999.389648 92.586388 1622.848877
v 5124.374512 99.740013 1622.848877
v 5186.866699 111.213547 1685.341064
v 5249.359375 133.764297 1622.848877
v 5374.343750 132.278091 1622.848877
v 5436.836426 159.525253 1685.341064
v 5499.328613 169.116272 1622.848877
v 5436.836426 146.525879 1622.848877
v 5624.313477 178.291138 1622.848877
v 5749.297852 178.370392 1622.848877
v 5811.790527 178.905426 1685.341064
v 5874.282715 143.910156 1622.848877
v 5874.282715 181.243729 1685.341064
v 5811.790527 181.798584 1622.848877
v 5936.775391 119.139999 1685.341064
v 5905.529297 181.620239 1716.587158
v 5999.267578 118.109558 1622.848877
v 6124.252441 168.719940 1622.848877
v 6249.236816 152.748138 1622.848877
v 6374.221680 145.812500 1622.848877
v 6499.206543 149.101974 1622.848877
v 6624.191406 148.269699 1622.848877
v 6749.175781 142.661743 1622.848877
v 6874.160645 132.912201 1622.848877
v 6999.145508 138.698517 1622.848877
v 7124.130371 141.928543 1622.848877
v 7249.114746 157.087875 1622.848877
v 7374.099609 166.540176 1622.848877
v 7499.084473 147.496872 1622.848877
v 7624.069336 143.751617 1622.848877
v 7749.053711 165.846603 1622.848877
v 7874.038574 161.427612 1622.848877
v 7935.554688 160.030579 1685.341064
v 7997.070313 113.571663 1622.848877
v 7935.554688 148.715576 1622.848877
v 3999.511719 189.586319 1497.864014
v 4062.004150 160.456619 1560.356201
v 4124.496582 140.699936 1497.864014
v 4249.481445 167.966934 1497.864014
v 4374.465820 112.006195 1497.864014
v 4499.450684 111.173912 1497.864014
v 4624.435547 103.960846 1497.864014
v 4749.419922 111.649506 1497.864014
v 4874.404785 109.231934 1497.864014
v 4999.389648 115.949600 1497.864014
v 5124.374512 132.436615 1497.864014
v 5249.359375 126.709755 1497.864014
v 5311.851563 142.324860 1560.356201
v 5374.343750 171.553650 1497.864014
v 5374.343750 139.550613 1560.356201
v 5311.851563 140.204544 1497.864014
v 5436.836426 142.364502 1560.356201
v 5405.589844 170.840271 1591.602783
v 5405.589844 146.624969 1529.110107
v 5468.082520 139.392075 1591.602783
v 5468.082520 156.176331 1529.110107
v 5499.328613 161.011475 1560.356201
v 5468.082520 152.688690 1560.356201
v 5452.459473 131.861954 1544.733154
v 5499.328613 190.814926 1497.864014
v 5436.836426 129.801071 1497.864014
v 5436.836426 147.259079 1529.110107
v 5468.082520 157.722000 1497.864014
v 5452.459473 116.643166 1513.487061
v 5452.459473 118.089745 1529.110107
v 5561.820801 178.746902 1560.356201
v 5624.313477 179.975494 1497.864014
v 5686.805664 177.221054 1560.356201
v 5749.297852 183.364059 1560.356201
v 5718.051758 183.126266 1529.110107
v 5749.297852 116.583717 1497.864014
v 5686.805664 179.896240 1497.864014
v 5811.790527 121.755730 1560.356201
v 5780.544434 183.522583 1591.602783
v 5874.282715 118.446434 1497.864014
v 5999.267578 125.619873 1497.864014
v 6124.252441 156.651917 1497.864014
v 6249.236816 154.452332 1497.864014
v 6374.221680 159.921585 1497.864014
v 6499.206543 133.843567 1497.864014
v 6624.191406 137.152863 1497.864014
v 6749.175781 135.666641 1497.864014
v 6874.160645 138.738144 1497.864014
v 6999.145508 134.973083 1497.864014
v 7124.130371 151.618622 1497.864014
v 7249.114746 136.756531 1497.864014
v 7374.099609 162.735474 1497.864014
v 7499.084473 163.983887 1497.864014
v 7624.069336 158.058868 1497.864014
v 7749.053711 167.907486 1497.864014
v 7874.038574 153.679504 1497.864014
v 7935.554688 122.261032 1560.356201
v 7966.312500 119.318344 1591.602783
v 7997.070313 183.225342 1497.864014
v 7997.070313 179.856598 1560.356201
v 7997.070313 180.530350 1591.602783
v 7935.554688 119.684937 1497.864014
v 3999.511719 158.197586 1435.371826
v 3999.511719 185.583466 1372.879150
v 4062.004150 163.349777 1435.371826
v 4124.496582 151.876236 1372.879150
v 4249.481445 178.647827 1372.879150
v 4374.465820 140.164902 1372.879150
v 4499.450684 123.004143 1372.879150
v 4624.435547 112.303436 1372.879150
v 4749.419922 134.239883 1372.879150
v 4874.404785 146.129562 1372.879150
v 4999.389648 149.082169 1372.879150
v 5124.374512 119.219261 1372.879150
v 5186.866699 130.157761 1435.371826
v 5249.359375 136.102600 1372.879150
v 5186.866699 128.691376 1372.879150
v 5311.851563 109.608444 1435.371826
v 5343.097656 170.285416 1466.617920
v 5343.097656 146.684418 1404.125244
v 5374.343750 128.394135 1435.371826
v 5343.097656 162.081543 1435.371826
v 5374.343750 101.325302 1372.879150
v 5311.851563 132.694229 1372.879150
v 5436.836426 149.201065 1435.371826
v 5468.082520 164.756714 1466.617920
v 5499.328613 174.902573 1372.879150
v 5499.328613 197.810013 1435.371826
v 5561.820801 180.510544 1435.371826
v 5624.313477 176.032089 1372.879150
v 5686.805664 157.722000 1435.371826
v 5749.297852 118.109558 1372.879150
v 5686.805664 183.720749 1372.879150
v 5874.282715 119.199448 1372.879150
v 5999.267578 133.922821 1372.879150
v 6124.252441 155.700745 1372.879150
v 6249.236816 152.213104 1372.879150
v 6374.221680 157.404938 1372.879150
v 6499.206543 129.464203 1372.879150
v 6624.191406 157.345490 1372.879150
v 6749.175781 151.242126 1372.879150
v 6874.160645 150.013519 1372.879150
v 6999.145508 162.933640 1372.879150
v 7124.130371 158.970413 1372.879150
v 7249.114746 170.939346 1372.879150
v 7374.099609 161.982452 1372.879150
v 7499.084473 176.943634 1372.879150
v 7624.069336 164.162231 1372.879150
v 7749.053711 162.418411 1372.879150
v 7874.038574 156.810455 1372.879150
v 7935.554688 124.520073 1435.371826
v 7997.070313 131.029678 1372.879150
v 3999.511719 180.193481 1310.386963
v 3999.511719 180.550171 1247.894775
v 4062.004150 160.595337 1310.386963
v 4124.496582 152.391449 1247.894775
v 4249.481445 150.568375 1247.894775
v 4374.465820 159.049667 1247.894775
v 4499.450684 182.016556 1247.894775
v 4624.435547 166.024948 1247.894775
v 4749.419922 154.412704 1247.894775
v 4874.404785 150.013519 1247.894775
v 4999.389648 169.235168 1247.894775
v 5124.374512 119.972275 1247.894775
v 5186.866699 125.481155 1310.386963
v 5218.112793 118.941833 1341.633057
v 5218.112793 148.903824 1279.140869
v 5249.359375 97.282814 1310.386963
v 5218.112793 149.062347 1310.386963
v 5249.359375 160.496246 1247.894775
v 5186.866699 122.211494 1247.894775
v 5311.851563 143.018433 1310.386963
v 5280.605469 84.877914 1341.633057
v 5343.097656 105.843376 1341.633057
v 5311.851563 101.146957 1341.633057
v 5374.343750 151.063782 1247.894775
v 5374.343750 165.846603 1310.386963
v 5436.836426 176.368973 1310.386963
v 5499.328613 166.520355 1247.894775
v 5624.313477 181.362625 1247.894775
v 5686.805664 176.626572 1310.386963
v 5749.297852 111.154099 1247.894775
v 5874.282715 125.124466 1247.894775
v 5999.267578 121.141426 1247.894775
v 6124.252441 165.371017 1247.894775
v 6249.236816 157.959793 1247.894775
v 6374.221680 153.164291 1247.894775
v 6499.206543 141.571854 1247.894775
v 6624.191406 160.238647 1247.894775
v 6749.175781 151.380829 1247.894775
v 6874.160645 162.358963 1247.894775
v 6999.145508 163.884811 1247.894775
v 7124.130371 158.811874 1247.894775
v 7249.114746 168.819031 1247.894775
v 7374.099609 168.204727 1247.894775
v 7499.084473 169.651306 1247.894775
v 7624.069336 164.360397 1247.894775
v 7749.053711 146.367355 1247.894775
v 7874.038574 149.835175 1247.894775
v 7997.070313 105.427238 1247.894775
v 3999.511719 161.031281 1122.909912
v 4124.496582 157.939972 1122.909912
v 4249.481445 143.058060 1122.909912
v 4374.465820 135.032532 1122.909912
v 4499.450684 134.418228 1122.909912
v 4624.435547 179.262115 1122.909912
v 4749.419922 164.003708 1122.909912
v 4874.404785 173.574890 1122.909912
v 4999.389648 148.705658 1122.909912
v 5124.374512 139.550613 1122.909912
v 5186.866699 144.247025 1185.402100
v 5249.359375 159.307281 1122.909912
v 5186.866699 129.602905 1122.909912
v 5374.343750 154.214539 1122.909912
v 5499.328613 178.192047 1122.909912
v 5561.820801 178.925247 1185.402100
v 5624.313477 180.114212 1122.909912
v 5624.313477 183.403687 1185.402100
v 5686.805664 108.637451 1185.402100
v 5655.559570 165.430466 1154.156006
v 5749.297852 140.343246 1185.402100
v 5718.051758 132.119553 1154.156006
v 5749.297852 184.037811 1122.909912
v 5686.805664 111.590057 1154.156006
v 5671.182617 111.768402 1138.532959
v 5686.805664 127.997803 1122.909912
v 5655.559570 129.900146 1122.909912
v 5811.790527 118.783310 1185.402100
v 5874.282715 115.672173 1122.909912
v 5999.267578 119.714668 1122.909912
v 6124.252441 124.510170 1122.909912
v 6249.236816 112.164719 1122.909912
v 6374.221680 136.915054 1122.909912
v 6499.206543 160.377350 1122.909912
v 6624.191406 151.420471 1122.909912
v 6749.175781 151.638443 1122.909912
v 6874.160645 149.934250 1122.909912
v 6999.145508 127.700562 1122.909912
v 7124.130371 134.418228 1122.909912
v 7249.114746 130.752243 1122.909912
v 7374.099609 159.128937 1122.909912
v 7499.084473 171.969788 1122.909912
v 7624.069336 125.401894 1122.909912
v 7749.053711 116.187393 1122.909912
v 7811.546387 143.474197 1185.402100
v 7874.038574 114.859711 1122.909912
v 7811.546387 112.026009 1122.909912
v 7935.554688 112.055733 1185.402100
v 7997.070313 157.206772 1185.402100
v 7966.312500 178.271317 1154.156006
v 7997.070313 164.558563 1122.909912
v 7935.554688 177.419220 1122.909912
v 3999.511719 190.398788 1060.417236
v 3999.511719 169.472961 997.925049
v 4062.004150 158.851517 1060.417236
v 4124.496582 174.090118 997.925049
v 4062.004150 181.164474 997.925049
v 4249.481445 180.926682 997.925049
v 4374.465820 120.428047 997.925049
v 4499.450684 130.415375 997.925049
v 4624.435547 143.315674 997.925049
v 4749.419922 140.343246 997.925049
v 4874.404785 145.000046 997.925049
v 4936.897461 135.527939 1060.417236
v 4999.389648 172.702988 997.925049
v 4999.389648 138.639069 1060.417236
v 4936.897461 175.239441 997.925049
v 5061.881836 141.968170 1060.417236
v 5030.635742 129.563278 1029.171143
v 5124.374512 171.573471 997.925049
v 5124.374512 163.587570 1060.417236
v 5061.881836 155.482773 997.925049
v 5030.635742 172.009415 997.925049
v 5155.620605 158.157944 1091.663818
v 5155.620605 128.592285 1060.417236
v 5186.866699 164.657639 1060.417236
v 5171.243652 126.749390 1076.040283
v 5155.620605 170.443939 1029.171143
v 5218.112793 158.851517 1091.663818
v 5186.866699 147.160004 1091.663818
v 5249.359375 198.701736 997.925049
v 5249.359375 172.861511 1060.417236
v 5186.866699 198.880081 997.925049
v 5311.851563 172.485001 1060.417236
v 5374.343750 180.233109 997.925049
v 5499.328613 178.984695 997.925049
v 5561.820801 181.580612 1060.417236
v 5624.313477 185.761810 997.925049
v 5624.313477 133.645401 1060.417236
v 5686.805664 118.327538 1060.417236
v 5655.559570 124.430901 1091.663818
v 5749.297852 122.627632 997.925049
v 5686.805664 118.684227 997.925049
v 5874.282715 115.335304 997.925049
v 5999.267578 112.402512 997.925049
v 6124.252441 99.680565 997.925049
v 6249.236816 103.703239 997.925049
v 6311.729492 102.970039 1060.417236
v 6374.221680 104.159004 997.925049
v 6311.729492 97.817848 997.925049
v 6499.206543 159.505447 997.925049
v 6624.191406 157.622910 997.925049
v 6749.175781 159.545074 997.925049
v 6874.160645 148.884003 997.925049
v 6999.145508 118.803123 997.925049
v 7124.130371 124.193108 997.925049
v 7249.114746 129.008423 997.925049
v 7374.099609 156.711365 997.925049
v 7499.084473 126.828651 997.925049
v 7624.069336 103.207832 997.925049
v 7686.561523 117.316917 1060.417236
v 7749.053711 84.303253 997.925049
v 7749.053711 112.382698 1060.417236
v 7811.546387 98.095276 1060.417236
v 7780.300293 93.042160 1029.171143
v 7842.792480 106.041542 1091.663818
v 7842.792480 152.966125 1029.171143
v 7874.038574 163.468674 1060.417236
v 7842.792480 103.088936 1060.417236
v 7827.169434 87.255852 1044.794189
v 7874.038574 132.357346 997.925049
v 7811.546387 75.049118 997.925049
v 7811.546387 87.473831 1029.171143
v 7842.792480 144.564087 997.925049
v 7935.554688 153.005753 1060.417236
v 7997.070313 131.208023 997.925049
v 3999.511719 215.723785 872.940186
v 3999.511719 189.308899 935.432861
v 4030.757813 160.496246 966.678955
v 4030.757813 150.013519 935.432861
v 4062.004150 178.251495 935.432861
v 4030.757813 192.043518 904.186279
v 4093.250244 160.020660 966.678955
v 4062.004150 144.425369 966.678955
v 4124.496582 188.793671 872.940186
v 4124.496582 170.622284 935.432861
v 4062.004150 198.919724 872.940186
v 4186.988770 166.124023 935.432861
v 4249.481445 186.019424 872.940186
v 4374.465820 146.149384 872.940186
v 4499.450684 130.534271 872.940186
v 4624.435547 136.875427 872.940186
v 4749.419922 169.294617 872.940186
v 4811.912598 172.960587 935.432861
v 4874.404785 173.852325 872.940186
v 4874.404785 136.578186 935.432861
v 4936.897461 157.305847 935.432861
v 4905.651367 158.078690 966.678955
v 4905.651367 131.108932 904.186279
v 4968.143555 141.532211 966.678955
v 4936.897461 132.238449 966.678955
v 4999.389648 187.901947 872.940186
v 4999.389648 191.785919 935.432861
v 4999.389648 171.712173 966.678955
v 4936.897461 180.530350 872.940186
v 5061.881836 204.408783 935.432861
v 5030.635742 173.495636 966.678955
v 5015.012695 140.065826 982.302002
v 5124.374512 180.173660 872.940186
v 5186.866699 184.592651 935.432861
v 5249.359375 183.205536 872.940186
v 5374.343750 184.037811 872.940186
v 5499.328613 181.322998 872.940186
v 5624.313477 148.824554 872.940186
v 5686.805664 120.824371 935.432861
v 5749.297852 142.324860 872.940186
v 5874.282715 118.604965 872.940186
v 5936.775391 163.191238 935.432861
v 5999.267578 181.897659 872.940186
v 5999.267578 181.105026 935.432861
v 6061.759766 170.622284 935.432861
v 6124.252441 170.027802 872.940186
v 6249.236816 162.794922 872.940186
v 6311.729492 164.895432 935.432861
v 6342.975586 99.026634 966.678955
v 6374.221680 173.634338 872.940186
v 6374.221680 98.075455 935.432861
v 6436.714355 116.722427 935.432861
v 6405.467773 111.253181 904.186279
v 6499.206543 143.929977 872.940186
v 6436.714355 118.902206 872.940186
v 6624.191406 149.022720 872.940186
v 6749.175781 151.301575 872.940186
v 6874.160645 139.808212 872.940186
v 6999.145508 127.641113 872.940186
v 7124.130371 114.958794 872.940186
v 7249.114746 124.866859 872.940186
v 7374.099609 130.672989 872.940186
v 7499.084473 137.687897 872.940186
v 7624.069336 72.373940 872.940186
v 7749.053711 60.603165 872.940186
v 7811.546387 64.051170 935.432861
v 7842.792480 132.535706 966.678955
v 7874.038574 53.687336 872.940186
v 7874.038574 127.046631 935.432861
v 7811.546387 118.208641 872.940186
v 7935.554688 117.346642 935.432861
v 7904.796875 120.551895 904.186279
v 7997.070313 106.418045 872.940186
v 7935.554688 117.376358 872.940186
v 3999.511719 195.669876 747.955811
v 4062.004150 220.182419 810.447998
v 4124.496582 143.830887 747.955811
v 4062.004150 214.534821 747.955811
v 4186.988770 163.389404 810.447998
v 4249.481445 155.760193 747.955811
v 4186.988770 152.054581 747.955811
v 4374.465820 132.218643 747.955811
v 4499.450684 128.493210 747.955811
v 4624.435547 147.179810 747.955811
v 4686.927734 172.128311 810.447998
v 4749.419922 138.678696 810.447998
v 4718.173828 143.632721 779.201904
v 4749.419922 175.754669 747.955811
v 4686.927734 175.972641 747.955811
v 4718.173828 136.062973 747.955811
v 4811.912598 174.862946 810.447998
v 4874.404785 182.551605 747.955811
v 4936.897461 199.236771 810.447998
v 4999.389648 187.446182 747.955811
v 5124.374512 184.057617 747.955811
v 5249.359375 187.505630 747.955811
v 5374.343750 183.542404 747.955811
v 5499.328613 181.382446 747.955811
v 5561.820801 166.163666 810.447998
v 5624.313477 103.524887 810.447998
v 5593.067383 177.518295 779.201904
v 5624.313477 121.141426 747.955811
v 5561.820801 178.350586 747.955811
v 5686.805664 129.087692 810.447998
v 5749.297852 129.206589 747.955811
v 5874.282715 182.690308 747.955811
v 5999.267578 183.225342 747.955811
v 6124.252441 172.267029 747.955811
v 6249.236816 180.708694 747.955811
v 6374.221680 179.698074 747.955811
v 6436.714355 117.693420 810.447998
v 6499.206543 121.537750 810.447998
v 6467.960449 103.108749 779.201904
v 6499.206543 116.068497 747.955811
v 6436.714355 172.861511 747.955811
v 6467.960449 110.559616 747.955811
v 6561.698730 139.728958 810.447998
v 6624.191406 122.786163 747.955811
v 6749.175781 123.023956 747.955811
v 6874.160645 122.152046 747.955811
v 6999.145508 122.270943 747.955811
v 7124.130371 121.299957 747.955811
v 7249.114746 118.704041 747.955811
v 7374.099609 104.337349 747.955811
v 7499.084473 117.019669 747.955811
v 7624.069336 62.465881 747.955811
v 7749.053711 54.559246 747.955811
v 7811.546387 52.518185 810.447998
v 7874.038574 52.300209 747.955811
v 7935.554688 51.775078 810.447998
v 7997.070313 54.579063 747.955811
v 3999.511719 194.956497 622.970947
v 4062.004150 204.686203 685.463135
v 4124.496582 178.152420 622.970947
v 4124.496582 127.125893 685.463135
v 4186.988770 155.502594 685.463135
v 4155.742676 151.004333 716.709229
v 4155.742676 130.712616 654.217041
v 4218.234863 124.153481 716.709229
v 4186.988770 119.377792 716.709229
v 4249.481445 157.286041 622.970947
v 4249.481445 139.590240 685.463135
v 4186.988770 153.758774 622.970947
v 4311.973633 156.790634 685.463135
v 4374.465820 144.088501 622.970947
v 4311.973633 182.076004 622.970947
v 4499.450684 133.011292 622.970947
v 4624.435547 193.906235 622.970947
v 4686.927734 135.686462 685.463135
v 4718.173828 154.610855 716.709229
v 4749.419922 203.338715 622.970947
v 4749.419922 180.352005 685.463135
v 4811.912598 185.484390 685.463135
v 4874.404785 183.998169 622.970947
v 4999.389648 175.992462 622.970947
v 5124.374512 183.780197 622.970947
v 5249.359375 187.129120 622.970947
v 5374.343750 179.341385 622.970947
v 5499.328613 184.988983 622.970947
v 5561.820801 186.039230 685.463135
v 5624.313477 186.772430 622.970947
v 5624.313477 188.833313 685.463135
v 5686.805664 125.223549 685.463135
v 5749.297852 164.637817 622.970947
v 5811.790527 129.424561 685.463135
v 5874.282715 186.534637 622.970947
v 5999.267578 181.005936 622.970947
v 6124.252441 180.589798 622.970947
v 6249.236816 178.707275 622.970947
v 6374.221680 183.165894 622.970947
v 6436.714355 182.611053 685.463135
v 6467.960449 179.063965 716.709229
v 6499.206543 185.999603 622.970947
v 6499.206543 178.330765 685.463135
v 6561.698730 126.511597 685.463135
v 6624.191406 124.866859 622.970947
v 6749.175781 139.312820 622.970947
v 6874.160645 126.095459 622.970947
v 6999.145508 122.528557 622.970947
v 7124.130371 144.207397 622.970947
v 7249.114746 128.473389 622.970947
v 7374.099609 110.975754 622.970947
v 7436.592285 96.430717 685.463135
v 7499.084473 90.069740 622.970947
v 7436.592285 90.763306 622.970947
v 7624.069336 60.940037 622.970947
v 7749.053711 54.559246 622.970947
v 7874.038574 54.797039 622.970947
v 7997.070313 58.066700 622.970947
v 3999.511719 198.662109 497.986084
v 4124.496582 200.445557 497.986084
v 4186.988770 183.403687 560.478271
v 4218.234863 147.536499 591.724854
v 4249.481445 180.292557 497.986084
v 4249.481445 178.608185 560.478271
v 4249.481445 132.555511 591.724854
v 4311.973633 168.422699 560.478271
v 4280.727539 156.354675 591.724854
v 4374.465820 126.154907 497.986084
v 4374.465820 172.088684 560.478271
v 4436.958496 174.248642 560.478271
v 4499.450684 176.983261 497.986084
v 4436.958496 179.678253 497.986084
v 4561.942871 143.494019 560.478271
v 4624.435547 204.329514 560.478271
v 4593.189453 201.337280 529.232178
v 4624.435547 182.353439 497.986084
v 4561.942871 203.239639 497.986084
v 4686.927734 185.781631 560.478271
v 4749.419922 185.187149 497.986084
v 4874.404785 176.349152 497.986084
v 4999.389648 170.879898 497.986084
v 5124.374512 172.326477 497.986084
v 5249.359375 180.391647 497.986084
v 5374.343750 179.836792 497.986084
v 5499.328613 184.533203 497.986084
v 5624.313477 183.383881 497.986084
v 5749.297852 180.728516 497.986084
v 5874.282715 178.905426 497.986084
v 5999.267578 176.765289 497.986084
v 6124.252441 180.926682 497.986084
v 6249.236816 180.708694 497.986084
v 6374.221680 183.641479 497.986084
v 6436.714355 180.292557 560.478271
v 6499.206543 185.563644 560.478271
v 6467.960449 186.257217 529.232178
v 6499.206543 183.839645 497.986084
v 6436.714355 185.781631 497.986084
v 6467.960449 143.652542 497.986084
v 6561.698730 186.613907 560.478271
v 6624.191406 120.289330 497.986084
v 6749.175781 124.668694 497.986084
v 6874.160645 126.412514 497.986084
v 6999.145508 148.884003 497.986084
v 7124.130371 125.659500 497.986084
v 7186.622559 107.448486 560.478271
v 7249.114746 96.886490 560.478271
v 7217.868652 91.555954 529.232178
v 7249.114746 142.205963 497.986084
v 7186.622559 103.921211 497.986084
v 7311.607422 87.255852 560.478271
v 7374.099609 83.352074 497.986084
v 7374.099609 104.793121 560.478271
v 7436.592285 155.859283 560.478271
v 7405.345703 104.852570 529.232178
v 7467.838379 89.336548 591.724854
v 7499.084473 87.513458 560.478271
v 7467.838379 92.447678 529.232178
v 7499.084473 86.502838 497.986084
v 7436.592285 131.029678 497.986084
v 7436.592285 102.752060 529.232178
v 7561.576660 82.896301 560.478271
v 7624.069336 91.318161 497.986084
v 7749.053711 55.015015 497.986084
v 7874.038574 62.307350 497.986084
v 7997.070313 73.780884 497.986084
v 3999.511719 137.450104 373.001221
v 3999.511719 201.575073 435.493896
v 4062.004150 195.729324 435.493896
v 4030.757813 200.960785 404.247314
v 4124.496582 193.985504 373.001221
v 4062.004150 193.589172 373.001221
v 4030.757813 199.434937 373.001221
v 4249.481445 208.847595 373.001221
v 4311.973633 186.019424 435.493896
v 4374.465820 188.219009 373.001221
v 4374.465820 202.942398 435.493896
v 4436.958496 197.770386 435.493896
v 4405.711914 203.497238 466.739990
v 4499.450684 179.143219 373.001221
v 4561.942871 183.304611 435.493896
v 4624.435547 176.963455 373.001221
v 4749.419922 165.787155 373.001221
v 4874.404785 179.757523 373.001221
v 4999.389648 196.165283 373.001221
v 5124.374512 174.962021 373.001221
v 5249.359375 174.268463 373.001221
v 5374.343750 173.753235 373.001221
v 5499.328613 174.962021 373.001221
v 5624.313477 183.443329 373.001221
v 5749.297852 183.126266 373.001221
v 5874.282715 184.295410 373.001221
v 5999.267578 184.870087 373.001221
v 6124.252441 183.522583 373.001221
v 6249.236816 181.679688 373.001221
v 6374.221680 179.856598 373.001221
v 6436.714355 187.921768 435.493896
v 6467.960449 146.406982 466.739990
v 6499.206543 123.638260 373.001221
v 6499.206543 142.126709 435.493896
v 6436.714355 187.584900 373.001221
v 6561.698730 123.658073 435.493896
v 6624.191406 128.136520 373.001221
v 6749.175781 128.830078 373.001221
v 6874.160645 105.526321 373.001221
v 6999.145508 129.087692 373.001221
v 7124.130371 138.302185 373.001221
v 7186.622559 96.153290 435.493896
v 7249.114746 92.308968 373.001221
v 7374.099609 84.105087 373.001221
v 7436.592285 84.759018 435.493896
v 7499.084473 115.434380 373.001221
v 7624.069336 141.750198 373.001221
v 7749.053711 117.951027 373.001221
v 7874.038574 87.335114 373.001221
v 7997.070313 84.204170 373.001221
v 3999.511719 115.493828 248.016846
v 3999.511719 138.658875 310.509033
v 4062.004150 195.887848 310.509033
v 4030.757813 199.890701 341.755127
v 4124.496582 191.151794 248.016846
v 4249.481445 185.464569 248.016846
v 4374.465820 181.560791 248.016846
v 4499.450684 174.684601 248.016846
v 4624.435547 178.489288 248.016846
v 4749.419922 176.448227 248.016846
v 4874.404785 183.423508 248.016846
v 4999.389648 173.198380 248.016846
v 5124.374512 164.875610 248.016846
v 5249.359375 163.250687 248.016846
v 5374.343750 174.763855 248.016846
v 5499.328613 180.015137 248.016846
v 5624.313477 174.862946 248.016846
v 5749.297852 182.373245 248.016846
v 5874.282715 187.723602 248.016846
v 5936.775391 188.555878 310.509033
v 5999.267578 159.386551 248.016846
v 5999.267578 190.795105 310.509033
v 6061.759766 190.993271 310.509033
v 6030.513672 138.817413 279.262939
v 6124.252441 189.665588 248.016846
v 6061.759766 133.982269 248.016846
v 6249.236816 182.373245 248.016846
v 6311.729492 177.419220 310.509033
v 6374.221680 185.444748 248.016846
v 6311.729492 183.819824 248.016846
v 6436.714355 187.426361 310.509033
v 6499.206543 125.421707 248.016846
v 6436.714355 188.635147 248.016846
v 6624.191406 152.292374 248.016846
v 6749.175781 140.303619 248.016846
v 6874.160645 111.609871 248.016846
v 6999.145508 121.815178 248.016846
v 7124.130371 118.565331 248.016846
v 7186.622559 143.513824 310.509033
v 7249.114746 137.033966 248.016846
v 7374.099609 119.595772 248.016846
v 7499.084473 121.319771 248.016846
v 7624.069336 124.886673 248.016846
v 7749.053711 106.457680 248.016846
v 7874.038574 90.842567 248.016846
v 7997.070313 82.817039 248.016846
v 3999.511719 177.201248 123.031975
v 4062.004150 131.108932 185.524170
v 4124.496582 192.420029 185.524170
v 4093.250244 125.718948 154.278076
v 4124.496582 129.087692 123.031975
v 4124.496582 126.055824 154.278076
v 4062.004150 138.064392 123.031975
v 4186.988770 165.648438 185.524170
v 4155.742676 127.621300 154.278076
v 4249.481445 121.577377 123.031975
v 4186.988770 126.531410 123.031975
v 4311.973633 185.781631 185.524170
v 4374.465820 182.214722 123.031975
v 4499.450684 177.339951 123.031975
v 4624.435547 173.079483 123.031975
v 4749.419922 171.315857 123.031975
v 4874.404785 173.654160 123.031975
v 4999.389648 174.763855 123.031975
v 5124.374512 169.552216 123.031975
v 5249.359375 172.068863 123.031975
v 5374.343750 177.676834 123.031975
v 5499.328613 178.370392 123.031975
v 5624.313477 185.781631 123.031975
v 5686.805664 184.889908 185.524170
v 5749.297852 165.489914 123.031975
v 5686.805664 174.763855 123.031975
v 5811.790527 167.709320 185.524170
v 5874.282715 130.692795 123.031975
v 5811.790527 124.886673 123.031975
v 5999.267578 136.300766 123.031975
v 6061.759766 178.291138 185.524170
v 6124.252441 134.061539 123.031975
v 6249.236816 120.586578 123.031975
v 6311.729492 147.060913 185.524170
v 6342.975586 190.061905 216.770264
v 6374.221680 132.436615 123.031975
v 6374.221680 124.886673 185.524170
v 6374.221680 188.555878 216.770264
v 6436.714355 129.404755 185.524170
v 6405.467773 190.042099 216.770264
v 6499.206543 171.613098 123.031975
v 6624.191406 162.358963 123.031975
v 6749.175781 163.211060 123.031975
v 6874.160645 164.043335 123.031975
v 6999.145508 148.804733 123.031975
v 7124.130371 132.297897 123.031975
v 7249.114746 129.860519 123.031975
v 7374.099609 121.478302 123.031975
v 7436.592285 117.098938 185.524170
v 7499.084473 128.413940 123.031975
v 7436.592285 105.070549 123.031975
v 7624.069336 127.760010 123.031975
v 7749.053711 123.440094 123.031975
v 7811.546387 140.442337 185.524170
v 7874.038574 122.905060 123.031975
v 7874.038574 147.041107 185.524170
v 7935.554688 140.343262 185.524170
v 7997.070313 125.580238 123.031975
v 3999.511719 158.910965 -1.952887
v 4062.004150 163.706467 60.539299
v 4124.496582 163.765915 -1.952887
v 4186.988770 124.648880 60.539299
v 4249.481445 127.522217 -1.952887
v 4311.973633 165.252121 60.539299
v 4374.465820 110.519981 -1.952887
v 4374.465820 182.492157 60.539299
v 4436.958496 176.804916 60.539299
v 4405.711914 181.798584 29.293207
v 4499.450684 150.251312 -1.952887
v 4436.958496 117.475441 -1.952887
v 4624.435547 170.503387 -1.952887
v 4749.419922 179.143219 -1.952887
v 4811.912598 174.070297 60.539299
v 4874.404785 174.922394 60.539299
v 4843.158691 180.629440 29.293207
v 4874.404785 117.792503 -1.952887
v 4874.404785 180.986130 29.293207
v 4811.912598 170.661926 -1.952887
v 4936.897461 175.477234 60.539299
v 4905.651367 180.371826 29.293207
v 4999.389648 175.338531 60.539299
v 4968.143555 180.312378 29.293207
v 4999.389648 148.666031 -1.952887
v 4936.897461 117.277283 -1.952887
v 4936.897461 180.867233 29.293207
v 5061.881836 176.309525 60.539299
v 5124.374512 174.704407 60.539299
v 5093.127930 181.758957 29.293207
v 5124.374512 119.377792 -1.952887
v 5124.374512 181.085205 29.293207
v 5061.881836 130.970230 -1.952887
v 5186.866699 172.901138 60.539299
v 5155.620605 182.333618 29.293207
v 5249.359375 182.789398 60.539299
v 5218.112793 181.005936 29.293207
v 5249.359375 118.882385 -1.952887
v 5186.866699 120.091171 -1.952887
v 5186.866699 182.452515 29.293207
v 5311.851563 182.412888 60.539299
v 5374.343750 118.743675 -1.952887
v 5374.343750 181.917480 60.539299
v 5436.836426 180.451096 60.539299
v 5499.328613 123.816605 -1.952887
v 5561.820801 184.097260 60.539299
v 5624.313477 136.102600 60.539299
v 5593.067383 119.040916 29.293207
v 5624.313477 128.295044 -1.952887
v 5561.820801 125.798218 -1.952887
v 5686.805664 125.382080 60.539299
v 5655.559570 149.854996 91.785881
v 5718.051758 118.803123 91.785881
v 5686.805664 115.632545 91.785881
v 5749.297852 173.138931 -1.952887
v 5749.297852 146.268280 60.539299
v 5749.297852 119.655220 91.785881
v 5811.790527 158.316483 60.539299
v 5780.544434 129.523651 91.785881
v 5874.282715 168.977554 -1.952887
v 5999.267578 172.068863 -1.952887
v 6124.252441 169.988174 -1.952887
v 6186.744629 159.287460 60.539299
v 6249.236816 163.983887 -1.952887
v 6249.236816 177.874985 60.539299
v 6311.729492 174.962021 60.539299
v 6374.221680 158.930771 -1.952887
v 6499.206543 171.791443 -1.952887
v 6624.191406 142.067261 -1.952887
v 6749.175781 163.052536 -1.952887
v 6874.160645 140.640488 -1.952887
v 6999.145508 147.120361 -1.952887
v 7124.130371 141.710571 -1.952887
v 7249.114746 133.288712 -1.952887
v 7311.607422 104.495880 60.539299
v 7374.099609 126.590858 -1.952887
v 7374.099609 105.665031 60.539299
v 7436.592285 131.525070 60.539299
v 7405.345703 93.379036 91.785881
v 7499.084473 93.755539 -1.952887
v 7624.069336 98.729385 -1.952887
v 7749.053711 97.461159 -1.952887
v 7874.038574 88.583534 -1.952887
v 7997.070313 91.318161 -1.952887
vn 0.033 0.998 -0.048
vn -0.086 0.964 -0.251
vn -0.284 0.958 0.043
vn -0.010 0.963 -0.269
vn 0.041 0.997 0.071
vn -0.439 0.898 -0.009
vn 0.106 0.994 -0.015
vn 0.039 0.969 -0.244
vn -0.039 0.997 -0.071
vn -0.002 0.999 0.040
vn -0.066 0.994 0.090
vn -0.062 0.994 0.085
vn 0.032 0.998 0.058
vn 0.198 0.946 -0.255
vn 0.086 0.991 -0.098
vn -0.042 0.999 0.023
vn 0.184 0.982 0.038
vn 0.040 0.998 0.045
vn -0.014 1.000 -0.009
vn -0.149 0.989 0.000
vn 0.082 0.995 0.057
vn -0.305 0.951 0.047
vn 0.037 0.990 0.135
vn -0.224 0.973 0.055
vn -0.019 0.996 0.087
vn 0.023 0.997 0.073
vn 0.023 0.999 0.040
vn 0.142 0.990 -0.023
vn 0.233 0.968 -0.089
vn -0.145 0.964 0.222
vn -0.068 0.970 0.234
vn 0.092 0.995 -0.033
vn -0.009 0.998 -0.062
vn 0.044 0.998 -0.040
vn -0.074 0.996 0.052
vn -0.131 0.986 0.100
vn 0.067 0.993 0.096
vn 0.183 0.983 -0.033
vn 0.150 0.987 0.052
vn -0.116 0.988 0.101
vn -0.007 0.951 0.308
vn -0.225 0.973 -0.041
vn -0.331 0.934 0.134
vn -0.289 0.955 0.063
vn -0.226 0.973 0.041
vn -0.097 0.995 -0.011
vn 0.240 0.970 -0.034
vn 0.406 0.914 -0.006
vn 0.234 0.972 0.029
vn -0.005 1.000 -0.012
vn -0.244 0.957 -0.154
vn -0.057 0.998 0.007
vn -0.009 0.989 -0.150
vn 0.201 0.948 -0.248
vn 0.099 0.981 -0.166
vn 0.125 0.951 -0.283
vn 0.037 0.865 -0.501
vn 0.175 0.676 -0.715
vn 0.209 0.873 -0.441
vn 0.228 0.906 -0.358
vn 0.295 0.850 -0.436
vn 0.308 0.737 -0.602
vn 0.102 0.881 -0.461
vn -0.128 0.936 -0.329
vn -0.102 0.992 0.077
vn 0.117 0.962 0.245
vn 0.158 0.921 -0.355
vn 0.207 0.977 -0.057
vn -0.009 1.000 -0.004
vn -0.000 1.000 -0.008
vn 0.044 0.998 -0.054
vn 0.071 0.995 -0.064
vn 0.100 0.994 -0.046
vn -0.036 0.999 0.038
vn -0.098 0.995 -0.014
vn 0.146 0.980 -0.135
vn 0.077 0.991 -0.112
vn -0.395 0.909 0.130
vn -0.004 1.000 -0.027
vn -0.212 0.976 -0.041
vn -0.045 0.999 0.028
vn 0.017 0.994 -0.106
vn 0.040 0.956 -0.289
vn -0.018 1.000 0.014
vn 0.025 0.998 0.066
vn 0.391 0.907 0.157
vn 0.330 0.943 0.027
vn 0.363 0.919 0.154
vn -0.193 0.981 0.033
vn 0.076 0.996 -0.048
vn 0.043 0.999 0.017
vn -0.033 0.998 0.056
vn 0.051 0.997 -0.050
vn 0.015 0.972 -0.235
vn -0.100 0.994 0.039
vn 0.044 0.998 -0.046
vn -0.175 0.960 -0.218
vn -0.191 0.863 -0.468
vn 0.045 0.856 0.516
vn 0.095 0.995 0.014
vn 0.053 0.981 -0.189
vn -0.038 0.999 0.016
vn 0.107 0.934 0.341
vn -0.237 0.890 0.390
vn -0.155 0.929 0.337
vn -0.197 0.760 0.620
vn -0.429 0.903 0.021
vn -0.423 0.787 0.449
vn -0.000 0.985 0.173
vn -0.049 0.997 0.051
vn -0.042 0.997 0.066
vn 0.189 0.976 0.112
vn 0.159 0.971 0.177
vn 0.189 0.948 0.255
vn -0.228 0.959 0.167
vn -0.289 0.857 -0.427
vn -0.068 0.929 0.365
vn -0.038 0.891 0.453
vn 0.001 0.995 0.099
vn -0.064 0.893 0.445
vn -0.185 0.946 -0.266
vn -0.404 0.914 0.040
vn 0.103 0.988 -0.113
vn -0.074 0.991 0.115
vn -0.170 0.985 -0.016
vn -0.106 0.964 -0.243
vn 0.419 0.820 -0.390
vn 0.272 0.902 -0.336
vn -0.026 0.989 -0.146
vn 0.401 0.876 -0.269
vn -0.033 0.985 -0.170
vn 0.609 0.654 -0.448
vn 0.148 0.989 -0.019
vn -0.037 0.941 0.336
vn 0.368 0.906 0.206
vn -0.329 0.936 0.125
vn 0.167 0.980 0.104
vn -0.008 0.998 -0.060
vn -0.146 0.963 -0.225
vn 0.495 0.868 0.034
vn 0.120 0.991 0.067
vn 0.133 0.895 -0.426
vn 0.102 0.823 0.559
vn 0.385 0.923 0.023
vn 0.105 0.991 -0.089
vn -0.036 0.915 -0.402
vn -0.128 0.982 0.142
vn -0.090 0.962 0.256
vn 0.018 0.996 -0.084
vn -0.089 0.995 0.038
vn 0.028 0.999 0.027
vn 0.075 0.970 -0.233
vn -0.086 0.988 -0.131
vn 0.021 0.998 -0.060
vn -0.167 0.983 0.074
vn 0.092 0.992 0.089
vn -0.217 0.939 -0.265
vn 0.137 0.962 -0.237
vn -0.082 0.986 -0.144
vn 0.150 0.988 -0.030
vn 0.047 0.998 -0.039
vn 0.001 1.000 -0.016
vn -0.113 0.989 0.099
vn 0.101 0.989 0.105
vn -0.253 0.966 -0.058
vn -0.287 0.955 -0.069
vn -0.201 0.976 -0.089
vn -0.094 0.986 0.136
vn 0.240 0.965 0.108
vn -0.419 0.908 0.008
vn -0.662 0.700 -0.269
vn -0.330 0.877 -0.350
vn 0.394 0.880 0.264
vn 0.173 0.962 0.212
vn -0.295 0.929 -0.223
vn -0.213 0.955 0.208
vn -0.047 0.995 -0.090
vn -0.025 0.992 -0.125
vn 0.118 0.993 -0.018
vn 0.263 0.918 -0.297
vn -0.063 0.988 0.137
vn -0.012 0.940 -0.342
vn -0.333 0.928 -0.166
vn -0.126 0.991 0.049
vn -0.017 1.000 -0.001
vn 0.357 0.934 0.008
vn 0.328 0.944 0.046
vn 0.343 0.939 0.016
vn -0.133 0.991 0.018
vn 0.106 0.992 -0.069
vn -0.057 0.998 0.016
vn 0.095 0.995 -0.025
vn -0.025 0.999 0.038
vn 0.058 0.998 -0.027
vn -0.058 0.988 0.140
vn 0.017 0.994 0.109
vn -0.291 0.946 0.142
vn -0.277 0.926 -0.256
vn 0.024 0.997 -0.075
vn -0.040 0.999 0.006
vn -0.137 0.982 0.130
vn -0.027 0.999 -0.032
vn -0.080 0.997 -0.021
vn -0.012 1.000 -0.020
vn 0.194 0.953 -0.233
vn -0.074 0.960 -0.270
vn -0.062 0.974 0.218
vn 0.011 1.000 0.012
vn 0.104 0.985 0.137
vn 0.067 0.998 -0.010
vn 0.075 0.997 -0.036
vn 0.144 0.989 0.033
vn -0.065 0.996 -0.061
vn 0.026 0.969 -0.244
vn -0.336 0.938 -0.084
vn 0.617 0.777 -0.126
vn 0.026 0.992 -0.123
vn 0.293 0.948 -0.127
vn -0.002 0.999 0.049
vn 0.041 0.997 -0.061
vn 0.037 0.997 -0.069
vn -0.052 0.999 0.001
vn 0.063 0.996 0.055
vn 0.047 0.998 -0.049
vn 0.071 0.996 -0.049
vn -0.080 0.996 0.028
vn -0.072 0.997 -0.008
vn 0.032 0.999 -0.002
vn -0.098 0.995 -0.034
vn 0.140 0.987 0.082
vn 0.131 0.988 -0.084
vn -0.101 0.993 -0.053
vn -0.056 0.998 -0.014
vn -0.254 0.966 -0.045
vn -0.213 0.977 0.006
vn 0.095 0.988 0.124
vn -0.054 0.996 0.068
vn 0.017 0.999 -0.038
vn -0.054 0.998 0.034
vn 0.344 0.939 0.019
vn 0.143 0.990 0.011
vn 0.386 0.889 -0.245
vn 0.059 0.996 -0.064
vn -0.034 0.999 0.005
vn -0.028 0.999 0.035
vn 0.048 0.999 0.007
vn 0.021 1.000 -0.011
vn 0.049 0.998 0.034
vn 0.134 0.990 -0.032
vn 0.002 1.000 0.002
vn -0.015 0.999 -0.029
vn -0.059 0.998 -0.006
vn 0.212 0.918 -0.335
vn 0.305 0.914 -0.268
vn 0.370 0.819 -0.440
vn 0.557 0.815 -0.159
vn 0.153 0.985 0.083
vn 0.229 0.973 0.007
vn 0.137 0.941 -0.309
vn 0.166 0.983 -0.078
vn -0.090 0.976 0.200
vn -0.094 0.995 0.040
vn -0.308 0.948 -0.074
vn -0.015 0.991 0.132
vn -0.258 0.946 -0.199
vn 0.075 0.957 -0.281
vn -0.074 0.997 0.001
vn -0.007 0.926 -0.376
vn 0.126 0.987 -0.103
vn -0.014 0.903 0.430
vn 0.189 0.980 -0.063
vn -0.009 1.000 -0.006
vn 0.034 0.999 -0.030
vn -0.060 0.998 0.027
vn 0.131 0.967 -0.219
vn 0.013 0.997 0.072
vn -0.060 0.946 0.319
vn 0.137 0.989 0.059
vn 0.010 1.000 0.030
vn -0.012 0.997 0.077
vn -0.056 0.998 0.028
vn -0.036 0.999 -0.037
vn -0.026 0.999 0.019
vn 0.051 0.998 -0.035
vn -0.082 0.996 -0.024
vn -0.269 0.948 -0.170
vn 0.172 0.944 -0.281
vn -0.225 0.932 -0.284
vn -0.216 0.929 -0.299
vn -0.158 0.822 -0.547
vn -0.132 0.987 -0.092
vn -0.520 0.731 -0.443
vn -0.146 0.919 -0.367
vn 0.037 0.999 0.026
vn 0.008 0.999 -0.037
vn -0.018 1.000 0.024
vn 0.264 0.852 -0.452
vn 0.520 0.668 -0.532
vn 0.239 0.785 -0.572
vn 0.316 0.859 -0.404
vn -0.180 0.982 0.062
vn 0.485 0.854 -0.188
vn 0.529 0.797 -0.291
vn 0.262 0.921 -0.287
vn 0.281 0.910 -0.306
vn 0.020 0.966 -0.256
vn -0.163 0.979 0.123
vn -0.278 0.941 0.194
vn 0.087 0.996 -0.003
vn -0.103 0.992 0.078
vn 0.078 0.996 -0.030
vn 0.007 1.000 0.009
vn 0.127 0.991 -0.042
vn -0.015 0.990 -0.140
vn 0.059 0.972 -0.229
vn -0.028 0.987 -0.160
vn 0.152 0.981 -0.123
vn 0.043 0.995 -0.091
vn 0.043 0.996 -0.078
vn -0.107 0.994 -0.018
vn 0.293 0.908 -0.298
vn 0.202 0.953 -0.224
vn 0.172 0.961 -0.216
vn 0.228 0.965 -0.133
vn 0.165 0.962 -0.216
vn -0.009 0.998 -0.062
vn 0.080 0.979 -0.187
vn 0.035 0.996 -0.078
vn -0.035 0.963 -0.267
vn -0.008 0.990 0.140
vn 0.065 0.995 0.080
vn -0.141 0.975 -0.170
vn -0.010 0.989 -0.149
vn -0.147 0.976 -0.158
vn 0.082 0.878 -0.471
vn -0.071 0.977 0.202
vn 0.204 0.977 0.057
vn -0.045 0.992 0.115
vn -0.042 0.999 -0.006
vn 0.255 0.945 -0.208
vn -0.047 0.999 -0.004
vn -0.037 0.998 0.041
vn 0.017 0.998 -0.062
vn -0.102 0.994 0.033
vn -0.011 0.964 -0.264
vn -0.049 0.997 -0.066
vn 0.071 0.997 0.002
vn 0.057 0.998 0.000
vn -0.008 0.998 0.069
vn 0.058 0.998 0.016
vn 0.010 1.000 -0.016
vn -0.084 0.996 0.010
vn 0.010 1.000 -0.018
vn -0.063 0.994 0.084
vn 0.109 0.992 0.068
vn 0.064 0.997 -0.041
vn 0.042 0.996 -0.072
vn -0.099 0.987 -0.124
vn 0.505 0.862 0.028
vn 0.322 0.914 0.246
vn -0.212 0.967 -0.139
vn 0.238 0.907 0.347
vn 0.124 0.987 -0.102
vn -0.534 0.778 -0.332
vn -0.691 0.592 -0.415
vn -0.524 0.702 -0.483
vn -0.121 0.879 -0.461
vn -0.409 0.911 -0.057
vn -0.481 0.851 -0.212
vn -0.066 0.998 -0.004
vn -0.048 0.992 -0.113
vn -0.012 0.999 -0.041
vn 0.236 0.926 -0.294
vn 0.465 0.885 -0.026
vn 0.504 0.859 0.093
vn 0.031 0.997 -0.076
vn 0.048 0.992 0.116
vn -0.338 0.940 0.053
vn -0.058 0.998 -0.015
vn -0.021 0.999 0.050
vn -0.011 1.000 0.024
vn 0.046 0.999 -0.008
vn 0.043 0.997 -0.060
vn 0.131 0.988 -0.080
vn 0.017 0.999 0.050
vn 0.054 0.995 0.085
vn 0.019 0.999 -0.032
vn -0.214 0.977 -0.001
vn 0.192 0.980 -0.046
vn 0.381 0.920 -0.085
vn 0.204 0.959 -0.197
vn 0.161 0.986 -0.041
vn -0.068 0.998 -0.013
vn 0.063 0.966 -0.253
vn 0.003 1.000 -0.007
vn -0.027 0.997 0.079
vn -0.118 0.978 0.172
vn -0.040 0.975 -0.220
vn -0.102 0.989 0.106
vn 0.084 0.979 0.187
vn 0.067 0.998 -0.003
vn 0.052 0.999 0.007
vn -0.027 0.999 -0.023
vn 0.031 0.996 -0.090
vn -0.022 1.000 0.016
vn -0.006 1.000 0.020
vn 0.004 1.000 -0.019
vn 0.005 1.000 -0.007
vn 0.065 0.998 -0.022
vn -0.067 0.991 0.117
vn -0.045 0.990 0.134
vn -0.011 0.996 0.087
vn -0.019 0.999 0.047
vn 0.209 0.970 -0.124
vn -0.202 0.974 0.101
vn -0.301 0.946 0.120
vn -0.199 0.980 0.009
vn 0.063 0.960 -0.271
vn 0.238 0.965 -0.107
vn 0.319 0.947 -0.031
vn 0.372 0.925 -0.081
vn 0.115 0.984 -0.136
vn -0.259 0.962 -0.089
vn 0.188 0.975 -0.120
vn -0.012 1.000 -0.001
vn -0.042 0.999 0.006
vn 0.088 0.991 -0.100
vn 0.099 0.984 -0.146
vn 0.071 0.988 -0.134
vn -0.017 0.999 -0.035
vn -0.031 1.000 0.005
vn 0.047 0.996 -0.075
vn -0.044 0.991 0.124
vn 0.119 0.988 -0.100
vn 0.207 0.956 -0.208
vn 0.216 0.970 -0.112
vn -0.300 0.953 0.047
vn -0.074 0.992 0.101
vn 0.317 0.945 -0.075
vn 0.056 0.998 -0.040
vn -0.068 0.997 -0.019
vn 0.052 0.996 -0.072
vn -0.032 0.999 0.019
vn 0.026 0.998 0.056
vn -0.024 0.994 0.102
vn 0.009 1.000 0.019
vn 0.004 1.000 0.005
vn -0.007 0.999 0.034
vn 0.043 0.999 -0.004
vn -0.045 0.999 0.024
vn -0.113 0.993 -0.040
vn 0.052 0.998 -0.025
vn -0.014 0.999 -0.052
vn 0.166 0.971 -0.172
vn 0.026 0.998 -0.049
vn -0.163 0.987 -0.006
vn 0.121 0.965 -0.234
vn 0.004 0.985 -0.171
vn -0.054 0.955 -0.291
vn 0.080 0.909 -0.408
vn 0.152 0.977 -0.152
vn 0.347 0.916 -0.202
vn 0.478 0.869 -0.125
vn -0.316 0.902 -0.293
vn 0.459 0.788 -0.410
vn 0.417 0.685 -0.597
vn -0.290 0.933 -0.214
vn -0.154 0.970 -0.186
vn 0.012 0.987 -0.159
vn 0.066 0.994 -0.083
vn 0.075 0.997 -0.025
vn 0.024 1.000 -0.017
vn -0.020 0.999 -0.028
vn 0.027 0.996 -0.080
vn 0.012 0.999 -0.035
vn 0.136 0.963 -0.235
vn 0.209 0.952 -0.224
vn -0.010 0.999 -0.041
vn -0.126 0.992 0.012
vn 0.090 0.992 -0.085
vn 0.133 0.991 -0.033
vn -0.013 1.000 -0.005
vn -0.017 0.999 0.039
vn -0.070 0.995 0.078
vn -0.023 0.998 0.066
vn 0.039 0.999 0.035
vn 0.046 0.999 0.020
vn -0.014 1.000 0.021
vn -0.005 1.000 0.024
vn 0.087 0.996 0.003
vn 0.032 0.997 -0.067
vn -0.252 0.962 -0.104
vn -0.109 0.989 -0.102
vn 0.158 0.985 -0.072
vn -0.188 0.982 0.016
vn 0.074 0.994 -0.077
vn 0.084 0.992 -0.093
vn -0.150 0.984 0.094
vn -0.050 0.984 0.173
vn 0.198 0.980 0.033
vn 0.116 0.993 -0.037
vn 0.267 0.868 -0.419
vn 0.094 0.975 -0.201
vn 0.505 0.786 -0.358
vn 0.516 0.826 -0.227
vn 0.027 0.993 -0.115
vn 0.419 0.729 -0.542
vn -0.295 0.955 0.003
vn -0.131 0.977 -0.169
vn -0.078 0.989 -0.127
vn -0.046 0.998 0.042
vn 0.129 0.992 -0.001
vn 0.003 1.000 -0.011
vn -0.011 1.000 0.028
vn 0.001 0.998 0.066
vn 0.056 0.997 0.061
vn 0.050 0.924 -0.380
vn -0.157 0.980 0.125
vn 0.266 0.950 -0.166
vn 0.146 0.989 -0.023
vn -0.131 0.991 0.022
vn 0.001 1.000 -0.005
vn 0.069 0.997 -0.016
vn -0.026 1.000 -0.018
vn -0.041 0.998 -0.039
vn -0.011 0.995 -0.097
vn -0.007 0.993 -0.116
vn 0.006 0.999 -0.054
vn 0.043 0.999 -0.025
vn -0.014 1.000 -0.027
vn 0.016 0.999 -0.044
vn 0.062 0.998 -0.025
vn 0.064 0.997 0.040
vn -0.086 0.996 -0.040
vn -0.188 0.971 -0.144
vn -0.053 0.998 -0.037
vn 0.155 0.988 -0.006
vn -0.128 0.990 0.053
vn -0.303 0.925 0.229
vn 0.090 0.995 0.034
vn 0.141 0.987 -0.079
vn -0.021 0.990 -0.137
vn -0.140 0.986 -0.094
vn -0.405 0.893 0.194
vn -0.091 0.990 0.110
vn -0.195 0.980 -0.026
vn 0.195 0.961 -0.194
vn -0.394 0.917 0.066
vn 0.281 0.959 0.027
vn 0.215 0.969 0.121
vn 0.043 0.998 0.042
vn 0.410 0.910 0.057
vn 0.226 0.964 -0.140
vn 0.461 0.875 -0.149
vn 0.556 0.831 -0.036
vn -0.139 0.989 0.039
vn 0.356 0.934 0.010
vn -0.160 0.987 -0.004
vn -0.060 0.988 -0.143
vn -0.219 0.968 -0.119
vn -0.066 0.996 -0.055
vn 0.124 0.992 -0.020
vn -0.031 0.999 0.036
vn -0.033 0.999 0.021
vn 0.004 1.000 0.024
vn 0.095 0.995 0.026
vn -0.028 0.994 -0.105
vn 0.379 0.916 -0.131
vn 0.259 0.956 -0.138
vn 0.080 0.996 -0.028
vn -0.132 0.991 0.001
vn 0.034 0.998 -0.046
vn 0.049 0.998 0.033
vn 0.003 0.999 0.046
vn 0.008 1.000 0.028
vn 0.001 1.000 -0.009
vn -0.040 0.999 -0.010
vn 0.001 0.998 -0.066
vn 0.026 0.997 -0.078
vn -0.028 0.999 -0.023
vn 0.050 0.996 -0.077
vn 0.009 0.997 -0.081
vn 0.029 0.999 -0.016
vn -0.050 0.995 0.087
vn -0.021 1.000 0.002
vn 0.128 0.990 -0.052
vn -0.111 0.993 0.033
vn 0.091 0.994 0.067
vn -0.198 0.960 0.197
vn 0.170 0.982 -0.086
vn -0.424 0.905 0.031
vn 0.405 0.914 -0.002
vn 0.042 0.999 -0.026
vn -0.300 0.954 0.027
vn 0.088 0.986 -0.140
vn -0.027 0.997 0.077
vn 0.302 0.945 -0.125
vn 0.269 0.884 -0.381
vn 0.383 0.838 -0.389
vn 0.218 0.884 -0.414
vn 0.191 0.939 -0.285
vn 0.133 0.990 -0.050
vn 0.399 0.865 -0.305
vn 0.335 0.942 0.003
vn -0.103 0.956 0.274
vn 0.023 0.993 0.112
vn -0.018 0.999 0.038
vn -0.231 0.973 0.005
vn -0.117 0.993 0.017
vn 0.075 0.997 0.037
vn 0.003 1.000 -0.012
vn -0.047 0.999 0.009
vn -0.039 0.996 0.082
vn 0.007 0.991 0.133
vn 0.133 0.990 -0.043
vn 0.229 0.964 -0.135
vn 0.045 0.999 0.003
vn -0.000 1.000 0.012
vn -0.073 0.996 0.048
vn -0.023 1.000 0.007
vn -0.048 0.995 0.089
vn -0.011 0.991 0.131
vn 0.051 0.991 0.126
vn 0.061 0.996 0.072
vn 0.046 0.998 -0.036
vn 0.040 0.997 -0.068
vn -0.032 0.999 -0.029
vn 0.008 0.999 -0.036
vn 0.081 0.995 -0.049
vn -0.036 0.999 -0.030
vn -0.080 0.997 -0.000
vn -0.063 0.997 0.052
vn 0.083 0.995 0.049
vn 0.077 0.995 0.061
vn -0.028 0.999 -0.038
vn 0.008 1.000 0.008
vn 0.014 0.968 0.251
vn -0.121 0.992 -0.039
vn -0.206 0.975 0.079
vn -0.080 0.996 -0.027
vn -0.027 0.998 -0.060
vn 0.196 0.976 0.094
vn 0.325 0.941 -0.090
vn 0.461 0.886 0.045
vn -0.275 0.949 0.155
vn 0.538 0.834 -0.119
vn 0.460 0.856 -0.237
vn 0.021 0.984 0.175
vn 0.064 0.996 0.063
vn 0.083 0.995 0.049
vn -0.031 0.989 0.141
vn -0.191 0.972 0.141
vn -0.026 0.999 -0.022
vn 0.091 0.993 -0.080
vn -0.067 0.996 0.053
vn -0.093 0.991 0.096
vn -0.051 0.997 0.057
vn 0.069 0.997 -0.031
vn -0.030 0.997 0.075
vn -0.107 0.981 0.164
vn -0.001 0.993 0.117
vn -0.011 0.997 0.071
vn -0.052 0.999 -0.000
vn -0.027 0.999 -0.033
vn 0.048 0.999 0.008
vn 0.133 0.991 -0.016
vn 0.023 0.996 0.083
vn 0.042 0.996 0.084
vn -0.015 1.000 0.009
vn -0.008 1.000 0.017
vn 0.062 0.997 0.052
vn -0.003 0.999 0.039
vn -0.115 0.993 0.038
vn -0.096 0.994 0.051
vn 0.028 0.997 0.074
vn 0.191 0.981 -0.011
vn -0.008 1.000 -0.028
vn -0.068 0.989 -0.129
vn -0.226 0.965 -0.134
vn -0.081 0.994 0.071
vn -0.400 0.915 0.049
vn -0.226 0.963 0.146
vn 0.153 0.980 0.130
vn -0.140 0.990 0.027
vn 0.560 0.829 0.008
vn 0.460 0.877 -0.142
vn -0.066 0.983 0.171
vn 0.026 0.986 -0.164
vn 0.574 0.800 -0.172
vn 0.490 0.845 -0.215
vn -0.270 0.960 -0.074
vn -0.334 0.943 -0.007
vn 0.427 0.903 -0.052
vn 0.068 0.992 -0.108
vn 0.083 0.992 -0.100
vn -0.063 0.998 -0.010
vn -0.083 0.994 0.074
vn -0.100 0.992 0.076
vn 0.069 0.998 0.004
vn -0.036 0.995 0.091
vn -0.096 0.991 0.090
vn -0.039 0.999 0.037
vn 0.022 1.000 -0.016
vn 0.100 0.995 0.011
vn -0.130 0.978 0.163
vn -0.019 0.997 0.074
vn 0.046 0.998 -0.030
vn 0.029 0.999 -0.028
vn 0.087 0.994 -0.059
vn -0.137 0.982 -0.132
vn 0.004 1.000 0.022
vn 0.040 0.996 0.085
vn 0.019 0.998 0.064
vn 0.099 0.994 0.050
vn -0.025 0.991 0.134
vn 0.001 0.994 0.110
vn 0.027 0.993 0.116
vn -0.018 0.989 0.145
vn -0.058 0.996 0.071
vn -0.043 0.998 -0.044
vn 0.134 0.981 -0.141
vn 0.130 0.975 -0.181
vn -0.227 0.959 0.169
vn -0.297 0.945 0.136
vn 0.507 0.854 0.117
vn 0.080 0.972 -0.223
vn 0.028 0.936 0.351
vn -0.474 0.854 0.215
vn 0.334 0.933 0.136
vn -0.093 0.978 0.189
vn 0.288 0.939 0.187
vn -0.805 0.591 -0.054
vn 0.059 0.983 0.174
vn -0.267 0.924 0.273
vn -0.373 0.907 0.194
vn -0.267 0.948 0.174
vn 0.291 0.956 0.033
vn -0.051 0.998 -0.030
vn 0.505 0.850 -0.150
vn 0.719 0.695 0.021
vn 0.217 0.974 -0.073
vn 0.411 0.911 0.017
vn 0.385 0.921 0.059
vn -0.342 0.940 -0.020
vn 0.503 0.846 0.178
vn -0.228 0.974 -0.007
vn 0.046 0.999 -0.013
vn 0.048 0.997 0.067
vn 0.035 0.993 0.109
vn -0.079 0.993 0.089
vn -0.125 0.992 0.019
vn -0.119 0.988 0.102
vn 0.055 0.993 0.103
vn -0.055 0.990 0.133
vn 0.009 1.000 0.012
vn -0.051 0.999 -0.003
vn 0.039 0.999 -0.009
vn 0.018 0.999 -0.031
vn -0.084 0.996 -0.042
vn 0.073 0.996 -0.055
vn 0.031 1.000 0.002
vn -0.056 0.998 0.016
vn 0.069 0.997 0.024
vn 0.083 0.991 0.103
vn -0.050 0.988 0.143
vn 0.048 0.996 -0.075
vn -0.008 1.000 -0.026
vn 0.043 0.999 -0.007
vn -0.055 0.993 0.105
vn -0.005 0.995 0.099
vn 0.008 0.996 0.092
vn 0.026 0.993 0.116
vn 0.069 0.998 -0.001
vn 0.056 0.993 -0.099
vn -0.014 0.993 -0.113
vn -0.020 1.000 0.012
vn 0.223 0.974 0.029
vn 0.145 0.981 0.126
vn -0.021 0.988 0.155
vn -0.153 0.973 0.174
vn -0.133 0.961 0.243
vn -0.214 0.947 0.238
vn -0.223 0.970 0.097
vn -0.015 1.000 0.025
vn 0.372 0.928 0.035
vn 0.374 0.918 0.131
vn 0.442 0.885 -0.149
vn 0.359 0.931 -0.071
vn -0.208 0.964 0.166
vn 0.304 0.912 -0.276
vn -0.171 0.972 0.159
vn -0.008 0.985 0.174
vn 0.068 0.988 0.139
vn 0.024 0.997 0.079
vn -0.126 0.990 0.059
vn -0.137 0.989 0.060
vn -0.001 0.996 0.090
vn 0.060 0.998 0.033
vn 0.048 0.998 -0.040
vn -0.054 0.998 0.022
vn 0.041 0.999 -0.006
vn 0.026 0.999 0.033
vn -0.109 0.991 -0.073
vn -0.012 1.000 -0.025
vn 0.062 0.997 -0.034
vn 0.135 0.981 -0.141
vn -0.069 0.968 -0.241
vn -0.060 0.972 -0.226
vn -0.070 0.991 -0.117
vn -0.022 1.000 -0.009
vn 0.038 0.995 -0.092
vn 0.020 0.966 -0.258
vn -0.119 0.976 -0.183
vn 0.021 1.000 -0.007
vn 0.009 0.996 -0.086
vn 0.101 0.979 -0.176
vn 0.050 0.996 -0.076
vn -0.157 0.956 0.247
vn -0.056 0.994 0.096
vn -0.165 0.940 0.299
vn -0.313 0.853 0.418
vn -0.164 0.979 0.125
vn -0.109 0.972 -0.211
vn 0.048 0.990 -0.132
vn 0.032 0.992 0.122
vn 0.136 0.991 -0.009
vn 0.070 0.943 0.325
vn 0.135 0.983 -0.124
vn -0.192 0.898 0.396
vn -0.211 0.973 -0.094
vn 0.119 0.991 -0.057
vn -0.096 0.994 -0.043
vn 0.129 0.986 -0.105
vn -0.085 0.990 -0.109
vn 0.041 0.819 0.572
vn -0.237 0.934 0.268
vn 0.188 0.926 0.327
vn 0.222 0.970 -0.103
vn 0.163 0.963 -0.212
vn 0.075 0.961 -0.266
vn -0.097 0.995 0.038
vn 0.009 1.000 -0.030
vn -0.261 0.923 0.282
vn 0.047 0.999 0.023
vn -0.372 0.868 0.329
vn -0.245 0.967 0.064
vn 0.002 1.000 0.030
vn 0.422 0.852 -0.309
vn 0.382 0.891 -0.245
vn -0.067 0.998 0.022
vn 0.255 0.924 -0.286
vn -0.137 0.985 0.108
vn 0.034 0.999 0.039
vn 0.034 0.999 -0.020
vn 0.051 0.992 0.117
vn -0.144 0.984 0.109
vn -0.054 0.998 -0.008
vn -0.027 0.999 -0.018
vn 0.131 0.991 -0.022
vn -0.027 0.999 0.019
vn -0.029 0.999 -0.016
vn 0.109 0.972 -0.210
vn -0.140 0.968 -0.207
vn -0.068 0.994 -0.081
vn -0.033 0.997 -0.074
vn 0.048 0.997 -0.054
vn 0.137 0.990 -0.022
vn -0.092 0.994 0.063
vn -0.142 0.984 0.107
vn 0.156 0.984 -0.092
vn 0.261 0.906 -0.333
vn -0.028 0.963 -0.269
vn -0.332 0.925 -0.184
vn -0.142 0.970 -0.198
vn -0.014 0.980 -0.198
vn 0.041 0.984 -0.174
vn 0.005 1.000 -0.028
vn -0.210 0.957 0.199
vn -0.263 0.941 0.214
vn -0.146 0.988 -0.044
vn 0.030 0.994 0.104
vn -0.110 0.937 0.330
vn 0.056 0.998 0.019
vn -0.272 0.928 0.256
vn -0.068 0.936 0.345
vn 0.194 0.953 0.231
vn -0.412 0.890 0.196
vn -0.103 0.951 0.292
vn 0.124 0.991 0.060
vn 0.009 1.000 -0.012
vn -0.185 0.903 0.387
vn -0.152 0.971 0.183
vn 0.049 0.970 0.238
vn -0.326 0.811 0.486
vn 0.353 0.803 0.480
vn 0.045 0.996 -0.080
vn 0.073 0.926 0.371
vn -0.076 0.956 0.284
vn 0.027 0.996 0.081
vn -0.089 0.981 -0.170
vn -0.015 0.994 0.107
vn 0.185 0.952 -0.243
vn 0.119 0.956 -0.268
vn 0.413 0.815 -0.408
vn 0.298 0.910 -0.290
vn 0.334 0.906 -0.259
vn -0.089 0.981 0.174
vn 0.408 0.893 -0.191
vn -0.087 0.990 0.110
vn 0.318 0.905 -0.284
vn -0.114 0.983 0.146
vn -0.035 0.999 -0.020
vn 0.152 0.982 -0.113
vn -0.017 0.987 -0.158
vn -0.146 0.979 -0.141
vn -0.065 0.991 -0.121
vn -0.058 0.990 -0.131
vn -0.074 0.992 -0.104
vn -0.039 0.999 0.004
vn 0.123 0.992 -0.032
vn 0.009 0.999 -0.052
vn -0.081 0.997 -0.016
vn 0.179 0.981 -0.073
vn 0.015 1.000 -0.016
vn 0.327 0.944 -0.044
vn 0.160 0.972 -0.173
vn -0.065 0.996 -0.061
vn -0.110 0.991 0.072
vn 0.061 0.983 0.176
vn -0.009 0.999 0.044
vn 0.102 0.993 -0.053
vn 0.050 0.998 -0.031
vn -0.170 0.982 0.085
vn -0.006 1.000 -0.004
vn 0.359 0.925 -0.126
vn 0.125 0.989 0.078
vn -0.053 0.993 0.105
vn -0.195 0.971 -0.141
vn -0.056 0.987 -0.149
vn -0.089 0.996 0.010
vn -0.139 0.983 0.119
vn -0.250 0.959 0.135
vn -0.204 0.942 0.268
vn 0.020 0.998 0.055
vn 0.006 1.000 -0.017
vn 0.035 0.999 0.016
vn 0.012 1.000 0.027
vn 0.406 0.913 -0.048
vn 0.303 0.943 -0.140
vn 0.112 0.901 -0.419
vn 0.490 0.840 -0.232
vn -0.029 0.916 -0.401
vn 0.024 0.999 0.035
vn 0.172 0.735 -0.656
vn 0.074 0.886 -0.457
vn 0.269 0.954 -0.130
vn 0.029 0.888 -0.460
vn 0.160 0.827 -0.539
vn -0.109 0.992 0.058
vn 0.106 0.990 0.097
vn -0.099 0.980 0.174
vn 0.061 0.998 -0.009
vn 0.017 1.000 -0.013
vn 0.156 0.987 0.026
vn 0.091 0.980 -0.178
vn -0.071 0.987 -0.146
vn -0.082 0.992 -0.093
vn -0.199 0.980 -0.029
vn -0.022 0.999 -0.043
vn 0.149 0.987 -0.059
vn -0.044 0.999 0.000
vn -0.072 0.997 0.031
vn 0.249 0.953 0.170
vn 0.173 0.979 -0.111
vn 0.077 0.990 0.116
vn -0.011 0.991 0.131
vn -0.025 1.000 0.001
vn 0.007 0.997 0.080
vn 0.200 0.906 0.374
vn -0.064 0.929 -0.365
vn -0.017 0.997 0.082
vn 0.031 0.967 0.253
vn 0.201 0.875 0.441
vn -0.042 0.964 -0.262
vn 0.227 0.973 0.039
vn -0.125 0.990 0.065
vn -0.294 0.885 -0.361
vn 0.094 0.995 0.035
vn -0.052 0.989 0.138
vn -0.096 0.995 -0.001
vn 0.123 0.980 -0.156
vn 0.166 0.986 -0.013
vn -0.000 0.991 0.134
vn 0.144 0.982 0.126
vn -0.140 0.983 0.122
vn -0.163 0.986 0.014
vn 0.010 0.991 0.134
vn 0.007 1.000 0.030
vn -0.009 0.997 0.074
vn -0.194 0.980 0.055
vn -0.227 0.966 0.125
vn -0.070 0.998 -0.003
vn 0.041 0.998 -0.057
vn -0.034 0.999 0.024
vn 0.243 0.965 -0.097
vn 0.263 0.945 -0.195
vn 0.419 0.878 -0.233
vn 0.099 0.995 -0.014
vn -0.192 0.967 0.169
vn -0.035 0.995 0.089
vn 0.067 0.996 -0.061
vn 0.004 1.000 0.022
vn -0.009 0.998 0.057
vn 0.172 0.985 0.016
vn 0.363 0.931 0.027
vn 0.129 0.963 0.235
vn 0.197 0.980 0.010
vn -0.108 0.993 0.045
vn -0.039 0.989 0.140
vn -0.082 0.994 0.075
vn -0.179 0.982 0.059
vn 0.012 1.000 0.010
vn 0.099 0.995 0.010
vn -0.109 0.992 0.064
vn -0.060 0.997 0.054
vn 0.036 0.997 0.068
vn 0.178 0.984 -0.017
vn 0.231 0.970 0.071
vn 0.530 0.838 0.129
vn -0.308 0.923 -0.229
vn 0.012 0.994 -0.108
vn -0.355 0.931 -0.081
vn -0.016 0.988 0.152
vn 0.170 0.984 -0.052
vn -0.087 0.995 0.047
vn -0.062 0.990 0.127
vn 0.148 0.988 -0.050
vn 0.071 0.974 -0.214
vn 0.085 0.979 -0.183
vn -0.002 0.998 -0.059
vn 0.062 0.995 -0.084
vn 0.058 0.998 -0.035
vn -0.146 0.984 0.105
vn -0.120 0.983 -0.141
vn -0.114 0.988 0.103
vn -0.234 0.960 0.154
vn -0.307 0.952 -0.025
vn -0.257 0.959 -0.117
vn -0.039 0.998 -0.057
vn -0.005 1.000 -0.011
vn -0.044 0.998 0.044
vn 0.066 0.996 -0.059
vn 0.279 0.923 -0.266
vn 0.244 0.920 -0.307
vn 0.316 0.922 -0.225
vn 0.496 0.797 -0.345
vn 0.291 0.909 -0.300
vn -0.094 0.994 0.051
vn -0.139 0.990 0.017
vn 0.072 0.997 -0.039
vn 0.015 1.000 0.027
vn 0.007 1.000 -0.021
vn 0.032 0.996 -0.082
vn 0.082 0.997 -0.016
vn 0.006 0.996 0.085
vn -0.010 0.995 0.104
vn -0.097 0.985 0.145
vn -0.087 0.995 0.042
vn 0.034 0.999 0.006
vn 0.043 0.994 0.097
vn -0.070 0.995 0.077
vn -0.050 0.998 0.045
vn 0.151 0.985 -0.080
vn 0.232 0.970 -0.078
vn 0.246 0.969 -0.006
vn 0.362 0.889 -0.279
vn 0.249 0.965 -0.079
vn 0.208 0.975 -0.076
vn 0.107 0.994 0.001
vn 0.010 1.000 -0.004
vn 0.255 0.965 -0.057
vn 0.028 0.999 0.023
vn 0.035 0.999 -0.025
vn -0.054 0.997 0.057
vn 0.009 0.992 0.129
vn -0.073 0.969 0.236
vn -0.037 0.997 0.073
vn -0.028 0.998 -0.062
vn -0.130 0.986 0.103
vn 0.108 0.991 0.083
vn -0.095 0.989 0.112
vn -0.445 0.892 -0.083
vn 0.120 0.988 -0.098
vn -0.101 0.995 0.013
vn 0.156 0.984 0.086
vn -0.286 0.958 0.023
vn -0.775 0.631 0.038
vn -0.372 0.910 0.183
vn -0.417 0.907 0.054
vn -0.154 0.908 -0.390
vn -0.338 0.927 0.165
vn 0.034 0.988 0.149
vn 0.590 0.786 -0.183
vn -0.739 0.626 0.249
vn -0.260 0.949 0.180
vn -0.059 0.902 -0.427
vn -0.105 0.989 0.101
vn 0.069 0.997 -0.038
vn -0.052 0.998 0.042
vn 0.281 0.913 -0.297
vn 0.267 0.910 -0.317
vn 0.461 0.823 -0.333
vn 0.249 0.936 -0.249
vn 0.359 0.798 -0.484
vn 0.298 0.914 -0.275
vn -0.015 0.998 -0.054
vn -0.183 0.983 0.027
vn -0.083 0.996 -0.021
vn 0.005 1.000 0.016
vn 0.042 0.999 0.008
vn 0.097 0.993 -0.070
vn -0.034 0.999 0.008
vn 0.017 0.998 0.057
vn -0.004 0.998 0.061
vn -0.055 0.994 0.091
vn -0.019 0.998 0.055
vn -0.057 0.998 0.039
vn -0.033 0.998 0.054
vn -0.002 0.995 0.096
vn -0.022 0.997 0.074
vn 0.020 1.000 -0.011
vn 0.318 0.948 -0.012
vn -0.063 0.997 -0.040
vn -0.358 0.915 0.187
vn -0.654 0.753 -0.072
vn -0.750 0.623 0.221
vn -0.830 0.417 0.369
vn -0.148 0.989 0.018
vn 0.049 0.984 -0.169
vn -0.187 0.971 0.150
vn 0.156 0.988 0.020
vn 0.042 0.999 0.033
vn 0.101 0.995 -0.009
vn 0.133 0.986 0.104
vn 0.055 0.976 0.212
vn -0.019 0.966 0.258
vn -0.068 0.972 0.226
vn -0.041 0.984 0.175
vn 0.023 0.992 0.128
vn 0.053 0.998 -0.017
vn -0.062 0.998 -0.013
vn 0.124 0.963 -0.240
vn -0.056 0.992 -0.111
vn -0.496 0.866 -0.066
vn -0.250 0.947 -0.201
vn 0.080 0.932 -0.353
vn 0.380 0.826 -0.417
vn -0.108 0.931 -0.350
vn -0.072 0.997 0.003
vn -0.036 0.894 -0.446
vn -0.380 0.919 -0.108
vn -0.656 0.735 0.170
vn -0.190 0.979 -0.080
vn -0.313 0.949 -0.048
vn 0.129 0.988 -0.085
vn 0.001 1.000 0.019
vn 0.392 0.920 0.011
vn 0.407 0.913 0.020
vn 0.339 0.931 0.134
vn -0.070 0.997 0.019
vn -0.132 0.991 -0.005
vn -0.101 0.995 0.003
vn -0.002 1.000 0.019
vn 0.100 0.995 -0.016
vn 0.012 0.999 0.041
vn -0.079 0.992 0.097
vn 0.027 0.998 0.061
vn -0.040 0.994 0.099
vn -0.047 0.994 0.102
vn 0.006 0.998 0.065
vn -0.054 0.995 0.081
vn -0.017 0.999 0.029
vn 0.000 1.000 0.031
vn 0.033 0.999 -0.000
vn 0.062 0.997 -0.053
vn 0.155 0.988 0.017
vn -0.007 1.000 0.021
vn 0.080 0.993 -0.081
vn -0.024 0.994 -0.105
vn -0.117 0.990 0.080
vn 0.243 0.970 -0.021
vn 0.060 0.998 -0.026
vn 0.051 0.997 -0.060
vn -0.048 0.998 0.049
vn -0.004 0.998 0.062
vn -0.013 0.990 0.139
vn 0.047 0.994 0.101
vn -0.055 0.992 0.111
vn 0.147 0.989 0.033
vn 0.061 0.996 0.066
vn -0.270 0.961 0.065
vn 0.128 0.992 0.022
vn -0.130 0.985 0.110
vn 0.376 0.878 0.298
vn 0.202 0.898 0.391
vn -0.187 0.950 0.251
vn -0.363 0.929 0.069
vn -0.276 0.764 0.584
vn -0.129 0.980 -0.154
vn -0.138 0.928 0.347
vn -0.313 0.947 0.071
vn -0.080 0.994 -0.069
vn -0.311 0.863 0.399
vn -0.169 0.976 0.138
vn -0.087 0.996 -0.009
vn 0.216 0.971 -0.100
vn 0.390 0.912 -0.126
vn 0.175 0.984 -0.015
vn -0.050 0.998 -0.025
vn -0.136 0.990 -0.038
vn -0.096 0.993 -0.075
vn 0.041 0.986 -0.159
vn 0.048 0.994 -0.097
vn -0.086 0.994 0.064
vn -0.005 1.000 0.009
vn -0.004 1.000 0.006
vn -0.048 0.999 0.001
vn 0.043 0.993 -0.107
vn -0.038 0.993 -0.114
vn -0.008 0.992 -0.128
vn -0.059 0.996 -0.066
vn 0.010 1.000 -0.025
vn 0.120 0.986 -0.115
vn 0.022 0.986 -0.165
vn 0.186 0.969 -0.163
vn 0.068 0.996 0.055
vn 0.208 0.969 0.134
vn 0.031 0.998 0.046
vn 0.041 0.997 0.068
vn 0.067 0.991 -0.114
vn -0.107 0.985 -0.135
vn -0.076 0.996 -0.052
vn 0.025 0.998 -0.052
vn 0.057 0.992 -0.116
vn 0.114 0.985 -0.129
vn -0.045 0.979 0.201
vn -0.223 0.973 0.058
vn -0.145 0.983 0.110
vn -0.103 0.956 0.276
vn -0.056 0.990 0.133
vn -0.078 0.995 0.063
vn -0.076 0.997 0.031
vn 0.437 0.869 -0.230
vn 0.400 0.914 0.072
vn 0.260 0.958 0.123
vn 0.781 0.583 -0.222
vn -0.199 0.876 0.439
vn -0.549 0.766 0.334
vn -0.213 0.960 0.182
vn 0.017 0.996 0.091
vn 0.449 0.893 0.039
vn -0.327 0.908 0.263
vn 0.638 0.762 -0.115
vn 0.185 0.944 0.274
vn 0.132 0.991 -0.025
vn -0.076 0.994 -0.076
vn 0.045 0.971 -0.237
vn -0.015 0.977 -0.212
vn -0.154 0.976 -0.157
vn -0.131 0.991 -0.007
vn 0.038 0.999 -0.008
vn -0.013 1.000 0.014
vn 0.075 0.995 -0.072
vn 0.086 0.985 -0.150
vn -0.028 0.988 -0.152
vn -0.071 0.989 -0.129
vn -0.146 0.989 -0.029
vn 0.124 0.980 -0.157
vn 0.157 0.962 -0.222
vn 0.056 0.980 -0.190
vn -0.005 0.954 -0.299
vn -0.213 0.977 0.031
vn 0.002 0.949 -0.315
vn -0.296 0.862 0.412
vn -0.156 0.817 0.554
vn -0.097 0.920 0.381
vn 0.247 0.950 -0.189
vn -0.372 0.925 0.082
vn -0.208 0.976 -0.066
vn 0.106 0.983 0.148
vn 0.123 0.980 0.157
vn -0.025 1.000 0.014
vn -0.025 0.944 -0.329
vn 0.098 0.993 0.065
vn 0.175 0.984 0.031
vn -0.097 0.995 -0.023
vn -0.015 0.990 -0.141
vn -0.091 0.995 0.034
vn -0.083 0.996 0.034
vn 0.017 0.990 0.143
vn 0.155 0.983 0.102
vn 0.088 0.995 0.049
vn -0.107 0.954 -0.280
vn -0.212 0.976 0.049
vn 0.083 0.892 0.444
vn -0.178 0.967 0.183
vn 0.055 0.974 0.218
vn -0.065 0.891 0.449
vn -0.038 0.969 0.245
vn 0.364 0.925 -0.111
vn 0.228 0.922 0.311
vn -0.383 0.785 0.487
vn -0.292 0.930 -0.223
vn -0.176 0.832 0.526
vn -0.275 0.888 0.368
vn -0.271 0.937 0.220
vn 0.011 0.988 0.154
vn -0.091 0.950 0.298
vn -0.228 0.954 0.196
vn 0.055 0.964 0.261
vn 0.029 0.996 0.088
vn -0.019 1.000 0.016
vn 0.206 0.978 0.023
vn 0.402 0.910 0.103
vn 0.493 0.868 0.062
vn 0.003 1.000 0.004
vn 0.401 0.898 -0.182
vn -0.030 0.997 -0.068
vn 0.370 0.929 0.019
vn -0.043 0.992 0.115
vn 0.015 0.918 0.395
vn 0.119 0.969 0.218
vn -0.029 0.960 0.279
vn -0.076 0.984 -0.162
vn -0.227 0.965 -0.133
vn 0.121 0.960 0.251
vn -0.204 0.976 -0.071
vn -0.007 1.000 -0.016
vn 0.022 1.000 -0.014
vn 0.151 0.987 -0.049
vn 0.071 0.997 -0.025
vn -0.006 0.999 -0.042
vn -0.136 0.990 -0.031
vn -0.023 0.990 -0.137
vn 0.186 0.972 -0.145
vn 0.180 0.967 -0.181
vn 0.064 0.975 -0.213
vn 0.127 0.948 -0.293
vn 0.149 0.953 -0.262
vn 0.087 0.955 -0.285
vn 0.165 0.916 -0.367
vn -0.403 0.915 -0.026
vn -0.686 0.711 0.157
vn -0.409 0.897 0.168
vn -0.681 0.728 0.078
vn -0.488 0.869 0.083
vn 0.159 0.948 -0.277
vn -0.556 0.792 -0.254
vn -0.250 0.959 -0.133
vn -0.378 0.880 -0.287
vn -0.024 0.980 -0.196
vn 0.019 0.968 -0.250
vn 0.058 0.993 0.099
vn 0.525 0.796 0.301
vn 0.244 0.959 -0.142
vn 0.096 0.928 0.359
vn -0.090 0.889 0.450
vn 0.169 0.821 0.546
vn -0.195 0.980 -0.038
vn 0.007 1.000 -0.023
vn 0.162 0.984 0.073
vn 0.000 0.984 0.180
vn 0.178 0.924 0.337
vn -0.033 0.996 0.083
vn 0.104 0.994 -0.034
vn 0.161 0.987 -0.008
vn 0.012 0.999 -0.032
vn -0.166 0.983 0.078
vn -0.133 0.991 -0.006
vn 0.131 0.969 0.211
vn 0.054 0.953 0.297
vn 0.088 0.996 -0.020
vn -0.292 0.927 0.235
vn -0.060 0.982 -0.178
vn -0.181 0.919 0.351
vn -0.452 0.891 0.037
vn 0.222 0.964 -0.149
vn -0.090 0.996 0.030
vn -0.337 0.859 0.385
vn -0.138 0.852 0.504
vn -0.246 0.870 0.427
vn -0.045 0.959 0.282
vn -0.164 0.824 0.542
vn -0.010 1.000 0.004
vn 0.055 0.998 -0.024
vn -0.133 0.985 -0.108
vn -0.006 1.000 -0.023
vn 0.012 1.000 0.018
vn 0.107 0.994 -0.032
vn 0.236 0.946 -0.220
vn 0.247 0.966 0.077
vn 0.035 0.999 0.035
vn -0.260 0.959 0.110
vn -0.329 0.906 0.265
vn -0.117 0.992 0.055
vn -0.052 0.909 0.412
vn 0.191 0.884 0.427
vn 0.119 0.968 0.220
vn -0.093 0.975 0.200
vn 0.246 0.786 0.567
vn 0.294 0.908 0.298
vn 0.382 0.868 0.316
vn 0.194 0.910 0.366
vn -0.342 0.939 -0.039
vn 0.134 0.892 0.431
vn -0.207 0.969 -0.135
vn 0.051 0.986 0.161
vn -0.012 0.993 -0.120
vn 0.038 0.989 -0.142
vn 0.103 0.990 -0.096
vn 0.059 0.998 -0.026
vn 0.002 1.000 -0.020
vn -0.075 0.996 -0.053
vn 0.023 0.991 -0.131
vn 0.153 0.983 -0.096
vn 0.278 0.947 -0.158
vn -0.104 0.990 -0.100
vn -0.332 0.934 -0.131
vn -0.478 0.816 -0.325
vn -0.170 0.888 -0.428
vn -0.236 0.881 -0.410
vn 0.037 0.997 -0.063
vn 0.097 0.991 -0.093
vn -0.245 0.892 -0.379
vn -0.033 0.940 -0.340
vn -0.174 0.878 -0.447
vn -0.180 0.983 -0.030
vn 0.238 0.971 0.013
vn 0.324 0.929 -0.179
vn 0.273 0.955 -0.118
vn -0.048 0.965 -0.259
vn -0.054 0.973 -0.225
vn 0.020 0.909 -0.417
vn 0.140 0.990 0.025
vn -0.033 0.999 0.036
vn -0.227 0.972 0.058
vn 0.095 0.994 -0.050
vn -0.093 0.995 -0.041
vn 0.217 0.976 -0.024
vn -0.420 0.887 0.194
vn 0.310 0.937 -0.159
vn 0.001 0.987 0.163
vn -0.224 0.973 0.055
vn -0.075 0.997 0.015
vn -0.080 0.993 0.085
vn 0.041 0.998 -0.053
vn -0.015 1.000 0.000
vn -0.004 1.000 0.009
vn 0.030 0.999 -0.013
vn 0.040 0.998 0.049
vn 0.286 0.951 0.120
vn 0.387 0.922 0.016
vn 0.576 0.804 0.145
vn 0.340 0.922 0.186
vn 0.263 0.965 0.010
vn -0.169 0.974 -0.153
vn -0.110 0.993 0.042
vn -0.323 0.941 0.097
vn 0.051 0.999 0.006
vn 0.017 0.999 0.049
vn -0.031 0.998 0.061
vn 0.127 0.982 0.142
vn 0.287 0.956 0.056
vn -0.226 0.938 -0.264
vn 0.243 0.968 0.067
vn 0.003 0.956 0.295
vn 0.461 0.775 0.433
vn 0.406 0.676 0.615
vn -0.117 0.971 -0.209
vn -0.003 0.993 -0.115
vn -0.002 0.999 -0.052
vn 0.036 0.999 -0.022
vn 0.024 1.000 0.000
vn -0.032 0.997 0.069
vn 0.058 0.998 0.005
vn 0.042 0.995 -0.089
vn 0.163 0.971 -0.174
vn 0.209 0.975 -0.070
vn 0.049 0.999 -0.016
vn 0.031 0.957 -0.288
vn 0.001 1.000 0.008
vn -0.190 0.911 -0.366
vn -0.118 0.990 -0.071
vn 0.094 0.995 -0.039
vn 0.373 0.927 -0.048
vn 0.286 0.908 0.307
vn 0.157 0.987 0.010
vn -0.085 0.966 0.242
vn 0.043 0.995 -0.096
vn -0.087 0.948 0.306
vn -0.172 0.982 -0.073
vn 0.352 0.936 0.028
vn -0.138 0.983 -0.124
vn -0.149 0.977 0.150
vn 0.074 0.970 0.231
vn 0.018 0.984 0.178
vn 0.184 0.958 0.220
vn -0.046 0.999 -0.013
vn -0.056 0.980 0.192
vn -0.150 0.971 0.188
vn -0.216 0.974 0.071
vn -0.301 0.950 0.077
vn -0.092 0.984 0.153
vn -0.395 0.901 0.178
vn -0.005 0.991 0.133
vn 0.071 0.997 -0.029
vn 0.012 0.998 -0.055
vn -0.036 0.999 -0.038
vn 0.006 0.999 -0.040
vn 0.009 1.000 -0.014
vn -0.034 0.999 0.009
vn 0.106 0.980 0.171
vn 0.147 0.986 0.077
vn 0.352 0.858 0.375
vn 0.239 0.910 0.338
vn -0.005 0.956 0.294
vn -0.260 0.954 0.146
vn -0.132 0.987 0.095
vn 0.033 0.999 -0.016
vn -0.011 1.000 0.015
vn -0.005 1.000 0.005
vn -0.016 1.000 0.006
vn 0.027 0.996 0.089
vn 0.278 0.778 0.563
vn 0.180 0.976 0.126
vn 0.406 0.858 0.314
vn 0.332 0.906 0.262
vn 0.205 0.969 0.137
vn -0.008 1.000 0.003
vn 0.042 0.999 -0.008
vn -0.075 0.992 0.099
vn 0.075 0.997 -0.009
vn 0.133 0.964 -0.231
vn 0.010 1.000 0.015
vn 0.058 0.992 -0.113
vn 0.108 0.992 -0.065
vn 0.258 0.936 0.240
vn 0.121 0.988 0.094
vn 0.066 0.997 0.044
vn -0.022 0.999 0.032
vn -0.048 0.996 0.071
vn 0.049 0.998 0.038
vn 0.060 0.997 0.050
vn 0.216 0.923 0.318
vn 0.282 0.922 0.266
vn 0.170 0.980 0.099
vn 0.055 0.851 0.523
vn -0.117 0.977 0.177
vn 0.096 0.994 -0.043
vn -0.394 0.918 0.037
vn -0.198 0.957 0.210
vn -0.046 0.993 -0.106
vn -0.058 0.987 0.147
vn 0.012 0.982 0.191
vn -0.129 0.933 0.335
vn -0.441 0.821 0.362
vn -0.121 0.992 0.040
vn -0.188 0.967 0.171
vn 0.164 0.968 -0.189
vn -0.146 0.984 0.103
vn 0.066 0.992 -0.111
vn 0.029 0.994 -0.104
vn 0.030 0.999 -0.044
vn -0.021 0.999 0.042
vn -0.002 1.000 0.001
vn -0.009 1.000 -0.030
vn -0.018 1.000 -0.024
vn -0.013 0.999 -0.039
vn 0.028 1.000 -0.000
vn -0.016 0.999 0.039
vn 0.016 1.000 -0.008
vn -0.006 1.000 0.018
vn -0.006 1.000 0.021
vn -0.011 1.000 0.012
vn -0.021 1.000 0.011
vn -0.046 0.998 0.035
vn -0.030 1.000 0.007
vn -0.029 0.962 -0.272
vn -0.103 0.924 -0.369
vn 0.402 0.913 -0.068
vn 0.013 0.878 -0.478
vn 0.326 0.945 -0.020
vn 0.207 0.969 -0.134
vn 0.000 1.000 -0.017
vn -0.028 1.000 -0.014
vn -0.058 0.998 -0.036
vn 0.268 0.962 -0.061
vn 0.266 0.933 -0.242
vn -0.005 0.999 -0.037
vn -0.127 0.964 0.232
vn -0.153 0.964 0.219
vn 0.035 0.997 0.076
vn 0.048 0.996 -0.072
vn -0.119 0.982 -0.148
vn -0.414 0.868 -0.274
vn 0.216 0.956 -0.200
vn -0.345 0.906 -0.246
vn 0.352 0.885 0.306
vn 0.293 0.956 -0.014
vn 0.439 0.894 -0.090
vn 0.149 0.987 0.060
vn 0.043 0.985 0.168
vn 0.191 0.970 -0.153
vn 0.089 0.993 0.078
vn 0.062 0.973 0.222
vn 0.102 0.968 0.227
vn -0.015 0.983 0.183
vn -0.053 0.989 0.135
vn -0.458 0.881 -0.117
vn -0.287 0.907 -0.307
vn 0.057 0.998 -0.010
vn -0.240 0.959 -0.149
vn -0.008 1.000 0.011
vn 0.120 0.993 -0.005
vn -0.444 0.896 -0.015
vn 0.045 0.998 0.042
vn 0.050 0.951 0.306
vn 0.047 0.993 -0.111
vn -0.209 0.958 0.196
vn 0.170 0.985 -0.000
vn -0.163 0.868 0.470
vn 0.065 0.996 -0.057
vn -0.016 0.990 -0.141
vn 0.031 0.998 -0.048
vn 0.007 1.000 -0.016
vn -0.082 0.994 0.066
vn 0.024 1.000 0.015
vn 0.058 0.997 -0.058
vn 0.006 0.998 -0.067
vn -0.023 0.999 -0.041
vn -0.031 0.999 -0.011
vn -0.011 1.000 -0.013
vn -0.010 1.000 0.000
vn -0.013 0.999 0.038
vn -0.009 0.997 0.073
vn 0.020 0.999 0.043
vn 0.024 1.000 -0.001
vn -0.068 0.998 -0.005
vn 0.376 0.926 0.035
vn 0.272 0.962 0.015
vn 0.448 0.892 -0.069
vn 0.281 0.924 -0.258
vn 0.331 0.944 -0.004
vn 0.186 0.956 -0.229
vn -0.048 0.995 0.084
vn 0.073 0.996 0.046
vn 0.008 0.999 -0.050
vn -0.070 0.996 -0.046
vn 0.120 0.990 0.074
vn 0.075 0.996 -0.048
vn 0.198 0.976 0.097
vn -0.039 0.981 0.189
vn -0.121 0.984 -0.132
vn -0.168 0.965 0.202
vn 0.033 0.985 0.167
vn 0.159 0.978 0.134
vn 0.094 0.993 0.074
vn 0.039 0.999 0.033
vn -0.003 0.993 -0.116
vn -0.307 0.903 -0.301
vn -0.265 0.932 -0.246
vn -0.492 0.860 -0.135
vn -0.167 0.969 -0.182
vn 0.009 0.972 -0.234
vn 0.051 0.999 -0.016
vn 0.018 1.000 -0.002
vn 0.016 1.000 0.007
vn -0.029 0.999 0.012
vn -0.017 0.998 -0.053
vn 0.075 0.994 -0.082
vn 0.034 0.999 -0.027
vn -0.029 1.000 0.002
vn -0.054 0.998 0.029
vn -0.012 1.000 0.002
vn -0.024 1.000 0.017
vn 0.008 0.998 -0.060
vn 0.071 0.974 -0.215
vn 0.021 0.995 -0.101
vn 0.185 0.973 -0.136
vn 0.150 0.931 -0.331
vn -0.186 0.922 -0.340
vn 0.190 0.853 -0.487
vn -0.115 0.985 -0.129
vn -0.254 0.967 0.025
vn 0.045 0.968 -0.249
vn -0.009 0.999 0.040
vn -0.039 0.996 0.084
vn -0.142 0.983 -0.119
vn 0.347 0.938 0.015
vn 0.219 0.974 0.058
vn 0.408 0.885 -0.225
vn -0.025 0.986 0.163
vn 0.136 0.984 0.111
vn 0.016 0.985 0.169
vn -0.010 0.996 0.091
vn -0.058 0.998 -0.021
vn 0.093 0.992 0.083
vn 0.069 0.993 0.099
vn 0.019 0.997 0.073
vn -0.069 0.998 0.003
vn 0.071 0.997 -0.043
vn 0.062 0.993 0.102
vn 0.056 0.919 0.391
vn 0.214 0.920 0.328
vn 0.198 0.975 0.104
vn -0.150 0.987 -0.058
vn -0.135 0.731 -0.669
vn -0.036 0.962 -0.271
vn 0.110 0.980 0.165
vn -0.026 0.869 -0.494
vn 0.322 0.917 0.235
vn 0.080 0.878 -0.472
vn -0.061 0.866 -0.496
vn -0.199 0.956 -0.215
vn -0.047 0.973 -0.224
vn -0.190 0.958 -0.215
vn -0.104 0.994 -0.033
vn 0.053 0.996 -0.078
vn -0.008 0.998 -0.064
vn -0.016 1.000 -0.004
vn 0.001 1.000 -0.008
vn 0.017 1.000 0.024
vn 0.016 0.998 0.058
vn -0.053 0.994 0.094
vn -0.016 0.999 0.047
vn -0.019 0.996 -0.089
vn 0.139 0.951 -0.277
vn 0.072 0.996 -0.053
vn 0.175 0.835 -0.522
vn 0.170 0.744 -0.646
vn 0.119 0.913 -0.389
vn 0.033 0.996 -0.080
vn 0.120 0.984 -0.130
vn -0.091 0.996 -0.013
vn -0.113 0.993 -0.027
vn 0.057 0.996 -0.073
vn -0.015 0.979 0.201
vn -0.019 0.894 -0.447
vn -0.084 0.883 -0.463
vn -0.010 0.981 0.191
vn 0.080 0.747 -0.660
vn 0.000 0.874 -0.486
vn 0.112 0.957 -0.267
vn 0.106 0.844 -0.526
vn -0.147 0.971 0.187
vn 0.077 0.997 0.004
vn 0.005 0.995 0.099
vn 0.056 0.993 0.106
vn 0.080 0.995 0.054
vn 0.033 0.998 0.050
vn 0.112 0.993 -0.042
vn 0.172 0.961 -0.214
vn -0.036 0.997 -0.070
vn -0.076 0.997 -0.029
vn -0.181 0.982 -0.046
vn 0.031 0.995 -0.091
vn -0.049 0.993 -0.109
vn -0.099 0.982 0.161
vn 0.005 0.959 -0.282
vn 0.002 0.983 0.181
vn 0.158 0.961 0.226
vn 0.112 0.985 -0.131
vn -0.100 0.993 -0.061
vn 0.192 0.968 0.163
vn 0.164 0.981 0.100
vn 0.144 0.983 0.112
vn 0.077 0.995 -0.056
vn -0.293 0.924 -0.246
vn -0.108 0.932 -0.347
vn -0.195 0.937 -0.289
vn 0.128 0.959 -0.252
vn 0.024 0.784 -0.621
vn -0.171 0.958 -0.232
vn -0.085 0.862 -0.499
vn -0.065 0.981 -0.183
vn 0.080 0.953 -0.292
vn -0.025 0.999 0.033
vn -0.006 0.991 0.130
vn 0.048 0.953 -0.298
vn 0.135 0.781 -0.610
vn 0.004 0.896 -0.444
vn 0.221 0.866 -0.449
vn -0.003 0.995 0.101
vn 0.000 0.892 -0.451
vn 0.094 0.989 -0.118
vn 0.057 0.907 -0.416
vn 0.031 0.926 -0.377
vn -0.137 0.730 -0.670
vn 0.001 0.891 -0.454
vn -0.047 0.985 -0.169
vn 0.015 0.985 0.171
vn -0.110 0.882 -0.458
vn 0.014 0.851 -0.526
vn -0.008 0.900 -0.435
vn 0.038 0.860 -0.509
vn -0.034 0.984 0.177
vn -0.009 0.911 -0.413
vn 0.060 0.978 -0.202
vn 0.120 0.858 -0.499
vn 0.118 0.888 -0.444
vn 0.006 0.753 -0.658
vn 0.020 0.919 -0.394
vn -0.004 0.944 -0.331
vn -0.042 0.929 -0.369
vn 0.015 0.935 -0.354
vn 0.087 0.929 -0.361
vn -0.031 0.984 -0.177
vn 0.202 0.824 -0.530
vn 0.206 0.856 -0.474
vn 0.197 0.919 -0.341
vn -0.154 0.971 0.181
vn 0.120 0.987 -0.108
vn 0.008 0.985 0.173
vn 0.383 0.755 -0.533
vn -0.090 0.959 -0.270
vn 0.352 0.848 -0.397
vn -0.141 0.969 0.203
vn -0.195 0.831 0.521
vn -0.166 0.977 -0.135
vn -0.097 0.909 0.405
vn -0.102 0.987 0.122
vn 0.007 0.992 0.123
vn 0.042 0.999 0.030
vn -0.035 0.999 0.034
vn -0.098 0.956 0.277
vn -0.013 0.996 -0.088
vn -0.118 0.959 0.259
vn 0.102 0.967 0.232
vn -0.020 0.997 0.075
vn 0.061 0.998 0.016
vn -0.007 0.996 0.091
vn -0.002 0.999 -0.045
vn 0.113 0.992 0.054
vn 0.018 0.996 0.090
vn 0.051 0.994 0.097
vn 0.157 0.986 0.060
vn 0.100 0.994 0.032
vn 0.062 0.998 0.011
vn -0.040 0.984 0.171
vn -0.198 0.961 0.191
vn -0.048 0.997 0.057
vn 0.098 0.979 -0.178
vn -0.044 0.999 -0.023
vn 0.083 0.992 -0.100
vn -0.040 0.998 -0.048
vn -0.111 0.974 0.198
vt 0.000000 0.000000
vt 0.031265 0.000000
vt 0.062531 0.000000
vt 0.046898 0.000000
vt 0.093796 0.000000
vt 0.078163 0.000000
vt 0.125061 0.000000
vt 0.156326 0.000000
vt 0.187592 0.000000
vt 0.218857 0.000000
vt 0.250122 0.000000
vt 0.281387 0.000000
vt 0.312653 0.000000
vt 0.343918 0.000000
vt 0.375183 0.000000
vt 0.406448 0.000000
vt 0.437714 0.000000
vt 0.468979 0.000000
vt 0.500244 0.000000
vt 0.531510 0.000000
vt 0.562775 0.000000
vt 0.594040 0.000000
vt 0.625305 0.000000
vt 0.609673 0.000000
vt 0.656571 0.000000
vt 0.687836 0.000000
vt 0.719101 0.000000
vt 0.750366 0.000000
vt 0.781632 0.000000
vt 0.812897 0.000000
vt 0.844162 0.000000
vt 0.875427 0.000000
vt 0.906693 0.000000
vt 0.937958 0.000000
vt 0.969223 0.000000
vt 1.000000 0.000000
vt 0.000000 0.031250
vt 0.015633 0.015625
vt 0.031265 0.031250
vt 0.031265 0.015625
vt 0.015633 0.031250
vt 0.046898 0.015625
vt 0.062531 0.031250
vt 0.046898 0.031250
vt 0.078163 0.015625
vt 0.093796 0.031250
vt 0.109428 0.015625
vt 0.125061 0.031250
vt 0.109428 0.031250
vt 0.156326 0.031250
vt 0.187592 0.031250
vt 0.218857 0.031250
vt 0.250122 0.031250
vt 0.281387 0.031250
vt 0.297020 0.015625
vt 0.312653 0.015625
vt 0.304836 0.023438
vt 0.312653 0.031250
vt 0.297020 0.031250
vt 0.304836 0.031250
vt 0.328285 0.015625
vt 0.320469 0.023438
vt 0.343918 0.015625
vt 0.336102 0.023438
vt 0.343918 0.031250
vt 0.328285 0.031250
vt 0.320469 0.031250
vt 0.359551 0.015625
vt 0.375183 0.031250
vt 0.406448 0.031250
vt 0.422081 0.015625
vt 0.437714 0.031250
vt 0.468979 0.031250
vt 0.500244 0.031250
vt 0.531510 0.031250
vt 0.562775 0.031250
vt 0.578407 0.015625
vt 0.594040 0.031250
vt 0.578407 0.031250
vt 0.609673 0.015625
vt 0.625305 0.031250
vt 0.656571 0.031250
vt 0.687836 0.031250
vt 0.719101 0.031250
vt 0.750366 0.031250
vt 0.765999 0.015625
vt 0.781632 0.031250
vt 0.765999 0.031250
vt 0.812897 0.031250
vt 0.844162 0.031250
vt 0.875427 0.031250
vt 0.906693 0.031250
vt 0.937958 0.031250
vt 0.969223 0.031250
vt 0.984612 0.015625
vt 1.000000 0.031250
vt 0.984612 0.031250
vt 0.000000 0.046875
vt 0.000000 0.062500
vt 0.000000 0.054688
vt 0.015633 0.046875
vt 0.007816 0.054688
vt 0.031265 0.046875
vt 0.023449 0.054688
vt 0.031265 0.062500
vt 0.015633 0.062500
vt 0.015633 0.054688
vt 0.046898 0.046875
vt 0.039082 0.039063
vt 0.062531 0.062500
vt 0.093796 0.062500
vt 0.109428 0.046875
vt 0.125061 0.062500
vt 0.156326 0.062500
vt 0.171959 0.046875
vt 0.187592 0.046875
vt 0.179775 0.054688
vt 0.187592 0.062500
vt 0.187592 0.054688
vt 0.171959 0.062500
vt 0.203224 0.046875
vt 0.195408 0.054688
vt 0.218857 0.062500
vt 0.203224 0.062500
vt 0.250122 0.062500
vt 0.265755 0.046875
vt 0.281387 0.046875
vt 0.273571 0.054688
vt 0.281387 0.062500
vt 0.281387 0.054688
vt 0.265755 0.062500
vt 0.289204 0.039063
vt 0.289204 0.046875
vt 0.297020 0.046875
vt 0.293112 0.042969
vt 0.289204 0.054688
vt 0.285296 0.050781
vt 0.304836 0.039063
vt 0.297020 0.039063
vt 0.308745 0.035156
vt 0.312653 0.062500
vt 0.312653 0.046875
vt 0.312653 0.039063
vt 0.312653 0.035156
vt 0.297020 0.062500
vt 0.328285 0.046875
vt 0.320469 0.039063
vt 0.316561 0.035156
vt 0.336102 0.039063
vt 0.328285 0.039063
vt 0.343918 0.062500
vt 0.343918 0.046875
vt 0.359551 0.046875
vt 0.375183 0.062500
vt 0.390816 0.046875
vt 0.406448 0.046875
vt 0.398632 0.054688
vt 0.406448 0.062500
vt 0.390816 0.062500
vt 0.422081 0.046875
vt 0.437714 0.062500
vt 0.468979 0.062500
vt 0.500244 0.062500
vt 0.531510 0.062500
vt 0.547142 0.046875
vt 0.562775 0.062500
vt 0.562775 0.046875
vt 0.578407 0.046875
vt 0.570591 0.054688
vt 0.594040 0.046875
vt 0.586224 0.054688
vt 0.594040 0.062500
vt 0.578407 0.062500
vt 0.578407 0.054688
vt 0.586224 0.062500
vt 0.582316 0.058594
vt 0.609673 0.046875
vt 0.625305 0.062500
vt 0.656571 0.062500
vt 0.672203 0.046875
vt 0.687836 0.062500
vt 0.687836 0.046875
vt 0.703469 0.046875
vt 0.719101 0.062500
vt 0.750366 0.062500
vt 0.765999 0.046875
vt 0.781632 0.062500
vt 0.765999 0.062500
vt 0.812897 0.062500
vt 0.844162 0.062500
vt 0.875427 0.062500
vt 0.906693 0.062500
vt 0.937958 0.062500
vt 0.953591 0.046875
vt 0.969223 0.062500
vt 0.969223 0.046875
vt 0.984612 0.046875
vt 0.976918 0.039063
vt 1.000000 0.062500
vt 0.000000 0.093750
vt 0.015633 0.078125
vt 0.031265 0.093750
vt 0.062531 0.093750
vt 0.093796 0.093750
vt 0.125061 0.093750
vt 0.156326 0.093750
vt 0.171959 0.078125
vt 0.187592 0.093750
vt 0.203224 0.078125
vt 0.218857 0.093750
vt 0.250122 0.093750
vt 0.265755 0.078125
vt 0.281387 0.078125
vt 0.273571 0.085938
vt 0.281387 0.093750
vt 0.265755 0.093750
vt 0.273571 0.093750
vt 0.297020 0.078125
vt 0.289204 0.070313
vt 0.312653 0.093750
vt 0.343918 0.093750
vt 0.375183 0.093750
vt 0.390816 0.078125
vt 0.406448 0.093750
vt 0.437714 0.093750
vt 0.468979 0.093750
vt 0.500244 0.093750
vt 0.531510 0.093750
vt 0.562775 0.093750
vt 0.578407 0.078125
vt 0.586224 0.070313
vt 0.594040 0.093750
vt 0.594040 0.078125
vt 0.609673 0.078125
vt 0.625305 0.093750
vt 0.656571 0.093750
vt 0.687836 0.093750
vt 0.719101 0.093750
vt 0.750366 0.093750
vt 0.765999 0.078125
vt 0.781632 0.093750
vt 0.765999 0.093750
vt 0.812897 0.093750
vt 0.844162 0.093750
vt 0.875427 0.093750
vt 0.906693 0.093750
vt 0.937958 0.093750
vt 0.969223 0.093750
vt 1.000000 0.093750
vt 0.000000 0.125000
vt 0.031265 0.125000
vt 0.062531 0.125000
vt 0.093796 0.125000
vt 0.109428 0.109375
vt 0.125061 0.109375
vt 0.117245 0.117187
vt 0.125061 0.125000
vt 0.125061 0.117187
vt 0.109428 0.125000
vt 0.140694 0.109375
vt 0.132877 0.117187
vt 0.156326 0.125000
vt 0.156326 0.109375
vt 0.140694 0.125000
vt 0.171959 0.109375
vt 0.187592 0.125000
vt 0.218857 0.125000
vt 0.234490 0.109375
vt 0.250122 0.125000
vt 0.234490 0.125000
vt 0.265755 0.109375
vt 0.273571 0.101563
vt 0.281387 0.125000
vt 0.281387 0.109375
vt 0.297020 0.109375
vt 0.312653 0.125000
vt 0.343918 0.125000
vt 0.375183 0.125000
vt 0.406448 0.125000
vt 0.437714 0.125000
vt 0.468979 0.125000
vt 0.500244 0.125000
vt 0.531510 0.125000
vt 0.562775 0.125000
vt 0.594040 0.125000
vt 0.609673 0.109375
vt 0.625305 0.125000
vt 0.625305 0.109375
vt 0.640938 0.109375
vt 0.633122 0.117187
vt 0.656571 0.125000
vt 0.640938 0.125000
vt 0.633122 0.125000
vt 0.687836 0.125000
vt 0.719101 0.125000
vt 0.734734 0.109375
vt 0.750366 0.109375
vt 0.742550 0.117187
vt 0.750366 0.117187
vt 0.746458 0.121094
vt 0.750366 0.125000
vt 0.734734 0.125000
vt 0.742550 0.125000
vt 0.765999 0.109375
vt 0.758183 0.101563
vt 0.758183 0.117187
vt 0.781632 0.125000
vt 0.765999 0.125000
vt 0.812897 0.125000
vt 0.844162 0.125000
vt 0.875427 0.125000
vt 0.906693 0.125000
vt 0.937958 0.125000
vt 0.953591 0.109375
vt 0.969223 0.125000
vt 0.969223 0.109375
vt 0.984612 0.109375
vt 1.000000 0.125000
vt 0.000000 0.156250
vt 0.031265 0.156250
vt 0.062531 0.156250
vt 0.078163 0.140625
vt 0.093796 0.156250
vt 0.093796 0.140625
vt 0.078163 0.156250
vt 0.109428 0.140625
vt 0.101612 0.132813
vt 0.125061 0.156250
vt 0.140694 0.140625
vt 0.156326 0.156250
vt 0.187592 0.156250
vt 0.203224 0.140625
vt 0.218857 0.156250
vt 0.218857 0.140625
vt 0.234490 0.140625
vt 0.226673 0.132813
vt 0.242306 0.132813
vt 0.234490 0.132813
vt 0.250122 0.156250
vt 0.250122 0.140625
vt 0.265755 0.140625
vt 0.281387 0.156250
vt 0.312653 0.156250
vt 0.328285 0.140625
vt 0.343918 0.156250
vt 0.343918 0.140625
vt 0.359551 0.140625
vt 0.375183 0.156250
vt 0.406448 0.156250
vt 0.437714 0.156250
vt 0.468979 0.156250
vt 0.500244 0.156250
vt 0.531510 0.156250
vt 0.562775 0.156250
vt 0.594040 0.156250
vt 0.609673 0.140625
vt 0.625305 0.156250
vt 0.625305 0.140625
vt 0.633122 0.132813
vt 0.633122 0.140625
vt 0.640938 0.140625
vt 0.637030 0.136719
vt 0.633122 0.148437
vt 0.648754 0.132813
vt 0.640938 0.132813
vt 0.637030 0.128906
vt 0.637030 0.132813
vt 0.656571 0.156250
vt 0.656571 0.140625
vt 0.640938 0.156250
vt 0.672203 0.140625
vt 0.687836 0.156250
vt 0.719101 0.156250
vt 0.734734 0.140625
vt 0.742550 0.132813
vt 0.750366 0.156250
vt 0.750366 0.140625
vt 0.765999 0.140625
vt 0.781632 0.156250
vt 0.812897 0.156250
vt 0.844162 0.156250
vt 0.875427 0.156250
vt 0.906693 0.156250
vt 0.937958 0.156250
vt 0.969223 0.156250
vt 1.000000 0.156250
vt 0.000000 0.187500
vt 0.031265 0.187500
vt 0.046898 0.171875
vt 0.062531 0.187500
vt 0.062531 0.171875
vt 0.046898 0.187500
vt 0.078163 0.171875
vt 0.070347 0.164063
vt 0.093796 0.187500
vt 0.125061 0.187500
vt 0.140694 0.171875
vt 0.156326 0.187500
vt 0.156326 0.171875
vt 0.171959 0.171875
vt 0.187592 0.187500
vt 0.218857 0.187500
vt 0.250122 0.187500
vt 0.281387 0.187500
vt 0.312653 0.187500
vt 0.343918 0.187500
vt 0.375183 0.187500
vt 0.406448 0.187500
vt 0.437714 0.187500
vt 0.468979 0.187500
vt 0.500244 0.187500
vt 0.531510 0.187500
vt 0.562775 0.187500
vt 0.594040 0.187500
vt 0.625305 0.187500
vt 0.640938 0.171875
vt 0.656571 0.187500
vt 0.687836 0.187500
vt 0.703469 0.171875
vt 0.719101 0.187500
vt 0.719101 0.171875
vt 0.734734 0.171875
vt 0.750366 0.187500
vt 0.734734 0.187500
vt 0.781632 0.187500
vt 0.812897 0.187500
vt 0.844162 0.187500
vt 0.875427 0.187500
vt 0.906693 0.187500
vt 0.937958 0.187500
vt 0.969223 0.187500
vt 1.000000 0.187500
vt 0.000000 0.218750
vt 0.031265 0.218750
vt 0.046898 0.203125
vt 0.062531 0.218750
vt 0.093796 0.218750
vt 0.109428 0.203125
vt 0.125061 0.218750
vt 0.109428 0.218750
vt 0.156326 0.218750
vt 0.187592 0.218750
vt 0.218857 0.218750
vt 0.250122 0.218750
vt 0.281387 0.218750
vt 0.312653 0.218750
vt 0.343918 0.218750
vt 0.375183 0.218750
vt 0.406448 0.218750
vt 0.437714 0.218750
vt 0.468979 0.218750
vt 0.500244 0.218750
vt 0.531510 0.218750
vt 0.562775 0.218750
vt 0.594040 0.218750
vt 0.625305 0.218750
vt 0.656571 0.218750
vt 0.687836 0.218750
vt 0.703469 0.203125
vt 0.719101 0.218750
vt 0.719101 0.203125
vt 0.734734 0.203125
vt 0.726917 0.210937
vt 0.750366 0.218750
vt 0.734734 0.218750
vt 0.726917 0.218750
vt 0.765999 0.203125
vt 0.781632 0.218750
vt 0.812897 0.218750
vt 0.844162 0.218750
vt 0.875427 0.218750
vt 0.906693 0.218750
vt 0.937958 0.218750
vt 0.969223 0.218750
vt 1.000000 0.218750
vt 0.000000 0.250000
vt 0.031265 0.250000
vt 0.062531 0.250000
vt 0.093796 0.250000
vt 0.109428 0.234375
vt 0.125061 0.250000
vt 0.156326 0.250000
vt 0.187592 0.250000
vt 0.218857 0.250000
vt 0.250122 0.250000
vt 0.281387 0.250000
vt 0.312653 0.250000
vt 0.343918 0.250000
vt 0.375183 0.250000
vt 0.406448 0.250000
vt 0.437714 0.250000
vt 0.468979 0.250000
vt 0.484612 0.234375
vt 0.500244 0.250000
vt 0.484612 0.250000
vt 0.531510 0.250000
vt 0.562775 0.250000
vt 0.594040 0.250000
vt 0.625305 0.250000
vt 0.656571 0.250000
vt 0.687836 0.250000
vt 0.703469 0.234375
vt 0.719101 0.250000
vt 0.719101 0.234375
vt 0.703469 0.250000
vt 0.734734 0.234375
vt 0.726917 0.226563
vt 0.750366 0.250000
vt 0.781632 0.250000
vt 0.812897 0.250000
vt 0.844162 0.250000
vt 0.875427 0.250000
vt 0.906693 0.250000
vt 0.937958 0.250000
vt 0.969223 0.250000
vt 1.000000 0.250000
vt 0.000000 0.265625
vt 0.000000 0.281250
vt 0.015633 0.265625
vt 0.031265 0.281250
vt 0.062531 0.281250
vt 0.093796 0.281250
vt 0.125061 0.281250
vt 0.156326 0.281250
vt 0.187592 0.281250
vt 0.218857 0.281250
vt 0.250122 0.281250
vt 0.281387 0.281250
vt 0.312653 0.281250
vt 0.343918 0.281250
vt 0.375183 0.281250
vt 0.406448 0.281250
vt 0.437714 0.281250
vt 0.468979 0.281250
vt 0.484612 0.265625
vt 0.500244 0.281250
vt 0.531510 0.281250
vt 0.562775 0.281250
vt 0.578407 0.265625
vt 0.594040 0.265625
vt 0.586224 0.273438
vt 0.594040 0.281250
vt 0.578407 0.281250
vt 0.609673 0.265625
vt 0.625305 0.265625
vt 0.617489 0.273438
vt 0.625305 0.281250
vt 0.609673 0.281250
vt 0.640938 0.265625
vt 0.656571 0.281250
vt 0.672203 0.265625
vt 0.687836 0.281250
vt 0.687836 0.265625
vt 0.703469 0.265625
vt 0.695652 0.257813
vt 0.719101 0.281250
vt 0.703469 0.281250
vt 0.750366 0.281250
vt 0.781632 0.281250
vt 0.812897 0.281250
vt 0.844162 0.281250
vt 0.875427 0.281250
vt 0.906693 0.281250
vt 0.937958 0.281250
vt 0.969223 0.281250
vt 1.000000 0.281250
vt 0.000000 0.296875
vt 0.000000 0.312500
vt 0.015633 0.296875
vt 0.031265 0.312500
vt 0.062531 0.312500
vt 0.093796 0.312500
vt 0.125061 0.312500
vt 0.156326 0.312500
vt 0.187592 0.312500
vt 0.218857 0.312500
vt 0.250122 0.312500
vt 0.281387 0.312500
vt 0.312653 0.312500
vt 0.343918 0.312500
vt 0.375183 0.312500
vt 0.406448 0.312500
vt 0.437714 0.312500
vt 0.468979 0.312500
vt 0.500244 0.312500
vt 0.531510 0.312500
vt 0.562775 0.312500
vt 0.578407 0.296875
vt 0.594040 0.296875
vt 0.586224 0.304688
vt 0.594040 0.312500
vt 0.578407 0.312500
vt 0.586224 0.312500
vt 0.609673 0.296875
vt 0.625305 0.312500
vt 0.640938 0.296875
vt 0.656571 0.296875
vt 0.648754 0.304688
vt 0.656571 0.312500
vt 0.640938 0.312500
vt 0.672203 0.296875
vt 0.687836 0.312500
vt 0.687836 0.296875
vt 0.703469 0.296875
vt 0.719101 0.312500
vt 0.750366 0.312500
vt 0.781632 0.312500
vt 0.812897 0.312500
vt 0.844162 0.312500
vt 0.875427 0.312500
vt 0.906693 0.312500
vt 0.937958 0.312500
vt 0.969223 0.312500
vt 1.000000 0.312500
vt 0.000000 0.343750
vt 0.000000 0.328125
vt 0.015633 0.328125
vt 0.031265 0.343750
vt 0.062531 0.343750
vt 0.093796 0.343750
vt 0.125061 0.343750
vt 0.156326 0.343750
vt 0.187592 0.343750
vt 0.218857 0.343750
vt 0.250122 0.343750
vt 0.281387 0.343750
vt 0.312653 0.343750
vt 0.343918 0.343750
vt 0.375183 0.343750
vt 0.406448 0.343750
vt 0.437714 0.343750
vt 0.468979 0.343750
vt 0.500244 0.343750
vt 0.531510 0.343750
vt 0.562775 0.343750
vt 0.578407 0.328125
vt 0.586224 0.320313
vt 0.594040 0.343750
vt 0.594040 0.328125
vt 0.609673 0.328125
vt 0.625305 0.343750
vt 0.625305 0.328125
vt 0.640938 0.328125
vt 0.633122 0.335938
vt 0.656571 0.343750
vt 0.640938 0.343750
vt 0.633122 0.343750
vt 0.687836 0.343750
vt 0.719101 0.343750
vt 0.750366 0.343750
vt 0.781632 0.343750
vt 0.812897 0.343750
vt 0.844162 0.343750
vt 0.875427 0.343750
vt 0.906693 0.343750
vt 0.937958 0.343750
vt 0.969223 0.343750
vt 1.000000 0.343750
vt 0.000000 0.375000
vt 0.031265 0.375000
vt 0.062531 0.375000
vt 0.093796 0.375000
vt 0.125061 0.375000
vt 0.156326 0.375000
vt 0.187592 0.375000
vt 0.218857 0.375000
vt 0.250122 0.375000
vt 0.281387 0.375000
vt 0.312653 0.375000
vt 0.343918 0.375000
vt 0.375183 0.375000
vt 0.406448 0.375000
vt 0.437714 0.375000
vt 0.468979 0.375000
vt 0.500244 0.375000
vt 0.531510 0.375000
vt 0.562775 0.375000
vt 0.578407 0.359375
vt 0.594040 0.359375
vt 0.586224 0.367188
vt 0.594040 0.375000
vt 0.578407 0.375000
vt 0.586224 0.375000
vt 0.609673 0.359375
vt 0.625305 0.375000
vt 0.625305 0.359375
vt 0.609673 0.375000
vt 0.640938 0.359375
vt 0.633122 0.351563
vt 0.633122 0.367188
vt 0.656571 0.375000
vt 0.640938 0.375000
vt 0.633122 0.375000
vt 0.687836 0.375000
vt 0.719101 0.375000
vt 0.750366 0.375000
vt 0.781632 0.375000
vt 0.812897 0.375000
vt 0.844162 0.375000
vt 0.875427 0.375000
vt 0.906693 0.375000
vt 0.937958 0.375000
vt 0.969223 0.375000
vt 1.000000 0.375000
vt 0.000000 0.406250
vt 0.031265 0.406250
vt 0.062531 0.406250
vt 0.093796 0.406250
vt 0.125061 0.406250
vt 0.156326 0.406250
vt 0.187592 0.406250
vt 0.218857 0.406250
vt 0.250122 0.406250
vt 0.281387 0.406250
vt 0.312653 0.406250
vt 0.343918 0.406250
vt 0.375183 0.406250
vt 0.406448 0.406250
vt 0.437714 0.406250
vt 0.468979 0.406250
vt 0.500244 0.406250
vt 0.531510 0.406250
vt 0.562775 0.406250
vt 0.578407 0.390625
vt 0.586224 0.382813
vt 0.590132 0.378906
vt 0.586224 0.398438
vt 0.594040 0.390625
vt 0.586224 0.390625
vt 0.594040 0.406250
vt 0.590132 0.386719
vt 0.594040 0.382813
vt 0.590132 0.382813
vt 0.578407 0.406250
vt 0.601856 0.382813
vt 0.601856 0.390625
vt 0.609673 0.390625
vt 0.601856 0.398438
vt 0.625305 0.406250
vt 0.625305 0.390625
vt 0.609673 0.406250
vt 0.633122 0.382813
vt 0.633122 0.390625
vt 0.640938 0.390625
vt 0.633122 0.398438
vt 0.656571 0.406250
vt 0.640938 0.406250
vt 0.687836 0.406250
vt 0.719101 0.406250
vt 0.750366 0.406250
vt 0.781632 0.406250
vt 0.812897 0.406250
vt 0.844162 0.406250
vt 0.875427 0.406250
vt 0.906693 0.406250
vt 0.937958 0.406250
vt 0.969223 0.406250
vt 1.000000 0.406250
vt 0.000000 0.437500
vt 0.031265 0.437500
vt 0.062531 0.437500
vt 0.093796 0.437500
vt 0.125061 0.437500
vt 0.140694 0.421875
vt 0.156326 0.437500
vt 0.187592 0.437500
vt 0.218857 0.437500
vt 0.250122 0.437500
vt 0.281387 0.437500
vt 0.312653 0.437500
vt 0.343918 0.437500
vt 0.375183 0.437500
vt 0.406448 0.437500
vt 0.437714 0.437500
vt 0.468979 0.437500
vt 0.500244 0.437500
vt 0.515877 0.421875
vt 0.531510 0.437500
vt 0.531510 0.421875
vt 0.547142 0.421875
vt 0.562775 0.437500
vt 0.547142 0.437500
vt 0.578407 0.421875
vt 0.594040 0.437500
vt 0.609673 0.421875
vt 0.625305 0.437500
vt 0.625305 0.421875
vt 0.609673 0.437500
vt 0.640938 0.421875
vt 0.633122 0.414063
vt 0.656571 0.437500
vt 0.687836 0.437500
vt 0.719101 0.437500
vt 0.750366 0.437500
vt 0.781632 0.437500
vt 0.812897 0.437500
vt 0.844162 0.437500
vt 0.875427 0.437500
vt 0.906693 0.437500
vt 0.937958 0.437500
vt 0.969223 0.437500
vt 1.000000 0.437500
vt 0.000000 0.468750
vt 0.031265 0.468750
vt 0.062531 0.468750
vt 0.093796 0.468750
vt 0.125061 0.468750
vt 0.140694 0.453125
vt 0.156326 0.468750
vt 0.187592 0.468750
vt 0.218857 0.468750
vt 0.250122 0.468750
vt 0.281387 0.468750
vt 0.312653 0.468750
vt 0.343918 0.468750
vt 0.375183 0.468750
vt 0.406448 0.468750
vt 0.437714 0.468750
vt 0.453346 0.453125
vt 0.468979 0.453125
vt 0.461163 0.460938
vt 0.468979 0.460938
vt 0.465071 0.464844
vt 0.468979 0.468750
vt 0.453346 0.468750
vt 0.461163 0.468750
vt 0.484612 0.453125
vt 0.476795 0.460938
vt 0.500244 0.453125
vt 0.492428 0.460938
vt 0.500244 0.468750
vt 0.500244 0.460938
vt 0.484612 0.460938
vt 0.480703 0.464844
vt 0.484612 0.468750
vt 0.476795 0.468750
vt 0.492428 0.468750
vt 0.488520 0.464844
vt 0.515877 0.453125
vt 0.508061 0.460938
vt 0.531510 0.453125
vt 0.523693 0.460938
vt 0.531510 0.468750
vt 0.515877 0.468750
vt 0.547142 0.453125
vt 0.539326 0.445313
vt 0.562775 0.468750
vt 0.594040 0.468750
vt 0.609673 0.453125
vt 0.625305 0.468750
vt 0.609673 0.468750
vt 0.656571 0.468750
vt 0.687836 0.468750
vt 0.719101 0.468750
vt 0.750366 0.468750
vt 0.781632 0.468750
vt 0.812897 0.468750
vt 0.844162 0.468750
vt 0.875427 0.468750
vt 0.906693 0.468750
vt 0.937958 0.468750
vt 0.969223 0.468750
vt 1.000000 0.468750
vt 0.000000 0.500000
vt 0.031265 0.500000
vt 0.062531 0.500000
vt 0.093796 0.500000
vt 0.125061 0.500000
vt 0.156326 0.500000
vt 0.187592 0.500000
vt 0.218857 0.500000
vt 0.250122 0.500000
vt 0.281387 0.500000
vt 0.297020 0.484375
vt 0.312653 0.500000
vt 0.343918 0.500000
vt 0.375183 0.500000
vt 0.406448 0.500000
vt 0.422081 0.484375
vt 0.437714 0.484375
vt 0.429897 0.492188
vt 0.437714 0.500000
vt 0.437714 0.492188
vt 0.422081 0.500000
vt 0.453346 0.484375
vt 0.445530 0.476563
vt 0.445530 0.492188
vt 0.461163 0.476563
vt 0.453346 0.476563
vt 0.468979 0.500000
vt 0.468979 0.484375
vt 0.453346 0.500000
vt 0.484612 0.484375
vt 0.476795 0.476563
vt 0.492428 0.476563
vt 0.500244 0.500000
vt 0.500244 0.484375
vt 0.515877 0.484375
vt 0.531510 0.500000
vt 0.515877 0.500000
vt 0.547142 0.484375
vt 0.562775 0.500000
vt 0.547142 0.500000
vt 0.578407 0.484375
vt 0.594040 0.484375
vt 0.586224 0.492188
vt 0.594040 0.500000
vt 0.578407 0.500000
vt 0.609673 0.484375
vt 0.601856 0.476563
vt 0.625305 0.500000
vt 0.656571 0.500000
vt 0.687836 0.500000
vt 0.719101 0.500000
vt 0.734734 0.484375
vt 0.750366 0.500000
vt 0.781632 0.500000
vt 0.812897 0.500000
vt 0.844162 0.500000
vt 0.875427 0.500000
vt 0.906693 0.500000
vt 0.937958 0.500000
vt 0.953591 0.484375
vt 0.969223 0.500000
vt 0.969223 0.484375
vt 0.953591 0.500000
vt 0.984612 0.484375
vt 1.000000 0.500000
vt 0.000000 0.531250
vt 0.031265 0.531250
vt 0.062531 0.531250
vt 0.093796 0.531250
vt 0.125061 0.531250
vt 0.156326 0.531250
vt 0.187592 0.531250
vt 0.218857 0.531250
vt 0.250122 0.531250
vt 0.281387 0.531250
vt 0.312653 0.531250
vt 0.343918 0.531250
vt 0.375183 0.531250
vt 0.406448 0.531250
vt 0.422081 0.515625
vt 0.437714 0.531250
vt 0.453346 0.515625
vt 0.468979 0.531250
vt 0.484612 0.515625
vt 0.500244 0.531250
vt 0.500244 0.515625
vt 0.515877 0.515625
vt 0.508061 0.523438
vt 0.523693 0.507813
vt 0.531510 0.531250
vt 0.531510 0.515625
vt 0.531510 0.507813
vt 0.515877 0.531250
vt 0.547142 0.515625
vt 0.539326 0.507813
vt 0.562775 0.531250
vt 0.578407 0.515625
vt 0.594040 0.531250
vt 0.625305 0.531250
vt 0.656571 0.531250
vt 0.687836 0.531250
vt 0.719101 0.531250
vt 0.750366 0.531250
vt 0.781632 0.531250
vt 0.812897 0.531250
vt 0.844162 0.531250
vt 0.875427 0.531250
vt 0.906693 0.531250
vt 0.937958 0.531250
vt 0.953591 0.515625
vt 0.961407 0.507813
vt 0.969223 0.531250
vt 0.969223 0.515625
vt 0.984612 0.515625
vt 1.000000 0.531250
vt 0.000000 0.546875
vt 0.000000 0.562500
vt 0.000000 0.554687
vt 0.015633 0.546875
vt 0.007816 0.554687
vt 0.003908 0.558594
vt 0.031265 0.562500
vt 0.015633 0.562500
vt 0.007816 0.562500
vt 0.062531 0.562500
vt 0.093796 0.562500
vt 0.125061 0.562500
vt 0.156326 0.562500
vt 0.187592 0.562500
vt 0.218857 0.562500
vt 0.250122 0.562500
vt 0.265755 0.546875
vt 0.281387 0.562500
vt 0.297020 0.546875
vt 0.312653 0.562500
vt 0.297020 0.562500
vt 0.343918 0.562500
vt 0.375183 0.562500
vt 0.406448 0.562500
vt 0.437714 0.562500
vt 0.468979 0.562500
vt 0.484612 0.546875
vt 0.500244 0.562500
vt 0.484612 0.562500
vt 0.515877 0.546875
vt 0.531510 0.562500
vt 0.562775 0.562500
vt 0.594040 0.562500
vt 0.625305 0.562500
vt 0.656571 0.562500
vt 0.687836 0.562500
vt 0.703469 0.546875
vt 0.719101 0.562500
vt 0.719101 0.546875
vt 0.734734 0.546875
vt 0.750366 0.562500
vt 0.781632 0.562500
vt 0.812897 0.562500
vt 0.844162 0.562500
vt 0.875427 0.562500
vt 0.906693 0.562500
vt 0.937958 0.562500
vt 0.969223 0.562500
vt 1.000000 0.562500
vt 0.000000 0.593750
vt 0.000000 0.578125
vt 0.007816 0.570313
vt 0.007816 0.578125
vt 0.015633 0.578125
vt 0.007816 0.585938
vt 0.031265 0.593750
vt 0.015633 0.593750
vt 0.062531 0.593750
vt 0.093796 0.593750
vt 0.125061 0.593750
vt 0.156326 0.593750
vt 0.187592 0.593750
vt 0.218857 0.593750
vt 0.250122 0.593750
vt 0.281387 0.593750
vt 0.297020 0.578125
vt 0.312653 0.593750
vt 0.343918 0.593750
vt 0.359551 0.578125
vt 0.375183 0.593750
vt 0.359551 0.593750
vt 0.406448 0.593750
vt 0.437714 0.593750
vt 0.453346 0.578125
vt 0.468979 0.593750
vt 0.468979 0.578125
vt 0.453346 0.593750
vt 0.484612 0.578125
vt 0.476795 0.570313
vt 0.500244 0.593750
vt 0.531510 0.593750
vt 0.562775 0.593750
vt 0.594040 0.593750
vt 0.625305 0.593750
vt 0.656571 0.593750
vt 0.687836 0.593750
vt 0.719101 0.593750
vt 0.750366 0.593750
vt 0.781632 0.593750
vt 0.812897 0.593750
vt 0.844162 0.593750
vt 0.875427 0.593750
vt 0.906693 0.593750
vt 0.937958 0.593750
vt 0.969223 0.593750
vt 0.984612 0.578125
vt 1.000000 0.593750
vt 0.984612 0.593750
vt 0.000000 0.625000
vt 0.015633 0.609375
vt 0.031265 0.625000
vt 0.062531 0.625000
vt 0.093796 0.625000
vt 0.125061 0.625000
vt 0.156326 0.625000
vt 0.187592 0.625000
vt 0.218857 0.625000
vt 0.250122 0.625000
vt 0.281387 0.625000
vt 0.312653 0.625000
vt 0.328285 0.609375
vt 0.343918 0.625000
vt 0.343918 0.609375
vt 0.328285 0.625000
vt 0.359551 0.609375
vt 0.351734 0.601562
vt 0.351734 0.617188
vt 0.367367 0.601562
vt 0.367367 0.617188
vt 0.375183 0.609375
vt 0.367367 0.609375
vt 0.363459 0.613281
vt 0.375183 0.625000
vt 0.359551 0.625000
vt 0.359551 0.617188
vt 0.367367 0.625000
vt 0.363459 0.621094
vt 0.363459 0.617188
vt 0.390816 0.609375
vt 0.406448 0.625000
vt 0.422081 0.609375
vt 0.437714 0.609375
vt 0.429897 0.617188
vt 0.437714 0.625000
vt 0.422081 0.625000
vt 0.453346 0.609375
vt 0.445530 0.601562
vt 0.468979 0.625000
vt 0.500244 0.625000
vt 0.531510 0.625000
vt 0.562775 0.625000
vt 0.594040 0.625000
vt 0.625305 0.625000
vt 0.656571 0.625000
vt 0.687836 0.625000
vt 0.719101 0.625000
vt 0.750366 0.625000
vt 0.781632 0.625000
vt 0.812897 0.625000
vt 0.844162 0.625000
vt 0.875427 0.625000
vt 0.906693 0.625000
vt 0.937958 0.625000
vt 0.969223 0.625000
vt 0.984612 0.609375
vt 0.992306 0.601562
vt 1.000000 0.625000
vt 1.000000 0.609375
vt 1.000000 0.601562
vt 0.984612 0.625000
vt 0.000000 0.640625
vt 0.000000 0.656250
vt 0.015633 0.640625
vt 0.031265 0.656250
vt 0.062531 0.656250
vt 0.093796 0.656250
vt 0.125061 0.656250
vt 0.156326 0.656250
vt 0.187592 0.656250
vt 0.218857 0.656250
vt 0.250122 0.656250
vt 0.281387 0.656250
vt 0.297020 0.640625
vt 0.312653 0.656250
vt 0.297020 0.656250
vt 0.328285 0.640625
vt 0.336102 0.632813
vt 0.336102 0.648438
vt 0.343918 0.640625
vt 0.336102 0.640625
vt 0.343918 0.656250
vt 0.328285 0.656250
vt 0.359551 0.640625
vt 0.367367 0.632813
vt 0.375183 0.656250
vt 0.375183 0.640625
vt 0.390816 0.640625
vt 0.406448 0.656250
vt 0.422081 0.640625
vt 0.437714 0.656250
vt 0.422081 0.656250
vt 0.468979 0.656250
vt 0.500244 0.656250
vt 0.531510 0.656250
vt 0.562775 0.656250
vt 0.594040 0.656250
vt 0.625305 0.656250
vt 0.656571 0.656250
vt 0.687836 0.656250
vt 0.719101 0.656250
vt 0.750366 0.656250
vt 0.781632 0.656250
vt 0.812897 0.656250
vt 0.844162 0.656250
vt 0.875427 0.656250
vt 0.906693 0.656250
vt 0.937958 0.656250
vt 0.969223 0.656250
vt 0.984612 0.640625
vt 1.000000 0.656250
vt 0.000000 0.671875
vt 0.000000 0.687500
vt 0.015633 0.671875
vt 0.031265 0.687500
vt 0.062531 0.687500
vt 0.093796 0.687500
vt 0.125061 0.687500
vt 0.156326 0.687500
vt 0.187592 0.687500
vt 0.218857 0.687500
vt 0.250122 0.687500
vt 0.281387 0.687500
vt 0.297020 0.671875
vt 0.304836 0.664063
vt 0.304836 0.679687
vt 0.312653 0.671875
vt 0.304836 0.671875
vt 0.312653 0.687500
vt 0.297020 0.687500
vt 0.328285 0.671875
vt 0.320469 0.664063
vt 0.336102 0.664063
vt 0.328285 0.664063
vt 0.343918 0.687500
vt 0.343918 0.671875
vt 0.359551 0.671875
vt 0.375183 0.687500
vt 0.406448 0.687500
vt 0.422081 0.671875
vt 0.437714 0.687500
vt 0.468979 0.687500
vt 0.500244 0.687500
vt 0.531510 0.687500
vt 0.562775 0.687500
vt 0.594040 0.687500
vt 0.625305 0.687500
vt 0.656571 0.687500
vt 0.687836 0.687500
vt 0.719101 0.687500
vt 0.750366 0.687500
vt 0.781632 0.687500
vt 0.812897 0.687500
vt 0.844162 0.687500
vt 0.875427 0.687500
vt 0.906693 0.687500
vt 0.937958 0.687500
vt 0.969223 0.687500
vt 1.000000 0.687500
vt 0.000000 0.718750
vt 0.031265 0.718750
vt 0.062531 0.718750
vt 0.093796 0.718750
vt 0.125061 0.718750
vt 0.156326 0.718750
vt 0.187592 0.718750
vt 0.218857 0.718750
vt 0.250122 0.718750
vt 0.281387 0.718750
vt 0.297020 0.703125
vt 0.312653 0.718750
vt 0.297020 0.718750
vt 0.343918 0.718750
vt 0.375183 0.718750
vt 0.390816 0.703125
vt 0.406448 0.718750
vt 0.406448 0.703125
vt 0.422081 0.703125
vt 0.414265 0.710938
vt 0.437714 0.703125
vt 0.429897 0.710938
vt 0.437714 0.718750
vt 0.422081 0.710938
vt 0.418173 0.714844
vt 0.422081 0.718750
vt 0.414265 0.718750
vt 0.453346 0.703125
vt 0.468979 0.718750
vt 0.500244 0.718750
vt 0.531510 0.718750
vt 0.562775 0.718750
vt 0.594040 0.718750
vt 0.625305 0.718750
vt 0.656571 0.718750
vt 0.687836 0.718750
vt 0.719101 0.718750
vt 0.750366 0.718750
vt 0.781632 0.718750
vt 0.812897 0.718750
vt 0.844162 0.718750
vt 0.875427 0.718750
vt 0.906693 0.718750
vt 0.937958 0.718750
vt 0.953591 0.703125
vt 0.969223 0.718750
vt 0.953591 0.718750
vt 0.984612 0.703125
vt 1.000000 0.703125
vt 0.992306 0.710938
vt 1.000000 0.718750
vt 0.984612 0.718750
vt 0.000000 0.734375
vt 0.000000 0.750000
vt 0.015633 0.734375
vt 0.031265 0.750000
vt 0.015633 0.750000
vt 0.062531 0.750000
vt 0.093796 0.750000
vt 0.125061 0.750000
vt 0.156326 0.750000
vt 0.187592 0.750000
vt 0.218857 0.750000
vt 0.234490 0.734375
vt 0.250122 0.750000
vt 0.250122 0.734375
vt 0.234490 0.750000
vt 0.265755 0.734375
vt 0.257938 0.742188
vt 0.281387 0.750000
vt 0.281387 0.734375
vt 0.265755 0.750000
vt 0.257938 0.750000
vt 0.289204 0.726562
vt 0.289204 0.734375
vt 0.297020 0.734375
vt 0.293112 0.730469
vt 0.289204 0.742188
vt 0.304836 0.726562
vt 0.297020 0.726562
vt 0.312653 0.750000
vt 0.312653 0.734375
vt 0.297020 0.750000
vt 0.328285 0.734375
vt 0.343918 0.750000
vt 0.375183 0.750000
vt 0.390816 0.734375
vt 0.406448 0.750000
vt 0.406448 0.734375
vt 0.422081 0.734375
vt 0.414265 0.726562
vt 0.437714 0.750000
vt 0.422081 0.750000
vt 0.468979 0.750000
vt 0.500244 0.750000
vt 0.531510 0.750000
vt 0.562775 0.750000
vt 0.578407 0.734375
vt 0.594040 0.750000
vt 0.578407 0.750000
vt 0.625305 0.750000
vt 0.656571 0.750000
vt 0.687836 0.750000
vt 0.719101 0.750000
vt 0.750366 0.750000
vt 0.781632 0.750000
vt 0.812897 0.750000
vt 0.844162 0.750000
vt 0.875427 0.750000
vt 0.906693 0.750000
vt 0.922325 0.734375
vt 0.937958 0.750000
vt 0.937958 0.734375
vt 0.953591 0.734375
vt 0.945774 0.742188
vt 0.961407 0.726562
vt 0.961407 0.742188
vt 0.969223 0.734375
vt 0.961407 0.734375
vt 0.957499 0.738281
vt 0.969223 0.750000
vt 0.953591 0.750000
vt 0.953591 0.742188
vt 0.961407 0.750000
vt 0.984612 0.734375
vt 1.000000 0.750000
vt 0.000000 0.781250
vt 0.000000 0.765625
vt 0.007816 0.757813
vt 0.007816 0.765625
vt 0.015633 0.765625
vt 0.007816 0.773438
vt 0.023449 0.757813
vt 0.015633 0.757813
vt 0.031265 0.781250
vt 0.031265 0.765625
vt 0.015633 0.781250
vt 0.046898 0.765625
vt 0.062531 0.781250
vt 0.093796 0.781250
vt 0.125061 0.781250
vt 0.156326 0.781250
vt 0.187592 0.781250
vt 0.203224 0.765625
vt 0.218857 0.781250
vt 0.218857 0.765625
vt 0.234490 0.765625
vt 0.226673 0.757813
vt 0.226673 0.773438
vt 0.242306 0.757813
vt 0.234490 0.757813
vt 0.250122 0.781250
vt 0.250122 0.765625
vt 0.250122 0.757813
vt 0.234490 0.781250
vt 0.265755 0.765625
vt 0.257938 0.757813
vt 0.254030 0.753906
vt 0.281387 0.781250
vt 0.297020 0.765625
vt 0.312653 0.781250
vt 0.343918 0.781250
vt 0.375183 0.781250
vt 0.406448 0.781250
vt 0.422081 0.765625
vt 0.437714 0.781250
vt 0.468979 0.781250
vt 0.484612 0.765625
vt 0.500244 0.781250
vt 0.500244 0.765625
vt 0.515877 0.765625
vt 0.531510 0.781250
vt 0.562775 0.781250
vt 0.578407 0.765625
vt 0.586224 0.757813
vt 0.594040 0.781250
vt 0.594040 0.765625
vt 0.609673 0.765625
vt 0.601856 0.773438
vt 0.625305 0.781250
vt 0.609673 0.781250
vt 0.656571 0.781250
vt 0.687836 0.781250
vt 0.719101 0.781250
vt 0.750366 0.781250
vt 0.781632 0.781250
vt 0.812897 0.781250
vt 0.844162 0.781250
vt 0.875427 0.781250
vt 0.906693 0.781250
vt 0.937958 0.781250
vt 0.953591 0.765625
vt 0.961407 0.757813
vt 0.969223 0.781250
vt 0.969223 0.765625
vt 0.953591 0.781250
vt 0.984612 0.765625
vt 0.976918 0.773438
vt 1.000000 0.781250
vt 0.984612 0.781250
vt 0.000000 0.812500
vt 0.015633 0.796875
vt 0.031265 0.812500
vt 0.015633 0.812500
vt 0.046898 0.796875
vt 0.062531 0.812500
vt 0.046898 0.812500
vt 0.093796 0.812500
vt 0.125061 0.812500
vt 0.156326 0.812500
vt 0.171959 0.796875
vt 0.187592 0.796875
vt 0.179775 0.804687
vt 0.187592 0.812500
vt 0.171959 0.812500
vt 0.179775 0.812500
vt 0.203224 0.796875
vt 0.218857 0.812500
vt 0.234490 0.796875
vt 0.250122 0.812500
vt 0.281387 0.812500
vt 0.312653 0.812500
vt 0.343918 0.812500
vt 0.375183 0.812500
vt 0.390816 0.796875
vt 0.406448 0.796875
vt 0.398632 0.804687
vt 0.406448 0.812500
vt 0.390816 0.812500
vt 0.422081 0.796875
vt 0.437714 0.812500
vt 0.468979 0.812500
vt 0.500244 0.812500
vt 0.531510 0.812500
vt 0.562775 0.812500
vt 0.594040 0.812500
vt 0.609673 0.796875
vt 0.625305 0.796875
vt 0.617489 0.804687
vt 0.625305 0.812500
vt 0.609673 0.812500
vt 0.617489 0.812500
vt 0.640938 0.796875
vt 0.656571 0.812500
vt 0.687836 0.812500
vt 0.719101 0.812500
vt 0.750366 0.812500
vt 0.781632 0.812500
vt 0.812897 0.812500
vt 0.844162 0.812500
vt 0.875427 0.812500
vt 0.906693 0.812500
vt 0.937958 0.812500
vt 0.953591 0.796875
vt 0.969223 0.812500
vt 0.984612 0.796875
vt 1.000000 0.812500
vt 0.000000 0.843750
vt 0.015633 0.828125
vt 0.031265 0.843750
vt 0.031265 0.828125
vt 0.046898 0.828125
vt 0.039082 0.820313
vt 0.039082 0.835938
vt 0.054714 0.820313
vt 0.046898 0.820313
vt 0.062531 0.843750
vt 0.062531 0.828125
vt 0.046898 0.843750
vt 0.078163 0.828125
vt 0.093796 0.843750
vt 0.078163 0.843750
vt 0.125061 0.843750
vt 0.156326 0.843750
vt 0.171959 0.828125
vt 0.179775 0.820313
vt 0.187592 0.843750
vt 0.187592 0.828125
vt 0.203224 0.828125
vt 0.218857 0.843750
vt 0.250122 0.843750
vt 0.281387 0.843750
vt 0.312653 0.843750
vt 0.343918 0.843750
vt 0.375183 0.843750
vt 0.390816 0.828125
vt 0.406448 0.843750
vt 0.406448 0.828125
vt 0.422081 0.828125
vt 0.437714 0.843750
vt 0.453346 0.828125
vt 0.468979 0.843750
vt 0.500244 0.843750
vt 0.531510 0.843750
vt 0.562775 0.843750
vt 0.594040 0.843750
vt 0.609673 0.828125
vt 0.617489 0.820313
vt 0.625305 0.843750
vt 0.625305 0.828125
vt 0.640938 0.828125
vt 0.656571 0.843750
vt 0.687836 0.843750
vt 0.719101 0.843750
vt 0.750366 0.843750
vt 0.781632 0.843750
vt 0.812897 0.843750
vt 0.844162 0.843750
vt 0.859795 0.828125
vt 0.875427 0.843750
vt 0.859795 0.843750
vt 0.906693 0.843750
vt 0.937958 0.843750
vt 0.969223 0.843750
vt 1.000000 0.843750
vt 0.000000 0.875000
vt 0.031265 0.875000
vt 0.046898 0.859375
vt 0.054714 0.851562
vt 0.062531 0.875000
vt 0.062531 0.859375
vt 0.062531 0.851562
vt 0.078163 0.859375
vt 0.070347 0.851562
vt 0.093796 0.875000
vt 0.093796 0.859375
vt 0.109428 0.859375
vt 0.125061 0.875000
vt 0.109428 0.875000
vt 0.140694 0.859375
vt 0.156326 0.859375
vt 0.148510 0.867188
vt 0.156326 0.875000
vt 0.140694 0.875000
vt 0.171959 0.859375
vt 0.187592 0.875000
vt 0.218857 0.875000
vt 0.250122 0.875000
vt 0.281387 0.875000
vt 0.312653 0.875000
vt 0.343918 0.875000
vt 0.375183 0.875000
vt 0.406448 0.875000
vt 0.437714 0.875000
vt 0.468979 0.875000
vt 0.500244 0.875000
vt 0.531510 0.875000
vt 0.562775 0.875000
vt 0.594040 0.875000
vt 0.609673 0.859375
vt 0.625305 0.859375
vt 0.617489 0.867188
vt 0.625305 0.875000
vt 0.609673 0.875000
vt 0.617489 0.875000
vt 0.640938 0.859375
vt 0.656571 0.875000
vt 0.687836 0.875000
vt 0.719101 0.875000
vt 0.750366 0.875000
vt 0.781632 0.875000
vt 0.797264 0.859375
vt 0.812897 0.859375
vt 0.805081 0.867188
vt 0.812897 0.875000
vt 0.797264 0.875000
vt 0.828530 0.859375
vt 0.844162 0.875000
vt 0.844162 0.859375
vt 0.859795 0.859375
vt 0.851978 0.867188
vt 0.867611 0.851562
vt 0.875427 0.859375
vt 0.867611 0.867188
vt 0.875427 0.875000
vt 0.859795 0.875000
vt 0.859795 0.867188
vt 0.891060 0.859375
vt 0.906693 0.875000
vt 0.937958 0.875000
vt 0.969223 0.875000
vt 1.000000 0.875000
vt 0.000000 0.906250
vt 0.000000 0.890625
vt 0.015633 0.890625
vt 0.007816 0.898438
vt 0.031265 0.906250
vt 0.015633 0.906250
vt 0.007816 0.906250
vt 0.062531 0.906250
vt 0.078163 0.890625
vt 0.093796 0.906250
vt 0.093796 0.890625
vt 0.109428 0.890625
vt 0.101612 0.882813
vt 0.125061 0.906250
vt 0.140694 0.890625
vt 0.156326 0.906250
vt 0.187592 0.906250
vt 0.218857 0.906250
vt 0.250122 0.906250
vt 0.281387 0.906250
vt 0.312653 0.906250
vt 0.343918 0.906250
vt 0.375183 0.906250
vt 0.406448 0.906250
vt 0.437714 0.906250
vt 0.468979 0.906250
vt 0.500244 0.906250
vt 0.531510 0.906250
vt 0.562775 0.906250
vt 0.594040 0.906250
vt 0.609673 0.890625
vt 0.617489 0.882813
vt 0.625305 0.906250
vt 0.625305 0.890625
vt 0.609673 0.906250
vt 0.640938 0.890625
vt 0.656571 0.906250
vt 0.687836 0.906250
vt 0.719101 0.906250
vt 0.750366 0.906250
vt 0.781632 0.906250
vt 0.797264 0.890625
vt 0.812897 0.906250
vt 0.844162 0.906250
vt 0.859795 0.890625
vt 0.875427 0.906250
vt 0.906693 0.906250
vt 0.937958 0.906250
vt 0.969223 0.906250
vt 1.000000 0.906250
vt 0.000000 0.937500
vt 0.000000 0.921875
vt 0.015633 0.921875
vt 0.007816 0.914063
vt 0.031265 0.937500
vt 0.062531 0.937500
vt 0.093796 0.937500
vt 0.125061 0.937500
vt 0.156326 0.937500
vt 0.187592 0.937500
vt 0.218857 0.937500
vt 0.250122 0.937500
vt 0.281387 0.937500
vt 0.312653 0.937500
vt 0.343918 0.937500
vt 0.375183 0.937500
vt 0.406448 0.937500
vt 0.437714 0.937500
vt 0.468979 0.937500
vt 0.484612 0.921875
vt 0.500244 0.937500
vt 0.500244 0.921875
vt 0.515877 0.921875
vt 0.508061 0.929687
vt 0.531510 0.937500
vt 0.515877 0.937500
vt 0.562775 0.937500
vt 0.578407 0.921875
vt 0.594040 0.937500
vt 0.578407 0.937500
vt 0.609673 0.921875
vt 0.625305 0.937500
vt 0.609673 0.937500
vt 0.656571 0.937500
vt 0.687836 0.937500
vt 0.719101 0.937500
vt 0.750366 0.937500
vt 0.781632 0.937500
vt 0.797264 0.921875
vt 0.812897 0.937500
vt 0.844162 0.937500
vt 0.875427 0.937500
vt 0.906693 0.937500
vt 0.937958 0.937500
vt 0.969223 0.937500
vt 1.000000 0.937500
vt 0.000000 0.968750
vt 0.015633 0.953125
vt 0.031265 0.953125
vt 0.023449 0.960938
vt 0.031265 0.968750
vt 0.031265 0.960938
vt 0.015633 0.968750
vt 0.046898 0.953125
vt 0.039082 0.960938
vt 0.062531 0.968750
vt 0.046898 0.968750
vt 0.078163 0.953125
vt 0.093796 0.968750
vt 0.125061 0.968750
vt 0.156326 0.968750
vt 0.187592 0.968750
vt 0.218857 0.968750
vt 0.250122 0.968750
vt 0.281387 0.968750
vt 0.312653 0.968750
vt 0.343918 0.968750
vt 0.375183 0.968750
vt 0.406448 0.968750
vt 0.422081 0.953125
vt 0.437714 0.968750
vt 0.422081 0.968750
vt 0.453346 0.953125
vt 0.468979 0.968750
vt 0.453346 0.968750
vt 0.500244 0.968750
vt 0.515877 0.953125
vt 0.531510 0.968750
vt 0.562775 0.968750
vt 0.578407 0.953125
vt 0.586224 0.945313
vt 0.594040 0.968750
vt 0.594040 0.953125
vt 0.594040 0.945313
vt 0.609673 0.953125
vt 0.601856 0.945313
vt 0.625305 0.968750
vt 0.656571 0.968750
vt 0.687836 0.968750
vt 0.719101 0.968750
vt 0.750366 0.968750
vt 0.781632 0.968750
vt 0.812897 0.968750
vt 0.844162 0.968750
vt 0.859795 0.953125
vt 0.875427 0.968750
vt 0.859795 0.968750
vt 0.906693 0.968750
vt 0.937958 0.968750
vt 0.953591 0.953125
vt 0.969223 0.968750
vt 0.969223 0.953125
vt 0.984612 0.953125
vt 1.000000 0.968750
vt 0.000000 1.000000
vt 0.015633 0.984375
vt 0.031265 1.000000
vt 0.046898 0.984375
vt 0.062531 1.000000
vt 0.078163 0.984375
vt 0.093796 1.000000
vt 0.093796 0.984375
vt 0.109428 0.984375
vt 0.101612 0.992188
vt 0.125061 1.000000
vt 0.109428 1.000000
vt 0.156326 1.000000
vt 0.187592 1.000000
vt 0.203224 0.984375
vt 0.218857 0.984375
vt 0.211041 0.992188
vt 0.218857 1.000000
vt 0.218857 0.992188
vt 0.203224 1.000000
vt 0.234490 0.984375
vt 0.226673 0.992188
vt 0.250122 0.984375
vt 0.242306 0.992188
vt 0.250122 1.000000
vt 0.234490 1.000000
vt 0.234490 0.992188
vt 0.265755 0.984375
vt 0.281387 0.984375
vt 0.273571 0.992188
vt 0.281387 1.000000
vt 0.281387 0.992188
vt 0.265755 1.000000
vt 0.297020 0.984375
vt 0.289204 0.992188
vt 0.312653 0.984375
vt 0.304836 0.992188
vt 0.312653 1.000000
vt 0.297020 1.000000
vt 0.297020 0.992188
vt 0.328285 0.984375
vt 0.343918 1.000000
vt 0.343918 0.984375
vt 0.359551 0.984375
vt 0.375183 1.000000
vt 0.390816 0.984375
vt 0.406448 0.984375
vt 0.398632 0.992188
vt 0.406448 1.000000
vt 0.390816 1.000000
vt 0.422081 0.984375
vt 0.414265 0.976562
vt 0.429897 0.976562
vt 0.422081 0.976562
vt 0.437714 1.000000
vt 0.437714 0.984375
vt 0.437714 0.976562
vt 0.453346 0.984375
vt 0.445530 0.976562
vt 0.468979 1.000000
vt 0.500244 1.000000
vt 0.531510 1.000000
vt 0.547142 0.984375
vt 0.562775 1.000000
vt 0.562775 0.984375
vt 0.578407 0.984375
vt 0.594040 1.000000
vt 0.625305 1.000000
vt 0.656571 1.000000
vt 0.687836 1.000000
vt 0.719101 1.000000
vt 0.750366 1.000000
vt 0.781632 1.000000
vt 0.812897 1.000000
vt 0.828530 0.984375
vt 0.844162 1.000000
vt 0.844162 0.984375
vt 0.859795 0.984375
vt 0.851978 0.976562
vt 0.875427 1.000000
vt 0.906693 1.000000
vt 0.937958 1.000000
vt 0.969223 1.000000
vt 1.000000 1.000000
g terrain_g
usemtl terrain_mtl
f 1/1/1 38/38/38 37/37/37
f 2/2/2 38/38/38 1/1/1
f 38/38/38 40/40/40 39/39/39
f 2/2/2 40/40/40 38/38/38
f 38/38/38 41/41/41 37/37/37
f 39/39/39 41/41/41 38/38/38
f 42/42/42 40/40/40 2/2/2
f 39/39/39 40/40/40 42/42/42
f 42/42/42 4/4/4 3/3/3
f 2/2/2 4/4/4 42/42/42
f 43/43/43 42/42/42 3/3/3
f 42/42/42 44/44/44 39/39/39
f 43/43/43 44/44/44 42/42/42
f 3/3/3 45/45/45 43/43/43
f 45/45/45 6/6/6 5/5/5
f 3/3/3 6/6/6 45/45/45
f 46/46/46 45/45/45 5/5/5
f 43/43/43 45/45/45 46/46/46
f 5/5/5 47/47/47 46/46/46
f 7/7/7 47/47/47 5/5/5
f 48/48/48 47/47/47 7/7/7
f 47/47/47 49/49/49 46/46/46
f 48/48/48 49/49/49 47/47/47
f 48/48/48 7/7/7 8/8/8
f 8/8/8 50/50/50 48/48/48
f 50/50/50 8/8/8 9/9/9
f 9/9/9 51/51/51 50/50/50
f 51/51/51 9/9/9 10/10/10
f 10/10/10 52/52/52 51/51/51
f 52/52/52 10/10/10 11/11/11
f 11/11/11 53/53/53 52/52/52
f 53/53/53 11/11/11 12/12/12
f 12/12/12 54/54/54 53/53/53
f 12/12/12 55/55/55 54/54/54
f 13/13/13 55/55/55 12/12/12
f 56/56/56 57/57/57 55/55/55
f 58/58/58 57/57/57 56/56/56
f 13/13/13 56/56/56 55/55/55
f 55/55/55 59/59/59 54/54/54
f 57/57/57 60/60/60 59/59/59
f 58/58/58 60/60/60 57/57/57
f 55/55/55 57/57/57 59/59/59
f 61/61/61 56/56/56 13/13/13
f 56/56/56 62/62/62 58/58/58
f 61/61/61 62/62/62 56/56/56
f 14/14/14 61/61/61 13/13/13
f 63/63/63 64/64/64 61/61/61
f 65/65/65 64/64/64 63/63/63
f 14/14/14 63/63/63 61/61/61
f 66/66/66 62/62/62 61/61/61
f 62/62/62 67/67/67 58/58/58
f 66/66/66 67/67/67 62/62/62
f 66/66/66 64/64/64 65/65/65
f 61/61/61 64/64/64 66/66/66
f 68/68/68 63/63/63 14/14/14
f 65/65/65 63/63/63 68/68/68
f 15/15/15 68/68/68 14/14/14
f 69/69/69 68/68/68 15/15/15
f 65/65/65 68/68/68 69/69/69
f 69/69/69 15/15/15 16/16/16
f 16/16/16 70/70/70 69/69/69
f 16/16/16 71/71/71 70/70/70
f 17/17/17 71/71/71 16/16/16
f 72/72/72 71/71/71 17/17/17
f 70/70/70 71/71/71 72/72/72
f 72/72/72 17/17/17 18/18/18
f 18/18/18 73/73/73 72/72/72
f 73/73/73 18/18/18 19/19/19
f 19/19/19 74/74/74 73/73/73
f 74/74/74 19/19/19 20/20/20
f 20/20/20 75/75/75 74/74/74
f 75/75/75 20/20/20 21/21/21
f 21/21/21 76/76/76 75/75/75
f 21/21/21 77/77/77 76/76/76
f 22/22/22 77/77/77 21/21/21
f 78/78/78 77/77/77 22/22/22
f 77/77/77 79/79/79 76/76/76
f 78/78/78 79/79/79 77/77/77
f 22/22/22 80/80/80 78/78/78
f 80/80/80 24/24/24 23/23/23
f 22/22/22 24/24/24 80/80/80
f 81/81/81 80/80/80 23/23/23
f 78/78/78 80/80/80 81/81/81
f 81/81/81 23/23/23 25/25/25
f 25/25/25 82/82/82 81/81/81
f 82/82/82 25/25/25 26/26/26
f 26/26/26 83/83/83 82/82/82
f 83/83/83 26/26/26 27/27/27
f 27/27/27 84/84/84 83/83/83
f 84/84/84 27/27/27 28/28/28
f 28/28/28 85/85/85 84/84/84
f 28/28/28 86/86/86 85/85/85
f 29/29/29 86/86/86 28/28/28
f 87/87/87 86/86/86 29/29/29
f 86/86/86 88/88/88 85/85/85
f 87/87/87 88/88/88 86/86/86
f 87/87/87 29/29/29 30/30/30
f 30/30/30 89/89/89 87/87/87
f 89/89/89 30/30/30 31/31/31
f 31/31/31 90/90/90 89/89/89
f 90/90/90 31/31/31 32/32/32
f 32/32/32 91/91/91 90/90/90
f 91/91/91 32/32/32 33/33/33
f 33/33/33 92/92/92 91/91/91
f 92/92/92 33/33/33 34/34/34
f 34/34/34 93/93/93 92/92/92
f 93/93/93 34/34/34 35/35/35
f 35/35/35 94/94/94 93/93/93
f 35/35/35 95/95/95 94/94/94
f 36/36/36 95/95/95 35/35/35
f 96/96/96 95/95/95 36/36/36
f 95/95/95 97/97/97 94/94/94
f 96/96/96 97/97/97 95/95/95
f 101/101/101 98/98/98 37/37/37
f 102/102/102 100/100/100 98/98/98
f 99/99/99 100/100/100 102/102/102
f 101/101/101 102/102/102 98/98/98
f 101/101/101 41/41/41 39/39/39
f 37/37/37 41/41/41 101/101/101
f 103/103/103 104/104/104 101/101/101
f 105/105/105 104/104/104 103/103/103
f 39/39/39 103/103/103 101/101/101
f 102/102/102 107/107/107 106/106/106
f 101/101/101 107/107/107 102/102/102
f 99/99/99 102/102/102 106/106/106
f 106/106/106 104/104/104 105/105/105
f 104/104/104 107/107/107 101/101/101
f 106/106/106 107/107/107 104/104/104
f 103/103/103 109/109/109 108/108/108
f 39/39/39 109/109/109 103/103/103
f 105/105/105 103/103/103 108/108/108
f 108/108/108 44/44/44 43/43/43
f 44/44/44 109/109/109 39/39/39
f 108/108/108 109/109/109 44/44/44
f 110/110/110 108/108/108 43/43/43
f 105/105/105 108/108/108 110/110/110
f 110/110/110 43/43/43 46/46/46
f 46/46/46 111/111/111 110/110/110
f 46/46/46 112/112/112 111/111/111
f 112/112/112 49/49/49 48/48/48
f 46/46/46 49/49/49 112/112/112
f 113/113/113 112/112/112 48/48/48
f 111/111/111 112/112/112 113/113/113
f 113/113/113 48/48/48 50/50/50
f 50/50/50 114/114/114 113/113/113
f 50/50/50 115/115/115 114/114/114
f 51/51/51 115/115/115 50/50/50
f 116/116/116 117/117/117 115/115/115
f 117/117/117 119/119/119 118/118/118
f 116/116/116 119/119/119 117/117/117
f 51/51/51 116/116/116 115/115/115
f 115/115/115 120/120/120 114/114/114
f 120/120/120 117/117/117 118/118/118
f 115/115/115 117/117/117 120/120/120
f 121/121/121 116/116/116 51/51/51
f 122/122/122 119/119/119 116/116/116
f 118/118/118 119/119/119 122/122/122
f 121/121/121 122/122/122 116/116/116
f 52/52/52 121/121/121 51/51/51
f 123/123/123 121/121/121 52/52/52
f 124/124/124 122/122/122 121/121/121
f 118/118/118 122/122/122 124/124/124
f 123/123/123 124/124/124 121/121/121
f 123/123/123 52/52/52 53/53/53
f 53/53/53 125/125/125 123/123/123
f 53/53/53 126/126/126 125/125/125
f 54/54/54 126/126/126 53/53/53
f 127/127/127 128/128/128 126/126/126
f 128/128/128 130/130/130 129/129/129
f 127/127/127 130/130/130 128/128/128
f 54/54/54 127/127/127 126/126/126
f 126/126/126 131/131/131 125/125/125
f 131/131/131 128/128/128 129/129/129
f 126/126/126 128/128/128 131/131/131
f 132/132/132 133/133/133 127/127/127
f 133/133/133 135/135/135 134/134/134
f 132/132/132 135/135/135 133/133/133
f 54/54/54 132/132/132 127/127/127
f 130/130/130 137/137/137 136/136/136
f 127/127/127 137/137/137 130/130/130
f 129/129/129 130/130/130 136/136/136
f 136/136/136 133/133/133 134/134/134
f 133/133/133 137/137/137 127/127/127
f 136/136/136 137/137/137 133/133/133
f 138/138/138 139/139/139 59/59/59
f 134/134/134 139/139/139 138/138/138
f 60/60/60 140/140/140 138/138/138
f 58/58/58 140/140/140 60/60/60
f 59/59/59 60/60/60 138/138/138
f 59/59/59 132/132/132 54/54/54
f 139/139/139 135/135/135 132/132/132
f 134/134/134 135/135/135 139/139/139
f 59/59/59 139/139/139 132/132/132
f 134/134/134 142/142/142 141/141/141
f 138/138/138 143/143/143 142/142/142
f 140/140/140 144/144/144 143/143/143
f 58/58/58 144/144/144 140/140/140
f 138/138/138 140/140/140 143/143/143
f 134/134/134 138/138/138 142/142/142
f 145/145/145 136/136/136 134/134/134
f 129/129/129 136/136/136 145/145/145
f 141/141/141 145/145/145 134/134/134
f 142/142/142 147/147/147 146/146/146
f 143/143/143 148/148/148 147/147/147
f 148/148/148 144/144/144 58/58/58
f 143/143/143 144/144/144 148/148/148
f 142/142/142 143/143/143 147/147/147
f 141/141/141 142/142/142 146/146/146
f 149/149/149 150/150/150 66/66/66
f 146/146/146 150/150/150 149/149/149
f 65/65/65 149/149/149 66/66/66
f 147/147/147 67/67/67 66/66/66
f 67/67/67 148/148/148 58/58/58
f 147/147/147 148/148/148 67/67/67
f 147/147/147 150/150/150 146/146/146
f 66/66/66 150/150/150 147/147/147
f 146/146/146 152/152/152 151/151/151
f 152/152/152 149/149/149 65/65/65
f 146/146/146 149/149/149 152/152/152
f 141/141/141 146/146/146 151/151/151
f 153/153/153 152/152/152 65/65/65
f 151/151/151 152/152/152 153/153/153
f 69/69/69 153/153/153 65/65/65
f 154/154/154 153/153/153 69/69/69
f 151/151/151 153/153/153 154/154/154
f 69/69/69 155/155/155 154/154/154
f 70/70/70 155/155/155 69/69/69
f 156/156/156 157/157/157 155/155/155
f 158/158/158 157/157/157 156/156/156
f 70/70/70 156/156/156 155/155/155
f 155/155/155 159/159/159 154/154/154
f 159/159/159 157/157/157 158/158/158
f 155/155/155 157/157/157 159/159/159
f 160/160/160 156/156/156 70/70/70
f 158/158/158 156/156/156 160/160/160
f 72/72/72 160/160/160 70/70/70
f 161/161/161 160/160/160 72/72/72
f 158/158/158 160/160/160 161/161/161
f 161/161/161 72/72/72 73/73/73
f 73/73/73 162/162/162 161/161/161
f 162/162/162 73/73/73 74/74/74
f 74/74/74 163/163/163 162/162/162
f 163/163/163 74/74/74 75/75/75
f 75/75/75 164/164/164 163/163/163
f 75/75/75 165/165/165 164/164/164
f 76/76/76 165/165/165 75/75/75
f 165/165/165 167/167/167 166/166/166
f 76/76/76 167/167/167 165/165/165
f 164/164/164 165/165/165 166/166/166
f 168/168/168 167/167/167 76/76/76
f 167/167/167 169/169/169 166/166/166
f 168/168/168 169/169/169 167/167/167
f 168/168/168 79/79/79 78/78/78
f 76/76/76 79/79/79 168/168/168
f 170/170/170 171/171/171 168/168/168
f 172/172/172 171/171/171 170/170/170
f 78/78/78 170/170/170 168/168/168
f 169/169/169 174/174/174 173/173/173
f 168/168/168 174/174/174 169/169/169
f 166/166/166 169/169/169 173/173/173
f 175/175/175 176/176/176 171/171/171
f 173/173/173 176/176/176 175/175/175
f 172/172/172 175/175/175 171/171/171
f 171/171/171 174/174/174 168/168/168
f 174/174/174 176/176/176 173/173/173
f 171/171/171 176/176/176 174/174/174
f 177/177/177 170/170/170 78/78/78
f 172/172/172 170/170/170 177/177/177
f 81/81/81 177/177/177 78/78/78
f 178/178/178 177/177/177 81/81/81
f 172/172/172 177/177/177 178/178/178
f 178/178/178 81/81/81 82/82/82
f 82/82/82 179/179/179 178/178/178
f 82/82/82 180/180/180 179/179/179
f 83/83/83 180/180/180 82/82/82
f 180/180/180 182/182/182 181/181/181
f 83/83/83 182/182/182 180/180/180
f 179/179/179 180/180/180 181/181/181
f 183/183/183 182/182/182 83/83/83
f 181/181/181 182/182/182 183/183/183
f 84/84/84 183/183/183 83/83/83
f 184/184/184 183/183/183 84/84/84
f 181/181/181 183/183/183 184/184/184
f 184/184/184 84/84/84 85/85/85
f 85/85/85 185/185/185 184/184/184
f 85/85/85 186/186/186 185/185/185
f 186/186/186 88/88/88 87/87/87
f 85/85/85 88/88/88 186/186/186
f 187/187/187 186/186/186 87/87/87
f 186/186/186 188/188/188 185/185/185
f 187/187/187 188/188/188 186/186/186
f 187/187/187 87/87/87 89/89/89
f 89/89/89 189/189/189 187/187/187
f 189/189/189 89/89/89 90/90/90
f 90/90/90 190/190/190 189/189/189
f 190/190/190 90/90/90 91/91/91
f 91/91/91 191/191/191 190/190/190
f 191/191/191 91/91/91 92/92/92
f 92/92/92 192/192/192 191/191/191
f 192/192/192 92/92/92 93/93/93
f 93/93/93 193/193/193 192/192/192
f 93/93/93 194/194/194 193/193/193
f 94/94/94 194/194/194 93/93/93
f 194/194/194 196/196/196 195/195/195
f 94/94/94 196/196/196 194/194/194
f 193/193/193 194/194/194 195/195/195
f 196/196/196 198/198/198 197/197/197
f 94/94/94 198/198/198 196/196/196
f 195/195/195 196/196/196 197/197/197
f 197/197/197 97/97/97 96/96/96
f 97/97/97 198/198/198 94/94/94
f 197/197/197 198/198/198 97/97/97
f 199/199/199 197/197/197 96/96/96
f 195/195/195 197/197/197 199/199/199
f 99/99/99 201/201/201 200/200/200
f 201/201/201 106/106/106 105/105/105
f 99/99/99 106/106/106 201/201/201
f 202/202/202 201/201/201 105/105/105
f 200/200/200 201/201/201 202/202/202
f 202/202/202 105/105/105 110/110/110
f 110/110/110 203/203/203 202/202/202
f 203/203/203 110/110/110 111/111/111
f 111/111/111 204/204/204 203/203/203
f 204/204/204 111/111/111 113/113/113
f 113/113/113 205/205/205 204/204/204
f 205/205/205 113/113/113 114/114/114
f 114/114/114 206/206/206 205/205/205
f 114/114/114 207/207/207 206/206/206
f 207/207/207 120/120/120 118/118/118
f 114/114/114 120/120/120 207/207/207
f 208/208/208 207/207/207 118/118/118
f 206/206/206 207/207/207 208/208/208
f 118/118/118 209/209/209 208/208/208
f 209/209/209 124/124/124 123/123/123
f 118/118/118 124/124/124 209/209/209
f 210/210/210 209/209/209 123/123/123
f 208/208/208 209/209/209 210/210/210
f 210/210/210 123/123/123 125/125/125
f 125/125/125 211/211/211 210/210/210
f 125/125/125 212/212/212 211/211/211
f 212/212/212 131/131/131 129/129/129
f 125/125/125 131/131/131 212/212/212
f 213/213/213 214/214/214 212/212/212
f 215/215/215 214/214/214 213/213/213
f 129/129/129 213/213/213 212/212/212
f 212/212/212 216/216/216 211/211/211
f 214/214/214 217/217/217 216/216/216
f 215/215/215 217/217/217 214/214/214
f 212/212/212 214/214/214 216/216/216
f 213/213/213 219/219/219 218/218/218
f 129/129/129 219/219/219 213/213/213
f 215/215/215 213/213/213 218/218/218
f 218/218/218 145/145/145 141/141/141
f 145/145/145 219/219/219 129/129/129
f 218/218/218 219/219/219 145/145/145
f 220/220/220 218/218/218 141/141/141
f 215/215/215 218/218/218 220/220/220
f 220/220/220 141/141/141 151/151/151
f 151/151/151 221/221/221 220/220/220
f 221/221/221 151/151/151 154/154/154
f 154/154/154 222/222/222 221/221/221
f 154/154/154 223/223/223 222/222/222
f 223/223/223 159/159/159 158/158/158
f 154/154/154 159/159/159 223/223/223
f 224/224/224 223/223/223 158/158/158
f 222/222/222 223/223/223 224/224/224
f 224/224/224 158/158/158 161/161/161
f 161/161/161 225/225/225 224/224/224
f 225/225/225 161/161/161 162/162/162
f 162/162/162 226/226/226 225/225/225
f 226/226/226 162/162/162 163/163/163
f 163/163/163 227/227/227 226/226/226
f 227/227/227 163/163/163 164/164/164
f 164/164/164 228/228/228 227/227/227
f 228/228/228 164/164/164 166/166/166
f 166/166/166 229/229/229 228/228/228
f 166/166/166 230/230/230 229/229/229
f 173/173/173 231/231/231 230/230/230
f 231/231/231 175/175/175 172/172/172
f 173/173/173 175/175/175 231/231/231
f 166/166/166 173/173/173 230/230/230
f 230/230/230 233/233/233 232/232/232
f 233/233/233 231/231/231 172/172/172
f 230/230/230 231/231/231 233/233/233
f 229/229/229 230/230/230 232/232/232
f 234/234/234 233/233/233 172/172/172
f 232/232/232 233/233/233 234/234/234
f 178/178/178 234/234/234 172/172/172
f 235/235/235 234/234/234 178/178/178
f 232/232/232 234/234/234 235/235/235
f 235/235/235 178/178/178 179/179/179
f 179/179/179 236/236/236 235/235/235
f 236/236/236 179/179/179 181/181/181
f 181/181/181 237/237/237 236/236/236
f 237/237/237 181/181/181 184/184/184
f 184/184/184 238/238/238 237/237/237
f 238/238/238 184/184/184 185/185/185
f 185/185/185 239/239/239 238/238/238
f 185/185/185 240/240/240 239/239/239
f 240/240/240 188/188/188 187/187/187
f 185/185/185 188/188/188 240/240/240
f 241/241/241 240/240/240 187/187/187
f 240/240/240 242/242/242 239/239/239
f 241/241/241 242/242/242 240/240/240
f 241/241/241 187/187/187 189/189/189
f 189/189/189 243/243/243 241/241/241
f 243/243/243 189/189/189 190/190/190
f 190/190/190 244/244/244 243/243/243
f 244/244/244 190/190/190 191/191/191
f 191/191/191 245/245/245 244/244/244
f 245/245/245 191/191/191 192/192/192
f 192/192/192 246/246/246 245/245/245
f 246/246/246 192/192/192 193/193/193
f 193/193/193 247/247/247 246/246/246
f 247/247/247 193/193/193 195/195/195
f 195/195/195 248/248/248 247/247/247
f 248/248/248 195/195/195 199/199/199
f 199/199/199 249/249/249 248/248/248
f 250/250/250 200/200/200 202/202/202
f 202/202/202 251/251/251 250/250/250
f 251/251/251 202/202/202 203/203/203
f 203/203/203 252/252/252 251/251/251
f 252/252/252 203/203/203 204/204/204
f 204/204/204 253/253/253 252/252/252
f 204/204/204 254/254/254 253/253/253
f 205/205/205 254/254/254 204/204/204
f 255/255/255 256/256/256 254/254/254
f 256/256/256 258/258/258 257/257/257
f 255/255/255 258/258/258 256/256/256
f 205/205/205 255/255/255 254/254/254
f 254/254/254 259/259/259 253/253/253
f 259/259/259 256/256/256 257/257/257
f 254/254/254 256/256/256 259/259/259
f 260/260/260 255/255/255 205/205/205
f 261/261/261 258/258/258 255/255/255
f 257/257/257 258/258/258 261/261/261
f 260/260/260 261/261/261 255/255/255
f 206/206/206 260/260/260 205/205/205
f 260/260/260 263/263/263 262/262/262
f 206/206/206 263/263/263 260/260/260
f 264/264/264 261/261/261 260/260/260
f 257/257/257 261/261/261 264/264/264
f 262/262/262 264/264/264 260/260/260
f 265/265/265 263/263/263 206/206/206
f 262/262/262 263/263/263 265/265/265
f 208/208/208 265/265/265 206/206/206
f 266/266/266 265/265/265 208/208/208
f 262/262/262 265/265/265 266/266/266
f 266/266/266 208/208/208 210/210/210
f 210/210/210 267/267/267 266/266/266
f 210/210/210 268/268/268 267/267/267
f 211/211/211 268/268/268 210/210/210
f 269/269/269 268/268/268 211/211/211
f 268/268/268 270/270/270 267/267/267
f 269/269/269 270/270/270 268/268/268
f 211/211/211 271/271/271 269/269/269
f 216/216/216 272/272/272 271/271/271
f 272/272/272 217/217/217 215/215/215
f 216/216/216 217/217/217 272/272/272
f 211/211/211 216/216/216 271/271/271
f 271/271/271 274/274/274 273/273/273
f 274/274/274 272/272/272 215/215/215
f 271/271/271 272/272/272 274/274/274
f 269/269/269 271/271/271 273/273/273
f 275/275/275 274/274/274 215/215/215
f 273/273/273 274/274/274 275/275/275
f 220/220/220 275/275/275 215/215/215
f 276/276/276 275/275/275 220/220/220
f 273/273/273 275/275/275 276/276/276
f 276/276/276 220/220/220 221/221/221
f 221/221/221 277/277/277 276/276/276
f 277/277/277 221/221/221 222/222/222
f 222/222/222 278/278/278 277/277/277
f 278/278/278 222/222/222 224/224/224
f 224/224/224 279/279/279 278/278/278
f 279/279/279 224/224/224 225/225/225
f 225/225/225 280/280/280 279/279/279
f 280/280/280 225/225/225 226/226/226
f 226/226/226 281/281/281 280/280/280
f 281/281/281 226/226/226 227/227/227
f 227/227/227 282/282/282 281/281/281
f 282/282/282 227/227/227 228/228/228
f 228/228/228 283/283/283 282/282/282
f 283/283/283 228/228/228 229/229/229
f 229/229/229 284/284/284 283/283/283
f 284/284/284 229/229/229 232/232/232
f 232/232/232 285/285/285 284/284/284
f 232/232/232 286/286/286 285/285/285
f 235/235/235 286/286/286 232/232/232
f 286/286/286 288/288/288 287/287/287
f 235/235/235 288/288/288 286/286/286
f 285/285/285 286/286/286 287/287/287
f 289/289/289 288/288/288 235/235/235
f 288/288/288 290/290/290 287/287/287
f 289/289/289 290/290/290 288/288/288
f 236/236/236 289/289/289 235/235/235
f 291/291/291 289/289/289 236/236/236
f 292/292/292 290/290/290 289/289/289
f 290/290/290 293/293/293 287/287/287
f 292/292/292 293/293/293 290/290/290
f 291/291/291 292/292/292 289/289/289
f 291/291/291 236/236/236 237/237/237
f 237/237/237 294/294/294 291/291/291
f 294/294/294 237/237/237 238/238/238
f 238/238/238 295/295/295 294/294/294
f 238/238/238 296/296/296 295/295/295
f 239/239/239 296/296/296 238/238/238
f 297/297/297 298/298/298 296/296/296
f 299/299/299 300/300/300 298/298/298
f 301/301/301 300/300/300 299/299/299
f 297/297/297 299/299/299 298/298/298
f 239/239/239 297/297/297 296/296/296
f 296/296/296 302/302/302 295/295/295
f 298/298/298 303/303/303 302/302/302
f 303/303/303 300/300/300 301/301/301
f 298/298/298 300/300/300 303/303/303
f 296/296/296 298/298/298 302/302/302
f 297/297/297 305/305/305 304/304/304
f 239/239/239 305/305/305 297/297/297
f 306/306/306 299/299/299 297/297/297
f 301/301/301 299/299/299 306/306/306
f 304/304/304 306/306/306 297/297/297
f 304/304/304 242/242/242 241/241/241
f 242/242/242 305/305/305 239/239/239
f 304/304/304 305/305/305 242/242/242
f 307/307/307 304/304/304 241/241/241
f 308/308/308 306/306/306 304/304/304
f 301/301/301 306/306/306 308/308/308
f 307/307/307 308/308/308 304/304/304
f 307/307/307 241/241/241 243/243/243
f 243/243/243 309/309/309 307/307/307
f 309/309/309 243/243/243 244/244/244
f 244/244/244 310/310/310 309/309/309
f 310/310/310 244/244/244 245/245/245
f 245/245/245 311/311/311 310/310/310
f 311/311/311 245/245/245 246/246/246
f 246/246/246 312/312/312 311/311/311
f 312/312/312 246/246/246 247/247/247
f 247/247/247 313/313/313 312/312/312
f 247/247/247 314/314/314 313/313/313
f 248/248/248 314/314/314 247/247/247
f 314/314/314 316/316/316 315/315/315
f 248/248/248 316/316/316 314/314/314
f 313/313/313 314/314/314 315/315/315
f 317/317/317 316/316/316 248/248/248
f 315/315/315 316/316/316 317/317/317
f 249/249/249 317/317/317 248/248/248
f 318/318/318 317/317/317 249/249/249
f 315/315/315 317/317/317 318/318/318
f 319/319/319 250/250/250 251/251/251
f 251/251/251 320/320/320 319/319/319
f 320/320/320 251/251/251 252/252/252
f 252/252/252 321/321/321 320/320/320
f 252/252/252 322/322/322 321/321/321
f 253/253/253 322/322/322 252/252/252
f 322/322/322 324/324/324 323/323/323
f 253/253/253 324/324/324 322/322/322
f 322/322/322 325/325/325 321/321/321
f 323/323/323 325/325/325 322/322/322
f 324/324/324 327/327/327 326/326/326
f 253/253/253 327/327/327 324/324/324
f 323/323/323 324/324/324 326/326/326
f 326/326/326 259/259/259 257/257/257
f 259/259/259 327/327/327 253/253/253
f 326/326/326 327/327/327 259/259/259
f 328/328/328 326/326/326 257/257/257
f 323/323/323 326/326/326 328/328/328
f 257/257/257 329/329/329 328/328/328
f 329/329/329 264/264/264 262/262/262
f 257/257/257 264/264/264 329/329/329
f 330/330/330 329/329/329 262/262/262
f 328/328/328 329/329/329 330/330/330
f 330/330/330 262/262/262 266/266/266
f 266/266/266 331/331/331 330/330/330
f 266/266/266 332/332/332 331/331/331
f 267/267/267 332/332/332 266/266/266
f 332/332/332 334/334/334 333/333/333
f 267/267/267 334/334/334 332/332/332
f 331/331/331 332/332/332 333/333/333
f 334/334/334 336/336/336 335/335/335
f 267/267/267 336/336/336 334/334/334
f 333/333/333 334/334/334 335/335/335
f 337/337/337 338/338/338 270/270/270
f 335/335/335 338/338/338 337/337/337
f 269/269/269 337/337/337 270/270/270
f 270/270/270 336/336/336 267/267/267
f 336/336/336 338/338/338 335/335/335
f 270/270/270 338/338/338 336/336/336
f 335/335/335 340/340/340 339/339/339
f 340/340/340 337/337/337 269/269/269
f 335/335/335 337/337/337 340/340/340
f 333/333/333 335/335/335 339/339/339
f 341/341/341 340/340/340 269/269/269
f 339/339/339 340/340/340 341/341/341
f 273/273/273 341/341/341 269/269/269
f 342/342/342 341/341/341 273/273/273
f 339/339/339 341/341/341 342/342/342
f 342/342/342 273/273/273 276/276/276
f 276/276/276 343/343/343 342/342/342
f 276/276/276 344/344/344 343/343/343
f 277/277/277 344/344/344 276/276/276
f 344/344/344 346/346/346 345/345/345
f 277/277/277 346/346/346 344/344/344
f 343/343/343 344/344/344 345/345/345
f 347/347/347 346/346/346 277/277/277
f 345/345/345 346/346/346 347/347/347
f 278/278/278 347/347/347 277/277/277
f 348/348/348 347/347/347 278/278/278
f 345/345/345 347/347/347 348/348/348
f 348/348/348 278/278/278 279/279/279
f 279/279/279 349/349/349 348/348/348
f 349/349/349 279/279/279 280/280/280
f 280/280/280 350/350/350 349/349/349
f 350/350/350 280/280/280 281/281/281
f 281/281/281 351/351/351 350/350/350
f 351/351/351 281/281/281 282/282/282
f 282/282/282 352/352/352 351/351/351
f 352/352/352 282/282/282 283/283/283
f 283/283/283 353/353/353 352/352/352
f 353/353/353 283/283/283 284/284/284
f 284/284/284 354/354/354 353/353/353
f 354/354/354 284/284/284 285/285/285
f 285/285/285 355/355/355 354/354/354
f 285/285/285 356/356/356 355/355/355
f 287/287/287 356/356/356 285/285/285
f 356/356/356 358/358/358 357/357/357
f 287/287/287 358/358/358 356/356/356
f 355/355/355 356/356/356 357/357/357
f 359/359/359 360/360/360 358/358/358
f 360/360/360 362/362/362 361/361/361
f 359/359/359 362/362/362 360/360/360
f 287/287/287 359/359/359 358/358/358
f 358/358/358 363/363/363 357/357/357
f 363/363/363 360/360/360 361/361/361
f 358/358/358 360/360/360 363/363/363
f 364/364/364 365/365/365 292/292/292
f 361/361/361 365/365/365 364/364/364
f 291/291/291 364/364/364 292/292/292
f 293/293/293 366/366/366 359/359/359
f 292/292/292 366/366/366 293/293/293
f 287/287/287 293/293/293 359/359/359
f 362/362/362 367/367/367 365/365/365
f 359/359/359 367/367/367 362/362/362
f 361/361/361 362/362/362 365/365/365
f 365/365/365 366/366/366 292/292/292
f 366/366/366 367/367/367 359/359/359
f 365/365/365 367/367/367 366/366/366
f 361/361/361 369/369/369 368/368/368
f 369/369/369 364/364/364 291/291/291
f 361/361/361 364/364/364 369/369/369
f 370/370/370 363/363/363 361/361/361
f 357/357/357 363/363/363 370/370/370
f 368/368/368 370/370/370 361/361/361
f 371/371/371 369/369/369 291/291/291
f 368/368/368 369/369/369 371/371/371
f 294/294/294 371/371/371 291/291/291
f 372/372/372 371/371/371 294/294/294
f 368/368/368 371/371/371 372/372/372
f 372/372/372 294/294/294 295/295/295
f 295/295/295 373/373/373 372/372/372
f 295/295/295 374/374/374 373/373/373
f 302/302/302 375/375/375 374/374/374
f 375/375/375 303/303/303 301/301/301
f 302/302/302 303/303/303 375/375/375
f 295/295/295 302/302/302 374/374/374
f 374/374/374 377/377/377 376/376/376
f 377/377/377 375/375/375 301/301/301
f 374/374/374 375/375/375 377/377/377
f 373/373/373 374/374/374 376/376/376
f 378/378/378 377/377/377 301/301/301
f 376/376/376 377/377/377 378/378/378
f 378/378/378 308/308/308 307/307/307
f 301/301/301 308/308/308 378/378/378
f 379/379/379 378/378/378 307/307/307
f 376/376/376 378/378/378 379/379/379
f 379/379/379 307/307/307 309/309/309
f 309/309/309 380/380/380 379/379/379
f 380/380/380 309/309/309 310/310/310
f 310/310/310 381/381/381 380/380/380
f 381/381/381 310/310/310 311/311/311
f 311/311/311 382/382/382 381/381/381
f 382/382/382 311/311/311 312/312/312
f 312/312/312 383/383/383 382/382/382
f 383/383/383 312/312/312 313/313/313
f 313/313/313 384/384/384 383/383/383
f 384/384/384 313/313/313 315/315/315
f 315/315/315 385/385/385 384/384/384
f 385/385/385 315/315/315 318/318/318
f 318/318/318 386/386/386 385/385/385
f 387/387/387 319/319/319 320/320/320
f 320/320/320 388/388/388 387/387/387
f 320/320/320 389/389/389 388/388/388
f 321/321/321 389/389/389 320/320/320
f 389/389/389 391/391/391 390/390/390
f 321/321/321 391/391/391 389/389/389
f 389/389/389 392/392/392 388/388/388
f 390/390/390 392/392/392 389/389/389
f 391/391/391 394/394/394 393/393/393
f 321/321/321 394/394/394 391/391/391
f 390/390/390 391/391/391 393/393/393
f 393/393/393 325/325/325 323/323/323
f 325/325/325 394/394/394 321/321/321
f 393/393/393 394/394/394 325/325/325
f 395/395/395 393/393/393 323/323/323
f 390/390/390 393/393/393 395/395/395
f 395/395/395 323/323/323 328/328/328
f 328/328/328 396/396/396 395/395/395
f 328/328/328 397/397/397 396/396/396
f 330/330/330 397/397/397 328/328/328
f 397/397/397 399/399/399 398/398/398
f 330/330/330 399/399/399 397/397/397
f 396/396/396 397/397/397 398/398/398
f 400/400/400 399/399/399 330/330/330
f 398/398/398 399/399/399 400/400/400
f 331/331/331 400/400/400 330/330/330
f 401/401/401 400/400/400 331/331/331
f 398/398/398 400/400/400 401/401/401
f 401/401/401 331/331/331 333/333/333
f 333/333/333 402/402/402 401/401/401
f 402/402/402 333/333/333 339/339/339
f 339/339/339 403/403/403 402/402/402
f 403/403/403 339/339/339 342/342/342
f 342/342/342 404/404/404 403/403/403
f 404/404/404 342/342/342 343/343/343
f 343/343/343 405/405/405 404/404/404
f 405/405/405 343/343/343 345/345/345
f 345/345/345 406/406/406 405/405/405
f 406/406/406 345/345/345 348/348/348
f 348/348/348 407/407/407 406/406/406
f 407/407/407 348/348/348 349/349/349
f 349/349/349 408/408/408 407/407/407
f 408/408/408 349/349/349 350/350/350
f 350/350/350 409/409/409 408/408/408
f 409/409/409 350/350/350 351/351/351
f 351/351/351 410/410/410 409/409/409
f 410/410/410 351/351/351 352/352/352
f 352/352/352 411/411/411 410/410/410
f 411/411/411 352/352/352 353/353/353
f 353/353/353 412/412/412 411/411/411
f 412/412/412 353/353/353 354/354/354
f 354/354/354 413/413/413 412/412/412
f 413/413/413 354/354/354 355/355/355
f 355/355/355 414/414/414 413/413/413
f 414/414/414 355/355/355 357/357/357
f 357/357/357 415/415/415 414/414/414
f 357/357/357 416/416/416 415/415/415
f 416/416/416 370/370/370 368/368/368
f 357/357/357 370/370/370 416/416/416
f 417/417/417 416/416/416 368/368/368
f 415/415/415 416/416/416 417/417/417
f 417/417/417 368/368/368 372/372/372
f 372/372/372 418/418/418 417/417/417
f 372/372/372 419/419/419 418/418/418
f 373/373/373 419/419/419 372/372/372
f 419/419/419 421/421/421 420/420/420
f 373/373/373 421/421/421 419/419/419
f 418/418/418 419/419/419 420/420/420
f 422/422/422 421/421/421 373/373/373
f 420/420/420 421/421/421 422/422/422
f 376/376/376 422/422/422 373/373/373
f 423/423/423 422/422/422 376/376/376
f 422/422/422 424/424/424 420/420/420
f 423/423/423 424/424/424 422/422/422
f 423/423/423 376/376/376 379/379/379
f 379/379/379 425/425/425 423/423/423
f 425/425/425 379/379/379 380/380/380
f 380/380/380 426/426/426 425/425/425
f 426/426/426 380/380/380 381/381/381
f 381/381/381 427/427/427 426/426/426
f 427/427/427 381/381/381 382/382/382
f 382/382/382 428/428/428 427/427/427
f 428/428/428 382/382/382 383/383/383
f 383/383/383 429/429/429 428/428/428
f 429/429/429 383/383/383 384/384/384
f 384/384/384 430/430/430 429/429/429
f 430/430/430 384/384/384 385/385/385
f 385/385/385 431/431/431 430/430/430
f 431/431/431 385/385/385 386/386/386
f 386/386/386 432/432/432 431/431/431
f 433/433/433 387/387/387 388/388/388
f 388/388/388 434/434/434 433/433/433
f 388/388/388 435/435/435 434/434/434
f 435/435/435 392/392/392 390/390/390
f 388/388/388 392/392/392 435/435/435
f 436/436/436 435/435/435 390/390/390
f 434/434/434 435/435/435 436/436/436
f 436/436/436 390/390/390 395/395/395
f 395/395/395 437/437/437 436/436/436
f 395/395/395 438/438/438 437/437/437
f 396/396/396 438/438/438 395/395/395
f 439/439/439 438/438/438 396/396/396
f 438/438/438 440/440/440 437/437/437
f 439/439/439 440/440/440 438/438/438
f 439/439/439 396/396/396 398/398/398
f 398/398/398 441/441/441 439/439/439
f 441/441/441 398/398/398 401/401/401
f 401/401/401 442/442/442 441/441/441
f 442/442/442 401/401/401 402/402/402
f 402/402/402 443/443/443 442/442/442
f 443/443/443 402/402/402 403/403/403
f 403/403/403 444/444/444 443/443/443
f 444/444/444 403/403/403 404/404/404
f 404/404/404 445/445/445 444/444/444
f 445/445/445 404/404/404 405/405/405
f 405/405/405 446/446/446 445/445/445
f 446/446/446 405/405/405 406/406/406
f 406/406/406 447/447/447 446/446/446
f 447/447/447 406/406/406 407/407/407
f 407/407/407 448/448/448 447/447/447
f 448/448/448 407/407/407 408/408/408
f 408/408/408 449/449/449 448/448/448
f 449/449/449 408/408/408 409/409/409
f 409/409/409 450/450/450 449/449/449
f 450/450/450 409/409/409 410/410/410
f 410/410/410 451/451/451 450/450/450
f 451/451/451 410/410/410 411/411/411
f 411/411/411 452/452/452 451/451/451
f 452/452/452 411/411/411 412/412/412
f 412/412/412 453/453/453 452/452/452
f 453/453/453 412/412/412 413/413/413
f 413/413/413 454/454/454 453/453/453
f 454/454/454 413/413/413 414/414/414
f 414/414/414 455/455/455 454/454/454
f 455/455/455 414/414/414 415/415/415
f 415/415/415 456/456/456 455/455/455
f 456/456/456 415/415/415 417/417/417
f 417/417/417 457/457/457 456/456/456
f 457/457/457 417/417/417 418/418/418
f 418/418/418 458/458/458 457/457/457
f 418/418/418 459/459/459 458/458/458
f 420/420/420 459/459/459 418/418/418
f 459/459/459 461/461/461 460/460/460
f 420/420/420 461/461/461 459/459/459
f 458/458/458 459/459/459 460/460/460
f 462/462/462 461/461/461 420/420/420
f 461/461/461 463/463/463 460/460/460
f 462/462/462 463/463/463 461/461/461
f 462/462/462 424/424/424 423/423/423
f 420/420/420 424/424/424 462/462/462
f 464/464/464 462/462/462 423/423/423
f 465/465/465 463/463/463 462/462/462
f 463/463/463 466/466/466 460/460/460
f 465/465/465 466/466/466 463/463/463
f 464/464/464 465/465/465 462/462/462
f 423/423/423 467/467/467 464/464/464
f 425/425/425 467/467/467 423/423/423
f 468/468/468 467/467/467 425/425/425
f 464/464/464 467/467/467 468/468/468
f 468/468/468 425/425/425 426/426/426
f 426/426/426 469/469/469 468/468/468
f 469/469/469 426/426/426 427/427/427
f 427/427/427 470/470/470 469/469/469
f 470/470/470 427/427/427 428/428/428
f 428/428/428 471/471/471 470/470/470
f 471/471/471 428/428/428 429/429/429
f 429/429/429 472/472/472 471/471/471
f 472/472/472 429/429/429 430/430/430
f 430/430/430 473/473/473 472/472/472
f 473/473/473 430/430/430 431/431/431
f 431/431/431 474/474/474 473/473/473
f 474/474/474 431/431/431 432/432/432
f 432/432/432 475/475/475 474/474/474
f 476/476/476 433/433/433 434/434/434
f 434/434/434 477/477/477 476/476/476
f 477/477/477 434/434/434 436/436/436
f 436/436/436 478/478/478 477/477/477
f 478/478/478 436/436/436 437/437/437
f 437/437/437 479/479/479 478/478/478
f 437/437/437 480/480/480 479/479/479
f 480/480/480 440/440/440 439/439/439
f 437/437/437 440/440/440 480/480/480
f 481/481/481 480/480/480 439/439/439
f 479/479/479 480/480/480 481/481/481
f 481/481/481 439/439/439 441/441/441
f 441/441/441 482/482/482 481/481/481
f 482/482/482 441/441/441 442/442/442
f 442/442/442 483/483/483 482/482/482
f 483/483/483 442/442/442 443/443/443
f 443/443/443 484/484/484 483/483/483
f 484/484/484 443/443/443 444/444/444
f 444/444/444 485/485/485 484/484/484
f 485/485/485 444/444/444 445/445/445
f 445/445/445 486/486/486 485/485/485
f 486/486/486 445/445/445 446/446/446
f 446/446/446 487/487/487 486/486/486
f 487/487/487 446/446/446 447/447/447
f 447/447/447 488/488/488 487/487/487
f 488/488/488 447/447/447 448/448/448
f 448/448/448 489/489/489 488/488/488
f 489/489/489 448/448/448 449/449/449
f 449/449/449 490/490/490 489/489/489
f 490/490/490 449/449/449 450/450/450
f 450/450/450 491/491/491 490/490/490
f 491/491/491 450/450/450 451/451/451
f 451/451/451 492/492/492 491/491/491
f 451/451/451 493/493/493 492/492/492
f 452/452/452 493/493/493 451/451/451
f 494/494/494 493/493/493 452/452/452
f 493/493/493 495/495/495 492/492/492
f 494/494/494 495/495/495 493/493/493
f 494/494/494 452/452/452 453/453/453
f 453/453/453 496/496/496 494/494/494
f 496/496/496 453/453/453 454/454/454
f 454/454/454 497/497/497 496/496/496
f 497/497/497 454/454/454 455/455/455
f 455/455/455 498/498/498 497/497/497
f 498/498/498 455/455/455 456/456/456
f 456/456/456 499/499/499 498/498/498
f 499/499/499 456/456/456 457/457/457
f 457/457/457 500/500/500 499/499/499
f 500/500/500 457/457/457 458/458/458
f 458/458/458 501/501/501 500/500/500
f 458/458/458 502/502/502 501/501/501
f 460/460/460 502/502/502 458/458/458
f 502/502/502 504/504/504 503/503/503
f 460/460/460 504/504/504 502/502/502
f 502/502/502 505/505/505 501/501/501
f 503/503/503 505/505/505 502/502/502
f 504/504/504 507/507/507 506/506/506
f 460/460/460 507/507/507 504/504/504
f 503/503/503 504/504/504 506/506/506
f 506/506/506 465/465/465 464/464/464
f 507/507/507 466/466/466 465/465/465
f 460/460/460 466/466/466 507/507/507
f 506/506/506 507/507/507 465/465/465
f 508/508/508 506/506/506 464/464/464
f 503/503/503 506/506/506 508/508/508
f 508/508/508 464/464/464 468/468/468
f 468/468/468 509/509/509 508/508/508
f 509/509/509 468/468/468 469/469/469
f 469/469/469 510/510/510 509/509/509
f 510/510/510 469/469/469 470/470/470
f 470/470/470 511/511/511 510/510/510
f 511/511/511 470/470/470 471/471/471
f 471/471/471 512/512/512 511/511/511
f 512/512/512 471/471/471 472/472/472
f 472/472/472 513/513/513 512/512/512
f 513/513/513 472/472/472 473/473/473
f 473/473/473 514/514/514 513/513/513
f 514/514/514 473/473/473 474/474/474
f 474/474/474 515/515/515 514/514/514
f 515/515/515 474/474/474 475/475/475
f 475/475/475 516/516/516 515/515/515
f 519/519/519 517/517/517 476/476/476
f 518/518/518 517/517/517 519/519/519
f 477/477/477 519/519/519 476/476/476
f 520/520/520 519/519/519 477/477/477
f 518/518/518 519/519/519 520/520/520
f 520/520/520 477/477/477 478/478/478
f 478/478/478 521/521/521 520/520/520
f 521/521/521 478/478/478 479/479/479
f 479/479/479 522/522/522 521/521/521
f 522/522/522 479/479/479 481/481/481
f 481/481/481 523/523/523 522/522/522
f 523/523/523 481/481/481 482/482/482
f 482/482/482 524/524/524 523/523/523
f 524/524/524 482/482/482 483/483/483
f 483/483/483 525/525/525 524/524/524
f 525/525/525 483/483/483 484/484/484
f 484/484/484 526/526/526 525/525/525
f 526/526/526 484/484/484 485/485/485
f 485/485/485 527/527/527 526/526/526
f 527/527/527 485/485/485 486/486/486
f 486/486/486 528/528/528 527/527/527
f 528/528/528 486/486/486 487/487/487
f 487/487/487 529/529/529 528/528/528
f 529/529/529 487/487/487 488/488/488
f 488/488/488 530/530/530 529/529/529
f 530/530/530 488/488/488 489/489/489
f 489/489/489 531/531/531 530/530/530
f 531/531/531 489/489/489 490/490/490
f 490/490/490 532/532/532 531/531/531
f 532/532/532 490/490/490 491/491/491
f 491/491/491 533/533/533 532/532/532
f 533/533/533 491/491/491 492/492/492
f 492/492/492 534/534/534 533/533/533
f 492/492/492 535/535/535 534/534/534
f 535/535/535 495/495/495 494/494/494
f 492/492/492 495/495/495 535/535/535
f 536/536/536 535/535/535 494/494/494
f 534/534/534 535/535/535 536/536/536
f 536/536/536 494/494/494 496/496/496
f 496/496/496 537/537/537 536/536/536
f 537/537/537 496/496/496 497/497/497
f 497/497/497 538/538/538 537/537/537
f 497/497/497 539/539/539 538/538/538
f 498/498/498 539/539/539 497/497/497
f 540/540/540 541/541/541 539/539/539
f 542/542/542 541/541/541 540/540/540
f 498/498/498 540/540/540 539/539/539
f 539/539/539 543/543/543 538/538/538
f 543/543/543 541/541/541 542/542/542
f 539/539/539 541/541/541 543/543/543
f 544/544/544 540/540/540 498/498/498
f 542/542/542 540/540/540 544/544/544
f 499/499/499 544/544/544 498/498/498
f 545/545/545 546/546/546 544/544/544
f 547/547/547 546/546/546 545/545/545
f 499/499/499 545/545/545 544/544/544
f 544/544/544 548/548/548 542/542/542
f 548/548/548 546/546/546 547/547/547
f 544/544/544 546/546/546 548/548/548
f 549/549/549 545/545/545 499/499/499
f 547/547/547 545/545/545 549/549/549
f 500/500/500 549/549/549 499/499/499
f 550/550/550 549/549/549 500/500/500
f 547/547/547 549/549/549 550/550/550
f 500/500/500 551/551/551 550/550/550
f 501/501/501 551/551/551 500/500/500
f 551/551/551 553/553/553 552/552/552
f 501/501/501 553/553/553 551/551/551
f 550/550/550 551/551/551 552/552/552
f 553/553/553 555/555/555 554/554/554
f 501/501/501 555/555/555 553/553/553
f 552/552/552 553/553/553 554/554/554
f 554/554/554 505/505/505 503/503/503
f 505/505/505 555/555/555 501/501/501
f 554/554/554 555/555/555 505/505/505
f 556/556/556 554/554/554 503/503/503
f 554/554/554 557/557/557 552/552/552
f 556/556/556 557/557/557 554/554/554
f 556/556/556 503/503/503 508/508/508
f 508/508/508 558/558/558 556/556/556
f 558/558/558 508/508/508 509/509/509
f 509/509/509 559/559/559 558/558/558
f 559/559/559 509/509/509 510/510/510
f 510/510/510 560/560/560 559/559/559
f 560/560/560 510/510/510 511/511/511
f 511/511/511 561/561/561 560/560/560
f 561/561/561 511/511/511 512/512/512
f 512/512/512 562/562/562 561/561/561
f 562/562/562 512/512/512 513/513/513
f 513/513/513 563/563/563 562/562/562
f 563/563/563 513/513/513 514/514/514
f 514/514/514 564/564/564 563/563/563
f 564/564/564 514/514/514 515/515/515
f 515/515/515 565/565/565 564/564/564
f 565/565/565 515/515/515 516/516/516
f 516/516/516 566/566/566 565/565/565
f 569/569/569 567/567/567 518/518/518
f 568/568/568 567/567/567 569/569/569
f 520/520/520 569/569/569 518/518/518
f 570/570/570 569/569/569 520/520/520
f 568/568/568 569/569/569 570/570/570
f 570/570/570 520/520/520 521/521/521
f 521/521/521 571/571/571 570/570/570
f 571/571/571 521/521/521 522/522/522
f 522/522/522 572/572/572 571/571/571
f 572/572/572 522/522/522 523/523/523
f 523/523/523 573/573/573 572/572/572
f 573/573/573 523/523/523 524/524/524
f 524/524/524 574/574/574 573/573/573
f 574/574/574 524/524/524 525/525/525
f 525/525/525 575/575/575 574/574/574
f 575/575/575 525/525/525 526/526/526
f 526/526/526 576/576/576 575/575/575
f 576/576/576 526/526/526 527/527/527
f 527/527/527 577/577/577 576/576/576
f 577/577/577 527/527/527 528/528/528
f 528/528/528 578/578/578 577/577/577
f 578/578/578 528/528/528 529/529/529
f 529/529/529 579/579/579 578/578/578
f 579/579/579 529/529/529 530/530/530
f 530/530/530 580/580/580 579/579/579
f 580/580/580 530/530/530 531/531/531
f 531/531/531 581/581/581 580/580/580
f 581/581/581 531/531/531 532/532/532
f 532/532/532 582/582/582 581/581/581
f 582/582/582 532/532/532 533/533/533
f 533/533/533 583/583/583 582/582/582
f 583/583/583 533/533/533 534/534/534
f 534/534/534 584/584/584 583/583/583
f 584/584/584 534/534/534 536/536/536
f 536/536/536 585/585/585 584/584/584
f 585/585/585 536/536/536 537/537/537
f 537/537/537 586/586/586 585/585/585
f 586/586/586 537/537/537 538/538/538
f 538/538/538 587/587/587 586/586/586
f 538/538/538 588/588/588 587/587/587
f 588/588/588 543/543/543 542/542/542
f 538/538/538 543/543/543 588/588/588
f 589/589/589 590/590/590 588/588/588
f 591/591/591 590/590/590 589/589/589
f 542/542/542 589/589/589 588/588/588
f 588/588/588 592/592/592 587/587/587
f 590/590/590 593/593/593 592/592/592
f 591/591/591 593/593/593 590/590/590
f 588/588/588 590/590/590 592/592/592
f 594/594/594 589/589/589 542/542/542
f 591/591/591 589/589/589 594/594/594
f 594/594/594 548/548/548 547/547/547
f 542/542/542 548/548/548 594/594/594
f 595/595/595 594/594/594 547/547/547
f 591/591/591 594/594/594 595/595/595
f 547/547/547 596/596/596 595/595/595
f 550/550/550 596/596/596 547/547/547
f 597/597/597 598/598/598 596/596/596
f 599/599/599 598/598/598 597/597/597
f 550/550/550 597/597/597 596/596/596
f 596/596/596 600/600/600 595/595/595
f 600/600/600 598/598/598 599/599/599
f 596/596/596 598/598/598 600/600/600
f 601/601/601 597/597/597 550/550/550
f 599/599/599 597/597/597 601/601/601
f 552/552/552 601/601/601 550/550/550
f 601/601/601 603/603/603 602/602/602
f 552/552/552 603/603/603 601/601/601
f 599/599/599 601/601/601 602/602/602
f 604/604/604 603/603/603 552/552/552
f 602/602/602 603/603/603 604/604/604
f 604/604/604 557/557/557 556/556/556
f 552/552/552 557/557/557 604/604/604
f 605/605/605 604/604/604 556/556/556
f 602/602/602 604/604/604 605/605/605
f 605/605/605 556/556/556 558/558/558
f 558/558/558 606/606/606 605/605/605
f 606/606/606 558/558/558 559/559/559
f 559/559/559 607/607/607 606/606/606
f 607/607/607 559/559/559 560/560/560
f 560/560/560 608/608/608 607/607/607
f 608/608/608 560/560/560 561/561/561
f 561/561/561 609/609/609 608/608/608
f 609/609/609 561/561/561 562/562/562
f 562/562/562 610/610/610 609/609/609
f 610/610/610 562/562/562 563/563/563
f 563/563/563 611/611/611 610/610/610
f 611/611/611 563/563/563 564/564/564
f 564/564/564 612/612/612 611/611/611
f 612/612/612 564/564/564 565/565/565
f 565/565/565 613/613/613 612/612/612
f 613/613/613 565/565/565 566/566/566
f 566/566/566 614/614/614 613/613/613
f 617/617/617 616/616/616 568/568/568
f 615/615/615 616/616/616 617/617/617
f 570/570/570 617/617/617 568/568/568
f 618/618/618 617/617/617 570/570/570
f 615/615/615 617/617/617 618/618/618
f 618/618/618 570/570/570 571/571/571
f 571/571/571 619/619/619 618/618/618
f 619/619/619 571/571/571 572/572/572
f 572/572/572 620/620/620 619/619/619
f 620/620/620 572/572/572 573/573/573
f 573/573/573 621/621/621 620/620/620
f 621/621/621 573/573/573 574/574/574
f 574/574/574 622/622/622 621/621/621
f 622/622/622 574/574/574 575/575/575
f 575/575/575 623/623/623 622/622/622
f 623/623/623 575/575/575 576/576/576
f 576/576/576 624/624/624 623/623/623
f 624/624/624 576/576/576 577/577/577
f 577/577/577 625/625/625 624/624/624
f 625/625/625 577/577/577 578/578/578
f 578/578/578 626/626/626 625/625/625
f 626/626/626 578/578/578 579/579/579
f 579/579/579 627/627/627 626/626/626
f 627/627/627 579/579/579 580/580/580
f 580/580/580 628/628/628 627/627/627
f 628/628/628 580/580/580 581/581/581
f 581/581/581 629/629/629 628/628/628
f 629/629/629 581/581/581 582/582/582
f 582/582/582 630/630/630 629/629/629
f 630/630/630 582/582/582 583/583/583
f 583/583/583 631/631/631 630/630/630
f 631/631/631 583/583/583 584/584/584
f 584/584/584 632/632/632 631/631/631
f 632/632/632 584/584/584 585/585/585
f 585/585/585 633/633/633 632/632/632
f 633/633/633 585/585/585 586/586/586
f 586/586/586 634/634/634 633/633/633
f 634/634/634 586/586/586 587/587/587
f 587/587/587 635/635/635 634/634/634
f 587/587/587 636/636/636 635/635/635
f 592/592/592 637/637/637 636/636/636
f 637/637/637 593/593/593 591/591/591
f 592/592/592 593/593/593 637/637/637
f 587/587/587 592/592/592 636/636/636
f 636/636/636 639/639/639 638/638/638
f 639/639/639 637/637/637 591/591/591
f 636/636/636 637/637/637 639/639/639
f 635/635/635 636/636/636 638/638/638
f 640/640/640 639/639/639 591/591/591
f 638/638/638 639/639/639 640/640/640
f 595/595/595 640/640/640 591/591/591
f 640/640/640 642/642/642 641/641/641
f 595/595/595 642/642/642 640/640/640
f 638/638/638 640/640/640 641/641/641
f 643/643/643 642/642/642 595/595/595
f 642/642/642 644/644/644 641/641/641
f 643/643/643 644/644/644 642/642/642
f 643/643/643 600/600/600 599/599/599
f 595/595/595 600/600/600 643/643/643
f 645/645/645 643/643/643 599/599/599
f 646/646/646 644/644/644 643/643/643
f 644/644/644 647/647/647 641/641/641
f 646/646/646 647/647/647 644/644/644
f 645/645/645 646/646/646 643/643/643
f 645/645/645 599/599/599 602/602/602
f 602/602/602 648/648/648 645/645/645
f 648/648/648 602/602/602 605/605/605
f 605/605/605 649/649/649 648/648/648
f 649/649/649 605/605/605 606/606/606
f 606/606/606 650/650/650 649/649/649
f 650/650/650 606/606/606 607/607/607
f 607/607/607 651/651/651 650/650/650
f 651/651/651 607/607/607 608/608/608
f 608/608/608 652/652/652 651/651/651
f 652/652/652 608/608/608 609/609/609
f 609/609/609 653/653/653 652/652/652
f 653/653/653 609/609/609 610/610/610
f 610/610/610 654/654/654 653/653/653
f 654/654/654 610/610/610 611/611/611
f 611/611/611 655/655/655 654/654/654
f 655/655/655 611/611/611 612/612/612
f 612/612/612 656/656/656 655/655/655
f 656/656/656 612/612/612 613/613/613
f 613/613/613 657/657/657 656/656/656
f 657/657/657 613/613/613 614/614/614
f 614/614/614 658/658/658 657/657/657
f 659/659/659 615/615/615 618/618/618
f 618/618/618 660/660/660 659/659/659
f 660/660/660 618/618/618 619/619/619
f 619/619/619 661/661/661 660/660/660
f 661/661/661 619/619/619 620/620/620
f 620/620/620 662/662/662 661/661/661
f 662/662/662 620/620/620 621/621/621
f 621/621/621 663/663/663 662/662/662
f 663/663/663 621/621/621 622/622/622
f 622/622/622 664/664/664 663/663/663
f 664/664/664 622/622/622 623/623/623
f 623/623/623 665/665/665 664/664/664
f 665/665/665 623/623/623 624/624/624
f 624/624/624 666/666/666 665/665/665
f 666/666/666 624/624/624 625/625/625
f 625/625/625 667/667/667 666/666/666
f 667/667/667 625/625/625 626/626/626
f 626/626/626 668/668/668 667/667/667
f 668/668/668 626/626/626 627/627/627
f 627/627/627 669/669/669 668/668/668
f 669/669/669 627/627/627 628/628/628
f 628/628/628 670/670/670 669/669/669
f 670/670/670 628/628/628 629/629/629
f 629/629/629 671/671/671 670/670/670
f 671/671/671 629/629/629 630/630/630
f 630/630/630 672/672/672 671/671/671
f 672/672/672 630/630/630 631/631/631
f 631/631/631 673/673/673 672/672/672
f 673/673/673 631/631/631 632/632/632
f 632/632/632 674/674/674 673/673/673
f 674/674/674 632/632/632 633/633/633
f 633/633/633 675/675/675 674/674/674
f 675/675/675 633/633/633 634/634/634
f 634/634/634 676/676/676 675/675/675
f 676/676/676 634/634/634 635/635/635
f 635/635/635 677/677/677 676/676/676
f 635/635/635 678/678/678 677/677/677
f 638/638/638 678/678/678 635/635/635
f 679/679/679 680/680/680 678/678/678
f 681/681/681 680/680/680 679/679/679
f 638/638/638 679/679/679 678/678/678
f 678/678/678 682/682/682 677/677/677
f 680/680/680 683/683/683 682/682/682
f 681/681/681 683/683/683 680/680/680
f 678/678/678 680/680/680 682/682/682
f 684/684/684 679/679/679 638/638/638
f 681/681/681 679/679/679 684/684/684
f 641/641/641 684/684/684 638/638/638
f 684/684/684 686/686/686 685/685/685
f 641/641/641 686/686/686 684/684/684
f 684/684/684 687/687/687 681/681/681
f 685/685/685 687/687/687 684/684/684
f 686/686/686 689/689/689 688/688/688
f 641/641/641 689/689/689 686/686/686
f 686/686/686 690/690/690 685/685/685
f 688/688/688 690/690/690 686/686/686
f 688/688/688 646/646/646 645/645/645
f 689/689/689 647/647/647 646/646/646
f 641/641/641 647/647/647 689/689/689
f 688/688/688 689/689/689 646/646/646
f 691/691/691 688/688/688 645/645/645
f 692/692/692 690/690/690 688/688/688
f 690/690/690 693/693/693 685/685/685
f 692/692/692 693/693/693 690/690/690
f 691/691/691 692/692/692 688/688/688
f 691/691/691 645/645/645 648/648/648
f 648/648/648 694/694/694 691/691/691
f 694/694/694 648/648/648 649/649/649
f 649/649/649 695/695/695 694/694/694
f 695/695/695 649/649/649 650/650/650
f 650/650/650 696/696/696 695/695/695
f 696/696/696 650/650/650 651/651/651
f 651/651/651 697/697/697 696/696/696
f 697/697/697 651/651/651 652/652/652
f 652/652/652 698/698/698 697/697/697
f 698/698/698 652/652/652 653/653/653
f 653/653/653 699/699/699 698/698/698
f 699/699/699 653/653/653 654/654/654
f 654/654/654 700/700/700 699/699/699
f 700/700/700 654/654/654 655/655/655
f 655/655/655 701/701/701 700/700/700
f 701/701/701 655/655/655 656/656/656
f 656/656/656 702/702/702 701/701/701
f 702/702/702 656/656/656 657/657/657
f 657/657/657 703/703/703 702/702/702
f 703/703/703 657/657/657 658/658/658
f 658/658/658 704/704/704 703/703/703
f 705/705/705 659/659/659 660/660/660
f 660/660/660 706/706/706 705/705/705
f 706/706/706 660/660/660 661/661/661
f 661/661/661 707/707/707 706/706/706
f 707/707/707 661/661/661 662/662/662
f 662/662/662 708/708/708 707/707/707
f 708/708/708 662/662/662 663/663/663
f 663/663/663 709/709/709 708/708/708
f 709/709/709 663/663/663 664/664/664
f 664/664/664 710/710/710 709/709/709
f 710/710/710 664/664/664 665/665/665
f 665/665/665 711/711/711 710/710/710
f 711/711/711 665/665/665 666/666/666
f 666/666/666 712/712/712 711/711/711
f 712/712/712 666/666/666 667/667/667
f 667/667/667 713/713/713 712/712/712
f 713/713/713 667/667/667 668/668/668
f 668/668/668 714/714/714 713/713/713
f 714/714/714 668/668/668 669/669/669
f 669/669/669 715/715/715 714/714/714
f 715/715/715 669/669/669 670/670/670
f 670/670/670 716/716/716 715/715/715
f 716/716/716 670/670/670 671/671/671
f 671/671/671 717/717/717 716/716/716
f 717/717/717 671/671/671 672/672/672
f 672/672/672 718/718/718 717/717/717
f 718/718/718 672/672/672 673/673/673
f 673/673/673 719/719/719 718/718/718
f 719/719/719 673/673/673 674/674/674
f 674/674/674 720/720/720 719/719/719
f 720/720/720 674/674/674 675/675/675
f 675/675/675 721/721/721 720/720/720
f 721/721/721 675/675/675 676/676/676
f 676/676/676 722/722/722 721/721/721
f 722/722/722 676/676/676 677/677/677
f 677/677/677 723/723/723 722/722/722
f 677/677/677 724/724/724 723/723/723
f 682/682/682 725/725/725 724/724/724
f 683/683/683 726/726/726 725/725/725
f 681/681/681 726/726/726 683/683/683
f 682/682/682 683/683/683 725/725/725
f 677/677/677 682/682/682 724/724/724
f 727/727/727 729/729/729 728/728/728
f 724/724/724 729/729/729 727/727/727
f 730/730/730 727/727/727 728/728/728
f 731/731/731 733/733/733 732/732/732
f 725/725/725 733/733/733 731/731/731
f 728/728/728 731/731/731 732/732/732
f 732/732/732 726/726/726 681/681/681
f 726/726/726 733/733/733 725/725/725
f 732/732/732 733/733/733 726/726/726
f 725/725/725 729/729/729 724/724/724
f 729/729/729 731/731/731 728/728/728
f 725/725/725 731/731/731 729/729/729
f 724/724/724 734/734/734 723/723/723
f 734/734/734 727/727/727 730/730/730
f 724/724/724 727/727/727 734/734/734
f 735/735/735 736/736/736 728/728/728
f 737/737/737 736/736/736 735/735/735
f 735/735/735 732/732/732 681/681/681
f 728/728/728 732/732/732 735/735/735
f 728/728/728 738/738/738 730/730/730
f 738/738/738 736/736/736 737/737/737
f 728/728/728 736/736/736 738/738/738
f 737/737/737 687/687/687 685/685/685
f 687/687/687 735/735/735 681/681/681
f 737/737/737 735/735/735 687/687/687
f 737/737/737 740/740/740 739/739/739
f 685/685/685 740/740/740 737/737/737
f 741/741/741 738/738/738 737/737/737
f 730/730/730 738/738/738 741/741/741
f 739/739/739 741/741/741 737/737/737
f 742/742/742 743/743/743 740/740/740
f 744/744/744 743/743/743 742/742/742
f 685/685/685 742/742/742 740/740/740
f 740/740/740 745/745/745 739/739/739
f 745/745/745 743/743/743 744/744/744
f 740/740/740 743/743/743 745/745/745
f 744/744/744 692/692/692 691/691/691
f 742/742/742 693/693/693 692/692/692
f 685/685/685 693/693/693 742/742/742
f 744/744/744 742/742/742 692/692/692
f 746/746/746 744/744/744 691/691/691
f 747/747/747 745/745/745 744/744/744
f 739/739/739 745/745/745 747/747/747
f 746/746/746 747/747/747 744/744/744
f 746/746/746 691/691/691 694/694/694
f 694/694/694 748/748/748 746/746/746
f 748/748/748 694/694/694 695/695/695
f 695/695/695 749/749/749 748/748/748
f 749/749/749 695/695/695 696/696/696
f 696/696/696 750/750/750 749/749/749
f 750/750/750 696/696/696 697/697/697
f 697/697/697 751/751/751 750/750/750
f 751/751/751 697/697/697 698/698/698
f 698/698/698 752/752/752 751/751/751
f 752/752/752 698/698/698 699/699/699
f 699/699/699 753/753/753 752/752/752
f 753/753/753 699/699/699 700/700/700
f 700/700/700 754/754/754 753/753/753
f 754/754/754 700/700/700 701/701/701
f 701/701/701 755/755/755 754/754/754
f 755/755/755 701/701/701 702/702/702
f 702/702/702 756/756/756 755/755/755
f 756/756/756 702/702/702 703/703/703
f 703/703/703 757/757/757 756/756/756
f 757/757/757 703/703/703 704/704/704
f 704/704/704 758/758/758 757/757/757
f 759/759/759 705/705/705 706/706/706
f 706/706/706 760/760/760 759/759/759
f 760/760/760 706/706/706 707/707/707
f 707/707/707 761/761/761 760/760/760
f 761/761/761 707/707/707 708/708/708
f 708/708/708 762/762/762 761/761/761
f 762/762/762 708/708/708 709/709/709
f 709/709/709 763/763/763 762/762/762
f 709/709/709 764/764/764 763/763/763
f 710/710/710 764/764/764 709/709/709
f 765/765/765 764/764/764 710/710/710
f 763/763/763 764/764/764 765/765/765
f 765/765/765 710/710/710 711/711/711
f 711/711/711 766/766/766 765/765/765
f 766/766/766 711/711/711 712/712/712
f 712/712/712 767/767/767 766/766/766
f 767/767/767 712/712/712 713/713/713
f 713/713/713 768/768/768 767/767/767
f 768/768/768 713/713/713 714/714/714
f 714/714/714 769/769/769 768/768/768
f 769/769/769 714/714/714 715/715/715
f 715/715/715 770/770/770 769/769/769
f 770/770/770 715/715/715 716/716/716
f 716/716/716 771/771/771 770/770/770
f 771/771/771 716/716/716 717/717/717
f 717/717/717 772/772/772 771/771/771
f 772/772/772 717/717/717 718/718/718
f 718/718/718 773/773/773 772/772/772
f 773/773/773 718/718/718 719/719/719
f 719/719/719 774/774/774 773/773/773
f 774/774/774 719/719/719 720/720/720
f 720/720/720 775/775/775 774/774/774
f 775/775/775 720/720/720 721/721/721
f 721/721/721 776/776/776 775/775/775
f 721/721/721 777/777/777 776/776/776
f 722/722/722 777/777/777 721/721/721
f 777/777/777 779/779/779 778/778/778
f 722/722/722 779/779/779 777/777/777
f 776/776/776 777/777/777 778/778/778
f 780/780/780 779/779/779 722/722/722
f 778/778/778 779/779/779 780/780/780
f 723/723/723 780/780/780 722/722/722
f 781/781/781 780/780/780 723/723/723
f 780/780/780 782/782/782 778/778/778
f 781/781/781 782/782/782 780/780/780
f 723/723/723 783/783/783 781/781/781
f 783/783/783 734/734/734 730/730/730
f 723/723/723 734/734/734 783/783/783
f 784/784/784 783/783/783 730/730/730
f 781/781/781 783/783/783 784/784/784
f 730/730/730 785/785/785 784/784/784
f 785/785/785 741/741/741 739/739/739
f 730/730/730 741/741/741 785/785/785
f 785/785/785 787/787/787 786/786/786
f 739/739/739 787/787/787 785/785/785
f 785/785/785 788/788/788 784/784/784
f 786/786/786 788/788/788 785/785/785
f 787/787/787 790/790/790 789/789/789
f 739/739/739 790/790/790 787/787/787
f 786/786/786 787/787/787 789/789/789
f 789/789/789 747/747/747 746/746/746
f 747/747/747 790/790/790 739/739/739
f 789/789/789 790/790/790 747/747/747
f 791/791/791 789/789/789 746/746/746
f 786/786/786 789/789/789 791/791/791
f 791/791/791 746/746/746 748/748/748
f 748/748/748 792/792/792 791/791/791
f 792/792/792 748/748/748 749/749/749
f 749/749/749 793/793/793 792/792/792
f 793/793/793 749/749/749 750/750/750
f 750/750/750 794/794/794 793/793/793
f 794/794/794 750/750/750 751/751/751
f 751/751/751 795/795/795 794/794/794
f 795/795/795 751/751/751 752/752/752
f 752/752/752 796/796/796 795/795/795
f 796/796/796 752/752/752 753/753/753
f 753/753/753 797/797/797 796/796/796
f 797/797/797 753/753/753 754/754/754
f 754/754/754 798/798/798 797/797/797
f 798/798/798 754/754/754 755/755/755
f 755/755/755 799/799/799 798/798/798
f 799/799/799 755/755/755 756/756/756
f 756/756/756 800/800/800 799/799/799
f 800/800/800 756/756/756 757/757/757
f 757/757/757 801/801/801 800/800/800
f 801/801/801 757/757/757 758/758/758
f 758/758/758 802/802/802 801/801/801
f 803/803/803 759/759/759 760/760/760
f 760/760/760 804/804/804 803/803/803
f 804/804/804 760/760/760 761/761/761
f 761/761/761 805/805/805 804/804/804
f 805/805/805 761/761/761 762/762/762
f 762/762/762 806/806/806 805/805/805
f 806/806/806 762/762/762 763/763/763
f 763/763/763 807/807/807 806/806/806
f 763/763/763 808/808/808 807/807/807
f 765/765/765 808/808/808 763/763/763
f 809/809/809 808/808/808 765/765/765
f 807/807/807 808/808/808 809/809/809
f 809/809/809 765/765/765 766/766/766
f 766/766/766 810/810/810 809/809/809
f 810/810/810 766/766/766 767/767/767
f 767/767/767 811/811/811 810/810/810
f 811/811/811 767/767/767 768/768/768
f 768/768/768 812/812/812 811/811/811
f 812/812/812 768/768/768 769/769/769
f 769/769/769 813/813/813 812/812/812
f 813/813/813 769/769/769 770/770/770
f 770/770/770 814/814/814 813/813/813
f 814/814/814 770/770/770 771/771/771
f 771/771/771 815/815/815 814/814/814
f 815/815/815 771/771/771 772/772/772
f 772/772/772 816/816/816 815/815/815
f 816/816/816 772/772/772 773/773/773
f 773/773/773 817/817/817 816/816/816
f 817/817/817 773/773/773 774/774/774
f 774/774/774 818/818/818 817/817/817
f 774/774/774 819/819/819 818/818/818
f 775/775/775 819/819/819 774/774/774
f 820/820/820 821/821/821 819/819/819
f 822/822/822 823/823/823 821/821/821
f 824/824/824 823/823/823 822/822/822
f 820/820/820 822/822/822 821/821/821
f 775/775/775 820/820/820 819/819/819
f 819/819/819 825/825/825 818/818/818
f 821/821/821 826/826/826 825/825/825
f 826/826/826 823/823/823 824/824/824
f 821/821/821 823/823/823 826/826/826
f 819/819/819 821/821/821 825/825/825
f 827/827/827 820/820/820 775/775/775
f 828/828/828 822/822/822 820/820/820
f 824/824/824 822/822/822 828/828/828
f 827/827/827 828/828/828 820/820/820
f 776/776/776 827/827/827 775/775/775
f 829/829/829 830/830/830 827/827/827
f 830/830/830 832/832/832 831/831/831
f 829/829/829 832/832/832 830/830/830
f 776/776/776 829/829/829 827/827/827
f 833/833/833 834/834/834 828/828/828
f 835/835/835 834/834/834 833/833/833
f 827/827/827 833/833/833 828/828/828
f 828/828/828 836/836/836 824/824/824
f 836/836/836 834/834/834 835/835/835
f 828/828/828 834/834/834 836/836/836
f 837/837/837 838/838/838 830/830/830
f 835/835/835 838/838/838 837/837/837
f 831/831/831 837/837/837 830/830/830
f 830/830/830 833/833/833 827/827/827
f 833/833/833 838/838/838 835/835/835
f 830/830/830 838/838/838 833/833/833
f 839/839/839 829/829/829 776/776/776
f 840/840/840 832/832/832 829/829/829
f 831/831/831 832/832/832 840/840/840
f 839/839/839 840/840/840 829/829/829
f 778/778/778 839/839/839 776/776/776
f 841/841/841 842/842/842 839/839/839
f 843/843/843 842/842/842 841/841/841
f 778/778/778 841/841/841 839/839/839
f 844/844/844 840/840/840 839/839/839
f 831/831/831 840/840/840 844/844/844
f 844/844/844 842/842/842 843/843/843
f 839/839/839 842/842/842 844/844/844
f 841/841/841 846/846/846 845/845/845
f 778/778/778 846/846/846 841/841/841
f 843/843/843 841/841/841 845/845/845
f 845/845/845 782/782/782 781/781/781
f 782/782/782 846/846/846 778/778/778
f 845/845/845 846/846/846 782/782/782
f 847/847/847 845/845/845 781/781/781
f 843/843/843 845/845/845 847/847/847
f 847/847/847 781/781/781 784/784/784
f 784/784/784 848/848/848 847/847/847
f 784/784/784 849/849/849 848/848/848
f 849/849/849 788/788/788 786/786/786
f 784/784/784 788/788/788 849/849/849
f 850/850/850 849/849/849 786/786/786
f 849/849/849 851/851/851 848/848/848
f 850/850/850 851/851/851 849/849/849
f 850/850/850 786/786/786 791/791/791
f 791/791/791 852/852/852 850/850/850
f 852/852/852 791/791/791 792/792/792
f 792/792/792 853/853/853 852/852/852
f 853/853/853 792/792/792 793/793/793
f 793/793/793 854/854/854 853/853/853
f 854/854/854 793/793/793 794/794/794
f 794/794/794 855/855/855 854/854/854
f 855/855/855 794/794/794 795/795/795
f 795/795/795 856/856/856 855/855/855
f 856/856/856 795/795/795 796/796/796
f 796/796/796 857/857/857 856/856/856
f 857/857/857 796/796/796 797/797/797
f 797/797/797 858/858/858 857/857/857
f 858/858/858 797/797/797 798/798/798
f 798/798/798 859/859/859 858/858/858
f 859/859/859 798/798/798 799/799/799
f 799/799/799 860/860/860 859/859/859
f 860/860/860 799/799/799 800/800/800
f 800/800/800 861/861/861 860/860/860
f 861/861/861 800/800/800 801/801/801
f 801/801/801 862/862/862 861/861/861
f 862/862/862 801/801/801 802/802/802
f 802/802/802 863/863/863 862/862/862
f 864/864/864 803/803/803 804/804/804
f 804/804/804 865/865/865 864/864/864
f 865/865/865 804/804/804 805/805/805
f 805/805/805 866/866/866 865/865/865
f 866/866/866 805/805/805 806/806/806
f 806/806/806 867/867/867 866/866/866
f 867/867/867 806/806/806 807/807/807
f 807/807/807 868/868/868 867/867/867
f 868/868/868 807/807/807 809/809/809
f 809/809/809 869/869/869 868/868/868
f 869/869/869 809/809/809 810/810/810
f 810/810/810 870/870/870 869/869/869
f 870/870/870 810/810/810 811/811/811
f 811/811/811 871/871/871 870/870/870
f 871/871/871 811/811/811 812/812/812
f 812/812/812 872/872/872 871/871/871
f 872/872/872 812/812/812 813/813/813
f 813/813/813 873/873/873 872/872/872
f 813/813/813 874/874/874 873/873/873
f 814/814/814 874/874/874 813/813/813
f 875/875/875 874/874/874 814/814/814
f 873/873/873 874/874/874 875/875/875
f 875/875/875 814/814/814 815/815/815
f 815/815/815 876/876/876 875/875/875
f 876/876/876 815/815/815 816/816/816
f 816/816/816 877/877/877 876/876/876
f 877/877/877 816/816/816 817/817/817
f 817/817/817 878/878/878 877/877/877
f 817/817/817 879/879/879 878/878/878
f 818/818/818 879/879/879 817/817/817
f 880/880/880 881/881/881 879/879/879
f 881/881/881 883/883/883 882/882/882
f 880/880/880 883/883/883 881/881/881
f 818/818/818 880/880/880 879/879/879
f 879/879/879 884/884/884 878/878/878
f 884/884/884 881/881/881 882/882/882
f 879/879/879 881/881/881 884/884/884
f 880/880/880 886/886/886 885/885/885
f 818/818/818 886/886/886 880/880/880
f 887/887/887 883/883/883 880/880/880
f 882/882/882 883/883/883 887/887/887
f 885/885/885 887/887/887 880/880/880
f 888/888/888 889/889/889 825/825/825
f 885/885/885 889/889/889 888/888/888
f 888/888/888 826/826/826 824/824/824
f 825/825/825 826/826/826 888/888/888
f 825/825/825 886/886/886 818/818/818
f 886/886/886 889/889/889 885/885/885
f 825/825/825 889/889/889 886/886/886
f 885/885/885 891/891/891 890/890/890
f 891/891/891 888/888/888 824/824/824
f 885/885/885 888/888/888 891/891/891
f 892/892/892 887/887/887 885/885/885
f 882/882/882 887/887/887 892/892/892
f 890/890/890 892/892/892 885/885/885
f 891/891/891 894/894/894 893/893/893
f 824/824/824 894/894/894 891/891/891
f 890/890/890 891/891/891 893/893/893
f 835/835/835 895/895/895 893/893/893
f 895/895/895 837/837/837 831/831/831
f 835/835/835 837/837/837 895/895/895
f 894/894/894 836/836/836 835/835/835
f 824/824/824 836/836/836 894/894/894
f 893/893/893 894/894/894 835/835/835
f 893/893/893 897/897/897 896/896/896
f 897/897/897 895/895/895 831/831/831
f 893/893/893 895/895/895 897/897/897
f 890/890/890 893/893/893 896/896/896
f 898/898/898 897/897/897 831/831/831
f 896/896/896 897/897/897 898/898/898
f 898/898/898 844/844/844 843/843/843
f 831/831/831 844/844/844 898/898/898
f 899/899/899 898/898/898 843/843/843
f 898/898/898 900/900/900 896/896/896
f 899/899/899 900/900/900 898/898/898
f 843/843/843 901/901/901 899/899/899
f 847/847/847 901/901/901 843/843/843
f 902/902/902 901/901/901 847/847/847
f 901/901/901 903/903/903 899/899/899
f 902/902/902 903/903/903 901/901/901
f 847/847/847 904/904/904 902/902/902
f 848/848/848 904/904/904 847/847/847
f 905/905/905 906/906/906 904/904/904
f 907/907/907 906/906/906 905/905/905
f 848/848/848 905/905/905 904/904/904
f 904/904/904 908/908/908 902/902/902
f 908/908/908 906/906/906 907/907/907
f 904/904/904 906/906/906 908/908/908
f 905/905/905 910/910/910 909/909/909
f 848/848/848 910/910/910 905/905/905
f 907/907/907 905/905/905 909/909/909
f 909/909/909 851/851/851 850/850/850
f 851/851/851 910/910/910 848/848/848
f 909/909/909 910/910/910 851/851/851
f 911/911/911 909/909/909 850/850/850
f 907/907/907 909/909/909 911/911/911
f 911/911/911 850/850/850 852/852/852
f 852/852/852 912/912/912 911/911/911
f 912/912/912 852/852/852 853/853/853
f 853/853/853 913/913/913 912/912/912
f 913/913/913 853/853/853 854/854/854
f 854/854/854 914/914/914 913/913/913
f 854/854/854 915/915/915 914/914/914
f 855/855/855 915/915/915 854/854/854
f 916/916/916 915/915/915 855/855/855
f 914/914/914 915/915/915 916/916/916
f 916/916/916 855/855/855 856/856/856
f 856/856/856 917/917/917 916/916/916
f 917/917/917 856/856/856 857/857/857
f 857/857/857 918/918/918 917/917/917
f 918/918/918 857/857/857 858/858/858
f 858/858/858 919/919/919 918/918/918
f 919/919/919 858/858/858 859/859/859
f 859/859/859 920/920/920 919/919/919
f 920/920/920 859/859/859 860/860/860
f 860/860/860 921/921/921 920/920/920
f 921/921/921 860/860/860 861/861/861
f 861/861/861 922/922/922 921/921/921
f 861/861/861 923/923/923 922/922/922
f 862/862/862 923/923/923 861/861/861
f 923/923/923 925/925/925 924/924/924
f 862/862/862 925/925/925 923/923/923
f 923/923/923 926/926/926 922/922/922
f 924/924/924 926/926/926 923/923/923
f 927/927/927 925/925/925 862/862/862
f 924/924/924 925/925/925 927/927/927
f 863/863/863 927/927/927 862/862/862
f 928/928/928 927/927/927 863/863/863
f 924/924/924 927/927/927 928/928/928
f 929/929/929 864/864/864 865/865/865
f 865/865/865 930/930/930 929/929/929
f 930/930/930 865/865/865 866/866/866
f 866/866/866 931/931/931 930/930/930
f 931/931/931 866/866/866 867/867/867
f 867/867/867 932/932/932 931/931/931
f 932/932/932 867/867/867 868/868/868
f 868/868/868 933/933/933 932/932/932
f 933/933/933 868/868/868 869/869/869
f 869/869/869 934/934/934 933/933/933
f 934/934/934 869/869/869 870/870/870
f 870/870/870 935/935/935 934/934/934
f 935/935/935 870/870/870 871/871/871
f 871/871/871 936/936/936 935/935/935
f 936/936/936 871/871/871 872/872/872
f 872/872/872 937/937/937 936/936/936
f 937/937/937 872/872/872 873/873/873
f 873/873/873 938/938/938 937/937/937
f 938/938/938 873/873/873 875/875/875
f 875/875/875 939/939/939 938/938/938
f 939/939/939 875/875/875 876/876/876
f 876/876/876 940/940/940 939/939/939
f 940/940/940 876/876/876 877/877/877
f 877/877/877 941/941/941 940/940/940
f 941/941/941 877/877/877 878/878/878
f 878/878/878 942/942/942 941/941/941
f 878/878/878 943/943/943 942/942/942
f 943/943/943 884/884/884 882/882/882
f 878/878/878 884/884/884 943/943/943
f 944/944/944 943/943/943 882/882/882
f 942/942/942 943/943/943 944/944/944
f 882/882/882 945/945/945 944/944/944
f 945/945/945 892/892/892 890/890/890
f 882/882/882 892/892/892 945/945/945
f 946/946/946 945/945/945 890/890/890
f 944/944/944 945/945/945 946/946/946
f 890/890/890 947/947/947 946/946/946
f 896/896/896 947/947/947 890/890/890
f 947/947/947 949/949/949 948/948/948
f 896/896/896 949/949/949 947/947/947
f 946/946/946 947/947/947 948/948/948
f 950/950/950 949/949/949 896/896/896
f 949/949/949 951/951/951 948/948/948
f 950/950/950 951/951/951 949/949/949
f 900/900/900 952/952/952 950/950/950
f 899/899/899 952/952/952 900/900/900
f 896/896/896 900/900/900 950/950/950
f 950/950/950 954/954/954 953/953/953
f 952/952/952 955/955/955 954/954/954
f 899/899/899 955/955/955 952/952/952
f 950/950/950 952/952/952 954/954/954
f 956/956/956 951/951/951 950/950/950
f 948/948/948 951/951/951 956/956/956
f 953/953/953 956/956/956 950/950/950
f 954/954/954 958/958/958 957/957/957
f 958/958/958 955/955/955 899/899/899
f 954/954/954 955/955/955 958/958/958
f 953/953/953 954/954/954 957/957/957
f 957/957/957 903/903/903 902/902/902
f 903/903/903 958/958/958 899/899/899
f 957/957/957 958/958/958 903/903/903
f 959/959/959 957/957/957 902/902/902
f 953/953/953 957/957/957 959/959/959
f 902/902/902 960/960/960 959/959/959
f 960/960/960 908/908/908 907/907/907
f 902/902/902 908/908/908 960/960/960
f 961/961/961 960/960/960 907/907/907
f 959/959/959 960/960/960 961/961/961
f 961/961/961 907/907/907 911/911/911
f 911/911/911 962/962/962 961/961/961
f 962/962/962 911/911/911 912/912/912
f 912/912/912 963/963/963 962/962/962
f 963/963/963 912/912/912 913/913/913
f 913/913/913 964/964/964 963/963/963
f 964/964/964 913/913/913 914/914/914
f 914/914/914 965/965/965 964/964/964
f 965/965/965 914/914/914 916/916/916
f 916/916/916 966/966/966 965/965/965
f 966/966/966 916/916/916 917/917/917
f 917/917/917 967/967/967 966/966/966
f 967/967/967 917/917/917 918/918/918
f 918/918/918 968/968/968 967/967/967
f 968/968/968 918/918/918 919/919/919
f 919/919/919 969/969/969 968/968/968
f 969/969/969 919/919/919 920/920/920
f 920/920/920 970/970/970 969/969/969
f 970/970/970 920/920/920 921/921/921
f 921/921/921 971/971/971 970/970/970
f 971/971/971 921/921/921 922/922/922
f 922/922/922 972/972/972 971/971/971
f 922/922/922 973/973/973 972/972/972
f 926/926/926 974/974/974 973/973/973
f 924/924/924 974/974/974 926/926/926
f 922/922/922 926/926/926 973/973/973
f 973/973/973 976/976/976 975/975/975
f 976/976/976 974/974/974 924/924/924
f 973/973/973 974/974/974 976/976/976
f 972/972/972 973/973/973 975/975/975
f 977/977/977 976/976/976 924/924/924
f 975/975/975 976/976/976 977/977/977
f 928/928/928 977/977/977 924/924/924
f 978/978/978 977/977/977 928/928/928
f 975/975/975 977/977/977 978/978/978
f 982/982/982 979/979/979 929/929/929
f 983/983/983 981/981/981 979/979/979
f 981/981/981 984/984/984 980/980/980
f 983/983/983 984/984/984 981/981/981
f 982/982/982 983/983/983 979/979/979
f 930/930/930 982/982/982 929/929/929
f 985/985/985 982/982/982 930/930/930
f 986/986/986 983/983/983 982/982/982
f 987/987/987 984/984/984 983/983/983
f 980/980/980 984/984/984 987/987/987
f 986/986/986 987/987/987 983/983/983
f 985/985/985 986/986/986 982/982/982
f 985/985/985 930/930/930 931/931/931
f 931/931/931 988/988/988 985/985/985
f 988/988/988 931/931/931 932/932/932
f 932/932/932 989/989/989 988/988/988
f 989/989/989 932/932/932 933/933/933
f 933/933/933 990/990/990 989/989/989
f 990/990/990 933/933/933 934/934/934
f 934/934/934 991/991/991 990/990/990
f 991/991/991 934/934/934 935/935/935
f 935/935/935 992/992/992 991/991/991
f 992/992/992 935/935/935 936/936/936
f 936/936/936 993/993/993 992/992/992
f 993/993/993 936/936/936 937/937/937
f 937/937/937 994/994/994 993/993/993
f 937/937/937 995/995/995 994/994/994
f 938/938/938 995/995/995 937/937/937
f 996/996/996 995/995/995 938/938/938
f 994/994/994 995/995/995 996/996/996
f 938/938/938 997/997/997 996/996/996
f 939/939/939 997/997/997 938/938/938
f 998/998/998 997/997/997 939/939/939
f 997/997/997 999/999/999 996/996/996
f 998/998/998 999/999/999 997/997/997
f 998/998/998 939/939/939 940/940/940
f 940/940/940 1000/1000/1000 998/998/998
f 1000/1000/1000 940/940/940 941/941/941
f 941/941/941 1001/1001/1001 1000/1000/1000
f 1001/1001/1001 941/941/941 942/942/942
f 942/942/942 1002/1002/1002 1001/1001/1001
f 1002/1002/1002 942/942/942 944/944/944
f 944/944/944 1003/1003/1003 1002/1002/1002
f 1003/1003/1003 944/944/944 946/946/946
f 946/946/946 1004/1004/1004 1003/1003/1003
f 946/946/946 1005/1005/1005 1004/1004/1004
f 948/948/948 1005/1005/1005 946/946/946
f 1006/1006/1006 1005/1005/1005 948/948/948
f 1005/1005/1005 1007/1007/1007 1004/1004/1004
f 1006/1006/1006 1007/1007/1007 1005/1005/1005
f 948/948/948 1008/1008/1008 1006/1006/1006
f 1008/1008/1008 956/956/956 953/953/953
f 948/948/948 956/956/956 1008/1008/1008
f 1009/1009/1009 1008/1008/1008 953/953/953
f 1006/1006/1006 1008/1008/1008 1009/1009/1009
f 1009/1009/1009 953/953/953 959/959/959
f 959/959/959 1010/1010/1010 1009/1009/1009
f 1010/1010/1010 959/959/959 961/961/961
f 961/961/961 1011/1011/1011 1010/1010/1010
f 1011/1011/1011 961/961/961 962/962/962
f 962/962/962 1012/1012/1012 1011/1011/1011
f 1012/1012/1012 962/962/962 963/963/963
f 963/963/963 1013/1013/1013 1012/1012/1012
f 1013/1013/1013 963/963/963 964/964/964
f 964/964/964 1014/1014/1014 1013/1013/1013
f 964/964/964 1015/1015/1015 1014/1014/1014
f 965/965/965 1015/1015/1015 964/964/964
f 1015/1015/1015 1017/1017/1017 1016/1016/1016
f 965/965/965 1017/1017/1017 1015/1015/1015
f 1014/1014/1014 1015/1015/1015 1016/1016/1016
f 1018/1018/1018 1017/1017/1017 965/965/965
f 1016/1016/1016 1017/1017/1017 1018/1018/1018
f 966/966/966 1018/1018/1018 965/965/965
f 1019/1019/1019 1018/1018/1018 966/966/966
f 1016/1016/1016 1018/1018/1018 1019/1019/1019
f 1019/1019/1019 966/966/966 967/967/967
f 967/967/967 1020/1020/1020 1019/1019/1019
f 1020/1020/1020 967/967/967 968/968/968
f 968/968/968 1021/1021/1021 1020/1020/1020
f 1021/1021/1021 968/968/968 969/969/969
f 969/969/969 1022/1022/1022 1021/1021/1021
f 1022/1022/1022 969/969/969 970/970/970
f 970/970/970 1023/1023/1023 1022/1022/1022
f 1023/1023/1023 970/970/970 971/971/971
f 971/971/971 1024/1024/1024 1023/1023/1023
f 1024/1024/1024 971/971/971 972/972/972
f 972/972/972 1025/1025/1025 1024/1024/1024
f 1025/1025/1025 972/972/972 975/975/975
f 975/975/975 1026/1026/1026 1025/1025/1025
f 1026/1026/1026 975/975/975 978/978/978
f 978/978/978 1027/1027/1027 1026/1026/1026
f 1030/1030/1030 1031/1031/1031 1029/1029/1029
f 1032/1032/1032 1031/1031/1031 1030/1030/1030
f 980/980/980 1030/1030/1030 1029/1029/1029
f 1029/1029/1029 1033/1033/1033 1028/1028/1028
f 1033/1033/1033 1031/1031/1031 1032/1032/1032
f 1029/1029/1029 1031/1031/1031 1033/1033/1033
f 1032/1032/1032 986/986/986 985/985/985
f 1030/1030/1030 987/987/987 986/986/986
f 980/980/980 987/987/987 1030/1030/1030
f 1032/1032/1032 1030/1030/1030 986/986/986
f 1034/1034/1034 1032/1032/1032 985/985/985
f 1035/1035/1035 1033/1033/1033 1032/1032/1032
f 1028/1028/1028 1033/1033/1033 1035/1035/1035
f 1034/1034/1034 1035/1035/1035 1032/1032/1032
f 1034/1034/1034 985/985/985 988/988/988
f 988/988/988 1036/1036/1036 1034/1034/1034
f 1036/1036/1036 988/988/988 989/989/989
f 989/989/989 1037/1037/1037 1036/1036/1036
f 1037/1037/1037 989/989/989 990/990/990
f 990/990/990 1038/1038/1038 1037/1037/1037
f 1038/1038/1038 990/990/990 991/991/991
f 991/991/991 1039/1039/1039 1038/1038/1038
f 1039/1039/1039 991/991/991 992/992/992
f 992/992/992 1040/1040/1040 1039/1039/1039
f 1040/1040/1040 992/992/992 993/993/993
f 993/993/993 1041/1041/1041 1040/1040/1040
f 1041/1041/1041 993/993/993 994/994/994
f 994/994/994 1042/1042/1042 1041/1041/1041
f 1042/1042/1042 994/994/994 996/996/996
f 996/996/996 1043/1043/1043 1042/1042/1042
f 996/996/996 1044/1044/1044 1043/1043/1043
f 1044/1044/1044 999/999/999 998/998/998
f 996/996/996 999/999/999 1044/1044/1044
f 1045/1045/1045 1044/1044/1044 998/998/998
f 1043/1043/1043 1044/1044/1044 1045/1045/1045
f 1045/1045/1045 998/998/998 1000/1000/1000
f 1000/1000/1000 1046/1046/1046 1045/1045/1045
f 1000/1000/1000 1047/1047/1047 1046/1046/1046
f 1001/1001/1001 1047/1047/1047 1000/1000/1000
f 1048/1048/1048 1047/1047/1047 1001/1001/1001
f 1047/1047/1047 1049/1049/1049 1046/1046/1046
f 1048/1048/1048 1049/1049/1049 1047/1047/1047
f 1048/1048/1048 1001/1001/1001 1002/1002/1002
f 1002/1002/1002 1050/1050/1050 1048/1048/1048
f 1050/1050/1050 1002/1002/1002 1003/1003/1003
f 1003/1003/1003 1051/1051/1051 1050/1050/1050
f 1003/1003/1003 1052/1052/1052 1051/1051/1051
f 1004/1004/1004 1052/1052/1052 1003/1003/1003
f 1052/1052/1052 1054/1054/1054 1053/1053/1053
f 1004/1004/1004 1054/1054/1054 1052/1052/1052
f 1052/1052/1052 1055/1055/1055 1051/1051/1051
f 1053/1053/1053 1055/1055/1055 1052/1052/1052
f 1054/1054/1054 1057/1057/1057 1056/1056/1056
f 1004/1004/1004 1057/1057/1057 1054/1054/1054
f 1053/1053/1053 1054/1054/1054 1056/1056/1056
f 1056/1056/1056 1007/1007/1007 1006/1006/1006
f 1007/1007/1007 1057/1057/1057 1004/1004/1004
f 1056/1056/1056 1057/1057/1057 1007/1007/1007
f 1058/1058/1058 1056/1056/1056 1006/1006/1006
f 1053/1053/1053 1056/1056/1056 1058/1058/1058
f 1058/1058/1058 1006/1006/1006 1009/1009/1009
f 1009/1009/1009 1059/1059/1059 1058/1058/1058
f 1059/1059/1059 1009/1009/1009 1010/1010/1010
f 1010/1010/1010 1060/1060/1060 1059/1059/1059
f 1060/1060/1060 1010/1010/1010 1011/1011/1011
f 1011/1011/1011 1061/1061/1061 1060/1060/1060
f 1061/1061/1061 1011/1011/1011 1012/1012/1012
f 1012/1012/1012 1062/1062/1062 1061/1061/1061
f 1062/1062/1062 1012/1012/1012 1013/1013/1013
f 1013/1013/1013 1063/1063/1063 1062/1062/1062
f 1063/1063/1063 1013/1013/1013 1014/1014/1014
f 1014/1014/1014 1064/1064/1064 1063/1063/1063
f 1064/1064/1064 1014/1014/1014 1016/1016/1016
f 1016/1016/1016 1065/1065/1065 1064/1064/1064
f 1065/1065/1065 1016/1016/1016 1019/1019/1019
f 1019/1019/1019 1066/1066/1066 1065/1065/1065
f 1066/1066/1066 1019/1019/1019 1020/1020/1020
f 1020/1020/1020 1067/1067/1067 1066/1066/1066
f 1067/1067/1067 1020/1020/1020 1021/1021/1021
f 1021/1021/1021 1068/1068/1068 1067/1067/1067
f 1068/1068/1068 1021/1021/1021 1022/1022/1022
f 1022/1022/1022 1069/1069/1069 1068/1068/1068
f 1069/1069/1069 1022/1022/1022 1023/1023/1023
f 1023/1023/1023 1070/1070/1070 1069/1069/1069
f 1070/1070/1070 1023/1023/1023 1024/1024/1024
f 1024/1024/1024 1071/1071/1071 1070/1070/1070
f 1071/1071/1071 1024/1024/1024 1025/1025/1025
f 1025/1025/1025 1072/1072/1072 1071/1071/1071
f 1072/1072/1072 1025/1025/1025 1026/1026/1026
f 1026/1026/1026 1073/1073/1073 1072/1072/1072
f 1026/1026/1026 1074/1074/1074 1073/1073/1073
f 1027/1027/1027 1074/1074/1074 1026/1026/1026
f 1075/1075/1075 1074/1074/1074 1027/1027/1027
f 1074/1074/1074 1076/1076/1076 1073/1073/1073
f 1075/1075/1075 1076/1076/1076 1074/1074/1074
f 1028/1028/1028 1078/1078/1078 1077/1077/1077
f 1078/1078/1078 1035/1035/1035 1034/1034/1034
f 1028/1028/1028 1035/1035/1035 1078/1078/1078
f 1079/1079/1079 1078/1078/1078 1034/1034/1034
f 1077/1077/1077 1078/1078/1078 1079/1079/1079
f 1079/1079/1079 1034/1034/1034 1036/1036/1036
f 1036/1036/1036 1080/1080/1080 1079/1079/1079
f 1080/1080/1080 1036/1036/1036 1037/1037/1037
f 1037/1037/1037 1081/1081/1081 1080/1080/1080
f 1081/1081/1081 1037/1037/1037 1038/1038/1038
f 1038/1038/1038 1082/1082/1082 1081/1081/1081
f 1082/1082/1082 1038/1038/1038 1039/1039/1039
f 1039/1039/1039 1083/1083/1083 1082/1082/1082
f 1083/1083/1083 1039/1039/1039 1040/1040/1040
f 1040/1040/1040 1084/1084/1084 1083/1083/1083
f 1084/1084/1084 1040/1040/1040 1041/1041/1041
f 1041/1041/1041 1085/1085/1085 1084/1084/1084
f 1085/1085/1085 1041/1041/1041 1042/1042/1042
f 1042/1042/1042 1086/1086/1086 1085/1085/1085
f 1086/1086/1086 1042/1042/1042 1043/1043/1043
f 1043/1043/1043 1087/1087/1087 1086/1086/1086
f 1087/1087/1087 1043/1043/1043 1045/1045/1045
f 1045/1045/1045 1088/1088/1088 1087/1087/1087
f 1045/1045/1045 1089/1089/1089 1088/1088/1088
f 1046/1046/1046 1089/1089/1089 1045/1045/1045
f 1089/1089/1089 1091/1091/1091 1090/1090/1090
f 1046/1046/1046 1091/1091/1091 1089/1089/1089
f 1089/1089/1089 1092/1092/1092 1088/1088/1088
f 1090/1090/1090 1092/1092/1092 1089/1089/1089
f 1091/1091/1091 1094/1094/1094 1093/1093/1093
f 1046/1046/1046 1094/1094/1094 1091/1091/1091
f 1091/1091/1091 1095/1095/1095 1090/1090/1090
f 1093/1093/1093 1095/1095/1095 1091/1091/1091
f 1049/1049/1049 1096/1096/1096 1093/1093/1093
f 1048/1048/1048 1096/1096/1096 1049/1049/1049
f 1049/1049/1049 1094/1094/1094 1046/1046/1046
f 1093/1093/1093 1094/1094/1094 1049/1049/1049
f 1097/1097/1097 1099/1099/1099 1098/1098/1098
f 1099/1099/1099 1100/1100/1100 1093/1093/1093
f 1097/1097/1097 1100/1100/1100 1099/1099/1099
f 1101/1101/1101 1097/1097/1097 1098/1098/1098
f 1098/1098/1098 1096/1096/1096 1048/1048/1048
f 1096/1096/1096 1099/1099/1099 1093/1093/1093
f 1098/1098/1098 1099/1099/1099 1096/1096/1096
f 1095/1095/1095 1103/1103/1103 1102/1102/1102
f 1093/1093/1093 1103/1103/1103 1095/1095/1095
f 1090/1090/1090 1095/1095/1095 1102/1102/1102
f 1104/1104/1104 1105/1105/1105 1097/1097/1097
f 1102/1102/1102 1105/1105/1105 1104/1104/1104
f 1101/1101/1101 1104/1104/1104 1097/1097/1097
f 1100/1100/1100 1106/1106/1106 1103/1103/1103
f 1097/1097/1097 1106/1106/1106 1100/1100/1100
f 1093/1093/1093 1100/1100/1100 1103/1103/1103
f 1103/1103/1103 1105/1105/1105 1102/1102/1102
f 1105/1105/1105 1106/1106/1106 1097/1097/1097
f 1103/1103/1103 1106/1106/1106 1105/1105/1105
f 1107/1107/1107 1098/1098/1098 1048/1048/1048
f 1101/1101/1101 1098/1098/1098 1107/1107/1107
f 1050/1050/1050 1107/1107/1107 1048/1048/1048
f 1108/1108/1108 1107/1107/1107 1050/1050/1050
f 1101/1101/1101 1107/1107/1107 1108/1108/1108
f 1050/1050/1050 1109/1109/1109 1108/1108/1108
f 1051/1051/1051 1109/1109/1109 1050/1050/1050
f 1110/1110/1110 1111/1111/1111 1109/1109/1109
f 1112/1112/1112 1111/1111/1111 1110/1110/1110
f 1051/1051/1051 1110/1110/1110 1109/1109/1109
f 1109/1109/1109 1113/1113/1113 1108/1108/1108
f 1113/1113/1113 1111/1111/1111 1112/1112/1112
f 1109/1109/1109 1111/1111/1111 1113/1113/1113
f 1110/1110/1110 1115/1115/1115 1114/1114/1114
f 1051/1051/1051 1115/1115/1115 1110/1110/1110
f 1112/1112/1112 1110/1110/1110 1114/1114/1114
f 1114/1114/1114 1055/1055/1055 1053/1053/1053
f 1055/1055/1055 1115/1115/1115 1051/1051/1051
f 1114/1114/1114 1115/1115/1115 1055/1055/1055
f 1116/1116/1116 1114/1114/1114 1053/1053/1053
f 1112/1112/1112 1114/1114/1114 1116/1116/1116
f 1116/1116/1116 1053/1053/1053 1058/1058/1058
f 1058/1058/1058 1117/1117/1117 1116/1116/1116
f 1117/1117/1117 1058/1058/1058 1059/1059/1059
f 1059/1059/1059 1118/1118/1118 1117/1117/1117
f 1118/1118/1118 1059/1059/1059 1060/1060/1060
f 1060/1060/1060 1119/1119/1119 1118/1118/1118
f 1119/1119/1119 1060/1060/1060 1061/1061/1061
f 1061/1061/1061 1120/1120/1120 1119/1119/1119
f 1120/1120/1120 1061/1061/1061 1062/1062/1062
f 1062/1062/1062 1121/1121/1121 1120/1120/1120
f 1121/1121/1121 1062/1062/1062 1063/1063/1063
f 1063/1063/1063 1122/1122/1122 1121/1121/1121
f 1122/1122/1122 1063/1063/1063 1064/1064/1064
f 1064/1064/1064 1123/1123/1123 1122/1122/1122
f 1123/1123/1123 1064/1064/1064 1065/1065/1065
f 1065/1065/1065 1124/1124/1124 1123/1123/1123
f 1124/1124/1124 1065/1065/1065 1066/1066/1066
f 1066/1066/1066 1125/1125/1125 1124/1124/1124
f 1125/1125/1125 1066/1066/1066 1067/1067/1067
f 1067/1067/1067 1126/1126/1126 1125/1125/1125
f 1126/1126/1126 1067/1067/1067 1068/1068/1068
f 1068/1068/1068 1127/1127/1127 1126/1126/1126
f 1127/1127/1127 1068/1068/1068 1069/1069/1069
f 1069/1069/1069 1128/1128/1128 1127/1127/1127
f 1128/1128/1128 1069/1069/1069 1070/1070/1070
f 1070/1070/1070 1129/1129/1129 1128/1128/1128
f 1129/1129/1129 1070/1070/1070 1071/1071/1071
f 1071/1071/1071 1130/1130/1130 1129/1129/1129
f 1130/1130/1130 1071/1071/1071 1072/1072/1072
f 1072/1072/1072 1131/1131/1131 1130/1130/1130
f 1131/1131/1131 1072/1072/1072 1073/1073/1073
f 1073/1073/1073 1132/1132/1132 1131/1131/1131
f 1073/1073/1073 1133/1133/1133 1132/1132/1132
f 1076/1076/1076 1134/1134/1134 1133/1133/1133
f 1075/1075/1075 1134/1134/1134 1076/1076/1076
f 1073/1073/1073 1076/1076/1076 1133/1133/1133
f 1133/1133/1133 1136/1136/1136 1135/1135/1135
f 1134/1134/1134 1137/1137/1137 1136/1136/1136
f 1075/1075/1075 1137/1137/1137 1134/1134/1134
f 1133/1133/1133 1134/1134/1134 1136/1136/1136
f 1133/1133/1133 1138/1138/1138 1132/1132/1132
f 1135/1135/1135 1138/1138/1138 1133/1133/1133
f 1141/1141/1141 1139/1139/1139 1077/1077/1077
f 1140/1140/1140 1139/1139/1139 1141/1141/1141
f 1079/1079/1079 1141/1141/1141 1077/1077/1077
f 1142/1142/1142 1141/1141/1141 1079/1079/1079
f 1140/1140/1140 1141/1141/1141 1142/1142/1142
f 1142/1142/1142 1079/1079/1079 1080/1080/1080
f 1080/1080/1080 1143/1143/1143 1142/1142/1142
f 1143/1143/1143 1080/1080/1080 1081/1081/1081
f 1081/1081/1081 1144/1144/1144 1143/1143/1143
f 1144/1144/1144 1081/1081/1081 1082/1082/1082
f 1082/1082/1082 1145/1145/1145 1144/1144/1144
f 1145/1145/1145 1082/1082/1082 1083/1083/1083
f 1083/1083/1083 1146/1146/1146 1145/1145/1145
f 1146/1146/1146 1083/1083/1083 1084/1084/1084
f 1084/1084/1084 1147/1147/1147 1146/1146/1146
f 1147/1147/1147 1084/1084/1084 1085/1085/1085
f 1085/1085/1085 1148/1148/1148 1147/1147/1147
f 1148/1148/1148 1085/1085/1085 1086/1086/1086
f 1086/1086/1086 1149/1149/1149 1148/1148/1148
f 1149/1149/1149 1086/1086/1086 1087/1087/1087
f 1087/1087/1087 1150/1150/1150 1149/1149/1149
f 1087/1087/1087 1151/1151/1151 1150/1150/1150
f 1088/1088/1088 1151/1151/1151 1087/1087/1087
f 1152/1152/1152 1151/1151/1151 1088/1088/1088
f 1151/1151/1151 1153/1153/1153 1150/1150/1150
f 1152/1152/1152 1153/1153/1153 1151/1151/1151
f 1088/1088/1088 1154/1154/1154 1152/1152/1152
f 1092/1092/1092 1155/1155/1155 1154/1154/1154
f 1090/1090/1090 1155/1155/1155 1092/1092/1092
f 1088/1088/1088 1092/1092/1092 1154/1154/1154
f 1156/1156/1156 1158/1158/1158 1157/1157/1157
f 1154/1154/1154 1158/1158/1158 1156/1156/1156
f 1159/1159/1159 1156/1156/1156 1157/1157/1157
f 1157/1157/1157 1155/1155/1155 1090/1090/1090
f 1155/1155/1155 1158/1158/1158 1154/1154/1154
f 1157/1157/1157 1158/1158/1158 1155/1155/1155
f 1154/1154/1154 1160/1160/1160 1152/1152/1152
f 1160/1160/1160 1156/1156/1156 1159/1159/1159
f 1154/1154/1154 1156/1156/1156 1160/1160/1160
f 1161/1161/1161 1157/1157/1157 1090/1090/1090
f 1159/1159/1159 1157/1157/1157 1161/1161/1161
f 1102/1102/1102 1162/1162/1162 1161/1161/1161
f 1162/1162/1162 1104/1104/1104 1101/1101/1101
f 1102/1102/1102 1104/1104/1104 1162/1162/1162
f 1090/1090/1090 1102/1102/1102 1161/1161/1161
f 1161/1161/1161 1164/1164/1164 1163/1163/1163
f 1164/1164/1164 1162/1162/1162 1101/1101/1101
f 1161/1161/1161 1162/1162/1162 1164/1164/1164
f 1159/1159/1159 1161/1161/1161 1163/1163/1163
f 1165/1165/1165 1164/1164/1164 1101/1101/1101
f 1163/1163/1163 1164/1164/1164 1165/1165/1165
f 1108/1108/1108 1165/1165/1165 1101/1101/1101
f 1166/1166/1166 1165/1165/1165 1108/1108/1108
f 1163/1163/1163 1165/1165/1165 1166/1166/1166
f 1108/1108/1108 1167/1167/1167 1166/1166/1166
f 1167/1167/1167 1113/1113/1113 1112/1112/1112
f 1108/1108/1108 1113/1113/1113 1167/1167/1167
f 1168/1168/1168 1167/1167/1167 1112/1112/1112
f 1167/1167/1167 1169/1169/1169 1166/1166/1166
f 1168/1168/1168 1169/1169/1169 1167/1167/1167
f 1168/1168/1168 1112/1112/1112 1116/1116/1116
f 1116/1116/1116 1170/1170/1170 1168/1168/1168
f 1170/1170/1170 1116/1116/1116 1117/1117/1117
f 1117/1117/1117 1171/1171/1171 1170/1170/1170
f 1171/1171/1171 1117/1117/1117 1118/1118/1118
f 1118/1118/1118 1172/1172/1172 1171/1171/1171
f 1172/1172/1172 1118/1118/1118 1119/1119/1119
f 1119/1119/1119 1173/1173/1173 1172/1172/1172
f 1173/1173/1173 1119/1119/1119 1120/1120/1120
f 1120/1120/1120 1174/1174/1174 1173/1173/1173
f 1174/1174/1174 1120/1120/1120 1121/1121/1121
f 1121/1121/1121 1175/1175/1175 1174/1174/1174
f 1175/1175/1175 1121/1121/1121 1122/1122/1122
f 1122/1122/1122 1176/1176/1176 1175/1175/1175
f 1176/1176/1176 1122/1122/1122 1123/1123/1123
f 1123/1123/1123 1177/1177/1177 1176/1176/1176
f 1177/1177/1177 1123/1123/1123 1124/1124/1124
f 1124/1124/1124 1178/1178/1178 1177/1177/1177
f 1178/1178/1178 1124/1124/1124 1125/1125/1125
f 1125/1125/1125 1179/1179/1179 1178/1178/1178
f 1179/1179/1179 1125/1125/1125 1126/1126/1126
f 1126/1126/1126 1180/1180/1180 1179/1179/1179
f 1180/1180/1180 1126/1126/1126 1127/1127/1127
f 1127/1127/1127 1181/1181/1181 1180/1180/1180
f 1181/1181/1181 1127/1127/1127 1128/1128/1128
f 1128/1128/1128 1182/1182/1182 1181/1181/1181
f 1182/1182/1182 1128/1128/1128 1129/1129/1129
f 1129/1129/1129 1183/1183/1183 1182/1182/1182
f 1183/1183/1183 1129/1129/1129 1130/1130/1130
f 1130/1130/1130 1184/1184/1184 1183/1183/1183
f 1184/1184/1184 1130/1130/1130 1131/1131/1131
f 1131/1131/1131 1185/1185/1185 1184/1184/1184
f 1185/1185/1185 1131/1131/1131 1132/1132/1132
f 1132/1132/1132 1186/1186/1186 1185/1185/1185
f 1132/1132/1132 1187/1187/1187 1186/1186/1186
f 1187/1187/1187 1138/1138/1138 1135/1135/1135
f 1132/1132/1132 1138/1138/1138 1187/1187/1187
f 1188/1188/1188 1187/1187/1187 1135/1135/1135
f 1186/1186/1186 1187/1187/1187 1188/1188/1188
f 1191/1191/1191 1189/1189/1189 1140/1140/1140
f 1190/1190/1190 1189/1189/1189 1191/1191/1191
f 1142/1142/1142 1191/1191/1191 1140/1140/1140
f 1192/1192/1192 1191/1191/1191 1142/1142/1142
f 1190/1190/1190 1191/1191/1191 1192/1192/1192
f 1192/1192/1192 1142/1142/1142 1143/1143/1143
f 1143/1143/1143 1193/1193/1193 1192/1192/1192
f 1193/1193/1193 1143/1143/1143 1144/1144/1144
f 1144/1144/1144 1194/1194/1194 1193/1193/1193
f 1194/1194/1194 1144/1144/1144 1145/1145/1145
f 1145/1145/1145 1195/1195/1195 1194/1194/1194
f 1195/1195/1195 1145/1145/1145 1146/1146/1146
f 1146/1146/1146 1196/1196/1196 1195/1195/1195
f 1196/1196/1196 1146/1146/1146 1147/1147/1147
f 1147/1147/1147 1197/1197/1197 1196/1196/1196
f 1197/1197/1197 1147/1147/1147 1148/1148/1148
f 1148/1148/1148 1198/1198/1198 1197/1197/1197
f 1198/1198/1198 1148/1148/1148 1149/1149/1149
f 1149/1149/1149 1199/1199/1199 1198/1198/1198
f 1199/1199/1199 1149/1149/1149 1150/1150/1150
f 1150/1150/1150 1200/1200/1200 1199/1199/1199
f 1150/1150/1150 1201/1201/1201 1200/1200/1200
f 1153/1153/1153 1202/1202/1202 1201/1201/1201
f 1152/1152/1152 1202/1202/1202 1153/1153/1153
f 1150/1150/1150 1153/1153/1153 1201/1201/1201
f 1203/1203/1203 1205/1205/1205 1204/1204/1204
f 1201/1201/1201 1205/1205/1205 1203/1203/1203
f 1206/1206/1206 1203/1203/1203 1204/1204/1204
f 1204/1204/1204 1202/1202/1202 1152/1152/1152
f 1202/1202/1202 1205/1205/1205 1201/1201/1201
f 1204/1204/1204 1205/1205/1205 1202/1202/1202
f 1201/1201/1201 1207/1207/1207 1200/1200/1200
f 1207/1207/1207 1203/1203/1203 1206/1206/1206
f 1201/1201/1201 1203/1203/1203 1207/1207/1207
f 1204/1204/1204 1209/1209/1209 1208/1208/1208
f 1152/1152/1152 1209/1209/1209 1204/1204/1204
f 1206/1206/1206 1204/1204/1204 1208/1208/1208
f 1210/1210/1210 1211/1211/1211 1160/1160/1160
f 1208/1208/1208 1211/1211/1211 1210/1210/1210
f 1159/1159/1159 1210/1210/1210 1160/1160/1160
f 1160/1160/1160 1209/1209/1209 1152/1152/1152
f 1209/1209/1209 1211/1211/1211 1208/1208/1208
f 1160/1160/1160 1211/1211/1211 1209/1209/1209
f 1208/1208/1208 1213/1213/1213 1212/1212/1212
f 1213/1213/1213 1210/1210/1210 1159/1159/1159
f 1208/1208/1208 1210/1210/1210 1213/1213/1213
f 1206/1206/1206 1208/1208/1208 1212/1212/1212
f 1214/1214/1214 1213/1213/1213 1159/1159/1159
f 1212/1212/1212 1213/1213/1213 1214/1214/1214
f 1163/1163/1163 1214/1214/1214 1159/1159/1159
f 1215/1215/1215 1214/1214/1214 1163/1163/1163
f 1212/1212/1212 1214/1214/1214 1215/1215/1215
f 1215/1215/1215 1163/1163/1163 1166/1166/1166
f 1166/1166/1166 1216/1216/1216 1215/1215/1215
f 1166/1166/1166 1217/1217/1217 1216/1216/1216
f 1217/1217/1217 1169/1169/1169 1168/1168/1168
f 1166/1166/1166 1169/1169/1169 1217/1217/1217
f 1218/1218/1218 1217/1217/1217 1168/1168/1168
f 1216/1216/1216 1217/1217/1217 1218/1218/1218
f 1218/1218/1218 1168/1168/1168 1170/1170/1170
f 1170/1170/1170 1219/1219/1219 1218/1218/1218
f 1219/1219/1219 1170/1170/1170 1171/1171/1171
f 1171/1171/1171 1220/1220/1220 1219/1219/1219
f 1220/1220/1220 1171/1171/1171 1172/1172/1172
f 1172/1172/1172 1221/1221/1221 1220/1220/1220
f 1221/1221/1221 1172/1172/1172 1173/1173/1173
f 1173/1173/1173 1222/1222/1222 1221/1221/1221
f 1222/1222/1222 1173/1173/1173 1174/1174/1174
f 1174/1174/1174 1223/1223/1223 1222/1222/1222
f 1223/1223/1223 1174/1174/1174 1175/1175/1175
f 1175/1175/1175 1224/1224/1224 1223/1223/1223
f 1224/1224/1224 1175/1175/1175 1176/1176/1176
f 1176/1176/1176 1225/1225/1225 1224/1224/1224
f 1225/1225/1225 1176/1176/1176 1177/1177/1177
f 1177/1177/1177 1226/1226/1226 1225/1225/1225
f 1226/1226/1226 1177/1177/1177 1178/1178/1178
f 1178/1178/1178 1227/1227/1227 1226/1226/1226
f 1227/1227/1227 1178/1178/1178 1179/1179/1179
f 1179/1179/1179 1228/1228/1228 1227/1227/1227
f 1228/1228/1228 1179/1179/1179 1180/1180/1180
f 1180/1180/1180 1229/1229/1229 1228/1228/1228
f 1229/1229/1229 1180/1180/1180 1181/1181/1181
f 1181/1181/1181 1230/1230/1230 1229/1229/1229
f 1230/1230/1230 1181/1181/1181 1182/1182/1182
f 1182/1182/1182 1231/1231/1231 1230/1230/1230
f 1231/1231/1231 1182/1182/1182 1183/1183/1183
f 1183/1183/1183 1232/1232/1232 1231/1231/1231
f 1232/1232/1232 1183/1183/1183 1184/1184/1184
f 1184/1184/1184 1233/1233/1233 1232/1232/1232
f 1233/1233/1233 1184/1184/1184 1185/1185/1185
f 1185/1185/1185 1234/1234/1234 1233/1233/1233
f 1234/1234/1234 1185/1185/1185 1186/1186/1186
f 1186/1186/1186 1235/1235/1235 1234/1234/1234
f 1235/1235/1235 1186/1186/1186 1188/1188/1188
f 1188/1188/1188 1236/1236/1236 1235/1235/1235
f 1237/1237/1237 1190/1190/1190 1192/1192/1192
f 1192/1192/1192 1238/1238/1238 1237/1237/1237
f 1238/1238/1238 1192/1192/1192 1193/1193/1193
f 1193/1193/1193 1239/1239/1239 1238/1238/1238
f 1239/1239/1239 1193/1193/1193 1194/1194/1194
f 1194/1194/1194 1240/1240/1240 1239/1239/1239
f 1240/1240/1240 1194/1194/1194 1195/1195/1195
f 1195/1195/1195 1241/1241/1241 1240/1240/1240
f 1241/1241/1241 1195/1195/1195 1196/1196/1196
f 1196/1196/1196 1242/1242/1242 1241/1241/1241
f 1242/1242/1242 1196/1196/1196 1197/1197/1197
f 1197/1197/1197 1243/1243/1243 1242/1242/1242
f 1243/1243/1243 1197/1197/1197 1198/1198/1198
f 1198/1198/1198 1244/1244/1244 1243/1243/1243
f 1244/1244/1244 1198/1198/1198 1199/1199/1199
f 1199/1199/1199 1245/1245/1245 1244/1244/1244
f 1245/1245/1245 1199/1199/1199 1200/1200/1200
f 1200/1200/1200 1246/1246/1246 1245/1245/1245
f 1200/1200/1200 1247/1247/1247 1246/1246/1246
f 1247/1247/1247 1207/1207/1207 1206/1206/1206
f 1200/1200/1200 1207/1207/1207 1247/1247/1247
f 1248/1248/1248 1247/1247/1247 1206/1206/1206
f 1247/1247/1247 1249/1249/1249 1246/1246/1246
f 1248/1248/1248 1249/1249/1249 1247/1247/1247
f 1248/1248/1248 1206/1206/1206 1212/1212/1212
f 1212/1212/1212 1250/1250/1250 1248/1248/1248
f 1250/1250/1250 1212/1212/1212 1215/1215/1215
f 1215/1215/1215 1251/1251/1251 1250/1250/1250
f 1215/1215/1215 1252/1252/1252 1251/1251/1251
f 1216/1216/1216 1252/1252/1252 1215/1215/1215
f 1252/1252/1252 1254/1254/1254 1253/1253/1253
f 1216/1216/1216 1254/1254/1254 1252/1252/1252
f 1251/1251/1251 1252/1252/1252 1253/1253/1253
f 1255/1255/1255 1254/1254/1254 1216/1216/1216
f 1254/1254/1254 1256/1256/1256 1253/1253/1253
f 1255/1255/1255 1256/1256/1256 1254/1254/1254
f 1218/1218/1218 1255/1255/1255 1216/1216/1216
f 1257/1257/1257 1258/1258/1258 1255/1255/1255
f 1259/1259/1259 1258/1258/1258 1257/1257/1257
f 1218/1218/1218 1257/1257/1257 1255/1255/1255
f 1260/1260/1260 1261/1261/1261 1256/1256/1256
f 1262/1262/1262 1261/1261/1261 1260/1260/1260
f 1255/1255/1255 1260/1260/1260 1256/1256/1256
f 1256/1256/1256 1263/1263/1263 1253/1253/1253
f 1263/1263/1263 1261/1261/1261 1262/1262/1262
f 1256/1256/1256 1261/1261/1261 1263/1263/1263
f 1262/1262/1262 1258/1258/1258 1259/1259/1259
f 1258/1258/1258 1260/1260/1260 1255/1255/1255
f 1262/1262/1262 1260/1260/1260 1258/1258/1258
f 1264/1264/1264 1257/1257/1257 1218/1218/1218
f 1259/1259/1259 1257/1257/1257 1264/1264/1264
f 1219/1219/1219 1264/1264/1264 1218/1218/1218
f 1265/1265/1265 1264/1264/1264 1219/1219/1219
f 1259/1259/1259 1264/1264/1264 1265/1265/1265
f 1265/1265/1265 1219/1219/1219 1220/1220/1220
f 1220/1220/1220 1266/1266/1266 1265/1265/1265
f 1266/1266/1266 1220/1220/1220 1221/1221/1221
f 1221/1221/1221 1267/1267/1267 1266/1266/1266
f 1267/1267/1267 1221/1221/1221 1222/1222/1222
f 1222/1222/1222 1268/1268/1268 1267/1267/1267
f 1268/1268/1268 1222/1222/1222 1223/1223/1223
f 1223/1223/1223 1269/1269/1269 1268/1268/1268
f 1269/1269/1269 1223/1223/1223 1224/1224/1224
f 1224/1224/1224 1270/1270/1270 1269/1269/1269
f 1270/1270/1270 1224/1224/1224 1225/1225/1225
f 1225/1225/1225 1271/1271/1271 1270/1270/1270
f 1271/1271/1271 1225/1225/1225 1226/1226/1226
f 1226/1226/1226 1272/1272/1272 1271/1271/1271
f 1272/1272/1272 1226/1226/1226 1227/1227/1227
f 1227/1227/1227 1273/1273/1273 1272/1272/1272
f 1273/1273/1273 1227/1227/1227 1228/1228/1228
f 1228/1228/1228 1274/1274/1274 1273/1273/1273
f 1274/1274/1274 1228/1228/1228 1229/1229/1229
f 1229/1229/1229 1275/1275/1275 1274/1274/1274
f 1275/1275/1275 1229/1229/1229 1230/1230/1230
f 1230/1230/1230 1276/1276/1276 1275/1275/1275
f 1276/1276/1276 1230/1230/1230 1231/1231/1231
f 1231/1231/1231 1277/1277/1277 1276/1276/1276
f 1277/1277/1277 1231/1231/1231 1232/1232/1232
f 1232/1232/1232 1278/1278/1278 1277/1277/1277
f 1278/1278/1278 1232/1232/1232 1233/1233/1233
f 1233/1233/1233 1279/1279/1279 1278/1278/1278
f 1279/1279/1279 1233/1233/1233 1234/1234/1234
f 1234/1234/1234 1280/1280/1280 1279/1279/1279
f 1234/1234/1234 1281/1281/1281 1280/1280/1280
f 1235/1235/1235 1281/1281/1281 1234/1234/1234
f 1282/1282/1282 1281/1281/1281 1235/1235/1235
f 1281/1281/1281 1283/1283/1283 1280/1280/1280
f 1282/1282/1282 1283/1283/1283 1281/1281/1281
f 1235/1235/1235 1284/1284/1284 1282/1282/1282
f 1236/1236/1236 1284/1284/1284 1235/1235/1235
f 1285/1285/1285 1286/1286/1286 1284/1284/1284
f 1287/1287/1287 1286/1286/1286 1285/1285/1285
f 1236/1236/1236 1285/1285/1285 1284/1284/1284
f 1284/1284/1284 1288/1288/1288 1282/1282/1282
f 1288/1288/1288 1286/1286/1286 1287/1287/1287
f 1284/1284/1284 1286/1286/1286 1288/1288/1288
f 1291/1291/1291 1289/1289/1289 1237/1237/1237
f 1290/1290/1290 1289/1289/1289 1291/1291/1291
f 1238/1238/1238 1291/1291/1291 1237/1237/1237
f 1292/1292/1292 1291/1291/1291 1238/1238/1238
f 1291/1291/1291 1293/1293/1293 1290/1290/1290
f 1292/1292/1292 1293/1293/1293 1291/1291/1291
f 1292/1292/1292 1238/1238/1238 1239/1239/1239
f 1239/1239/1239 1294/1294/1294 1292/1292/1292
f 1294/1294/1294 1239/1239/1239 1240/1240/1240
f 1240/1240/1240 1295/1295/1295 1294/1294/1294
f 1295/1295/1295 1240/1240/1240 1241/1241/1241
f 1241/1241/1241 1296/1296/1296 1295/1295/1295
f 1296/1296/1296 1241/1241/1241 1242/1242/1242
f 1242/1242/1242 1297/1297/1297 1296/1296/1296
f 1297/1297/1297 1242/1242/1242 1243/1243/1243
f 1243/1243/1243 1298/1298/1298 1297/1297/1297
f 1298/1298/1298 1243/1243/1243 1244/1244/1244
f 1244/1244/1244 1299/1299/1299 1298/1298/1298
f 1244/1244/1244 1300/1300/1300 1299/1299/1299
f 1245/1245/1245 1300/1300/1300 1244/1244/1244
f 1300/1300/1300 1302/1302/1302 1301/1301/1301
f 1245/1245/1245 1302/1302/1302 1300/1300/1300
f 1300/1300/1300 1303/1303/1303 1299/1299/1299
f 1301/1301/1301 1303/1303/1303 1300/1300/1300
f 1304/1304/1304 1302/1302/1302 1245/1245/1245
f 1302/1302/1302 1305/1305/1305 1301/1301/1301
f 1304/1304/1304 1305/1305/1305 1302/1302/1302
f 1246/1246/1246 1304/1304/1304 1245/1245/1245
f 1304/1304/1304 1307/1307/1307 1306/1306/1306
f 1246/1246/1246 1307/1307/1307 1304/1304/1304
f 1308/1308/1308 1305/1305/1305 1304/1304/1304
f 1305/1305/1305 1309/1309/1309 1301/1301/1301
f 1308/1308/1308 1309/1309/1309 1305/1305/1305
f 1306/1306/1306 1308/1308/1308 1304/1304/1304
f 1310/1310/1310 1311/1311/1311 1307/1307/1307
f 1311/1311/1311 1313/1313/1313 1312/1312/1312
f 1310/1310/1310 1313/1313/1313 1311/1311/1311
f 1246/1246/1246 1310/1310/1310 1307/1307/1307
f 1307/1307/1307 1314/1314/1314 1306/1306/1306
f 1314/1314/1314 1311/1311/1311 1312/1312/1312
f 1307/1307/1307 1311/1311/1311 1314/1314/1314
f 1315/1315/1315 1316/1316/1316 1249/1249/1249
f 1312/1312/1312 1316/1316/1316 1315/1315/1315
f 1248/1248/1248 1315/1315/1315 1249/1249/1249
f 1249/1249/1249 1310/1310/1310 1246/1246/1246
f 1316/1316/1316 1313/1313/1313 1310/1310/1310
f 1312/1312/1312 1313/1313/1313 1316/1316/1316
f 1249/1249/1249 1316/1316/1316 1310/1310/1310
f 1312/1312/1312 1318/1318/1318 1317/1317/1317
f 1318/1318/1318 1315/1315/1315 1248/1248/1248
f 1312/1312/1312 1315/1315/1315 1318/1318/1318
f 1319/1319/1319 1314/1314/1314 1312/1312/1312
f 1306/1306/1306 1314/1314/1314 1319/1319/1319
f 1317/1317/1317 1319/1319/1319 1312/1312/1312
f 1320/1320/1320 1318/1318/1318 1248/1248/1248
f 1317/1317/1317 1318/1318/1318 1320/1320/1320
f 1250/1250/1250 1320/1320/1320 1248/1248/1248
f 1321/1321/1321 1320/1320/1320 1250/1250/1250
f 1317/1317/1317 1320/1320/1320 1321/1321/1321
f 1321/1321/1321 1250/1250/1250 1251/1251/1251
f 1251/1251/1251 1322/1322/1322 1321/1321/1321
f 1251/1251/1251 1323/1323/1323 1322/1322/1322
f 1253/1253/1253 1323/1323/1323 1251/1251/1251
f 1323/1323/1323 1325/1325/1325 1324/1324/1324
f 1253/1253/1253 1325/1325/1325 1323/1323/1323
f 1322/1322/1322 1323/1323/1323 1324/1324/1324
f 1325/1325/1325 1327/1327/1327 1326/1326/1326
f 1253/1253/1253 1327/1327/1327 1325/1325/1325
f 1324/1324/1324 1325/1325/1325 1326/1326/1326
f 1326/1326/1326 1262/1262/1262 1259/1259/1259
f 1327/1327/1327 1263/1263/1263 1262/1262/1262
f 1253/1253/1253 1263/1263/1263 1327/1327/1327
f 1326/1326/1326 1327/1327/1327 1262/1262/1262
f 1328/1328/1328 1326/1326/1326 1259/1259/1259
f 1326/1326/1326 1329/1329/1329 1324/1324/1324
f 1328/1328/1328 1329/1329/1329 1326/1326/1326
f 1328/1328/1328 1259/1259/1259 1265/1265/1265
f 1265/1265/1265 1330/1330/1330 1328/1328/1328
f 1330/1330/1330 1265/1265/1265 1266/1266/1266
f 1266/1266/1266 1331/1331/1331 1330/1330/1330
f 1331/1331/1331 1266/1266/1266 1267/1267/1267
f 1267/1267/1267 1332/1332/1332 1331/1331/1331
f 1332/1332/1332 1267/1267/1267 1268/1268/1268
f 1268/1268/1268 1333/1333/1333 1332/1332/1332
f 1268/1268/1268 1334/1334/1334 1333/1333/1333
f 1269/1269/1269 1334/1334/1334 1268/1268/1268
f 1335/1335/1335 1334/1334/1334 1269/1269/1269
f 1334/1334/1334 1336/1336/1336 1333/1333/1333
f 1335/1335/1335 1336/1336/1336 1334/1334/1334
f 1335/1335/1335 1269/1269/1269 1270/1270/1270
f 1270/1270/1270 1337/1337/1337 1335/1335/1335
f 1337/1337/1337 1270/1270/1270 1271/1271/1271
f 1271/1271/1271 1338/1338/1338 1337/1337/1337
f 1338/1338/1338 1271/1271/1271 1272/1272/1272
f 1272/1272/1272 1339/1339/1339 1338/1338/1338
f 1339/1339/1339 1272/1272/1272 1273/1273/1273
f 1273/1273/1273 1340/1340/1340 1339/1339/1339
f 1340/1340/1340 1273/1273/1273 1274/1274/1274
f 1274/1274/1274 1341/1341/1341 1340/1340/1340
f 1341/1341/1341 1274/1274/1274 1275/1275/1275
f 1275/1275/1275 1342/1342/1342 1341/1341/1341
f 1342/1342/1342 1275/1275/1275 1276/1276/1276
f 1276/1276/1276 1343/1343/1343 1342/1342/1342
f 1343/1343/1343 1276/1276/1276 1277/1277/1277
f 1277/1277/1277 1344/1344/1344 1343/1343/1343
f 1344/1344/1344 1277/1277/1277 1278/1278/1278
f 1278/1278/1278 1345/1345/1345 1344/1344/1344
f 1345/1345/1345 1278/1278/1278 1279/1279/1279
f 1279/1279/1279 1346/1346/1346 1345/1345/1345
f 1279/1279/1279 1347/1347/1347 1346/1346/1346
f 1280/1280/1280 1347/1347/1347 1279/1279/1279
f 1347/1347/1347 1349/1349/1349 1348/1348/1348
f 1280/1280/1280 1349/1349/1349 1347/1347/1347
f 1346/1346/1346 1347/1347/1347 1348/1348/1348
f 1350/1350/1350 1349/1349/1349 1280/1280/1280
f 1349/1349/1349 1351/1351/1351 1348/1348/1348
f 1350/1350/1350 1351/1351/1351 1349/1349/1349
f 1283/1283/1283 1352/1352/1352 1350/1350/1350
f 1282/1282/1282 1352/1352/1352 1283/1283/1283
f 1280/1280/1280 1283/1283/1283 1350/1350/1350
f 1353/1353/1353 1355/1355/1355 1354/1354/1354
f 1355/1355/1355 1356/1356/1356 1350/1350/1350
f 1353/1353/1353 1356/1356/1356 1355/1355/1355
f 1357/1357/1357 1353/1353/1353 1354/1354/1354
f 1354/1354/1354 1352/1352/1352 1282/1282/1282
f 1352/1352/1352 1355/1355/1355 1350/1350/1350
f 1354/1354/1354 1355/1355/1355 1352/1352/1352
f 1351/1351/1351 1359/1359/1359 1358/1358/1358
f 1350/1350/1350 1359/1359/1359 1351/1351/1351
f 1348/1348/1348 1351/1351/1351 1358/1358/1358
f 1353/1353/1353 1360/1360/1360 1358/1358/1358
f 1357/1357/1357 1360/1360/1360 1353/1353/1353
f 1359/1359/1359 1356/1356/1356 1353/1353/1353
f 1350/1350/1350 1356/1356/1356 1359/1359/1359
f 1358/1358/1358 1359/1359/1359 1353/1353/1353
f 1361/1361/1361 1354/1354/1354 1282/1282/1282
f 1357/1357/1357 1354/1354/1354 1361/1361/1361
f 1361/1361/1361 1288/1288/1288 1287/1287/1287
f 1282/1282/1282 1288/1288/1288 1361/1361/1361
f 1362/1362/1362 1361/1361/1361 1287/1287/1287
f 1357/1357/1357 1361/1361/1361 1362/1362/1362
f 1365/1365/1365 1366/1366/1366 1364/1364/1364
f 1367/1367/1367 1366/1366/1366 1365/1365/1365
f 1290/1290/1290 1365/1365/1365 1364/1364/1364
f 1364/1364/1364 1368/1368/1368 1363/1363/1363
f 1368/1368/1368 1366/1366/1366 1367/1367/1367
f 1364/1364/1364 1366/1366/1366 1368/1368/1368
f 1369/1369/1369 1370/1370/1370 1293/1293/1293
f 1367/1367/1367 1370/1370/1370 1369/1369/1369
f 1292/1292/1292 1369/1369/1369 1293/1293/1293
f 1293/1293/1293 1365/1365/1365 1290/1290/1290
f 1365/1365/1365 1370/1370/1370 1367/1367/1367
f 1293/1293/1293 1370/1370/1370 1365/1365/1365
f 1367/1367/1367 1372/1372/1372 1371/1371/1371
f 1372/1372/1372 1369/1369/1369 1292/1292/1292
f 1367/1367/1367 1369/1369/1369 1372/1372/1372
f 1373/1373/1373 1368/1368/1368 1367/1367/1367
f 1363/1363/1363 1368/1368/1368 1373/1373/1373
f 1371/1371/1371 1373/1373/1373 1367/1367/1367
f 1374/1374/1374 1372/1372/1372 1292/1292/1292
f 1371/1371/1371 1372/1372/1372 1374/1374/1374
f 1294/1294/1294 1374/1374/1374 1292/1292/1292
f 1375/1375/1375 1374/1374/1374 1294/1294/1294
f 1371/1371/1371 1374/1374/1374 1375/1375/1375
f 1375/1375/1375 1294/1294/1294 1295/1295/1295
f 1295/1295/1295 1376/1376/1376 1375/1375/1375
f 1376/1376/1376 1295/1295/1295 1296/1296/1296
f 1296/1296/1296 1377/1377/1377 1376/1376/1376
f 1377/1377/1377 1296/1296/1296 1297/1297/1297
f 1297/1297/1297 1378/1378/1378 1377/1377/1377
f 1378/1378/1378 1297/1297/1297 1298/1298/1298
f 1298/1298/1298 1379/1379/1379 1378/1378/1378
f 1298/1298/1298 1380/1380/1380 1379/1379/1379
f 1299/1299/1299 1380/1380/1380 1298/1298/1298
f 1380/1380/1380 1382/1382/1382 1381/1381/1381
f 1299/1299/1299 1382/1382/1382 1380/1380/1380
f 1379/1379/1379 1380/1380/1380 1381/1381/1381
f 1382/1382/1382 1384/1384/1384 1383/1383/1383
f 1299/1299/1299 1384/1384/1384 1382/1382/1382
f 1382/1382/1382 1385/1385/1385 1381/1381/1381
f 1383/1383/1383 1385/1385/1385 1382/1382/1382
f 1386/1386/1386 1387/1387/1387 1303/1303/1303
f 1383/1383/1383 1387/1387/1387 1386/1386/1386
f 1301/1301/1301 1386/1386/1386 1303/1303/1303
f 1303/1303/1303 1384/1384/1384 1299/1299/1299
f 1384/1384/1384 1387/1387/1387 1383/1383/1383
f 1303/1303/1303 1387/1387/1387 1384/1384/1384
f 1383/1383/1383 1389/1389/1389 1388/1388/1388
f 1386/1386/1386 1390/1390/1390 1389/1389/1389
f 1301/1301/1301 1390/1390/1390 1386/1386/1386
f 1383/1383/1383 1386/1386/1386 1389/1389/1389
f 1391/1391/1391 1385/1385/1385 1383/1383/1383
f 1381/1381/1381 1385/1385/1385 1391/1391/1391
f 1388/1388/1388 1391/1391/1391 1383/1383/1383
f 1389/1389/1389 1393/1393/1393 1392/1392/1392
f 1390/1390/1390 1394/1394/1394 1393/1393/1393
f 1301/1301/1301 1394/1394/1394 1390/1390/1390
f 1389/1389/1389 1390/1390/1390 1393/1393/1393
f 1388/1388/1388 1389/1389/1389 1392/1392/1392
f 1392/1392/1392 1308/1308/1308 1306/1306/1306
f 1393/1393/1393 1309/1309/1309 1308/1308/1308
f 1309/1309/1309 1394/1394/1394 1301/1301/1301
f 1393/1393/1393 1394/1394/1394 1309/1309/1309
f 1392/1392/1392 1393/1393/1393 1308/1308/1308
f 1395/1395/1395 1392/1392/1392 1306/1306/1306
f 1388/1388/1388 1392/1392/1392 1395/1395/1395
f 1306/1306/1306 1396/1396/1396 1395/1395/1395
f 1396/1396/1396 1319/1319/1319 1317/1317/1317
f 1306/1306/1306 1319/1319/1319 1396/1396/1396
f 1397/1397/1397 1396/1396/1396 1317/1317/1317
f 1395/1395/1395 1396/1396/1396 1397/1397/1397
f 1397/1397/1397 1317/1317/1317 1321/1321/1321
f 1321/1321/1321 1398/1398/1398 1397/1397/1397
f 1398/1398/1398 1321/1321/1321 1322/1322/1322
f 1322/1322/1322 1399/1399/1399 1398/1398/1398
f 1399/1399/1399 1322/1322/1322 1324/1324/1324
f 1324/1324/1324 1400/1400/1400 1399/1399/1399
f 1324/1324/1324 1401/1401/1401 1400/1400/1400
f 1401/1401/1401 1329/1329/1329 1328/1328/1328
f 1324/1324/1324 1329/1329/1329 1401/1401/1401
f 1402/1402/1402 1401/1401/1401 1328/1328/1328
f 1400/1400/1400 1401/1401/1401 1402/1402/1402
f 1402/1402/1402 1328/1328/1328 1330/1330/1330
f 1330/1330/1330 1403/1403/1403 1402/1402/1402
f 1330/1330/1330 1404/1404/1404 1403/1403/1403
f 1331/1331/1331 1404/1404/1404 1330/1330/1330
f 1404/1404/1404 1406/1406/1406 1405/1405/1405
f 1331/1331/1331 1406/1406/1406 1404/1404/1404
f 1403/1403/1403 1404/1404/1404 1405/1405/1405
f 1407/1407/1407 1406/1406/1406 1331/1331/1331
f 1405/1405/1405 1406/1406/1406 1407/1407/1407
f 1332/1332/1332 1407/1407/1407 1331/1331/1331
f 1408/1408/1408 1407/1407/1407 1332/1332/1332
f 1405/1405/1405 1407/1407/1407 1408/1408/1408
f 1408/1408/1408 1332/1332/1332 1333/1333/1333
f 1333/1333/1333 1409/1409/1409 1408/1408/1408
f 1333/1333/1333 1410/1410/1410 1409/1409/1409
f 1336/1336/1336 1411/1411/1411 1410/1410/1410
f 1335/1335/1335 1411/1411/1411 1336/1336/1336
f 1333/1333/1333 1336/1336/1336 1410/1410/1410
f 1410/1410/1410 1413/1413/1413 1412/1412/1412
f 1413/1413/1413 1411/1411/1411 1335/1335/1335
f 1410/1410/1410 1411/1411/1411 1413/1413/1413
f 1409/1409/1409 1410/1410/1410 1412/1412/1412
f 1414/1414/1414 1413/1413/1413 1335/1335/1335
f 1413/1413/1413 1415/1415/1415 1412/1412/1412
f 1414/1414/1414 1415/1415/1415 1413/1413/1413
f 1337/1337/1337 1414/1414/1414 1335/1335/1335
f 1416/1416/1416 1414/1414/1414 1337/1337/1337
f 1417/1417/1417 1415/1415/1415 1414/1414/1414
f 1412/1412/1412 1415/1415/1415 1417/1417/1417
f 1416/1416/1416 1417/1417/1417 1414/1414/1414
f 1416/1416/1416 1337/1337/1337 1338/1338/1338
f 1338/1338/1338 1418/1418/1418 1416/1416/1416
f 1418/1418/1418 1338/1338/1338 1339/1339/1339
f 1339/1339/1339 1419/1419/1419 1418/1418/1418
f 1419/1419/1419 1339/1339/1339 1340/1340/1340
f 1340/1340/1340 1420/1420/1420 1419/1419/1419
f 1420/1420/1420 1340/1340/1340 1341/1341/1341
f 1341/1341/1341 1421/1421/1421 1420/1420/1420
f 1421/1421/1421 1341/1341/1341 1342/1342/1342
f 1342/1342/1342 1422/1422/1422 1421/1421/1421
f 1422/1422/1422 1342/1342/1342 1343/1343/1343
f 1343/1343/1343 1423/1423/1423 1422/1422/1422
f 1423/1423/1423 1343/1343/1343 1344/1344/1344
f 1344/1344/1344 1424/1424/1424 1423/1423/1423
f 1424/1424/1424 1344/1344/1344 1345/1345/1345
f 1345/1345/1345 1425/1425/1425 1424/1424/1424
f 1425/1425/1425 1345/1345/1345 1346/1346/1346
f 1346/1346/1346 1426/1426/1426 1425/1425/1425
f 1426/1426/1426 1346/1346/1346 1348/1348/1348
f 1348/1348/1348 1427/1427/1427 1426/1426/1426
f 1348/1348/1348 1428/1428/1428 1427/1427/1427
f 1358/1358/1358 1429/1429/1429 1428/1428/1428
f 1429/1429/1429 1360/1360/1360 1357/1357/1357
f 1358/1358/1358 1360/1360/1360 1429/1429/1429
f 1348/1348/1348 1358/1358/1358 1428/1428/1428
f 1428/1428/1428 1431/1431/1431 1430/1430/1430
f 1431/1431/1431 1429/1429/1429 1357/1357/1357
f 1428/1428/1428 1429/1429/1429 1431/1431/1431
f 1428/1428/1428 1432/1432/1432 1427/1427/1427
f 1430/1430/1430 1432/1432/1432 1428/1428/1428
f 1433/1433/1433 1431/1431/1431 1357/1357/1357
f 1431/1431/1431 1434/1434/1434 1430/1430/1430
f 1433/1433/1433 1434/1434/1434 1431/1431/1431
f 1362/1362/1362 1433/1433/1433 1357/1357/1357
f 1435/1435/1435 1433/1433/1433 1362/1362/1362
f 1436/1436/1436 1434/1434/1434 1433/1433/1433
f 1430/1430/1430 1434/1434/1434 1436/1436/1436
f 1435/1435/1435 1436/1436/1436 1433/1433/1433
f 1363/1363/1363 1438/1438/1438 1437/1437/1437
f 1438/1438/1438 1373/1373/1373 1371/1371/1371
f 1363/1363/1363 1373/1373/1373 1438/1438/1438
f 1439/1439/1439 1438/1438/1438 1371/1371/1371
f 1438/1438/1438 1440/1440/1440 1437/1437/1437
f 1439/1439/1439 1440/1440/1440 1438/1438/1438
f 1371/1371/1371 1441/1441/1441 1439/1439/1439
f 1375/1375/1375 1441/1441/1441 1371/1371/1371
f 1442/1442/1442 1441/1441/1441 1375/1375/1375
f 1441/1441/1441 1443/1443/1443 1439/1439/1439
f 1442/1442/1442 1443/1443/1443 1441/1441/1441
f 1442/1442/1442 1375/1375/1375 1376/1376/1376
f 1376/1376/1376 1444/1444/1444 1442/1442/1442
f 1444/1444/1444 1376/1376/1376 1377/1377/1377
f 1377/1377/1377 1445/1445/1445 1444/1444/1444
f 1445/1445/1445 1377/1377/1377 1378/1378/1378
f 1378/1378/1378 1446/1446/1446 1445/1445/1445
f 1378/1378/1378 1447/1447/1447 1446/1446/1446
f 1379/1379/1379 1447/1447/1447 1378/1378/1378
f 1448/1448/1448 1449/1449/1449 1447/1447/1447
f 1450/1450/1450 1449/1449/1449 1448/1448/1448
f 1379/1379/1379 1448/1448/1448 1447/1447/1447
f 1447/1447/1447 1451/1451/1451 1446/1446/1446
f 1449/1449/1449 1452/1452/1452 1451/1451/1451
f 1450/1450/1450 1452/1452/1452 1449/1449/1449
f 1447/1447/1447 1449/1449/1449 1451/1451/1451
f 1453/1453/1453 1448/1448/1448 1379/1379/1379
f 1450/1450/1450 1448/1448/1448 1453/1453/1453
f 1381/1381/1381 1453/1453/1453 1379/1379/1379
f 1454/1454/1454 1453/1453/1453 1381/1381/1381
f 1450/1450/1450 1453/1453/1453 1454/1454/1454
f 1381/1381/1381 1455/1455/1455 1454/1454/1454
f 1455/1455/1455 1391/1391/1391 1388/1388/1388
f 1381/1381/1381 1391/1391/1391 1455/1455/1455
f 1456/1456/1456 1455/1455/1455 1388/1388/1388
f 1454/1454/1454 1455/1455/1455 1456/1456/1456
f 1456/1456/1456 1388/1388/1388 1395/1395/1395
f 1395/1395/1395 1457/1457/1457 1456/1456/1456
f 1457/1457/1457 1395/1395/1395 1397/1397/1397
f 1397/1397/1397 1458/1458/1458 1457/1457/1457
f 1458/1458/1458 1397/1397/1397 1398/1398/1398
f 1398/1398/1398 1459/1459/1459 1458/1458/1458
f 1459/1459/1459 1398/1398/1398 1399/1399/1399
f 1399/1399/1399 1460/1460/1460 1459/1459/1459
f 1399/1399/1399 1461/1461/1461 1460/1460/1460
f 1400/1400/1400 1461/1461/1461 1399/1399/1399
f 1462/1462/1462 1463/1463/1463 1461/1461/1461
f 1464/1464/1464 1463/1463/1463 1462/1462/1462
f 1400/1400/1400 1462/1462/1462 1461/1461/1461
f 1461/1461/1461 1465/1465/1465 1460/1460/1460
f 1465/1465/1465 1463/1463/1463 1464/1464/1464
f 1461/1461/1461 1463/1463/1463 1465/1465/1465
f 1466/1466/1466 1462/1462/1462 1400/1400/1400
f 1464/1464/1464 1462/1462/1462 1466/1466/1466
f 1402/1402/1402 1466/1466/1466 1400/1400/1400
f 1467/1467/1467 1466/1466/1466 1402/1402/1402
f 1464/1464/1464 1466/1466/1466 1467/1467/1467
f 1467/1467/1467 1402/1402/1402 1403/1403/1403
f 1403/1403/1403 1468/1468/1468 1467/1467/1467
f 1468/1468/1468 1403/1403/1403 1405/1405/1405
f 1405/1405/1405 1469/1469/1469 1468/1468/1468
f 1469/1469/1469 1405/1405/1405 1408/1408/1408
f 1408/1408/1408 1470/1470/1470 1469/1469/1469
f 1470/1470/1470 1408/1408/1408 1409/1409/1409
f 1409/1409/1409 1471/1471/1471 1470/1470/1470
f 1471/1471/1471 1409/1409/1409 1412/1412/1412
f 1412/1412/1412 1472/1472/1472 1471/1471/1471
f 1412/1412/1412 1473/1473/1473 1472/1472/1472
f 1473/1473/1473 1417/1417/1417 1416/1416/1416
f 1412/1412/1412 1417/1417/1417 1473/1473/1473
f 1474/1474/1474 1475/1475/1475 1473/1473/1473
f 1476/1476/1476 1475/1475/1475 1474/1474/1474
f 1416/1416/1416 1474/1474/1474 1473/1473/1473
f 1473/1473/1473 1477/1477/1477 1472/1472/1472
f 1475/1475/1475 1478/1478/1478 1477/1477/1477
f 1476/1476/1476 1478/1478/1478 1475/1475/1475
f 1473/1473/1473 1475/1475/1475 1477/1477/1477
f 1479/1479/1479 1474/1474/1474 1416/1416/1416
f 1476/1476/1476 1474/1474/1474 1479/1479/1479
f 1418/1418/1418 1479/1479/1479 1416/1416/1416
f 1480/1480/1480 1479/1479/1479 1418/1418/1418
f 1476/1476/1476 1479/1479/1479 1480/1480/1480
f 1480/1480/1480 1418/1418/1418 1419/1419/1419
f 1419/1419/1419 1481/1481/1481 1480/1480/1480
f 1481/1481/1481 1419/1419/1419 1420/1420/1420
f 1420/1420/1420 1482/1482/1482 1481/1481/1481
f 1482/1482/1482 1420/1420/1420 1421/1421/1421
f 1421/1421/1421 1483/1483/1483 1482/1482/1482
f 1483/1483/1483 1421/1421/1421 1422/1422/1422
f 1422/1422/1422 1484/1484/1484 1483/1483/1483
f 1484/1484/1484 1422/1422/1422 1423/1423/1423
f 1423/1423/1423 1485/1485/1485 1484/1484/1484
f 1485/1485/1485 1423/1423/1423 1424/1424/1424
f 1424/1424/1424 1486/1486/1486 1485/1485/1485
f 1486/1486/1486 1424/1424/1424 1425/1425/1425
f 1425/1425/1425 1487/1487/1487 1486/1486/1486
f 1487/1487/1487 1425/1425/1425 1426/1426/1426
f 1426/1426/1426 1488/1488/1488 1487/1487/1487
f 1488/1488/1488 1426/1426/1426 1427/1427/1427
f 1427/1427/1427 1489/1489/1489 1488/1488/1488
f 1427/1427/1427 1490/1490/1490 1489/1489/1489
f 1490/1490/1490 1432/1432/1432 1430/1430/1430
f 1427/1427/1427 1432/1432/1432 1490/1490/1490
f 1491/1491/1491 1490/1490/1490 1430/1430/1430
f 1489/1489/1489 1490/1490/1490 1491/1491/1491
f 1430/1430/1430 1492/1492/1492 1491/1491/1491
f 1492/1492/1492 1436/1436/1436 1435/1435/1435
f 1430/1430/1430 1436/1436/1436 1492/1492/1492
f 1493/1493/1493 1492/1492/1492 1435/1435/1435
f 1491/1491/1491 1492/1492/1492 1493/1493/1493
f 1437/1437/1437 1495/1495/1495 1494/1494/1494
f 1495/1495/1495 1440/1440/1440 1439/1439/1439
f 1437/1437/1437 1440/1440/1440 1495/1495/1495
f 1495/1495/1495 1497/1497/1497 1496/1496/1496
f 1439/1439/1439 1497/1497/1497 1495/1495/1495
f 1494/1494/1494 1495/1495/1495 1496/1496/1496
f 1497/1497/1497 1499/1499/1499 1498/1498/1498
f 1439/1439/1439 1499/1499/1499 1497/1497/1497
f 1497/1497/1497 1500/1500/1500 1496/1496/1496
f 1498/1498/1498 1500/1500/1500 1497/1497/1497
f 1501/1501/1501 1502/1502/1502 1443/1443/1443
f 1498/1498/1498 1502/1502/1502 1501/1501/1501
f 1442/1442/1442 1501/1501/1501 1443/1443/1443
f 1443/1443/1443 1499/1499/1499 1439/1439/1439
f 1499/1499/1499 1502/1502/1502 1498/1498/1498
f 1443/1443/1443 1502/1502/1502 1499/1499/1499
f 1498/1498/1498 1504/1504/1504 1503/1503/1503
f 1504/1504/1504 1501/1501/1501 1442/1442/1442
f 1498/1498/1498 1501/1501/1501 1504/1504/1504
f 1505/1505/1505 1500/1500/1500 1498/1498/1498
f 1496/1496/1496 1500/1500/1500 1505/1505/1505
f 1503/1503/1503 1505/1505/1505 1498/1498/1498
f 1506/1506/1506 1504/1504/1504 1442/1442/1442
f 1503/1503/1503 1504/1504/1504 1506/1506/1506
f 1444/1444/1444 1506/1506/1506 1442/1442/1442
f 1507/1507/1507 1506/1506/1506 1444/1444/1444
f 1506/1506/1506 1508/1508/1508 1503/1503/1503
f 1507/1507/1507 1508/1508/1508 1506/1506/1506
f 1507/1507/1507 1444/1444/1444 1445/1445/1445
f 1445/1445/1445 1509/1509/1509 1507/1507/1507
f 1509/1509/1509 1445/1445/1445 1446/1446/1446
f 1446/1446/1446 1510/1510/1510 1509/1509/1509
f 1446/1446/1446 1511/1511/1511 1510/1510/1510
f 1451/1451/1451 1512/1512/1512 1511/1511/1511
f 1512/1512/1512 1452/1452/1452 1450/1450/1450
f 1451/1451/1451 1452/1452/1452 1512/1512/1512
f 1446/1446/1446 1451/1451/1451 1511/1511/1511
f 1511/1511/1511 1514/1514/1514 1513/1513/1513
f 1514/1514/1514 1512/1512/1512 1450/1450/1450
f 1511/1511/1511 1512/1512/1512 1514/1514/1514
f 1510/1510/1510 1511/1511/1511 1513/1513/1513
f 1515/1515/1515 1514/1514/1514 1450/1450/1450
f 1513/1513/1513 1514/1514/1514 1515/1515/1515
f 1454/1454/1454 1515/1515/1515 1450/1450/1450
f 1516/1516/1516 1515/1515/1515 1454/1454/1454
f 1513/1513/1513 1515/1515/1515 1516/1516/1516
f 1516/1516/1516 1454/1454/1454 1456/1456/1456
f 1456/1456/1456 1517/1517/1517 1516/1516/1516
f 1517/1517/1517 1456/1456/1456 1457/1457/1457
f 1457/1457/1457 1518/1518/1518 1517/1517/1517
f 1518/1518/1518 1457/1457/1457 1458/1458/1458
f 1458/1458/1458 1519/1519/1519 1518/1518/1518
f 1519/1519/1519 1458/1458/1458 1459/1459/1459
f 1459/1459/1459 1520/1520/1520 1519/1519/1519
f 1520/1520/1520 1459/1459/1459 1460/1460/1460
f 1460/1460/1460 1521/1521/1521 1520/1520/1520
f 1460/1460/1460 1522/1522/1522 1521/1521/1521
f 1522/1522/1522 1465/1465/1465 1464/1464/1464
f 1460/1460/1460 1465/1465/1465 1522/1522/1522
f 1522/1522/1522 1524/1524/1524 1523/1523/1523
f 1464/1464/1464 1524/1524/1524 1522/1522/1522
f 1521/1521/1521 1522/1522/1522 1523/1523/1523
f 1525/1525/1525 1524/1524/1524 1464/1464/1464
f 1523/1523/1523 1524/1524/1524 1525/1525/1525
f 1467/1467/1467 1525/1525/1525 1464/1464/1464
f 1526/1526/1526 1525/1525/1525 1467/1467/1467
f 1523/1523/1523 1525/1525/1525 1526/1526/1526
f 1467/1467/1467 1527/1527/1527 1526/1526/1526
f 1468/1468/1468 1527/1527/1527 1467/1467/1467
f 1528/1528/1528 1527/1527/1527 1468/1468/1468
f 1526/1526/1526 1527/1527/1527 1528/1528/1528
f 1528/1528/1528 1468/1468/1468 1469/1469/1469
f 1469/1469/1469 1529/1529/1529 1528/1528/1528
f 1529/1529/1529 1469/1469/1469 1470/1470/1470
f 1470/1470/1470 1530/1530/1530 1529/1529/1529
f 1530/1530/1530 1470/1470/1470 1471/1471/1471
f 1471/1471/1471 1531/1531/1531 1530/1530/1530
f 1531/1531/1531 1471/1471/1471 1472/1472/1472
f 1472/1472/1472 1532/1532/1532 1531/1531/1531
f 1472/1472/1472 1533/1533/1533 1532/1532/1532
f 1477/1477/1477 1534/1534/1534 1533/1533/1533
f 1534/1534/1534 1478/1478/1478 1476/1476/1476
f 1477/1477/1477 1478/1478/1478 1534/1534/1534
f 1472/1472/1472 1477/1477/1477 1533/1533/1533
f 1533/1533/1533 1536/1536/1536 1535/1535/1535
f 1536/1536/1536 1534/1534/1534 1476/1476/1476
f 1533/1533/1533 1534/1534/1534 1536/1536/1536
f 1532/1532/1532 1533/1533/1533 1535/1535/1535
f 1537/1537/1537 1536/1536/1536 1476/1476/1476
f 1535/1535/1535 1536/1536/1536 1537/1537/1537
f 1480/1480/1480 1537/1537/1537 1476/1476/1476
f 1538/1538/1538 1537/1537/1537 1480/1480/1480
f 1535/1535/1535 1537/1537/1537 1538/1538/1538
f 1538/1538/1538 1480/1480/1480 1481/1481/1481
f 1481/1481/1481 1539/1539/1539 1538/1538/1538
f 1539/1539/1539 1481/1481/1481 1482/1482/1482
f 1482/1482/1482 1540/1540/1540 1539/1539/1539
f 1540/1540/1540 1482/1482/1482 1483/1483/1483
f 1483/1483/1483 1541/1541/1541 1540/1540/1540
f 1541/1541/1541 1483/1483/1483 1484/1484/1484
f 1484/1484/1484 1542/1542/1542 1541/1541/1541
f 1542/1542/1542 1484/1484/1484 1485/1485/1485
f 1485/1485/1485 1543/1543/1543 1542/1542/1542
f 1543/1543/1543 1485/1485/1485 1486/1486/1486
f 1486/1486/1486 1544/1544/1544 1543/1543/1543
f 1486/1486/1486 1545/1545/1545 1544/1544/1544
f 1487/1487/1487 1545/1545/1545 1486/1486/1486
f 1546/1546/1546 1545/1545/1545 1487/1487/1487
f 1545/1545/1545 1547/1547/1547 1544/1544/1544
f 1546/1546/1546 1547/1547/1547 1545/1545/1545
f 1546/1546/1546 1487/1487/1487 1488/1488/1488
f 1488/1488/1488 1548/1548/1548 1546/1546/1546
f 1548/1548/1548 1488/1488/1488 1489/1489/1489
f 1489/1489/1489 1549/1549/1549 1548/1548/1548
f 1549/1549/1549 1489/1489/1489 1491/1491/1491
f 1491/1491/1491 1550/1550/1550 1549/1549/1549
f 1550/1550/1550 1491/1491/1491 1493/1493/1493
f 1493/1493/1493 1551/1551/1551 1550/1550/1550
f 1552/1552/1552 1494/1494/1494 1496/1496/1496
f 1496/1496/1496 1553/1553/1553 1552/1552/1552
f 1496/1496/1496 1554/1554/1554 1553/1553/1553
f 1505/1505/1505 1555/1555/1555 1554/1554/1554
f 1503/1503/1503 1555/1555/1555 1505/1505/1505
f 1496/1496/1496 1505/1505/1505 1554/1554/1554
f 1554/1554/1554 1557/1557/1557 1556/1556/1556
f 1555/1555/1555 1558/1558/1558 1557/1557/1557
f 1503/1503/1503 1558/1558/1558 1555/1555/1555
f 1554/1554/1554 1555/1555/1555 1557/1557/1557
f 1553/1553/1553 1554/1554/1554 1556/1556/1556
f 1557/1557/1557 1560/1560/1560 1559/1559/1559
f 1560/1560/1560 1558/1558/1558 1503/1503/1503
f 1557/1557/1557 1558/1558/1558 1560/1560/1560
f 1556/1556/1556 1557/1557/1557 1559/1559/1559
f 1559/1559/1559 1508/1508/1508 1507/1507/1507
f 1508/1508/1508 1560/1560/1560 1503/1503/1503
f 1559/1559/1559 1560/1560/1560 1508/1508/1508
f 1559/1559/1559 1562/1562/1562 1561/1561/1561
f 1507/1507/1507 1562/1562/1562 1559/1559/1559
f 1556/1556/1556 1559/1559/1559 1561/1561/1561
f 1563/1563/1563 1562/1562/1562 1507/1507/1507
f 1561/1561/1561 1562/1562/1562 1563/1563/1563
f 1509/1509/1509 1563/1563/1563 1507/1507/1507
f 1564/1564/1564 1563/1563/1563 1509/1509/1509
f 1563/1563/1563 1565/1565/1565 1561/1561/1561
f 1564/1564/1564 1565/1565/1565 1563/1563/1563
f 1509/1509/1509 1566/1566/1566 1564/1564/1564
f 1510/1510/1510 1566/1566/1566 1509/1509/1509
f 1567/1567/1567 1568/1568/1568 1566/1566/1566
f 1569/1569/1569 1568/1568/1568 1567/1567/1567
f 1510/1510/1510 1567/1567/1567 1566/1566/1566
f 1566/1566/1566 1570/1570/1570 1564/1564/1564
f 1570/1570/1570 1568/1568/1568 1569/1569/1569
f 1566/1566/1566 1568/1568/1568 1570/1570/1570
f 1571/1571/1571 1567/1567/1567 1510/1510/1510
f 1569/1569/1569 1567/1567/1567 1571/1571/1571
f 1513/1513/1513 1571/1571/1571 1510/1510/1510
f 1572/1572/1572 1571/1571/1571 1513/1513/1513
f 1569/1569/1569 1571/1571/1571 1572/1572/1572
f 1572/1572/1572 1513/1513/1513 1516/1516/1516
f 1516/1516/1516 1573/1573/1573 1572/1572/1572
f 1573/1573/1573 1516/1516/1516 1517/1517/1517
f 1517/1517/1517 1574/1574/1574 1573/1573/1573
f 1574/1574/1574 1517/1517/1517 1518/1518/1518
f 1518/1518/1518 1575/1575/1575 1574/1574/1574
f 1575/1575/1575 1518/1518/1518 1519/1519/1519
f 1519/1519/1519 1576/1576/1576 1575/1575/1575
f 1576/1576/1576 1519/1519/1519 1520/1520/1520
f 1520/1520/1520 1577/1577/1577 1576/1576/1576
f 1577/1577/1577 1520/1520/1520 1521/1521/1521
f 1521/1521/1521 1578/1578/1578 1577/1577/1577
f 1578/1578/1578 1521/1521/1521 1523/1523/1523
f 1523/1523/1523 1579/1579/1579 1578/1578/1578
f 1579/1579/1579 1523/1523/1523 1526/1526/1526
f 1526/1526/1526 1580/1580/1580 1579/1579/1579
f 1580/1580/1580 1526/1526/1526 1528/1528/1528
f 1528/1528/1528 1581/1581/1581 1580/1580/1580
f 1581/1581/1581 1528/1528/1528 1529/1529/1529
f 1529/1529/1529 1582/1582/1582 1581/1581/1581
f 1582/1582/1582 1529/1529/1529 1530/1530/1530
f 1530/1530/1530 1583/1583/1583 1582/1582/1582
f 1583/1583/1583 1530/1530/1530 1531/1531/1531
f 1531/1531/1531 1584/1584/1584 1583/1583/1583
f 1584/1584/1584 1531/1531/1531 1532/1532/1532
f 1532/1532/1532 1585/1585/1585 1584/1584/1584
f 1532/1532/1532 1586/1586/1586 1585/1585/1585
f 1535/1535/1535 1586/1586/1586 1532/1532/1532
f 1587/1587/1587 1588/1588/1588 1586/1586/1586
f 1589/1589/1589 1588/1588/1588 1587/1587/1587
f 1535/1535/1535 1587/1587/1587 1586/1586/1586
f 1586/1586/1586 1590/1590/1590 1585/1585/1585
f 1588/1588/1588 1591/1591/1591 1590/1590/1590
f 1589/1589/1589 1591/1591/1591 1588/1588/1588
f 1586/1586/1586 1588/1588/1588 1590/1590/1590
f 1592/1592/1592 1587/1587/1587 1535/1535/1535
f 1589/1589/1589 1587/1587/1587 1592/1592/1592
f 1538/1538/1538 1592/1592/1592 1535/1535/1535
f 1593/1593/1593 1592/1592/1592 1538/1538/1538
f 1589/1589/1589 1592/1592/1592 1593/1593/1593
f 1593/1593/1593 1538/1538/1538 1539/1539/1539
f 1539/1539/1539 1594/1594/1594 1593/1593/1593
f 1594/1594/1594 1539/1539/1539 1540/1540/1540
f 1540/1540/1540 1595/1595/1595 1594/1594/1594
f 1595/1595/1595 1540/1540/1540 1541/1541/1541
f 1541/1541/1541 1596/1596/1596 1595/1595/1595
f 1596/1596/1596 1541/1541/1541 1542/1542/1542
f 1542/1542/1542 1597/1597/1597 1596/1596/1596
f 1542/1542/1542 1598/1598/1598 1597/1597/1597
f 1543/1543/1543 1598/1598/1598 1542/1542/1542
f 1599/1599/1599 1600/1600/1600 1598/1598/1598
f 1601/1601/1601 1600/1600/1600 1599/1599/1599
f 1543/1543/1543 1599/1599/1599 1598/1598/1598
f 1598/1598/1598 1602/1602/1602 1597/1597/1597
f 1602/1602/1602 1600/1600/1600 1601/1601/1601
f 1598/1598/1598 1600/1600/1600 1602/1602/1602
f 1603/1603/1603 1599/1599/1599 1543/1543/1543
f 1601/1601/1601 1599/1599/1599 1603/1603/1603
f 1544/1544/1544 1603/1603/1603 1543/1543/1543
f 1603/1603/1603 1605/1605/1605 1604/1604/1604
f 1544/1544/1544 1605/1605/1605 1603/1603/1603
f 1601/1601/1601 1603/1603/1603 1604/1604/1604
f 1606/1606/1606 1605/1605/1605 1544/1544/1544
f 1605/1605/1605 1607/1607/1607 1604/1604/1604
f 1606/1606/1606 1607/1607/1607 1605/1605/1605
f 1547/1547/1547 1608/1608/1608 1606/1606/1606
f 1546/1546/1546 1608/1608/1608 1547/1547/1547
f 1544/1544/1544 1547/1547/1547 1606/1606/1606
f 1609/1609/1609 1610/1610/1610 1606/1606/1606
f 1611/1611/1611 1610/1610/1610 1609/1609/1609
f 1609/1609/1609 1608/1608/1608 1546/1546/1546
f 1606/1606/1606 1608/1608/1608 1609/1609/1609
f 1607/1607/1607 1613/1613/1613 1612/1612/1612
f 1606/1606/1606 1613/1613/1613 1607/1607/1607
f 1604/1604/1604 1607/1607/1607 1612/1612/1612
f 1612/1612/1612 1610/1610/1610 1611/1611/1611
f 1610/1610/1610 1613/1613/1613 1606/1606/1606
f 1612/1612/1612 1613/1613/1613 1610/1610/1610
f 1614/1614/1614 1609/1609/1609 1546/1546/1546
f 1611/1611/1611 1609/1609/1609 1614/1614/1614
f 1548/1548/1548 1614/1614/1614 1546/1546/1546
f 1615/1615/1615 1614/1614/1614 1548/1548/1548
f 1611/1611/1611 1614/1614/1614 1615/1615/1615
f 1615/1615/1615 1548/1548/1548 1549/1549/1549
f 1549/1549/1549 1616/1616/1616 1615/1615/1615
f 1616/1616/1616 1549/1549/1549 1550/1550/1550
f 1550/1550/1550 1617/1617/1617 1616/1616/1616
f 1617/1617/1617 1550/1550/1550 1551/1551/1551
f 1551/1551/1551 1618/1618/1618 1617/1617/1617
f 1621/1621/1621 1620/1620/1620 1552/1552/1552
f 1620/1620/1620 1622/1622/1622 1619/1619/1619
f 1621/1621/1621 1622/1622/1622 1620/1620/1620
f 1553/1553/1553 1621/1621/1621 1552/1552/1552
f 1623/1623/1623 1621/1621/1621 1553/1553/1553
f 1624/1624/1624 1622/1622/1622 1621/1621/1621
f 1622/1622/1622 1625/1625/1625 1619/1619/1619
f 1624/1624/1624 1625/1625/1625 1622/1622/1622
f 1623/1623/1623 1624/1624/1624 1621/1621/1621
f 1623/1623/1623 1553/1553/1553 1556/1556/1556
f 1556/1556/1556 1626/1626/1626 1623/1623/1623
f 1556/1556/1556 1627/1627/1627 1626/1626/1626
f 1561/1561/1561 1627/1627/1627 1556/1556/1556
f 1627/1627/1627 1629/1629/1629 1628/1628/1628
f 1561/1561/1561 1629/1629/1629 1627/1627/1627
f 1626/1626/1626 1627/1627/1627 1628/1628/1628
f 1629/1629/1629 1631/1631/1631 1630/1630/1630
f 1561/1561/1561 1631/1631/1631 1629/1629/1629
f 1628/1628/1628 1629/1629/1629 1630/1630/1630
f 1630/1630/1630 1565/1565/1565 1564/1564/1564
f 1565/1565/1565 1631/1631/1631 1561/1561/1561
f 1630/1630/1630 1631/1631/1631 1565/1565/1565
f 1632/1632/1632 1630/1630/1630 1564/1564/1564
f 1628/1628/1628 1630/1630/1630 1632/1632/1632
f 1564/1564/1564 1633/1633/1633 1632/1632/1632
f 1633/1633/1633 1570/1570/1570 1569/1569/1569
f 1564/1564/1564 1570/1570/1570 1633/1633/1633
f 1634/1634/1634 1633/1633/1633 1569/1569/1569
f 1632/1632/1632 1633/1633/1633 1634/1634/1634
f 1634/1634/1634 1569/1569/1569 1572/1572/1572
f 1572/1572/1572 1635/1635/1635 1634/1634/1634
f 1635/1635/1635 1572/1572/1572 1573/1573/1573
f 1573/1573/1573 1636/1636/1636 1635/1635/1635
f 1636/1636/1636 1573/1573/1573 1574/1574/1574
f 1574/1574/1574 1637/1637/1637 1636/1636/1636
f 1637/1637/1637 1574/1574/1574 1575/1575/1575
f 1575/1575/1575 1638/1638/1638 1637/1637/1637
f 1638/1638/1638 1575/1575/1575 1576/1576/1576
f 1576/1576/1576 1639/1639/1639 1638/1638/1638
f 1639/1639/1639 1576/1576/1576 1577/1577/1577
f 1577/1577/1577 1640/1640/1640 1639/1639/1639
f 1640/1640/1640 1577/1577/1577 1578/1578/1578
f 1578/1578/1578 1641/1641/1641 1640/1640/1640
f 1641/1641/1641 1578/1578/1578 1579/1579/1579
f 1579/1579/1579 1642/1642/1642 1641/1641/1641
f 1642/1642/1642 1579/1579/1579 1580/1580/1580
f 1580/1580/1580 1643/1643/1643 1642/1642/1642
f 1643/1643/1643 1580/1580/1580 1581/1581/1581
f 1581/1581/1581 1644/1644/1644 1643/1643/1643
f 1644/1644/1644 1581/1581/1581 1582/1582/1582
f 1582/1582/1582 1645/1645/1645 1644/1644/1644
f 1645/1645/1645 1582/1582/1582 1583/1583/1583
f 1583/1583/1583 1646/1646/1646 1645/1645/1645
f 1646/1646/1646 1583/1583/1583 1584/1584/1584
f 1584/1584/1584 1647/1647/1647 1646/1646/1646
f 1647/1647/1647 1584/1584/1584 1585/1585/1585
f 1585/1585/1585 1648/1648/1648 1647/1647/1647
f 1585/1585/1585 1649/1649/1649 1648/1648/1648
f 1590/1590/1590 1650/1650/1650 1649/1649/1649
f 1650/1650/1650 1591/1591/1591 1589/1589/1589
f 1590/1590/1590 1591/1591/1591 1650/1650/1650
f 1585/1585/1585 1590/1590/1590 1649/1649/1649
f 1649/1649/1649 1652/1652/1652 1651/1651/1651
f 1652/1652/1652 1650/1650/1650 1589/1589/1589
f 1649/1649/1649 1650/1650/1650 1652/1652/1652
f 1649/1649/1649 1653/1653/1653 1648/1648/1648
f 1651/1651/1651 1653/1653/1653 1649/1649/1649
f 1654/1654/1654 1652/1652/1652 1589/1589/1589
f 1651/1651/1651 1652/1652/1652 1654/1654/1654
f 1593/1593/1593 1654/1654/1654 1589/1589/1589
f 1655/1655/1655 1654/1654/1654 1593/1593/1593
f 1651/1651/1651 1654/1654/1654 1655/1655/1655
f 1655/1655/1655 1593/1593/1593 1594/1594/1594
f 1594/1594/1594 1656/1656/1656 1655/1655/1655
f 1656/1656/1656 1594/1594/1594 1595/1595/1595
f 1595/1595/1595 1657/1657/1657 1656/1656/1656
f 1657/1657/1657 1595/1595/1595 1596/1596/1596
f 1596/1596/1596 1658/1658/1658 1657/1657/1657
f 1658/1658/1658 1596/1596/1596 1597/1597/1597
f 1597/1597/1597 1659/1659/1659 1658/1658/1658
f 1597/1597/1597 1660/1660/1660 1659/1659/1659
f 1660/1660/1660 1602/1602/1602 1601/1601/1601
f 1597/1597/1597 1602/1602/1602 1660/1660/1660
f 1661/1661/1661 1660/1660/1660 1601/1601/1601
f 1659/1659/1659 1660/1660/1660 1661/1661/1661
f 1661/1661/1661 1601/1601/1601 1604/1604/1604
f 1604/1604/1604 1662/1662/1662 1661/1661/1661
f 1604/1604/1604 1663/1663/1663 1662/1662/1662
f 1663/1663/1663 1612/1612/1612 1611/1611/1611
f 1604/1604/1604 1612/1612/1612 1663/1663/1663
f 1664/1664/1664 1663/1663/1663 1611/1611/1611
f 1662/1662/1662 1663/1663/1663 1664/1664/1664
f 1664/1664/1664 1611/1611/1611 1615/1615/1615
f 1615/1615/1615 1665/1665/1665 1664/1664/1664
f 1665/1665/1665 1615/1615/1615 1616/1616/1616
f 1616/1616/1616 1666/1666/1666 1665/1665/1665
f 1666/1666/1666 1616/1616/1616 1617/1617/1617
f 1617/1617/1617 1667/1667/1667 1666/1666/1666
f 1667/1667/1667 1617/1617/1617 1618/1618/1618
f 1618/1618/1618 1668/1668/1668 1667/1667/1667
f 1670/1670/1670 1672/1672/1672 1671/1671/1671
f 1619/1619/1619 1672/1672/1672 1670/1670/1670
f 1669/1669/1669 1670/1670/1670 1671/1671/1671
f 1671/1671/1671 1624/1624/1624 1623/1623/1623
f 1672/1672/1672 1625/1625/1625 1624/1624/1624
f 1619/1619/1619 1625/1625/1625 1672/1672/1672
f 1671/1671/1671 1672/1672/1672 1624/1624/1624
f 1673/1673/1673 1671/1671/1671 1623/1623/1623
f 1669/1669/1669 1671/1671/1671 1673/1673/1673
f 1673/1673/1673 1623/1623/1623 1626/1626/1626
f 1626/1626/1626 1674/1674/1674 1673/1673/1673
f 1674/1674/1674 1626/1626/1626 1628/1628/1628
f 1628/1628/1628 1675/1675/1675 1674/1674/1674
f 1675/1675/1675 1628/1628/1628 1632/1632/1632
f 1632/1632/1632 1676/1676/1676 1675/1675/1675
f 1676/1676/1676 1632/1632/1632 1634/1634/1634
f 1634/1634/1634 1677/1677/1677 1676/1676/1676
f 1677/1677/1677 1634/1634/1634 1635/1635/1635
f 1635/1635/1635 1678/1678/1678 1677/1677/1677
f 1678/1678/1678 1635/1635/1635 1636/1636/1636
f 1636/1636/1636 1679/1679/1679 1678/1678/1678
f 1679/1679/1679 1636/1636/1636 1637/1637/1637
f 1637/1637/1637 1680/1680/1680 1679/1679/1679
f 1680/1680/1680 1637/1637/1637 1638/1638/1638
f 1638/1638/1638 1681/1681/1681 1680/1680/1680
f 1681/1681/1681 1638/1638/1638 1639/1639/1639
f 1639/1639/1639 1682/1682/1682 1681/1681/1681
f 1682/1682/1682 1639/1639/1639 1640/1640/1640
f 1640/1640/1640 1683/1683/1683 1682/1682/1682
f 1683/1683/1683 1640/1640/1640 1641/1641/1641
f 1641/1641/1641 1684/1684/1684 1683/1683/1683
f 1684/1684/1684 1641/1641/1641 1642/1642/1642
f 1642/1642/1642 1685/1685/1685 1684/1684/1684
f 1685/1685/1685 1642/1642/1642 1643/1643/1643
f 1643/1643/1643 1686/1686/1686 1685/1685/1685
f 1686/1686/1686 1643/1643/1643 1644/1644/1644
f 1644/1644/1644 1687/1687/1687 1686/1686/1686
f 1644/1644/1644 1688/1688/1688 1687/1687/1687
f 1645/1645/1645 1688/1688/1688 1644/1644/1644
f 1688/1688/1688 1690/1690/1690 1689/1689/1689
f 1645/1645/1645 1690/1690/1690 1688/1688/1688
f 1687/1687/1687 1688/1688/1688 1689/1689/1689
f 1691/1691/1691 1690/1690/1690 1645/1645/1645
f 1690/1690/1690 1692/1692/1692 1689/1689/1689
f 1691/1691/1691 1692/1692/1692 1690/1690/1690
f 1646/1646/1646 1691/1691/1691 1645/1645/1645
f 1693/1693/1693 1691/1691/1691 1646/1646/1646
f 1694/1694/1694 1692/1692/1692 1691/1691/1691
f 1689/1689/1689 1692/1692/1692 1694/1694/1694
f 1693/1693/1693 1694/1694/1694 1691/1691/1691
f 1693/1693/1693 1646/1646/1646 1647/1647/1647
f 1647/1647/1647 1695/1695/1695 1693/1693/1693
f 1647/1647/1647 1696/1696/1696 1695/1695/1695
f 1648/1648/1648 1696/1696/1696 1647/1647/1647
f 1697/1697/1697 1696/1696/1696 1648/1648/1648
f 1696/1696/1696 1698/1698/1698 1695/1695/1695
f 1697/1697/1697 1698/1698/1698 1696/1696/1696
f 1648/1648/1648 1699/1699/1699 1697/1697/1697
f 1699/1699/1699 1653/1653/1653 1651/1651/1651
f 1648/1648/1648 1653/1653/1653 1699/1699/1699
f 1700/1700/1700 1699/1699/1699 1651/1651/1651
f 1699/1699/1699 1701/1701/1701 1697/1697/1697
f 1700/1700/1700 1701/1701/1701 1699/1699/1699
f 1700/1700/1700 1651/1651/1651 1655/1655/1655
f 1655/1655/1655 1702/1702/1702 1700/1700/1700
f 1702/1702/1702 1655/1655/1655 1656/1656/1656
f 1656/1656/1656 1703/1703/1703 1702/1702/1702
f 1703/1703/1703 1656/1656/1656 1657/1657/1657
f 1657/1657/1657 1704/1704/1704 1703/1703/1703
f 1704/1704/1704 1657/1657/1657 1658/1658/1658
f 1658/1658/1658 1705/1705/1705 1704/1704/1704
f 1705/1705/1705 1658/1658/1658 1659/1659/1659
f 1659/1659/1659 1706/1706/1706 1705/1705/1705
f 1659/1659/1659 1707/1707/1707 1706/1706/1706
f 1661/1661/1661 1707/1707/1707 1659/1659/1659
f 1708/1708/1708 1707/1707/1707 1661/1661/1661
f 1706/1706/1706 1707/1707/1707 1708/1708/1708
f 1708/1708/1708 1661/1661/1661 1662/1662/1662
f 1662/1662/1662 1709/1709/1709 1708/1708/1708
f 1709/1709/1709 1662/1662/1662 1664/1664/1664
f 1664/1664/1664 1710/1710/1710 1709/1709/1709
f 1710/1710/1710 1664/1664/1664 1665/1665/1665
f 1665/1665/1665 1711/1711/1711 1710/1710/1710
f 1711/1711/1711 1665/1665/1665 1666/1666/1666
f 1666/1666/1666 1712/1712/1712 1711/1711/1711
f 1712/1712/1712 1666/1666/1666 1667/1667/1667
f 1667/1667/1667 1713/1713/1713 1712/1712/1712
f 1713/1713/1713 1667/1667/1667 1668/1668/1668
f 1668/1668/1668 1714/1714/1714 1713/1713/1713
f 1669/1669/1669 1716/1716/1716 1715/1715/1715
f 1673/1673/1673 1716/1716/1716 1669/1669/1669
f 1717/1717/1717 1718/1718/1718 1716/1716/1716
f 1718/1718/1718 1720/1720/1720 1719/1719/1719
f 1717/1717/1717 1720/1720/1720 1718/1718/1718
f 1673/1673/1673 1717/1717/1717 1716/1716/1716
f 1716/1716/1716 1721/1721/1721 1715/1715/1715
f 1721/1721/1721 1718/1718/1718 1719/1719/1719
f 1716/1716/1716 1718/1718/1718 1721/1721/1721
f 1722/1722/1722 1717/1717/1717 1673/1673/1673
f 1723/1723/1723 1720/1720/1720 1717/1717/1717
f 1719/1719/1719 1720/1720/1720 1723/1723/1723
f 1722/1722/1722 1723/1723/1723 1717/1717/1717
f 1674/1674/1674 1722/1722/1722 1673/1673/1673
f 1724/1724/1724 1722/1722/1722 1674/1674/1674
f 1725/1725/1725 1723/1723/1723 1722/1722/1722
f 1719/1719/1719 1723/1723/1723 1725/1725/1725
f 1724/1724/1724 1725/1725/1725 1722/1722/1722
f 1674/1674/1674 1726/1726/1726 1724/1724/1724
f 1675/1675/1675 1726/1726/1726 1674/1674/1674
f 1727/1727/1727 1726/1726/1726 1675/1675/1675
f 1724/1724/1724 1726/1726/1726 1727/1727/1727
f 1727/1727/1727 1675/1675/1675 1676/1676/1676
f 1676/1676/1676 1728/1728/1728 1727/1727/1727
f 1728/1728/1728 1676/1676/1676 1677/1677/1677
f 1677/1677/1677 1729/1729/1729 1728/1728/1728
f 1729/1729/1729 1677/1677/1677 1678/1678/1678
f 1678/1678/1678 1730/1730/1730 1729/1729/1729
f 1730/1730/1730 1678/1678/1678 1679/1679/1679
f 1679/1679/1679 1731/1731/1731 1730/1730/1730
f 1731/1731/1731 1679/1679/1679 1680/1680/1680
f 1680/1680/1680 1732/1732/1732 1731/1731/1731
f 1732/1732/1732 1680/1680/1680 1681/1681/1681
f 1681/1681/1681 1733/1733/1733 1732/1732/1732
f 1733/1733/1733 1681/1681/1681 1682/1682/1682
f 1682/1682/1682 1734/1734/1734 1733/1733/1733
f 1734/1734/1734 1682/1682/1682 1683/1683/1683
f 1683/1683/1683 1735/1735/1735 1734/1734/1734
f 1735/1735/1735 1683/1683/1683 1684/1684/1684
f 1684/1684/1684 1736/1736/1736 1735/1735/1735
f 1736/1736/1736 1684/1684/1684 1685/1685/1685
f 1685/1685/1685 1737/1737/1737 1736/1736/1736
f 1685/1685/1685 1738/1738/1738 1737/1737/1737
f 1686/1686/1686 1738/1738/1738 1685/1685/1685
f 1739/1739/1739 1738/1738/1738 1686/1686/1686
f 1738/1738/1738 1740/1740/1740 1737/1737/1737
f 1739/1739/1739 1740/1740/1740 1738/1738/1738
f 1686/1686/1686 1741/1741/1741 1739/1739/1739
f 1687/1687/1687 1741/1741/1741 1686/1686/1686
f 1742/1742/1742 1741/1741/1741 1687/1687/1687
f 1741/1741/1741 1743/1743/1743 1739/1739/1739
f 1742/1742/1742 1743/1743/1743 1741/1741/1741
f 1742/1742/1742 1687/1687/1687 1689/1689/1689
f 1689/1689/1689 1744/1744/1744 1742/1742/1742
f 1689/1689/1689 1745/1745/1745 1744/1744/1744
f 1745/1745/1745 1694/1694/1694 1693/1693/1693
f 1689/1689/1689 1694/1694/1694 1745/1745/1745
f 1746/1746/1746 1745/1745/1745 1693/1693/1693
f 1744/1744/1744 1745/1745/1745 1746/1746/1746
f 1746/1746/1746 1693/1693/1693 1695/1695/1695
f 1695/1695/1695 1747/1747/1747 1746/1746/1746
f 1695/1695/1695 1748/1748/1748 1747/1747/1747
f 1698/1698/1698 1749/1749/1749 1748/1748/1748
f 1697/1697/1697 1749/1749/1749 1698/1698/1698
f 1695/1695/1695 1698/1698/1698 1748/1748/1748
f 1748/1748/1748 1751/1751/1751 1750/1750/1750
f 1749/1749/1749 1752/1752/1752 1751/1751/1751
f 1697/1697/1697 1752/1752/1752 1749/1749/1749
f 1748/1748/1748 1749/1749/1749 1751/1751/1751
f 1747/1747/1747 1748/1748/1748 1750/1750/1750
f 1751/1751/1751 1754/1754/1754 1753/1753/1753
f 1754/1754/1754 1752/1752/1752 1697/1697/1697
f 1751/1751/1751 1752/1752/1752 1754/1754/1754
f 1750/1750/1750 1751/1751/1751 1753/1753/1753
f 1753/1753/1753 1701/1701/1701 1700/1700/1700
f 1701/1701/1701 1754/1754/1754 1697/1697/1697
f 1753/1753/1753 1754/1754/1754 1701/1701/1701
f 1755/1755/1755 1753/1753/1753 1700/1700/1700
f 1750/1750/1750 1753/1753/1753 1755/1755/1755
f 1755/1755/1755 1700/1700/1700 1702/1702/1702
f 1702/1702/1702 1756/1756/1756 1755/1755/1755
f 1756/1756/1756 1702/1702/1702 1703/1703/1703
f 1703/1703/1703 1757/1757/1757 1756/1756/1756
f 1757/1757/1757 1703/1703/1703 1704/1704/1704
f 1704/1704/1704 1758/1758/1758 1757/1757/1757
f 1758/1758/1758 1704/1704/1704 1705/1705/1705
f 1705/1705/1705 1759/1759/1759 1758/1758/1758
f 1759/1759/1759 1705/1705/1705 1706/1706/1706
f 1706/1706/1706 1760/1760/1760 1759/1759/1759
f 1760/1760/1760 1706/1706/1706 1708/1708/1708
f 1708/1708/1708 1761/1761/1761 1760/1760/1760
f 1761/1761/1761 1708/1708/1708 1709/1709/1709
f 1709/1709/1709 1762/1762/1762 1761/1761/1761
f 1709/1709/1709 1763/1763/1763 1762/1762/1762
f 1710/1710/1710 1763/1763/1763 1709/1709/1709
f 1764/1764/1764 1763/1763/1763 1710/1710/1710
f 1763/1763/1763 1765/1765/1765 1762/1762/1762
f 1764/1764/1764 1765/1765/1765 1763/1763/1763
f 1764/1764/1764 1710/1710/1710 1711/1711/1711
f 1711/1711/1711 1766/1766/1766 1764/1764/1764
f 1766/1766/1766 1711/1711/1711 1712/1712/1712
f 1712/1712/1712 1767/1767/1767 1766/1766/1766
f 1712/1712/1712 1768/1768/1768 1767/1767/1767
f 1713/1713/1713 1768/1768/1768 1712/1712/1712
f 1768/1768/1768 1770/1770/1770 1769/1769/1769
f 1713/1713/1713 1770/1770/1770 1768/1768/1768
f 1767/1767/1767 1768/1768/1768 1769/1769/1769
f 1771/1771/1771 1770/1770/1770 1713/1713/1713
f 1769/1769/1769 1770/1770/1770 1771/1771/1771
f 1714/1714/1714 1771/1771/1771 1713/1713/1713
f 1772/1772/1772 1771/1771/1771 1714/1714/1714
f 1769/1769/1769 1771/1771/1771 1772/1772/1772
f 1715/1715/1715 1774/1774/1774 1773/1773/1773
f 1774/1774/1774 1721/1721/1721 1719/1719/1719
f 1715/1715/1715 1721/1721/1721 1774/1774/1774
f 1775/1775/1775 1774/1774/1774 1719/1719/1719
f 1773/1773/1773 1774/1774/1774 1775/1775/1775
f 1719/1719/1719 1776/1776/1776 1775/1775/1775
f 1776/1776/1776 1725/1725/1725 1724/1724/1724
f 1719/1719/1719 1725/1725/1725 1776/1776/1776
f 1777/1777/1777 1776/1776/1776 1724/1724/1724
f 1775/1775/1775 1776/1776/1776 1777/1777/1777
f 1724/1724/1724 1778/1778/1778 1777/1777/1777
f 1727/1727/1727 1778/1778/1778 1724/1724/1724
f 1778/1778/1778 1780/1780/1780 1779/1779/1779
f 1727/1727/1727 1780/1780/1780 1778/1778/1778
f 1777/1777/1777 1778/1778/1778 1779/1779/1779
f 1781/1781/1781 1780/1780/1780 1727/1727/1727
f 1780/1780/1780 1782/1782/1782 1779/1779/1779
f 1781/1781/1781 1782/1782/1782 1780/1780/1780
f 1728/1728/1728 1781/1781/1781 1727/1727/1727
f 1783/1783/1783 1781/1781/1781 1728/1728/1728
f 1784/1784/1784 1782/1782/1782 1781/1781/1781
f 1779/1779/1779 1782/1782/1782 1784/1784/1784
f 1783/1783/1783 1784/1784/1784 1781/1781/1781
f 1783/1783/1783 1728/1728/1728 1729/1729/1729
f 1729/1729/1729 1785/1785/1785 1783/1783/1783
f 1785/1785/1785 1729/1729/1729 1730/1730/1730
f 1730/1730/1730 1786/1786/1786 1785/1785/1785
f 1730/1730/1730 1787/1787/1787 1786/1786/1786
f 1731/1731/1731 1787/1787/1787 1730/1730/1730
f 1788/1788/1788 1789/1789/1789 1787/1787/1787
f 1789/1789/1789 1791/1791/1791 1790/1790/1790
f 1788/1788/1788 1791/1791/1791 1789/1789/1789
f 1731/1731/1731 1788/1788/1788 1787/1787/1787
f 1787/1787/1787 1792/1792/1792 1786/1786/1786
f 1792/1792/1792 1789/1789/1789 1790/1790/1790
f 1787/1787/1787 1789/1789/1789 1792/1792/1792
f 1793/1793/1793 1788/1788/1788 1731/1731/1731
f 1794/1794/1794 1791/1791/1791 1788/1788/1788
f 1790/1790/1790 1791/1791/1791 1794/1794/1794
f 1793/1793/1793 1794/1794/1794 1788/1788/1788
f 1732/1732/1732 1793/1793/1793 1731/1731/1731
f 1795/1795/1795 1796/1796/1796 1793/1793/1793
f 1797/1797/1797 1796/1796/1796 1795/1795/1795
f 1732/1732/1732 1795/1795/1795 1793/1793/1793
f 1794/1794/1794 1799/1799/1799 1798/1798/1798
f 1793/1793/1793 1799/1799/1799 1794/1794/1794
f 1790/1790/1790 1794/1794/1794 1798/1798/1798
f 1798/1798/1798 1796/1796/1796 1797/1797/1797
f 1796/1796/1796 1799/1799/1799 1793/1793/1793
f 1798/1798/1798 1799/1799/1799 1796/1796/1796
f 1800/1800/1800 1795/1795/1795 1732/1732/1732
f 1797/1797/1797 1795/1795/1795 1800/1800/1800
f 1733/1733/1733 1800/1800/1800 1732/1732/1732
f 1801/1801/1801 1802/1802/1802 1800/1800/1800
f 1802/1802/1802 1804/1804/1804 1803/1803/1803
f 1801/1801/1801 1804/1804/1804 1802/1802/1802
f 1733/1733/1733 1801/1801/1801 1800/1800/1800
f 1800/1800/1800 1805/1805/1805 1797/1797/1797
f 1805/1805/1805 1802/1802/1802 1803/1803/1803
f 1800/1800/1800 1802/1802/1802 1805/1805/1805
f 1806/1806/1806 1801/1801/1801 1733/1733/1733
f 1807/1807/1807 1804/1804/1804 1801/1801/1801
f 1803/1803/1803 1804/1804/1804 1807/1807/1807
f 1806/1806/1806 1807/1807/1807 1801/1801/1801
f 1734/1734/1734 1806/1806/1806 1733/1733/1733
f 1808/1808/1808 1809/1809/1809 1806/1806/1806
f 1810/1810/1810 1809/1809/1809 1808/1808/1808
f 1734/1734/1734 1808/1808/1808 1806/1806/1806
f 1807/1807/1807 1812/1812/1812 1811/1811/1811
f 1806/1806/1806 1812/1812/1812 1807/1807/1807
f 1803/1803/1803 1807/1807/1807 1811/1811/1811
f 1811/1811/1811 1809/1809/1809 1810/1810/1810
f 1809/1809/1809 1812/1812/1812 1806/1806/1806
f 1811/1811/1811 1812/1812/1812 1809/1809/1809
f 1813/1813/1813 1808/1808/1808 1734/1734/1734
f 1810/1810/1810 1808/1808/1808 1813/1813/1813
f 1735/1735/1735 1813/1813/1813 1734/1734/1734
f 1813/1813/1813 1815/1815/1815 1814/1814/1814
f 1735/1735/1735 1815/1815/1815 1813/1813/1813
f 1810/1810/1810 1813/1813/1813 1814/1814/1814
f 1816/1816/1816 1815/1815/1815 1735/1735/1735
f 1814/1814/1814 1815/1815/1815 1816/1816/1816
f 1736/1736/1736 1816/1816/1816 1735/1735/1735
f 1817/1817/1817 1816/1816/1816 1736/1736/1736
f 1814/1814/1814 1816/1816/1816 1817/1817/1817
f 1736/1736/1736 1818/1818/1818 1817/1817/1817
f 1737/1737/1737 1818/1818/1818 1736/1736/1736
f 1819/1819/1819 1820/1820/1820 1818/1818/1818
f 1821/1821/1821 1820/1820/1820 1819/1819/1819
f 1737/1737/1737 1819/1819/1819 1818/1818/1818
f 1818/1818/1818 1822/1822/1822 1817/1817/1817
f 1822/1822/1822 1820/1820/1820 1821/1821/1821
f 1818/1818/1818 1820/1820/1820 1822/1822/1822
f 1819/1819/1819 1824/1824/1824 1823/1823/1823
f 1737/1737/1737 1824/1824/1824 1819/1819/1819
f 1821/1821/1821 1819/1819/1819 1823/1823/1823
f 1825/1825/1825 1826/1826/1826 1740/1740/1740
f 1823/1823/1823 1826/1826/1826 1825/1825/1825
f 1739/1739/1739 1825/1825/1825 1740/1740/1740
f 1740/1740/1740 1824/1824/1824 1737/1737/1737
f 1824/1824/1824 1826/1826/1826 1823/1823/1823
f 1740/1740/1740 1826/1826/1826 1824/1824/1824
f 1823/1823/1823 1828/1828/1828 1827/1827/1827
f 1825/1825/1825 1829/1829/1829 1828/1828/1828
f 1739/1739/1739 1829/1829/1829 1825/1825/1825
f 1823/1823/1823 1825/1825/1825 1828/1828/1828
f 1821/1821/1821 1823/1823/1823 1827/1827/1827
f 1828/1828/1828 1831/1831/1831 1830/1830/1830
f 1831/1831/1831 1829/1829/1829 1739/1739/1739
f 1828/1828/1828 1829/1829/1829 1831/1831/1831
f 1827/1827/1827 1828/1828/1828 1830/1830/1830
f 1830/1830/1830 1743/1743/1743 1742/1742/1742
f 1743/1743/1743 1831/1831/1831 1739/1739/1739
f 1830/1830/1830 1831/1831/1831 1743/1743/1743
f 1832/1832/1832 1830/1830/1830 1742/1742/1742
f 1827/1827/1827 1830/1830/1830 1832/1832/1832
f 1832/1832/1832 1742/1742/1742 1744/1744/1744
f 1744/1744/1744 1833/1833/1833 1832/1832/1832
f 1833/1833/1833 1744/1744/1744 1746/1746/1746
f 1746/1746/1746 1834/1834/1834 1833/1833/1833
f 1746/1746/1746 1835/1835/1835 1834/1834/1834
f 1747/1747/1747 1835/1835/1835 1746/1746/1746
f 1835/1835/1835 1837/1837/1837 1836/1836/1836
f 1747/1747/1747 1837/1837/1837 1835/1835/1835
f 1834/1834/1834 1835/1835/1835 1836/1836/1836
f 1838/1838/1838 1837/1837/1837 1747/1747/1747
f 1836/1836/1836 1837/1837/1837 1838/1838/1838
f 1750/1750/1750 1838/1838/1838 1747/1747/1747
f 1839/1839/1839 1838/1838/1838 1750/1750/1750
f 1836/1836/1836 1838/1838/1838 1839/1839/1839
f 1839/1839/1839 1750/1750/1750 1755/1755/1755
f 1755/1755/1755 1840/1840/1840 1839/1839/1839
f 1840/1840/1840 1755/1755/1755 1756/1756/1756
f 1756/1756/1756 1841/1841/1841 1840/1840/1840
f 1841/1841/1841 1756/1756/1756 1757/1757/1757
f 1757/1757/1757 1842/1842/1842 1841/1841/1841
f 1842/1842/1842 1757/1757/1757 1758/1758/1758
f 1758/1758/1758 1843/1843/1843 1842/1842/1842
f 1843/1843/1843 1758/1758/1758 1759/1759/1759
f 1759/1759/1759 1844/1844/1844 1843/1843/1843
f 1844/1844/1844 1759/1759/1759 1760/1760/1760
f 1760/1760/1760 1845/1845/1845 1844/1844/1844
f 1845/1845/1845 1760/1760/1760 1761/1761/1761
f 1761/1761/1761 1846/1846/1846 1845/1845/1845
f 1761/1761/1761 1847/1847/1847 1846/1846/1846
f 1762/1762/1762 1847/1847/1847 1761/1761/1761
f 1847/1847/1847 1849/1849/1849 1848/1848/1848
f 1762/1762/1762 1849/1849/1849 1847/1847/1847
f 1846/1846/1846 1847/1847/1847 1848/1848/1848
f 1849/1849/1849 1851/1851/1851 1850/1850/1850
f 1762/1762/1762 1851/1851/1851 1849/1849/1849
f 1848/1848/1848 1849/1849/1849 1850/1850/1850
f 1850/1850/1850 1765/1765/1765 1764/1764/1764
f 1765/1765/1765 1851/1851/1851 1762/1762/1762
f 1850/1850/1850 1851/1851/1851 1765/1765/1765
f 1852/1852/1852 1850/1850/1850 1764/1764/1764
f 1848/1848/1848 1850/1850/1850 1852/1852/1852
f 1852/1852/1852 1764/1764/1764 1766/1766/1766
f 1766/1766/1766 1853/1853/1853 1852/1852/1852
f 1853/1853/1853 1766/1766/1766 1767/1767/1767
f 1767/1767/1767 1854/1854/1854 1853/1853/1853
f 1854/1854/1854 1767/1767/1767 1769/1769/1769
f 1769/1769/1769 1855/1855/1855 1854/1854/1854
f 1855/1855/1855 1769/1769/1769 1772/1772/1772
f 1772/1772/1772 1856/1856/1856 1855/1855/1855
