# L3DT terrain export, using atMeshDecimator
# 2120 vertices, 4096 polygons
mtllib Lava_Tile_x3y0.mtl
o terrain_o
v 3999.511719 137.826599 7997.070313
v 3999.511719 145.336914 7872.085449
v 4124.496582 126.452148 7997.070313
v 4124.496582 153.164291 7872.085449
v 4249.481445 161.130371 7997.070313
v 4249.481445 176.368973 7872.085449
v 4311.973633 170.661926 7934.578125
v 4374.465820 166.599625 7997.070313
v 4374.465820 166.896866 7872.085449
v 4311.973633 180.589798 7872.085449
v 4499.450684 154.828842 7997.070313
v 4499.450684 176.091537 7872.085449
v 4624.435547 150.429657 7997.070313
v 4624.435547 157.741806 7872.085449
v 4749.419922 145.396362 7997.070313
v 4749.419922 144.504639 7872.085449
v 4874.404785 168.462326 7997.070313
v 4874.404785 154.273987 7872.085449
v 4999.389648 171.038422 7997.070313
v 4999.389648 171.018616 7872.085449
v 5061.881836 119.952461 7934.578125
v 5124.374512 154.789200 7997.070313
v 5124.374512 158.673172 7872.085449
v 5061.881836 131.386368 7872.085449
v 5249.359375 142.820267 7997.070313
v 5249.359375 152.867035 7872.085449
v 5374.343750 161.744659 7997.070313
v 5374.343750 175.120544 7872.085449
v 5499.328613 146.089920 7997.070313
v 5499.328613 166.520355 7872.085449
v 5624.313477 145.198196 7997.070313
v 5624.313477 148.190430 7872.085449
v 5749.297852 148.487686 7997.070313
v 5749.297852 142.661743 7872.085449
v 5874.282715 135.587387 7997.070313
v 5874.282715 141.472763 7872.085449
v 5999.267578 138.678696 7997.070313
v 5999.267578 137.469910 7872.085449
v 6124.252441 173.634338 7997.070313
v 6124.252441 143.870529 7872.085449
v 6186.744629 135.567566 7934.578125
v 6249.236816 194.857407 7997.070313
v 6249.236816 146.307907 7872.085449
v 6249.236816 135.409042 7934.578125
v 6311.729492 144.425369 7934.578125
v 6280.483398 135.884628 7965.824219
v 6374.221680 139.768585 7997.070313
v 6311.729492 134.101166 7997.070313
v 6374.221680 141.274612 7872.085449
v 6499.206543 133.863373 7997.070313
v 6499.206543 166.540176 7872.085449
v 6624.191406 123.202301 7997.070313
v 6624.191406 167.788589 7872.085449
v 6749.175781 166.203293 7997.070313
v 6749.175781 160.298096 7872.085449
v 6874.160645 156.196152 7997.070313
v 6874.160645 132.912201 7872.085449
v 6999.145508 159.881958 7997.070313
v 6999.145508 129.662354 7872.085449
v 7124.130371 155.482773 7997.070313
v 7124.130371 117.990662 7872.085449
v 7249.114746 136.697083 7997.070313
v 7249.114746 128.295044 7872.085449
v 7374.099609 137.588806 7997.070313
v 7374.099609 143.692169 7872.085449
v 7499.084473 142.126709 7997.070313
v 7499.084473 149.775726 7872.085449
v 7624.069336 162.517502 7997.070313
v 7624.069336 159.346909 7872.085449
v 7749.053711 130.098312 7997.070313
v 7749.053711 147.655396 7872.085449
v 7874.038574 122.805977 7997.070313
v 7874.038574 117.039490 7872.085449
v 7997.070313 134.101166 7997.070313
v 7997.070313 136.677261 7872.085449
v 3999.511719 184.473755 7747.100586
v 4124.496582 181.283371 7747.100586
v 4186.988770 181.461716 7809.593262
v 4249.481445 137.786972 7747.100586
v 4249.481445 172.643539 7809.593262
v 4311.973633 169.790009 7809.593262
v 4280.727539 141.849274 7778.347168
v 4343.219727 175.338531 7840.839355
v 4343.219727 161.923004 7778.347168
v 4374.465820 182.809204 7809.593262
v 4343.219727 152.193298 7809.593262
v 4327.596680 132.595154 7793.970215
v 4374.465820 152.054581 7747.100586
v 4311.973633 157.583282 7747.100586
v 4311.973633 120.071358 7778.347168
v 4436.958496 177.637192 7809.593262
v 4499.450684 154.927917 7747.100586
v 4624.435547 158.455185 7747.100586
v 4749.419922 159.822510 7747.100586
v 4874.404785 158.098495 7747.100586
v 4999.389648 166.143845 7747.100586
v 5061.881836 184.037811 7809.593262
v 5124.374512 185.365494 7747.100586
v 5249.359375 179.698074 7747.100586
v 5374.343750 185.068253 7747.100586
v 5499.328613 187.644348 7747.100586
v 5624.313477 172.643539 7747.100586
v 5749.297852 145.832321 7747.100586
v 5874.282715 146.902390 7747.100586
v 5999.267578 144.980225 7747.100586
v 6124.252441 142.820267 7747.100586
v 6249.236816 137.925690 7747.100586
v 6374.221680 170.959167 7747.100586
v 6499.206543 150.806168 7747.100586
v 6624.191406 158.316483 7747.100586
v 6749.175781 157.385117 7747.100586
v 6874.160645 155.383698 7747.100586
v 6999.145508 140.898102 7747.100586
v 7124.130371 127.977989 7747.100586
v 7249.114746 155.205353 7747.100586
v 7374.099609 123.876053 7747.100586
v 7499.084473 160.714233 7747.100586
v 7624.069336 158.276840 7747.100586
v 7749.053711 154.927917 7747.100586
v 7874.038574 152.886856 7747.100586
v 7997.070313 135.924255 7747.100586
v 3999.511719 181.976929 7622.116211
v 4124.496582 190.359146 7622.116211
v 4249.481445 164.974701 7622.116211
v 4311.973633 163.052536 7684.608398
v 4374.465820 150.191864 7622.116211
v 4499.450684 167.253555 7622.116211
v 4624.435547 166.995941 7622.116211
v 4749.419922 168.739761 7622.116211
v 4874.404785 161.348343 7622.116211
v 4999.389648 162.557129 7622.116211
v 5124.374512 158.891144 7622.116211
v 5249.359375 152.966125 7622.116211
v 5374.343750 156.453766 7622.116211
v 5499.328613 157.325668 7622.116211
v 5624.313477 151.618622 7622.116211
v 5749.297852 150.608002 7622.116211
v 5874.282715 152.133850 7622.116211
v 5999.267578 143.850708 7622.116211
v 6124.252441 143.157135 7622.116211
v 6249.236816 147.080734 7622.116211
v 6374.221680 167.075211 7622.116211
v 6499.206543 154.610855 7622.116211
v 6624.191406 155.799835 7622.116211
v 6749.175781 134.933456 7622.116211
v 6874.160645 154.313614 7622.116211
v 6999.145508 144.920776 7622.116211
v 7124.130371 141.690750 7622.116211
v 7249.114746 140.660309 7622.116211
v 7374.099609 159.069489 7622.116211
v 7499.084473 154.828842 7622.116211
v 7624.069336 156.295227 7622.116211
v 7749.053711 165.113403 7622.116211
v 7874.038574 152.193298 7622.116211
v 7997.070313 128.711182 7622.116211
v 3999.511719 154.650497 7497.131348
v 4124.496582 178.410034 7497.131348
v 4249.481445 163.488480 7497.131348
v 4374.465820 174.585510 7497.131348
v 4499.450684 170.007996 7497.131348
v 4624.435547 184.731369 7497.131348
v 4749.419922 172.148132 7497.131348
v 4874.404785 164.538742 7497.131348
v 4999.389648 169.829651 7497.131348
v 5124.374512 168.184906 7497.131348
v 5249.359375 149.042526 7497.131348
v 5374.343750 120.170433 7497.131348
v 5499.328613 160.317902 7497.131348
v 5624.313477 161.823929 7497.131348
v 5749.297852 163.111984 7497.131348
v 5874.282715 164.182053 7497.131348
v 5999.267578 149.577560 7497.131348
v 6124.252441 158.831696 7497.131348
v 6249.236816 167.352631 7497.131348
v 6311.729492 174.090118 7559.623535
v 6374.221680 165.093597 7497.131348
v 6374.221680 113.967987 7559.623535
v 6436.714355 122.647453 7559.623535
v 6405.467773 107.527748 7528.377441
v 6499.206543 122.746529 7497.131348
v 6436.714355 156.136703 7497.131348
v 6624.191406 148.348969 7497.131348
v 6749.175781 160.000854 7497.131348
v 6874.160645 160.634964 7497.131348
v 6999.145508 165.133224 7497.131348
v 7124.130371 159.445999 7497.131348
v 7249.114746 153.322815 7497.131348
v 7374.099609 163.052536 7497.131348
v 7499.084473 143.731812 7497.131348
v 7624.069336 154.868469 7497.131348
v 7749.053711 171.731995 7497.131348
v 7874.038574 128.929169 7497.131348
v 7935.554688 129.830795 7559.623535
v 7997.070313 190.577133 7497.131348
v 7935.554688 124.401184 7497.131348
v 3999.511719 161.387970 7372.146484
v 4062.004150 162.913818 7434.639160
v 4124.496582 172.821884 7372.146484
v 4062.004150 163.825363 7372.146484
v 4249.481445 176.012283 7372.146484
v 4374.465820 169.552216 7372.146484
v 4499.450684 167.768768 7372.146484
v 4624.435547 193.826981 7372.146484
v 4749.419922 175.715042 7372.146484
v 4874.404785 180.887039 7372.146484
v 4999.389648 169.235168 7372.146484
v 5124.374512 188.595520 7372.146484
v 5249.359375 183.720749 7372.146484
v 5374.343750 144.167770 7372.146484
v 5499.328613 157.385117 7372.146484
v 5624.313477 166.837418 7372.146484
v 5749.297852 171.514023 7372.146484
v 5874.282715 167.590424 7372.146484
v 5999.267578 164.499115 7372.146484
v 6124.252441 162.656204 7372.146484
v 6249.236816 157.840897 7372.146484
v 6374.221680 175.873566 7372.146484
v 6436.714355 166.361816 7434.639160
v 6499.206543 179.281937 7372.146484
v 6624.191406 166.203293 7372.146484
v 6749.175781 160.991653 7372.146484
v 6874.160645 168.918106 7372.146484
v 6999.145508 160.615143 7372.146484
v 7124.130371 170.741180 7372.146484
v 7249.114746 159.010040 7372.146484
v 7374.099609 154.194717 7372.146484
v 7499.084473 139.966751 7372.146484
v 7624.069336 150.231491 7372.146484
v 7749.053711 156.493393 7372.146484
v 7874.038574 127.938354 7372.146484
v 7935.554688 127.720383 7434.639160
v 7966.312500 188.917526 7465.885254
v 7966.312500 188.882843 7403.392578
v 7997.070313 186.158127 7434.639160
v 7966.312500 190.591995 7434.639160
v 7997.070313 186.277023 7372.146484
v 7935.554688 189.110733 7372.146484
v 3999.511719 228.168320 7309.654297
v 3999.511719 230.625519 7247.162109
v 4062.004150 163.944260 7309.654297
v 4030.757813 199.969971 7340.900391
v 4124.496582 164.974701 7247.162109
v 4186.988770 172.663345 7309.654297
v 4249.481445 169.195526 7247.162109
v 4186.988770 206.865982 7247.162109
v 4374.465820 181.005936 7247.162109
v 4499.450684 173.991028 7247.162109
v 4624.435547 175.457428 7247.162109
v 4749.419922 181.501343 7247.162109
v 4874.404785 176.567123 7247.162109
v 4999.389648 209.897858 7247.162109
v 5124.374512 201.000412 7247.162109
v 5249.359375 206.430023 7247.162109
v 5374.343750 169.948547 7247.162109
v 5499.328613 165.509735 7247.162109
v 5624.313477 165.945679 7247.162109
v 5749.297852 166.183472 7247.162109
v 5874.282715 163.746094 7247.162109
v 5999.267578 155.978180 7247.162109
v 6124.252441 158.673172 7247.162109
v 6249.236816 189.249451 7247.162109
v 6374.221680 163.825363 7247.162109
v 6499.206543 171.731995 7247.162109
v 6624.191406 178.845978 7247.162109
v 6749.175781 174.724228 7247.162109
v 6874.160645 177.795731 7247.162109
v 6999.145508 158.098495 7247.162109
v 7124.130371 159.247833 7247.162109
v 7249.114746 168.085831 7247.162109
v 7374.099609 159.763062 7247.162109
v 7499.084473 164.637817 7247.162109
v 7624.069336 161.942825 7247.162109
v 7749.053711 156.354675 7247.162109
v 7874.038574 123.321198 7247.162109
v 7935.554688 190.755478 7309.654297
v 7997.070313 185.603287 7247.162109
v 7935.554688 189.705231 7247.162109
v 3999.511719 224.997742 7122.177246
v 4124.496582 233.597931 7122.177246
v 4186.988770 221.846970 7184.669434
v 4249.481445 166.361816 7122.177246
v 4374.465820 183.760376 7122.177246
v 4499.450684 182.670502 7122.177246
v 4624.435547 173.436188 7122.177246
v 4749.419922 182.511963 7122.177246
v 4874.404785 210.868835 7122.177246
v 4999.389648 187.842499 7122.177246
v 5124.374512 182.551605 7122.177246
v 5249.359375 184.929535 7122.177246
v 5374.343750 178.231689 7122.177246
v 5499.328613 199.989792 7122.177246
v 5624.313477 199.494385 7122.177246
v 5749.297852 190.279892 7122.177246
v 5874.282715 203.794479 7122.177246
v 5999.267578 198.543213 7122.177246
v 6124.252441 162.973267 7122.177246
v 6249.236816 165.648438 7122.177246
v 6374.221680 179.559357 7122.177246
v 6499.206543 172.346298 7122.177246
v 6624.191406 184.949356 7122.177246
v 6749.175781 143.711990 7122.177246
v 6811.668457 164.598190 7184.669434
v 6874.160645 123.261749 7122.177246
v 6811.668457 123.955315 7122.177246
v 6936.653320 163.032715 7184.669434
v 6999.145508 128.532837 7122.177246
v 6936.653320 118.347351 7122.177246
v 7124.130371 149.082169 7122.177246
v 7249.114746 149.597382 7122.177246
v 7374.099609 167.372452 7122.177246
v 7499.084473 159.386551 7122.177246
v 7624.069336 172.306656 7122.177246
v 7749.053711 133.407608 7122.177246
v 7811.546387 122.330391 7184.669434
v 7874.038574 173.535263 7184.669434
v 7842.792480 191.548126 7153.423340
v 7874.038574 188.694595 7122.177246
v 7811.546387 184.235962 7122.177246
v 7935.554688 191.181519 7184.669434
v 7904.796875 191.919678 7215.915527
v 7997.070313 188.516251 7122.177246
v 3999.511719 224.720306 6997.192383
v 4124.496582 181.422073 6997.192383
v 4249.481445 181.699509 6997.192383
v 4374.465820 179.044144 6997.192383
v 4499.450684 176.131180 6997.192383
v 4624.435547 201.594894 6997.192383
v 4686.927734 188.377533 7059.684570
v 4749.419922 202.308273 7059.684570
v 4718.173828 214.138504 7028.438477
v 4749.419922 171.276230 6997.192383
v 4686.927734 214.851883 6997.192383
v 4811.912598 204.884369 7059.684570
v 4874.404785 191.746277 6997.192383
v 4999.389648 197.175903 6997.192383
v 5124.374512 204.805099 6997.192383
v 5249.359375 209.184464 6997.192383
v 5374.343750 200.841888 6997.192383
v 5499.328613 198.662109 6997.192383
v 5624.313477 191.052719 6997.192383
v 5749.297852 179.381012 6997.192383
v 5874.282715 175.021469 6997.192383
v 5999.267578 183.899094 6997.192383
v 6124.252441 193.688263 6997.192383
v 6249.236816 174.585510 6997.192383
v 6311.729492 186.950775 7059.684570
v 6374.221680 176.368973 6997.192383
v 6311.729492 179.381012 6997.192383
v 6436.714355 151.380829 7059.684570
v 6499.206543 138.777771 6997.192383
v 6436.714355 147.556320 6997.192383
v 6561.698730 147.477051 7059.684570
v 6624.191406 179.420654 6997.192383
v 6624.191406 153.441711 7059.684570
v 6561.698730 139.332626 6997.192383
v 6686.683594 136.023331 7059.684570
v 6655.437500 137.608627 7028.438477
v 6749.175781 116.227028 7059.684570
v 6717.929688 183.978363 7028.438477
v 6749.175781 157.464386 6997.192383
v 6686.683594 190.042099 7028.438477
v 6671.060547 191.290512 7012.815430
v 6686.683594 177.062531 6997.192383
v 6655.437500 187.802872 6997.192383
v 6811.668457 93.260139 7059.684570
v 6780.422363 157.147324 7028.438477
v 6842.914551 90.466064 7090.930664
v 6842.914551 151.004333 7028.438477
v 6874.160645 128.691376 7059.684570
v 6842.914551 118.505882 7059.684570
v 6827.291504 156.493393 7044.061523
v 6874.160645 144.484818 6997.192383
v 6811.668457 143.989426 6997.192383
v 6811.668457 155.046814 7028.438477
v 6936.653320 163.290329 7059.684570
v 6905.406738 100.136330 7090.930664
v 6967.899414 104.892204 7090.930664
v 6999.145508 148.071533 6997.192383
v 6999.145508 156.433945 7059.684570
v 7061.637695 108.399658 7059.684570
v 7030.391602 162.933640 7028.438477
v 7124.130371 126.452148 7059.684570
v 7092.884277 181.540970 7028.438477
v 7124.130371 174.526062 6997.192383
v 7124.130371 186.792252 7028.438477
v 7061.637695 161.031281 6997.192383
v 7061.637695 170.344864 7028.438477
v 7186.622559 129.741623 7059.684570
v 7155.376465 189.031464 7028.438477
v 7249.114746 123.400467 6997.192383
v 7186.622559 171.315857 6997.192383
v 7311.607422 144.445190 7059.684570
v 7374.099609 154.809021 6997.192383
v 7311.607422 131.921402 6997.192383
v 7499.084473 162.953445 6997.192383
v 7624.069336 159.901764 6997.192383
v 7749.053711 152.668884 6997.192383
v 7811.546387 155.066635 7059.684570
v 7874.038574 189.051285 7059.684570
v 7842.792480 190.438416 7028.438477
v 7874.038574 129.741623 6997.192383
v 7811.546387 128.295044 6997.192383
v 7935.554688 189.982651 7059.684570
v 7904.796875 193.133408 7028.438477
v 7997.070313 189.209808 6997.192383
v 7935.554688 170.255692 6997.192383
v 3999.511719 173.178574 6872.207520
v 4124.496582 181.580612 6872.207520
v 4249.481445 182.036377 6872.207520
v 4374.465820 178.509109 6872.207520
v 4499.450684 179.242310 6872.207520
v 4561.942871 193.886429 6934.700195
v 4624.435547 180.847412 6872.207520
v 4561.942871 214.435745 6872.207520
v 4686.927734 184.235962 6934.700195
v 4749.419922 199.434937 6872.207520
v 4874.404785 211.463318 6872.207520
v 4999.389648 178.469482 6872.207520
v 5124.374512 151.678070 6872.207520
v 5186.866699 187.208389 6934.700195
v 5249.359375 150.033340 6872.207520
v 5186.866699 182.571411 6872.207520
v 5311.851563 160.734039 6934.700195
v 5374.343750 159.327103 6872.207520
v 5311.851563 133.189636 6872.207520
v 5436.836426 190.497864 6934.700195
v 5499.328613 188.595520 6872.207520
v 5436.836426 170.007996 6872.207520
v 5624.313477 186.039230 6872.207520
v 5749.297852 203.497238 6872.207520
v 5874.282715 201.693970 6872.207520
v 5999.267578 198.979172 6872.207520
v 6124.252441 156.671738 6872.207520
v 6249.236816 134.576752 6872.207520
v 6311.729492 135.745911 6934.700195
v 6342.975586 155.700745 6965.946289
v 6374.221680 203.417984 6872.207520
v 6374.221680 205.340149 6934.700195
v 6374.221680 150.647629 6965.946289
v 6311.729492 199.593460 6872.207520
v 6436.714355 208.728699 6934.700195
v 6405.467773 143.394928 6965.946289
v 6467.960449 144.821701 6965.946289
v 6436.714355 144.821701 6965.946289
v 6499.206543 205.082535 6872.207520
v 6499.206543 202.744232 6934.700195
v 6561.698730 195.669876 6934.700195
v 6530.452637 203.100922 6965.946289
v 6592.945313 198.345047 6965.946289
v 6561.698730 201.535446 6965.946289
v 6624.191406 178.449661 6872.207520
v 6624.191406 180.867233 6934.700195
v 6686.683594 180.629440 6934.700195
v 6655.437500 181.144653 6965.946289
v 6749.175781 196.561600 6872.207520
v 6686.683594 188.674774 6872.207520
v 6811.668457 167.649872 6934.700195
v 6874.160645 170.939346 6872.207520
v 6936.653320 142.384308 6934.700195
v 6999.145508 144.801880 6872.207520
v 6936.653320 165.133224 6872.207520
v 7061.637695 142.087067 6934.700195
v 7124.130371 146.288086 6872.207520
v 7186.622559 175.556503 6934.700195
v 7249.114746 187.565079 6872.207520
v 7249.114746 185.761810 6934.700195
v 7280.361328 129.622726 6965.946289
v 7280.361328 191.488663 6934.700195
v 7311.607422 130.534271 6934.700195
v 7280.361328 191.032898 6903.454102
v 7374.099609 130.217209 6872.207520
v 7311.607422 193.470276 6872.207520
v 7499.084473 162.477859 6872.207520
v 7624.069336 170.998795 6872.207520
v 7749.053711 171.712173 6872.207520
v 7811.546387 161.031281 6934.700195
v 7874.038574 162.676025 6872.207520
v 7935.554688 133.050919 6934.700195
v 7997.070313 134.457855 6872.207520
v 3999.511719 177.082352 6747.222656
v 4124.496582 170.998795 6747.222656
v 4249.481445 174.902573 6747.222656
v 4374.465820 179.856598 6747.222656
v 4499.450684 212.137070 6747.222656
v 4561.942871 209.045761 6809.715332
v 4624.435547 205.875183 6747.222656
v 4561.942871 197.215530 6747.222656
v 4749.419922 202.090302 6747.222656
v 4874.404785 178.390213 6747.222656
v 4936.897461 170.007996 6809.715332
v 4999.389648 191.072525 6747.222656
v 4936.897461 164.855804 6747.222656
v 5124.374512 219.449219 6747.222656
v 5186.866699 220.856171 6809.715332
v 5218.112793 219.429413 6840.961426
v 5249.359375 213.662918 6747.222656
v 5249.359375 213.425125 6809.715332
v 5311.851563 210.175278 6809.715332
v 5343.097656 145.277466 6840.961426
v 5374.343750 213.643097 6747.222656
v 5374.343750 218.081909 6809.715332
v 5436.836426 212.275787 6809.715332
v 5405.589844 158.574081 6840.961426
v 5468.082520 159.981033 6840.961426
v 5436.836426 157.028427 6840.961426
v 5499.328613 217.546875 6747.222656
v 5499.328613 154.551407 6809.715332
v 5561.820801 158.217392 6809.715332
v 5624.313477 208.035141 6747.222656
v 5624.313477 157.504013 6809.715332
v 5686.805664 162.695847 6809.715332
v 5749.297852 208.748520 6747.222656
v 5749.297852 164.479294 6809.715332
v 5686.805664 156.850082 6747.222656
v 5811.790527 167.511154 6809.715332
v 5780.544434 155.205353 6778.469238
v 5874.282715 172.346298 6809.715332
v 5843.036621 156.176331 6778.469238
v 5874.282715 216.437164 6747.222656
v 5874.282715 157.484207 6778.469238
v 5811.790527 217.051468 6747.222656
v 5811.790527 156.097076 6778.469238
v 5936.775391 158.970413 6809.715332
v 5905.529297 156.116882 6778.469238
v 5999.267578 209.778961 6747.222656
v 5999.267578 156.097076 6809.715332
v 5936.775391 215.208572 6747.222656
v 6061.759766 150.984512 6809.715332
v 6030.513672 215.545441 6778.469238
v 6124.252441 214.138504 6747.222656
v 6061.759766 209.996933 6747.222656
v 6186.744629 155.641296 6809.715332
v 6249.236816 209.996933 6747.222656
v 6249.236816 207.599182 6809.715332
v 6311.729492 201.812866 6809.715332
v 6280.483398 201.594894 6840.961426
v 6374.221680 209.937485 6747.222656
v 6499.206543 189.645767 6747.222656
v 6561.698730 186.851700 6809.715332
v 6624.191406 163.052536 6747.222656
v 6624.191406 197.869461 6809.715332
v 6686.683594 138.639069 6809.715332
v 6655.437500 196.918289 6840.961426
v 6749.175781 115.890152 6747.222656
v 6811.668457 160.199005 6809.715332
v 6874.160645 119.635399 6747.222656
v 6874.160645 136.578186 6809.715332
v 6905.406738 131.624161 6840.961426
v 6905.406738 109.489548 6809.715332
v 6936.653320 128.929169 6809.715332
v 6905.406738 126.234169 6778.469238
v 6921.030273 87.136955 6794.092285
v 6999.145508 173.218201 6809.715332
v 6967.899414 139.451523 6778.469238
v 6999.145508 158.772247 6747.222656
v 6936.653320 133.268890 6747.222656
v 6936.653320 104.594963 6778.469238
v 6967.899414 116.762062 6747.222656
v 7061.637695 149.260513 6809.715332
v 7124.130371 199.514206 6747.222656
v 7061.637695 195.868027 6747.222656
v 7249.114746 194.520538 6747.222656
v 7311.607422 189.903381 6809.715332
v 7342.853516 170.443939 6840.961426
v 7342.853516 193.549545 6778.469238
v 7374.099609 135.666641 6809.715332
v 7342.853516 195.808578 6809.715332
v 7374.099609 191.231064 6747.222656
v 7311.607422 192.360580 6747.222656
v 7436.592285 134.418228 6809.715332
v 7499.084473 130.197388 6747.222656
v 7624.069336 132.337540 6747.222656
v 7749.053711 134.695648 6747.222656
v 7874.038574 136.558365 6747.222656
v 7997.070313 193.608994 6747.222656
v 3999.511719 178.350586 6622.238281
v 4124.496582 178.291138 6622.238281
v 4249.481445 181.778763 6622.238281
v 4374.465820 184.235962 6622.238281
v 4436.958496 193.470276 6684.730469
v 4499.450684 203.338715 6622.238281
v 4499.450684 206.330948 6684.730469
v 4561.942871 195.808578 6684.730469
v 4530.696777 170.126892 6715.976563
v 4624.435547 202.070480 6622.238281
v 4749.419922 180.629440 6622.238281
v 4811.912598 188.397354 6684.730469
v 4874.404785 166.302368 6622.238281
v 4874.404785 161.447418 6684.730469
v 4936.897461 224.799576 6684.730469
v 4905.651367 154.472153 6715.976563
v 4999.389648 217.091110 6622.238281
v 5124.374512 217.427979 6622.238281
v 5249.359375 227.375671 6622.238281
v 5374.343750 232.884552 6622.238281
v 5499.328613 214.851883 6622.238281
v 5624.313477 212.057816 6622.238281
v 5686.805664 211.958725 6684.730469
v 5749.297852 197.294800 6622.238281
v 5811.790527 194.203476 6684.730469
v 5874.282715 221.411026 6622.238281
v 5936.775391 214.118683 6684.730469
v 5999.267578 226.979355 6684.730469
v 5968.021484 210.195099 6653.484375
v 5999.267578 187.248016 6653.484375
v 5983.644531 166.698700 6637.861328
v 5999.267578 196.284180 6622.238281
v 5936.775391 196.581421 6622.238281
v 5968.021484 172.920959 6622.238281
v 6061.759766 222.679245 6684.730469
v 6030.513672 169.988174 6653.484375
v 6124.252441 169.770203 6622.238281
v 6124.252441 224.304169 6684.730469
v 6061.759766 200.069046 6622.238281
v 6186.744629 214.415924 6684.730469
v 6155.498535 225.334610 6653.484375
v 6249.236816 225.671494 6622.238281
v 6186.744629 205.795914 6622.238281
v 6374.221680 218.319702 6622.238281
v 6499.206543 184.988983 6622.238281
v 6561.698730 145.000046 6684.730469
v 6624.191406 170.027802 6622.238281
v 6624.191406 115.830704 6684.730469
v 6686.683594 111.055016 6684.730469
v 6655.437500 147.794113 6653.484375
v 6749.175781 111.986374 6684.730469
v 6717.929688 153.560608 6653.484375
v 6749.175781 124.946121 6622.238281
v 6749.175781 160.139557 6653.484375
v 6686.683594 135.686462 6622.238281
v 6686.683594 161.705032 6653.484375
v 6811.668457 157.563461 6684.730469
v 6780.422363 159.763062 6653.484375
v 6874.160645 162.200439 6684.730469
v 6842.914551 118.585144 6653.484375
v 6874.160645 156.889709 6622.238281
v 6811.668457 143.157135 6622.238281
v 6811.668457 108.161865 6653.484375
v 6936.653320 137.945496 6684.730469
v 6967.899414 158.475006 6715.976563
v 6983.522461 122.270943 6731.599609
v 6999.145508 152.490540 6622.238281
v 6999.145508 151.955505 6684.730469
v 6999.145508 139.570419 6715.976563
v 7061.637695 158.237213 6684.730469
v 7030.391602 169.017181 6715.976563
v 7124.130371 147.853561 6622.238281
v 7186.622559 209.660049 6684.730469
v 7249.114746 215.624710 6622.238281
v 7311.607422 188.020844 6684.730469
v 7374.099609 199.553833 6622.238281
v 7436.592285 193.945877 6684.730469
v 7499.084473 192.043518 6622.238281
v 7499.084473 196.541779 6684.730469
v 7561.576660 178.509109 6684.730469
v 7624.069336 195.669876 6622.238281
v 7686.561523 194.025131 6684.730469
v 7749.053711 153.838028 6622.238281
v 7749.053711 196.462524 6684.730469
v 7811.546387 126.650307 6684.730469
v 7874.038574 182.630859 6622.238281
v 7997.070313 194.619614 6622.238281
v 3999.511719 187.049866 6497.253418
v 4124.496582 184.374680 6497.253418
v 4249.481445 185.405121 6497.253418
v 4374.465820 213.048615 6497.253418
v 4499.450684 181.065384 6497.253418
v 4624.435547 195.174469 6497.253418
v 4749.419922 190.299698 6497.253418
v 4811.912598 161.447418 6559.746094
v 4874.404785 223.253922 6497.253418
v 4811.912598 161.348343 6497.253418
v 4999.389648 222.817963 6497.253418
v 5124.374512 205.141983 6497.253418
v 5249.359375 197.671295 6497.253418
v 5374.343750 198.404495 6497.253418
v 5499.328613 191.845367 6497.253418
v 5624.313477 230.328278 6497.253418
v 5686.805664 215.446365 6559.746094
v 5749.297852 186.415741 6497.253418
v 5749.297852 225.176086 6559.746094
v 5811.790527 200.604095 6559.746094
v 5874.282715 200.544632 6497.253418
v 5874.282715 156.513214 6559.746094
v 5936.775391 192.301132 6559.746094
v 5905.529297 157.186951 6590.992188
v 5968.021484 191.250870 6590.992188
v 5999.267578 165.450287 6497.253418
v 5999.267578 166.262741 6559.746094
v 6061.759766 170.285416 6559.746094
v 6124.252441 167.471527 6497.253418
v 6186.744629 197.750565 6559.746094
v 6249.236816 141.631302 6497.253418
v 6311.729492 168.819031 6559.746094
v 6374.221680 191.409409 6497.253418
v 6374.221680 195.907669 6559.746094
v 6436.714355 208.035141 6559.746094
v 6405.467773 192.618195 6528.499512
v 6499.206543 192.023712 6497.253418
v 6436.714355 190.458237 6497.253418
v 6405.467773 154.491959 6497.253418
v 6561.698730 172.584091 6559.746094
v 6624.191406 154.630676 6497.253418
v 6561.698730 169.433319 6497.253418
v 6686.683594 137.430283 6559.746094
v 6749.175781 149.042526 6497.253418
v 6811.668457 117.792503 6559.746094
v 6874.160645 129.999237 6497.253418
v 6999.145508 126.154907 6497.253418
v 7061.637695 171.514023 6559.746094
v 7124.130371 124.529984 6497.253418
v 7124.130371 177.974075 6559.746094
v 7186.622559 133.922821 6559.746094
v 7155.376465 165.212494 6528.499512
v 7249.114746 125.282997 6497.253418
v 7186.622559 153.184097 6497.253418
v 7311.607422 206.251678 6559.746094
v 7374.099609 137.786972 6497.253418
v 7436.592285 214.079056 6559.746094
v 7499.084473 212.394684 6497.253418
v 7624.069336 191.607574 6497.253418
v 7749.053711 193.906235 6497.253418
v 7874.038574 196.403076 6497.253418
v 7997.070313 216.516434 6497.253418
v 3999.511719 186.158127 6372.268555
v 4124.496582 185.088058 6372.268555
v 4249.481445 201.059860 6372.268555
v 4374.465820 186.732803 6372.268555
v 4499.450684 197.492950 6372.268555
v 4624.435547 208.570175 6372.268555
v 4749.419922 167.293182 6372.268555
v 4811.912598 166.817596 6434.760742
v 4874.404785 197.572220 6372.268555
v 4811.912598 137.172668 6372.268555
v 4999.389648 210.888657 6372.268555
v 5061.881836 208.352188 6434.760742
v 5124.374512 189.289078 6372.268555
v 5061.881836 209.382629 6372.268555
v 5186.866699 197.671295 6434.760742
v 5249.359375 181.362625 6372.268555
v 5186.866699 180.887039 6372.268555
v 5374.343750 154.214539 6372.268555
v 5499.328613 195.194290 6372.268555
v 5561.820801 162.517502 6434.760742
v 5624.313477 208.887222 6434.760742
v 5593.067383 196.898468 6403.514648
v 5624.313477 157.662552 6372.268555
v 5561.820801 169.453140 6372.268555
v 5686.805664 202.308273 6434.760742
v 5749.297852 164.241501 6372.268555
v 5874.282715 171.058243 6372.268555
v 5999.267578 164.439667 6372.268555
v 6124.252441 162.656204 6372.268555
v 6249.236816 160.099930 6372.268555
v 6311.729492 148.111176 6434.760742
v 6374.221680 156.949158 6372.268555
v 6374.221680 154.828842 6434.760742
v 6436.714355 189.546692 6434.760742
v 6405.467773 190.696030 6466.007324
v 6499.206543 160.099930 6372.268555
v 6561.698730 149.260513 6434.760742
v 6592.945313 192.122787 6466.007324
v 6592.945313 189.764664 6403.514648
v 6624.191406 152.530167 6434.760742
v 6592.945313 191.627380 6434.760742
v 6624.191406 190.656387 6372.268555
v 6561.698730 172.782242 6372.268555
v 6686.683594 165.351196 6434.760742
v 6749.175781 151.777161 6372.268555
v 6874.160645 139.728958 6372.268555
v 6999.145508 134.259705 6372.268555
v 7124.130371 123.558990 6372.268555
v 7186.622559 143.791260 6434.760742
v 7249.114746 100.314682 6434.760742
v 7217.868652 92.903450 6403.514648
v 7249.114746 121.181061 6372.268555
v 7186.622559 136.835800 6372.268555
v 7311.607422 108.895058 6434.760742
v 7374.099609 141.631302 6372.268555
v 7499.084473 196.284180 6372.268555
v 7624.069336 200.722992 6372.268555
v 7749.053711 189.843933 6372.268555
v 7874.038574 200.822067 6372.268555
v 7997.070313 213.781815 6372.268555
v 3999.511719 169.631485 6247.284180
v 4062.004150 181.025757 6309.776367
v 4124.496582 213.880890 6309.776367
v 4093.250244 215.505814 6278.530273
v 4124.496582 180.134033 6247.284180
v 4062.004150 201.079681 6247.284180
v 4186.988770 215.426544 6309.776367
v 4249.481445 201.535446 6247.284180
v 4374.465820 204.250259 6247.284180
v 4499.450684 167.669693 6247.284180
v 4624.435547 167.352631 6247.284180
v 4686.927734 173.713608 6309.776367
v 4749.419922 161.189819 6247.284180
v 4749.419922 148.289520 6309.776367
v 4811.912598 139.887482 6309.776367
v 4780.666504 136.518738 6278.530273
v 4843.158691 142.106888 6341.022461
v 4843.158691 207.698257 6278.530273
v 4874.404785 195.372635 6309.776367
v 4843.158691 143.315674 6309.776367
v 4827.535645 139.075012 6294.153320
v 4874.404785 204.289886 6247.284180
v 4811.912598 166.441086 6247.284180
v 4811.912598 138.797592 6278.530273
v 4936.897461 194.778152 6309.776367
v 4999.389648 205.459045 6247.284180
v 5061.881836 182.472336 6309.776367
v 5093.127930 169.631485 6341.022461
v 5093.127930 195.967117 6278.530273
v 5124.374512 177.597565 6309.776367
v 5093.127930 206.390396 6309.776367
v 5124.374512 182.829025 6247.284180
v 5124.374512 207.401016 6341.022461
v 5108.751465 207.044327 6325.399414
v 5061.881836 207.301941 6247.284180
v 5186.866699 182.829025 6309.776367
v 5155.620605 173.673981 6341.022461
v 5249.359375 160.654785 6247.284180
v 5186.866699 182.868652 6247.284180
v 5374.343750 168.898285 6247.284180
v 5499.328613 157.999420 6247.284180
v 5561.820801 202.209198 6309.776367
v 5624.313477 167.986740 6247.284180
v 5749.297852 185.405121 6247.284180
v 5874.282715 169.591858 6247.284180
v 5999.267578 138.421082 6247.284180
v 6124.252441 125.263184 6247.284180
v 6249.236816 127.046631 6247.284180
v 6311.729492 185.841080 6309.776367
v 6374.221680 168.422699 6247.284180
v 6499.206543 150.310760 6247.284180
v 6561.698730 162.319336 6309.776367
v 6624.191406 156.731186 6247.284180
v 6749.175781 163.647018 6247.284180
v 6874.160645 147.774292 6247.284180
v 6936.653320 137.489731 6309.776367
v 6999.145508 143.058060 6247.284180
v 6999.145508 105.407425 6309.776367
v 7061.637695 124.411087 6309.776367
v 7124.130371 133.685028 6247.284180
v 7186.622559 151.578995 6309.776367
v 7249.114746 138.183289 6247.284180
v 7249.114746 163.171432 6309.776367
v 7311.607422 120.428047 6309.776367
v 7280.361328 169.730560 6278.530273
v 7374.099609 185.583466 6247.284180
v 7311.607422 178.390213 6247.284180
v 7436.592285 185.385300 6309.776367
v 7499.084473 164.082962 6247.284180
v 7436.592285 146.189011 6247.284180
v 7624.069336 184.711563 6247.284180
v 7749.053711 204.052094 6247.284180
v 7874.038574 186.970596 6247.284180
v 7997.070313 174.724228 6247.284180
v 3999.511719 207.579361 6122.299316
v 4062.004150 207.817154 6184.791504
v 4124.496582 202.783859 6122.299316
v 4249.481445 192.855988 6122.299316
v 4374.465820 150.786346 6122.299316
v 4436.958496 145.971024 6184.791504
v 4499.450684 155.126083 6122.299316
v 4436.958496 151.261932 6122.299316
v 4624.435547 209.343002 6122.299316
v 4686.927734 223.115204 6184.791504
v 4749.419922 215.723785 6122.299316
v 4811.912598 210.155457 6184.791504
v 4874.404785 216.159744 6122.299316
v 4999.389648 206.033707 6122.299316
v 5061.881836 204.923996 6184.791504
v 5124.374512 129.365112 6184.791504
v 5093.127930 167.015762 6153.545410
v 5124.374512 160.595337 6122.299316
v 5124.374512 110.361458 6153.545410
v 5061.881836 193.113586 6122.299316
v 5155.620605 169.750381 6216.037598
v 5155.620605 113.076263 6184.791504
v 5186.866699 162.993088 6184.791504
v 5155.620605 110.183105 6153.545410
v 5249.359375 164.974701 6184.791504
v 5218.112793 161.923004 6153.545410
v 5249.359375 156.592468 6122.299316
v 5186.866699 159.822510 6122.299316
v 5186.866699 127.819458 6153.545410
v 5311.851563 166.143845 6184.791504
v 5374.343750 196.660675 6122.299316
v 5499.328613 172.286850 6122.299316
v 5624.313477 164.241501 6122.299316
v 5749.297852 165.985321 6122.299316
v 5874.282715 158.593903 6122.299316
v 5999.267578 141.215164 6122.299316
v 6061.759766 150.528732 6184.791504
v 6124.252441 127.522217 6122.299316
v 6061.759766 177.161606 6122.299316
v 6249.236816 117.237648 6122.299316
v 6374.221680 182.690308 6122.299316
v 6499.206543 152.609436 6122.299316
v 6624.191406 129.721802 6122.299316
v 6749.175781 133.784119 6122.299316
v 6874.160645 138.539978 6122.299316
v 6999.145508 160.753860 6122.299316
v 7124.130371 135.111801 6122.299316
v 7249.114746 146.664597 6122.299316
v 7311.607422 158.058868 6184.791504
v 7374.099609 144.385742 6122.299316
v 7374.099609 160.971832 6184.791504
v 7436.592285 158.534454 6184.791504
v 7405.345703 182.789398 6216.037598
v 7467.838379 185.167328 6216.037598
v 7436.592285 187.446182 6216.037598
v 7499.084473 159.247833 6122.299316
v 7499.084473 156.493393 6184.791504
v 7561.576660 184.850266 6184.791504
v 7624.069336 157.028427 6122.299316
v 7686.561523 169.770203 6184.791504
v 7749.053711 186.138321 6184.791504
v 7717.807617 165.371017 6153.545410
v 7749.053711 179.816971 6122.299316
v 7749.053711 148.923630 6153.545410
v 7686.561523 155.879089 6122.299316
v 7811.546387 207.678452 6184.791504
v 7780.300293 178.945068 6153.545410
v 7874.038574 188.020844 6122.299316
v 7811.546387 169.254974 6122.299316
v 7997.070313 191.746277 6122.299316
v 3999.511719 172.663345 5997.314453
v 4124.496582 205.042892 5997.314453
v 4249.481445 164.340576 5997.314453
v 4311.973633 162.160812 6059.806641
v 4374.465820 214.277222 5997.314453
v 4374.465820 175.893387 6059.806641
v 4311.973633 149.993698 5997.314453
v 4436.958496 218.616943 6059.806641
v 4405.711914 146.367355 6091.052734
v 4499.450684 218.815109 5997.314453
v 4436.958496 219.746460 5997.314453
v 4624.435547 216.120117 5997.314453
v 4749.419922 210.076202 5997.314453
v 4874.404785 213.801620 5997.314453
v 4936.897461 232.250443 6059.806641
v 4999.389648 209.580795 5997.314453
v 4999.389648 194.163849 6059.806641
v 5061.881836 207.222672 6059.806641
v 5030.635742 170.285416 6091.052734
v 5030.635742 167.610245 6028.560547
v 5124.374512 185.187149 5997.314453
v 5061.881836 200.841888 5997.314453
v 5186.866699 161.427612 6059.806641
v 5249.359375 165.569183 5997.314453
v 5374.343750 182.710129 5997.314453
v 5499.328613 163.864990 5997.314453
v 5624.313477 144.920776 5997.314453
v 5749.297852 153.065201 5997.314453
v 5874.282715 151.935684 5997.314453
v 5999.267578 121.141426 5997.314453
v 6061.759766 147.060913 6059.806641
v 6093.006348 177.439041 6091.052734
v 6124.252441 160.813309 5997.314453
v 6124.252441 148.111176 6059.806641
v 6186.744629 138.678696 6059.806641
v 6249.236816 149.656830 5997.314453
v 6374.221680 150.528732 5997.314453
v 6499.206543 139.055206 5997.314453
v 6624.191406 128.988617 5997.314453
v 6749.175781 155.165710 5997.314453
v 6874.160645 155.799835 5997.314453
v 6999.145508 155.601669 5997.314453
v 7124.130371 162.477859 5997.314453
v 7249.114746 169.928726 5997.314453
v 7374.099609 165.985321 5997.314453
v 7499.084473 163.528122 5997.314453
v 7624.069336 164.459473 5997.314453
v 7686.561523 149.637009 6059.806641
v 7749.053711 148.111176 5997.314453
v 7749.053711 160.020660 6059.806641
v 7811.546387 186.613907 6059.806641
v 7780.300293 155.542221 6028.560547
v 7874.038574 156.097076 6059.806641
v 7842.792480 156.651917 6028.560547
v 7874.038574 175.120544 5997.314453
v 7811.546387 158.098495 5997.314453
v 7811.546387 137.212311 6028.560547
v 7935.554688 187.198486 6059.806641
v 7997.070313 199.355667 5997.314453
v 7935.554688 155.938538 5997.314453
v 3999.511719 194.520538 5872.329590
v 4124.496582 185.662735 5872.329590
v 4249.481445 155.700745 5872.329590
v 4311.973633 158.197586 5934.822266
v 4374.465820 156.394318 5872.329590
v 4374.465820 161.070923 5934.822266
v 4405.711914 219.429413 5966.068359
v 4405.711914 153.738953 5934.822266
v 4436.958496 217.784668 5934.822266
v 4405.711914 148.765106 5903.576172
v 4499.450684 216.873123 5872.329590
v 4436.958496 207.460464 5872.329590
v 4561.942871 158.316483 5934.822266
v 4624.435547 185.088058 5872.329590
v 4561.942871 153.738953 5872.329590
v 4749.419922 211.106628 5872.329590
v 4874.404785 207.936050 5872.329590
v 4999.389648 206.945251 5872.329590
v 5061.881836 207.559555 5934.822266
v 5124.374512 158.574081 5872.329590
v 5249.359375 186.752609 5872.329590
v 5374.343750 168.501968 5872.329590
v 5499.328613 174.308090 5872.329590
v 5624.313477 159.584702 5872.329590
v 5686.805664 193.589172 5934.822266
v 5749.297852 192.459656 5872.329590
v 5811.790527 167.412079 5934.822266
v 5874.282715 158.514633 5872.329590
v 5811.790527 192.301132 5872.329590
v 5936.775391 167.293182 5934.822266
v 5999.267578 156.394318 5872.329590
v 5936.775391 197.235352 5872.329590
v 6124.252441 159.941406 5872.329590
v 6186.744629 134.537125 5934.822266
v 6249.236816 155.403503 5872.329590
v 6186.744629 189.130554 5872.329590
v 6374.221680 179.856598 5872.329590
v 6499.206543 160.952026 5872.329590
v 6624.191406 155.641296 5872.329590
v 6686.683594 144.583908 5934.822266
v 6749.175781 157.642731 5872.329590
v 6686.683594 155.819641 5872.329590
v 6874.160645 175.338531 5872.329590
v 6999.145508 160.416992 5872.329590
v 7124.130371 165.153046 5872.329590
v 7249.114746 157.583282 5872.329590
v 7374.099609 177.538116 5872.329590
v 7499.084473 176.051910 5872.329590
v 7624.069336 182.373245 5872.329590
v 7749.053711 176.032089 5872.329590
v 7811.546387 141.670929 5934.822266
v 7874.038574 159.525253 5872.329590
v 7935.554688 145.218018 5934.822266
v 7997.070313 179.916046 5872.329590
v 7935.554688 142.235687 5872.329590
v 3999.511719 194.778152 5747.344727
v 4124.496582 155.106262 5747.344727
v 4249.481445 153.639877 5747.344727
v 4374.465820 155.304428 5747.344727
v 4436.958496 150.865616 5809.837402
v 4499.450684 148.170624 5747.344727
v 4561.942871 150.984512 5809.837402
v 4624.435547 168.521774 5747.344727
v 4749.419922 207.936050 5747.344727
v 4874.404785 209.778961 5747.344727
v 4999.389648 195.313187 5747.344727
v 5124.374512 152.232925 5747.344727
v 5249.359375 197.175903 5747.344727
v 5311.851563 196.105835 5809.837402
v 5374.343750 210.393250 5747.344727
v 5374.343750 172.088684 5809.837402
v 5436.836426 189.526871 5809.837402
v 5405.589844 160.971832 5778.590820
v 5499.328613 194.679062 5747.344727
v 5436.836426 154.511780 5747.344727
v 5624.313477 194.639435 5747.344727
v 5686.805664 173.317276 5809.837402
v 5749.297852 194.897049 5747.344727
v 5749.297852 167.154465 5809.837402
v 5686.805664 151.618622 5747.344727
v 5780.544434 193.430649 5841.083496
v 5780.544434 164.776535 5809.837402
v 5811.790527 183.463135 5809.837402
v 5780.544434 186.395920 5778.590820
v 5796.167480 145.435989 5794.214355
v 5874.282715 178.905426 5809.837402
v 5843.036621 151.143036 5778.590820
v 5874.282715 186.772430 5747.344727
v 5874.282715 149.815353 5778.590820
v 5811.790527 170.978973 5747.344727
v 5811.790527 152.114029 5778.590820
v 5936.775391 152.312195 5809.837402
v 5905.529297 196.066193 5841.083496
v 5905.529297 153.600235 5778.590820
v 5968.021484 192.439850 5841.083496
v 5999.267578 146.704224 5747.344727
v 5999.267578 192.717270 5809.837402
v 5936.775391 178.330765 5747.344727
v 6061.759766 168.799210 5809.837402
v 6124.252441 146.129562 5747.344727
v 6124.252441 187.565079 5809.837402
v 6061.759766 180.510544 5747.344727
v 6186.744629 154.571228 5809.837402
v 6155.498535 193.648621 5841.083496
v 6217.990723 192.043518 5841.083496
v 6249.236816 174.922394 5747.344727
v 6249.236816 180.252930 5809.837402
v 6186.744629 163.151611 5747.344727
v 6311.729492 180.629440 5809.837402
v 6374.221680 153.560608 5747.344727
v 6374.221680 154.075821 5809.837402
v 6436.714355 139.510971 5809.837402
v 6405.467773 136.518738 5778.590820
v 6499.206543 153.184097 5747.344727
v 6436.714355 141.611481 5747.344727
v 6405.467773 108.320396 5747.344727
v 6561.698730 172.385925 5809.837402
v 6624.191406 140.898102 5747.344727
v 6624.191406 164.538742 5809.837402
v 6561.698730 108.696899 5747.344727
v 6686.683594 145.376541 5809.837402
v 6655.437500 186.712982 5841.083496
v 6655.437500 178.964874 5778.590820
v 6749.175781 143.256226 5747.344727
v 6686.683594 145.376541 5747.344727
v 6874.160645 183.720749 5747.344727
v 6999.145508 153.877670 5747.344727
v 7124.130371 136.796158 5747.344727
v 7249.114746 142.701370 5747.344727
v 7374.099609 163.706467 5747.344727
v 7499.084473 165.489914 5747.344727
v 7624.069336 162.576950 5747.344727
v 7749.053711 140.501785 5747.344727
v 7874.038574 158.217392 5747.344727
v 7935.554688 181.154572 5809.837402
v 7966.312500 139.278137 5841.083496
v 7997.070313 170.860077 5747.344727
v 7997.070313 158.534454 5809.837402
v 3999.511719 152.114029 5622.360352
v 4124.496582 154.095642 5622.360352
v 4186.988770 153.976746 5684.852539
v 4249.481445 207.817154 5622.360352
v 4249.481445 146.525879 5684.852539
v 4186.988770 147.754486 5622.360352
v 4311.973633 147.615768 5684.852539
v 4374.465820 147.695038 5622.360352
v 4499.450684 143.394928 5622.360352
v 4561.942871 177.993896 5684.852539
v 4624.435547 153.600235 5684.852539
v 4593.189453 147.080734 5653.606445
v 4624.435547 211.384064 5622.360352
v 4561.942871 148.130981 5622.360352
v 4686.927734 209.977112 5684.852539
v 4749.419922 203.655777 5622.360352
v 4874.404785 220.380585 5622.360352
v 4999.389648 222.223480 5622.360352
v 5124.374512 190.160995 5622.360352
v 5249.359375 209.580795 5622.360352
v 5374.343750 212.909897 5622.360352
v 5436.836426 225.691299 5684.852539
v 5499.328613 224.046570 5622.360352
v 5561.820801 165.470093 5684.852539
v 5624.313477 191.449036 5622.360352
v 5686.805664 150.271133 5684.852539
v 5749.297852 191.865173 5622.360352
v 5811.790527 193.628815 5684.852539
v 5874.282715 200.881516 5622.360352
v 5936.775391 201.456177 5684.852539
v 5999.267578 217.467606 5622.360352
v 5999.267578 192.875793 5684.852539
v 6061.759766 183.383881 5684.852539
v 6030.513672 146.070114 5716.098633
v 6093.006348 163.647018 5716.098633
v 6061.759766 146.268280 5716.098633
v 6124.252441 199.514206 5622.360352
v 6124.252441 190.299698 5684.852539
v 6186.744629 159.822510 5684.852539
v 6155.498535 187.882141 5716.098633
v 6249.236816 166.421265 5622.360352
v 6186.744629 141.928543 5622.360352
v 6311.729492 139.015564 5684.852539
v 6374.221680 153.639877 5622.360352
v 6374.221680 167.233734 5684.852539
v 6436.714355 165.192673 5684.852539
v 6405.467773 129.266037 5716.098633
v 6499.206543 168.799210 5622.360352
v 6499.206543 149.438858 5684.852539
v 6561.698730 155.502594 5684.852539
v 6530.452637 109.568810 5716.098633
v 6624.191406 174.030670 5622.360352
v 6686.683594 137.905869 5684.852539
v 6749.175781 186.336472 5684.852539
v 6717.929688 185.206955 5653.606445
v 6749.175781 146.109741 5622.360352
v 6686.683594 179.698074 5622.360352
v 6811.668457 184.315231 5684.852539
v 6874.160645 163.052536 5622.360352
v 6999.145508 180.887039 5622.360352
v 7124.130371 162.240067 5622.360352
v 7249.114746 156.315048 5622.360352
v 7374.099609 154.531601 5622.360352
v 7499.084473 136.498917 5622.360352
v 7624.069336 158.296661 5622.360352
v 7749.053711 127.066444 5622.360352
v 7874.038574 150.350388 5622.360352
v 7997.070313 148.507492 5622.360352
v 3999.511719 168.085831 5497.375488
v 4124.496582 139.986557 5497.375488
v 4186.988770 145.713425 5559.868164
v 4249.481445 202.843307 5497.375488
v 4311.973633 204.923996 5559.868164
v 4374.465820 204.329514 5497.375488
v 4374.465820 142.483398 5559.868164
v 4436.958496 147.060913 5559.868164
v 4499.450684 139.193909 5497.375488
v 4436.958496 125.798218 5497.375488
v 4561.942871 141.750198 5559.868164
v 4624.435547 207.222672 5497.375488
v 4749.419922 203.933197 5497.375488
v 4874.404785 201.991211 5497.375488
v 4999.389648 200.009598 5497.375488
v 5124.374512 217.566696 5497.375488
v 5249.359375 217.923386 5497.375488
v 5374.343750 220.122971 5497.375488
v 5499.328613 199.216965 5497.375488
v 5624.313477 208.788147 5497.375488
v 5749.297852 207.143402 5497.375488
v 5874.282715 200.366287 5497.375488
v 5999.267578 202.526245 5497.375488
v 6124.252441 190.795105 5497.375488
v 6186.744629 148.269699 5559.868164
v 6249.236816 187.406555 5497.375488
v 6186.744629 175.873566 5497.375488
v 6311.729492 186.138321 5559.868164
v 6374.221680 149.597382 5497.375488
v 6311.729492 172.247208 5497.375488
v 6499.206543 147.179810 5497.375488
v 6624.191406 160.912384 5497.375488
v 6686.683594 171.613098 5559.868164
v 6749.175781 185.325851 5497.375488
v 6811.668457 142.364502 5559.868164
v 6874.160645 184.553024 5497.375488
v 6874.160645 184.335052 5559.868164
v 6811.668457 181.778763 5497.375488
v 6936.653320 150.548553 5559.868164
v 6905.406738 173.792877 5528.621582
v 6999.145508 156.968979 5559.868164
v 6967.899414 186.059052 5528.621582
v 6999.145508 178.588379 5497.375488
v 6936.653320 146.644775 5497.375488
v 6936.653320 185.246597 5528.621582
v 7061.637695 178.766724 5559.868164
v 7124.130371 155.502594 5497.375488
v 7249.114746 186.257217 5497.375488
v 7311.607422 189.447617 5559.868164
v 7374.099609 152.252747 5559.868164
v 7342.853516 170.860077 5528.621582
v 7374.099609 166.024948 5528.621582
v 7358.476563 145.515259 5512.998535
v 7374.099609 169.274796 5497.375488
v 7311.607422 170.741180 5497.375488
v 7342.853516 173.099304 5497.375488
v 7358.476563 137.251938 5497.375488
v 7436.592285 147.457245 5559.868164
v 7405.345703 183.245163 5528.621582
v 7499.084473 186.177948 5559.868164
v 7467.838379 178.172241 5528.621582
v 7499.084473 138.956116 5497.375488
v 7436.592285 171.355484 5497.375488
v 7561.576660 184.592651 5559.868164
v 7624.069336 175.774490 5497.375488
v 7686.561523 156.988800 5559.868164
v 7749.053711 151.618622 5497.375488
v 7749.053711 138.579620 5559.868164
v 7686.561523 167.947113 5497.375488
v 7811.546387 144.484818 5559.868164
v 7780.300293 181.560791 5528.621582
v 7874.038574 173.792877 5559.868164
v 7842.792480 181.897659 5528.621582
v 7874.038574 175.893387 5497.375488
v 7811.546387 148.031906 5497.375488
v 7811.546387 180.669067 5528.621582
v 7935.554688 173.406464 5559.868164
v 7997.070313 138.361633 5559.868164
v 7966.312500 134.249786 5528.621582
v 7997.070313 179.163040 5497.375488
v 7935.554688 150.390030 5497.375488
v 3999.511719 136.716904 5372.390625
v 4124.496582 135.567566 5372.390625
v 4186.988770 155.562042 5434.882813
v 4249.481445 193.569366 5372.390625
v 4186.988770 196.105835 5372.390625
v 4311.973633 199.335861 5434.882813
v 4374.465820 193.410828 5372.390625
v 4374.465820 198.265778 5434.882813
v 4436.958496 164.241501 5434.882813
v 4405.711914 131.723236 5466.129395
v 4499.450684 200.029419 5372.390625
v 4624.435547 201.317474 5372.390625
v 4749.419922 198.840454 5372.390625
v 4874.404785 197.671295 5372.390625
v 4999.389648 201.099487 5372.390625
v 5124.374512 194.599808 5372.390625
v 5249.359375 190.101547 5372.390625
v 5374.343750 198.107254 5372.390625
v 5499.328613 201.258026 5372.390625
v 5624.313477 207.619003 5372.390625
v 5749.297852 207.500107 5372.390625
v 5874.282715 218.398972 5372.390625
v 5999.267578 217.011841 5372.390625
v 6124.252441 214.990601 5372.390625
v 6186.744629 188.872940 5434.882813
v 6217.990723 156.037628 5466.129395
v 6249.236816 192.796539 5372.390625
v 6249.236816 171.514023 5434.882813
v 6249.236816 142.463577 5466.129395
v 6311.729492 185.761810 5434.882813
v 6280.483398 145.495438 5466.129395
v 6374.221680 201.317474 5372.390625
v 6436.714355 209.085388 5434.882813
v 6499.206543 186.336472 5372.390625
v 6499.206543 210.591415 5434.882813
v 6561.698730 197.889282 5434.882813
v 6624.191406 202.367722 5372.390625
v 6686.683594 138.242737 5434.882813
v 6749.175781 182.987549 5372.390625
v 6749.175781 164.439667 5434.882813
v 6811.668457 153.540787 5434.882813
v 6780.422363 142.562653 5403.636719
v 6842.914551 173.257828 5466.129395
v 6842.914551 138.718323 5403.636719
v 6874.160645 144.603714 5434.882813
v 6842.914551 184.751190 5434.882813
v 6827.291504 184.731369 5419.259766
v 6874.160645 168.937927 5372.390625
v 6811.668457 182.789398 5372.390625
v 6811.668457 181.560791 5403.636719
v 6936.653320 159.445999 5434.882813
v 6999.145508 182.432709 5434.882813
v 6967.899414 151.222305 5403.636719
v 6999.145508 184.612473 5372.390625
v 6999.145508 150.112595 5403.636719
v 6936.653320 141.274612 5372.390625
v 7061.637695 179.935867 5434.882813
v 7030.391602 183.086639 5403.636719
v 7124.130371 139.709137 5372.390625
v 7061.637695 153.877670 5372.390625
v 7186.622559 151.361023 5434.882813
v 7249.114746 135.488297 5372.390625
v 7186.622559 158.356110 5372.390625
v 7311.607422 151.162857 5434.882813
v 7342.853516 175.100739 5466.129395
v 7358.476563 153.263367 5481.752441
v 7374.099609 133.328339 5372.390625
v 7374.099609 175.992462 5434.882813
v 7374.099609 183.681122 5466.129395
v 7436.592285 159.703598 5434.882813
v 7405.345703 179.163040 5466.129395
v 7499.084473 147.952637 5372.390625
v 7561.576660 133.863373 5434.882813
v 7624.069336 160.872757 5434.882813
v 7592.823242 175.338531 5403.636719
v 7624.069336 144.544266 5372.390625
v 7561.576660 183.146088 5372.390625
v 7655.315430 142.740997 5466.129395
v 7655.315430 176.527496 5434.882813
v 7686.561523 146.961838 5434.882813
v 7670.938477 177.974075 5450.505859
v 7655.315430 138.004944 5403.636719
v 7717.807617 163.547928 5466.129395
v 7686.561523 139.808212 5466.129395
v 7749.053711 182.373245 5372.390625
v 7749.053711 147.873383 5434.882813
v 7686.561523 165.133224 5372.390625
v 7811.546387 136.498917 5434.882813
v 7874.038574 138.797592 5372.390625
v 7874.038574 136.082779 5434.882813
v 7935.554688 178.816254 5434.882813
v 7904.796875 139.367310 5466.129395
v 7997.070313 134.537125 5372.390625
v 3999.511719 133.110367 5247.406250
v 4062.004150 147.001465 5309.898438
v 4124.496582 183.324432 5247.406250
v 4124.496582 196.006744 5309.898438
v 4062.004150 194.401642 5247.406250
v 4186.988770 194.322372 5309.898438
v 4155.742676 198.146881 5341.144531
v 4249.481445 185.979782 5247.406250
v 4374.465820 196.680496 5247.406250
v 4499.450684 192.043518 5247.406250
v 4624.435547 193.291931 5247.406250
v 4749.419922 190.141174 5247.406250
v 4874.404785 188.991837 5247.406250
v 4999.389648 191.092346 5247.406250
v 5124.374512 192.955063 5247.406250
v 5249.359375 183.066818 5247.406250
v 5374.343750 188.575699 5247.406250
v 5499.328613 193.926056 5247.406250
v 5624.313477 203.655777 5247.406250
v 5749.297852 204.369156 5247.406250
v 5874.282715 216.496628 5247.406250
v 5999.267578 196.541779 5247.406250
v 6124.252441 200.009598 5247.406250
v 6249.236816 187.743423 5247.406250
v 6374.221680 208.986313 5247.406250
v 6499.206543 175.833939 5247.406250
v 6624.191406 189.209808 5247.406250
v 6749.175781 159.426178 5247.406250
v 6811.668457 143.850708 5309.898438
v 6874.160645 179.678253 5247.406250
v 6874.160645 152.431091 5309.898438
v 6936.653320 150.707092 5309.898438
v 6905.406738 180.787964 5341.144531
v 6967.899414 181.957108 5341.144531
v 6936.653320 184.949356 5341.144531
v 6999.145508 185.761810 5247.406250
v 6999.145508 168.402878 5309.898438
v 7061.637695 161.843750 5309.898438
v 7124.130371 173.475815 5247.406250
v 7186.622559 141.948364 5309.898438
v 7217.868652 185.900528 5341.144531
v 7249.114746 162.794922 5247.406250
v 7249.114746 184.097260 5309.898438
v 7311.607422 166.520355 5309.898438
v 7374.099609 176.150986 5247.406250
v 7499.084473 182.630859 5247.406250
v 7561.576660 135.944077 5309.898438
v 7624.069336 164.241501 5247.406250
v 7686.561523 176.904007 5309.898438
v 7749.053711 177.062531 5247.406250
v 7874.038574 173.119125 5247.406250
v 7997.070313 154.095642 5247.406250
v 3999.511719 185.801437 5122.421387
v 3999.511719 187.723602 5184.913574
v 3999.511719 193.807159 5216.160156
v 4062.004150 187.485809 5184.913574
v 4030.757813 192.479477 5216.160156
v 4124.496582 190.636581 5122.421387
v 4249.481445 185.900528 5122.421387
v 4374.465820 183.899094 5122.421387
v 4499.450684 176.428421 5122.421387
v 4624.435547 199.078247 5122.421387
v 4749.419922 182.729950 5122.421387
v 4874.404785 195.332993 5122.421387
v 4999.389648 205.003265 5122.421387
v 5124.374512 210.512146 5122.421387
v 5249.359375 200.921143 5122.421387
v 5374.343750 196.403076 5122.421387
v 5499.328613 195.273544 5122.421387
v 5624.313477 201.218384 5122.421387
v 5749.297852 213.108063 5122.421387
v 5874.282715 191.231064 5122.421387
v 5936.775391 163.092163 5184.913574
v 5999.267578 155.462952 5122.421387
v 5999.267578 138.559799 5184.913574
v 6061.759766 122.706902 5184.913574
v 6124.252441 185.405121 5122.421387
v 6061.759766 127.066444 5122.421387
v 6249.236816 207.242493 5122.421387
v 6311.729492 166.242920 5184.913574
v 6374.221680 189.566513 5122.421387
v 6499.206543 177.478668 5122.421387
v 6561.698730 171.712173 5184.913574
v 6624.191406 135.686462 5184.913574
v 6592.945313 135.409042 5153.667480
v 6624.191406 170.562836 5122.421387
v 6561.698730 140.442337 5122.421387
v 6686.683594 179.896240 5184.913574
v 6749.175781 180.470901 5122.421387
v 6874.160645 157.048248 5122.421387
v 6999.145508 156.473572 5122.421387
v 7124.130371 184.632294 5122.421387
v 7249.114746 175.853745 5122.421387
v 7374.099609 150.271133 5122.421387
v 7499.084473 143.850708 5122.421387
v 7624.069336 157.147324 5122.421387
v 7686.561523 153.937119 5184.913574
v 7749.053711 183.245163 5122.421387
v 7749.053711 146.010666 5184.913574
v 7686.561523 151.202484 5122.421387
v 7811.546387 181.342819 5184.913574
v 7874.038574 176.448227 5122.421387
v 7811.546387 159.604523 5122.421387
v 7935.554688 180.381729 5184.913574
v 7997.070313 137.271759 5184.913574
v 7966.312500 181.813446 5153.667480
v 7997.070313 139.154282 5122.421387
v 7997.070313 182.829025 5153.667480
v 7935.554688 183.443329 5122.421387
v 3999.511719 184.196335 4997.436523
v 4124.496582 190.359146 4997.436523
v 4249.481445 196.482330 4997.436523
v 4374.465820 207.559555 4997.436523
v 4499.450684 179.797150 4997.436523
v 4624.435547 181.897659 4997.436523
v 4686.927734 142.146515 5059.928711
v 4749.419922 141.809647 4997.436523
v 4874.404785 183.007370 4997.436523
v 4999.389648 154.273987 4997.436523
v 5124.374512 177.974075 4997.436523
v 5249.359375 203.259445 4997.436523
v 5374.343750 212.097443 4997.436523
v 5499.328613 195.927475 4997.436523
v 5624.313477 200.604095 4997.436523
v 5749.297852 189.011658 4997.436523
v 5874.282715 188.555878 4997.436523
v 5936.775391 212.216339 5059.928711
v 5999.267578 195.313187 4997.436523
v 6061.759766 173.852325 5059.928711
v 6124.252441 176.705841 4997.436523
v 6249.236816 196.482330 4997.436523
v 6374.221680 198.325241 4997.436523
v 6436.714355 188.278458 5059.928711
v 6499.206543 143.870529 5059.928711
v 6467.960449 141.928543 5028.682617
v 6499.206543 182.591232 4997.436523
v 6436.714355 157.365295 4997.436523
v 6561.698730 174.288269 5059.928711
v 6530.452637 137.291565 5091.174805
v 6624.191406 147.298706 4997.436523
v 6749.175781 153.005753 4997.436523
v 6874.160645 135.726089 4997.436523
v 6999.145508 156.691559 4997.436523
v 7124.130371 187.049866 4997.436523
v 7186.622559 168.244354 5059.928711
v 7249.114746 155.403503 4997.436523
v 7249.114746 169.790009 5059.928711
v 7186.622559 183.066818 4997.436523
v 7311.607422 147.635590 5059.928711
v 7280.361328 185.623093 5028.682617
v 7374.099609 146.525879 5059.928711
v 7342.853516 183.482956 5028.682617
v 7374.099609 143.771439 4997.436523
v 7311.607422 148.448044 4997.436523
v 7311.607422 186.495010 5028.682617
v 7436.592285 152.946304 5059.928711
v 7499.084473 185.167328 4997.436523
v 7499.084473 149.736099 5059.928711
v 7436.592285 141.690750 4997.436523
v 7561.576660 151.955505 5059.928711
v 7530.330566 183.661301 5028.682617
v 7624.069336 179.777344 5059.928711
v 7592.823242 176.507675 5028.682617
v 7624.069336 161.605957 5028.682617
v 7608.446289 140.699936 5013.059570
v 7624.069336 172.247208 4997.436523
v 7561.576660 145.138748 4997.436523
v 7561.576660 182.214722 5028.682617
v 7592.823242 149.537933 4997.436523
v 7655.315430 149.498306 5091.174805
v 7655.315430 180.054764 5059.928711
v 7686.561523 148.765106 5059.928711
v 7670.938477 182.571411 5075.551758
v 7655.315430 165.767334 5028.682617
v 7717.807617 178.291138 5091.174805
v 7686.561523 181.283371 5091.174805
v 7749.053711 162.854370 4997.436523
v 7749.053711 183.284790 5059.928711
v 7749.053711 148.071533 5091.174805
v 7686.561523 182.749756 4997.436523
v 7811.546387 137.509552 5059.928711
v 7780.300293 137.053772 5091.174805
v 7874.038574 139.946930 4997.436523
v 7811.546387 176.527496 4997.436523
v 7935.554688 176.259979 5059.928711
v 7997.070313 157.860703 4997.436523
v 3999.511719 135.428848 4872.451660
v 4062.004150 205.577942 4934.944336
v 4124.496582 165.628632 4872.451660
v 4124.496582 179.361206 4934.944336
v 4186.988770 172.603897 4934.944336
v 4155.742676 131.961029 4903.698242
v 4249.481445 144.900955 4872.451660
v 4186.988770 138.004944 4872.451660
v 4374.465820 174.545883 4872.451660
v 4436.958496 201.832687 4934.944336
v 4499.450684 186.039230 4872.451660
v 4436.958496 183.304611 4872.451660
v 4561.942871 183.819824 4934.944336
v 4624.435547 199.137695 4872.451660
v 4561.942871 183.185715 4872.451660
v 4749.419922 183.463135 4872.451660
v 4811.912598 133.863373 4934.944336
v 4874.404785 168.838837 4872.451660
v 4874.404785 145.693604 4934.944336
v 4936.897461 179.281937 4934.944336
v 4905.651367 134.636200 4903.698242
v 4999.389648 134.814560 4872.451660
v 4936.897461 140.085648 4872.451660
v 5124.374512 148.329147 4872.451660
v 5249.359375 155.443146 4872.451660
v 5374.343750 211.265167 4872.451660
v 5499.328613 177.538116 4872.451660
v 5624.313477 177.676834 4872.451660
v 5749.297852 189.903381 4872.451660
v 5874.282715 190.814926 4872.451660
v 5999.267578 187.644348 4872.451660
v 6124.252441 191.825546 4872.451660
v 6249.236816 208.570175 4872.451660
v 6311.729492 197.413696 4934.944336
v 6374.221680 176.091537 4872.451660
v 6374.221680 177.141800 4934.944336
v 6405.467773 179.004517 4966.190430
v 6405.467773 134.933456 4934.944336
v 6436.714355 164.717087 4934.944336
v 6405.467773 132.832947 4903.698242
v 6499.206543 140.422516 4872.451660
v 6499.206543 168.759567 4934.944336
v 6436.714355 166.758148 4872.451660
v 6405.467773 128.909348 4872.451660
v 6561.698730 154.095642 4934.944336
v 6530.452637 180.272751 4903.698242
v 6624.191406 152.054581 4872.451660
v 6561.698730 166.381638 4872.451660
v 6749.175781 148.448044 4872.451660
v 6874.160645 133.685028 4872.451660
v 6999.145508 156.711365 4872.451660
v 7124.130371 139.075012 4872.451660
v 7186.622559 154.650497 4934.944336
v 7217.868652 154.927917 4966.190430
v 7217.868652 160.456619 4903.698242
v 7249.114746 145.336914 4934.944336
v 7217.868652 185.266403 4934.944336
v 7249.114746 171.078064 4872.451660
v 7186.622559 168.779388 4872.451660
v 7311.607422 139.273178 4934.944336
v 7342.853516 156.116882 4966.190430
v 7374.099609 171.236588 4872.451660
v 7374.099609 145.257645 4934.944336
v 7374.099609 181.342819 4966.190430
v 7311.607422 175.774490 4872.451660
v 7436.592285 183.998169 4934.944336
v 7405.345703 142.027618 4966.190430
v 7499.084473 170.443939 4872.451660
v 7499.084473 146.426804 4934.944336
v 7436.592285 138.619247 4872.451660
v 7561.576660 175.041290 4934.944336
v 7530.330566 142.780640 4966.190430
v 7592.823242 183.443329 4966.190430
v 7624.069336 151.559174 4872.451660
v 7624.069336 151.024139 4934.944336
v 7561.576660 142.047440 4872.451660
v 7686.561523 157.068054 4934.944336
v 7749.053711 139.451523 4872.451660
v 7811.546387 144.266846 4934.944336
v 7842.792480 179.400833 4966.190430
v 7874.038574 141.155716 4872.451660
v 7874.038574 164.538742 4934.944336
v 7935.554688 150.756622 4934.944336
v 7997.070313 144.227219 4872.451660
v 3999.511719 140.283798 4747.466797
v 3999.511719 174.704407 4809.959473
v 4062.004150 163.032715 4809.959473
v 4124.496582 125.461342 4747.466797
v 4124.496582 140.858475 4809.959473
v 4186.988770 132.040298 4809.959473
v 4155.742676 155.720566 4841.205566
v 4218.234863 170.780823 4841.205566
v 4186.988770 168.799210 4841.205566
v 4249.481445 146.565521 4747.466797
v 4249.481445 163.349777 4809.959473
v 4311.973633 143.771439 4809.959473
v 4280.727539 165.410645 4778.712891
v 4374.465820 132.198822 4809.959473
v 4343.219727 175.774490 4778.712891
v 4374.465820 147.932831 4747.466797
v 4311.973633 137.985138 4747.466797
v 4311.973633 178.152420 4778.712891
v 4436.958496 141.056625 4809.959473
v 4468.204590 171.196960 4841.205566
v 4468.204590 175.080917 4778.712891
v 4499.450684 167.471527 4809.959473
v 4468.204590 129.444382 4809.959473
v 4499.450684 176.983261 4747.466797
v 4499.450684 173.158752 4841.205566
v 4483.827637 134.874008 4825.582520
v 4436.958496 160.595337 4747.466797
v 4561.942871 178.925247 4809.959473
v 4530.696777 184.810638 4841.205566
v 4624.435547 176.468048 4747.466797
v 4749.419922 177.538116 4747.466797
v 4811.912598 190.339340 4809.959473
v 4874.404785 177.914627 4747.466797
v 4874.404785 178.905426 4809.959473
v 4936.897461 179.559357 4809.959473
v 4905.651367 133.803925 4841.205566
v 4999.389648 178.707275 4747.466797
v 5124.374512 165.489914 4747.466797
v 5249.359375 150.231491 4747.466797
v 5374.343750 136.796158 4747.466797
v 5499.328613 170.879898 4747.466797
v 5624.313477 153.659683 4747.466797
v 5749.297852 179.004517 4747.466797
v 5874.282715 183.958542 4747.466797
v 5999.267578 195.570786 4747.466797
v 6124.252441 195.293365 4747.466797
v 6249.236816 210.333801 4747.466797
v 6311.729492 178.350586 4809.959473
v 6374.221680 132.555511 4747.466797
v 6374.221680 177.855179 4809.959473
v 6436.714355 164.360397 4809.959473
v 6405.467773 142.047440 4841.205566
v 6467.960449 134.457855 4841.205566
v 6436.714355 132.555511 4841.205566
v 6499.206543 179.499908 4747.466797
v 6499.206543 168.521774 4809.959473
v 6530.452637 159.981033 4841.205566
v 6530.452637 132.971649 4809.959473
v 6561.698730 167.848038 4809.959473
v 6530.452637 144.544266 4778.712891
v 6624.191406 171.097885 4747.466797
v 6561.698730 141.096268 4747.466797
v 6749.175781 142.760818 4747.466797
v 6811.668457 176.567123 4809.959473
v 6874.160645 169.294617 4747.466797
v 6999.145508 154.432510 4747.466797
v 7124.130371 140.799026 4747.466797
v 7186.622559 139.015564 4809.959473
v 7249.114746 166.797775 4747.466797
v 7249.114746 134.021912 4809.959473
v 7311.607422 117.515076 4809.959473
v 7280.361328 116.702614 4778.712891
v 7342.853516 169.710754 4841.205566
v 7342.853516 119.120178 4778.712891
v 7374.099609 150.905243 4809.959473
v 7342.853516 110.381271 4809.959473
v 7374.099609 163.310135 4747.466797
v 7374.099609 165.331390 4841.205566
v 7358.476563 138.956116 4825.582520
v 7374.099609 124.510170 4825.582520
v 7311.607422 158.336288 4747.466797
v 7311.607422 103.822136 4778.712891
v 7405.345703 173.158752 4809.959473
v 7405.345703 145.852127 4841.205566
v 7389.722656 153.045395 4825.582520
v 7436.592285 183.245163 4809.959473
v 7405.345703 160.139557 4778.712891
v 7499.084473 133.823746 4747.466797
v 7499.084473 181.996750 4809.959473
v 7436.592285 154.769394 4747.466797
v 7561.576660 181.342819 4809.959473
v 7530.330566 140.838654 4841.205566
v 7624.069336 139.709137 4747.466797
v 7561.576660 177.181427 4747.466797
v 7749.053711 153.164291 4747.466797
v 7874.038574 134.814560 4747.466797
v 7997.070313 156.017807 4747.466797
v 3999.511719 147.338348 4622.482422
v 4124.496582 126.372887 4622.482422
v 4249.481445 149.280319 4622.482422
v 4311.973633 150.132416 4684.974609
v 4374.465820 124.133659 4622.482422
v 4436.958496 125.203735 4684.974609
v 4499.450684 125.818031 4622.482422
v 4624.435547 171.890518 4622.482422
v 4749.419922 205.439224 4622.482422
v 4874.404785 192.677643 4622.482422
v 4999.389648 205.498672 4622.482422
v 5061.881836 137.172668 4684.974609
v 5124.374512 127.066444 4622.482422
v 5186.866699 146.228638 4684.974609
v 5249.359375 157.603104 4684.974609
v 5218.112793 132.079926 4653.728516
v 5249.359375 110.202927 4622.482422
v 5249.359375 134.279510 4653.728516
v 5186.866699 114.542656 4622.482422
v 5311.851563 132.832947 4684.974609
v 5280.605469 137.509552 4653.728516
v 5264.982422 107.666458 4638.105469
v 5374.343750 122.885246 4684.974609
v 5343.097656 106.695473 4653.728516
v 5374.343750 144.445190 4622.482422
v 5374.343750 89.019485 4653.728516
v 5311.851563 115.117325 4653.728516
v 5296.228516 100.651550 4638.105469
v 5311.851563 102.435005 4622.482422
v 5280.605469 144.147949 4622.482422
v 5280.605469 104.951653 4638.105469
v 5436.836426 127.066444 4684.974609
v 5405.589844 127.423141 4653.728516
v 5499.328613 134.576752 4622.482422
v 5436.836426 126.452148 4622.482422
v 5624.313477 141.334061 4622.482422
v 5749.297852 162.378784 4622.482422
v 5874.282715 191.290512 4622.482422
v 5999.267578 184.077438 4622.482422
v 6124.252441 176.904007 4622.482422
v 6249.236816 203.576508 4622.482422
v 6374.221680 205.914810 4622.482422
v 6499.206543 183.720749 4622.482422
v 6561.698730 171.058243 4684.974609
v 6624.191406 191.429214 4622.482422
v 6624.191406 143.276031 4684.974609
v 6686.683594 146.763672 4684.974609
v 6749.175781 161.506866 4622.482422
v 6811.668457 158.138138 4684.974609
v 6874.160645 198.503586 4622.482422
v 6874.160645 139.075012 4684.974609
v 6936.653320 137.152863 4684.974609
v 6999.145508 177.419220 4622.482422
v 7124.130371 179.202667 4622.482422
v 7186.622559 187.961395 4684.974609
v 7249.114746 177.082352 4622.482422
v 7186.622559 168.165085 4622.482422
v 7311.607422 177.201248 4684.974609
v 7374.099609 186.138321 4622.482422
v 7436.592285 176.468048 4684.974609
v 7499.084473 178.766724 4622.482422
v 7499.084473 143.355301 4684.974609
v 7561.576660 161.150177 4684.974609
v 7530.330566 132.238449 4653.728516
v 7624.069336 150.647629 4622.482422
v 7561.576660 177.676834 4622.482422
v 7686.561523 168.700119 4684.974609
v 7749.053711 176.586945 4622.482422
v 7686.561523 130.474823 4622.482422
v 7811.546387 151.539368 4684.974609
v 7874.038574 146.684418 4622.482422
v 7811.546387 175.160187 4622.482422
v 7935.554688 174.109924 4684.974609
v 7997.070313 195.392441 4622.482422
v 7935.554688 186.128418 4622.482422
v 3999.511719 147.120361 4497.497559
v 4124.496582 147.833740 4497.497559
v 4249.481445 138.064392 4497.497559
v 4374.465820 147.972458 4497.497559
v 4499.450684 163.409225 4497.497559
v 4624.435547 153.263367 4497.497559
v 4686.927734 136.875427 4559.990234
v 4749.419922 193.173035 4497.497559
v 4874.404785 185.543839 4497.497559
v 4999.389648 188.278458 4497.497559
v 5124.374512 203.061295 4497.497559
v 5186.866699 158.356110 4559.990234
v 5249.359375 186.177948 4497.497559
v 5249.359375 152.668884 4559.990234
v 5311.851563 177.260696 4559.990234
v 5280.605469 152.787781 4591.236328
v 5374.343750 173.218201 4497.497559
v 5436.836426 174.228821 4559.990234
v 5499.328613 170.840271 4497.497559
v 5624.313477 159.683792 4497.497559
v 5749.297852 179.935867 4497.497559
v 5874.282715 189.804306 4497.497559
v 5999.267578 191.151794 4497.497559
v 6124.252441 180.173660 4497.497559
v 6249.236816 183.284790 4497.497559
v 6374.221680 206.430023 4497.497559
v 6499.206543 201.436371 4497.497559
v 6624.191406 182.789398 4497.497559
v 6749.175781 181.422073 4497.497559
v 6874.160645 175.259262 4497.497559
v 6999.145508 164.162231 4497.497559
v 7061.637695 177.736282 4559.990234
v 7124.130371 159.663971 4497.497559
v 7124.130371 171.355484 4559.990234
v 7155.376465 161.011475 4591.236328
v 7155.376465 134.774918 4559.990234
v 7186.622559 166.342010 4559.990234
v 7155.376465 136.875427 4528.743652
v 7249.114746 178.469482 4497.497559
v 7186.622559 181.560791 4497.497559
v 7374.099609 208.570175 4497.497559
v 7499.084473 184.909714 4497.497559
v 7561.576660 206.766907 4559.990234
v 7624.069336 183.007370 4497.497559
v 7686.561523 176.091537 4559.990234
v 7749.053711 187.961395 4497.497559
v 7749.053711 182.551605 4559.990234
v 7811.546387 201.793060 4559.990234
v 7780.300293 144.544266 4591.236328
v 7874.038574 179.341385 4497.497559
v 7874.038574 204.587128 4559.990234
v 7935.554688 188.387451 4559.990234
v 7904.796875 203.581467 4591.236328
v 7997.070313 182.630859 4497.497559
v 3999.511719 170.681732 4372.512695
v 4124.496582 125.996376 4372.512695
v 4249.481445 124.767776 4372.512695
v 4311.973633 145.297287 4435.004883
v 4374.465820 175.397980 4372.512695
v 4311.973633 173.891953 4372.512695
v 4436.958496 143.573273 4435.004883
v 4499.450684 140.818832 4372.512695
v 4436.958496 175.140366 4372.512695
v 4624.435547 190.497864 4372.512695
v 4749.419922 191.706650 4372.512695
v 4874.404785 188.318085 4372.512695
v 4999.389648 185.444748 4372.512695
v 5124.374512 190.319519 4372.512695
v 5249.359375 173.594711 4372.512695
v 5374.343750 151.995132 4372.512695
v 5499.328613 161.150177 4372.512695
v 5624.313477 157.167145 4372.512695
v 5749.297852 175.358337 4372.512695
v 5874.282715 197.909088 4372.512695
v 5999.267578 204.884369 4372.512695
v 6124.252441 205.795914 4372.512695
v 6249.236816 185.048431 4372.512695
v 6374.221680 190.418594 4372.512695
v 6499.206543 187.168762 4372.512695
v 6624.191406 168.066010 4372.512695
v 6749.175781 182.571411 4372.512695
v 6874.160645 158.098495 4372.512695
v 6936.653320 167.015762 4435.004883
v 6999.145508 168.303802 4372.512695
v 6936.653320 121.597198 4372.512695
v 7124.130371 172.643539 4372.512695
v 7186.622559 183.998169 4435.004883
v 7249.114746 192.479477 4372.512695
v 7374.099609 190.061905 4372.512695
v 7499.084473 187.545258 4372.512695
v 7561.576660 188.595520 4435.004883
v 7624.069336 125.164101 4372.512695
v 7624.069336 187.862320 4435.004883
v 7686.561523 185.999603 4435.004883
v 7749.053711 128.691376 4372.512695
v 7811.546387 187.386734 4435.004883
v 7874.038574 188.575699 4435.004883
v 7842.792480 143.553467 4403.758789
v 7874.038574 129.860519 4372.512695
v 7874.038574 125.362259 4403.758789
v 7811.546387 128.631927 4372.512695
v 7935.554688 178.905426 4435.004883
v 7904.796875 127.646072 4403.758789
v 7997.070313 177.359772 4435.004883
v 7966.312500 125.500977 4403.758789
v 7997.070313 131.267471 4372.512695
v 7935.554688 138.143661 4372.512695
v 7935.554688 121.636826 4403.758789
v 3999.511719 142.205963 4247.528320
v 4124.496582 169.829651 4247.528320
v 4186.988770 128.453583 4310.020508
v 4249.481445 172.524643 4247.528320
v 4186.988770 168.125458 4247.528320
v 4311.973633 164.618011 4310.020508
v 4343.219727 131.326920 4341.266602
v 4374.465820 174.169373 4247.528320
v 4374.465820 140.858475 4310.020508
v 4311.973633 151.519547 4247.528320
v 4436.958496 176.785110 4310.020508
v 4405.711914 133.685028 4341.266602
v 4499.450684 162.794922 4247.528320
v 4624.435547 208.173843 4247.528320
v 4749.419922 192.479477 4247.528320
v 4874.404785 185.920334 4247.528320
v 4999.389648 185.464569 4247.528320
v 5124.374512 190.557312 4247.528320
v 5249.359375 178.053345 4247.528320
v 5374.343750 181.065384 4247.528320
v 5499.328613 162.993088 4247.528320
v 5624.313477 192.380402 4247.528320
v 5686.805664 173.475815 4310.020508
v 5749.297852 170.503387 4247.528320
v 5749.297852 182.710129 4310.020508
v 5686.805664 181.640060 4247.528320
v 5811.790527 174.684601 4310.020508
v 5780.544434 181.402267 4278.774414
v 5874.282715 166.500534 4310.020508
v 5843.036621 140.501785 4278.774414
v 5874.282715 155.641296 4247.528320
v 5874.282715 123.796783 4278.774414
v 5811.790527 137.430283 4247.528320
v 5780.544434 129.166962 4247.528320
v 5936.775391 173.812683 4310.020508
v 5905.529297 156.374496 4278.774414
v 5999.267578 97.262993 4247.528320
v 5936.775391 98.233986 4247.528320
v 6061.759766 158.098495 4310.020508
v 6124.252441 161.189819 4247.528320
v 6124.252441 128.314865 4310.020508
v 6186.744629 161.784302 4310.020508
v 6249.236816 171.296036 4247.528320
v 6374.221680 154.848648 4247.528320
v 6499.206543 175.001648 4247.528320
v 6624.191406 203.536880 4247.528320
v 6749.175781 198.206329 4247.528320
v 6874.160645 154.313614 4247.528320
v 6936.653320 114.503021 4310.020508
v 6999.145508 150.409836 4247.528320
v 6999.145508 126.313438 4310.020508
v 7061.637695 144.068680 4310.020508
v 7124.130371 168.184906 4247.528320
v 7124.130371 134.061539 4310.020508
v 7186.622559 126.689941 4310.020508
v 7249.114746 201.079681 4247.528320
v 7249.114746 151.658264 4310.020508
v 7311.607422 202.407349 4310.020508
v 7374.099609 179.301758 4247.528320
v 7499.084473 183.007370 4247.528320
v 7624.069336 126.452148 4247.528320
v 7749.053711 173.218201 4247.528320
v 7811.546387 152.629242 4310.020508
v 7874.038574 170.126892 4247.528320
v 7935.554688 155.403503 4310.020508
v 7997.070313 156.453766 4247.528320
v 3999.511719 129.246216 4122.543457
v 4062.004150 138.203110 4185.035645
v 4124.496582 140.521591 4122.543457
v 4124.496582 165.371017 4185.035645
v 4155.742676 132.674408 4216.282227
v 4155.742676 127.066444 4185.035645
v 4186.988770 162.299515 4185.035645
v 4155.742676 163.409225 4153.789551
v 4218.234863 135.052353 4216.282227
v 4186.988770 129.602905 4216.282227
v 4249.481445 166.282562 4122.543457
v 4249.481445 153.738953 4185.035645
v 4186.988770 141.829468 4122.543457
v 4311.973633 173.852325 4185.035645
v 4280.727539 133.843567 4216.282227
v 4343.219727 129.345306 4216.282227
v 4311.973633 127.839279 4216.282227
v 4374.465820 178.945068 4122.543457
v 4374.465820 134.774918 4185.035645
v 4436.958496 149.854996 4185.035645
v 4499.450684 145.911575 4122.543457
v 4561.942871 133.387787 4185.035645
v 4624.435547 207.480286 4122.543457
v 4749.419922 184.988983 4122.543457
v 4874.404785 186.138321 4122.543457
v 4999.389648 185.999603 4122.543457
v 5124.374512 188.654968 4122.543457
v 5249.359375 203.873749 4122.543457
v 5374.343750 183.621674 4122.543457
v 5499.328613 181.085205 4122.543457
v 5561.820801 196.482330 4185.035645
v 5624.313477 170.225967 4185.035645
v 5593.067383 169.948547 4153.789551
v 5624.313477 133.803925 4153.789551
v 5608.690430 129.186768 4138.166504
v 5624.313477 158.276840 4122.543457
v 5561.820801 170.206146 4122.543457
v 5593.067383 163.092163 4122.543457
v 5686.805664 138.282379 4185.035645
v 5655.559570 144.484818 4153.789551
v 5718.051758 134.418228 4216.282227
v 5749.297852 161.843750 4122.543457
v 5749.297852 148.091354 4185.035645
v 5749.297852 132.159195 4216.282227
v 5686.805664 149.399216 4122.543457
v 5811.790527 169.690933 4185.035645
v 5780.544434 171.315857 4216.282227
v 5764.920898 131.901581 4231.905273
v 5874.282715 118.704041 4122.543457
v 5936.775391 153.263367 4185.035645
v 5999.267578 129.206589 4122.543457
v 6124.252441 136.320572 4122.543457
v 6249.236816 143.533646 4122.543457
v 6374.221680 164.479294 4122.543457
v 6499.206543 147.813934 4122.543457
v 6624.191406 175.437607 4122.543457
v 6749.175781 181.659866 4122.543457
v 6874.160645 177.161606 4122.543457
v 6999.145508 186.950775 4122.543457
v 7124.130371 183.700928 4122.543457
v 7249.114746 183.641479 4122.543457
v 7311.607422 178.806351 4185.035645
v 7374.099609 185.524017 4122.543457
v 7374.099609 182.947922 4185.035645
v 7311.607422 186.475189 4122.543457
v 7436.592285 186.296844 4185.035645
v 7405.345703 186.950775 4153.789551
v 7499.084473 135.468491 4185.035645
v 7467.838379 124.965935 4153.789551
v 7499.084473 143.038239 4122.543457
v 7436.592285 126.055824 4122.543457
v 7405.345703 122.607819 4122.543457
v 7561.576660 115.176773 4185.035645
v 7624.069336 169.334244 4122.543457
v 7749.053711 164.241501 4122.543457
v 7874.038574 147.417603 4122.543457
v 7997.070313 149.954071 4122.543457
v 3999.511719 163.508301 3997.558838
v 4124.496582 145.118942 3997.558838
v 4186.988770 172.148132 4060.051270
v 4218.234863 148.765106 4091.297363
v 4218.234863 140.204544 4060.051270
v 4218.234863 163.072342 4028.804932
v 4233.857910 128.493210 4044.428223
v 4249.481445 165.549362 4060.051270
v 4249.481445 145.951218 3997.558838
v 4249.481445 140.382889 4028.804932
v 4186.988770 152.589615 3997.558838
v 4311.973633 196.303986 4060.051270
v 4280.727539 175.933014 4028.804932
v 4374.465820 206.984879 3997.558838
v 4311.973633 193.727890 3997.558838
v 4499.450684 175.794296 3997.558838
v 4624.435547 176.725662 3997.558838
v 4749.419922 177.141800 3997.558838
v 4874.404785 163.250687 3997.558838
v 4999.389648 173.872131 3997.558838
v 5124.374512 185.524017 3997.558838
v 5249.359375 185.325851 3997.558838
v 5374.343750 202.248825 3997.558838
v 5499.328613 129.781250 3997.558838
v 5561.820801 132.099747 4060.051270
v 5593.067383 127.106079 4091.297363
v 5624.313477 156.473572 3997.558838
v 5624.313477 163.429031 4060.051270
v 5686.805664 152.966125 4060.051270
v 5749.297852 138.480530 3997.558838
v 5874.282715 136.241318 3997.558838
v 5999.267578 121.775543 3997.558838
v 6124.252441 146.268280 3997.558838
v 6249.236816 174.526062 3997.558838
v 6311.729492 126.353065 4060.051270
v 6374.221680 148.824554 3997.558838
v 6436.714355 172.920959 4060.051270
v 6499.206543 184.929535 3997.558838
v 6436.714355 201.931763 3997.558838
v 6624.191406 183.324432 3997.558838
v 6749.175781 187.921768 3997.558838
v 6874.160645 175.358337 3997.558838
v 6999.145508 181.580612 3997.558838
v 7124.130371 127.740196 3997.558838
v 7186.622559 127.264610 4060.051270
v 7249.114746 154.967545 3997.558838
v 7249.114746 125.401894 4060.051270
v 7311.607422 129.226410 4060.051270
v 7342.853516 132.515884 4091.297363
v 7374.099609 171.712173 3997.558838
v 7374.099609 130.177582 4060.051270
v 7374.099609 123.321198 4091.297363
v 7436.592285 156.691559 4060.051270
v 7405.345703 125.758583 4091.297363
v 7499.084473 160.020660 3997.558838
v 7624.069336 133.764297 3997.558838
v 7749.053711 156.751007 3997.558838
v 7874.038574 132.991470 3997.558838
v 7997.070313 162.814743 3997.558838
vn 0.155 0.987 0.049
vn 0.044 0.985 0.169
vn -0.079 0.984 0.159
vn -0.134 0.967 0.218
vn -0.130 0.982 0.138
vn -0.049 0.997 0.053
vn 0.027 0.994 0.109
vn 0.038 0.999 0.038
vn 0.067 0.990 0.122
vn 0.059 0.998 0.004
vn 0.019 0.993 0.113
vn 0.062 0.998 0.027
vn 0.073 0.993 0.095
vn 0.086 0.996 -0.008
vn -0.012 1.000 0.015
vn -0.023 1.000 0.021
vn -0.093 0.993 -0.078
vn -0.072 0.997 -0.007
vn 0.159 0.970 -0.183
vn 0.162 0.981 0.108
vn 0.087 0.995 -0.052
vn -0.111 0.976 -0.185
vn -0.128 0.971 0.201
vn 0.073 0.900 0.431
vn -0.003 0.998 0.064
vn -0.060 0.987 0.149
vn -0.067 0.993 0.097
vn -0.022 0.992 0.124
vn 0.066 0.988 0.143
vn 0.069 0.990 0.127
vn 0.042 0.997 0.070
vn 0.078 0.993 0.092
vn 0.040 0.999 -0.023
vn 0.070 0.997 0.033
vn 0.029 0.999 0.016
vn 0.008 0.999 0.033
vn -0.088 0.996 0.009
vn -0.049 0.999 -0.015
vn -0.030 0.959 -0.282
vn 0.037 0.998 -0.043
vn 0.042 0.964 -0.262
vn 0.269 0.718 -0.642
vn -0.008 0.999 0.049
vn 0.065 0.981 -0.182
vn -0.063 0.993 0.105
vn 0.264 0.933 -0.245
vn 0.007 0.998 0.062
vn 0.149 0.985 -0.086
vn -0.065 0.993 0.094
vn -0.021 0.985 0.173
vn -0.028 0.990 0.139
vn -0.080 0.948 0.307
vn -0.046 0.997 0.057
vn -0.058 0.995 0.078
vn 0.106 0.992 -0.066
vn 0.088 0.987 -0.137
vn 0.079 0.996 -0.045
vn 0.010 0.976 -0.218
vn 0.065 0.996 -0.068
vn 0.089 0.959 -0.269
vn 0.045 0.997 -0.066
vn 0.018 0.990 -0.141
vn -0.104 0.992 0.069
vn -0.055 0.998 0.010
vn -0.023 1.000 0.010
vn -0.082 0.995 0.057
vn -0.116 0.993 0.019
vn 0.005 1.000 0.004
vn 0.051 0.998 0.027
vn 0.135 0.987 0.085
vn 0.125 0.991 0.057
vn 0.069 0.997 0.016
vn 0.015 0.996 0.091
vn -0.125 0.992 -0.013
vn -0.059 0.994 0.097
vn -0.008 0.989 0.149
vn 0.070 0.997 0.041
vn 0.039 0.996 -0.083
vn 0.072 0.995 -0.069
vn 0.144 0.920 -0.364
vn 0.195 0.808 -0.556
vn 0.220 0.935 -0.277
vn 0.004 0.979 -0.202
vn -0.582 0.804 0.119
vn -0.246 0.962 -0.121
vn -0.395 0.828 -0.399
vn -0.372 0.809 -0.455
vn 0.034 0.978 -0.206
vn -0.129 0.953 0.273
vn -0.103 0.995 0.006
vn 0.052 0.990 -0.129
vn 0.014 0.997 -0.073
vn 0.005 0.998 0.061
vn -0.014 0.997 0.081
vn -0.029 0.999 0.024
vn -0.114 0.993 -0.040
vn -0.019 0.962 0.273
vn 0.007 1.000 0.007
vn -0.021 1.000 -0.022
vn -0.014 0.998 -0.056
vn 0.056 0.998 -0.029
vn 0.125 0.992 -0.026
vn 0.070 0.998 0.001
vn 0.006 0.999 0.045
vn 0.013 1.000 0.023
vn 0.016 1.000 -0.015
vn -0.070 0.997 0.040
vn -0.092 0.994 0.058
vn 0.048 0.998 -0.049
vn -0.009 0.999 -0.031
vn 0.071 0.997 -0.041
vn 0.023 0.999 0.042
vn 0.101 0.994 0.052
vn -0.046 0.994 0.103
vn -0.008 1.000 0.024
vn -0.045 0.998 0.033
vn -0.094 0.994 0.056
vn 0.029 1.000 -0.006
vn 0.043 0.995 0.090
vn 0.043 0.994 0.103
vn 0.154 0.988 -0.023
vn 0.006 0.994 -0.114
vn 0.069 0.998 -0.009
vn 0.096 0.995 0.036
vn -0.018 0.998 0.057
vn 0.006 0.999 0.051
vn -0.043 0.996 0.083
vn -0.025 0.996 0.085
vn 0.034 0.998 0.061
vn 0.016 1.000 0.017
vn -0.026 0.999 -0.021
vn 0.035 0.997 -0.070
vn 0.025 0.994 -0.106
vn 0.021 0.977 -0.212
vn -0.019 0.989 -0.147
vn 0.051 0.999 -0.017
vn -0.005 0.998 0.066
vn 0.019 0.998 0.061
vn 0.046 0.999 0.029
vn -0.014 0.998 0.062
vn -0.137 0.984 0.117
vn 0.082 0.970 -0.230
vn -0.023 0.986 -0.166
vn 0.019 0.995 -0.098
vn -0.009 1.000 -0.005
vn -0.007 0.999 0.052
vn 0.045 0.995 0.091
vn -0.017 0.996 0.091
vn 0.004 0.998 0.065
vn -0.096 0.989 0.109
vn 0.036 0.998 -0.042
vn -0.038 0.999 -0.010
vn -0.009 0.999 0.042
vn 0.173 0.982 -0.077
vn -0.009 0.998 0.067
vn -0.063 0.997 -0.048
vn -0.023 0.998 -0.058
vn 0.026 0.998 0.054
vn -0.031 0.997 0.071
vn -0.024 1.000 0.018
vn -0.042 0.996 0.073
vn 0.087 0.996 0.035
vn -0.002 0.998 0.066
vn 0.011 0.999 0.052
vn 0.037 0.997 0.072
vn 0.127 0.990 0.060
vn 0.021 1.000 0.016
vn -0.117 0.992 0.044
vn -0.019 0.998 0.053
vn -0.015 0.997 0.078
vn 0.052 0.997 0.060
vn 0.019 0.997 0.080
vn -0.050 0.994 0.098
vn -0.054 0.998 0.012
vn 0.189 0.980 0.065
vn 0.196 0.940 0.280
vn 0.403 0.906 -0.124
vn -0.125 0.974 -0.187
vn -0.035 0.890 0.455
vn 0.074 0.989 0.130
vn 0.102 0.886 0.452
vn -0.051 0.990 0.131
vn -0.051 0.994 0.100
vn -0.012 0.998 0.067
vn 0.019 0.997 0.076
vn 0.019 0.996 0.088
vn -0.018 0.997 0.069
vn 0.037 0.999 -0.020
vn 0.038 0.998 -0.053
vn -0.100 0.995 -0.012
vn 0.073 0.996 -0.058
vn 0.172 0.982 -0.075
vn -0.156 0.988 -0.019
vn -0.476 0.848 0.233
vn -0.491 0.863 0.117
vn -0.033 0.888 0.459
vn -0.129 0.992 -0.004
vn -0.070 0.997 -0.016
vn 0.093 0.979 0.183
vn -0.006 1.000 0.004
vn 0.012 1.000 0.005
vn -0.074 0.997 0.038
vn -0.006 1.000 -0.012
vn 0.036 0.999 0.023
vn 0.017 0.999 0.039
vn -0.058 0.991 0.123
vn -0.000 0.983 0.183
vn 0.142 0.970 0.195
vn 0.062 0.986 0.155
vn -0.056 0.997 0.054
vn -0.040 0.999 0.033
vn -0.004 1.000 0.012
vn 0.041 0.999 0.011
vn 0.011 1.000 0.017
vn 0.003 1.000 -0.024
vn -0.071 0.995 0.064
vn -0.012 0.998 0.067
vn 0.177 0.964 0.198
vn 0.018 0.991 0.134
vn 0.024 0.997 0.072
vn -0.003 0.998 0.067
vn -0.009 0.998 0.058
vn 0.029 1.000 0.008
vn 0.011 1.000 0.004
vn 0.019 1.000 0.012
vn 0.087 0.996 -0.002
vn -0.011 0.998 0.056
vn -0.063 0.998 0.031
vn 0.120 0.992 -0.026
vn -0.214 0.973 0.085
vn -0.630 0.750 0.203
vn -0.542 0.828 0.144
vn -0.285 0.952 0.109
vn 0.098 0.995 -0.017
vn -0.468 0.884 -0.000
vn 0.064 0.998 -0.004
vn -0.401 0.878 0.261
vn 0.076 0.983 0.167
vn -0.033 0.981 0.190
vn 0.442 0.895 0.058
vn 0.404 0.809 0.426
vn -0.093 0.963 0.252
vn -0.027 0.988 0.151
vn 0.228 0.970 0.087
vn -0.023 0.932 0.361
vn -0.033 0.999 0.042
vn -0.018 1.000 0.019
vn 0.016 0.999 -0.035
vn -0.022 1.000 0.010
vn -0.092 0.987 0.129
vn -0.056 0.993 0.107
vn 0.023 1.000 -0.015
vn 0.128 0.992 0.011
vn 0.097 0.993 0.073
vn -0.030 0.992 0.120
vn -0.007 0.992 0.123
vn 0.023 0.996 0.088
vn 0.014 0.993 0.113
vn 0.023 0.991 0.133
vn -0.034 0.995 0.096
vn -0.040 0.999 0.009
vn 0.022 0.999 -0.031
vn -0.013 1.000 0.019
vn -0.018 0.997 0.069
vn 0.026 0.999 -0.046
vn 0.051 0.989 -0.136
vn 0.085 0.990 -0.111
vn -0.038 0.996 -0.084
vn 0.004 1.000 -0.031
vn 0.005 0.999 0.043
vn -0.009 0.997 0.077
vn -0.003 0.999 0.052
vn 0.209 0.975 -0.081
vn -0.481 0.851 0.209
vn -0.363 0.932 -0.003
vn 0.069 0.998 0.006
vn -0.257 0.956 0.143
vn -0.023 0.993 0.114
vn 0.145 0.989 -0.013
vn 0.182 0.975 0.130
vn 0.181 0.981 -0.064
vn -0.030 0.999 0.027
vn 0.029 1.000 -0.003
vn -0.037 0.996 0.075
vn -0.113 0.979 0.168
vn -0.046 0.998 0.030
vn 0.079 0.993 -0.082
vn -0.010 1.000 -0.006
vn 0.053 0.997 0.049
vn -0.021 0.987 0.158
vn -0.053 0.986 0.159
vn 0.036 0.995 0.095
vn 0.008 0.997 0.075
vn -0.006 0.998 0.068
vn 0.092 0.995 0.039
vn 0.033 0.999 0.042
vn -0.025 0.998 0.052
vn 0.054 0.999 0.009
vn -0.011 0.983 -0.185
vn 0.088 0.957 -0.276
vn 0.237 0.896 -0.375
vn 0.074 0.920 -0.386
vn 0.008 0.902 -0.432
vn 0.207 0.819 -0.536
vn 0.042 0.922 -0.384
vn -0.066 0.976 -0.206
vn -0.040 0.954 -0.297
vn -0.101 0.964 -0.247
vn -0.065 0.984 -0.167
vn -0.075 0.996 -0.056
vn -0.020 1.000 -0.007
vn 0.077 0.997 -0.029
vn -0.049 0.999 0.022
vn -0.316 0.859 0.403
vn -0.370 0.859 0.354
vn -0.252 0.883 0.395
vn -0.076 0.997 -0.018
vn -0.447 0.893 0.052
vn -0.060 0.998 -0.004
vn -0.447 0.866 0.224
vn 0.022 1.000 0.002
vn 0.204 0.962 -0.182
vn 0.171 0.971 -0.166
vn -0.017 0.999 0.035
vn 0.021 1.000 -0.022
vn -0.077 0.996 0.034
vn -0.095 0.995 0.021
vn -0.172 0.929 0.327
vn 0.033 0.997 0.071
vn 0.183 0.983 0.012
vn 0.205 0.947 -0.249
vn 0.073 0.989 -0.129
vn -0.082 0.991 -0.108
vn -0.037 0.999 -0.006
vn 0.015 0.999 0.032
vn -0.021 0.995 -0.101
vn 0.072 0.982 -0.176
vn -0.068 0.987 -0.149
vn 0.018 0.998 -0.066
vn 0.067 0.996 -0.064
vn 0.002 1.000 -0.010
vn -0.003 1.000 0.007
vn 0.000 0.997 0.078
vn 0.074 0.997 0.020
vn 0.050 0.976 -0.212
vn -0.052 0.999 0.005
vn 0.225 0.915 -0.334
vn -0.001 0.914 -0.405
vn 0.193 0.969 -0.157
vn -0.114 0.970 0.215
vn 0.175 0.977 -0.123
vn -0.122 0.976 -0.179
vn -0.041 0.955 0.295
vn 0.220 0.971 -0.096
vn -0.171 0.752 0.637
vn 0.133 0.973 0.190
vn -0.266 0.729 0.630
vn 0.274 0.878 0.392
vn 0.390 0.860 0.329
vn 0.208 0.964 0.165
vn -0.174 0.885 0.431
vn -0.247 0.952 0.179
vn 0.270 0.928 -0.256
vn -0.131 0.979 0.157
vn -0.029 0.869 0.494
vn 0.002 0.905 0.426
vn -0.282 0.958 0.044
vn 0.219 0.966 0.135
vn -0.159 0.872 0.462
vn -0.115 0.638 0.762
vn -0.034 0.741 0.670
vn 0.033 0.996 0.088
vn 0.101 0.993 -0.065
vn -0.093 0.979 0.180
vn -0.123 0.901 0.417
vn -0.115 0.961 0.252
vn -0.051 0.922 0.384
vn -0.083 0.985 -0.149
vn 0.033 0.923 0.384
vn 0.048 0.844 0.534
vn -0.091 0.973 0.210
vn -0.122 0.779 0.615
vn -0.230 0.903 0.363
vn -0.131 0.950 -0.283
vn -0.111 0.929 0.352
vn -0.223 0.929 -0.295
vn -0.262 0.881 0.394
vn 0.223 0.957 0.187
vn 0.176 0.913 0.369
vn 0.148 0.971 0.187
vn 0.440 0.890 0.116
vn -0.198 0.963 -0.180
vn -0.172 0.979 -0.110
vn -0.203 0.977 -0.073
vn -0.073 0.997 -0.041
vn 0.066 0.998 0.022
vn 0.090 0.989 0.113
vn -0.364 0.923 -0.122
vn -0.197 0.975 -0.104
vn -0.246 0.861 -0.446
vn -0.081 0.928 -0.364
vn -0.052 0.986 -0.162
vn 0.014 0.997 -0.072
vn -0.184 0.884 -0.431
vn -0.236 0.926 -0.296
vn -0.219 0.845 -0.487
vn 0.238 0.961 -0.142
vn -0.016 1.000 -0.022
vn 0.007 0.999 -0.033
vn 0.005 1.000 -0.003
vn -0.245 0.963 0.111
vn -0.091 0.990 0.106
vn 0.154 0.987 0.053
vn -0.010 0.993 0.117
vn 0.062 0.988 -0.141
vn -0.090 0.987 0.132
vn 0.118 0.988 -0.098
vn 0.104 0.984 -0.145
vn -0.191 0.976 0.101
vn -0.008 0.964 -0.265
vn 0.337 0.910 0.241
vn -0.131 0.910 0.393
vn -0.017 0.903 -0.429
vn -0.240 0.968 -0.069
vn 0.034 0.985 0.168
vn -0.126 0.965 -0.231
vn -0.107 0.946 -0.305
vn -0.149 0.925 -0.349
vn -0.028 0.971 -0.236
vn -0.040 0.975 -0.216
vn 0.018 0.979 -0.204
vn 0.102 0.944 -0.315
vn 0.163 0.985 -0.049
vn -0.274 0.891 0.362
vn -0.335 0.942 0.025
vn -0.116 0.979 -0.170
vn -0.155 0.981 0.113
vn -0.273 0.762 0.587
vn 0.190 0.965 0.181
vn -0.277 0.854 0.441
vn 0.005 0.805 0.594
vn 0.135 0.928 0.348
vn -0.076 0.824 0.561
vn -0.020 0.870 0.492
vn 0.116 0.992 -0.041
vn -0.143 0.905 0.401
vn 0.148 0.981 -0.123
vn -0.101 0.852 0.514
vn 0.124 0.949 0.288
vn 0.068 0.894 0.444
vn -0.011 0.993 0.114
vn 0.159 0.986 -0.059
vn 0.022 0.996 0.089
vn 0.023 0.997 -0.068
vn 0.010 0.989 -0.148
vn 0.025 0.994 -0.108
vn 0.137 0.947 0.291
vn 0.243 0.960 -0.135
vn 0.107 0.981 0.160
vn 0.045 0.995 0.087
vn 0.075 0.967 -0.243
vn -0.125 0.980 -0.153
vn -0.216 0.975 0.045
vn -0.029 0.995 0.094
vn -0.131 0.990 0.043
vn -0.035 0.903 0.429
vn 0.213 0.818 0.534
vn 0.430 0.743 0.513
vn 0.379 0.879 0.290
vn 0.245 0.959 0.140
vn 0.192 0.980 0.050
vn 0.415 0.879 0.234
vn -0.133 0.986 -0.101
vn -0.018 0.996 -0.087
vn 0.022 0.997 -0.079
vn 0.127 0.950 0.286
vn 0.146 0.989 0.021
vn -0.162 0.969 -0.185
vn -0.096 0.995 0.017
vn 0.138 0.990 -0.015
vn 0.005 1.000 -0.017
vn -0.024 1.000 0.011
vn -0.112 0.992 0.051
vn 0.044 0.994 -0.099
vn 0.020 1.000 -0.014
vn -0.036 0.999 0.020
vn -0.117 0.961 -0.251
vn 0.079 0.993 -0.087
vn 0.281 0.933 -0.225
vn 0.041 0.989 -0.139
vn -0.122 0.960 0.250
vn -0.233 0.964 0.131
vn -0.134 0.976 0.173
vn -0.178 0.958 0.224
vn 0.174 0.830 0.529
vn 0.026 0.999 0.028
vn 0.216 0.940 0.265
vn 0.090 0.862 0.500
vn -0.210 0.744 0.634
vn -0.020 0.998 0.055
vn -0.037 0.829 0.558
vn 0.201 0.771 0.604
vn 0.134 0.886 0.444
vn -0.025 1.000 0.001
vn -0.021 0.945 0.326
vn 0.112 0.937 0.331
vn 0.193 0.955 0.224
vn 0.000 0.991 0.137
vn 0.169 0.926 0.338
vn -0.035 0.991 0.126
vn -0.055 0.997 -0.058
vn -0.071 0.955 0.287
vn 0.121 0.989 -0.087
vn -0.004 0.944 0.329
vn -0.035 0.912 -0.410
vn 0.127 0.905 0.406
vn 0.042 0.915 -0.401
vn -0.029 0.941 0.338
vn -0.038 0.868 0.494
vn 0.001 0.949 0.315
vn -0.040 0.792 0.610
vn -0.014 0.931 0.365
vn -0.008 1.000 0.007
vn -0.086 0.901 0.426
vn -0.077 0.944 0.320
vn -0.123 0.959 0.257
vn -0.095 0.875 0.474
vn 0.118 0.933 0.339
vn 0.014 0.828 0.561
vn 0.003 0.935 0.354
vn 0.114 0.941 0.319
vn -0.119 0.891 0.437
vn -0.082 0.981 0.175
vn -0.333 0.881 0.336
vn 0.012 0.998 0.065
vn -0.280 0.876 0.392
vn 0.041 0.998 0.053
vn 0.247 0.961 -0.123
vn 0.054 0.992 -0.115
vn 0.258 0.882 -0.394
vn 0.153 0.968 -0.201
vn 0.346 0.812 -0.470
vn 0.254 0.960 -0.114
vn -0.036 0.974 -0.223
vn 0.157 0.884 -0.440
vn 0.024 0.996 0.091
vn 0.434 0.861 -0.263
vn 0.072 0.806 -0.588
vn 0.384 0.851 -0.358
vn -0.485 0.759 -0.435
vn 0.417 0.836 0.357
vn 0.051 0.995 -0.081
vn -0.251 0.968 0.015
vn -0.558 0.786 -0.265
vn -0.584 0.775 -0.239
vn -0.091 0.959 0.269
vn -0.418 0.836 0.355
vn -0.077 0.997 0.002
vn -0.025 0.947 0.320
vn -0.184 0.982 0.051
vn -0.292 0.956 -0.025
vn 0.072 0.994 0.087
vn 0.017 0.996 0.088
vn 0.607 0.750 0.262
vn 0.289 0.952 0.099
vn 0.592 0.741 0.317
vn 0.447 0.850 0.280
vn 0.182 0.945 0.270
vn 0.006 1.000 -0.023
vn 0.004 0.989 0.149
vn 0.099 0.952 0.290
vn -0.042 0.978 0.206
vn 0.101 0.980 0.173
vn -0.186 0.979 0.085
vn -0.302 0.921 0.246
vn 0.061 0.998 -0.000
vn -0.011 0.998 0.056
vn -0.024 0.999 0.042
vn -0.122 0.988 0.092
vn -0.197 0.980 -0.027
vn -0.010 1.000 -0.015
vn 0.153 0.983 0.105
vn -0.112 0.986 0.126
vn 0.148 0.988 -0.039
vn 0.021 0.998 -0.058
vn 0.145 0.985 -0.095
vn 0.229 0.966 -0.122
vn -0.196 0.981 0.005
vn -0.010 0.997 0.077
vn -0.446 0.835 0.323
vn -0.208 0.965 0.157
vn -0.090 0.994 0.063
vn 0.004 1.000 -0.012
vn -0.031 0.999 -0.032
vn 0.027 0.996 -0.081
vn 0.076 0.991 -0.107
vn 0.007 0.999 0.032
vn 0.051 0.975 0.218
vn 0.044 0.994 0.098
vn -0.110 0.988 -0.105
vn 0.133 0.940 -0.314
vn 0.001 0.997 -0.084
vn 0.091 0.901 -0.424
vn 0.285 0.724 -0.628
vn 0.188 0.822 -0.537
vn -0.125 0.954 -0.272
vn -0.196 0.970 0.142
vn 0.130 0.942 -0.309
vn 0.227 0.969 0.095
vn -0.056 0.982 -0.182
vn 0.000 0.963 -0.269
vn -0.142 0.909 -0.392
vn -0.069 0.985 -0.159
vn -0.016 0.985 -0.170
vn 0.073 0.996 0.044
vn -0.097 0.927 -0.361
vn -0.023 0.974 -0.225
vn -0.223 0.938 -0.267
vn 0.033 0.985 -0.167
vn 0.270 0.960 0.076
vn 0.354 0.935 0.009
vn 0.260 0.942 0.213
vn 0.177 0.960 0.219
vn 0.059 0.915 0.399
vn -0.036 0.895 0.445
vn -0.233 0.798 0.556
vn 0.053 0.990 0.133
vn -0.001 0.929 -0.371
vn -0.098 0.992 0.076
vn 0.211 0.929 -0.303
vn -0.086 0.981 0.172
vn -0.152 0.978 -0.140
vn 0.197 0.980 -0.033
vn -0.062 0.997 0.045
vn -0.409 0.910 -0.074
vn -0.179 0.984 0.009
vn -0.070 0.989 0.132
vn 0.444 0.890 -0.104
vn -0.082 0.994 0.073
vn 0.169 0.861 0.479
vn -0.321 0.892 0.318
vn -0.077 0.997 -0.017
vn -0.146 0.989 -0.033
vn -0.382 0.901 0.207
vn -0.110 0.938 -0.328
vn -0.450 0.851 -0.272
vn -0.146 0.985 -0.092
vn -0.217 0.972 -0.091
vn -0.156 0.969 -0.194
vn 0.065 0.995 0.078
vn 0.027 1.000 -0.006
vn 0.088 0.963 0.254
vn 0.070 0.992 0.105
vn 0.112 0.925 0.363
vn 0.134 0.903 0.408
vn 0.082 0.987 0.139
vn -0.040 0.971 0.236
vn 0.140 0.990 -0.023
vn 0.416 0.905 0.092
vn 0.165 0.963 0.214
vn -0.214 0.944 0.249
vn -0.118 0.988 0.096
vn -0.071 0.997 -0.006
vn 0.001 1.000 0.022
vn -0.099 0.991 0.089
vn 0.005 1.000 -0.002
vn 0.032 0.998 -0.058
vn -0.011 0.999 0.052
vn 0.258 0.966 -0.002
vn -0.057 0.997 0.058
vn -0.422 0.903 0.077
vn -0.173 0.984 0.042
vn 0.045 0.997 -0.070
vn 0.070 0.991 -0.118
vn 0.032 0.984 -0.175
vn 0.072 0.965 -0.251
vn -0.041 0.985 -0.168
vn -0.040 0.984 -0.172
vn 0.057 0.998 0.019
vn 0.152 0.957 -0.249
vn 0.111 0.991 -0.068
vn 0.251 0.963 -0.100
vn 0.053 0.998 0.023
vn 0.184 0.981 0.062
vn -0.088 0.994 0.060
vn -0.159 0.911 -0.380
vn 0.176 0.984 0.007
vn 0.127 0.990 -0.068
vn 0.188 0.949 -0.251
vn 0.041 0.972 -0.233
vn -0.007 0.994 -0.110
vn -0.187 0.937 -0.293
vn 0.011 0.973 -0.229
vn -0.194 0.919 -0.344
vn -0.062 0.975 -0.215
vn -0.225 0.950 -0.217
vn -0.006 0.985 -0.173
vn -0.078 0.900 -0.430
vn 0.223 0.967 -0.126
vn -0.274 0.955 -0.113
vn 0.010 1.000 -0.019
vn 0.220 0.974 -0.048
vn 0.216 0.971 0.106
vn 0.085 0.996 0.019
vn 0.219 0.973 0.072
vn 0.131 0.977 0.169
vn -0.087 0.992 -0.091
vn 0.016 1.000 -0.016
vn -0.056 0.989 -0.136
vn -0.132 0.979 -0.154
vn -0.180 0.922 -0.343
vn 0.152 0.987 -0.058
vn 0.251 0.968 0.006
vn 0.146 0.961 -0.235
vn 0.029 0.923 -0.383
vn 0.142 0.986 -0.085
vn 0.033 0.879 -0.476
vn -0.260 0.895 -0.363
vn -0.213 0.970 -0.114
vn -0.135 0.989 -0.062
vn 0.097 0.994 0.044
vn -0.034 0.992 0.122
vn -0.091 0.993 0.071
vn -0.142 0.988 0.061
vn 0.001 1.000 -0.017
vn -0.102 0.979 0.176
vn -0.002 0.998 0.065
vn 0.047 0.999 0.001
vn -0.031 0.999 0.008
vn 0.102 0.983 -0.150
vn 0.308 0.927 -0.214
vn -0.182 0.966 -0.181
vn -0.394 0.896 -0.203
vn -0.128 0.954 -0.270
vn 0.021 0.993 -0.117
vn 0.157 0.986 -0.055
vn 0.133 0.984 -0.115
vn 0.255 0.923 -0.289
vn 0.061 0.984 -0.167
vn 0.101 0.981 -0.164
vn -0.003 0.987 -0.163
vn -0.039 0.994 -0.099
vn 0.041 0.999 0.023
vn -0.252 0.965 -0.076
vn -0.150 0.922 -0.357
vn -0.262 0.915 -0.307
vn 0.184 0.933 -0.309
vn 0.078 0.993 0.087
vn 0.178 0.913 -0.366
vn -0.009 0.994 -0.105
vn 0.066 0.996 -0.053
vn 0.060 0.995 -0.079
vn 0.063 0.991 -0.119
vn -0.065 0.998 0.015
vn -0.102 0.991 -0.089
vn -0.037 0.998 0.055
vn -0.327 0.901 -0.285
vn -0.130 0.971 -0.203
vn -0.226 0.971 0.074
vn 0.025 0.994 -0.104
vn -0.420 0.907 -0.029
vn 0.066 0.989 0.130
vn -0.135 0.984 0.114
vn 0.468 0.867 0.171
vn -0.019 0.999 -0.038
vn 0.023 0.999 0.025
vn -0.332 0.943 0.011
vn 0.041 0.985 0.167
vn 0.160 0.987 0.021
vn 0.076 0.995 0.064
vn 0.063 0.992 -0.108
vn -0.138 0.990 0.027
vn 0.218 0.949 -0.227
vn 0.063 0.984 -0.166
vn 0.338 0.933 0.124
vn -0.024 0.926 0.376
vn 0.193 0.952 0.240
vn -0.200 0.980 -0.006
vn -0.375 0.919 0.119
vn -0.107 0.991 -0.075
vn -0.013 0.998 -0.065
vn -0.029 1.000 0.011
vn -0.069 0.998 -0.010
vn -0.039 0.989 -0.144
vn -0.187 0.977 0.100
vn -0.338 0.919 0.202
vn -0.101 0.991 0.084
vn -0.095 0.990 -0.104
vn 0.146 0.965 -0.219
vn -0.211 0.977 0.027
vn -0.022 1.000 -0.017
vn 0.007 1.000 -0.026
vn 0.166 0.968 -0.191
vn 0.033 0.966 -0.255
vn -0.086 0.994 0.062
vn 0.266 0.952 -0.154
vn 0.131 0.912 0.388
vn 0.308 0.947 -0.089
vn 0.039 0.996 -0.081
vn 0.097 0.957 0.272
vn -0.573 0.814 -0.094
vn -0.641 0.643 0.420
vn -0.421 0.885 0.200
vn -0.574 0.761 0.304
vn -0.465 0.814 0.348
vn -0.101 0.990 0.096
vn -0.378 0.817 0.436
vn -0.397 0.832 0.388
vn -0.062 0.998 0.015
vn 0.024 0.998 0.065
vn -0.013 0.997 0.072
vn -0.377 0.876 0.301
vn 0.197 0.980 -0.018
vn 0.432 0.865 -0.254
vn -0.137 0.988 0.065
vn 0.201 0.961 -0.192
vn 0.175 0.982 0.067
vn -0.055 0.998 0.023
vn 0.133 0.982 0.133
vn 0.013 1.000 0.028
vn 0.257 0.964 -0.067
vn 0.111 0.993 -0.042
vn 0.115 0.973 -0.201
vn -0.090 0.994 0.067
vn -0.027 0.993 -0.113
vn 0.140 0.989 0.039
vn 0.019 1.000 -0.024
vn -0.016 1.000 -0.003
vn 0.141 0.986 -0.092
vn 0.097 0.993 -0.065
vn 0.095 0.992 -0.087
vn -0.188 0.963 -0.192
vn -0.128 0.990 -0.065
vn -0.067 0.997 -0.040
vn 0.051 0.998 -0.025
vn -0.162 0.974 -0.160
vn 0.012 0.990 -0.139
vn 0.034 0.997 -0.071
vn 0.065 0.998 -0.021
vn 0.214 0.975 0.062
vn 0.030 0.974 0.226
vn 0.092 0.994 0.056
vn -0.091 0.993 0.069
vn -0.020 0.999 0.043
vn -0.119 0.989 0.083
vn -0.274 0.946 -0.175
vn 0.033 0.972 0.233
vn 0.113 0.872 0.476
vn -0.042 0.980 0.197
vn -0.061 0.998 0.029
vn -0.198 0.975 0.105
vn -0.088 0.984 -0.156
vn -0.071 0.995 -0.070
vn 0.103 0.924 0.369
vn -0.044 0.993 -0.113
vn -0.100 0.991 -0.087
vn 0.113 0.992 -0.053
vn 0.056 0.997 -0.052
vn -0.109 0.994 -0.012
vn -0.027 0.991 0.128
vn 0.010 1.000 0.001
vn 0.189 0.970 -0.155
vn 0.195 0.980 -0.037
vn 0.075 0.982 -0.172
vn -0.104 0.957 0.272
vn -0.171 0.940 0.296
vn -0.224 0.961 0.164
vn -0.008 0.946 0.325
vn 0.013 0.996 0.094
vn -0.172 0.923 0.345
vn -0.020 0.998 0.066
vn 0.265 0.956 -0.128
vn 0.420 0.898 -0.134
vn 0.445 0.762 -0.470
vn 0.748 0.656 0.101
vn 0.317 0.839 0.443
vn 0.552 0.799 0.237
vn 0.255 0.964 -0.073
vn -0.172 0.759 -0.628
vn -0.258 0.777 -0.574
vn -0.326 0.864 -0.384
vn -0.225 0.951 0.209
vn -0.013 0.999 -0.039
vn -0.268 0.960 -0.083
vn -0.070 0.998 -0.009
vn -0.164 0.907 0.387
vn -0.628 0.778 -0.023
vn -0.133 0.989 0.066
vn -0.078 0.994 0.080
vn 0.097 0.995 -0.008
vn 0.019 0.995 -0.098
vn 0.025 0.992 -0.126
vn 0.108 0.992 -0.060
vn -0.126 0.991 -0.054
vn 0.091 0.972 0.217
vn 0.340 0.917 0.210
vn -0.056 0.993 0.107
vn -0.172 0.978 0.117
vn -0.056 0.998 -0.007
vn 0.144 0.984 -0.106
vn 0.053 0.990 -0.129
vn -0.037 0.999 -0.035
vn -0.065 0.995 0.072
vn 0.022 0.998 0.058
vn 0.022 0.997 0.080
vn -0.075 0.993 0.087
vn -0.162 0.960 -0.227
vn -0.025 0.999 -0.043
vn -0.059 0.927 -0.371
vn -0.007 0.898 -0.440
vn 0.012 0.994 -0.107
vn 0.150 0.989 0.011
vn -0.038 0.995 0.088
vn -0.082 0.996 -0.026
vn -0.033 0.984 -0.177
vn -0.159 0.981 -0.108
vn 0.059 0.990 -0.125
vn -0.112 0.955 -0.276
vn -0.229 0.842 -0.489
vn -0.000 0.990 -0.139
vn -0.162 0.981 0.110
vn -0.171 0.984 -0.056
vn -0.154 0.982 -0.113
vn -0.118 0.953 -0.279
vn -0.347 0.894 -0.283
vn -0.026 0.991 -0.132
vn -0.099 0.985 -0.138
vn -0.065 0.997 0.051
vn -0.093 0.996 -0.017
vn 0.045 0.998 -0.053
vn 0.225 0.968 -0.111
vn -0.059 0.998 0.038
vn -0.421 0.907 -0.020
vn -0.168 0.827 0.536
vn -0.285 0.958 -0.030
vn -0.193 0.852 0.488
vn -0.164 0.865 0.474
vn 0.113 0.993 0.023
vn -0.025 1.000 0.010
vn -0.083 0.978 -0.190
vn -0.029 0.998 -0.056
vn -0.040 0.997 -0.073
vn 0.187 0.982 0.008
vn 0.213 0.970 0.115
vn 0.434 0.901 0.009
vn -0.102 0.993 0.061
vn 0.001 1.000 0.013
vn -0.031 0.998 0.055
vn 0.282 0.959 0.028
vn -0.011 0.982 0.189
vn 0.080 0.991 0.106
vn -0.071 0.996 0.054
vn 0.061 0.996 -0.058
vn 0.103 0.994 -0.039
vn -0.040 0.997 0.071
vn 0.051 0.984 0.169
vn 0.090 0.993 0.074
vn 0.003 0.995 0.097
vn -0.255 0.929 -0.270
vn 0.296 0.948 -0.120
vn 0.008 0.998 0.064
vn 0.237 0.970 0.049
vn 0.107 0.962 0.253
vn -0.073 0.997 0.038
vn 0.035 0.999 -0.017
vn 0.112 0.992 0.059
vn -0.040 0.993 0.113
vn -0.107 0.990 0.092
vn -0.053 0.994 0.093
vn 0.036 0.997 0.061
vn -0.059 0.992 0.116
vn 0.004 0.998 0.061
vn -0.029 0.997 0.077
vn 0.009 0.998 0.070
vn 0.061 0.993 0.101
vn -0.060 0.994 -0.088
vn 0.012 1.000 -0.004
vn -0.221 0.932 -0.287
vn -0.008 0.921 -0.389
vn 0.045 0.968 -0.248
vn -0.071 0.985 -0.158
vn -0.221 0.975 -0.031
vn -0.093 0.995 -0.032
vn -0.155 0.979 0.132
vn -0.015 0.971 -0.239
vn -0.231 0.958 -0.171
vn -0.471 0.869 -0.151
vn -0.151 0.939 -0.309
vn -0.058 0.998 0.037
vn 0.202 0.970 -0.138
vn 0.082 0.994 -0.073
vn -0.100 0.989 -0.111
vn -0.096 0.995 -0.021
vn -0.012 0.894 -0.448
vn -0.301 0.814 -0.497
vn -0.402 0.702 -0.588
vn -0.437 0.881 -0.180
vn -0.458 0.886 0.070
vn 0.266 0.928 -0.262
vn -0.527 0.825 -0.205
vn 0.104 0.962 -0.254
vn -0.319 0.941 -0.115
vn 0.162 0.985 -0.058
vn -0.115 0.993 -0.035
vn 0.014 1.000 -0.018
vn 0.143 0.985 -0.094
vn 0.251 0.965 -0.070
vn 0.184 0.976 -0.113
vn -0.101 0.991 0.089
vn 0.063 0.995 0.078
vn 0.062 0.987 0.147
vn -0.113 0.989 0.091
vn -0.151 0.969 0.195
vn -0.053 0.999 -0.005
vn 0.150 0.953 0.262
vn -0.085 0.968 0.236
vn 0.231 0.968 0.099
vn 0.098 0.941 0.324
vn 0.242 0.919 0.312
vn 0.026 0.993 0.117
vn -0.176 0.935 0.307
vn 0.054 0.974 0.219
vn 0.096 0.947 0.307
vn 0.025 0.956 0.292
vn 0.087 0.995 -0.053
vn -0.009 0.999 0.031
vn -0.072 0.961 0.267
vn -0.092 0.988 0.125
vn -0.088 0.996 -0.003
vn 0.155 0.972 0.177
vn -0.059 0.996 0.061
vn 0.057 0.998 0.010
vn 0.019 0.996 -0.092
vn -0.035 0.995 -0.094
vn -0.073 0.997 -0.009
vn -0.016 1.000 0.011
vn 0.025 1.000 0.017
vn 0.142 0.990 0.019
vn -0.077 0.997 -0.005
vn 0.030 0.999 0.044
vn -0.143 0.983 -0.116
vn -0.569 0.788 -0.234
vn 0.014 0.996 0.089
vn 0.124 0.980 -0.156
vn 0.120 0.986 -0.117
vn 0.013 0.998 -0.055
vn 0.018 0.999 -0.039
vn -0.196 0.910 -0.366
vn -0.084 0.993 -0.079
vn 0.030 0.992 -0.119
vn -0.237 0.971 0.008
vn -0.089 0.995 0.036
vn 0.013 1.000 0.012
vn 0.207 0.977 0.045
vn 0.000 0.992 0.130
vn -0.183 0.975 0.127
vn 0.132 0.968 0.214
vn 0.221 0.923 0.314
vn 0.189 0.975 0.113
vn -0.225 0.960 -0.166
vn 0.231 0.972 -0.042
vn 0.018 0.993 0.120
vn -0.021 0.967 0.254
vn 0.210 0.977 -0.035
vn -0.003 0.999 -0.054
vn -0.148 0.984 0.096
vn -0.045 0.999 -0.005
vn -0.001 0.984 -0.178
vn -0.118 0.918 -0.378
vn 0.084 0.924 -0.374
vn -0.089 0.867 -0.491
vn 0.437 0.791 0.428
vn 0.195 0.966 -0.167
vn 0.014 0.907 -0.420
vn -0.006 0.999 -0.034
vn -0.048 0.868 0.495
vn -0.039 0.997 0.060
vn 0.181 0.905 0.384
vn 0.167 0.978 0.125
vn -0.018 0.935 -0.353
vn -0.114 0.979 -0.168
vn -0.007 0.980 0.201
vn 0.017 0.998 -0.055
vn 0.066 0.996 0.061
vn 0.029 0.986 -0.164
vn 0.158 0.888 0.431
vn 0.013 0.999 0.043
vn 0.015 0.987 0.162
vn -0.053 0.977 -0.206
vn -0.059 0.949 -0.311
vn -0.044 0.944 -0.326
vn 0.013 0.999 -0.038
vn 0.066 0.995 -0.074
vn -0.020 0.994 -0.108
vn -0.026 0.999 -0.019
vn -0.038 0.979 0.200
vn 0.127 0.992 -0.023
vn 0.428 0.902 -0.055
vn 0.340 0.916 -0.214
vn -0.003 0.981 -0.193
vn 0.165 0.938 -0.305
vn 0.165 0.977 -0.139
vn -0.433 0.895 0.109
vn 0.096 0.991 -0.092
vn 0.028 0.966 -0.256
vn -0.159 0.973 -0.165
vn -0.117 0.988 -0.099
vn -0.076 0.976 -0.206
vn 0.305 0.949 -0.081
vn 0.112 0.994 0.002
vn 0.105 0.983 -0.152
vn -0.168 0.976 0.142
vn 0.152 0.963 -0.221
vn 0.026 1.000 0.011
vn 0.094 0.996 -0.011
vn 0.064 0.998 0.008
vn -0.090 0.996 0.012
vn -0.056 0.997 -0.057
vn 0.018 0.990 -0.142
vn 0.045 0.988 -0.148
vn 0.073 0.988 -0.135
vn -0.169 0.982 -0.085
vn 0.170 0.942 0.290
vn -0.120 0.984 0.130
vn 0.040 0.996 -0.081
vn -0.035 0.965 0.259
vn 0.120 0.990 -0.072
vn 0.060 0.998 -0.035
vn -0.067 0.995 0.074
vn -0.179 0.937 0.299
vn 0.048 0.944 0.325
vn -0.326 0.943 -0.062
vn 0.064 0.982 0.177
vn 0.199 0.978 0.065
vn -0.066 0.993 -0.095
vn 0.076 0.970 -0.232
vn -0.308 0.950 0.055
vn -0.169 0.982 0.084
vn -0.500 0.830 0.246
vn -0.244 0.965 -0.098
vn -0.304 0.942 0.141
vn -0.009 1.000 -0.008
vn -0.028 1.000 0.015
vn 0.136 0.990 0.035
vn -0.049 0.986 0.157
vn -0.078 0.993 0.094
vn -0.078 0.997 0.018
vn 0.013 0.941 0.338
vn 0.190 0.979 0.079
vn 0.107 0.991 0.084
vn 0.084 0.981 0.177
vn -0.002 0.993 0.114
vn -0.105 0.985 0.138
vn 0.006 0.987 0.162
vn -0.068 0.995 0.072
vn 0.093 0.943 0.318
vn 0.038 0.989 0.144
vn 0.205 0.814 0.544
vn -0.027 0.824 0.566
vn 0.050 0.966 0.254
vn -0.105 0.946 0.306
vn -0.263 0.965 0.021
vn 0.351 0.936 0.036
vn 0.014 0.953 0.304
vn 0.229 0.964 -0.133
vn 0.132 0.954 0.268
vn -0.107 0.990 0.096
vn 0.186 0.979 -0.088
vn -0.023 0.999 -0.025
vn 0.009 1.000 0.026
vn -0.014 0.986 0.169
vn -0.054 0.976 0.213
vn 0.063 0.853 0.518
vn -0.024 0.998 0.058
vn 0.257 0.920 0.295
vn -0.193 0.861 0.470
vn 0.266 0.921 0.285
vn -0.021 0.994 0.104
vn -0.232 0.919 0.317
vn -0.144 0.980 0.136
vn -0.086 0.996 -0.019
vn 0.209 0.950 -0.234
vn 0.032 0.998 0.057
vn -0.043 0.997 -0.058
vn -0.028 0.997 -0.066
vn -0.038 0.998 -0.043
vn 0.108 0.990 0.087
vn -0.080 0.986 0.149
vn 0.131 0.991 0.011
vn -0.068 0.979 0.193
vn 0.112 0.986 0.122
vn 0.023 0.998 0.057
vn -0.123 0.985 0.121
vn 0.184 0.983 0.015
vn 0.126 0.990 -0.063
vn -0.101 0.993 -0.061
vn -0.366 0.930 0.032
vn -0.284 0.959 -0.022
vn 0.372 0.911 0.181
vn 0.439 0.897 0.045
vn 0.341 0.879 0.333
vn 0.108 0.994 0.017
vn -0.191 0.959 0.209
vn 0.186 0.982 -0.018
vn -0.425 0.904 0.038
vn -0.232 0.968 0.100
vn -0.005 0.999 -0.045
vn 0.010 0.995 -0.096
vn -0.004 1.000 -0.025
vn -0.064 0.998 0.023
vn -0.005 0.997 -0.071
vn 0.023 0.994 -0.108
vn 0.067 0.996 -0.065
vn -0.030 0.997 0.066
vn 0.011 0.999 0.039
vn -0.024 0.999 0.027
vn 0.051 0.999 0.011
vn 0.214 0.967 0.141
vn 0.103 0.974 0.200
vn -0.042 0.930 -0.366
vn 0.176 0.977 0.119
vn 0.210 0.977 0.022
vn 0.105 0.981 0.162
vn 0.079 0.979 -0.190
vn -0.013 0.934 0.356
vn 0.026 0.997 0.075
vn 0.044 0.999 -0.005
vn -0.006 0.999 -0.050
vn -0.161 0.951 0.263
vn 0.105 0.987 -0.123
vn 0.035 0.985 0.170
vn -0.032 0.999 -0.012
vn 0.062 0.941 0.331
vn 0.209 0.978 -0.019
vn -0.071 0.987 0.144
vn 0.000 0.993 0.115
vn -0.083 0.995 0.049
vn -0.010 0.918 -0.396
vn -0.190 0.981 -0.027
vn 0.001 0.999 -0.032
vn 0.084 0.995 -0.051
vn -0.041 0.984 -0.175
vn 0.229 0.973 0.021
vn 0.156 0.952 0.264
vn 0.351 0.929 -0.116
vn -0.377 0.926 0.022
vn 0.056 0.903 -0.425
vn -0.549 0.825 0.131
vn 0.033 0.985 -0.172
vn 0.643 0.762 0.075
vn 0.031 0.975 0.219
vn -0.093 0.931 0.353
vn -0.078 0.963 0.258
vn -0.136 0.987 0.081
vn -0.075 0.985 -0.158
vn 0.149 0.931 -0.332
vn 0.206 0.977 -0.063
vn -0.024 0.998 0.064
vn 0.048 0.981 -0.188
vn 0.221 0.959 0.177
vn 0.099 0.994 -0.055
vn -0.079 0.939 0.335
vn 0.056 0.958 -0.282
vn -0.167 0.835 0.524
vn -0.216 0.974 0.072
vn -0.111 0.956 0.272
vn -0.138 0.990 0.029
vn 0.077 0.936 -0.343
vn -0.117 0.839 -0.531
vn -0.005 1.000 0.026
vn 0.305 0.949 -0.078
vn 0.154 0.984 -0.086
vn 0.069 0.991 0.118
vn -0.274 0.899 0.342
vn 0.003 0.999 0.047
vn 0.082 0.992 -0.091
vn -0.398 0.844 0.359
vn -0.407 0.902 0.141
vn -0.065 0.998 0.025
vn -0.230 0.913 0.338
vn 0.001 0.997 -0.082
vn 0.046 0.998 0.032
vn 0.406 0.905 0.127
vn 0.020 0.876 0.482
vn 0.538 0.803 0.255
vn -0.089 0.981 0.170
vn 0.006 0.998 -0.055
vn 0.016 0.998 -0.053
vn -0.002 0.999 -0.045
vn -0.018 0.998 -0.066
vn 0.026 0.993 -0.114
vn 0.001 0.992 -0.123
vn -0.010 0.996 -0.090
vn -0.045 0.999 -0.028
vn -0.027 0.999 -0.023
vn -0.020 1.000 0.011
vn -0.044 0.997 0.058
vn 0.051 0.999 0.014
vn 0.096 0.995 0.035
vn 0.295 0.911 0.288
vn 0.333 0.943 -0.006
vn 0.051 0.991 0.123
vn 0.058 0.820 0.569
vn 0.160 0.981 -0.111
vn -0.122 0.928 0.352
vn -0.246 0.969 -0.002
vn -0.054 0.992 0.111
vn -0.082 0.960 0.267
vn 0.058 0.985 -0.162
vn 0.086 0.974 0.210
vn 0.078 0.963 0.260
vn 0.107 0.985 0.134
vn -0.058 0.994 0.096
vn 0.178 0.974 0.137
vn 0.061 0.989 -0.138
vn -0.367 0.930 0.038
vn -0.173 0.940 0.295
vn 0.027 0.982 -0.189
vn 0.549 0.808 -0.213
vn 0.153 0.971 -0.182
vn 0.256 0.962 -0.091
vn 0.009 0.994 -0.111
vn -0.046 0.992 0.118
vn 0.085 0.988 0.130
vn -0.241 0.962 0.130
vn -0.088 0.990 -0.114
vn -0.210 0.930 -0.303
vn -0.203 0.972 -0.117
vn -0.075 0.976 0.204
vn -0.413 0.911 0.017
vn -0.067 0.906 0.419
vn 0.234 0.968 -0.089
vn -0.075 0.984 -0.164
vn 0.074 0.997 -0.015
vn 0.353 0.918 -0.178
vn -0.078 0.990 -0.121
vn 0.197 0.959 0.206
vn -0.177 0.975 0.133
vn -0.116 0.927 -0.356
vn -0.087 0.996 0.025
vn -0.037 0.782 0.623
vn -0.018 0.996 -0.085
vn -0.058 0.921 -0.385
vn -0.227 0.940 0.256
vn 0.248 0.936 -0.248
vn 0.184 0.983 -0.010
vn -0.038 0.995 0.098
vn -0.300 0.923 0.241
vn 0.056 0.997 -0.046
vn 0.121 0.967 0.223
vn 0.106 0.993 -0.050
vn -0.070 0.995 -0.068
vn -0.032 0.985 0.171
vn -0.062 0.967 -0.247
vn 0.103 0.992 -0.078
vn 0.375 0.824 0.425
vn -0.036 0.969 -0.245
vn -0.104 0.977 -0.187
vn -0.025 1.000 -0.019
vn 0.033 0.968 0.250
vn 0.155 0.984 0.084
vn -0.321 0.908 0.268
vn 0.048 0.999 -0.013
vn 0.026 0.998 0.055
vn -0.155 0.980 -0.122
vn -0.335 0.940 0.058
vn -0.127 0.987 -0.100
vn 0.143 0.982 -0.123
vn -0.249 0.843 0.477
vn -0.328 0.892 0.310
vn -0.047 0.999 0.015
vn -0.379 0.911 0.164
vn -0.195 0.925 0.326
vn 0.040 0.995 -0.094
vn -0.299 0.907 0.297
vn -0.015 1.000 -0.027
vn -0.022 0.999 -0.036
vn 0.017 0.996 -0.090
vn -0.021 0.999 -0.038
vn 0.035 0.998 -0.047
vn -0.024 0.999 -0.029
vn -0.015 1.000 0.017
vn 0.020 0.998 0.051
vn 0.014 0.999 0.039
vn -0.027 1.000 0.009
vn -0.047 0.999 -0.011
vn -0.036 0.999 -0.019
vn -0.064 0.998 0.009
vn 0.121 0.980 -0.156
vn 0.108 0.878 -0.467
vn -0.078 0.970 -0.229
vn 0.012 0.999 -0.044
vn -0.027 0.992 -0.122
vn 0.050 0.995 -0.081
vn 0.051 0.966 -0.254
vn 0.122 0.990 0.077
vn 0.033 0.991 -0.129
vn -0.047 0.976 0.214
vn -0.168 0.983 -0.081
vn -0.087 0.957 -0.275
vn -0.099 0.993 -0.063
vn -0.119 0.990 -0.078
vn -0.019 0.998 0.060
vn -0.009 0.996 0.093
vn -0.026 0.993 -0.117
vn 0.177 0.975 0.134
vn 0.064 0.984 0.164
vn -0.329 0.938 -0.107
vn -0.164 0.963 0.214
vn -0.039 0.999 0.022
vn 0.002 1.000 0.002
vn 0.120 0.964 0.238
vn -0.007 0.995 0.097
vn 0.111 0.993 0.041
vn 0.070 0.997 -0.045
vn -0.072 0.997 0.006
vn -0.213 0.974 0.073
vn -0.025 0.992 -0.120
vn 0.059 0.986 0.157
vn 0.299 0.952 0.068
vn -0.020 0.999 -0.040
vn -0.100 0.995 0.021
vn -0.344 0.828 0.444
vn 0.033 0.998 -0.056
vn -0.113 0.965 0.236
vn -0.009 1.000 0.016
vn -0.004 1.000 0.011
vn 0.017 1.000 0.022
vn -0.005 1.000 0.006
vn 0.075 0.990 -0.121
vn -0.043 0.974 -0.223
vn -0.115 0.992 -0.049
vn -0.008 0.997 -0.083
vn -0.006 0.997 -0.078
vn -0.003 1.000 0.022
vn -0.004 0.998 0.067
vn -0.004 1.000 0.023
vn -0.055 0.998 0.004
vn 0.024 0.997 -0.074
vn 0.160 0.987 0.012
vn 0.342 0.915 -0.215
vn 0.303 0.904 0.302
vn 0.298 0.926 -0.234
vn -0.128 0.962 -0.240
vn -0.370 0.927 0.055
vn -0.160 0.922 0.352
vn 0.037 0.995 0.088
vn -0.013 1.000 0.001
vn 0.042 0.998 0.041
vn 0.342 0.908 -0.243
vn 0.317 0.882 -0.350
vn -0.157 0.966 -0.203
vn 0.043 0.999 0.032
vn -0.258 0.942 0.212
vn 0.034 0.999 0.013
vn -0.157 0.988 0.005
vn 0.023 0.997 -0.077
vn 0.077 0.979 -0.189
vn -0.085 0.992 -0.090
vn -0.026 0.999 0.019
vn 0.107 0.990 -0.088
vn 0.052 0.989 -0.139
vn 0.006 0.999 -0.050
vn 0.029 0.998 0.050
vn -0.023 0.998 -0.059
vn 0.021 0.982 -0.185
vn -0.197 0.980 0.038
vn -0.230 0.941 0.248
vn -0.122 0.989 -0.081
vn -0.163 0.975 -0.152
vn -0.051 0.905 -0.421
vn 0.179 0.976 0.122
vn 0.402 0.804 0.438
vn 0.263 0.964 0.029
vn 0.415 0.841 -0.347
vn -0.033 0.999 0.010
vn 0.189 0.974 -0.125
vn -0.068 0.994 -0.085
vn 0.049 0.998 -0.042
vn -0.038 0.992 -0.124
vn -0.010 0.999 -0.053
vn 0.072 0.997 0.027
vn 0.186 0.981 0.062
vn 0.201 0.958 -0.206
vn 0.017 1.000 -0.010
vn -0.125 0.955 -0.267
vn 0.088 0.977 -0.195
vn -0.132 0.974 -0.183
vn -0.093 0.987 -0.133
vn -0.048 0.999 -0.020
vn 0.066 0.997 -0.048
vn 0.002 0.993 -0.118
vn 0.044 0.995 -0.094
vn -0.075 0.996 -0.052
vn 0.094 0.988 0.125
vn 0.108 0.993 0.051
vn -0.045 0.946 0.322
vn -0.049 0.999 0.021
vn -0.036 0.999 0.030
vn 0.249 0.961 -0.124
vn 0.423 0.866 -0.268
vn 0.071 0.997 0.032
vn 0.128 0.988 0.081
vn -0.119 0.984 0.135
vn 0.309 0.950 0.033
vn -0.210 0.934 0.288
vn 0.042 0.999 0.013
vn 0.098 0.988 -0.117
vn 0.066 0.992 -0.105
vn 0.011 0.998 -0.068
vn -0.201 0.980 0.001
vn 0.026 0.991 -0.128
vn 0.129 0.992 -0.008
vn 0.079 0.967 -0.241
vn -0.009 1.000 0.008
vn 0.269 0.950 -0.158
vn 0.140 0.898 0.416
vn -0.081 0.994 -0.079
vn 0.138 0.982 0.131
vn 0.288 0.958 -0.009
vn 0.161 0.983 0.086
vn -0.002 0.875 -0.485
vn 0.034 0.999 0.005
vn -0.088 0.995 0.038
vn 0.081 0.992 -0.096
vn -0.079 0.917 0.391
vn -0.327 0.935 0.139
vn -0.119 0.893 0.433
vn 0.030 0.983 0.180
vn -0.005 0.999 0.039
vn 0.204 0.890 -0.408
vn -0.125 0.930 -0.345
vn -0.140 0.972 -0.191
vn -0.256 0.947 0.193
vn -0.019 0.960 -0.278
vn 0.113 0.992 -0.051
vn -0.096 0.946 0.311
vn -0.238 0.830 0.505
vn 0.167 0.985 -0.034
vn 0.199 0.932 -0.302
vn -0.016 1.000 -0.023
vn 0.052 0.999 -0.015
vn 0.077 0.997 -0.012
vn -0.128 0.975 0.181
vn 0.069 0.992 -0.103
vn 0.203 0.953 0.224
vn 0.538 0.843 0.000
vn 0.054 0.991 0.121
vn 0.080 0.995 0.060
vn 0.240 0.961 -0.140
vn 0.124 0.987 0.103
vn 0.008 0.987 0.160
vn 0.103 0.982 -0.160
vn 0.033 0.995 -0.090
vn -0.132 0.989 0.073
vn -0.006 0.972 -0.234
vn 0.250 0.960 -0.128
vn 0.375 0.869 -0.323
vn -0.087 0.887 -0.453
vn 0.223 0.930 -0.292
vn 0.009 0.997 -0.074
vn -0.053 0.949 0.312
vn -0.120 0.912 -0.392
vn 0.034 0.991 -0.133
vn -0.013 0.985 -0.171
vn -0.114 0.902 -0.417
vn -0.068 0.997 0.043
vn -0.029 0.999 0.022
vn -0.058 0.998 -0.030
vn 0.103 0.981 0.166
vn -0.029 0.997 0.066
vn 0.316 0.921 0.228
vn -0.135 0.964 -0.230
vn -0.110 0.917 -0.383
vn -0.003 0.996 -0.091
vn 0.088 0.996 0.020
vn -0.059 0.998 -0.003
vn -0.070 0.997 -0.037
vn -0.151 0.982 -0.115
vn -0.020 0.977 -0.214
vn 0.031 0.983 -0.184
vn 0.005 0.991 -0.131
vn -0.067 0.996 -0.055
vn -0.010 0.999 -0.037
vn 0.006 1.000 0.012
vn -0.081 0.994 0.076
vn 0.094 0.996 -0.007
vn 0.187 0.980 -0.062
vn 0.544 0.839 -0.015
vn 0.558 0.795 -0.239
vn 0.345 0.862 -0.370
vn 0.091 0.841 -0.533
vn -0.222 0.961 -0.167
vn 0.070 0.996 -0.059
vn -0.186 0.974 -0.128
vn -0.067 0.987 -0.148
vn -0.248 0.916 -0.315
vn 0.055 0.988 0.142
vn 0.263 0.961 0.090
vn -0.054 0.994 -0.090
vn 0.090 0.993 0.079
vn 0.014 1.000 -0.006
vn 0.028 0.997 0.070
vn 0.010 0.985 0.171
vn -0.035 0.999 -0.021
vn -0.045 0.990 -0.135
vn -0.171 0.979 -0.112
vn 0.254 0.966 0.040
vn 0.042 0.999 -0.011
vn 0.340 0.935 0.099
vn 0.086 0.994 0.065
vn 0.037 0.996 -0.080
vn -0.182 0.983 -0.025
vn -0.033 0.992 0.125
vn -0.314 0.948 -0.053
vn 0.148 0.989 -0.005
vn -0.209 0.974 -0.091
vn 0.155 0.988 0.014
vn -0.111 0.989 -0.095
vn -0.159 0.983 0.097
vn 0.101 0.955 0.279
vn 0.130 0.991 0.015
vn 0.177 0.983 0.047
vn -0.075 0.995 -0.066
vn -0.129 0.991 0.019
vn 0.058 0.998 -0.037
vn -0.064 0.965 0.256
vn 0.105 0.994 -0.042
vn 0.219 0.948 -0.232
vn -0.001 0.997 -0.076
vn 0.022 0.970 -0.241
vn 0.037 0.997 -0.070
vn -0.192 0.915 -0.354
vn 0.113 0.991 -0.072
vn -0.003 0.992 -0.126
vn 0.117 0.982 -0.150
vn 0.049 0.998 -0.040
vn -0.056 0.997 -0.049
vn 0.063 0.971 -0.230
vn 0.082 0.996 0.029
vn 0.152 0.978 -0.140
vn 0.076 0.991 -0.112
vn 0.167 0.923 -0.346
vn -0.158 0.875 -0.459
vn -0.025 0.978 -0.206
vn -0.023 0.996 0.087
vn -0.231 0.972 -0.045
vn -0.137 0.985 -0.101
vn -0.018 0.999 -0.032
vn 0.068 0.936 0.344
vn -0.108 0.984 -0.140
vn 0.192 0.981 0.015
vn 0.252 0.967 0.047
vn 0.052 0.994 -0.097
vn -0.041 0.880 -0.472
vn -0.160 0.986 -0.040
vn -0.151 0.979 -0.134
vn 0.067 0.742 -0.667
vn -0.263 0.879 0.398
vn -0.461 0.875 0.147
vn -0.113 0.977 0.183
vn -0.136 0.976 -0.170
vn -0.385 0.811 -0.440
vn -0.446 0.752 -0.485
vn -0.309 0.941 -0.135
vn -0.104 0.990 -0.092
vn -0.139 0.971 -0.192
vn -0.054 0.990 -0.129
vn -0.073 0.997 0.017
vn 0.064 0.998 0.024
vn 0.036 0.999 0.029
vn 0.255 0.937 0.238
vn -0.037 0.923 0.383
vn 0.198 0.934 0.298
vn 0.128 0.987 0.101
vn 0.036 0.988 -0.150
vn 0.033 0.994 -0.107
vn 0.001 0.954 -0.301
vn -0.104 0.973 -0.207
vn -0.047 0.986 -0.157
vn -0.108 0.989 -0.098
vn -0.078 0.997 -0.011
vn -0.026 1.000 0.005
vn -0.052 0.997 -0.052
vn 0.186 0.981 -0.055
vn 0.260 0.949 -0.180
vn 0.094 0.993 -0.074
vn 0.261 0.959 -0.107
vn 0.006 0.925 0.380
vn 0.322 0.908 0.269
vn -0.080 0.986 0.149
vn 0.119 0.993 -0.018
vn 0.174 0.963 0.206
vn 0.227 0.936 0.267
vn -0.187 0.978 -0.094
vn 0.006 0.978 -0.208
vn -0.312 0.941 -0.128
vn 0.232 0.959 0.162
vn 0.012 0.996 -0.088
vn -0.028 0.994 0.104
vn -0.087 0.996 -0.033
vn -0.050 0.993 0.111
vn 0.040 0.991 -0.131
vn 0.029 1.000 -0.007
vn -0.082 0.973 0.216
vn -0.086 0.990 -0.115
vn 0.102 0.922 0.375
vn 0.297 0.949 -0.109
vn 0.028 0.877 -0.479
vn 0.387 0.858 0.337
vn -0.011 0.750 -0.662
vn -0.412 0.832 0.373
vn -0.568 0.782 0.257
vn -0.322 0.834 -0.448
vn -0.096 0.956 0.279
vn 0.206 0.763 -0.612
vn 0.027 0.730 -0.683
vn -0.310 0.936 -0.165
vn 0.008 0.720 0.694
vn -0.032 0.941 0.336
vn -0.430 0.874 0.228
vn 0.120 0.959 0.256
vn -0.446 0.867 0.223
vn -0.177 0.984 0.018
vn -0.221 0.955 -0.198
vn -0.046 0.982 -0.186
vn 0.203 0.979 -0.032
vn 0.131 0.990 -0.042
vn -0.030 0.984 0.175
vn 0.208 0.925 0.317
vn 0.173 0.985 0.021
vn -0.033 0.987 -0.158
vn 0.048 0.989 0.142
vn -0.054 0.993 0.104
vn -0.118 0.955 0.272
vn 0.188 0.981 0.057
vn -0.034 0.997 0.063
vn 0.013 0.999 -0.029
vn 0.072 0.997 0.002
vn 0.098 0.994 -0.042
vn -0.125 0.942 -0.313
vn -0.177 0.984 -0.004
vn -0.106 0.991 -0.077
vn -0.177 0.983 -0.045
vn 0.009 0.999 0.039
vn 0.262 0.962 0.077
vn 0.312 0.948 -0.071
vn 0.172 0.978 0.116
vn -0.014 0.951 -0.308
vn 0.047 0.949 -0.312
vn -0.051 0.836 -0.547
vn -0.176 0.975 0.137
vn 0.074 0.740 -0.668
vn 0.095 0.993 -0.068
vn 0.278 0.916 -0.289
vn 0.200 0.659 -0.725
vn 0.048 0.961 -0.272
vn -0.024 0.915 -0.403
vn 0.157 0.970 -0.184
vn -0.088 0.824 0.560
vn -0.248 0.956 0.156
vn 0.199 0.829 -0.523
vn 0.272 0.948 -0.167
vn 0.107 0.918 0.381
vn 0.060 0.645 0.762
vn 0.219 0.975 0.035
vn -0.145 0.980 -0.136
vn -0.233 0.965 0.122
vn -0.040 0.996 0.077
vn 0.060 0.952 0.300
vn -0.092 0.995 0.041
vn -0.164 0.986 0.036
vn -0.085 0.996 0.023
vn 0.037 0.999 -0.038
vn -0.056 0.998 -0.040
vn 0.009 1.000 0.020
vn -0.031 0.988 0.153
vn 0.073 0.992 0.102
vn 0.168 0.958 0.234
vn 0.114 0.953 0.281
vn 0.182 0.976 0.119
vn 0.055 0.989 0.134
vn -0.040 0.981 0.188
vn -0.020 0.986 0.167
vn 0.005 0.944 0.329
vn 0.162 0.975 0.154
vn -0.029 0.987 0.159
vn -0.008 0.993 0.114
vn 0.064 0.997 -0.053
vn -0.064 0.997 0.049
vn -0.063 0.998 -0.011
vn -0.030 0.977 -0.210
vn -0.013 0.983 0.183
vn -0.036 0.991 0.127
vn 0.230 0.939 0.256
vn 0.137 0.932 0.334
vn 0.235 0.962 0.137
vn -0.115 0.992 -0.052
vn -0.124 0.946 0.300
vn 0.212 0.960 0.181
vn 0.005 0.883 0.470
vn -0.148 0.986 -0.077
vn -0.015 0.999 0.035
vn -0.172 0.984 0.043
vn 0.189 0.958 0.217
vn -0.145 0.896 0.421
vn 0.006 0.989 0.145
vn -0.275 0.932 0.235
vn -0.084 0.991 0.107
vn -0.166 0.954 0.251
vn 0.001 0.999 0.035
vn 0.051 0.999 0.017
vn -0.002 0.999 -0.048
vn -0.056 0.989 0.135
vn -0.094 0.995 -0.023
vn -0.068 0.993 0.101
vn -0.240 0.965 -0.104
vn -0.161 0.984 0.078
vn 0.001 0.999 -0.036
vn 0.051 0.998 0.042
vn 0.015 0.973 0.230
vn 0.097 0.841 0.532
vn 0.051 0.983 0.174
vn -0.209 0.854 0.477
vn -0.079 0.887 0.455
vn -0.128 0.868 0.480
vn 0.066 0.998 0.001
vn 0.047 0.936 0.348
vn 0.059 0.997 0.048
vn -0.046 0.998 0.052
vn -0.141 0.990 0.028
vn -0.050 0.999 0.021
vn 0.026 0.997 0.070
vn -0.015 0.998 0.068
vn -0.045 0.999 -0.015
vn -0.026 1.000 -0.015
vn 0.057 0.998 -0.024
vn 0.117 0.992 -0.054
vn -0.047 0.999 0.005
vn 0.089 0.990 -0.111
vn 0.025 0.997 -0.072
vn 0.022 0.991 -0.134
vn -0.004 0.998 0.058
vn 0.482 0.858 -0.177
vn 0.102 0.931 -0.351
vn 0.039 0.942 -0.334
vn -0.398 0.917 -0.018
vn -0.077 0.969 0.236
vn -0.093 0.991 0.099
vn -0.269 0.927 0.260
vn -0.003 0.999 0.037
vn 0.002 0.999 -0.041
vn 0.122 0.979 0.161
vn 0.049 0.997 0.065
vn -0.114 0.950 0.291
vn -0.047 0.995 -0.090
vn 0.019 0.963 0.268
vn -0.150 0.952 0.265
vn -0.078 0.983 0.167
vn 0.053 0.993 -0.105
vn -0.035 0.997 0.071
vn 0.133 0.983 -0.126
vn -0.068 0.939 0.338
vn -0.010 0.996 -0.084
vn 0.075 0.997 -0.029
vn 0.125 0.992 0.006
vn -0.289 0.951 0.114
vn -0.239 0.953 0.187
vn -0.006 0.985 -0.174
vn -0.126 0.989 -0.072
vn 0.099 0.984 0.150
vn 0.080 0.991 0.103
vn 0.033 0.999 0.025
vn -0.233 0.959 0.163
vn 0.037 0.999 0.025
vn 0.022 1.000 -0.002
vn -0.024 0.999 -0.028
vn 0.047 0.998 -0.050
vn 0.135 0.990 -0.049
vn 0.032 0.999 0.013
vn 0.025 1.000 0.014
vn -0.085 0.993 0.085
vn -0.106 0.994 0.022
vn -0.068 0.981 -0.184
vn 0.023 0.957 -0.290
vn 0.039 0.938 -0.345
vn -0.036 0.990 -0.134
vn 0.022 0.985 -0.171
vn 0.057 0.989 -0.136
vn -0.022 0.999 0.037
vn 0.042 0.997 0.068
vn 0.326 0.937 -0.124
vn 0.001 0.966 -0.259
vn -0.204 0.945 -0.256
vn -0.056 0.928 -0.368
vn -0.058 0.955 -0.291
vn -0.149 0.987 0.053
vn -0.185 0.964 -0.190
vn 0.090 0.995 -0.044
vn 0.143 0.986 -0.092
vn 0.087 0.975 -0.206
vn 0.194 0.898 -0.395
vn 0.019 0.938 -0.347
vn 0.079 0.926 -0.370
vn -0.060 0.985 -0.163
vn -0.005 0.899 -0.438
vn 0.083 0.774 -0.628
vn 0.233 0.775 -0.588
vn 0.011 0.986 0.168
vn 0.203 0.857 -0.473
vn 0.066 0.969 -0.239
vn 0.046 0.818 -0.574
vn 0.022 0.917 -0.399
vn -0.214 0.815 -0.538
vn -0.171 0.907 -0.384
vn -0.059 0.995 0.075
vn 0.002 0.945 0.327
vn 0.033 0.956 -0.292
vn 0.013 0.993 -0.119
vn 0.044 0.999 0.007
vn -0.007 0.930 0.369
vn -0.009 0.992 -0.124
vn -0.024 0.906 -0.422
vn 0.088 0.988 0.125
vn 0.159 0.951 -0.265
vn -0.186 0.961 -0.204
vn -0.059 0.966 0.253
vn 0.017 0.853 -0.522
vn -0.144 0.967 0.210
vn -0.233 0.947 -0.220
vn -0.025 0.993 -0.113
vn -0.209 0.976 -0.064
vn 0.093 0.995 -0.022
vn 0.021 1.000 -0.016
vn -0.019 1.000 0.002
vn 0.038 0.999 0.002
vn 0.034 0.993 0.115
vn 0.055 0.991 0.119
vn -0.068 0.990 0.128
vn 0.108 0.994 -0.036
vn -0.012 0.995 0.096
vn 0.269 0.801 -0.534
vn -0.038 0.999 -0.013
vn 0.255 0.901 -0.351
vn 0.193 0.931 -0.310
vn 0.229 0.842 -0.488
vn -0.040 0.792 -0.610
vn 0.220 0.936 -0.275
vn 0.091 0.973 0.212
vn -0.197 0.976 -0.090
vn 0.115 0.993 0.017
vn 0.135 0.956 -0.259
vn 0.069 0.809 -0.583
vn -0.077 0.868 -0.491
vn -0.024 0.970 -0.241
vn 0.419 0.878 -0.232
vn 0.038 0.889 -0.457
vn -0.176 0.983 0.059
vn -0.025 0.975 -0.220
vn -0.212 0.959 -0.187
vn -0.037 0.988 -0.151
vn -0.035 0.992 -0.120
vn -0.080 0.996 -0.046
vn -0.115 0.993 0.004
vn 0.150 0.988 -0.044
vn 0.228 0.966 0.122
vn 0.031 0.999 0.021
vn -0.104 0.943 0.317
vn -0.228 0.967 -0.110
vn -0.071 0.995 -0.074
vn -0.066 0.934 0.350
vn 0.138 0.990 -0.027
vn -0.151 0.989 0.007
vn -0.102 0.979 0.177
vn -0.509 0.860 0.043
vn -0.148 0.989 -0.006
vn 0.057 0.997 -0.047
vn 0.299 0.923 -0.241
vn -0.069 0.994 0.081
vn -0.104 0.976 0.190
vn 0.004 0.944 0.330
vn 0.052 0.995 0.088
vn 0.037 0.972 0.233
vn 0.096 0.995 0.023
vn -0.044 0.995 0.089
vn -0.226 0.959 -0.170
vn -0.157 0.985 -0.075
vn 0.232 0.970 -0.071
vn 0.220 0.940 -0.261
vn 0.023 0.922 0.386
vn -0.177 0.930 0.323
vn 0.012 1.000 -0.006
vn -0.226 0.967 -0.119
vn -0.038 0.998 -0.041
vn -0.260 0.965 0.032
vn -0.054 0.969 0.242
vn -0.035 0.996 -0.086
vn 0.055 0.823 0.566
vn 0.261 0.965 0.010
vn -0.124 0.987 -0.106
vn 0.070 0.984 0.163
vn 0.093 0.948 0.305
vn -0.016 0.984 0.177
vn -0.028 0.999 -0.040
vn 0.027 0.985 0.170
vn -0.334 0.940 -0.067
vn -0.176 0.984 0.031
vn 0.064 0.995 -0.080
vn 0.016 0.997 -0.069
vn -0.028 0.998 -0.063
vn -0.046 0.999 0.004
vn 0.010 1.000 0.018
vn 0.062 0.996 0.056
vn 0.121 0.976 -0.180
vn 0.123 0.975 -0.183
vn 0.352 0.815 -0.460
vn 0.543 0.729 -0.417
vn 0.008 0.951 -0.309
vn 0.407 0.872 0.271
vn -0.162 0.951 0.265
vn 0.273 0.847 -0.456
vn 0.412 0.875 -0.255
vn 0.152 0.982 -0.108
vn 0.028 1.000 0.011
vn 0.155 0.932 -0.329
vn -0.030 0.999 -0.018
vn -0.289 0.937 0.196
vn -0.199 0.980 -0.002
vn -0.019 0.988 0.151
vn 0.061 0.998 0.009
vn -0.393 0.777 0.492
vn 0.045 0.998 0.051
vn 0.103 0.976 -0.190
vn 0.190 0.967 0.172
vn -0.011 1.000 -0.025
vn -0.084 0.993 -0.085
vn -0.010 0.999 -0.034
vn -0.134 0.989 -0.065
vn -0.049 0.998 0.032
vn -0.079 0.997 -0.027
vn 0.045 0.999 0.015
vn 0.008 0.994 0.111
vn -0.048 0.994 0.098
vn 0.084 0.974 -0.209
vn 0.017 0.900 -0.437
vn 0.037 0.999 0.005
vn 0.246 0.833 -0.496
vn -0.065 0.996 0.055
vn 0.106 0.894 -0.435
vn 0.332 0.880 -0.340
vn 0.260 0.826 -0.500
vn 0.268 0.895 -0.356
vn 0.125 0.956 -0.267
vn -0.133 0.957 0.259
vn 0.020 0.988 -0.154
vn 0.471 0.740 -0.481
vn 0.071 0.997 -0.033
vn -0.134 0.986 0.100
vn 0.032 0.992 -0.120
vn 0.087 0.989 -0.116
vn -0.093 0.995 -0.023
vn 0.033 0.998 -0.048
vn -0.086 0.964 -0.251
vn 0.165 0.982 0.094
vn -0.126 0.991 -0.033
vn 0.331 0.938 -0.101
vn 0.480 0.852 0.206
vn -0.016 1.000 -0.010
vn -0.578 0.757 -0.305
vn -0.284 0.958 0.043
vn -0.372 0.927 0.049
vn -0.010 0.963 -0.269
vn -0.286 0.956 0.060
vn -0.613 0.778 -0.141
vn 0.041 0.997 0.071
vn -0.439 0.898 -0.009
vn 0.106 0.994 -0.015
vn 0.039 0.969 -0.244
vn -0.039 0.997 -0.071
vn -0.002 0.999 0.040
vn -0.066 0.994 0.090
vn -0.051 0.997 0.054
vn 0.014 0.997 -0.081
vn 0.198 0.946 -0.255
vn 0.117 0.991 -0.062
vn -0.003 0.990 -0.143
vn -0.086 0.927 -0.366
vn -0.070 0.997 0.032
vn -0.275 0.957 0.097
vn 0.078 0.996 -0.031
vn 0.164 0.986 0.019
vn 0.040 0.998 0.045
vn -0.014 1.000 -0.009
vn -0.149 0.989 0.000
vn 0.082 0.995 0.057
vn 0.012 0.999 0.053
vn -0.305 0.951 0.047
vn -0.085 0.964 0.251
vn 0.037 0.990 0.135
vn -0.224 0.973 0.055
vn -0.019 0.996 0.087
vn 0.023 0.997 0.073
vn 0.023 0.999 0.040
vn 0.142 0.990 -0.023
vn 0.233 0.968 -0.089
vn 0.052 0.966 -0.252
vn -0.145 0.964 0.222
vn -0.015 0.988 -0.154
vn 0.041 0.994 -0.099
vn 0.215 0.827 -0.520
vn -0.068 0.970 0.234
vn -0.089 0.940 0.329
vn 0.095 0.896 -0.434
vn -0.199 0.911 0.362
vn -0.018 0.997 0.073
vn 0.092 0.995 -0.033
vn -0.009 0.998 -0.062
vn 0.044 0.998 -0.040
vn -0.033 0.999 0.019
vn -0.162 0.984 0.071
vt 0.000000 0.000000
vt 0.000000 0.031250
vt 0.031265 0.000000
vt 0.031265 0.031250
vt 0.062531 0.000000
vt 0.062531 0.031250
vt 0.078163 0.015625
vt 0.093796 0.000000
vt 0.093796 0.031250
vt 0.078163 0.031250
vt 0.125061 0.000000
vt 0.125061 0.031250
vt 0.156326 0.000000
vt 0.156326 0.031250
vt 0.187592 0.000000
vt 0.187592 0.031250
vt 0.218857 0.000000
vt 0.218857 0.031250
vt 0.250122 0.000000
vt 0.250122 0.031250
vt 0.265755 0.015625
vt 0.281387 0.000000
vt 0.281387 0.031250
vt 0.265755 0.031250
vt 0.312653 0.000000
vt 0.312653 0.031250
vt 0.343918 0.000000
vt 0.343918 0.031250
vt 0.375183 0.000000
vt 0.375183 0.031250
vt 0.406448 0.000000
vt 0.406448 0.031250
vt 0.437714 0.000000
vt 0.437714 0.031250
vt 0.468979 0.000000
vt 0.468979 0.031250
vt 0.500244 0.000000
vt 0.500244 0.031250
vt 0.531510 0.000000
vt 0.531510 0.031250
vt 0.547142 0.015625
vt 0.562775 0.000000
vt 0.562775 0.031250
vt 0.562775 0.015625
vt 0.578407 0.015625
vt 0.570591 0.007813
vt 0.594040 0.000000
vt 0.578407 0.000000
vt 0.594040 0.031250
vt 0.625305 0.000000
vt 0.625305 0.031250
vt 0.656571 0.000000
vt 0.656571 0.031250
vt 0.687836 0.000000
vt 0.687836 0.031250
vt 0.719101 0.000000
vt 0.719101 0.031250
vt 0.750366 0.000000
vt 0.750366 0.031250
vt 0.781632 0.000000
vt 0.781632 0.031250
vt 0.812897 0.000000
vt 0.812897 0.031250
vt 0.844162 0.000000
vt 0.844162 0.031250
vt 0.875427 0.000000
vt 0.875427 0.031250
vt 0.906693 0.000000
vt 0.906693 0.031250
vt 0.937958 0.000000
vt 0.937958 0.031250
vt 0.969223 0.000000
vt 0.969223 0.031250
vt 1.000000 0.000000
vt 1.000000 0.031250
vt 0.000000 0.062500
vt 0.031265 0.062500
vt 0.046898 0.046875
vt 0.062531 0.062500
vt 0.062531 0.046875
vt 0.078163 0.046875
vt 0.070347 0.054688
vt 0.085979 0.039063
vt 0.085979 0.054688
vt 0.093796 0.046875
vt 0.085979 0.046875
vt 0.082071 0.050781
vt 0.093796 0.062500
vt 0.078163 0.062500
vt 0.078163 0.054688
vt 0.109428 0.046875
vt 0.125061 0.062500
vt 0.156326 0.062500
vt 0.187592 0.062500
vt 0.218857 0.062500
vt 0.250122 0.062500
vt 0.265755 0.046875
vt 0.281387 0.062500
vt 0.312653 0.062500
vt 0.343918 0.062500
vt 0.375183 0.062500
vt 0.406448 0.062500
vt 0.437714 0.062500
vt 0.468979 0.062500
vt 0.500244 0.062500
vt 0.531510 0.062500
vt 0.562775 0.062500
vt 0.594040 0.062500
vt 0.625305 0.062500
vt 0.656571 0.062500
vt 0.687836 0.062500
vt 0.719101 0.062500
vt 0.750366 0.062500
vt 0.781632 0.062500
vt 0.812897 0.062500
vt 0.844162 0.062500
vt 0.875427 0.062500
vt 0.906693 0.062500
vt 0.937958 0.062500
vt 0.969223 0.062500
vt 1.000000 0.062500
vt 0.000000 0.093750
vt 0.031265 0.093750
vt 0.062531 0.093750
vt 0.078163 0.078125
vt 0.093796 0.093750
vt 0.125061 0.093750
vt 0.156326 0.093750
vt 0.187592 0.093750
vt 0.218857 0.093750
vt 0.250122 0.093750
vt 0.281387 0.093750
vt 0.312653 0.093750
vt 0.343918 0.093750
vt 0.375183 0.093750
vt 0.406448 0.093750
vt 0.437714 0.093750
vt 0.468979 0.093750
vt 0.500244 0.093750
vt 0.531510 0.093750
vt 0.562775 0.093750
vt 0.594040 0.093750
vt 0.625305 0.093750
vt 0.656571 0.093750
vt 0.687836 0.093750
vt 0.719101 0.093750
vt 0.750366 0.093750
vt 0.781632 0.093750
vt 0.812897 0.093750
vt 0.844162 0.093750
vt 0.875427 0.093750
vt 0.906693 0.093750
vt 0.937958 0.093750
vt 0.969223 0.093750
vt 1.000000 0.093750
vt 0.000000 0.125000
vt 0.031265 0.125000
vt 0.062531 0.125000
vt 0.093796 0.125000
vt 0.125061 0.125000
vt 0.156326 0.125000
vt 0.187592 0.125000
vt 0.218857 0.125000
vt 0.250122 0.125000
vt 0.281387 0.125000
vt 0.312653 0.125000
vt 0.343918 0.125000
vt 0.375183 0.125000
vt 0.406448 0.125000
vt 0.437714 0.125000
vt 0.468979 0.125000
vt 0.500244 0.125000
vt 0.531510 0.125000
vt 0.562775 0.125000
vt 0.578407 0.109375
vt 0.594040 0.125000
vt 0.594040 0.109375
vt 0.609673 0.109375
vt 0.601856 0.117188
vt 0.625305 0.125000
vt 0.609673 0.125000
vt 0.656571 0.125000
vt 0.687836 0.125000
vt 0.719101 0.125000
vt 0.750366 0.125000
vt 0.781632 0.125000
vt 0.812897 0.125000
vt 0.844162 0.125000
vt 0.875427 0.125000
vt 0.906693 0.125000
vt 0.937958 0.125000
vt 0.969223 0.125000
vt 0.984612 0.109375
vt 1.000000 0.125000
vt 0.984612 0.125000
vt 0.000000 0.156250
vt 0.015633 0.140625
vt 0.031265 0.156250
vt 0.015633 0.156250
vt 0.062531 0.156250
vt 0.093796 0.156250
vt 0.125061 0.156250
vt 0.156326 0.156250
vt 0.187592 0.156250
vt 0.218857 0.156250
vt 0.250122 0.156250
vt 0.281387 0.156250
vt 0.312653 0.156250
vt 0.343918 0.156250
vt 0.375183 0.156250
vt 0.406448 0.156250
vt 0.437714 0.156250
vt 0.468979 0.156250
vt 0.500244 0.156250
vt 0.531510 0.156250
vt 0.562775 0.156250
vt 0.594040 0.156250
vt 0.609673 0.140625
vt 0.625305 0.156250
vt 0.656571 0.156250
vt 0.687836 0.156250
vt 0.719101 0.156250
vt 0.750366 0.156250
vt 0.781632 0.156250
vt 0.812897 0.156250
vt 0.844162 0.156250
vt 0.875427 0.156250
vt 0.906693 0.156250
vt 0.937958 0.156250
vt 0.969223 0.156250
vt 0.984612 0.140625
vt 0.992306 0.132813
vt 0.992306 0.148437
vt 1.000000 0.140625
vt 0.992306 0.140625
vt 1.000000 0.156250
vt 0.984612 0.156250
vt 0.000000 0.171875
vt 0.000000 0.187500
vt 0.015633 0.171875
vt 0.007816 0.164063
vt 0.031265 0.187500
vt 0.046898 0.171875
vt 0.062531 0.187500
vt 0.046898 0.187500
vt 0.093796 0.187500
vt 0.125061 0.187500
vt 0.156326 0.187500
vt 0.187592 0.187500
vt 0.218857 0.187500
vt 0.250122 0.187500
vt 0.281387 0.187500
vt 0.312653 0.187500
vt 0.343918 0.187500
vt 0.375183 0.187500
vt 0.406448 0.187500
vt 0.437714 0.187500
vt 0.468979 0.187500
vt 0.500244 0.187500
vt 0.531510 0.187500
vt 0.562775 0.187500
vt 0.594040 0.187500
vt 0.625305 0.187500
vt 0.656571 0.187500
vt 0.687836 0.187500
vt 0.719101 0.187500
vt 0.750366 0.187500
vt 0.781632 0.187500
vt 0.812897 0.187500
vt 0.844162 0.187500
vt 0.875427 0.187500
vt 0.906693 0.187500
vt 0.937958 0.187500
vt 0.969223 0.187500
vt 0.984612 0.171875
vt 1.000000 0.187500
vt 0.984612 0.187500
vt 0.000000 0.218750
vt 0.031265 0.218750
vt 0.046898 0.203125
vt 0.062531 0.218750
vt 0.093796 0.218750
vt 0.125061 0.218750
vt 0.156326 0.218750
vt 0.187592 0.218750
vt 0.218857 0.218750
vt 0.250122 0.218750
vt 0.281387 0.218750
vt 0.312653 0.218750
vt 0.343918 0.218750
vt 0.375183 0.218750
vt 0.406448 0.218750
vt 0.437714 0.218750
vt 0.468979 0.218750
vt 0.500244 0.218750
vt 0.531510 0.218750
vt 0.562775 0.218750
vt 0.594040 0.218750
vt 0.625305 0.218750
vt 0.656571 0.218750
vt 0.687836 0.218750
vt 0.703469 0.203125
vt 0.719101 0.218750
vt 0.703469 0.218750
vt 0.734734 0.203125
vt 0.750366 0.218750
vt 0.734734 0.218750
vt 0.781632 0.218750
vt 0.812897 0.218750
vt 0.844162 0.218750
vt 0.875427 0.218750
vt 0.906693 0.218750
vt 0.937958 0.218750
vt 0.953591 0.203125
vt 0.969223 0.203125
vt 0.961407 0.210937
vt 0.969223 0.218750
vt 0.953591 0.218750
vt 0.984612 0.203125
vt 0.976918 0.195313
vt 1.000000 0.218750
vt 0.000000 0.250000
vt 0.031265 0.250000
vt 0.062531 0.250000
vt 0.093796 0.250000
vt 0.125061 0.250000
vt 0.156326 0.250000
vt 0.171959 0.234375
vt 0.187592 0.234375
vt 0.179775 0.242187
vt 0.187592 0.250000
vt 0.171959 0.250000
vt 0.203224 0.234375
vt 0.218857 0.250000
vt 0.250122 0.250000
vt 0.281387 0.250000
vt 0.312653 0.250000
vt 0.343918 0.250000
vt 0.375183 0.250000
vt 0.406448 0.250000
vt 0.437714 0.250000
vt 0.468979 0.250000
vt 0.500244 0.250000
vt 0.531510 0.250000
vt 0.562775 0.250000
vt 0.578407 0.234375
vt 0.594040 0.250000
vt 0.578407 0.250000
vt 0.609673 0.234375
vt 0.625305 0.250000
vt 0.609673 0.250000
vt 0.640938 0.234375
vt 0.656571 0.250000
vt 0.656571 0.234375
vt 0.640938 0.250000
vt 0.672203 0.234375
vt 0.664387 0.242187
vt 0.687836 0.234375
vt 0.680019 0.242187
vt 0.687836 0.250000
vt 0.672203 0.242187
vt 0.668295 0.246094
vt 0.672203 0.250000
vt 0.664387 0.250000
vt 0.703469 0.234375
vt 0.695652 0.242187
vt 0.711285 0.226563
vt 0.711285 0.242187
vt 0.719101 0.234375
vt 0.711285 0.234375
vt 0.707377 0.238281
vt 0.719101 0.250000
vt 0.703469 0.250000
vt 0.703469 0.242187
vt 0.734734 0.234375
vt 0.726917 0.226563
vt 0.742550 0.226563
vt 0.750366 0.250000
vt 0.750366 0.234375
vt 0.765999 0.234375
vt 0.758183 0.242187
vt 0.781632 0.234375
vt 0.773815 0.242187
vt 0.781632 0.250000
vt 0.781632 0.242187
vt 0.765999 0.250000
vt 0.765999 0.242187
vt 0.797264 0.234375
vt 0.789448 0.242187
vt 0.812897 0.250000
vt 0.797264 0.250000
vt 0.828530 0.234375
vt 0.844162 0.250000
vt 0.828530 0.250000
vt 0.875427 0.250000
vt 0.906693 0.250000
vt 0.937958 0.250000
vt 0.953591 0.234375
vt 0.969223 0.234375
vt 0.961407 0.242187
vt 0.969223 0.250000
vt 0.953591 0.250000
vt 0.984612 0.234375
vt 0.976918 0.242187
vt 1.000000 0.250000
vt 0.984612 0.250000
vt 0.000000 0.281250
vt 0.031265 0.281250
vt 0.062531 0.281250
vt 0.093796 0.281250
vt 0.125061 0.281250
vt 0.140694 0.265625
vt 0.156326 0.281250
vt 0.140694 0.281250
vt 0.171959 0.265625
vt 0.187592 0.281250
vt 0.218857 0.281250
vt 0.250122 0.281250
vt 0.281387 0.281250
vt 0.297020 0.265625
vt 0.312653 0.281250
vt 0.297020 0.281250
vt 0.328285 0.265625
vt 0.343918 0.281250
vt 0.328285 0.281250
vt 0.359551 0.265625
vt 0.375183 0.281250
vt 0.359551 0.281250
vt 0.406448 0.281250
vt 0.437714 0.281250
vt 0.468979 0.281250
vt 0.500244 0.281250
vt 0.531510 0.281250
vt 0.562775 0.281250
vt 0.578407 0.265625
vt 0.586224 0.257813
vt 0.594040 0.281250
vt 0.594040 0.265625
vt 0.594040 0.257813
vt 0.578407 0.281250
vt 0.609673 0.265625
vt 0.601856 0.257813
vt 0.617489 0.257813
vt 0.609673 0.257813
vt 0.625305 0.281250
vt 0.625305 0.265625
vt 0.640938 0.265625
vt 0.633122 0.257813
vt 0.648754 0.257813
vt 0.640938 0.257813
vt 0.656571 0.281250
vt 0.656571 0.265625
vt 0.672203 0.265625
vt 0.664387 0.257813
vt 0.687836 0.281250
vt 0.672203 0.281250
vt 0.703469 0.265625
vt 0.719101 0.281250
vt 0.734734 0.265625
vt 0.750366 0.281250
vt 0.734734 0.281250
vt 0.765999 0.265625
vt 0.781632 0.281250
vt 0.797264 0.265625
vt 0.812897 0.281250
vt 0.812897 0.265625
vt 0.820713 0.257813
vt 0.820713 0.265625
vt 0.828530 0.265625
vt 0.820713 0.273438
vt 0.844162 0.281250
vt 0.828530 0.281250
vt 0.875427 0.281250
vt 0.906693 0.281250
vt 0.937958 0.281250
vt 0.953591 0.265625
vt 0.969223 0.281250
vt 0.984612 0.265625
vt 1.000000 0.281250
vt 0.000000 0.312500
vt 0.031265 0.312500
vt 0.062531 0.312500
vt 0.093796 0.312500
vt 0.125061 0.312500
vt 0.140694 0.296875
vt 0.156326 0.312500
vt 0.140694 0.312500
vt 0.187592 0.312500
vt 0.218857 0.312500
vt 0.234490 0.296875
vt 0.250122 0.312500
vt 0.234490 0.312500
vt 0.281387 0.312500
vt 0.297020 0.296875
vt 0.304836 0.289063
vt 0.312653 0.312500
vt 0.312653 0.296875
vt 0.328285 0.296875
vt 0.336102 0.289063
vt 0.343918 0.312500
vt 0.343918 0.296875
vt 0.359551 0.296875
vt 0.351734 0.289063
vt 0.367367 0.289063
vt 0.359551 0.289063
vt 0.375183 0.312500
vt 0.375183 0.296875
vt 0.390816 0.296875
vt 0.406448 0.312500
vt 0.406448 0.296875
vt 0.422081 0.296875
vt 0.437714 0.312500
vt 0.437714 0.296875
vt 0.422081 0.312500
vt 0.453346 0.296875
vt 0.445530 0.304688
vt 0.468979 0.296875
vt 0.461163 0.304688
vt 0.468979 0.312500
vt 0.468979 0.304688
vt 0.453346 0.312500
vt 0.453346 0.304688
vt 0.484612 0.296875
vt 0.476795 0.304688
vt 0.500244 0.312500
vt 0.500244 0.296875
vt 0.484612 0.312500
vt 0.515877 0.296875
vt 0.508061 0.304688
vt 0.531510 0.312500
vt 0.515877 0.312500
vt 0.547142 0.296875
vt 0.562775 0.312500
vt 0.562775 0.296875
vt 0.578407 0.296875
vt 0.570591 0.289063
vt 0.594040 0.312500
vt 0.625305 0.312500
vt 0.640938 0.296875
vt 0.656571 0.312500
vt 0.656571 0.296875
vt 0.672203 0.296875
vt 0.664387 0.289063
vt 0.687836 0.312500
vt 0.703469 0.296875
vt 0.719101 0.312500
vt 0.719101 0.296875
vt 0.726917 0.289063
vt 0.726917 0.296875
vt 0.734734 0.296875
vt 0.726917 0.304688
vt 0.730826 0.300781
vt 0.750366 0.296875
vt 0.742550 0.304688
vt 0.750366 0.312500
vt 0.734734 0.312500
vt 0.734734 0.304688
vt 0.742550 0.312500
vt 0.765999 0.296875
vt 0.781632 0.312500
vt 0.765999 0.312500
vt 0.812897 0.312500
vt 0.828530 0.296875
vt 0.836346 0.289063
vt 0.836346 0.304688
vt 0.844162 0.296875
vt 0.836346 0.296875
vt 0.844162 0.312500
vt 0.828530 0.312500
vt 0.859795 0.296875
vt 0.875427 0.312500
vt 0.906693 0.312500
vt 0.937958 0.312500
vt 0.969223 0.312500
vt 1.000000 0.312500
vt 0.000000 0.343750
vt 0.031265 0.343750
vt 0.062531 0.343750
vt 0.093796 0.343750
vt 0.109428 0.328125
vt 0.125061 0.343750
vt 0.125061 0.328125
vt 0.140694 0.328125
vt 0.132877 0.320313
vt 0.156326 0.343750
vt 0.187592 0.343750
vt 0.203224 0.328125
vt 0.218857 0.343750
vt 0.218857 0.328125
vt 0.234490 0.328125
vt 0.226673 0.320313
vt 0.250122 0.343750
vt 0.281387 0.343750
vt 0.312653 0.343750
vt 0.343918 0.343750
vt 0.375183 0.343750
vt 0.406448 0.343750
vt 0.422081 0.328125
vt 0.437714 0.343750
vt 0.453346 0.328125
vt 0.468979 0.343750
vt 0.484612 0.328125
vt 0.500244 0.328125
vt 0.492428 0.335938
vt 0.500244 0.335938
vt 0.496336 0.339844
vt 0.500244 0.343750
vt 0.484612 0.343750
vt 0.492428 0.343750
vt 0.515877 0.328125
vt 0.508061 0.335938
vt 0.531510 0.343750
vt 0.531510 0.328125
vt 0.515877 0.343750
vt 0.547142 0.328125
vt 0.539326 0.335938
vt 0.562775 0.343750
vt 0.547142 0.343750
vt 0.594040 0.343750
vt 0.625305 0.343750
vt 0.640938 0.328125
vt 0.656571 0.343750
vt 0.656571 0.328125
vt 0.672203 0.328125
vt 0.664387 0.335938
vt 0.687836 0.328125
vt 0.680019 0.335938
vt 0.687836 0.343750
vt 0.687836 0.335938
vt 0.672203 0.343750
vt 0.672203 0.335938
vt 0.703469 0.328125
vt 0.695652 0.335938
vt 0.719101 0.328125
vt 0.711285 0.335938
vt 0.719101 0.343750
vt 0.703469 0.343750
vt 0.703469 0.335938
vt 0.734734 0.328125
vt 0.742550 0.320313
vt 0.746458 0.316406
vt 0.750366 0.343750
vt 0.750366 0.328125
vt 0.750366 0.320313
vt 0.765999 0.328125
vt 0.758183 0.320313
vt 0.781632 0.343750
vt 0.797264 0.328125
vt 0.812897 0.343750
vt 0.828530 0.328125
vt 0.844162 0.343750
vt 0.859795 0.328125
vt 0.875427 0.343750
vt 0.875427 0.328125
vt 0.891060 0.328125
vt 0.906693 0.343750
vt 0.922325 0.328125
vt 0.937958 0.343750
vt 0.937958 0.328125
vt 0.953591 0.328125
vt 0.969223 0.343750
vt 1.000000 0.343750
vt 0.000000 0.375000
vt 0.031265 0.375000
vt 0.062531 0.375000
vt 0.093796 0.375000
vt 0.125061 0.375000
vt 0.156326 0.375000
vt 0.187592 0.375000
vt 0.203224 0.359375
vt 0.218857 0.375000
vt 0.203224 0.375000
vt 0.250122 0.375000
vt 0.281387 0.375000
vt 0.312653 0.375000
vt 0.343918 0.375000
vt 0.375183 0.375000
vt 0.406448 0.375000
vt 0.422081 0.359375
vt 0.437714 0.375000
vt 0.437714 0.359375
vt 0.453346 0.359375
vt 0.468979 0.375000
vt 0.468979 0.359375
vt 0.484612 0.359375
vt 0.476795 0.351563
vt 0.492428 0.351563
vt 0.500244 0.375000
vt 0.500244 0.359375
vt 0.515877 0.359375
vt 0.531510 0.375000
vt 0.547142 0.359375
vt 0.562775 0.375000
vt 0.578407 0.359375
vt 0.594040 0.375000
vt 0.594040 0.359375
vt 0.609673 0.359375
vt 0.601856 0.367188
vt 0.625305 0.375000
vt 0.609673 0.375000
vt 0.601856 0.375000
vt 0.640938 0.359375
vt 0.656571 0.375000
vt 0.640938 0.375000
vt 0.672203 0.359375
vt 0.687836 0.375000
vt 0.703469 0.359375
vt 0.719101 0.375000
vt 0.750366 0.375000
vt 0.765999 0.359375
vt 0.781632 0.375000
vt 0.781632 0.359375
vt 0.797264 0.359375
vt 0.789448 0.367188
vt 0.812897 0.375000
vt 0.797264 0.375000
vt 0.828530 0.359375
vt 0.844162 0.375000
vt 0.859795 0.359375
vt 0.875427 0.375000
vt 0.906693 0.375000
vt 0.937958 0.375000
vt 0.969223 0.375000
vt 1.000000 0.375000
vt 0.000000 0.406250
vt 0.031265 0.406250
vt 0.062531 0.406250
vt 0.093796 0.406250
vt 0.125061 0.406250
vt 0.156326 0.406250
vt 0.187592 0.406250
vt 0.203224 0.390625
vt 0.218857 0.406250
vt 0.203224 0.406250
vt 0.250122 0.406250
vt 0.265755 0.390625
vt 0.281387 0.406250
vt 0.265755 0.406250
vt 0.297020 0.390625
vt 0.312653 0.406250
vt 0.297020 0.406250
vt 0.343918 0.406250
vt 0.375183 0.406250
vt 0.390816 0.390625
vt 0.406448 0.390625
vt 0.398632 0.398438
vt 0.406448 0.406250
vt 0.390816 0.406250
vt 0.422081 0.390625
vt 0.437714 0.406250
vt 0.468979 0.406250
vt 0.500244 0.406250
vt 0.531510 0.406250
vt 0.562775 0.406250
vt 0.578407 0.390625
vt 0.594040 0.406250
vt 0.594040 0.390625
vt 0.609673 0.390625
vt 0.601856 0.382813
vt 0.625305 0.406250
vt 0.640938 0.390625
vt 0.648754 0.382813
vt 0.648754 0.398438
vt 0.656571 0.390625
vt 0.648754 0.390625
vt 0.656571 0.406250
vt 0.640938 0.406250
vt 0.672203 0.390625
vt 0.687836 0.406250
vt 0.719101 0.406250
vt 0.750366 0.406250
vt 0.781632 0.406250
vt 0.797264 0.390625
vt 0.812897 0.390625
vt 0.805081 0.398438
vt 0.812897 0.406250
vt 0.797264 0.406250
vt 0.828530 0.390625
vt 0.844162 0.406250
vt 0.875427 0.406250
vt 0.906693 0.406250
vt 0.937958 0.406250
vt 0.969223 0.406250
vt 1.000000 0.406250
vt 0.000000 0.437500
vt 0.015633 0.421875
vt 0.031265 0.421875
vt 0.023449 0.429688
vt 0.031265 0.437500
vt 0.015633 0.437500
vt 0.046898 0.421875
vt 0.062531 0.437500
vt 0.093796 0.437500
vt 0.125061 0.437500
vt 0.156326 0.437500
vt 0.171959 0.421875
vt 0.187592 0.437500
vt 0.187592 0.421875
vt 0.203224 0.421875
vt 0.195408 0.429688
vt 0.211041 0.414063
vt 0.211041 0.429688
vt 0.218857 0.421875
vt 0.211041 0.421875
vt 0.207132 0.425781
vt 0.218857 0.437500
vt 0.203224 0.437500
vt 0.203224 0.429688
vt 0.234490 0.421875
vt 0.250122 0.437500
vt 0.265755 0.421875
vt 0.273571 0.414063
vt 0.273571 0.429688
vt 0.281387 0.421875
vt 0.273571 0.421875
vt 0.281387 0.437500
vt 0.281387 0.414063
vt 0.277479 0.417969
vt 0.265755 0.437500
vt 0.297020 0.421875
vt 0.289204 0.414063
vt 0.312653 0.437500
vt 0.297020 0.437500
vt 0.343918 0.437500
vt 0.375183 0.437500
vt 0.390816 0.421875
vt 0.406448 0.437500
vt 0.437714 0.437500
vt 0.468979 0.437500
vt 0.500244 0.437500
vt 0.531510 0.437500
vt 0.562775 0.437500
vt 0.578407 0.421875
vt 0.594040 0.437500
vt 0.625305 0.437500
vt 0.640938 0.421875
vt 0.656571 0.437500
vt 0.687836 0.437500
vt 0.719101 0.437500
vt 0.734734 0.421875
vt 0.750366 0.437500
vt 0.750366 0.421875
vt 0.765999 0.421875
vt 0.781632 0.437500
vt 0.797264 0.421875
vt 0.812897 0.437500
vt 0.812897 0.421875
vt 0.828530 0.421875
vt 0.820713 0.429688
vt 0.844162 0.437500
vt 0.828530 0.437500
vt 0.859795 0.421875
vt 0.875427 0.437500
vt 0.859795 0.437500
vt 0.906693 0.437500
vt 0.937958 0.437500
vt 0.969223 0.437500
vt 1.000000 0.437500
vt 0.000000 0.468750
vt 0.015633 0.453125
vt 0.031265 0.468750
vt 0.062531 0.468750
vt 0.093796 0.468750
vt 0.109428 0.453125
vt 0.125061 0.468750
vt 0.109428 0.468750
vt 0.156326 0.468750
vt 0.171959 0.453125
vt 0.187592 0.468750
vt 0.203224 0.453125
vt 0.218857 0.468750
vt 0.250122 0.468750
vt 0.265755 0.453125
vt 0.281387 0.453125
vt 0.273571 0.460938
vt 0.281387 0.468750
vt 0.281387 0.460938
vt 0.265755 0.468750
vt 0.289204 0.445313
vt 0.289204 0.453125
vt 0.297020 0.453125
vt 0.289204 0.460938
vt 0.312653 0.453125
vt 0.304836 0.460938
vt 0.312653 0.468750
vt 0.297020 0.468750
vt 0.297020 0.460938
vt 0.328285 0.453125
vt 0.343918 0.468750
vt 0.375183 0.468750
vt 0.406448 0.468750
vt 0.437714 0.468750
vt 0.468979 0.468750
vt 0.500244 0.468750
vt 0.515877 0.453125
vt 0.531510 0.468750
vt 0.515877 0.468750
vt 0.562775 0.468750
vt 0.594040 0.468750
vt 0.625305 0.468750
vt 0.656571 0.468750
vt 0.687836 0.468750
vt 0.719101 0.468750
vt 0.750366 0.468750
vt 0.781632 0.468750
vt 0.812897 0.468750
vt 0.828530 0.453125
vt 0.844162 0.468750
vt 0.844162 0.453125
vt 0.859795 0.453125
vt 0.851978 0.445313
vt 0.867611 0.445313
vt 0.859795 0.445313
vt 0.875427 0.468750
vt 0.875427 0.453125
vt 0.891060 0.453125
vt 0.906693 0.468750
vt 0.922325 0.453125
vt 0.937958 0.453125
vt 0.930142 0.460938
vt 0.937958 0.468750
vt 0.937958 0.460938
vt 0.922325 0.468750
vt 0.953591 0.453125
vt 0.945774 0.460938
vt 0.969223 0.468750
vt 0.953591 0.468750
vt 1.000000 0.468750
vt 0.000000 0.500000
vt 0.031265 0.500000
vt 0.062531 0.500000
vt 0.078163 0.484375
vt 0.093796 0.500000
vt 0.093796 0.484375
vt 0.078163 0.500000
vt 0.109428 0.484375
vt 0.101612 0.476563
vt 0.125061 0.500000
vt 0.109428 0.500000
vt 0.156326 0.500000
vt 0.187592 0.500000
vt 0.218857 0.500000
vt 0.234490 0.484375
vt 0.250122 0.500000
vt 0.250122 0.484375
vt 0.265755 0.484375
vt 0.257938 0.476563
vt 0.257938 0.492188
vt 0.281387 0.500000
vt 0.265755 0.500000
vt 0.297020 0.484375
vt 0.312653 0.500000
vt 0.343918 0.500000
vt 0.375183 0.500000
vt 0.406448 0.500000
vt 0.437714 0.500000
vt 0.468979 0.500000
vt 0.500244 0.500000
vt 0.515877 0.484375
vt 0.523693 0.476563
vt 0.531510 0.500000
vt 0.531510 0.484375
vt 0.547142 0.484375
vt 0.562775 0.500000
vt 0.594040 0.500000
vt 0.625305 0.500000
vt 0.656571 0.500000
vt 0.687836 0.500000
vt 0.719101 0.500000
vt 0.750366 0.500000
vt 0.781632 0.500000
vt 0.812897 0.500000
vt 0.844162 0.500000
vt 0.875427 0.500000
vt 0.906693 0.500000
vt 0.922325 0.484375
vt 0.937958 0.500000
vt 0.937958 0.484375
vt 0.953591 0.484375
vt 0.945774 0.492188
vt 0.969223 0.484375
vt 0.961407 0.492188
vt 0.969223 0.500000
vt 0.953591 0.500000
vt 0.953591 0.492188
vt 0.984612 0.484375
vt 1.000000 0.500000
vt 0.984612 0.500000
vt 0.000000 0.531250
vt 0.031265 0.531250
vt 0.062531 0.531250
vt 0.078163 0.515625
vt 0.093796 0.531250
vt 0.093796 0.515625
vt 0.101612 0.507813
vt 0.101612 0.515625
vt 0.109428 0.515625
vt 0.101612 0.523438
vt 0.125061 0.531250
vt 0.109428 0.531250
vt 0.140694 0.515625
vt 0.156326 0.531250
vt 0.140694 0.531250
vt 0.187592 0.531250
vt 0.218857 0.531250
vt 0.250122 0.531250
vt 0.265755 0.515625
vt 0.281387 0.531250
vt 0.312653 0.531250
vt 0.343918 0.531250
vt 0.375183 0.531250
vt 0.406448 0.531250
vt 0.422081 0.515625
vt 0.437714 0.531250
vt 0.453346 0.515625
vt 0.468979 0.531250
vt 0.453346 0.531250
vt 0.484612 0.515625
vt 0.500244 0.531250
vt 0.484612 0.531250
vt 0.531510 0.531250
vt 0.547142 0.515625
vt 0.562775 0.531250
vt 0.547142 0.531250
vt 0.594040 0.531250
vt 0.625305 0.531250
vt 0.656571 0.531250
vt 0.672203 0.515625
vt 0.687836 0.531250
vt 0.672203 0.531250
vt 0.719101 0.531250
vt 0.750366 0.531250
vt 0.781632 0.531250
vt 0.812897 0.531250
vt 0.844162 0.531250
vt 0.875427 0.531250
vt 0.906693 0.531250
vt 0.937958 0.531250
vt 0.953591 0.515625
vt 0.969223 0.531250
vt 0.984612 0.515625
vt 1.000000 0.531250
vt 0.984612 0.531250
vt 0.000000 0.562500
vt 0.031265 0.562500
vt 0.062531 0.562500
vt 0.093796 0.562500
vt 0.109428 0.546875
vt 0.125061 0.562500
vt 0.140694 0.546875
vt 0.156326 0.562500
vt 0.187592 0.562500
vt 0.218857 0.562500
vt 0.250122 0.562500
vt 0.281387 0.562500
vt 0.312653 0.562500
vt 0.328285 0.546875
vt 0.343918 0.562500
vt 0.343918 0.546875
vt 0.359551 0.546875
vt 0.351734 0.554688
vt 0.375183 0.562500
vt 0.359551 0.562500
vt 0.406448 0.562500
vt 0.422081 0.546875
vt 0.437714 0.562500
vt 0.437714 0.546875
vt 0.422081 0.562500
vt 0.445530 0.539063
vt 0.445530 0.546875
vt 0.453346 0.546875
vt 0.445530 0.554688
vt 0.449438 0.550781
vt 0.468979 0.546875
vt 0.461163 0.554688
vt 0.468979 0.562500
vt 0.468979 0.554688
vt 0.453346 0.562500
vt 0.453346 0.554688
vt 0.484612 0.546875
vt 0.476795 0.539063
vt 0.476795 0.554688
vt 0.492428 0.539063
vt 0.500244 0.562500
vt 0.500244 0.546875
vt 0.484612 0.562500
vt 0.515877 0.546875
vt 0.531510 0.562500
vt 0.531510 0.546875
vt 0.515877 0.562500
vt 0.547142 0.546875
vt 0.539326 0.539063
vt 0.554958 0.539063
vt 0.562775 0.562500
vt 0.562775 0.546875
vt 0.547142 0.562500
vt 0.578407 0.546875
vt 0.594040 0.562500
vt 0.594040 0.546875
vt 0.609673 0.546875
vt 0.601856 0.554688
vt 0.625305 0.562500
vt 0.609673 0.562500
vt 0.601856 0.562500
vt 0.640938 0.546875
vt 0.656571 0.562500
vt 0.656571 0.546875
vt 0.640938 0.562500
vt 0.672203 0.546875
vt 0.664387 0.539063
vt 0.664387 0.554688
vt 0.687836 0.562500
vt 0.672203 0.562500
vt 0.719101 0.562500
vt 0.750366 0.562500
vt 0.781632 0.562500
vt 0.812897 0.562500
vt 0.844162 0.562500
vt 0.875427 0.562500
vt 0.906693 0.562500
vt 0.937958 0.562500
vt 0.969223 0.562500
vt 0.984612 0.546875
vt 0.992306 0.539063
vt 1.000000 0.562500
vt 1.000000 0.546875
vt 0.000000 0.593750
vt 0.031265 0.593750
vt 0.046898 0.578125
vt 0.062531 0.593750
vt 0.062531 0.578125
vt 0.046898 0.593750
vt 0.078163 0.578125
vt 0.093796 0.593750
vt 0.125061 0.593750
vt 0.140694 0.578125
vt 0.156326 0.578125
vt 0.148510 0.585938
vt 0.156326 0.593750
vt 0.140694 0.593750
vt 0.171959 0.578125
vt 0.187592 0.593750
vt 0.218857 0.593750
vt 0.250122 0.593750
vt 0.281387 0.593750
vt 0.312653 0.593750
vt 0.343918 0.593750
vt 0.359551 0.578125
vt 0.375183 0.593750
vt 0.390816 0.578125
vt 0.406448 0.593750
vt 0.422081 0.578125
vt 0.437714 0.593750
vt 0.453346 0.578125
vt 0.468979 0.593750
vt 0.484612 0.578125
vt 0.500244 0.593750
vt 0.500244 0.578125
vt 0.515877 0.578125
vt 0.508061 0.570313
vt 0.523693 0.570313
vt 0.515877 0.570313
vt 0.531510 0.593750
vt 0.531510 0.578125
vt 0.547142 0.578125
vt 0.539326 0.570313
vt 0.562775 0.593750
vt 0.547142 0.593750
vt 0.578407 0.578125
vt 0.594040 0.593750
vt 0.594040 0.578125
vt 0.609673 0.578125
vt 0.601856 0.570313
vt 0.625305 0.593750
vt 0.625305 0.578125
vt 0.640938 0.578125
vt 0.633122 0.570313
vt 0.656571 0.593750
vt 0.672203 0.578125
vt 0.687836 0.578125
vt 0.680019 0.585938
vt 0.687836 0.593750
vt 0.672203 0.593750
vt 0.703469 0.578125
vt 0.719101 0.593750
vt 0.750366 0.593750
vt 0.781632 0.593750
vt 0.812897 0.593750
vt 0.844162 0.593750
vt 0.875427 0.593750
vt 0.906693 0.593750
vt 0.937958 0.593750
vt 0.969223 0.593750
vt 1.000000 0.593750
vt 0.000000 0.625000
vt 0.031265 0.625000
vt 0.046898 0.609375
vt 0.062531 0.625000
vt 0.078163 0.609375
vt 0.093796 0.625000
vt 0.093796 0.609375
vt 0.109428 0.609375
vt 0.125061 0.625000
vt 0.109428 0.625000
vt 0.140694 0.609375
vt 0.156326 0.625000
vt 0.187592 0.625000
vt 0.218857 0.625000
vt 0.250122 0.625000
vt 0.281387 0.625000
vt 0.312653 0.625000
vt 0.343918 0.625000
vt 0.375183 0.625000
vt 0.406448 0.625000
vt 0.437714 0.625000
vt 0.468979 0.625000
vt 0.500244 0.625000
vt 0.531510 0.625000
vt 0.547142 0.609375
vt 0.562775 0.625000
vt 0.547142 0.625000
vt 0.578407 0.609375
vt 0.594040 0.625000
vt 0.578407 0.625000
vt 0.625305 0.625000
vt 0.656571 0.625000
vt 0.672203 0.609375
vt 0.687836 0.625000
vt 0.703469 0.609375
vt 0.719101 0.625000
vt 0.719101 0.609375
vt 0.703469 0.625000
vt 0.734734 0.609375
vt 0.726917 0.617188
vt 0.750366 0.609375
vt 0.742550 0.617188
vt 0.750366 0.625000
vt 0.734734 0.625000
vt 0.734734 0.617188
vt 0.765999 0.609375
vt 0.781632 0.625000
vt 0.812897 0.625000
vt 0.828530 0.609375
vt 0.844162 0.609375
vt 0.836346 0.617188
vt 0.844162 0.617188
vt 0.840254 0.621094
vt 0.844162 0.625000
vt 0.828530 0.625000
vt 0.836346 0.625000
vt 0.840254 0.625000
vt 0.859795 0.609375
vt 0.851978 0.617188
vt 0.875427 0.609375
vt 0.867611 0.617188
vt 0.875427 0.625000
vt 0.859795 0.625000
vt 0.891060 0.609375
vt 0.906693 0.625000
vt 0.922325 0.609375
vt 0.937958 0.625000
vt 0.937958 0.609375
vt 0.922325 0.625000
vt 0.953591 0.609375
vt 0.945774 0.617188
vt 0.969223 0.609375
vt 0.961407 0.617188
vt 0.969223 0.625000
vt 0.953591 0.625000
vt 0.953591 0.617188
vt 0.984612 0.609375
vt 1.000000 0.609375
vt 0.992306 0.617188
vt 1.000000 0.625000
vt 0.984612 0.625000
vt 0.000000 0.656250
vt 0.031265 0.656250
vt 0.046898 0.640625
vt 0.062531 0.656250
vt 0.046898 0.656250
vt 0.078163 0.640625
vt 0.093796 0.656250
vt 0.093796 0.640625
vt 0.109428 0.640625
vt 0.101612 0.632813
vt 0.125061 0.656250
vt 0.156326 0.656250
vt 0.187592 0.656250
vt 0.218857 0.656250
vt 0.250122 0.656250
vt 0.281387 0.656250
vt 0.312653 0.656250
vt 0.343918 0.656250
vt 0.375183 0.656250
vt 0.406448 0.656250
vt 0.437714 0.656250
vt 0.468979 0.656250
vt 0.500244 0.656250
vt 0.531510 0.656250
vt 0.547142 0.640625
vt 0.554958 0.632813
vt 0.562775 0.656250
vt 0.562775 0.640625
vt 0.562775 0.632813
vt 0.578407 0.640625
vt 0.570591 0.632813
vt 0.594040 0.656250
vt 0.609673 0.640625
vt 0.625305 0.656250
vt 0.625305 0.640625
vt 0.640938 0.640625
vt 0.656571 0.656250
vt 0.672203 0.640625
vt 0.687836 0.656250
vt 0.687836 0.640625
vt 0.703469 0.640625
vt 0.695652 0.648438
vt 0.711285 0.632813
vt 0.711285 0.648438
vt 0.719101 0.640625
vt 0.711285 0.640625
vt 0.707377 0.644531
vt 0.719101 0.656250
vt 0.703469 0.656250
vt 0.703469 0.648438
vt 0.734734 0.640625
vt 0.750366 0.640625
vt 0.742550 0.648438
vt 0.750366 0.656250
vt 0.750366 0.648438
vt 0.734734 0.656250
vt 0.765999 0.640625
vt 0.758183 0.648438
vt 0.781632 0.656250
vt 0.765999 0.656250
vt 0.797264 0.640625
vt 0.812897 0.656250
vt 0.797264 0.656250
vt 0.828530 0.640625
vt 0.836346 0.632813
vt 0.840254 0.628906
vt 0.844162 0.656250
vt 0.844162 0.640625
vt 0.844162 0.632813
vt 0.859795 0.640625
vt 0.851978 0.632813
vt 0.875427 0.656250
vt 0.891060 0.640625
vt 0.906693 0.640625
vt 0.898876 0.648438
vt 0.906693 0.656250
vt 0.891060 0.656250
vt 0.914509 0.632813
vt 0.914509 0.640625
vt 0.922325 0.640625
vt 0.918417 0.636719
vt 0.914509 0.648438
vt 0.930142 0.632813
vt 0.922325 0.632813
vt 0.937958 0.656250
vt 0.937958 0.640625
vt 0.922325 0.656250
vt 0.953591 0.640625
vt 0.969223 0.656250
vt 0.969223 0.640625
vt 0.984612 0.640625
vt 0.976918 0.632813
vt 1.000000 0.656250
vt 0.000000 0.687500
vt 0.015633 0.671875
vt 0.031265 0.687500
vt 0.031265 0.671875
vt 0.015633 0.687500
vt 0.046898 0.671875
vt 0.039082 0.664063
vt 0.062531 0.687500
vt 0.093796 0.687500
vt 0.125061 0.687500
vt 0.156326 0.687500
vt 0.187592 0.687500
vt 0.218857 0.687500
vt 0.250122 0.687500
vt 0.281387 0.687500
vt 0.312653 0.687500
vt 0.343918 0.687500
vt 0.375183 0.687500
vt 0.406448 0.687500
vt 0.437714 0.687500
vt 0.468979 0.687500
vt 0.500244 0.687500
vt 0.531510 0.687500
vt 0.562775 0.687500
vt 0.594040 0.687500
vt 0.625305 0.687500
vt 0.656571 0.687500
vt 0.687836 0.687500
vt 0.703469 0.671875
vt 0.719101 0.687500
vt 0.719101 0.671875
vt 0.734734 0.671875
vt 0.726917 0.664063
vt 0.742550 0.664063
vt 0.734734 0.664063
vt 0.750366 0.687500
vt 0.750366 0.671875
vt 0.765999 0.671875
vt 0.781632 0.687500
vt 0.797264 0.671875
vt 0.805081 0.664063
vt 0.812897 0.687500
vt 0.812897 0.671875
vt 0.828530 0.671875
vt 0.844162 0.687500
vt 0.875427 0.687500
vt 0.891060 0.671875
vt 0.906693 0.687500
vt 0.922325 0.671875
vt 0.937958 0.687500
vt 0.969223 0.687500
vt 1.000000 0.687500
vt 0.000000 0.718750
vt 0.000000 0.703125
vt 0.000000 0.695313
vt 0.015633 0.703125
vt 0.007816 0.695313
vt 0.031265 0.718750
vt 0.062531 0.718750
vt 0.093796 0.718750
vt 0.125061 0.718750
vt 0.156326 0.718750
vt 0.187592 0.718750
vt 0.218857 0.718750
vt 0.250122 0.718750
vt 0.281387 0.718750
vt 0.312653 0.718750
vt 0.343918 0.718750
vt 0.375183 0.718750
vt 0.406448 0.718750
vt 0.437714 0.718750
vt 0.468979 0.718750
vt 0.484612 0.703125
vt 0.500244 0.718750
vt 0.500244 0.703125
vt 0.515877 0.703125
vt 0.531510 0.718750
vt 0.515877 0.718750
vt 0.562775 0.718750
vt 0.578407 0.703125
vt 0.594040 0.718750
vt 0.625305 0.718750
vt 0.640938 0.703125
vt 0.656571 0.703125
vt 0.648754 0.710938
vt 0.656571 0.718750
vt 0.640938 0.718750
vt 0.672203 0.703125
vt 0.687836 0.718750
vt 0.719101 0.718750
vt 0.750366 0.718750
vt 0.781632 0.718750
vt 0.812897 0.718750
vt 0.844162 0.718750
vt 0.875427 0.718750
vt 0.906693 0.718750
vt 0.922325 0.703125
vt 0.937958 0.718750
vt 0.937958 0.703125
vt 0.922325 0.718750
vt 0.953591 0.703125
vt 0.969223 0.718750
vt 0.953591 0.718750
vt 0.984612 0.703125
vt 1.000000 0.703125
vt 0.992306 0.710938
vt 1.000000 0.718750
vt 1.000000 0.710938
vt 0.984612 0.718750
vt 0.000000 0.750000
vt 0.031265 0.750000
vt 0.062531 0.750000
vt 0.093796 0.750000
vt 0.125061 0.750000
vt 0.156326 0.750000
vt 0.171959 0.734375
vt 0.187592 0.750000
vt 0.218857 0.750000
vt 0.250122 0.750000
vt 0.281387 0.750000
vt 0.312653 0.750000
vt 0.343918 0.750000
vt 0.375183 0.750000
vt 0.406448 0.750000
vt 0.437714 0.750000
vt 0.468979 0.750000
vt 0.484612 0.734375
vt 0.500244 0.750000
vt 0.515877 0.734375
vt 0.531510 0.750000
vt 0.562775 0.750000
vt 0.594040 0.750000
vt 0.609673 0.734375
vt 0.625305 0.734375
vt 0.617489 0.742188
vt 0.625305 0.750000
vt 0.609673 0.750000
vt 0.640938 0.734375
vt 0.633122 0.726563
vt 0.656571 0.750000
vt 0.687836 0.750000
vt 0.719101 0.750000
vt 0.750366 0.750000
vt 0.781632 0.750000
vt 0.797264 0.734375
vt 0.812897 0.750000
vt 0.812897 0.734375
vt 0.797264 0.750000
vt 0.828530 0.734375
vt 0.820713 0.742188
vt 0.844162 0.734375
vt 0.836346 0.742188
vt 0.844162 0.750000
vt 0.828530 0.750000
vt 0.828530 0.742188
vt 0.859795 0.734375
vt 0.875427 0.750000
vt 0.875427 0.734375
vt 0.859795 0.750000
vt 0.891060 0.734375
vt 0.883244 0.742188
vt 0.906693 0.734375
vt 0.898876 0.742188
vt 0.906693 0.742188
vt 0.902785 0.746094
vt 0.906693 0.750000
vt 0.891060 0.750000
vt 0.891060 0.742188
vt 0.898876 0.750000
vt 0.914509 0.726563
vt 0.914509 0.734375
vt 0.922325 0.734375
vt 0.918417 0.730469
vt 0.914509 0.742188
vt 0.930142 0.726563
vt 0.922325 0.726563
vt 0.937958 0.750000
vt 0.937958 0.734375
vt 0.937958 0.726563
vt 0.922325 0.750000
vt 0.953591 0.734375
vt 0.945774 0.726563
vt 0.969223 0.750000
vt 0.953591 0.750000
vt 0.984612 0.734375
vt 1.000000 0.750000
vt 0.000000 0.781250
vt 0.015633 0.765625
vt 0.031265 0.781250
vt 0.031265 0.765625
vt 0.046898 0.765625
vt 0.039082 0.773438
vt 0.062531 0.781250
vt 0.046898 0.781250
vt 0.093796 0.781250
vt 0.109428 0.765625
vt 0.125061 0.781250
vt 0.109428 0.781250
vt 0.140694 0.765625
vt 0.156326 0.781250
vt 0.140694 0.781250
vt 0.187592 0.781250
vt 0.203224 0.765625
vt 0.218857 0.781250
vt 0.218857 0.765625
vt 0.234490 0.765625
vt 0.226673 0.773438
vt 0.250122 0.781250
vt 0.234490 0.781250
vt 0.281387 0.781250
vt 0.312653 0.781250
vt 0.343918 0.781250
vt 0.375183 0.781250
vt 0.406448 0.781250
vt 0.437714 0.781250
vt 0.468979 0.781250
vt 0.500244 0.781250
vt 0.531510 0.781250
vt 0.562775 0.781250
vt 0.578407 0.765625
vt 0.594040 0.781250
vt 0.594040 0.765625
vt 0.601856 0.757813
vt 0.601856 0.765625
vt 0.609673 0.765625
vt 0.601856 0.773438
vt 0.625305 0.781250
vt 0.625305 0.765625
vt 0.609673 0.781250
vt 0.601856 0.781250
vt 0.640938 0.765625
vt 0.633122 0.773438
vt 0.656571 0.781250
vt 0.640938 0.781250
vt 0.687836 0.781250
vt 0.719101 0.781250
vt 0.750366 0.781250
vt 0.781632 0.781250
vt 0.797264 0.765625
vt 0.805081 0.757813
vt 0.805081 0.773438
vt 0.812897 0.765625
vt 0.805081 0.765625
vt 0.812897 0.781250
vt 0.797264 0.781250
vt 0.828530 0.765625
vt 0.836346 0.757813
vt 0.844162 0.781250
vt 0.844162 0.765625
vt 0.844162 0.757813
vt 0.828530 0.781250
vt 0.859795 0.765625
vt 0.851978 0.757813
vt 0.875427 0.781250
vt 0.875427 0.765625
vt 0.859795 0.781250
vt 0.891060 0.765625
vt 0.883244 0.757813
vt 0.898876 0.757813
vt 0.906693 0.781250
vt 0.906693 0.765625
vt 0.891060 0.781250
vt 0.922325 0.765625
vt 0.937958 0.781250
vt 0.953591 0.765625
vt 0.961407 0.757813
vt 0.969223 0.781250
vt 0.969223 0.765625
vt 0.984612 0.765625
vt 1.000000 0.781250
vt 0.000000 0.812500
vt 0.000000 0.796875
vt 0.015633 0.796875
vt 0.031265 0.812500
vt 0.031265 0.796875
vt 0.046898 0.796875
vt 0.039082 0.789063
vt 0.054714 0.789063
vt 0.046898 0.789063
vt 0.062531 0.812500
vt 0.062531 0.796875
vt 0.078163 0.796875
vt 0.070347 0.804688
vt 0.093796 0.796875
vt 0.085979 0.804688
vt 0.093796 0.812500
vt 0.078163 0.812500
vt 0.078163 0.804688
vt 0.109428 0.796875
vt 0.117245 0.789063
vt 0.117245 0.804688
vt 0.125061 0.796875
vt 0.117245 0.796875
vt 0.125061 0.812500
vt 0.125061 0.789063
vt 0.121153 0.792969
vt 0.109428 0.812500
vt 0.140694 0.796875
vt 0.132877 0.789063
vt 0.156326 0.812500
vt 0.187592 0.812500
vt 0.203224 0.796875
vt 0.218857 0.812500
vt 0.218857 0.796875
vt 0.234490 0.796875
vt 0.226673 0.789063
vt 0.250122 0.812500
vt 0.281387 0.812500
vt 0.312653 0.812500
vt 0.343918 0.812500
vt 0.375183 0.812500
vt 0.406448 0.812500
vt 0.437714 0.812500
vt 0.468979 0.812500
vt 0.500244 0.812500
vt 0.531510 0.812500
vt 0.562775 0.812500
vt 0.578407 0.796875
vt 0.594040 0.812500
vt 0.594040 0.796875
vt 0.609673 0.796875
vt 0.601856 0.789063
vt 0.617489 0.789063
vt 0.609673 0.789063
vt 0.625305 0.812500
vt 0.625305 0.796875
vt 0.633122 0.789063
vt 0.633122 0.796875
vt 0.640938 0.796875
vt 0.633122 0.804688
vt 0.656571 0.812500
vt 0.640938 0.812500
vt 0.687836 0.812500
vt 0.703469 0.796875
vt 0.719101 0.812500
vt 0.750366 0.812500
vt 0.781632 0.812500
vt 0.797264 0.796875
vt 0.812897 0.812500
vt 0.812897 0.796875
vt 0.828530 0.796875
vt 0.820713 0.804688
vt 0.836346 0.789063
vt 0.836346 0.804688
vt 0.844162 0.796875
vt 0.836346 0.796875
vt 0.844162 0.812500
vt 0.844162 0.789063
vt 0.840254 0.792969
vt 0.844162 0.792969
vt 0.828530 0.812500
vt 0.828530 0.804688
vt 0.851978 0.796875
vt 0.851978 0.789063
vt 0.848070 0.792969
vt 0.859795 0.796875
vt 0.851978 0.804688
vt 0.875427 0.812500
vt 0.875427 0.796875
vt 0.859795 0.812500
vt 0.891060 0.796875
vt 0.883244 0.789063
vt 0.906693 0.812500
vt 0.891060 0.812500
vt 0.937958 0.812500
vt 0.969223 0.812500
vt 1.000000 0.812500
vt 0.000000 0.843750
vt 0.031265 0.843750
vt 0.062531 0.843750
vt 0.078163 0.828125
vt 0.093796 0.843750
vt 0.109428 0.828125
vt 0.125061 0.843750
vt 0.156326 0.843750
vt 0.187592 0.843750
vt 0.218857 0.843750
vt 0.250122 0.843750
vt 0.265755 0.828125
vt 0.281387 0.843750
vt 0.297020 0.828125
vt 0.312653 0.828125
vt 0.304836 0.835938
vt 0.312653 0.843750
vt 0.312653 0.835938
vt 0.297020 0.843750
vt 0.328285 0.828125
vt 0.320469 0.835938
vt 0.316561 0.839844
vt 0.343918 0.828125
vt 0.336102 0.835938
vt 0.343918 0.843750
vt 0.343918 0.835938
vt 0.328285 0.835938
vt 0.324377 0.839844
vt 0.328285 0.843750
vt 0.320469 0.843750
vt 0.320469 0.839844
vt 0.359551 0.828125
vt 0.351734 0.835938
vt 0.375183 0.843750
vt 0.359551 0.843750
vt 0.406448 0.843750
vt 0.437714 0.843750
vt 0.468979 0.843750
vt 0.500244 0.843750
vt 0.531510 0.843750
vt 0.562775 0.843750
vt 0.594040 0.843750
vt 0.625305 0.843750
vt 0.640938 0.828125
vt 0.656571 0.843750
vt 0.656571 0.828125
vt 0.672203 0.828125
vt 0.687836 0.843750
vt 0.703469 0.828125
vt 0.719101 0.843750
vt 0.719101 0.828125
vt 0.734734 0.828125
vt 0.750366 0.843750
vt 0.781632 0.843750
vt 0.797264 0.828125
vt 0.812897 0.843750
vt 0.797264 0.843750
vt 0.828530 0.828125
vt 0.844162 0.843750
vt 0.859795 0.828125
vt 0.875427 0.843750
vt 0.875427 0.828125
vt 0.891060 0.828125
vt 0.883244 0.835938
vt 0.906693 0.843750
vt 0.891060 0.843750
vt 0.922325 0.828125
vt 0.937958 0.843750
vt 0.922325 0.843750
vt 0.953591 0.828125
vt 0.969223 0.843750
vt 0.953591 0.843750
vt 0.984612 0.828125
vt 1.000000 0.843750
vt 0.984612 0.843750
vt 0.000000 0.875000
vt 0.031265 0.875000
vt 0.062531 0.875000
vt 0.093796 0.875000
vt 0.125061 0.875000
vt 0.156326 0.875000
vt 0.171959 0.859375
vt 0.187592 0.875000
vt 0.218857 0.875000
vt 0.250122 0.875000
vt 0.281387 0.875000
vt 0.297020 0.859375
vt 0.312653 0.875000
vt 0.312653 0.859375
vt 0.328285 0.859375
vt 0.320469 0.851563
vt 0.343918 0.875000
vt 0.359551 0.859375
vt 0.375183 0.875000
vt 0.406448 0.875000
vt 0.437714 0.875000
vt 0.468979 0.875000
vt 0.500244 0.875000
vt 0.531510 0.875000
vt 0.562775 0.875000
vt 0.594040 0.875000
vt 0.625305 0.875000
vt 0.656571 0.875000
vt 0.687836 0.875000
vt 0.719101 0.875000
vt 0.750366 0.875000
vt 0.765999 0.859375
vt 0.781632 0.875000
vt 0.781632 0.859375
vt 0.789448 0.851563
vt 0.789448 0.859375
vt 0.797264 0.859375
vt 0.789448 0.867188
vt 0.812897 0.875000
vt 0.797264 0.875000
vt 0.844162 0.875000
vt 0.875427 0.875000
vt 0.891060 0.859375
vt 0.906693 0.875000
vt 0.922325 0.859375
vt 0.937958 0.875000
vt 0.937958 0.859375
vt 0.953591 0.859375
vt 0.945774 0.851563
vt 0.969223 0.875000
vt 0.969223 0.859375
vt 0.984612 0.859375
vt 0.976918 0.851563
vt 1.000000 0.875000
vt 0.000000 0.906250
vt 0.031265 0.906250
vt 0.062531 0.906250
vt 0.078163 0.890625
vt 0.093796 0.906250
vt 0.078163 0.906250
vt 0.109428 0.890625
vt 0.125061 0.906250
vt 0.109428 0.906250
vt 0.156326 0.906250
vt 0.187592 0.906250
vt 0.218857 0.906250
vt 0.250122 0.906250
vt 0.281387 0.906250
vt 0.312653 0.906250
vt 0.343918 0.906250
vt 0.375183 0.906250
vt 0.406448 0.906250
vt 0.437714 0.906250
vt 0.468979 0.906250
vt 0.500244 0.906250
vt 0.531510 0.906250
vt 0.562775 0.906250
vt 0.594040 0.906250
vt 0.625305 0.906250
vt 0.656571 0.906250
vt 0.687836 0.906250
vt 0.719101 0.906250
vt 0.734734 0.890625
vt 0.750366 0.906250
vt 0.734734 0.906250
vt 0.781632 0.906250
vt 0.797264 0.890625
vt 0.812897 0.906250
vt 0.844162 0.906250
vt 0.875427 0.906250
vt 0.891060 0.890625
vt 0.906693 0.906250
vt 0.906693 0.890625
vt 0.922325 0.890625
vt 0.937958 0.906250
vt 0.953591 0.890625
vt 0.969223 0.890625
vt 0.961407 0.898438
vt 0.969223 0.906250
vt 0.969223 0.898438
vt 0.953591 0.906250
vt 0.984612 0.890625
vt 0.976918 0.898438
vt 1.000000 0.890625
vt 0.992306 0.898438
vt 1.000000 0.906250
vt 0.984612 0.906250
vt 0.984612 0.898438
vt 0.000000 0.937500
vt 0.031265 0.937500
vt 0.046898 0.921875
vt 0.062531 0.937500
vt 0.046898 0.937500
vt 0.078163 0.921875
vt 0.085979 0.914063
vt 0.093796 0.937500
vt 0.093796 0.921875
vt 0.078163 0.937500
vt 0.109428 0.921875
vt 0.101612 0.914063
vt 0.125061 0.937500
vt 0.156326 0.937500
vt 0.187592 0.937500
vt 0.218857 0.937500
vt 0.250122 0.937500
vt 0.281387 0.937500
vt 0.312653 0.937500
vt 0.343918 0.937500
vt 0.375183 0.937500
vt 0.406448 0.937500
vt 0.422081 0.921875
vt 0.437714 0.937500
vt 0.437714 0.921875
vt 0.422081 0.937500
vt 0.453346 0.921875
vt 0.445530 0.929688
vt 0.468979 0.921875
vt 0.461163 0.929688
vt 0.468979 0.937500
vt 0.468979 0.929688
vt 0.453346 0.937500
vt 0.445530 0.937500
vt 0.484612 0.921875
vt 0.476795 0.929688
vt 0.500244 0.937500
vt 0.484612 0.937500
vt 0.515877 0.921875
vt 0.531510 0.937500
vt 0.531510 0.921875
vt 0.547142 0.921875
vt 0.562775 0.937500
vt 0.594040 0.937500
vt 0.625305 0.937500
vt 0.656571 0.937500
vt 0.687836 0.937500
vt 0.719101 0.937500
vt 0.734734 0.921875
vt 0.750366 0.937500
vt 0.750366 0.921875
vt 0.765999 0.921875
vt 0.781632 0.937500
vt 0.781632 0.921875
vt 0.797264 0.921875
vt 0.812897 0.937500
vt 0.812897 0.921875
vt 0.828530 0.921875
vt 0.844162 0.937500
vt 0.875427 0.937500
vt 0.906693 0.937500
vt 0.937958 0.937500
vt 0.953591 0.921875
vt 0.969223 0.937500
vt 0.984612 0.921875
vt 1.000000 0.937500
vt 0.000000 0.968750
vt 0.015633 0.953125
vt 0.031265 0.968750
vt 0.031265 0.953125
vt 0.039082 0.945313
vt 0.039082 0.953125
vt 0.046898 0.953125
vt 0.039082 0.960938
vt 0.054714 0.945313
vt 0.046898 0.945313
vt 0.062531 0.968750
vt 0.062531 0.953125
vt 0.046898 0.968750
vt 0.078163 0.953125
vt 0.070347 0.945313
vt 0.085979 0.945313
vt 0.078163 0.945313
vt 0.093796 0.968750
vt 0.093796 0.953125
vt 0.109428 0.953125
vt 0.125061 0.968750
vt 0.140694 0.953125
vt 0.156326 0.968750
vt 0.187592 0.968750
vt 0.218857 0.968750
vt 0.250122 0.968750
vt 0.281387 0.968750
vt 0.312653 0.968750
vt 0.343918 0.968750
vt 0.375183 0.968750
vt 0.390816 0.953125
vt 0.406448 0.953125
vt 0.398632 0.960938
vt 0.406448 0.960938
vt 0.402540 0.964844
vt 0.406448 0.968750
vt 0.390816 0.968750
vt 0.398632 0.968750
vt 0.422081 0.953125
vt 0.414265 0.960938
vt 0.429897 0.945313
vt 0.437714 0.968750
vt 0.437714 0.953125
vt 0.437714 0.945313
vt 0.422081 0.968750
vt 0.453346 0.953125
vt 0.445530 0.945313
vt 0.441622 0.941406
vt 0.468979 0.968750
vt 0.484612 0.953125
vt 0.500244 0.968750
vt 0.531510 0.968750
vt 0.562775 0.968750
vt 0.594040 0.968750
vt 0.625305 0.968750
vt 0.656571 0.968750
vt 0.687836 0.968750
vt 0.719101 0.968750
vt 0.750366 0.968750
vt 0.781632 0.968750
vt 0.812897 0.968750
vt 0.828530 0.953125
vt 0.844162 0.968750
vt 0.844162 0.953125
vt 0.828530 0.968750
vt 0.859795 0.953125
vt 0.851978 0.960938
vt 0.875427 0.953125
vt 0.867611 0.960938
vt 0.875427 0.968750
vt 0.859795 0.968750
vt 0.851978 0.968750
vt 0.891060 0.953125
vt 0.906693 0.968750
vt 0.937958 0.968750
vt 0.969223 0.968750
vt 1.000000 0.968750
vt 0.000000 1.000000
vt 0.031265 1.000000
vt 0.046898 0.984375
vt 0.054714 0.976563
vt 0.054714 0.984375
vt 0.054714 0.992188
vt 0.058622 0.988281
vt 0.062531 0.984375
vt 0.062531 1.000000
vt 0.062531 0.992188
vt 0.046898 1.000000
vt 0.078163 0.984375
vt 0.070347 0.992188
vt 0.093796 1.000000
vt 0.078163 1.000000
vt 0.125061 1.000000
vt 0.156326 1.000000
vt 0.187592 1.000000
vt 0.218857 1.000000
vt 0.250122 1.000000
vt 0.281387 1.000000
vt 0.312653 1.000000
vt 0.343918 1.000000
vt 0.375183 1.000000
vt 0.390816 0.984375
vt 0.398632 0.976563
vt 0.406448 1.000000
vt 0.406448 0.984375
vt 0.422081 0.984375
vt 0.437714 1.000000
vt 0.468979 1.000000
vt 0.500244 1.000000
vt 0.531510 1.000000
vt 0.562775 1.000000
vt 0.578407 0.984375
vt 0.594040 1.000000
vt 0.609673 0.984375
vt 0.625305 1.000000
vt 0.609673 1.000000
vt 0.656571 1.000000
vt 0.687836 1.000000
vt 0.719101 1.000000
vt 0.750366 1.000000
vt 0.781632 1.000000
vt 0.797264 0.984375
vt 0.812897 1.000000
vt 0.812897 0.984375
vt 0.828530 0.984375
vt 0.836346 0.976563
vt 0.844162 1.000000
vt 0.844162 0.984375
vt 0.844162 0.976563
vt 0.859795 0.984375
vt 0.851978 0.976563
vt 0.875427 1.000000
vt 0.906693 1.000000
vt 0.937958 1.000000
vt 0.969223 1.000000
vt 1.000000 1.000000
g terrain_g
usemtl terrain_mtl
f 2/2/2 1/1/1 3/3/3
f 3/3/3 4/4/4 2/2/2
f 4/4/4 3/3/3 5/5/5
f 5/5/5 6/6/6 4/4/4
f 5/5/5 7/7/7 6/6/6
f 8/8/8 7/7/7 5/5/5
f 9/9/9 7/7/7 8/8/8
f 7/7/7 10/10/10 6/6/6
f 9/9/9 10/10/10 7/7/7
f 9/9/9 8/8/8 11/11/11
f 11/11/11 12/12/12 9/9/9
f 12/12/12 11/11/11 13/13/13
f 13/13/13 14/14/14 12/12/12
f 14/14/14 13/13/13 15/15/15
f 15/15/15 16/16/16 14/14/14
f 16/16/16 15/15/15 17/17/17
f 17/17/17 18/18/18 16/16/16
f 18/18/18 17/17/17 19/19/19
f 19/19/19 20/20/20 18/18/18
f 19/19/19 21/21/21 20/20/20
f 22/22/22 21/21/21 19/19/19
f 23/23/23 21/21/21 22/22/22
f 21/21/21 24/24/24 20/20/20
f 23/23/23 24/24/24 21/21/21
f 23/23/23 22/22/22 25/25/25
f 25/25/25 26/26/26 23/23/23
f 26/26/26 25/25/25 27/27/27
f 27/27/27 28/28/28 26/26/26
f 28/28/28 27/27/27 29/29/29
f 29/29/29 30/30/30 28/28/28
f 30/30/30 29/29/29 31/31/31
f 31/31/31 32/32/32 30/30/30
f 32/32/32 31/31/31 33/33/33
f 33/33/33 34/34/34 32/32/32
f 34/34/34 33/33/33 35/35/35
f 35/35/35 36/36/36 34/34/34
f 36/36/36 35/35/35 37/37/37
f 37/37/37 38/38/38 36/36/36
f 38/38/38 37/37/37 39/39/39
f 39/39/39 40/40/40 38/38/38
f 39/39/39 41/41/41 40/40/40
f 42/42/42 41/41/41 39/39/39
f 41/41/41 44/44/44 43/43/43
f 42/42/42 44/44/44 41/41/41
f 40/40/40 41/41/41 43/43/43
f 44/44/44 46/46/46 45/45/45
f 42/42/42 46/46/46 44/44/44
f 43/43/43 44/44/44 45/45/45
f 45/45/45 48/48/48 47/47/47
f 48/48/48 46/46/46 42/42/42
f 45/45/45 46/46/46 48/48/48
f 49/49/49 45/45/45 47/47/47
f 43/43/43 45/45/45 49/49/49
f 49/49/49 47/47/47 50/50/50
f 50/50/50 51/51/51 49/49/49
f 51/51/51 50/50/50 52/52/52
f 52/52/52 53/53/53 51/51/51
f 53/53/53 52/52/52 54/54/54
f 54/54/54 55/55/55 53/53/53
f 55/55/55 54/54/54 56/56/56
f 56/56/56 57/57/57 55/55/55
f 57/57/57 56/56/56 58/58/58
f 58/58/58 59/59/59 57/57/57
f 59/59/59 58/58/58 60/60/60
f 60/60/60 61/61/61 59/59/59
f 61/61/61 60/60/60 62/62/62
f 62/62/62 63/63/63 61/61/61
f 63/63/63 62/62/62 64/64/64
f 64/64/64 65/65/65 63/63/63
f 65/65/65 64/64/64 66/66/66
f 66/66/66 67/67/67 65/65/65
f 67/67/67 66/66/66 68/68/68
f 68/68/68 69/69/69 67/67/67
f 69/69/69 68/68/68 70/70/70
f 70/70/70 71/71/71 69/69/69
f 71/71/71 70/70/70 72/72/72
f 72/72/72 73/73/73 71/71/71
f 73/73/73 72/72/72 74/74/74
f 74/74/74 75/75/75 73/73/73
f 76/76/76 2/2/2 4/4/4
f 4/4/4 77/77/77 76/76/76
f 4/4/4 78/78/78 77/77/77
f 6/6/6 78/78/78 4/4/4
f 78/78/78 80/80/80 79/79/79
f 6/6/6 80/80/80 78/78/78
f 77/77/77 78/78/78 79/79/79
f 81/81/81 80/80/80 6/6/6
f 80/80/80 82/82/82 79/79/79
f 81/81/81 82/82/82 80/80/80
f 10/10/10 83/83/83 81/81/81
f 9/9/9 83/83/83 10/10/10
f 6/6/6 10/10/10 81/81/81
f 84/84/84 86/86/86 85/85/85
f 86/86/86 87/87/87 81/81/81
f 84/84/84 87/87/87 86/86/86
f 88/88/88 84/84/84 85/85/85
f 85/85/85 83/83/83 9/9/9
f 83/83/83 86/86/86 81/81/81
f 85/85/85 86/86/86 83/83/83
f 82/82/82 90/90/90 89/89/89
f 81/81/81 90/90/90 82/82/82
f 79/79/79 82/82/82 89/89/89
f 89/89/89 84/84/84 88/88/88
f 90/90/90 87/87/87 84/84/84
f 81/81/81 87/87/87 90/90/90
f 89/89/89 90/90/90 84/84/84
f 91/91/91 85/85/85 9/9/9
f 88/88/88 85/85/85 91/91/91
f 12/12/12 91/91/91 9/9/9
f 92/92/92 91/91/91 12/12/12
f 88/88/88 91/91/91 92/92/92
f 92/92/92 12/12/12 14/14/14
f 14/14/14 93/93/93 92/92/92
f 93/93/93 14/14/14 16/16/16
f 16/16/16 94/94/94 93/93/93
f 94/94/94 16/16/16 18/18/18
f 18/18/18 95/95/95 94/94/94
f 95/95/95 18/18/18 20/20/20
f 20/20/20 96/96/96 95/95/95
f 20/20/20 97/97/97 96/96/96
f 97/97/97 24/24/24 23/23/23
f 20/20/20 24/24/24 97/97/97
f 98/98/98 97/97/97 23/23/23
f 96/96/96 97/97/97 98/98/98
f 98/98/98 23/23/23 26/26/26
f 26/26/26 99/99/99 98/98/98
f 99/99/99 26/26/26 28/28/28
f 28/28/28 100/100/100 99/99/99
f 100/100/100 28/28/28 30/30/30
f 30/30/30 101/101/101 100/100/100
f 101/101/101 30/30/30 32/32/32
f 32/32/32 102/102/102 101/101/101
f 102/102/102 32/32/32 34/34/34
f 34/34/34 103/103/103 102/102/102
f 103/103/103 34/34/34 36/36/36
f 36/36/36 104/104/104 103/103/103
f 104/104/104 36/36/36 38/38/38
f 38/38/38 105/105/105 104/104/104
f 105/105/105 38/38/38 40/40/40
f 40/40/40 106/106/106 105/105/105
f 106/106/106 40/40/40 43/43/43
f 43/43/43 107/107/107 106/106/106
f 107/107/107 43/43/43 49/49/49
f 49/49/49 108/108/108 107/107/107
f 108/108/108 49/49/49 51/51/51
f 51/51/51 109/109/109 108/108/108
f 109/109/109 51/51/51 53/53/53
f 53/53/53 110/110/110 109/109/109
f 110/110/110 53/53/53 55/55/55
f 55/55/55 111/111/111 110/110/110
f 111/111/111 55/55/55 57/57/57
f 57/57/57 112/112/112 111/111/111
f 112/112/112 57/57/57 59/59/59
f 59/59/59 113/113/113 112/112/112
f 113/113/113 59/59/59 61/61/61
f 61/61/61 114/114/114 113/113/113
f 114/114/114 61/61/61 63/63/63
f 63/63/63 115/115/115 114/114/114
f 115/115/115 63/63/63 65/65/65
f 65/65/65 116/116/116 115/115/115
f 116/116/116 65/65/65 67/67/67
f 67/67/67 117/117/117 116/116/116
f 117/117/117 67/67/67 69/69/69
f 69/69/69 118/118/118 117/117/117
f 118/118/118 69/69/69 71/71/71
f 71/71/71 119/119/119 118/118/118
f 119/119/119 71/71/71 73/73/73
f 73/73/73 120/120/120 119/119/119
f 120/120/120 73/73/73 75/75/75
f 75/75/75 121/121/121 120/120/120
f 122/122/122 76/76/76 77/77/77
f 77/77/77 123/123/123 122/122/122
f 123/123/123 77/77/77 79/79/79
f 79/79/79 124/124/124 123/123/123
f 79/79/79 125/125/125 124/124/124
f 125/125/125 89/89/89 88/88/88
f 79/79/79 89/89/89 125/125/125
f 126/126/126 125/125/125 88/88/88
f 124/124/124 125/125/125 126/126/126
f 126/126/126 88/88/88 92/92/92
f 92/92/92 127/127/127 126/126/126
f 127/127/127 92/92/92 93/93/93
f 93/93/93 128/128/128 127/127/127
f 128/128/128 93/93/93 94/94/94
f 94/94/94 129/129/129 128/128/128
f 129/129/129 94/94/94 95/95/95
f 95/95/95 130/130/130 129/129/129
f 130/130/130 95/95/95 96/96/96
f 96/96/96 131/131/131 130/130/130
f 131/131/131 96/96/96 98/98/98
f 98/98/98 132/132/132 131/131/131
f 132/132/132 98/98/98 99/99/99
f 99/99/99 133/133/133 132/132/132
f 133/133/133 99/99/99 100/100/100
f 100/100/100 134/134/134 133/133/133
f 134/134/134 100/100/100 101/101/101
f 101/101/101 135/135/135 134/134/134
f 135/135/135 101/101/101 102/102/102
f 102/102/102 136/136/136 135/135/135
f 136/136/136 102/102/102 103/103/103
f 103/103/103 137/137/137 136/136/136
f 137/137/137 103/103/103 104/104/104
f 104/104/104 138/138/138 137/137/137
f 138/138/138 104/104/104 105/105/105
f 105/105/105 139/139/139 138/138/138
f 139/139/139 105/105/105 106/106/106
f 106/106/106 140/140/140 139/139/139
f 140/140/140 106/106/106 107/107/107
f 107/107/107 141/141/141 140/140/140
f 141/141/141 107/107/107 108/108/108
f 108/108/108 142/142/142 141/141/141
f 142/142/142 108/108/108 109/109/109
f 109/109/109 143/143/143 142/142/142
f 143/143/143 109/109/109 110/110/110
f 110/110/110 144/144/144 143/143/143
f 144/144/144 110/110/110 111/111/111
f 111/111/111 145/145/145 144/144/144
f 145/145/145 111/111/111 112/112/112
f 112/112/112 146/146/146 145/145/145
f 146/146/146 112/112/112 113/113/113
f 113/113/113 147/147/147 146/146/146
f 147/147/147 113/113/113 114/114/114
f 114/114/114 148/148/148 147/147/147
f 148/148/148 114/114/114 115/115/115
f 115/115/115 149/149/149 148/148/148
f 149/149/149 115/115/115 116/116/116
f 116/116/116 150/150/150 149/149/149
f 150/150/150 116/116/116 117/117/117
f 117/117/117 151/151/151 150/150/150
f 151/151/151 117/117/117 118/118/118
f 118/118/118 152/152/152 151/151/151
f 152/152/152 118/118/118 119/119/119
f 119/119/119 153/153/153 152/152/152
f 153/153/153 119/119/119 120/120/120
f 120/120/120 154/154/154 153/153/153
f 154/154/154 120/120/120 121/121/121
f 121/121/121 155/155/155 154/154/154
f 156/156/156 122/122/122 123/123/123
f 123/123/123 157/157/157 156/156/156
f 157/157/157 123/123/123 124/124/124
f 124/124/124 158/158/158 157/157/157
f 158/158/158 124/124/124 126/126/126
f 126/126/126 159/159/159 158/158/158
f 159/159/159 126/126/126 127/127/127
f 127/127/127 160/160/160 159/159/159
f 160/160/160 127/127/127 128/128/128
f 128/128/128 161/161/161 160/160/160
f 161/161/161 128/128/128 129/129/129
f 129/129/129 162/162/162 161/161/161
f 162/162/162 129/129/129 130/130/130
f 130/130/130 163/163/163 162/162/162
f 163/163/163 130/130/130 131/131/131
f 131/131/131 164/164/164 163/163/163
f 164/164/164 131/131/131 132/132/132
f 132/132/132 165/165/165 164/164/164
f 165/165/165 132/132/132 133/133/133
f 133/133/133 166/166/166 165/165/165
f 166/166/166 133/133/133 134/134/134
f 134/134/134 167/167/167 166/166/166
f 167/167/167 134/134/134 135/135/135
f 135/135/135 168/168/168 167/167/167
f 168/168/168 135/135/135 136/136/136
f 136/136/136 169/169/169 168/168/168
f 169/169/169 136/136/136 137/137/137
f 137/137/137 170/170/170 169/169/169
f 170/170/170 137/137/137 138/138/138
f 138/138/138 171/171/171 170/170/170
f 171/171/171 138/138/138 139/139/139
f 139/139/139 172/172/172 171/171/171
f 172/172/172 139/139/139 140/140/140
f 140/140/140 173/173/173 172/172/172
f 173/173/173 140/140/140 141/141/141
f 141/141/141 174/174/174 173/173/173
f 141/141/141 175/175/175 174/174/174
f 142/142/142 175/175/175 141/141/141
f 175/175/175 177/177/177 176/176/176
f 142/142/142 177/177/177 175/175/175
f 174/174/174 175/175/175 176/176/176
f 178/178/178 177/177/177 142/142/142
f 177/177/177 179/179/179 176/176/176
f 178/178/178 179/179/179 177/177/177
f 143/143/143 178/178/178 142/142/142
f 180/180/180 178/178/178 143/143/143
f 181/181/181 179/179/179 178/178/178
f 176/176/176 179/179/179 181/181/181
f 180/180/180 181/181/181 178/178/178
f 180/180/180 143/143/143 144/144/144
f 144/144/144 182/182/182 180/180/180
f 182/182/182 144/144/144 145/145/145
f 145/145/145 183/183/183 182/182/182
f 183/183/183 145/145/145 146/146/146
f 146/146/146 184/184/184 183/183/183
f 184/184/184 146/146/146 147/147/147
f 147/147/147 185/185/185 184/184/184
f 185/185/185 147/147/147 148/148/148
f 148/148/148 186/186/186 185/185/185
f 186/186/186 148/148/148 149/149/149
f 149/149/149 187/187/187 186/186/186
f 187/187/187 149/149/149 150/150/150
f 150/150/150 188/188/188 187/187/187
f 188/188/188 150/150/150 151/151/151
f 151/151/151 189/189/189 188/188/188
f 189/189/189 151/151/151 152/152/152
f 152/152/152 190/190/190 189/189/189
f 190/190/190 152/152/152 153/153/153
f 153/153/153 191/191/191 190/190/190
f 191/191/191 153/153/153 154/154/154
f 154/154/154 192/192/192 191/191/191
f 154/154/154 193/193/193 192/192/192
f 155/155/155 193/193/193 154/154/154
f 194/194/194 193/193/193 155/155/155
f 193/193/193 195/195/195 192/192/192
f 194/194/194 195/195/195 193/193/193
f 156/156/156 197/197/197 196/196/196
f 157/157/157 197/197/197 156/156/156
f 198/198/198 197/197/197 157/157/157
f 197/197/197 199/199/199 196/196/196
f 198/198/198 199/199/199 197/197/197
f 198/198/198 157/157/157 158/158/158
f 158/158/158 200/200/200 198/198/198
f 200/200/200 158/158/158 159/159/159
f 159/159/159 201/201/201 200/200/200
f 201/201/201 159/159/159 160/160/160
f 160/160/160 202/202/202 201/201/201
f 202/202/202 160/160/160 161/161/161
f 161/161/161 203/203/203 202/202/202
f 203/203/203 161/161/161 162/162/162
f 162/162/162 204/204/204 203/203/203
f 204/204/204 162/162/162 163/163/163
f 163/163/163 205/205/205 204/204/204
f 205/205/205 163/163/163 164/164/164
f 164/164/164 206/206/206 205/205/205
f 206/206/206 164/164/164 165/165/165
f 165/165/165 207/207/207 206/206/206
f 207/207/207 165/165/165 166/166/166
f 166/166/166 208/208/208 207/207/207
f 208/208/208 166/166/166 167/167/167
f 167/167/167 209/209/209 208/208/208
f 209/209/209 167/167/167 168/168/168
f 168/168/168 210/210/210 209/209/209
f 210/210/210 168/168/168 169/169/169
f 169/169/169 211/211/211 210/210/210
f 211/211/211 169/169/169 170/170/170
f 170/170/170 212/212/212 211/211/211
f 212/212/212 170/170/170 171/171/171
f 171/171/171 213/213/213 212/212/212
f 213/213/213 171/171/171 172/172/172
f 172/172/172 214/214/214 213/213/213
f 214/214/214 172/172/172 173/173/173
f 173/173/173 215/215/215 214/214/214
f 215/215/215 173/173/173 174/174/174
f 174/174/174 216/216/216 215/215/215
f 216/216/216 174/174/174 176/176/176
f 176/176/176 217/217/217 216/216/216
f 176/176/176 218/218/218 217/217/217
f 218/218/218 181/181/181 180/180/180
f 176/176/176 181/181/181 218/218/218
f 219/219/219 218/218/218 180/180/180
f 217/217/217 218/218/218 219/219/219
f 219/219/219 180/180/180 182/182/182
f 182/182/182 220/220/220 219/219/219
f 220/220/220 182/182/182 183/183/183
f 183/183/183 221/221/221 220/220/220
f 221/221/221 183/183/183 184/184/184
f 184/184/184 222/222/222 221/221/221
f 222/222/222 184/184/184 185/185/185
f 185/185/185 223/223/223 222/222/222
f 223/223/223 185/185/185 186/186/186
f 186/186/186 224/224/224 223/223/223
f 224/224/224 186/186/186 187/187/187
f 187/187/187 225/225/225 224/224/224
f 225/225/225 187/187/187 188/188/188
f 188/188/188 226/226/226 225/225/225
f 226/226/226 188/188/188 189/189/189
f 189/189/189 227/227/227 226/226/226
f 227/227/227 189/189/189 190/190/190
f 190/190/190 228/228/228 227/227/227
f 228/228/228 190/190/190 191/191/191
f 191/191/191 229/229/229 228/228/228
f 229/229/229 191/191/191 192/192/192
f 192/192/192 230/230/230 229/229/229
f 192/192/192 231/231/231 230/230/230
f 195/195/195 232/232/232 231/231/231
f 194/194/194 232/232/232 195/195/195
f 192/192/192 195/195/195 231/231/231
f 233/233/233 235/235/235 234/234/234
f 231/231/231 235/235/235 233/233/233
f 236/236/236 233/233/233 234/234/234
f 234/234/234 232/232/232 194/194/194
f 232/232/232 235/235/235 231/231/231
f 234/234/234 235/235/235 232/232/232
f 231/231/231 237/237/237 230/230/230
f 237/237/237 233/233/233 236/236/236
f 231/231/231 233/233/233 237/237/237
f 238/238/238 241/241/241 240/240/240
f 196/196/196 241/241/241 238/238/238
f 239/239/239 238/238/238 240/240/240
f 240/240/240 199/199/199 198/198/198
f 199/199/199 241/241/241 196/196/196
f 240/240/240 241/241/241 199/199/199
f 242/242/242 240/240/240 198/198/198
f 239/239/239 240/240/240 242/242/242
f 198/198/198 243/243/243 242/242/242
f 200/200/200 243/243/243 198/198/198
f 244/244/244 243/243/243 200/200/200
f 243/243/243 245/245/245 242/242/242
f 244/244/244 245/245/245 243/243/243
f 244/244/244 200/200/200 201/201/201
f 201/201/201 246/246/246 244/244/244
f 246/246/246 201/201/201 202/202/202
f 202/202/202 247/247/247 246/246/246
f 247/247/247 202/202/202 203/203/203
f 203/203/203 248/248/248 247/247/247
f 248/248/248 203/203/203 204/204/204
f 204/204/204 249/249/249 248/248/248
f 249/249/249 204/204/204 205/205/205
f 205/205/205 250/250/250 249/249/249
f 250/250/250 205/205/205 206/206/206
f 206/206/206 251/251/251 250/250/250
f 251/251/251 206/206/206 207/207/207
f 207/207/207 252/252/252 251/251/251
f 252/252/252 207/207/207 208/208/208
f 208/208/208 253/253/253 252/252/252
f 253/253/253 208/208/208 209/209/209
f 209/209/209 254/254/254 253/253/253
f 254/254/254 209/209/209 210/210/210
f 210/210/210 255/255/255 254/254/254
f 255/255/255 210/210/210 211/211/211
f 211/211/211 256/256/256 255/255/255
f 256/256/256 211/211/211 212/212/212
f 212/212/212 257/257/257 256/256/256
f 257/257/257 212/212/212 213/213/213
f 213/213/213 258/258/258 257/257/257
f 258/258/258 213/213/213 214/214/214
f 214/214/214 259/259/259 258/258/258
f 259/259/259 214/214/214 215/215/215
f 215/215/215 260/260/260 259/259/259
f 260/260/260 215/215/215 216/216/216
f 216/216/216 261/261/261 260/260/260
f 261/261/261 216/216/216 217/217/217
f 217/217/217 262/262/262 261/261/261
f 262/262/262 217/217/217 219/219/219
f 219/219/219 263/263/263 262/262/262
f 263/263/263 219/219/219 220/220/220
f 220/220/220 264/264/264 263/263/263
f 264/264/264 220/220/220 221/221/221
f 221/221/221 265/265/265 264/264/264
f 265/265/265 221/221/221 222/222/222
f 222/222/222 266/266/266 265/265/265
f 266/266/266 222/222/222 223/223/223
f 223/223/223 267/267/267 266/266/266
f 267/267/267 223/223/223 224/224/224
f 224/224/224 268/268/268 267/267/267
f 268/268/268 224/224/224 225/225/225
f 225/225/225 269/269/269 268/268/268
f 269/269/269 225/225/225 226/226/226
f 226/226/226 270/270/270 269/269/269
f 270/270/270 226/226/226 227/227/227
f 227/227/227 271/271/271 270/270/270
f 271/271/271 227/227/227 228/228/228
f 228/228/228 272/272/272 271/271/271
f 272/272/272 228/228/228 229/229/229
f 229/229/229 273/273/273 272/272/272
f 273/273/273 229/229/229 230/230/230
f 230/230/230 274/274/274 273/273/273
f 230/230/230 275/275/275 274/274/274
f 275/275/275 237/237/237 236/236/236
f 230/230/230 237/237/237 275/275/275
f 276/276/276 275/275/275 236/236/236
f 275/275/275 277/277/277 274/274/274
f 276/276/276 277/277/277 275/275/275
f 278/278/278 239/239/239 242/242/242
f 242/242/242 279/279/279 278/278/278
f 242/242/242 280/280/280 279/279/279
f 280/280/280 245/245/245 244/244/244
f 242/242/242 245/245/245 280/280/280
f 281/281/281 280/280/280 244/244/244
f 279/279/279 280/280/280 281/281/281
f 281/281/281 244/244/244 246/246/246
f 246/246/246 282/282/282 281/281/281
f 282/282/282 246/246/246 247/247/247
f 247/247/247 283/283/283 282/282/282
f 283/283/283 247/247/247 248/248/248
f 248/248/248 284/284/284 283/283/283
f 284/284/284 248/248/248 249/249/249
f 249/249/249 285/285/285 284/284/284
f 285/285/285 249/249/249 250/250/250
f 250/250/250 286/286/286 285/285/285
f 286/286/286 250/250/250 251/251/251
f 251/251/251 287/287/287 286/286/286
f 287/287/287 251/251/251 252/252/252
f 252/252/252 288/288/288 287/287/287
f 288/288/288 252/252/252 253/253/253
f 253/253/253 289/289/289 288/288/288
f 289/289/289 253/253/253 254/254/254
f 254/254/254 290/290/290 289/289/289
f 290/290/290 254/254/254 255/255/255
f 255/255/255 291/291/291 290/290/290
f 291/291/291 255/255/255 256/256/256
f 256/256/256 292/292/292 291/291/291
f 292/292/292 256/256/256 257/257/257
f 257/257/257 293/293/293 292/292/292
f 293/293/293 257/257/257 258/258/258
f 258/258/258 294/294/294 293/293/293
f 294/294/294 258/258/258 259/259/259
f 259/259/259 295/295/295 294/294/294
f 295/295/295 259/259/259 260/260/260
f 260/260/260 296/296/296 295/295/295
f 296/296/296 260/260/260 261/261/261
f 261/261/261 297/297/297 296/296/296
f 297/297/297 261/261/261 262/262/262
f 262/262/262 298/298/298 297/297/297
f 298/298/298 262/262/262 263/263/263
f 263/263/263 299/299/299 298/298/298
f 299/299/299 263/263/263 264/264/264
f 264/264/264 300/300/300 299/299/299
f 300/300/300 264/264/264 265/265/265
f 265/265/265 301/301/301 300/300/300
f 265/265/265 302/302/302 301/301/301
f 266/266/266 302/302/302 265/265/265
f 303/303/303 302/302/302 266/266/266
f 302/302/302 304/304/304 301/301/301
f 303/303/303 304/304/304 302/302/302
f 266/266/266 305/305/305 303/303/303
f 267/267/267 305/305/305 266/266/266
f 306/306/306 305/305/305 267/267/267
f 305/305/305 307/307/307 303/303/303
f 306/306/306 307/307/307 305/305/305
f 306/306/306 267/267/267 268/268/268
f 268/268/268 308/308/308 306/306/306
f 308/308/308 268/268/268 269/269/269
f 269/269/269 309/309/309 308/308/308
f 309/309/309 269/269/269 270/270/270
f 270/270/270 310/310/310 309/309/309
f 310/310/310 270/270/270 271/271/271
f 271/271/271 311/311/311 310/310/310
f 311/311/311 271/271/271 272/272/272
f 272/272/272 312/312/312 311/311/311
f 312/312/312 272/272/272 273/273/273
f 273/273/273 313/313/313 312/312/312
f 273/273/273 314/314/314 313/313/313
f 274/274/274 314/314/314 273/273/273
f 315/315/315 316/316/316 314/314/314
f 317/317/317 316/316/316 315/315/315
f 274/274/274 315/315/315 314/314/314
f 314/314/314 318/318/318 313/313/313
f 318/318/318 316/316/316 317/317/317
f 314/314/314 316/316/316 318/318/318
f 315/315/315 320/320/320 319/319/319
f 274/274/274 320/320/320 315/315/315
f 317/317/317 315/315/315 319/319/319
f 319/319/319 277/277/277 276/276/276
f 277/277/277 320/320/320 274/274/274
f 319/319/319 320/320/320 277/277/277
f 321/321/321 319/319/319 276/276/276
f 317/317/317 319/319/319 321/321/321
f 322/322/322 278/278/278 279/279/279
f 279/279/279 323/323/323 322/322/322
f 323/323/323 279/279/279 281/281/281
f 281/281/281 324/324/324 323/323/323
f 324/324/324 281/281/281 282/282/282
f 282/282/282 325/325/325 324/324/324
f 325/325/325 282/282/282 283/283/283
f 283/283/283 326/326/326 325/325/325
f 326/326/326 283/283/283 284/284/284
f 284/284/284 327/327/327 326/326/326
f 284/284/284 328/328/328 327/327/327
f 285/285/285 328/328/328 284/284/284
f 329/329/329 330/330/330 328/328/328
f 331/331/331 330/330/330 329/329/329
f 285/285/285 329/329/329 328/328/328
f 328/328/328 332/332/332 327/327/327
f 332/332/332 330/330/330 331/331/331
f 328/328/328 330/330/330 332/332/332
f 333/333/333 329/329/329 285/285/285
f 331/331/331 329/329/329 333/333/333
f 286/286/286 333/333/333 285/285/285
f 334/334/334 333/333/333 286/286/286
f 331/331/331 333/333/333 334/334/334
f 334/334/334 286/286/286 287/287/287
f 287/287/287 335/335/335 334/334/334
f 335/335/335 287/287/287 288/288/288
f 288/288/288 336/336/336 335/335/335
f 336/336/336 288/288/288 289/289/289
f 289/289/289 337/337/337 336/336/336
f 337/337/337 289/289/289 290/290/290
f 290/290/290 338/338/338 337/337/337
f 338/338/338 290/290/290 291/291/291
f 291/291/291 339/339/339 338/338/338
f 339/339/339 291/291/291 292/292/292
f 292/292/292 340/340/340 339/339/339
f 340/340/340 292/292/292 293/293/293
f 293/293/293 341/341/341 340/340/340
f 341/341/341 293/293/293 294/294/294
f 294/294/294 342/342/342 341/341/341
f 342/342/342 294/294/294 295/295/295
f 295/295/295 343/343/343 342/342/342
f 343/343/343 295/295/295 296/296/296
f 296/296/296 344/344/344 343/343/343
f 344/344/344 296/296/296 297/297/297
f 297/297/297 345/345/345 344/344/344
f 297/297/297 346/346/346 345/345/345
f 298/298/298 346/346/346 297/297/297
f 347/347/347 346/346/346 298/298/298
f 346/346/346 348/348/348 345/345/345
f 347/347/347 348/348/348 346/346/346
f 298/298/298 349/349/349 347/347/347
f 299/299/299 349/349/349 298/298/298
f 350/350/350 349/349/349 299/299/299
f 349/349/349 351/351/351 347/347/347
f 350/350/350 351/351/351 349/349/349
f 299/299/299 352/352/352 350/350/350
f 300/300/300 352/352/352 299/299/299
f 352/352/352 354/354/354 353/353/353
f 300/300/300 354/354/354 352/352/352
f 352/352/352 355/355/355 350/350/350
f 353/353/353 355/355/355 352/352/352
f 356/356/356 354/354/354 300/300/300
f 354/354/354 357/357/357 353/353/353
f 356/356/356 357/357/357 354/354/354
f 301/301/301 356/356/356 300/300/300
f 358/358/358 359/359/359 356/356/356
f 360/360/360 359/359/359 358/358/358
f 301/301/301 358/358/358 356/356/356
f 361/361/361 362/362/362 357/357/357
f 363/363/363 362/362/362 361/361/361
f 356/356/356 361/361/361 357/357/357
f 357/357/357 364/364/364 353/353/353
f 364/364/364 362/362/362 363/363/363
f 357/357/357 362/362/362 364/364/364
f 363/363/363 359/359/359 360/360/360
f 359/359/359 361/361/361 356/356/356
f 363/363/363 361/361/361 359/359/359
f 365/365/365 358/358/358 301/301/301
f 358/358/358 366/366/366 360/360/360
f 365/365/365 366/366/366 358/358/358
f 304/304/304 367/367/367 365/365/365
f 303/303/303 367/367/367 304/304/304
f 301/301/301 304/304/304 365/365/365
f 368/368/368 370/370/370 369/369/369
f 370/370/370 371/371/371 365/365/365
f 368/368/368 371/371/371 370/370/370
f 372/372/372 368/368/368 369/369/369
f 369/369/369 367/367/367 303/303/303
f 367/367/367 370/370/370 365/365/365
f 369/369/369 370/370/370 367/367/367
f 366/366/366 374/374/374 373/373/373
f 365/365/365 374/374/374 366/366/366
f 360/360/360 366/366/366 373/373/373
f 373/373/373 368/368/368 372/372/372
f 374/374/374 371/371/371 368/368/368
f 365/365/365 371/371/371 374/374/374
f 373/373/373 374/374/374 368/368/368
f 369/369/369 376/376/376 375/375/375
f 303/303/303 376/376/376 369/369/369
f 372/372/372 369/369/369 375/375/375
f 307/307/307 377/377/377 375/375/375
f 306/306/306 377/377/377 307/307/307
f 307/307/307 376/376/376 303/303/303
f 375/375/375 376/376/376 307/307/307
f 375/375/375 379/379/379 378/378/378
f 379/379/379 377/377/377 306/306/306
f 375/375/375 377/377/377 379/379/379
f 372/372/372 375/375/375 378/378/378
f 380/380/380 379/379/379 306/306/306
f 379/379/379 381/381/381 378/378/378
f 380/380/380 381/381/381 379/379/379
f 308/308/308 380/380/380 306/306/306
f 382/382/382 383/383/383 380/380/380
f 383/383/383 385/385/385 384/384/384
f 382/382/382 385/385/385 383/383/383
f 308/308/308 382/382/382 380/380/380
f 381/381/381 387/387/387 386/386/386
f 380/380/380 387/387/387 381/381/381
f 378/378/378 381/381/381 386/386/386
f 386/386/386 383/383/383 384/384/384
f 383/383/383 387/387/387 380/380/380
f 386/386/386 387/387/387 383/383/383
f 388/388/388 382/382/382 308/308/308
f 389/389/389 385/385/385 382/382/382
f 384/384/384 385/385/385 389/389/389
f 388/388/388 389/389/389 382/382/382
f 309/309/309 388/388/388 308/308/308
f 390/390/390 388/388/388 309/309/309
f 391/391/391 389/389/389 388/388/388
f 384/384/384 389/389/389 391/391/391
f 390/390/390 391/391/391 388/388/388
f 309/309/309 392/392/392 390/390/390
f 310/310/310 392/392/392 309/309/309
f 393/393/393 392/392/392 310/310/310
f 392/392/392 394/394/394 390/390/390
f 393/393/393 394/394/394 392/392/392
f 393/393/393 310/310/310 311/311/311
f 311/311/311 395/395/395 393/393/393
f 395/395/395 311/311/311 312/312/312
f 312/312/312 396/396/396 395/395/395
f 396/396/396 312/312/312 313/313/313
f 313/313/313 397/397/397 396/396/396
f 313/313/313 398/398/398 397/397/397
f 398/398/398 318/318/318 317/317/317
f 313/313/313 318/318/318 398/398/398
f 399/399/399 400/400/400 398/398/398
f 401/401/401 400/400/400 399/399/399
f 317/317/317 399/399/399 398/398/398
f 398/398/398 402/402/402 397/397/397
f 402/402/402 400/400/400 401/401/401
f 398/398/398 400/400/400 402/402/402
f 403/403/403 399/399/399 317/317/317
f 399/399/399 404/404/404 401/401/401
f 403/403/403 404/404/404 399/399/399
f 321/321/321 403/403/403 317/317/317
f 405/405/405 403/403/403 321/321/321
f 406/406/406 404/404/404 403/403/403
f 401/401/401 404/404/404 406/406/406
f 405/405/405 406/406/406 403/403/403
f 407/407/407 322/322/322 323/323/323
f 323/323/323 408/408/408 407/407/407
f 408/408/408 323/323/323 324/324/324
f 324/324/324 409/409/409 408/408/408
f 409/409/409 324/324/324 325/325/325
f 325/325/325 410/410/410 409/409/409
f 410/410/410 325/325/325 326/326/326
f 326/326/326 411/411/411 410/410/410
f 326/326/326 412/412/412 411/411/411
f 327/327/327 412/412/412 326/326/326
f 413/413/413 412/412/412 327/327/327
f 412/412/412 414/414/414 411/411/411
f 413/413/413 414/414/414 412/412/412
f 327/327/327 415/415/415 413/413/413
f 415/415/415 332/332/332 331/331/331
f 327/327/327 332/332/332 415/415/415
f 416/416/416 415/415/415 331/331/331
f 413/413/413 415/415/415 416/416/416
f 416/416/416 331/331/331 334/334/334
f 334/334/334 417/417/417 416/416/416
f 417/417/417 334/334/334 335/335/335
f 335/335/335 418/418/418 417/417/417
f 418/418/418 335/335/335 336/336/336
f 336/336/336 419/419/419 418/418/418
f 336/336/336 420/420/420 419/419/419
f 337/337/337 420/420/420 336/336/336
f 421/421/421 420/420/420 337/337/337
f 420/420/420 422/422/422 419/419/419
f 421/421/421 422/422/422 420/420/420
f 337/337/337 423/423/423 421/421/421
f 338/338/338 423/423/423 337/337/337
f 424/424/424 423/423/423 338/338/338
f 423/423/423 425/425/425 421/421/421
f 424/424/424 425/425/425 423/423/423
f 338/338/338 426/426/426 424/424/424
f 339/339/339 426/426/426 338/338/338
f 427/427/427 426/426/426 339/339/339
f 426/426/426 428/428/428 424/424/424
f 427/427/427 428/428/428 426/426/426
f 427/427/427 339/339/339 340/340/340
f 340/340/340 429/429/429 427/427/427
f 429/429/429 340/340/340 341/341/341
f 341/341/341 430/430/430 429/429/429
f 430/430/430 341/341/341 342/342/342
f 342/342/342 431/431/431 430/430/430
f 431/431/431 342/342/342 343/343/343
f 343/343/343 432/432/432 431/431/431
f 432/432/432 343/343/343 344/344/344
f 344/344/344 433/433/433 432/432/432
f 433/433/433 344/344/344 345/345/345
f 345/345/345 434/434/434 433/433/433
f 345/345/345 435/435/435 434/434/434
f 348/348/348 436/436/436 435/435/435
f 347/347/347 436/436/436 348/348/348
f 345/345/345 348/348/348 435/435/435
f 435/435/435 438/438/438 437/437/437
f 436/436/436 439/439/439 438/438/438
f 347/347/347 439/439/439 436/436/436
f 435/435/435 436/436/436 438/438/438
f 435/435/435 440/440/440 434/434/434
f 437/437/437 440/440/440 435/435/435
f 438/438/438 442/442/442 441/441/441
f 442/442/442 439/439/439 347/347/347
f 438/438/438 439/439/439 442/442/442
f 437/437/437 438/438/438 441/441/441
f 443/443/443 444/444/444 351/351/351
f 441/441/441 444/444/444 443/443/443
f 350/350/350 443/443/443 351/351/351
f 351/351/351 442/442/442 347/347/347
f 442/442/442 444/444/444 441/441/441
f 351/351/351 444/444/444 442/442/442
f 441/441/441 446/446/446 445/445/445
f 446/446/446 443/443/443 350/350/350
f 441/441/441 443/443/443 446/446/446
f 437/437/437 441/441/441 445/445/445
f 446/446/446 448/448/448 447/447/447
f 350/350/350 448/448/448 446/446/446
f 445/445/445 446/446/446 447/447/447
f 449/449/449 450/450/450 355/355/355
f 447/447/447 450/450/450 449/449/449
f 353/353/353 449/449/449 355/355/355
f 355/355/355 448/448/448 350/350/350
f 448/448/448 450/450/450 447/447/447
f 355/355/355 450/450/450 448/448/448
f 447/447/447 452/452/452 451/451/451
f 452/452/452 449/449/449 353/353/353
f 447/447/447 449/449/449 452/452/452
f 445/445/445 447/447/447 451/451/451
f 452/452/452 454/454/454 453/453/453
f 353/353/353 454/454/454 452/452/452
f 451/451/451 452/452/452 453/453/453
f 453/453/453 363/363/363 360/360/360
f 454/454/454 364/364/364 363/363/363
f 353/353/353 364/364/364 454/454/454
f 453/453/453 454/454/454 363/363/363
f 455/455/455 453/453/453 360/360/360
f 453/453/453 456/456/456 451/451/451
f 455/455/455 456/456/456 453/453/453
f 360/360/360 457/457/457 455/455/455
f 457/457/457 373/373/373 372/372/372
f 360/360/360 373/373/373 457/457/457
f 458/458/458 457/457/457 372/372/372
f 455/455/455 457/457/457 458/458/458
f 372/372/372 459/459/459 458/458/458
f 378/378/378 459/459/459 372/372/372
f 460/460/460 459/459/459 378/378/378
f 459/459/459 461/461/461 458/458/458
f 460/460/460 461/461/461 459/459/459
f 378/378/378 462/462/462 460/460/460
f 462/462/462 386/386/386 384/384/384
f 378/378/378 386/386/386 462/462/462
f 463/463/463 462/462/462 384/384/384
f 460/460/460 462/462/462 463/463/463
f 384/384/384 464/464/464 463/463/463
f 464/464/464 391/391/391 390/390/390
f 384/384/384 391/391/391 464/464/464
f 464/464/464 466/466/466 465/465/465
f 390/390/390 466/466/466 464/464/464
f 463/463/463 464/464/464 465/465/465
f 467/467/467 468/468/468 466/466/466
f 469/469/469 468/468/468 467/467/467
f 390/390/390 467/467/467 466/466/466
f 466/466/466 470/470/470 465/465/465
f 470/470/470 468/468/468 469/469/469
f 466/466/466 468/468/468 470/470/470
f 469/469/469 394/394/394 393/393/393
f 394/394/394 467/467/467 390/390/390
f 469/469/469 467/467/467 394/394/394
f 471/471/471 469/469/469 393/393/393
f 472/472/472 470/470/470 469/469/469
f 465/465/465 470/470/470 472/472/472
f 471/471/471 472/472/472 469/469/469
f 471/471/471 393/393/393 395/395/395
f 395/395/395 473/473/473 471/471/471
f 473/473/473 395/395/395 396/396/396
f 396/396/396 474/474/474 473/473/473
f 474/474/474 396/396/396 397/397/397
f 397/397/397 475/475/475 474/474/474
f 397/397/397 476/476/476 475/475/475
f 476/476/476 402/402/402 401/401/401
f 397/397/397 402/402/402 476/476/476
f 477/477/477 476/476/476 401/401/401
f 475/475/475 476/476/476 477/477/477
f 401/401/401 478/478/478 477/477/477
f 478/478/478 406/406/406 405/405/405
f 401/401/401 406/406/406 478/478/478
f 479/479/479 478/478/478 405/405/405
f 477/477/477 478/478/478 479/479/479
f 480/480/480 407/407/407 408/408/408
f 408/408/408 481/481/481 480/480/480
f 481/481/481 408/408/408 409/409/409
f 409/409/409 482/482/482 481/481/481
f 482/482/482 409/409/409 410/410/410
f 410/410/410 483/483/483 482/482/482
f 483/483/483 410/410/410 411/411/411
f 411/411/411 484/484/484 483/483/483
f 411/411/411 485/485/485 484/484/484
f 485/485/485 414/414/414 413/413/413
f 411/411/411 414/414/414 485/485/485
f 486/486/486 485/485/485 413/413/413
f 485/485/485 487/487/487 484/484/484
f 486/486/486 487/487/487 485/485/485
f 486/486/486 413/413/413 416/416/416
f 416/416/416 488/488/488 486/486/486
f 488/488/488 416/416/416 417/417/417
f 417/417/417 489/489/489 488/488/488
f 417/417/417 490/490/490 489/489/489
f 418/418/418 490/490/490 417/417/417
f 491/491/491 490/490/490 418/418/418
f 490/490/490 492/492/492 489/489/489
f 491/491/491 492/492/492 490/490/490
f 491/491/491 418/418/418 419/419/419
f 419/419/419 493/493/493 491/491/491
f 419/419/419 494/494/494 493/493/493
f 422/422/422 495/495/495 494/494/494
f 421/421/421 495/495/495 422/422/422
f 419/419/419 422/422/422 494/494/494
f 494/494/494 497/497/497 496/496/496
f 497/497/497 495/495/495 421/421/421
f 494/494/494 495/495/495 497/497/497
f 493/493/493 494/494/494 496/496/496
f 498/498/498 497/497/497 421/421/421
f 496/496/496 497/497/497 498/498/498
f 425/425/425 499/499/499 498/498/498
f 424/424/424 499/499/499 425/425/425
f 421/421/421 425/425/425 498/498/498
f 498/498/498 501/501/501 500/500/500
f 501/501/501 499/499/499 424/424/424
f 498/498/498 499/499/499 501/501/501
f 496/496/496 498/498/498 500/500/500
f 501/501/501 503/503/503 502/502/502
f 424/424/424 503/503/503 501/501/501
f 500/500/500 501/501/501 502/502/502
f 504/504/504 505/505/505 428/428/428
f 502/502/502 505/505/505 504/504/504
f 427/427/427 504/504/504 428/428/428
f 428/428/428 503/503/503 424/424/424
f 503/503/503 505/505/505 502/502/502
f 428/428/428 505/505/505 503/503/503
f 502/502/502 507/507/507 506/506/506
f 507/507/507 504/504/504 427/427/427
f 502/502/502 504/504/504 507/507/507
f 500/500/500 502/502/502 506/506/506
f 508/508/508 507/507/507 427/427/427
f 506/506/506 507/507/507 508/508/508
f 429/429/429 508/508/508 427/427/427
f 508/508/508 510/510/510 509/509/509
f 429/429/429 510/510/510 508/508/508
f 506/506/506 508/508/508 509/509/509
f 511/511/511 510/510/510 429/429/429
f 509/509/509 510/510/510 511/511/511
f 430/430/430 511/511/511 429/429/429
f 511/511/511 513/513/513 512/512/512
f 430/430/430 513/513/513 511/511/511
f 511/511/511 514/514/514 509/509/509
f 512/512/512 514/514/514 511/511/511
f 515/515/515 513/513/513 430/430/430
f 513/513/513 516/516/516 512/512/512
f 515/515/515 516/516/516 513/513/513
f 431/431/431 515/515/515 430/430/430
f 517/517/517 518/518/518 515/515/515
f 518/518/518 520/520/520 519/519/519
f 517/517/517 520/520/520 518/518/518
f 431/431/431 517/517/517 515/515/515
f 516/516/516 522/522/522 521/521/521
f 515/515/515 522/522/522 516/516/516
f 512/512/512 516/516/516 521/521/521
f 521/521/521 518/518/518 519/519/519
f 518/518/518 522/522/522 515/515/515
f 521/521/521 522/522/522 518/518/518
f 523/523/523 517/517/517 431/431/431
f 524/524/524 520/520/520 517/517/517
f 519/519/519 520/520/520 524/524/524
f 523/523/523 524/524/524 517/517/517
f 432/432/432 523/523/523 431/431/431
f 523/523/523 526/526/526 525/525/525
f 432/432/432 526/526/526 523/523/523
f 527/527/527 524/524/524 523/523/523
f 519/519/519 524/524/524 527/527/527
f 525/525/525 527/527/527 523/523/523
f 528/528/528 526/526/526 432/432/432
f 526/526/526 529/529/529 525/525/525
f 528/528/528 529/529/529 526/526/526
f 433/433/433 528/528/528 432/432/432
f 530/530/530 528/528/528 433/433/433
f 531/531/531 529/529/529 528/528/528
f 525/525/525 529/529/529 531/531/531
f 530/530/530 531/531/531 528/528/528
f 433/433/433 532/532/532 530/530/530
f 434/434/434 532/532/532 433/433/433
f 532/532/532 534/534/534 533/533/533
f 434/434/434 534/534/534 532/532/532
f 530/530/530 532/532/532 533/533/533
f 534/534/534 536/536/536 535/535/535
f 434/434/434 536/536/536 534/534/534
f 533/533/533 534/534/534 535/535/535
f 535/535/535 440/440/440 437/437/437
f 440/440/440 536/536/536 434/434/434
f 535/535/535 536/536/536 440/440/440
f 537/537/537 535/535/535 437/437/437
f 533/533/533 535/535/535 537/537/537
f 537/537/537 437/437/437 445/445/445
f 445/445/445 538/538/538 537/537/537
f 445/445/445 539/539/539 538/538/538
f 451/451/451 539/539/539 445/445/445
f 539/539/539 541/541/541 540/540/540
f 451/451/451 541/541/541 539/539/539
f 538/538/538 539/539/539 540/540/540
f 541/541/541 543/543/543 542/542/542
f 451/451/451 543/543/543 541/541/541
f 540/540/540 541/541/541 542/542/542
f 542/542/542 456/456/456 455/455/455
f 456/456/456 543/543/543 451/451/451
f 542/542/542 543/543/543 456/456/456
f 544/544/544 542/542/542 455/455/455
f 540/540/540 542/542/542 544/544/544
f 455/455/455 545/545/545 544/544/544
f 458/458/458 545/545/545 455/455/455
f 545/545/545 547/547/547 546/546/546
f 458/458/458 547/547/547 545/545/545
f 544/544/544 545/545/545 546/546/546
f 548/548/548 549/549/549 547/547/547
f 550/550/550 549/549/549 548/548/548
f 458/458/458 548/548/548 547/547/547
f 547/547/547 551/551/551 546/546/546
f 549/549/549 552/552/552 551/551/551
f 550/550/550 552/552/552 549/549/549
f 547/547/547 549/549/549 551/551/551
f 550/550/550 461/461/461 460/460/460
f 461/461/461 548/548/548 458/458/458
f 550/550/550 548/548/548 461/461/461
f 553/553/553 554/554/554 550/550/550
f 555/555/555 554/554/554 553/553/553
f 460/460/460 553/553/553 550/550/550
f 551/551/551 557/557/557 556/556/556
f 557/557/557 552/552/552 550/550/550
f 551/551/551 552/552/552 557/557/557
f 546/546/546 551/551/551 556/556/556
f 554/554/554 558/558/558 556/556/556
f 555/555/555 558/558/558 554/554/554
f 554/554/554 557/557/557 550/550/550
f 556/556/556 557/557/557 554/554/554
f 559/559/559 553/553/553 460/460/460
f 555/555/555 553/553/553 559/559/559
f 463/463/463 559/559/559 460/460/460
f 560/560/560 559/559/559 463/463/463
f 559/559/559 561/561/561 555/555/555
f 560/560/560 561/561/561 559/559/559
f 560/560/560 463/463/463 465/465/465
f 465/465/465 562/562/562 560/560/560
f 465/465/465 563/563/563 562/562/562
f 472/472/472 564/564/564 563/563/563
f 471/471/471 564/564/564 472/472/472
f 465/465/465 472/472/472 563/563/563
f 565/565/565 567/567/567 566/566/566
f 563/563/563 567/567/567 565/565/565
f 568/568/568 565/565/565 566/566/566
f 566/566/566 564/564/564 471/471/471
f 564/564/564 567/567/567 563/563/563
f 566/566/566 567/567/567 564/564/564
f 563/563/563 569/569/569 562/562/562
f 569/569/569 565/565/565 568/568/568
f 563/563/563 565/565/565 569/569/569
f 570/570/570 566/566/566 471/471/471
f 568/568/568 566/566/566 570/570/570
f 473/473/473 570/570/570 471/471/471
f 571/571/571 570/570/570 473/473/473
f 568/568/568 570/570/570 571/571/571
f 571/571/571 473/473/473 474/474/474
f 474/474/474 572/572/572 571/571/571
f 572/572/572 474/474/474 475/475/475
f 475/475/475 573/573/573 572/572/572
f 573/573/573 475/475/475 477/477/477
f 477/477/477 574/574/574 573/573/573
f 574/574/574 477/477/477 479/479/479
f 479/479/479 575/575/575 574/574/574
f 576/576/576 480/480/480 481/481/481
f 481/481/481 577/577/577 576/576/576
f 577/577/577 481/481/481 482/482/482
f 482/482/482 578/578/578 577/577/577
f 578/578/578 482/482/482 483/483/483
f 483/483/483 579/579/579 578/578/578
f 483/483/483 580/580/580 579/579/579
f 484/484/484 580/580/580 483/483/483
f 580/580/580 582/582/582 581/581/581
f 484/484/484 582/582/582 580/580/580
f 579/579/579 580/580/580 581/581/581
f 582/582/582 584/584/584 583/583/583
f 484/484/484 584/584/584 582/582/582
f 581/581/581 582/582/582 583/583/583
f 583/583/583 487/487/487 486/486/486
f 487/487/487 584/584/584 484/484/484
f 583/583/583 584/584/584 487/487/487
f 585/585/585 583/583/583 486/486/486
f 581/581/581 583/583/583 585/585/585
f 585/585/585 486/486/486 488/488/488
f 488/488/488 586/586/586 585/585/585
f 488/488/488 587/587/587 586/586/586
f 489/489/489 587/587/587 488/488/488
f 587/587/587 589/589/589 588/588/588
f 489/489/489 589/589/589 587/587/587
f 586/586/586 587/587/587 588/588/588
f 589/589/589 591/591/591 590/590/590
f 489/489/489 591/591/591 589/589/589
f 588/588/588 589/589/589 590/590/590
f 590/590/590 492/492/492 491/491/491
f 492/492/492 591/591/591 489/489/489
f 590/590/590 591/591/591 492/492/492
f 592/592/592 590/590/590 491/491/491
f 588/588/588 590/590/590 592/592/592
f 592/592/592 491/491/491 493/493/493
f 493/493/493 593/593/593 592/592/592
f 593/593/593 493/493/493 496/496/496
f 496/496/496 594/594/594 593/593/593
f 594/594/594 496/496/496 500/500/500
f 500/500/500 595/595/595 594/594/594
f 595/595/595 500/500/500 506/506/506
f 506/506/506 596/596/596 595/595/595
f 596/596/596 506/506/506 509/509/509
f 509/509/509 597/597/597 596/596/596
f 509/509/509 598/598/598 597/597/597
f 598/598/598 514/514/514 512/512/512
f 509/509/509 514/514/514 598/598/598
f 599/599/599 598/598/598 512/512/512
f 597/597/597 598/598/598 599/599/599
f 512/512/512 600/600/600 599/599/599
f 600/600/600 521/521/521 519/519/519
f 512/512/512 521/521/521 600/600/600
f 601/601/601 600/600/600 519/519/519
f 599/599/599 600/600/600 601/601/601
f 519/519/519 602/602/602 601/601/601
f 602/602/602 527/527/527 525/525/525
f 519/519/519 527/527/527 602/602/602
f 603/603/603 604/604/604 602/602/602
f 605/605/605 606/606/606 604/604/604
f 607/607/607 606/606/606 605/605/605
f 603/603/603 605/605/605 604/604/604
f 525/525/525 603/603/603 602/602/602
f 602/602/602 608/608/608 601/601/601
f 604/604/604 609/609/609 608/608/608
f 609/609/609 606/606/606 607/607/607
f 604/604/604 606/606/606 609/609/609
f 602/602/602 604/604/604 608/608/608
f 610/610/610 603/603/603 525/525/525
f 611/611/611 605/605/605 603/603/603
f 607/607/607 605/605/605 611/611/611
f 610/610/610 611/611/611 603/603/603
f 610/610/610 531/531/531 530/530/530
f 525/525/525 531/531/531 610/610/610
f 610/610/610 613/613/613 612/612/612
f 530/530/530 613/613/613 610/610/610
f 614/614/614 611/611/611 610/610/610
f 607/607/607 611/611/611 614/614/614
f 612/612/612 614/614/614 610/610/610
f 615/615/615 613/613/613 530/530/530
f 613/613/613 616/616/616 612/612/612
f 615/615/615 616/616/616 613/613/613
f 533/533/533 615/615/615 530/530/530
f 617/617/617 615/615/615 533/533/533
f 618/618/618 616/616/616 615/615/615
f 612/612/612 616/616/616 618/618/618
f 617/617/617 618/618/618 615/615/615
f 617/617/617 533/533/533 537/537/537
f 537/537/537 619/619/619 617/617/617
f 619/619/619 537/537/537 538/538/538
f 538/538/538 620/620/620 619/619/619
f 538/538/538 621/621/621 620/620/620
f 540/540/540 621/621/621 538/538/538
f 621/621/621 623/623/623 622/622/622
f 540/540/540 623/623/623 621/621/621
f 620/620/620 621/621/621 622/622/622
f 624/624/624 623/623/623 540/540/540
f 623/623/623 625/625/625 622/622/622
f 624/624/624 625/625/625 623/623/623
f 544/544/544 624/624/624 540/540/540
f 626/626/626 627/627/627 624/624/624
f 627/627/627 629/629/629 628/628/628
f 626/626/626 629/629/629 627/627/627
f 544/544/544 626/626/626 624/624/624
f 625/625/625 631/631/631 630/630/630
f 624/624/624 631/631/631 625/625/625
f 622/622/622 625/625/625 630/630/630
f 630/630/630 627/627/627 628/628/628
f 627/627/627 631/631/631 624/624/624
f 630/630/630 631/631/631 627/627/627
f 632/632/632 626/626/626 544/544/544
f 633/633/633 629/629/629 626/626/626
f 628/628/628 629/629/629 633/633/633
f 632/632/632 633/633/633 626/626/626
f 546/546/546 632/632/632 544/544/544
f 634/634/634 635/635/635 632/632/632
f 636/636/636 635/635/635 634/634/634
f 546/546/546 634/634/634 632/632/632
f 633/633/633 638/638/638 637/637/637
f 632/632/632 638/638/638 633/633/633
f 628/628/628 633/633/633 637/637/637
f 637/637/637 635/635/635 636/636/636
f 635/635/635 638/638/638 632/632/632
f 637/637/637 638/638/638 635/635/635
f 639/639/639 634/634/634 546/546/546
f 636/636/636 634/634/634 639/639/639
f 556/556/556 640/640/640 639/639/639
f 558/558/558 641/641/641 640/640/640
f 555/555/555 641/641/641 558/558/558
f 556/556/556 558/558/558 640/640/640
f 546/546/546 556/556/556 639/639/639
f 639/639/639 643/643/643 642/642/642
f 640/640/640 644/644/644 643/643/643
f 644/644/644 641/641/641 555/555/555
f 640/640/640 641/641/641 644/644/644
f 639/639/639 640/640/640 643/643/643
f 636/636/636 639/639/639 642/642/642
f 643/643/643 646/646/646 645/645/645
f 646/646/646 644/644/644 555/555/555
f 643/643/643 644/644/644 646/646/646
f 642/642/642 643/643/643 645/645/645
f 645/645/645 561/561/561 560/560/560
f 561/561/561 646/646/646 555/555/555
f 645/645/645 646/646/646 561/561/561
f 647/647/647 645/645/645 560/560/560
f 642/642/642 645/645/645 647/647/647
f 560/560/560 648/648/648 647/647/647
f 562/562/562 648/648/648 560/560/560
f 649/649/649 648/648/648 562/562/562
f 647/647/647 648/648/648 649/649/649
f 562/562/562 650/650/650 649/649/649
f 650/650/650 569/569/569 568/568/568
f 562/562/562 569/569/569 650/650/650
f 651/651/651 650/650/650 568/568/568
f 649/649/649 650/650/650 651/651/651
f 568/568/568 652/652/652 651/651/651
f 571/571/571 652/652/652 568/568/568
f 652/652/652 654/654/654 653/653/653
f 571/571/571 654/654/654 652/652/652
f 651/651/651 652/652/652 653/653/653
f 655/655/655 654/654/654 571/571/571
f 653/653/653 654/654/654 655/655/655
f 572/572/572 655/655/655 571/571/571
f 656/656/656 655/655/655 572/572/572
f 653/653/653 655/655/655 656/656/656
f 572/572/572 657/657/657 656/656/656
f 573/573/573 657/657/657 572/572/572
f 657/657/657 659/659/659 658/658/658
f 573/573/573 659/659/659 657/657/657
f 656/656/656 657/657/657 658/658/658
f 660/660/660 659/659/659 573/573/573
f 658/658/658 659/659/659 660/660/660
f 574/574/574 660/660/660 573/573/573
f 661/661/661 660/660/660 574/574/574
f 658/658/658 660/660/660 661/661/661
f 661/661/661 574/574/574 575/575/575
f 575/575/575 662/662/662 661/661/661
f 663/663/663 576/576/576 577/577/577
f 577/577/577 664/664/664 663/663/663
f 664/664/664 577/577/577 578/578/578
f 578/578/578 665/665/665 664/664/664
f 665/665/665 578/578/578 579/579/579
f 579/579/579 666/666/666 665/665/665
f 666/666/666 579/579/579 581/581/581
f 581/581/581 667/667/667 666/666/666
f 667/667/667 581/581/581 585/585/585
f 585/585/585 668/668/668 667/667/667
f 668/668/668 585/585/585 586/586/586
f 586/586/586 669/669/669 668/668/668
f 586/586/586 670/670/670 669/669/669
f 588/588/588 670/670/670 586/586/586
f 671/671/671 670/670/670 588/588/588
f 670/670/670 672/672/672 669/669/669
f 671/671/671 672/672/672 670/670/670
f 671/671/671 588/588/588 592/592/592
f 592/592/592 673/673/673 671/671/671
f 673/673/673 592/592/592 593/593/593
f 593/593/593 674/674/674 673/673/673
f 674/674/674 593/593/593 594/594/594
f 594/594/594 675/675/675 674/674/674
f 675/675/675 594/594/594 595/595/595
f 595/595/595 676/676/676 675/675/675
f 676/676/676 595/595/595 596/596/596
f 596/596/596 677/677/677 676/676/676
f 677/677/677 596/596/596 597/597/597
f 597/597/597 678/678/678 677/677/677
f 597/597/597 679/679/679 678/678/678
f 599/599/599 679/679/679 597/597/597
f 679/679/679 681/681/681 680/680/680
f 599/599/599 681/681/681 679/679/679
f 678/678/678 679/679/679 680/680/680
f 682/682/682 681/681/681 599/599/599
f 680/680/680 681/681/681 682/682/682
f 601/601/601 682/682/682 599/599/599
f 682/682/682 684/684/684 683/683/683
f 601/601/601 684/684/684 682/682/682
f 680/680/680 682/682/682 683/683/683
f 684/684/684 686/686/686 685/685/685
f 601/601/601 686/686/686 684/684/684
f 683/683/683 684/684/684 685/685/685
f 608/608/608 687/687/687 685/685/685
f 687/687/687 609/609/609 607/607/607
f 608/608/608 609/609/609 687/687/687
f 608/608/608 686/686/686 601/601/601
f 685/685/685 686/686/686 608/608/608
f 685/685/685 689/689/689 688/688/688
f 689/689/689 687/687/687 607/607/607
f 685/685/685 687/687/687 689/689/689
f 683/683/683 685/685/685 688/688/688
f 690/690/690 689/689/689 607/607/607
f 688/688/688 689/689/689 690/690/690
f 690/690/690 614/614/614 612/612/612
f 607/607/607 614/614/614 690/690/690
f 691/691/691 690/690/690 612/612/612
f 688/688/688 690/690/690 691/691/691
f 612/612/612 692/692/692 691/691/691
f 692/692/692 618/618/618 617/617/617
f 612/612/612 618/618/618 692/692/692
f 693/693/693 692/692/692 617/617/617
f 691/691/691 692/692/692 693/693/693
f 617/617/617 694/694/694 693/693/693
f 619/619/619 694/694/694 617/617/617
f 694/694/694 696/696/696 695/695/695
f 619/619/619 696/696/696 694/694/694
f 693/693/693 694/694/694 695/695/695
f 697/697/697 696/696/696 619/619/619
f 696/696/696 698/698/698 695/695/695
f 697/697/697 698/698/698 696/696/696
f 620/620/620 697/697/697 619/619/619
f 699/699/699 697/697/697 620/620/620
f 700/700/700 698/698/698 697/697/697
f 698/698/698 701/701/701 695/695/695
f 700/700/700 701/701/701 698/698/698
f 699/699/699 700/700/700 697/697/697
f 620/620/620 702/702/702 699/699/699
f 622/622/622 702/702/702 620/620/620
f 703/703/703 702/702/702 622/622/622
f 702/702/702 704/704/704 699/699/699
f 703/703/703 704/704/704 702/702/702
f 622/622/622 705/705/705 703/703/703
f 705/705/705 630/630/630 628/628/628
f 622/622/622 630/630/630 705/705/705
f 706/706/706 705/705/705 628/628/628
f 703/703/703 705/705/705 706/706/706
f 628/628/628 707/707/707 706/706/706
f 707/707/707 637/637/637 636/636/636
f 628/628/628 637/637/637 707/707/707
f 708/708/708 707/707/707 636/636/636
f 706/706/706 707/707/707 708/708/708
f 708/708/708 636/636/636 642/642/642
f 642/642/642 709/709/709 708/708/708
f 642/642/642 710/710/710 709/709/709
f 647/647/647 710/710/710 642/642/642
f 710/710/710 712/712/712 711/711/711
f 647/647/647 712/712/712 710/710/710
f 709/709/709 710/710/710 711/711/711
f 713/713/713 712/712/712 647/647/647
f 712/712/712 714/714/714 711/711/711
f 713/713/713 714/714/714 712/712/712
f 649/649/649 713/713/713 647/647/647
f 715/715/715 713/713/713 649/649/649
f 716/716/716 714/714/714 713/713/713
f 711/711/711 714/714/714 716/716/716
f 715/715/715 716/716/716 713/713/713
f 649/649/649 717/717/717 715/715/715
f 651/651/651 717/717/717 649/649/649
f 718/718/718 717/717/717 651/651/651
f 715/715/715 717/717/717 718/718/718
f 651/651/651 719/719/719 718/718/718
f 653/653/653 719/719/719 651/651/651
f 720/720/720 719/719/719 653/653/653
f 718/718/718 719/719/719 720/720/720
f 720/720/720 653/653/653 656/656/656
f 656/656/656 721/721/721 720/720/720
f 721/721/721 656/656/656 658/658/658
f 658/658/658 722/722/722 721/721/721
f 722/722/722 658/658/658 661/661/661
f 661/661/661 723/723/723 722/722/722
f 723/723/723 661/661/661 662/662/662
f 662/662/662 724/724/724 723/723/723
f 725/725/725 663/663/663 664/664/664
f 664/664/664 726/726/726 725/725/725
f 726/726/726 664/664/664 665/665/665
f 665/665/665 727/727/727 726/726/726
f 727/727/727 665/665/665 666/666/666
f 666/666/666 728/728/728 727/727/727
f 728/728/728 666/666/666 667/667/667
f 667/667/667 729/729/729 728/728/728
f 729/729/729 667/667/667 668/668/668
f 668/668/668 730/730/730 729/729/729
f 730/730/730 668/668/668 669/669/669
f 669/669/669 731/731/731 730/730/730
f 669/669/669 732/732/732 731/731/731
f 732/732/732 672/672/672 671/671/671
f 669/669/669 672/672/672 732/732/732
f 733/733/733 732/732/732 671/671/671
f 732/732/732 734/734/734 731/731/731
f 733/733/733 734/734/734 732/732/732
f 733/733/733 671/671/671 673/673/673
f 673/673/673 735/735/735 733/733/733
f 673/673/673 736/736/736 735/735/735
f 674/674/674 736/736/736 673/673/673
f 737/737/737 736/736/736 674/674/674
f 736/736/736 738/738/738 735/735/735
f 737/737/737 738/738/738 736/736/736
f 674/674/674 739/739/739 737/737/737
f 675/675/675 739/739/739 674/674/674
f 740/740/740 739/739/739 675/675/675
f 739/739/739 741/741/741 737/737/737
f 740/740/740 741/741/741 739/739/739
f 740/740/740 675/675/675 676/676/676
f 676/676/676 742/742/742 740/740/740
f 742/742/742 676/676/676 677/677/677
f 677/677/677 743/743/743 742/742/742
f 677/677/677 744/744/744 743/743/743
f 678/678/678 744/744/744 677/677/677
f 745/745/745 746/746/746 744/744/744
f 747/747/747 746/746/746 745/745/745
f 678/678/678 745/745/745 744/744/744
f 744/744/744 748/748/748 743/743/743
f 748/748/748 746/746/746 747/747/747
f 744/744/744 746/746/746 748/748/748
f 749/749/749 745/745/745 678/678/678
f 747/747/747 745/745/745 749/749/749
f 680/680/680 749/749/749 678/678/678
f 750/750/750 749/749/749 680/680/680
f 747/747/747 749/749/749 750/750/750
f 750/750/750 680/680/680 683/683/683
f 683/683/683 751/751/751 750/750/750
f 751/751/751 683/683/683 688/688/688
f 688/688/688 752/752/752 751/751/751
f 752/752/752 688/688/688 691/691/691
f 691/691/691 753/753/753 752/752/752
f 753/753/753 691/691/691 693/693/693
f 693/693/693 754/754/754 753/753/753
f 693/693/693 755/755/755 754/754/754
f 695/695/695 755/755/755 693/693/693
f 755/755/755 757/757/757 756/756/756
f 695/695/695 757/757/757 755/755/755
f 754/754/754 755/755/755 756/756/756
f 757/757/757 759/759/759 758/758/758
f 695/695/695 759/759/759 757/757/757
f 756/756/756 757/757/757 758/758/758
f 758/758/758 700/700/700 699/699/699
f 759/759/759 701/701/701 700/700/700
f 695/695/695 701/701/701 759/759/759
f 758/758/758 759/759/759 700/700/700
f 760/760/760 758/758/758 699/699/699
f 756/756/756 758/758/758 760/760/760
f 699/699/699 761/761/761 760/760/760
f 704/704/704 762/762/762 761/761/761
f 703/703/703 762/762/762 704/704/704
f 699/699/699 704/704/704 761/761/761
f 763/763/763 765/765/765 764/764/764
f 761/761/761 765/765/765 763/763/763
f 766/766/766 763/763/763 764/764/764
f 764/764/764 762/762/762 703/703/703
f 762/762/762 765/765/765 761/761/761
f 764/764/764 765/765/765 762/762/762
f 761/761/761 767/767/767 760/760/760
f 767/767/767 763/763/763 766/766/766
f 761/761/761 763/763/763 767/767/767
f 768/768/768 764/764/764 703/703/703
f 766/766/766 764/764/764 768/768/768
f 706/706/706 768/768/768 703/703/703
f 769/769/769 768/768/768 706/706/706
f 766/766/766 768/768/768 769/769/769
f 769/769/769 706/706/706 708/708/708
f 708/708/708 770/770/770 769/769/769
f 770/770/770 708/708/708 709/709/709
f 709/709/709 771/771/771 770/770/770
f 771/771/771 709/709/709 711/711/711
f 711/711/711 772/772/772 771/771/771
f 711/711/711 773/773/773 772/772/772
f 773/773/773 716/716/716 715/715/715
f 711/711/711 716/716/716 773/773/773
f 774/774/774 775/775/775 773/773/773
f 776/776/776 775/775/775 774/774/774
f 715/715/715 774/774/774 773/773/773
f 773/773/773 777/777/777 772/772/772
f 777/777/777 775/775/775 776/776/776
f 773/773/773 775/775/775 777/777/777
f 778/778/778 774/774/774 715/715/715
f 776/776/776 774/774/774 778/778/778
f 718/718/718 778/778/778 715/715/715
f 779/779/779 778/778/778 718/718/718
f 776/776/776 778/778/778 779/779/779
f 779/779/779 718/718/718 720/720/720
f 720/720/720 780/780/780 779/779/779
f 780/780/780 720/720/720 721/721/721
f 721/721/721 781/781/781 780/780/780
f 781/781/781 721/721/721 722/722/722
f 722/722/722 782/782/782 781/781/781
f 782/782/782 722/722/722 723/723/723
f 723/723/723 783/783/783 782/782/782
f 783/783/783 723/723/723 724/724/724
f 724/724/724 784/784/784 783/783/783
f 725/725/725 786/786/786 785/785/785
f 726/726/726 786/786/786 725/725/725
f 787/787/787 788/788/788 786/786/786
f 789/789/789 788/788/788 787/787/787
f 726/726/726 787/787/787 786/786/786
f 786/786/786 790/790/790 785/785/785
f 790/790/790 788/788/788 789/789/789
f 786/786/786 788/788/788 790/790/790
f 791/791/791 787/787/787 726/726/726
f 789/789/789 787/787/787 791/791/791
f 727/727/727 791/791/791 726/726/726
f 792/792/792 791/791/791 727/727/727
f 789/789/789 791/791/791 792/792/792
f 792/792/792 727/727/727 728/728/728
f 728/728/728 793/793/793 792/792/792
f 793/793/793 728/728/728 729/729/729
f 729/729/729 794/794/794 793/793/793
f 794/794/794 729/729/729 730/730/730
f 730/730/730 795/795/795 794/794/794
f 730/730/730 796/796/796 795/795/795
f 731/731/731 796/796/796 730/730/730
f 796/796/796 798/798/798 797/797/797
f 731/731/731 798/798/798 796/796/796
f 795/795/795 796/796/796 797/797/797
f 799/799/799 798/798/798 731/731/731
f 798/798/798 800/800/800 797/797/797
f 799/799/799 800/800/800 798/798/798
f 734/734/734 801/801/801 799/799/799
f 733/733/733 801/801/801 734/734/734
f 731/731/731 734/734/734 799/799/799
f 802/802/802 804/804/804 803/803/803
f 804/804/804 805/805/805 799/799/799
f 802/802/802 805/805/805 804/804/804
f 806/806/806 802/802/802 803/803/803
f 803/803/803 801/801/801 733/733/733
f 801/801/801 804/804/804 799/799/799
f 803/803/803 804/804/804 801/801/801
f 800/800/800 808/808/808 807/807/807
f 799/799/799 808/808/808 800/800/800
f 797/797/797 800/800/800 807/807/807
f 807/807/807 802/802/802 806/806/806
f 808/808/808 805/805/805 802/802/802
f 799/799/799 805/805/805 808/808/808
f 807/807/807 808/808/808 802/802/802
f 809/809/809 803/803/803 733/733/733
f 806/806/806 803/803/803 809/809/809
f 735/735/735 809/809/809 733/733/733
f 810/810/810 809/809/809 735/735/735
f 806/806/806 809/809/809 810/810/810
f 735/735/735 811/811/811 810/810/810
f 738/738/738 812/812/812 811/811/811
f 737/737/737 812/812/812 738/738/738
f 735/735/735 738/738/738 811/811/811
f 813/813/813 815/815/815 814/814/814
f 811/811/811 815/815/815 813/813/813
f 816/816/816 813/813/813 814/814/814
f 817/817/817 818/818/818 812/812/812
f 814/814/814 818/818/818 817/817/817
f 737/737/737 817/817/817 812/812/812
f 812/812/812 815/815/815 811/811/811
f 815/815/815 818/818/818 814/814/814
f 812/812/812 818/818/818 815/815/815
f 811/811/811 819/819/819 810/810/810
f 819/819/819 813/813/813 816/816/816
f 811/811/811 813/813/813 819/819/819
f 814/814/814 821/821/821 820/820/820
f 821/821/821 817/817/817 737/737/737
f 814/814/814 817/817/817 821/821/821
f 816/816/816 814/814/814 820/820/820
f 820/820/820 741/741/741 740/740/740
f 741/741/741 821/821/821 737/737/737
f 820/820/820 821/821/821 741/741/741
f 822/822/822 820/820/820 740/740/740
f 820/820/820 823/823/823 816/816/816
f 822/822/822 823/823/823 820/820/820
f 822/822/822 740/740/740 742/742/742
f 742/742/742 824/824/824 822/822/822
f 824/824/824 742/742/742 743/743/743
f 743/743/743 825/825/825 824/824/824
f 743/743/743 826/826/826 825/825/825
f 826/826/826 748/748/748 747/747/747
f 743/743/743 748/748/748 826/826/826
f 827/827/827 826/826/826 747/747/747
f 825/825/825 826/826/826 827/827/827
f 827/827/827 747/747/747 750/750/750
f 750/750/750 828/828/828 827/827/827
f 828/828/828 750/750/750 751/751/751
f 751/751/751 829/829/829 828/828/828
f 829/829/829 751/751/751 752/752/752
f 752/752/752 830/830/830 829/829/829
f 830/830/830 752/752/752 753/753/753
f 753/753/753 831/831/831 830/830/830
f 831/831/831 753/753/753 754/754/754
f 754/754/754 832/832/832 831/831/831
f 754/754/754 833/833/833 832/832/832
f 756/756/756 833/833/833 754/754/754
f 834/834/834 833/833/833 756/756/756
f 832/832/832 833/833/833 834/834/834
f 834/834/834 756/756/756 760/760/760
f 760/760/760 835/835/835 834/834/834
f 760/760/760 836/836/836 835/835/835
f 836/836/836 767/767/767 766/766/766
f 760/760/760 767/767/767 836/836/836
f 837/837/837 836/836/836 766/766/766
f 835/835/835 836/836/836 837/837/837
f 837/837/837 766/766/766 769/769/769
f 769/769/769 838/838/838 837/837/837
f 838/838/838 769/769/769 770/770/770
f 770/770/770 839/839/839 838/838/838
f 770/770/770 840/840/840 839/839/839
f 771/771/771 840/840/840 770/770/770
f 840/840/840 842/842/842 841/841/841
f 771/771/771 842/842/842 840/840/840
f 839/839/839 840/840/840 841/841/841
f 843/843/843 842/842/842 771/771/771
f 841/841/841 842/842/842 843/843/843
f 772/772/772 843/843/843 771/771/771
f 844/844/844 843/843/843 772/772/772
f 841/841/841 843/843/843 844/844/844
f 772/772/772 845/845/845 844/844/844
f 845/845/845 777/777/777 776/776/776
f 772/772/772 777/777/777 845/845/845
f 845/845/845 847/847/847 846/846/846
f 776/776/776 847/847/847 845/845/845
f 844/844/844 845/845/845 846/846/846
f 848/848/848 847/847/847 776/776/776
f 847/847/847 849/849/849 846/846/846
f 848/848/848 849/849/849 847/847/847
f 779/779/779 848/848/848 776/776/776
f 850/850/850 848/848/848 779/779/779
f 851/851/851 849/849/849 848/848/848
f 846/846/846 849/849/849 851/851/851
f 850/850/850 851/851/851 848/848/848
f 779/779/779 852/852/852 850/850/850
f 780/780/780 852/852/852 779/779/779
f 853/853/853 852/852/852 780/780/780
f 852/852/852 854/854/854 850/850/850
f 853/853/853 854/854/854 852/852/852
f 853/853/853 780/780/780 781/781/781
f 781/781/781 855/855/855 853/853/853
f 855/855/855 781/781/781 782/782/782
f 782/782/782 856/856/856 855/855/855
f 856/856/856 782/782/782 783/783/783
f 783/783/783 857/857/857 856/856/856
f 857/857/857 783/783/783 784/784/784
f 784/784/784 858/858/858 857/857/857
f 785/785/785 860/860/860 859/859/859
f 860/860/860 790/790/790 789/789/789
f 785/785/785 790/790/790 860/860/860
f 861/861/861 860/860/860 789/789/789
f 859/859/859 860/860/860 861/861/861
f 861/861/861 789/789/789 792/792/792
f 792/792/792 862/862/862 861/861/861
f 862/862/862 792/792/792 793/793/793
f 793/793/793 863/863/863 862/862/862
f 793/793/793 864/864/864 863/863/863
f 794/794/794 864/864/864 793/793/793
f 865/865/865 864/864/864 794/794/794
f 864/864/864 866/866/866 863/863/863
f 865/865/865 866/866/866 864/864/864
f 865/865/865 794/794/794 795/795/795
f 795/795/795 867/867/867 865/865/865
f 795/795/795 868/868/868 867/867/867
f 797/797/797 868/868/868 795/795/795
f 869/869/869 868/868/868 797/797/797
f 867/867/867 868/868/868 869/869/869
f 797/797/797 870/870/870 869/869/869
f 870/870/870 807/807/807 806/806/806
f 797/797/797 807/807/807 870/870/870
f 871/871/871 870/870/870 806/806/806
f 869/869/869 870/870/870 871/871/871
f 871/871/871 806/806/806 810/810/810
f 810/810/810 872/872/872 871/871/871
f 810/810/810 873/873/873 872/872/872
f 873/873/873 819/819/819 816/816/816
f 810/810/810 819/819/819 873/873/873
f 874/874/874 875/875/875 873/873/873
f 875/875/875 877/877/877 876/876/876
f 874/874/874 877/877/877 875/875/875
f 816/816/816 874/874/874 873/873/873
f 873/873/873 878/878/878 872/872/872
f 878/878/878 875/875/875 876/876/876
f 873/873/873 875/875/875 878/878/878
f 879/879/879 880/880/880 874/874/874
f 881/881/881 880/880/880 879/879/879
f 816/816/816 879/879/879 874/874/874
f 882/882/882 877/877/877 874/874/874
f 876/876/876 877/877/877 882/882/882
f 882/882/882 880/880/880 881/881/881
f 874/874/874 880/880/880 882/882/882
f 881/881/881 823/823/823 822/822/822
f 823/823/823 879/879/879 816/816/816
f 881/881/881 879/879/879 823/823/823
f 883/883/883 884/884/884 881/881/881
f 885/885/885 884/884/884 883/883/883
f 822/822/822 883/883/883 881/881/881
f 882/882/882 887/887/887 886/886/886
f 881/881/881 887/887/887 882/882/882
f 876/876/876 882/882/882 886/886/886
f 886/886/886 884/884/884 885/885/885
f 884/884/884 887/887/887 881/881/881
f 886/886/886 887/887/887 884/884/884
f 888/888/888 883/883/883 822/822/822
f 885/885/885 883/883/883 888/888/888
f 824/824/824 888/888/888 822/822/822
f 889/889/889 888/888/888 824/824/824
f 885/885/885 888/888/888 889/889/889
f 889/889/889 824/824/824 825/825/825
f 825/825/825 890/890/890 889/889/889
f 890/890/890 825/825/825 827/827/827
f 827/827/827 891/891/891 890/890/890
f 891/891/891 827/827/827 828/828/828
f 828/828/828 892/892/892 891/891/891
f 892/892/892 828/828/828 829/829/829
f 829/829/829 893/893/893 892/892/892
f 893/893/893 829/829/829 830/830/830
f 830/830/830 894/894/894 893/893/893
f 830/830/830 895/895/895 894/894/894
f 831/831/831 895/895/895 830/830/830
f 896/896/896 895/895/895 831/831/831
f 895/895/895 897/897/897 894/894/894
f 896/896/896 897/897/897 895/895/895
f 896/896/896 831/831/831 832/832/832
f 832/832/832 898/898/898 896/896/896
f 898/898/898 832/832/832 834/834/834
f 834/834/834 899/899/899 898/898/898
f 899/899/899 834/834/834 835/835/835
f 835/835/835 900/900/900 899/899/899
f 900/900/900 835/835/835 837/837/837
f 837/837/837 901/901/901 900/900/900
f 901/901/901 837/837/837 838/838/838
f 838/838/838 902/902/902 901/901/901
f 902/902/902 838/838/838 839/839/839
f 839/839/839 903/903/903 902/902/902
f 903/903/903 839/839/839 841/841/841
f 841/841/841 904/904/904 903/903/903
f 904/904/904 841/841/841 844/844/844
f 844/844/844 905/905/905 904/904/904
f 905/905/905 844/844/844 846/846/846
f 846/846/846 906/906/906 905/905/905
f 846/846/846 907/907/907 906/906/906
f 907/907/907 851/851/851 850/850/850
f 846/846/846 851/851/851 907/907/907
f 907/907/907 909/909/909 908/908/908
f 850/850/850 909/909/909 907/907/907
f 906/906/906 907/907/907 908/908/908
f 909/909/909 911/911/911 910/910/910
f 850/850/850 911/911/911 909/909/909
f 908/908/908 909/909/909 910/910/910
f 912/912/912 913/913/913 854/854/854
f 910/910/910 913/913/913 912/912/912
f 853/853/853 912/912/912 854/854/854
f 854/854/854 911/911/911 850/850/850
f 911/911/911 913/913/913 910/910/910
f 854/854/854 913/913/913 911/911/911
f 910/910/910 915/915/915 914/914/914
f 915/915/915 912/912/912 853/853/853
f 910/910/910 912/912/912 915/915/915
f 908/908/908 910/910/910 914/914/914
f 916/916/916 915/915/915 853/853/853
f 914/914/914 915/915/915 916/916/916
f 855/855/855 916/916/916 853/853/853
f 917/917/917 916/916/916 855/855/855
f 914/914/914 916/916/916 917/917/917
f 855/855/855 918/918/918 917/917/917
f 856/856/856 918/918/918 855/855/855
f 919/919/919 920/920/920 918/918/918
f 920/920/920 922/922/922 921/921/921
f 919/919/919 922/922/922 920/920/920
f 856/856/856 919/919/919 918/918/918
f 918/918/918 923/923/923 917/917/917
f 923/923/923 920/920/920 921/921/921
f 918/918/918 920/920/920 923/923/923
f 924/924/924 919/919/919 856/856/856
f 925/925/925 922/922/922 919/919/919
f 921/921/921 922/922/922 925/925/925
f 924/924/924 925/925/925 919/919/919
f 857/857/857 924/924/924 856/856/856
f 926/926/926 924/924/924 857/857/857
f 927/927/927 925/925/925 924/924/924
f 921/921/921 925/925/925 927/927/927
f 926/926/926 927/927/927 924/924/924
f 926/926/926 857/857/857 858/858/858
f 858/858/858 928/928/928 926/926/926
f 929/929/929 859/859/859 861/861/861
f 861/861/861 930/930/930 929/929/929
f 930/930/930 861/861/861 862/862/862
f 862/862/862 931/931/931 930/930/930
f 862/862/862 932/932/932 931/931/931
f 863/863/863 932/932/932 862/862/862
f 932/932/932 934/934/934 933/933/933
f 863/863/863 934/934/934 932/932/932
f 932/932/932 935/935/935 931/931/931
f 933/933/933 935/935/935 932/932/932
f 934/934/934 937/937/937 936/936/936
f 863/863/863 937/937/937 934/934/934
f 933/933/933 934/934/934 936/936/936
f 936/936/936 866/866/866 865/865/865
f 866/866/866 937/937/937 863/863/863
f 936/936/936 937/937/937 866/866/866
f 938/938/938 936/936/936 865/865/865
f 936/936/936 939/939/939 933/933/933
f 938/938/938 939/939/939 936/936/936
f 938/938/938 865/865/865 867/867/867
f 867/867/867 940/940/940 938/938/938
f 940/940/940 867/867/867 869/869/869
f 869/869/869 941/941/941 940/940/940
f 941/941/941 869/869/869 871/871/871
f 871/871/871 942/942/942 941/941/941
f 871/871/871 943/943/943 942/942/942
f 872/872/872 943/943/943 871/871/871
f 943/943/943 945/945/945 944/944/944
f 872/872/872 945/945/945 943/943/943
f 942/942/942 943/943/943 944/944/944
f 945/945/945 947/947/947 946/946/946
f 872/872/872 947/947/947 945/945/945
f 945/945/945 948/948/948 944/944/944
f 946/946/946 948/948/948 945/945/945
f 946/946/946 878/878/878 876/876/876
f 878/878/878 947/947/947 872/872/872
f 946/946/946 947/947/947 878/878/878
f 949/949/949 946/946/946 876/876/876
f 950/950/950 948/948/948 946/946/946
f 944/944/944 948/948/948 950/950/950
f 949/949/949 950/950/950 946/946/946
f 876/876/876 951/951/951 949/949/949
f 951/951/951 886/886/886 885/885/885
f 876/876/876 886/886/886 951/951/951
f 952/952/952 951/951/951 885/885/885
f 949/949/949 951/951/951 952/952/952
f 952/952/952 885/885/885 889/889/889
f 889/889/889 953/953/953 952/952/952
f 953/953/953 889/889/889 890/890/890
f 890/890/890 954/954/954 953/953/953
f 954/954/954 890/890/890 891/891/891
f 891/891/891 955/955/955 954/954/954
f 955/955/955 891/891/891 892/892/892
f 892/892/892 956/956/956 955/955/955
f 956/956/956 892/892/892 893/893/893
f 893/893/893 957/957/957 956/956/956
f 957/957/957 893/893/893 894/894/894
f 894/894/894 958/958/958 957/957/957
f 894/894/894 959/959/959 958/958/958
f 897/897/897 960/960/960 959/959/959
f 896/896/896 960/960/960 897/897/897
f 894/894/894 897/897/897 959/959/959
f 959/959/959 962/962/962 961/961/961
f 962/962/962 960/960/960 896/896/896
f 959/959/959 960/960/960 962/962/962
f 958/958/958 959/959/959 961/961/961
f 963/963/963 962/962/962 896/896/896
f 961/961/961 962/962/962 963/963/963
f 898/898/898 963/963/963 896/896/896
f 964/964/964 963/963/963 898/898/898
f 961/961/961 963/963/963 964/964/964
f 964/964/964 898/898/898 899/899/899
f 899/899/899 965/965/965 964/964/964
f 965/965/965 899/899/899 900/900/900
f 900/900/900 966/966/966 965/965/965
f 966/966/966 900/900/900 901/901/901
f 901/901/901 967/967/967 966/966/966
f 967/967/967 901/901/901 902/902/902
f 902/902/902 968/968/968 967/967/967
f 968/968/968 902/902/902 903/903/903
f 903/903/903 969/969/969 968/968/968
f 969/969/969 903/903/903 904/904/904
f 904/904/904 970/970/970 969/969/969
f 970/970/970 904/904/904 905/905/905
f 905/905/905 971/971/971 970/970/970
f 971/971/971 905/905/905 906/906/906
f 906/906/906 972/972/972 971/971/971
f 972/972/972 906/906/906 908/908/908
f 908/908/908 973/973/973 972/972/972
f 973/973/973 908/908/908 914/914/914
f 914/914/914 974/974/974 973/973/973
f 974/974/974 914/914/914 917/917/917
f 917/917/917 975/975/975 974/974/974
f 917/917/917 976/976/976 975/975/975
f 976/976/976 923/923/923 921/921/921
f 917/917/917 923/923/923 976/976/976
f 976/976/976 978/978/978 977/977/977
f 921/921/921 978/978/978 976/976/976
f 975/975/975 976/976/976 977/977/977
f 979/979/979 978/978/978 921/921/921
f 978/978/978 980/980/980 977/977/977
f 979/979/979 980/980/980 978/978/978
f 979/979/979 927/927/927 926/926/926
f 921/921/921 927/927/927 979/979/979
f 981/981/981 982/982/982 979/979/979
f 983/983/983 982/982/982 981/981/981
f 926/926/926 981/981/981 979/979/979
f 980/980/980 985/985/985 984/984/984
f 979/979/979 985/985/985 980/980/980
f 977/977/977 980/980/980 984/984/984
f 984/984/984 982/982/982 983/983/983
f 982/982/982 985/985/985 979/979/979
f 984/984/984 985/985/985 982/982/982
f 986/986/986 981/981/981 926/926/926
f 983/983/983 981/981/981 986/986/986
f 928/928/928 986/986/986 926/926/926
f 987/987/987 986/986/986 928/928/928
f 986/986/986 988/988/988 983/983/983
f 987/987/987 988/988/988 986/986/986
f 989/989/989 929/929/929 930/930/930
f 930/930/930 990/990/990 989/989/989
f 990/990/990 930/930/930 931/931/931
f 931/931/931 991/991/991 990/990/990
f 931/931/931 992/992/992 991/991/991
f 992/992/992 935/935/935 933/933/933
f 931/931/931 935/935/935 992/992/992
f 992/992/992 994/994/994 993/993/993
f 933/933/933 994/994/994 992/992/992
f 991/991/991 992/992/992 993/993/993
f 995/995/995 996/996/996 994/994/994
f 997/997/997 996/996/996 995/995/995
f 933/933/933 995/995/995 994/994/994
f 994/994/994 998/998/998 993/993/993
f 998/998/998 996/996/996 997/997/997
f 994/994/994 996/996/996 998/998/998
f 997/997/997 939/939/939 938/938/938
f 939/939/939 995/995/995 933/933/933
f 997/997/997 995/995/995 939/939/939
f 999/999/999 997/997/997 938/938/938
f 1000/1000/1000 998/998/998 997/997/997
f 993/993/993 998/998/998 1000/1000/1000
f 999/999/999 1000/1000/1000 997/997/997
f 938/938/938 1001/1001/1001 999/999/999
f 940/940/940 1001/1001/1001 938/938/938
f 1002/1002/1002 1001/1001/1001 940/940/940
f 1001/1001/1001 1003/1003/1003 999/999/999
f 1002/1002/1002 1003/1003/1003 1001/1001/1001
f 1002/1002/1002 940/940/940 941/941/941
f 941/941/941 1004/1004/1004 1002/1002/1002
f 1004/1004/1004 941/941/941 942/942/942
f 942/942/942 1005/1005/1005 1004/1004/1004
f 1005/1005/1005 942/942/942 944/944/944
f 944/944/944 1006/1006/1006 1005/1005/1005
f 944/944/944 1007/1007/1007 1006/1006/1006
f 1007/1007/1007 950/950/950 949/949/949
f 944/944/944 950/950/950 1007/1007/1007
f 1008/1008/1008 1007/1007/1007 949/949/949
f 1006/1006/1006 1007/1007/1007 1008/1008/1008
f 1008/1008/1008 949/949/949 952/952/952
f 952/952/952 1009/1009/1009 1008/1008/1008
f 1009/1009/1009 952/952/952 953/953/953
f 953/953/953 1010/1010/1010 1009/1009/1009
f 1010/1010/1010 953/953/953 954/954/954
f 954/954/954 1011/1011/1011 1010/1010/1010
f 1011/1011/1011 954/954/954 955/955/955
f 955/955/955 1012/1012/1012 1011/1011/1011
f 955/955/955 1013/1013/1013 1012/1012/1012
f 956/956/956 1013/1013/1013 955/955/955
f 1014/1014/1014 1013/1013/1013 956/956/956
f 1012/1012/1012 1013/1013/1013 1014/1014/1014
f 956/956/956 1015/1015/1015 1014/1014/1014
f 957/957/957 1015/1015/1015 956/956/956
f 1016/1016/1016 1015/1015/1015 957/957/957
f 1015/1015/1015 1017/1017/1017 1014/1014/1014
f 1016/1016/1016 1017/1017/1017 1015/1015/1015
f 957/957/957 1018/1018/1018 1016/1016/1016
f 958/958/958 1018/1018/1018 957/957/957
f 1019/1019/1019 1018/1018/1018 958/958/958
f 1018/1018/1018 1020/1020/1020 1016/1016/1016
f 1019/1019/1019 1020/1020/1020 1018/1018/1018
f 1019/1019/1019 958/958/958 961/961/961
f 961/961/961 1021/1021/1021 1019/1019/1019
f 961/961/961 1022/1022/1022 1021/1021/1021
f 964/964/964 1022/1022/1022 961/961/961
f 1023/1023/1023 1022/1022/1022 964/964/964
f 1022/1022/1022 1024/1024/1024 1021/1021/1021
f 1023/1023/1023 1024/1024/1024 1022/1022/1022
f 1023/1023/1023 964/964/964 965/965/965
f 965/965/965 1025/1025/1025 1023/1023/1023
f 1025/1025/1025 965/965/965 966/966/966
f 966/966/966 1026/1026/1026 1025/1025/1025
f 1026/1026/1026 966/966/966 967/967/967
f 967/967/967 1027/1027/1027 1026/1026/1026
f 967/967/967 1028/1028/1028 1027/1027/1027
f 968/968/968 1028/1028/1028 967/967/967
f 1029/1029/1029 1028/1028/1028 968/968/968
f 1028/1028/1028 1030/1030/1030 1027/1027/1027
f 1029/1029/1029 1030/1030/1030 1028/1028/1028
f 1029/1029/1029 968/968/968 969/969/969
f 969/969/969 1031/1031/1031 1029/1029/1029
f 1031/1031/1031 969/969/969 970/970/970
f 970/970/970 1032/1032/1032 1031/1031/1031
f 1032/1032/1032 970/970/970 971/971/971
f 971/971/971 1033/1033/1033 1032/1032/1032
f 1033/1033/1033 971/971/971 972/972/972
f 972/972/972 1034/1034/1034 1033/1033/1033
f 1034/1034/1034 972/972/972 973/973/973
f 973/973/973 1035/1035/1035 1034/1034/1034
f 1035/1035/1035 973/973/973 974/974/974
f 974/974/974 1036/1036/1036 1035/1035/1035
f 1036/1036/1036 974/974/974 975/975/975
f 975/975/975 1037/1037/1037 1036/1036/1036
f 1037/1037/1037 975/975/975 977/977/977
f 977/977/977 1038/1038/1038 1037/1037/1037
f 977/977/977 1039/1039/1039 1038/1038/1038
f 1039/1039/1039 984/984/984 983/983/983
f 977/977/977 984/984/984 1039/1039/1039
f 1040/1040/1040 1039/1039/1039 983/983/983
f 1038/1038/1038 1039/1039/1039 1040/1040/1040
f 983/983/983 1041/1041/1041 1040/1040/1040
f 1041/1041/1041 988/988/988 987/987/987
f 983/983/983 988/988/988 1041/1041/1041
f 1042/1042/1042 1041/1041/1041 987/987/987
f 1041/1041/1041 1043/1043/1043 1040/1040/1040
f 1042/1042/1042 1043/1043/1043 1041/1041/1041
f 1044/1044/1044 989/989/989 990/990/990
f 990/990/990 1045/1045/1045 1044/1044/1044
f 1045/1045/1045 990/990/990 991/991/991
f 991/991/991 1046/1046/1046 1045/1045/1045
f 1046/1046/1046 991/991/991 993/993/993
f 993/993/993 1047/1047/1047 1046/1046/1046
f 993/993/993 1048/1048/1048 1047/1047/1047
f 1048/1048/1048 1000/1000/1000 999/999/999
f 993/993/993 1000/1000/1000 1048/1048/1048
f 1049/1049/1049 1048/1048/1048 999/999/999
f 1047/1047/1047 1048/1048/1048 1049/1049/1049
f 999/999/999 1050/1050/1050 1049/1049/1049
f 1050/1050/1050 1003/1003/1003 1002/1002/1002
f 999/999/999 1003/1003/1003 1050/1050/1050
f 1051/1051/1051 1050/1050/1050 1002/1002/1002
f 1049/1049/1049 1050/1050/1050 1051/1051/1051
f 1051/1051/1051 1002/1002/1002 1004/1004/1004
f 1004/1004/1004 1052/1052/1052 1051/1051/1051
f 1052/1052/1052 1004/1004/1004 1005/1005/1005
f 1005/1005/1005 1053/1053/1053 1052/1052/1052
f 1053/1053/1053 1005/1005/1005 1006/1006/1006
f 1006/1006/1006 1054/1054/1054 1053/1053/1053
f 1054/1054/1054 1006/1006/1006 1008/1008/1008
f 1008/1008/1008 1055/1055/1055 1054/1054/1054
f 1055/1055/1055 1008/1008/1008 1009/1009/1009
f 1009/1009/1009 1056/1056/1056 1055/1055/1055
f 1009/1009/1009 1057/1057/1057 1056/1056/1056
f 1010/1010/1010 1057/1057/1057 1009/1009/1009
f 1057/1057/1057 1059/1059/1059 1058/1058/1058
f 1010/1010/1010 1059/1059/1059 1057/1057/1057
f 1056/1056/1056 1057/1057/1057 1058/1058/1058
f 1060/1060/1060 1059/1059/1059 1010/1010/1010
f 1059/1059/1059 1061/1061/1061 1058/1058/1058
f 1060/1060/1060 1061/1061/1061 1059/1059/1059
f 1011/1011/1011 1060/1060/1060 1010/1010/1010
f 1062/1062/1062 1060/1060/1060 1011/1011/1011
f 1063/1063/1063 1061/1061/1061 1060/1060/1060
f 1058/1058/1058 1061/1061/1061 1063/1063/1063
f 1062/1062/1062 1063/1063/1063 1060/1060/1060
f 1062/1062/1062 1011/1011/1011 1012/1012/1012
f 1012/1012/1012 1064/1064/1064 1062/1062/1062
f 1012/1012/1012 1065/1065/1065 1064/1064/1064
f 1014/1014/1014 1065/1065/1065 1012/1012/1012
f 1065/1065/1065 1067/1067/1067 1066/1066/1066
f 1014/1014/1014 1067/1067/1067 1065/1065/1065
f 1065/1065/1065 1068/1068/1068 1064/1064/1064
f 1066/1066/1066 1068/1068/1068 1065/1065/1065
f 1069/1069/1069 1070/1070/1070 1067/1067/1067
f 1071/1071/1071 1070/1070/1070 1069/1069/1069
f 1014/1014/1014 1069/1069/1069 1067/1067/1067
f 1067/1067/1067 1072/1072/1072 1066/1066/1066
f 1070/1070/1070 1073/1073/1073 1072/1072/1072
f 1071/1071/1071 1073/1073/1073 1070/1070/1070
f 1067/1067/1067 1070/1070/1070 1072/1072/1072
f 1071/1071/1071 1017/1017/1017 1016/1016/1016
f 1017/1017/1017 1069/1069/1069 1014/1014/1014
f 1071/1071/1071 1069/1069/1069 1017/1017/1017
f 1074/1074/1074 1075/1075/1075 1071/1071/1071
f 1075/1075/1075 1077/1077/1077 1076/1076/1076
f 1074/1074/1074 1077/1077/1077 1075/1075/1075
f 1016/1016/1016 1074/1074/1074 1071/1071/1071
f 1072/1072/1072 1079/1079/1079 1078/1078/1078
f 1079/1079/1079 1073/1073/1073 1071/1071/1071
f 1072/1072/1072 1073/1073/1073 1079/1079/1079
f 1066/1066/1066 1072/1072/1072 1078/1078/1078
f 1078/1078/1078 1075/1075/1075 1076/1076/1076
f 1075/1075/1075 1079/1079/1079 1071/1071/1071
f 1078/1078/1078 1079/1079/1079 1075/1075/1075
f 1074/1074/1074 1081/1081/1081 1080/1080/1080
f 1016/1016/1016 1081/1081/1081 1074/1074/1074
f 1082/1082/1082 1077/1077/1077 1074/1074/1074
f 1076/1076/1076 1077/1077/1077 1082/1082/1082
f 1080/1080/1080 1082/1082/1082 1074/1074/1074
f 1020/1020/1020 1083/1083/1083 1080/1080/1080
f 1019/1019/1019 1083/1083/1083 1020/1020/1020
f 1020/1020/1020 1081/1081/1081 1016/1016/1016
f 1080/1080/1080 1081/1081/1081 1020/1020/1020
f 1080/1080/1080 1085/1085/1085 1084/1084/1084
f 1085/1085/1085 1083/1083/1083 1019/1019/1019
f 1080/1080/1080 1083/1083/1083 1085/1085/1085
f 1086/1086/1086 1082/1082/1082 1080/1080/1080
f 1076/1076/1076 1082/1082/1082 1086/1086/1086
f 1084/1084/1084 1086/1086/1086 1080/1080/1080
f 1087/1087/1087 1085/1085/1085 1019/1019/1019
f 1084/1084/1084 1085/1085/1085 1087/1087/1087
f 1021/1021/1021 1087/1087/1087 1019/1019/1019
f 1087/1087/1087 1089/1089/1089 1088/1088/1088
f 1021/1021/1021 1089/1089/1089 1087/1087/1087
f 1087/1087/1087 1090/1090/1090 1084/1084/1084
f 1088/1088/1088 1090/1090/1090 1087/1087/1087
f 1089/1089/1089 1092/1092/1092 1091/1091/1091
f 1021/1021/1021 1092/1092/1092 1089/1089/1089
f 1088/1088/1088 1089/1089/1089 1091/1091/1091
f 1024/1024/1024 1093/1093/1093 1091/1091/1091
f 1023/1023/1023 1093/1093/1093 1024/1024/1024
f 1024/1024/1024 1092/1092/1092 1021/1021/1021
f 1091/1091/1091 1092/1092/1092 1024/1024/1024
f 1091/1091/1091 1095/1095/1095 1094/1094/1094
f 1095/1095/1095 1093/1093/1093 1023/1023/1023
f 1091/1091/1091 1093/1093/1093 1095/1095/1095
f 1091/1091/1091 1096/1096/1096 1088/1088/1088
f 1094/1094/1094 1096/1096/1096 1091/1091/1091
f 1097/1097/1097 1095/1095/1095 1023/1023/1023
f 1094/1094/1094 1095/1095/1095 1097/1097/1097
f 1025/1025/1025 1097/1097/1097 1023/1023/1023
f 1097/1097/1097 1099/1099/1099 1098/1098/1098
f 1025/1025/1025 1099/1099/1099 1097/1097/1097
f 1094/1094/1094 1097/1097/1097 1098/1098/1098
f 1100/1100/1100 1099/1099/1099 1025/1025/1025
f 1099/1099/1099 1101/1101/1101 1098/1098/1098
f 1100/1100/1100 1101/1101/1101 1099/1099/1099
f 1026/1026/1026 1100/1100/1100 1025/1025/1025
f 1102/1102/1102 1100/1100/1100 1026/1026/1026
f 1103/1103/1103 1101/1101/1101 1100/1100/1100
f 1101/1101/1101 1104/1104/1104 1098/1098/1098
f 1103/1103/1103 1104/1104/1104 1101/1101/1101
f 1102/1102/1102 1103/1103/1103 1100/1100/1100
f 1026/1026/1026 1105/1105/1105 1102/1102/1102
f 1027/1027/1027 1105/1105/1105 1026/1026/1026
f 1105/1105/1105 1107/1107/1107 1106/1106/1106
f 1027/1027/1027 1107/1107/1107 1105/1105/1105
f 1105/1105/1105 1108/1108/1108 1102/1102/1102
f 1106/1106/1106 1108/1108/1108 1105/1105/1105
f 1107/1107/1107 1110/1110/1110 1109/1109/1109
f 1027/1027/1027 1110/1110/1110 1107/1107/1107
f 1107/1107/1107 1111/1111/1111 1106/1106/1106
f 1109/1109/1109 1111/1111/1111 1107/1107/1107
f 1109/1109/1109 1030/1030/1030 1029/1029/1029
f 1030/1030/1030 1110/1110/1110 1027/1027/1027
f 1109/1109/1109 1110/1110/1110 1030/1030/1030
f 1112/1112/1112 1109/1109/1109 1029/1029/1029
f 1113/1113/1113 1111/1111/1111 1109/1109/1109
f 1106/1106/1106 1111/1111/1111 1113/1113/1113
f 1112/1112/1112 1113/1113/1113 1109/1109/1109
f 1112/1112/1112 1029/1029/1029 1031/1031/1031
f 1031/1031/1031 1114/1114/1114 1112/1112/1112
f 1114/1114/1114 1031/1031/1031 1032/1032/1032
f 1032/1032/1032 1115/1115/1115 1114/1114/1114
f 1115/1115/1115 1032/1032/1032 1033/1033/1033
f 1033/1033/1033 1116/1116/1116 1115/1115/1115
f 1116/1116/1116 1033/1033/1033 1034/1034/1034
f 1034/1034/1034 1117/1117/1117 1116/1116/1116
f 1117/1117/1117 1034/1034/1034 1035/1035/1035
f 1035/1035/1035 1118/1118/1118 1117/1117/1117
f 1118/1118/1118 1035/1035/1035 1036/1036/1036
f 1036/1036/1036 1119/1119/1119 1118/1118/1118
f 1119/1119/1119 1036/1036/1036 1037/1037/1037
f 1037/1037/1037 1120/1120/1120 1119/1119/1119
f 1120/1120/1120 1037/1037/1037 1038/1038/1038
f 1038/1038/1038 1121/1121/1121 1120/1120/1120
f 1121/1121/1121 1038/1038/1038 1040/1040/1040
f 1040/1040/1040 1122/1122/1122 1121/1121/1121
f 1040/1040/1040 1123/1123/1123 1122/1122/1122
f 1043/1043/1043 1124/1124/1124 1123/1123/1123
f 1042/1042/1042 1124/1124/1124 1043/1043/1043
f 1040/1040/1040 1043/1043/1043 1123/1123/1123
f 1123/1123/1123 1126/1126/1126 1125/1125/1125
f 1126/1126/1126 1124/1124/1124 1042/1042/1042
f 1123/1123/1123 1124/1124/1124 1126/1126/1126
f 1122/1122/1122 1123/1123/1123 1125/1125/1125
f 1127/1127/1127 1044/1044/1044 1045/1045/1045
f 1045/1045/1045 1128/1128/1128 1127/1127/1127
f 1045/1045/1045 1129/1129/1129 1128/1128/1128
f 1046/1046/1046 1129/1129/1129 1045/1045/1045
f 1129/1129/1129 1131/1131/1131 1130/1130/1130
f 1046/1046/1046 1131/1131/1131 1129/1129/1129
f 1129/1129/1129 1132/1132/1132 1128/1128/1128
f 1130/1130/1130 1132/1132/1132 1129/1129/1129
f 1133/1133/1133 1131/1131/1131 1046/1046/1046
f 1130/1130/1130 1131/1131/1131 1133/1133/1133
f 1047/1047/1047 1133/1133/1133 1046/1046/1046
f 1134/1134/1134 1133/1133/1133 1047/1047/1047
f 1130/1130/1130 1133/1133/1133 1134/1134/1134
f 1134/1134/1134 1047/1047/1047 1049/1049/1049
f 1049/1049/1049 1135/1135/1135 1134/1134/1134
f 1049/1049/1049 1136/1136/1136 1135/1135/1135
f 1051/1051/1051 1136/1136/1136 1049/1049/1049
f 1137/1137/1137 1138/1138/1138 1136/1136/1136
f 1139/1139/1139 1138/1138/1138 1137/1137/1137
f 1051/1051/1051 1137/1137/1137 1136/1136/1136
f 1136/1136/1136 1140/1140/1140 1135/1135/1135
f 1140/1140/1140 1138/1138/1138 1139/1139/1139
f 1136/1136/1136 1138/1138/1138 1140/1140/1140
f 1141/1141/1141 1137/1137/1137 1051/1051/1051
f 1139/1139/1139 1137/1137/1137 1141/1141/1141
f 1052/1052/1052 1141/1141/1141 1051/1051/1051
f 1142/1142/1142 1141/1141/1141 1052/1052/1052
f 1139/1139/1139 1141/1141/1141 1142/1142/1142
f 1142/1142/1142 1052/1052/1052 1053/1053/1053
f 1053/1053/1053 1143/1143/1143 1142/1142/1142
f 1143/1143/1143 1053/1053/1053 1054/1054/1054
f 1054/1054/1054 1144/1144/1144 1143/1143/1143
f 1144/1144/1144 1054/1054/1054 1055/1055/1055
f 1055/1055/1055 1145/1145/1145 1144/1144/1144
f 1145/1145/1145 1055/1055/1055 1056/1056/1056
f 1056/1056/1056 1146/1146/1146 1145/1145/1145
f 1146/1146/1146 1056/1056/1056 1058/1058/1058
f 1058/1058/1058 1147/1147/1147 1146/1146/1146
f 1058/1058/1058 1148/1148/1148 1147/1147/1147
f 1148/1148/1148 1063/1063/1063 1062/1062/1062
f 1058/1058/1058 1063/1063/1063 1148/1148/1148
f 1149/1149/1149 1148/1148/1148 1062/1062/1062
f 1147/1147/1147 1148/1148/1148 1149/1149/1149
f 1062/1062/1062 1150/1150/1150 1149/1149/1149
f 1064/1064/1064 1150/1150/1150 1062/1062/1062
f 1151/1151/1151 1150/1150/1150 1064/1064/1064
f 1149/1149/1149 1150/1150/1150 1151/1151/1151
f 1064/1064/1064 1152/1152/1152 1151/1151/1151
f 1152/1152/1152 1068/1068/1068 1066/1066/1066
f 1064/1064/1064 1068/1068/1068 1152/1152/1152
f 1153/1153/1153 1152/1152/1152 1066/1066/1066
f 1151/1151/1151 1152/1152/1152 1153/1153/1153
f 1066/1066/1066 1154/1154/1154 1153/1153/1153
f 1154/1154/1154 1078/1078/1078 1076/1076/1076
f 1066/1066/1066 1078/1078/1078 1154/1154/1154
f 1155/1155/1155 1154/1154/1154 1076/1076/1076
f 1153/1153/1153 1154/1154/1154 1155/1155/1155
f 1076/1076/1076 1156/1156/1156 1155/1155/1155
f 1156/1156/1156 1086/1086/1086 1084/1084/1084
f 1076/1076/1076 1086/1086/1086 1156/1156/1156
f 1156/1156/1156 1158/1158/1158 1157/1157/1157
f 1084/1084/1084 1158/1158/1158 1156/1156/1156
f 1155/1155/1155 1156/1156/1156 1157/1157/1157
f 1158/1158/1158 1160/1160/1160 1159/1159/1159
f 1084/1084/1084 1160/1160/1160 1158/1158/1158
f 1157/1157/1157 1158/1158/1158 1159/1159/1159
f 1161/1161/1161 1162/1162/1162 1090/1090/1090
f 1159/1159/1159 1162/1162/1162 1161/1161/1161
f 1088/1088/1088 1161/1161/1161 1090/1090/1090
f 1090/1090/1090 1160/1160/1160 1084/1084/1084
f 1160/1160/1160 1162/1162/1162 1159/1159/1159
f 1090/1090/1090 1162/1162/1162 1160/1160/1160
f 1159/1159/1159 1164/1164/1164 1163/1163/1163
f 1164/1164/1164 1161/1161/1161 1088/1088/1088
f 1159/1159/1159 1161/1161/1161 1164/1164/1164
f 1157/1157/1157 1159/1159/1159 1163/1163/1163
f 1164/1164/1164 1166/1166/1166 1165/1165/1165
f 1088/1088/1088 1166/1166/1166 1164/1164/1164
f 1163/1163/1163 1164/1164/1164 1165/1165/1165
f 1165/1165/1165 1096/1096/1096 1094/1094/1094
f 1096/1096/1096 1166/1166/1166 1088/1088/1088
f 1165/1165/1165 1166/1166/1166 1096/1096/1096
f 1167/1167/1167 1165/1165/1165 1094/1094/1094
f 1165/1165/1165 1168/1168/1168 1163/1163/1163
f 1167/1167/1167 1168/1168/1168 1165/1165/1165
f 1094/1094/1094 1169/1169/1169 1167/1167/1167
f 1098/1098/1098 1169/1169/1169 1094/1094/1094
f 1169/1169/1169 1171/1171/1171 1170/1170/1170
f 1098/1098/1098 1171/1171/1171 1169/1169/1169
f 1167/1167/1167 1169/1169/1169 1170/1170/1170
f 1171/1171/1171 1173/1173/1173 1172/1172/1172
f 1098/1098/1098 1173/1173/1173 1171/1171/1171
f 1170/1170/1170 1171/1171/1171 1172/1172/1172
f 1172/1172/1172 1103/1103/1103 1102/1102/1102
f 1173/1173/1173 1104/1104/1104 1103/1103/1103
f 1098/1098/1098 1104/1104/1104 1173/1173/1173
f 1172/1172/1172 1173/1173/1173 1103/1103/1103
f 1172/1172/1172 1175/1175/1175 1174/1174/1174
f 1102/1102/1102 1175/1175/1175 1172/1172/1172
f 1170/1170/1170 1172/1172/1172 1174/1174/1174
f 1175/1175/1175 1177/1177/1177 1176/1176/1176
f 1102/1102/1102 1177/1177/1177 1175/1175/1175
f 1174/1174/1174 1175/1175/1175 1176/1176/1176
f 1176/1176/1176 1108/1108/1108 1106/1106/1106
f 1108/1108/1108 1177/1177/1177 1102/1102/1102
f 1176/1176/1176 1177/1177/1177 1108/1108/1108
f 1178/1178/1178 1176/1176/1176 1106/1106/1106
f 1174/1174/1174 1176/1176/1176 1178/1178/1178
f 1106/1106/1106 1179/1179/1179 1178/1178/1178
f 1179/1179/1179 1113/1113/1113 1112/1112/1112
f 1106/1106/1106 1113/1113/1113 1179/1179/1179
f 1180/1180/1180 1181/1181/1181 1179/1179/1179
f 1182/1182/1182 1181/1181/1181 1180/1180/1180
f 1112/1112/1112 1180/1180/1180 1179/1179/1179
f 1179/1179/1179 1183/1183/1183 1178/1178/1178
f 1183/1183/1183 1181/1181/1181 1182/1182/1182
f 1179/1179/1179 1181/1181/1181 1183/1183/1183
f 1184/1184/1184 1180/1180/1180 1112/1112/1112
f 1182/1182/1182 1180/1180/1180 1184/1184/1184
f 1114/1114/1114 1184/1184/1184 1112/1112/1112
f 1185/1185/1185 1184/1184/1184 1114/1114/1114
f 1182/1182/1182 1184/1184/1184 1185/1185/1185
f 1185/1185/1185 1114/1114/1114 1115/1115/1115
f 1115/1115/1115 1186/1186/1186 1185/1185/1185
f 1186/1186/1186 1115/1115/1115 1116/1116/1116
f 1116/1116/1116 1187/1187/1187 1186/1186/1186
f 1187/1187/1187 1116/1116/1116 1117/1117/1117
f 1117/1117/1117 1188/1188/1188 1187/1187/1187
f 1188/1188/1188 1117/1117/1117 1118/1118/1118
f 1118/1118/1118 1189/1189/1189 1188/1188/1188
f 1189/1189/1189 1118/1118/1118 1119/1119/1119
f 1119/1119/1119 1190/1190/1190 1189/1189/1189
f 1190/1190/1190 1119/1119/1119 1120/1120/1120
f 1120/1120/1120 1191/1191/1191 1190/1190/1190
f 1191/1191/1191 1120/1120/1120 1121/1121/1121
f 1121/1121/1121 1192/1192/1192 1191/1191/1191
f 1192/1192/1192 1121/1121/1121 1122/1122/1122
f 1122/1122/1122 1193/1193/1193 1192/1192/1192
f 1193/1193/1193 1122/1122/1122 1125/1125/1125
f 1125/1125/1125 1194/1194/1194 1193/1193/1193
f 1195/1195/1195 1127/1127/1127 1128/1128/1128
f 1128/1128/1128 1196/1196/1196 1195/1195/1195
f 1128/1128/1128 1197/1197/1197 1196/1196/1196
f 1197/1197/1197 1132/1132/1132 1130/1130/1130
f 1128/1128/1128 1132/1132/1132 1197/1197/1197
f 1198/1198/1198 1197/1197/1197 1130/1130/1130
f 1196/1196/1196 1197/1197/1197 1198/1198/1198
f 1130/1130/1130 1199/1199/1199 1198/1198/1198
f 1134/1134/1134 1199/1199/1199 1130/1130/1130
f 1199/1199/1199 1201/1201/1201 1200/1200/1200
f 1134/1134/1134 1201/1201/1201 1199/1199/1199
f 1198/1198/1198 1199/1199/1199 1200/1200/1200
f 1202/1202/1202 1201/1201/1201 1134/1134/1134
f 1200/1200/1200 1201/1201/1201 1202/1202/1202
f 1135/1135/1135 1202/1202/1202 1134/1134/1134
f 1203/1203/1203 1202/1202/1202 1135/1135/1135
f 1202/1202/1202 1204/1204/1204 1200/1200/1200
f 1203/1203/1203 1204/1204/1204 1202/1202/1202
f 1135/1135/1135 1205/1205/1205 1203/1203/1203
f 1205/1205/1205 1140/1140/1140 1139/1139/1139
f 1135/1135/1135 1140/1140/1140 1205/1205/1205
f 1206/1206/1206 1205/1205/1205 1139/1139/1139
f 1203/1203/1203 1205/1205/1205 1206/1206/1206
f 1206/1206/1206 1139/1139/1139 1142/1142/1142
f 1142/1142/1142 1207/1207/1207 1206/1206/1206
f 1207/1207/1207 1142/1142/1142 1143/1143/1143
f 1143/1143/1143 1208/1208/1208 1207/1207/1207
f 1208/1208/1208 1143/1143/1143 1144/1144/1144
f 1144/1144/1144 1209/1209/1209 1208/1208/1208
f 1209/1209/1209 1144/1144/1144 1145/1145/1145
f 1145/1145/1145 1210/1210/1210 1209/1209/1209
f 1210/1210/1210 1145/1145/1145 1146/1146/1146
f 1146/1146/1146 1211/1211/1211 1210/1210/1210
f 1211/1211/1211 1146/1146/1146 1147/1147/1147
f 1147/1147/1147 1212/1212/1212 1211/1211/1211
f 1212/1212/1212 1147/1147/1147 1149/1149/1149
f 1149/1149/1149 1213/1213/1213 1212/1212/1212
f 1213/1213/1213 1149/1149/1149 1151/1151/1151
f 1151/1151/1151 1214/1214/1214 1213/1213/1213
f 1214/1214/1214 1151/1151/1151 1153/1153/1153
f 1153/1153/1153 1215/1215/1215 1214/1214/1214
f 1215/1215/1215 1153/1153/1153 1155/1155/1155
f 1155/1155/1155 1216/1216/1216 1215/1215/1215
f 1216/1216/1216 1155/1155/1155 1157/1157/1157
f 1157/1157/1157 1217/1217/1217 1216/1216/1216
f 1217/1217/1217 1157/1157/1157 1163/1163/1163
f 1163/1163/1163 1218/1218/1218 1217/1217/1217
f 1163/1163/1163 1219/1219/1219 1218/1218/1218
f 1219/1219/1219 1168/1168/1168 1167/1167/1167
f 1163/1163/1163 1168/1168/1168 1219/1219/1219
f 1220/1220/1220 1219/1219/1219 1167/1167/1167
f 1219/1219/1219 1221/1221/1221 1218/1218/1218
f 1220/1220/1220 1221/1221/1221 1219/1219/1219
f 1167/1167/1167 1222/1222/1222 1220/1220/1220
f 1170/1170/1170 1222/1222/1222 1167/1167/1167
f 1223/1223/1223 1222/1222/1222 1170/1170/1170
f 1222/1222/1222 1224/1224/1224 1220/1220/1220
f 1223/1223/1223 1224/1224/1224 1222/1222/1222
f 1223/1223/1223 1170/1170/1170 1174/1174/1174
f 1174/1174/1174 1225/1225/1225 1223/1223/1223
f 1225/1225/1225 1174/1174/1174 1178/1178/1178
f 1178/1178/1178 1226/1226/1226 1225/1225/1225
f 1178/1178/1178 1227/1227/1227 1226/1226/1226
f 1227/1227/1227 1183/1183/1183 1182/1182/1182
f 1178/1178/1178 1183/1183/1183 1227/1227/1227
f 1228/1228/1228 1227/1227/1227 1182/1182/1182
f 1226/1226/1226 1227/1227/1227 1228/1228/1228
f 1182/1182/1182 1229/1229/1229 1228/1228/1228
f 1185/1185/1185 1229/1229/1229 1182/1182/1182
f 1229/1229/1229 1231/1231/1231 1230/1230/1230
f 1185/1185/1185 1231/1231/1231 1229/1229/1229
f 1229/1229/1229 1232/1232/1232 1228/1228/1228
f 1230/1230/1230 1232/1232/1232 1229/1229/1229
f 1233/1233/1233 1231/1231/1231 1185/1185/1185
f 1231/1231/1231 1234/1234/1234 1230/1230/1230
f 1233/1233/1233 1234/1234/1234 1231/1231/1231
f 1186/1186/1186 1233/1233/1233 1185/1185/1185
f 1235/1235/1235 1236/1236/1236 1233/1233/1233
f 1237/1237/1237 1236/1236/1236 1235/1235/1235
f 1186/1186/1186 1235/1235/1235 1233/1233/1233
f 1234/1234/1234 1239/1239/1239 1238/1238/1238
f 1233/1233/1233 1239/1239/1239 1234/1234/1234
f 1230/1230/1230 1234/1234/1234 1238/1238/1238
f 1238/1238/1238 1236/1236/1236 1237/1237/1237
f 1236/1236/1236 1239/1239/1239 1233/1233/1233
f 1238/1238/1238 1239/1239/1239 1236/1236/1236
f 1240/1240/1240 1235/1235/1235 1186/1186/1186
f 1237/1237/1237 1235/1235/1235 1240/1240/1240
f 1187/1187/1187 1240/1240/1240 1186/1186/1186
f 1241/1241/1241 1240/1240/1240 1187/1187/1187
f 1237/1237/1237 1240/1240/1240 1241/1241/1241
f 1241/1241/1241 1187/1187/1187 1188/1188/1188
f 1188/1188/1188 1242/1242/1242 1241/1241/1241
f 1188/1188/1188 1243/1243/1243 1242/1242/1242
f 1189/1189/1189 1243/1243/1243 1188/1188/1188
f 1244/1244/1244 1245/1245/1245 1243/1243/1243
f 1246/1246/1246 1247/1247/1247 1245/1245/1245
f 1248/1248/1248 1247/1247/1247 1246/1246/1246
f 1244/1244/1244 1246/1246/1246 1245/1245/1245
f 1189/1189/1189 1244/1244/1244 1243/1243/1243
f 1243/1243/1243 1249/1249/1249 1242/1242/1242
f 1245/1245/1245 1250/1250/1250 1249/1249/1249
f 1247/1247/1247 1251/1251/1251 1250/1250/1250
f 1248/1248/1248 1251/1251/1251 1247/1247/1247
f 1245/1245/1245 1247/1247/1247 1250/1250/1250
f 1243/1243/1243 1245/1245/1245 1249/1249/1249
f 1252/1252/1252 1244/1244/1244 1189/1189/1189
f 1253/1253/1253 1246/1246/1246 1244/1244/1244
f 1248/1248/1248 1246/1246/1246 1253/1253/1253
f 1252/1252/1252 1253/1253/1253 1244/1244/1244
f 1190/1190/1190 1252/1252/1252 1189/1189/1189
f 1254/1254/1254 1255/1255/1255 1252/1252/1252
f 1256/1256/1256 1255/1255/1255 1254/1254/1254
f 1190/1190/1190 1254/1254/1254 1252/1252/1252
f 1257/1257/1257 1253/1253/1253 1252/1252/1252
f 1248/1248/1248 1253/1253/1253 1257/1257/1257
f 1257/1257/1257 1255/1255/1255 1256/1256/1256
f 1252/1252/1252 1255/1255/1255 1257/1257/1257
f 1258/1258/1258 1254/1254/1254 1190/1190/1190
f 1256/1256/1256 1254/1254/1254 1258/1258/1258
f 1191/1191/1191 1258/1258/1258 1190/1190/1190
f 1259/1259/1259 1258/1258/1258 1191/1191/1191
f 1256/1256/1256 1258/1258/1258 1259/1259/1259
f 1191/1191/1191 1260/1260/1260 1259/1259/1259
f 1192/1192/1192 1260/1260/1260 1191/1191/1191
f 1260/1260/1260 1262/1262/1262 1261/1261/1261
f 1192/1192/1192 1262/1262/1262 1260/1260/1260
f 1260/1260/1260 1263/1263/1263 1259/1259/1259
f 1261/1261/1261 1263/1263/1263 1260/1260/1260
f 1264/1264/1264 1262/1262/1262 1192/1192/1192
f 1262/1262/1262 1265/1265/1265 1261/1261/1261
f 1264/1264/1264 1265/1265/1265 1262/1262/1262
f 1193/1193/1193 1264/1264/1264 1192/1192/1192
f 1266/1266/1266 1267/1267/1267 1264/1264/1264
f 1268/1268/1268 1267/1267/1267 1266/1266/1266
f 1193/1193/1193 1266/1266/1266 1264/1264/1264
f 1265/1265/1265 1270/1270/1270 1269/1269/1269
f 1264/1264/1264 1270/1270/1270 1265/1265/1265
f 1261/1261/1261 1265/1265/1265 1269/1269/1269
f 1269/1269/1269 1267/1267/1267 1268/1268/1268
f 1267/1267/1267 1270/1270/1270 1264/1264/1264
f 1269/1269/1269 1270/1270/1270 1267/1267/1267
f 1271/1271/1271 1266/1266/1266 1193/1193/1193
f 1268/1268/1268 1266/1266/1266 1271/1271/1271
f 1194/1194/1194 1271/1271/1271 1193/1193/1193
f 1272/1272/1272 1273/1273/1273 1271/1271/1271
f 1274/1274/1274 1273/1273/1273 1272/1272/1272
f 1194/1194/1194 1272/1272/1272 1271/1271/1271
f 1271/1271/1271 1275/1275/1275 1268/1268/1268
f 1275/1275/1275 1273/1273/1273 1274/1274/1274
f 1271/1271/1271 1273/1273/1273 1275/1275/1275
f 1276/1276/1276 1195/1195/1195 1196/1196/1196
f 1196/1196/1196 1277/1277/1277 1276/1276/1276
f 1196/1196/1196 1278/1278/1278 1277/1277/1277
f 1198/1198/1198 1278/1278/1278 1196/1196/1196
f 1279/1279/1279 1278/1278/1278 1198/1198/1198
f 1278/1278/1278 1280/1280/1280 1277/1277/1277
f 1279/1279/1279 1280/1280/1280 1278/1278/1278
f 1198/1198/1198 1281/1281/1281 1279/1279/1279
f 1200/1200/1200 1281/1281/1281 1198/1198/1198
f 1281/1281/1281 1283/1283/1283 1282/1282/1282
f 1200/1200/1200 1283/1283/1283 1281/1281/1281
f 1279/1279/1279 1281/1281/1281 1282/1282/1282
f 1283/1283/1283 1285/1285/1285 1284/1284/1284
f 1200/1200/1200 1285/1285/1285 1283/1283/1283
f 1282/1282/1282 1283/1283/1283 1284/1284/1284
f 1284/1284/1284 1204/1204/1204 1203/1203/1203
f 1204/1204/1204 1285/1285/1285 1200/1200/1200
f 1284/1284/1284 1285/1285/1285 1204/1204/1204
f 1286/1286/1286 1284/1284/1284 1203/1203/1203
f 1282/1282/1282 1284/1284/1284 1286/1286/1286
f 1286/1286/1286 1203/1203/1203 1206/1206/1206
f 1206/1206/1206 1287/1287/1287 1286/1286/1286
f 1287/1287/1287 1206/1206/1206 1207/1207/1207
f 1207/1207/1207 1288/1288/1288 1287/1287/1287
f 1288/1288/1288 1207/1207/1207 1208/1208/1208
f 1208/1208/1208 1289/1289/1289 1288/1288/1288
f 1289/1289/1289 1208/1208/1208 1209/1209/1209
f 1209/1209/1209 1290/1290/1290 1289/1289/1289
f 1290/1290/1290 1209/1209/1209 1210/1210/1210
f 1210/1210/1210 1291/1291/1291 1290/1290/1290
f 1291/1291/1291 1210/1210/1210 1211/1211/1211
f 1211/1211/1211 1292/1292/1292 1291/1291/1291
f 1292/1292/1292 1211/1211/1211 1212/1212/1212
f 1212/1212/1212 1293/1293/1293 1292/1292/1292
f 1293/1293/1293 1212/1212/1212 1213/1213/1213
f 1213/1213/1213 1294/1294/1294 1293/1293/1293
f 1294/1294/1294 1213/1213/1213 1214/1214/1214
f 1214/1214/1214 1295/1295/1295 1294/1294/1294
f 1295/1295/1295 1214/1214/1214 1215/1215/1215
f 1215/1215/1215 1296/1296/1296 1295/1295/1295
f 1296/1296/1296 1215/1215/1215 1216/1216/1216
f 1216/1216/1216 1297/1297/1297 1296/1296/1296
f 1297/1297/1297 1216/1216/1216 1217/1217/1217
f 1217/1217/1217 1298/1298/1298 1297/1297/1297
f 1298/1298/1298 1217/1217/1217 1218/1218/1218
f 1218/1218/1218 1299/1299/1299 1298/1298/1298
f 1218/1218/1218 1300/1300/1300 1299/1299/1299
f 1221/1221/1221 1301/1301/1301 1300/1300/1300
f 1220/1220/1220 1301/1301/1301 1221/1221/1221
f 1218/1218/1218 1221/1221/1221 1300/1300/1300
f 1300/1300/1300 1303/1303/1303 1302/1302/1302
f 1301/1301/1301 1304/1304/1304 1303/1303/1303
f 1220/1220/1220 1304/1304/1304 1301/1301/1301
f 1300/1300/1300 1301/1301/1301 1303/1303/1303
f 1299/1299/1299 1300/1300/1300 1302/1302/1302
f 1303/1303/1303 1306/1306/1306 1305/1305/1305
f 1306/1306/1306 1304/1304/1304 1220/1220/1220
f 1303/1303/1303 1304/1304/1304 1306/1306/1306
f 1302/1302/1302 1303/1303/1303 1305/1305/1305
f 1305/1305/1305 1224/1224/1224 1223/1223/1223
f 1224/1224/1224 1306/1306/1306 1220/1220/1220
f 1305/1305/1305 1306/1306/1306 1224/1224/1224
f 1307/1307/1307 1305/1305/1305 1223/1223/1223
f 1302/1302/1302 1305/1305/1305 1307/1307/1307
f 1223/1223/1223 1308/1308/1308 1307/1307/1307
f 1225/1225/1225 1308/1308/1308 1223/1223/1223
f 1308/1308/1308 1310/1310/1310 1309/1309/1309
f 1225/1225/1225 1310/1310/1310 1308/1308/1308
f 1307/1307/1307 1308/1308/1308 1309/1309/1309
f 1311/1311/1311 1310/1310/1310 1225/1225/1225
f 1309/1309/1309 1310/1310/1310 1311/1311/1311
f 1226/1226/1226 1311/1311/1311 1225/1225/1225
f 1312/1312/1312 1311/1311/1311 1226/1226/1226
f 1309/1309/1309 1311/1311/1311 1312/1312/1312
f 1226/1226/1226 1313/1313/1313 1312/1312/1312
f 1228/1228/1228 1313/1313/1313 1226/1226/1226
f 1313/1313/1313 1315/1315/1315 1314/1314/1314
f 1228/1228/1228 1315/1315/1315 1313/1313/1313
f 1312/1312/1312 1313/1313/1313 1314/1314/1314
f 1316/1316/1316 1315/1315/1315 1228/1228/1228
f 1315/1315/1315 1317/1317/1317 1314/1314/1314
f 1316/1316/1316 1317/1317/1317 1315/1315/1315
f 1232/1232/1232 1318/1318/1318 1316/1316/1316
f 1230/1230/1230 1318/1318/1318 1232/1232/1232
f 1228/1228/1228 1232/1232/1232 1316/1316/1316
f 1319/1319/1319 1321/1321/1321 1320/1320/1320
f 1321/1321/1321 1322/1322/1322 1316/1316/1316
f 1319/1319/1319 1322/1322/1322 1321/1321/1321
f 1323/1323/1323 1319/1319/1319 1320/1320/1320
f 1320/1320/1320 1318/1318/1318 1230/1230/1230
f 1318/1318/1318 1321/1321/1321 1316/1316/1316
f 1320/1320/1320 1321/1321/1321 1318/1318/1318
f 1317/1317/1317 1325/1325/1325 1324/1324/1324
f 1316/1316/1316 1325/1325/1325 1317/1317/1317
f 1314/1314/1314 1317/1317/1317 1324/1324/1324
f 1324/1324/1324 1319/1319/1319 1323/1323/1323
f 1325/1325/1325 1322/1322/1322 1319/1319/1319
f 1316/1316/1316 1322/1322/1322 1325/1325/1325
f 1324/1324/1324 1325/1325/1325 1319/1319/1319
f 1326/1326/1326 1320/1320/1320 1230/1230/1230
f 1323/1323/1323 1320/1320/1320 1326/1326/1326
f 1326/1326/1326 1238/1238/1238 1237/1237/1237
f 1230/1230/1230 1238/1238/1238 1326/1326/1326
f 1327/1327/1327 1328/1328/1328 1326/1326/1326
f 1328/1328/1328 1330/1330/1330 1329/1329/1329
f 1327/1327/1327 1330/1330/1330 1328/1328/1328
f 1237/1237/1237 1327/1327/1327 1326/1326/1326
f 1326/1326/1326 1331/1331/1331 1323/1323/1323
f 1331/1331/1331 1328/1328/1328 1329/1329/1329
f 1326/1326/1326 1328/1328/1328 1331/1331/1331
f 1332/1332/1332 1327/1327/1327 1237/1237/1237
f 1333/1333/1333 1330/1330/1330 1327/1327/1327
f 1329/1329/1329 1330/1330/1330 1333/1333/1333
f 1332/1332/1332 1333/1333/1333 1327/1327/1327
f 1241/1241/1241 1332/1332/1332 1237/1237/1237
f 1334/1334/1334 1332/1332/1332 1241/1241/1241
f 1335/1335/1335 1333/1333/1333 1332/1332/1332
f 1329/1329/1329 1333/1333/1333 1335/1335/1335
f 1334/1334/1334 1335/1335/1335 1332/1332/1332
f 1241/1241/1241 1336/1336/1336 1334/1334/1334
f 1242/1242/1242 1336/1336/1336 1241/1241/1241
f 1337/1337/1337 1336/1336/1336 1242/1242/1242
f 1336/1336/1336 1338/1338/1338 1334/1334/1334
f 1337/1337/1337 1338/1338/1338 1336/1336/1336
f 1242/1242/1242 1339/1339/1339 1337/1337/1337
f 1249/1249/1249 1340/1340/1340 1339/1339/1339
f 1250/1250/1250 1341/1341/1341 1340/1340/1340
f 1341/1341/1341 1251/1251/1251 1248/1248/1248
f 1250/1250/1250 1251/1251/1251 1341/1341/1341
f 1249/1249/1249 1250/1250/1250 1340/1340/1340
f 1242/1242/1242 1249/1249/1249 1339/1339/1339
f 1339/1339/1339 1343/1343/1343 1342/1342/1342
f 1340/1340/1340 1344/1344/1344 1343/1343/1343
f 1344/1344/1344 1341/1341/1341 1248/1248/1248
f 1340/1340/1340 1341/1341/1341 1344/1344/1344
f 1339/1339/1339 1340/1340/1340 1343/1343/1343
f 1337/1337/1337 1339/1339/1339 1342/1342/1342
f 1343/1343/1343 1346/1346/1346 1345/1345/1345
f 1346/1346/1346 1344/1344/1344 1248/1248/1248
f 1343/1343/1343 1344/1344/1344 1346/1346/1346
f 1342/1342/1342 1343/1343/1343 1345/1345/1345
f 1345/1345/1345 1257/1257/1257 1256/1256/1256
f 1257/1257/1257 1346/1346/1346 1248/1248/1248
f 1345/1345/1345 1346/1346/1346 1257/1257/1257
f 1347/1347/1347 1345/1345/1345 1256/1256/1256
f 1342/1342/1342 1345/1345/1345 1347/1347/1347
f 1256/1256/1256 1348/1348/1348 1347/1347/1347
f 1259/1259/1259 1348/1348/1348 1256/1256/1256
f 1349/1349/1349 1350/1350/1350 1348/1348/1348
f 1351/1351/1351 1350/1350/1350 1349/1349/1349
f 1259/1259/1259 1349/1349/1349 1348/1348/1348
f 1348/1348/1348 1352/1352/1352 1347/1347/1347
f 1352/1352/1352 1350/1350/1350 1351/1351/1351
f 1348/1348/1348 1350/1350/1350 1352/1352/1352
f 1353/1353/1353 1354/1354/1354 1349/1349/1349
f 1354/1354/1354 1356/1356/1356 1355/1355/1355
f 1353/1353/1353 1356/1356/1356 1354/1354/1354
f 1259/1259/1259 1353/1353/1353 1349/1349/1349
f 1349/1349/1349 1357/1357/1357 1351/1351/1351
f 1357/1357/1357 1354/1354/1354 1355/1355/1355
f 1349/1349/1349 1354/1354/1354 1357/1357/1357
f 1358/1358/1358 1359/1359/1359 1263/1263/1263
f 1355/1355/1355 1359/1359/1359 1358/1358/1358
f 1261/1261/1261 1358/1358/1358 1263/1263/1263
f 1263/1263/1263 1353/1353/1353 1259/1259/1259
f 1359/1359/1359 1356/1356/1356 1353/1353/1353
f 1355/1355/1355 1356/1356/1356 1359/1359/1359
f 1263/1263/1263 1359/1359/1359 1353/1353/1353
f 1355/1355/1355 1361/1361/1361 1360/1360/1360
f 1361/1361/1361 1358/1358/1358 1261/1261/1261
f 1355/1355/1355 1358/1358/1358 1361/1361/1361
f 1362/1362/1362 1357/1357/1357 1355/1355/1355
f 1351/1351/1351 1357/1357/1357 1362/1362/1362
f 1360/1360/1360 1362/1362/1362 1355/1355/1355
f 1363/1363/1363 1361/1361/1361 1261/1261/1261
f 1360/1360/1360 1361/1361/1361 1363/1363/1363
f 1363/1363/1363 1269/1269/1269 1268/1268/1268
f 1261/1261/1261 1269/1269/1269 1363/1363/1363
f 1363/1363/1363 1365/1365/1365 1364/1364/1364
f 1268/1268/1268 1365/1365/1365 1363/1363/1363
f 1360/1360/1360 1363/1363/1363 1364/1364/1364
f 1365/1365/1365 1367/1367/1367 1366/1366/1366
f 1268/1268/1268 1367/1367/1367 1365/1365/1365
f 1364/1364/1364 1365/1365/1365 1366/1366/1366
f 1366/1366/1366 1275/1275/1275 1274/1274/1274
f 1275/1275/1275 1367/1367/1367 1268/1268/1268
f 1366/1366/1366 1367/1367/1367 1275/1275/1275
f 1368/1368/1368 1366/1366/1366 1274/1274/1274
f 1364/1364/1364 1366/1366/1366 1368/1368/1368
f 1276/1276/1276 1370/1370/1370 1369/1369/1369
f 1277/1277/1277 1370/1370/1370 1276/1276/1276
f 1370/1370/1370 1372/1372/1372 1371/1371/1371
f 1277/1277/1277 1372/1372/1372 1370/1370/1370
f 1370/1370/1370 1373/1373/1373 1369/1369/1369
f 1371/1371/1371 1373/1373/1373 1370/1370/1370
f 1372/1372/1372 1375/1375/1375 1374/1374/1374
f 1277/1277/1277 1375/1375/1375 1372/1372/1372
f 1371/1371/1371 1372/1372/1372 1374/1374/1374
f 1374/1374/1374 1280/1280/1280 1279/1279/1279
f 1280/1280/1280 1375/1375/1375 1277/1277/1277
f 1374/1374/1374 1375/1375/1375 1280/1280/1280
f 1376/1376/1376 1374/1374/1374 1279/1279/1279
f 1371/1371/1371 1374/1374/1374 1376/1376/1376
f 1376/1376/1376 1279/1279/1279 1282/1282/1282
f 1282/1282/1282 1377/1377/1377 1376/1376/1376
f 1377/1377/1377 1282/1282/1282 1286/1286/1286
f 1286/1286/1286 1378/1378/1378 1377/1377/1377
f 1378/1378/1378 1286/1286/1286 1287/1287/1287
f 1287/1287/1287 1379/1379/1379 1378/1378/1378
f 1379/1379/1379 1287/1287/1287 1288/1288/1288
f 1288/1288/1288 1380/1380/1380 1379/1379/1379
f 1380/1380/1380 1288/1288/1288 1289/1289/1289
f 1289/1289/1289 1381/1381/1381 1380/1380/1380
f 1381/1381/1381 1289/1289/1289 1290/1290/1290
f 1290/1290/1290 1382/1382/1382 1381/1381/1381
f 1382/1382/1382 1290/1290/1290 1291/1291/1291
f 1291/1291/1291 1383/1383/1383 1382/1382/1382
f 1383/1383/1383 1291/1291/1291 1292/1292/1292
f 1292/1292/1292 1384/1384/1384 1383/1383/1383
f 1384/1384/1384 1292/1292/1292 1293/1293/1293
f 1293/1293/1293 1385/1385/1385 1384/1384/1384
f 1385/1385/1385 1293/1293/1293 1294/1294/1294
f 1294/1294/1294 1386/1386/1386 1385/1385/1385
f 1386/1386/1386 1294/1294/1294 1295/1295/1295
f 1295/1295/1295 1387/1387/1387 1386/1386/1386
f 1387/1387/1387 1295/1295/1295 1296/1296/1296
f 1296/1296/1296 1388/1388/1388 1387/1387/1387
f 1388/1388/1388 1296/1296/1296 1297/1297/1297
f 1297/1297/1297 1389/1389/1389 1388/1388/1388
f 1389/1389/1389 1297/1297/1297 1298/1298/1298
f 1298/1298/1298 1390/1390/1390 1389/1389/1389
f 1390/1390/1390 1298/1298/1298 1299/1299/1299
f 1299/1299/1299 1391/1391/1391 1390/1390/1390
f 1391/1391/1391 1299/1299/1299 1302/1302/1302
f 1302/1302/1302 1392/1392/1392 1391/1391/1391
f 1392/1392/1392 1302/1302/1302 1307/1307/1307
f 1307/1307/1307 1393/1393/1393 1392/1392/1392
f 1393/1393/1393 1307/1307/1307 1309/1309/1309
f 1309/1309/1309 1394/1394/1394 1393/1393/1393
f 1394/1394/1394 1309/1309/1309 1312/1312/1312
f 1312/1312/1312 1395/1395/1395 1394/1394/1394
f 1395/1395/1395 1312/1312/1312 1314/1314/1314
f 1314/1314/1314 1396/1396/1396 1395/1395/1395
f 1314/1314/1314 1397/1397/1397 1396/1396/1396
f 1397/1397/1397 1324/1324/1324 1323/1323/1323
f 1314/1314/1314 1324/1324/1324 1397/1397/1397
f 1397/1397/1397 1399/1399/1399 1398/1398/1398
f 1323/1323/1323 1399/1399/1399 1397/1397/1397
f 1396/1396/1396 1397/1397/1397 1398/1398/1398
f 1399/1399/1399 1401/1401/1401 1400/1400/1400
f 1323/1323/1323 1401/1401/1401 1399/1399/1399
f 1398/1398/1398 1399/1399/1399 1400/1400/1400
f 1402/1402/1402 1403/1403/1403 1331/1331/1331
f 1400/1400/1400 1403/1403/1403 1402/1402/1402
f 1329/1329/1329 1402/1402/1402 1331/1331/1331
f 1331/1331/1331 1401/1401/1401 1323/1323/1323
f 1401/1401/1401 1403/1403/1403 1400/1400/1400
f 1331/1331/1331 1403/1403/1403 1401/1401/1401
f 1400/1400/1400 1405/1405/1405 1404/1404/1404
f 1405/1405/1405 1402/1402/1402 1329/1329/1329
f 1400/1400/1400 1402/1402/1402 1405/1405/1405
f 1398/1398/1398 1400/1400/1400 1404/1404/1404
f 1406/1406/1406 1405/1405/1405 1329/1329/1329
f 1404/1404/1404 1405/1405/1405 1406/1406/1406
f 1406/1406/1406 1335/1335/1335 1334/1334/1334
f 1329/1329/1329 1335/1335/1335 1406/1406/1406
f 1407/1407/1407 1406/1406/1406 1334/1334/1334
f 1404/1404/1404 1406/1406/1406 1407/1407/1407
f 1334/1334/1334 1408/1408/1408 1407/1407/1407
f 1338/1338/1338 1409/1409/1409 1408/1408/1408
f 1337/1337/1337 1409/1409/1409 1338/1338/1338
f 1334/1334/1334 1338/1338/1338 1408/1408/1408
f 1408/1408/1408 1411/1411/1411 1410/1410/1410
f 1411/1411/1411 1409/1409/1409 1337/1337/1337
f 1408/1408/1408 1409/1409/1409 1411/1411/1411
f 1407/1407/1407 1408/1408/1408 1410/1410/1410
f 1412/1412/1412 1411/1411/1411 1337/1337/1337
f 1410/1410/1410 1411/1411/1411 1412/1412/1412
f 1342/1342/1342 1412/1412/1412 1337/1337/1337
f 1413/1413/1413 1412/1412/1412 1342/1342/1342
f 1410/1410/1410 1412/1412/1412 1413/1413/1413
f 1413/1413/1413 1342/1342/1342 1347/1347/1347
f 1347/1347/1347 1414/1414/1414 1413/1413/1413
f 1347/1347/1347 1415/1415/1415 1414/1414/1414
f 1415/1415/1415 1352/1352/1352 1351/1351/1351
f 1347/1347/1347 1352/1352/1352 1415/1415/1415
f 1416/1416/1416 1415/1415/1415 1351/1351/1351
f 1414/1414/1414 1415/1415/1415 1416/1416/1416
f 1351/1351/1351 1417/1417/1417 1416/1416/1416
f 1417/1417/1417 1362/1362/1362 1360/1360/1360
f 1351/1351/1351 1362/1362/1362 1417/1417/1417
f 1418/1418/1418 1417/1417/1417 1360/1360/1360
f 1416/1416/1416 1417/1417/1417 1418/1418/1418
f 1418/1418/1418 1360/1360/1360 1364/1364/1364
f 1364/1364/1364 1419/1419/1419 1418/1418/1418
f 1419/1419/1419 1364/1364/1364 1368/1368/1368
f 1368/1368/1368 1420/1420/1420 1419/1419/1419
f 1422/1422/1422 1425/1425/1425 1424/1424/1424
f 1425/1425/1425 1423/1423/1423 1369/1369/1369
f 1422/1422/1422 1423/1423/1423 1425/1425/1425
f 1421/1421/1421 1422/1422/1422 1424/1424/1424
f 1424/1424/1424 1373/1373/1373 1371/1371/1371
f 1373/1373/1373 1425/1425/1425 1369/1369/1369
f 1424/1424/1424 1425/1425/1425 1373/1373/1373
f 1426/1426/1426 1424/1424/1424 1371/1371/1371
f 1421/1421/1421 1424/1424/1424 1426/1426/1426
f 1426/1426/1426 1371/1371/1371 1376/1376/1376
f 1376/1376/1376 1427/1427/1427 1426/1426/1426
f 1427/1427/1427 1376/1376/1376 1377/1377/1377
f 1377/1377/1377 1428/1428/1428 1427/1427/1427
f 1428/1428/1428 1377/1377/1377 1378/1378/1378
f 1378/1378/1378 1429/1429/1429 1428/1428/1428
f 1429/1429/1429 1378/1378/1378 1379/1379/1379
f 1379/1379/1379 1430/1430/1430 1429/1429/1429
f 1430/1430/1430 1379/1379/1379 1380/1380/1380
f 1380/1380/1380 1431/1431/1431 1430/1430/1430
f 1431/1431/1431 1380/1380/1380 1381/1381/1381
f 1381/1381/1381 1432/1432/1432 1431/1431/1431
f 1432/1432/1432 1381/1381/1381 1382/1382/1382
f 1382/1382/1382 1433/1433/1433 1432/1432/1432
f 1433/1433/1433 1382/1382/1382 1383/1383/1383
f 1383/1383/1383 1434/1434/1434 1433/1433/1433
f 1434/1434/1434 1383/1383/1383 1384/1384/1384
f 1384/1384/1384 1435/1435/1435 1434/1434/1434
f 1435/1435/1435 1384/1384/1384 1385/1385/1385
f 1385/1385/1385 1436/1436/1436 1435/1435/1435
f 1436/1436/1436 1385/1385/1385 1386/1386/1386
f 1386/1386/1386 1437/1437/1437 1436/1436/1436
f 1437/1437/1437 1386/1386/1386 1387/1387/1387
f 1387/1387/1387 1438/1438/1438 1437/1437/1437
f 1438/1438/1438 1387/1387/1387 1388/1388/1388
f 1388/1388/1388 1439/1439/1439 1438/1438/1438
f 1439/1439/1439 1388/1388/1388 1389/1389/1389
f 1389/1389/1389 1440/1440/1440 1439/1439/1439
f 1389/1389/1389 1441/1441/1441 1440/1440/1440
f 1390/1390/1390 1441/1441/1441 1389/1389/1389
f 1441/1441/1441 1443/1443/1443 1442/1442/1442
f 1390/1390/1390 1443/1443/1443 1441/1441/1441
f 1440/1440/1440 1441/1441/1441 1442/1442/1442
f 1444/1444/1444 1443/1443/1443 1390/1390/1390
f 1442/1442/1442 1443/1443/1443 1444/1444/1444
f 1391/1391/1391 1444/1444/1444 1390/1390/1390
f 1445/1445/1445 1444/1444/1444 1391/1391/1391
f 1444/1444/1444 1446/1446/1446 1442/1442/1442
f 1445/1445/1445 1446/1446/1446 1444/1444/1444
f 1445/1445/1445 1391/1391/1391 1392/1392/1392
f 1392/1392/1392 1447/1447/1447 1445/1445/1445
f 1392/1392/1392 1448/1448/1448 1447/1447/1447
f 1393/1393/1393 1448/1448/1448 1392/1392/1392
f 1449/1449/1449 1448/1448/1448 1393/1393/1393
f 1447/1447/1447 1448/1448/1448 1449/1449/1449
f 1449/1449/1449 1393/1393/1393 1394/1394/1394
f 1394/1394/1394 1450/1450/1450 1449/1449/1449
f 1394/1394/1394 1451/1451/1451 1450/1450/1450
f 1395/1395/1395 1451/1451/1451 1394/1394/1394
f 1452/1452/1452 1453/1453/1453 1451/1451/1451
f 1454/1454/1454 1453/1453/1453 1452/1452/1452
f 1395/1395/1395 1452/1452/1452 1451/1451/1451
f 1451/1451/1451 1455/1455/1455 1450/1450/1450
f 1455/1455/1455 1453/1453/1453 1454/1454/1454
f 1451/1451/1451 1453/1453/1453 1455/1455/1455
f 1456/1456/1456 1452/1452/1452 1395/1395/1395
f 1454/1454/1454 1452/1452/1452 1456/1456/1456
f 1396/1396/1396 1456/1456/1456 1395/1395/1395
f 1457/1457/1457 1456/1456/1456 1396/1396/1396
f 1454/1454/1454 1456/1456/1456 1457/1457/1457
f 1457/1457/1457 1396/1396/1396 1398/1398/1398
f 1398/1398/1398 1458/1458/1458 1457/1457/1457
f 1458/1458/1458 1398/1398/1398 1404/1404/1404
f 1404/1404/1404 1459/1459/1459 1458/1458/1458
f 1459/1459/1459 1404/1404/1404 1407/1407/1407
f 1407/1407/1407 1460/1460/1460 1459/1459/1459
f 1460/1460/1460 1407/1407/1407 1410/1410/1410
f 1410/1410/1410 1461/1461/1461 1460/1460/1460
f 1461/1461/1461 1410/1410/1410 1413/1413/1413
f 1413/1413/1413 1462/1462/1462 1461/1461/1461
f 1462/1462/1462 1413/1413/1413 1414/1414/1414
f 1414/1414/1414 1463/1463/1463 1462/1462/1462
f 1463/1463/1463 1414/1414/1414 1416/1416/1416
f 1416/1416/1416 1464/1464/1464 1463/1463/1463
f 1416/1416/1416 1465/1465/1465 1464/1464/1464
f 1418/1418/1418 1465/1465/1465 1416/1416/1416
f 1465/1465/1465 1467/1467/1467 1466/1466/1466
f 1418/1418/1418 1467/1467/1467 1465/1465/1465
f 1465/1465/1465 1468/1468/1468 1464/1464/1464
f 1466/1466/1466 1468/1468/1468 1465/1465/1465
f 1469/1469/1469 1467/1467/1467 1418/1418/1418
f 1466/1466/1466 1467/1467/1467 1469/1469/1469
f 1419/1419/1419 1469/1469/1469 1418/1418/1418
f 1470/1470/1470 1469/1469/1469 1419/1419/1419
f 1469/1469/1469 1471/1471/1471 1466/1466/1466
f 1470/1470/1470 1471/1471/1471 1469/1469/1469
f 1419/1419/1419 1472/1472/1472 1470/1470/1470
f 1420/1420/1420 1472/1472/1472 1419/1419/1419
f 1473/1473/1473 1474/1474/1474 1472/1472/1472
f 1474/1474/1474 1476/1476/1476 1475/1475/1475
f 1473/1473/1473 1476/1476/1476 1474/1474/1474
f 1420/1420/1420 1473/1473/1473 1472/1472/1472
f 1472/1472/1472 1477/1477/1477 1470/1470/1470
f 1477/1477/1477 1474/1474/1474 1475/1475/1475
f 1472/1472/1472 1474/1474/1474 1477/1477/1477
f 1478/1478/1478 1421/1421/1421 1426/1426/1426
f 1426/1426/1426 1479/1479/1479 1478/1478/1478
f 1479/1479/1479 1426/1426/1426 1427/1427/1427
f 1427/1427/1427 1480/1480/1480 1479/1479/1479
f 1480/1480/1480 1427/1427/1427 1428/1428/1428
f 1428/1428/1428 1481/1481/1481 1480/1480/1480
f 1481/1481/1481 1428/1428/1428 1429/1429/1429
f 1429/1429/1429 1482/1482/1482 1481/1481/1481
f 1482/1482/1482 1429/1429/1429 1430/1430/1430
f 1430/1430/1430 1483/1483/1483 1482/1482/1482
f 1430/1430/1430 1484/1484/1484 1483/1483/1483
f 1431/1431/1431 1484/1484/1484 1430/1430/1430
f 1485/1485/1485 1484/1484/1484 1431/1431/1431
f 1483/1483/1483 1484/1484/1484 1485/1485/1485
f 1485/1485/1485 1431/1431/1431 1432/1432/1432
f 1432/1432/1432 1486/1486/1486 1485/1485/1485
f 1486/1486/1486 1432/1432/1432 1433/1433/1433
f 1433/1433/1433 1487/1487/1487 1486/1486/1486
f 1487/1487/1487 1433/1433/1433 1434/1434/1434
f 1434/1434/1434 1488/1488/1488 1487/1487/1487
f 1488/1488/1488 1434/1434/1434 1435/1435/1435
f 1435/1435/1435 1489/1489/1489 1488/1488/1488
f 1489/1489/1489 1435/1435/1435 1436/1436/1436
f 1436/1436/1436 1490/1490/1490 1489/1489/1489
f 1490/1490/1490 1436/1436/1436 1437/1437/1437
f 1437/1437/1437 1491/1491/1491 1490/1490/1490
f 1491/1491/1491 1437/1437/1437 1438/1438/1438
f 1438/1438/1438 1492/1492/1492 1491/1491/1491
f 1492/1492/1492 1438/1438/1438 1439/1439/1439
f 1439/1439/1439 1493/1493/1493 1492/1492/1492
f 1493/1493/1493 1439/1439/1439 1440/1440/1440
f 1440/1440/1440 1494/1494/1494 1493/1493/1493
f 1440/1440/1440 1495/1495/1495 1494/1494/1494
f 1442/1442/1442 1495/1495/1495 1440/1440/1440
f 1496/1496/1496 1495/1495/1495 1442/1442/1442
f 1494/1494/1494 1495/1495/1495 1496/1496/1496
f 1442/1442/1442 1497/1497/1497 1496/1496/1496
f 1497/1497/1497 1446/1446/1446 1445/1445/1445
f 1442/1442/1442 1446/1446/1446 1497/1497/1497
f 1498/1498/1498 1497/1497/1497 1445/1445/1445
f 1496/1496/1496 1497/1497/1497 1498/1498/1498
f 1498/1498/1498 1445/1445/1445 1447/1447/1447
f 1447/1447/1447 1499/1499/1499 1498/1498/1498
f 1499/1499/1499 1447/1447/1447 1449/1449/1449
f 1449/1449/1449 1500/1500/1500 1499/1499/1499
f 1449/1449/1449 1501/1501/1501 1500/1500/1500
f 1450/1450/1450 1501/1501/1501 1449/1449/1449
f 1502/1502/1502 1503/1503/1503 1501/1501/1501
f 1504/1504/1504 1503/1503/1503 1502/1502/1502
f 1450/1450/1450 1502/1502/1502 1501/1501/1501
f 1501/1501/1501 1505/1505/1505 1500/1500/1500
f 1505/1505/1505 1503/1503/1503 1504/1504/1504
f 1501/1501/1501 1503/1503/1503 1505/1505/1505
f 1502/1502/1502 1507/1507/1507 1506/1506/1506
f 1450/1450/1450 1507/1507/1507 1502/1502/1502
f 1504/1504/1504 1502/1502/1502 1506/1506/1506
f 1506/1506/1506 1455/1455/1455 1454/1454/1454
f 1455/1455/1455 1507/1507/1507 1450/1450/1450
f 1506/1506/1506 1507/1507/1507 1455/1455/1455
f 1508/1508/1508 1506/1506/1506 1454/1454/1454
f 1504/1504/1504 1506/1506/1506 1508/1508/1508
f 1508/1508/1508 1454/1454/1454 1457/1457/1457
f 1457/1457/1457 1509/1509/1509 1508/1508/1508
f 1509/1509/1509 1457/1457/1457 1458/1458/1458
f 1458/1458/1458 1510/1510/1510 1509/1509/1509
f 1510/1510/1510 1458/1458/1458 1459/1459/1459
f 1459/1459/1459 1511/1511/1511 1510/1510/1510
f 1511/1511/1511 1459/1459/1459 1460/1460/1460
f 1460/1460/1460 1512/1512/1512 1511/1511/1511
f 1460/1460/1460 1513/1513/1513 1512/1512/1512
f 1461/1461/1461 1513/1513/1513 1460/1460/1460
f 1513/1513/1513 1515/1515/1515 1514/1514/1514
f 1461/1461/1461 1515/1515/1515 1513/1513/1513
f 1513/1513/1513 1516/1516/1516 1512/1512/1512
f 1514/1514/1514 1516/1516/1516 1513/1513/1513
f 1517/1517/1517 1515/1515/1515 1461/1461/1461
f 1515/1515/1515 1518/1518/1518 1514/1514/1514
f 1517/1517/1517 1518/1518/1518 1515/1515/1515
f 1462/1462/1462 1517/1517/1517 1461/1461/1461
f 1519/1519/1519 1520/1520/1520 1517/1517/1517
f 1521/1521/1521 1520/1520/1520 1519/1519/1519
f 1462/1462/1462 1519/1519/1519 1517/1517/1517
f 1518/1518/1518 1523/1523/1523 1522/1522/1522
f 1517/1517/1517 1523/1523/1523 1518/1518/1518
f 1514/1514/1514 1518/1518/1518 1522/1522/1522
f 1522/1522/1522 1520/1520/1520 1521/1521/1521
f 1520/1520/1520 1523/1523/1523 1517/1517/1517
f 1522/1522/1522 1523/1523/1523 1520/1520/1520
f 1524/1524/1524 1519/1519/1519 1462/1462/1462
f 1521/1521/1521 1519/1519/1519 1524/1524/1524
f 1463/1463/1463 1524/1524/1524 1462/1462/1462
f 1524/1524/1524 1526/1526/1526 1525/1525/1525
f 1463/1463/1463 1526/1526/1526 1524/1524/1524
f 1524/1524/1524 1527/1527/1527 1521/1521/1521
f 1525/1525/1525 1527/1527/1527 1524/1524/1524
f 1528/1528/1528 1526/1526/1526 1463/1463/1463
f 1526/1526/1526 1529/1529/1529 1525/1525/1525
f 1528/1528/1528 1529/1529/1529 1526/1526/1526
f 1464/1464/1464 1528/1528/1528 1463/1463/1463
f 1530/1530/1530 1531/1531/1531 1528/1528/1528
f 1532/1532/1532 1533/1533/1533 1531/1531/1531
f 1534/1534/1534 1533/1533/1533 1532/1532/1532
f 1530/1530/1530 1532/1532/1532 1531/1531/1531
f 1464/1464/1464 1530/1530/1530 1528/1528/1528
f 1529/1529/1529 1536/1536/1536 1535/1535/1535
f 1528/1528/1528 1536/1536/1536 1529/1529/1529
f 1525/1525/1525 1529/1529/1529 1535/1535/1535
f 1531/1531/1531 1537/1537/1537 1535/1535/1535
f 1537/1537/1537 1533/1533/1533 1534/1534/1534
f 1531/1531/1531 1533/1533/1533 1537/1537/1537
f 1531/1531/1531 1536/1536/1536 1528/1528/1528
f 1535/1535/1535 1536/1536/1536 1531/1531/1531
f 1538/1538/1538 1539/1539/1539 1530/1530/1530
f 1539/1539/1539 1541/1541/1541 1540/1540/1540
f 1538/1538/1538 1541/1541/1541 1539/1539/1539
f 1464/1464/1464 1538/1538/1538 1530/1530/1530
f 1542/1542/1542 1532/1532/1532 1530/1530/1530
f 1534/1534/1534 1532/1532/1532 1542/1542/1542
f 1542/1542/1542 1539/1539/1539 1540/1540/1540
f 1530/1530/1530 1539/1539/1539 1542/1542/1542
f 1543/1543/1543 1544/1544/1544 1468/1468/1468
f 1540/1540/1540 1544/1544/1544 1543/1543/1543
f 1466/1466/1466 1543/1543/1543 1468/1468/1468
f 1468/1468/1468 1538/1538/1538 1464/1464/1464
f 1544/1544/1544 1541/1541/1541 1538/1538/1538
f 1540/1540/1540 1541/1541/1541 1544/1544/1544
f 1468/1468/1468 1544/1544/1544 1538/1538/1538
f 1540/1540/1540 1546/1546/1546 1545/1545/1545
f 1543/1543/1543 1547/1547/1547 1546/1546/1546
f 1466/1466/1466 1547/1547/1547 1543/1543/1543
f 1540/1540/1540 1543/1543/1543 1546/1546/1546
f 1548/1548/1548 1542/1542/1542 1540/1540/1540
f 1534/1534/1534 1542/1542/1542 1548/1548/1548
f 1545/1545/1545 1548/1548/1548 1540/1540/1540
f 1546/1546/1546 1550/1550/1550 1549/1549/1549
f 1550/1550/1550 1547/1547/1547 1466/1466/1466
f 1546/1546/1546 1547/1547/1547 1550/1550/1550
f 1545/1545/1545 1546/1546/1546 1549/1549/1549
f 1549/1549/1549 1471/1471/1471 1470/1470/1470
f 1471/1471/1471 1550/1550/1550 1466/1466/1466
f 1549/1549/1549 1550/1550/1550 1471/1471/1471
f 1551/1551/1551 1549/1549/1549 1470/1470/1470
f 1549/1549/1549 1552/1552/1552 1545/1545/1545
f 1551/1551/1551 1552/1552/1552 1549/1549/1549
f 1470/1470/1470 1553/1553/1553 1551/1551/1551
f 1553/1553/1553 1477/1477/1477 1475/1475/1475
f 1470/1470/1470 1477/1477/1477 1553/1553/1553
f 1554/1554/1554 1553/1553/1553 1475/1475/1475
f 1551/1551/1551 1553/1553/1553 1554/1554/1554
f 1478/1478/1478 1556/1556/1556 1555/1555/1555
f 1479/1479/1479 1556/1556/1556 1478/1478/1478
f 1556/1556/1556 1558/1558/1558 1557/1557/1557
f 1479/1479/1479 1558/1558/1558 1556/1556/1556
f 1555/1555/1555 1556/1556/1556 1557/1557/1557
f 1559/1559/1559 1558/1558/1558 1479/1479/1479
f 1558/1558/1558 1560/1560/1560 1557/1557/1557
f 1559/1559/1559 1560/1560/1560 1558/1558/1558
f 1480/1480/1480 1559/1559/1559 1479/1479/1479
f 1561/1561/1561 1559/1559/1559 1480/1480/1480
f 1562/1562/1562 1560/1560/1560 1559/1559/1559
f 1557/1557/1557 1560/1560/1560 1562/1562/1562
f 1561/1561/1561 1562/1562/1562 1559/1559/1559
f 1561/1561/1561 1480/1480/1480 1481/1481/1481
f 1481/1481/1481 1563/1563/1563 1561/1561/1561
f 1481/1481/1481 1564/1564/1564 1563/1563/1563
f 1482/1482/1482 1564/1564/1564 1481/1481/1481
f 1565/1565/1565 1564/1564/1564 1482/1482/1482
f 1564/1564/1564 1566/1566/1566 1563/1563/1563
f 1565/1565/1565 1566/1566/1566 1564/1564/1564
f 1482/1482/1482 1567/1567/1567 1565/1565/1565
f 1483/1483/1483 1567/1567/1567 1482/1482/1482
f 1568/1568/1568 1567/1567/1567 1483/1483/1483
f 1567/1567/1567 1569/1569/1569 1565/1565/1565
f 1568/1568/1568 1569/1569/1569 1567/1567/1567
f 1568/1568/1568 1483/1483/1483 1485/1485/1485
f 1485/1485/1485 1570/1570/1570 1568/1568/1568
f 1485/1485/1485 1571/1571/1571 1570/1570/1570
f 1486/1486/1486 1571/1571/1571 1485/1485/1485
f 1571/1571/1571 1573/1573/1573 1572/1572/1572
f 1486/1486/1486 1573/1573/1573 1571/1571/1571
f 1570/1570/1570 1571/1571/1571 1572/1572/1572
f 1574/1574/1574 1573/1573/1573 1486/1486/1486
f 1573/1573/1573 1575/1575/1575 1572/1572/1572
f 1574/1574/1574 1575/1575/1575 1573/1573/1573
f 1487/1487/1487 1574/1574/1574 1486/1486/1486
f 1576/1576/1576 1574/1574/1574 1487/1487/1487
f 1577/1577/1577 1575/1575/1575 1574/1574/1574
f 1572/1572/1572 1575/1575/1575 1577/1577/1577
f 1576/1576/1576 1577/1577/1577 1574/1574/1574
f 1576/1576/1576 1487/1487/1487 1488/1488/1488
f 1488/1488/1488 1578/1578/1578 1576/1576/1576
f 1578/1578/1578 1488/1488/1488 1489/1489/1489
f 1489/1489/1489 1579/1579/1579 1578/1578/1578
f 1579/1579/1579 1489/1489/1489 1490/1490/1490
f 1490/1490/1490 1580/1580/1580 1579/1579/1579
f 1580/1580/1580 1490/1490/1490 1491/1491/1491
f 1491/1491/1491 1581/1581/1581 1580/1580/1580
f 1581/1581/1581 1491/1491/1491 1492/1492/1492
f 1492/1492/1492 1582/1582/1582 1581/1581/1581
f 1582/1582/1582 1492/1492/1492 1493/1493/1493
f 1493/1493/1493 1583/1583/1583 1582/1582/1582
f 1583/1583/1583 1493/1493/1493 1494/1494/1494
f 1494/1494/1494 1584/1584/1584 1583/1583/1583
f 1584/1584/1584 1494/1494/1494 1496/1496/1496
f 1496/1496/1496 1585/1585/1585 1584/1584/1584
f 1585/1585/1585 1496/1496/1496 1498/1498/1498
f 1498/1498/1498 1586/1586/1586 1585/1585/1585
f 1586/1586/1586 1498/1498/1498 1499/1499/1499
f 1499/1499/1499 1587/1587/1587 1586/1586/1586
f 1499/1499/1499 1588/1588/1588 1587/1587/1587
f 1500/1500/1500 1588/1588/1588 1499/1499/1499
f 1588/1588/1588 1590/1590/1590 1589/1589/1589
f 1500/1500/1500 1590/1590/1590 1588/1588/1588
f 1587/1587/1587 1588/1588/1588 1589/1589/1589
f 1591/1591/1591 1592/1592/1592 1590/1590/1590
f 1593/1593/1593 1592/1592/1592 1591/1591/1591
f 1500/1500/1500 1591/1591/1591 1590/1590/1590
f 1590/1590/1590 1594/1594/1594 1589/1589/1589
f 1594/1594/1594 1592/1592/1592 1593/1593/1593
f 1590/1590/1590 1592/1592/1592 1594/1594/1594
f 1593/1593/1593 1505/1505/1505 1504/1504/1504
f 1505/1505/1505 1591/1591/1591 1500/1500/1500
f 1593/1593/1593 1591/1591/1591 1505/1505/1505
f 1593/1593/1593 1596/1596/1596 1595/1595/1595
f 1504/1504/1504 1596/1596/1596 1593/1593/1593
f 1597/1597/1597 1594/1594/1594 1593/1593/1593
f 1594/1594/1594 1598/1598/1598 1589/1589/1589
f 1597/1597/1597 1598/1598/1598 1594/1594/1594
f 1595/1595/1595 1597/1597/1597 1593/1593/1593
f 1599/1599/1599 1596/1596/1596 1504/1504/1504
f 1596/1596/1596 1600/1600/1600 1595/1595/1595
f 1599/1599/1599 1600/1600/1600 1596/1596/1596
f 1508/1508/1508 1599/1599/1599 1504/1504/1504
f 1601/1601/1601 1599/1599/1599 1508/1508/1508
f 1602/1602/1602 1600/1600/1600 1599/1599/1599
f 1595/1595/1595 1600/1600/1600 1602/1602/1602
f 1601/1601/1601 1602/1602/1602 1599/1599/1599
f 1601/1601/1601 1508/1508/1508 1509/1509/1509
f 1509/1509/1509 1603/1603/1603 1601/1601/1601
f 1603/1603/1603 1509/1509/1509 1510/1510/1510
f 1510/1510/1510 1604/1604/1604 1603/1603/1603
f 1604/1604/1604 1510/1510/1510 1511/1511/1511
f 1511/1511/1511 1605/1605/1605 1604/1604/1604
f 1605/1605/1605 1511/1511/1511 1512/1512/1512
f 1512/1512/1512 1606/1606/1606 1605/1605/1605
f 1512/1512/1512 1607/1607/1607 1606/1606/1606
f 1516/1516/1516 1608/1608/1608 1607/1607/1607
f 1514/1514/1514 1608/1608/1608 1516/1516/1516
f 1512/1512/1512 1516/1516/1516 1607/1607/1607
f 1609/1609/1609 1611/1611/1611 1610/1610/1610
f 1607/1607/1607 1611/1611/1611 1609/1609/1609
f 1612/1612/1612 1609/1609/1609 1610/1610/1610
f 1610/1610/1610 1608/1608/1608 1514/1514/1514
f 1608/1608/1608 1611/1611/1611 1607/1607/1607
f 1610/1610/1610 1611/1611/1611 1608/1608/1608
f 1607/1607/1607 1613/1613/1613 1606/1606/1606
f 1613/1613/1613 1609/1609/1609 1612/1612/1612
f 1607/1607/1607 1609/1609/1609 1613/1613/1613
f 1614/1614/1614 1610/1610/1610 1514/1514/1514
f 1612/1612/1612 1610/1610/1610 1614/1614/1614
f 1522/1522/1522 1615/1615/1615 1614/1614/1614
f 1521/1521/1521 1615/1615/1615 1522/1522/1522
f 1514/1514/1514 1522/1522/1522 1614/1614/1614
f 1614/1614/1614 1617/1617/1617 1616/1616/1616
f 1615/1615/1615 1618/1618/1618 1617/1617/1617
f 1521/1521/1521 1618/1618/1618 1615/1615/1615
f 1614/1614/1614 1615/1615/1615 1617/1617/1617
f 1614/1614/1614 1619/1619/1619 1612/1612/1612
f 1616/1616/1616 1619/1619/1619 1614/1614/1614
f 1617/1617/1617 1621/1621/1621 1620/1620/1620
f 1621/1621/1621 1618/1618/1618 1521/1521/1521
f 1617/1617/1617 1618/1618/1618 1621/1621/1621
f 1616/1616/1616 1617/1617/1617 1620/1620/1620
f 1620/1620/1620 1527/1527/1527 1525/1525/1525
f 1527/1527/1527 1621/1621/1621 1521/1521/1521
f 1620/1620/1620 1621/1621/1621 1527/1527/1527
f 1620/1620/1620 1623/1623/1623 1622/1622/1622
f 1525/1525/1525 1623/1623/1623 1620/1620/1620
f 1620/1620/1620 1624/1624/1624 1616/1616/1616
f 1622/1622/1622 1624/1624/1624 1620/1620/1620
f 1623/1623/1623 1626/1626/1626 1625/1625/1625
f 1525/1525/1525 1626/1626/1626 1623/1623/1623
f 1622/1622/1622 1623/1623/1623 1625/1625/1625
f 1535/1535/1535 1627/1627/1627 1625/1625/1625
f 1627/1627/1627 1537/1537/1537 1534/1534/1534
f 1535/1535/1535 1537/1537/1537 1627/1627/1627
f 1535/1535/1535 1626/1626/1626 1525/1525/1525
f 1625/1625/1625 1626/1626/1626 1535/1535/1535
f 1625/1625/1625 1629/1629/1629 1628/1628/1628
f 1629/1629/1629 1627/1627/1627 1534/1534/1534
f 1625/1625/1625 1627/1627/1627 1629/1629/1629
f 1625/1625/1625 1630/1630/1630 1622/1622/1622
f 1628/1628/1628 1630/1630/1630 1625/1625/1625
f 1631/1631/1631 1629/1629/1629 1534/1534/1534
f 1628/1628/1628 1629/1629/1629 1631/1631/1631
f 1631/1631/1631 1548/1548/1548 1545/1545/1545
f 1534/1534/1534 1548/1548/1548 1631/1631/1631
f 1632/1632/1632 1631/1631/1631 1545/1545/1545
f 1628/1628/1628 1631/1631/1631 1632/1632/1632
f 1545/1545/1545 1633/1633/1633 1632/1632/1632
f 1552/1552/1552 1634/1634/1634 1633/1633/1633
f 1551/1551/1551 1634/1634/1634 1552/1552/1552
f 1545/1545/1545 1552/1552/1552 1633/1633/1633
f 1633/1633/1633 1636/1636/1636 1635/1635/1635
f 1636/1636/1636 1634/1634/1634 1551/1551/1551
f 1633/1633/1633 1634/1634/1634 1636/1636/1636
f 1632/1632/1632 1633/1633/1633 1635/1635/1635
f 1637/1637/1637 1636/1636/1636 1551/1551/1551
f 1635/1635/1635 1636/1636/1636 1637/1637/1637
f 1554/1554/1554 1637/1637/1637 1551/1551/1551
f 1638/1638/1638 1637/1637/1637 1554/1554/1554
f 1635/1635/1635 1637/1637/1637 1638/1638/1638
f 1641/1641/1641 1640/1640/1640 1555/1555/1555
f 1639/1639/1639 1640/1640/1640 1641/1641/1641
f 1557/1557/1557 1641/1641/1641 1555/1555/1555
f 1641/1641/1641 1643/1643/1643 1642/1642/1642
f 1557/1557/1557 1643/1643/1643 1641/1641/1641
f 1639/1639/1639 1641/1641/1641 1642/1642/1642
f 1643/1643/1643 1645/1645/1645 1644/1644/1644
f 1557/1557/1557 1645/1645/1645 1643/1643/1643
f 1642/1642/1642 1643/1643/1643 1644/1644/1644
f 1646/1646/1646 1647/1647/1647 1562/1562/1562
f 1644/1644/1644 1647/1647/1647 1646/1646/1646
f 1561/1561/1561 1646/1646/1646 1562/1562/1562
f 1562/1562/1562 1645/1645/1645 1557/1557/1557
f 1645/1645/1645 1647/1647/1647 1644/1644/1644
f 1562/1562/1562 1647/1647/1647 1645/1645/1645
f 1644/1644/1644 1649/1649/1649 1648/1648/1648
f 1649/1649/1649 1646/1646/1646 1561/1561/1561
f 1644/1644/1644 1646/1646/1646 1649/1649/1649
f 1642/1642/1642 1644/1644/1644 1648/1648/1648
f 1650/1650/1650 1649/1649/1649 1561/1561/1561
f 1649/1649/1649 1651/1651/1651 1648/1648/1648
f 1650/1650/1650 1651/1651/1651 1649/1649/1649
f 1563/1563/1563 1650/1650/1650 1561/1561/1561
f 1652/1652/1652 1653/1653/1653 1650/1650/1650
f 1654/1654/1654 1653/1653/1653 1652/1652/1652
f 1563/1563/1563 1652/1652/1652 1650/1650/1650
f 1651/1651/1651 1656/1656/1656 1655/1655/1655
f 1650/1650/1650 1656/1656/1656 1651/1651/1651
f 1648/1648/1648 1651/1651/1651 1655/1655/1655
f 1655/1655/1655 1653/1653/1653 1654/1654/1654
f 1653/1653/1653 1656/1656/1656 1650/1650/1650
f 1655/1655/1655 1656/1656/1656 1653/1653/1653
f 1657/1657/1657 1652/1652/1652 1563/1563/1563
f 1654/1654/1654 1652/1652/1652 1657/1657/1657
f 1566/1566/1566 1658/1658/1658 1657/1657/1657
f 1565/1565/1565 1658/1658/1658 1566/1566/1566
f 1563/1563/1563 1566/1566/1566 1657/1657/1657
f 1659/1659/1659 1661/1661/1661 1660/1660/1660
f 1657/1657/1657 1661/1661/1661 1659/1659/1659
f 1662/1662/1662 1659/1659/1659 1660/1660/1660
f 1663/1663/1663 1664/1664/1664 1658/1658/1658
f 1660/1660/1660 1664/1664/1664 1663/1663/1663
f 1565/1565/1565 1663/1663/1663 1658/1658/1658
f 1658/1658/1658 1661/1661/1661 1657/1657/1657
f 1661/1661/1661 1664/1664/1664 1660/1660/1660
f 1658/1658/1658 1664/1664/1664 1661/1661/1661
f 1657/1657/1657 1665/1665/1665 1654/1654/1654
f 1665/1665/1665 1659/1659/1659 1662/1662/1662
f 1657/1657/1657 1659/1659/1659 1665/1665/1665
f 1660/1660/1660 1667/1667/1667 1666/1666/1666
f 1667/1667/1667 1663/1663/1663 1565/1565/1565
f 1660/1660/1660 1663/1663/1663 1667/1667/1667
f 1662/1662/1662 1660/1660/1660 1666/1666/1666
f 1666/1666/1666 1569/1569/1569 1568/1568/1568
f 1569/1569/1569 1667/1667/1667 1565/1565/1565
f 1666/1666/1666 1667/1667/1667 1569/1569/1569
f 1668/1668/1668 1666/1666/1666 1568/1568/1568
f 1662/1662/1662 1666/1666/1666 1668/1668/1668
f 1668/1668/1668 1568/1568/1568 1570/1570/1570
f 1570/1570/1570 1669/1669/1669 1668/1668/1668
f 1570/1570/1570 1670/1670/1670 1669/1669/1669
f 1572/1572/1572 1670/1670/1670 1570/1570/1570
f 1670/1670/1670 1672/1672/1672 1671/1671/1671
f 1572/1572/1572 1672/1672/1672 1670/1670/1670
f 1669/1669/1669 1670/1670/1670 1671/1671/1671
f 1672/1672/1672 1674/1674/1674 1673/1673/1673
f 1572/1572/1572 1674/1674/1674 1672/1672/1672
f 1671/1671/1671 1672/1672/1672 1673/1673/1673
f 1673/1673/1673 1577/1577/1577 1576/1576/1576
f 1577/1577/1577 1674/1674/1674 1572/1572/1572
f 1673/1673/1673 1674/1674/1674 1577/1577/1577
f 1675/1675/1675 1673/1673/1673 1576/1576/1576
f 1671/1671/1671 1673/1673/1673 1675/1675/1675
f 1675/1675/1675 1576/1576/1576 1578/1578/1578
f 1578/1578/1578 1676/1676/1676 1675/1675/1675
f 1676/1676/1676 1578/1578/1578 1579/1579/1579
f 1579/1579/1579 1677/1677/1677 1676/1676/1676
f 1677/1677/1677 1579/1579/1579 1580/1580/1580
f 1580/1580/1580 1678/1678/1678 1677/1677/1677
f 1678/1678/1678 1580/1580/1580 1581/1581/1581
f 1581/1581/1581 1679/1679/1679 1678/1678/1678
f 1679/1679/1679 1581/1581/1581 1582/1582/1582
f 1582/1582/1582 1680/1680/1680 1679/1679/1679
f 1680/1680/1680 1582/1582/1582 1583/1583/1583
f 1583/1583/1583 1681/1681/1681 1680/1680/1680
f 1681/1681/1681 1583/1583/1583 1584/1584/1584
f 1584/1584/1584 1682/1682/1682 1681/1681/1681
f 1682/1682/1682 1584/1584/1584 1585/1585/1585
f 1585/1585/1585 1683/1683/1683 1682/1682/1682
f 1683/1683/1683 1585/1585/1585 1586/1586/1586
f 1586/1586/1586 1684/1684/1684 1683/1683/1683
f 1684/1684/1684 1586/1586/1586 1587/1587/1587
f 1587/1587/1587 1685/1685/1685 1684/1684/1684
f 1587/1587/1587 1686/1686/1686 1685/1685/1685
f 1589/1589/1589 1686/1686/1686 1587/1587/1587
f 1686/1686/1686 1688/1688/1688 1687/1687/1687
f 1589/1589/1589 1688/1688/1688 1686/1686/1686
f 1685/1685/1685 1686/1686/1686 1687/1687/1687
f 1688/1688/1688 1690/1690/1690 1689/1689/1689
f 1589/1589/1589 1690/1690/1690 1688/1688/1688
f 1687/1687/1687 1688/1688/1688 1689/1689/1689
f 1691/1691/1691 1692/1692/1692 1597/1597/1597
f 1689/1689/1689 1692/1692/1692 1691/1691/1691
f 1595/1595/1595 1691/1691/1691 1597/1597/1597
f 1690/1690/1690 1598/1598/1598 1597/1597/1597
f 1589/1589/1589 1598/1598/1598 1690/1690/1690
f 1690/1690/1690 1692/1692/1692 1689/1689/1689
f 1597/1597/1597 1692/1692/1692 1690/1690/1690
f 1689/1689/1689 1694/1694/1694 1693/1693/1693
f 1694/1694/1694 1691/1691/1691 1595/1595/1595
f 1689/1689/1689 1691/1691/1691 1694/1694/1694
f 1687/1687/1687 1689/1689/1689 1693/1693/1693
f 1695/1695/1695 1696/1696/1696 1694/1694/1694
f 1697/1697/1697 1696/1696/1696 1695/1695/1695
f 1595/1595/1595 1695/1695/1695 1694/1694/1694
f 1694/1694/1694 1698/1698/1698 1693/1693/1693
f 1698/1698/1698 1696/1696/1696 1697/1697/1697
f 1694/1694/1694 1696/1696/1696 1698/1698/1698
f 1697/1697/1697 1602/1602/1602 1601/1601/1601
f 1602/1602/1602 1695/1695/1695 1595/1595/1595
f 1697/1697/1697 1695/1695/1695 1602/1602/1602
f 1699/1699/1699 1697/1697/1697 1601/1601/1601
f 1700/1700/1700 1698/1698/1698 1697/1697/1697
f 1693/1693/1693 1698/1698/1698 1700/1700/1700
f 1699/1699/1699 1700/1700/1700 1697/1697/1697
f 1699/1699/1699 1601/1601/1601 1603/1603/1603
f 1603/1603/1603 1701/1701/1701 1699/1699/1699
f 1603/1603/1603 1702/1702/1702 1701/1701/1701
f 1604/1604/1604 1702/1702/1702 1603/1603/1603
f 1703/1703/1703 1702/1702/1702 1604/1604/1604
f 1701/1701/1701 1702/1702/1702 1703/1703/1703
f 1703/1703/1703 1604/1604/1604 1605/1605/1605
f 1605/1605/1605 1704/1704/1704 1703/1703/1703
f 1704/1704/1704 1605/1605/1605 1606/1606/1606
f 1606/1606/1606 1705/1705/1705 1704/1704/1704
f 1606/1606/1606 1706/1706/1706 1705/1705/1705
f 1706/1706/1706 1613/1613/1613 1612/1612/1612
f 1606/1606/1606 1613/1613/1613 1706/1706/1706
f 1706/1706/1706 1708/1708/1708 1707/1707/1707
f 1612/1612/1612 1708/1708/1708 1706/1706/1706
f 1705/1705/1705 1706/1706/1706 1707/1707/1707
f 1709/1709/1709 1708/1708/1708 1612/1612/1612
f 1708/1708/1708 1710/1710/1710 1707/1707/1707
f 1709/1709/1709 1710/1710/1710 1708/1708/1708
f 1619/1619/1619 1711/1711/1711 1709/1709/1709
f 1616/1616/1616 1711/1711/1711 1619/1619/1619
f 1612/1612/1612 1619/1619/1619 1709/1709/1709
f 1712/1712/1712 1714/1714/1714 1713/1713/1713
f 1709/1709/1709 1714/1714/1714 1712/1712/1712
f 1715/1715/1715 1712/1712/1712 1713/1713/1713
f 1716/1716/1716 1717/1717/1717 1711/1711/1711
f 1717/1717/1717 1718/1718/1718 1713/1713/1713
f 1716/1716/1716 1718/1718/1718 1717/1717/1717
f 1616/1616/1616 1716/1716/1716 1711/1711/1711
f 1711/1711/1711 1714/1714/1714 1709/1709/1709
f 1714/1714/1714 1717/1717/1717 1713/1713/1713
f 1711/1711/1711 1717/1717/1717 1714/1714/1714
f 1710/1710/1710 1720/1720/1720 1719/1719/1719
f 1709/1709/1709 1720/1720/1720 1710/1710/1710
f 1707/1707/1707 1710/1710/1710 1719/1719/1719
f 1719/1719/1719 1712/1712/1712 1715/1715/1715
f 1712/1712/1712 1720/1720/1720 1709/1709/1709
f 1719/1719/1719 1720/1720/1720 1712/1712/1712
f 1721/1721/1721 1723/1723/1723 1722/1722/1722
f 1713/1713/1713 1723/1723/1723 1721/1721/1721
f 1724/1724/1724 1721/1721/1721 1722/1722/1722
f 1722/1722/1722 1716/1716/1716 1616/1616/1616
f 1723/1723/1723 1718/1718/1718 1716/1716/1716
f 1713/1713/1713 1718/1718/1718 1723/1723/1723
f 1722/1722/1722 1723/1723/1723 1716/1716/1716
f 1713/1713/1713 1725/1725/1725 1715/1715/1715
f 1725/1725/1725 1721/1721/1721 1724/1724/1724
f 1713/1713/1713 1721/1721/1721 1725/1725/1725
f 1724/1724/1724 1624/1624/1624 1622/1622/1622
f 1624/1624/1624 1722/1722/1722 1616/1616/1616
f 1724/1724/1724 1722/1722/1722 1624/1624/1624
f 1724/1724/1724 1727/1727/1727 1726/1726/1726
f 1622/1622/1622 1727/1727/1727 1724/1724/1724
f 1728/1728/1728 1725/1725/1725 1724/1724/1724
f 1715/1715/1715 1725/1725/1725 1728/1728/1728
f 1726/1726/1726 1728/1728/1728 1724/1724/1724
f 1727/1727/1727 1730/1730/1730 1729/1729/1729
f 1622/1622/1622 1730/1730/1730 1727/1727/1727
f 1726/1726/1726 1727/1727/1727 1729/1729/1729
f 1729/1729/1729 1630/1630/1630 1628/1628/1628
f 1630/1630/1630 1730/1730/1730 1622/1622/1622
f 1729/1729/1729 1730/1730/1730 1630/1630/1630
f 1731/1731/1731 1729/1729/1729 1628/1628/1628
f 1729/1729/1729 1732/1732/1732 1726/1726/1726
f 1731/1731/1731 1732/1732/1732 1729/1729/1729
f 1731/1731/1731 1628/1628/1628 1632/1632/1632
f 1632/1632/1632 1733/1733/1733 1731/1731/1731
f 1733/1733/1733 1632/1632/1632 1635/1635/1635
f 1635/1635/1635 1734/1734/1734 1733/1733/1733
f 1734/1734/1734 1635/1635/1635 1638/1638/1638
f 1638/1638/1638 1735/1735/1735 1734/1734/1734
f 1736/1736/1736 1639/1639/1639 1642/1642/1642
f 1642/1642/1642 1737/1737/1737 1736/1736/1736
f 1737/1737/1737 1642/1642/1642 1648/1648/1648
f 1648/1648/1648 1738/1738/1738 1737/1737/1737
f 1648/1648/1648 1739/1739/1739 1738/1738/1738
f 1739/1739/1739 1655/1655/1655 1654/1654/1654
f 1648/1648/1648 1655/1655/1655 1739/1739/1739
f 1740/1740/1740 1739/1739/1739 1654/1654/1654
f 1738/1738/1738 1739/1739/1739 1740/1740/1740
f 1654/1654/1654 1741/1741/1741 1740/1740/1740
f 1741/1741/1741 1665/1665/1665 1662/1662/1662
f 1654/1654/1654 1665/1665/1665 1741/1741/1741
f 1742/1742/1742 1741/1741/1741 1662/1662/1662
f 1740/1740/1740 1741/1741/1741 1742/1742/1742
f 1742/1742/1742 1662/1662/1662 1668/1668/1668
f 1668/1668/1668 1743/1743/1743 1742/1742/1742
f 1743/1743/1743 1668/1668/1668 1669/1669/1669
f 1669/1669/1669 1744/1744/1744 1743/1743/1743
f 1744/1744/1744 1669/1669/1669 1671/1671/1671
f 1671/1671/1671 1745/1745/1745 1744/1744/1744
f 1745/1745/1745 1671/1671/1671 1675/1675/1675
f 1675/1675/1675 1746/1746/1746 1745/1745/1745
f 1675/1675/1675 1747/1747/1747 1746/1746/1746
f 1676/1676/1676 1747/1747/1747 1675/1675/1675
f 1748/1748/1748 1747/1747/1747 1676/1676/1676
f 1746/1746/1746 1747/1747/1747 1748/1748/1748
f 1676/1676/1676 1749/1749/1749 1748/1748/1748
f 1677/1677/1677 1749/1749/1749 1676/1676/1676
f 1750/1750/1750 1751/1751/1751 1749/1749/1749
f 1751/1751/1751 1753/1753/1753 1752/1752/1752
f 1750/1750/1750 1753/1753/1753 1751/1751/1751
f 1677/1677/1677 1750/1750/1750 1749/1749/1749
f 1749/1749/1749 1754/1754/1754 1748/1748/1748
f 1754/1754/1754 1751/1751/1751 1752/1752/1752
f 1749/1749/1749 1751/1751/1751 1754/1754/1754
f 1755/1755/1755 1750/1750/1750 1677/1677/1677
f 1756/1756/1756 1753/1753/1753 1750/1750/1750
f 1753/1753/1753 1757/1757/1757 1752/1752/1752
f 1756/1756/1756 1757/1757/1757 1753/1753/1753
f 1755/1755/1755 1756/1756/1756 1750/1750/1750
f 1678/1678/1678 1755/1755/1755 1677/1677/1677
f 1758/1758/1758 1759/1759/1759 1755/1755/1755
f 1759/1759/1759 1761/1761/1761 1760/1760/1760
f 1758/1758/1758 1761/1761/1761 1759/1759/1759
f 1678/1678/1678 1758/1758/1758 1755/1755/1755
f 1762/1762/1762 1763/1763/1763 1756/1756/1756
f 1764/1764/1764 1763/1763/1763 1762/1762/1762
f 1755/1755/1755 1762/1762/1762 1756/1756/1756
f 1757/1757/1757 1766/1766/1766 1765/1765/1765
f 1756/1756/1756 1766/1766/1766 1757/1757/1757
f 1752/1752/1752 1757/1757/1757 1765/1765/1765
f 1765/1765/1765 1763/1763/1763 1764/1764/1764
f 1763/1763/1763 1766/1766/1766 1756/1756/1756
f 1765/1765/1765 1766/1766/1766 1763/1763/1763
f 1764/1764/1764 1759/1759/1759 1760/1760/1760
f 1759/1759/1759 1762/1762/1762 1755/1755/1755
f 1764/1764/1764 1762/1762/1762 1759/1759/1759
f 1767/1767/1767 1758/1758/1758 1678/1678/1678
f 1768/1768/1768 1761/1761/1761 1758/1758/1758
f 1760/1760/1760 1761/1761/1761 1768/1768/1768
f 1767/1767/1767 1768/1768/1768 1758/1758/1758
f 1679/1679/1679 1767/1767/1767 1678/1678/1678
f 1769/1769/1769 1767/1767/1767 1679/1679/1679
f 1770/1770/1770 1768/1768/1768 1767/1767/1767
f 1760/1760/1760 1768/1768/1768 1770/1770/1770
f 1769/1769/1769 1770/1770/1770 1767/1767/1767
f 1769/1769/1769 1679/1679/1679 1680/1680/1680
f 1680/1680/1680 1771/1771/1771 1769/1769/1769
f 1771/1771/1771 1680/1680/1680 1681/1681/1681
f 1681/1681/1681 1772/1772/1772 1771/1771/1771
f 1772/1772/1772 1681/1681/1681 1682/1682/1682
f 1682/1682/1682 1773/1773/1773 1772/1772/1772
f 1773/1773/1773 1682/1682/1682 1683/1683/1683
f 1683/1683/1683 1774/1774/1774 1773/1773/1773
f 1774/1774/1774 1683/1683/1683 1684/1684/1684
f 1684/1684/1684 1775/1775/1775 1774/1774/1774
f 1775/1775/1775 1684/1684/1684 1685/1685/1685
f 1685/1685/1685 1776/1776/1776 1775/1775/1775
f 1776/1776/1776 1685/1685/1685 1687/1687/1687
f 1687/1687/1687 1777/1777/1777 1776/1776/1776
f 1777/1777/1777 1687/1687/1687 1693/1693/1693
f 1693/1693/1693 1778/1778/1778 1777/1777/1777
f 1693/1693/1693 1779/1779/1779 1778/1778/1778
f 1779/1779/1779 1700/1700/1700 1699/1699/1699
f 1693/1693/1693 1700/1700/1700 1779/1779/1779
f 1779/1779/1779 1781/1781/1781 1780/1780/1780
f 1699/1699/1699 1781/1781/1781 1779/1779/1779
f 1778/1778/1778 1779/1779/1779 1780/1780/1780
f 1782/1782/1782 1781/1781/1781 1699/1699/1699
f 1780/1780/1780 1781/1781/1781 1782/1782/1782
f 1701/1701/1701 1782/1782/1782 1699/1699/1699
f 1783/1783/1783 1782/1782/1782 1701/1701/1701
f 1780/1780/1780 1782/1782/1782 1783/1783/1783
f 1701/1701/1701 1784/1784/1784 1783/1783/1783
f 1703/1703/1703 1784/1784/1784 1701/1701/1701
f 1784/1784/1784 1786/1786/1786 1785/1785/1785
f 1703/1703/1703 1786/1786/1786 1784/1784/1784
f 1783/1783/1783 1784/1784/1784 1785/1785/1785
f 1787/1787/1787 1786/1786/1786 1703/1703/1703
f 1785/1785/1785 1786/1786/1786 1787/1787/1787
f 1704/1704/1704 1787/1787/1787 1703/1703/1703
f 1788/1788/1788 1787/1787/1787 1704/1704/1704
f 1785/1785/1785 1787/1787/1787 1788/1788/1788
f 1788/1788/1788 1704/1704/1704 1705/1705/1705
f 1705/1705/1705 1789/1789/1789 1788/1788/1788
f 1705/1705/1705 1790/1790/1790 1789/1789/1789
f 1707/1707/1707 1790/1790/1790 1705/1705/1705
f 1791/1791/1791 1790/1790/1790 1707/1707/1707
f 1790/1790/1790 1792/1792/1792 1789/1789/1789
f 1791/1791/1791 1792/1792/1792 1790/1790/1790
f 1707/1707/1707 1793/1793/1793 1791/1791/1791
f 1793/1793/1793 1719/1719/1719 1715/1715/1715
f 1707/1707/1707 1719/1719/1719 1793/1793/1793
f 1794/1794/1794 1793/1793/1793 1715/1715/1715
f 1791/1791/1791 1793/1793/1793 1794/1794/1794
f 1715/1715/1715 1795/1795/1795 1794/1794/1794
f 1795/1795/1795 1728/1728/1728 1726/1726/1726
f 1715/1715/1715 1728/1728/1728 1795/1795/1795
f 1795/1795/1795 1797/1797/1797 1796/1796/1796
f 1726/1726/1726 1797/1797/1797 1795/1795/1795
f 1794/1794/1794 1795/1795/1795 1796/1796/1796
f 1798/1798/1798 1797/1797/1797 1726/1726/1726
f 1797/1797/1797 1799/1799/1799 1796/1796/1796
f 1798/1798/1798 1799/1799/1799 1797/1797/1797
f 1798/1798/1798 1732/1732/1732 1731/1731/1731
f 1726/1726/1726 1732/1732/1732 1798/1798/1798
f 1800/1800/1800 1798/1798/1798 1731/1731/1731
f 1801/1801/1801 1799/1799/1799 1798/1798/1798
f 1796/1796/1796 1799/1799/1799 1801/1801/1801
f 1800/1800/1800 1801/1801/1801 1798/1798/1798
f 1731/1731/1731 1802/1802/1802 1800/1800/1800
f 1733/1733/1733 1802/1802/1802 1731/1731/1731
f 1803/1803/1803 1802/1802/1802 1733/1733/1733
f 1802/1802/1802 1804/1804/1804 1800/1800/1800
f 1803/1803/1803 1804/1804/1804 1802/1802/1802
f 1733/1733/1733 1805/1805/1805 1803/1803/1803
f 1734/1734/1734 1805/1805/1805 1733/1733/1733
f 1806/1806/1806 1805/1805/1805 1734/1734/1734
f 1805/1805/1805 1807/1807/1807 1803/1803/1803
f 1806/1806/1806 1807/1807/1807 1805/1805/1805
f 1734/1734/1734 1808/1808/1808 1806/1806/1806
f 1735/1735/1735 1808/1808/1808 1734/1734/1734
f 1809/1809/1809 1808/1808/1808 1735/1735/1735
f 1808/1808/1808 1810/1810/1810 1806/1806/1806
f 1809/1809/1809 1810/1810/1810 1808/1808/1808
f 1811/1811/1811 1736/1736/1736 1737/1737/1737
f 1737/1737/1737 1812/1812/1812 1811/1811/1811
f 1812/1812/1812 1737/1737/1737 1738/1738/1738
f 1738/1738/1738 1813/1813/1813 1812/1812/1812
f 1813/1813/1813 1738/1738/1738 1740/1740/1740
f 1740/1740/1740 1814/1814/1814 1813/1813/1813
f 1814/1814/1814 1740/1740/1740 1742/1742/1742
f 1742/1742/1742 1815/1815/1815 1814/1814/1814
f 1815/1815/1815 1742/1742/1742 1743/1743/1743
f 1743/1743/1743 1816/1816/1816 1815/1815/1815
f 1743/1743/1743 1817/1817/1817 1816/1816/1816
f 1744/1744/1744 1817/1817/1817 1743/1743/1743
f 1818/1818/1818 1817/1817/1817 1744/1744/1744
f 1816/1816/1816 1817/1817/1817 1818/1818/1818
f 1818/1818/1818 1744/1744/1744 1745/1745/1745
f 1745/1745/1745 1819/1819/1819 1818/1818/1818
f 1819/1819/1819 1745/1745/1745 1746/1746/1746
f 1746/1746/1746 1820/1820/1820 1819/1819/1819
f 1820/1820/1820 1746/1746/1746 1748/1748/1748
f 1748/1748/1748 1821/1821/1821 1820/1820/1820
f 1748/1748/1748 1822/1822/1822 1821/1821/1821
f 1822/1822/1822 1754/1754/1754 1752/1752/1752
f 1748/1748/1748 1754/1754/1754 1822/1822/1822
f 1822/1822/1822 1824/1824/1824 1823/1823/1823
f 1752/1752/1752 1824/1824/1824 1822/1822/1822
f 1821/1821/1821 1822/1822/1822 1823/1823/1823
f 1824/1824/1824 1826/1826/1826 1825/1825/1825
f 1752/1752/1752 1826/1826/1826 1824/1824/1824
f 1823/1823/1823 1824/1824/1824 1825/1825/1825
f 1825/1825/1825 1764/1764/1764 1760/1760/1760
f 1826/1826/1826 1765/1765/1765 1764/1764/1764
f 1752/1752/1752 1765/1765/1765 1826/1826/1826
f 1825/1825/1825 1826/1826/1826 1764/1764/1764
f 1827/1827/1827 1825/1825/1825 1760/1760/1760
f 1823/1823/1823 1825/1825/1825 1827/1827/1827
f 1760/1760/1760 1828/1828/1828 1827/1827/1827
f 1828/1828/1828 1770/1770/1770 1769/1769/1769
f 1760/1760/1760 1770/1770/1770 1828/1828/1828
f 1829/1829/1829 1828/1828/1828 1769/1769/1769
f 1827/1827/1827 1828/1828/1828 1829/1829/1829
f 1829/1829/1829 1769/1769/1769 1771/1771/1771
f 1771/1771/1771 1830/1830/1830 1829/1829/1829
f 1830/1830/1830 1771/1771/1771 1772/1772/1772
f 1772/1772/1772 1831/1831/1831 1830/1830/1830
f 1831/1831/1831 1772/1772/1772 1773/1773/1773
f 1773/1773/1773 1832/1832/1832 1831/1831/1831
f 1832/1832/1832 1773/1773/1773 1774/1774/1774
f 1774/1774/1774 1833/1833/1833 1832/1832/1832
f 1833/1833/1833 1774/1774/1774 1775/1775/1775
f 1775/1775/1775 1834/1834/1834 1833/1833/1833
f 1834/1834/1834 1775/1775/1775 1776/1776/1776
f 1776/1776/1776 1835/1835/1835 1834/1834/1834
f 1835/1835/1835 1776/1776/1776 1777/1777/1777
f 1777/1777/1777 1836/1836/1836 1835/1835/1835
f 1836/1836/1836 1777/1777/1777 1778/1778/1778
f 1778/1778/1778 1837/1837/1837 1836/1836/1836
f 1837/1837/1837 1778/1778/1778 1780/1780/1780
f 1780/1780/1780 1838/1838/1838 1837/1837/1837
f 1838/1838/1838 1780/1780/1780 1783/1783/1783
f 1783/1783/1783 1839/1839/1839 1838/1838/1838
f 1839/1839/1839 1783/1783/1783 1785/1785/1785
f 1785/1785/1785 1840/1840/1840 1839/1839/1839
f 1840/1840/1840 1785/1785/1785 1788/1788/1788
f 1788/1788/1788 1841/1841/1841 1840/1840/1840
f 1788/1788/1788 1842/1842/1842 1841/1841/1841
f 1789/1789/1789 1842/1842/1842 1788/1788/1788
f 1842/1842/1842 1844/1844/1844 1843/1843/1843
f 1789/1789/1789 1844/1844/1844 1842/1842/1842
f 1841/1841/1841 1842/1842/1842 1843/1843/1843
f 1845/1845/1845 1846/1846/1846 1844/1844/1844
f 1847/1847/1847 1846/1846/1846 1845/1845/1845
f 1789/1789/1789 1845/1845/1845 1844/1844/1844
f 1844/1844/1844 1848/1848/1848 1843/1843/1843
f 1848/1848/1848 1846/1846/1846 1847/1847/1847
f 1844/1844/1844 1846/1846/1846 1848/1848/1848
f 1847/1847/1847 1792/1792/1792 1791/1791/1791
f 1792/1792/1792 1845/1845/1845 1789/1789/1789
f 1847/1847/1847 1845/1845/1845 1792/1792/1792
f 1849/1849/1849 1847/1847/1847 1791/1791/1791
f 1850/1850/1850 1848/1848/1848 1847/1847/1847
f 1843/1843/1843 1848/1848/1848 1850/1850/1850
f 1849/1849/1849 1850/1850/1850 1847/1847/1847
f 1849/1849/1849 1791/1791/1791 1794/1794/1794
f 1794/1794/1794 1851/1851/1851 1849/1849/1849
f 1851/1851/1851 1794/1794/1794 1796/1796/1796
f 1796/1796/1796 1852/1852/1852 1851/1851/1851
f 1796/1796/1796 1853/1853/1853 1852/1852/1852
f 1853/1853/1853 1801/1801/1801 1800/1800/1800
f 1796/1796/1796 1801/1801/1801 1853/1853/1853
f 1854/1854/1854 1853/1853/1853 1800/1800/1800
f 1852/1852/1852 1853/1853/1853 1854/1854/1854
f 1800/1800/1800 1855/1855/1855 1854/1854/1854
f 1855/1855/1855 1804/1804/1804 1803/1803/1803
f 1800/1800/1800 1804/1804/1804 1855/1855/1855
f 1855/1855/1855 1857/1857/1857 1856/1856/1856
f 1803/1803/1803 1857/1857/1857 1855/1855/1855
f 1854/1854/1854 1855/1855/1855 1856/1856/1856
f 1857/1857/1857 1859/1859/1859 1858/1858/1858
f 1803/1803/1803 1859/1859/1859 1857/1857/1857
f 1856/1856/1856 1857/1857/1857 1858/1858/1858
f 1858/1858/1858 1807/1807/1807 1806/1806/1806
f 1807/1807/1807 1859/1859/1859 1803/1803/1803
f 1858/1858/1858 1859/1859/1859 1807/1807/1807
f 1858/1858/1858 1861/1861/1861 1860/1860/1860
f 1806/1806/1806 1861/1861/1861 1858/1858/1858
f 1856/1856/1856 1858/1858/1858 1860/1860/1860
f 1861/1861/1861 1863/1863/1863 1862/1862/1862
f 1806/1806/1806 1863/1863/1863 1861/1861/1861
f 1860/1860/1860 1861/1861/1861 1862/1862/1862
f 1862/1862/1862 1810/1810/1810 1809/1809/1809
f 1810/1810/1810 1863/1863/1863 1806/1806/1806
f 1862/1862/1862 1863/1863/1863 1810/1810/1810
f 1864/1864/1864 1862/1862/1862 1809/1809/1809
f 1860/1860/1860 1862/1862/1862 1864/1864/1864
f 1865/1865/1865 1811/1811/1811 1812/1812/1812
f 1812/1812/1812 1866/1866/1866 1865/1865/1865
f 1866/1866/1866 1812/1812/1812 1813/1813/1813
f 1813/1813/1813 1867/1867/1867 1866/1866/1866
f 1813/1813/1813 1868/1868/1868 1867/1867/1867
f 1814/1814/1814 1868/1868/1868 1813/1813/1813
f 1869/1869/1869 1868/1868/1868 1814/1814/1814
f 1868/1868/1868 1870/1870/1870 1867/1867/1867
f 1869/1869/1869 1870/1870/1870 1868/1868/1868
f 1814/1814/1814 1871/1871/1871 1869/1869/1869
f 1815/1815/1815 1871/1871/1871 1814/1814/1814
f 1872/1872/1872 1871/1871/1871 1815/1815/1815
f 1871/1871/1871 1873/1873/1873 1869/1869/1869
f 1872/1872/1872 1873/1873/1873 1871/1871/1871
f 1872/1872/1872 1815/1815/1815 1816/1816/1816
f 1816/1816/1816 1874/1874/1874 1872/1872/1872
f 1874/1874/1874 1816/1816/1816 1818/1818/1818
f 1818/1818/1818 1875/1875/1875 1874/1874/1874
f 1875/1875/1875 1818/1818/1818 1819/1819/1819
f 1819/1819/1819 1876/1876/1876 1875/1875/1875
f 1876/1876/1876 1819/1819/1819 1820/1820/1820
f 1820/1820/1820 1877/1877/1877 1876/1876/1876
f 1877/1877/1877 1820/1820/1820 1821/1821/1821
f 1821/1821/1821 1878/1878/1878 1877/1877/1877
f 1878/1878/1878 1821/1821/1821 1823/1823/1823
f 1823/1823/1823 1879/1879/1879 1878/1878/1878
f 1879/1879/1879 1823/1823/1823 1827/1827/1827
f 1827/1827/1827 1880/1880/1880 1879/1879/1879
f 1880/1880/1880 1827/1827/1827 1829/1829/1829
f 1829/1829/1829 1881/1881/1881 1880/1880/1880
f 1881/1881/1881 1829/1829/1829 1830/1830/1830
f 1830/1830/1830 1882/1882/1882 1881/1881/1881
f 1882/1882/1882 1830/1830/1830 1831/1831/1831
f 1831/1831/1831 1883/1883/1883 1882/1882/1882
f 1883/1883/1883 1831/1831/1831 1832/1832/1832
f 1832/1832/1832 1884/1884/1884 1883/1883/1883
f 1884/1884/1884 1832/1832/1832 1833/1833/1833
f 1833/1833/1833 1885/1885/1885 1884/1884/1884
f 1885/1885/1885 1833/1833/1833 1834/1834/1834
f 1834/1834/1834 1886/1886/1886 1885/1885/1885
f 1886/1886/1886 1834/1834/1834 1835/1835/1835
f 1835/1835/1835 1887/1887/1887 1886/1886/1886
f 1887/1887/1887 1835/1835/1835 1836/1836/1836
f 1836/1836/1836 1888/1888/1888 1887/1887/1887
f 1888/1888/1888 1836/1836/1836 1837/1837/1837
f 1837/1837/1837 1889/1889/1889 1888/1888/1888
f 1889/1889/1889 1837/1837/1837 1838/1838/1838
f 1838/1838/1838 1890/1890/1890 1889/1889/1889
f 1890/1890/1890 1838/1838/1838 1839/1839/1839
f 1839/1839/1839 1891/1891/1891 1890/1890/1890
f 1891/1891/1891 1839/1839/1839 1840/1840/1840
f 1840/1840/1840 1892/1892/1892 1891/1891/1891
f 1840/1840/1840 1893/1893/1893 1892/1892/1892
f 1841/1841/1841 1893/1893/1893 1840/1840/1840
f 1894/1894/1894 1893/1893/1893 1841/1841/1841
f 1893/1893/1893 1895/1895/1895 1892/1892/1892
f 1894/1894/1894 1895/1895/1895 1893/1893/1893
f 1894/1894/1894 1841/1841/1841 1843/1843/1843
f 1843/1843/1843 1896/1896/1896 1894/1894/1894
f 1843/1843/1843 1897/1897/1897 1896/1896/1896
f 1897/1897/1897 1850/1850/1850 1849/1849/1849
f 1843/1843/1843 1850/1850/1850 1897/1897/1897
f 1898/1898/1898 1897/1897/1897 1849/1849/1849
f 1896/1896/1896 1897/1897/1897 1898/1898/1898
f 1898/1898/1898 1849/1849/1849 1851/1851/1851
f 1851/1851/1851 1899/1899/1899 1898/1898/1898
f 1899/1899/1899 1851/1851/1851 1852/1852/1852
f 1852/1852/1852 1900/1900/1900 1899/1899/1899
f 1852/1852/1852 1901/1901/1901 1900/1900/1900
f 1854/1854/1854 1901/1901/1901 1852/1852/1852
f 1901/1901/1901 1903/1903/1903 1902/1902/1902
f 1854/1854/1854 1903/1903/1903 1901/1901/1901
f 1900/1900/1900 1901/1901/1901 1902/1902/1902
f 1904/1904/1904 1903/1903/1903 1854/1854/1854
f 1902/1902/1902 1903/1903/1903 1904/1904/1904
f 1856/1856/1856 1904/1904/1904 1854/1854/1854
f 1905/1905/1905 1904/1904/1904 1856/1856/1856
f 1902/1902/1902 1904/1904/1904 1905/1905/1905
f 1856/1856/1856 1906/1906/1906 1905/1905/1905
f 1860/1860/1860 1906/1906/1906 1856/1856/1856
f 1907/1907/1907 1908/1908/1908 1906/1906/1906
f 1908/1908/1908 1910/1910/1910 1909/1909/1909
f 1907/1907/1907 1910/1910/1910 1908/1908/1908
f 1860/1860/1860 1907/1907/1907 1906/1906/1906
f 1906/1906/1906 1911/1911/1911 1905/1905/1905
f 1911/1911/1911 1908/1908/1908 1909/1909/1909
f 1906/1906/1906 1908/1908/1908 1911/1911/1911
f 1912/1912/1912 1907/1907/1907 1860/1860/1860
f 1913/1913/1913 1910/1910/1910 1907/1907/1907
f 1909/1909/1909 1910/1910/1910 1913/1913/1913
f 1912/1912/1912 1913/1913/1913 1907/1907/1907
f 1864/1864/1864 1912/1912/1912 1860/1860/1860
f 1914/1914/1914 1915/1915/1915 1912/1912/1912
f 1916/1916/1916 1915/1915/1915 1914/1914/1914
f 1864/1864/1864 1914/1914/1914 1912/1912/1912
f 1913/1913/1913 1918/1918/1918 1917/1917/1917
f 1912/1912/1912 1918/1918/1918 1913/1913/1913
f 1909/1909/1909 1913/1913/1913 1917/1917/1917
f 1917/1917/1917 1915/1915/1915 1916/1916/1916
f 1915/1915/1915 1918/1918/1918 1912/1912/1912
f 1917/1917/1917 1918/1918/1918 1915/1915/1915
f 1919/1919/1919 1865/1865/1865 1866/1866/1866
f 1866/1866/1866 1920/1920/1920 1919/1919/1919
f 1866/1866/1866 1921/1921/1921 1920/1920/1920
f 1867/1867/1867 1921/1921/1921 1866/1866/1866
f 1922/1922/1922 1921/1921/1921 1867/1867/1867
f 1921/1921/1921 1923/1923/1923 1920/1920/1920
f 1922/1922/1922 1923/1923/1923 1921/1921/1921
f 1867/1867/1867 1924/1924/1924 1922/1922/1922
f 1870/1870/1870 1925/1925/1925 1924/1924/1924
f 1869/1869/1869 1925/1925/1925 1870/1870/1870
f 1867/1867/1867 1870/1870/1870 1924/1924/1924
f 1924/1924/1924 1927/1927/1927 1926/1926/1926
f 1927/1927/1927 1925/1925/1925 1869/1869/1869
f 1924/1924/1924 1925/1925/1925 1927/1927/1927
f 1924/1924/1924 1928/1928/1928 1922/1922/1922
f 1926/1926/1926 1928/1928/1928 1924/1924/1924
f 1927/1927/1927 1930/1930/1930 1929/1929/1929
f 1869/1869/1869 1930/1930/1930 1927/1927/1927
f 1926/1926/1926 1927/1927/1927 1929/1929/1929
f 1929/1929/1929 1873/1873/1873 1872/1872/1872
f 1873/1873/1873 1930/1930/1930 1869/1869/1869
f 1929/1929/1929 1930/1930/1930 1873/1873/1873
f 1931/1931/1931 1929/1929/1929 1872/1872/1872
f 1926/1926/1926 1929/1929/1929 1931/1931/1931
f 1931/1931/1931 1872/1872/1872 1874/1874/1874
f 1874/1874/1874 1932/1932/1932 1931/1931/1931
f 1932/1932/1932 1874/1874/1874 1875/1875/1875
f 1875/1875/1875 1933/1933/1933 1932/1932/1932
f 1933/1933/1933 1875/1875/1875 1876/1876/1876
f 1876/1876/1876 1934/1934/1934 1933/1933/1933
f 1934/1934/1934 1876/1876/1876 1877/1877/1877
f 1877/1877/1877 1935/1935/1935 1934/1934/1934
f 1935/1935/1935 1877/1877/1877 1878/1878/1878
f 1878/1878/1878 1936/1936/1936 1935/1935/1935
f 1936/1936/1936 1878/1878/1878 1879/1879/1879
f 1879/1879/1879 1937/1937/1937 1936/1936/1936
f 1937/1937/1937 1879/1879/1879 1880/1880/1880
f 1880/1880/1880 1938/1938/1938 1937/1937/1937
f 1938/1938/1938 1880/1880/1880 1881/1881/1881
f 1881/1881/1881 1939/1939/1939 1938/1938/1938
f 1939/1939/1939 1881/1881/1881 1882/1882/1882
f 1882/1882/1882 1940/1940/1940 1939/1939/1939
f 1882/1882/1882 1941/1941/1941 1940/1940/1940
f 1883/1883/1883 1941/1941/1941 1882/1882/1882
f 1941/1941/1941 1943/1943/1943 1942/1942/1942
f 1883/1883/1883 1943/1943/1943 1941/1941/1941
f 1941/1941/1941 1944/1944/1944 1940/1940/1940
f 1942/1942/1942 1944/1944/1944 1941/1941/1941
f 1945/1945/1945 1943/1943/1943 1883/1883/1883
f 1943/1943/1943 1946/1946/1946 1942/1942/1942
f 1945/1945/1945 1946/1946/1946 1943/1943/1943
f 1884/1884/1884 1945/1945/1945 1883/1883/1883
f 1947/1947/1947 1948/1948/1948 1945/1945/1945
f 1948/1948/1948 1950/1950/1950 1949/1949/1949
f 1947/1947/1947 1950/1950/1950 1948/1948/1948
f 1884/1884/1884 1947/1947/1947 1945/1945/1945
f 1951/1951/1951 1946/1946/1946 1945/1945/1945
f 1946/1946/1946 1952/1952/1952 1942/1942/1942
f 1951/1951/1951 1952/1952/1952 1946/1946/1946
f 1951/1951/1951 1948/1948/1948 1949/1949/1949
f 1945/1945/1945 1948/1948/1948 1951/1951/1951
f 1953/1953/1953 1947/1947/1947 1884/1884/1884
f 1954/1954/1954 1950/1950/1950 1947/1947/1947
f 1949/1949/1949 1950/1950/1950 1954/1954/1954
f 1953/1953/1953 1954/1954/1954 1947/1947/1947
f 1885/1885/1885 1953/1953/1953 1884/1884/1884
f 1955/1955/1955 1953/1953/1953 1885/1885/1885
f 1956/1956/1956 1954/1954/1954 1953/1953/1953
f 1949/1949/1949 1954/1954/1954 1956/1956/1956
f 1955/1955/1955 1956/1956/1956 1953/1953/1953
f 1885/1885/1885 1957/1957/1957 1955/1955/1955
f 1886/1886/1886 1957/1957/1957 1885/1885/1885
f 1957/1957/1957 1959/1959/1959 1958/1958/1958
f 1886/1886/1886 1959/1959/1959 1957/1957/1957
f 1955/1955/1955 1957/1957/1957 1958/1958/1958
f 1960/1960/1960 1959/1959/1959 1886/1886/1886
f 1958/1958/1958 1959/1959/1959 1960/1960/1960
f 1887/1887/1887 1960/1960/1960 1886/1886/1886
f 1961/1961/1961 1960/1960/1960 1887/1887/1887
f 1958/1958/1958 1960/1960/1960 1961/1961/1961
f 1961/1961/1961 1887/1887/1887 1888/1888/1888
f 1888/1888/1888 1962/1962/1962 1961/1961/1961
f 1962/1962/1962 1888/1888/1888 1889/1889/1889
f 1889/1889/1889 1963/1963/1963 1962/1962/1962
f 1963/1963/1963 1889/1889/1889 1890/1890/1890
f 1890/1890/1890 1964/1964/1964 1963/1963/1963
f 1964/1964/1964 1890/1890/1890 1891/1891/1891
f 1891/1891/1891 1965/1965/1965 1964/1964/1964
f 1965/1965/1965 1891/1891/1891 1892/1892/1892
f 1892/1892/1892 1966/1966/1966 1965/1965/1965
f 1892/1892/1892 1967/1967/1967 1966/1966/1966
f 1967/1967/1967 1895/1895/1895 1894/1894/1894
f 1892/1892/1892 1895/1895/1895 1967/1967/1967
f 1967/1967/1967 1969/1969/1969 1968/1968/1968
f 1894/1894/1894 1969/1969/1969 1967/1967/1967
f 1966/1966/1966 1967/1967/1967 1968/1968/1968
f 1970/1970/1970 1969/1969/1969 1894/1894/1894
f 1968/1968/1968 1969/1969/1969 1970/1970/1970
f 1896/1896/1896 1970/1970/1970 1894/1894/1894
f 1970/1970/1970 1972/1972/1972 1971/1971/1971
f 1896/1896/1896 1972/1972/1972 1970/1970/1970
f 1968/1968/1968 1970/1970/1970 1971/1971/1971
f 1973/1973/1973 1972/1972/1972 1896/1896/1896
f 1971/1971/1971 1972/1972/1972 1973/1973/1973
f 1898/1898/1898 1973/1973/1973 1896/1896/1896
f 1973/1973/1973 1975/1975/1975 1974/1974/1974
f 1898/1898/1898 1975/1975/1975 1973/1973/1973
f 1971/1971/1971 1973/1973/1973 1974/1974/1974
f 1976/1976/1976 1975/1975/1975 1898/1898/1898
f 1974/1974/1974 1975/1975/1975 1976/1976/1976
f 1899/1899/1899 1976/1976/1976 1898/1898/1898
f 1977/1977/1977 1976/1976/1976 1899/1899/1899
f 1974/1974/1974 1976/1976/1976 1977/1977/1977
f 1977/1977/1977 1899/1899/1899 1900/1900/1900
f 1900/1900/1900 1978/1978/1978 1977/1977/1977
f 1978/1978/1978 1900/1900/1900 1902/1902/1902
f 1902/1902/1902 1979/1979/1979 1978/1978/1978
f 1979/1979/1979 1902/1902/1902 1905/1905/1905
f 1905/1905/1905 1980/1980/1980 1979/1979/1979
f 1905/1905/1905 1981/1981/1981 1980/1980/1980
f 1981/1981/1981 1911/1911/1911 1909/1909/1909
f 1905/1905/1905 1911/1911/1911 1981/1981/1981
f 1982/1982/1982 1981/1981/1981 1909/1909/1909
f 1980/1980/1980 1981/1981/1981 1982/1982/1982
f 1909/1909/1909 1983/1983/1983 1982/1982/1982
f 1983/1983/1983 1917/1917/1917 1916/1916/1916
f 1909/1909/1909 1917/1917/1917 1983/1983/1983
f 1984/1984/1984 1983/1983/1983 1916/1916/1916
f 1982/1982/1982 1983/1983/1983 1984/1984/1984
f 1919/1919/1919 1986/1986/1986 1985/1985/1985
f 1920/1920/1920 1986/1986/1986 1919/1919/1919
f 1986/1986/1986 1988/1988/1988 1987/1987/1987
f 1920/1920/1920 1988/1988/1988 1986/1986/1986
f 1985/1985/1985 1986/1986/1986 1987/1987/1987
f 1989/1989/1989 1990/1990/1990 1988/1988/1988
f 1991/1991/1991 1990/1990/1990 1989/1989/1989
f 1920/1920/1920 1989/1989/1989 1988/1988/1988
f 1988/1988/1988 1992/1992/1992 1987/1987/1987
f 1992/1992/1992 1990/1990/1990 1991/1991/1991
f 1988/1988/1988 1990/1990/1990 1992/1992/1992
f 1993/1993/1993 1994/1994/1994 1923/1923/1923
f 1991/1991/1991 1994/1994/1994 1993/1993/1993
f 1922/1922/1922 1993/1993/1993 1923/1923/1923
f 1923/1923/1923 1989/1989/1989 1920/1920/1920
f 1989/1989/1989 1994/1994/1994 1991/1991/1991
f 1923/1923/1923 1994/1994/1994 1989/1989/1989
f 1991/1991/1991 1996/1996/1996 1995/1995/1995
f 1996/1996/1996 1993/1993/1993 1922/1922/1922
f 1991/1991/1991 1993/1993/1993 1996/1996/1996
f 1997/1997/1997 1992/1992/1992 1991/1991/1991
f 1987/1987/1987 1992/1992/1992 1997/1997/1997
f 1995/1995/1995 1997/1997/1997 1991/1991/1991
f 1996/1996/1996 1999/1999/1999 1998/1998/1998
f 1922/1922/1922 1999/1999/1999 1996/1996/1996
f 1995/1995/1995 1996/1996/1996 1998/1998/1998
f 2000/2000/2000 2001/2001/2001 1928/1928/1928
f 1998/1998/1998 2001/2001/2001 2000/2000/2000
f 1926/1926/1926 2000/2000/2000 1928/1928/1928
f 1928/1928/1928 1999/1999/1999 1922/1922/1922
f 1999/1999/1999 2001/2001/2001 1998/1998/1998
f 1928/1928/1928 2001/2001/2001 1999/1999/1999
f 1998/1998/1998 2003/2003/2003 2002/2002/2002
f 2003/2003/2003 2000/2000/2000 1926/1926/1926
f 1998/1998/1998 2000/2000/2000 2003/2003/2003
f 1995/1995/1995 1998/1998/1998 2002/2002/2002
f 2004/2004/2004 2003/2003/2003 1926/1926/1926
f 2002/2002/2002 2003/2003/2003 2004/2004/2004
f 1931/1931/1931 2004/2004/2004 1926/1926/1926
f 2005/2005/2005 2004/2004/2004 1931/1931/1931
f 2002/2002/2002 2004/2004/2004 2005/2005/2005
f 1931/1931/1931 2006/2006/2006 2005/2005/2005
f 1932/1932/1932 2006/2006/2006 1931/1931/1931
f 2007/2007/2007 2006/2006/2006 1932/1932/1932
f 2005/2005/2005 2006/2006/2006 2007/2007/2007
f 2007/2007/2007 1932/1932/1932 1933/1933/1933
f 1933/1933/1933 2008/2008/2008 2007/2007/2007
f 2008/2008/2008 1933/1933/1933 1934/1934/1934
f 1934/1934/1934 2009/2009/2009 2008/2008/2008
f 2009/2009/2009 1934/1934/1934 1935/1935/1935
f 1935/1935/1935 2010/2010/2010 2009/2009/2009
f 2010/2010/2010 1935/1935/1935 1936/1936/1936
f 1936/1936/1936 2011/2011/2011 2010/2010/2010
f 2011/2011/2011 1936/1936/1936 1937/1937/1937
f 1937/1937/1937 2012/2012/2012 2011/2011/2011
f 2012/2012/2012 1937/1937/1937 1938/1938/1938
f 1938/1938/1938 2013/2013/2013 2012/2012/2012
f 2013/2013/2013 1938/1938/1938 1939/1939/1939
f 1939/1939/1939 2014/2014/2014 2013/2013/2013
f 1939/1939/1939 2015/2015/2015 2014/2014/2014
f 1940/1940/1940 2015/2015/2015 1939/1939/1939
f 2016/2016/2016 2017/2017/2017 2015/2015/2015
f 2018/2018/2018 2019/2019/2019 2017/2017/2017
f 2020/2020/2020 2019/2019/2019 2018/2018/2018
f 2016/2016/2016 2018/2018/2018 2017/2017/2017
f 1940/1940/1940 2016/2016/2016 2015/2015/2015
f 2015/2015/2015 2021/2021/2021 2014/2014/2014
f 2017/2017/2017 2022/2022/2022 2021/2021/2021
f 2022/2022/2022 2019/2019/2019 2020/2020/2020
f 2017/2017/2017 2019/2019/2019 2022/2022/2022
f 2015/2015/2015 2017/2017/2017 2021/2021/2021
f 2023/2023/2023 2016/2016/2016 1940/1940/1940
f 2024/2024/2024 2018/2018/2018 2016/2016/2016
f 2020/2020/2020 2018/2018/2018 2024/2024/2024
f 2023/2023/2023 2024/2024/2024 2016/2016/2016
f 1944/1944/1944 2025/2025/2025 2023/2023/2023
f 1942/1942/1942 2025/2025/2025 1944/1944/1944
f 1940/1940/1940 1944/1944/1944 2023/2023/2023
f 2023/2023/2023 2027/2027/2027 2026/2026/2026
f 2025/2025/2025 2028/2028/2028 2027/2027/2027
f 1942/1942/1942 2028/2028/2028 2025/2025/2025
f 2023/2023/2023 2025/2025/2025 2027/2027/2027
f 2029/2029/2029 2024/2024/2024 2023/2023/2023
f 2020/2020/2020 2024/2024/2024 2029/2029/2029
f 2026/2026/2026 2029/2029/2029 2023/2023/2023
f 2027/2027/2027 2031/2031/2031 2030/2030/2030
f 2028/2028/2028 2032/2032/2032 2031/2031/2031
f 1942/1942/1942 2032/2032/2032 2028/2028/2028
f 2027/2027/2027 2028/2028/2028 2031/2031/2031
f 2026/2026/2026 2027/2027/2027 2030/2030/2030
f 2030/2030/2030 1951/1951/1951 1949/1949/1949
f 2031/2031/2031 1952/1952/1952 1951/1951/1951
f 1952/1952/1952 2032/2032/2032 1942/1942/1942
f 2031/2031/2031 2032/2032/2032 1952/1952/1952
f 2030/2030/2030 2031/2031/2031 1951/1951/1951
f 2033/2033/2033 2030/2030/2030 1949/1949/1949
f 2026/2026/2026 2030/2030/2030 2033/2033/2033
f 1949/1949/1949 2034/2034/2034 2033/2033/2033
f 2034/2034/2034 1956/1956/1956 1955/1955/1955
f 1949/1949/1949 1956/1956/1956 2034/2034/2034
f 2035/2035/2035 2034/2034/2034 1955/1955/1955
f 2033/2033/2033 2034/2034/2034 2035/2035/2035
f 2035/2035/2035 1955/1955/1955 1958/1958/1958
f 1958/1958/1958 2036/2036/2036 2035/2035/2035
f 2036/2036/2036 1958/1958/1958 1961/1961/1961
f 1961/1961/1961 2037/2037/2037 2036/2036/2036
f 2037/2037/2037 1961/1961/1961 1962/1962/1962
f 1962/1962/1962 2038/2038/2038 2037/2037/2037
f 2038/2038/2038 1962/1962/1962 1963/1963/1963
f 1963/1963/1963 2039/2039/2039 2038/2038/2038
f 2039/2039/2039 1963/1963/1963 1964/1964/1964
f 1964/1964/1964 2040/2040/2040 2039/2039/2039
f 2040/2040/2040 1964/1964/1964 1965/1965/1965
f 1965/1965/1965 2041/2041/2041 2040/2040/2040
f 2041/2041/2041 1965/1965/1965 1966/1966/1966
f 1966/1966/1966 2042/2042/2042 2041/2041/2041
f 2042/2042/2042 1966/1966/1966 1968/1968/1968
f 1968/1968/1968 2043/2043/2043 2042/2042/2042
f 2043/2043/2043 1968/1968/1968 1971/1971/1971
f 1971/1971/1971 2044/2044/2044 2043/2043/2043
f 2044/2044/2044 1971/1971/1971 1974/1974/1974
f 1974/1974/1974 2045/2045/2045 2044/2044/2044
f 1974/1974/1974 2046/2046/2046 2045/2045/2045
f 1977/1977/1977 2046/2046/2046 1974/1974/1974
f 2046/2046/2046 2048/2048/2048 2047/2047/2047
f 1977/1977/1977 2048/2048/2048 2046/2046/2046
f 2046/2046/2046 2049/2049/2049 2045/2045/2045
f 2047/2047/2047 2049/2049/2049 2046/2046/2046
f 2050/2050/2050 2048/2048/2048 1977/1977/1977
f 2048/2048/2048 2051/2051/2051 2047/2047/2047
f 2050/2050/2050 2051/2051/2051 2048/2048/2048
f 1978/1978/1978 2050/2050/2050 1977/1977/1977
f 2052/2052/2052 2053/2053/2053 2050/2050/2050
f 2054/2054/2054 2053/2053/2053 2052/2052/2052
f 1978/1978/1978 2052/2052/2052 2050/2050/2050
f 2055/2055/2055 2051/2051/2051 2050/2050/2050
f 2051/2051/2051 2056/2056/2056 2047/2047/2047
f 2055/2055/2055 2056/2056/2056 2051/2051/2051
f 2055/2055/2055 2053/2053/2053 2054/2054/2054
f 2050/2050/2050 2053/2053/2053 2055/2055/2055
f 2057/2057/2057 2052/2052/2052 1978/1978/1978
f 2054/2054/2054 2052/2052/2052 2057/2057/2057
f 1979/1979/1979 2057/2057/2057 1978/1978/1978
f 2058/2058/2058 2057/2057/2057 1979/1979/1979
f 2054/2054/2054 2057/2057/2057 2058/2058/2058
f 2058/2058/2058 1979/1979/1979 1980/1980/1980
f 1980/1980/1980 2059/2059/2059 2058/2058/2058
f 2059/2059/2059 1980/1980/1980 1982/1982/1982
f 1982/1982/1982 2060/2060/2060 2059/2059/2059
f 2060/2060/2060 1982/1982/1982 1984/1984/1984
f 1984/1984/1984 2061/2061/2061 2060/2060/2060
f 2062/2062/2062 1985/1985/1985 1987/1987/1987
f 1987/1987/1987 2063/2063/2063 2062/2062/2062
f 1987/1987/1987 2064/2064/2064 2063/2063/2063
f 1997/1997/1997 2065/2065/2065 2064/2064/2064
f 1995/1995/1995 2065/2065/2065 1997/1997/1997
f 1987/1987/1987 1997/1997/1997 2064/2064/2064
f 2066/2066/2066 2068/2068/2068 2067/2067/2067
f 2069/2069/2069 2068/2068/2068 2066/2066/2066
f 2064/2064/2064 2066/2066/2066 2067/2067/2067
f 2067/2067/2067 2071/2071/2071 2070/2070/2070
f 2071/2071/2071 2068/2068/2068 2069/2069/2069
f 2067/2067/2067 2068/2068/2068 2071/2071/2071
f 2069/2069/2069 2065/2065/2065 1995/1995/1995
f 2065/2065/2065 2066/2066/2066 2064/2064/2064
f 2069/2069/2069 2066/2066/2066 2065/2065/2065
f 2064/2064/2064 2072/2072/2072 2063/2063/2063
f 2072/2072/2072 2067/2067/2067 2070/2070/2070
f 2064/2064/2064 2067/2067/2067 2072/2072/2072
f 2073/2073/2073 2069/2069/2069 1995/1995/1995
f 2074/2074/2074 2071/2071/2071 2069/2069/2069
f 2070/2070/2070 2071/2071/2071 2074/2074/2074
f 2073/2073/2073 2074/2074/2074 2069/2069/2069
f 2002/2002/2002 2073/2073/2073 1995/1995/1995
f 2075/2075/2075 2073/2073/2073 2002/2002/2002
f 2076/2076/2076 2074/2074/2074 2073/2073/2073
f 2070/2070/2070 2074/2074/2074 2076/2076/2076
f 2075/2075/2075 2076/2076/2076 2073/2073/2073
f 2075/2075/2075 2002/2002/2002 2005/2005/2005
f 2005/2005/2005 2077/2077/2077 2075/2075/2075
f 2077/2077/2077 2005/2005/2005 2007/2007/2007
f 2007/2007/2007 2078/2078/2078 2077/2077/2077
f 2078/2078/2078 2007/2007/2007 2008/2008/2008
f 2008/2008/2008 2079/2079/2079 2078/2078/2078
f 2079/2079/2079 2008/2008/2008 2009/2009/2009
f 2009/2009/2009 2080/2080/2080 2079/2079/2079
f 2080/2080/2080 2009/2009/2009 2010/2010/2010
f 2010/2010/2010 2081/2081/2081 2080/2080/2080
f 2081/2081/2081 2010/2010/2010 2011/2011/2011
f 2011/2011/2011 2082/2082/2082 2081/2081/2081
f 2082/2082/2082 2011/2011/2011 2012/2012/2012
f 2012/2012/2012 2083/2083/2083 2082/2082/2082
f 2083/2083/2083 2012/2012/2012 2013/2013/2013
f 2013/2013/2013 2084/2084/2084 2083/2083/2083
f 2084/2084/2084 2013/2013/2013 2014/2014/2014
f 2014/2014/2014 2085/2085/2085 2084/2084/2084
f 2014/2014/2014 2086/2086/2086 2085/2085/2085
f 2021/2021/2021 2087/2087/2087 2086/2086/2086
f 2087/2087/2087 2022/2022/2022 2020/2020/2020
f 2021/2021/2021 2022/2022/2022 2087/2087/2087
f 2014/2014/2014 2021/2021/2021 2086/2086/2086
f 2086/2086/2086 2089/2089/2089 2088/2088/2088
f 2089/2089/2089 2087/2087/2087 2020/2020/2020
f 2086/2086/2086 2087/2087/2087 2089/2089/2089
f 2085/2085/2085 2086/2086/2086 2088/2088/2088
f 2090/2090/2090 2089/2089/2089 2020/2020/2020
f 2088/2088/2088 2089/2089/2089 2090/2090/2090
f 2090/2090/2090 2029/2029/2029 2026/2026/2026
f 2020/2020/2020 2029/2029/2029 2090/2090/2090
f 2091/2091/2091 2090/2090/2090 2026/2026/2026
f 2088/2088/2088 2090/2090/2090 2091/2091/2091
f 2091/2091/2091 2026/2026/2026 2033/2033/2033
f 2033/2033/2033 2092/2092/2092 2091/2091/2091
f 2092/2092/2092 2033/2033/2033 2035/2035/2035
f 2035/2035/2035 2093/2093/2093 2092/2092/2092
f 2093/2093/2093 2035/2035/2035 2036/2036/2036
f 2036/2036/2036 2094/2094/2094 2093/2093/2093
f 2094/2094/2094 2036/2036/2036 2037/2037/2037
f 2037/2037/2037 2095/2095/2095 2094/2094/2094
f 2037/2037/2037 2096/2096/2096 2095/2095/2095
f 2038/2038/2038 2096/2096/2096 2037/2037/2037
f 2097/2097/2097 2096/2096/2096 2038/2038/2038
f 2095/2095/2095 2096/2096/2096 2097/2097/2097
f 2038/2038/2038 2098/2098/2098 2097/2097/2097
f 2039/2039/2039 2098/2098/2098 2038/2038/2038
f 2099/2099/2099 2098/2098/2098 2039/2039/2039
f 2098/2098/2098 2100/2100/2100 2097/2097/2097
f 2099/2099/2099 2100/2100/2100 2098/2098/2098
f 2099/2099/2099 2039/2039/2039 2040/2040/2040
f 2040/2040/2040 2101/2101/2101 2099/2099/2099
f 2101/2101/2101 2040/2040/2040 2041/2041/2041
f 2041/2041/2041 2102/2102/2102 2101/2101/2101
f 2102/2102/2102 2041/2041/2041 2042/2042/2042
f 2042/2042/2042 2103/2103/2103 2102/2102/2102
f 2103/2103/2103 2042/2042/2042 2043/2043/2043
f 2043/2043/2043 2104/2104/2104 2103/2103/2103
f 2104/2104/2104 2043/2043/2043 2044/2044/2044
f 2044/2044/2044 2105/2105/2105 2104/2104/2104
f 2044/2044/2044 2106/2106/2106 2105/2105/2105
f 2045/2045/2045 2106/2106/2106 2044/2044/2044
f 2106/2106/2106 2108/2108/2108 2107/2107/2107
f 2045/2045/2045 2108/2108/2108 2106/2106/2106
f 2105/2105/2105 2106/2106/2106 2107/2107/2107
f 2109/2109/2109 2108/2108/2108 2045/2045/2045
f 2107/2107/2107 2108/2108/2108 2109/2109/2109
f 2049/2049/2049 2110/2110/2110 2109/2109/2109
f 2047/2047/2047 2110/2110/2110 2049/2049/2049
f 2045/2045/2045 2049/2049/2049 2109/2109/2109
f 2109/2109/2109 2112/2112/2112 2111/2111/2111
f 2110/2110/2110 2113/2113/2113 2112/2112/2112
f 2047/2047/2047 2113/2113/2113 2110/2110/2110
f 2109/2109/2109 2110/2110/2110 2112/2112/2112
f 2107/2107/2107 2109/2109/2109 2111/2111/2111
f 2112/2112/2112 2115/2115/2115 2114/2114/2114
f 2115/2115/2115 2113/2113/2113 2047/2047/2047
f 2112/2112/2112 2113/2113/2113 2115/2115/2115
f 2111/2111/2111 2112/2112/2112 2114/2114/2114
f 2114/2114/2114 2055/2055/2055 2054/2054/2054
f 2115/2115/2115 2056/2056/2056 2055/2055/2055
f 2047/2047/2047 2056/2056/2056 2115/2115/2115
f 2114/2114/2114 2115/2115/2115 2055/2055/2055
f 2116/2116/2116 2114/2114/2114 2054/2054/2054
f 2111/2111/2111 2114/2114/2114 2116/2116/2116
f 2116/2116/2116 2054/2054/2054 2058/2058/2058
f 2058/2058/2058 2117/2117/2117 2116/2116/2116
f 2117/2117/2117 2058/2058/2058 2059/2059/2059
f 2059/2059/2059 2118/2118/2118 2117/2117/2117
f 2118/2118/2118 2059/2059/2059 2060/2060/2060
f 2060/2060/2060 2119/2119/2119 2118/2118/2118
f 2119/2119/2119 2060/2060/2060 2061/2061/2061
f 2061/2061/2061 2120/2120/2120 2119/2119/2119
