# L3DT terrain export, using atMeshDecimator
# 1600 vertices, 3059 polygons
mtllib Lava_Tile.mtl
o terrain_o
v -7999.023438 146.902390 7872.085449
v -7874.038574 176.329330 7997.070313
v -7999.023438 173.218201 7997.070313
v -7874.038574 162.755295 7872.085449
v -7749.053711 161.705032 7997.070313
v -7749.053711 146.545700 7872.085449
v -7624.069336 168.719940 7997.070313
v -7624.069336 147.457245 7872.085449
v -7499.084473 145.673782 7997.070313
v -7499.084473 160.991653 7872.085449
v -7436.592285 152.589615 7934.578125
v -7374.099609 171.969788 7997.070313
v -7374.099609 153.838028 7872.085449
v -7436.592285 162.458054 7872.085449
v -7311.607422 182.868652 7934.578125
v -7249.115234 191.270691 7997.070313
v -7249.115234 175.318710 7872.085449
v -7311.607422 140.957550 7872.085449
v -7124.130371 179.341385 7997.070313
v -7124.130371 177.914627 7872.085449
v -6999.145508 170.047623 7997.070313
v -6999.145508 168.660492 7872.085449
v -6874.160645 184.612473 7997.070313
v -6874.160645 149.597382 7872.085449
v -6811.668457 139.867661 7934.578125
v -6749.175781 137.351013 7997.070313
v -6749.175781 200.187943 7934.578125
v -6780.422363 200.663544 7903.331543
v -6749.175781 194.104401 7872.085449
v -6811.668457 200.623901 7872.085449
v -6686.683594 197.215530 7934.578125
v -6624.191406 183.522583 7997.070313
v -6624.191406 193.430649 7872.085449
v -6499.206543 186.435562 7997.070313
v -6499.206543 187.723602 7872.085449
v -6436.713867 185.662735 7934.578125
v -6374.221680 147.714844 7997.070313
v -6436.713867 121.299957 7997.070313
v -6374.221680 179.063965 7872.085449
v -6311.729492 177.003082 7934.578125
v -6249.237305 105.248894 7997.070313
v -6249.237305 186.633713 7872.085449
v -6249.237305 184.354858 7934.578125
v -6186.744629 129.067871 7934.578125
v -6124.252441 132.634781 7997.070313
v -6124.252441 134.596573 7872.085449
v -5999.267578 140.224350 7997.070313
v -5999.267578 136.300766 7872.085449
v -5874.282715 166.005127 7997.070313
v -5874.282715 151.598816 7872.085449
v -5749.297852 180.074585 7997.070313
v -5749.297852 177.954254 7872.085449
v -5624.313477 160.496246 7997.070313
v -5624.313477 163.409225 7872.085449
v -5499.328613 191.468857 7997.070313
v -5499.328613 188.972015 7872.085449
v -5374.343750 153.699326 7997.070313
v -5374.343750 177.003082 7872.085449
v -5249.359375 155.661118 7997.070313
v -5249.359375 126.551231 7872.085449
v -5124.374512 160.674591 7997.070313
v -5124.374512 153.164291 7872.085449
v -4999.389648 152.708511 7997.070313
v -4999.389648 147.714844 7872.085449
v -4874.404785 188.853119 7997.070313
v -4874.404785 157.603104 7872.085449
v -4811.912598 184.949356 7934.578125
v -4749.419922 184.592651 7997.070313
v -4749.419922 175.397980 7872.085449
v -4749.419922 213.920517 7934.578125
v -4686.927734 212.513580 7934.578125
v -4624.435547 187.129120 7997.070313
v -4624.435547 148.507492 7872.085449
v -4499.450684 152.946304 7997.070313
v -4499.450684 153.342636 7872.085449
v -4374.465820 144.068680 7997.070313
v -4374.465820 155.879089 7872.085449
v -4249.481445 160.912384 7997.070313
v -4249.481445 120.982895 7872.085449
v -4186.988770 107.171059 7934.578125
v -4186.988770 135.686462 7997.070313
v -4155.742676 94.667084 7965.824219
v -4124.496582 106.299149 7997.070313
v -4155.742676 85.571480 7997.070313
v -4124.496582 113.373505 7872.085449
v -4124.496582 98.432144 7934.578125
v -4062.004150 85.036446 7934.578125
v -3999.511719 92.982712 7997.070313
v -3999.511719 111.233360 7872.085449
v -7999.023438 150.845795 7747.100586
v -7874.038574 141.789825 7747.100586
v -7749.053711 153.441711 7747.100586
v -7624.069336 147.278900 7747.100586
v -7499.084473 162.517502 7747.100586
v -7436.592285 167.689499 7809.593262
v -7405.345703 154.016373 7840.839355
v -7374.099609 151.717712 7747.100586
v -7374.099609 148.547134 7809.593262
v -7374.099609 116.068497 7840.839355
v -7311.607422 164.082962 7809.593262
v -7342.853516 137.351013 7840.839355
v -7249.115234 177.042709 7747.100586
v -7124.130371 170.027802 7747.100586
v -6999.145508 142.067261 7747.100586
v -6936.653320 134.239883 7809.593262
v -6874.160645 197.393875 7809.593262
v -6905.407227 198.681931 7778.347168
v -6874.160645 193.252304 7747.100586
v -6936.653320 137.489731 7747.100586
v -6905.407227 201.674164 7747.100586
v -6811.668457 197.116455 7809.593262
v -6749.175781 187.505630 7747.100586
v -6624.191406 186.395920 7747.100586
v -6499.206543 186.395920 7747.100586
v -6374.221680 190.755478 7747.100586
v -6249.237305 189.843933 7747.100586
v -6124.252441 168.422699 7747.100586
v -6061.759766 131.961029 7809.593262
v -5999.267578 136.994324 7747.100586
v -6061.759766 130.970230 7747.100586
v -5874.282715 143.850708 7747.100586
v -5749.297852 179.143219 7747.100586
v -5624.313477 163.508301 7747.100586
v -5499.328613 182.789398 7747.100586
v -5374.343750 169.770203 7747.100586
v -5249.359375 158.910965 7747.100586
v -5124.374512 151.757339 7747.100586
v -4999.389648 146.010666 7747.100586
v -4874.404785 152.906677 7747.100586
v -4749.419922 158.772247 7747.100586
v -4624.435547 144.247025 7747.100586
v -4499.450684 155.839462 7747.100586
v -4374.465820 126.333252 7747.100586
v -4311.973633 158.237213 7809.593262
v -4249.481445 156.533020 7747.100586
v -4124.496582 143.077881 7747.100586
v -3999.511719 136.598007 7747.100586
v -7999.023438 150.330582 7622.116211
v -7874.038574 132.555511 7622.116211
v -7749.053711 145.832321 7622.116211
v -7624.069336 154.254166 7622.116211
v -7499.084473 169.314423 7622.116211
v -7374.099609 146.327728 7622.116211
v -7249.115234 186.752609 7622.116211
v -7124.130371 149.339767 7622.116211
v -6999.145508 138.857040 7622.116211
v -6936.653320 138.302185 7684.608398
v -6905.407227 202.169556 7715.854492
v -6905.407227 201.892136 7653.362305
v -6874.160645 193.668442 7684.608398
v -6905.407227 201.614716 7684.608398
v -6874.160645 201.654343 7622.116211
v -6936.653320 155.106262 7622.116211
v -6811.668457 186.752609 7684.608398
v -6749.175781 194.223297 7622.116211
v -6624.191406 188.694595 7622.116211
v -6499.206543 190.933823 7622.116211
v -6374.221680 194.897049 7622.116211
v -6249.237305 181.758957 7622.116211
v -6124.252441 189.764664 7622.116211
v -6061.759766 196.303986 7684.608398
v -6030.513672 132.377167 7715.854492
v -5999.267578 190.497864 7622.116211
v -5999.267578 132.813126 7684.608398
v -5936.775391 136.261124 7684.608398
v -5874.282715 128.869720 7622.116211
v -5749.297852 158.574081 7622.116211
v -5624.313477 174.942200 7622.116211
v -5499.328613 143.097687 7622.116211
v -5374.343750 156.869904 7622.116211
v -5249.359375 186.138321 7622.116211
v -5124.374512 145.356735 7622.116211
v -4999.389648 147.655396 7622.116211
v -4874.404785 157.999420 7622.116211
v -4749.419922 145.713425 7622.116211
v -4624.435547 155.324249 7622.116211
v -4499.450684 151.737518 7622.116211
v -4374.465820 139.530792 7622.116211
v -4249.481445 117.435814 7622.116211
v -4124.496582 151.796967 7622.116211
v -3999.511719 142.305054 7622.116211
v -7999.023438 142.245605 7497.131348
v -7874.038574 143.038239 7497.131348
v -7749.053711 153.659683 7497.131348
v -7624.069336 158.177765 7497.131348
v -7499.084473 183.383881 7497.131348
v -7374.099609 148.051727 7497.131348
v -7249.115234 183.443329 7497.131348
v -7124.130371 139.788406 7497.131348
v -7061.637695 142.463577 7559.623535
v -6999.145508 202.585693 7497.131348
v -7061.637695 204.666397 7497.131348
v -6936.653320 201.337280 7559.623535
v -6874.160645 199.633102 7497.131348
v -6749.175781 196.621048 7497.131348
v -6624.191406 193.787338 7497.131348
v -6499.206543 192.301132 7497.131348
v -6374.221680 190.220444 7497.131348
v -6249.237305 188.516251 7497.131348
v -6124.252441 183.621674 7497.131348
v -5999.267578 195.868027 7497.131348
v -5936.775391 175.635773 7559.623535
v -5874.282715 128.255417 7559.623535
v -5905.529297 164.221680 7528.377441
v -5874.282715 172.326477 7497.131348
v -5874.282715 190.458237 7528.377441
v -5936.775391 197.552399 7497.131348
v -5811.790527 136.102600 7559.623535
v -5843.036621 137.113220 7528.377441
v -5749.297852 146.525879 7497.131348
v -5811.790527 133.367981 7497.131348
v -5624.313477 171.613098 7497.131348
v -5499.328613 128.731003 7497.131348
v -5374.343750 155.284607 7497.131348
v -5249.359375 180.748337 7497.131348
v -5124.374512 150.568375 7497.131348
v -4999.389648 150.132416 7497.131348
v -4874.404785 155.700745 7497.131348
v -4749.419922 147.952637 7497.131348
v -4624.435547 178.251495 7497.131348
v -4499.450684 148.388596 7497.131348
v -4374.465820 145.455811 7497.131348
v -4249.481445 136.934875 7497.131348
v -4124.496582 124.648880 7497.131348
v -3999.511719 162.814743 7497.131348
v -7999.023438 141.274612 7372.146484
v -7874.038574 146.506073 7372.146484
v -7749.053711 166.183472 7372.146484
v -7624.069336 172.148132 7372.146484
v -7499.084473 187.545258 7372.146484
v -7374.099609 146.109741 7372.146484
v -7249.115234 180.649246 7372.146484
v -7124.130371 145.673782 7372.146484
v -7061.637695 201.357101 7434.639160
v -6999.145508 204.091721 7372.146484
v -6874.160645 189.130554 7372.146484
v -6749.175781 191.369766 7372.146484
v -6624.191406 198.543213 7372.146484
v -6499.206543 187.723602 7372.146484
v -6374.221680 186.693161 7372.146484
v -6249.237305 196.125641 7372.146484
v -6124.252441 187.565079 7372.146484
v -5999.267578 198.067627 7372.146484
v -5936.775391 170.681732 7434.639160
v -5874.282715 133.605774 7372.146484
v -5936.775391 136.300766 7372.146484
v -5811.790527 137.093414 7434.639160
v -5749.297852 176.567123 7372.146484
v -5624.313477 164.677460 7372.146484
v -5499.328613 155.997986 7372.146484
v -5374.343750 171.494202 7372.146484
v -5249.359375 164.082962 7372.146484
v -5124.374512 147.377975 7372.146484
v -4999.389648 152.510345 7372.146484
v -4874.404785 140.858475 7372.146484
v -4749.419922 143.256226 7372.146484
v -4624.435547 186.376114 7372.146484
v -4561.943359 201.040039 7434.639160
v -4499.450684 204.626755 7372.146484
v -4374.465820 138.936310 7372.146484
v -4249.481445 142.542847 7372.146484
v -4124.496582 135.468491 7372.146484
v -3999.511719 159.901764 7372.146484
v -7999.023438 144.801880 7247.162109
v -7874.038574 138.956116 7247.162109
v -7749.053711 145.297287 7247.162109
v -7624.069336 169.790009 7247.162109
v -7499.084473 134.398407 7247.162109
v -7374.099609 166.024948 7247.162109
v -7249.115234 178.667633 7247.162109
v -7124.130371 147.021286 7247.162109
v -6999.145508 199.930344 7247.162109
v -6874.160645 195.511337 7247.162109
v -6749.175781 202.030853 7247.162109
v -6624.191406 191.667023 7247.162109
v -6499.206543 199.434937 7247.162109
v -6374.221680 201.040039 7247.162109
v -6249.237305 197.611847 7247.162109
v -6186.744629 190.160995 7309.654297
v -6124.252441 192.618195 7247.162109
v -6186.744629 200.623901 7247.162109
v -6061.759766 195.590607 7309.654297
v -5999.267578 137.747345 7247.162109
v -5999.267578 139.213730 7309.654297
v -6061.759766 134.140808 7247.162109
v -5936.775391 135.765732 7309.654297
v -5968.021484 133.288712 7340.900391
v -5874.282715 140.283798 7247.162109
v -5749.297852 165.549362 7247.162109
v -5624.313477 171.850891 7247.162109
v -5499.328613 143.335480 7247.162109
v -5374.343750 174.823303 7247.162109
v -5249.359375 182.452515 7247.162109
v -5124.374512 147.358154 7247.162109
v -4999.389648 136.657455 7247.162109
v -4874.404785 149.042526 7247.162109
v -4749.419922 152.530167 7247.162109
v -4686.927734 141.710571 7309.654297
v -4624.435547 202.229004 7247.162109
v -4686.927734 139.392075 7247.162109
v -4499.450684 145.634155 7247.162109
v -4374.465820 143.236404 7247.162109
v -4249.481445 138.718323 7247.162109
v -4124.496582 145.218018 7247.162109
v -3999.511719 146.525879 7247.162109
v -7999.023438 149.835175 7122.177246
v -7874.038574 146.050293 7122.177246
v -7749.053711 158.831696 7122.177246
v -7686.561523 163.944260 7184.669434
v -7624.069336 107.012527 7184.669434
v -7655.315430 108.895058 7153.423340
v -7624.069336 122.072784 7122.177246
v -7686.561523 112.878105 7122.177246
v -7561.576660 128.374313 7184.669434
v -7499.084473 126.927734 7122.177246
v -7374.099609 119.397606 7122.177246
v -7249.115234 136.518738 7122.177246
v -7124.130371 147.120361 7122.177246
v -6999.145508 204.963638 7122.177246
v -6874.160645 206.033707 7122.177246
v -6749.175781 205.459045 7122.177246
v -6624.191406 197.592041 7122.177246
v -6499.206543 199.018799 7122.177246
v -6436.713867 190.121353 7184.669434
v -6374.221680 203.299088 7122.177246
v -6374.221680 160.654785 7184.669434
v -6311.729492 202.585693 7184.669434
v -6342.975586 169.671112 7153.423340
v -6249.237305 141.710571 7122.177246
v -6311.729492 169.136078 7122.177246
v -6186.744629 140.184723 7184.669434
v -6155.498535 131.663788 7215.915527
v -6124.252441 144.960403 7122.177246
v -6124.252441 137.687897 7184.669434
v -6124.252441 131.227829 7215.915527
v -6061.759766 138.460724 7184.669434
v -6093.005859 134.636200 7215.915527
v -5999.267578 165.073776 7122.177246
v -5874.282715 166.005127 7122.177246
v -5749.297852 181.976929 7122.177246
v -5624.313477 174.823303 7122.177246
v -5499.328613 167.491348 7122.177246
v -5436.835938 136.736710 7184.669434
v -5374.343750 163.488480 7122.177246
v -5249.359375 169.175720 7122.177246
v -5124.374512 167.392258 7122.177246
v -4999.389648 163.983887 7122.177246
v -4874.404785 138.183289 7122.177246
v -4749.419922 140.283798 7122.177246
v -4686.927734 140.363068 7184.669434
v -4624.435547 147.833740 7122.177246
v -4499.450684 146.605148 7122.177246
v -4436.958008 136.578186 7184.669434
v -4374.465820 131.089127 7122.177246
v -4374.465820 173.337097 7184.669434
v -4311.973633 172.564270 7184.669434
v -4249.481445 125.263184 7122.177246
v -4249.481445 173.951401 7184.669434
v -4186.988770 131.643967 7184.669434
v -4124.496582 146.525879 7122.177246
v -3999.511719 134.200256 7122.177246
v -7999.023438 149.914444 6997.192383
v -7874.038574 137.747345 6997.192383
v -7749.053711 162.458054 6997.192383
v -7686.561523 121.379219 7059.684570
v -7624.069336 133.764297 6997.192383
v -7499.084473 112.026009 6997.192383
v -7436.592285 110.876671 7059.684570
v -7374.099609 106.536942 6997.192383
v -7374.099609 97.580055 7059.684570
v -7436.592285 79.745544 6997.192383
v -7311.607422 90.446251 7059.684570
v -7342.853516 84.243797 7028.438477
v -7249.115234 161.130371 6997.192383
v -7249.115234 112.997002 7059.684570
v -7311.607422 94.151863 6997.192383
v -7342.853516 144.841507 6997.192383
v -7186.622559 140.006378 7059.684570
v -7124.130371 203.140549 6997.192383
v -6999.145508 197.492950 6997.192383
v -6874.160645 211.938919 6997.192383
v -6749.175781 193.727890 6997.192383
v -6624.191406 215.188751 6997.192383
v -6561.699219 198.166702 7059.684570
v -6499.206543 161.705032 6997.192383
v -6499.206543 217.249634 7059.684570
v -6436.713867 202.585693 7059.684570
v -6374.221680 199.652908 6997.192383
v -6374.221680 196.323807 7059.684570
v -6311.729492 172.663345 7059.684570
v -6342.975586 186.930954 7090.930664
v -6280.483398 123.796783 7090.930664
v -6311.729492 133.744476 7090.930664
v -6280.483398 130.296478 7059.684570
v -6280.483398 184.117065 7028.438477
v -6264.860352 115.989235 7044.061523
v -6249.237305 120.844185 7059.684570
v -6249.237305 195.828400 6997.192383
v -6249.237305 117.931213 7028.438477
v -6311.729492 186.851700 6997.192383
v -6186.744629 141.631302 7059.684570
v -6217.990723 135.389221 7028.438477
v -6124.252441 143.018433 6997.192383
v -6186.744629 140.957550 6997.192383
v -5999.267578 151.420471 6997.192383
v -5874.282715 144.861328 6997.192383
v -5749.297852 137.370834 6997.192383
v -5686.805664 167.035568 7059.684570
v -5624.313477 163.310135 6997.192383
v -5686.805664 135.864807 6997.192383
v -5499.328613 133.863373 6997.192383
v -5374.343750 131.624161 6997.192383
v -5249.359375 175.437607 6997.192383
v -5124.374512 168.283981 6997.192383
v -4999.389648 175.596130 6997.192383
v -4874.404785 161.328522 6997.192383
v -4749.419922 161.962646 6997.192383
v -4624.435547 136.181870 6997.192383
v -4499.450684 139.887482 6997.192383
v -4374.465820 136.756531 6997.192383
v -4249.481445 141.254791 6997.192383
v -4124.496582 127.046631 6997.192383
v -3999.511719 170.860077 6997.192383
v -7999.023438 148.527313 6872.207520
v -7874.038574 138.203110 6872.207520
v -7749.053711 155.819641 6872.207520
v -7686.561523 136.082779 6934.700195
v -7624.069336 129.206589 6872.207520
v -7686.561523 104.218452 6872.207520
v -7499.084473 127.601486 6872.207520
v -7436.592285 93.715912 6934.700195
v -7405.345703 80.201309 6965.946289
v -7405.345703 108.637451 6903.454102
v -7374.099609 168.125458 6934.700195
v -7405.345703 97.798027 6934.700195
v -7374.099609 137.390656 6872.207520
v -7436.592285 112.263802 6872.207520
v -7311.607422 180.094391 6934.700195
v -7342.853516 159.644150 6965.946289
v -7249.115234 189.229630 6872.207520
v -7311.607422 185.484390 6872.207520
v -7186.622559 200.643723 6934.700195
v -7124.130371 200.980591 6934.700195
v -7155.376465 161.506866 6903.454102
v -7124.130371 194.738510 6872.207520
v -7186.622559 144.068680 6872.207520
v -7061.637695 199.831253 6934.700195
v -6999.145508 196.502151 6872.207520
v -6936.653320 186.415741 6934.700195
v -6874.160645 186.277023 6872.207520
v -6874.160645 174.585510 6934.700195
v -6811.668457 188.595520 6934.700195
v -6842.914551 141.056625 6903.454102
v -6749.175781 198.543213 6872.207520
v -6811.668457 143.117508 6872.207520
v -6624.191406 198.860275 6872.207520
v -6499.206543 187.228210 6872.207520
v -6374.221680 189.764664 6872.207520
v -6311.729492 215.941772 6934.700195
v -6249.237305 203.219818 6872.207520
v -6186.744629 200.802246 6934.700195
v -6124.252441 198.186523 6872.207520
v -6061.759766 141.512405 6934.700195
v -5999.267578 165.688080 6872.207520
v -5874.282715 134.021912 6872.207520
v -5811.790527 157.920151 6934.700195
v -5749.297852 191.468857 6872.207520
v -5749.297852 171.751816 6934.700195
v -5686.805664 195.035751 6934.700195
v -5718.051758 132.892395 6965.946289
v -5624.313477 184.275604 6872.207520
v -5561.821289 189.685410 6934.700195
v -5499.328613 194.044952 6872.207520
v -5499.328613 128.433762 6934.700195
v -5436.835938 137.351013 6934.700195
v -5468.082520 129.464203 6903.454102
v -5374.343750 129.206589 6872.207520
v -5436.835938 126.452148 6872.207520
v -5249.359375 130.157761 6872.207520
v -5124.374512 156.037628 6872.207520
v -4999.389648 158.118317 6872.207520
v -4874.404785 179.579178 6872.207520
v -4749.419922 158.019241 6872.207520
v -4624.435547 147.556320 6872.207520
v -4499.450684 160.595337 6872.207520
v -4374.465820 165.489914 6872.207520
v -4249.481445 167.729141 6872.207520
v -4124.496582 160.377350 6872.207520
v -3999.511719 168.581223 6872.207520
v -7999.023438 147.873383 6747.222656
v -7874.038574 163.151611 6747.222656
v -7749.053711 118.069923 6747.222656
v -7686.561523 80.894875 6809.715332
v -7624.069336 89.534706 6747.222656
v -7686.561523 70.134720 6747.222656
v -7499.084473 105.169632 6747.222656
v -7436.592285 126.868286 6809.715332
v -7374.099609 116.246841 6747.222656
v -7311.607422 117.277283 6809.715332
v -7280.361328 116.821510 6840.961426
v -7249.115234 134.398407 6747.222656
v -7249.115234 131.188202 6809.715332
v -7249.115234 126.888100 6840.961426
v -7186.622559 134.953262 6809.715332
v -7217.868652 131.822311 6840.961426
v -7124.130371 199.078247 6747.222656
v -6999.145508 193.509918 6747.222656
v -6874.160645 200.465378 6747.222656
v -6811.668457 194.837601 6809.715332
v -6749.175781 199.434937 6747.222656
v -6624.191406 217.249634 6747.222656
v -6499.206543 214.455566 6747.222656
v -6374.221680 199.117874 6747.222656
v -6249.237305 195.332993 6747.222656
v -6124.252441 193.133408 6747.222656
v -5999.267578 197.909088 6747.222656
v -5936.775391 202.546066 6809.715332
v -5874.282715 195.253738 6747.222656
v -5874.282715 199.395309 6809.715332
v -5811.790527 198.800827 6809.715332
v -5749.297852 195.214096 6747.222656
v -5624.313477 193.291931 6747.222656
v -5561.821289 196.026566 6809.715332
v -5499.328613 136.221497 6747.222656
v -5499.328613 154.927917 6809.715332
v -5561.821289 198.285599 6747.222656
v -5436.835938 134.398407 6809.715332
v -5468.082520 127.898727 6840.961426
v -5374.343750 161.744659 6747.222656
v -5249.359375 158.554276 6747.222656
v -5124.374512 155.443146 6747.222656
v -5061.881836 131.465622 6809.715332
v -4999.389648 172.385925 6747.222656
v -4999.389648 131.267471 6809.715332
v -4936.897461 167.550797 6809.715332
v -4874.404785 176.428421 6747.222656
v -4749.419922 158.712799 6747.222656
v -4624.435547 154.234360 6747.222656
v -4499.450684 166.104218 6747.222656
v -4374.465820 176.289703 6747.222656
v -4249.481445 178.310944 6747.222656
v -4124.496582 161.090729 6747.222656
v -3999.511719 177.498489 6747.222656
v -7999.023438 181.283371 6622.238281
v -7874.038574 166.599625 6622.238281
v -7749.053711 108.181679 6622.238281
v -7686.561523 72.928795 6684.730469
v -7624.069336 105.546135 6622.238281
v -7499.084473 119.655220 6622.238281
v -7374.099609 110.579430 6622.238281
v -7249.115234 203.437790 6622.238281
v -7124.130371 194.758331 6622.238281
v -6999.145508 198.880081 6622.238281
v -6874.160645 198.602661 6622.238281
v -6749.175781 208.312561 6622.238281
v -6624.191406 220.519287 6622.238281
v -6499.206543 191.369766 6622.238281
v -6374.221680 195.055573 6622.238281
v -6249.237305 201.139130 6622.238281
v -6124.252441 195.650055 6622.238281
v -5999.267578 198.166702 6622.238281
v -5874.282715 190.042099 6622.238281
v -5749.297852 194.362015 6622.238281
v -5624.313477 198.860275 6622.238281
v -5561.821289 156.552841 6684.730469
v -5499.328613 138.599426 6622.238281
v -5374.343750 160.238647 6622.238281
v -5249.359375 165.727707 6622.238281
v -5124.374512 158.910965 6622.238281
v -4999.389648 170.344864 6622.238281
v -4874.404785 138.757965 6622.238281
v -4749.419922 174.189194 6622.238281
v -4624.435547 162.200439 6622.238281
v -4499.450684 160.773682 6622.238281
v -4374.465820 177.320145 6622.238281
v -4249.481445 167.828217 6622.238281
v -4124.496582 151.539368 6622.238281
v -3999.511719 166.976120 6622.238281
v -7999.023438 148.804733 6497.253418
v -7874.038574 155.780014 6497.253418
v -7749.053711 130.078491 6497.253418
v -7624.069336 157.543655 6497.253418
v -7499.084473 102.177391 6497.253418
v -7374.099609 125.421707 6497.253418
v -7249.115234 204.091721 6497.253418
v -7186.622559 201.753418 6559.746094
v -7124.130371 200.623901 6497.253418
v -7186.622559 160.119751 6497.253418
v -6999.145508 197.274979 6497.253418
v -6874.160645 199.177322 6497.253418
v -6749.175781 188.476624 6497.253418
v -6624.191406 196.006744 6497.253418
v -6499.206543 182.690308 6497.253418
v -6374.221680 189.308899 6497.253418
v -6311.729492 200.366287 6559.746094
v -6249.237305 177.221054 6497.253418
v -6249.237305 206.707458 6559.746094
v -6186.744629 204.250259 6559.746094
v -6217.990723 194.936676 6528.499512
v -6124.252441 201.376923 6559.746094
v -6155.498535 206.251678 6528.499512
v -6124.252441 203.893570 6497.253418
v -6186.744629 128.968796 6497.253418
v -6186.744629 203.754852 6528.499512
v -6061.759766 202.783859 6559.746094
v -5999.267578 204.725845 6497.253418
v -5874.282715 196.640869 6497.253418
v -5749.297852 192.003891 6497.253418
v -5624.313477 191.191422 6497.253418
v -5561.821289 198.166702 6559.746094
v -5499.328613 196.482330 6497.253418
v -5436.835938 133.585953 6559.746094
v -5374.343750 160.397171 6497.253418
v -5436.835938 130.950409 6497.253418
v -5249.359375 165.390839 6497.253418
v -5124.374512 176.864365 6497.253418
v -4999.389648 155.978180 6497.253418
v -4874.404785 151.321381 6497.253418
v -4749.419922 147.754486 6497.253418
v -4624.435547 161.070923 6497.253418
v -4499.450684 131.485443 6497.253418
v -4374.465820 171.850891 6497.253418
v -4249.481445 151.281754 6497.253418
v -4124.496582 165.073776 6497.253418
v -3999.511719 170.761002 6497.253418
v -7999.023438 175.318710 6372.268555
v -7874.038574 171.494202 6372.268555
v -7749.053711 109.568810 6372.268555
v -7624.069336 148.091354 6372.268555
v -7499.084473 138.401276 6372.268555
v -7374.099609 136.815979 6372.268555
v -7311.607422 132.773499 6434.760742
v -7249.115234 141.314240 6372.268555
v -7249.115234 155.244980 6434.760742
v -7186.622559 140.739578 6434.760742
v -7217.868652 137.549179 6403.514648
v -7155.376465 171.811264 6466.007324
v -7155.376465 199.137695 6403.514648
v -7124.130371 202.011032 6434.760742
v -7155.376465 200.822067 6434.760742
v -7170.999512 203.596329 6419.137695
v -7124.130371 200.623901 6372.268555
v -7186.622559 203.160370 6403.514648
v -7202.245605 202.744232 6387.891602
v -7186.622559 201.594894 6372.268555
v -7217.868652 188.952209 6372.268555
v -7061.637695 203.972824 6434.760742
v -6999.145508 201.456177 6372.268555
v -6874.160645 201.376923 6372.268555
v -6749.175781 202.585693 6372.268555
v -6624.191406 208.669250 6372.268555
v -6499.206543 200.663544 6372.268555
v -6374.221680 208.827774 6372.268555
v -6249.237305 149.498306 6372.268555
v -6186.744629 142.978790 6434.760742
v -6124.252441 147.675217 6372.268555
v -6061.759766 141.195343 6434.760742
v -5999.267578 143.672363 6372.268555
v -5936.775391 204.091721 6434.760742
v -5874.282715 198.305420 6434.760742
v -5905.529297 203.576508 6403.514648
v -5874.282715 194.619614 6372.268555
v -5936.775391 141.968170 6372.268555
v -5905.529297 203.596329 6372.268555
v -5811.790527 198.622482 6434.760742
v -5749.297852 196.938110 6372.268555
v -5686.805664 197.136261 6434.760742
v -5624.313477 153.124649 6372.268555
v -5624.313477 200.108688 6434.760742
v -5686.805664 202.070480 6372.268555
v -5561.821289 197.413696 6434.760742
v -5593.067383 138.857040 6403.514648
v -5499.328613 143.256226 6434.760742
v -5530.574707 138.995758 6403.514648
v -5499.328613 142.423950 6372.268555
v -5561.821289 135.805359 6372.268555
v -5561.821289 133.249084 6403.514648
v -5436.835938 136.736710 6434.760742
v -5374.343750 179.955688 6372.268555
v -5249.359375 176.230255 6372.268555
v -5124.374512 163.290329 6372.268555
v -4999.389648 159.406357 6372.268555
v -4874.404785 173.059677 6372.268555
v -4749.419922 145.871948 6372.268555
v -4624.435547 177.538116 6372.268555
v -4499.450684 160.159378 6372.268555
v -4374.465820 178.033524 6372.268555
v -4249.481445 146.545700 6372.268555
v -4124.496582 161.546509 6372.268555
v -3999.511719 162.676025 6372.268555
v -7999.023438 182.254349 6247.284180
v -7874.038574 188.674774 6247.284180
v -7749.053711 131.782684 6247.284180
v -7624.069336 156.929352 6247.284180
v -7499.084473 155.403503 6247.284180
v -7374.099609 145.178391 6247.284180
v -7311.607422 144.445190 6309.776367
v -7249.115234 198.364868 6309.776367
v -7280.361328 136.637634 6278.530273
v -7249.115234 200.425735 6247.284180
v -7311.607422 135.508118 6247.284180
v -7186.622559 201.158936 6309.776367
v -7217.868652 204.488052 6341.022461
v -7124.130371 206.667816 6247.284180
v -6999.145508 205.577942 6247.284180
v -6874.160645 200.425735 6247.284180
v -6749.175781 223.352997 6247.284180
v -6624.191406 205.439224 6247.284180
v -6499.206543 206.905609 6247.284180
v -6374.221680 169.175720 6247.284180
v -6249.237305 145.653976 6247.284180
v -6124.252441 150.528732 6247.284180
v -5999.267578 176.804916 6247.284180
v -5936.775391 146.981659 6309.776367
v -5905.529297 162.834549 6341.022461
v -5874.282715 149.934250 6247.284180
v -5874.282715 196.779572 6309.776367
v -5811.790527 203.497238 6309.776367
v -5749.297852 140.739578 6247.284180
v -5749.297852 139.867661 6309.776367
v -5686.805664 116.009048 6309.776367
v -5718.051758 195.986923 6341.022461
v -5624.313477 162.220261 6247.284180
v -5561.821289 158.276840 6309.776367
v -5499.328613 182.848846 6247.284180
v -5374.343750 173.654160 6247.284180
v -5249.359375 175.080917 6247.284180
v -5124.374512 178.231689 6247.284180
v -4999.389648 177.934448 6247.284180
v -4874.404785 174.466614 6247.284180
v -4749.419922 167.927292 6247.284180
v -4624.435547 174.367538 6247.284180
v -4499.450684 128.473389 6247.284180
v -4374.465820 145.118942 6247.284180
v -4249.481445 172.702988 6247.284180
v -4124.496582 166.896866 6247.284180
v -3999.511719 164.518921 6247.284180
v -7999.023438 196.779572 6122.299316
v -7874.038574 152.649063 6122.299316
v -7811.546387 184.315231 6184.791504
v -7749.053711 170.067444 6122.299316
v -7624.069336 183.066818 6122.299316
v -7499.084473 165.489914 6122.299316
v -7374.099609 146.605148 6122.299316
v -7311.607422 157.504013 6184.791504
v -7249.115234 201.040039 6122.299316
v -7311.607422 206.865982 6122.299316
v -7124.130371 193.569366 6122.299316
v -6999.145508 222.817963 6122.299316
v -6874.160645 197.829834 6122.299316
v -6749.175781 175.933014 6122.299316
v -6686.683594 196.660675 6184.791504
v -6624.191406 152.213104 6122.299316
v -6624.191406 223.075577 6184.791504
v -6561.699219 208.054947 6184.791504
v -6499.206543 206.568741 6122.299316
v -6374.221680 209.164658 6122.299316
v -6249.237305 153.976746 6122.299316
v -6124.252441 158.574081 6122.299316
v -5999.267578 186.871506 6122.299316
v -5874.282715 186.812057 6122.299316
v -5749.297852 185.524017 6122.299316
v -5624.313477 180.649246 6122.299316
v -5499.328613 171.672546 6122.299316
v -5374.343750 178.687454 6122.299316
v -5249.359375 163.706467 6122.299316
v -5124.374512 170.305237 6122.299316
v -4999.389648 174.506256 6122.299316
v -4874.404785 169.928726 6122.299316
v -4749.419922 159.267654 6122.299316
v -4624.435547 174.506256 6122.299316
v -4499.450684 170.780823 6122.299316
v -4374.465820 170.424133 6122.299316
v -4249.481445 164.895432 6122.299316
v -4124.496582 175.199814 6122.299316
v -3999.511719 174.268463 6122.299316
v -7999.023438 190.339340 5997.314453
v -7874.038574 177.775909 5997.314453
v -7749.053711 177.954254 5997.314453
v -7624.069336 186.415741 5997.314453
v -7499.084473 171.712173 5997.314453
v -7436.592285 144.980225 6059.806641
v -7374.099609 206.172424 5997.314453
v -7436.592285 143.513824 5997.314453
v -7311.607422 206.350769 6059.806641
v -7249.115234 220.856171 5997.314453
v -7186.622559 194.025131 6059.806641
v -7124.130371 178.826172 6059.806641
v -7155.376465 147.615768 6028.560547
v -7124.130371 179.836792 5997.314453
v -7186.622559 194.520538 5997.314453
v -7061.637695 194.163849 6059.806641
v -7092.883789 151.678070 6028.560547
v -6999.145508 179.480103 5997.314453
v -7061.637695 168.838837 5997.314453
v -6874.160645 169.274796 5997.314453
v -6749.175781 143.811066 5997.314453
v -6686.683594 164.082962 6059.806641
v -6624.191406 178.291138 6059.806641
v -6655.437500 181.600418 6028.560547
v -6624.191406 148.864182 5997.314453
v -6686.683594 162.121170 5997.314453
v -6655.437500 189.289078 5997.314453
v -6561.699219 194.282745 6059.806641
v -6499.206543 191.785919 5997.314453
v -6561.699219 171.731995 5997.314453
v -6374.221680 207.539734 5997.314453
v -6249.237305 205.577942 5997.314453
v -6124.252441 193.153229 5997.314453
v -6061.759766 153.560608 6059.806641
v -5999.267578 186.990417 5997.314453
v -6061.759766 152.014954 5997.314453
v -5874.282715 189.229630 5997.314453
v -5749.297852 184.533203 5997.314453
v -5624.313477 180.609619 5997.314453
v -5499.328613 180.034943 5997.314453
v -5374.343750 162.755295 5997.314453
v -5249.359375 169.572037 5997.314453
v -5124.374512 166.223114 5997.314453
v -4999.389648 176.943634 5997.314453
v -4874.404785 172.881332 5997.314453
v -4749.419922 164.499115 5997.314453
v -4624.435547 153.402084 5997.314453
v -4499.450684 139.590240 5997.314453
v -4374.465820 176.388779 5997.314453
v -4249.481445 173.297470 5997.314453
v -4124.496582 181.560791 5997.314453
v -4062.004150 183.225342 6059.806641
v -3999.511719 146.803314 5997.314453
v -3999.511719 179.202667 6059.806641
v -7999.023438 175.397980 5872.329590
v -7874.038574 189.447617 5872.329590
v -7749.053711 187.089493 5872.329590
v -7624.069336 179.123413 5872.329590
v -7499.084473 179.301758 5872.329590
v -7436.592285 149.022720 5934.822266
v -7374.099609 166.401459 5872.329590
v -7311.607422 169.928726 5934.822266
v -7249.115234 201.654343 5872.329590
v -7311.607422 176.170807 5872.329590
v -7186.622559 157.543655 5934.822266
v -7124.130371 157.523834 5872.329590
v -7061.637695 149.042526 5934.822266
v -6999.145508 161.229446 5872.329590
v -6874.160645 170.007996 5872.329590
v -6811.668457 149.954071 5934.822266
v -6749.175781 171.315857 5872.329590
v -6749.175781 169.354065 5934.822266
v -6686.683594 194.778152 5934.822266
v -6717.929688 148.388596 5903.576172
v -6655.437500 185.306046 5966.068359
v -6624.191406 194.619614 5872.329590
v -6624.191406 173.138931 5934.822266
v -6686.683594 193.826981 5872.329590
v -6561.699219 185.048431 5934.822266
v -6530.452637 151.083588 5966.068359
v -6499.206543 189.725037 5872.329590
v -6499.206543 164.063156 5934.822266
v -6436.713867 202.863129 5934.822266
v -6467.960449 176.428421 5903.576172
v -6374.221680 208.629623 5872.329590
v -6436.713867 214.653717 5872.329590
v -6467.960449 159.663971 5872.329590
v -6249.237305 204.091721 5872.329590
v -6186.744629 211.701111 5934.822266
v -6124.252441 151.717712 5934.822266
v -6155.498535 153.402084 5903.576172
v -6124.252441 154.135269 5872.329590
v -6186.744629 211.086823 5872.329590
v -6155.498535 148.170624 5872.329590
v -6061.759766 161.487061 5934.822266
v -5999.267578 191.825546 5872.329590
v -5874.282715 179.460281 5872.329590
v -5811.790527 160.397171 5934.822266
v -5749.297852 152.292374 5934.822266
v -5780.543945 134.457855 5903.576172
v -5749.297852 184.216156 5872.329590
v -5811.790527 146.248459 5872.329590
v -5686.805664 154.313614 5934.822266
v -5624.313477 193.608994 5872.329590
v -5499.328613 192.221863 5872.329590
v -5374.343750 162.993088 5872.329590
v -5249.359375 158.554276 5872.329590
v -5124.374512 167.293182 5872.329590
v -4999.389648 163.092163 5872.329590
v -4874.404785 162.002274 5872.329590
v -4749.419922 162.081543 5872.329590
v -4624.435547 136.756531 5872.329590
v -4561.943359 174.882751 5934.822266
v -4499.450684 136.835800 5872.329590
v -4374.465820 173.951401 5872.329590
v -4249.481445 166.559982 5872.329590
v -4186.988770 134.576752 5934.822266
v -4124.496582 144.147949 5872.329590
v -3999.511719 135.844986 5872.329590
v -7999.023438 184.533203 5747.344727
v -7936.531250 153.719131 5809.837402
v -7874.038574 183.106445 5747.344727
v -7749.053711 200.386108 5747.344727
v -7624.069336 196.383255 5747.344727
v -7499.084473 197.453323 5747.344727
v -7436.592285 151.301575 5809.837402
v -7374.099609 144.861328 5747.344727
v -7374.099609 126.709755 5809.837402
v -7342.853516 198.602661 5841.083496
v -7342.853516 196.739944 5809.837402
v -7311.607422 195.729324 5809.837402
v -7342.853516 134.041718 5778.590820
v -7249.115234 201.317474 5747.344727
v -7311.607422 135.250504 5747.344727
v -7186.622559 202.764038 5809.837402
v -7124.130371 196.343628 5747.344727
v -7186.622559 212.513580 5747.344727
v -6999.145508 149.934250 5747.344727
v -6936.653320 184.830460 5809.837402
v -6874.160645 174.843124 5747.344727
v -6874.160645 171.632919 5809.837402
v -6811.668457 145.079300 5809.837402
v -6842.914551 187.822693 5778.590820
v -6749.175781 169.492767 5809.837402
v -6780.422363 169.532410 5778.590820
v -6749.175781 115.137138 5747.344727
v -6811.668457 118.466248 5747.344727
v -6811.668457 171.652725 5778.590820
v -6686.683594 177.914627 5809.837402
v -6624.191406 152.490540 5809.837402
v -6655.437500 130.930588 5778.590820
v -6624.191406 170.424133 5747.344727
v -6686.683594 116.762062 5747.344727
v -6561.699219 149.518112 5809.837402
v -6499.206543 210.036560 5747.344727
v -6499.206543 187.347107 5809.837402
v -6436.713867 216.377716 5809.837402
v -6467.960449 178.845978 5841.083496
v -6374.221680 209.640244 5747.344727
v -6311.729492 202.684784 5809.837402
v -6249.237305 207.024506 5747.344727
v -6249.237305 201.931763 5809.837402
v -6311.729492 204.567307 5747.344727
v -6186.744629 175.199814 5809.837402
v -6217.990723 210.096008 5778.590820
v -6155.498535 149.854996 5841.083496
v -6124.252441 193.509918 5747.344727
v -6124.252441 163.111984 5809.837402
v -6186.744629 148.249878 5747.344727
v -6217.990723 204.448410 5747.344727
v -6061.759766 197.790192 5809.837402
v -5999.267578 174.248642 5747.344727
v -5874.282715 193.628815 5747.344727
v -5811.790527 191.250870 5809.837402
v -5749.297852 178.628006 5747.344727
v -5624.313477 177.577744 5747.344727
v -5499.328613 173.555084 5747.344727
v -5374.343750 187.525452 5747.344727
v -5311.851563 138.916489 5809.837402
v -5249.359375 186.911148 5747.344727
v -5124.374512 159.723419 5747.344727
v -4999.389648 137.509552 5747.344727
v -4874.404785 152.549988 5747.344727
v -4749.419922 152.787781 5747.344727
v -4624.435547 151.024139 5747.344727
v -4499.450684 170.245789 5747.344727
v -4374.465820 179.579178 5747.344727
v -4249.481445 146.585327 5747.344727
v -4124.496582 143.315674 5747.344727
v -3999.511719 139.847855 5747.344727
v -7999.023438 163.746094 5622.360352
v -7874.038574 190.775284 5622.360352
v -7749.053711 197.314606 5622.360352
v -7624.069336 168.066010 5622.360352
v -7499.084473 188.754044 5622.360352
v -7374.099609 179.381012 5622.360352
v -7311.607422 151.737518 5684.852539
v -7249.115234 140.125275 5622.360352
v -7249.115234 160.317902 5684.852539
v -7217.868652 206.568741 5716.098633
v -7217.868652 211.126450 5684.852539
v -7186.622559 206.727264 5684.852539
v -7217.868652 146.585327 5653.606445
v -7202.245605 211.007553 5669.229492
v -7124.130371 215.208572 5684.852539
v -7155.376465 206.410217 5653.606445
v -7124.130371 205.756287 5622.360352
v -7186.622559 150.588181 5622.360352
v -7186.622559 210.987732 5653.606445
v -7061.637695 219.904999 5684.852539
v -6999.145508 197.354248 5622.360352
v -6874.160645 206.766907 5622.360352
v -6811.668457 195.491531 5684.852539
v -6749.175781 170.939346 5622.360352
v -6749.175781 191.270691 5684.852539
v -6686.683594 177.676834 5684.852539
v -6624.191406 164.320770 5622.360352
v -6499.206543 198.166702 5622.360352
v -6374.221680 207.440659 5622.360352
v -6311.729492 207.143402 5684.852539
v -6280.483398 208.728699 5716.098633
v -6249.237305 149.795547 5684.852539
v -6280.483398 143.196777 5653.606445
v -6249.237305 180.867233 5622.360352
v -6249.237305 209.382629 5716.098633
v -6311.729492 151.678070 5622.360352
v -6186.744629 187.664154 5684.852539
v -6217.990723 143.494019 5716.098633
v -6233.614258 209.778961 5731.721680
v -6124.252441 188.179382 5622.360352
v -5999.267578 193.073959 5622.360352
v -5874.282715 160.278275 5622.360352
v -5749.297852 155.641296 5622.360352
v -5624.313477 151.717712 5622.360352
v -5499.328613 150.469284 5622.360352
v -5374.343750 151.519547 5622.360352
v -5249.359375 153.263367 5622.360352
v -5124.374512 181.858032 5622.360352
v -4999.389648 152.014954 5622.360352
v -4874.404785 178.073151 5622.360352
v -4749.419922 176.943634 5622.360352
v -4624.435547 173.495636 5622.360352
v -4499.450684 168.759567 5622.360352
v -4374.465820 164.221680 5622.360352
v -4249.481445 145.891769 5622.360352
v -4124.496582 161.031281 5622.360352
v -3999.511719 144.029053 5622.360352
v -7999.023438 179.262115 5497.375488
v -7874.038574 185.187149 5497.375488
v -7749.053711 182.947922 5497.375488
v -7624.069336 163.547928 5497.375488
v -7499.084473 184.097260 5497.375488
v -7374.099609 180.748337 5497.375488
v -7249.115234 190.755478 5497.375488
v -7186.622559 178.667633 5559.868164
v -7155.376465 151.361023 5591.114258
v -7124.130371 195.511337 5497.375488
v -7124.130371 150.667450 5559.868164
v -7061.637695 202.367722 5559.868164
v -7092.883789 153.897476 5528.621582
v -6999.145508 192.737091 5559.868164
v -7030.391602 198.781006 5528.621582
v -6999.145508 172.802063 5497.375488
v -7061.637695 173.376740 5497.375488
v -7061.637695 147.219452 5528.621582
v -7030.391602 148.983078 5497.375488
v -7046.014648 147.437424 5512.998535
v -6936.653320 181.996750 5559.868164
v -6874.160645 196.383255 5497.375488
v -6936.653320 204.567307 5497.375488
v -6811.668457 181.005936 5559.868164
v -6749.175781 183.582031 5559.868164
v -6780.422363 183.423508 5528.621582
v -6749.175781 160.852936 5497.375488
v -6811.668457 173.000229 5497.375488
v -6780.422363 182.056198 5497.375488
v -6686.683594 189.487244 5559.868164
v -6624.191406 189.546692 5559.868164
v -6655.437500 139.075012 5528.621582
v -6624.191406 131.287277 5497.375488
v -6624.191406 122.231316 5528.621582
v -6686.683594 119.575951 5497.375488
v -6561.699219 197.592041 5559.868164
v -6592.945313 132.733856 5528.621582
v -6499.206543 154.551407 5497.375488
v -6561.699219 142.582474 5497.375488
v -6436.713867 194.262924 5559.868164
v -6374.221680 150.211685 5559.868164
v -6405.467773 152.589615 5528.621582
v -6374.221680 192.895615 5497.375488
v -6436.713867 161.942825 5497.375488
v -6311.729492 187.010223 5559.868164
v -6342.975586 150.092789 5591.114258
v -6249.237305 190.418594 5497.375488
v -6124.252441 184.652100 5497.375488
v -5999.267578 165.212494 5497.375488
v -5874.282715 163.409225 5497.375488
v -5749.297852 160.317902 5497.375488
v -5624.313477 154.709946 5497.375488
v -5499.328613 186.395920 5497.375488
v -5374.343750 157.385117 5497.375488
v -5249.359375 144.762253 5497.375488
v -5124.374512 143.434570 5497.375488
v -5061.881836 182.194901 5559.868164
v -4999.389648 166.203293 5497.375488
v -4874.404785 147.853561 5497.375488
v -4749.419922 164.717087 5497.375488
v -4624.435547 152.431091 5497.375488
v -4499.450684 170.622284 5497.375488
v -4374.465820 155.641296 5497.375488
v -4249.481445 136.201675 5497.375488
v -4124.496582 128.295044 5497.375488
v -3999.511719 143.157135 5497.375488
v -7999.023438 168.620865 5372.390625
v -7874.038574 168.640671 5372.390625
v -7749.053711 161.605957 5372.390625
v -7624.069336 154.135269 5372.390625
v -7499.084473 158.792068 5372.390625
v -7374.099609 181.045578 5372.390625
v -7249.115234 170.087250 5372.390625
v -7124.130371 185.682541 5372.390625
v -7061.637695 193.232483 5434.882813
v -7030.391602 175.477234 5466.129395
v -6999.145508 183.760376 5372.390625
v -6999.145508 176.329330 5434.882813
v -6936.653320 149.458664 5434.882813
v -6905.407227 143.295853 5466.129395
v -6874.160645 175.933014 5372.390625
v -6874.160645 149.399216 5434.882813
v -6874.160645 135.270325 5466.129395
v -6811.668457 162.339157 5434.882813
v -6842.914551 127.878906 5466.129395
v -6811.668457 126.729576 5466.129395
v -6780.422363 126.333252 5466.129395
v -6796.045410 120.665840 5481.752441
v -6764.798828 121.834991 5481.752441
v -6780.422363 121.022530 5481.752441
v -6749.175781 179.598999 5372.390625
v -6749.175781 160.060303 5434.882813
v -6749.175781 124.946121 5466.129395
v -6686.683594 160.317902 5434.882813
v -6717.929688 124.014763 5466.129395
v -6624.191406 186.257217 5372.390625
v -6561.699219 189.150360 5434.882813
v -6499.206543 181.243729 5372.390625
v -6436.713867 185.959976 5434.882813
v -6374.221680 155.859283 5372.390625
v -6249.237305 177.260696 5372.390625
v -6124.252441 128.849899 5372.390625
v -5999.267578 168.739761 5372.390625
v -5874.282715 190.973450 5372.390625
v -5749.297852 188.674774 5372.390625
v -5624.313477 208.986313 5372.390625
v -5499.328613 190.319519 5372.390625
v -5436.835938 189.843933 5434.882813
v -5374.343750 157.385117 5372.390625
v -5436.835938 191.072525 5372.390625
v -5249.359375 143.077881 5372.390625
v -5124.374512 145.198196 5372.390625
v -4999.389648 150.390030 5372.390625
v -4874.404785 180.292557 5372.390625
v -4749.419922 167.293182 5372.390625
v -4624.435547 172.901138 5372.390625
v -4499.450684 144.009232 5372.390625
v -4374.465820 162.557129 5372.390625
v -4249.481445 93.438484 5372.390625
v -4124.496582 90.188637 5372.390625
v -3999.511719 124.807411 5372.390625
v -7999.023438 171.355484 5247.406250
v -7874.038574 168.997375 5247.406250
v -7749.053711 168.779388 5247.406250
v -7624.069336 161.863556 5247.406250
v -7499.084473 154.551407 5247.406250
v -7374.099609 158.712799 5247.406250
v -7249.115234 188.575699 5247.406250
v -7124.130371 174.367538 5247.406250
v -6999.145508 174.763855 5247.406250
v -6874.160645 174.387360 5247.406250
v -6749.175781 174.248642 5247.406250
v -6624.191406 167.035568 5247.406250
v -6499.206543 148.210251 5247.406250
v -6374.221680 195.174469 5247.406250
v -6249.237305 157.920151 5247.406250
v -6124.252441 120.408226 5247.406250
v -5999.267578 213.702545 5247.406250
v -5874.282715 214.217773 5247.406250
v -5749.297852 192.202057 5247.406250
v -5624.313477 176.904007 5247.406250
v -5561.821289 193.490097 5309.898438
v -5499.328613 183.562225 5247.406250
v -5499.328613 214.178131 5309.898438
v -5561.821289 209.897858 5247.406250
v -5436.835938 147.239258 5309.898438
v -5468.082520 213.960159 5341.144531
v -5374.343750 158.237213 5247.406250
v -5249.359375 144.583908 5247.406250
v -5124.374512 150.172043 5247.406250
v -4999.389648 173.396545 5247.406250
v -4874.404785 157.087875 5247.406250
v -4749.419922 166.441086 5247.406250
v -4624.435547 177.102158 5247.406250
v -4499.450684 157.444565 5247.406250
v -4374.465820 147.655396 5247.406250
v -4249.481445 120.447861 5247.406250
v -4124.496582 87.711624 5247.406250
v -3999.511719 109.687706 5247.406250
v -7999.023438 145.971024 5122.421387
v -7874.038574 159.287460 5122.421387
v -7749.053711 168.462326 5122.421387
v -7624.069336 162.279709 5122.421387
v -7499.084473 155.244980 5122.421387
v -7374.099609 157.385117 5122.421387
v -7249.115234 172.802063 5122.421387
v -7124.130371 185.306046 5122.421387
v -6999.145508 178.350586 5122.421387
v -6874.160645 182.511963 5122.421387
v -6749.175781 182.630859 5122.421387
v -6624.191406 171.910339 5122.421387
v -6499.206543 148.230072 5122.421387
v -6374.221680 190.715836 5122.421387
v -6249.237305 167.114838 5122.421387
v -6124.252441 148.071533 5122.421387
v -6061.759766 140.065826 5184.913574
v -5999.267578 156.414124 5122.421387
v -5999.267578 147.754486 5184.913574
v -5936.775391 162.755295 5184.913574
v -5874.282715 184.255783 5122.421387
v -5749.297852 181.858032 5122.421387
v -5686.805664 190.418594 5184.913574
v -5624.313477 172.960587 5122.421387
v -5624.313477 210.809387 5184.913574
v -5686.805664 212.236160 5122.421387
v -5561.821289 149.280319 5184.913574
v -5593.067383 212.037994 5216.160156
v -5499.328613 147.219452 5122.421387
v -5374.343750 157.583282 5122.421387
v -5249.359375 123.440094 5122.421387
v -5124.374512 184.870087 5122.421387
v -4999.389648 177.696640 5122.421387
v -4874.404785 164.796356 5122.421387
v -4749.419922 174.327911 5122.421387
v -4624.435547 173.178574 5122.421387
v -4499.450684 164.736908 5122.421387
v -4374.465820 147.318527 5122.421387
v -4249.481445 135.111801 5122.421387
v -4124.496582 136.637634 5122.421387
v -3999.511719 137.351013 5122.421387
v -7999.023438 146.248459 4997.436523
v -7874.038574 140.878281 4997.436523
v -7749.053711 168.442520 4997.436523
v -7624.069336 160.199005 4997.436523
v -7499.084473 159.604523 4997.436523
v -7374.099609 155.581848 4997.436523
v -7249.115234 152.351822 4997.436523
v -7124.130371 157.186951 4997.436523
v -6999.145508 191.964264 4997.436523
v -6874.160645 158.772247 4997.436523
v -6749.175781 167.867844 4997.436523
v -6624.191406 148.230072 4997.436523
v -6499.206543 177.657013 4997.436523
v -6374.221680 140.898102 4997.436523
v -6249.237305 182.412888 4997.436523
v -6124.252441 152.054581 4997.436523
v -5999.267578 149.954071 4997.436523
v -5936.775391 149.954071 5059.928711
v -5874.282715 201.713791 5059.928711
v -5905.529297 183.027191 5028.682617
v -5874.282715 143.137329 4997.436523
v -5936.775391 154.729752 4997.436523
v -5811.790527 185.325851 5059.928711
v -5749.297852 146.248459 4997.436523
v -5686.805664 177.676834 5059.928711
v -5624.313477 185.801437 4997.436523
v -5499.328613 153.937119 4997.436523
v -5374.343750 143.811066 4997.436523
v -5249.359375 163.547928 4997.436523
v -5124.374512 140.937729 4997.436523
v -4999.389648 156.235779 4997.436523
v -4874.404785 178.647827 4997.436523
v -4749.419922 168.204727 4997.436523
v -4624.435547 178.231689 4997.436523
v -4499.450684 170.047623 4997.436523
v -4374.465820 132.793304 4997.436523
v -4249.481445 134.081360 4997.436523
v -4124.496582 124.490349 4997.436523
v -3999.511719 156.651917 4997.436523
v -7999.023438 158.554276 4872.451660
v -7874.038574 165.073776 4872.451660
v -7749.053711 156.612289 4872.451660
v -7624.069336 163.587570 4872.451660
v -7499.084473 163.072342 4872.451660
v -7374.099609 146.862762 4872.451660
v -7249.115234 155.205353 4872.451660
v -7124.130371 155.839462 4872.451660
v -6999.145508 155.482773 4872.451660
v -6936.653320 192.320953 4934.944336
v -6874.160645 170.225967 4872.451660
v -6749.175781 190.874374 4872.451660
v -6624.191406 160.020660 4872.451660
v -6499.206543 146.327728 4872.451660
v -6436.713867 184.255783 4934.944336
v -6374.221680 184.374680 4872.451660
v -6249.237305 184.889908 4872.451660
v -6124.252441 152.094208 4872.451660
v -5999.267578 150.568375 4872.451660
v -5936.775391 144.623535 4934.944336
v -5874.282715 152.688690 4872.451660
v -5749.297852 154.135269 4872.451660
v -5624.313477 171.058243 4872.451660
v -5499.328613 145.475632 4872.451660
v -5374.343750 144.801880 4872.451660
v -5249.359375 147.615768 4872.451660
v -5124.374512 131.703415 4872.451660
v -4999.389648 138.084213 4872.451660
v -4874.404785 144.881149 4872.451660
v -4749.419922 182.452515 4872.451660
v -4624.435547 167.015762 4872.451660
v -4499.450684 177.003082 4872.451660
v -4374.465820 153.719131 4872.451660
v -4249.481445 130.019043 4872.451660
v -4124.496582 118.882385 4872.451660
v -3999.511719 161.229446 4872.451660
v -7999.023438 153.283188 4747.466797
v -7874.038574 156.751007 4747.466797
v -7749.053711 149.399216 4747.466797
v -7624.069336 152.530167 4747.466797
v -7499.084473 156.711365 4747.466797
v -7374.099609 160.773682 4747.466797
v -7311.607422 189.962830 4809.959473
v -7249.115234 210.472519 4747.466797
v -7311.607422 215.307648 4747.466797
v -7124.130371 151.519547 4747.466797
v -6999.145508 150.588181 4747.466797
v -6874.160645 174.050476 4747.466797
v -6749.175781 187.466003 4747.466797
v -6624.191406 182.194901 4747.466797
v -6499.206543 184.136887 4747.466797
v -6374.221680 184.235962 4747.466797
v -6249.237305 183.443329 4747.466797
v -6124.252441 152.014954 4747.466797
v -5999.267578 139.075012 4747.466797
v -5874.282715 166.896866 4747.466797
v -5749.297852 145.000046 4747.466797
v -5624.313477 152.966125 4747.466797
v -5499.328613 172.603897 4747.466797
v -5374.343750 150.865616 4747.466797
v -5249.359375 171.989609 4747.466797
v -5124.374512 150.944885 4747.466797
v -4999.389648 156.295227 4747.466797
v -4874.404785 147.952637 4747.466797
v -4749.419922 182.571411 4747.466797
v -4624.435547 176.428421 4747.466797
v -4499.450684 180.669067 4747.466797
v -4374.465820 178.806351 4747.466797
v -4249.481445 170.959167 4747.466797
v -4124.496582 146.525879 4747.466797
v -3999.511719 158.019241 4747.466797
v -7999.023438 186.118500 4622.482422
v -7874.038574 173.178574 4622.482422
v -7749.053711 172.702988 4622.482422
v -7624.069336 154.789200 4622.482422
v -7499.084473 160.991653 4622.482422
v -7436.592285 151.261932 4684.974609
v -7374.099609 208.986313 4622.482422
v -7374.099609 215.446365 4684.974609
v -7311.607422 197.532593 4684.974609
v -7342.853516 210.214905 4653.728516
v -7280.361328 214.534821 4716.220703
v -7280.361328 202.526245 4653.728516
v -7249.115234 214.217773 4684.974609
v -7280.361328 188.793671 4684.974609
v -7295.984375 165.232300 4669.351563
v -7249.115234 214.990601 4622.482422
v -7311.607422 203.655777 4622.482422
v -7311.607422 166.421265 4653.728516
v -7186.622559 171.276230 4684.974609
v -7124.130371 155.661118 4622.482422
v -6999.145508 147.397797 4622.482422
v -6874.160645 150.885437 4622.482422
v -6749.175781 184.830460 4622.482422
v -6624.191406 151.420471 4622.482422
v -6499.206543 146.862762 4622.482422
v -6374.221680 177.597565 4622.482422
v -6249.237305 175.219635 4622.482422
v -6124.252441 166.639252 4622.482422
v -5999.267578 141.076447 4622.482422
v -5874.282715 147.001465 4622.482422
v -5749.297852 150.072968 4622.482422
v -5624.313477 144.920776 4622.482422
v -5499.328613 140.937729 4622.482422
v -5436.835938 198.979172 4684.974609
v -5374.343750 205.776093 4622.482422
v -5436.835938 207.876602 4622.482422
v -5311.851563 192.974884 4684.974609
v -5249.359375 182.928101 4684.974609
v -5280.605469 209.580795 4653.728516
v -5249.359375 209.402451 4622.482422
v -5311.851563 208.847595 4622.482422
v -5280.605469 206.231873 4622.482422
v -5186.866699 144.702805 4684.974609
v -5124.374512 151.202484 4622.482422
v -5186.866699 141.234970 4622.482422
v -4999.389648 158.871323 4622.482422
v -4874.404785 151.618622 4622.482422
v -4749.419922 181.065384 4622.482422
v -4624.435547 161.863556 4622.482422
v -4499.450684 166.361816 4622.482422
v -4374.465820 175.913193 4622.482422
v -4249.481445 157.979599 4622.482422
v -4124.496582 166.223114 4622.482422
v -3999.511719 169.274796 4622.482422
v -7999.023438 168.165085 4497.497559
v -7874.038574 145.435989 4497.497559
v -7749.053711 169.889099 4497.497559
v -7624.069336 166.381638 4497.497559
v -7499.084473 150.132416 4497.497559
v -7374.099609 149.537933 4497.497559
v -7311.607422 205.875183 4559.990234
v -7249.115234 162.259888 4497.497559
v -7186.622559 207.183044 4559.990234
v -7124.130371 146.486252 4497.497559
v -6999.145508 145.277466 4497.497559
v -6874.160645 139.610062 4497.497559
v -6749.175781 119.932640 4497.497559
v -6624.191406 152.629242 4497.497559
v -6499.206543 164.241501 4497.497559
v -6374.221680 174.308090 4497.497559
v -6249.237305 173.039856 4497.497559
v -6124.252441 179.341385 4497.497559
v -5999.267578 141.254791 4497.497559
v -5874.282715 146.070114 4497.497559
v -5749.297852 163.884811 4497.497559
v -5624.313477 137.905869 4497.497559
v -5499.328613 148.071533 4497.497559
v -5436.835938 204.369156 4559.990234
v -5374.343750 187.763245 4497.497559
v -5374.343750 200.168137 4559.990234
v -5311.851563 205.399597 4559.990234
v -5343.097656 183.998169 4591.236328
v -5311.851563 181.362625 4591.236328
v -5280.605469 194.540359 4591.236328
v -5296.228516 166.995941 4606.859375
v -5249.359375 150.806168 4497.497559
v -5249.359375 208.253113 4559.990234
v -5186.866699 143.989426 4559.990234
v -5124.374512 150.806168 4497.497559
v -4999.389648 145.079300 4497.497559
v -4874.404785 144.266846 4497.497559
v -4749.419922 146.506073 4497.497559
v -4624.435547 144.980225 4497.497559
v -4499.450684 163.448853 4497.497559
v -4374.465820 162.279709 4497.497559
v -4249.481445 169.908905 4497.497559
v -4186.988770 150.072968 4559.990234
v -4124.496582 163.032715 4497.497559
v -4186.988770 131.822311 4497.497559
v -3999.511719 146.724045 4497.497559
v -7999.023438 181.560791 4372.512695
v -7874.038574 146.486252 4372.512695
v -7749.053711 152.569794 4372.512695
v -7624.069336 152.193298 4372.512695
v -7499.084473 147.714844 4372.512695
v -7374.099609 156.830261 4372.512695
v -7249.115234 144.900955 4372.512695
v -7124.130371 144.405563 4372.512695
v -6999.145508 156.215973 4372.512695
v -6874.160645 133.348160 4372.512695
v -6749.175781 165.846603 4372.512695
v -6624.191406 181.065384 4372.512695
v -6499.206543 165.331390 4372.512695
v -6374.221680 178.370392 4372.512695
v -6249.237305 165.371017 4372.512695
v -6124.252441 176.091537 4372.512695
v -5999.267578 160.516068 4372.512695
v -5874.282715 172.980408 4372.512695
v -5749.297852 138.024765 4372.512695
v -5624.313477 139.649689 4372.512695
v -5499.328613 146.862762 4372.512695
v -5374.343750 141.869095 4372.512695
v -5249.359375 135.844986 4372.512695
v -5124.374512 141.433136 4372.512695
v -4999.389648 146.288086 4372.512695
v -4874.404785 138.559799 4372.512695
v -4749.419922 146.823120 4372.512695
v -4624.435547 144.286667 4372.512695
v -4499.450684 180.173660 4372.512695
v -4374.465820 166.381638 4372.512695
v -4249.481445 163.389404 4372.512695
v -4186.988770 143.692169 4435.004883
v -4124.496582 142.265411 4372.512695
v -4062.004150 139.055206 4435.004883
v -3999.511719 90.089561 4435.004883
v -4030.757813 94.449104 4403.758789
v -3999.511719 116.900772 4372.512695
v -4062.004150 111.867477 4372.512695
v -7999.023438 167.194107 4247.528320
v -7874.038574 166.738327 4247.528320
v -7749.053711 166.678879 4247.528320
v -7624.069336 168.719940 4247.528320
v -7499.084473 158.276840 4247.528320
v -7374.099609 146.406982 4247.528320
v -7249.115234 151.380829 4247.528320
v -7124.130371 146.704224 4247.528320
v -6999.145508 148.626389 4247.528320
v -6874.160645 166.837418 4247.528320
v -6749.175781 174.486435 4247.528320
v -6686.683594 165.747528 4310.020508
v -6624.191406 161.249268 4247.528320
v -6686.683594 153.937119 4247.528320
v -6499.206543 167.491348 4247.528320
v -6374.221680 155.997986 4247.528320
v -6249.237305 148.289520 4247.528320
v -6124.252441 146.961838 4247.528320
v -5999.267578 160.535889 4247.528320
v -5874.282715 169.552216 4247.528320
v -5749.297852 172.762436 4247.528320
v -5624.313477 156.671738 4247.528320
v -5499.328613 149.954071 4247.528320
v -5374.343750 138.916489 4247.528320
v -5311.851563 176.329330 4310.020508
v -5249.359375 145.832321 4247.528320
v -5186.866699 180.887039 4310.020508
v -5124.374512 180.748337 4247.528320
v -4999.389648 164.915253 4247.528320
v -4874.404785 145.277466 4247.528320
v -4749.419922 144.405563 4247.528320
v -4624.435547 159.465805 4247.528320
v -4499.450684 166.421265 4247.528320
v -4374.465820 151.578995 4247.528320
v -4249.481445 154.868469 4247.528320
v -4124.496582 127.006996 4247.528320
v -4062.004150 94.270760 4310.020508
v -4030.757813 89.732864 4341.266602
v -4030.757813 174.426987 4278.774414
v -3999.511719 150.092789 4310.020508
v -4030.757813 154.690125 4310.020508
v -3999.511719 168.006561 4247.528320
v -3999.511719 154.888290 4341.266602
v -4015.134766 155.145889 4325.643555
v -4062.004150 106.200066 4247.528320
v -4030.757813 172.643539 4247.528320
v -7999.023438 168.878479 4122.543457
v -7874.038574 162.834549 4122.543457
v -7749.053711 145.971024 4122.543457
v -7624.069336 147.576141 4122.543457
v -7499.084473 148.249878 4122.543457
v -7374.099609 146.961838 4122.543457
v -7249.115234 143.315674 4122.543457
v -7124.130371 166.064575 4122.543457
v -6999.145508 168.799210 4122.543457
v -6874.160645 162.834549 4122.543457
v -6811.668457 183.007370 4185.035645
v -6749.175781 174.426987 4122.543457
v -6749.175781 170.978973 4185.035645
v -6686.683594 163.111984 4185.035645
v -6717.929688 133.803925 4216.282227
v -6624.191406 170.344864 4122.543457
v -6499.206543 172.683167 4122.543457
v -6374.221680 155.819641 4122.543457
v -6249.237305 164.618011 4122.543457
v -6124.252441 165.509735 4122.543457
v -5999.267578 163.151611 4122.543457
v -5874.282715 159.426178 4122.543457
v -5749.297852 164.459473 4122.543457
v -5624.313477 153.560608 4122.543457
v -5499.328613 165.053955 4122.543457
v -5374.343750 159.961212 4122.543457
v -5249.359375 143.276031 4122.543457
v -5124.374512 156.017807 4122.543457
v -4999.389648 175.378159 4122.543457
v -4874.404785 163.567749 4122.543457
v -4749.419922 177.894806 4122.543457
v -4624.435547 160.357544 4122.543457
v -4499.450684 172.960587 4122.543457
v -4374.465820 157.325668 4122.543457
v -4249.481445 143.077881 4122.543457
v -4124.496582 116.682800 4122.543457
v -4062.004150 107.289955 4185.035645
v -4030.757813 119.159813 4216.282227
v -3999.511719 156.334869 4185.035645
v -4030.757813 104.079742 4153.789551
v -3999.511719 173.495636 4122.543457
v -4062.004150 112.045822 4122.543457
v -7999.023438 174.367538 3997.558838
v -7874.038574 139.114655 3997.558838
v -7749.053711 132.932022 3997.558838
v -7624.069336 128.552658 3997.558838
v -7499.084473 142.780640 3997.558838
v -7374.099609 140.046005 3997.558838
v -7249.115234 138.480530 3997.558838
v -7124.130371 163.864990 3997.558838
v -6999.145508 161.328522 3997.558838
v -6874.160645 177.914627 3997.558838
v -6749.175781 138.619247 3997.558838
v -6624.191406 141.532211 3997.558838
v -6499.206543 149.419037 3997.558838
v -6374.221680 155.165710 3997.558838
v -6249.237305 163.904617 3997.558838
v -6124.252441 167.412079 3997.558838
v -5999.267578 168.125458 3997.558838
v -5874.282715 167.055389 3997.558838
v -5749.297852 160.377350 3997.558838
v -5624.313477 167.332809 3997.558838
v -5499.328613 159.406357 3997.558838
v -5374.343750 169.017181 3997.558838
v -5249.359375 168.085831 3997.558838
v -5124.374512 171.652725 3997.558838
v -4999.389648 148.884003 3997.558838
v -4874.404785 178.707275 3997.558838
v -4749.419922 170.919525 3997.558838
v -4686.927734 149.934250 4060.051270
v -4624.435547 169.235168 3997.558838
v -4686.927734 153.164291 3997.558838
v -4499.450684 174.605331 3997.558838
v -4374.465820 126.075638 3997.558838
v -4249.481445 125.956741 3997.558838
v -4186.988770 128.849899 4060.051270
v -4124.496582 126.689941 4060.051270
v -4155.742676 123.737335 4028.804932
v -4124.496582 189.546692 3997.558838
v -4186.988770 122.528557 3997.558838
v -4062.004150 119.992088 4060.051270
v -3999.511719 131.683609 3997.558838
v -3999.511719 186.098679 4060.051270
vn -0.092 0.991 -0.094
vn -0.011 0.990 -0.141
vn -0.024 0.978 -0.206
vn 0.032 0.994 -0.106
vn 0.063 0.991 -0.116
vn 0.015 0.997 -0.078
vn 0.039 0.988 -0.152
vn -0.000 1.000 -0.027
vn -0.031 1.000 -0.005
vn -0.067 0.995 0.072
vn -0.049 0.998 0.039
vn -0.206 0.974 -0.089
vn 0.054 0.940 -0.338
vn 0.113 0.991 0.070
vn -0.149 0.950 -0.274
vn -0.022 0.997 -0.078
vn -0.153 0.986 -0.065
vn -0.213 0.963 -0.168
vn 0.049 0.998 -0.050
vn 0.039 0.999 -0.024
vn 0.011 1.000 -0.011
vn 0.123 0.979 -0.162
vn 0.194 0.958 -0.213
vn -0.190 0.973 0.132
vn -0.312 0.873 0.375
vn -0.146 0.888 0.437
vn -0.218 0.895 0.389
vn -0.270 0.922 0.277
vn 0.068 0.995 -0.073
vn -0.346 0.911 0.223
vn -0.017 0.970 0.241
vn -0.065 0.973 0.222
vn 0.032 0.999 -0.008
vn 0.172 0.968 0.185
vn 0.042 0.999 -0.016
vn 0.162 0.930 0.330
vn 0.025 0.881 0.473
vn 0.170 0.686 0.707
vn 0.015 0.995 0.102
vn -0.043 0.925 0.378
vn 0.123 0.784 0.609
vn 0.176 0.978 0.109
vn 0.279 0.849 0.449
vn 0.271 0.917 0.294
vn -0.115 0.991 0.063
vn 0.132 0.984 0.116
vn -0.092 0.996 -0.016
vn -0.091 0.995 -0.037
vn -0.145 0.986 -0.086
vn -0.137 0.989 -0.060
vn -0.055 0.997 -0.050
vn -0.051 0.999 -0.009
vn 0.010 1.000 0.010
vn -0.048 0.999 0.006
vn -0.052 0.999 -0.006
vn -0.013 1.000 0.008
vn 0.124 0.985 0.117
vn 0.173 0.985 -0.001
vn 0.108 0.990 -0.088
vn 0.066 0.998 -0.010
vn -0.062 0.991 -0.116
vn -0.034 0.999 0.011
vn -0.058 0.997 -0.047
vn -0.051 0.997 -0.060
vn -0.126 0.982 -0.139
vn -0.112 0.983 -0.143
vn -0.220 0.966 -0.137
vn -0.091 0.948 0.306
vn -0.044 0.943 -0.330
vn -0.206 0.977 -0.057
vn 0.173 0.976 -0.132
vn 0.290 0.956 -0.050
vn 0.184 0.962 -0.201
vn 0.097 0.991 -0.095
vn -0.023 1.000 0.018
vn -0.028 0.998 0.064
vn 0.046 0.998 -0.036
vn 0.242 0.944 -0.225
vn 0.240 0.968 0.073
vn 0.311 0.948 -0.062
vn 0.638 0.743 -0.200
vn 0.200 0.979 0.047
vn -0.124 0.990 -0.062
vn 0.212 0.938 0.273
vn 0.085 0.964 0.251
vn 0.091 0.991 0.096
vn 0.056 0.995 0.087
vn -0.097 0.995 0.019
vn -0.051 0.979 0.195
vn 0.006 0.999 -0.046
vn 0.038 0.997 -0.071
vn -0.033 0.999 -0.014
vn -0.053 0.999 0.010
vn -0.048 0.999 0.004
vn 0.150 0.988 0.031
vn 0.459 0.889 0.003
vn 0.001 1.000 -0.014
vn 0.067 0.927 0.368
vn 0.188 0.981 -0.049
vn -0.293 0.934 0.205
vn -0.309 0.944 0.115
vn -0.116 0.993 0.011
vn 0.151 0.984 -0.095
vn 0.145 0.986 -0.079
vn -0.328 0.937 0.121
vn -0.246 0.903 0.351
vn -0.499 0.849 0.171
vn 0.139 0.990 -0.022
vn -0.676 0.736 0.028
vn -0.414 0.909 0.051
vn -0.067 0.996 0.051
vn 0.021 0.999 -0.031
vn 0.018 1.000 -0.005
vn -0.003 1.000 0.027
vn -0.024 0.998 0.052
vn 0.141 0.989 0.036
vn 0.182 0.959 0.218
vn 0.128 0.991 0.035
vn -0.079 0.996 -0.040
vn 0.289 0.919 0.268
vn -0.144 0.987 -0.069
vn -0.069 0.995 -0.071
vn -0.065 0.998 -0.005
vn 0.039 0.993 -0.112
vn 0.109 0.992 -0.063
vn -0.024 0.990 0.136
vn 0.094 0.996 0.013
vn -0.019 1.000 -0.015
vn -0.071 0.997 -0.019
vn 0.074 0.994 -0.077
vn -0.012 1.000 0.004
vn 0.047 0.999 -0.027
vn -0.029 0.995 -0.091
vn 0.016 1.000 0.021
vn 0.039 0.999 0.003
vn 0.010 0.996 0.085
vn 0.051 0.993 0.110
vn 0.118 0.992 -0.047
vn -0.005 1.000 -0.017
vn -0.064 0.998 0.024
vn -0.088 0.995 0.048
vn 0.002 0.999 0.053
vn -0.031 0.999 0.022
vn -0.045 0.999 -0.008
vn 0.189 0.979 -0.078
vn -0.154 0.958 0.240
vn -0.613 0.788 0.062
vn -0.415 0.910 0.002
vn -0.467 0.882 -0.061
vn 0.186 0.982 0.043
vn -0.418 0.908 -0.004
vn -0.103 0.993 0.061
vn -0.532 0.818 0.219
vn 0.052 0.997 0.061
vn 0.025 0.999 0.046
vn 0.013 1.000 0.029
vn -0.020 0.999 0.028
vn 0.028 1.000 -0.010
vn 0.044 0.999 0.019
vn -0.061 0.998 0.032
vn 0.351 0.814 0.463
vn 0.282 0.908 0.309
vn 0.213 0.949 0.231
vn 0.230 0.894 0.385
vn 0.058 0.985 0.160
vn 0.081 0.997 0.002
vn -0.143 0.986 -0.090
vn -0.021 0.999 -0.045
vn 0.117 0.980 -0.161
vn -0.133 0.991 -0.023
vn 0.004 0.999 0.048
vn 0.146 0.989 -0.008
vn -0.042 0.999 0.025
vn -0.010 1.000 -0.007
vn 0.037 0.999 -0.017
vn -0.071 0.994 0.087
vn 0.120 0.992 0.028
vn 0.055 0.998 -0.003
vn -0.003 1.000 -0.030
vn -0.039 0.999 -0.016
vn 0.040 0.999 0.028
vn 0.043 0.999 0.004
vn -0.055 0.997 0.046
vn -0.077 0.995 0.064
vn -0.106 0.991 0.082
vn 0.036 0.997 0.069
vn 0.001 1.000 0.001
vn 0.023 0.999 -0.031
vn -0.174 0.982 0.074
vn -0.185 0.916 0.356
vn -0.107 0.967 0.230
vn -0.365 0.865 0.345
vn -0.232 0.919 0.319
vn 0.041 0.999 -0.025
vn 0.020 1.000 -0.015
vn -0.001 1.000 0.021
vn 0.019 1.000 -0.008
vn 0.029 0.999 -0.019
vn -0.006 1.000 0.025
vn -0.009 1.000 0.011
vn 0.049 0.999 0.013
vn 0.418 0.886 0.201
vn 0.243 0.881 0.405
vn 0.135 0.906 0.401
vn 0.356 0.929 -0.098
vn 0.226 0.893 0.390
vn 0.263 0.961 0.081
vn -0.145 0.989 -0.026
vn 0.450 0.864 0.224
vn -0.222 0.974 0.036
vn 0.146 0.985 0.089
vn 0.103 0.995 -0.007
vn 0.034 0.999 0.023
vn -0.194 0.979 0.066
vn 0.075 0.997 -0.030
vn 0.099 0.995 -0.013
vn -0.034 0.999 0.006
vn 0.038 0.999 -0.039
vn -0.074 0.997 0.003
vn -0.092 0.986 0.137
vn 0.157 0.962 0.224
vn 0.140 0.986 0.096
vn 0.006 1.000 0.022
vn -0.044 0.999 -0.009
vn -0.100 0.989 0.109
vn -0.030 0.999 0.016
vn -0.072 0.997 0.010
vn -0.082 0.997 -0.013
vn -0.122 0.992 0.009
vn 0.153 0.980 -0.125
vn -0.077 0.997 -0.021
vn 0.041 0.999 0.021
vn -0.132 0.990 -0.050
vn -0.387 0.918 -0.086
vn -0.145 0.987 -0.070
vn 0.044 0.999 -0.023
vn -0.030 0.999 0.029
vn 0.025 1.000 0.002
vn 0.024 1.000 0.005
vn -0.022 0.998 0.054
vn 0.023 0.999 0.038
vn -0.031 0.999 0.026
vn 0.419 0.850 -0.320
vn 0.290 0.899 -0.328
vn -0.012 0.994 -0.105
vn 0.267 0.907 -0.326
vn -0.024 0.998 0.066
vn -0.175 0.981 0.078
vn 0.101 0.995 0.022
vn -0.015 0.997 0.069
vn -0.096 0.995 0.013
vn 0.093 0.996 0.005
vn 0.077 0.997 0.019
vn 0.024 0.998 -0.055
vn 0.018 0.999 -0.045
vn -0.122 0.992 -0.019
vn -0.317 0.948 -0.012
vn 0.029 0.972 0.232
vn 0.209 0.978 0.001
vn 0.160 0.985 -0.064
vn 0.032 0.999 0.025
vn -0.103 0.994 0.045
vn -0.083 0.996 -0.021
vn 0.017 1.000 0.003
vn -0.022 1.000 -0.022
vn -0.118 0.993 0.003
vn 0.049 0.951 -0.307
vn 0.048 0.981 -0.186
vn -0.153 0.985 -0.080
vn 0.073 0.983 -0.171
vn -0.142 0.988 -0.056
vn -0.173 0.985 0.011
vn -0.010 0.998 0.066
vn 0.001 0.999 0.042
vn 0.032 0.999 0.018
vn -0.001 1.000 0.026
vn -0.026 0.991 -0.129
vn 0.139 0.973 -0.183
vn 0.051 0.996 0.071
vn 0.176 0.826 -0.536
vn 0.185 0.883 -0.432
vn 0.299 0.890 -0.343
vn 0.061 0.998 -0.031
vn 0.438 0.870 -0.225
vn 0.222 0.894 -0.390
vn 0.004 0.999 0.033
vn 0.334 0.896 -0.293
vn -0.113 0.989 0.099
vn -0.088 0.994 0.057
vn 0.079 0.996 0.032
vn 0.027 1.000 -0.016
vn -0.170 0.984 -0.051
vn 0.085 0.996 -0.001
vn 0.115 0.993 0.015
vn 0.016 0.998 0.067
vn -0.011 0.999 0.041
vn 0.077 0.997 -0.022
vn -0.298 0.953 -0.049
vn -0.314 0.937 -0.151
vn -0.286 0.958 -0.010
vn 0.206 0.961 -0.182
vn -0.057 0.983 0.177
vn 0.077 0.980 0.184
vn -0.090 0.996 -0.016
vn -0.028 0.997 -0.079
vn 0.036 0.999 0.033
vn -0.016 1.000 0.015
vn 0.163 0.986 -0.038
vn 0.349 0.857 -0.380
vn 0.096 0.936 -0.338
vn 0.255 0.953 -0.166
vn -0.138 0.981 0.140
vn 0.323 0.938 -0.129
vn -0.080 0.976 -0.202
vn 0.008 0.994 -0.109
vn 0.012 0.940 -0.342
vn -0.129 0.954 -0.270
vn -0.314 0.941 0.129
vn -0.129 0.989 0.072
vn -0.029 0.999 0.038
vn 0.060 0.998 -0.006
vn 0.000 0.999 0.039
vn -0.001 0.994 0.106
vn 0.181 0.984 0.007
vn 0.265 0.944 0.197
vn 0.005 0.998 -0.057
vn -0.115 0.924 -0.365
vn -0.063 0.995 0.071
vn 0.122 0.937 -0.329
vn 0.354 0.849 -0.393
vn 0.203 0.953 -0.225
vn 0.198 0.856 -0.477
vn -0.054 0.996 0.069
vn -0.006 0.987 0.162
vn -0.043 0.900 -0.434
vn -0.082 0.987 0.138
vn 0.083 0.963 -0.256
vn -0.089 0.992 0.094
vn -0.069 0.997 0.015
vn -0.035 0.994 -0.107
vn 0.071 0.997 -0.021
vn 0.118 0.993 0.032
vn -0.103 0.993 0.052
vn -0.079 0.993 -0.091
vn -0.021 0.999 -0.034
vn 0.037 0.994 0.099
vn 0.051 0.995 0.090
vn 0.077 0.997 0.031
vn -0.010 0.998 0.065
vn -0.200 0.976 -0.080
vn 0.005 0.995 -0.101
vn 0.065 0.998 -0.025
vn -0.135 0.990 -0.044
vn -0.011 0.971 -0.239
vn -0.261 0.963 -0.072
vn 0.011 0.997 -0.074
vn 0.026 0.976 -0.214
vn 0.289 0.954 -0.075
vn 0.122 0.991 -0.046
vn -0.038 0.999 -0.028
vn -0.129 0.991 0.048
vn 0.075 0.997 -0.025
vn -0.036 0.999 -0.018
vn 0.117 0.993 0.023
vn 0.229 0.960 0.158
vn 0.102 0.994 0.029
vn 0.257 0.966 -0.036
vn 0.116 0.966 -0.231
vn -0.395 0.883 0.253
vn 0.230 0.963 -0.142
vn 0.078 0.982 -0.174
vn -0.236 0.964 -0.125
vn 0.119 0.926 0.358
vn -0.363 0.835 0.415
vn -0.365 0.920 0.142
vn 0.069 0.819 0.570
vn 0.069 0.681 0.729
vn -0.326 0.913 0.243
vn -0.173 0.967 0.186
vn 0.010 0.998 -0.054
vn 0.005 0.975 -0.223
vn -0.019 0.999 -0.033
vn 0.099 0.995 -0.013
vn 0.001 0.996 -0.084
vn 0.041 0.971 -0.237
vn -0.033 0.974 -0.223
vn 0.050 0.990 -0.131
vn -0.009 0.998 0.060
vn 0.260 0.965 -0.037
vn 0.432 0.826 0.361
vn 0.598 0.801 -0.027
vn 0.332 0.934 -0.136
vn 0.661 0.750 0.024
vn 0.639 0.728 0.248
vn 0.465 0.641 0.611
vn 0.514 0.831 0.212
vn -0.153 0.977 -0.148
vn 0.208 0.826 0.523
vn 0.104 0.789 0.606
vn -0.005 0.953 0.304
vn -0.152 0.988 -0.041
vn -0.163 0.910 0.380
vn 0.055 0.986 0.159
vn 0.184 0.886 0.426
vn -0.050 0.998 -0.042
vn 0.008 0.998 -0.068
vn 0.060 0.998 -0.014
vn -0.088 0.950 -0.300
vn -0.021 0.996 0.092
vn -0.294 0.954 0.053
vn 0.160 0.986 -0.046
vn -0.096 0.993 -0.070
vn -0.093 0.990 -0.102
vn -0.030 0.997 -0.072
vn 0.049 0.999 -0.002
vn 0.005 0.993 0.115
vn 0.085 0.995 0.056
vn 0.073 0.997 -0.015
vn 0.002 0.998 0.060
vn -0.002 0.990 0.139
vn -0.005 0.992 0.124
vn -0.046 0.992 0.116
vn -0.089 0.992 0.093
vn 0.087 0.996 -0.004
vn -0.072 0.996 0.057
vn 0.347 0.924 -0.161
vn 0.192 0.954 -0.228
vn -0.122 0.974 -0.192
vn 0.148 0.905 -0.398
vn 0.087 0.996 0.013
vn 0.127 0.952 0.280
vn -0.474 0.847 0.240
vn -0.522 0.828 0.204
vn -0.692 0.697 0.186
vn -0.580 0.742 0.335
vn -0.363 0.921 -0.138
vn -0.085 0.951 0.297
vn -0.181 0.937 0.299
vn -0.038 0.809 0.587
vn 0.049 0.843 -0.535
vn -0.141 0.848 -0.511
vn 0.007 0.950 -0.313
vn -0.164 0.960 -0.229
vn -0.347 0.847 -0.402
vn -0.419 0.908 -0.014
vn -0.066 0.913 -0.403
vn 0.023 0.999 -0.043
vn 0.056 0.998 -0.002
vn 0.100 0.989 -0.111
vn 0.270 0.936 0.225
vn 0.188 0.916 -0.354
vn -0.258 0.859 -0.442
vn 0.213 0.949 -0.232
vn -0.234 0.972 0.001
vn -0.210 0.960 0.185
vn 0.073 0.996 0.042
vn -0.020 0.989 0.149
vn -0.076 0.997 -0.015
vn -0.025 0.993 0.111
vn 0.020 0.999 -0.034
vn 0.204 0.906 0.370
vn 0.203 0.965 0.168
vn 0.074 0.966 0.246
vn 0.046 0.972 0.232
vn -0.094 0.916 0.389
vn -0.214 0.954 0.209
vn -0.168 0.973 0.158
vn -0.088 0.861 0.500
vn -0.200 0.872 0.447
vn -0.076 0.858 0.507
vn -0.008 0.998 0.061
vn 0.258 0.925 0.280
vn 0.530 0.844 0.074
vn 0.367 0.903 0.222
vn -0.046 0.996 -0.081
vn 0.288 0.922 0.259
vn -0.072 0.997 0.011
vn 0.188 0.982 -0.021
vn -0.058 0.998 -0.015
vn -0.015 0.997 -0.074
vn -0.107 0.976 -0.189
vn -0.028 0.999 0.031
vn 0.142 0.990 0.002
vn -0.006 0.997 0.076
vn -0.059 0.992 0.116
vn -0.038 0.989 0.146
vn 0.029 0.988 0.155
vn -0.034 0.995 0.098
vn -0.005 0.999 0.055
vn -0.052 0.987 0.150
vn 0.071 0.995 0.074
vn 0.507 0.856 -0.102
vn 0.158 0.950 -0.269
vn -0.232 0.968 -0.092
vn 0.176 0.982 -0.062
vn -0.117 0.992 -0.041
vn -0.079 0.996 -0.033
vn -0.034 0.997 -0.062
vn -0.056 0.979 -0.196
vn -0.022 0.850 -0.526
vn -0.288 0.933 0.214
vn -0.169 0.980 0.106
vn -0.206 0.862 -0.463
vn -0.372 0.927 0.049
vn -0.020 0.934 -0.358
vn -0.214 0.969 0.126
vn 0.004 1.000 0.019
vn -0.019 0.998 0.053
vn -0.039 0.957 0.287
vn -0.059 0.997 0.052
vn -0.041 0.994 0.105
vn 0.083 0.996 0.029
vn 0.028 0.999 -0.027
vn 0.015 1.000 -0.018
vn 0.043 0.998 0.043
vn -0.061 0.996 0.070
vn -0.002 0.950 0.312
vn 0.024 0.998 -0.052
vn 0.028 0.932 0.362
vn -0.058 0.970 0.236
vn 0.020 1.000 0.003
vn 0.040 0.998 -0.045
vn 0.266 0.960 -0.085
vn 0.326 0.940 -0.104
vn 0.518 0.835 -0.186
vn 0.340 0.903 -0.262
vn 0.016 0.987 0.158
vn 0.475 0.875 -0.097
vn -0.100 0.986 0.136
vn -0.024 0.996 0.090
vn 0.036 0.995 0.096
vn 0.052 0.997 0.051
vn -0.126 0.963 0.240
vn -0.261 0.961 0.087
vn -0.270 0.962 0.045
vn 0.066 0.995 -0.075
vn 0.027 1.000 0.003
vn -0.021 0.998 0.067
vn -0.063 0.998 0.025
vn -0.057 0.998 0.038
vn 0.063 0.998 0.003
vn 0.013 1.000 -0.026
vn -0.040 0.999 -0.017
vn 0.039 0.999 0.012
vn 0.231 0.970 -0.074
vn 0.283 0.954 0.105
vn 0.114 0.984 0.136
vn -0.125 0.958 0.257
vn 0.042 0.998 0.052
vn -0.234 0.970 0.069
vn -0.293 0.945 0.147
vn 0.030 0.999 0.018
vn -0.015 1.000 0.015
vn -0.026 1.000 0.006
vn -0.068 0.997 -0.024
vn 0.037 0.993 -0.112
vn 0.103 0.987 -0.120
vn -0.044 0.999 -0.020
vn -0.008 0.998 0.060
vn 0.005 0.998 0.059
vn 0.022 0.999 0.027
vn 0.021 1.000 0.011
vn -0.015 1.000 0.008
vn 0.186 0.980 0.075
vn 0.396 0.903 -0.164
vn 0.192 0.970 0.148
vn -0.134 0.990 -0.035
vn 0.001 1.000 0.023
vn -0.050 0.997 0.054
vn 0.073 0.995 -0.067
vn 0.019 0.998 -0.063
vn -0.050 0.999 -0.002
vn 0.002 1.000 -0.024
vn -0.016 0.996 -0.090
vn -0.073 0.995 -0.064
vn 0.118 0.989 -0.091
vn -0.038 0.999 -0.025
vn 0.010 1.000 -0.025
vn 0.001 0.999 -0.044
vn 0.126 0.989 0.078
vn 0.078 0.993 0.094
vn -0.000 0.998 0.060
vn 0.104 0.993 0.058
vn -0.299 0.953 0.041
vn -0.003 0.926 -0.378
vn 0.043 0.980 -0.192
vn -0.219 0.973 -0.069
vn -0.115 0.910 -0.397
vn 0.016 1.000 0.021
vn 0.010 1.000 -0.013
vn -0.009 0.999 -0.044
vn 0.045 0.999 -0.023
vn 0.023 0.999 0.034
vn -0.019 1.000 0.016
vn -0.057 0.991 -0.125
vn 0.239 0.936 -0.260
vn -0.042 0.978 -0.205
vn -0.020 1.000 0.005
vn -0.002 0.841 -0.541
vn 0.032 0.997 0.075
vn -0.131 0.930 -0.342
vn -0.184 0.946 -0.268
vn -0.109 0.741 -0.663
vn -0.147 0.816 -0.559
vn -0.010 0.998 0.060
vn -0.083 0.982 -0.171
vn 0.037 0.999 0.038
vn 0.011 1.000 0.020
vn -0.018 0.999 0.034
vn 0.189 0.967 0.171
vn 0.404 0.913 -0.058
vn 0.042 0.999 0.016
vn -0.268 0.962 0.049
vn 0.184 0.983 0.025
vn -0.030 0.997 0.077
vn 0.027 1.000 0.007
vn 0.114 0.993 -0.029
vn -0.042 0.997 0.061
vn 0.025 0.999 -0.047
vn 0.002 1.000 -0.000
vn -0.026 1.000 0.013
vn -0.060 0.998 0.016
vn 0.081 0.996 -0.030
vn -0.092 0.995 0.025
vn 0.087 0.996 -0.028
vn 0.002 0.992 0.129
vn 0.186 0.980 0.071
vn 0.089 0.996 0.013
vn -0.039 0.996 0.077
vn 0.002 0.986 0.165
vn -0.007 0.996 0.091
vn -0.246 0.946 -0.214
vn -0.396 0.879 0.265
vn 0.023 0.913 -0.407
vn -0.447 0.875 0.185
vn -0.510 0.732 0.452
vn -0.591 0.794 0.140
vn 0.065 0.997 -0.045
vn -0.159 0.981 0.112
vn -0.319 0.854 0.411
vn -0.318 0.868 0.382
vn -0.018 1.000 0.009
vn -0.377 0.849 0.371
vn -0.569 0.789 0.231
vn -0.060 0.998 -0.006
vn -0.663 0.670 0.334
vn 0.006 1.000 0.013
vn 0.008 1.000 0.022
vn 0.018 0.999 0.028
vn -0.059 0.992 0.107
vn 0.047 0.996 0.076
vn -0.011 0.996 0.086
vn 0.187 0.980 -0.070
vn 0.231 0.967 -0.111
vn -0.065 0.997 -0.041
vn 0.011 0.996 -0.084
vn 0.014 0.921 -0.388
vn -0.097 0.989 -0.113
vn -0.130 0.950 -0.285
vn 0.080 0.997 0.002
vn -0.213 0.967 -0.137
vn -0.028 0.994 -0.105
vn -0.529 0.785 -0.323
vn -0.406 0.805 -0.432
vn 0.015 1.000 0.006
vn -0.017 0.991 -0.135
vn 0.074 0.997 -0.034
vn 0.246 0.956 -0.161
vn 0.160 0.907 -0.389
vn 0.337 0.885 -0.320
vn 0.184 0.769 -0.612
vn 0.299 0.826 -0.477
vn 0.251 0.881 -0.402
vn 0.008 0.942 -0.336
vn -0.122 0.975 0.185
vn 0.052 0.984 0.171
vn -0.002 0.867 -0.499
vn -0.050 0.999 -0.005
vn -0.135 0.981 0.136
vn 0.027 1.000 -0.001
vn 0.068 0.998 0.007
vn -0.019 0.994 0.106
vn 0.045 0.995 0.083
vn -0.020 0.997 0.077
vn -0.006 0.995 0.101
vn 0.005 1.000 -0.003
vn 0.040 0.992 -0.117
vn -0.013 1.000 0.009
vn -0.042 0.999 0.028
vn 0.018 0.999 0.032
vn -0.024 0.994 0.102
vn 0.190 0.981 0.050
vn 0.103 0.969 0.226
vn -0.065 0.984 0.163
vn 0.056 0.992 0.117
vn 0.054 0.997 0.062
vn -0.166 0.985 -0.039
vn -0.533 0.844 0.069
vn -0.588 0.806 -0.062
vn -0.461 0.876 0.144
vn -0.206 0.958 0.198
vn -0.011 1.000 -0.007
vn -0.391 0.889 0.237
vn -0.010 1.000 -0.005
vn -0.021 0.999 0.038
vn -0.015 0.999 0.041
vn 0.012 0.995 -0.103
vn 0.025 0.999 0.040
vn 0.085 0.996 -0.028
vn 0.229 0.973 0.001
vn 0.119 0.991 0.066
vn -0.082 0.993 0.082
vn -0.002 0.986 0.166
vn -0.228 0.971 0.068
vn -0.577 0.783 -0.232
vn -0.014 0.989 -0.146
vn -0.458 0.870 -0.183
vn 0.222 0.922 -0.317
vn 0.145 0.981 0.127
vn 0.319 0.810 -0.492
vn 0.179 0.904 -0.387
vn 0.030 0.745 -0.666
vn -0.169 0.962 0.215
vn -0.017 0.966 0.257
vn -0.065 0.992 0.108
vn 0.016 1.000 -0.020
vn 0.025 1.000 -0.007
vn -0.011 1.000 0.028
vn -0.014 0.999 0.031
vn 0.068 0.998 0.016
vn -0.026 0.999 0.024
vn 0.101 0.993 -0.059
vn 0.056 0.998 -0.016
vn -0.076 0.995 0.071
vn -0.068 0.994 0.087
vn 0.007 1.000 0.028
vn 0.021 1.000 0.021
vn 0.207 0.976 -0.067
vn 0.049 0.994 -0.093
vn 0.141 0.990 -0.006
vn -0.031 0.994 0.109
vn 0.003 0.995 0.101
vn 0.162 0.987 0.017
vn -0.313 0.933 0.177
vn -0.338 0.888 0.312
vn -0.020 0.995 0.102
vn -0.323 0.893 0.314
vn -0.047 0.992 -0.115
vn -0.023 0.994 -0.106
vn 0.104 0.975 -0.196
vn 0.124 0.955 -0.271
vn -0.065 0.938 -0.339
vn -0.138 0.971 -0.195
vn -0.081 0.954 -0.290
vn 0.005 0.983 -0.185
vn -0.085 0.996 -0.016
vn 0.141 0.986 0.090
vn 0.123 0.979 0.163
vn -0.043 0.992 0.121
vn -0.120 0.992 0.027
vn 0.012 0.987 0.159
vn -0.004 0.990 0.139
vn 0.015 0.999 0.032
vn 0.018 1.000 -0.001
vn 0.042 0.999 -0.033
vn 0.009 0.999 -0.046
vn -0.024 0.999 -0.029
vn -0.009 1.000 -0.014
vn 0.055 0.998 -0.012
vn -0.009 1.000 -0.005
vn 0.042 0.999 0.005
vn 0.008 0.999 0.032
vn -0.068 0.997 0.031
vn -0.001 1.000 0.021
vn -0.039 0.997 0.073
vn 0.117 0.992 0.038
vn 0.179 0.984 0.010
vn -0.009 0.996 0.088
vn -0.037 0.997 0.065
vn 0.050 0.999 0.010
vn 0.260 0.965 0.031
vn -0.048 0.997 0.052
vn -0.376 0.926 -0.025
vn -0.181 0.983 0.032
vn -0.252 0.958 0.138
vn 0.112 0.986 -0.121
vn 0.354 0.921 -0.163
vn -0.012 0.923 -0.385
vn 0.164 0.986 0.009
vn 0.109 0.993 0.037
vn 0.453 0.891 -0.045
vn -0.268 0.888 -0.374
vn -0.007 0.990 -0.144
vn -0.057 0.963 -0.265
vn -0.153 0.977 -0.152
vn 0.137 0.982 -0.133
vn -0.128 0.988 0.083
vn -0.190 0.980 0.067
vn -0.092 0.994 0.060
vn -0.030 0.998 0.060
vn 0.237 0.971 -0.030
vn -0.443 0.882 0.163
vn 0.100 0.993 0.058
vn -0.270 0.957 -0.103
vn -0.260 0.933 -0.247
vn -0.122 0.966 -0.227
vn 0.017 0.997 0.073
vn 0.017 0.984 0.175
vn 0.332 0.943 -0.026
vn -0.067 0.998 -0.017
vn -0.277 0.960 0.030
vn 0.036 0.997 0.063
vn 0.073 0.995 -0.068
vn 0.038 0.967 -0.254
vn -0.056 0.998 -0.026
vn 0.040 0.998 0.051
vn 0.086 0.996 -0.018
vn -0.012 1.000 -0.019
vn -0.037 0.999 -0.019
vn -0.006 1.000 -0.025
vn 0.049 0.998 -0.032
vn 0.031 0.999 -0.035
vn 0.027 0.998 -0.064
vn 0.027 1.000 -0.012
vn -0.128 0.992 0.017
vn 0.059 0.995 -0.075
vn -0.014 0.974 -0.226
vn 0.064 0.993 -0.099
vn -0.116 0.938 -0.327
vn 0.078 0.995 -0.058
vn 0.071 0.993 -0.098
vn -0.110 0.993 -0.043
vn -0.007 0.999 0.041
vn 0.046 0.997 0.054
vn 0.160 0.984 0.082
vn -0.071 0.995 0.067
vn -0.123 0.988 -0.089
vn -0.201 0.964 -0.173
vn -0.017 0.994 0.106
vn -0.138 0.944 0.298
vn 0.291 0.934 -0.208
vn 0.159 0.975 0.155
vn -0.010 0.988 -0.154
vn -0.066 0.997 0.041
vn 0.110 0.993 0.043
vn -0.018 0.992 0.128
vn -0.112 0.992 0.058
vn -0.146 0.989 0.016
vn -0.185 0.976 0.117
vn -0.270 0.963 0.010
vn 0.212 0.968 0.131
vn 0.073 0.984 -0.160
vn 0.186 0.947 0.264
vn -0.326 0.944 0.049
vn 0.085 0.944 0.320
vn 0.023 0.996 -0.089
vn 0.208 0.977 0.039
vn -0.209 0.974 0.091
vn -0.328 0.944 -0.030
vn -0.364 0.928 -0.076
vn 0.052 0.998 0.022
vn -0.568 0.819 0.076
vn -0.169 0.985 0.034
vn 0.024 0.995 -0.096
vn 0.381 0.911 -0.158
vn 0.212 0.921 -0.328
vn 0.522 0.834 -0.179
vn -0.231 0.968 0.097
vn 0.640 0.748 -0.174
vn 0.446 0.894 -0.050
vn -0.168 0.986 -0.008
vn -0.083 0.996 0.037
vn 0.179 0.983 0.042
vn 0.272 0.906 -0.323
vn -0.126 0.978 -0.167
vn -0.160 0.985 0.070
vn -0.241 0.899 0.365
vn 0.128 0.938 0.323
vn -0.124 0.992 0.036
vn -0.084 0.994 0.070
vn 0.108 0.993 -0.038
vn 0.126 0.992 -0.029
vn -0.088 0.996 -0.014
vn 0.009 1.000 0.001
vn 0.048 0.991 -0.128
vn -0.006 0.996 -0.091
vn 0.080 0.995 -0.065
vn -0.003 0.994 -0.108
vn 0.050 0.996 -0.070
vn -0.074 0.997 0.006
vn -0.083 0.996 0.042
vn 0.206 0.979 -0.009
vn 0.058 0.986 -0.158
vn 0.054 0.996 -0.072
vn 0.046 0.996 -0.078
vn 0.143 0.983 0.118
vn -0.046 0.999 0.011
vn -0.133 0.989 0.059
vn -0.033 0.998 0.060
vn 0.045 0.999 -0.007
vn 0.190 0.981 0.034
vn 0.351 0.936 -0.036
vn 0.215 0.952 0.219
vn -0.395 0.893 -0.216
vn -0.376 0.916 0.139
vn -0.503 0.693 -0.516
vn -0.216 0.940 -0.265
vn -0.282 0.859 -0.427
vn -0.339 0.925 -0.170
vn -0.391 0.912 -0.121
vn 0.151 0.971 0.186
vn 0.165 0.961 0.221
vn 0.010 1.000 0.022
vn 0.078 0.988 0.136
vn -0.055 0.998 -0.009
vn 0.036 0.996 0.086
vn 0.147 0.974 0.174
vn 0.064 0.950 0.305
vn 0.280 0.958 -0.066
vn -0.091 0.973 -0.213
vn 0.091 0.928 -0.362
vn 0.124 0.991 0.048
vn 0.338 0.821 -0.461
vn 0.271 0.947 -0.171
vn 0.046 0.863 -0.503
vn -0.004 0.948 -0.320
vn -0.233 0.927 -0.295
vn -0.341 0.897 0.281
vn -0.235 0.970 0.066
vn -0.220 0.975 -0.010
vn -0.256 0.959 0.120
vn -0.317 0.918 0.237
vn -0.237 0.960 0.150
vn -0.264 0.909 0.321
vn 0.042 0.999 -0.018
vn 0.034 0.999 0.009
vn -0.026 0.998 0.064
vn 0.121 0.984 0.133
vn -0.002 0.999 0.047
vn 0.309 0.951 0.013
vn 0.456 0.889 0.029
vn 0.340 0.935 0.103
vn -0.176 0.979 0.104
vn -0.183 0.923 0.340
vn 0.190 0.975 -0.119
vn 0.579 0.751 -0.319
vn -0.179 0.977 0.113
vn 0.041 0.999 -0.018
vn 0.017 0.999 -0.037
vn 0.034 0.973 0.230
vn 0.053 0.990 -0.131
vn 0.020 0.986 -0.165
vn 0.014 0.994 -0.113
vn 0.050 0.998 0.043
vn 0.019 0.983 0.184
vn -0.019 0.999 0.027
vn 0.098 0.994 -0.039
vn 0.059 0.998 -0.013
vn -0.075 0.996 0.048
vn 0.039 0.995 0.092
vn -0.041 0.984 0.171
vn -0.115 0.986 0.118
vn 0.076 0.996 -0.053
vn 0.147 0.986 -0.074
vn 0.009 0.999 0.049
vn 0.084 0.995 0.058
vn -0.138 0.990 0.005
vn -0.119 0.993 0.021
vn 0.066 0.994 -0.090
vn 0.045 0.992 -0.117
vn 0.008 1.000 0.004
vn 0.157 0.982 0.107
vn -0.067 0.998 -0.007
vn -0.001 0.996 0.084
vn -0.402 0.810 -0.428
vn -0.348 0.934 -0.075
vn -0.479 0.833 -0.278
vn 0.057 0.996 0.064
vn -0.510 0.628 -0.588
vn -0.352 0.866 -0.356
vn -0.110 0.994 0.028
vn -0.137 0.920 -0.367
vn -0.305 0.874 -0.378
vn -0.311 0.884 -0.349
vn -0.268 0.816 -0.512
vn 0.169 0.973 0.159
vn 0.092 0.996 0.022
vn 0.051 0.998 -0.028
vn 0.161 0.903 0.397
vn 0.102 0.994 -0.035
vn 0.135 0.950 0.280
vn 0.002 0.953 0.304
vn -0.087 0.988 0.127
vn -0.091 0.990 -0.107
vn 0.316 0.866 -0.388
vn 0.368 0.859 -0.355
vn 0.091 0.951 -0.295
vn 0.072 0.946 -0.315
vn 0.108 0.991 -0.078
vn -0.277 0.918 0.284
vn 0.316 0.792 -0.522
vn 0.133 0.990 -0.044
vn -0.371 0.874 0.314
vn 0.484 0.755 -0.443
vn 0.444 0.840 -0.313
vn -0.007 1.000 0.005
vn 0.071 0.995 -0.070
vn 0.118 0.983 -0.143
vn 0.028 0.997 -0.078
vn 0.027 0.996 -0.084
vn -0.059 0.998 -0.012
vn 0.032 0.997 -0.076
vn -0.028 0.997 -0.074
vn -0.013 1.000 0.007
vn 0.048 0.988 0.149
vn -0.042 0.998 0.039
vn -0.008 1.000 0.022
vn 0.013 1.000 -0.015
vn -0.012 0.999 -0.047
vn 0.123 0.991 -0.061
vn 0.039 0.999 -0.016
vn 0.020 0.999 -0.046
vn 0.052 0.998 -0.019
vn -0.102 0.995 -0.003
vn -0.019 0.996 -0.092
vn 0.104 0.987 -0.122
vn -0.021 0.997 -0.071
vn -0.039 0.995 -0.090
vn 0.004 0.999 0.035
vn -0.058 0.992 0.111
vn 0.122 0.910 0.397
vn -0.119 0.986 -0.117
vn 0.151 0.953 0.263
vn -0.106 0.994 -0.040
vn -0.210 0.872 -0.442
vn 0.118 0.983 0.141
vn 0.218 0.966 -0.138
vn -0.353 0.714 -0.604
vn -0.098 0.983 -0.154
vn 0.369 0.768 0.523
vn -0.167 0.922 -0.349
vn -0.182 0.979 0.093
vn -0.133 0.988 -0.078
vn -0.062 0.998 -0.020
vn 0.142 0.844 -0.518
vn 0.007 0.933 -0.359
vn 0.112 0.993 -0.036
vn 0.012 0.999 -0.049
vn 0.077 0.992 -0.105
vn 0.182 0.791 -0.583
vn 0.123 0.785 -0.607
vn 0.080 0.586 -0.807
vn 0.100 0.952 -0.288
vn -0.021 0.797 -0.604
vn 0.192 0.774 -0.603
vn -0.118 0.949 0.291
vn 0.081 0.895 -0.438
vn 0.108 0.964 -0.244
vn -0.190 0.917 -0.352
vn -0.333 0.820 -0.465
vn -0.060 0.997 -0.056
vn -0.315 0.948 0.041
vn 0.203 0.883 -0.423
vn 0.047 0.998 -0.035
vn 0.099 0.991 0.087
vn -0.231 0.946 0.227
vn -0.098 0.990 0.104
vn -0.297 0.888 0.350
vn 0.065 0.994 -0.089
vn -0.011 0.999 -0.042
vn 0.115 0.973 -0.198
vn 0.045 0.991 -0.129
vn -0.009 0.996 0.091
vn 0.031 0.991 0.127
vn -0.087 0.971 0.224
vn 0.014 0.981 0.192
vn 0.185 0.981 0.050
vn 0.019 0.997 -0.077
vn -0.107 0.981 -0.163
vn 0.032 0.995 -0.092
vn 0.006 0.995 -0.096
vn -0.033 0.999 -0.033
vn 0.011 1.000 -0.012
vn -0.017 1.000 0.004
vn 0.035 0.998 -0.049
vn 0.091 0.994 -0.052
vn 0.132 0.977 -0.165
vn 0.008 0.971 -0.238
vn -0.077 0.993 -0.094
vn -0.016 0.998 -0.065
vn 0.025 0.997 -0.067
vn 0.064 0.997 -0.049
vn -0.010 1.000 -0.028
vn -0.057 0.996 -0.067
vn -0.049 0.995 -0.091
vn -0.058 0.997 -0.049
vn -0.024 0.998 -0.055
vn 0.177 0.976 0.130
vn 0.115 0.917 0.383
vn 0.117 0.992 0.043
vn 0.269 0.955 0.123
vn 0.186 0.983 0.008
vn 0.265 0.864 -0.429
vn -0.018 0.980 0.198
vn 0.017 0.909 0.416
vn 0.226 0.917 -0.330
vn -0.041 0.822 0.567
vn 0.100 0.975 -0.197
vn 0.237 0.962 0.136
vn 0.007 0.857 0.514
vn 0.186 0.821 -0.540
vn -0.136 0.832 -0.538
vn -0.033 0.879 -0.476
vn -0.019 0.988 0.156
vn 0.018 0.785 0.619
vn -0.157 0.981 0.117
vn -0.100 0.868 0.487
vn 0.041 0.971 0.236
vn -0.052 0.993 0.101
vn -0.074 0.931 0.356
vn 0.096 0.991 -0.090
vn -0.094 0.993 0.073
vn -0.013 0.996 -0.091
vn 0.121 0.987 -0.102
vn 0.090 0.979 -0.182
vn -0.258 0.956 0.140
vn -0.047 0.973 0.226
vn -0.009 0.983 0.182
vn -0.019 0.999 0.037
vn -0.056 0.980 0.189
vn 0.231 0.971 0.070
vn 0.225 0.971 -0.076
vn 0.377 0.924 -0.061
vn 0.052 0.999 0.003
vn -0.057 0.998 -0.001
vn -0.097 0.993 0.066
vn -0.043 0.997 0.056
vn 0.023 1.000 0.001
vn 0.022 0.999 0.030
vn 0.072 0.997 -0.019
vn 0.154 0.987 -0.051
vn 0.221 0.970 -0.103
vn -0.059 0.994 -0.094
vn -0.211 0.975 -0.068
vn 0.012 0.998 -0.058
vn -0.001 0.999 -0.049
vn 0.017 1.000 0.016
vn 0.040 0.999 0.016
vn -0.011 0.999 -0.038
vn -0.078 0.996 -0.038
vn -0.082 0.997 -0.010
vn 0.023 0.999 -0.034
vn 0.020 1.000 -0.002
vn -0.009 1.000 0.015
vn 0.010 1.000 -0.006
vn 0.089 0.994 -0.069
vn -0.003 0.999 -0.032
vn -0.106 0.992 0.064
vn 0.282 0.958 -0.041
vn -0.127 0.991 0.050
vn -0.260 0.928 -0.267
vn -0.025 0.992 -0.121
vn 0.056 0.996 -0.071
vn -0.212 0.960 0.182
vn -0.095 0.995 0.006
vn 0.197 0.955 -0.222
vn 0.096 0.981 -0.166
vn 0.104 0.992 -0.077
vn 0.472 0.837 -0.277
vn 0.344 0.939 -0.009
vn 0.067 0.998 0.013
vn 0.063 0.997 -0.045
vn -0.156 0.983 0.102
vn -0.046 0.995 0.086
vn 0.052 0.998 -0.036
vn -0.073 0.997 0.034
vn 0.063 0.998 0.029
vn 0.065 0.997 0.030
vn 0.203 0.979 0.006
vn 0.176 0.979 0.105
vn -0.019 0.993 0.118
vn -0.200 0.977 0.075
vn -0.065 0.994 -0.092
vn -0.052 0.996 -0.075
vn -0.035 0.999 -0.025
vn 0.056 0.998 -0.004
vn 0.008 1.000 0.009
vn -0.080 0.997 -0.023
vn -0.051 0.995 -0.084
vn -0.022 0.998 -0.067
vn -0.037 0.999 0.020
vn 0.031 0.999 -0.011
vn 0.026 0.999 -0.042
vn 0.141 0.988 -0.068
vn -0.146 0.989 0.039
vn 0.048 0.995 -0.089
vn 0.109 0.993 0.039
vn 0.052 0.989 0.135
vn -0.206 0.972 -0.113
vn -0.107 0.994 0.026
vn -0.168 0.929 -0.328
vn -0.243 0.927 -0.285
vn -0.146 0.989 -0.026
vn -0.109 0.987 -0.122
vn -0.072 0.992 0.103
vn 0.277 0.955 -0.106
vn 0.056 0.985 -0.161
vn 0.056 0.995 -0.088
vn 0.383 0.817 -0.431
vn 0.108 0.990 -0.093
vn 0.064 0.998 -0.026
vn 0.092 0.994 -0.056
vn -0.093 0.993 0.069
vn -0.134 0.991 0.028
vn 0.055 0.994 -0.091
vn -0.033 0.999 0.040
vn -0.023 1.000 0.018
vn 0.038 0.999 0.005
vn 0.092 0.995 0.040
vn 0.162 0.987 -0.012
vn 0.070 0.994 0.078
vn -0.021 0.992 0.126
vn -0.145 0.982 0.121
vn -0.007 1.000 -0.015
vn -0.079 0.996 0.031
vn -0.030 1.000 -0.003
vn 0.024 1.000 -0.006
vn 0.010 1.000 0.023
vn 0.020 0.999 -0.050
vn -0.032 0.995 -0.095
vn -0.095 0.994 -0.056
vn -0.051 0.998 -0.041
vn 0.131 0.991 -0.010
vn 0.015 1.000 0.005
vn 0.047 0.998 0.038
vn -0.070 0.997 0.009
vn 0.073 0.995 0.069
vn 0.001 0.994 0.107
vn 0.116 0.993 0.005
vn 0.005 1.000 -0.025
vn -0.390 0.920 0.029
vn -0.146 0.974 -0.174
vn -0.299 0.883 -0.362
vn 0.098 0.910 -0.404
vn -0.122 0.971 -0.206
vn 0.161 0.953 -0.256
vn -0.082 0.984 -0.157
vn -0.095 0.961 -0.261
vn -0.010 1.000 -0.013
vn 0.130 0.991 -0.042
vn 0.021 1.000 0.006
vn -0.071 0.997 0.002
vn 0.048 0.981 -0.185
vn -0.091 0.991 -0.099
vn -0.053 0.995 -0.084
vn -0.046 0.999 -0.016
vn 0.027 1.000 0.010
vn 0.128 0.992 -0.001
vn 0.140 0.990 0.025
vn 0.051 0.999 -0.002
vn -0.044 0.999 -0.028
vn -0.155 0.987 0.048
vn -0.020 0.996 0.082
vn -0.035 0.999 0.018
vn 0.025 0.998 -0.057
vn -0.021 0.999 -0.025
vn 0.044 0.998 -0.034
vn -0.055 0.995 0.085
vn -0.012 0.972 0.235
vn 0.027 1.000 0.006
vn -0.082 0.979 -0.184
vn 0.074 0.993 -0.096
vn -0.059 0.998 -0.007
vn 0.034 0.997 0.072
vn 0.086 0.995 0.045
vn -0.121 0.993 -0.001
vn -0.009 0.999 0.045
vn -0.083 0.992 0.096
vn 0.125 0.992 0.003
vn 0.133 0.991 -0.001
vn 0.031 0.999 -0.010
vn 0.025 0.999 -0.025
vn -0.050 0.997 0.066
vn -0.071 0.997 -0.004
vn 0.053 0.992 -0.110
vn 0.057 0.998 0.026
vn -0.003 0.999 0.033
vn 0.037 0.999 0.017
vn 0.033 0.999 0.034
vn -0.072 0.997 -0.018
vn -0.091 0.995 -0.038
vn -0.115 0.993 0.027
vn 0.033 0.999 0.005
vn 0.077 0.995 0.068
vn 0.124 0.985 0.120
vn 0.115 0.986 0.119
vn -0.090 0.989 0.116
vn -0.135 0.989 0.058
vn -0.036 0.998 0.049
vn 0.039 0.998 0.054
vn 0.003 0.999 0.049
vn 0.005 1.000 -0.001
vn 0.010 1.000 -0.003
vn -0.360 0.908 0.215
vn -0.215 0.908 0.360
vn 0.226 0.962 0.153
vn -0.302 0.952 0.054
vn 0.194 0.981 -0.031
vn -0.068 0.998 -0.011
vn -0.129 0.990 -0.060
vn -0.026 1.000 -0.017
vn 0.071 0.997 0.025
vn -0.048 0.998 -0.042
vn -0.039 0.997 -0.068
vn 0.130 0.991 -0.035
vn 0.130 0.991 0.013
vn -0.008 1.000 0.013
vn -0.025 0.999 -0.025
vn 0.010 0.998 -0.061
vn -0.033 0.999 -0.027
vn -0.076 0.995 0.070
vn 0.009 0.955 0.298
vn 0.121 0.981 0.155
vn 0.015 0.999 0.033
vn -0.011 0.998 0.059
vn -0.107 0.994 0.021
vn -0.092 0.996 0.014
vn 0.017 1.000 -0.011
vn 0.018 1.000 -0.015
vn 0.044 0.995 0.092
vn 0.123 0.987 0.103
vn -0.031 0.994 0.102
vn -0.067 0.997 0.046
vn 0.060 0.995 0.082
vn 0.075 0.997 -0.022
vn 0.013 1.000 0.021
vn 0.030 0.999 0.039
vn -0.091 0.993 0.077
vn -0.349 0.919 0.182
vn -0.205 0.974 -0.098
vn -0.185 0.947 0.263
vn 0.201 0.909 -0.364
vn 0.417 0.909 -0.010
vn -0.092 0.953 -0.289
vn -0.573 0.738 0.356
vn -0.058 0.998 -0.017
vn -0.435 0.809 -0.396
vn -0.326 0.906 -0.272
vn 0.092 0.996 0.002
vn -0.022 0.965 0.263
vn 0.284 0.920 0.268
vn 0.455 0.890 0.031
vn 0.283 0.957 0.061
vn -0.016 0.998 -0.057
vn -0.107 0.989 -0.097
vn 0.024 0.975 -0.220
vn 0.049 0.978 -0.203
vn -0.085 0.995 -0.058
vn -0.086 0.996 -0.015
vn 0.072 0.997 -0.012
vn 0.099 0.993 0.072
vn 0.065 0.998 -0.004
vn -0.002 0.999 -0.048
vn -0.029 0.999 0.038
vn 0.033 0.997 -0.063
vn -0.420 0.906 -0.054
vn -0.184 0.960 0.211
vn 0.087 0.995 0.047
vn -0.383 0.923 0.039
vn -0.065 0.934 0.351
vn 0.342 0.882 0.326
vn 0.047 0.978 0.203
vn 0.349 0.937 0.030
vn 0.111 0.916 -0.385
vn -0.235 0.887 -0.397
vn 0.299 0.954 0.026
vn -0.099 0.995 0.001
vn 0.329 0.944 -0.005
vn 0.018 1.000 -0.025
vn -0.102 0.994 -0.030
vn -0.022 0.992 -0.123
vn 0.034 0.989 -0.147
vn -0.059 0.996 -0.072
vn 0.034 0.997 -0.065
vn 0.072 0.997 -0.023
vn -0.083 0.996 0.027
vn 0.047 0.997 -0.064
vn 0.153 0.985 -0.084
vn 0.041 0.998 -0.057
vn -0.040 0.999 -0.037
vn 0.045 0.998 -0.044
vn -0.010 0.992 -0.128
vn -0.106 0.966 -0.238
vn -0.061 0.957 -0.283
vn 0.017 0.942 -0.335
vn 0.262 0.939 -0.222
vn 0.147 0.978 -0.144
vn -0.002 1.000 0.006
vn 0.052 0.993 -0.110
vn -0.037 0.998 -0.050
vn -0.127 0.979 0.157
vn -0.076 0.994 0.081
vn -0.038 0.999 0.001
vn 0.015 1.000 -0.004
vn 0.101 0.995 0.015
vn 0.098 0.994 0.046
vn -0.080 0.991 0.111
vn 0.074 0.997 -0.004
vn 0.044 0.998 -0.038
vn -0.259 0.963 -0.069
vn -0.277 0.949 -0.150
vn -0.004 0.953 -0.303
vn 0.106 0.994 -0.009
vn -0.039 0.992 0.120
vn 0.131 0.990 -0.052
vn 0.108 0.959 0.263
vn -0.395 0.888 0.236
vn -0.156 0.920 -0.359
vn 0.174 0.927 -0.332
vn 0.205 0.954 -0.218
vn 0.340 0.938 -0.071
vn -0.018 0.999 -0.040
vn 0.021 0.998 -0.056
vn -0.032 0.996 -0.078
vn 0.012 0.993 -0.118
vn -0.047 0.998 -0.050
vn -0.105 0.994 0.017
vn 0.025 1.000 0.013
vn 0.220 0.976 0.006
vn -0.001 0.991 -0.132
vn -0.104 0.988 -0.114
vn 0.043 0.998 -0.049
vn 0.216 0.881 -0.421
vn 0.240 0.971 0.001
vn 0.043 0.999 0.015
vn -0.010 1.000 -0.001
vn 0.032 0.999 0.022
vn 0.002 0.999 0.053
vn 0.006 1.000 -0.017
vn 0.047 0.998 -0.045
vn -0.022 0.999 0.024
vn 0.034 0.999 0.004
vn -0.018 0.993 0.118
vn -0.138 0.976 0.168
vn -0.028 1.000 0.003
vn -0.015 1.000 -0.012
vn 0.016 0.998 -0.055
vn 0.008 0.995 -0.099
vn 0.064 0.995 -0.083
vn -0.017 0.999 0.049
vn 0.022 0.999 0.029
vn 0.117 0.993 0.022
vn -0.016 0.996 0.093
vn -0.049 0.998 -0.030
vn 0.004 0.999 -0.046
vn -0.006 0.990 0.139
vn 0.031 0.984 0.174
vn 0.030 0.995 0.095
vn 0.021 0.999 0.028
vn -0.012 1.000 0.002
vn -0.130 0.990 0.056
vn -0.064 0.997 0.032
vn 0.054 0.997 -0.055
vn 0.118 0.992 -0.036
vn 0.095 0.994 0.056
vn 0.256 0.957 -0.139
vn 0.427 0.828 -0.363
vn -0.111 0.981 -0.159
vn 0.277 0.959 0.053
vn -0.406 0.868 0.287
vn 0.328 0.916 -0.231
vn 0.093 0.995 0.021
vn 0.001 0.998 0.064
vn 0.017 1.000 -0.000
vn 0.026 0.999 -0.025
vn 0.046 0.998 -0.040
vn 0.036 0.999 -0.031
vn 0.005 1.000 -0.000
vn -0.038 0.999 0.036
vn -0.026 0.994 0.102
vn -0.127 0.984 0.125
vn 0.227 0.969 -0.096
vn 0.012 0.993 -0.116
vn -0.048 0.998 -0.027
vn -0.069 0.982 -0.176
vn -0.007 1.000 0.002
vn 0.090 0.993 -0.075
vn -0.002 0.999 -0.040
vn -0.014 1.000 -0.005
vn -0.073 0.997 0.027
vn 0.018 1.000 0.012
vn 0.026 0.997 0.077
vn 0.065 0.997 0.030
vn 0.039 0.998 0.040
vn -0.068 0.998 -0.012
vn -0.004 1.000 0.025
vn -0.084 0.994 -0.073
vn -0.151 0.972 0.181
vn -0.019 1.000 0.010
vn 0.079 0.995 0.054
vn 0.059 0.995 0.077
vn -0.052 0.991 0.124
vn -0.081 0.994 0.067
vn 0.022 0.999 -0.038
vn 0.055 0.998 -0.027
vn 0.111 0.992 -0.066
vn 0.294 0.955 -0.040
vn -0.159 0.979 0.130
vn -0.583 0.716 0.384
vn -0.436 0.870 0.231
vn 0.230 0.971 0.059
vn -0.475 0.726 0.497
vn -0.041 0.998 -0.038
vn -0.253 0.869 0.426
vn -0.348 0.873 0.343
vn -0.500 0.863 -0.071
vn -0.460 0.735 -0.498
vn 0.033 0.999 0.009
vn 0.105 0.990 -0.092
vn 0.045 0.988 -0.148
vn 0.013 0.991 -0.136
vn -0.001 0.998 -0.066
vn 0.010 0.999 -0.035
vn -0.042 0.999 -0.018
vn -0.103 0.993 0.066
vn -0.012 1.000 0.025
vn -0.084 0.996 -0.018
vn -0.011 1.000 -0.013
vn 0.071 0.996 -0.057
vn 0.302 0.939 0.164
vn -0.095 0.970 0.225
vn 0.169 0.985 0.045
vn -0.013 0.998 -0.057
vn 0.043 0.995 -0.085
vn 0.024 1.000 -0.011
vn -0.036 0.997 0.065
vn -0.019 0.998 0.057
vn 0.003 1.000 0.009
vn -0.006 1.000 -0.011
vn 0.046 0.999 -0.027
vn -0.002 0.999 0.043
vn 0.008 0.997 0.071
vn 0.036 0.997 0.069
vn -0.033 0.999 0.039
vn -0.069 0.997 0.023
vn 0.036 0.999 0.004
vn -0.044 0.994 0.098
vn 0.053 0.998 0.036
vn -0.036 0.999 -0.014
vn 0.021 0.999 0.041
vn 0.135 0.988 -0.077
vn 0.135 0.984 -0.114
vn 0.133 0.990 0.049
vn -0.107 0.994 -0.027
vn -0.586 0.753 -0.300
vn -0.584 0.811 -0.032
vn -0.551 0.829 0.092
vn -0.434 0.869 0.236
vn -0.204 0.951 0.232
vn 0.194 0.970 -0.149
vn 0.128 0.981 -0.148
vn 0.020 0.998 -0.059
vn -0.033 0.999 -0.020
vn -0.024 0.999 -0.021
vn 0.014 0.999 -0.033
vn -0.097 0.995 -0.004
vn -0.091 0.996 -0.010
vn -0.032 0.999 0.012
vn 0.023 1.000 0.003
vn 0.120 0.991 -0.067
vn -0.051 0.999 0.016
vn 0.010 1.000 0.007
vn -0.045 0.999 0.007
vn -0.032 0.999 -0.030
vn -0.003 0.999 -0.052
vn 0.012 0.998 -0.064
vn 0.010 0.997 -0.071
vn 0.009 0.999 -0.047
vn -0.021 1.000 -0.013
vn -0.003 1.000 -0.014
vn -0.003 0.999 0.039
vn -0.026 0.998 0.064
vn 0.031 0.999 -0.033
vn -0.004 0.999 -0.038
vn -0.084 0.995 -0.058
vn 0.295 0.925 -0.241
vn 0.061 0.997 -0.036
vn -0.130 0.991 0.043
vn -0.148 0.988 -0.045
vn 0.151 0.981 -0.121
vn 0.163 0.976 -0.142
vn -0.086 0.982 0.170
vn 0.081 0.995 -0.054
vn -0.081 0.942 0.325
vn -0.326 0.907 0.266
vn -0.177 0.863 0.473
vn -0.246 0.895 0.372
vn -0.248 0.946 0.211
vn -0.099 0.994 -0.054
vn -0.371 0.895 -0.249
vt 0.000000 0.031250
vt 0.031250 0.000000
vt 0.000000 0.000000
vt 0.031250 0.031250
vt 0.062500 0.000000
vt 0.062500 0.031250
vt 0.093750 0.000000
vt 0.093750 0.031250
vt 0.125000 0.000000
vt 0.125000 0.031250
vt 0.140625 0.015625
vt 0.156250 0.000000
vt 0.156250 0.031250
vt 0.140625 0.031250
vt 0.171875 0.015625
vt 0.187500 0.000000
vt 0.187500 0.031250
vt 0.171875 0.031250
vt 0.218750 0.000000
vt 0.218750 0.031250
vt 0.250000 0.000000
vt 0.250000 0.031250
vt 0.281250 0.000000
vt 0.281250 0.031250
vt 0.296875 0.015625
vt 0.312500 0.000000
vt 0.312500 0.015625
vt 0.304688 0.023438
vt 0.312500 0.031250
vt 0.296875 0.031250
vt 0.328125 0.015625
vt 0.343750 0.000000
vt 0.343750 0.031250
vt 0.375000 0.000000
vt 0.375000 0.031250
vt 0.390625 0.015625
vt 0.406250 0.000000
vt 0.390625 0.000000
vt 0.406250 0.031250
vt 0.421875 0.015625
vt 0.437500 0.000000
vt 0.437500 0.031250
vt 0.437500 0.015625
vt 0.453125 0.015625
vt 0.468750 0.000000
vt 0.468750 0.031250
vt 0.500000 0.000000
vt 0.500000 0.031250
vt 0.531250 0.000000
vt 0.531250 0.031250
vt 0.562500 0.000000
vt 0.562500 0.031250
vt 0.593750 0.000000
vt 0.593750 0.031250
vt 0.625000 0.000000
vt 0.625000 0.031250
vt 0.656250 0.000000
vt 0.656250 0.031250
vt 0.687500 0.000000
vt 0.687500 0.031250
vt 0.718750 0.000000
vt 0.718750 0.031250
vt 0.750000 0.000000
vt 0.750000 0.031250
vt 0.781250 0.000000
vt 0.781250 0.031250
vt 0.796875 0.015625
vt 0.812500 0.000000
vt 0.812500 0.031250
vt 0.812500 0.015625
vt 0.828125 0.015625
vt 0.843750 0.000000
vt 0.843750 0.031250
vt 0.875000 0.000000
vt 0.875000 0.031250
vt 0.906250 0.000000
vt 0.906250 0.031250
vt 0.937500 0.000000
vt 0.937500 0.031250
vt 0.953125 0.015625
vt 0.953125 0.000000
vt 0.960938 0.007813
vt 0.968750 0.000000
vt 0.960938 0.000000
vt 0.968750 0.031250
vt 0.968750 0.015625
vt 0.984375 0.015625
vt 1.000000 0.000000
vt 1.000000 0.031250
vt 0.000000 0.062500
vt 0.031250 0.062500
vt 0.062500 0.062500
vt 0.093750 0.062500
vt 0.125000 0.062500
vt 0.140625 0.046875
vt 0.148437 0.039063
vt 0.156250 0.062500
vt 0.156250 0.046875
vt 0.156250 0.039063
vt 0.171875 0.046875
vt 0.164063 0.039063
vt 0.187500 0.062500
vt 0.218750 0.062500
vt 0.250000 0.062500
vt 0.265625 0.046875
vt 0.281250 0.046875
vt 0.273438 0.054688
vt 0.281250 0.062500
vt 0.265625 0.062500
vt 0.273438 0.062500
vt 0.296875 0.046875
vt 0.312500 0.062500
vt 0.343750 0.062500
vt 0.375000 0.062500
vt 0.406250 0.062500
vt 0.437500 0.062500
vt 0.468750 0.062500
vt 0.484375 0.046875
vt 0.500000 0.062500
vt 0.484375 0.062500
vt 0.531250 0.062500
vt 0.562500 0.062500
vt 0.593750 0.062500
vt 0.625000 0.062500
vt 0.656250 0.062500
vt 0.687500 0.062500
vt 0.718750 0.062500
vt 0.750000 0.062500
vt 0.781250 0.062500
vt 0.812500 0.062500
vt 0.843750 0.062500
vt 0.875000 0.062500
vt 0.906250 0.062500
vt 0.921875 0.046875
vt 0.937500 0.062500
vt 0.968750 0.062500
vt 1.000000 0.062500
vt 0.000000 0.093750
vt 0.031250 0.093750
vt 0.062500 0.093750
vt 0.093750 0.093750
vt 0.125000 0.093750
vt 0.156250 0.093750
vt 0.187500 0.093750
vt 0.218750 0.093750
vt 0.250000 0.093750
vt 0.265625 0.078125
vt 0.273438 0.070313
vt 0.273438 0.085938
vt 0.281250 0.078125
vt 0.273438 0.078125
vt 0.281250 0.093750
vt 0.265625 0.093750
vt 0.296875 0.078125
vt 0.312500 0.093750
vt 0.343750 0.093750
vt 0.375000 0.093750
vt 0.406250 0.093750
vt 0.437500 0.093750
vt 0.468750 0.093750
vt 0.484375 0.078125
vt 0.492188 0.070313
vt 0.500000 0.093750
vt 0.500000 0.078125
vt 0.515625 0.078125
vt 0.531250 0.093750
vt 0.562500 0.093750
vt 0.593750 0.093750
vt 0.625000 0.093750
vt 0.656250 0.093750
vt 0.687500 0.093750
vt 0.718750 0.093750
vt 0.750000 0.093750
vt 0.781250 0.093750
vt 0.812500 0.093750
vt 0.843750 0.093750
vt 0.875000 0.093750
vt 0.906250 0.093750
vt 0.937500 0.093750
vt 0.968750 0.093750
vt 1.000000 0.093750
vt 0.000000 0.125000
vt 0.031250 0.125000
vt 0.062500 0.125000
vt 0.093750 0.125000
vt 0.125000 0.125000
vt 0.156250 0.125000
vt 0.187500 0.125000
vt 0.218750 0.125000
vt 0.234375 0.109375
vt 0.250000 0.125000
vt 0.234375 0.125000
vt 0.265625 0.109375
vt 0.281250 0.125000
vt 0.312500 0.125000
vt 0.343750 0.125000
vt 0.375000 0.125000
vt 0.406250 0.125000
vt 0.437500 0.125000
vt 0.468750 0.125000
vt 0.500000 0.125000
vt 0.515625 0.109375
vt 0.531250 0.109375
vt 0.523438 0.117188
vt 0.531250 0.125000
vt 0.531250 0.117188
vt 0.515625 0.125000
vt 0.546875 0.109375
vt 0.539063 0.117188
vt 0.562500 0.125000
vt 0.546875 0.125000
vt 0.593750 0.125000
vt 0.625000 0.125000
vt 0.656250 0.125000
vt 0.687500 0.125000
vt 0.718750 0.125000
vt 0.750000 0.125000
vt 0.781250 0.125000
vt 0.812500 0.125000
vt 0.843750 0.125000
vt 0.875000 0.125000
vt 0.906250 0.125000
vt 0.937500 0.125000
vt 0.968750 0.125000
vt 1.000000 0.125000
vt 0.000000 0.156250
vt 0.031250 0.156250
vt 0.062500 0.156250
vt 0.093750 0.156250
vt 0.125000 0.156250
vt 0.156250 0.156250
vt 0.187500 0.156250
vt 0.218750 0.156250
vt 0.234375 0.140625
vt 0.250000 0.156250
vt 0.281250 0.156250
vt 0.312500 0.156250
vt 0.343750 0.156250
vt 0.375000 0.156250
vt 0.406250 0.156250
vt 0.437500 0.156250
vt 0.468750 0.156250
vt 0.500000 0.156250
vt 0.515625 0.140625
vt 0.531250 0.156250
vt 0.515625 0.156250
vt 0.546875 0.140625
vt 0.562500 0.156250
vt 0.593750 0.156250
vt 0.625000 0.156250
vt 0.656250 0.156250
vt 0.687500 0.156250
vt 0.718750 0.156250
vt 0.750000 0.156250
vt 0.781250 0.156250
vt 0.812500 0.156250
vt 0.843750 0.156250
vt 0.859375 0.140625
vt 0.875000 0.156250
vt 0.906250 0.156250
vt 0.937500 0.156250
vt 0.968750 0.156250
vt 1.000000 0.156250
vt 0.000000 0.187500
vt 0.031250 0.187500
vt 0.062500 0.187500
vt 0.093750 0.187500
vt 0.125000 0.187500
vt 0.156250 0.187500
vt 0.187500 0.187500
vt 0.218750 0.187500
vt 0.250000 0.187500
vt 0.281250 0.187500
vt 0.312500 0.187500
vt 0.343750 0.187500
vt 0.375000 0.187500
vt 0.406250 0.187500
vt 0.437500 0.187500
vt 0.453125 0.171875
vt 0.468750 0.187500
vt 0.453125 0.187500
vt 0.484375 0.171875
vt 0.500000 0.187500
vt 0.500000 0.171875
vt 0.484375 0.187500
vt 0.515625 0.171875
vt 0.507813 0.164063
vt 0.531250 0.187500
vt 0.562500 0.187500
vt 0.593750 0.187500
vt 0.625000 0.187500
vt 0.656250 0.187500
vt 0.687500 0.187500
vt 0.718750 0.187500
vt 0.750000 0.187500
vt 0.781250 0.187500
vt 0.812500 0.187500
vt 0.828125 0.171875
vt 0.843750 0.187500
vt 0.828125 0.187500
vt 0.875000 0.187500
vt 0.906250 0.187500
vt 0.937500 0.187500
vt 0.968750 0.187500
vt 1.000000 0.187500
vt 0.000000 0.218750
vt 0.031250 0.218750
vt 0.062500 0.218750
vt 0.078125 0.203125
vt 0.093750 0.203125
vt 0.085938 0.210937
vt 0.093750 0.218750
vt 0.078125 0.218750
vt 0.109375 0.203125
vt 0.125000 0.218750
vt 0.156250 0.218750
vt 0.187500 0.218750
vt 0.218750 0.218750
vt 0.250000 0.218750
vt 0.281250 0.218750
vt 0.312500 0.218750
vt 0.343750 0.218750
vt 0.375000 0.218750
vt 0.390625 0.203125
vt 0.406250 0.218750
vt 0.406250 0.203125
vt 0.421875 0.203125
vt 0.414063 0.210937
vt 0.437500 0.218750
vt 0.421875 0.218750
vt 0.453125 0.203125
vt 0.460938 0.195313
vt 0.468750 0.218750
vt 0.468750 0.203125
vt 0.468750 0.195313
vt 0.484375 0.203125
vt 0.476563 0.195313
vt 0.500000 0.218750
vt 0.531250 0.218750
vt 0.562500 0.218750
vt 0.593750 0.218750
vt 0.625000 0.218750
vt 0.640625 0.203125
vt 0.656250 0.218750
vt 0.687500 0.218750
vt 0.718750 0.218750
vt 0.750000 0.218750
vt 0.781250 0.218750
vt 0.812500 0.218750
vt 0.828125 0.203125
vt 0.843750 0.218750
vt 0.875000 0.218750
vt 0.890625 0.203125
vt 0.906250 0.218750
vt 0.906250 0.203125
vt 0.921875 0.203125
vt 0.937500 0.218750
vt 0.937500 0.203125
vt 0.953125 0.203125
vt 0.968750 0.218750
vt 1.000000 0.218750
vt 0.000000 0.250000
vt 0.031250 0.250000
vt 0.062500 0.250000
vt 0.078125 0.234375
vt 0.093750 0.250000
vt 0.125000 0.250000
vt 0.140625 0.234375
vt 0.156250 0.250000
vt 0.156250 0.234375
vt 0.140625 0.250000
vt 0.171875 0.234375
vt 0.164063 0.242187
vt 0.187500 0.250000
vt 0.187500 0.234375
vt 0.171875 0.250000
vt 0.164063 0.250000
vt 0.203125 0.234375
vt 0.218750 0.250000
vt 0.250000 0.250000
vt 0.281250 0.250000
vt 0.312500 0.250000
vt 0.343750 0.250000
vt 0.359375 0.234375
vt 0.375000 0.250000
vt 0.375000 0.234375
vt 0.390625 0.234375
vt 0.406250 0.250000
vt 0.406250 0.234375
vt 0.421875 0.234375
vt 0.414063 0.226563
vt 0.429688 0.226563
vt 0.421875 0.226563
vt 0.429688 0.234375
vt 0.429688 0.242187
vt 0.433594 0.238281
vt 0.437500 0.234375
vt 0.437500 0.250000
vt 0.437500 0.242187
vt 0.421875 0.250000
vt 0.453125 0.234375
vt 0.445313 0.242187
vt 0.468750 0.250000
vt 0.453125 0.250000
vt 0.500000 0.250000
vt 0.531250 0.250000
vt 0.562500 0.250000
vt 0.578125 0.234375
vt 0.593750 0.250000
vt 0.578125 0.250000
vt 0.625000 0.250000
vt 0.656250 0.250000
vt 0.687500 0.250000
vt 0.718750 0.250000
vt 0.750000 0.250000
vt 0.781250 0.250000
vt 0.812500 0.250000
vt 0.843750 0.250000
vt 0.875000 0.250000
vt 0.906250 0.250000
vt 0.937500 0.250000
vt 0.968750 0.250000
vt 1.000000 0.250000
vt 0.000000 0.281250
vt 0.031250 0.281250
vt 0.062500 0.281250
vt 0.078125 0.265625
vt 0.093750 0.281250
vt 0.078125 0.281250
vt 0.125000 0.281250
vt 0.140625 0.265625
vt 0.148437 0.257813
vt 0.148437 0.273438
vt 0.156250 0.265625
vt 0.148437 0.265625
vt 0.156250 0.281250
vt 0.140625 0.281250
vt 0.171875 0.265625
vt 0.164063 0.257813
vt 0.187500 0.281250
vt 0.171875 0.281250
vt 0.203125 0.265625
vt 0.218750 0.265625
vt 0.210937 0.273438
vt 0.218750 0.281250
vt 0.203125 0.281250
vt 0.234375 0.265625
vt 0.250000 0.281250
vt 0.265625 0.265625
vt 0.281250 0.281250
vt 0.281250 0.265625
vt 0.296875 0.265625
vt 0.289063 0.273438
vt 0.312500 0.281250
vt 0.296875 0.281250
vt 0.343750 0.281250
vt 0.375000 0.281250
vt 0.406250 0.281250
vt 0.421875 0.265625
vt 0.437500 0.281250
vt 0.453125 0.265625
vt 0.468750 0.281250
vt 0.484375 0.265625
vt 0.500000 0.281250
vt 0.531250 0.281250
vt 0.546875 0.265625
vt 0.562500 0.281250
vt 0.562500 0.265625
vt 0.578125 0.265625
vt 0.570313 0.257813
vt 0.593750 0.281250
vt 0.609375 0.265625
vt 0.625000 0.281250
vt 0.625000 0.265625
vt 0.640625 0.265625
vt 0.632813 0.273438
vt 0.656250 0.281250
vt 0.640625 0.281250
vt 0.687500 0.281250
vt 0.718750 0.281250
vt 0.750000 0.281250
vt 0.781250 0.281250
vt 0.812500 0.281250
vt 0.843750 0.281250
vt 0.875000 0.281250
vt 0.906250 0.281250
vt 0.937500 0.281250
vt 0.968750 0.281250
vt 1.000000 0.281250
vt 0.000000 0.312500
vt 0.031250 0.312500
vt 0.062500 0.312500
vt 0.078125 0.296875
vt 0.093750 0.312500
vt 0.078125 0.312500
vt 0.125000 0.312500
vt 0.140625 0.296875
vt 0.156250 0.312500
vt 0.171875 0.296875
vt 0.179687 0.289063
vt 0.187500 0.312500
vt 0.187500 0.296875
vt 0.187500 0.289063
vt 0.203125 0.296875
vt 0.195313 0.289063
vt 0.218750 0.312500
vt 0.250000 0.312500
vt 0.281250 0.312500
vt 0.296875 0.296875
vt 0.312500 0.312500
vt 0.343750 0.312500
vt 0.375000 0.312500
vt 0.406250 0.312500
vt 0.437500 0.312500
vt 0.468750 0.312500
vt 0.500000 0.312500
vt 0.515625 0.296875
vt 0.531250 0.312500
vt 0.531250 0.296875
vt 0.546875 0.296875
vt 0.562500 0.312500
vt 0.593750 0.312500
vt 0.609375 0.296875
vt 0.625000 0.312500
vt 0.625000 0.296875
vt 0.609375 0.312500
vt 0.640625 0.296875
vt 0.632813 0.289063
vt 0.656250 0.312500
vt 0.687500 0.312500
vt 0.718750 0.312500
vt 0.734375 0.296875
vt 0.750000 0.312500
vt 0.750000 0.296875
vt 0.765625 0.296875
vt 0.781250 0.312500
vt 0.812500 0.312500
vt 0.843750 0.312500
vt 0.875000 0.312500
vt 0.906250 0.312500
vt 0.937500 0.312500
vt 0.968750 0.312500
vt 1.000000 0.312500
vt 0.000000 0.343750
vt 0.031250 0.343750
vt 0.062500 0.343750
vt 0.078125 0.328125
vt 0.093750 0.343750
vt 0.125000 0.343750
vt 0.156250 0.343750
vt 0.187500 0.343750
vt 0.218750 0.343750
vt 0.250000 0.343750
vt 0.281250 0.343750
vt 0.312500 0.343750
vt 0.343750 0.343750
vt 0.375000 0.343750
vt 0.406250 0.343750
vt 0.437500 0.343750
vt 0.468750 0.343750
vt 0.500000 0.343750
vt 0.531250 0.343750
vt 0.562500 0.343750
vt 0.593750 0.343750
vt 0.609375 0.328125
vt 0.625000 0.343750
vt 0.656250 0.343750
vt 0.687500 0.343750
vt 0.718750 0.343750
vt 0.750000 0.343750
vt 0.781250 0.343750
vt 0.812500 0.343750
vt 0.843750 0.343750
vt 0.875000 0.343750
vt 0.906250 0.343750
vt 0.937500 0.343750
vt 0.968750 0.343750
vt 1.000000 0.343750
vt 0.000000 0.375000
vt 0.031250 0.375000
vt 0.062500 0.375000
vt 0.093750 0.375000
vt 0.125000 0.375000
vt 0.156250 0.375000
vt 0.187500 0.375000
vt 0.203125 0.359375
vt 0.218750 0.375000
vt 0.203125 0.375000
vt 0.250000 0.375000
vt 0.281250 0.375000
vt 0.312500 0.375000
vt 0.343750 0.375000
vt 0.375000 0.375000
vt 0.406250 0.375000
vt 0.421875 0.359375
vt 0.437500 0.375000
vt 0.437500 0.359375
vt 0.453125 0.359375
vt 0.445313 0.367188
vt 0.468750 0.359375
vt 0.460938 0.367188
vt 0.468750 0.375000
vt 0.453125 0.375000
vt 0.453125 0.367188
vt 0.484375 0.359375
vt 0.500000 0.375000
vt 0.531250 0.375000
vt 0.562500 0.375000
vt 0.593750 0.375000
vt 0.609375 0.359375
vt 0.625000 0.375000
vt 0.640625 0.359375
vt 0.656250 0.375000
vt 0.640625 0.375000
vt 0.687500 0.375000
vt 0.718750 0.375000
vt 0.750000 0.375000
vt 0.781250 0.375000
vt 0.812500 0.375000
vt 0.843750 0.375000
vt 0.875000 0.375000
vt 0.906250 0.375000
vt 0.937500 0.375000
vt 0.968750 0.375000
vt 1.000000 0.375000
vt 0.000000 0.406250
vt 0.031250 0.406250
vt 0.062500 0.406250
vt 0.093750 0.406250
vt 0.125000 0.406250
vt 0.156250 0.406250
vt 0.171875 0.390625
vt 0.187500 0.406250
vt 0.187500 0.390625
vt 0.203125 0.390625
vt 0.195313 0.398438
vt 0.210937 0.382813
vt 0.210937 0.398438
vt 0.218750 0.390625
vt 0.210937 0.390625
vt 0.207031 0.394531
vt 0.218750 0.406250
vt 0.203125 0.398438
vt 0.199219 0.402344
vt 0.203125 0.406250
vt 0.195313 0.406250
vt 0.234375 0.390625
vt 0.250000 0.406250
vt 0.281250 0.406250
vt 0.312500 0.406250
vt 0.343750 0.406250
vt 0.375000 0.406250
vt 0.406250 0.406250
vt 0.437500 0.406250
vt 0.453125 0.390625
vt 0.468750 0.406250
vt 0.484375 0.390625
vt 0.500000 0.406250
vt 0.515625 0.390625
vt 0.531250 0.390625
vt 0.523438 0.398438
vt 0.531250 0.406250
vt 0.515625 0.406250
vt 0.523438 0.406250
vt 0.546875 0.390625
vt 0.562500 0.406250
vt 0.578125 0.390625
vt 0.593750 0.406250
vt 0.593750 0.390625
vt 0.578125 0.406250
vt 0.609375 0.390625
vt 0.601563 0.398438
vt 0.625000 0.390625
vt 0.617188 0.398438
vt 0.625000 0.406250
vt 0.609375 0.406250
vt 0.609375 0.398438
vt 0.640625 0.390625
vt 0.656250 0.406250
vt 0.687500 0.406250
vt 0.718750 0.406250
vt 0.750000 0.406250
vt 0.781250 0.406250
vt 0.812500 0.406250
vt 0.843750 0.406250
vt 0.875000 0.406250
vt 0.906250 0.406250
vt 0.937500 0.406250
vt 0.968750 0.406250
vt 1.000000 0.406250
vt 0.000000 0.437500
vt 0.031250 0.437500
vt 0.062500 0.437500
vt 0.093750 0.437500
vt 0.125000 0.437500
vt 0.156250 0.437500
vt 0.171875 0.421875
vt 0.187500 0.421875
vt 0.179687 0.429688
vt 0.187500 0.437500
vt 0.171875 0.437500
vt 0.203125 0.421875
vt 0.195313 0.414063
vt 0.218750 0.437500
vt 0.250000 0.437500
vt 0.281250 0.437500
vt 0.312500 0.437500
vt 0.343750 0.437500
vt 0.375000 0.437500
vt 0.406250 0.437500
vt 0.437500 0.437500
vt 0.468750 0.437500
vt 0.500000 0.437500
vt 0.515625 0.421875
vt 0.523438 0.414063
vt 0.531250 0.437500
vt 0.531250 0.421875
vt 0.546875 0.421875
vt 0.562500 0.437500
vt 0.562500 0.421875
vt 0.578125 0.421875
vt 0.570313 0.414063
vt 0.593750 0.437500
vt 0.609375 0.421875
vt 0.625000 0.437500
vt 0.656250 0.437500
vt 0.687500 0.437500
vt 0.718750 0.437500
vt 0.750000 0.437500
vt 0.781250 0.437500
vt 0.812500 0.437500
vt 0.843750 0.437500
vt 0.875000 0.437500
vt 0.906250 0.437500
vt 0.937500 0.437500
vt 0.968750 0.437500
vt 1.000000 0.437500
vt 0.000000 0.468750
vt 0.031250 0.468750
vt 0.046875 0.453125
vt 0.062500 0.468750
vt 0.093750 0.468750
vt 0.125000 0.468750
vt 0.156250 0.468750
vt 0.171875 0.453125
vt 0.187500 0.468750
vt 0.171875 0.468750
vt 0.218750 0.468750
vt 0.250000 0.468750
vt 0.281250 0.468750
vt 0.312500 0.468750
vt 0.328125 0.453125
vt 0.343750 0.468750
vt 0.343750 0.453125
vt 0.359375 0.453125
vt 0.375000 0.468750
vt 0.406250 0.468750
vt 0.437500 0.468750
vt 0.468750 0.468750
vt 0.500000 0.468750
vt 0.531250 0.468750
vt 0.562500 0.468750
vt 0.593750 0.468750
vt 0.625000 0.468750
vt 0.656250 0.468750
vt 0.687500 0.468750
vt 0.718750 0.468750
vt 0.750000 0.468750
vt 0.781250 0.468750
vt 0.812500 0.468750
vt 0.843750 0.468750
vt 0.875000 0.468750
vt 0.906250 0.468750
vt 0.937500 0.468750
vt 0.968750 0.468750
vt 1.000000 0.468750
vt 0.000000 0.500000
vt 0.031250 0.500000
vt 0.062500 0.500000
vt 0.093750 0.500000
vt 0.125000 0.500000
vt 0.140625 0.484375
vt 0.156250 0.500000
vt 0.140625 0.500000
vt 0.171875 0.484375
vt 0.187500 0.500000
vt 0.203125 0.484375
vt 0.218750 0.484375
vt 0.210937 0.492188
vt 0.218750 0.500000
vt 0.203125 0.500000
vt 0.234375 0.484375
vt 0.226563 0.492188
vt 0.250000 0.500000
vt 0.234375 0.500000
vt 0.281250 0.500000
vt 0.312500 0.500000
vt 0.328125 0.484375
vt 0.343750 0.484375
vt 0.335938 0.492188
vt 0.343750 0.500000
vt 0.328125 0.500000
vt 0.335938 0.500000
vt 0.359375 0.484375
vt 0.375000 0.500000
vt 0.359375 0.500000
vt 0.406250 0.500000
vt 0.437500 0.500000
vt 0.468750 0.500000
vt 0.484375 0.484375
vt 0.500000 0.500000
vt 0.484375 0.500000
vt 0.531250 0.500000
vt 0.562500 0.500000
vt 0.593750 0.500000
vt 0.625000 0.500000
vt 0.656250 0.500000
vt 0.687500 0.500000
vt 0.718750 0.500000
vt 0.750000 0.500000
vt 0.781250 0.500000
vt 0.812500 0.500000
vt 0.843750 0.500000
vt 0.875000 0.500000
vt 0.906250 0.500000
vt 0.937500 0.500000
vt 0.968750 0.500000
vt 0.984375 0.484375
vt 1.000000 0.500000
vt 1.000000 0.484375
vt 0.000000 0.531250
vt 0.031250 0.531250
vt 0.062500 0.531250
vt 0.093750 0.531250
vt 0.125000 0.531250
vt 0.140625 0.515625
vt 0.156250 0.531250
vt 0.171875 0.515625
vt 0.187500 0.531250
vt 0.171875 0.531250
vt 0.203125 0.515625
vt 0.218750 0.531250
vt 0.234375 0.515625
vt 0.250000 0.531250
vt 0.281250 0.531250
vt 0.296875 0.515625
vt 0.312500 0.531250
vt 0.312500 0.515625
vt 0.328125 0.515625
vt 0.320313 0.523438
vt 0.335938 0.507813
vt 0.343750 0.531250
vt 0.343750 0.515625
vt 0.328125 0.531250
vt 0.359375 0.515625
vt 0.367188 0.507813
vt 0.375000 0.531250
vt 0.375000 0.515625
vt 0.390625 0.515625
vt 0.382813 0.523438
vt 0.406250 0.531250
vt 0.390625 0.531250
vt 0.382813 0.531250
vt 0.437500 0.531250
vt 0.453125 0.515625
vt 0.468750 0.515625
vt 0.460938 0.523438
vt 0.468750 0.531250
vt 0.453125 0.531250
vt 0.460938 0.531250
vt 0.484375 0.515625
vt 0.500000 0.531250
vt 0.531250 0.531250
vt 0.546875 0.515625
vt 0.562500 0.515625
vt 0.554688 0.523438
vt 0.562500 0.531250
vt 0.546875 0.531250
vt 0.578125 0.515625
vt 0.593750 0.531250
vt 0.625000 0.531250
vt 0.656250 0.531250
vt 0.687500 0.531250
vt 0.718750 0.531250
vt 0.750000 0.531250
vt 0.781250 0.531250
vt 0.812500 0.531250
vt 0.843750 0.531250
vt 0.859375 0.515625
vt 0.875000 0.531250
vt 0.906250 0.531250
vt 0.937500 0.531250
vt 0.953125 0.515625
vt 0.968750 0.531250
vt 1.000000 0.531250
vt 0.000000 0.562500
vt 0.015625 0.546875
vt 0.031250 0.562500
vt 0.062500 0.562500
vt 0.093750 0.562500
vt 0.125000 0.562500
vt 0.140625 0.546875
vt 0.156250 0.562500
vt 0.156250 0.546875
vt 0.164063 0.539063
vt 0.164063 0.546875
vt 0.171875 0.546875
vt 0.164063 0.554688
vt 0.187500 0.562500
vt 0.171875 0.562500
vt 0.203125 0.546875
vt 0.218750 0.562500
vt 0.203125 0.562500
vt 0.250000 0.562500
vt 0.265625 0.546875
vt 0.281250 0.562500
vt 0.281250 0.546875
vt 0.296875 0.546875
vt 0.289063 0.554688
vt 0.312500 0.546875
vt 0.304688 0.554688
vt 0.312500 0.562500
vt 0.296875 0.562500
vt 0.296875 0.554688
vt 0.328125 0.546875
vt 0.343750 0.546875
vt 0.335938 0.554688
vt 0.343750 0.562500
vt 0.328125 0.562500
vt 0.359375 0.546875
vt 0.375000 0.562500
vt 0.375000 0.546875
vt 0.390625 0.546875
vt 0.382813 0.539063
vt 0.406250 0.562500
vt 0.421875 0.546875
vt 0.437500 0.562500
vt 0.437500 0.546875
vt 0.421875 0.562500
vt 0.453125 0.546875
vt 0.445313 0.554688
vt 0.460938 0.539063
vt 0.468750 0.562500
vt 0.468750 0.546875
vt 0.453125 0.562500
vt 0.445313 0.562500
vt 0.484375 0.546875
vt 0.500000 0.562500
vt 0.531250 0.562500
vt 0.546875 0.546875
vt 0.562500 0.562500
vt 0.593750 0.562500
vt 0.625000 0.562500
vt 0.656250 0.562500
vt 0.671875 0.546875
vt 0.687500 0.562500
vt 0.718750 0.562500
vt 0.750000 0.562500
vt 0.781250 0.562500
vt 0.812500 0.562500
vt 0.843750 0.562500
vt 0.875000 0.562500
vt 0.906250 0.562500
vt 0.937500 0.562500
vt 0.968750 0.562500
vt 1.000000 0.562500
vt 0.000000 0.593750
vt 0.031250 0.593750
vt 0.062500 0.593750
vt 0.093750 0.593750
vt 0.125000 0.593750
vt 0.156250 0.593750
vt 0.171875 0.578125
vt 0.187500 0.593750
vt 0.187500 0.578125
vt 0.195313 0.570313
vt 0.195313 0.578125
vt 0.203125 0.578125
vt 0.195313 0.585938
vt 0.199219 0.582031
vt 0.218750 0.578125
vt 0.210937 0.585938
vt 0.218750 0.593750
vt 0.203125 0.593750
vt 0.203125 0.585938
vt 0.234375 0.578125
vt 0.250000 0.593750
vt 0.281250 0.593750
vt 0.296875 0.578125
vt 0.312500 0.593750
vt 0.312500 0.578125
vt 0.328125 0.578125
vt 0.343750 0.593750
vt 0.375000 0.593750
vt 0.406250 0.593750
vt 0.421875 0.578125
vt 0.429688 0.570313
vt 0.437500 0.578125
vt 0.429688 0.585938
vt 0.437500 0.593750
vt 0.437500 0.570313
vt 0.421875 0.593750
vt 0.453125 0.578125
vt 0.445313 0.570313
vt 0.441406 0.566406
vt 0.468750 0.593750
vt 0.500000 0.593750
vt 0.531250 0.593750
vt 0.562500 0.593750
vt 0.593750 0.593750
vt 0.625000 0.593750
vt 0.656250 0.593750
vt 0.687500 0.593750
vt 0.718750 0.593750
vt 0.750000 0.593750
vt 0.781250 0.593750
vt 0.812500 0.593750
vt 0.843750 0.593750
vt 0.875000 0.593750
vt 0.906250 0.593750
vt 0.937500 0.593750
vt 0.968750 0.593750
vt 1.000000 0.593750
vt 0.000000 0.625000
vt 0.031250 0.625000
vt 0.062500 0.625000
vt 0.093750 0.625000
vt 0.125000 0.625000
vt 0.156250 0.625000
vt 0.187500 0.625000
vt 0.203125 0.609375
vt 0.210937 0.601563
vt 0.218750 0.625000
vt 0.218750 0.609375
vt 0.234375 0.609375
vt 0.226563 0.617188
vt 0.250000 0.609375
vt 0.242187 0.617188
vt 0.250000 0.625000
vt 0.234375 0.625000
vt 0.234375 0.617188
vt 0.242187 0.625000
vt 0.238281 0.621094
vt 0.265625 0.609375
vt 0.281250 0.625000
vt 0.265625 0.625000
vt 0.296875 0.609375
vt 0.312500 0.609375
vt 0.304688 0.617188
vt 0.312500 0.625000
vt 0.296875 0.625000
vt 0.304688 0.625000
vt 0.328125 0.609375
vt 0.343750 0.609375
vt 0.335938 0.617188
vt 0.343750 0.625000
vt 0.343750 0.617188
vt 0.328125 0.625000
vt 0.359375 0.609375
vt 0.351563 0.617188
vt 0.375000 0.625000
vt 0.359375 0.625000
vt 0.390625 0.609375
vt 0.406250 0.609375
vt 0.398438 0.617188
vt 0.406250 0.625000
vt 0.390625 0.625000
vt 0.421875 0.609375
vt 0.414063 0.601563
vt 0.437500 0.625000
vt 0.468750 0.625000
vt 0.500000 0.625000
vt 0.531250 0.625000
vt 0.562500 0.625000
vt 0.593750 0.625000
vt 0.625000 0.625000
vt 0.656250 0.625000
vt 0.687500 0.625000
vt 0.718750 0.625000
vt 0.734375 0.609375
vt 0.750000 0.625000
vt 0.781250 0.625000
vt 0.812500 0.625000
vt 0.843750 0.625000
vt 0.875000 0.625000
vt 0.906250 0.625000
vt 0.937500 0.625000
vt 0.968750 0.625000
vt 1.000000 0.625000
vt 0.000000 0.656250
vt 0.031250 0.656250
vt 0.062500 0.656250
vt 0.093750 0.656250
vt 0.125000 0.656250
vt 0.156250 0.656250
vt 0.187500 0.656250
vt 0.218750 0.656250
vt 0.234375 0.640625
vt 0.242187 0.632813
vt 0.250000 0.656250
vt 0.250000 0.640625
vt 0.265625 0.640625
vt 0.273438 0.632813
vt 0.281250 0.656250
vt 0.281250 0.640625
vt 0.281250 0.632813
vt 0.296875 0.640625
vt 0.289063 0.632813
vt 0.296875 0.632813
vt 0.304688 0.632813
vt 0.300781 0.628906
vt 0.308594 0.628906
vt 0.304688 0.628906
vt 0.312500 0.656250
vt 0.312500 0.640625
vt 0.312500 0.632813
vt 0.328125 0.640625
vt 0.320313 0.632813
vt 0.343750 0.656250
vt 0.359375 0.640625
vt 0.375000 0.656250
vt 0.390625 0.640625
vt 0.406250 0.656250
vt 0.437500 0.656250
vt 0.468750 0.656250
vt 0.500000 0.656250
vt 0.531250 0.656250
vt 0.562500 0.656250
vt 0.593750 0.656250
vt 0.625000 0.656250
vt 0.640625 0.640625
vt 0.656250 0.656250
vt 0.640625 0.656250
vt 0.687500 0.656250
vt 0.718750 0.656250
vt 0.750000 0.656250
vt 0.781250 0.656250
vt 0.812500 0.656250
vt 0.843750 0.656250
vt 0.875000 0.656250
vt 0.906250 0.656250
vt 0.937500 0.656250
vt 0.968750 0.656250
vt 1.000000 0.656250
vt 0.000000 0.687500
vt 0.031250 0.687500
vt 0.062500 0.687500
vt 0.093750 0.687500
vt 0.125000 0.687500
vt 0.156250 0.687500
vt 0.187500 0.687500
vt 0.218750 0.687500
vt 0.250000 0.687500
vt 0.281250 0.687500
vt 0.312500 0.687500
vt 0.343750 0.687500
vt 0.375000 0.687500
vt 0.406250 0.687500
vt 0.437500 0.687500
vt 0.468750 0.687500
vt 0.500000 0.687500
vt 0.531250 0.687500
vt 0.562500 0.687500
vt 0.593750 0.687500
vt 0.609375 0.671875
vt 0.625000 0.687500
vt 0.625000 0.671875
vt 0.609375 0.687500
vt 0.640625 0.671875
vt 0.632813 0.664063
vt 0.656250 0.687500
vt 0.687500 0.687500
vt 0.718750 0.687500
vt 0.750000 0.687500
vt 0.781250 0.687500
vt 0.812500 0.687500
vt 0.843750 0.687500
vt 0.875000 0.687500
vt 0.906250 0.687500
vt 0.937500 0.687500
vt 0.968750 0.687500
vt 1.000000 0.687500
vt 0.000000 0.718750
vt 0.031250 0.718750
vt 0.062500 0.718750
vt 0.093750 0.718750
vt 0.125000 0.718750
vt 0.156250 0.718750
vt 0.187500 0.718750
vt 0.218750 0.718750
vt 0.250000 0.718750
vt 0.281250 0.718750
vt 0.312500 0.718750
vt 0.343750 0.718750
vt 0.375000 0.718750
vt 0.406250 0.718750
vt 0.437500 0.718750
vt 0.468750 0.718750
vt 0.484375 0.703125
vt 0.500000 0.718750
vt 0.500000 0.703125
vt 0.515625 0.703125
vt 0.531250 0.718750
vt 0.562500 0.718750
vt 0.578125 0.703125
vt 0.593750 0.718750
vt 0.593750 0.703125
vt 0.578125 0.718750
vt 0.609375 0.703125
vt 0.601563 0.695313
vt 0.625000 0.718750
vt 0.656250 0.718750
vt 0.687500 0.718750
vt 0.718750 0.718750
vt 0.750000 0.718750
vt 0.781250 0.718750
vt 0.812500 0.718750
vt 0.843750 0.718750
vt 0.875000 0.718750
vt 0.906250 0.718750
vt 0.937500 0.718750
vt 0.968750 0.718750
vt 1.000000 0.718750
vt 0.000000 0.750000
vt 0.031250 0.750000
vt 0.062500 0.750000
vt 0.093750 0.750000
vt 0.125000 0.750000
vt 0.156250 0.750000
vt 0.187500 0.750000
vt 0.218750 0.750000
vt 0.250000 0.750000
vt 0.281250 0.750000
vt 0.312500 0.750000
vt 0.343750 0.750000
vt 0.375000 0.750000
vt 0.406250 0.750000
vt 0.437500 0.750000
vt 0.468750 0.750000
vt 0.500000 0.750000
vt 0.515625 0.734375
vt 0.531250 0.734375
vt 0.523438 0.742188
vt 0.531250 0.750000
vt 0.515625 0.750000
vt 0.546875 0.734375
vt 0.562500 0.750000
vt 0.578125 0.734375
vt 0.593750 0.750000
vt 0.625000 0.750000
vt 0.656250 0.750000
vt 0.687500 0.750000
vt 0.718750 0.750000
vt 0.750000 0.750000
vt 0.781250 0.750000
vt 0.812500 0.750000
vt 0.843750 0.750000
vt 0.875000 0.750000
vt 0.906250 0.750000
vt 0.937500 0.750000
vt 0.968750 0.750000
vt 1.000000 0.750000
vt 0.000000 0.781250
vt 0.031250 0.781250
vt 0.062500 0.781250
vt 0.093750 0.781250
vt 0.125000 0.781250
vt 0.156250 0.781250
vt 0.187500 0.781250
vt 0.218750 0.781250
vt 0.250000 0.781250
vt 0.265625 0.765625
vt 0.281250 0.781250
vt 0.312500 0.781250
vt 0.343750 0.781250
vt 0.375000 0.781250
vt 0.390625 0.765625
vt 0.406250 0.781250
vt 0.437500 0.781250
vt 0.468750 0.781250
vt 0.500000 0.781250
vt 0.515625 0.765625
vt 0.531250 0.781250
vt 0.562500 0.781250
vt 0.593750 0.781250
vt 0.625000 0.781250
vt 0.656250 0.781250
vt 0.687500 0.781250
vt 0.718750 0.781250
vt 0.750000 0.781250
vt 0.781250 0.781250
vt 0.812500 0.781250
vt 0.843750 0.781250
vt 0.875000 0.781250
vt 0.906250 0.781250
vt 0.937500 0.781250
vt 0.968750 0.781250
vt 1.000000 0.781250
vt 0.000000 0.812500
vt 0.031250 0.812500
vt 0.062500 0.812500
vt 0.093750 0.812500
vt 0.125000 0.812500
vt 0.156250 0.812500
vt 0.171875 0.796875
vt 0.187500 0.812500
vt 0.171875 0.812500
vt 0.218750 0.812500
vt 0.250000 0.812500
vt 0.281250 0.812500
vt 0.312500 0.812500
vt 0.343750 0.812500
vt 0.375000 0.812500
vt 0.406250 0.812500
vt 0.437500 0.812500
vt 0.468750 0.812500
vt 0.500000 0.812500
vt 0.531250 0.812500
vt 0.562500 0.812500
vt 0.593750 0.812500
vt 0.625000 0.812500
vt 0.656250 0.812500
vt 0.687500 0.812500
vt 0.718750 0.812500
vt 0.750000 0.812500
vt 0.781250 0.812500
vt 0.812500 0.812500
vt 0.843750 0.812500
vt 0.875000 0.812500
vt 0.906250 0.812500
vt 0.937500 0.812500
vt 0.968750 0.812500
vt 1.000000 0.812500
vt 0.000000 0.843750
vt 0.031250 0.843750
vt 0.062500 0.843750
vt 0.093750 0.843750
vt 0.125000 0.843750
vt 0.140625 0.828125
vt 0.156250 0.843750
vt 0.156250 0.828125
vt 0.171875 0.828125
vt 0.164063 0.835938
vt 0.179687 0.820313
vt 0.179687 0.835938
vt 0.187500 0.828125
vt 0.179687 0.828125
vt 0.175781 0.832031
vt 0.187500 0.843750
vt 0.171875 0.843750
vt 0.171875 0.835938
vt 0.203125 0.828125
vt 0.218750 0.843750
vt 0.250000 0.843750
vt 0.281250 0.843750
vt 0.312500 0.843750
vt 0.343750 0.843750
vt 0.375000 0.843750
vt 0.406250 0.843750
vt 0.437500 0.843750
vt 0.468750 0.843750
vt 0.500000 0.843750
vt 0.531250 0.843750
vt 0.562500 0.843750
vt 0.593750 0.843750
vt 0.625000 0.843750
vt 0.640625 0.828125
vt 0.656250 0.843750
vt 0.640625 0.843750
vt 0.671875 0.828125
vt 0.687500 0.828125
vt 0.679688 0.835938
vt 0.687500 0.843750
vt 0.671875 0.843750
vt 0.679688 0.843750
vt 0.703125 0.828125
vt 0.718750 0.843750
vt 0.703125 0.843750
vt 0.750000 0.843750
vt 0.781250 0.843750
vt 0.812500 0.843750
vt 0.843750 0.843750
vt 0.875000 0.843750
vt 0.906250 0.843750
vt 0.937500 0.843750
vt 0.968750 0.843750
vt 1.000000 0.843750
vt 0.000000 0.875000
vt 0.031250 0.875000
vt 0.062500 0.875000
vt 0.093750 0.875000
vt 0.125000 0.875000
vt 0.156250 0.875000
vt 0.171875 0.859375
vt 0.187500 0.875000
vt 0.203125 0.859375
vt 0.218750 0.875000
vt 0.250000 0.875000
vt 0.281250 0.875000
vt 0.312500 0.875000
vt 0.343750 0.875000
vt 0.375000 0.875000
vt 0.406250 0.875000
vt 0.437500 0.875000
vt 0.468750 0.875000
vt 0.500000 0.875000
vt 0.531250 0.875000
vt 0.562500 0.875000
vt 0.593750 0.875000
vt 0.625000 0.875000
vt 0.640625 0.859375
vt 0.656250 0.875000
vt 0.656250 0.859375
vt 0.671875 0.859375
vt 0.664063 0.851563
vt 0.671875 0.851563
vt 0.679688 0.851563
vt 0.675781 0.847656
vt 0.687500 0.875000
vt 0.687500 0.859375
vt 0.703125 0.859375
vt 0.718750 0.875000
vt 0.750000 0.875000
vt 0.781250 0.875000
vt 0.812500 0.875000
vt 0.843750 0.875000
vt 0.875000 0.875000
vt 0.906250 0.875000
vt 0.937500 0.875000
vt 0.953125 0.859375
vt 0.968750 0.875000
vt 0.953125 0.875000
vt 1.000000 0.875000
vt 0.000000 0.906250
vt 0.031250 0.906250
vt 0.062500 0.906250
vt 0.093750 0.906250
vt 0.125000 0.906250
vt 0.156250 0.906250
vt 0.187500 0.906250
vt 0.218750 0.906250
vt 0.250000 0.906250
vt 0.281250 0.906250
vt 0.312500 0.906250
vt 0.343750 0.906250
vt 0.375000 0.906250
vt 0.406250 0.906250
vt 0.437500 0.906250
vt 0.468750 0.906250
vt 0.500000 0.906250
vt 0.531250 0.906250
vt 0.562500 0.906250
vt 0.593750 0.906250
vt 0.625000 0.906250
vt 0.656250 0.906250
vt 0.687500 0.906250
vt 0.718750 0.906250
vt 0.750000 0.906250
vt 0.781250 0.906250
vt 0.812500 0.906250
vt 0.843750 0.906250
vt 0.875000 0.906250
vt 0.906250 0.906250
vt 0.937500 0.906250
vt 0.953125 0.890625
vt 0.968750 0.906250
vt 0.984375 0.890625
vt 1.000000 0.890625
vt 0.992188 0.898438
vt 1.000000 0.906250
vt 0.984375 0.906250
vt 0.000000 0.937500
vt 0.031250 0.937500
vt 0.062500 0.937500
vt 0.093750 0.937500
vt 0.125000 0.937500
vt 0.156250 0.937500
vt 0.187500 0.937500
vt 0.218750 0.937500
vt 0.250000 0.937500
vt 0.281250 0.937500
vt 0.312500 0.937500
vt 0.328125 0.921875
vt 0.343750 0.937500
vt 0.328125 0.937500
vt 0.375000 0.937500
vt 0.406250 0.937500
vt 0.437500 0.937500
vt 0.468750 0.937500
vt 0.500000 0.937500
vt 0.531250 0.937500
vt 0.562500 0.937500
vt 0.593750 0.937500
vt 0.625000 0.937500
vt 0.656250 0.937500
vt 0.671875 0.921875
vt 0.687500 0.937500
vt 0.703125 0.921875
vt 0.718750 0.937500
vt 0.750000 0.937500
vt 0.781250 0.937500
vt 0.812500 0.937500
vt 0.843750 0.937500
vt 0.875000 0.937500
vt 0.906250 0.937500
vt 0.937500 0.937500
vt 0.968750 0.937500
vt 0.984375 0.921875
vt 0.992188 0.914063
vt 0.992188 0.929688
vt 1.000000 0.921875
vt 0.992188 0.921875
vt 1.000000 0.937500
vt 1.000000 0.914063
vt 0.996094 0.917969
vt 0.984375 0.937500
vt 0.992188 0.937500
vt 0.000000 0.968750
vt 0.031250 0.968750
vt 0.062500 0.968750
vt 0.093750 0.968750
vt 0.125000 0.968750
vt 0.156250 0.968750
vt 0.187500 0.968750
vt 0.218750 0.968750
vt 0.250000 0.968750
vt 0.281250 0.968750
vt 0.296875 0.953125
vt 0.312500 0.968750
vt 0.312500 0.953125
vt 0.328125 0.953125
vt 0.320313 0.945313
vt 0.343750 0.968750
vt 0.375000 0.968750
vt 0.406250 0.968750
vt 0.437500 0.968750
vt 0.468750 0.968750
vt 0.500000 0.968750
vt 0.531250 0.968750
vt 0.562500 0.968750
vt 0.593750 0.968750
vt 0.625000 0.968750
vt 0.656250 0.968750
vt 0.687500 0.968750
vt 0.718750 0.968750
vt 0.750000 0.968750
vt 0.781250 0.968750
vt 0.812500 0.968750
vt 0.843750 0.968750
vt 0.875000 0.968750
vt 0.906250 0.968750
vt 0.937500 0.968750
vt 0.968750 0.968750
vt 0.984375 0.953125
vt 0.992188 0.945313
vt 1.000000 0.953125
vt 0.992188 0.960938
vt 1.000000 0.968750
vt 0.984375 0.968750
vt 0.000000 1.000000
vt 0.031250 1.000000
vt 0.062500 1.000000
vt 0.093750 1.000000
vt 0.125000 1.000000
vt 0.156250 1.000000
vt 0.187500 1.000000
vt 0.218750 1.000000
vt 0.250000 1.000000
vt 0.281250 1.000000
vt 0.312500 1.000000
vt 0.343750 1.000000
vt 0.375000 1.000000
vt 0.406250 1.000000
vt 0.437500 1.000000
vt 0.468750 1.000000
vt 0.500000 1.000000
vt 0.531250 1.000000
vt 0.562500 1.000000
vt 0.593750 1.000000
vt 0.625000 1.000000
vt 0.656250 1.000000
vt 0.687500 1.000000
vt 0.718750 1.000000
vt 0.750000 1.000000
vt 0.781250 1.000000
vt 0.812500 1.000000
vt 0.828125 0.984375
vt 0.843750 1.000000
vt 0.828125 1.000000
vt 0.875000 1.000000
vt 0.906250 1.000000
vt 0.937500 1.000000
vt 0.953125 0.984375
vt 0.968750 0.984375
vt 0.960938 0.992188
vt 0.968750 1.000000
vt 0.953125 1.000000
vt 0.984375 0.984375
vt 1.000000 1.000000
vt 1.000000 0.984375
g terrain_g
usemtl terrain_mtl
f 1/1/1 3/3/3 2/2/2
f 2/2/2 4/4/4 1/1/1
f 4/4/4 2/2/2 5/5/5
f 5/5/5 6/6/6 4/4/4
f 6/6/6 5/5/5 7/7/7
f 7/7/7 8/8/8 6/6/6
f 8/8/8 7/7/7 9/9/9
f 9/9/9 10/10/10 8/8/8
f 9/9/9 11/11/11 10/10/10
f 12/12/12 11/11/11 9/9/9
f 13/13/13 11/11/11 12/12/12
f 11/11/11 14/14/14 10/10/10
f 13/13/13 14/14/14 11/11/11
f 12/12/12 15/15/15 13/13/13
f 16/16/16 15/15/15 12/12/12
f 17/17/17 15/15/15 16/16/16
f 15/15/15 18/18/18 13/13/13
f 17/17/17 18/18/18 15/15/15
f 17/17/17 16/16/16 19/19/19
f 19/19/19 20/20/20 17/17/17
f 20/20/20 19/19/19 21/21/21
f 21/21/21 22/22/22 20/20/20
f 22/22/22 21/21/21 23/23/23
f 23/23/23 24/24/24 22/22/22
f 23/23/23 25/25/25 24/24/24
f 26/26/26 25/25/25 23/23/23
f 27/27/27 28/28/28 25/25/25
f 29/29/29 28/28/28 27/27/27
f 26/26/26 27/27/27 25/25/25
f 25/25/25 30/30/30 24/24/24
f 30/30/30 28/28/28 29/29/29
f 25/25/25 28/28/28 30/30/30
f 31/31/31 27/27/27 26/26/26
f 29/29/29 27/27/27 31/31/31
f 32/32/32 31/31/31 26/26/26
f 33/33/33 31/31/31 32/32/32
f 29/29/29 31/31/31 33/33/33
f 33/33/33 32/32/32 34/34/34
f 34/34/34 35/35/35 33/33/33
f 34/34/34 36/36/36 35/35/35
f 36/36/36 38/38/38 37/37/37
f 34/34/34 38/38/38 36/36/36
f 39/39/39 36/36/36 37/37/37
f 35/35/35 36/36/36 39/39/39
f 37/37/37 40/40/40 39/39/39
f 41/41/41 40/40/40 37/37/37
f 40/40/40 43/43/43 42/42/42
f 41/41/41 43/43/43 40/40/40
f 39/39/39 40/40/40 42/42/42
f 44/44/44 43/43/43 41/41/41
f 42/42/42 43/43/43 44/44/44
f 45/45/45 44/44/44 41/41/41
f 46/46/46 44/44/44 45/45/45
f 42/42/42 44/44/44 46/46/46
f 46/46/46 45/45/45 47/47/47
f 47/47/47 48/48/48 46/46/46
f 48/48/48 47/47/47 49/49/49
f 49/49/49 50/50/50 48/48/48
f 50/50/50 49/49/49 51/51/51
f 51/51/51 52/52/52 50/50/50
f 52/52/52 51/51/51 53/53/53
f 53/53/53 54/54/54 52/52/52
f 54/54/54 53/53/53 55/55/55
f 55/55/55 56/56/56 54/54/54
f 56/56/56 55/55/55 57/57/57
f 57/57/57 58/58/58 56/56/56
f 58/58/58 57/57/57 59/59/59
f 59/59/59 60/60/60 58/58/58
f 60/60/60 59/59/59 61/61/61
f 61/61/61 62/62/62 60/60/60
f 62/62/62 61/61/61 63/63/63
f 63/63/63 64/64/64 62/62/62
f 64/64/64 63/63/63 65/65/65
f 65/65/65 66/66/66 64/64/64
f 65/65/65 67/67/67 66/66/66
f 68/68/68 67/67/67 65/65/65
f 67/67/67 70/70/70 69/69/69
f 68/68/68 70/70/70 67/67/67
f 66/66/66 67/67/67 69/69/69
f 71/71/71 70/70/70 68/68/68
f 69/69/69 70/70/70 71/71/71
f 72/72/72 71/71/71 68/68/68
f 73/73/73 71/71/71 72/72/72
f 69/69/69 71/71/71 73/73/73
f 73/73/73 72/72/72 74/74/74
f 74/74/74 75/75/75 73/73/73
f 75/75/75 74/74/74 76/76/76
f 76/76/76 77/77/77 75/75/75
f 77/77/77 76/76/76 78/78/78
f 78/78/78 79/79/79 77/77/77
f 78/78/78 80/80/80 79/79/79
f 81/81/81 82/82/82 80/80/80
f 82/82/82 84/84/84 83/83/83
f 81/81/81 84/84/84 82/82/82
f 78/78/78 81/81/81 80/80/80
f 80/80/80 86/86/86 85/85/85
f 86/86/86 82/82/82 83/83/83
f 80/80/80 82/82/82 86/86/86
f 79/79/79 80/80/80 85/85/85
f 87/87/87 86/86/86 83/83/83
f 85/85/85 86/86/86 87/87/87
f 88/88/88 87/87/87 83/83/83
f 89/89/89 87/87/87 88/88/88
f 85/85/85 87/87/87 89/89/89
f 90/90/90 1/1/1 4/4/4
f 4/4/4 91/91/91 90/90/90
f 91/91/91 4/4/4 6/6/6
f 6/6/6 92/92/92 91/91/91
f 92/92/92 6/6/6 8/8/8
f 8/8/8 93/93/93 92/92/92
f 93/93/93 8/8/8 10/10/10
f 10/10/10 94/94/94 93/93/93
f 10/10/10 95/95/95 94/94/94
f 14/14/14 96/96/96 95/95/95
f 13/13/13 96/96/96 14/14/14
f 10/10/10 14/14/14 95/95/95
f 95/95/95 98/98/98 97/97/97
f 96/96/96 99/99/99 98/98/98
f 13/13/13 99/99/99 96/96/96
f 95/95/95 96/96/96 98/98/98
f 94/94/94 95/95/95 97/97/97
f 98/98/98 101/101/101 100/100/100
f 101/101/101 99/99/99 13/13/13
f 98/98/98 99/99/99 101/101/101
f 97/97/97 98/98/98 100/100/100
f 100/100/100 18/18/18 17/17/17
f 18/18/18 101/101/101 13/13/13
f 100/100/100 101/101/101 18/18/18
f 102/102/102 100/100/100 17/17/17
f 97/97/97 100/100/100 102/102/102
f 102/102/102 17/17/17 20/20/20
f 20/20/20 103/103/103 102/102/102
f 103/103/103 20/20/20 22/22/22
f 22/22/22 104/104/104 103/103/103
f 22/22/22 105/105/105 104/104/104
f 24/24/24 105/105/105 22/22/22
f 106/106/106 107/107/107 105/105/105
f 108/108/108 107/107/107 106/106/106
f 24/24/24 106/106/106 105/105/105
f 105/105/105 109/109/109 104/104/104
f 107/107/107 110/110/110 109/109/109
f 108/108/108 110/110/110 107/107/107
f 105/105/105 107/107/107 109/109/109
f 111/111/111 106/106/106 24/24/24
f 108/108/108 106/106/106 111/111/111
f 111/111/111 30/30/30 29/29/29
f 24/24/24 30/30/30 111/111/111
f 112/112/112 111/111/111 29/29/29
f 108/108/108 111/111/111 112/112/112
f 112/112/112 29/29/29 33/33/33
f 33/33/33 113/113/113 112/112/112
f 113/113/113 33/33/33 35/35/35
f 35/35/35 114/114/114 113/113/113
f 114/114/114 35/35/35 39/39/39
f 39/39/39 115/115/115 114/114/114
f 115/115/115 39/39/39 42/42/42
f 42/42/42 116/116/116 115/115/115
f 116/116/116 42/42/42 46/46/46
f 46/46/46 117/117/117 116/116/116
f 46/46/46 118/118/118 117/117/117
f 48/48/48 118/118/118 46/46/46
f 119/119/119 118/118/118 48/48/48
f 118/118/118 120/120/120 117/117/117
f 119/119/119 120/120/120 118/118/118
f 119/119/119 48/48/48 50/50/50
f 50/50/50 121/121/121 119/119/119
f 121/121/121 50/50/50 52/52/52
f 52/52/52 122/122/122 121/121/121
f 122/122/122 52/52/52 54/54/54
f 54/54/54 123/123/123 122/122/122
f 123/123/123 54/54/54 56/56/56
f 56/56/56 124/124/124 123/123/123
f 124/124/124 56/56/56 58/58/58
f 58/58/58 125/125/125 124/124/124
f 125/125/125 58/58/58 60/60/60
f 60/60/60 126/126/126 125/125/125
f 126/126/126 60/60/60 62/62/62
f 62/62/62 127/127/127 126/126/126
f 127/127/127 62/62/62 64/64/64
f 64/64/64 128/128/128 127/127/127
f 128/128/128 64/64/64 66/66/66
f 66/66/66 129/129/129 128/128/128
f 129/129/129 66/66/66 69/69/69
f 69/69/69 130/130/130 129/129/129
f 130/130/130 69/69/69 73/73/73
f 73/73/73 131/131/131 130/130/130
f 131/131/131 73/73/73 75/75/75
f 75/75/75 132/132/132 131/131/131
f 132/132/132 75/75/75 77/77/77
f 77/77/77 133/133/133 132/132/132
f 77/77/77 134/134/134 133/133/133
f 79/79/79 134/134/134 77/77/77
f 135/135/135 134/134/134 79/79/79
f 133/133/133 134/134/134 135/135/135
f 135/135/135 79/79/79 85/85/85
f 85/85/85 136/136/136 135/135/135
f 136/136/136 85/85/85 89/89/89
f 89/89/89 137/137/137 136/136/136
f 138/138/138 90/90/90 91/91/91
f 91/91/91 139/139/139 138/138/138
f 139/139/139 91/91/91 92/92/92
f 92/92/92 140/140/140 139/139/139
f 140/140/140 92/92/92 93/93/93
f 93/93/93 141/141/141 140/140/140
f 141/141/141 93/93/93 94/94/94
f 94/94/94 142/142/142 141/141/141
f 142/142/142 94/94/94 97/97/97
f 97/97/97 143/143/143 142/142/142
f 143/143/143 97/97/97 102/102/102
f 102/102/102 144/144/144 143/143/143
f 144/144/144 102/102/102 103/103/103
f 103/103/103 145/145/145 144/144/144
f 145/145/145 103/103/103 104/104/104
f 104/104/104 146/146/146 145/145/145
f 104/104/104 147/147/147 146/146/146
f 109/109/109 148/148/148 147/147/147
f 148/148/148 110/110/110 108/108/108
f 109/109/109 110/110/110 148/148/148
f 104/104/104 109/109/109 147/147/147
f 149/149/149 151/151/151 150/150/150
f 147/147/147 151/151/151 149/149/149
f 152/152/152 149/149/149 150/150/150
f 150/150/150 148/148/148 108/108/108
f 148/148/148 151/151/151 147/147/147
f 150/150/150 151/151/151 148/148/148
f 147/147/147 153/153/153 146/146/146
f 153/153/153 149/149/149 152/152/152
f 147/147/147 149/149/149 153/153/153
f 154/154/154 150/150/150 108/108/108
f 152/152/152 150/150/150 154/154/154
f 112/112/112 154/154/154 108/108/108
f 155/155/155 154/154/154 112/112/112
f 152/152/152 154/154/154 155/155/155
f 155/155/155 112/112/112 113/113/113
f 113/113/113 156/156/156 155/155/155
f 156/156/156 113/113/113 114/114/114
f 114/114/114 157/157/157 156/156/156
f 157/157/157 114/114/114 115/115/115
f 115/115/115 158/158/158 157/157/157
f 158/158/158 115/115/115 116/116/116
f 116/116/116 159/159/159 158/158/158
f 159/159/159 116/116/116 117/117/117
f 117/117/117 160/160/160 159/159/159
f 117/117/117 161/161/161 160/160/160
f 120/120/120 162/162/162 161/161/161
f 119/119/119 162/162/162 120/120/120
f 117/117/117 120/120/120 161/161/161
f 161/161/161 164/164/164 163/163/163
f 164/164/164 162/162/162 119/119/119
f 161/161/161 162/162/162 164/164/164
f 160/160/160 161/161/161 163/163/163
f 165/165/165 164/164/164 119/119/119
f 163/163/163 164/164/164 165/165/165
f 121/121/121 165/165/165 119/119/119
f 166/166/166 165/165/165 121/121/121
f 163/163/163 165/165/165 166/166/166
f 166/166/166 121/121/121 122/122/122
f 122/122/122 167/167/167 166/166/166
f 167/167/167 122/122/122 123/123/123
f 123/123/123 168/168/168 167/167/167
f 168/168/168 123/123/123 124/124/124
f 124/124/124 169/169/169 168/168/168
f 169/169/169 124/124/124 125/125/125
f 125/125/125 170/170/170 169/169/169
f 170/170/170 125/125/125 126/126/126
f 126/126/126 171/171/171 170/170/170
f 171/171/171 126/126/126 127/127/127
f 127/127/127 172/172/172 171/171/171
f 172/172/172 127/127/127 128/128/128
f 128/128/128 173/173/173 172/172/172
f 173/173/173 128/128/128 129/129/129
f 129/129/129 174/174/174 173/173/173
f 174/174/174 129/129/129 130/130/130
f 130/130/130 175/175/175 174/174/174
f 175/175/175 130/130/130 131/131/131
f 131/131/131 176/176/176 175/175/175
f 176/176/176 131/131/131 132/132/132
f 132/132/132 177/177/177 176/176/176
f 177/177/177 132/132/132 133/133/133
f 133/133/133 178/178/178 177/177/177
f 178/178/178 133/133/133 135/135/135
f 135/135/135 179/179/179 178/178/178
f 179/179/179 135/135/135 136/136/136
f 136/136/136 180/180/180 179/179/179
f 180/180/180 136/136/136 137/137/137
f 137/137/137 181/181/181 180/180/180
f 182/182/182 138/138/138 139/139/139
f 139/139/139 183/183/183 182/182/182
f 183/183/183 139/139/139 140/140/140
f 140/140/140 184/184/184 183/183/183
f 184/184/184 140/140/140 141/141/141
f 141/141/141 185/185/185 184/184/184
f 185/185/185 141/141/141 142/142/142
f 142/142/142 186/186/186 185/185/185
f 186/186/186 142/142/142 143/143/143
f 143/143/143 187/187/187 186/186/186
f 187/187/187 143/143/143 144/144/144
f 144/144/144 188/188/188 187/187/187
f 188/188/188 144/144/144 145/145/145
f 145/145/145 189/189/189 188/188/188
f 145/145/145 190/190/190 189/189/189
f 146/146/146 190/190/190 145/145/145
f 191/191/191 190/190/190 146/146/146
f 190/190/190 192/192/192 189/189/189
f 191/191/191 192/192/192 190/190/190
f 146/146/146 193/193/193 191/191/191
f 193/193/193 153/153/153 152/152/152
f 146/146/146 153/153/153 193/193/193
f 194/194/194 193/193/193 152/152/152
f 191/191/191 193/193/193 194/194/194
f 194/194/194 152/152/152 155/155/155
f 155/155/155 195/195/195 194/194/194
f 195/195/195 155/155/155 156/156/156
f 156/156/156 196/196/196 195/195/195
f 196/196/196 156/156/156 157/157/157
f 157/157/157 197/197/197 196/196/196
f 197/197/197 157/157/157 158/158/158
f 158/158/158 198/198/198 197/197/197
f 198/198/198 158/158/158 159/159/159
f 159/159/159 199/199/199 198/198/198
f 199/199/199 159/159/159 160/160/160
f 160/160/160 200/200/200 199/199/199
f 200/200/200 160/160/160 163/163/163
f 163/163/163 201/201/201 200/200/200
f 163/163/163 202/202/202 201/201/201
f 166/166/166 202/202/202 163/163/163
f 203/203/203 204/204/204 202/202/202
f 204/204/204 206/206/206 205/205/205
f 203/203/203 206/206/206 204/204/204
f 166/166/166 203/203/203 202/202/202
f 202/202/202 207/207/207 201/201/201
f 207/207/207 204/204/204 205/205/205
f 202/202/202 204/204/204 207/207/207
f 208/208/208 203/203/203 166/166/166
f 209/209/209 206/206/206 203/203/203
f 205/205/205 206/206/206 209/209/209
f 208/208/208 209/209/209 203/203/203
f 167/167/167 208/208/208 166/166/166
f 210/210/210 208/208/208 167/167/167
f 211/211/211 209/209/209 208/208/208
f 205/205/205 209/209/209 211/211/211
f 210/210/210 211/211/211 208/208/208
f 210/210/210 167/167/167 168/168/168
f 168/168/168 212/212/212 210/210/210
f 212/212/212 168/168/168 169/169/169
f 169/169/169 213/213/213 212/212/212
f 213/213/213 169/169/169 170/170/170
f 170/170/170 214/214/214 213/213/213
f 214/214/214 170/170/170 171/171/171
f 171/171/171 215/215/215 214/214/214
f 215/215/215 171/171/171 172/172/172
f 172/172/172 216/216/216 215/215/215
f 216/216/216 172/172/172 173/173/173
f 173/173/173 217/217/217 216/216/216
f 217/217/217 173/173/173 174/174/174
f 174/174/174 218/218/218 217/217/217
f 218/218/218 174/174/174 175/175/175
f 175/175/175 219/219/219 218/218/218
f 219/219/219 175/175/175 176/176/176
f 176/176/176 220/220/220 219/219/219
f 220/220/220 176/176/176 177/177/177
f 177/177/177 221/221/221 220/220/220
f 221/221/221 177/177/177 178/178/178
f 178/178/178 222/222/222 221/221/221
f 222/222/222 178/178/178 179/179/179
f 179/179/179 223/223/223 222/222/222
f 223/223/223 179/179/179 180/180/180
f 180/180/180 224/224/224 223/223/223
f 224/224/224 180/180/180 181/181/181
f 181/181/181 225/225/225 224/224/224
f 226/226/226 182/182/182 183/183/183
f 183/183/183 227/227/227 226/226/226
f 227/227/227 183/183/183 184/184/184
f 184/184/184 228/228/228 227/227/227
f 228/228/228 184/184/184 185/185/185
f 185/185/185 229/229/229 228/228/228
f 229/229/229 185/185/185 186/186/186
f 186/186/186 230/230/230 229/229/229
f 230/230/230 186/186/186 187/187/187
f 187/187/187 231/231/231 230/230/230
f 231/231/231 187/187/187 188/188/188
f 188/188/188 232/232/232 231/231/231
f 232/232/232 188/188/188 189/189/189
f 189/189/189 233/233/233 232/232/232
f 189/189/189 234/234/234 233/233/233
f 234/234/234 192/192/192 191/191/191
f 189/189/189 192/192/192 234/234/234
f 235/235/235 234/234/234 191/191/191
f 233/233/233 234/234/234 235/235/235
f 235/235/235 191/191/191 194/194/194
f 194/194/194 236/236/236 235/235/235
f 236/236/236 194/194/194 195/195/195
f 195/195/195 237/237/237 236/236/236
f 237/237/237 195/195/195 196/196/196
f 196/196/196 238/238/238 237/237/237
f 238/238/238 196/196/196 197/197/197
f 197/197/197 239/239/239 238/238/238
f 239/239/239 197/197/197 198/198/198
f 198/198/198 240/240/240 239/239/239
f 240/240/240 198/198/198 199/199/199
f 199/199/199 241/241/241 240/240/240
f 241/241/241 199/199/199 200/200/200
f 200/200/200 242/242/242 241/241/241
f 242/242/242 200/200/200 201/201/201
f 201/201/201 243/243/243 242/242/242
f 201/201/201 244/244/244 243/243/243
f 244/244/244 207/207/207 205/205/205
f 201/201/201 207/207/207 244/244/244
f 245/245/245 244/244/244 205/205/205
f 244/244/244 246/246/246 243/243/243
f 245/245/245 246/246/246 244/244/244
f 205/205/205 247/247/247 245/245/245
f 247/247/247 211/211/211 210/210/210
f 205/205/205 211/211/211 247/247/247
f 248/248/248 247/247/247 210/210/210
f 245/245/245 247/247/247 248/248/248
f 248/248/248 210/210/210 212/212/212
f 212/212/212 249/249/249 248/248/248
f 249/249/249 212/212/212 213/213/213
f 213/213/213 250/250/250 249/249/249
f 250/250/250 213/213/213 214/214/214
f 214/214/214 251/251/251 250/250/250
f 251/251/251 214/214/214 215/215/215
f 215/215/215 252/252/252 251/251/251
f 252/252/252 215/215/215 216/216/216
f 216/216/216 253/253/253 252/252/252
f 253/253/253 216/216/216 217/217/217
f 217/217/217 254/254/254 253/253/253
f 254/254/254 217/217/217 218/218/218
f 218/218/218 255/255/255 254/254/254
f 255/255/255 218/218/218 219/219/219
f 219/219/219 256/256/256 255/255/255
f 256/256/256 219/219/219 220/220/220
f 220/220/220 257/257/257 256/256/256
f 220/220/220 258/258/258 257/257/257
f 221/221/221 258/258/258 220/220/220
f 259/259/259 258/258/258 221/221/221
f 257/257/257 258/258/258 259/259/259
f 259/259/259 221/221/221 222/222/222
f 222/222/222 260/260/260 259/259/259
f 260/260/260 222/222/222 223/223/223
f 223/223/223 261/261/261 260/260/260
f 261/261/261 223/223/223 224/224/224
f 224/224/224 262/262/262 261/261/261
f 262/262/262 224/224/224 225/225/225
f 225/225/225 263/263/263 262/262/262
f 264/264/264 226/226/226 227/227/227
f 227/227/227 265/265/265 264/264/264
f 265/265/265 227/227/227 228/228/228
f 228/228/228 266/266/266 265/265/265
f 266/266/266 228/228/228 229/229/229
f 229/229/229 267/267/267 266/266/266
f 267/267/267 229/229/229 230/230/230
f 230/230/230 268/268/268 267/267/267
f 268/268/268 230/230/230 231/231/231
f 231/231/231 269/269/269 268/268/268
f 269/269/269 231/231/231 232/232/232
f 232/232/232 270/270/270 269/269/269
f 270/270/270 232/232/232 233/233/233
f 233/233/233 271/271/271 270/270/270
f 271/271/271 233/233/233 235/235/235
f 235/235/235 272/272/272 271/271/271
f 272/272/272 235/235/235 236/236/236
f 236/236/236 273/273/273 272/272/272
f 273/273/273 236/236/236 237/237/237
f 237/237/237 274/274/274 273/273/273
f 274/274/274 237/237/237 238/238/238
f 238/238/238 275/275/275 274/274/274
f 275/275/275 238/238/238 239/239/239
f 239/239/239 276/276/276 275/275/275
f 276/276/276 239/239/239 240/240/240
f 240/240/240 277/277/277 276/276/276
f 277/277/277 240/240/240 241/241/241
f 241/241/241 278/278/278 277/277/277
f 241/241/241 279/279/279 278/278/278
f 242/242/242 279/279/279 241/241/241
f 280/280/280 279/279/279 242/242/242
f 279/279/279 281/281/281 278/278/278
f 280/280/280 281/281/281 279/279/279
f 242/242/242 282/282/282 280/280/280
f 243/243/243 282/282/282 242/242/242
f 282/282/282 284/284/284 283/283/283
f 243/243/243 284/284/284 282/282/282
f 282/282/282 285/285/285 280/280/280
f 283/283/283 285/285/285 282/282/282
f 284/284/284 287/287/287 286/286/286
f 243/243/243 287/287/287 284/284/284
f 283/283/283 284/284/284 286/286/286
f 286/286/286 246/246/246 245/245/245
f 246/246/246 287/287/287 243/243/243
f 286/286/286 287/287/287 246/246/246
f 288/288/288 286/286/286 245/245/245
f 283/283/283 286/286/286 288/288/288
f 288/288/288 245/245/245 248/248/248
f 248/248/248 289/289/289 288/288/288
f 289/289/289 248/248/248 249/249/249
f 249/249/249 290/290/290 289/289/289
f 290/290/290 249/249/249 250/250/250
f 250/250/250 291/291/291 290/290/290
f 291/291/291 250/250/250 251/251/251
f 251/251/251 292/292/292 291/291/291
f 292/292/292 251/251/251 252/252/252
f 252/252/252 293/293/293 292/292/292
f 293/293/293 252/252/252 253/253/253
f 253/253/253 294/294/294 293/293/293
f 294/294/294 253/253/253 254/254/254
f 254/254/254 295/295/295 294/294/294
f 295/295/295 254/254/254 255/255/255
f 255/255/255 296/296/296 295/295/295
f 296/296/296 255/255/255 256/256/256
f 256/256/256 297/297/297 296/296/296
f 256/256/256 298/298/298 297/297/297
f 257/257/257 298/298/298 256/256/256
f 299/299/299 298/298/298 257/257/257
f 298/298/298 300/300/300 297/297/297
f 299/299/299 300/300/300 298/298/298
f 299/299/299 257/257/257 259/259/259
f 259/259/259 301/301/301 299/299/299
f 301/301/301 259/259/259 260/260/260
f 260/260/260 302/302/302 301/301/301
f 302/302/302 260/260/260 261/261/261
f 261/261/261 303/303/303 302/302/302
f 303/303/303 261/261/261 262/262/262
f 262/262/262 304/304/304 303/303/303
f 304/304/304 262/262/262 263/263/263
f 263/263/263 305/305/305 304/304/304
f 306/306/306 264/264/264 265/265/265
f 265/265/265 307/307/307 306/306/306
f 307/307/307 265/265/265 266/266/266
f 266/266/266 308/308/308 307/307/307
f 266/266/266 309/309/309 308/308/308
f 267/267/267 309/309/309 266/266/266
f 310/310/310 311/311/311 309/309/309
f 312/312/312 311/311/311 310/310/310
f 267/267/267 310/310/310 309/309/309
f 309/309/309 313/313/313 308/308/308
f 313/313/313 311/311/311 312/312/312
f 309/309/309 311/311/311 313/313/313
f 314/314/314 310/310/310 267/267/267
f 312/312/312 310/310/310 314/314/314
f 268/268/268 314/314/314 267/267/267
f 315/315/315 314/314/314 268/268/268
f 312/312/312 314/314/314 315/315/315
f 315/315/315 268/268/268 269/269/269
f 269/269/269 316/316/316 315/315/315
f 316/316/316 269/269/269 270/270/270
f 270/270/270 317/317/317 316/316/316
f 317/317/317 270/270/270 271/271/271
f 271/271/271 318/318/318 317/317/317
f 318/318/318 271/271/271 272/272/272
f 272/272/272 319/319/319 318/318/318
f 319/319/319 272/272/272 273/273/273
f 273/273/273 320/320/320 319/319/319
f 320/320/320 273/273/273 274/274/274
f 274/274/274 321/321/321 320/320/320
f 321/321/321 274/274/274 275/275/275
f 275/275/275 322/322/322 321/321/321
f 322/322/322 275/275/275 276/276/276
f 276/276/276 323/323/323 322/322/322
f 276/276/276 324/324/324 323/323/323
f 277/277/277 324/324/324 276/276/276
f 324/324/324 326/326/326 325/325/325
f 277/277/277 326/326/326 324/324/324
f 323/323/323 324/324/324 325/325/325
f 327/327/327 326/326/326 277/277/277
f 326/326/326 328/328/328 325/325/325
f 327/327/327 328/328/328 326/326/326
f 278/278/278 327/327/327 277/277/277
f 329/329/329 327/327/327 278/278/278
f 330/330/330 328/328/328 327/327/327
f 325/325/325 328/328/328 330/330/330
f 329/329/329 330/330/330 327/327/327
f 278/278/278 331/331/331 329/329/329
f 281/281/281 332/332/332 331/331/331
f 280/280/280 332/332/332 281/281/281
f 278/278/278 281/281/281 331/331/331
f 331/331/331 334/334/334 333/333/333
f 332/332/332 335/335/335 334/334/334
f 280/280/280 335/335/335 332/332/332
f 331/331/331 332/332/332 334/334/334
f 329/329/329 331/331/331 333/333/333
f 334/334/334 337/337/337 336/336/336
f 337/337/337 335/335/335 280/280/280
f 334/334/334 335/335/335 337/337/337
f 333/333/333 334/334/334 336/336/336
f 336/336/336 285/285/285 283/283/283
f 285/285/285 337/337/337 280/280/280
f 336/336/336 337/337/337 285/285/285
f 338/338/338 336/336/336 283/283/283
f 333/333/333 336/336/336 338/338/338
f 338/338/338 283/283/283 288/288/288
f 288/288/288 339/339/339 338/338/338
f 339/339/339 288/288/288 289/289/289
f 289/289/289 340/340/340 339/339/339
f 340/340/340 289/289/289 290/290/290
f 290/290/290 341/341/341 340/340/340
f 341/341/341 290/290/290 291/291/291
f 291/291/291 342/342/342 341/341/341
f 291/291/291 343/343/343 342/342/342
f 292/292/292 343/343/343 291/291/291
f 344/344/344 343/343/343 292/292/292
f 342/342/342 343/343/343 344/344/344
f 344/344/344 292/292/292 293/293/293
f 293/293/293 345/345/345 344/344/344
f 345/345/345 293/293/293 294/294/294
f 294/294/294 346/346/346 345/345/345
f 346/346/346 294/294/294 295/295/295
f 295/295/295 347/347/347 346/346/346
f 347/347/347 295/295/295 296/296/296
f 296/296/296 348/348/348 347/347/347
f 348/348/348 296/296/296 297/297/297
f 297/297/297 349/349/349 348/348/348
f 297/297/297 350/350/350 349/349/349
f 350/350/350 300/300/300 299/299/299
f 297/297/297 300/300/300 350/350/350
f 351/351/351 350/350/350 299/299/299
f 349/349/349 350/350/350 351/351/351
f 351/351/351 299/299/299 301/301/301
f 301/301/301 352/352/352 351/351/351
f 301/301/301 353/353/353 352/352/352
f 302/302/302 353/353/353 301/301/301
f 353/353/353 355/355/355 354/354/354
f 302/302/302 355/355/355 353/353/353
f 352/352/352 353/353/353 354/354/354
f 356/356/356 355/355/355 302/302/302
f 354/354/354 355/355/355 356/356/356
f 303/303/303 356/356/356 302/302/302
f 356/356/356 358/358/358 357/357/357
f 303/303/303 358/358/358 356/356/356
f 354/354/354 356/356/356 357/357/357
f 359/359/359 358/358/358 303/303/303
f 357/357/357 358/358/358 359/359/359
f 304/304/304 359/359/359 303/303/303
f 360/360/360 359/359/359 304/304/304
f 357/357/357 359/359/359 360/360/360
f 360/360/360 304/304/304 305/305/305
f 305/305/305 361/361/361 360/360/360
f 362/362/362 306/306/306 307/307/307
f 307/307/307 363/363/363 362/362/362
f 363/363/363 307/307/307 308/308/308
f 308/308/308 364/364/364 363/363/363
f 308/308/308 365/365/365 364/364/364
f 365/365/365 313/313/313 312/312/312
f 308/308/308 313/313/313 365/365/365
f 366/366/366 365/365/365 312/312/312
f 364/364/364 365/365/365 366/366/366
f 366/366/366 312/312/312 315/315/315
f 315/315/315 367/367/367 366/366/366
f 315/315/315 368/368/368 367/367/367
f 316/316/316 368/368/368 315/315/315
f 368/368/368 370/370/370 369/369/369
f 316/316/316 370/370/370 368/368/368
f 368/368/368 371/371/371 367/367/367
f 369/369/369 371/371/371 368/368/368
f 372/372/372 370/370/370 316/316/316
f 370/370/370 373/373/373 369/369/369
f 372/372/372 373/373/373 370/370/370
f 317/317/317 372/372/372 316/316/316
f 372/372/372 375/375/375 374/374/374
f 317/317/317 375/375/375 372/372/372
f 376/376/376 373/373/373 372/372/372
f 373/373/373 377/377/377 369/369/369
f 376/376/376 377/377/377 373/373/373
f 374/374/374 376/376/376 372/372/372
f 378/378/378 375/375/375 317/317/317
f 374/374/374 375/375/375 378/378/378
f 318/318/318 378/378/378 317/317/317
f 379/379/379 378/378/378 318/318/318
f 374/374/374 378/378/378 379/379/379
f 379/379/379 318/318/318 319/319/319
f 319/319/319 380/380/380 379/379/379
f 380/380/380 319/319/319 320/320/320
f 320/320/320 381/381/381 380/380/380
f 381/381/381 320/320/320 321/321/321
f 321/321/321 382/382/382 381/381/381
f 382/382/382 321/321/321 322/322/322
f 322/322/322 383/383/383 382/382/382
f 322/322/322 384/384/384 383/383/383
f 323/323/323 384/384/384 322/322/322
f 384/384/384 386/386/386 385/385/385
f 323/323/323 386/386/386 384/384/384
f 383/383/383 384/384/384 385/385/385
f 387/387/387 386/386/386 323/323/323
f 385/385/385 386/386/386 387/387/387
f 325/325/325 387/387/387 323/323/323
f 387/387/387 389/389/389 388/388/388
f 325/325/325 389/389/389 387/387/387
f 385/385/385 387/387/387 388/388/388
f 389/389/389 391/391/391 390/390/390
f 325/325/325 391/391/391 389/389/389
f 388/388/388 389/389/389 390/390/390
f 392/392/392 393/393/393 330/330/330
f 390/390/390 393/393/393 392/392/392
f 329/329/329 392/392/392 330/330/330
f 330/330/330 391/391/391 325/325/325
f 391/391/391 393/393/393 390/390/390
f 330/330/330 393/393/393 391/391/391
f 394/394/394 396/396/396 395/395/395
f 397/397/397 396/396/396 394/394/394
f 390/390/390 394/394/394 395/395/395
f 395/395/395 399/399/399 398/398/398
f 399/399/399 396/396/396 397/397/397
f 395/395/395 396/396/396 399/399/399
f 397/397/397 392/392/392 329/329/329
f 392/392/392 394/394/394 390/390/390
f 397/397/397 394/394/394 392/392/392
f 390/390/390 400/400/400 388/388/388
f 400/400/400 395/395/395 398/398/398
f 390/390/390 395/395/395 400/400/400
f 401/401/401 397/397/397 329/329/329
f 402/402/402 399/399/399 397/397/397
f 398/398/398 399/399/399 402/402/402
f 401/401/401 402/402/402 397/397/397
f 333/333/333 401/401/401 329/329/329
f 403/403/403 401/401/401 333/333/333
f 404/404/404 402/402/402 401/401/401
f 398/398/398 402/402/402 404/404/404
f 403/403/403 404/404/404 401/401/401
f 403/403/403 333/333/333 338/338/338
f 338/338/338 405/405/405 403/403/403
f 405/405/405 338/338/338 339/339/339
f 339/339/339 406/406/406 405/405/405
f 406/406/406 339/339/339 340/340/340
f 340/340/340 407/407/407 406/406/406
f 340/340/340 408/408/408 407/407/407
f 341/341/341 408/408/408 340/340/340
f 409/409/409 408/408/408 341/341/341
f 408/408/408 410/410/410 407/407/407
f 409/409/409 410/410/410 408/408/408
f 409/409/409 341/341/341 342/342/342
f 342/342/342 411/411/411 409/409/409
f 411/411/411 342/342/342 344/344/344
f 344/344/344 412/412/412 411/411/411
f 412/412/412 344/344/344 345/345/345
f 345/345/345 413/413/413 412/412/412
f 413/413/413 345/345/345 346/346/346
f 346/346/346 414/414/414 413/413/413
f 414/414/414 346/346/346 347/347/347
f 347/347/347 415/415/415 414/414/414
f 415/415/415 347/347/347 348/348/348
f 348/348/348 416/416/416 415/415/415
f 416/416/416 348/348/348 349/349/349
f 349/349/349 417/417/417 416/416/416
f 417/417/417 349/349/349 351/351/351
f 351/351/351 418/418/418 417/417/417
f 418/418/418 351/351/351 352/352/352
f 352/352/352 419/419/419 418/418/418
f 419/419/419 352/352/352 354/354/354
f 354/354/354 420/420/420 419/419/419
f 420/420/420 354/354/354 357/357/357
f 357/357/357 421/421/421 420/420/420
f 421/421/421 357/357/357 360/360/360
f 360/360/360 422/422/422 421/421/421
f 422/422/422 360/360/360 361/361/361
f 361/361/361 423/423/423 422/422/422
f 424/424/424 362/362/362 363/363/363
f 363/363/363 425/425/425 424/424/424
f 425/425/425 363/363/363 364/364/364
f 364/364/364 426/426/426 425/425/425
f 364/364/364 427/427/427 426/426/426
f 366/366/366 427/427/427 364/364/364
f 428/428/428 427/427/427 366/366/366
f 427/427/427 429/429/429 426/426/426
f 428/428/428 429/429/429 427/427/427
f 428/428/428 366/366/366 367/367/367
f 367/367/367 430/430/430 428/428/428
f 367/367/367 431/431/431 430/430/430
f 371/371/371 432/432/432 431/431/431
f 369/369/369 432/432/432 371/371/371
f 367/367/367 371/371/371 431/431/431
f 433/433/433 435/435/435 434/434/434
f 431/431/431 435/435/435 433/433/433
f 436/436/436 433/433/433 434/434/434
f 434/434/434 432/432/432 369/369/369
f 432/432/432 435/435/435 431/431/431
f 434/434/434 435/435/435 432/432/432
f 431/431/431 437/437/437 430/430/430
f 437/437/437 433/433/433 436/436/436
f 431/431/431 433/433/433 437/437/437
f 434/434/434 439/439/439 438/438/438
f 369/369/369 439/439/439 434/434/434
f 436/436/436 434/434/434 438/438/438
f 438/438/438 376/376/376 374/374/374
f 439/439/439 377/377/377 376/376/376
f 369/369/369 377/377/377 439/439/439
f 438/438/438 439/439/439 376/376/376
f 440/440/440 438/438/438 374/374/374
f 438/438/438 441/441/441 436/436/436
f 440/440/440 441/441/441 438/438/438
f 374/374/374 442/442/442 440/440/440
f 379/379/379 442/442/442 374/374/374
f 443/443/443 444/444/444 442/442/442
f 445/445/445 444/444/444 443/443/443
f 379/379/379 443/443/443 442/442/442
f 442/442/442 446/446/446 440/440/440
f 446/446/446 444/444/444 445/445/445
f 442/442/442 444/444/444 446/446/446
f 447/447/447 443/443/443 379/379/379
f 445/445/445 443/443/443 447/447/447
f 380/380/380 447/447/447 379/379/379
f 448/448/448 447/447/447 380/380/380
f 445/445/445 447/447/447 448/448/448
f 380/380/380 449/449/449 448/448/448
f 381/381/381 449/449/449 380/380/380
f 449/449/449 451/451/451 450/450/450
f 381/381/381 451/451/451 449/449/449
f 448/448/448 449/449/449 450/450/450
f 452/452/452 451/451/451 381/381/381
f 451/451/451 453/453/453 450/450/450
f 452/452/452 453/453/453 451/451/451
f 382/382/382 452/452/452 381/381/381
f 454/454/454 452/452/452 382/382/382
f 455/455/455 453/453/453 452/452/452
f 450/450/450 453/453/453 455/455/455
f 454/454/454 455/455/455 452/452/452
f 454/454/454 382/382/382 383/383/383
f 383/383/383 456/456/456 454/454/454
f 456/456/456 383/383/383 385/385/385
f 385/385/385 457/457/457 456/456/456
f 457/457/457 385/385/385 388/388/388
f 388/388/388 458/458/458 457/457/457
f 388/388/388 459/459/459 458/458/458
f 459/459/459 400/400/400 398/398/398
f 388/388/388 400/400/400 459/459/459
f 460/460/460 459/459/459 398/398/398
f 458/458/458 459/459/459 460/460/460
f 398/398/398 461/461/461 460/460/460
f 461/461/461 404/404/404 403/403/403
f 398/398/398 404/404/404 461/461/461
f 462/462/462 461/461/461 403/403/403
f 460/460/460 461/461/461 462/462/462
f 403/403/403 463/463/463 462/462/462
f 405/405/405 463/463/463 403/403/403
f 464/464/464 463/463/463 405/405/405
f 462/462/462 463/463/463 464/464/464
f 464/464/464 405/405/405 406/406/406
f 406/406/406 465/465/465 464/464/464
f 406/406/406 466/466/466 465/465/465
f 407/407/407 466/466/466 406/406/406
f 466/466/466 468/468/468 467/467/467
f 407/407/407 468/468/468 466/466/466
f 465/465/465 466/466/466 467/467/467
f 468/468/468 470/470/470 469/469/469
f 407/407/407 470/470/470 468/468/468
f 467/467/467 468/468/468 469/469/469
f 469/469/469 410/410/410 409/409/409
f 410/410/410 470/470/470 407/407/407
f 469/469/469 470/470/470 410/410/410
f 471/471/471 469/469/469 409/409/409
f 467/467/467 469/469/469 471/471/471
f 409/409/409 472/472/472 471/471/471
f 411/411/411 472/472/472 409/409/409
f 472/472/472 474/474/474 473/473/473
f 411/411/411 474/474/474 472/472/472
f 471/471/471 472/472/472 473/473/473
f 475/475/475 474/474/474 411/411/411
f 474/474/474 476/476/476 473/473/473
f 475/475/475 476/476/476 474/474/474
f 412/412/412 475/475/475 411/411/411
f 477/477/477 475/475/475 412/412/412
f 478/478/478 476/476/476 475/475/475
f 473/473/473 476/476/476 478/478/478
f 477/477/477 478/478/478 475/475/475
f 477/477/477 412/412/412 413/413/413
f 413/413/413 479/479/479 477/477/477
f 479/479/479 413/413/413 414/414/414
f 414/414/414 480/480/480 479/479/479
f 480/480/480 414/414/414 415/415/415
f 415/415/415 481/481/481 480/480/480
f 481/481/481 415/415/415 416/416/416
f 416/416/416 482/482/482 481/481/481
f 482/482/482 416/416/416 417/417/417
f 417/417/417 483/483/483 482/482/482
f 483/483/483 417/417/417 418/418/418
f 418/418/418 484/484/484 483/483/483
f 484/484/484 418/418/418 419/419/419
f 419/419/419 485/485/485 484/484/484
f 485/485/485 419/419/419 420/420/420
f 420/420/420 486/486/486 485/485/485
f 486/486/486 420/420/420 421/421/421
f 421/421/421 487/487/487 486/486/486
f 487/487/487 421/421/421 422/422/422
f 422/422/422 488/488/488 487/487/487
f 488/488/488 422/422/422 423/423/423
f 423/423/423 489/489/489 488/488/488
f 490/490/490 424/424/424 425/425/425
f 425/425/425 491/491/491 490/490/490
f 491/491/491 425/425/425 426/426/426
f 426/426/426 492/492/492 491/491/491
f 426/426/426 493/493/493 492/492/492
f 493/493/493 429/429/429 428/428/428
f 426/426/426 429/429/429 493/493/493
f 494/494/494 493/493/493 428/428/428
f 493/493/493 495/495/495 492/492/492
f 494/494/494 495/495/495 493/493/493
f 494/494/494 428/428/428 430/430/430
f 430/430/430 496/496/496 494/494/494
f 430/430/430 497/497/497 496/496/496
f 497/497/497 437/437/437 436/436/436
f 430/430/430 437/437/437 497/497/497
f 498/498/498 497/497/497 436/436/436
f 496/496/496 497/497/497 498/498/498
f 436/436/436 499/499/499 498/498/498
f 441/441/441 500/500/500 499/499/499
f 440/440/440 500/500/500 441/441/441
f 436/436/436 441/441/441 499/499/499
f 499/499/499 502/502/502 501/501/501
f 500/500/500 503/503/503 502/502/502
f 440/440/440 503/503/503 500/500/500
f 499/499/499 500/500/500 502/502/502
f 498/498/498 499/499/499 501/501/501
f 502/502/502 505/505/505 504/504/504
f 505/505/505 503/503/503 440/440/440
f 502/502/502 503/503/503 505/505/505
f 501/501/501 502/502/502 504/504/504
f 504/504/504 446/446/446 445/445/445
f 446/446/446 505/505/505 440/440/440
f 504/504/504 505/505/505 446/446/446
f 506/506/506 504/504/504 445/445/445
f 501/501/501 504/504/504 506/506/506
f 506/506/506 445/445/445 448/448/448
f 448/448/448 507/507/507 506/506/506
f 507/507/507 448/448/448 450/450/450
f 450/450/450 508/508/508 507/507/507
f 450/450/450 509/509/509 508/508/508
f 509/509/509 455/455/455 454/454/454
f 450/450/450 455/455/455 509/509/509
f 510/510/510 509/509/509 454/454/454
f 508/508/508 509/509/509 510/510/510
f 510/510/510 454/454/454 456/456/456
f 456/456/456 511/511/511 510/510/510
f 511/511/511 456/456/456 457/457/457
f 457/457/457 512/512/512 511/511/511
f 512/512/512 457/457/457 458/458/458
f 458/458/458 513/513/513 512/512/512
f 513/513/513 458/458/458 460/460/460
f 460/460/460 514/514/514 513/513/513
f 514/514/514 460/460/460 462/462/462
f 462/462/462 515/515/515 514/514/514
f 515/515/515 462/462/462 464/464/464
f 464/464/464 516/516/516 515/515/515
f 464/464/464 517/517/517 516/516/516
f 465/465/465 517/517/517 464/464/464
f 517/517/517 519/519/519 518/518/518
f 465/465/465 519/519/519 517/517/517
f 516/516/516 517/517/517 518/518/518
f 520/520/520 519/519/519 465/465/465
f 518/518/518 519/519/519 520/520/520
f 467/467/467 520/520/520 465/465/465
f 521/521/521 520/520/520 467/467/467
f 518/518/518 520/520/520 521/521/521
f 521/521/521 467/467/467 471/471/471
f 471/471/471 522/522/522 521/521/521
f 471/471/471 523/523/523 522/522/522
f 473/473/473 523/523/523 471/471/471
f 523/523/523 525/525/525 524/524/524
f 473/473/473 525/525/525 523/523/523
f 523/523/523 526/526/526 522/522/522
f 524/524/524 526/526/526 523/523/523
f 525/525/525 528/528/528 527/527/527
f 473/473/473 528/528/528 525/525/525
f 524/524/524 525/525/525 527/527/527
f 527/527/527 478/478/478 477/477/477
f 478/478/478 528/528/528 473/473/473
f 527/527/527 528/528/528 478/478/478
f 529/529/529 527/527/527 477/477/477
f 524/524/524 527/527/527 529/529/529
f 529/529/529 477/477/477 479/479/479
f 479/479/479 530/530/530 529/529/529
f 530/530/530 479/479/479 480/480/480
f 480/480/480 531/531/531 530/530/530
f 480/480/480 532/532/532 531/531/531
f 481/481/481 532/532/532 480/480/480
f 532/532/532 534/534/534 533/533/533
f 481/481/481 534/534/534 532/532/532
f 531/531/531 532/532/532 533/533/533
f 535/535/535 534/534/534 481/481/481
f 533/533/533 534/534/534 535/535/535
f 482/482/482 535/535/535 481/481/481
f 536/536/536 535/535/535 482/482/482
f 533/533/533 535/535/535 536/536/536
f 536/536/536 482/482/482 483/483/483
f 483/483/483 537/537/537 536/536/536
f 537/537/537 483/483/483 484/484/484
f 484/484/484 538/538/538 537/537/537
f 538/538/538 484/484/484 485/485/485
f 485/485/485 539/539/539 538/538/538
f 539/539/539 485/485/485 486/486/486
f 486/486/486 540/540/540 539/539/539
f 540/540/540 486/486/486 487/487/487
f 487/487/487 541/541/541 540/540/540
f 541/541/541 487/487/487 488/488/488
f 488/488/488 542/542/542 541/541/541
f 542/542/542 488/488/488 489/489/489
f 489/489/489 543/543/543 542/542/542
f 544/544/544 490/490/490 491/491/491
f 491/491/491 545/545/545 544/544/544
f 545/545/545 491/491/491 492/492/492
f 492/492/492 546/546/546 545/545/545
f 492/492/492 547/547/547 546/546/546
f 547/547/547 495/495/495 494/494/494
f 492/492/492 495/495/495 547/547/547
f 548/548/548 547/547/547 494/494/494
f 546/546/546 547/547/547 548/548/548
f 548/548/548 494/494/494 496/496/496
f 496/496/496 549/549/549 548/548/548
f 549/549/549 496/496/496 498/498/498
f 498/498/498 550/550/550 549/549/549
f 550/550/550 498/498/498 501/501/501
f 501/501/501 551/551/551 550/550/550
f 551/551/551 501/501/501 506/506/506
f 506/506/506 552/552/552 551/551/551
f 552/552/552 506/506/506 507/507/507
f 507/507/507 553/553/553 552/552/552
f 553/553/553 507/507/507 508/508/508
f 508/508/508 554/554/554 553/553/553
f 554/554/554 508/508/508 510/510/510
f 510/510/510 555/555/555 554/554/554
f 555/555/555 510/510/510 511/511/511
f 511/511/511 556/556/556 555/555/555
f 556/556/556 511/511/511 512/512/512
f 512/512/512 557/557/557 556/556/556
f 557/557/557 512/512/512 513/513/513
f 513/513/513 558/558/558 557/557/557
f 558/558/558 513/513/513 514/514/514
f 514/514/514 559/559/559 558/558/558
f 559/559/559 514/514/514 515/515/515
f 515/515/515 560/560/560 559/559/559
f 560/560/560 515/515/515 516/516/516
f 516/516/516 561/561/561 560/560/560
f 561/561/561 516/516/516 518/518/518
f 518/518/518 562/562/562 561/561/561
f 562/562/562 518/518/518 521/521/521
f 521/521/521 563/563/563 562/562/562
f 563/563/563 521/521/521 522/522/522
f 522/522/522 564/564/564 563/563/563
f 522/522/522 565/565/565 564/564/564
f 565/565/565 526/526/526 524/524/524
f 522/522/522 526/526/526 565/565/565
f 566/566/566 565/565/565 524/524/524
f 564/564/564 565/565/565 566/566/566
f 566/566/566 524/524/524 529/529/529
f 529/529/529 567/567/567 566/566/566
f 567/567/567 529/529/529 530/530/530
f 530/530/530 568/568/568 567/567/567
f 568/568/568 530/530/530 531/531/531
f 531/531/531 569/569/569 568/568/568
f 569/569/569 531/531/531 533/533/533
f 533/533/533 570/570/570 569/569/569
f 570/570/570 533/533/533 536/536/536
f 536/536/536 571/571/571 570/570/570
f 571/571/571 536/536/536 537/537/537
f 537/537/537 572/572/572 571/571/571
f 572/572/572 537/537/537 538/538/538
f 538/538/538 573/573/573 572/572/572
f 573/573/573 538/538/538 539/539/539
f 539/539/539 574/574/574 573/573/573
f 574/574/574 539/539/539 540/540/540
f 540/540/540 575/575/575 574/574/574
f 575/575/575 540/540/540 541/541/541
f 541/541/541 576/576/576 575/575/575
f 576/576/576 541/541/541 542/542/542
f 542/542/542 577/577/577 576/576/576
f 577/577/577 542/542/542 543/543/543
f 543/543/543 578/578/578 577/577/577
f 579/579/579 544/544/544 545/545/545
f 545/545/545 580/580/580 579/579/579
f 580/580/580 545/545/545 546/546/546
f 546/546/546 581/581/581 580/580/580
f 581/581/581 546/546/546 548/548/548
f 548/548/548 582/582/582 581/581/581
f 582/582/582 548/548/548 549/549/549
f 549/549/549 583/583/583 582/582/582
f 583/583/583 549/549/549 550/550/550
f 550/550/550 584/584/584 583/583/583
f 584/584/584 550/550/550 551/551/551
f 551/551/551 585/585/585 584/584/584
f 551/551/551 586/586/586 585/585/585
f 552/552/552 586/586/586 551/551/551
f 587/587/587 586/586/586 552/552/552
f 586/586/586 588/588/588 585/585/585
f 587/587/587 588/588/588 586/586/586
f 587/587/587 552/552/552 553/553/553
f 553/553/553 589/589/589 587/587/587
f 589/589/589 553/553/553 554/554/554
f 554/554/554 590/590/590 589/589/589
f 590/590/590 554/554/554 555/555/555
f 555/555/555 591/591/591 590/590/590
f 591/591/591 555/555/555 556/556/556
f 556/556/556 592/592/592 591/591/591
f 592/592/592 556/556/556 557/557/557
f 557/557/557 593/593/593 592/592/592
f 593/593/593 557/557/557 558/558/558
f 558/558/558 594/594/594 593/593/593
f 558/558/558 595/595/595 594/594/594
f 559/559/559 595/595/595 558/558/558
f 595/595/595 597/597/597 596/596/596
f 559/559/559 597/597/597 595/595/595
f 594/594/594 595/595/595 596/596/596
f 598/598/598 597/597/597 559/559/559
f 597/597/597 599/599/599 596/596/596
f 598/598/598 599/599/599 597/597/597
f 560/560/560 598/598/598 559/559/559
f 600/600/600 601/601/601 598/598/598
f 602/602/602 601/601/601 600/600/600
f 560/560/560 600/600/600 598/598/598
f 599/599/599 604/604/604 603/603/603
f 598/598/598 604/604/604 599/599/599
f 596/596/596 599/599/599 603/603/603
f 603/603/603 601/601/601 602/602/602
f 601/601/601 604/604/604 598/598/598
f 603/603/603 604/604/604 601/601/601
f 605/605/605 600/600/600 560/560/560
f 602/602/602 600/600/600 605/605/605
f 561/561/561 605/605/605 560/560/560
f 606/606/606 605/605/605 561/561/561
f 602/602/602 605/605/605 606/606/606
f 606/606/606 561/561/561 562/562/562
f 562/562/562 607/607/607 606/606/606
f 607/607/607 562/562/562 563/563/563
f 563/563/563 608/608/608 607/607/607
f 608/608/608 563/563/563 564/564/564
f 564/564/564 609/609/609 608/608/608
f 564/564/564 610/610/610 609/609/609
f 566/566/566 610/610/610 564/564/564
f 611/611/611 610/610/610 566/566/566
f 609/609/609 610/610/610 611/611/611
f 566/566/566 612/612/612 611/611/611
f 567/567/567 612/612/612 566/566/566
f 613/613/613 612/612/612 567/567/567
f 612/612/612 614/614/614 611/611/611
f 613/613/613 614/614/614 612/612/612
f 613/613/613 567/567/567 568/568/568
f 568/568/568 615/615/615 613/613/613
f 615/615/615 568/568/568 569/569/569
f 569/569/569 616/616/616 615/615/615
f 616/616/616 569/569/569 570/570/570
f 570/570/570 617/617/617 616/616/616
f 617/617/617 570/570/570 571/571/571
f 571/571/571 618/618/618 617/617/617
f 618/618/618 571/571/571 572/572/572
f 572/572/572 619/619/619 618/618/618
f 619/619/619 572/572/572 573/573/573
f 573/573/573 620/620/620 619/619/619
f 620/620/620 573/573/573 574/574/574
f 574/574/574 621/621/621 620/620/620
f 621/621/621 574/574/574 575/575/575
f 575/575/575 622/622/622 621/621/621
f 622/622/622 575/575/575 576/576/576
f 576/576/576 623/623/623 622/622/622
f 623/623/623 576/576/576 577/577/577
f 577/577/577 624/624/624 623/623/623
f 624/624/624 577/577/577 578/578/578
f 578/578/578 625/625/625 624/624/624
f 626/626/626 579/579/579 580/580/580
f 580/580/580 627/627/627 626/626/626
f 627/627/627 580/580/580 581/581/581
f 581/581/581 628/628/628 627/627/627
f 628/628/628 581/581/581 582/582/582
f 582/582/582 629/629/629 628/628/628
f 629/629/629 582/582/582 583/583/583
f 583/583/583 630/630/630 629/629/629
f 630/630/630 583/583/583 584/584/584
f 584/584/584 631/631/631 630/630/630
f 584/584/584 632/632/632 631/631/631
f 585/585/585 632/632/632 584/584/584
f 632/632/632 634/634/634 633/633/633
f 585/585/585 634/634/634 632/632/632
f 631/631/631 632/632/632 633/633/633
f 635/635/635 634/634/634 585/585/585
f 634/634/634 636/636/636 633/633/633
f 635/635/635 636/636/636 634/634/634
f 588/588/588 637/637/637 635/635/635
f 587/587/587 637/637/637 588/588/588
f 585/585/585 588/588/588 635/635/635
f 638/638/638 640/640/640 639/639/639
f 640/640/640 641/641/641 635/635/635
f 638/638/638 641/641/641 640/640/640
f 642/642/642 638/638/638 639/639/639
f 639/639/639 637/637/637 587/587/587
f 637/637/637 640/640/640 635/635/635
f 639/639/639 640/640/640 637/637/637
f 643/643/643 644/644/644 636/636/636
f 645/645/645 644/644/644 643/643/643
f 635/635/635 643/643/643 636/636/636
f 636/636/636 646/646/646 633/633/633
f 646/646/646 644/644/644 645/645/645
f 636/636/636 644/644/644 646/646/646
f 645/645/645 638/638/638 642/642/642
f 643/643/643 641/641/641 638/638/638
f 635/635/635 641/641/641 643/643/643
f 645/645/645 643/643/643 638/638/638
f 647/647/647 639/639/639 587/587/587
f 642/642/642 639/639/639 647/647/647
f 589/589/589 647/647/647 587/587/587
f 648/648/648 647/647/647 589/589/589
f 642/642/642 647/647/647 648/648/648
f 648/648/648 589/589/589 590/590/590
f 590/590/590 649/649/649 648/648/648
f 649/649/649 590/590/590 591/591/591
f 591/591/591 650/650/650 649/649/649
f 650/650/650 591/591/591 592/592/592
f 592/592/592 651/651/651 650/650/650
f 651/651/651 592/592/592 593/593/593
f 593/593/593 652/652/652 651/651/651
f 652/652/652 593/593/593 594/594/594
f 594/594/594 653/653/653 652/652/652
f 653/653/653 594/594/594 596/596/596
f 596/596/596 654/654/654 653/653/653
f 596/596/596 655/655/655 654/654/654
f 655/655/655 603/603/603 602/602/602
f 596/596/596 603/603/603 655/655/655
f 656/656/656 655/655/655 602/602/602
f 654/654/654 655/655/655 656/656/656
f 602/602/602 657/657/657 656/656/656
f 606/606/606 657/657/657 602/602/602
f 658/658/658 657/657/657 606/606/606
f 656/656/656 657/657/657 658/658/658
f 606/606/606 659/659/659 658/658/658
f 607/607/607 659/659/659 606/606/606
f 660/660/660 661/661/661 659/659/659
f 662/662/662 661/661/661 660/660/660
f 607/607/607 660/660/660 659/659/659
f 659/659/659 663/663/663 658/658/658
f 661/661/661 664/664/664 663/663/663
f 662/662/662 664/664/664 661/661/661
f 659/659/659 661/661/661 663/663/663
f 665/665/665 660/660/660 607/607/607
f 662/662/662 660/660/660 665/665/665
f 608/608/608 665/665/665 607/607/607
f 666/666/666 665/665/665 608/608/608
f 662/662/662 665/665/665 666/666/666
f 608/608/608 667/667/667 666/666/666
f 609/609/609 667/667/667 608/608/608
f 667/667/667 669/669/669 668/668/668
f 609/609/609 669/669/669 667/667/667
f 667/667/667 670/670/670 666/666/666
f 668/668/668 670/670/670 667/667/667
f 671/671/671 669/669/669 609/609/609
f 669/669/669 672/672/672 668/668/668
f 671/671/671 672/672/672 669/669/669
f 611/611/611 671/671/671 609/609/609
f 673/673/673 674/674/674 671/671/671
f 675/675/675 674/674/674 673/673/673
f 611/611/611 673/673/673 671/671/671
f 672/672/672 677/677/677 676/676/676
f 671/671/671 677/677/677 672/672/672
f 668/668/668 672/672/672 676/676/676
f 676/676/676 674/674/674 675/675/675
f 674/674/674 677/677/677 671/671/671
f 676/676/676 677/677/677 674/674/674
f 678/678/678 673/673/673 611/611/611
f 675/675/675 673/673/673 678/678/678
f 678/678/678 614/614/614 613/613/613
f 611/611/611 614/614/614 678/678/678
f 679/679/679 678/678/678 613/613/613
f 675/675/675 678/678/678 679/679/679
f 679/679/679 613/613/613 615/615/615
f 615/615/615 680/680/680 679/679/679
f 680/680/680 615/615/615 616/616/616
f 616/616/616 681/681/681 680/680/680
f 681/681/681 616/616/616 617/617/617
f 617/617/617 682/682/682 681/681/681
f 682/682/682 617/617/617 618/618/618
f 618/618/618 683/683/683 682/682/682
f 683/683/683 618/618/618 619/619/619
f 619/619/619 684/684/684 683/683/683
f 684/684/684 619/619/619 620/620/620
f 620/620/620 685/685/685 684/684/684
f 685/685/685 620/620/620 621/621/621
f 621/621/621 686/686/686 685/685/685
f 686/686/686 621/621/621 622/622/622
f 622/622/622 687/687/687 686/686/686
f 687/687/687 622/622/622 623/623/623
f 623/623/623 688/688/688 687/687/687
f 688/688/688 623/623/623 624/624/624
f 624/624/624 689/689/689 688/688/688
f 689/689/689 624/624/624 625/625/625
f 625/625/625 690/690/690 689/689/689
f 691/691/691 626/626/626 627/627/627
f 627/627/627 692/692/692 691/691/691
f 692/692/692 627/627/627 628/628/628
f 628/628/628 693/693/693 692/692/692
f 693/693/693 628/628/628 629/629/629
f 629/629/629 694/694/694 693/693/693
f 694/694/694 629/629/629 630/630/630
f 630/630/630 695/695/695 694/694/694
f 695/695/695 630/630/630 631/631/631
f 631/631/631 696/696/696 695/695/695
f 631/631/631 697/697/697 696/696/696
f 633/633/633 697/697/697 631/631/631
f 698/698/698 699/699/699 697/697/697
f 700/700/700 699/699/699 698/698/698
f 633/633/633 698/698/698 697/697/697
f 697/697/697 701/701/701 696/696/696
f 701/701/701 699/699/699 700/700/700
f 697/697/697 699/699/699 701/701/701
f 698/698/698 703/703/703 702/702/702
f 633/633/633 703/703/703 698/698/698
f 700/700/700 698/698/698 702/702/702
f 702/702/702 645/645/645 642/642/642
f 703/703/703 646/646/646 645/645/645
f 633/633/633 646/646/646 703/703/703
f 702/702/702 703/703/703 645/645/645
f 704/704/704 702/702/702 642/642/642
f 700/700/700 702/702/702 704/704/704
f 704/704/704 642/642/642 648/648/648
f 648/648/648 705/705/705 704/704/704
f 705/705/705 648/648/648 649/649/649
f 649/649/649 706/706/706 705/705/705
f 706/706/706 649/649/649 650/650/650
f 650/650/650 707/707/707 706/706/706
f 707/707/707 650/650/650 651/651/651
f 651/651/651 708/708/708 707/707/707
f 708/708/708 651/651/651 652/652/652
f 652/652/652 709/709/709 708/708/708
f 709/709/709 652/652/652 653/653/653
f 653/653/653 710/710/710 709/709/709
f 710/710/710 653/653/653 654/654/654
f 654/654/654 711/711/711 710/710/710
f 711/711/711 654/654/654 656/656/656
f 656/656/656 712/712/712 711/711/711
f 712/712/712 656/656/656 658/658/658
f 658/658/658 713/713/713 712/712/712
f 658/658/658 714/714/714 713/713/713
f 663/663/663 715/715/715 714/714/714
f 715/715/715 664/664/664 662/662/662
f 663/663/663 664/664/664 715/715/715
f 658/658/658 663/663/663 714/714/714
f 714/714/714 717/717/717 716/716/716
f 717/717/717 715/715/715 662/662/662
f 714/714/714 715/715/715 717/717/717
f 713/713/713 714/714/714 716/716/716
f 718/718/718 717/717/717 662/662/662
f 716/716/716 717/717/717 718/718/718
f 666/666/666 718/718/718 662/662/662
f 718/718/718 720/720/720 719/719/719
f 666/666/666 720/720/720 718/718/718
f 716/716/716 718/718/718 719/719/719
f 720/720/720 722/722/722 721/721/721
f 666/666/666 722/722/722 720/720/720
f 719/719/719 720/720/720 721/721/721
f 721/721/721 670/670/670 668/668/668
f 670/670/670 722/722/722 666/666/666
f 721/721/721 722/722/722 670/670/670
f 723/723/723 721/721/721 668/668/668
f 719/719/719 721/721/721 723/723/723
f 668/668/668 724/724/724 723/723/723
f 724/724/724 676/676/676 675/675/675
f 668/668/668 676/676/676 724/724/724
f 725/725/725 724/724/724 675/675/675
f 723/723/723 724/724/724 725/725/725
f 725/725/725 675/675/675 679/679/679
f 679/679/679 726/726/726 725/725/725
f 726/726/726 679/679/679 680/680/680
f 680/680/680 727/727/727 726/726/726
f 727/727/727 680/680/680 681/681/681
f 681/681/681 728/728/728 727/727/727
f 728/728/728 681/681/681 682/682/682
f 682/682/682 729/729/729 728/728/728
f 729/729/729 682/682/682 683/683/683
f 683/683/683 730/730/730 729/729/729
f 730/730/730 683/683/683 684/684/684
f 684/684/684 731/731/731 730/730/730
f 731/731/731 684/684/684 685/685/685
f 685/685/685 732/732/732 731/731/731
f 732/732/732 685/685/685 686/686/686
f 686/686/686 733/733/733 732/732/732
f 733/733/733 686/686/686 687/687/687
f 687/687/687 734/734/734 733/733/733
f 734/734/734 687/687/687 688/688/688
f 688/688/688 735/735/735 734/734/734
f 735/735/735 688/688/688 689/689/689
f 689/689/689 736/736/736 735/735/735
f 736/736/736 689/689/689 690/690/690
f 690/690/690 737/737/737 736/736/736
f 738/738/738 691/691/691 692/692/692
f 692/692/692 739/739/739 738/738/738
f 692/692/692 740/740/740 739/739/739
f 693/693/693 740/740/740 692/692/692
f 741/741/741 740/740/740 693/693/693
f 739/739/739 740/740/740 741/741/741
f 741/741/741 693/693/693 694/694/694
f 694/694/694 742/742/742 741/741/741
f 742/742/742 694/694/694 695/695/695
f 695/695/695 743/743/743 742/742/742
f 743/743/743 695/695/695 696/696/696
f 696/696/696 744/744/744 743/743/743
f 696/696/696 745/745/745 744/744/744
f 745/745/745 701/701/701 700/700/700
f 696/696/696 701/701/701 745/745/745
f 746/746/746 745/745/745 700/700/700
f 745/745/745 747/747/747 744/744/744
f 746/746/746 747/747/747 745/745/745
f 746/746/746 700/700/700 704/704/704
f 704/704/704 748/748/748 746/746/746
f 748/748/748 704/704/704 705/705/705
f 705/705/705 749/749/749 748/748/748
f 749/749/749 705/705/705 706/706/706
f 706/706/706 750/750/750 749/749/749
f 750/750/750 706/706/706 707/707/707
f 707/707/707 751/751/751 750/750/750
f 707/707/707 752/752/752 751/751/751
f 708/708/708 752/752/752 707/707/707
f 752/752/752 754/754/754 753/753/753
f 708/708/708 754/754/754 752/752/752
f 751/751/751 752/752/752 753/753/753
f 755/755/755 754/754/754 708/708/708
f 753/753/753 754/754/754 755/755/755
f 709/709/709 755/755/755 708/708/708
f 756/756/756 755/755/755 709/709/709
f 753/753/753 755/755/755 756/756/756
f 756/756/756 709/709/709 710/710/710
f 710/710/710 757/757/757 756/756/756
f 757/757/757 710/710/710 711/711/711
f 711/711/711 758/758/758 757/757/757
f 758/758/758 711/711/711 712/712/712
f 712/712/712 759/759/759 758/758/758
f 759/759/759 712/712/712 713/713/713
f 713/713/713 760/760/760 759/759/759
f 760/760/760 713/713/713 716/716/716
f 716/716/716 761/761/761 760/760/760
f 761/761/761 716/716/716 719/719/719
f 719/719/719 762/762/762 761/761/761
f 762/762/762 719/719/719 723/723/723
f 723/723/723 763/763/763 762/762/762
f 763/763/763 723/723/723 725/725/725
f 725/725/725 764/764/764 763/763/763
f 764/764/764 725/725/725 726/726/726
f 726/726/726 765/765/765 764/764/764
f 765/765/765 726/726/726 727/727/727
f 727/727/727 766/766/766 765/765/765
f 766/766/766 727/727/727 728/728/728
f 728/728/728 767/767/767 766/766/766
f 767/767/767 728/728/728 729/729/729
f 729/729/729 768/768/768 767/767/767
f 768/768/768 729/729/729 730/730/730
f 730/730/730 769/769/769 768/768/768
f 769/769/769 730/730/730 731/731/731
f 731/731/731 770/770/770 769/769/769
f 770/770/770 731/731/731 732/732/732
f 732/732/732 771/771/771 770/770/770
f 771/771/771 732/732/732 733/733/733
f 733/733/733 772/772/772 771/771/771
f 772/772/772 733/733/733 734/734/734
f 734/734/734 773/773/773 772/772/772
f 773/773/773 734/734/734 735/735/735
f 735/735/735 774/774/774 773/773/773
f 774/774/774 735/735/735 736/736/736
f 736/736/736 775/775/775 774/774/774
f 775/775/775 736/736/736 737/737/737
f 737/737/737 776/776/776 775/775/775
f 777/777/777 738/738/738 739/739/739
f 739/739/739 778/778/778 777/777/777
f 778/778/778 739/739/739 741/741/741
f 741/741/741 779/779/779 778/778/778
f 779/779/779 741/741/741 742/742/742
f 742/742/742 780/780/780 779/779/779
f 780/780/780 742/742/742 743/743/743
f 743/743/743 781/781/781 780/780/780
f 743/743/743 782/782/782 781/781/781
f 744/744/744 782/782/782 743/743/743
f 783/783/783 782/782/782 744/744/744
f 782/782/782 784/784/784 781/781/781
f 783/783/783 784/784/784 782/782/782
f 744/744/744 785/785/785 783/783/783
f 785/785/785 747/747/747 746/746/746
f 744/744/744 747/747/747 785/785/785
f 786/786/786 785/785/785 746/746/746
f 783/783/783 785/785/785 786/786/786
f 746/746/746 787/787/787 786/786/786
f 748/748/748 787/787/787 746/746/746
f 788/788/788 789/789/789 787/787/787
f 790/790/790 789/789/789 788/788/788
f 748/748/748 788/788/788 787/787/787
f 787/787/787 791/791/791 786/786/786
f 791/791/791 789/789/789 790/790/790
f 787/787/787 789/789/789 791/791/791
f 792/792/792 788/788/788 748/748/748
f 788/788/788 793/793/793 790/790/790
f 792/792/792 793/793/793 788/788/788
f 749/749/749 792/792/792 748/748/748
f 794/794/794 792/792/792 749/749/749
f 795/795/795 793/793/793 792/792/792
f 790/790/790 793/793/793 795/795/795
f 794/794/794 795/795/795 792/792/792
f 794/794/794 749/749/749 750/750/750
f 750/750/750 796/796/796 794/794/794
f 796/796/796 750/750/750 751/751/751
f 751/751/751 797/797/797 796/796/796
f 751/751/751 798/798/798 797/797/797
f 753/753/753 798/798/798 751/751/751
f 799/799/799 800/800/800 798/798/798
f 801/801/801 800/800/800 799/799/799
f 753/753/753 799/799/799 798/798/798
f 798/798/798 802/802/802 797/797/797
f 800/800/800 803/803/803 802/802/802
f 801/801/801 803/803/803 800/800/800
f 798/798/798 800/800/800 802/802/802
f 804/804/804 799/799/799 753/753/753
f 801/801/801 799/799/799 804/804/804
f 756/756/756 804/804/804 753/753/753
f 805/805/805 804/804/804 756/756/756
f 804/804/804 806/806/806 801/801/801
f 805/805/805 806/806/806 804/804/804
f 805/805/805 756/756/756 757/757/757
f 757/757/757 807/807/807 805/805/805
f 807/807/807 757/757/757 758/758/758
f 758/758/758 808/808/808 807/807/807
f 808/808/808 758/758/758 759/759/759
f 759/759/759 809/809/809 808/808/808
f 759/759/759 810/810/810 809/809/809
f 760/760/760 810/810/810 759/759/759
f 811/811/811 810/810/810 760/760/760
f 810/810/810 812/812/812 809/809/809
f 811/811/811 812/812/812 810/810/810
f 811/811/811 760/760/760 761/761/761
f 761/761/761 813/813/813 811/811/811
f 813/813/813 761/761/761 762/762/762
f 762/762/762 814/814/814 813/813/813
f 814/814/814 762/762/762 763/763/763
f 763/763/763 815/815/815 814/814/814
f 815/815/815 763/763/763 764/764/764
f 764/764/764 816/816/816 815/815/815
f 816/816/816 764/764/764 765/765/765
f 765/765/765 817/817/817 816/816/816
f 817/817/817 765/765/765 766/766/766
f 766/766/766 818/818/818 817/817/817
f 818/818/818 766/766/766 767/767/767
f 767/767/767 819/819/819 818/818/818
f 819/819/819 767/767/767 768/768/768
f 768/768/768 820/820/820 819/819/819
f 820/820/820 768/768/768 769/769/769
f 769/769/769 821/821/821 820/820/820
f 821/821/821 769/769/769 770/770/770
f 770/770/770 822/822/822 821/821/821
f 822/822/822 770/770/770 771/771/771
f 771/771/771 823/823/823 822/822/822
f 823/823/823 771/771/771 772/772/772
f 772/772/772 824/824/824 823/823/823
f 824/824/824 772/772/772 773/773/773
f 773/773/773 825/825/825 824/824/824
f 825/825/825 773/773/773 774/774/774
f 774/774/774 826/826/826 825/825/825
f 826/826/826 774/774/774 775/775/775
f 775/775/775 827/827/827 826/826/826
f 775/775/775 828/828/828 827/827/827
f 776/776/776 828/828/828 775/775/775
f 828/828/828 830/830/830 829/829/829
f 776/776/776 830/830/830 828/828/828
f 827/827/827 828/828/828 829/829/829
f 831/831/831 777/777/777 778/778/778
f 778/778/778 832/832/832 831/831/831
f 832/832/832 778/778/778 779/779/779
f 779/779/779 833/833/833 832/832/832
f 833/833/833 779/779/779 780/780/780
f 780/780/780 834/834/834 833/833/833
f 834/834/834 780/780/780 781/781/781
f 781/781/781 835/835/835 834/834/834
f 781/781/781 836/836/836 835/835/835
f 836/836/836 784/784/784 783/783/783
f 781/781/781 784/784/784 836/836/836
f 837/837/837 836/836/836 783/783/783
f 835/835/835 836/836/836 837/837/837
f 783/783/783 838/838/838 837/837/837
f 786/786/786 838/838/838 783/783/783
f 839/839/839 838/838/838 786/786/786
f 838/838/838 840/840/840 837/837/837
f 839/839/839 840/840/840 838/838/838
f 786/786/786 841/841/841 839/839/839
f 841/841/841 791/791/791 790/790/790
f 786/786/786 791/791/791 841/841/841
f 842/842/842 841/841/841 790/790/790
f 839/839/839 841/841/841 842/842/842
f 790/790/790 843/843/843 842/842/842
f 843/843/843 795/795/795 794/794/794
f 790/790/790 795/795/795 843/843/843
f 844/844/844 843/843/843 794/794/794
f 842/842/842 843/843/843 844/844/844
f 844/844/844 794/794/794 796/796/796
f 796/796/796 845/845/845 844/844/844
f 796/796/796 846/846/846 845/845/845
f 797/797/797 846/846/846 796/796/796
f 846/846/846 848/848/848 847/847/847
f 797/797/797 848/848/848 846/846/846
f 845/845/845 846/846/846 847/847/847
f 849/849/849 848/848/848 797/797/797
f 848/848/848 850/850/850 847/847/847
f 849/849/849 850/850/850 848/848/848
f 802/802/802 851/851/851 849/849/849
f 851/851/851 803/803/803 801/801/801
f 802/802/802 803/803/803 851/851/851
f 797/797/797 802/802/802 849/849/849
f 849/849/849 853/853/853 852/852/852
f 853/853/853 851/851/851 801/801/801
f 849/849/849 851/851/851 853/853/853
f 854/854/854 850/850/850 849/849/849
f 847/847/847 850/850/850 854/854/854
f 852/852/852 854/854/854 849/849/849
f 855/855/855 853/853/853 801/801/801
f 852/852/852 853/853/853 855/855/855
f 806/806/806 856/856/856 855/855/855
f 805/805/805 856/856/856 806/806/806
f 801/801/801 806/806/806 855/855/855
f 855/855/855 858/858/858 857/857/857
f 858/858/858 856/856/856 805/805/805
f 855/855/855 856/856/856 858/858/858
f 852/852/852 855/855/855 857/857/857
f 859/859/859 858/858/858 805/805/805
f 858/858/858 860/860/860 857/857/857
f 859/859/859 860/860/860 858/858/858
f 807/807/807 859/859/859 805/805/805
f 861/861/861 859/859/859 807/807/807
f 862/862/862 860/860/860 859/859/859
f 860/860/860 863/863/863 857/857/857
f 862/862/862 863/863/863 860/860/860
f 861/861/861 862/862/862 859/859/859
f 861/861/861 807/807/807 808/808/808
f 808/808/808 864/864/864 861/861/861
f 808/808/808 865/865/865 864/864/864
f 809/809/809 865/865/865 808/808/808
f 866/866/866 867/867/867 865/865/865
f 868/868/868 867/867/867 866/866/866
f 809/809/809 866/866/866 865/865/865
f 865/865/865 869/869/869 864/864/864
f 867/867/867 870/870/870 869/869/869
f 868/868/868 870/870/870 867/867/867
f 865/865/865 867/867/867 869/869/869
f 871/871/871 866/866/866 809/809/809
f 868/868/868 866/866/866 871/871/871
f 871/871/871 812/812/812 811/811/811
f 809/809/809 812/812/812 871/871/871
f 872/872/872 871/871/871 811/811/811
f 868/868/868 871/871/871 872/872/872
f 872/872/872 811/811/811 813/813/813
f 813/813/813 873/873/873 872/872/872
f 813/813/813 874/874/874 873/873/873
f 814/814/814 874/874/874 813/813/813
f 875/875/875 876/876/876 874/874/874
f 877/877/877 876/876/876 875/875/875
f 814/814/814 875/875/875 874/874/874
f 874/874/874 878/878/878 873/873/873
f 878/878/878 876/876/876 877/877/877
f 874/874/874 876/876/876 878/878/878
f 879/879/879 875/875/875 814/814/814
f 877/877/877 875/875/875 879/879/879
f 815/815/815 879/879/879 814/814/814
f 880/880/880 879/879/879 815/815/815
f 877/877/877 879/879/879 880/880/880
f 880/880/880 815/815/815 816/816/816
f 816/816/816 881/881/881 880/880/880
f 881/881/881 816/816/816 817/817/817
f 817/817/817 882/882/882 881/881/881
f 882/882/882 817/817/817 818/818/818
f 818/818/818 883/883/883 882/882/882
f 883/883/883 818/818/818 819/819/819
f 819/819/819 884/884/884 883/883/883
f 884/884/884 819/819/819 820/820/820
f 820/820/820 885/885/885 884/884/884
f 885/885/885 820/820/820 821/821/821
f 821/821/821 886/886/886 885/885/885
f 886/886/886 821/821/821 822/822/822
f 822/822/822 887/887/887 886/886/886
f 887/887/887 822/822/822 823/823/823
f 823/823/823 888/888/888 887/887/887
f 823/823/823 889/889/889 888/888/888
f 824/824/824 889/889/889 823/823/823
f 890/890/890 889/889/889 824/824/824
f 888/888/888 889/889/889 890/890/890
f 890/890/890 824/824/824 825/825/825
f 825/825/825 891/891/891 890/890/890
f 891/891/891 825/825/825 826/826/826
f 826/826/826 892/892/892 891/891/891
f 826/826/826 893/893/893 892/892/892
f 827/827/827 893/893/893 826/826/826
f 894/894/894 893/893/893 827/827/827
f 892/892/892 893/893/893 894/894/894
f 894/894/894 827/827/827 829/829/829
f 829/829/829 895/895/895 894/894/894
f 831/831/831 897/897/897 896/896/896
f 832/832/832 897/897/897 831/831/831
f 898/898/898 897/897/897 832/832/832
f 896/896/896 897/897/897 898/898/898
f 898/898/898 832/832/832 833/833/833
f 833/833/833 899/899/899 898/898/898
f 899/899/899 833/833/833 834/834/834
f 834/834/834 900/900/900 899/899/899
f 900/900/900 834/834/834 835/835/835
f 835/835/835 901/901/901 900/900/900
f 835/835/835 902/902/902 901/901/901
f 837/837/837 902/902/902 835/835/835
f 902/902/902 904/904/904 903/903/903
f 837/837/837 904/904/904 902/902/902
f 901/901/901 902/902/902 903/903/903
f 905/905/905 906/906/906 904/904/904
f 907/907/907 906/906/906 905/905/905
f 837/837/837 905/905/905 904/904/904
f 904/904/904 908/908/908 903/903/903
f 908/908/908 906/906/906 907/907/907
f 904/904/904 906/906/906 908/908/908
f 907/907/907 840/840/840 839/839/839
f 840/840/840 905/905/905 837/837/837
f 907/907/907 905/905/905 840/840/840
f 909/909/909 907/907/907 839/839/839
f 910/910/910 908/908/908 907/907/907
f 903/903/903 908/908/908 910/910/910
f 909/909/909 910/910/910 907/907/907
f 839/839/839 911/911/911 909/909/909
f 842/842/842 911/911/911 839/839/839
f 912/912/912 911/911/911 842/842/842
f 911/911/911 913/913/913 909/909/909
f 912/912/912 913/913/913 911/911/911
f 912/912/912 842/842/842 844/844/844
f 844/844/844 914/914/914 912/912/912
f 844/844/844 915/915/915 914/914/914
f 845/845/845 915/915/915 844/844/844
f 915/915/915 917/917/917 916/916/916
f 845/845/845 917/917/917 915/915/915
f 914/914/914 915/915/915 916/916/916
f 918/918/918 917/917/917 845/845/845
f 917/917/917 919/919/919 916/916/916
f 918/918/918 919/919/919 917/917/917
f 847/847/847 918/918/918 845/845/845
f 920/920/920 921/921/921 918/918/918
f 922/922/922 921/921/921 920/920/920
f 847/847/847 920/920/920 918/918/918
f 919/919/919 924/924/924 923/923/923
f 918/918/918 924/924/924 919/919/919
f 916/916/916 919/919/919 923/923/923
f 923/923/923 921/921/921 922/922/922
f 921/921/921 924/924/924 918/918/918
f 923/923/923 924/924/924 921/921/921
f 925/925/925 920/920/920 847/847/847
f 922/922/922 920/920/920 925/925/925
f 925/925/925 854/854/854 852/852/852
f 847/847/847 854/854/854 925/925/925
f 926/926/926 927/927/927 925/925/925
f 928/928/928 927/927/927 926/926/926
f 852/852/852 926/926/926 925/925/925
f 925/925/925 929/929/929 922/922/922
f 929/929/929 927/927/927 928/928/928
f 925/925/925 927/927/927 929/929/929
f 930/930/930 926/926/926 852/852/852
f 928/928/928 926/926/926 930/930/930
f 857/857/857 930/930/930 852/852/852
f 930/930/930 932/932/932 931/931/931
f 857/857/857 932/932/932 930/930/930
f 928/928/928 930/930/930 931/931/931
f 932/932/932 934/934/934 933/933/933
f 857/857/857 934/934/934 932/932/932
f 931/931/931 932/932/932 933/933/933
f 933/933/933 862/862/862 861/861/861
f 934/934/934 863/863/863 862/862/862
f 857/857/857 863/863/863 934/934/934
f 933/933/933 934/934/934 862/862/862
f 935/935/935 933/933/933 861/861/861
f 931/931/931 933/933/933 935/935/935
f 861/861/861 936/936/936 935/935/935
f 864/864/864 936/936/936 861/861/861
f 936/936/936 938/938/938 937/937/937
f 864/864/864 938/938/938 936/936/936
f 936/936/936 939/939/939 935/935/935
f 937/937/937 939/939/939 936/936/936
f 940/940/940 938/938/938 864/864/864
f 938/938/938 941/941/941 937/937/937
f 940/940/940 941/941/941 938/938/938
f 869/869/869 942/942/942 940/940/940
f 942/942/942 870/870/870 868/868/868
f 869/869/869 870/870/870 942/942/942
f 864/864/864 869/869/869 940/940/940
f 940/940/940 944/944/944 943/943/943
f 944/944/944 942/942/942 868/868/868
f 940/940/940 942/942/942 944/944/944
f 945/945/945 941/941/941 940/940/940
f 941/941/941 946/946/946 937/937/937
f 945/945/945 946/946/946 941/941/941
f 943/943/943 945/945/945 940/940/940
f 947/947/947 944/944/944 868/868/868
f 943/943/943 944/944/944 947/947/947
f 872/872/872 947/947/947 868/868/868
f 948/948/948 947/947/947 872/872/872
f 943/943/943 947/947/947 948/948/948
f 948/948/948 872/872/872 873/873/873
f 873/873/873 949/949/949 948/948/948
f 873/873/873 950/950/950 949/949/949
f 950/950/950 878/878/878 877/877/877
f 873/873/873 878/878/878 950/950/950
f 951/951/951 950/950/950 877/877/877
f 949/949/949 950/950/950 951/951/951
f 951/951/951 877/877/877 880/880/880
f 880/880/880 952/952/952 951/951/951
f 952/952/952 880/880/880 881/881/881
f 881/881/881 953/953/953 952/952/952
f 953/953/953 881/881/881 882/882/882
f 882/882/882 954/954/954 953/953/953
f 882/882/882 955/955/955 954/954/954
f 883/883/883 955/955/955 882/882/882
f 956/956/956 955/955/955 883/883/883
f 954/954/954 955/955/955 956/956/956
f 956/956/956 883/883/883 884/884/884
f 884/884/884 957/957/957 956/956/956
f 957/957/957 884/884/884 885/885/885
f 885/885/885 958/958/958 957/957/957
f 958/958/958 885/885/885 886/886/886
f 886/886/886 959/959/959 958/958/958
f 959/959/959 886/886/886 887/887/887
f 887/887/887 960/960/960 959/959/959
f 960/960/960 887/887/887 888/888/888
f 888/888/888 961/961/961 960/960/960
f 961/961/961 888/888/888 890/890/890
f 890/890/890 962/962/962 961/961/961
f 962/962/962 890/890/890 891/891/891
f 891/891/891 963/963/963 962/962/962
f 963/963/963 891/891/891 892/892/892
f 892/892/892 964/964/964 963/963/963
f 964/964/964 892/892/892 894/894/894
f 894/894/894 965/965/965 964/964/964
f 965/965/965 894/894/894 895/895/895
f 895/895/895 966/966/966 965/965/965
f 967/967/967 896/896/896 898/898/898
f 898/898/898 968/968/968 967/967/967
f 968/968/968 898/898/898 899/899/899
f 899/899/899 969/969/969 968/968/968
f 969/969/969 899/899/899 900/900/900
f 900/900/900 970/970/970 969/969/969
f 970/970/970 900/900/900 901/901/901
f 901/901/901 971/971/971 970/970/970
f 971/971/971 901/901/901 903/903/903
f 903/903/903 972/972/972 971/971/971
f 903/903/903 973/973/973 972/972/972
f 973/973/973 910/910/910 909/909/909
f 903/903/903 910/910/910 973/973/973
f 973/973/973 975/975/975 974/974/974
f 909/909/909 975/975/975 973/973/973
f 972/972/972 973/973/973 974/974/974
f 976/976/976 977/977/977 975/975/975
f 978/978/978 977/977/977 976/976/976
f 909/909/909 976/976/976 975/975/975
f 975/975/975 979/979/979 974/974/974
f 977/977/977 980/980/980 979/979/979
f 978/978/978 980/980/980 977/977/977
f 975/975/975 977/977/977 979/979/979
f 978/978/978 913/913/913 912/912/912
f 913/913/913 976/976/976 909/909/909
f 978/978/978 976/976/976 913/913/913
f 981/981/981 982/982/982 978/978/978
f 983/983/983 982/982/982 981/981/981
f 912/912/912 981/981/981 978/978/978
f 979/979/979 985/985/985 984/984/984
f 985/985/985 980/980/980 978/978/978
f 979/979/979 980/980/980 985/985/985
f 974/974/974 979/979/979 984/984/984
f 984/984/984 982/982/982 983/983/983
f 982/982/982 985/985/985 978/978/978
f 984/984/984 985/985/985 982/982/982
f 986/986/986 981/981/981 912/912/912
f 983/983/983 981/981/981 986/986/986
f 914/914/914 986/986/986 912/912/912
f 987/987/987 986/986/986 914/914/914
f 983/983/983 986/986/986 987/987/987
f 987/987/987 914/914/914 916/916/916
f 916/916/916 988/988/988 987/987/987
f 916/916/916 989/989/989 988/988/988
f 989/989/989 923/923/923 922/922/922
f 916/916/916 923/923/923 989/989/989
f 989/989/989 991/991/991 990/990/990
f 922/922/922 991/991/991 989/989/989
f 988/988/988 989/989/989 990/990/990
f 992/992/992 991/991/991 922/922/922
f 990/990/990 991/991/991 992/992/992
f 992/992/992 929/929/929 928/928/928
f 922/922/922 929/929/929 992/992/992
f 993/993/993 992/992/992 928/928/928
f 990/990/990 992/992/992 993/993/993
f 993/993/993 928/928/928 931/931/931
f 931/931/931 994/994/994 993/993/993
f 994/994/994 931/931/931 935/935/935
f 935/935/935 995/995/995 994/994/994
f 935/935/935 996/996/996 995/995/995
f 939/939/939 997/997/997 996/996/996
f 937/937/937 997/997/997 939/939/939
f 935/935/935 939/939/939 996/996/996
f 998/998/998 999/999/999 996/996/996
f 1000/1000/1000 999/999/999 998/998/998
f 997/997/997 1001/1001/1001 998/998/998
f 937/937/937 1001/1001/1001 997/997/997
f 996/996/996 997/997/997 998/998/998
f 996/996/996 1002/1002/1002 995/995/995
f 1002/1002/1002 999/999/999 1000/1000/1000
f 996/996/996 999/999/999 1002/1002/1002
f 998/998/998 1004/1004/1004 1003/1003/1003
f 1001/1001/1001 1005/1005/1005 1004/1004/1004
f 937/937/937 1005/1005/1005 1001/1001/1001
f 998/998/998 1001/1001/1001 1004/1004/1004
f 1000/1000/1000 998/998/998 1003/1003/1003
f 1003/1003/1003 945/945/945 943/943/943
f 1004/1004/1004 946/946/946 945/945/945
f 946/946/946 1005/1005/1005 937/937/937
f 1004/1004/1004 1005/1005/1005 946/946/946
f 1003/1003/1003 1004/1004/1004 945/945/945
f 1006/1006/1006 1003/1003/1003 943/943/943
f 1000/1000/1000 1003/1003/1003 1006/1006/1006
f 1006/1006/1006 943/943/943 948/948/948
f 948/948/948 1007/1007/1007 1006/1006/1006
f 1007/1007/1007 948/948/948 949/949/949
f 949/949/949 1008/1008/1008 1007/1007/1007
f 1008/1008/1008 949/949/949 951/951/951
f 951/951/951 1009/1009/1009 1008/1008/1008
f 1009/1009/1009 951/951/951 952/952/952
f 952/952/952 1010/1010/1010 1009/1009/1009
f 1010/1010/1010 952/952/952 953/953/953
f 953/953/953 1011/1011/1011 1010/1010/1010
f 1011/1011/1011 953/953/953 954/954/954
f 954/954/954 1012/1012/1012 1011/1011/1011
f 1012/1012/1012 954/954/954 956/956/956
f 956/956/956 1013/1013/1013 1012/1012/1012
f 1013/1013/1013 956/956/956 957/957/957
f 957/957/957 1014/1014/1014 1013/1013/1013
f 1014/1014/1014 957/957/957 958/958/958
f 958/958/958 1015/1015/1015 1014/1014/1014
f 1015/1015/1015 958/958/958 959/959/959
f 959/959/959 1016/1016/1016 1015/1015/1015
f 1016/1016/1016 959/959/959 960/960/960
f 960/960/960 1017/1017/1017 1016/1016/1016
f 1017/1017/1017 960/960/960 961/961/961
f 961/961/961 1018/1018/1018 1017/1017/1017
f 1018/1018/1018 961/961/961 962/962/962
f 962/962/962 1019/1019/1019 1018/1018/1018
f 1019/1019/1019 962/962/962 963/963/963
f 963/963/963 1020/1020/1020 1019/1019/1019
f 1020/1020/1020 963/963/963 964/964/964
f 964/964/964 1021/1021/1021 1020/1020/1020
f 1021/1021/1021 964/964/964 965/965/965
f 965/965/965 1022/1022/1022 1021/1021/1021
f 1022/1022/1022 965/965/965 966/966/966
f 966/966/966 1023/1023/1023 1022/1022/1022
f 1024/1024/1024 967/967/967 968/968/968
f 968/968/968 1025/1025/1025 1024/1024/1024
f 1025/1025/1025 968/968/968 969/969/969
f 969/969/969 1026/1026/1026 1025/1025/1025
f 1026/1026/1026 969/969/969 970/970/970
f 970/970/970 1027/1027/1027 1026/1026/1026
f 1027/1027/1027 970/970/970 971/971/971
f 971/971/971 1028/1028/1028 1027/1027/1027
f 1028/1028/1028 971/971/971 972/972/972
f 972/972/972 1029/1029/1029 1028/1028/1028
f 1029/1029/1029 972/972/972 974/974/974
f 974/974/974 1030/1030/1030 1029/1029/1029
f 974/974/974 1031/1031/1031 1030/1030/1030
f 984/984/984 1032/1032/1032 1031/1031/1031
f 983/983/983 1032/1032/1032 984/984/984
f 974/974/974 984/984/984 1031/1031/1031
f 1031/1031/1031 1034/1034/1034 1033/1033/1033
f 1034/1034/1034 1032/1032/1032 983/983/983
f 1031/1031/1031 1032/1032/1032 1034/1034/1034
f 1030/1030/1030 1031/1031/1031 1033/1033/1033
f 1035/1035/1035 1034/1034/1034 983/983/983
f 1034/1034/1034 1036/1036/1036 1033/1033/1033
f 1035/1035/1035 1036/1036/1036 1034/1034/1034
f 987/987/987 1035/1035/1035 983/983/983
f 1037/1037/1037 1038/1038/1038 1035/1035/1035
f 1039/1039/1039 1038/1038/1038 1037/1037/1037
f 987/987/987 1037/1037/1037 1035/1035/1035
f 1036/1036/1036 1041/1041/1041 1040/1040/1040
f 1035/1035/1035 1041/1041/1041 1036/1036/1036
f 1033/1033/1033 1036/1036/1036 1040/1040/1040
f 1042/1042/1042 1043/1043/1043 1038/1038/1038
f 1040/1040/1040 1043/1043/1043 1042/1042/1042
f 1039/1039/1039 1042/1042/1042 1038/1038/1038
f 1038/1038/1038 1041/1041/1041 1035/1035/1035
f 1041/1041/1041 1043/1043/1043 1040/1040/1040
f 1038/1038/1038 1043/1043/1043 1041/1041/1041
f 1044/1044/1044 1037/1037/1037 987/987/987
f 1039/1039/1039 1037/1037/1037 1044/1044/1044
f 988/988/988 1044/1044/1044 987/987/987
f 1045/1045/1045 1044/1044/1044 988/988/988
f 1044/1044/1044 1046/1046/1046 1039/1039/1039
f 1045/1045/1045 1046/1046/1046 1044/1044/1044
f 988/988/988 1047/1047/1047 1045/1045/1045
f 990/990/990 1047/1047/1047 988/988/988
f 1048/1048/1048 1049/1049/1049 1047/1047/1047
f 1050/1050/1050 1049/1049/1049 1048/1048/1048
f 990/990/990 1048/1048/1048 1047/1047/1047
f 1047/1047/1047 1051/1051/1051 1045/1045/1045
f 1049/1049/1049 1052/1052/1052 1051/1051/1051
f 1050/1050/1050 1052/1052/1052 1049/1049/1049
f 1047/1047/1047 1049/1049/1049 1051/1051/1051
f 1053/1053/1053 1048/1048/1048 990/990/990
f 1050/1050/1050 1048/1048/1048 1053/1053/1053
f 993/993/993 1053/1053/1053 990/990/990
f 1054/1054/1054 1055/1055/1055 1053/1053/1053
f 1055/1055/1055 1057/1057/1057 1056/1056/1056
f 1054/1054/1054 1057/1057/1057 1055/1055/1055
f 993/993/993 1054/1054/1054 1053/1053/1053
f 1053/1053/1053 1058/1058/1058 1050/1050/1050
f 1058/1058/1058 1055/1055/1055 1056/1056/1056
f 1053/1053/1053 1055/1055/1055 1058/1058/1058
f 1059/1059/1059 1054/1054/1054 993/993/993
f 1060/1060/1060 1057/1057/1057 1054/1054/1054
f 1056/1056/1056 1057/1057/1057 1060/1060/1060
f 1059/1059/1059 1060/1060/1060 1054/1054/1054
f 994/994/994 1059/1059/1059 993/993/993
f 1061/1061/1061 1059/1059/1059 994/994/994
f 1062/1062/1062 1060/1060/1060 1059/1059/1059
f 1056/1056/1056 1060/1060/1060 1062/1062/1062
f 1061/1061/1061 1062/1062/1062 1059/1059/1059
f 994/994/994 1063/1063/1063 1061/1061/1061
f 995/995/995 1063/1063/1063 994/994/994
f 1064/1064/1064 1065/1065/1065 1063/1063/1063
f 1066/1066/1066 1065/1065/1065 1064/1064/1064
f 995/995/995 1064/1064/1064 1063/1063/1063
f 1063/1063/1063 1067/1067/1067 1061/1061/1061
f 1067/1067/1067 1065/1065/1065 1066/1066/1066
f 1063/1063/1063 1065/1065/1065 1067/1067/1067
f 1064/1064/1064 1069/1069/1069 1068/1068/1068
f 995/995/995 1069/1069/1069 1064/1064/1064
f 1066/1066/1066 1064/1064/1064 1068/1068/1068
f 1068/1068/1068 1002/1002/1002 1000/1000/1000
f 1002/1002/1002 1069/1069/1069 995/995/995
f 1068/1068/1068 1069/1069/1069 1002/1002/1002
f 1070/1070/1070 1068/1068/1068 1000/1000/1000
f 1066/1066/1066 1068/1068/1068 1070/1070/1070
f 1070/1070/1070 1000/1000/1000 1006/1006/1006
f 1006/1006/1006 1071/1071/1071 1070/1070/1070
f 1071/1071/1071 1006/1006/1006 1007/1007/1007
f 1007/1007/1007 1072/1072/1072 1071/1071/1071
f 1072/1072/1072 1007/1007/1007 1008/1008/1008
f 1008/1008/1008 1073/1073/1073 1072/1072/1072
f 1073/1073/1073 1008/1008/1008 1009/1009/1009
f 1009/1009/1009 1074/1074/1074 1073/1073/1073
f 1074/1074/1074 1009/1009/1009 1010/1010/1010
f 1010/1010/1010 1075/1075/1075 1074/1074/1074
f 1075/1075/1075 1010/1010/1010 1011/1011/1011
f 1011/1011/1011 1076/1076/1076 1075/1075/1075
f 1076/1076/1076 1011/1011/1011 1012/1012/1012
f 1012/1012/1012 1077/1077/1077 1076/1076/1076
f 1077/1077/1077 1012/1012/1012 1013/1013/1013
f 1013/1013/1013 1078/1078/1078 1077/1077/1077
f 1078/1078/1078 1013/1013/1013 1014/1014/1014
f 1014/1014/1014 1079/1079/1079 1078/1078/1078
f 1014/1014/1014 1080/1080/1080 1079/1079/1079
f 1015/1015/1015 1080/1080/1080 1014/1014/1014
f 1081/1081/1081 1080/1080/1080 1015/1015/1015
f 1079/1079/1079 1080/1080/1080 1081/1081/1081
f 1081/1081/1081 1015/1015/1015 1016/1016/1016
f 1016/1016/1016 1082/1082/1082 1081/1081/1081
f 1082/1082/1082 1016/1016/1016 1017/1017/1017
f 1017/1017/1017 1083/1083/1083 1082/1082/1082
f 1083/1083/1083 1017/1017/1017 1018/1018/1018
f 1018/1018/1018 1084/1084/1084 1083/1083/1083
f 1084/1084/1084 1018/1018/1018 1019/1019/1019
f 1019/1019/1019 1085/1085/1085 1084/1084/1084
f 1085/1085/1085 1019/1019/1019 1020/1020/1020
f 1020/1020/1020 1086/1086/1086 1085/1085/1085
f 1086/1086/1086 1020/1020/1020 1021/1021/1021
f 1021/1021/1021 1087/1087/1087 1086/1086/1086
f 1087/1087/1087 1021/1021/1021 1022/1022/1022
f 1022/1022/1022 1088/1088/1088 1087/1087/1087
f 1088/1088/1088 1022/1022/1022 1023/1023/1023
f 1023/1023/1023 1089/1089/1089 1088/1088/1088
f 1090/1090/1090 1024/1024/1024 1025/1025/1025
f 1025/1025/1025 1091/1091/1091 1090/1090/1090
f 1091/1091/1091 1025/1025/1025 1026/1026/1026
f 1026/1026/1026 1092/1092/1092 1091/1091/1091
f 1092/1092/1092 1026/1026/1026 1027/1027/1027
f 1027/1027/1027 1093/1093/1093 1092/1092/1092
f 1093/1093/1093 1027/1027/1027 1028/1028/1028
f 1028/1028/1028 1094/1094/1094 1093/1093/1093
f 1094/1094/1094 1028/1028/1028 1029/1029/1029
f 1029/1029/1029 1095/1095/1095 1094/1094/1094
f 1095/1095/1095 1029/1029/1029 1030/1030/1030
f 1030/1030/1030 1096/1096/1096 1095/1095/1095
f 1096/1096/1096 1030/1030/1030 1033/1033/1033
f 1033/1033/1033 1097/1097/1097 1096/1096/1096
f 1033/1033/1033 1098/1098/1098 1097/1097/1097
f 1040/1040/1040 1099/1099/1099 1098/1098/1098
f 1099/1099/1099 1042/1042/1042 1039/1039/1039
f 1040/1040/1040 1042/1042/1042 1099/1099/1099
f 1033/1033/1033 1040/1040/1040 1098/1098/1098
f 1098/1098/1098 1101/1101/1101 1100/1100/1100
f 1101/1101/1101 1099/1099/1099 1039/1039/1039
f 1098/1098/1098 1099/1099/1099 1101/1101/1101
f 1097/1097/1097 1098/1098/1098 1100/1100/1100
f 1102/1102/1102 1101/1101/1101 1039/1039/1039
f 1100/1100/1100 1101/1101/1101 1102/1102/1102
f 1046/1046/1046 1103/1103/1103 1102/1102/1102
f 1045/1045/1045 1103/1103/1103 1046/1046/1046
f 1039/1039/1039 1046/1046/1046 1102/1102/1102
f 1102/1102/1102 1105/1105/1105 1104/1104/1104
f 1103/1103/1103 1106/1106/1106 1105/1105/1105
f 1045/1045/1045 1106/1106/1106 1103/1103/1103
f 1102/1102/1102 1103/1103/1103 1105/1105/1105
f 1100/1100/1100 1102/1102/1102 1104/1104/1104
f 1105/1105/1105 1108/1108/1108 1107/1107/1107
f 1108/1108/1108 1106/1106/1106 1045/1045/1045
f 1105/1105/1105 1106/1106/1106 1108/1108/1108
f 1104/1104/1104 1105/1105/1105 1107/1107/1107
f 1109/1109/1109 1111/1111/1111 1110/1110/1110
f 1051/1051/1051 1111/1111/1111 1109/1109/1109
f 1107/1107/1107 1109/1109/1109 1110/1110/1110
f 1112/1112/1112 1113/1113/1113 1052/1052/1052
f 1110/1110/1110 1113/1113/1113 1112/1112/1112
f 1050/1050/1050 1112/1112/1112 1052/1052/1052
f 1052/1052/1052 1111/1111/1111 1051/1051/1051
f 1111/1111/1111 1113/1113/1113 1110/1110/1110
f 1052/1052/1052 1113/1113/1113 1111/1111/1111
f 1051/1051/1051 1108/1108/1108 1045/1045/1045
f 1108/1108/1108 1109/1109/1109 1107/1107/1107
f 1051/1051/1051 1109/1109/1109 1108/1108/1108
f 1107/1107/1107 1115/1115/1115 1114/1114/1114
f 1110/1110/1110 1116/1116/1116 1115/1115/1115
f 1116/1116/1116 1112/1112/1112 1050/1050/1050
f 1110/1110/1110 1112/1112/1112 1116/1116/1116
f 1107/1107/1107 1110/1110/1110 1115/1115/1115
f 1104/1104/1104 1107/1107/1107 1114/1114/1114
f 1115/1115/1115 1118/1118/1118 1117/1117/1117
f 1118/1118/1118 1116/1116/1116 1050/1050/1050
f 1115/1115/1115 1116/1116/1116 1118/1118/1118
f 1114/1114/1114 1115/1115/1115 1117/1117/1117
f 1117/1117/1117 1058/1058/1058 1056/1056/1056
f 1058/1058/1058 1118/1118/1118 1050/1050/1050
f 1117/1117/1117 1118/1118/1118 1058/1058/1058
f 1119/1119/1119 1117/1117/1117 1056/1056/1056
f 1114/1114/1114 1117/1117/1117 1119/1119/1119
f 1056/1056/1056 1120/1120/1120 1119/1119/1119
f 1120/1120/1120 1062/1062/1062 1061/1061/1061
f 1056/1056/1056 1062/1062/1062 1120/1120/1120
f 1121/1121/1121 1120/1120/1120 1061/1061/1061
f 1119/1119/1119 1120/1120/1120 1121/1121/1121
f 1061/1061/1061 1122/1122/1122 1121/1121/1121
f 1122/1122/1122 1067/1067/1067 1066/1066/1066
f 1061/1061/1061 1067/1067/1067 1122/1122/1122
f 1123/1123/1123 1122/1122/1122 1066/1066/1066
f 1121/1121/1121 1122/1122/1122 1123/1123/1123
f 1123/1123/1123 1066/1066/1066 1070/1070/1070
f 1070/1070/1070 1124/1124/1124 1123/1123/1123
f 1124/1124/1124 1070/1070/1070 1071/1071/1071
f 1071/1071/1071 1125/1125/1125 1124/1124/1124
f 1125/1125/1125 1071/1071/1071 1072/1072/1072
f 1072/1072/1072 1126/1126/1126 1125/1125/1125
f 1126/1126/1126 1072/1072/1072 1073/1073/1073
f 1073/1073/1073 1127/1127/1127 1126/1126/1126
f 1127/1127/1127 1073/1073/1073 1074/1074/1074
f 1074/1074/1074 1128/1128/1128 1127/1127/1127
f 1128/1128/1128 1074/1074/1074 1075/1075/1075
f 1075/1075/1075 1129/1129/1129 1128/1128/1128
f 1129/1129/1129 1075/1075/1075 1076/1076/1076
f 1076/1076/1076 1130/1130/1130 1129/1129/1129
f 1076/1076/1076 1131/1131/1131 1130/1130/1130
f 1077/1077/1077 1131/1131/1131 1076/1076/1076
f 1132/1132/1132 1131/1131/1131 1077/1077/1077
f 1131/1131/1131 1133/1133/1133 1130/1130/1130
f 1132/1132/1132 1133/1133/1133 1131/1131/1131
f 1132/1132/1132 1077/1077/1077 1078/1078/1078
f 1078/1078/1078 1134/1134/1134 1132/1132/1132
f 1134/1134/1134 1078/1078/1078 1079/1079/1079
f 1079/1079/1079 1135/1135/1135 1134/1134/1134
f 1135/1135/1135 1079/1079/1079 1081/1081/1081
f 1081/1081/1081 1136/1136/1136 1135/1135/1135
f 1136/1136/1136 1081/1081/1081 1082/1082/1082
f 1082/1082/1082 1137/1137/1137 1136/1136/1136
f 1137/1137/1137 1082/1082/1082 1083/1083/1083
f 1083/1083/1083 1138/1138/1138 1137/1137/1137
f 1138/1138/1138 1083/1083/1083 1084/1084/1084
f 1084/1084/1084 1139/1139/1139 1138/1138/1138
f 1139/1139/1139 1084/1084/1084 1085/1085/1085
f 1085/1085/1085 1140/1140/1140 1139/1139/1139
f 1140/1140/1140 1085/1085/1085 1086/1086/1086
f 1086/1086/1086 1141/1141/1141 1140/1140/1140
f 1141/1141/1141 1086/1086/1086 1087/1087/1087
f 1087/1087/1087 1142/1142/1142 1141/1141/1141
f 1142/1142/1142 1087/1087/1087 1088/1088/1088
f 1088/1088/1088 1143/1143/1143 1142/1142/1142
f 1143/1143/1143 1088/1088/1088 1089/1089/1089
f 1089/1089/1089 1144/1144/1144 1143/1143/1143
f 1145/1145/1145 1090/1090/1090 1091/1091/1091
f 1091/1091/1091 1146/1146/1146 1145/1145/1145
f 1146/1146/1146 1091/1091/1091 1092/1092/1092
f 1092/1092/1092 1147/1147/1147 1146/1146/1146
f 1147/1147/1147 1092/1092/1092 1093/1093/1093
f 1093/1093/1093 1148/1148/1148 1147/1147/1147
f 1148/1148/1148 1093/1093/1093 1094/1094/1094
f 1094/1094/1094 1149/1149/1149 1148/1148/1148
f 1149/1149/1149 1094/1094/1094 1095/1095/1095
f 1095/1095/1095 1150/1150/1150 1149/1149/1149
f 1150/1150/1150 1095/1095/1095 1096/1096/1096
f 1096/1096/1096 1151/1151/1151 1150/1150/1150
f 1151/1151/1151 1096/1096/1096 1097/1097/1097
f 1097/1097/1097 1152/1152/1152 1151/1151/1151
f 1152/1152/1152 1097/1097/1097 1100/1100/1100
f 1100/1100/1100 1153/1153/1153 1152/1152/1152
f 1153/1153/1153 1100/1100/1100 1104/1104/1104
f 1104/1104/1104 1154/1154/1154 1153/1153/1153
f 1154/1154/1154 1104/1104/1104 1114/1114/1114
f 1114/1114/1114 1155/1155/1155 1154/1154/1154
f 1155/1155/1155 1114/1114/1114 1119/1119/1119
f 1119/1119/1119 1156/1156/1156 1155/1155/1155
f 1156/1156/1156 1119/1119/1119 1121/1121/1121
f 1121/1121/1121 1157/1157/1157 1156/1156/1156
f 1157/1157/1157 1121/1121/1121 1123/1123/1123
f 1123/1123/1123 1158/1158/1158 1157/1157/1157
f 1158/1158/1158 1123/1123/1123 1124/1124/1124
f 1124/1124/1124 1159/1159/1159 1158/1158/1158
f 1159/1159/1159 1124/1124/1124 1125/1125/1125
f 1125/1125/1125 1160/1160/1160 1159/1159/1159
f 1160/1160/1160 1125/1125/1125 1126/1126/1126
f 1126/1126/1126 1161/1161/1161 1160/1160/1160
f 1161/1161/1161 1126/1126/1126 1127/1127/1127
f 1127/1127/1127 1162/1162/1162 1161/1161/1161
f 1162/1162/1162 1127/1127/1127 1128/1128/1128
f 1128/1128/1128 1163/1163/1163 1162/1162/1162
f 1163/1163/1163 1128/1128/1128 1129/1129/1129
f 1129/1129/1129 1164/1164/1164 1163/1163/1163
f 1129/1129/1129 1165/1165/1165 1164/1164/1164
f 1130/1130/1130 1165/1165/1165 1129/1129/1129
f 1165/1165/1165 1167/1167/1167 1166/1166/1166
f 1130/1130/1130 1167/1167/1167 1165/1165/1165
f 1165/1165/1165 1168/1168/1168 1164/1164/1164
f 1166/1166/1166 1168/1168/1168 1165/1165/1165
f 1167/1167/1167 1170/1170/1170 1169/1169/1169
f 1130/1130/1130 1170/1170/1170 1167/1167/1167
f 1166/1166/1166 1167/1167/1167 1169/1169/1169
f 1169/1169/1169 1133/1133/1133 1132/1132/1132
f 1133/1133/1133 1170/1170/1170 1130/1130/1130
f 1169/1169/1169 1170/1170/1170 1133/1133/1133
f 1171/1171/1171 1169/1169/1169 1132/1132/1132
f 1166/1166/1166 1169/1169/1169 1171/1171/1171
f 1171/1171/1171 1132/1132/1132 1134/1134/1134
f 1134/1134/1134 1172/1172/1172 1171/1171/1171
f 1172/1172/1172 1134/1134/1134 1135/1135/1135
f 1135/1135/1135 1173/1173/1173 1172/1172/1172
f 1173/1173/1173 1135/1135/1135 1136/1136/1136
f 1136/1136/1136 1174/1174/1174 1173/1173/1173
f 1174/1174/1174 1136/1136/1136 1137/1137/1137
f 1137/1137/1137 1175/1175/1175 1174/1174/1174
f 1175/1175/1175 1137/1137/1137 1138/1138/1138
f 1138/1138/1138 1176/1176/1176 1175/1175/1175
f 1176/1176/1176 1138/1138/1138 1139/1139/1139
f 1139/1139/1139 1177/1177/1177 1176/1176/1176
f 1177/1177/1177 1139/1139/1139 1140/1140/1140
f 1140/1140/1140 1178/1178/1178 1177/1177/1177
f 1178/1178/1178 1140/1140/1140 1141/1141/1141
f 1141/1141/1141 1179/1179/1179 1178/1178/1178
f 1179/1179/1179 1141/1141/1141 1142/1142/1142
f 1142/1142/1142 1180/1180/1180 1179/1179/1179
f 1180/1180/1180 1142/1142/1142 1143/1143/1143
f 1143/1143/1143 1181/1181/1181 1180/1180/1180
f 1181/1181/1181 1143/1143/1143 1144/1144/1144
f 1144/1144/1144 1182/1182/1182 1181/1181/1181
f 1183/1183/1183 1145/1145/1145 1146/1146/1146
f 1146/1146/1146 1184/1184/1184 1183/1183/1183
f 1184/1184/1184 1146/1146/1146 1147/1147/1147
f 1147/1147/1147 1185/1185/1185 1184/1184/1184
f 1185/1185/1185 1147/1147/1147 1148/1148/1148
f 1148/1148/1148 1186/1186/1186 1185/1185/1185
f 1186/1186/1186 1148/1148/1148 1149/1149/1149
f 1149/1149/1149 1187/1187/1187 1186/1186/1186
f 1187/1187/1187 1149/1149/1149 1150/1150/1150
f 1150/1150/1150 1188/1188/1188 1187/1187/1187
f 1188/1188/1188 1150/1150/1150 1151/1151/1151
f 1151/1151/1151 1189/1189/1189 1188/1188/1188
f 1189/1189/1189 1151/1151/1151 1152/1152/1152
f 1152/1152/1152 1190/1190/1190 1189/1189/1189
f 1190/1190/1190 1152/1152/1152 1153/1153/1153
f 1153/1153/1153 1191/1191/1191 1190/1190/1190
f 1191/1191/1191 1153/1153/1153 1154/1154/1154
f 1154/1154/1154 1192/1192/1192 1191/1191/1191
f 1192/1192/1192 1154/1154/1154 1155/1155/1155
f 1155/1155/1155 1193/1193/1193 1192/1192/1192
f 1193/1193/1193 1155/1155/1155 1156/1156/1156
f 1156/1156/1156 1194/1194/1194 1193/1193/1193
f 1194/1194/1194 1156/1156/1156 1157/1157/1157
f 1157/1157/1157 1195/1195/1195 1194/1194/1194
f 1195/1195/1195 1157/1157/1157 1158/1158/1158
f 1158/1158/1158 1196/1196/1196 1195/1195/1195
f 1196/1196/1196 1158/1158/1158 1159/1159/1159
f 1159/1159/1159 1197/1197/1197 1196/1196/1196
f 1197/1197/1197 1159/1159/1159 1160/1160/1160
f 1160/1160/1160 1198/1198/1198 1197/1197/1197
f 1160/1160/1160 1199/1199/1199 1198/1198/1198
f 1161/1161/1161 1199/1199/1199 1160/1160/1160
f 1199/1199/1199 1201/1201/1201 1200/1200/1200
f 1161/1161/1161 1201/1201/1201 1199/1199/1199
f 1198/1198/1198 1199/1199/1199 1200/1200/1200
f 1202/1202/1202 1201/1201/1201 1161/1161/1161
f 1200/1200/1200 1201/1201/1201 1202/1202/1202
f 1162/1162/1162 1202/1202/1202 1161/1161/1161
f 1203/1203/1203 1202/1202/1202 1162/1162/1162
f 1200/1200/1200 1202/1202/1202 1203/1203/1203
f 1203/1203/1203 1162/1162/1162 1163/1163/1163
f 1163/1163/1163 1204/1204/1204 1203/1203/1203
f 1163/1163/1163 1205/1205/1205 1204/1204/1204
f 1164/1164/1164 1205/1205/1205 1163/1163/1163
f 1205/1205/1205 1207/1207/1207 1206/1206/1206
f 1164/1164/1164 1207/1207/1207 1205/1205/1205
f 1205/1205/1205 1208/1208/1208 1204/1204/1204
f 1206/1206/1206 1208/1208/1208 1205/1205/1205
f 1207/1207/1207 1210/1210/1210 1209/1209/1209
f 1164/1164/1164 1210/1210/1210 1207/1207/1207
f 1206/1206/1206 1207/1207/1207 1209/1209/1209
f 1209/1209/1209 1168/1168/1168 1166/1166/1166
f 1168/1168/1168 1210/1210/1210 1164/1164/1164
f 1209/1209/1209 1210/1210/1210 1168/1168/1168
f 1211/1211/1211 1209/1209/1209 1166/1166/1166
f 1206/1206/1206 1209/1209/1209 1211/1211/1211
f 1211/1211/1211 1166/1166/1166 1171/1171/1171
f 1171/1171/1171 1212/1212/1212 1211/1211/1211
f 1212/1212/1212 1171/1171/1171 1172/1172/1172
f 1172/1172/1172 1213/1213/1213 1212/1212/1212
f 1213/1213/1213 1172/1172/1172 1173/1173/1173
f 1173/1173/1173 1214/1214/1214 1213/1213/1213
f 1214/1214/1214 1173/1173/1173 1174/1174/1174
f 1174/1174/1174 1215/1215/1215 1214/1214/1214
f 1215/1215/1215 1174/1174/1174 1175/1175/1175
f 1175/1175/1175 1216/1216/1216 1215/1215/1215
f 1216/1216/1216 1175/1175/1175 1176/1176/1176
f 1176/1176/1176 1217/1217/1217 1216/1216/1216
f 1217/1217/1217 1176/1176/1176 1177/1177/1177
f 1177/1177/1177 1218/1218/1218 1217/1217/1217
f 1218/1218/1218 1177/1177/1177 1178/1178/1178
f 1178/1178/1178 1219/1219/1219 1218/1218/1218
f 1219/1219/1219 1178/1178/1178 1179/1179/1179
f 1179/1179/1179 1220/1220/1220 1219/1219/1219
f 1220/1220/1220 1179/1179/1179 1180/1180/1180
f 1180/1180/1180 1221/1221/1221 1220/1220/1220
f 1221/1221/1221 1180/1180/1180 1181/1181/1181
f 1181/1181/1181 1222/1222/1222 1221/1221/1221
f 1222/1222/1222 1181/1181/1181 1182/1182/1182
f 1182/1182/1182 1223/1223/1223 1222/1222/1222
f 1224/1224/1224 1183/1183/1183 1184/1184/1184
f 1184/1184/1184 1225/1225/1225 1224/1224/1224
f 1225/1225/1225 1184/1184/1184 1185/1185/1185
f 1185/1185/1185 1226/1226/1226 1225/1225/1225
f 1226/1226/1226 1185/1185/1185 1186/1186/1186
f 1186/1186/1186 1227/1227/1227 1226/1226/1226
f 1227/1227/1227 1186/1186/1186 1187/1187/1187
f 1187/1187/1187 1228/1228/1228 1227/1227/1227
f 1228/1228/1228 1187/1187/1187 1188/1188/1188
f 1188/1188/1188 1229/1229/1229 1228/1228/1228
f 1229/1229/1229 1188/1188/1188 1189/1189/1189
f 1189/1189/1189 1230/1230/1230 1229/1229/1229
f 1230/1230/1230 1189/1189/1189 1190/1190/1190
f 1190/1190/1190 1231/1231/1231 1230/1230/1230
f 1231/1231/1231 1190/1190/1190 1191/1191/1191
f 1191/1191/1191 1232/1232/1232 1231/1231/1231
f 1232/1232/1232 1191/1191/1191 1192/1192/1192
f 1192/1192/1192 1233/1233/1233 1232/1232/1232
f 1233/1233/1233 1192/1192/1192 1193/1193/1193
f 1193/1193/1193 1234/1234/1234 1233/1233/1233
f 1234/1234/1234 1193/1193/1193 1194/1194/1194
f 1194/1194/1194 1235/1235/1235 1234/1234/1234
f 1235/1235/1235 1194/1194/1194 1195/1195/1195
f 1195/1195/1195 1236/1236/1236 1235/1235/1235
f 1236/1236/1236 1195/1195/1195 1196/1196/1196
f 1196/1196/1196 1237/1237/1237 1236/1236/1236
f 1237/1237/1237 1196/1196/1196 1197/1197/1197
f 1197/1197/1197 1238/1238/1238 1237/1237/1237
f 1238/1238/1238 1197/1197/1197 1198/1198/1198
f 1198/1198/1198 1239/1239/1239 1238/1238/1238
f 1239/1239/1239 1198/1198/1198 1200/1200/1200
f 1200/1200/1200 1240/1240/1240 1239/1239/1239
f 1200/1200/1200 1241/1241/1241 1240/1240/1240
f 1203/1203/1203 1241/1241/1241 1200/1200/1200
f 1242/1242/1242 1243/1243/1243 1241/1241/1241
f 1244/1244/1244 1243/1243/1243 1242/1242/1242
f 1203/1203/1203 1242/1242/1242 1241/1241/1241
f 1241/1241/1241 1245/1245/1245 1240/1240/1240
f 1245/1245/1245 1243/1243/1243 1244/1244/1244
f 1241/1241/1241 1243/1243/1243 1245/1245/1245
f 1246/1246/1246 1242/1242/1242 1203/1203/1203
f 1244/1244/1244 1242/1242/1242 1246/1246/1246
f 1204/1204/1204 1246/1246/1246 1203/1203/1203
f 1247/1247/1247 1246/1246/1246 1204/1204/1204
f 1244/1244/1244 1246/1246/1246 1247/1247/1247
f 1204/1204/1204 1248/1248/1248 1247/1247/1247
f 1248/1248/1248 1208/1208/1208 1206/1206/1206
f 1204/1204/1204 1208/1208/1208 1248/1248/1248
f 1249/1249/1249 1248/1248/1248 1206/1206/1206
f 1247/1247/1247 1248/1248/1248 1249/1249/1249
f 1249/1249/1249 1206/1206/1206 1211/1211/1211
f 1211/1211/1211 1250/1250/1250 1249/1249/1249
f 1250/1250/1250 1211/1211/1211 1212/1212/1212
f 1212/1212/1212 1251/1251/1251 1250/1250/1250
f 1251/1251/1251 1212/1212/1212 1213/1213/1213
f 1213/1213/1213 1252/1252/1252 1251/1251/1251
f 1252/1252/1252 1213/1213/1213 1214/1214/1214
f 1214/1214/1214 1253/1253/1253 1252/1252/1252
f 1253/1253/1253 1214/1214/1214 1215/1215/1215
f 1215/1215/1215 1254/1254/1254 1253/1253/1253
f 1254/1254/1254 1215/1215/1215 1216/1216/1216
f 1216/1216/1216 1255/1255/1255 1254/1254/1254
f 1255/1255/1255 1216/1216/1216 1217/1217/1217
f 1217/1217/1217 1256/1256/1256 1255/1255/1255
f 1256/1256/1256 1217/1217/1217 1218/1218/1218
f 1218/1218/1218 1257/1257/1257 1256/1256/1256
f 1257/1257/1257 1218/1218/1218 1219/1219/1219
f 1219/1219/1219 1258/1258/1258 1257/1257/1257
f 1258/1258/1258 1219/1219/1219 1220/1220/1220
f 1220/1220/1220 1259/1259/1259 1258/1258/1258
f 1259/1259/1259 1220/1220/1220 1221/1221/1221
f 1221/1221/1221 1260/1260/1260 1259/1259/1259
f 1260/1260/1260 1221/1221/1221 1222/1222/1222
f 1222/1222/1222 1261/1261/1261 1260/1260/1260
f 1261/1261/1261 1222/1222/1222 1223/1223/1223
f 1223/1223/1223 1262/1262/1262 1261/1261/1261
f 1263/1263/1263 1224/1224/1224 1225/1225/1225
f 1225/1225/1225 1264/1264/1264 1263/1263/1263
f 1264/1264/1264 1225/1225/1225 1226/1226/1226
f 1226/1226/1226 1265/1265/1265 1264/1264/1264
f 1265/1265/1265 1226/1226/1226 1227/1227/1227
f 1227/1227/1227 1266/1266/1266 1265/1265/1265
f 1266/1266/1266 1227/1227/1227 1228/1228/1228
f 1228/1228/1228 1267/1267/1267 1266/1266/1266
f 1267/1267/1267 1228/1228/1228 1229/1229/1229
f 1229/1229/1229 1268/1268/1268 1267/1267/1267
f 1268/1268/1268 1229/1229/1229 1230/1230/1230
f 1230/1230/1230 1269/1269/1269 1268/1268/1268
f 1269/1269/1269 1230/1230/1230 1231/1231/1231
f 1231/1231/1231 1270/1270/1270 1269/1269/1269
f 1270/1270/1270 1231/1231/1231 1232/1232/1232
f 1232/1232/1232 1271/1271/1271 1270/1270/1270
f 1232/1232/1232 1272/1272/1272 1271/1271/1271
f 1233/1233/1233 1272/1272/1272 1232/1232/1232
f 1273/1273/1273 1272/1272/1272 1233/1233/1233
f 1271/1271/1271 1272/1272/1272 1273/1273/1273
f 1273/1273/1273 1233/1233/1233 1234/1234/1234
f 1234/1234/1234 1274/1274/1274 1273/1273/1273
f 1274/1274/1274 1234/1234/1234 1235/1235/1235
f 1235/1235/1235 1275/1275/1275 1274/1274/1274
f 1275/1275/1275 1235/1235/1235 1236/1236/1236
f 1236/1236/1236 1276/1276/1276 1275/1275/1275
f 1236/1236/1236 1277/1277/1277 1276/1276/1276
f 1237/1237/1237 1277/1277/1277 1236/1236/1236
f 1278/1278/1278 1277/1277/1277 1237/1237/1237
f 1276/1276/1276 1277/1277/1277 1278/1278/1278
f 1278/1278/1278 1237/1237/1237 1238/1238/1238
f 1238/1238/1238 1279/1279/1279 1278/1278/1278
f 1279/1279/1279 1238/1238/1238 1239/1239/1239
f 1239/1239/1239 1280/1280/1280 1279/1279/1279
f 1280/1280/1280 1239/1239/1239 1240/1240/1240
f 1240/1240/1240 1281/1281/1281 1280/1280/1280
f 1240/1240/1240 1282/1282/1282 1281/1281/1281
f 1282/1282/1282 1245/1245/1245 1244/1244/1244
f 1240/1240/1240 1245/1245/1245 1282/1282/1282
f 1283/1283/1283 1282/1282/1282 1244/1244/1244
f 1281/1281/1281 1282/1282/1282 1283/1283/1283
f 1283/1283/1283 1244/1244/1244 1247/1247/1247
f 1247/1247/1247 1284/1284/1284 1283/1283/1283
f 1284/1284/1284 1247/1247/1247 1249/1249/1249
f 1249/1249/1249 1285/1285/1285 1284/1284/1284
f 1285/1285/1285 1249/1249/1249 1250/1250/1250
f 1250/1250/1250 1286/1286/1286 1285/1285/1285
f 1286/1286/1286 1250/1250/1250 1251/1251/1251
f 1251/1251/1251 1287/1287/1287 1286/1286/1286
f 1287/1287/1287 1251/1251/1251 1252/1252/1252
f 1252/1252/1252 1288/1288/1288 1287/1287/1287
f 1288/1288/1288 1252/1252/1252 1253/1253/1253
f 1253/1253/1253 1289/1289/1289 1288/1288/1288
f 1289/1289/1289 1253/1253/1253 1254/1254/1254
f 1254/1254/1254 1290/1290/1290 1289/1289/1289
f 1290/1290/1290 1254/1254/1254 1255/1255/1255
f 1255/1255/1255 1291/1291/1291 1290/1290/1290
f 1291/1291/1291 1255/1255/1255 1256/1256/1256
f 1256/1256/1256 1292/1292/1292 1291/1291/1291
f 1292/1292/1292 1256/1256/1256 1257/1257/1257
f 1257/1257/1257 1293/1293/1293 1292/1292/1292
f 1293/1293/1293 1257/1257/1257 1258/1258/1258
f 1258/1258/1258 1294/1294/1294 1293/1293/1293
f 1294/1294/1294 1258/1258/1258 1259/1259/1259
f 1259/1259/1259 1295/1295/1295 1294/1294/1294
f 1295/1295/1295 1259/1259/1259 1260/1260/1260
f 1260/1260/1260 1296/1296/1296 1295/1295/1295
f 1296/1296/1296 1260/1260/1260 1261/1261/1261
f 1261/1261/1261 1297/1297/1297 1296/1296/1296
f 1297/1297/1297 1261/1261/1261 1262/1262/1262
f 1262/1262/1262 1298/1298/1298 1297/1297/1297
f 1299/1299/1299 1263/1263/1263 1264/1264/1264
f 1264/1264/1264 1300/1300/1300 1299/1299/1299
f 1300/1300/1300 1264/1264/1264 1265/1265/1265
f 1265/1265/1265 1301/1301/1301 1300/1300/1300
f 1301/1301/1301 1265/1265/1265 1266/1266/1266
f 1266/1266/1266 1302/1302/1302 1301/1301/1301
f 1302/1302/1302 1266/1266/1266 1267/1267/1267
f 1267/1267/1267 1303/1303/1303 1302/1302/1302
f 1303/1303/1303 1267/1267/1267 1268/1268/1268
f 1268/1268/1268 1304/1304/1304 1303/1303/1303
f 1268/1268/1268 1305/1305/1305 1304/1304/1304
f 1269/1269/1269 1305/1305/1305 1268/1268/1268
f 1306/1306/1306 1305/1305/1305 1269/1269/1269
f 1305/1305/1305 1307/1307/1307 1304/1304/1304
f 1306/1306/1306 1307/1307/1307 1305/1305/1305
f 1306/1306/1306 1269/1269/1269 1270/1270/1270
f 1270/1270/1270 1308/1308/1308 1306/1306/1306
f 1308/1308/1308 1270/1270/1270 1271/1271/1271
f 1271/1271/1271 1309/1309/1309 1308/1308/1308
f 1309/1309/1309 1271/1271/1271 1273/1273/1273
f 1273/1273/1273 1310/1310/1310 1309/1309/1309
f 1310/1310/1310 1273/1273/1273 1274/1274/1274
f 1274/1274/1274 1311/1311/1311 1310/1310/1310
f 1311/1311/1311 1274/1274/1274 1275/1275/1275
f 1275/1275/1275 1312/1312/1312 1311/1311/1311
f 1312/1312/1312 1275/1275/1275 1276/1276/1276
f 1276/1276/1276 1313/1313/1313 1312/1312/1312
f 1313/1313/1313 1276/1276/1276 1278/1278/1278
f 1278/1278/1278 1314/1314/1314 1313/1313/1313
f 1314/1314/1314 1278/1278/1278 1279/1279/1279
f 1279/1279/1279 1315/1315/1315 1314/1314/1314
f 1315/1315/1315 1279/1279/1279 1280/1280/1280
f 1280/1280/1280 1316/1316/1316 1315/1315/1315
f 1316/1316/1316 1280/1280/1280 1281/1281/1281
f 1281/1281/1281 1317/1317/1317 1316/1316/1316
f 1317/1317/1317 1281/1281/1281 1283/1283/1283
f 1283/1283/1283 1318/1318/1318 1317/1317/1317
f 1318/1318/1318 1283/1283/1283 1284/1284/1284
f 1284/1284/1284 1319/1319/1319 1318/1318/1318
f 1319/1319/1319 1284/1284/1284 1285/1285/1285
f 1285/1285/1285 1320/1320/1320 1319/1319/1319
f 1320/1320/1320 1285/1285/1285 1286/1286/1286
f 1286/1286/1286 1321/1321/1321 1320/1320/1320
f 1321/1321/1321 1286/1286/1286 1287/1287/1287
f 1287/1287/1287 1322/1322/1322 1321/1321/1321
f 1322/1322/1322 1287/1287/1287 1288/1288/1288
f 1288/1288/1288 1323/1323/1323 1322/1322/1322
f 1323/1323/1323 1288/1288/1288 1289/1289/1289
f 1289/1289/1289 1324/1324/1324 1323/1323/1323
f 1324/1324/1324 1289/1289/1289 1290/1290/1290
f 1290/1290/1290 1325/1325/1325 1324/1324/1324
f 1325/1325/1325 1290/1290/1290 1291/1291/1291
f 1291/1291/1291 1326/1326/1326 1325/1325/1325
f 1326/1326/1326 1291/1291/1291 1292/1292/1292
f 1292/1292/1292 1327/1327/1327 1326/1326/1326
f 1327/1327/1327 1292/1292/1292 1293/1293/1293
f 1293/1293/1293 1328/1328/1328 1327/1327/1327
f 1328/1328/1328 1293/1293/1293 1294/1294/1294
f 1294/1294/1294 1329/1329/1329 1328/1328/1328
f 1329/1329/1329 1294/1294/1294 1295/1295/1295
f 1295/1295/1295 1330/1330/1330 1329/1329/1329
f 1330/1330/1330 1295/1295/1295 1296/1296/1296
f 1296/1296/1296 1331/1331/1331 1330/1330/1330
f 1331/1331/1331 1296/1296/1296 1297/1297/1297
f 1297/1297/1297 1332/1332/1332 1331/1331/1331
f 1332/1332/1332 1297/1297/1297 1298/1298/1298
f 1298/1298/1298 1333/1333/1333 1332/1332/1332
f 1334/1334/1334 1299/1299/1299 1300/1300/1300
f 1300/1300/1300 1335/1335/1335 1334/1334/1334
f 1335/1335/1335 1300/1300/1300 1301/1301/1301
f 1301/1301/1301 1336/1336/1336 1335/1335/1335
f 1336/1336/1336 1301/1301/1301 1302/1302/1302
f 1302/1302/1302 1337/1337/1337 1336/1336/1336
f 1337/1337/1337 1302/1302/1302 1303/1303/1303
f 1303/1303/1303 1338/1338/1338 1337/1337/1337
f 1303/1303/1303 1339/1339/1339 1338/1338/1338
f 1304/1304/1304 1339/1339/1339 1303/1303/1303
f 1339/1339/1339 1341/1341/1341 1340/1340/1340
f 1304/1304/1304 1341/1341/1341 1339/1339/1339
f 1338/1338/1338 1339/1339/1339 1340/1340/1340
f 1342/1342/1342 1341/1341/1341 1304/1304/1304
f 1341/1341/1341 1343/1343/1343 1340/1340/1340
f 1342/1342/1342 1343/1343/1343 1341/1341/1341
f 1307/1307/1307 1344/1344/1344 1342/1342/1342
f 1306/1306/1306 1344/1344/1344 1307/1307/1307
f 1304/1304/1304 1307/1307/1307 1342/1342/1342
f 1345/1345/1345 1347/1347/1347 1346/1346/1346
f 1347/1347/1347 1348/1348/1348 1342/1342/1342
f 1345/1345/1345 1348/1348/1348 1347/1347/1347
f 1349/1349/1349 1345/1345/1345 1346/1346/1346
f 1346/1346/1346 1344/1344/1344 1306/1306/1306
f 1344/1344/1344 1347/1347/1347 1342/1342/1342
f 1346/1346/1346 1347/1347/1347 1344/1344/1344
f 1343/1343/1343 1351/1351/1351 1350/1350/1350
f 1342/1342/1342 1351/1351/1351 1343/1343/1343
f 1340/1340/1340 1343/1343/1343 1350/1350/1350
f 1350/1350/1350 1345/1345/1345 1349/1349/1349
f 1351/1351/1351 1348/1348/1348 1345/1345/1345
f 1342/1342/1342 1348/1348/1348 1351/1351/1351
f 1350/1350/1350 1351/1351/1351 1345/1345/1345
f 1352/1352/1352 1346/1346/1346 1306/1306/1306
f 1349/1349/1349 1346/1346/1346 1352/1352/1352
f 1308/1308/1308 1352/1352/1352 1306/1306/1306
f 1353/1353/1353 1352/1352/1352 1308/1308/1308
f 1349/1349/1349 1352/1352/1352 1353/1353/1353
f 1353/1353/1353 1308/1308/1308 1309/1309/1309
f 1309/1309/1309 1354/1354/1354 1353/1353/1353
f 1354/1354/1354 1309/1309/1309 1310/1310/1310
f 1310/1310/1310 1355/1355/1355 1354/1354/1354
f 1355/1355/1355 1310/1310/1310 1311/1311/1311
f 1311/1311/1311 1356/1356/1356 1355/1355/1355
f 1356/1356/1356 1311/1311/1311 1312/1312/1312
f 1312/1312/1312 1357/1357/1357 1356/1356/1356
f 1357/1357/1357 1312/1312/1312 1313/1313/1313
f 1313/1313/1313 1358/1358/1358 1357/1357/1357
f 1358/1358/1358 1313/1313/1313 1314/1314/1314
f 1314/1314/1314 1359/1359/1359 1358/1358/1358
f 1359/1359/1359 1314/1314/1314 1315/1315/1315
f 1315/1315/1315 1360/1360/1360 1359/1359/1359
f 1360/1360/1360 1315/1315/1315 1316/1316/1316
f 1316/1316/1316 1361/1361/1361 1360/1360/1360
f 1361/1361/1361 1316/1316/1316 1317/1317/1317
f 1317/1317/1317 1362/1362/1362 1361/1361/1361
f 1362/1362/1362 1317/1317/1317 1318/1318/1318
f 1318/1318/1318 1363/1363/1363 1362/1362/1362
f 1363/1363/1363 1318/1318/1318 1319/1319/1319
f 1319/1319/1319 1364/1364/1364 1363/1363/1363
f 1364/1364/1364 1319/1319/1319 1320/1320/1320
f 1320/1320/1320 1365/1365/1365 1364/1364/1364
f 1365/1365/1365 1320/1320/1320 1321/1321/1321
f 1321/1321/1321 1366/1366/1366 1365/1365/1365
f 1321/1321/1321 1367/1367/1367 1366/1366/1366
f 1322/1322/1322 1367/1367/1367 1321/1321/1321
f 1368/1368/1368 1367/1367/1367 1322/1322/1322
f 1367/1367/1367 1369/1369/1369 1366/1366/1366
f 1368/1368/1368 1369/1369/1369 1367/1367/1367
f 1322/1322/1322 1370/1370/1370 1368/1368/1368
f 1323/1323/1323 1370/1370/1370 1322/1322/1322
f 1371/1371/1371 1372/1372/1372 1370/1370/1370
f 1373/1373/1373 1372/1372/1372 1371/1371/1371
f 1323/1323/1323 1371/1371/1371 1370/1370/1370
f 1370/1370/1370 1374/1374/1374 1368/1368/1368
f 1372/1372/1372 1375/1375/1375 1374/1374/1374
f 1373/1373/1373 1375/1375/1375 1372/1372/1372
f 1370/1370/1370 1372/1372/1372 1374/1374/1374
f 1376/1376/1376 1371/1371/1371 1323/1323/1323
f 1373/1373/1373 1371/1371/1371 1376/1376/1376
f 1324/1324/1324 1376/1376/1376 1323/1323/1323
f 1377/1377/1377 1376/1376/1376 1324/1324/1324
f 1376/1376/1376 1378/1378/1378 1373/1373/1373
f 1377/1377/1377 1378/1378/1378 1376/1376/1376
f 1377/1377/1377 1324/1324/1324 1325/1325/1325
f 1325/1325/1325 1379/1379/1379 1377/1377/1377
f 1379/1379/1379 1325/1325/1325 1326/1326/1326
f 1326/1326/1326 1380/1380/1380 1379/1379/1379
f 1380/1380/1380 1326/1326/1326 1327/1327/1327
f 1327/1327/1327 1381/1381/1381 1380/1380/1380
f 1381/1381/1381 1327/1327/1327 1328/1328/1328
f 1328/1328/1328 1382/1382/1382 1381/1381/1381
f 1382/1382/1382 1328/1328/1328 1329/1329/1329
f 1329/1329/1329 1383/1383/1383 1382/1382/1382
f 1383/1383/1383 1329/1329/1329 1330/1330/1330
f 1330/1330/1330 1384/1384/1384 1383/1383/1383
f 1384/1384/1384 1330/1330/1330 1331/1331/1331
f 1331/1331/1331 1385/1385/1385 1384/1384/1384
f 1385/1385/1385 1331/1331/1331 1332/1332/1332
f 1332/1332/1332 1386/1386/1386 1385/1385/1385
f 1386/1386/1386 1332/1332/1332 1333/1333/1333
f 1333/1333/1333 1387/1387/1387 1386/1386/1386
f 1388/1388/1388 1334/1334/1334 1335/1335/1335
f 1335/1335/1335 1389/1389/1389 1388/1388/1388
f 1389/1389/1389 1335/1335/1335 1336/1336/1336
f 1336/1336/1336 1390/1390/1390 1389/1389/1389
f 1390/1390/1390 1336/1336/1336 1337/1337/1337
f 1337/1337/1337 1391/1391/1391 1390/1390/1390
f 1391/1391/1391 1337/1337/1337 1338/1338/1338
f 1338/1338/1338 1392/1392/1392 1391/1391/1391
f 1392/1392/1392 1338/1338/1338 1340/1340/1340
f 1340/1340/1340 1393/1393/1393 1392/1392/1392
f 1340/1340/1340 1394/1394/1394 1393/1393/1393
f 1394/1394/1394 1350/1350/1350 1349/1349/1349
f 1340/1340/1340 1350/1350/1350 1394/1394/1394
f 1395/1395/1395 1394/1394/1394 1349/1349/1349
f 1393/1393/1393 1394/1394/1394 1395/1395/1395
f 1349/1349/1349 1396/1396/1396 1395/1395/1395
f 1353/1353/1353 1396/1396/1396 1349/1349/1349
f 1397/1397/1397 1396/1396/1396 1353/1353/1353
f 1395/1395/1395 1396/1396/1396 1397/1397/1397
f 1397/1397/1397 1353/1353/1353 1354/1354/1354
f 1354/1354/1354 1398/1398/1398 1397/1397/1397
f 1398/1398/1398 1354/1354/1354 1355/1355/1355
f 1355/1355/1355 1399/1399/1399 1398/1398/1398
f 1399/1399/1399 1355/1355/1355 1356/1356/1356
f 1356/1356/1356 1400/1400/1400 1399/1399/1399
f 1400/1400/1400 1356/1356/1356 1357/1357/1357
f 1357/1357/1357 1401/1401/1401 1400/1400/1400
f 1401/1401/1401 1357/1357/1357 1358/1358/1358
f 1358/1358/1358 1402/1402/1402 1401/1401/1401
f 1402/1402/1402 1358/1358/1358 1359/1359/1359
f 1359/1359/1359 1403/1403/1403 1402/1402/1402
f 1403/1403/1403 1359/1359/1359 1360/1360/1360
f 1360/1360/1360 1404/1404/1404 1403/1403/1403
f 1404/1404/1404 1360/1360/1360 1361/1361/1361
f 1361/1361/1361 1405/1405/1405 1404/1404/1404
f 1405/1405/1405 1361/1361/1361 1362/1362/1362
f 1362/1362/1362 1406/1406/1406 1405/1405/1405
f 1406/1406/1406 1362/1362/1362 1363/1363/1363
f 1363/1363/1363 1407/1407/1407 1406/1406/1406
f 1407/1407/1407 1363/1363/1363 1364/1364/1364
f 1364/1364/1364 1408/1408/1408 1407/1407/1407
f 1408/1408/1408 1364/1364/1364 1365/1365/1365
f 1365/1365/1365 1409/1409/1409 1408/1408/1408
f 1409/1409/1409 1365/1365/1365 1366/1366/1366
f 1366/1366/1366 1410/1410/1410 1409/1409/1409
f 1366/1366/1366 1411/1411/1411 1410/1410/1410
f 1411/1411/1411 1369/1369/1369 1368/1368/1368
f 1366/1366/1366 1369/1369/1369 1411/1411/1411
f 1411/1411/1411 1413/1413/1413 1412/1412/1412
f 1368/1368/1368 1413/1413/1413 1411/1411/1411
f 1410/1410/1410 1411/1411/1411 1412/1412/1412
f 1413/1413/1413 1415/1415/1415 1414/1414/1414
f 1368/1368/1368 1415/1415/1415 1413/1413/1413
f 1412/1412/1412 1413/1413/1413 1414/1414/1414
f 1416/1416/1416 1418/1418/1418 1417/1417/1417
f 1374/1374/1374 1418/1418/1418 1416/1416/1416
f 1414/1414/1414 1416/1416/1416 1417/1417/1417
f 1417/1417/1417 1375/1375/1375 1373/1373/1373
f 1375/1375/1375 1418/1418/1418 1374/1374/1374
f 1417/1417/1417 1418/1418/1418 1375/1375/1375
f 1374/1374/1374 1415/1415/1415 1368/1368/1368
f 1415/1415/1415 1416/1416/1416 1414/1414/1414
f 1374/1374/1374 1416/1416/1416 1415/1415/1415
f 1414/1414/1414 1420/1420/1420 1419/1419/1419
f 1420/1420/1420 1417/1417/1417 1373/1373/1373
f 1414/1414/1414 1417/1417/1417 1420/1420/1420
f 1412/1412/1412 1414/1414/1414 1419/1419/1419
f 1421/1421/1421 1420/1420/1420 1373/1373/1373
f 1419/1419/1419 1420/1420/1420 1421/1421/1421
f 1421/1421/1421 1378/1378/1378 1377/1377/1377
f 1373/1373/1373 1378/1378/1378 1421/1421/1421
f 1422/1422/1422 1421/1421/1421 1377/1377/1377
f 1419/1419/1419 1421/1421/1421 1422/1422/1422
f 1422/1422/1422 1377/1377/1377 1379/1379/1379
f 1379/1379/1379 1423/1423/1423 1422/1422/1422
f 1423/1423/1423 1379/1379/1379 1380/1380/1380
f 1380/1380/1380 1424/1424/1424 1423/1423/1423
f 1424/1424/1424 1380/1380/1380 1381/1381/1381
f 1381/1381/1381 1425/1425/1425 1424/1424/1424
f 1425/1425/1425 1381/1381/1381 1382/1382/1382
f 1382/1382/1382 1426/1426/1426 1425/1425/1425
f 1426/1426/1426 1382/1382/1382 1383/1383/1383
f 1383/1383/1383 1427/1427/1427 1426/1426/1426
f 1427/1427/1427 1383/1383/1383 1384/1384/1384
f 1384/1384/1384 1428/1428/1428 1427/1427/1427
f 1428/1428/1428 1384/1384/1384 1385/1385/1385
f 1385/1385/1385 1429/1429/1429 1428/1428/1428
f 1385/1385/1385 1430/1430/1430 1429/1429/1429
f 1386/1386/1386 1430/1430/1430 1385/1385/1385
f 1431/1431/1431 1430/1430/1430 1386/1386/1386
f 1430/1430/1430 1432/1432/1432 1429/1429/1429
f 1431/1431/1431 1432/1432/1432 1430/1430/1430
f 1431/1431/1431 1386/1386/1386 1387/1387/1387
f 1387/1387/1387 1433/1433/1433 1431/1431/1431
f 1434/1434/1434 1388/1388/1388 1389/1389/1389
f 1389/1389/1389 1435/1435/1435 1434/1434/1434
f 1435/1435/1435 1389/1389/1389 1390/1390/1390
f 1390/1390/1390 1436/1436/1436 1435/1435/1435
f 1436/1436/1436 1390/1390/1390 1391/1391/1391
f 1391/1391/1391 1437/1437/1437 1436/1436/1436
f 1437/1437/1437 1391/1391/1391 1392/1392/1392
f 1392/1392/1392 1438/1438/1438 1437/1437/1437
f 1438/1438/1438 1392/1392/1392 1393/1393/1393
f 1393/1393/1393 1439/1439/1439 1438/1438/1438
f 1439/1439/1439 1393/1393/1393 1395/1395/1395
f 1395/1395/1395 1440/1440/1440 1439/1439/1439
f 1440/1440/1440 1395/1395/1395 1397/1397/1397
f 1397/1397/1397 1441/1441/1441 1440/1440/1440
f 1441/1441/1441 1397/1397/1397 1398/1398/1398
f 1398/1398/1398 1442/1442/1442 1441/1441/1441
f 1442/1442/1442 1398/1398/1398 1399/1399/1399
f 1399/1399/1399 1443/1443/1443 1442/1442/1442
f 1443/1443/1443 1399/1399/1399 1400/1400/1400
f 1400/1400/1400 1444/1444/1444 1443/1443/1443
f 1444/1444/1444 1400/1400/1400 1401/1401/1401
f 1401/1401/1401 1445/1445/1445 1444/1444/1444
f 1445/1445/1445 1401/1401/1401 1402/1402/1402
f 1402/1402/1402 1446/1446/1446 1445/1445/1445
f 1446/1446/1446 1402/1402/1402 1403/1403/1403
f 1403/1403/1403 1447/1447/1447 1446/1446/1446
f 1447/1447/1447 1403/1403/1403 1404/1404/1404
f 1404/1404/1404 1448/1448/1448 1447/1447/1447
f 1448/1448/1448 1404/1404/1404 1405/1405/1405
f 1405/1405/1405 1449/1449/1449 1448/1448/1448
f 1449/1449/1449 1405/1405/1405 1406/1406/1406
f 1406/1406/1406 1450/1450/1450 1449/1449/1449
f 1450/1450/1450 1406/1406/1406 1407/1407/1407
f 1407/1407/1407 1451/1451/1451 1450/1450/1450
f 1451/1451/1451 1407/1407/1407 1408/1408/1408
f 1408/1408/1408 1452/1452/1452 1451/1451/1451
f 1452/1452/1452 1408/1408/1408 1409/1409/1409
f 1409/1409/1409 1453/1453/1453 1452/1452/1452
f 1453/1453/1453 1409/1409/1409 1410/1410/1410
f 1410/1410/1410 1454/1454/1454 1453/1453/1453
f 1454/1454/1454 1410/1410/1410 1412/1412/1412
f 1412/1412/1412 1455/1455/1455 1454/1454/1454
f 1455/1455/1455 1412/1412/1412 1419/1419/1419
f 1419/1419/1419 1456/1456/1456 1455/1455/1455
f 1456/1456/1456 1419/1419/1419 1422/1422/1422
f 1422/1422/1422 1457/1457/1457 1456/1456/1456
f 1457/1457/1457 1422/1422/1422 1423/1423/1423
f 1423/1423/1423 1458/1458/1458 1457/1457/1457
f 1458/1458/1458 1423/1423/1423 1424/1424/1424
f 1424/1424/1424 1459/1459/1459 1458/1458/1458
f 1459/1459/1459 1424/1424/1424 1425/1425/1425
f 1425/1425/1425 1460/1460/1460 1459/1459/1459
f 1460/1460/1460 1425/1425/1425 1426/1426/1426
f 1426/1426/1426 1461/1461/1461 1460/1460/1460
f 1461/1461/1461 1426/1426/1426 1427/1427/1427
f 1427/1427/1427 1462/1462/1462 1461/1461/1461
f 1462/1462/1462 1427/1427/1427 1428/1428/1428
f 1428/1428/1428 1463/1463/1463 1462/1462/1462
f 1463/1463/1463 1428/1428/1428 1429/1429/1429
f 1429/1429/1429 1464/1464/1464 1463/1463/1463
f 1429/1429/1429 1465/1465/1465 1464/1464/1464
f 1465/1465/1465 1432/1432/1432 1431/1431/1431
f 1429/1429/1429 1432/1432/1432 1465/1465/1465
f 1466/1466/1466 1465/1465/1465 1431/1431/1431
f 1464/1464/1464 1465/1465/1465 1466/1466/1466
f 1431/1431/1431 1467/1467/1467 1466/1466/1466
f 1433/1433/1433 1467/1467/1467 1431/1431/1431
f 1468/1468/1468 1469/1469/1469 1467/1467/1467
f 1470/1470/1470 1469/1469/1469 1468/1468/1468
f 1433/1433/1433 1468/1468/1468 1467/1467/1467
f 1467/1467/1467 1471/1471/1471 1466/1466/1466
f 1471/1471/1471 1469/1469/1469 1470/1470/1470
f 1467/1467/1467 1469/1469/1469 1471/1471/1471
f 1472/1472/1472 1434/1434/1434 1435/1435/1435
f 1435/1435/1435 1473/1473/1473 1472/1472/1472
f 1473/1473/1473 1435/1435/1435 1436/1436/1436
f 1436/1436/1436 1474/1474/1474 1473/1473/1473
f 1474/1474/1474 1436/1436/1436 1437/1437/1437
f 1437/1437/1437 1475/1475/1475 1474/1474/1474
f 1475/1475/1475 1437/1437/1437 1438/1438/1438
f 1438/1438/1438 1476/1476/1476 1475/1475/1475
f 1476/1476/1476 1438/1438/1438 1439/1439/1439
f 1439/1439/1439 1477/1477/1477 1476/1476/1476
f 1477/1477/1477 1439/1439/1439 1440/1440/1440
f 1440/1440/1440 1478/1478/1478 1477/1477/1477
f 1478/1478/1478 1440/1440/1440 1441/1441/1441
f 1441/1441/1441 1479/1479/1479 1478/1478/1478
f 1479/1479/1479 1441/1441/1441 1442/1442/1442
f 1442/1442/1442 1480/1480/1480 1479/1479/1479
f 1480/1480/1480 1442/1442/1442 1443/1443/1443
f 1443/1443/1443 1481/1481/1481 1480/1480/1480
f 1481/1481/1481 1443/1443/1443 1444/1444/1444
f 1444/1444/1444 1482/1482/1482 1481/1481/1481
f 1444/1444/1444 1483/1483/1483 1482/1482/1482
f 1445/1445/1445 1483/1483/1483 1444/1444/1444
f 1484/1484/1484 1483/1483/1483 1445/1445/1445
f 1483/1483/1483 1485/1485/1485 1482/1482/1482
f 1484/1484/1484 1485/1485/1485 1483/1483/1483
f 1484/1484/1484 1445/1445/1445 1446/1446/1446
f 1446/1446/1446 1486/1486/1486 1484/1484/1484
f 1486/1486/1486 1446/1446/1446 1447/1447/1447
f 1447/1447/1447 1487/1487/1487 1486/1486/1486
f 1487/1487/1487 1447/1447/1447 1448/1448/1448
f 1448/1448/1448 1488/1488/1488 1487/1487/1487
f 1488/1488/1488 1448/1448/1448 1449/1449/1449
f 1449/1449/1449 1489/1489/1489 1488/1488/1488
f 1489/1489/1489 1449/1449/1449 1450/1450/1450
f 1450/1450/1450 1490/1490/1490 1489/1489/1489
f 1490/1490/1490 1450/1450/1450 1451/1451/1451
f 1451/1451/1451 1491/1491/1491 1490/1490/1490
f 1491/1491/1491 1451/1451/1451 1452/1452/1452
f 1452/1452/1452 1492/1492/1492 1491/1491/1491
f 1492/1492/1492 1452/1452/1452 1453/1453/1453
f 1453/1453/1453 1493/1493/1493 1492/1492/1492
f 1493/1493/1493 1453/1453/1453 1454/1454/1454
f 1454/1454/1454 1494/1494/1494 1493/1493/1493
f 1494/1494/1494 1454/1454/1454 1455/1455/1455
f 1455/1455/1455 1495/1495/1495 1494/1494/1494
f 1455/1455/1455 1496/1496/1496 1495/1495/1495
f 1456/1456/1456 1496/1496/1496 1455/1455/1455
f 1497/1497/1497 1496/1496/1496 1456/1456/1456
f 1495/1495/1495 1496/1496/1496 1497/1497/1497
f 1456/1456/1456 1498/1498/1498 1497/1497/1497
f 1457/1457/1457 1498/1498/1498 1456/1456/1456
f 1499/1499/1499 1498/1498/1498 1457/1457/1457
f 1497/1497/1497 1498/1498/1498 1499/1499/1499
f 1499/1499/1499 1457/1457/1457 1458/1458/1458
f 1458/1458/1458 1500/1500/1500 1499/1499/1499
f 1500/1500/1500 1458/1458/1458 1459/1459/1459
f 1459/1459/1459 1501/1501/1501 1500/1500/1500
f 1501/1501/1501 1459/1459/1459 1460/1460/1460
f 1460/1460/1460 1502/1502/1502 1501/1501/1501
f 1502/1502/1502 1460/1460/1460 1461/1461/1461
f 1461/1461/1461 1503/1503/1503 1502/1502/1502
f 1503/1503/1503 1461/1461/1461 1462/1462/1462
f 1462/1462/1462 1504/1504/1504 1503/1503/1503
f 1504/1504/1504 1462/1462/1462 1463/1463/1463
f 1463/1463/1463 1505/1505/1505 1504/1504/1504
f 1505/1505/1505 1463/1463/1463 1464/1464/1464
f 1464/1464/1464 1506/1506/1506 1505/1505/1505
f 1506/1506/1506 1464/1464/1464 1466/1466/1466
f 1466/1466/1466 1507/1507/1507 1506/1506/1506
f 1466/1466/1466 1508/1508/1508 1507/1507/1507
f 1471/1471/1471 1509/1509/1509 1508/1508/1508
f 1470/1470/1470 1509/1509/1509 1471/1471/1471
f 1466/1466/1466 1471/1471/1471 1508/1508/1508
f 1510/1510/1510 1512/1512/1512 1511/1511/1511
f 1508/1508/1508 1512/1512/1512 1510/1510/1510
f 1513/1513/1513 1510/1510/1510 1511/1511/1511
f 1514/1514/1514 1515/1515/1515 1509/1509/1509
f 1511/1511/1511 1515/1515/1515 1514/1514/1514
f 1470/1470/1470 1514/1514/1514 1509/1509/1509
f 1509/1509/1509 1512/1512/1512 1508/1508/1508
f 1512/1512/1512 1515/1515/1515 1511/1511/1511
f 1509/1509/1509 1515/1515/1515 1512/1512/1512
f 1508/1508/1508 1516/1516/1516 1507/1507/1507
f 1510/1510/1510 1517/1517/1517 1516/1516/1516
f 1513/1513/1513 1517/1517/1517 1510/1510/1510
f 1508/1508/1508 1510/1510/1510 1516/1516/1516
f 1518/1518/1518 1472/1472/1472 1473/1473/1473
f 1473/1473/1473 1519/1519/1519 1518/1518/1518
f 1519/1519/1519 1473/1473/1473 1474/1474/1474
f 1474/1474/1474 1520/1520/1520 1519/1519/1519
f 1520/1520/1520 1474/1474/1474 1475/1475/1475
f 1475/1475/1475 1521/1521/1521 1520/1520/1520
f 1521/1521/1521 1475/1475/1475 1476/1476/1476
f 1476/1476/1476 1522/1522/1522 1521/1521/1521
f 1522/1522/1522 1476/1476/1476 1477/1477/1477
f 1477/1477/1477 1523/1523/1523 1522/1522/1522
f 1523/1523/1523 1477/1477/1477 1478/1478/1478
f 1478/1478/1478 1524/1524/1524 1523/1523/1523
f 1524/1524/1524 1478/1478/1478 1479/1479/1479
f 1479/1479/1479 1525/1525/1525 1524/1524/1524
f 1525/1525/1525 1479/1479/1479 1480/1480/1480
f 1480/1480/1480 1526/1526/1526 1525/1525/1525
f 1526/1526/1526 1480/1480/1480 1481/1481/1481
f 1481/1481/1481 1527/1527/1527 1526/1526/1526
f 1481/1481/1481 1528/1528/1528 1527/1527/1527
f 1482/1482/1482 1528/1528/1528 1481/1481/1481
f 1528/1528/1528 1530/1530/1530 1529/1529/1529
f 1482/1482/1482 1530/1530/1530 1528/1528/1528
f 1527/1527/1527 1528/1528/1528 1529/1529/1529
f 1530/1530/1530 1532/1532/1532 1531/1531/1531
f 1482/1482/1482 1532/1532/1532 1530/1530/1530
f 1529/1529/1529 1530/1530/1530 1531/1531/1531
f 1531/1531/1531 1485/1485/1485 1484/1484/1484
f 1485/1485/1485 1532/1532/1532 1482/1482/1482
f 1531/1531/1531 1532/1532/1532 1485/1485/1485
f 1533/1533/1533 1531/1531/1531 1484/1484/1484
f 1529/1529/1529 1531/1531/1531 1533/1533/1533
f 1533/1533/1533 1484/1484/1484 1486/1486/1486
f 1486/1486/1486 1534/1534/1534 1533/1533/1533
f 1534/1534/1534 1486/1486/1486 1487/1487/1487
f 1487/1487/1487 1535/1535/1535 1534/1534/1534
f 1535/1535/1535 1487/1487/1487 1488/1488/1488
f 1488/1488/1488 1536/1536/1536 1535/1535/1535
f 1536/1536/1536 1488/1488/1488 1489/1489/1489
f 1489/1489/1489 1537/1537/1537 1536/1536/1536
f 1537/1537/1537 1489/1489/1489 1490/1490/1490
f 1490/1490/1490 1538/1538/1538 1537/1537/1537
f 1538/1538/1538 1490/1490/1490 1491/1491/1491
f 1491/1491/1491 1539/1539/1539 1538/1538/1538
f 1539/1539/1539 1491/1491/1491 1492/1492/1492
f 1492/1492/1492 1540/1540/1540 1539/1539/1539
f 1540/1540/1540 1492/1492/1492 1493/1493/1493
f 1493/1493/1493 1541/1541/1541 1540/1540/1540
f 1541/1541/1541 1493/1493/1493 1494/1494/1494
f 1494/1494/1494 1542/1542/1542 1541/1541/1541
f 1542/1542/1542 1494/1494/1494 1495/1495/1495
f 1495/1495/1495 1543/1543/1543 1542/1542/1542
f 1543/1543/1543 1495/1495/1495 1497/1497/1497
f 1497/1497/1497 1544/1544/1544 1543/1543/1543
f 1544/1544/1544 1497/1497/1497 1499/1499/1499
f 1499/1499/1499 1545/1545/1545 1544/1544/1544
f 1545/1545/1545 1499/1499/1499 1500/1500/1500
f 1500/1500/1500 1546/1546/1546 1545/1545/1545
f 1546/1546/1546 1500/1500/1500 1501/1501/1501
f 1501/1501/1501 1547/1547/1547 1546/1546/1546
f 1547/1547/1547 1501/1501/1501 1502/1502/1502
f 1502/1502/1502 1548/1548/1548 1547/1547/1547
f 1548/1548/1548 1502/1502/1502 1503/1503/1503
f 1503/1503/1503 1549/1549/1549 1548/1548/1548
f 1549/1549/1549 1503/1503/1503 1504/1504/1504
f 1504/1504/1504 1550/1550/1550 1549/1549/1549
f 1550/1550/1550 1504/1504/1504 1505/1505/1505
f 1505/1505/1505 1551/1551/1551 1550/1550/1550
f 1551/1551/1551 1505/1505/1505 1506/1506/1506
f 1506/1506/1506 1552/1552/1552 1551/1551/1551
f 1552/1552/1552 1506/1506/1506 1507/1507/1507
f 1507/1507/1507 1553/1553/1553 1552/1552/1552
f 1507/1507/1507 1554/1554/1554 1553/1553/1553
f 1516/1516/1516 1555/1555/1555 1554/1554/1554
f 1555/1555/1555 1517/1517/1517 1513/1513/1513
f 1516/1516/1516 1517/1517/1517 1555/1555/1555
f 1507/1507/1507 1516/1516/1516 1554/1554/1554
f 1556/1556/1556 1557/1557/1557 1554/1554/1554
f 1558/1558/1558 1557/1557/1557 1556/1556/1556
f 1556/1556/1556 1555/1555/1555 1513/1513/1513
f 1554/1554/1554 1555/1555/1555 1556/1556/1556
f 1554/1554/1554 1559/1559/1559 1553/1553/1553
f 1559/1559/1559 1557/1557/1557 1558/1558/1558
f 1554/1554/1554 1557/1557/1557 1559/1559/1559
f 1560/1560/1560 1518/1518/1518 1519/1519/1519
f 1519/1519/1519 1561/1561/1561 1560/1560/1560
f 1561/1561/1561 1519/1519/1519 1520/1520/1520
f 1520/1520/1520 1562/1562/1562 1561/1561/1561
f 1562/1562/1562 1520/1520/1520 1521/1521/1521
f 1521/1521/1521 1563/1563/1563 1562/1562/1562
f 1563/1563/1563 1521/1521/1521 1522/1522/1522
f 1522/1522/1522 1564/1564/1564 1563/1563/1563
f 1564/1564/1564 1522/1522/1522 1523/1523/1523
f 1523/1523/1523 1565/1565/1565 1564/1564/1564
f 1565/1565/1565 1523/1523/1523 1524/1524/1524
f 1524/1524/1524 1566/1566/1566 1565/1565/1565
f 1566/1566/1566 1524/1524/1524 1525/1525/1525
f 1525/1525/1525 1567/1567/1567 1566/1566/1566
f 1567/1567/1567 1525/1525/1525 1526/1526/1526
f 1526/1526/1526 1568/1568/1568 1567/1567/1567
f 1568/1568/1568 1526/1526/1526 1527/1527/1527
f 1527/1527/1527 1569/1569/1569 1568/1568/1568
f 1569/1569/1569 1527/1527/1527 1529/1529/1529
f 1529/1529/1529 1570/1570/1570 1569/1569/1569
f 1570/1570/1570 1529/1529/1529 1533/1533/1533
f 1533/1533/1533 1571/1571/1571 1570/1570/1570
f 1571/1571/1571 1533/1533/1533 1534/1534/1534
f 1534/1534/1534 1572/1572/1572 1571/1571/1571
f 1572/1572/1572 1534/1534/1534 1535/1535/1535
f 1535/1535/1535 1573/1573/1573 1572/1572/1572
f 1573/1573/1573 1535/1535/1535 1536/1536/1536
f 1536/1536/1536 1574/1574/1574 1573/1573/1573
f 1574/1574/1574 1536/1536/1536 1537/1537/1537
f 1537/1537/1537 1575/1575/1575 1574/1574/1574
f 1575/1575/1575 1537/1537/1537 1538/1538/1538
f 1538/1538/1538 1576/1576/1576 1575/1575/1575
f 1576/1576/1576 1538/1538/1538 1539/1539/1539
f 1539/1539/1539 1577/1577/1577 1576/1576/1576
f 1577/1577/1577 1539/1539/1539 1540/1540/1540
f 1540/1540/1540 1578/1578/1578 1577/1577/1577
f 1578/1578/1578 1540/1540/1540 1541/1541/1541
f 1541/1541/1541 1579/1579/1579 1578/1578/1578
f 1579/1579/1579 1541/1541/1541 1542/1542/1542
f 1542/1542/1542 1580/1580/1580 1579/1579/1579
f 1580/1580/1580 1542/1542/1542 1543/1543/1543
f 1543/1543/1543 1581/1581/1581 1580/1580/1580
f 1581/1581/1581 1543/1543/1543 1544/1544/1544
f 1544/1544/1544 1582/1582/1582 1581/1581/1581
f 1582/1582/1582 1544/1544/1544 1545/1545/1545
f 1545/1545/1545 1583/1583/1583 1582/1582/1582
f 1583/1583/1583 1545/1545/1545 1546/1546/1546
f 1546/1546/1546 1584/1584/1584 1583/1583/1583
f 1584/1584/1584 1546/1546/1546 1547/1547/1547
f 1547/1547/1547 1585/1585/1585 1584/1584/1584
f 1585/1585/1585 1547/1547/1547 1548/1548/1548
f 1548/1548/1548 1586/1586/1586 1585/1585/1585
f 1548/1548/1548 1587/1587/1587 1586/1586/1586
f 1549/1549/1549 1587/1587/1587 1548/1548/1548
f 1588/1588/1588 1587/1587/1587 1549/1549/1549
f 1587/1587/1587 1589/1589/1589 1586/1586/1586
f 1588/1588/1588 1589/1589/1589 1587/1587/1587
f 1588/1588/1588 1549/1549/1549 1550/1550/1550
f 1550/1550/1550 1590/1590/1590 1588/1588/1588
f 1590/1590/1590 1550/1550/1550 1551/1551/1551
f 1551/1551/1551 1591/1591/1591 1590/1590/1590
f 1591/1591/1591 1551/1551/1551 1552/1552/1552
f 1552/1552/1552 1592/1592/1592 1591/1591/1591
f 1552/1552/1552 1593/1593/1593 1592/1592/1592
f 1553/1553/1553 1593/1593/1593 1552/1552/1552
f 1594/1594/1594 1595/1595/1595 1593/1593/1593
f 1596/1596/1596 1595/1595/1595 1594/1594/1594
f 1553/1553/1553 1594/1594/1594 1593/1593/1593
f 1593/1593/1593 1597/1597/1597 1592/1592/1592
f 1597/1597/1597 1595/1595/1595 1596/1596/1596
f 1593/1593/1593 1595/1595/1595 1597/1597/1597
f 1598/1598/1598 1594/1594/1594 1553/1553/1553
f 1596/1596/1596 1594/1594/1594 1598/1598/1598
f 1598/1598/1598 1559/1559/1559 1558/1558/1558
f 1553/1553/1553 1559/1559/1559 1598/1598/1598
f 1598/1598/1598 1600/1600/1600 1599/1599/1599
f 1558/1558/1558 1600/1600/1600 1598/1598/1598
f 1596/1596/1596 1598/1598/1598 1599/1599/1599
