# L3DT terrain export, using atMeshDecimator
# 1855 vertices, 3566 polygons
mtllib Lava_Tile_x0y2.mtl
o terrain_o
v -7999.023438 189.110733 -1.952887
v -7874.038574 187.406555 -1.952887
v -7749.053711 153.937119 -1.952887
v -7811.546387 133.090546 -1.952887
v -7842.792480 130.653168 -1.952887
v -7624.069336 165.153046 -1.952887
v -7499.084473 182.076004 -1.952887
v -7374.099609 177.379593 -1.952887
v -7249.115234 173.594711 -1.952887
v -7124.130371 169.235168 -1.952887
v -6999.145508 159.525253 -1.952887
v -6874.160645 185.801437 -1.952887
v -6749.175781 161.843750 -1.952887
v -6624.191406 192.816345 -1.952887
v -6499.206543 174.347717 -1.952887
v -6374.221680 176.686020 -1.952887
v -6249.237305 183.740570 -1.952887
v -6124.252441 190.577133 -1.952887
v -5999.267578 181.243729 -1.952887
v -5874.282715 204.408783 -1.952887
v -5749.297852 239.225723 -1.952887
v -5624.313477 218.577316 -1.952887
v -5499.328613 189.130554 -1.952887
v -5374.343750 177.914627 -1.952887
v -5249.359375 195.451889 -1.952887
v -5124.374512 202.011032 -1.952887
v -4999.389648 192.281311 -1.952887
v -4874.404785 176.725662 -1.952887
v -4749.419922 156.612289 -1.952887
v -4811.912598 148.368774 -1.952887
v -4624.435547 188.536072 -1.952887
v -4499.450684 196.541779 -1.952887
v -4374.465820 195.253738 -1.952887
v -4249.481445 204.824921 -1.952887
v -4124.496582 181.105026 -1.952887
v -3999.511719 140.382889 -1.952887
v -4062.004150 154.373062 -1.952887
v -7999.023438 183.502777 -126.937630
v -7936.531250 188.932388 -64.445259
v -7874.038574 147.496872 -126.937630
v -7874.038574 131.208023 -64.445259
v -7811.546387 147.259079 -64.445259
v -7842.792480 132.733856 -33.199074
v -7749.053711 148.309326 -126.937630
v -7624.069336 165.252121 -126.937630
v -7499.084473 180.768143 -126.937630
v -7374.099609 177.815536 -126.937630
v -7249.115234 183.800018 -126.937630
v -7124.130371 183.958542 -126.937630
v -6999.145508 173.733429 -126.937630
v -6874.160645 177.201248 -126.937630
v -6749.175781 186.177948 -126.937630
v -6624.191406 186.752609 -126.937630
v -6499.206543 200.069046 -126.937630
v -6374.221680 182.749756 -126.937630
v -6249.237305 184.533203 -126.937630
v -6124.252441 193.291931 -126.937630
v -5999.267578 184.553024 -126.937630
v -5874.282715 188.952209 -126.937630
v -5749.297852 222.619797 -126.937630
v -5624.313477 201.416550 -126.937630
v -5499.328613 194.362015 -126.937630
v -5374.343750 181.382446 -126.937630
v -5249.359375 180.986130 -126.937630
v -5124.374512 203.972824 -126.937630
v -4999.389648 192.043518 -126.937630
v -4874.404785 182.175095 -126.937630
v -4811.912598 160.674591 -64.445259
v -4749.419922 194.381821 -126.937630
v -4686.927734 151.578995 -64.445259
v -4624.435547 191.647202 -126.937630
v -4561.943359 145.019852 -64.445259
v -4499.450684 201.812866 -64.445259
v -4530.696777 152.530167 -95.691444
v -4499.450684 171.712173 -126.937630
v -4499.450684 143.335480 -95.691444
v -4561.943359 189.962830 -126.937630
v -4436.958008 155.344055 -64.445259
v -4468.204590 140.046005 -95.691444
v -4374.465820 142.998611 -126.937630
v -4374.465820 174.189194 -64.445259
v -4436.958008 151.400650 -126.937630
v -4311.973633 199.950150 -64.445259
v -4343.219727 135.131607 -95.691444
v -4249.481445 198.602661 -126.937630
v -4311.973633 144.682983 -126.937630
v -4124.496582 187.723602 -126.937630
v -4062.004150 179.321564 -64.445259
v -3999.511719 176.725662 -126.937630
v -7999.023438 184.136887 -251.922363
v -7874.038574 167.273361 -251.922363
v -7749.053711 136.617813 -251.922363
v -7624.069336 182.987549 -251.922363
v -7499.084473 169.037003 -251.922363
v -7374.099609 176.428421 -251.922363
v -7249.115234 166.659073 -251.922363
v -7124.130371 170.463760 -251.922363
v -6999.145508 168.244354 -251.922363
v -6874.160645 170.899719 -251.922363
v -6749.175781 198.543213 -251.922363
v -6624.191406 199.415115 -251.922363
v -6499.206543 178.112793 -251.922363
v -6374.221680 203.735031 -251.922363
v -6249.237305 196.759766 -251.922363
v -6124.252441 199.296219 -251.922363
v -5999.267578 184.335052 -251.922363
v -5874.282715 190.973450 -251.922363
v -5749.297852 198.860275 -251.922363
v -5624.313477 190.339340 -251.922363
v -5499.328613 193.549545 -251.922363
v -5374.343750 183.819824 -251.922363
v -5249.359375 218.874557 -251.922363
v -5124.374512 172.564270 -251.922363
v -4999.389648 200.663544 -251.922363
v -4874.404785 187.406555 -251.922363
v -4749.419922 183.899094 -251.922363
v -4624.435547 159.386551 -251.922363
v -4561.943359 178.330765 -189.429993
v -4499.450684 184.929535 -251.922363
v -4436.958008 172.841690 -189.429993
v -4374.465820 154.927917 -251.922363
v -4311.973633 165.569183 -189.429993
v -4249.481445 203.576508 -251.922363
v -4311.973633 143.236404 -251.922363
v -4124.496582 198.027985 -251.922363
v -4062.004150 200.960785 -189.429993
v -3999.511719 197.552399 -251.922363
v -3999.511719 214.534821 -189.429993
v -7999.023438 200.128494 -376.907104
v -7874.038574 192.677643 -376.907104
v -7749.053711 141.809647 -376.907104
v -7624.069336 181.204102 -376.907104
v -7499.084473 173.792877 -376.907104
v -7374.099609 170.642105 -376.907104
v -7249.115234 190.141174 -376.907104
v -7124.130371 180.074585 -376.907104
v -6999.145508 176.567123 -376.907104
v -6874.160645 188.100113 -376.907104
v -6749.175781 192.638000 -376.907104
v -6624.191406 204.824921 -376.907104
v -6499.206543 207.440659 -376.907104
v -6374.221680 191.250870 -376.907104
v -6249.237305 223.016129 -376.907104
v -6124.252441 193.727890 -376.907104
v -5999.267578 199.910522 -376.907104
v -5874.282715 217.705399 -376.907104
v -5749.297852 214.455566 -376.907104
v -5624.313477 193.054138 -376.907104
v -5499.328613 192.558746 -376.907104
v -5374.343750 222.322556 -376.907104
v -5249.359375 212.236160 -376.907104
v -5124.374512 197.750565 -376.907104
v -4999.389648 201.357101 -376.907104
v -4874.404785 184.453949 -376.907104
v -4749.419922 207.321747 -376.907104
v -4624.435547 199.078247 -376.907104
v -4499.450684 167.768768 -376.907104
v -4374.465820 171.157333 -376.907104
v -4311.973633 163.032715 -314.414734
v -4249.481445 161.447418 -376.907104
v -4124.496582 207.242493 -376.907104
v -3999.511719 198.305420 -376.907104
v -7999.023438 175.001648 -501.891846
v -7874.038574 193.549545 -501.891846
v -7811.546387 165.073776 -439.399475
v -7749.053711 139.075012 -439.399475
v -7780.300293 139.392075 -470.645630
v -7749.053711 199.633102 -501.891846
v -7811.546387 199.652908 -501.891846
v -7686.561523 137.509552 -439.399475
v -7624.069336 196.680496 -501.891846
v -7624.069336 135.428848 -439.399475
v -7561.576660 137.133041 -439.399475
v -7499.084473 143.414749 -501.891846
v -7374.099609 170.701553 -501.891846
v -7249.115234 191.409409 -501.891846
v -7124.130371 175.952835 -501.891846
v -6999.145508 181.858032 -501.891846
v -6874.160645 196.244537 -501.891846
v -6749.175781 181.065384 -501.891846
v -6624.191406 163.211060 -501.891846
v -6499.206543 196.957916 -501.891846
v -6374.221680 216.417358 -501.891846
v -6249.237305 209.759140 -501.891846
v -6124.252441 215.406738 -501.891846
v -5999.267578 201.515625 -501.891846
v -5874.282715 204.408783 -501.891846
v -5749.297852 231.180374 -501.891846
v -5624.313477 211.859650 -501.891846
v -5499.328613 228.287216 -501.891846
v -5374.343750 185.464569 -501.891846
v -5249.359375 187.188568 -501.891846
v -5124.374512 189.110733 -501.891846
v -4999.389648 195.768951 -501.891846
v -4874.404785 212.275787 -501.891846
v -4749.419922 185.444748 -501.891846
v -4624.435547 171.078064 -501.891846
v -4561.943359 205.280701 -439.399475
v -4499.450684 206.509293 -501.891846
v -4374.465820 195.887848 -501.891846
v -4249.481445 184.870087 -501.891846
v -4186.988770 151.757339 -439.399475
v -4124.496582 176.309525 -501.891846
v -3999.511719 207.004700 -501.891846
v -7999.023438 153.620056 -626.876587
v -7874.038574 192.162415 -626.876587
v -7811.546387 192.043518 -564.384216
v -7749.053711 194.064774 -626.876587
v -7624.069336 195.630234 -626.876587
v -7499.084473 202.466797 -626.876587
v -7436.592285 143.612915 -564.384216
v -7374.099609 146.763672 -626.876587
v -7436.592285 140.422516 -626.876587
v -7249.115234 164.875610 -626.876587
v -7124.130371 170.265594 -626.876587
v -6999.145508 186.930954 -626.876587
v -6874.160645 180.688889 -626.876587
v -6749.175781 152.054581 -626.876587
v -6686.683594 163.111984 -564.384216
v -6624.191406 155.839462 -626.876587
v -6686.683594 162.081543 -626.876587
v -6499.206543 167.530975 -626.876587
v -6374.221680 192.737091 -626.876587
v -6249.237305 205.875183 -626.876587
v -6124.252441 202.625336 -626.876587
v -5999.267578 219.706833 -626.876587
v -5874.282715 222.401825 -626.876587
v -5749.297852 227.534195 -626.876587
v -5624.313477 228.762802 -626.876587
v -5499.328613 215.585083 -626.876587
v -5374.343750 212.315414 -626.876587
v -5249.359375 214.158310 -626.876587
v -5124.374512 195.075394 -626.876587
v -4999.389648 191.429214 -626.876587
v -4874.404785 217.527054 -626.876587
v -4749.419922 177.974075 -626.876587
v -4624.435547 177.914627 -626.876587
v -4499.450684 209.759140 -626.876587
v -4374.465820 187.010223 -626.876587
v -4249.481445 193.807159 -626.876587
v -4124.496582 177.399399 -626.876587
v -3999.511719 209.065567 -626.876587
v -7999.023438 186.316666 -751.861328
v -7874.038574 158.633530 -751.861328
v -7811.546387 177.676834 -689.368958
v -7749.053711 155.997986 -751.861328
v -7749.053711 188.892761 -689.368958
v -7686.561523 197.334427 -689.368958
v -7717.807617 163.171432 -720.615112
v -7624.069336 200.881516 -689.368958
v -7655.315430 181.144653 -720.615112
v -7624.069336 156.651917 -751.861328
v -7686.561523 178.053345 -720.615112
v -7702.184570 147.496872 -736.238220
v -7686.561523 176.606766 -751.861328
v -7686.561523 143.117508 -736.238220
v -7717.807617 185.781631 -751.861328
v -7655.315430 169.373871 -751.861328
v -7670.938477 148.705658 -736.238220
v -7561.576660 202.506439 -689.368958
v -7499.084473 206.231873 -751.861328
v -7436.592285 201.773239 -689.368958
v -7374.099609 204.131363 -751.861328
v -7311.607422 146.644775 -689.368958
v -7249.115234 157.741806 -751.861328
v -7311.607422 145.753052 -751.861328
v -7124.130371 191.805725 -751.861328
v -6999.145508 192.915436 -751.861328
v -6874.160645 175.615952 -751.861328
v -6811.668457 157.603104 -689.368958
v -6749.175781 216.437164 -751.861328
v -6749.175781 159.921585 -689.368958
v -6686.683594 171.850891 -689.368958
v -6717.929688 165.727707 -658.122803
v -6655.437500 191.845367 -658.122803
v -6686.683594 205.161804 -658.122803
v -6624.191406 221.569550 -751.861328
v -6624.191406 180.431274 -689.368958
v -6561.699219 158.078690 -689.368958
v -6499.206543 163.845169 -751.861328
v -6561.699219 216.377716 -751.861328
v -6374.221680 173.971222 -751.861328
v -6249.237305 222.005508 -751.861328
v -6124.252441 220.955246 -751.861328
v -5999.267578 234.846359 -751.861328
v -5874.282715 231.556870 -751.861328
v -5749.297852 233.637573 -751.861328
v -5624.313477 232.171173 -751.861328
v -5499.328613 227.177505 -751.861328
v -5374.343750 203.437790 -751.861328
v -5249.359375 200.485184 -751.861328
v -5124.374512 210.809387 -751.861328
v -4999.389648 213.880890 -751.861328
v -4874.404785 214.970779 -751.861328
v -4749.419922 191.785919 -751.861328
v -4624.435547 186.078873 -751.861328
v -4499.450684 175.972641 -751.861328
v -4374.465820 205.003265 -751.861328
v -4249.481445 197.968536 -751.861328
v -4124.496582 177.716461 -751.861328
v -3999.511719 215.248199 -751.861328
v -7999.023438 179.579178 -876.846069
v -7874.038574 165.093597 -876.846069
v -7811.546387 165.093597 -814.353699
v -7749.053711 189.903381 -876.846069
v -7749.053711 153.302994 -814.353699
v -7686.561523 150.944885 -814.353699
v -7717.807617 159.069489 -783.107544
v -7655.315430 162.953445 -783.107544
v -7624.069336 155.284607 -876.846069
v -7624.069336 162.299515 -814.353699
v -7561.576660 185.484390 -814.353699
v -7499.084473 162.081543 -876.846069
v -7374.099609 207.599182 -876.846069
v -7311.607422 170.761002 -814.353699
v -7249.115234 149.201065 -876.846069
v -7124.130371 190.874374 -876.846069
v -6999.145508 187.248016 -876.846069
v -6936.653320 178.013702 -814.353699
v -6874.160645 161.705032 -814.353699
v -6905.407227 153.897476 -845.599854
v -6874.160645 211.720932 -876.846069
v -6936.653320 173.317276 -876.846069
v -6905.407227 151.182678 -876.846069
v -6811.668457 209.977112 -814.353699
v -6749.175781 209.105209 -876.846069
v -6624.191406 213.742172 -876.846069
v -6561.699219 216.674973 -814.353699
v -6530.452637 223.907852 -783.107544
v -6499.206543 219.112350 -876.846069
v -6499.206543 225.037369 -814.353699
v -6436.713867 170.820450 -814.353699
v -6374.221680 163.785721 -876.846069
v -6249.237305 202.248825 -876.846069
v -6124.252441 221.628998 -876.846069
v -5999.267578 212.196518 -876.846069
v -5874.282715 191.131973 -876.846069
v -5749.297852 225.592224 -876.846069
v -5624.313477 231.497421 -876.846069
v -5499.328613 216.734421 -876.846069
v -5374.343750 217.427979 -876.846069
v -5249.359375 188.397354 -876.846069
v -5124.374512 212.731552 -876.846069
v -5061.881836 173.673981 -814.353699
v -4999.389648 204.071915 -876.846069
v -4874.404785 199.514206 -876.846069
v -4749.419922 183.126266 -876.846069
v -4624.435547 180.114212 -876.846069
v -4499.450684 178.509109 -876.846069
v -4374.465820 211.839828 -876.846069
v -4249.481445 175.853745 -876.846069
v -4124.496582 200.980591 -876.846069
v -4062.004150 175.298889 -814.353699
v -3999.511719 208.372009 -876.846069
v -3999.511719 177.617386 -814.353699
v -7999.023438 164.063156 -1001.830811
v -7874.038574 159.366730 -1001.830811
v -7749.053711 150.409836 -1001.830811
v -7624.069336 169.076630 -1001.830811
v -7561.576660 150.647629 -939.338501
v -7499.084473 141.116074 -1001.830811
v -7499.084473 116.900772 -939.338501
v -7561.576660 189.962830 -1001.830811
v -7436.592285 171.910339 -939.338501
v -7374.099609 192.638000 -1001.830811
v -7436.592285 180.490723 -1001.830811
v -7311.607422 203.140549 -939.338501
v -7249.115234 203.536880 -1001.830811
v -7311.607422 213.702545 -1001.830811
v -7186.622559 150.152237 -939.338501
v -7124.130371 150.449478 -1001.830811
v -6999.145508 163.647018 -1001.830811
v -6936.653320 154.809021 -939.338501
v -6905.407227 149.676651 -908.092285
v -6874.160645 188.476624 -939.338501
v -6905.407227 149.557755 -970.584595
v -6874.160645 211.958725 -1001.830811
v -6936.653320 209.105209 -1001.830811
v -6811.668457 210.789581 -939.338501
v -6749.175781 206.430023 -1001.830811
v -6624.191406 214.039413 -1001.830811
v -6499.206543 223.372818 -1001.830811
v -6374.221680 162.339157 -1001.830811
v -6249.237305 172.960587 -1001.830811
v -6124.252441 209.560974 -1001.830811
v -5999.267578 225.730942 -1001.830811
v -5874.282715 215.703979 -1001.830811
v -5749.297852 178.746902 -1001.830811
v -5624.313477 220.677826 -1001.830811
v -5499.328613 228.505188 -1001.830811
v -5374.343750 219.429413 -1001.830811
v -5249.359375 193.767517 -1001.830811
v -5124.374512 214.554642 -1001.830811
v -4999.389648 209.719513 -1001.830811
v -4874.404785 215.703979 -1001.830811
v -4749.419922 191.647202 -1001.830811
v -4624.435547 184.394501 -1001.830811
v -4499.450684 178.053345 -1001.830811
v -4374.465820 196.343628 -1001.830811
v -4249.481445 199.375488 -1001.830811
v -4124.496582 207.163223 -1001.830811
v -3999.511719 189.190002 -1001.830811
v -7999.023438 206.885803 -1126.815552
v -7874.038574 201.357101 -1126.815552
v -7749.053711 186.554459 -1126.815552
v -7624.069336 172.683167 -1126.815552
v -7561.576660 167.471527 -1064.323120
v -7499.084473 171.712173 -1126.815552
v -7436.592285 166.064575 -1064.323120
v -7405.345703 191.310318 -1033.077026
v -7374.099609 165.232300 -1126.815552
v -7374.099609 192.657822 -1064.323120
v -7374.099609 154.036194 -1033.077026
v -7311.607422 165.628632 -1064.323120
v -7342.853516 185.167328 -1033.077026
v -7280.361328 220.340942 -1033.077026
v -7249.115234 206.766907 -1064.323120
v -7280.361328 157.068054 -1095.569336
v -7249.115234 186.316666 -1126.815552
v -7249.115234 157.186951 -1095.569336
v -7311.607422 164.935059 -1126.815552
v -7186.622559 208.035141 -1064.323120
v -7217.868652 196.997559 -1095.569336
v -7124.130371 221.113785 -1126.815552
v -7186.622559 180.114212 -1126.815552
v -6999.145508 222.084763 -1126.815552
v -6936.653320 207.619003 -1064.323120
v -6874.160645 202.863129 -1126.815552
v -6936.653320 225.532776 -1126.815552
v -6749.175781 204.725845 -1126.815552
v -6624.191406 217.546875 -1126.815552
v -6561.699219 215.684158 -1064.323120
v -6499.206543 215.327469 -1126.815552
v -6499.206543 222.203659 -1064.323120
v -6436.713867 162.893997 -1064.323120
v -6467.960449 212.454132 -1095.569336
v -6374.221680 159.188385 -1064.323120
v -6405.467773 159.743240 -1095.569336
v -6374.221680 196.819214 -1126.815552
v -6436.713867 162.953445 -1095.569336
v -6452.337402 172.128311 -1111.192505
v -6436.713867 199.910522 -1126.815552
v -6467.960449 220.241867 -1126.815552
v -6405.467773 162.775101 -1126.815552
v -6311.729492 162.497681 -1064.323120
v -6249.237305 225.136444 -1126.815552
v -6186.744629 173.158752 -1064.323120
v -6124.252441 229.753601 -1126.815552
v -6124.252441 178.806351 -1064.323120
v -6061.759766 177.082352 -1064.323120
v -5999.267578 197.909088 -1126.815552
v -5874.282715 209.937485 -1126.815552
v -5749.297852 218.042282 -1126.815552
v -5624.313477 209.481705 -1126.815552
v -5499.328613 192.519104 -1126.815552
v -5374.343750 194.778152 -1126.815552
v -5249.359375 187.921768 -1126.815552
v -5124.374512 205.221252 -1126.815552
v -5061.881836 211.126450 -1064.323120
v -4999.389648 199.058426 -1064.323120
v -5030.635742 175.715042 -1095.569336
v -4999.389648 207.876602 -1126.815552
v -5061.881836 195.768951 -1126.815552
v -4936.897461 190.398788 -1064.323120
v -4874.404785 211.542587 -1126.815552
v -4749.419922 191.647202 -1126.815552
v -4624.435547 179.301758 -1126.815552
v -4499.450684 177.914627 -1126.815552
v -4374.465820 179.361206 -1126.815552
v -4249.481445 180.074585 -1126.815552
v -4124.496582 216.040848 -1126.815552
v -3999.511719 206.826355 -1126.815552
v -7999.023438 231.814484 -1251.800293
v -7874.038574 235.282303 -1251.800293
v -7749.053711 188.040665 -1251.800293
v -7624.069336 179.499908 -1251.800293
v -7499.084473 156.116882 -1251.800293
v -7374.099609 167.352631 -1251.800293
v -7311.607422 155.145889 -1189.307983
v -7249.115234 168.719940 -1251.800293
v -7186.622559 166.559982 -1189.307983
v -7124.130371 171.276230 -1251.800293
v -7061.637695 171.652725 -1189.307983
v -6999.145508 158.673172 -1251.800293
v -6999.145508 167.392258 -1189.307983
v -6967.899414 197.096634 -1158.061768
v -6967.899414 165.034149 -1189.307983
v -6936.653320 193.113586 -1189.307983
v -6967.899414 185.682541 -1220.554077
v -6952.276367 150.746719 -1204.931030
v -6874.160645 225.017548 -1189.307983
v -6905.407227 184.612473 -1220.554077
v -6874.160645 180.550171 -1251.800293
v -6936.653320 163.191238 -1251.800293
v -6936.653320 155.126083 -1220.554077
v -6811.668457 219.350143 -1189.307983
v -6749.175781 205.756287 -1251.800293
v -6624.191406 206.370575 -1251.800293
v -6561.699219 206.192230 -1189.307983
v -6499.206543 209.501526 -1251.800293
v -6499.206543 213.583649 -1189.307983
v -6436.713867 216.952393 -1189.307983
v -6467.960449 217.685593 -1158.061768
v -6405.467773 219.746460 -1158.061768
v -6374.221680 214.178131 -1251.800293
v -6374.221680 216.496628 -1189.307983
v -6311.729492 217.388351 -1189.307983
v -6249.237305 217.784668 -1251.800293
v -6124.252441 219.805908 -1251.800293
v -5999.267578 221.529922 -1251.800293
v -5936.775391 173.158752 -1189.307983
v -5874.282715 187.783051 -1251.800293
v -5749.297852 174.585510 -1251.800293
v -5624.313477 201.238205 -1251.800293
v -5499.328613 208.788147 -1251.800293
v -5374.343750 194.064774 -1251.800293
v -5249.359375 193.272125 -1251.800293
v -5124.374512 200.584274 -1251.800293
v -5061.881836 205.478851 -1189.307983
v -4999.389648 198.642288 -1251.800293
v -4874.404785 186.594086 -1251.800293
v -4749.419922 209.303360 -1251.800293
v -4624.435547 184.136887 -1251.800293
v -4499.450684 181.342819 -1251.800293
v -4374.465820 181.600418 -1251.800293
v -4249.481445 185.841080 -1251.800293
v -4124.496582 204.428604 -1251.800293
v -3999.511719 203.120743 -1251.800293
v -7999.023438 191.310318 -1376.785034
v -7874.038574 192.955063 -1376.785034
v -7749.053711 164.598190 -1376.785034
v -7624.069336 172.326477 -1376.785034
v -7499.084473 163.785721 -1376.785034
v -7374.099609 163.647018 -1376.785034
v -7249.115234 171.375305 -1376.785034
v -7124.130371 170.384491 -1376.785034
v -6999.145508 190.537491 -1376.785034
v -6936.653320 163.607376 -1314.292603
v -6874.160645 165.430466 -1376.785034
v -6811.668457 151.598816 -1314.292603
v -6749.175781 173.753235 -1376.785034
v -6749.175781 214.693359 -1314.292603
v -6686.683594 210.868835 -1314.292603
v -6717.929688 200.524826 -1345.538818
v -6624.191406 202.565887 -1376.785034
v -6686.683594 207.836975 -1376.785034
v -6717.929688 174.585510 -1376.785034
v -6499.206543 205.023087 -1376.785034
v -6374.221680 208.272934 -1376.785034
v -6311.729492 217.011841 -1314.292603
v -6249.237305 177.042709 -1376.785034
v -6249.237305 231.735214 -1314.292603
v -6311.729492 210.274353 -1376.785034
v -6186.744629 215.684158 -1314.292603
v -6124.252441 201.198578 -1376.785034
v -5999.267578 216.674973 -1376.785034
v -5874.282715 210.036560 -1376.785034
v -5811.790527 226.345230 -1314.292603
v -5749.297852 220.757080 -1376.785034
v -5686.805664 166.342010 -1314.292603
v -5624.313477 161.467239 -1376.785034
v -5499.328613 190.240250 -1376.785034
v -5374.343750 194.421463 -1376.785034
v -5249.359375 204.765472 -1376.785034
v -5124.374512 195.967117 -1376.785034
v -4999.389648 198.345047 -1376.785034
v -4874.404785 182.947922 -1376.785034
v -4749.419922 207.817154 -1376.785034
v -4624.435547 180.550171 -1376.785034
v -4499.450684 179.638626 -1376.785034
v -4374.465820 179.004517 -1376.785034
v -4249.481445 182.908295 -1376.785034
v -4124.496582 182.908295 -1376.785034
v -3999.511719 188.932388 -1376.785034
v -7999.023438 175.853745 -1501.769775
v -7874.038574 157.821075 -1501.769775
v -7749.053711 173.673981 -1501.769775
v -7624.069336 171.454575 -1501.769775
v -7499.084473 196.284180 -1501.769775
v -7374.099609 175.675400 -1501.769775
v -7249.115234 194.797958 -1501.769775
v -7124.130371 178.667633 -1501.769775
v -6999.145508 159.049667 -1501.769775
v -6874.160645 186.752609 -1501.769775
v -6811.668457 141.789825 -1439.277466
v -6749.175781 141.215164 -1501.769775
v -6749.175781 164.459473 -1439.277466
v -6686.683594 183.958542 -1439.277466
v -6717.929688 190.854553 -1408.031250
v -6655.437500 214.059235 -1408.031250
v -6686.683594 169.968353 -1408.031250
v -6702.306641 158.732620 -1392.408081
v -6624.191406 152.807587 -1501.769775
v -6624.191406 218.755661 -1439.277466
v -6686.683594 160.892578 -1501.769775
v -6561.699219 198.979172 -1439.277466
v -6592.945313 218.062088 -1470.523560
v -6499.206543 207.222672 -1501.769775
v -6561.699219 211.919098 -1501.769775
v -6436.713867 209.798767 -1439.277466
v -6374.221680 201.317474 -1501.769775
v -6374.221680 224.898651 -1439.277466
v -6311.729492 196.839020 -1439.277466
v -6342.975586 195.511337 -1470.523560
v -6280.483398 169.730560 -1408.031250
v -6280.483398 174.288269 -1470.523560
v -6249.237305 183.582031 -1439.277466
v -6280.483398 154.749573 -1439.277466
v -6249.237305 159.881958 -1501.769775
v -6311.729492 192.935242 -1501.769775
v -6311.729492 155.086441 -1470.523560
v -6186.744629 197.829834 -1439.277466
v -6124.252441 187.525452 -1501.769775
v -6124.252441 167.570602 -1439.277466
v -6061.759766 200.722992 -1439.277466
v -6093.005859 152.074402 -1470.523560
v -5999.267578 205.875183 -1501.769775
v -6061.759766 184.513397 -1501.769775
v -5874.282715 206.707458 -1501.769775
v -5749.297852 209.343002 -1501.769775
v -5624.313477 152.411270 -1501.769775
v -5499.328613 159.465805 -1501.769775
v -5374.343750 167.927292 -1501.769775
v -5249.359375 190.061905 -1501.769775
v -5124.374512 204.567307 -1501.769775
v -4999.389648 202.288452 -1501.769775
v -4874.404785 187.763245 -1501.769775
v -4749.419922 208.451279 -1501.769775
v -4624.435547 199.930344 -1501.769775
v -4499.450684 210.254547 -1501.769775
v -4374.465820 183.304611 -1501.769775
v -4249.481445 179.579178 -1501.769775
v -4124.496582 181.699509 -1501.769775
v -3999.511719 190.220444 -1501.769775
v -7999.023438 168.383072 -1626.754517
v -7874.038574 164.300949 -1626.754517
v -7749.053711 162.656204 -1626.754517
v -7624.069336 179.598999 -1626.754517
v -7499.084473 186.514816 -1626.754517
v -7374.099609 185.761810 -1626.754517
v -7249.115234 200.822067 -1626.754517
v -7124.130371 196.066193 -1626.754517
v -6999.145508 151.896057 -1626.754517
v -6874.160645 154.016373 -1626.754517
v -6811.668457 185.504196 -1564.262085
v -6749.175781 161.447418 -1626.754517
v -6686.683594 145.911575 -1564.262085
v -6655.437500 180.649246 -1533.015991
v -6624.191406 159.842316 -1626.754517
v -6624.191406 174.248642 -1564.262085
v -6624.191406 146.525879 -1533.015991
v -6592.945313 146.129562 -1564.262085
v -6592.945313 189.328720 -1533.015991
v -6608.568359 144.009232 -1548.639038
v -6561.699219 186.376114 -1564.262085
v -6592.945313 178.053345 -1595.508301
v -6577.322266 146.347534 -1579.885254
v -6499.206543 193.965683 -1564.262085
v -6530.452637 151.123230 -1595.508301
v -6499.206543 173.594711 -1626.754517
v -6561.699219 182.749756 -1626.754517
v -6561.699219 153.540787 -1595.508301
v -6436.713867 192.974884 -1564.262085
v -6374.221680 152.391449 -1626.754517
v -6374.221680 188.932388 -1564.262085
v -6311.729492 189.289078 -1564.262085
v -6342.975586 165.707886 -1595.508301
v -6249.237305 165.727707 -1564.262085
v -6280.483398 155.086441 -1595.508301
v -6249.237305 190.557312 -1626.754517
v -6311.729492 158.177765 -1626.754517
v -6311.729492 191.092346 -1595.508301
v -6280.483398 188.476624 -1626.754517
v -6296.106445 190.795105 -1611.131470
v -6186.744629 185.306046 -1564.262085
v -6124.252441 193.767517 -1626.754517
v -6061.759766 164.241501 -1564.262085
v -5999.267578 158.118317 -1626.754517
v -5874.282715 206.053528 -1626.754517
v -5749.297852 211.423691 -1626.754517
v -5624.313477 208.807968 -1626.754517
v -5561.821289 146.783493 -1564.262085
v -5499.328613 144.682983 -1626.754517
v -5561.821289 143.276031 -1626.754517
v -5374.343750 146.050293 -1626.754517
v -5311.851563 157.008606 -1564.262085
v -5249.359375 152.966125 -1626.754517
v -5311.851563 179.123413 -1626.754517
v -5124.374512 157.206772 -1626.754517
v -4999.389648 175.833939 -1626.754517
v -4874.404785 207.083954 -1626.754517
v -4749.419922 185.880707 -1626.754517
v -4624.435547 209.224106 -1626.754517
v -4499.450684 213.484573 -1626.754517
v -4374.465820 182.571411 -1626.754517
v -4249.481445 201.277832 -1626.754517
v -4124.496582 177.121979 -1626.754517
v -3999.511719 181.283371 -1626.754517
v -7999.023438 152.847229 -1751.739258
v -7874.038574 147.576141 -1751.739258
v -7749.053711 172.841690 -1751.739258
v -7624.069336 187.168762 -1751.739258
v -7499.084473 202.427170 -1751.739258
v -7374.099609 200.940964 -1751.739258
v -7249.115234 181.105026 -1751.739258
v -7124.130371 224.482513 -1751.739258
v -6999.145508 192.320953 -1751.739258
v -6874.160645 161.843750 -1751.739258
v -6749.175781 135.468491 -1751.739258
v -6686.683594 177.974075 -1689.246948
v -6624.191406 155.126083 -1751.739258
v -6686.683594 182.175095 -1751.739258
v -6561.699219 156.988800 -1689.246948
v -6499.206543 184.533203 -1751.739258
v -6436.713867 141.888916 -1689.246948
v -6374.221680 187.228210 -1751.739258
v -6436.713867 156.513214 -1751.739258
v -6311.729492 188.536072 -1689.246948
v -6280.483398 152.391449 -1658.000732
v -6249.237305 146.506073 -1751.739258
v -6249.237305 167.907486 -1689.246948
v -6186.744629 143.513824 -1689.246948
v -6124.252441 179.916046 -1751.739258
v -5999.267578 177.756088 -1751.739258
v -5936.775391 150.290939 -1689.246948
v -5874.282715 196.224731 -1751.739258
v -5936.775391 142.186157 -1751.739258
v -5749.297852 208.193665 -1751.739258
v -5624.313477 202.050659 -1751.739258
v -5561.821289 208.490906 -1689.246948
v -5499.328613 209.243912 -1689.246948
v -5530.574707 208.253113 -1720.493042
v -5499.328613 189.249451 -1751.739258
v -5499.328613 186.534637 -1720.493042
v -5561.821289 203.814301 -1751.739258
v -5436.835938 210.115829 -1689.246948
v -5468.082520 187.604706 -1720.493042
v -5483.705566 156.215973 -1736.116211
v -5374.343750 159.426178 -1689.246948
v -5405.589844 182.987549 -1720.493042
v -5374.343750 208.550354 -1751.739258
v -5374.343750 168.303802 -1720.493042
v -5436.835938 207.559555 -1720.493042
v -5452.458984 166.084396 -1736.116211
v -5436.835938 168.878479 -1751.739258
v -5468.082520 204.428604 -1751.739258
v -5468.082520 160.080109 -1736.116211
v -5311.851563 147.199631 -1689.246948
v -5343.097656 161.209625 -1658.000732
v -5343.097656 207.381195 -1720.493042
v -5358.720703 171.573471 -1736.116211
v -5280.605469 168.937927 -1658.000732
v -5311.851563 205.201431 -1658.000732
v -5249.359375 152.173477 -1751.739258
v -5249.359375 146.545700 -1689.246948
v -5311.851563 160.357544 -1751.739258
v -5343.097656 157.087875 -1751.739258
v -5186.866699 147.001465 -1689.246948
v -5124.374512 153.223740 -1751.739258
v -4999.389648 153.263367 -1751.739258
v -4874.404785 184.810638 -1751.739258
v -4749.419922 192.558746 -1751.739258
v -4624.435547 199.751999 -1751.739258
v -4499.450684 210.829208 -1751.739258
v -4374.465820 175.933014 -1751.739258
v -4249.481445 177.320145 -1751.739258
v -4124.496582 173.594711 -1751.739258
v -3999.511719 175.655594 -1751.739258
v -7999.023438 146.109741 -1876.723999
v -7874.038574 177.240875 -1876.723999
v -7749.053711 146.486252 -1876.723999
v -7624.069336 163.508301 -1876.723999
v -7499.084473 156.949158 -1876.723999
v -7374.099609 162.933640 -1876.723999
v -7249.115234 147.377975 -1876.723999
v -7124.130371 162.794922 -1876.723999
v -6999.145508 149.240692 -1876.723999
v -6874.160645 147.794113 -1876.723999
v -6749.175781 146.050293 -1876.723999
v -6686.683594 158.019241 -1814.231567
v -6624.191406 166.599625 -1876.723999
v -6561.699219 126.531410 -1814.231567
v -6499.206543 152.926498 -1876.723999
v -6499.206543 148.963272 -1814.231567
v -6467.960449 183.502777 -1782.985474
v -6467.960449 183.720749 -1814.231567
v -6436.713867 143.751617 -1814.231567
v -6467.960449 181.204102 -1845.477783
v -6374.221680 173.436188 -1876.723999
v -6374.221680 182.868652 -1814.231567
v -6436.713867 178.964874 -1876.723999
v -6311.729492 158.197586 -1814.231567
v -6342.975586 143.335480 -1845.477783
v -6249.237305 171.573471 -1814.231567
v -6280.483398 179.242310 -1845.477783
v -6249.237305 156.731186 -1876.723999
v -6311.729492 177.795731 -1845.477783
v -6327.352539 181.422073 -1861.100952
v -6311.729492 150.786346 -1876.723999
v -6342.975586 180.173660 -1876.723999
v -6186.744629 155.145889 -1814.231567
v -6124.252441 147.893188 -1876.723999
v -5999.267578 153.738953 -1876.723999
v -5936.775391 141.452957 -1814.231567
v -5874.282715 145.178391 -1876.723999
v -5811.790527 214.118683 -1814.231567
v -5749.297852 191.944443 -1876.723999
v -5811.790527 216.476807 -1876.723999
v -5624.313477 197.017365 -1876.723999
v -5561.821289 199.355667 -1814.231567
v -5499.328613 202.407349 -1876.723999
v -5499.328613 206.231873 -1814.231567
v -5436.835938 199.177322 -1814.231567
v -5468.082520 202.506439 -1782.985474
v -5374.343750 147.298706 -1876.723999
v -5374.343750 147.397797 -1814.231567
v -5436.835938 204.448410 -1876.723999
v -5311.851563 148.091354 -1814.231567
v -5343.097656 152.668884 -1782.985474
v -5249.359375 164.300949 -1876.723999
v -5311.851563 164.618011 -1876.723999
v -5186.866699 154.194717 -1814.231567
v -5124.374512 154.848648 -1876.723999
v -5186.866699 148.150803 -1876.723999
v -4999.389648 173.654160 -1876.723999
v -4874.404785 179.698074 -1876.723999
v -4749.419922 177.201248 -1876.723999
v -4624.435547 130.474823 -1876.723999
v -4499.450684 196.383255 -1876.723999
v -4374.465820 191.944443 -1876.723999
v -4249.481445 176.210434 -1876.723999
v -4124.496582 180.371826 -1876.723999
v -3999.511719 176.725662 -1876.723999
v -7999.023438 176.983261 -2001.708862
v -7874.038574 192.320953 -2001.708862
v -7749.053711 180.034943 -2001.708862
v -7624.069336 167.828217 -2001.708862
v -7499.084473 152.351822 -2001.708862
v -7374.099609 158.554276 -2001.708862
v -7249.115234 154.769394 -2001.708862
v -7124.130371 155.621490 -2001.708862
v -6999.145508 148.705658 -2001.708862
v -6874.160645 150.825989 -2001.708862
v -6749.175781 135.864807 -2001.708862
v -6624.191406 138.817413 -2001.708862
v -6499.206543 168.759567 -2001.708862
v -6436.713867 150.449478 -1939.216431
v -6374.221680 129.345306 -2001.708862
v -6374.221680 152.946304 -1939.216431
v -6311.729492 154.234360 -1939.216431
v -6342.975586 147.675217 -1907.970215
v -6249.237305 129.642548 -2001.708862
v -6124.252441 138.222931 -2001.708862
v -6061.759766 161.189819 -1939.216431
v -5999.267578 147.259079 -2001.708862
v -6061.759766 181.382446 -2001.708862
v -5936.775391 167.927292 -1939.216431
v -5874.282715 179.321564 -2001.708862
v -5936.775391 132.694229 -2001.708862
v -5811.790527 214.019608 -1939.216431
v -5749.297852 189.090912 -2001.708862
v -5624.313477 190.240250 -2001.708862
v -5499.328613 199.593460 -2001.708862
v -5436.835938 149.240692 -1939.216431
v -5405.589844 186.574265 -1907.970215
v -5374.343750 135.171249 -2001.708862
v -5374.343750 148.388596 -1939.216431
v -5311.851563 164.915253 -1939.216431
v -5343.097656 195.768951 -1907.970215
v -5280.605469 195.570786 -1907.970215
v -5311.851563 205.181610 -1907.970215
v -5249.359375 157.900345 -1939.216431
v -5280.605469 177.022903 -1970.462524
v -5249.359375 196.105835 -2001.708862
v -5249.359375 142.978790 -1970.462524
v -5249.359375 195.907669 -1907.970215
v -5311.851563 147.516693 -2001.708862
v -5186.866699 138.421082 -1939.216431
v -5218.113281 153.421890 -1907.970215
v -5218.113281 137.291565 -1970.462524
v -5124.374512 140.521591 -2001.708862
v -5186.866699 202.427170 -2001.708862
v -4999.389648 172.603897 -2001.708862
v -4874.404785 191.964264 -2001.708862
v -4749.419922 170.186340 -2001.708862
v -4624.435547 154.888290 -2001.708862
v -4561.943359 132.258270 -1939.216431
v -4499.450684 158.673172 -2001.708862
v -4374.465820 181.580612 -2001.708862
v -4249.481445 163.092163 -2001.708862
v -4124.496582 174.763855 -2001.708862
v -3999.511719 172.405746 -2001.708862
v -7999.023438 188.575699 -2126.693604
v -7874.038574 177.359772 -2126.693604
v -7749.053711 186.752609 -2126.693604
v -7624.069336 160.159378 -2126.693604
v -7499.084473 152.728333 -2126.693604
v -7374.099609 148.249878 -2126.693604
v -7249.115234 140.323441 -2126.693604
v -7124.130371 141.096268 -2126.693604
v -6999.145508 160.238647 -2126.693604
v -6936.653320 133.704849 -2064.200928
v -6874.160645 176.646393 -2126.693604
v -6936.653320 131.089127 -2126.693604
v -6749.175781 172.603897 -2126.693604
v -6624.191406 144.940598 -2126.693604
v -6499.206543 137.806793 -2126.693604
v -6374.221680 172.841690 -2126.693604
v -6249.237305 138.123840 -2126.693604
v -6124.252441 151.975311 -2126.693604
v -6061.759766 163.666824 -2064.200928
v -5999.267578 148.666031 -2126.693604
v -5936.775391 170.443939 -2064.200928
v -5905.529297 139.193909 -2032.954956
v -5874.282715 143.929977 -2126.693604
v -5874.282715 133.447235 -2064.200928
v -5936.775391 167.213913 -2126.693604
v -5811.790527 203.953018 -2064.200928
v -5749.297852 192.459656 -2126.693604
v -5811.790527 206.430023 -2126.693604
v -5624.313477 194.203476 -2126.693604
v -5499.328613 188.595520 -2126.693604
v -5436.835938 197.988358 -2064.200928
v -5374.343750 196.462524 -2126.693604
v -5311.851563 148.784927 -2064.200928
v -5249.359375 192.776718 -2126.693604
v -5186.866699 199.494385 -2064.200928
v -5124.374512 200.703171 -2126.693604
v -5061.881836 139.828033 -2064.200928
v -4999.389648 137.430283 -2126.693604
v -4874.404785 168.085831 -2126.693604
v -4749.419922 177.141800 -2126.693604
v -4624.435547 174.228821 -2126.693604
v -4499.450684 166.421265 -2126.693604
v -4374.465820 185.266403 -2126.693604
v -4249.481445 196.601227 -2126.693604
v -4124.496582 162.557129 -2126.693604
v -3999.511719 162.319336 -2126.693604
v -7999.023438 166.163666 -2251.677979
v -7874.038574 165.311569 -2251.677979
v -7749.053711 162.140991 -2251.677979
v -7624.069336 135.191055 -2251.677979
v -7499.084473 154.749573 -2251.677979
v -7374.099609 145.059494 -2251.677979
v -7249.115234 157.286041 -2251.677979
v -7186.622559 162.973267 -2189.185791
v -7124.130371 209.382629 -2251.677979
v -7186.622559 168.997375 -2251.677979
v -6999.145508 168.402878 -2251.677979
v -6936.653320 128.651733 -2189.185791
v -6874.160645 133.407608 -2251.677979
v -6749.175781 178.390213 -2251.677979
v -6624.191406 146.307907 -2251.677979
v -6499.206543 146.228638 -2251.677979
v -6436.713867 125.401894 -2189.185791
v -6374.221680 140.026199 -2251.677979
v -6311.729492 172.821884 -2189.185791
v -6249.237305 146.981659 -2251.677979
v -6124.252441 144.346115 -2251.677979
v -5999.267578 126.650307 -2251.677979
v -5936.775391 165.371017 -2189.185791
v -5905.529297 162.081543 -2157.939697
v -5874.282715 164.082962 -2251.677979
v -5874.282715 158.831696 -2189.185791
v -5874.282715 128.037445 -2157.939697
v -5843.036621 133.367981 -2189.185791
v -5843.036621 171.613098 -2157.939697
v -5858.659668 131.188202 -2173.562744
v -5811.790527 173.178574 -2189.185791
v -5843.036621 126.689941 -2220.431885
v -5749.297852 203.140549 -2251.677979
v -5811.790527 175.417786 -2251.677979
v -5843.036621 136.102600 -2251.677979
v -5624.313477 190.141174 -2251.677979
v -5499.328613 179.202667 -2251.677979
v -5374.343750 187.822693 -2251.677979
v -5311.851563 196.561600 -2189.185791
v -5249.359375 193.569366 -2189.185791
v -5280.605469 137.469910 -2220.431885
v -5249.359375 166.203293 -2251.677979
v -5249.359375 142.740997 -2220.431885
v -5311.851563 180.986130 -2251.677979
v -5186.866699 196.858841 -2189.185791
v -5218.113281 196.066193 -2220.431885
v -5124.374512 150.825989 -2251.677979
v -5186.866699 197.710938 -2251.677979
v -4999.389648 136.082779 -2251.677979
v -4874.404785 143.910156 -2251.677979
v -4749.419922 171.395126 -2251.677979
v -4624.435547 183.304611 -2251.677979
v -4499.450684 180.233109 -2251.677979
v -4374.465820 184.850266 -2251.677979
v -4249.481445 191.151794 -2251.677979
v -4124.496582 170.146698 -2251.677979
v -3999.511719 161.467239 -2251.677979
v -7999.023438 156.869904 -2376.662842
v -7874.038574 140.402695 -2376.662842
v -7749.053711 151.995132 -2376.662842
v -7624.069336 151.222305 -2376.662842
v -7499.084473 147.358154 -2376.662842
v -7374.099609 143.196777 -2376.662842
v -7311.607422 159.485626 -2314.170654
v -7249.115234 171.434753 -2376.662842
v -7249.115234 185.187149 -2314.170654
v -7217.868652 179.182861 -2282.924561
v -7217.868652 165.608810 -2314.170654
v -7186.622559 213.702545 -2314.170654
v -7217.868652 213.880890 -2345.416748
v -7124.130371 179.975494 -2376.662842
v -7186.622559 212.216339 -2376.662842
v -6999.145508 210.096008 -2376.662842
v -6936.653320 168.858658 -2314.170654
v -6874.160645 181.699509 -2376.662842
v -6936.653320 162.378784 -2376.662842
v -6749.175781 158.950592 -2376.662842
v -6624.191406 157.087875 -2376.662842
v -6499.206543 170.463760 -2376.662842
v -6374.221680 141.175522 -2376.662842
v -6311.729492 144.920776 -2314.170654
v -6249.237305 119.417419 -2376.662842
v -6249.237305 166.381638 -2314.170654
v -6186.744629 144.465012 -2314.170654
v -6124.252441 164.380219 -2376.662842
v -5999.267578 138.302185 -2376.662842
v -5936.775391 157.622910 -2314.170654
v -5874.282715 131.247650 -2376.662842
v -5874.282715 166.738327 -2314.170654
v -5811.790527 142.285233 -2314.170654
v -5843.036621 125.917114 -2282.924561
v -5749.297852 164.360397 -2376.662842
v -5686.805664 169.235168 -2314.170654
v -5624.313477 140.561234 -2376.662842
v -5686.805664 153.976746 -2376.662842
v -5499.328613 182.967743 -2376.662842
v -5374.343750 191.369766 -2376.662842
v -5311.851563 187.565079 -2314.170654
v -5249.359375 190.180801 -2376.662842
v -5186.866699 188.139740 -2314.170654
v -5124.374512 136.340393 -2376.662842
v -5061.881836 135.369400 -2314.170654
v -4999.389648 133.843567 -2376.662842
v -5061.881836 130.772064 -2376.662842
v -4874.404785 156.235779 -2376.662842
v -4749.419922 136.360214 -2376.662842
v -4624.435547 169.056824 -2376.662842
v -4499.450684 184.136887 -2376.662842
v -4374.465820 167.194107 -2376.662842
v -4311.973633 143.989426 -2314.170654
v -4249.481445 180.074585 -2376.662842
v -4124.496582 191.845367 -2376.662842
v -3999.511719 154.056015 -2376.662842
v -7999.023438 163.528122 -2501.647705
v -7874.038574 153.302994 -2501.647705
v -7749.053711 151.757339 -2501.647705
v -7624.069336 137.529358 -2501.647705
v -7499.084473 147.893188 -2501.647705
v -7374.099609 136.974503 -2501.647705
v -7249.115234 166.024948 -2501.647705
v -7186.622559 211.859650 -2439.155518
v -7124.130371 172.227402 -2501.647705
v -7186.622559 213.464752 -2501.647705
v -6999.145508 176.468048 -2501.647705
v -6936.653320 209.858215 -2439.155518
v -6905.407227 162.101364 -2407.908936
v -6874.160645 205.478851 -2501.647705
v -6874.160645 179.044144 -2439.155518
v -6811.668457 181.144653 -2439.155518
v -6749.175781 179.202667 -2501.647705
v -6624.191406 185.424942 -2501.647705
v -6499.206543 208.768326 -2501.647705
v -6374.221680 193.014511 -2501.647705
v -6249.237305 131.643967 -2501.647705
v -6124.252441 140.917923 -2501.647705
v -6061.759766 141.928543 -2439.155518
v -5999.267578 119.754295 -2501.647705
v -5999.267578 146.307907 -2439.155518
v -5936.775391 128.750824 -2439.155518
v -5968.021484 163.230881 -2470.401611
v -5874.282715 146.545700 -2501.647705
v -5936.775391 143.632721 -2501.647705
v -5749.297852 128.612106 -2501.647705
v -5686.805664 127.482590 -2439.155518
v -5655.559570 167.194107 -2407.908936
v -5624.313477 132.892395 -2501.647705
v -5624.313477 161.566315 -2439.155518
v -5561.821289 171.434753 -2439.155518
v -5499.328613 172.346298 -2501.647705
v -5374.343750 189.289078 -2501.647705
v -5249.359375 191.171616 -2501.647705
v -5124.374512 183.562225 -2501.647705
v -5061.881836 193.747711 -2439.155518
v -5030.635742 129.642548 -2407.908936
v -4999.389648 192.915436 -2501.647705
v -4999.389648 137.370834 -2439.155518
v -4936.897461 134.021912 -2439.155518
v -4968.143555 129.900146 -2470.401611
v -4874.404785 192.102966 -2501.647705
v -4936.897461 131.168381 -2501.647705
v -4811.912598 198.008179 -2439.155518
v -4749.419922 197.433502 -2501.647705
v -4686.927734 133.585953 -2439.155518
v -4624.435547 137.271759 -2501.647705
v -4686.927734 130.593719 -2501.647705
v -4499.450684 168.799210 -2501.647705
v -4374.465820 170.404312 -2501.647705
v -4249.481445 175.080917 -2501.647705
v -4124.496582 182.194901 -2501.647705
v -3999.511719 152.510345 -2501.647705
v -7999.023438 184.057617 -2626.632568
v -7874.038574 179.063965 -2626.632568
v -7749.053711 159.327103 -2626.632568
v -7624.069336 149.201065 -2626.632568
v -7499.084473 146.862762 -2626.632568
v -7374.099609 152.906677 -2626.632568
v -7249.115234 154.947739 -2626.632568
v -7186.622559 213.861069 -2564.139893
v -7124.130371 214.851883 -2626.632568
v -6999.145508 175.853745 -2626.632568
v -6874.160645 204.349335 -2626.632568
v -6811.668457 169.908905 -2564.139893
v -6749.175781 158.217392 -2626.632568
v -6749.175781 161.863556 -2564.139893
v -6686.683594 160.912384 -2564.139893
v -6717.929688 158.197586 -2595.386475
v -6624.191406 206.093155 -2626.632568
v -6686.683594 168.283981 -2626.632568
v -6717.929688 165.628632 -2626.632568
v -6561.699219 174.090118 -2564.139893
v -6499.206543 168.541595 -2626.632568
v -6374.221680 166.698700 -2626.632568
v -6311.729492 205.716644 -2564.139893
v -6249.237305 166.024948 -2626.632568
v -6311.729492 203.358536 -2626.632568
v -6124.252441 175.556503 -2626.632568
v -5999.267578 123.162674 -2626.632568
v -5936.775391 130.316299 -2564.139893
v -5874.282715 131.901581 -2626.632568
v -5749.297852 162.537308 -2626.632568
v -5624.313477 129.682175 -2626.632568
v -5499.328613 141.155716 -2626.632568
v -5374.343750 172.742615 -2626.632568
v -5249.359375 171.335678 -2626.632568
v -5124.374512 205.241058 -2626.632568
v -4999.389648 189.487244 -2626.632568
v -4936.897461 196.303986 -2564.139893
v -4874.404785 192.915436 -2626.632568
v -4749.419922 197.433502 -2626.632568
v -4686.927734 196.482330 -2564.139893
v -4655.681641 133.685028 -2532.893799
v -4624.435547 133.110367 -2626.632568
v -4624.435547 133.764297 -2564.139893
v -4686.927734 196.660675 -2626.632568
v -4561.943359 152.312195 -2564.139893
v -4499.450684 174.942200 -2626.632568
v -4374.465820 166.718521 -2626.632568
v -4249.481445 170.523209 -2626.632568
v -4124.496582 174.466614 -2626.632568
v -3999.511719 182.373245 -2626.632568
v -7999.023438 220.241867 -2751.616943
v -7874.038574 179.975494 -2751.616943
v -7749.053711 196.621048 -2751.616943
v -7624.069336 149.894623 -2751.616943
v -7499.084473 150.290939 -2751.616943
v -7374.099609 151.083588 -2751.616943
v -7249.115234 144.484818 -2751.616943
v -7124.130371 164.023514 -2751.616943
v -7061.637695 211.958725 -2689.124756
v -6999.145508 209.501526 -2751.616943
v -6874.160645 203.992645 -2751.616943
v -6811.668457 206.608368 -2689.124756
v -6749.175781 173.455994 -2751.616943
v -6749.175781 207.916245 -2689.124756
v -6686.683594 206.192230 -2689.124756
v -6717.929688 172.207581 -2657.878662
v -6655.437500 206.648010 -2657.878662
v -6686.683594 207.064148 -2657.878662
v -6702.306641 203.695404 -2642.255615
v -6624.191406 187.763245 -2751.616943
v -6624.191406 204.507858 -2689.124756
v -6561.699219 203.140549 -2689.124756
v -6499.206543 168.957733 -2751.616943
v -6374.221680 175.933014 -2751.616943
v -6311.729492 188.476624 -2689.124756
v -6249.237305 187.446182 -2751.616943
v -6124.252441 154.353256 -2751.616943
v -6061.759766 174.030670 -2689.124756
v -5999.267578 153.719131 -2751.616943
v -5874.282715 133.130188 -2751.616943
v -5749.297852 131.227829 -2751.616943
v -5624.313477 159.901764 -2751.616943
v -5499.328613 128.552658 -2751.616943
v -5436.835938 135.646835 -2689.124756
v -5374.343750 167.233734 -2751.616943
v -5374.343750 142.364502 -2689.124756
v -5311.851563 169.116272 -2689.124756
v -5343.097656 121.002716 -2720.370850
v -5249.359375 151.955505 -2751.616943
v -5311.851563 122.290764 -2751.616943
v -5124.374512 188.119934 -2751.616943
v -4999.389648 184.315231 -2751.616943
v -4874.404785 186.514816 -2751.616943
v -4749.419922 194.778152 -2751.616943
v -4686.927734 144.108322 -2689.124756
v -4655.681641 176.329330 -2657.878662
v -4624.435547 130.672989 -2751.616943
v -4624.435547 135.488297 -2689.124756
v -4561.943359 150.092789 -2689.124756
v -4499.450684 161.011475 -2751.616943
v -4374.465820 176.904007 -2751.616943
v -4249.481445 168.759567 -2751.616943
v -4124.496582 159.822510 -2751.616943
v -3999.511719 165.311569 -2751.616943
v -7999.023438 224.819397 -2876.601807
v -7936.531250 225.790390 -2814.109619
v -7874.038574 178.647827 -2814.109619
v -7905.284668 177.022903 -2845.355713
v -7874.038574 212.533401 -2876.601807
v -7936.531250 201.198578 -2876.601807
v -7811.546387 221.866791 -2814.109619
v -7749.053711 223.769135 -2876.601807
v -7624.069336 216.952393 -2876.601807
v -7561.576660 144.227219 -2814.109619
v -7499.084473 173.297470 -2876.601807
v -7374.099609 149.795547 -2876.601807
v -7249.115234 149.319962 -2876.601807
v -7124.130371 155.462952 -2876.601807
v -6999.145508 171.038422 -2876.601807
v -6874.160645 203.972824 -2876.601807
v -6749.175781 201.139130 -2876.601807
v -6624.191406 198.285599 -2876.601807
v -6499.206543 190.814926 -2876.601807
v -6374.221680 173.891953 -2876.601807
v -6249.237305 167.174286 -2876.601807
v -6186.744629 204.309708 -2814.109619
v -6124.252441 201.555267 -2876.601807
v -5999.267578 200.564453 -2876.601807
v -5874.282715 193.569366 -2876.601807
v -5749.297852 172.306656 -2876.601807
v -5624.313477 134.794739 -2876.601807
v -5499.328613 137.311386 -2876.601807
v -5436.835938 110.777596 -2814.109619
v -5374.343750 135.270325 -2876.601807
v -5374.343750 137.053772 -2814.109619
v -5311.851563 124.965935 -2814.109619
v -5343.097656 165.014328 -2845.355713
v -5249.359375 127.403320 -2876.601807
v -5311.851563 131.544891 -2876.601807
v -5124.374512 197.334427 -2876.601807
v -4999.389648 184.691742 -2876.601807
v -4874.404785 185.741989 -2876.601807
v -4749.419922 185.880707 -2876.601807
v -4686.927734 194.659256 -2814.109619
v -4624.435547 192.955063 -2876.601807
v -4624.435547 129.523651 -2814.109619
v -4561.943359 133.645401 -2814.109619
v -4593.189453 129.048065 -2845.355713
v -4499.450684 149.101974 -2876.601807
v -4561.943359 184.394501 -2876.601807
v -4374.465820 159.545074 -2876.601807
v -4249.481445 175.675400 -2876.601807
v -4124.496582 163.746094 -2876.601807
v -3999.511719 180.134033 -2876.601807
v -7999.023438 226.067810 -3001.586670
v -7936.531250 180.233109 -2939.094482
v -7874.038574 182.690308 -3001.586670
v -7811.546387 210.492340 -2939.094482
v -7749.053711 184.037811 -3001.586670
v -7811.546387 222.540543 -3001.586670
v -7686.561523 193.291931 -2939.094482
v -7624.069336 181.441895 -3001.586670
v -7686.561523 216.080475 -3001.586670
v -7561.576660 221.490280 -2939.094482
v -7499.084473 216.873123 -3001.586670
v -7374.099609 188.040665 -3001.586670
v -7249.115234 149.637009 -3001.586670
v -7124.130371 154.927917 -3001.586670
v -6999.145508 174.129745 -3001.586670
v -6874.160645 207.995499 -3001.586670
v -6811.668457 167.570602 -2939.094482
v -6749.175781 201.158936 -3001.586670
v -6624.191406 162.180618 -3001.586670
v -6499.206543 173.297470 -3001.586670
v -6374.221680 188.853119 -3001.586670
v -6249.237305 183.423508 -3001.586670
v -6124.252441 194.461090 -3001.586670
v -6061.759766 155.482773 -2939.094482
v -5999.267578 156.810455 -3001.586670
v -5874.282715 156.354675 -3001.586670
v -5749.297852 184.156708 -3001.586670
v -5624.313477 167.293182 -3001.586670
v -5499.328613 133.605774 -3001.586670
v -5374.343750 129.523651 -3001.586670
v -5311.851563 157.325668 -2939.094482
v -5249.359375 145.059494 -3001.586670
v -5186.866699 150.667450 -2939.094482
v -5124.374512 166.758148 -3001.586670
v -5124.374512 129.266037 -2939.094482
v -5061.881836 170.424133 -2939.094482
v -4999.389648 133.625580 -3001.586670
v -4936.897461 204.170990 -2939.094482
v -4874.404785 190.240250 -3001.586670
v -4749.419922 172.385925 -3001.586670
v -4624.435547 186.772430 -3001.586670
v -4561.943359 189.150360 -2939.094482
v -4499.450684 149.736099 -3001.586670
v -4499.450684 186.395920 -2939.094482
v -4436.958008 131.287277 -2939.094482
v -4374.465820 131.029678 -3001.586670
v -4249.481445 159.228012 -3001.586670
v -4124.496582 169.710754 -3001.586670
v -3999.511719 148.408417 -3001.586670
v -7999.023438 184.117065 -3126.571533
v -7936.531250 211.423691 -3064.078857
v -7874.038574 177.379593 -3064.078857
v -7905.284668 175.477234 -3095.325439
v -7874.038574 209.461899 -3126.571533
v -7936.531250 222.758514 -3126.571533
v -7811.546387 219.449219 -3064.078857
v -7749.053711 220.895798 -3126.571533
v -7686.561523 211.998367 -3064.078857
v -7624.069336 182.729950 -3126.571533
v -7499.084473 184.711563 -3126.571533
v -7374.099609 178.053345 -3126.571533
v -7311.607422 200.604095 -3064.078857
v -7249.115234 213.603470 -3126.571533
v -7124.130371 166.738327 -3126.571533
v -6999.145508 184.275604 -3126.571533
v -6874.160645 163.845169 -3126.571533
v -6811.668457 208.233292 -3064.078857
v -6749.175781 179.797150 -3126.571533
v -6811.668457 207.539734 -3126.571533
v -6624.191406 200.683350 -3126.571533
v -6561.699219 170.007996 -3064.078857
v -6499.206543 180.550171 -3126.571533
v -6499.206543 156.097076 -3064.078857
v -6436.713867 193.688263 -3064.078857
v -6467.960449 140.046005 -3095.325439
v -6374.221680 185.107880 -3126.571533
v -6436.713867 171.157333 -3126.571533
v -6249.237305 167.689499 -3126.571533
v -6124.252441 192.182236 -3126.571533
v -6061.759766 191.746277 -3064.078857
v -5999.267578 152.014954 -3126.571533
v -5999.267578 191.449036 -3064.078857
v -5936.775391 190.260071 -3064.078857
v -5874.282715 157.662552 -3126.571533
v -5749.297852 181.263550 -3126.571533
v -5624.313477 164.717087 -3126.571533
v -5499.328613 114.899345 -3126.571533
v -5374.343750 125.203735 -3126.571533
v -5249.359375 153.679504 -3126.571533
v -5124.374512 148.210251 -3126.571533
v -4999.389648 165.906052 -3126.571533
v -4936.897461 137.826599 -3064.078857
v -4874.404785 183.918915 -3126.571533
v -4936.897461 161.011475 -3126.571533
v -4749.419922 182.690308 -3126.571533
v -4624.435547 186.930954 -3126.571533
v -4561.943359 187.683975 -3064.078857
v -4499.450684 136.340393 -3064.078857
v -4530.696777 156.988800 -3095.325439
v -4499.450684 132.872574 -3126.571533
v -4561.943359 190.378967 -3126.571533
v -4530.696777 126.234169 -3126.571533
v -4436.958008 129.285858 -3064.078857
v -4374.465820 152.074402 -3126.571533
v -4249.481445 157.603104 -3126.571533
v -4124.496582 169.294617 -3126.571533
v -3999.511719 176.131180 -3126.571533
v -7999.023438 194.916855 -3251.555908
v -7936.531250 196.303986 -3189.063721
v -7874.038574 216.536255 -3251.555908
v -7811.546387 217.863937 -3189.063721
v -7749.053711 218.696213 -3251.555908
v -7811.546387 179.816971 -3251.555908
v -7624.069336 181.897659 -3251.555908
v -7499.084473 205.974258 -3251.555908
v -7374.099609 190.577133 -3251.555908
v -7249.115234 210.274353 -3251.555908
v -7186.622559 210.967926 -3189.063721
v -7124.130371 187.030045 -3251.555908
v -7124.130371 208.550354 -3189.063721
v -7061.637695 166.619431 -3189.063721
v -7092.883789 212.652298 -3220.309814
v -6999.145508 167.788589 -3251.555908
v -7061.637695 213.821442 -3251.555908
v -6874.160645 165.212494 -3251.555908
v -6811.668457 209.362808 -3189.063721
v -6749.175781 201.020233 -3251.555908
v -6686.683594 180.292557 -3189.063721
v -6624.191406 165.113403 -3251.555908
v -6624.191406 173.337097 -3189.063721
v -6561.699219 171.236588 -3189.063721
v -6592.945313 159.010040 -3220.309814
v -6499.206543 171.494202 -3251.555908
v -6499.206543 143.077881 -3189.063721
v -6561.699219 146.882568 -3251.555908
v -6592.945313 192.281311 -3251.555908
v -6467.960449 189.705215 -3157.817627
v -6467.960449 188.972015 -3189.063721
v -6436.713867 158.494827 -3189.063721
v -6467.960449 146.248459 -3220.309814
v -6374.221680 148.111176 -3251.555908
v -6436.713867 166.223114 -3251.555908
v -6311.729492 182.155273 -3189.063721
v -6249.237305 177.597565 -3251.555908
v -6311.729492 190.240250 -3251.555908
v -6124.252441 167.986740 -3251.555908
v -5999.267578 163.409225 -3251.555908
v -5874.282715 169.591858 -3251.555908
v -5749.297852 170.245789 -3251.555908
v -5686.805664 196.700317 -3189.063721
v -5624.313477 148.547134 -3251.555908
v -5686.805664 197.829834 -3251.555908
v -5499.328613 114.740814 -3251.555908
v -5436.835938 155.641296 -3189.063721
v -5374.343750 121.735909 -3251.555908
v -5436.835938 157.801254 -3251.555908
v -5249.359375 132.694229 -3251.555908
v -5124.374512 124.589432 -3251.555908
v -5061.881836 138.401276 -3189.063721
v -4999.389648 141.016998 -3251.555908
v -4999.389648 130.851334 -3189.063721
v -4936.897461 168.006561 -3189.063721
v -4968.143555 159.743240 -3157.817627
v -4905.651367 167.689499 -3157.817627
v -4936.897461 132.278091 -3157.817627
v -4921.274414 132.476242 -3173.440674
v -4905.651367 172.901138 -3220.309814
v -4874.404785 138.698517 -3189.063721
v -4905.651367 138.539978 -3189.063721
v -4874.404785 172.544449 -3251.555908
v -4936.897461 141.948364 -3251.555908
v -4811.912598 128.096893 -3189.063721
v -4749.419922 190.537491 -3251.555908
v -4811.912598 145.971024 -3251.555908
v -4686.927734 182.928101 -3189.063721
v -4624.435547 190.775284 -3251.555908
v -4686.927734 204.785294 -3251.555908
v -4561.943359 187.545258 -3189.063721
v -4530.696777 191.845367 -3157.817627
v -4499.450684 188.001038 -3251.555908
v -4499.450684 192.122787 -3189.063721
v -4436.958008 126.630493 -3189.063721
v -4468.204590 191.726471 -3220.309814
v -4374.465820 126.848473 -3251.555908
v -4436.958008 192.657822 -3251.555908
v -4249.481445 158.395737 -3251.555908
v -4124.496582 168.283981 -3251.555908
v -3999.511719 163.429031 -3251.555908
v -7999.023438 189.804306 -3376.540771
v -7874.038574 205.498672 -3376.540771
v -7811.546387 171.791443 -3314.048584
v -7749.053711 184.592651 -3376.540771
v -7686.561523 217.745041 -3314.048584
v -7624.069336 176.368973 -3376.540771
v -7686.561523 208.431458 -3376.540771
v -7499.084473 190.339340 -3376.540771
v -7374.099609 190.279892 -3376.540771
v -7249.115234 190.596939 -3376.540771
v -7124.130371 189.170181 -3376.540771
v -7061.637695 176.408600 -3314.048584
v -7030.391602 214.752808 -3282.802490
v -6999.145508 199.930344 -3376.540771
v -6999.145508 213.781815 -3314.048584
v -6936.653320 214.138504 -3314.048584
v -6874.160645 180.114212 -3376.540771
v -6874.160645 208.352188 -3314.048584
v -6811.668457 196.046371 -3314.048584
v -6749.175781 184.354858 -3376.540771
v -6686.683594 181.818405 -3314.048584
v -6624.191406 154.927917 -3376.540771
v -6624.191406 170.503387 -3314.048584
v -6561.699219 193.509918 -3314.048584
v -6592.945313 155.502594 -3282.802490
v -6592.945313 151.995132 -3345.294678
v -6499.206543 183.146088 -3314.048584
v -6530.452637 174.169373 -3345.294678
v -6499.206543 180.411453 -3376.540771
v -6561.699219 191.964264 -3376.540771
v -6561.699219 151.578995 -3345.294678
v -6436.713867 155.799835 -3314.048584
v -6405.467773 162.893997 -3282.802490
v -6374.221680 147.536499 -3376.540771
v -6374.221680 141.472763 -3314.048584
v -6374.221680 179.757523 -3282.802490
v -6436.713867 193.985504 -3376.540771
v -6342.975586 191.726471 -3282.802490
v -6342.975586 184.097260 -3314.048584
v -6311.729492 157.959793 -3314.048584
v -6342.975586 147.318527 -3345.294678
v -6249.237305 163.052536 -3376.540771
v -6311.729492 170.325043 -3376.540771
v -6124.252441 170.443939 -3376.540771
v -5999.267578 166.302368 -3376.540771
v -5874.282715 158.138138 -3376.540771
v -5811.790527 197.909088 -3314.048584
v -5749.297852 170.602478 -3376.540771
v -5749.297852 195.134842 -3314.048584
v -5811.790527 199.137695 -3376.540771
v -5686.805664 153.639877 -3314.048584
v -5718.051758 200.227585 -3282.802490
v -5624.313477 136.261124 -3376.540771
v -5499.328613 120.130806 -3376.540771
v -5436.835938 148.666031 -3314.048584
v -5374.343750 138.718323 -3376.540771
v -5249.359375 135.468491 -3376.540771
v -5186.866699 134.279510 -3314.048584
v -5124.374512 125.342445 -3376.540771
v -5124.374512 136.518738 -3314.048584
v -5061.881836 128.869720 -3314.048584
v -5093.127930 161.843750 -3345.294678
v -4999.389648 145.971024 -3376.540771
v -5061.881836 136.974503 -3376.540771
v -4936.897461 117.019669 -3314.048584
v -4874.404785 133.149994 -3376.540771
v -4811.912598 172.584091 -3314.048584
v -4749.419922 138.956116 -3376.540771
v -4749.419922 156.731186 -3314.048584
v -4718.173828 184.711563 -3282.802490
v -4718.173828 141.987991 -3314.048584
v -4686.927734 175.516876 -3314.048584
v -4718.173828 174.228821 -3345.294678
v -4702.550781 140.481964 -3329.671631
v -4624.435547 200.187943 -3314.048584
v -4655.681641 173.991028 -3345.294678
v -4624.435547 137.172668 -3376.540771
v -4686.927734 157.662552 -3376.540771
v -4686.927734 151.876236 -3345.294678
v -4561.943359 205.518494 -3314.048584
v -4499.450684 200.168137 -3376.540771
v -4436.958008 185.662735 -3314.048584
v -4405.711914 191.310318 -3282.802490
v -4374.465820 186.237396 -3376.540771
v -4374.465820 192.816345 -3314.048584
v -4311.973633 129.226410 -3314.048584
v -4249.481445 157.860703 -3314.048584
v -4280.727539 132.733856 -3345.294678
v -4249.481445 145.891769 -3376.540771
v -4311.973633 183.720749 -3376.540771
v -4280.727539 130.851334 -3376.540771
v -4186.988770 169.671112 -3314.048584
v -4124.496582 168.719940 -3376.540771
v -4062.004150 158.475006 -3314.048584
v -3999.511719 180.391647 -3376.540771
v -4062.004150 137.033966 -3376.540771
v -7999.023438 186.633713 -3501.525635
v -7874.038574 173.951401 -3501.525635
v -7811.546387 215.525635 -3439.033447
v -7749.053711 170.384491 -3501.525635
v -7811.546387 217.883743 -3501.525635
v -7686.561523 170.642105 -3439.033447
v -7655.315430 218.101730 -3407.786865
v -7624.069336 172.485001 -3501.525635
v -7624.069336 216.377716 -3439.033447
v -7561.576660 192.122787 -3439.033447
v -7592.823242 215.624710 -3470.279541
v -7499.084473 217.031662 -3501.525635
v -7561.576660 198.186523 -3501.525635
v -7374.099609 184.533203 -3501.525635
v -7249.115234 196.938110 -3501.525635
v -7124.130371 195.967117 -3501.525635
v -6999.145508 180.134033 -3501.525635
v -6874.160645 171.632919 -3501.525635
v -6749.175781 178.746902 -3501.525635
v -6624.191406 177.538116 -3501.525635
v -6561.699219 198.027985 -3439.033447
v -6499.206543 186.336472 -3501.525635
v -6499.206543 196.918289 -3439.033447
v -6436.713867 193.192856 -3439.033447
v -6467.960449 194.797958 -3470.279541
v -6405.467773 140.343246 -3407.786865
v -6405.467773 177.478668 -3470.279541
v -6374.221680 141.393509 -3439.033447
v -6405.467773 172.425552 -3439.033447
v -6421.090820 160.139557 -3454.656494
v -6374.221680 193.490097 -3501.525635
v -6436.713867 189.289078 -3501.525635
v -6436.713867 189.110733 -3470.279541
v -6405.467773 192.063339 -3501.525635
v -6421.090820 185.147507 -3485.902588
v -6421.090820 147.377975 -3470.279541
v -6311.729492 188.298279 -3439.033447
v -6249.237305 175.536682 -3501.525635
v -6124.252441 163.924438 -3501.525635
v -5999.267578 148.368774 -3501.525635
v -5874.282715 160.040482 -3501.525635
v -5811.790527 168.482147 -3439.033447
v -5749.297852 180.827591 -3501.525635
v -5624.313477 144.227219 -3501.525635
v -5499.328613 127.938354 -3501.525635
v -5374.343750 109.786789 -3501.525635
v -5249.359375 134.279510 -3501.525635
v -5124.374512 123.558990 -3501.525635
v -5061.881836 138.936310 -3439.033447
v -4999.389648 141.809647 -3501.525635
v -4874.404785 131.406174 -3501.525635
v -4749.419922 147.397797 -3501.525635
v -4686.927734 140.481964 -3439.033447
v -4624.435547 140.105453 -3501.525635
v -4499.450684 201.654343 -3501.525635
v -4374.465820 185.563644 -3501.525635
v -4311.973633 190.973450 -3439.033447
v -4280.727539 131.108932 -3407.786865
v -4249.481445 131.188202 -3501.525635
v -4249.481445 125.223549 -3439.033447
v -4186.988770 159.663971 -3439.033447
v -4124.496582 160.991653 -3501.525635
v -4062.004150 150.469284 -3439.033447
v -3999.511719 147.952637 -3501.525635
v -7936.531250 215.485992 -3564.017822
v -7999.023438 219.191620 -3564.017822
v -7999.023438 173.614532 -3626.510498
v -7874.038574 215.030228 -3564.017822
v -7905.284668 216.774048 -3595.264404
v -7874.038574 166.460907 -3626.510498
v -7936.531250 168.700119 -3626.510498
v -7905.284668 205.558121 -3626.510498
v -7811.546387 211.701111 -3564.017822
v -7749.053711 184.513397 -3626.510498
v -7624.069336 136.300766 -3626.510498
v -7561.576660 185.761810 -3564.017822
v -7499.084473 167.649872 -3626.510498
v -7436.592285 216.357910 -3564.017822
v -7374.099609 189.804306 -3626.510498
v -7249.115234 213.504379 -3626.510498
v -7124.130371 180.114212 -3626.510498
v -6999.145508 208.550354 -3626.510498
v -6874.160645 174.288269 -3626.510498
v -6811.668457 171.414932 -3564.017822
v -6749.175781 201.396729 -3626.510498
v -6749.175781 155.264801 -3564.017822
v -6811.668457 165.252121 -3626.510498
v -6686.683594 195.729324 -3564.017822
v -6624.191406 177.082352 -3626.510498
v -6499.206543 175.239441 -3626.510498
v -6436.713867 193.133408 -3564.017822
v -6405.467773 194.005325 -3532.771729
v -6374.221680 171.514023 -3626.510498
v -6374.221680 193.311752 -3564.017822
v -6311.729492 172.009415 -3564.017822
v -6249.237305 183.205536 -3626.510498
v -6124.252441 167.332809 -3626.510498
v -5999.267578 168.283981 -3626.510498
v -5874.282715 156.493393 -3626.510498
v -5811.790527 195.134842 -3564.017822
v -5749.297852 183.819824 -3626.510498
v -5749.297852 147.239258 -3564.017822
v -5686.805664 143.692169 -3564.017822
v -5624.313477 123.816605 -3626.510498
v -5499.328613 128.275238 -3626.510498
v -5374.343750 113.868912 -3626.510498
v -5249.359375 117.059303 -3626.510498
v -5124.374512 139.451523 -3626.510498
v -4999.389648 130.752243 -3626.510498
v -4874.404785 131.762863 -3626.510498
v -4749.419922 142.602295 -3626.510498
v -4624.435547 139.768585 -3626.510498
v -4499.450684 173.000229 -3626.510498
v -4374.465820 186.098679 -3626.510498
v -4311.973633 128.136520 -3564.017822
v -4249.481445 146.862762 -3626.510498
v -4311.973633 123.063591 -3626.510498
v -4124.496582 169.433319 -3626.510498
v -3999.511719 161.011475 -3626.510498
v -7999.023438 149.300140 -3751.494873
v -7936.531250 167.689499 -3689.002686
v -7905.284668 169.017181 -3657.756592
v -7874.038574 132.872574 -3751.494873
v -7874.038574 186.574265 -3689.002686
v -7811.546387 164.717087 -3689.002686
v -7749.053711 138.421082 -3751.494873
v -7624.069336 166.995941 -3751.494873
v -7499.084473 134.814560 -3751.494873
v -7374.099609 146.981659 -3751.494873
v -7249.115234 187.426361 -3751.494873
v -7124.130371 201.059860 -3751.494873
v -7061.637695 169.869278 -3689.002686
v -6999.145508 207.579361 -3751.494873
v -6874.160645 165.073776 -3751.494873
v -6811.668457 179.163040 -3689.002686
v -6780.422363 154.214539 -3657.756592
v -6749.175781 182.749756 -3751.494873
v -6749.175781 198.384689 -3689.002686
v -6686.683594 181.025757 -3689.002686
v -6624.191406 179.321564 -3751.494873
v -6499.206543 172.068863 -3751.494873
v -6374.221680 165.529541 -3751.494873
v -6249.237305 165.608810 -3751.494873
v -6124.252441 149.577560 -3751.494873
v -5999.267578 166.698700 -3751.494873
v -5874.282715 166.104218 -3751.494873
v -5749.297852 176.884186 -3751.494873
v -5624.313477 149.617203 -3751.494873
v -5499.328613 114.364311 -3751.494873
v -5374.343750 136.835800 -3751.494873
v -5249.359375 160.654785 -3751.494873
v -5124.374512 147.377975 -3751.494873
v -5061.881836 147.397797 -3689.002686
v -4999.389648 149.637009 -3751.494873
v -5061.881836 168.462326 -3751.494873
v -4874.404785 125.778397 -3751.494873
v -4749.419922 130.038864 -3751.494873
v -4624.435547 137.033966 -3751.494873
v -4499.450684 160.456619 -3751.494873
v -4436.958008 198.880081 -3689.002686
v -4374.465820 172.385925 -3751.494873
v -4374.465820 180.986130 -3689.002686
v -4343.219727 188.199188 -3657.756592
v -4343.219727 186.019424 -3689.002686
v -4311.973633 124.946121 -3689.002686
v -4343.219727 185.722183 -3720.248779
v -4249.481445 127.641113 -3751.494873
v -4311.973633 186.831879 -3751.494873
v -4186.988770 156.414124 -3689.002686
v -4124.496582 173.475815 -3751.494873
v -4186.988770 131.425995 -3751.494873
v -4062.004150 164.657639 -3689.002686
v -3999.511719 171.692368 -3751.494873
v -4062.004150 174.367538 -3751.494873
v -7999.023438 132.733856 -3876.479736
v -7874.038574 142.879715 -3876.479736
v -7749.053711 151.004333 -3876.479736
v -7624.069336 148.408417 -3876.479736
v -7499.084473 143.018433 -3876.479736
v -7374.099609 154.036194 -3876.479736
v -7249.115234 164.736908 -3876.479736
v -7124.130371 216.714600 -3876.479736
v -7061.637695 175.100739 -3813.987549
v -6999.145508 186.554459 -3876.479736
v -6874.160645 203.259445 -3876.479736
v -6749.175781 175.497055 -3876.479736
v -6624.191406 178.271317 -3876.479736
v -6499.206543 170.305237 -3876.479736
v -6374.221680 172.187759 -3876.479736
v -6249.237305 150.806168 -3876.479736
v -6186.744629 187.386734 -3813.987549
v -6124.252441 143.949783 -3876.479736
v -6186.744629 185.642914 -3876.479736
v -5999.267578 163.647018 -3876.479736
v -5874.282715 162.259888 -3876.479736
v -5749.297852 148.249878 -3876.479736
v -5686.805664 190.914001 -3813.987549
v -5624.313477 186.673355 -3876.479736
v -5499.328613 187.267838 -3876.479736
v -5374.343750 141.314240 -3876.479736
v -5249.359375 149.617203 -3876.479736
v -5186.866699 144.544266 -3813.987549
v -5124.374512 143.295853 -3876.479736
v -5124.374512 145.356735 -3813.987549
v -5093.127930 145.772873 -3782.741455
v -5093.127930 190.755478 -3813.987549
v -5061.881836 168.303802 -3813.987549
v -5093.127930 191.884995 -3845.233643
v -4999.389648 195.887848 -3876.479736
v -5061.881836 195.035751 -3876.479736
v -4936.897461 150.905243 -3813.987549
v -4874.404785 168.620865 -3876.479736
v -4936.897461 148.448044 -3876.479736
v -4749.419922 114.324677 -3876.479736
v -4686.927734 146.922211 -3813.987549
v -4624.435547 125.481155 -3876.479736
v -4686.927734 162.715652 -3876.479736
v -4561.943359 136.380020 -3813.987549
v -4499.450684 134.953262 -3876.479736
v -4499.450684 166.282562 -3813.987549
v -4436.958008 174.585510 -3813.987549
v -4468.204590 149.954071 -3845.233643
v -4374.465820 168.244354 -3876.479736
v -4436.958008 126.313438 -3876.479736
v -4468.204590 165.866425 -3876.479736
v -4311.973633 184.235962 -3813.987549
v -4249.481445 195.075394 -3876.479736
v -4311.973633 188.456802 -3876.479736
v -4186.988770 187.862320 -3813.987549
v -4155.742676 130.415375 -3782.741455
v -4124.496582 183.562225 -3876.479736
v -4124.496582 131.544891 -3813.987549
v -4093.250244 160.496246 -3782.741455
v -4093.250244 130.415375 -3813.987549
v -4062.004150 149.795547 -3813.987549
v -4093.250244 185.088058 -3845.233643
v -4077.627197 129.622726 -3829.610596
v -3999.511719 170.642105 -3813.987549
v -4030.757813 156.968979 -3845.233643
v -3999.511719 153.164291 -3876.479736
v -4062.004150 132.614960 -3876.479736
v -4062.004150 129.820892 -3845.233643
v -7999.023438 137.133041 -4001.464600
v -7874.038574 143.117508 -4001.464600
v -7749.053711 127.264610 -4001.464600
v -7624.069336 134.933456 -4001.464600
v -7499.084473 160.080109 -4001.464600
v -7374.099609 158.217392 -4001.464600
v -7249.115234 185.088058 -4001.464600
v -7186.622559 187.069672 -3938.972412
v -7124.130371 214.475372 -3938.972412
v -7155.376465 169.334244 -3970.218506
v -7124.130371 198.662109 -4001.464600
v -7186.622559 185.900528 -4001.464600
v -7155.376465 170.245789 -4001.464600
v -7061.637695 171.930161 -3938.972412
v -6999.145508 186.118500 -4001.464600
v -7061.637695 196.799393 -4001.464600
v -6874.160645 200.742798 -4001.464600
v -6749.175781 166.223114 -4001.464600
v -6624.191406 175.457428 -4001.464600
v -6499.206543 176.963455 -4001.464600
v -6374.221680 175.219635 -4001.464600
v -6249.237305 176.170807 -4001.464600
v -6186.744629 185.345673 -3938.972412
v -6124.252441 139.570419 -4001.464600
v -6124.252441 183.165894 -3938.972412
v -6061.759766 148.249878 -3938.972412
v -5999.267578 161.288895 -4001.464600
v -5874.282715 182.095825 -4001.464600
v -5749.297852 180.272751 -4001.464600
v -5624.313477 149.656830 -4001.464600
v -5499.328613 189.824112 -4001.464600
v -5374.343750 186.395920 -4001.464600
v -5249.359375 141.472763 -4001.464600
v -5124.374512 143.256226 -4001.464600
v -5061.881836 186.812057 -3938.972412
v -4999.389648 145.099121 -4001.464600
v -4936.897461 148.368774 -3938.972412
v -4874.404785 133.169815 -4001.464600
v -4749.419922 116.028862 -4001.464600
v -4686.927734 159.941406 -3938.972412
v -4624.435547 128.215790 -4001.464600
v -4686.927734 159.644150 -4001.464600
v -4561.943359 120.546944 -3938.972412
v -4499.450684 131.901581 -4001.464600
v -4499.450684 123.182487 -3938.972412
v -4436.958008 134.081360 -3938.972412
v -4468.204590 138.104034 -3907.725830
v -4405.711914 146.981659 -3907.725830
v -4436.958008 166.282562 -3907.725830
v -4452.581055 166.678879 -3892.102783
v -4374.465820 137.351013 -4001.464600
v -4374.465820 158.871323 -3938.972412
v -4374.465820 151.162857 -3907.725830
v -4343.219727 133.130188 -3938.972412
v -4343.219727 159.089310 -3907.725830
v -4358.842773 124.946121 -3923.349365
v -4311.973633 149.755905 -3938.972412
v -4343.219727 151.400650 -3970.218506
v -4249.481445 148.091354 -4001.464600
v -4249.481445 193.470276 -3938.972412
v -4311.973633 163.389404 -4001.464600
v -4186.988770 177.102158 -3938.972412
v -4218.235352 199.593460 -3970.218506
v -4124.496582 181.005936 -4001.464600
v -4186.988770 201.892136 -4001.464600
v -4062.004150 187.248016 -3938.972412
v -3999.511719 129.384933 -4001.464600
vn -0.041 0.996 0.077
vn 0.375 0.896 -0.240
vn -0.193 0.965 0.178
vn -0.192 0.962 0.193
vn 0.534 0.810 -0.243
vn -0.107 0.987 0.118
vn -0.065 0.992 0.112
vn -0.002 0.999 0.044
vn 0.019 1.000 0.004
vn 0.042 0.999 0.020
vn -0.015 0.998 0.056
vn -0.067 0.998 0.004
vn -0.036 0.996 -0.079
vn -0.015 0.998 -0.055
vn 0.047 0.999 -0.000
vn -0.001 0.999 0.050
vn -0.041 0.998 0.039
vn -0.001 0.999 0.043
vn -0.031 0.998 0.053
vn -0.237 0.971 0.046
vn -0.001 0.998 -0.055
vn 0.163 0.986 0.045
vn 0.122 0.992 0.026
vn -0.019 0.999 0.038
vn -0.077 0.997 -0.010
vn -0.006 1.000 0.003
vn 0.113 0.993 0.033
vn 0.290 0.932 0.215
vn -0.032 0.993 -0.114
vn -0.019 0.996 -0.086
vn -0.070 0.985 -0.159
vn -0.003 0.993 -0.118
vn -0.077 0.996 -0.046
vn 0.067 0.969 0.239
vn 0.242 0.914 0.324
vn -0.033 0.991 -0.131
vn 0.116 0.979 0.170
vn 0.169 0.977 -0.129
vn 0.322 0.933 -0.162
vn 0.164 0.984 0.064
vn 0.314 0.942 -0.119
vn -0.184 0.973 0.141
vn 0.210 0.978 -0.013
vn -0.028 0.999 -0.015
vn -0.167 0.986 0.029
vn -0.008 1.000 -0.011
vn -0.013 1.000 -0.005
vn 0.002 1.000 -0.000
vn 0.035 0.999 -0.001
vn -0.013 1.000 -0.007
vn -0.005 1.000 -0.015
vn -0.101 0.992 0.079
vn -0.013 0.998 0.068
vn 0.036 0.999 0.035
vn -0.002 0.999 0.044
vn -0.028 0.997 0.066
vn 0.009 0.999 0.044
vn 0.001 1.000 -0.004
vn -0.153 0.987 -0.057
vn -0.015 0.992 -0.127
vn 0.124 0.987 -0.098
vn 0.064 0.998 0.002
vn 0.025 1.000 -0.005
vn -0.112 0.992 0.063
vn 0.043 0.999 -0.027
vn 0.042 0.999 -0.011
vn 0.062 0.992 0.109
vn 0.053 0.972 0.228
vn 0.001 0.979 0.206
vn -0.111 0.982 0.150
vn 0.040 0.998 0.058
vn -0.078 0.996 0.035
vn -0.015 0.801 -0.598
vn 0.095 0.983 0.159
vn 0.188 0.905 0.382
vn 0.192 0.966 -0.172
vn 0.198 0.929 0.314
vn 0.038 0.944 -0.327
vn 0.118 0.986 -0.120
vn 0.082 0.996 0.030
vn -0.121 0.861 -0.495
vn 0.090 0.970 0.226
vn -0.347 0.842 -0.412
vn -0.109 0.883 -0.457
vn -0.211 0.977 -0.045
vn -0.442 0.895 -0.051
vn 0.049 0.995 0.092
vn 0.213 0.952 0.218
vn 0.164 0.949 0.268
vn 0.181 0.979 0.096
vn 0.132 0.983 0.124
vn 0.004 0.999 0.039
vn -0.153 0.988 0.032
vn 0.031 0.999 -0.023
vn 0.002 0.999 -0.035
vn -0.010 1.000 -0.010
vn 0.023 1.000 0.013
vn -0.001 1.000 0.012
vn -0.106 0.993 0.056
vn -0.081 0.995 0.056
vn 0.020 1.000 0.012
vn 0.009 0.998 0.054
vn -0.029 0.997 0.076
vn -0.040 0.995 0.092
vn 0.083 0.996 0.036
vn 0.008 0.999 0.036
vn -0.106 0.992 0.065
vn 0.034 0.999 -0.000
vn 0.052 0.999 -0.003
vn 0.035 0.999 0.002
vn -0.099 0.984 0.150
vn 0.013 0.996 0.092
vn 0.079 0.997 -0.011
vn -0.029 0.997 0.064
vn 0.051 0.999 -0.007
vn 0.047 0.999 -0.013
vn 0.001 0.999 0.033
vn 0.012 0.992 -0.122
vn 0.059 0.998 0.015
vn 0.223 0.962 0.159
vn 0.115 0.993 0.029
vn -0.348 0.937 0.020
vn -0.304 0.950 -0.077
vn -0.293 0.956 -0.018
vn -0.064 0.998 -0.011
vn -0.090 0.989 0.119
vn -0.045 0.999 0.003
vn 0.230 0.937 0.263
vn 0.084 0.995 0.043
vn 0.201 0.979 0.032
vn 0.035 0.998 -0.060
vn -0.054 0.949 -0.310
vn -0.037 0.985 -0.167
vn -0.066 0.998 -0.025
vn -0.057 0.995 0.078
vn 0.060 0.998 0.027
vn -0.033 0.998 0.053
vn -0.098 0.993 0.066
vn -0.026 0.999 -0.028
vn 0.012 0.998 -0.070
vn -0.041 0.999 -0.022
vn -0.055 0.997 0.052
vn 0.001 0.998 0.059
vn 0.073 0.996 0.046
vn -0.053 0.993 0.109
vn -0.053 0.997 0.057
vn 0.042 0.997 0.071
vn 0.079 0.994 0.077
vn -0.082 0.983 0.163
vn -0.041 0.998 0.042
vn 0.122 0.988 -0.098
vn -0.011 1.000 0.010
vn 0.044 0.999 -0.028
vn -0.031 0.996 0.088
vn 0.029 0.995 0.092
vn 0.033 0.999 0.029
vn 0.157 0.979 0.131
vn 0.031 0.986 0.166
vn -0.154 0.984 0.086
vn -0.044 0.998 -0.052
vn -0.181 0.975 -0.129
vn -0.018 0.996 -0.086
vn -0.078 0.990 -0.120
vn -0.052 0.998 0.028
vn 0.400 0.914 0.068
vn 0.052 0.979 0.199
vn 0.193 0.851 0.488
vn -0.096 0.896 0.433
vn 0.141 0.928 0.345
vn -0.034 0.974 0.224
vn 0.121 0.915 0.384
vn 0.003 0.997 0.072
vn 0.011 0.999 -0.054
vn 0.051 0.996 0.079
vn -0.190 0.977 -0.094
vn -0.024 0.994 -0.103
vn 0.022 0.998 -0.054
vn -0.091 0.995 0.031
vn 0.004 1.000 -0.028
vn 0.099 0.980 -0.174
vn -0.035 0.986 -0.165
vn -0.133 0.988 -0.082
vn -0.108 0.993 -0.054
vn 0.023 0.999 -0.048
vn 0.018 1.000 0.020
vn -0.017 1.000 0.018
vn -0.077 0.995 0.058
vn 0.003 0.997 0.083
vn 0.007 0.991 0.136
vn 0.046 0.998 0.036
vn 0.122 0.990 -0.073
vn 0.007 1.000 0.029
vn -0.002 1.000 0.021
vn -0.034 0.999 0.018
vn -0.038 0.998 0.053
vn 0.169 0.980 -0.106
vn -0.105 0.989 -0.107
vn -0.018 0.999 0.041
vn -0.055 0.994 0.094
vn 0.100 0.992 0.077
vn 0.097 0.985 0.144
vn -0.129 0.992 -0.014
vn -0.101 0.995 0.020
vn -0.042 0.998 0.039
vn -0.246 0.969 0.022
vn -0.062 0.995 -0.076
vn -0.035 0.998 -0.056
vn -0.052 0.997 -0.056
vn 0.026 0.995 0.098
vn 0.247 0.941 0.230
vn 0.124 0.992 -0.018
vn -0.014 0.995 0.096
vn 0.325 0.879 0.347
vn -0.080 0.990 -0.120
vn -0.110 0.993 0.038
vn -0.048 0.998 0.037
vn 0.159 0.983 -0.091
vn -0.022 1.000 -0.013
vn 0.039 0.995 -0.093
vn 0.092 0.987 0.130
vn -0.094 0.886 0.454
vn -0.142 0.982 -0.126
vn -0.105 0.987 -0.121
vn -0.094 0.995 -0.011
vn -0.017 0.998 0.060
vn -0.074 0.988 0.136
vn -0.051 0.995 0.087
vn 0.006 0.999 0.041
vn 0.012 0.999 0.045
vn 0.105 0.994 0.038
vn 0.033 0.995 0.098
vn 0.047 0.998 0.031
vn 0.038 0.999 0.034
vn -0.085 0.994 0.075
vn 0.068 0.997 0.027
vn 0.151 0.988 0.023
vn -0.121 0.991 0.062
vn 0.004 0.997 -0.081
vn 0.018 1.000 -0.008
vn 0.046 0.997 0.060
vn -0.053 0.999 0.012
vn -0.077 0.996 0.039
vn 0.049 0.999 -0.022
vn 0.072 0.993 -0.094
vn -0.073 0.959 -0.273
vn -0.143 0.974 -0.176
vn -0.065 0.927 -0.370
vn -0.122 0.938 -0.326
vn -0.063 0.925 -0.374
vn -0.019 0.949 -0.314
vn -0.114 0.817 -0.565
vn -0.026 0.971 -0.236
vn -0.138 0.600 -0.788
vn 0.368 0.913 0.176
vn 0.095 0.935 0.341
vn -0.038 0.999 -0.009
vn -0.015 0.983 0.185
vn 0.060 0.998 -0.017
vn -0.416 0.904 -0.099
vn -0.101 0.984 -0.148
vn -0.097 0.988 -0.117
vn 0.201 0.903 0.380
vn 0.311 0.944 0.112
vn 0.113 0.993 0.036
vn -0.131 0.991 0.040
vn 0.276 0.945 0.177
vn -0.166 0.985 0.051
vn 0.075 0.997 -0.020
vn -0.053 0.998 0.024
vn 0.044 0.969 0.244
vn -0.130 0.914 0.384
vn -0.146 0.931 0.335
vn -0.177 0.984 0.022
vn -0.435 0.893 0.112
vn 0.278 0.945 0.176
vn -0.310 0.947 0.078
vn 0.030 0.956 0.291
vn 0.212 0.934 0.286
vn 0.176 0.911 0.372
vn 0.234 0.918 0.320
vn 0.210 0.879 0.429
vn -0.160 0.986 -0.051
vn -0.164 0.986 0.002
vn -0.082 0.996 0.044
vn -0.019 1.000 -0.006
vn 0.023 0.995 -0.101
vn -0.048 0.997 -0.052
vn 0.027 1.000 0.012
vn 0.100 0.995 -0.009
vn 0.067 0.998 -0.018
vn 0.044 0.999 -0.029
vn 0.023 0.999 -0.025
vn -0.132 0.989 -0.060
vn 0.115 0.992 -0.043
vn 0.098 0.995 0.004
vn 0.005 0.999 -0.050
vn -0.018 0.998 -0.066
vn -0.109 0.991 0.074
vn 0.140 0.990 -0.036
vn -0.069 0.998 -0.010
vn -0.154 0.977 -0.147
vn 0.149 0.988 -0.041
vn -0.029 0.999 0.014
vn 0.026 0.985 0.169
vn 0.059 0.989 0.134
vn 0.058 0.987 0.149
vn -0.022 0.997 -0.070
vn -0.131 0.913 -0.387
vn 0.113 0.977 -0.179
vn -0.011 0.998 -0.065
vn -0.191 0.980 -0.048
vn -0.226 0.964 -0.142
vn -0.123 0.941 -0.315
vn 0.027 1.000 0.013
vn 0.352 0.924 0.152
vn 0.126 0.987 0.104
vn -0.148 0.976 -0.162
vn 0.127 0.979 -0.161
vn 0.270 0.950 -0.159
vn -0.314 0.948 0.047
vn -0.042 0.998 -0.037
vn -0.584 0.809 0.065
vn 0.435 0.891 -0.133
vn -0.237 0.969 -0.065
vn -0.312 0.944 0.112
vn -0.010 1.000 -0.030
vn -0.034 0.999 -0.024
vn -0.074 0.996 -0.041
vn 0.203 0.922 0.330
vn 0.174 0.984 0.028
vn 0.344 0.915 0.213
vn 0.333 0.928 0.167
vn 0.049 0.999 -0.001
vn -0.162 0.978 -0.129
vn -0.092 0.991 -0.098
vn 0.063 0.994 -0.092
vn -0.024 0.999 -0.033
vn -0.059 0.992 -0.110
vn -0.023 0.994 -0.104
vn 0.058 0.998 0.008
vn 0.090 0.995 0.043
vn 0.032 0.999 -0.013
vn 0.018 0.995 0.102
vn 0.020 0.999 -0.028
vn -0.038 0.998 0.048
vn 0.078 0.997 -0.002
vn 0.091 0.996 0.013
vn 0.035 0.999 0.010
vn -0.112 0.994 0.020
vn -0.009 0.999 -0.052
vn 0.051 0.999 0.015
vn -0.059 0.982 0.180
vn -0.039 0.998 0.049
vn 0.139 0.953 0.270
vn -0.095 0.973 -0.211
vn 0.064 0.997 0.053
vn 0.010 0.995 0.098
vn 0.038 0.997 0.067
vn -0.077 0.991 0.111
vn 0.239 0.961 0.137
vn -0.011 0.985 0.174
vn -0.121 0.983 -0.137
vn 0.176 0.978 0.111
vn -0.470 0.882 -0.044
vn -0.196 0.955 -0.222
vn -0.395 0.919 0.002
vn 0.118 0.974 0.193
vn 0.278 0.921 0.273
vn -0.193 0.966 -0.171
vn 0.034 0.998 0.044
vn 0.087 0.985 0.151
vn -0.185 0.953 0.240
vn 0.045 0.997 0.068
vn -0.318 0.948 0.004
vn -0.586 0.811 0.000
vn -0.244 0.880 0.408
vn -0.185 0.962 0.201
vn -0.128 0.869 0.478
vn -0.108 0.994 -0.008
vn -0.005 1.000 -0.024
vn -0.059 0.998 0.005
vn 0.256 0.965 -0.064
vn 0.058 0.991 -0.123
vn -0.150 0.988 -0.030
vn -0.113 0.958 -0.262
vn -0.069 0.993 -0.096
vn 0.061 0.997 -0.046
vn -0.032 0.999 -0.041
vn -0.096 0.995 0.006
vn 0.024 0.997 -0.074
vn 0.126 0.987 -0.099
vn -0.011 0.999 -0.031
vn -0.049 0.999 -0.020
vn 0.050 0.996 -0.067
vn 0.011 1.000 -0.013
vn 0.113 0.993 0.023
vn 0.055 0.998 -0.003
vn -0.073 0.997 -0.029
vn -0.012 0.998 -0.055
vn -0.063 0.998 -0.004
vn -0.030 0.999 -0.011
vn 0.006 0.999 -0.033
vn 0.040 0.959 0.280
vn 0.059 0.960 0.272
vn 0.112 0.983 0.147
vn 0.060 0.997 0.042
vn 0.113 0.992 -0.055
vn 0.047 0.997 0.057
vn -0.322 0.936 -0.143
vn 0.041 0.994 -0.102
vn 0.026 0.992 -0.125
vn 0.021 1.000 0.006
vn 0.067 0.998 0.000
vn -0.078 0.906 -0.416
vn -0.270 0.909 -0.319
vn -0.136 0.962 -0.239
vn -0.167 0.846 -0.507
vn -0.124 0.989 -0.080
vn -0.181 0.979 0.092
vn -0.482 0.865 -0.141
vn -0.072 0.997 0.035
vn 0.035 0.999 -0.025
vn -0.264 0.909 -0.322
vn -0.136 0.988 -0.067
vn -0.165 0.930 -0.327
vn -0.054 0.968 -0.246
vn -0.100 0.984 0.148
vn 0.041 0.997 0.072
vn 0.048 0.974 -0.223
vn -0.012 0.999 0.044
vn -0.012 0.999 -0.038
vn -0.052 0.998 -0.027
vn -0.050 0.998 -0.033
vn 0.287 0.957 0.038
vn 0.437 0.900 -0.012
vn 0.631 0.775 0.033
vn -0.091 0.980 0.177
vn -0.039 0.963 0.268
vn -0.239 0.871 0.428
vn 0.381 0.883 0.274
vn 0.588 0.666 0.459
vn 0.254 0.801 0.543
vn 0.363 0.891 0.274
vn 0.022 0.792 0.610
vn -0.177 0.943 0.282
vn -0.099 0.949 0.298
vn -0.021 0.976 0.217
vn 0.051 0.940 0.338
vn -0.031 0.993 0.113
vn -0.077 0.997 -0.011
vn 0.050 0.999 -0.017
vn -0.070 0.993 -0.099
vn -0.035 0.998 -0.058
vn 0.021 0.988 -0.154
vn 0.040 0.995 -0.094
vn 0.065 0.996 -0.053
vn -0.054 0.998 -0.015
vn -0.014 0.999 -0.038
vn 0.202 0.950 -0.238
vn -0.014 0.985 -0.172
vn -0.005 0.999 -0.040
vn -0.134 0.975 0.179
vn 0.136 0.984 0.116
vn -0.031 0.999 -0.021
vn 0.028 0.999 -0.034
vn 0.065 0.998 0.007
vn 0.078 0.997 0.022
vn -0.021 1.000 -0.007
vn -0.010 0.998 -0.060
vn -0.111 0.994 -0.022
vn -0.070 0.997 0.023
vn 0.001 0.999 0.038
vn -0.003 0.999 0.051
vn 0.129 0.989 -0.070
vn 0.196 0.976 -0.100
vn 0.075 0.996 -0.052
vn 0.052 0.998 -0.027
vn -0.004 0.999 0.040
vn -0.100 0.994 -0.044
vn -0.042 0.999 0.000
vn -0.147 0.974 -0.171
vn 0.016 0.994 -0.108
vn 0.116 0.913 -0.390
vn -0.057 0.996 -0.065
vn -0.079 0.938 -0.337
vn -0.187 0.751 -0.633
vn -0.005 0.927 -0.375
vn -0.414 0.741 -0.528
vn 0.316 0.922 0.222
vn 0.115 0.977 -0.181
vn -0.248 0.939 -0.240
vn -0.478 0.774 -0.414
vn -0.138 0.929 -0.345
vn -0.123 0.985 -0.118
vn -0.221 0.973 -0.062
vn 0.039 0.996 -0.081
vn -0.119 0.989 -0.091
vn 0.022 1.000 -0.022
vn -0.030 0.998 -0.063
vn -0.045 0.998 -0.041
vn -0.089 0.995 -0.052
vn -0.027 0.999 0.021
vn 0.107 0.994 -0.000
vn 0.019 0.879 0.476
vn -0.032 0.999 -0.036
vn 0.074 0.994 0.084
vn -0.069 0.996 0.057
vn -0.022 1.000 0.022
vn 0.045 0.998 -0.053
vn 0.147 0.984 0.098
vn 0.077 0.997 -0.001
vn -0.014 0.996 0.089
vn 0.105 0.994 0.028
vn -0.104 0.982 -0.157
vn -0.021 0.998 -0.058
vn 0.045 0.999 -0.018
vn -0.054 0.998 0.039
vn -0.009 1.000 -0.025
vn -0.006 1.000 0.020
vn 0.030 0.997 -0.068
vn 0.019 0.998 -0.053
vn -0.010 0.999 0.045
vn 0.111 0.994 0.006
vn 0.006 1.000 0.003
vn -0.012 1.000 0.004
vn -0.112 0.994 -0.011
vn -0.033 0.995 -0.097
vn -0.051 0.996 -0.067
vn -0.017 0.968 -0.252
vn 0.148 0.958 -0.246
vn 0.042 0.995 -0.092
vn 0.036 0.999 0.001
vn -0.024 0.995 0.098
vn 0.005 0.998 0.068
vn -0.046 0.995 0.083
vn -0.012 0.996 0.092
vn 0.067 0.996 0.050
vn -0.026 0.997 0.073
vn 0.092 0.996 -0.009
vn -0.292 0.942 -0.163
vn -0.263 0.941 -0.213
vn -0.315 0.917 -0.243
vn 0.005 0.999 -0.046
vn -0.220 0.869 -0.444
vn 0.076 0.995 0.069
vn -0.444 0.814 -0.374
vn -0.085 0.930 -0.357
vn -0.043 0.999 -0.016
vn -0.005 1.000 0.018
vn -0.015 0.993 -0.119
vn -0.004 0.960 -0.279
vn 0.010 0.968 -0.250
vn 0.327 0.914 -0.240
vn 0.069 0.974 -0.216
vn -0.075 0.976 -0.207
vn -0.008 0.999 -0.034
vn -0.080 0.997 0.004
vn -0.000 0.970 0.243
vn 0.221 0.971 0.090
vn 0.114 0.993 0.010
vn 0.079 0.992 -0.095
vn -0.076 0.987 -0.141
vn -0.049 0.994 -0.093
vn -0.043 0.998 -0.049
vn 0.000 1.000 -0.009
vn 0.054 0.998 0.016
vn -0.035 0.999 0.006
vn 0.012 1.000 -0.001
vn 0.089 0.995 0.040
vn -0.010 0.995 0.097
vn 0.021 0.999 0.040
vn -0.030 0.999 -0.039
vn -0.017 0.996 -0.083
vn -0.084 0.995 -0.056
vn 0.090 0.984 -0.151
vn 0.047 0.996 -0.071
vn -0.044 0.999 0.002
vn -0.070 0.996 0.046
vn -0.019 0.996 0.085
vn -0.005 0.997 0.077
vn -0.026 0.994 0.102
vn 0.074 0.997 0.036
vn 0.069 0.996 -0.050
vn 0.069 0.996 0.058
vn 0.018 0.996 -0.091
vn 0.004 0.999 -0.041
vn -0.360 0.890 -0.280
vn -0.260 0.926 -0.272
vn 0.179 0.946 0.272
vn -0.416 0.909 -0.033
vn -0.437 0.894 0.095
vn -0.013 0.989 -0.146
vn -0.329 0.900 -0.287
vn -0.143 0.975 -0.170
vn -0.226 0.968 -0.107
vn 0.152 0.978 0.144
vn -0.146 0.957 -0.250
vn -0.005 0.995 -0.104
vn -0.190 0.968 -0.161
vn -0.100 0.995 -0.023
vn 0.085 0.982 -0.169
vn 0.175 0.976 -0.129
vn 0.488 0.829 -0.275
vn 0.516 0.840 -0.165
vn 0.237 0.921 -0.309
vn -0.007 0.995 0.104
vn -0.351 0.933 -0.076
vn 0.107 0.992 0.064
vn 0.059 0.994 -0.093
vn 0.282 0.926 0.252
vn 0.246 0.969 -0.032
vn -0.002 0.994 -0.114
vn 0.140 0.983 0.121
vn 0.161 0.955 -0.251
vn -0.381 0.874 -0.302
vn -0.177 0.983 0.054
vn -0.147 0.967 -0.209
vn -0.311 0.949 -0.061
vn -0.084 0.993 -0.087
vn 0.201 0.979 -0.036
vn 0.146 0.988 0.042
vn -0.060 0.982 -0.178
vn -0.081 0.979 -0.189
vn -0.120 0.977 -0.178
vn -0.041 0.989 -0.140
vn 0.041 0.993 -0.112
vn -0.090 0.995 0.030
vn 0.032 0.999 -0.007
vn -0.034 0.996 0.087
vn 0.039 0.994 0.107
vn 0.116 0.993 0.009
vn -0.020 0.999 0.046
vn -0.005 1.000 0.015
vn -0.088 0.996 -0.023
vn 0.069 0.997 -0.044
vn 0.001 0.998 -0.063
vn -0.071 0.997 -0.014
vn -0.115 0.993 0.042
vn -0.009 0.999 0.040
vn -0.061 0.994 0.096
vn 0.020 1.000 0.007
vn 0.098 0.992 0.084
vn 0.113 0.990 0.079
vn -0.024 0.996 -0.082
vn 0.142 0.988 -0.056
vn 0.034 0.999 0.009
vn -0.286 0.949 -0.131
vn 0.129 0.988 0.081
vn -0.137 0.988 -0.073
vn 0.234 0.939 0.251
vn 0.198 0.979 0.039
vn -0.080 0.997 -0.022
vn -0.655 0.638 -0.405
vn -0.057 0.996 -0.069
vn -0.314 0.755 -0.576
vn 0.284 0.860 0.424
vn -0.154 0.985 0.078
vn -0.188 0.909 -0.373
vn -0.159 0.981 -0.110
vn 0.006 0.993 -0.121
vn 0.028 0.979 0.200
vn 0.102 0.967 0.234
vn 0.058 0.950 -0.306
vn -0.047 0.987 -0.154
vn 0.050 0.913 -0.406
vn 0.193 0.964 -0.183
vn -0.235 0.868 -0.437
vn -0.114 0.991 0.064
vn 0.366 0.856 0.364
vn -0.193 0.979 -0.070
vn -0.323 0.876 -0.358
vn -0.106 0.980 -0.171
vn -0.170 0.957 -0.234
vn 0.056 0.998 -0.027
vn -0.182 0.970 0.158
vn 0.036 0.997 -0.067
vn 0.030 0.988 -0.155
vn -0.015 0.995 -0.101
vn -0.247 0.964 -0.098
vn 0.047 0.997 0.054
vn 0.282 0.941 0.188
vn 0.218 0.976 0.003
vn -0.031 0.941 0.337
vn 0.372 0.858 0.354
vn -0.091 0.983 0.161
vn -0.100 0.994 -0.037
vn 0.116 0.987 -0.111
vn -0.047 0.946 0.321
vn -0.079 0.979 -0.186
vn -0.111 0.988 -0.109
vn -0.095 0.993 -0.067
vn -0.005 0.998 -0.059
vn -0.096 0.995 0.012
vn 0.090 0.996 -0.012
vn 0.082 0.997 0.006
vn 0.009 1.000 -0.021
vn 0.046 0.997 -0.065
vn -0.092 0.995 -0.047
vn 0.039 0.994 -0.103
vn -0.090 0.995 0.036
vn -0.088 0.996 0.007
vn -0.110 0.992 -0.055
vn -0.028 0.996 -0.085
vn 0.028 0.989 -0.142
vn -0.031 0.988 -0.155
vn 0.007 0.997 -0.073
vn 0.178 0.982 -0.071
vn 0.139 0.985 -0.104
vn -0.220 0.972 -0.087
vn -0.066 0.997 0.036
vn 0.149 0.986 -0.072
vn -0.117 0.982 -0.151
vn -0.154 0.983 -0.104
vn -0.025 0.996 -0.081
vn 0.054 0.994 0.094
vn -0.151 0.988 -0.005
vn 0.150 0.983 0.106
vn 0.186 0.962 0.199
vn -0.125 0.974 -0.188
vn 0.106 0.994 -0.022
vn 0.143 0.980 -0.137
vn -0.032 0.972 -0.234
vn -0.135 0.989 -0.055
vn 0.237 0.969 -0.064
vn -0.196 0.972 -0.128
vn -0.409 0.907 -0.099
vn -0.098 0.993 -0.070
vn 0.025 0.999 -0.029
vn -0.006 0.998 -0.066
vn 0.066 0.955 0.290
vn 0.089 0.995 -0.055
vn 0.255 0.948 -0.188
vn 0.161 0.973 0.167
vn 0.456 0.769 -0.449
vn 0.064 0.990 -0.128
vn 0.233 0.961 0.152
vn -0.180 0.665 -0.724
vn 0.237 0.969 0.067
vn 0.162 0.957 0.241
vn 0.384 0.920 0.074
vn 0.438 0.880 0.181
vn -0.054 0.922 0.384
vn -0.108 0.800 -0.590
vn -0.283 0.914 -0.292
vn 0.116 0.992 0.055
vn 0.109 0.671 0.733
vn -0.300 0.950 0.092
vn 0.211 0.960 -0.184
vn -0.441 0.893 -0.090
vn -0.250 0.919 -0.305
vn 0.173 0.972 -0.162
vn 0.489 0.847 -0.207
vn -0.071 0.953 -0.295
vn 0.018 0.998 0.063
vn 0.111 0.986 -0.124
vn 0.177 0.962 -0.207
vn 0.325 0.846 -0.424
vn -0.038 0.999 -0.016
vn -0.042 0.999 -0.014
vn -0.147 0.989 -0.033
vn -0.083 0.996 -0.037
vn -0.067 0.997 -0.043
vn -0.001 0.977 -0.213
vn 0.026 0.990 -0.138
vn 0.068 0.997 -0.025
vn 0.059 0.997 -0.049
vn -0.007 1.000 -0.000
vn -0.021 0.999 -0.043
vn -0.145 0.980 0.137
vn -0.054 0.991 0.124
vn 0.033 0.999 0.007
vn -0.031 0.997 -0.066
vn 0.024 0.985 -0.171
vn 0.042 0.986 -0.159
vn -0.048 0.988 -0.148
vn 0.034 0.976 -0.215
vn 0.087 0.987 -0.138
vn 0.040 0.999 -0.015
vn -0.075 0.997 0.000
vn -0.144 0.984 -0.104
vn 0.043 0.999 0.015
vn -0.057 0.994 -0.097
vn -0.219 0.975 -0.027
vn -0.568 0.809 -0.152
vn 0.198 0.978 -0.061
vn 0.034 0.999 -0.037
vn 0.218 0.974 0.059
vn -0.142 0.990 -0.011
vn 0.073 0.991 -0.109
vn 0.081 0.968 -0.237
vn -0.015 0.997 -0.069
vn -0.025 0.989 0.147
vn -0.237 0.883 0.405
vn 0.114 0.982 0.153
vn 0.021 0.991 -0.132
vn 0.121 0.968 -0.219
vn -0.197 0.972 0.127
vn 0.002 0.997 0.073
vn 0.224 0.855 -0.468
vn 0.059 0.981 -0.186
vn 0.034 0.998 -0.058
vn -0.053 0.992 -0.118
vn 0.044 0.999 0.016
vn -0.030 0.995 -0.094
vn -0.395 0.918 0.029
vn -0.183 0.982 -0.045
vn 0.184 0.982 -0.049
vn -0.236 0.972 -0.001
vn -0.029 0.999 -0.034
vn -0.010 1.000 0.004
vn 0.056 0.993 -0.104
vn -0.028 0.996 0.082
vn 0.285 0.958 0.036
vn 0.171 0.977 0.126
vn 0.234 0.948 0.215
vn 0.360 0.883 -0.302
vn 0.251 0.943 -0.220
vn -0.052 0.999 0.008
vn 0.270 0.926 -0.264
vn 0.152 0.940 0.304
vn -0.073 0.778 0.624
vn 0.041 0.999 -0.011
vn -0.093 0.995 -0.042
vn 0.121 0.986 -0.117
vn -0.148 0.989 0.024
vn -0.045 0.999 -0.003
vn 0.140 0.983 -0.123
vn -0.004 0.984 -0.176
vn -0.201 0.963 -0.182
vn 0.022 0.999 -0.035
vn 0.060 0.997 -0.042
vn -0.020 1.000 -0.013
vn 0.038 0.999 -0.021
vn -0.160 0.976 0.148
vn 0.047 0.997 0.059
vn 0.031 0.995 0.091
vn 0.117 0.993 -0.006
vn 0.026 0.999 -0.027
vn 0.020 0.999 -0.029
vn -0.002 0.999 -0.042
vn 0.033 0.996 -0.077
vn 0.037 0.999 -0.025
vn -0.036 0.999 0.018
vn 0.010 0.998 0.066
vn -0.032 0.999 0.011
vn 0.060 0.998 -0.034
vn 0.020 0.971 -0.238
vn 0.042 0.994 -0.103
vn 0.065 0.971 -0.232
vn -0.020 0.994 -0.109
vn 0.149 0.938 -0.311
vn 0.054 0.997 -0.059
vn -0.282 0.959 0.024
vn -0.053 0.991 0.123
vn 0.154 0.988 -0.003
vn -0.054 0.998 0.019
vn -0.102 0.991 -0.088
vn -0.401 0.893 -0.203
vn -0.095 0.993 -0.073
vn -0.171 0.983 -0.072
vn 0.052 0.998 -0.026
vn -0.037 0.999 -0.007
vn 0.203 0.977 0.071
vn 0.163 0.905 -0.393
vn 0.381 0.850 -0.364
vn 0.123 0.986 0.113
vn -0.094 0.910 -0.403
vn -0.137 0.871 -0.473
vn -0.458 0.889 0.005
vn 0.110 0.994 -0.023
vn 0.003 1.000 0.002
vn 0.320 0.857 -0.404
vn 0.038 0.988 0.148
vn -0.229 0.904 0.360
vn 0.479 0.827 0.293
vn 0.496 0.867 -0.049
vn -0.442 0.889 -0.120
vn 0.102 0.994 0.047
vn 0.494 0.863 -0.104
vn -0.028 0.902 0.431
vn 0.183 0.975 0.124
vn 0.137 0.849 0.510
vn -0.180 0.976 -0.119
vn -0.030 0.996 -0.085
vn 0.145 0.989 0.001
vn 0.062 0.981 0.186
vn -0.240 0.971 -0.024
vn -0.133 0.991 0.005
vn -0.016 1.000 -0.025
vn -0.002 0.999 0.050
vn 0.025 1.000 -0.010
vn 0.033 0.998 -0.058
vn 0.019 0.997 -0.068
vn 0.022 0.995 -0.092
vn 0.065 0.995 -0.073
vn 0.144 0.983 -0.116
vn -0.003 0.999 -0.040
vn 0.051 0.997 -0.052
vn -0.030 0.999 0.033
vn -0.071 0.978 0.198
vn 0.252 0.962 0.105
vn -0.065 0.998 -0.011
vn -0.276 0.961 -0.005
vn -0.097 0.995 -0.040
vn 0.023 0.998 0.065
vn 0.095 0.995 -0.013
vn 0.024 0.998 -0.064
vn -0.102 0.995 0.012
vn 0.115 0.987 0.109
vn -0.072 0.997 -0.008
vn -0.022 0.992 -0.122
vn -0.113 0.990 -0.085
vn 0.191 0.958 0.216
vn -0.049 0.998 -0.037
vn -0.172 0.984 -0.044
vn -0.222 0.969 -0.104
vn 0.054 0.999 0.008
vn -0.342 0.939 0.013
vn 0.032 0.999 -0.026
vn -0.332 0.921 -0.204
vn 0.015 1.000 -0.001
vn -0.002 0.997 -0.074
vn 0.191 0.967 0.167
vn 0.059 0.987 0.152
vn -0.251 0.941 0.228
vn -0.098 0.993 0.073
vn 0.183 0.982 0.054
vn 0.279 0.958 0.070
vn 0.100 0.992 0.075
vn 0.017 0.994 -0.105
vn -0.086 0.989 -0.119
vn -0.032 0.999 -0.003
vn 0.008 0.997 0.078
vn -0.055 0.996 0.074
vn -0.061 0.996 0.070
vn 0.035 0.998 0.057
vn 0.120 0.992 -0.032
vn 0.011 1.000 -0.020
vn 0.034 0.993 -0.116
vn 0.020 0.990 -0.142
vn 0.097 0.983 -0.156
vn 0.029 0.999 -0.034
vn -0.015 1.000 0.002
vn -0.026 0.999 0.018
vn -0.194 0.949 0.249
vn -0.231 0.946 0.230
vn -0.066 0.980 0.188
vn -0.344 0.870 0.352
vn 0.252 0.954 0.164
vn 0.049 0.999 0.002
vn -0.049 0.993 0.109
vn 0.040 0.999 0.025
vn 0.095 0.995 0.019
vn 0.042 0.988 0.146
vn -0.101 0.991 -0.084
vn -0.069 0.996 -0.052
vn 0.107 0.990 -0.094
vn 0.035 0.999 0.028
vn 0.032 0.999 0.000
vn -0.127 0.992 -0.016
vn -0.106 0.992 -0.073
vn 0.416 0.905 0.086
vn 0.321 0.947 0.012
vn 0.500 0.822 0.273
vn 0.122 0.993 -0.004
vn -0.287 0.918 -0.274
vn -0.669 0.602 -0.437
vn -0.146 0.989 0.023
vn -0.522 0.820 -0.236
vn -0.093 0.995 0.047
vn -0.169 0.972 -0.161
vn -0.672 0.729 -0.130
vn -0.089 0.996 -0.012
vn 0.079 0.973 -0.216
vn -0.060 0.994 -0.090
vn -0.004 1.000 -0.027
vn 0.189 0.951 -0.245
vn -0.157 0.874 -0.460
vn 0.258 0.952 -0.165
vn -0.208 0.948 0.241
vn -0.603 0.775 -0.190
vn 0.330 0.934 0.134
vn 0.121 0.991 -0.050
vn -0.468 0.872 -0.145
vn 0.370 0.917 -0.148
vn 0.067 0.988 -0.139
vn -0.021 0.998 -0.063
vn -0.134 0.990 -0.042
vn -0.075 0.994 -0.078
vn -0.055 0.998 -0.040
vn -0.049 0.998 0.027
vn 0.049 0.991 -0.127
vn -0.009 0.991 -0.135
vn 0.063 0.996 0.062
vn 0.051 0.999 0.010
vn 0.089 0.993 -0.072
vn 0.030 0.999 -0.036
vn 0.009 1.000 0.011
vn 0.006 1.000 -0.004
vn 0.020 0.999 -0.039
vn -0.088 0.996 -0.026
vn -0.263 0.963 0.054
vn -0.437 0.890 -0.132
vn -0.183 0.966 0.185
vn -0.248 0.947 0.202
vn -0.255 0.903 0.345
vn -0.260 0.941 0.218
vn -0.405 0.891 0.205
vn 0.234 0.971 -0.041
vn -0.016 0.992 -0.129
vn 0.110 0.991 0.076
vn 0.221 0.962 0.159
vn -0.121 0.992 0.033
vn 0.255 0.958 0.134
vn 0.138 0.989 0.046
vn -0.038 0.986 0.161
vn 0.019 0.979 0.201
vn 0.141 0.979 0.144
vn -0.114 0.988 -0.105
vn 0.015 0.990 -0.138
vn 0.003 0.985 -0.175
vn 0.025 0.999 -0.043
vn -0.025 1.000 -0.007
vn 0.051 0.998 -0.023
vn -0.183 0.977 -0.109
vn -0.055 0.985 -0.162
vn 0.267 0.962 -0.058
vn -0.248 0.957 -0.153
vn 0.079 0.996 -0.031
vn -0.013 0.980 -0.198
vn 0.147 0.941 -0.306
vn 0.024 0.999 0.046
vn 0.018 0.990 -0.143
vn -0.158 0.987 0.011
vn -0.036 0.999 -0.002
vn 0.105 0.990 0.095
vn 0.113 0.994 0.012
vn 0.212 0.971 -0.114
vn 0.171 0.980 0.106
vn 0.059 0.995 -0.081
vn -0.080 0.997 -0.020
vn 0.146 0.961 0.237
vn -0.178 0.975 0.135
vn 0.085 0.993 0.080
vn -0.168 0.972 -0.161
vn -0.042 0.995 -0.095
vn 0.089 0.996 0.016
vn -0.068 0.993 -0.100
vn -0.120 0.991 0.057
vn 0.069 0.998 0.016
vn 0.101 0.994 -0.041
vn 0.097 0.990 0.106
vn 0.022 0.991 0.129
vn 0.069 0.997 0.035
vn 0.029 1.000 0.005
vn 0.010 1.000 0.006
vn -0.092 0.996 0.017
vn -0.428 0.904 -0.013
vn -0.042 0.999 -0.011
vn 0.244 0.969 0.044
vn -0.033 0.999 0.016
vn -0.080 0.993 -0.084
vn 0.256 0.920 0.299
vn 0.018 0.963 0.269
vn 0.081 0.996 0.038
vn 0.038 0.953 0.300
vn 0.102 0.980 0.172
vn 0.083 0.995 -0.062
vn -0.107 0.993 0.055
vn -0.020 1.000 0.002
vn 0.132 0.986 0.105
vn 0.182 0.966 0.182
vn 0.047 0.998 0.043
vn 0.082 0.984 -0.158
vn -0.106 0.974 -0.198
vn -0.074 0.996 0.043
vn 0.174 0.962 0.210
vn -0.024 0.998 -0.063
vn -0.054 0.998 -0.035
vn -0.013 0.988 -0.157
vn 0.045 0.999 -0.014
vn -0.193 0.925 -0.329
vn -0.126 0.992 -0.009
vn -0.149 0.981 -0.120
vn -0.160 0.973 -0.166
vn -0.208 0.976 -0.065
vn -0.160 0.977 -0.139
vn -0.089 0.992 -0.088
vn 0.085 0.996 -0.013
vn -0.128 0.983 0.131
vn 0.230 0.823 0.520
vn 0.252 0.904 0.346
vn 0.316 0.892 0.322
vn 0.311 0.898 0.312
vn -0.244 0.970 -0.025
vn 0.342 0.905 0.252
vn -0.333 0.930 0.158
vn -0.055 0.894 0.445
vn 0.039 0.941 0.335
vn 0.282 0.942 0.179
vn 0.119 0.992 -0.047
vn -0.183 0.978 -0.098
vn 0.387 0.886 0.257
vn -0.115 0.993 -0.022
vn -0.023 1.000 0.000
vn -0.052 0.998 -0.043
vn 0.102 0.993 -0.054
vn 0.031 0.998 0.061
vn 0.053 0.975 0.214
vn 0.119 0.985 0.127
vn 0.077 0.988 0.133
vn 0.078 0.994 0.080
vn 0.004 1.000 0.028
vn -0.060 0.998 0.027
vn -0.255 0.959 -0.125
vn -0.192 0.981 -0.032
vn -0.061 0.997 -0.044
vn 0.036 0.991 0.127
vn 0.108 0.988 0.113
vn 0.262 0.960 -0.102
vn 0.086 0.958 0.273
vn 0.068 0.986 -0.151
vn -0.212 0.976 -0.058
vn -0.088 0.993 0.084
vn -0.068 0.983 0.169
vn -0.121 0.835 0.536
vn -0.344 0.855 0.387
vn 0.058 0.995 -0.077
vn 0.146 0.988 -0.055
vn -0.246 0.967 -0.071
vn 0.159 0.981 0.113
vn 0.250 0.960 0.127
vn 0.004 0.991 -0.136
vn 0.130 0.985 0.110
vn 0.167 0.976 0.139
vn -0.151 0.983 -0.108
vn -0.065 0.997 0.035
vn 0.003 1.000 0.004
vn -0.034 0.999 -0.011
vn -0.081 0.988 -0.130
vn -0.135 0.962 -0.236
vn -0.054 0.995 -0.084
vn -0.106 0.994 -0.018
vn 0.024 0.998 -0.059
vn -0.010 0.967 0.255
vn -0.018 0.999 -0.030
vn 0.082 0.990 -0.111
vn 0.506 0.815 0.282
vn 0.277 0.905 0.323
vn 0.262 0.964 0.038
vn 0.154 0.982 0.106
vn 0.303 0.922 -0.243
vn -0.286 0.958 -0.000
vn -0.158 0.987 -0.027
vn -0.016 1.000 -0.007
vn -0.019 1.000 -0.014
vn 0.019 1.000 -0.023
vn 0.045 0.999 -0.001
vn 0.148 0.973 0.176
vn 0.084 0.982 0.172
vn 0.121 0.961 0.249
vn 0.185 0.971 0.154
vn -0.056 0.997 0.051
vn 0.044 0.999 0.008
vn -0.106 0.991 -0.079
vn -0.226 0.953 -0.201
vn -0.017 0.998 -0.060
vn -0.094 0.993 -0.076
vn 0.044 0.994 -0.097
vn 0.106 0.993 0.050
vn 0.042 0.983 -0.178
vn 0.066 0.967 0.245
vn -0.120 0.990 -0.075
vn -0.473 0.850 0.232
vn -0.080 0.964 0.254
vn -0.228 0.943 0.242
vn -0.424 0.775 0.468
vn 0.021 0.991 -0.129
vn 0.028 0.992 -0.123
vn 0.196 0.977 -0.085
vn 0.108 0.994 0.021
vn -0.071 0.997 0.030
vn -0.036 0.998 -0.059
vn 0.008 1.000 0.026
vn 0.127 0.988 0.091
vn 0.191 0.981 0.021
vn 0.112 0.977 0.179
vn 0.027 0.985 0.173
vn 0.001 0.990 0.141
vn 0.043 0.998 0.051
vn 0.035 0.996 -0.085
vn -0.154 0.986 -0.063
vn 0.144 0.990 0.007
vn -0.030 0.973 -0.228
vn -0.249 0.870 -0.425
vn 0.145 0.976 -0.160
vn -0.250 0.948 -0.195
vn -0.062 0.991 -0.121
vn -0.146 0.987 -0.061
vn 0.017 1.000 -0.009
vn -0.035 0.999 -0.022
vn 0.197 0.978 0.074
vn 0.222 0.908 -0.355
vn 0.444 0.827 -0.346
vn 0.131 0.991 0.032
vn 0.133 0.971 -0.197
vn -0.256 0.965 -0.054
vn -0.180 0.980 -0.083
vn -0.039 0.999 -0.037
vn 0.019 0.999 -0.029
vn 0.015 0.999 -0.042
vn 0.058 0.998 -0.006
vn 0.315 0.936 -0.157
vn 0.440 0.888 -0.137
vn -0.115 0.991 0.066
vn 0.225 0.968 0.110
vn -0.261 0.962 0.078
vn 0.261 0.957 -0.123
vn -0.240 0.946 0.217
vn 0.093 0.995 -0.039
vn 0.119 0.981 0.152
vn 0.130 0.945 0.301
vn 0.153 0.944 0.291
vn 0.108 0.982 0.156
vn 0.008 0.999 0.052
vn -0.122 0.990 -0.073
vn -0.146 0.985 -0.092
vn 0.005 1.000 -0.029
vn -0.087 0.996 0.005
vn 0.102 0.994 -0.035
vn 0.041 0.998 -0.038
vn 0.027 1.000 -0.016
vn -0.131 0.991 -0.039
vn -0.014 0.995 0.097
vn 0.047 0.999 0.024
vn -0.011 1.000 -0.018
vn 0.079 0.996 0.050
vn 0.081 0.995 0.057
vn 0.153 0.987 0.048
vn 0.100 0.988 0.120
vn -0.143 0.984 -0.106
vn -0.176 0.984 -0.016
vn -0.266 0.963 -0.036
vn 0.177 0.982 0.060
vn 0.092 0.995 0.024
vn -0.165 0.986 0.038
vn 0.228 0.972 0.052
vn -0.148 0.950 -0.275
vn -0.034 0.994 -0.107
vn 0.028 0.999 0.047
vn -0.007 0.998 -0.067
vn 0.361 0.914 0.185
vn 0.168 0.950 0.264
vn 0.407 0.881 0.240
vn -0.165 0.977 0.132
vn -0.004 0.815 0.580
vn 0.130 0.983 0.127
vn 0.116 0.860 0.496
vn -0.095 0.981 -0.169
vn -0.036 0.998 -0.057
vn -0.033 0.999 0.024
vn 0.099 0.995 -0.027
vn 0.299 0.953 0.037
vn 0.176 0.979 -0.107
vn -0.136 0.991 -0.004
vn -0.043 0.996 -0.072
vn 0.072 0.996 0.045
vn -0.008 0.997 0.071
vn 0.033 0.996 -0.079
vn 0.068 0.993 -0.092
vn 0.016 0.990 0.143
vn 0.026 0.999 0.026
vn 0.066 0.998 0.017
vn 0.117 0.989 0.093
vn 0.120 0.965 0.231
vn -0.027 0.993 0.112
vn -0.203 0.978 0.055
vn -0.010 1.000 0.009
vn 0.034 0.999 0.014
vn 0.076 0.997 -0.003
vn 0.071 0.997 -0.034
vn -0.086 0.994 -0.062
vn 0.000 0.996 0.084
vn -0.036 0.999 -0.014
vn 0.116 0.992 0.041
vn 0.145 0.972 -0.185
vn 0.042 0.989 0.143
vn 0.036 0.999 0.003
vn -0.012 0.998 0.068
vn 0.151 0.986 0.069
vn 0.163 0.984 -0.069
vn -0.106 0.989 -0.103
vn -0.012 0.993 0.117
vn -0.104 0.994 0.022
vn -0.085 0.996 -0.039
vn -0.002 0.997 0.079
vn -0.135 0.979 -0.154
vn -0.091 0.956 -0.279
vn -0.080 0.976 -0.205
vn -0.186 0.972 -0.144
vn -0.128 0.980 -0.151
vn 0.001 1.000 -0.025
vn 0.041 0.999 -0.005
vn 0.176 0.984 -0.037
vn 0.294 0.939 -0.177
vn 0.384 0.923 0.004
vn 0.242 0.966 -0.094
vn -0.099 0.994 -0.040
vn -0.093 0.996 -0.012
vn -0.010 1.000 -0.028
vn -0.092 0.996 -0.011
vn -0.320 0.941 -0.110
vn 0.271 0.958 -0.095
vn -0.153 0.987 0.045
vn 0.295 0.915 0.275
vn -0.161 0.971 0.178
vn 0.027 0.996 0.087
vn -0.174 0.981 0.084
vn 0.070 0.996 0.050
vn 0.131 0.991 0.004
vn 0.146 0.987 -0.061
vn 0.018 0.999 -0.042
vn -0.100 0.995 0.023
vn -0.005 0.981 0.196
vn 0.029 0.986 0.165
vn 0.119 0.968 0.223
vn -0.064 0.993 -0.097
vn -0.263 0.958 -0.113
vn -0.035 0.995 -0.095
vn 0.194 0.981 0.020
vn -0.096 0.995 0.009
vn 0.044 0.998 -0.054
vn 0.134 0.979 0.152
vn 0.170 0.976 0.136
vn 0.045 0.990 -0.134
vn -0.347 0.907 -0.239
vn -0.160 0.986 0.049
vn -0.045 0.988 -0.150
vn -0.074 0.996 0.054
vn -0.008 1.000 -0.003
vn 0.053 0.993 -0.106
vn 0.132 0.991 -0.025
vn 0.085 0.957 -0.276
vn 0.012 1.000 -0.028
vn 0.107 0.994 -0.013
vn -0.038 0.999 -0.032
vn -0.045 0.999 0.031
vn 0.306 0.952 -0.009
vn 0.050 0.999 0.008
vn -0.046 0.996 0.077
vn -0.104 0.993 -0.062
vn 0.015 0.992 -0.126
vn -0.021 0.997 -0.079
vn -0.235 0.964 0.120
vn -0.115 0.967 -0.229
vn -0.122 0.983 -0.134
vn -0.121 0.991 -0.064
vn -0.038 0.999 0.005
vn 0.390 0.921 0.013
vn 0.428 0.895 -0.124
vn 0.586 0.762 -0.276
vn 0.211 0.959 0.188
vn 0.412 0.909 0.054
vn 0.545 0.811 0.213
vn 0.006 1.000 -0.014
vn -0.144 0.989 -0.017
vn -0.101 0.994 -0.036
vn -0.034 0.999 0.034
vn 0.056 0.998 0.038
vn -0.149 0.987 0.064
vn -0.177 0.980 -0.092
vn 0.092 0.993 -0.070
vn -0.048 0.982 -0.184
vn -0.114 0.987 -0.115
vn -0.012 0.942 -0.334
vn 0.120 0.991 0.057
vn -0.032 0.999 0.024
vn -0.058 0.998 0.007
vn 0.010 0.996 -0.093
vn 0.128 0.990 0.066
vn -0.070 0.971 -0.230
vn 0.145 0.962 0.231
vn 0.311 0.888 0.338
vn 0.057 0.988 0.140
vn 0.218 0.913 0.345
vn 0.070 0.995 0.065
vn -0.132 0.960 0.249
vn -0.162 0.986 -0.035
vn 0.090 0.996 -0.012
vn 0.099 0.990 -0.098
vn 0.074 0.997 -0.015
vn 0.118 0.949 -0.293
vn 0.093 0.953 -0.288
vn 0.136 0.988 0.068
vn 0.103 0.964 0.244
vn -0.238 0.957 -0.167
vn 0.091 0.992 0.090
vn 0.181 0.983 -0.035
vn 0.004 0.999 -0.053
vn -0.109 0.853 -0.511
vn 0.216 0.958 -0.187
vn -0.067 0.996 -0.063
vn -0.207 0.948 0.243
vn 0.033 0.993 0.117
vn -0.064 0.998 0.027
vn 0.043 0.995 -0.087
vn -0.051 0.998 -0.028
vn 0.079 0.995 -0.060
vn -0.006 0.998 0.057
vn -0.104 0.993 0.053
vn -0.227 0.952 0.207
vn 0.125 0.991 0.043
vn 0.407 0.904 -0.131
vn 0.230 0.965 -0.127
vn -0.228 0.973 -0.016
vn -0.053 0.991 0.122
vn 0.201 0.979 -0.007
vn -0.040 0.998 -0.055
vn 0.003 0.999 -0.036
vn -0.011 1.000 -0.008
vn -0.015 0.983 -0.182
vn -0.068 0.995 -0.070
vn -0.235 0.951 -0.202
vn 0.110 0.950 0.291
vn 0.083 0.977 -0.197
vn -0.386 0.743 -0.547
vn 0.139 0.979 -0.149
vn -0.097 0.990 0.100
vn 0.026 0.962 0.273
vn 0.185 0.982 -0.043
vn 0.103 0.954 0.280
vn -0.037 0.999 0.032
vn -0.268 0.886 -0.377
vn -0.119 0.992 -0.050
vn -0.311 0.949 -0.043
vn -0.105 0.937 0.332
vn -0.015 0.989 0.145
vn -0.009 0.998 0.070
vn -0.036 0.992 -0.123
vn -0.042 0.999 -0.027
vn 0.241 0.829 0.505
vn 0.010 1.000 0.023
vn 0.300 0.909 0.289
vn 0.402 0.835 0.375
vn 0.301 0.903 0.308
vn 0.244 0.932 0.269
vn 0.301 0.909 0.290
vn -0.193 0.981 -0.017
vn 0.006 1.000 -0.018
vn 0.048 0.999 -0.008
vn -0.140 0.989 -0.051
vn 0.049 0.999 -0.001
vn 0.056 0.997 -0.043
vn -0.053 0.994 -0.093
vn 0.143 0.987 -0.066
vn 0.241 0.952 0.188
vn -0.112 0.984 -0.142
vn -0.047 0.998 0.051
vn 0.015 1.000 -0.007
vn 0.017 0.999 -0.040
vn 0.008 0.997 0.079
vn -0.303 0.923 -0.236
vn 0.036 0.999 0.035
vn -0.038 0.993 -0.110
vn -0.108 0.993 0.053
vn 0.059 0.987 0.148
vn 0.081 0.967 -0.243
vn 0.142 0.986 0.089
vn 0.019 1.000 0.001
vn 0.080 0.990 -0.118
vn 0.206 0.974 -0.099
vn -0.061 0.998 0.032
vn 0.096 0.993 -0.067
vn -0.205 0.972 -0.111
vn -0.018 1.000 0.013
vn -0.101 0.989 -0.111
vn 0.183 0.983 -0.030
vn -0.181 0.983 -0.028
vn 0.026 0.983 0.180
vn -0.183 0.862 0.472
vn -0.321 0.947 -0.010
vn 0.216 0.975 0.060
vn -0.063 0.992 -0.113
vn -0.035 0.997 0.062
vn -0.284 0.868 -0.408
vn -0.418 0.907 -0.048
vn 0.371 0.925 0.080
vn -0.165 0.984 -0.069
vn -0.123 0.830 -0.544
vn 0.194 0.951 -0.240
vn -0.266 0.950 -0.161
vn 0.041 0.997 0.066
vn -0.185 0.949 0.254
vn 0.013 1.000 0.010
vn 0.045 0.997 -0.063
vn -0.246 0.964 -0.097
vn -0.098 0.993 0.068
vn 0.266 0.954 -0.136
vn 0.142 0.981 -0.129
vn -0.076 0.973 -0.219
vn 0.435 0.834 -0.339
vn 0.055 0.994 -0.098
vn 0.215 0.976 0.007
vn -0.060 0.998 -0.004
vn -0.083 0.993 -0.082
vn 0.014 0.998 -0.058
vn 0.003 0.999 -0.044
vn 0.014 1.000 0.012
vn -0.137 0.980 -0.142
vn -0.125 0.978 0.168
vn 0.070 0.979 0.194
vn -0.022 1.000 -0.016
vn -0.000 0.997 0.074
vn 0.018 0.996 -0.093
vn -0.093 0.987 -0.132
vn -0.087 0.989 -0.118
vn -0.011 0.987 -0.158
vn -0.142 0.962 -0.232
vn 0.022 0.951 -0.308
vn -0.198 0.791 -0.578
vn 0.031 0.958 -0.285
vn -0.413 0.792 -0.450
vn 0.235 0.924 0.303
vn -0.157 0.977 0.144
vn -0.162 0.928 -0.336
vn -0.233 0.852 -0.469
vn -0.034 0.903 -0.427
vn 0.009 0.959 -0.283
vn -0.253 0.967 0.042
vn -0.076 0.986 -0.152
vn -0.115 0.993 -0.017
vn -0.021 0.999 -0.030
vn 0.288 0.912 0.290
vn 0.125 0.988 0.095
vn 0.383 0.896 0.223
vn 0.136 0.966 0.221
vn -0.345 0.929 -0.135
vn 0.003 1.000 0.006
vn -0.321 0.936 -0.145
vn 0.607 0.750 0.264
vn 0.290 0.957 -0.025
vn -0.122 0.991 -0.057
vn 0.109 0.993 -0.049
vn -0.028 0.993 -0.118
vn -0.156 0.987 -0.045
vn -0.070 0.996 -0.060
vn 0.030 0.983 0.181
vn -0.205 0.964 0.170
vn 0.077 0.997 0.010
vn 0.340 0.940 -0.005
vn 0.019 0.999 -0.030
vn -0.331 0.871 -0.364
vn -0.086 0.996 0.040
vn -0.242 0.922 -0.303
vn -0.075 0.996 -0.051
vn 0.111 0.964 0.240
vn 0.037 0.970 -0.239
vn -0.091 0.996 -0.027
vn -0.153 0.969 -0.193
vn 0.123 0.991 0.047
vn -0.059 0.995 0.077
vn 0.073 0.997 -0.027
vn 0.055 0.998 -0.011
vn 0.040 0.999 0.003
vn -0.022 0.998 -0.052
vn -0.049 0.997 0.061
vn -0.142 0.989 0.031
vn -0.062 0.991 -0.115
vn 0.011 0.999 0.034
vn 0.397 0.918 -0.012
vn 0.055 0.993 -0.104
vn 0.545 0.828 0.129
vn -0.224 0.891 0.394
vn 0.059 0.933 0.355
vn 0.387 0.900 0.199
vn 0.219 0.858 -0.465
vn 0.038 0.981 0.190
vn 0.011 0.999 0.045
vn 0.616 0.787 0.039
vn -0.048 0.963 0.264
vn 0.077 0.842 0.534
vn 0.123 0.863 0.490
vn -0.163 0.968 0.192
vn 0.084 0.996 0.001
vn 0.099 0.995 -0.022
vn 0.020 1.000 0.012
vn -0.156 0.985 0.077
vn -0.119 0.983 -0.142
vn 0.134 0.988 -0.071
vn 0.183 0.981 -0.069
vn 0.060 0.997 -0.043
vn 0.007 0.998 -0.066
vn -0.027 0.999 -0.046
vn -0.087 0.996 -0.002
vn -0.155 0.988 -0.017
vn -0.004 0.999 -0.033
vn -0.024 1.000 -0.007
vn -0.030 0.999 0.019
vn 0.032 0.997 -0.075
vn -0.172 0.985 0.009
vn -0.134 0.988 -0.074
vn 0.223 0.962 -0.161
vn 0.484 0.873 0.059
vn 0.462 0.884 0.069
vn 0.055 0.993 -0.106
vn 0.068 0.998 0.018
vn -0.294 0.952 -0.087
vn -0.042 0.999 -0.002
vn 0.001 1.000 0.026
vn 0.024 0.999 -0.022
vn -0.046 0.999 -0.025
vn 0.059 0.995 -0.075
vn 0.024 0.932 -0.363
vn 0.156 0.988 0.005
vn 0.011 0.930 -0.368
vn 0.267 0.917 -0.296
vn -0.333 0.868 -0.369
vn 0.015 0.810 -0.587
vn 0.094 0.988 -0.124
vn 0.141 0.968 -0.209
vn -0.076 0.985 -0.153
vn -0.285 0.912 -0.294
vn -0.144 0.946 -0.291
vn 0.050 0.986 -0.161
vn -0.067 0.982 -0.179
vn -0.025 0.995 -0.099
vn 0.062 0.997 -0.039
vn -0.062 0.998 0.016
vn 0.146 0.989 0.001
vn 0.009 1.000 0.003
vn -0.199 0.980 0.014
vn -0.165 0.976 0.141
vn -0.027 0.995 -0.093
vn -0.112 0.990 0.088
vn 0.096 0.995 -0.042
vn -0.008 0.996 -0.086
vn -0.052 0.993 -0.105
vn -0.041 0.999 0.031
vn 0.033 0.989 -0.143
vn 0.132 0.982 -0.138
vn 0.115 0.990 -0.075
vn 0.006 1.000 -0.013
vn 0.082 0.996 -0.035
vn -0.009 1.000 0.020
vn -0.126 0.991 -0.048
vn 0.061 0.998 0.001
vn 0.151 0.983 0.106
vn 0.354 0.935 0.018
vn 0.204 0.977 -0.056
vn 0.188 0.982 0.026
vn 0.096 0.995 0.004
vn -0.032 0.999 0.030
vn -0.083 0.990 0.116
vn -0.044 0.992 0.117
vn 0.053 0.997 0.053
vn -0.022 1.000 0.004
vn -0.017 0.998 -0.055
vn -0.163 0.985 -0.062
vn -0.180 0.982 -0.051
vn 0.302 0.947 0.111
vn 0.280 0.955 -0.094
vn -0.245 0.969 -0.007
vn 0.376 0.917 0.132
vn -0.035 0.999 0.038
vn -0.024 0.996 0.088
vn 0.051 0.970 -0.239
vn -0.076 0.981 -0.178
vn -0.128 0.977 -0.169
vn 0.018 0.950 -0.311
vn -0.036 0.994 -0.102
vn 0.095 0.957 -0.274
vn -0.030 0.996 -0.087
vn -0.029 1.000 0.005
vn 0.030 0.989 -0.142
vn -0.181 0.977 -0.113
vn -0.112 0.990 -0.091
vn 0.015 0.998 0.066
vn -0.128 0.989 0.076
vn -0.006 0.999 -0.053
vn 0.016 0.999 0.034
vn -0.027 0.990 0.137
vn -0.319 0.944 0.090
vn -0.004 0.998 -0.055
vn -0.190 0.981 0.045
vn 0.159 0.984 -0.079
vn 0.030 1.000 -0.009
vn 0.052 0.998 -0.023
vn -0.001 1.000 -0.024
vn 0.017 1.000 -0.024
vn 0.089 0.996 0.009
vn -0.054 0.999 -0.007
vn -0.061 0.998 0.002
vn 0.056 0.998 0.005
vn 0.209 0.955 0.210
vn 0.055 0.975 0.217
vn -0.064 0.974 0.215
vn -0.032 0.998 0.062
vn -0.067 0.998 -0.019
vn 0.018 0.978 0.208
vn 0.164 0.969 0.183
vn -0.139 0.989 0.058
vn 0.047 0.993 0.112
vn -0.018 1.000 0.012
vn -0.083 0.996 -0.044
vn -0.230 0.970 -0.078
vn -0.020 0.995 -0.100
vn -0.100 0.988 -0.114
vn -0.033 0.996 -0.085
vn 0.510 0.853 0.109
vn 0.452 0.891 -0.035
vn 0.582 0.793 0.183
vn 0.198 0.978 0.062
vn 0.092 0.972 0.216
vn 0.326 0.920 0.218
vn -0.265 0.949 -0.170
vn -0.253 0.929 -0.272
vn -0.142 0.990 0.008
vn 0.035 0.996 0.083
vn 0.005 1.000 -0.025
vn 0.002 0.985 -0.170
vn -0.011 1.000 -0.005
vn -0.064 0.997 0.050
vn -0.032 0.998 -0.054
vn 0.053 0.993 -0.105
vn -0.064 0.996 0.058
vn -0.107 0.994 0.022
vn -0.209 0.978 0.008
vn 0.048 0.999 0.011
vn 0.087 0.996 -0.024
vn -0.010 1.000 -0.011
vn -0.013 0.997 0.082
vn 0.115 0.992 -0.048
vn 0.011 1.000 -0.025
vn 0.023 1.000 0.018
vn 0.053 0.998 0.015
vn -0.208 0.978 0.024
vn 0.070 0.996 0.054
vn 0.228 0.968 0.108
vn 0.040 0.999 -0.016
vn -0.085 0.996 -0.034
vn -0.001 1.000 0.001
vn -0.129 0.991 -0.021
vn -0.043 0.998 0.034
vn 0.039 0.997 0.060
vn 0.040 0.989 0.142
vn 0.069 0.991 0.117
vn 0.081 0.997 0.012
vn 0.059 0.997 -0.054
vn -0.346 0.933 -0.093
vn -0.449 0.887 0.105
vn -0.284 0.924 0.255
vn -0.178 0.838 0.515
vn 0.141 0.941 0.306
vn -0.360 0.933 -0.022
vn 0.267 0.963 0.025
vn -0.215 0.977 0.012
vn 0.181 0.969 0.168
vn 0.023 1.000 -0.005
vn 0.168 0.986 -0.020
vn -0.200 0.979 -0.048
vn -0.062 0.994 0.091
vn 0.207 0.978 -0.028
vn -0.061 0.993 0.102
vn -0.239 0.960 -0.146
vn -0.283 0.932 -0.226
vn -0.222 0.940 -0.261
vn -0.135 0.953 -0.272
vn -0.004 0.969 -0.247
vn -0.275 0.924 -0.264
vn 0.272 0.933 0.236
vn -0.159 0.985 0.066
vn 0.025 0.996 0.088
vn -0.052 0.998 0.031
vn -0.216 0.930 -0.296
vn 0.257 0.817 0.516
vn 0.049 0.997 0.051
vn 0.162 0.979 0.128
vn -0.024 0.986 0.166
vn -0.134 0.830 -0.541
vn -0.052 0.993 -0.102
vn -0.338 0.862 -0.378
vn 0.504 0.698 0.509
vn 0.168 0.974 0.149
vn -0.123 0.983 -0.136
vn -0.417 0.878 -0.235
vn -0.020 0.993 -0.118
vn 0.175 0.981 0.086
vn -0.066 0.997 -0.045
vn -0.059 0.997 0.048
vn 0.023 1.000 -0.009
vn 0.039 0.997 -0.061
vn -0.130 0.987 0.098
vn -0.120 0.965 0.234
vn -0.033 0.993 0.112
vn -0.178 0.960 0.216
vn -0.147 0.982 -0.118
vn -0.084 0.958 -0.274
vn -0.200 0.959 -0.203
vn -0.356 0.929 0.102
vn 0.171 0.941 0.292
vn 0.027 0.965 0.262
vn 0.234 0.972 0.014
vn -0.008 0.998 -0.061
vn 0.217 0.963 0.161
vn 0.002 0.995 -0.100
vn 0.122 0.990 0.067
vn 0.024 0.999 -0.030
vn 0.015 0.995 -0.102
vn 0.048 0.991 -0.128
vn -0.016 0.991 -0.131
vn 0.012 0.999 -0.048
vn 0.142 0.983 -0.120
vn 0.273 0.962 -0.024
vn 0.066 0.997 -0.025
vn -0.098 0.995 0.017
vn -0.070 0.996 0.047
vn 0.056 0.998 -0.037
vn -0.051 0.997 -0.054
vn -0.043 0.996 0.077
vn 0.086 0.994 0.074
vn 0.197 0.971 0.136
vn -0.138 0.989 -0.047
vn -0.218 0.942 -0.254
vn 0.105 0.983 -0.149
vn 0.142 0.976 -0.166
vn 0.163 0.981 -0.100
vn -0.254 0.966 -0.044
vn -0.067 0.998 -0.010
vn 0.187 0.981 0.050
vn -0.072 0.979 -0.192
vn -0.018 1.000 -0.006
vn -0.046 0.988 0.149
vn -0.141 0.987 -0.077
vn -0.195 0.942 -0.273
vn -0.467 0.748 -0.472
vn -0.087 0.995 -0.038
vn 0.099 0.981 -0.164
vn 0.049 0.997 0.062
vn -0.153 0.980 -0.125
vn 0.172 0.974 0.151
vn 0.078 0.923 -0.378
vn -0.148 0.975 0.166
vn -0.341 0.731 -0.591
vn 0.231 0.944 -0.234
vn -0.303 0.935 -0.181
vn -0.109 0.980 0.165
vn -0.321 0.894 -0.311
vn -0.278 0.949 -0.147
vn -0.097 0.993 -0.065
vn 0.187 0.971 0.151
vn -0.203 0.977 -0.072
vn 0.134 0.991 0.001
vn -0.074 0.990 -0.121
vn 0.270 0.952 0.143
vn 0.197 0.979 0.058
vt 0.000000 0.000000
vt 0.031250 0.000000
vt 0.062500 0.000000
vt 0.046875 0.000000
vt 0.039063 0.000000
vt 0.093750 0.000000
vt 0.125000 0.000000
vt 0.156250 0.000000
vt 0.187500 0.000000
vt 0.218750 0.000000
vt 0.250000 0.000000
vt 0.281250 0.000000
vt 0.312500 0.000000
vt 0.343750 0.000000
vt 0.375000 0.000000
vt 0.406250 0.000000
vt 0.437500 0.000000
vt 0.468750 0.000000
vt 0.500000 0.000000
vt 0.531250 0.000000
vt 0.562500 0.000000
vt 0.593750 0.000000
vt 0.625000 0.000000
vt 0.656250 0.000000
vt 0.687500 0.000000
vt 0.718750 0.000000
vt 0.750000 0.000000
vt 0.781250 0.000000
vt 0.812500 0.000000
vt 0.796875 0.000000
vt 0.843750 0.000000
vt 0.875000 0.000000
vt 0.906250 0.000000
vt 0.937500 0.000000
vt 0.968750 0.000000
vt 1.000000 0.000000
vt 0.984375 0.000000
vt 0.000000 0.031250
vt 0.015625 0.015625
vt 0.031250 0.031250
vt 0.031250 0.015625
vt 0.046875 0.015625
vt 0.039063 0.007813
vt 0.062500 0.031250
vt 0.093750 0.031250
vt 0.125000 0.031250
vt 0.156250 0.031250
vt 0.187500 0.031250
vt 0.218750 0.031250
vt 0.250000 0.031250
vt 0.281250 0.031250
vt 0.312500 0.031250
vt 0.343750 0.031250
vt 0.375000 0.031250
vt 0.406250 0.031250
vt 0.437500 0.031250
vt 0.468750 0.031250
vt 0.500000 0.031250
vt 0.531250 0.031250
vt 0.562500 0.031250
vt 0.593750 0.031250
vt 0.625000 0.031250
vt 0.656250 0.031250
vt 0.687500 0.031250
vt 0.718750 0.031250
vt 0.750000 0.031250
vt 0.781250 0.031250
vt 0.796875 0.015625
vt 0.812500 0.031250
vt 0.828125 0.015625
vt 0.843750 0.031250
vt 0.859375 0.015625
vt 0.875000 0.015625
vt 0.867188 0.023438
vt 0.875000 0.031250
vt 0.875000 0.023438
vt 0.859375 0.031250
vt 0.890625 0.015625
vt 0.882813 0.023438
vt 0.906250 0.031250
vt 0.906250 0.015625
vt 0.890625 0.031250
vt 0.921875 0.015625
vt 0.914063 0.023438
vt 0.937500 0.031250
vt 0.921875 0.031250
vt 0.968750 0.031250
vt 0.984375 0.015625
vt 1.000000 0.031250
vt 0.000000 0.062500
vt 0.031250 0.062500
vt 0.062500 0.062500
vt 0.093750 0.062500
vt 0.125000 0.062500
vt 0.156250 0.062500
vt 0.187500 0.062500
vt 0.218750 0.062500
vt 0.250000 0.062500
vt 0.281250 0.062500
vt 0.312500 0.062500
vt 0.343750 0.062500
vt 0.375000 0.062500
vt 0.406250 0.062500
vt 0.437500 0.062500
vt 0.468750 0.062500
vt 0.500000 0.062500
vt 0.531250 0.062500
vt 0.562500 0.062500
vt 0.593750 0.062500
vt 0.625000 0.062500
vt 0.656250 0.062500
vt 0.687500 0.062500
vt 0.718750 0.062500
vt 0.750000 0.062500
vt 0.781250 0.062500
vt 0.812500 0.062500
vt 0.843750 0.062500
vt 0.859375 0.046875
vt 0.875000 0.062500
vt 0.890625 0.046875
vt 0.906250 0.062500
vt 0.921875 0.046875
vt 0.937500 0.062500
vt 0.921875 0.062500
vt 0.968750 0.062500
vt 0.984375 0.046875
vt 1.000000 0.062500
vt 1.000000 0.046875
vt 0.000000 0.093750
vt 0.031250 0.093750
vt 0.062500 0.093750
vt 0.093750 0.093750
vt 0.125000 0.093750
vt 0.156250 0.093750
vt 0.187500 0.093750
vt 0.218750 0.093750
vt 0.250000 0.093750
vt 0.281250 0.093750
vt 0.312500 0.093750
vt 0.343750 0.093750
vt 0.375000 0.093750
vt 0.406250 0.093750
vt 0.437500 0.093750
vt 0.468750 0.093750
vt 0.500000 0.093750
vt 0.531250 0.093750
vt 0.562500 0.093750
vt 0.593750 0.093750
vt 0.625000 0.093750
vt 0.656250 0.093750
vt 0.687500 0.093750
vt 0.718750 0.093750
vt 0.750000 0.093750
vt 0.781250 0.093750
vt 0.812500 0.093750
vt 0.843750 0.093750
vt 0.875000 0.093750
vt 0.906250 0.093750
vt 0.921875 0.078125
vt 0.937500 0.093750
vt 0.968750 0.093750
vt 1.000000 0.093750
vt 0.000000 0.125000
vt 0.031250 0.125000
vt 0.046875 0.109375
vt 0.062500 0.109375
vt 0.054688 0.117187
vt 0.062500 0.125000
vt 0.046875 0.125000
vt 0.078125 0.109375
vt 0.093750 0.125000
vt 0.093750 0.109375
vt 0.109375 0.109375
vt 0.125000 0.125000
vt 0.156250 0.125000
vt 0.187500 0.125000
vt 0.218750 0.125000
vt 0.250000 0.125000
vt 0.281250 0.125000
vt 0.312500 0.125000
vt 0.343750 0.125000
vt 0.375000 0.125000
vt 0.406250 0.125000
vt 0.437500 0.125000
vt 0.468750 0.125000
vt 0.500000 0.125000
vt 0.531250 0.125000
vt 0.562500 0.125000
vt 0.593750 0.125000
vt 0.625000 0.125000
vt 0.656250 0.125000
vt 0.687500 0.125000
vt 0.718750 0.125000
vt 0.750000 0.125000
vt 0.781250 0.125000
vt 0.812500 0.125000
vt 0.843750 0.125000
vt 0.859375 0.109375
vt 0.875000 0.125000
vt 0.906250 0.125000
vt 0.937500 0.125000
vt 0.953125 0.109375
vt 0.968750 0.125000
vt 1.000000 0.125000
vt 0.000000 0.156250
vt 0.031250 0.156250
vt 0.046875 0.140625
vt 0.062500 0.156250
vt 0.093750 0.156250
vt 0.125000 0.156250
vt 0.140625 0.140625
vt 0.156250 0.156250
vt 0.140625 0.156250
vt 0.187500 0.156250
vt 0.218750 0.156250
vt 0.250000 0.156250
vt 0.281250 0.156250
vt 0.312500 0.156250
vt 0.328125 0.140625
vt 0.343750 0.156250
vt 0.328125 0.156250
vt 0.375000 0.156250
vt 0.406250 0.156250
vt 0.437500 0.156250
vt 0.468750 0.156250
vt 0.500000 0.156250
vt 0.531250 0.156250
vt 0.562500 0.156250
vt 0.593750 0.156250
vt 0.625000 0.156250
vt 0.656250 0.156250
vt 0.687500 0.156250
vt 0.718750 0.156250
vt 0.750000 0.156250
vt 0.781250 0.156250
vt 0.812500 0.156250
vt 0.843750 0.156250
vt 0.875000 0.156250
vt 0.906250 0.156250
vt 0.937500 0.156250
vt 0.968750 0.156250
vt 1.000000 0.156250
vt 0.000000 0.187500
vt 0.031250 0.187500
vt 0.046875 0.171875
vt 0.062500 0.187500
vt 0.062500 0.171875
vt 0.078125 0.171875
vt 0.070313 0.179687
vt 0.093750 0.171875
vt 0.085938 0.179687
vt 0.093750 0.187500
vt 0.078125 0.179687
vt 0.074219 0.183594
vt 0.078125 0.187500
vt 0.078125 0.183594
vt 0.070313 0.187500
vt 0.085938 0.187500
vt 0.082031 0.183594
vt 0.109375 0.171875
vt 0.125000 0.187500
vt 0.140625 0.171875
vt 0.156250 0.187500
vt 0.171875 0.171875
vt 0.187500 0.187500
vt 0.171875 0.187500
vt 0.218750 0.187500
vt 0.250000 0.187500
vt 0.281250 0.187500
vt 0.296875 0.171875
vt 0.312500 0.187500
vt 0.312500 0.171875
vt 0.328125 0.171875
vt 0.320313 0.164063
vt 0.335938 0.164063
vt 0.328125 0.164063
vt 0.343750 0.187500
vt 0.343750 0.171875
vt 0.359375 0.171875
vt 0.375000 0.187500
vt 0.359375 0.187500
vt 0.406250 0.187500
vt 0.437500 0.187500
vt 0.468750 0.187500
vt 0.500000 0.187500
vt 0.531250 0.187500
vt 0.562500 0.187500
vt 0.593750 0.187500
vt 0.625000 0.187500
vt 0.656250 0.187500
vt 0.687500 0.187500
vt 0.718750 0.187500
vt 0.750000 0.187500
vt 0.781250 0.187500
vt 0.812500 0.187500
vt 0.843750 0.187500
vt 0.875000 0.187500
vt 0.906250 0.187500
vt 0.937500 0.187500
vt 0.968750 0.187500
vt 1.000000 0.187500
vt 0.000000 0.218750
vt 0.031250 0.218750
vt 0.046875 0.203125
vt 0.062500 0.218750
vt 0.062500 0.203125
vt 0.078125 0.203125
vt 0.070313 0.195313
vt 0.085938 0.195313
vt 0.093750 0.218750
vt 0.093750 0.203125
vt 0.109375 0.203125
vt 0.125000 0.218750
vt 0.156250 0.218750
vt 0.171875 0.203125
vt 0.187500 0.218750
vt 0.218750 0.218750
vt 0.250000 0.218750
vt 0.265625 0.203125
vt 0.281250 0.203125
vt 0.273438 0.210937
vt 0.281250 0.218750
vt 0.265625 0.218750
vt 0.273438 0.218750
vt 0.296875 0.203125
vt 0.312500 0.218750
vt 0.343750 0.218750
vt 0.359375 0.203125
vt 0.367188 0.195313
vt 0.375000 0.218750
vt 0.375000 0.203125
vt 0.390625 0.203125
vt 0.406250 0.218750
vt 0.437500 0.218750
vt 0.468750 0.218750
vt 0.500000 0.218750
vt 0.531250 0.218750
vt 0.562500 0.218750
vt 0.593750 0.218750
vt 0.625000 0.218750
vt 0.656250 0.218750
vt 0.687500 0.218750
vt 0.718750 0.218750
vt 0.734375 0.203125
vt 0.750000 0.218750
vt 0.781250 0.218750
vt 0.812500 0.218750
vt 0.843750 0.218750
vt 0.875000 0.218750
vt 0.906250 0.218750
vt 0.937500 0.218750
vt 0.968750 0.218750
vt 0.984375 0.203125
vt 1.000000 0.218750
vt 1.000000 0.203125
vt 0.000000 0.250000
vt 0.031250 0.250000
vt 0.062500 0.250000
vt 0.093750 0.250000
vt 0.109375 0.234375
vt 0.125000 0.250000
vt 0.125000 0.234375
vt 0.109375 0.250000
vt 0.140625 0.234375
vt 0.156250 0.250000
vt 0.140625 0.250000
vt 0.171875 0.234375
vt 0.187500 0.250000
vt 0.171875 0.250000
vt 0.203125 0.234375
vt 0.218750 0.250000
vt 0.250000 0.250000
vt 0.265625 0.234375
vt 0.273438 0.226563
vt 0.281250 0.234375
vt 0.273438 0.242187
vt 0.281250 0.250000
vt 0.265625 0.250000
vt 0.296875 0.234375
vt 0.312500 0.250000
vt 0.343750 0.250000
vt 0.375000 0.250000
vt 0.406250 0.250000
vt 0.437500 0.250000
vt 0.468750 0.250000
vt 0.500000 0.250000
vt 0.531250 0.250000
vt 0.562500 0.250000
vt 0.593750 0.250000
vt 0.625000 0.250000
vt 0.656250 0.250000
vt 0.687500 0.250000
vt 0.718750 0.250000
vt 0.750000 0.250000
vt 0.781250 0.250000
vt 0.812500 0.250000
vt 0.843750 0.250000
vt 0.875000 0.250000
vt 0.906250 0.250000
vt 0.937500 0.250000
vt 0.968750 0.250000
vt 1.000000 0.250000
vt 0.000000 0.281250
vt 0.031250 0.281250
vt 0.062500 0.281250
vt 0.093750 0.281250
vt 0.109375 0.265625
vt 0.125000 0.281250
vt 0.140625 0.265625
vt 0.148437 0.257813
vt 0.156250 0.281250
vt 0.156250 0.265625
vt 0.156250 0.257813
vt 0.171875 0.265625
vt 0.164063 0.257813
vt 0.179687 0.257813
vt 0.187500 0.265625
vt 0.179687 0.273438
vt 0.187500 0.281250
vt 0.187500 0.273438
vt 0.171875 0.281250
vt 0.203125 0.265625
vt 0.195313 0.273438
vt 0.218750 0.281250
vt 0.203125 0.281250
vt 0.250000 0.281250
vt 0.265625 0.265625
vt 0.281250 0.281250
vt 0.265625 0.281250
vt 0.312500 0.281250
vt 0.343750 0.281250
vt 0.359375 0.265625
vt 0.375000 0.281250
vt 0.375000 0.265625
vt 0.390625 0.265625
vt 0.382813 0.273438
vt 0.406250 0.265625
vt 0.398438 0.273438
vt 0.406250 0.281250
vt 0.390625 0.273438
vt 0.386719 0.277344
vt 0.390625 0.281250
vt 0.382813 0.281250
vt 0.398438 0.281250
vt 0.421875 0.265625
vt 0.437500 0.281250
vt 0.453125 0.265625
vt 0.468750 0.281250
vt 0.468750 0.265625
vt 0.484375 0.265625
vt 0.500000 0.281250
vt 0.531250 0.281250
vt 0.562500 0.281250
vt 0.593750 0.281250
vt 0.625000 0.281250
vt 0.656250 0.281250
vt 0.687500 0.281250
vt 0.718750 0.281250
vt 0.734375 0.265625
vt 0.750000 0.265625
vt 0.742188 0.273438
vt 0.750000 0.281250
vt 0.734375 0.281250
vt 0.765625 0.265625
vt 0.781250 0.281250
vt 0.812500 0.281250
vt 0.843750 0.281250
vt 0.875000 0.281250
vt 0.906250 0.281250
vt 0.937500 0.281250
vt 0.968750 0.281250
vt 1.000000 0.281250
vt 0.000000 0.312500
vt 0.031250 0.312500
vt 0.062500 0.312500
vt 0.093750 0.312500
vt 0.125000 0.312500
vt 0.156250 0.312500
vt 0.171875 0.296875
vt 0.187500 0.312500
vt 0.203125 0.296875
vt 0.218750 0.312500
vt 0.234375 0.296875
vt 0.250000 0.312500
vt 0.250000 0.296875
vt 0.257813 0.289063
vt 0.257813 0.296875
vt 0.265625 0.296875
vt 0.257813 0.304688
vt 0.261719 0.300781
vt 0.281250 0.296875
vt 0.273438 0.304688
vt 0.281250 0.312500
vt 0.265625 0.312500
vt 0.265625 0.304688
vt 0.296875 0.296875
vt 0.312500 0.312500
vt 0.343750 0.312500
vt 0.359375 0.296875
vt 0.375000 0.312500
vt 0.375000 0.296875
vt 0.390625 0.296875
vt 0.382813 0.289063
vt 0.398438 0.289063
vt 0.406250 0.312500
vt 0.406250 0.296875
vt 0.421875 0.296875
vt 0.437500 0.312500
vt 0.468750 0.312500
vt 0.500000 0.312500
vt 0.515625 0.296875
vt 0.531250 0.312500
vt 0.562500 0.312500
vt 0.593750 0.312500
vt 0.625000 0.312500
vt 0.656250 0.312500
vt 0.687500 0.312500
vt 0.718750 0.312500
vt 0.734375 0.296875
vt 0.750000 0.312500
vt 0.781250 0.312500
vt 0.812500 0.312500
vt 0.843750 0.312500
vt 0.875000 0.312500
vt 0.906250 0.312500
vt 0.937500 0.312500
vt 0.968750 0.312500
vt 1.000000 0.312500
vt 0.000000 0.343750
vt 0.031250 0.343750
vt 0.062500 0.343750
vt 0.093750 0.343750
vt 0.125000 0.343750
vt 0.156250 0.343750
vt 0.187500 0.343750
vt 0.218750 0.343750
vt 0.250000 0.343750
vt 0.265625 0.328125
vt 0.281250 0.343750
vt 0.296875 0.328125
vt 0.312500 0.343750
vt 0.312500 0.328125
vt 0.328125 0.328125
vt 0.320313 0.335938
vt 0.343750 0.343750
vt 0.328125 0.343750
vt 0.320313 0.343750
vt 0.375000 0.343750
vt 0.406250 0.343750
vt 0.421875 0.328125
vt 0.437500 0.343750
vt 0.437500 0.328125
vt 0.421875 0.343750
vt 0.453125 0.328125
vt 0.468750 0.343750
vt 0.500000 0.343750
vt 0.531250 0.343750
vt 0.546875 0.328125
vt 0.562500 0.343750
vt 0.578125 0.328125
vt 0.593750 0.343750
vt 0.625000 0.343750
vt 0.656250 0.343750
vt 0.687500 0.343750
vt 0.718750 0.343750
vt 0.750000 0.343750
vt 0.781250 0.343750
vt 0.812500 0.343750
vt 0.843750 0.343750
vt 0.875000 0.343750
vt 0.906250 0.343750
vt 0.937500 0.343750
vt 0.968750 0.343750
vt 1.000000 0.343750
vt 0.000000 0.375000
vt 0.031250 0.375000
vt 0.062500 0.375000
vt 0.093750 0.375000
vt 0.125000 0.375000
vt 0.156250 0.375000
vt 0.187500 0.375000
vt 0.218750 0.375000
vt 0.250000 0.375000
vt 0.281250 0.375000
vt 0.296875 0.359375
vt 0.312500 0.375000
vt 0.312500 0.359375
vt 0.328125 0.359375
vt 0.320313 0.351563
vt 0.335938 0.351563
vt 0.328125 0.351563
vt 0.324219 0.347656
vt 0.343750 0.375000
vt 0.343750 0.359375
vt 0.328125 0.375000
vt 0.359375 0.359375
vt 0.351563 0.367188
vt 0.375000 0.375000
vt 0.359375 0.375000
vt 0.390625 0.359375
vt 0.406250 0.375000
vt 0.406250 0.359375
vt 0.421875 0.359375
vt 0.414063 0.367188
vt 0.429688 0.351563
vt 0.429688 0.367188
vt 0.437500 0.359375
vt 0.429688 0.359375
vt 0.437500 0.375000
vt 0.421875 0.375000
vt 0.421875 0.367188
vt 0.453125 0.359375
vt 0.468750 0.375000
vt 0.468750 0.359375
vt 0.484375 0.359375
vt 0.476563 0.367188
vt 0.500000 0.375000
vt 0.484375 0.375000
vt 0.531250 0.375000
vt 0.562500 0.375000
vt 0.593750 0.375000
vt 0.625000 0.375000
vt 0.656250 0.375000
vt 0.687500 0.375000
vt 0.718750 0.375000
vt 0.750000 0.375000
vt 0.781250 0.375000
vt 0.812500 0.375000
vt 0.843750 0.375000
vt 0.875000 0.375000
vt 0.906250 0.375000
vt 0.937500 0.375000
vt 0.968750 0.375000
vt 1.000000 0.375000
vt 0.000000 0.406250
vt 0.031250 0.406250
vt 0.062500 0.406250
vt 0.093750 0.406250
vt 0.125000 0.406250
vt 0.156250 0.406250
vt 0.187500 0.406250
vt 0.218750 0.406250
vt 0.250000 0.406250
vt 0.281250 0.406250
vt 0.296875 0.390625
vt 0.312500 0.406250
vt 0.328125 0.390625
vt 0.335938 0.382813
vt 0.343750 0.406250
vt 0.343750 0.390625
vt 0.343750 0.382813
vt 0.351563 0.390625
vt 0.351563 0.382813
vt 0.347656 0.386719
vt 0.359375 0.390625
vt 0.351563 0.398438
vt 0.355469 0.394531
vt 0.375000 0.390625
vt 0.367188 0.398438
vt 0.375000 0.406250
vt 0.359375 0.406250
vt 0.359375 0.398438
vt 0.390625 0.390625
vt 0.406250 0.406250
vt 0.406250 0.390625
vt 0.421875 0.390625
vt 0.414063 0.398438
vt 0.437500 0.390625
vt 0.429688 0.398438
vt 0.437500 0.406250
vt 0.421875 0.406250
vt 0.421875 0.398438
vt 0.429688 0.406250
vt 0.425781 0.402344
vt 0.453125 0.390625
vt 0.468750 0.406250
vt 0.484375 0.390625
vt 0.500000 0.406250
vt 0.531250 0.406250
vt 0.562500 0.406250
vt 0.593750 0.406250
vt 0.609375 0.390625
vt 0.625000 0.406250
vt 0.609375 0.406250
vt 0.656250 0.406250
vt 0.671875 0.390625
vt 0.687500 0.406250
vt 0.671875 0.406250
vt 0.718750 0.406250
vt 0.750000 0.406250
vt 0.781250 0.406250
vt 0.812500 0.406250
vt 0.843750 0.406250
vt 0.875000 0.406250
vt 0.906250 0.406250
vt 0.937500 0.406250
vt 0.968750 0.406250
vt 1.000000 0.406250
vt 0.000000 0.437500
vt 0.031250 0.437500
vt 0.062500 0.437500
vt 0.093750 0.437500
vt 0.125000 0.437500
vt 0.156250 0.437500
vt 0.187500 0.437500
vt 0.218750 0.437500
vt 0.250000 0.437500
vt 0.281250 0.437500
vt 0.312500 0.437500
vt 0.328125 0.421875
vt 0.343750 0.437500
vt 0.328125 0.437500
vt 0.359375 0.421875
vt 0.375000 0.437500
vt 0.390625 0.421875
vt 0.406250 0.437500
vt 0.390625 0.437500
vt 0.421875 0.421875
vt 0.429688 0.414063
vt 0.437500 0.437500
vt 0.437500 0.421875
vt 0.453125 0.421875
vt 0.468750 0.437500
vt 0.500000 0.437500
vt 0.515625 0.421875
vt 0.531250 0.437500
vt 0.515625 0.437500
vt 0.562500 0.437500
vt 0.593750 0.437500
vt 0.609375 0.421875
vt 0.625000 0.421875
vt 0.617188 0.429688
vt 0.625000 0.437500
vt 0.625000 0.429688
vt 0.609375 0.437500
vt 0.640625 0.421875
vt 0.632813 0.429688
vt 0.628906 0.433594
vt 0.656250 0.421875
vt 0.648438 0.429688
vt 0.656250 0.437500
vt 0.656250 0.429688
vt 0.640625 0.429688
vt 0.636719 0.433594
vt 0.640625 0.437500
vt 0.632813 0.437500
vt 0.632813 0.433594
vt 0.671875 0.421875
vt 0.664063 0.414063
vt 0.664063 0.429688
vt 0.660156 0.433594
vt 0.679688 0.414063
vt 0.671875 0.414063
vt 0.687500 0.437500
vt 0.687500 0.421875
vt 0.671875 0.437500
vt 0.664063 0.437500
vt 0.703125 0.421875
vt 0.718750 0.437500
vt 0.750000 0.437500
vt 0.781250 0.437500
vt 0.812500 0.437500
vt 0.843750 0.437500
vt 0.875000 0.437500
vt 0.906250 0.437500
vt 0.937500 0.437500
vt 0.968750 0.437500
vt 1.000000 0.437500
vt 0.000000 0.468750
vt 0.031250 0.468750
vt 0.062500 0.468750
vt 0.093750 0.468750
vt 0.125000 0.468750
vt 0.156250 0.468750
vt 0.187500 0.468750
vt 0.218750 0.468750
vt 0.250000 0.468750
vt 0.281250 0.468750
vt 0.312500 0.468750
vt 0.328125 0.453125
vt 0.343750 0.468750
vt 0.359375 0.453125
vt 0.375000 0.468750
vt 0.375000 0.453125
vt 0.382813 0.445313
vt 0.382813 0.453125
vt 0.390625 0.453125
vt 0.382813 0.460938
vt 0.406250 0.468750
vt 0.406250 0.453125
vt 0.390625 0.468750
vt 0.421875 0.453125
vt 0.414063 0.460938
vt 0.437500 0.453125
vt 0.429688 0.460938
vt 0.437500 0.468750
vt 0.421875 0.460938
vt 0.417969 0.464844
vt 0.421875 0.468750
vt 0.414063 0.468750
vt 0.453125 0.453125
vt 0.468750 0.468750
vt 0.500000 0.468750
vt 0.515625 0.453125
vt 0.531250 0.468750
vt 0.546875 0.453125
vt 0.562500 0.468750
vt 0.546875 0.468750
vt 0.593750 0.468750
vt 0.609375 0.453125
vt 0.625000 0.468750
vt 0.625000 0.453125
vt 0.640625 0.453125
vt 0.632813 0.445313
vt 0.656250 0.468750
vt 0.656250 0.453125
vt 0.640625 0.468750
vt 0.671875 0.453125
vt 0.664063 0.445313
vt 0.687500 0.468750
vt 0.671875 0.468750
vt 0.703125 0.453125
vt 0.718750 0.468750
vt 0.703125 0.468750
vt 0.750000 0.468750
vt 0.781250 0.468750
vt 0.812500 0.468750
vt 0.843750 0.468750
vt 0.875000 0.468750
vt 0.906250 0.468750
vt 0.937500 0.468750
vt 0.968750 0.468750
vt 1.000000 0.468750
vt 0.000000 0.500000
vt 0.031250 0.500000
vt 0.062500 0.500000
vt 0.093750 0.500000
vt 0.125000 0.500000
vt 0.156250 0.500000
vt 0.187500 0.500000
vt 0.218750 0.500000
vt 0.250000 0.500000
vt 0.281250 0.500000
vt 0.312500 0.500000
vt 0.343750 0.500000
vt 0.375000 0.500000
vt 0.390625 0.484375
vt 0.406250 0.500000
vt 0.406250 0.484375
vt 0.421875 0.484375
vt 0.414063 0.476563
vt 0.437500 0.500000
vt 0.468750 0.500000
vt 0.484375 0.484375
vt 0.500000 0.500000
vt 0.484375 0.500000
vt 0.515625 0.484375
vt 0.531250 0.500000
vt 0.515625 0.500000
vt 0.546875 0.484375
vt 0.562500 0.500000
vt 0.593750 0.500000
vt 0.625000 0.500000
vt 0.640625 0.484375
vt 0.648438 0.476563
vt 0.656250 0.500000
vt 0.656250 0.484375
vt 0.671875 0.484375
vt 0.664063 0.476563
vt 0.679688 0.476563
vt 0.671875 0.476563
vt 0.687500 0.484375
vt 0.679688 0.492188
vt 0.687500 0.500000
vt 0.687500 0.492188
vt 0.687500 0.476563
vt 0.671875 0.500000
vt 0.703125 0.484375
vt 0.695313 0.476563
vt 0.695313 0.492188
vt 0.718750 0.500000
vt 0.703125 0.500000
vt 0.750000 0.500000
vt 0.781250 0.500000
vt 0.812500 0.500000
vt 0.843750 0.500000
vt 0.859375 0.484375
vt 0.875000 0.500000
vt 0.906250 0.500000
vt 0.937500 0.500000
vt 0.968750 0.500000
vt 1.000000 0.500000
vt 0.000000 0.531250
vt 0.031250 0.531250
vt 0.062500 0.531250
vt 0.093750 0.531250
vt 0.125000 0.531250
vt 0.156250 0.531250
vt 0.187500 0.531250
vt 0.218750 0.531250
vt 0.250000 0.531250
vt 0.265625 0.515625
vt 0.281250 0.531250
vt 0.265625 0.531250
vt 0.312500 0.531250
vt 0.343750 0.531250
vt 0.375000 0.531250
vt 0.406250 0.531250
vt 0.437500 0.531250
vt 0.468750 0.531250
vt 0.484375 0.515625
vt 0.500000 0.531250
vt 0.515625 0.515625
vt 0.523438 0.507813
vt 0.531250 0.531250
vt 0.531250 0.515625
vt 0.515625 0.531250
vt 0.546875 0.515625
vt 0.562500 0.531250
vt 0.546875 0.531250
vt 0.593750 0.531250
vt 0.625000 0.531250
vt 0.640625 0.515625
vt 0.656250 0.531250
vt 0.671875 0.515625
vt 0.687500 0.531250
vt 0.703125 0.515625
vt 0.718750 0.531250
vt 0.734375 0.515625
vt 0.750000 0.531250
vt 0.781250 0.531250
vt 0.812500 0.531250
vt 0.843750 0.531250
vt 0.875000 0.531250
vt 0.906250 0.531250
vt 0.937500 0.531250
vt 0.968750 0.531250
vt 1.000000 0.531250
vt 0.000000 0.562500
vt 0.031250 0.562500
vt 0.062500 0.562500
vt 0.093750 0.562500
vt 0.125000 0.562500
vt 0.156250 0.562500
vt 0.187500 0.562500
vt 0.203125 0.546875
vt 0.218750 0.562500
vt 0.203125 0.562500
vt 0.250000 0.562500
vt 0.265625 0.546875
vt 0.281250 0.562500
vt 0.312500 0.562500
vt 0.343750 0.562500
vt 0.375000 0.562500
vt 0.390625 0.546875
vt 0.406250 0.562500
vt 0.421875 0.546875
vt 0.437500 0.562500
vt 0.468750 0.562500
vt 0.500000 0.562500
vt 0.515625 0.546875
vt 0.523438 0.539063
vt 0.531250 0.562500
vt 0.531250 0.546875
vt 0.531250 0.539063
vt 0.539063 0.546875
vt 0.539063 0.539063
vt 0.535156 0.542969
vt 0.546875 0.546875
vt 0.539063 0.554687
vt 0.562500 0.562500
vt 0.546875 0.562500
vt 0.539063 0.562500
vt 0.593750 0.562500
vt 0.625000 0.562500
vt 0.656250 0.562500
vt 0.671875 0.546875
vt 0.687500 0.546875
vt 0.679688 0.554687
vt 0.687500 0.562500
vt 0.687500 0.554687
vt 0.671875 0.562500
vt 0.703125 0.546875
vt 0.695313 0.554687
vt 0.718750 0.562500
vt 0.703125 0.562500
vt 0.750000 0.562500
vt 0.781250 0.562500
vt 0.812500 0.562500
vt 0.843750 0.562500
vt 0.875000 0.562500
vt 0.906250 0.562500
vt 0.937500 0.562500
vt 0.968750 0.562500
vt 1.000000 0.562500
vt 0.000000 0.593750
vt 0.031250 0.593750
vt 0.062500 0.593750
vt 0.093750 0.593750
vt 0.125000 0.593750
vt 0.156250 0.593750
vt 0.171875 0.578125
vt 0.187500 0.593750
vt 0.187500 0.578125
vt 0.195313 0.570313
vt 0.195313 0.578125
vt 0.203125 0.578125
vt 0.195313 0.585938
vt 0.218750 0.593750
vt 0.203125 0.593750
vt 0.250000 0.593750
vt 0.265625 0.578125
vt 0.281250 0.593750
vt 0.265625 0.593750
vt 0.312500 0.593750
vt 0.343750 0.593750
vt 0.375000 0.593750
vt 0.406250 0.593750
vt 0.421875 0.578125
vt 0.437500 0.593750
vt 0.437500 0.578125
vt 0.453125 0.578125
vt 0.468750 0.593750
vt 0.500000 0.593750
vt 0.515625 0.578125
vt 0.531250 0.593750
vt 0.531250 0.578125
vt 0.546875 0.578125
vt 0.539063 0.570313
vt 0.562500 0.593750
vt 0.578125 0.578125
vt 0.593750 0.593750
vt 0.578125 0.593750
vt 0.625000 0.593750
vt 0.656250 0.593750
vt 0.671875 0.578125
vt 0.687500 0.593750
vt 0.703125 0.578125
vt 0.718750 0.593750
vt 0.734375 0.578125
vt 0.750000 0.593750
vt 0.734375 0.593750
vt 0.781250 0.593750
vt 0.812500 0.593750
vt 0.843750 0.593750
vt 0.875000 0.593750
vt 0.906250 0.593750
vt 0.921875 0.578125
vt 0.937500 0.593750
vt 0.968750 0.593750
vt 1.000000 0.593750
vt 0.000000 0.625000
vt 0.031250 0.625000
vt 0.062500 0.625000
vt 0.093750 0.625000
vt 0.125000 0.625000
vt 0.156250 0.625000
vt 0.187500 0.625000
vt 0.203125 0.609375
vt 0.218750 0.625000
vt 0.203125 0.625000
vt 0.250000 0.625000
vt 0.265625 0.609375
vt 0.273438 0.601562
vt 0.281250 0.625000
vt 0.281250 0.609375
vt 0.296875 0.609375
vt 0.312500 0.625000
vt 0.343750 0.625000
vt 0.375000 0.625000
vt 0.406250 0.625000
vt 0.437500 0.625000
vt 0.468750 0.625000
vt 0.484375 0.609375
vt 0.500000 0.625000
vt 0.500000 0.609375
vt 0.515625 0.609375
vt 0.507813 0.617188
vt 0.531250 0.625000
vt 0.515625 0.625000
vt 0.562500 0.625000
vt 0.578125 0.609375
vt 0.585938 0.601562
vt 0.593750 0.625000
vt 0.593750 0.609375
vt 0.609375 0.609375
vt 0.625000 0.625000
vt 0.656250 0.625000
vt 0.687500 0.625000
vt 0.718750 0.625000
vt 0.734375 0.609375
vt 0.742188 0.601562
vt 0.750000 0.625000
vt 0.750000 0.609375
vt 0.765625 0.609375
vt 0.757813 0.617188
vt 0.781250 0.625000
vt 0.765625 0.625000
vt 0.796875 0.609375
vt 0.812500 0.625000
vt 0.828125 0.609375
vt 0.843750 0.625000
vt 0.828125 0.625000
vt 0.875000 0.625000
vt 0.906250 0.625000
vt 0.937500 0.625000
vt 0.968750 0.625000
vt 1.000000 0.625000
vt 0.000000 0.656250
vt 0.031250 0.656250
vt 0.062500 0.656250
vt 0.093750 0.656250
vt 0.125000 0.656250
vt 0.156250 0.656250
vt 0.187500 0.656250
vt 0.203125 0.640625
vt 0.218750 0.656250
vt 0.250000 0.656250
vt 0.281250 0.656250
vt 0.296875 0.640625
vt 0.312500 0.656250
vt 0.312500 0.640625
vt 0.328125 0.640625
vt 0.320313 0.648438
vt 0.343750 0.656250
vt 0.328125 0.656250
vt 0.320313 0.656250
vt 0.359375 0.640625
vt 0.375000 0.656250
vt 0.406250 0.656250
vt 0.421875 0.640625
vt 0.437500 0.656250
vt 0.421875 0.656250
vt 0.468750 0.656250
vt 0.500000 0.656250
vt 0.515625 0.640625
vt 0.531250 0.656250
vt 0.562500 0.656250
vt 0.593750 0.656250
vt 0.625000 0.656250
vt 0.656250 0.656250
vt 0.687500 0.656250
vt 0.718750 0.656250
vt 0.750000 0.656250
vt 0.765625 0.640625
vt 0.781250 0.656250
vt 0.812500 0.656250
vt 0.828125 0.640625
vt 0.835938 0.632813
vt 0.843750 0.656250
vt 0.843750 0.640625
vt 0.828125 0.656250
vt 0.859375 0.640625
vt 0.875000 0.656250
vt 0.906250 0.656250
vt 0.937500 0.656250
vt 0.968750 0.656250
vt 1.000000 0.656250
vt 0.000000 0.687500
vt 0.031250 0.687500
vt 0.062500 0.687500
vt 0.093750 0.687500
vt 0.125000 0.687500
vt 0.156250 0.687500
vt 0.187500 0.687500
vt 0.218750 0.687500
vt 0.234375 0.671875
vt 0.250000 0.687500
vt 0.281250 0.687500
vt 0.296875 0.671875
vt 0.312500 0.687500
vt 0.312500 0.671875
vt 0.328125 0.671875
vt 0.320313 0.664063
vt 0.335938 0.664063
vt 0.328125 0.664063
vt 0.324219 0.660156
vt 0.343750 0.687500
vt 0.343750 0.671875
vt 0.359375 0.671875
vt 0.375000 0.687500
vt 0.406250 0.687500
vt 0.421875 0.671875
vt 0.437500 0.687500
vt 0.468750 0.687500
vt 0.484375 0.671875
vt 0.500000 0.687500
vt 0.531250 0.687500
vt 0.562500 0.687500
vt 0.593750 0.687500
vt 0.625000 0.687500
vt 0.640625 0.671875
vt 0.656250 0.687500
vt 0.656250 0.671875
vt 0.671875 0.671875
vt 0.664063 0.679687
vt 0.687500 0.687500
vt 0.671875 0.687500
vt 0.718750 0.687500
vt 0.750000 0.687500
vt 0.781250 0.687500
vt 0.812500 0.687500
vt 0.828125 0.671875
vt 0.835938 0.664063
vt 0.843750 0.687500
vt 0.843750 0.671875
vt 0.859375 0.671875
vt 0.875000 0.687500
vt 0.906250 0.687500
vt 0.937500 0.687500
vt 0.968750 0.687500
vt 1.000000 0.687500
vt 0.000000 0.718750
vt 0.015625 0.703125
vt 0.031250 0.703125
vt 0.023438 0.710938
vt 0.031250 0.718750
vt 0.015625 0.718750
vt 0.046875 0.703125
vt 0.062500 0.718750
vt 0.093750 0.718750
vt 0.109375 0.703125
vt 0.125000 0.718750
vt 0.156250 0.718750
vt 0.187500 0.718750
vt 0.218750 0.718750
vt 0.250000 0.718750
vt 0.281250 0.718750
vt 0.312500 0.718750
vt 0.343750 0.718750
vt 0.375000 0.718750
vt 0.406250 0.718750
vt 0.437500 0.718750
vt 0.453125 0.703125
vt 0.468750 0.718750
vt 0.500000 0.718750
vt 0.531250 0.718750
vt 0.562500 0.718750
vt 0.593750 0.718750
vt 0.625000 0.718750
vt 0.640625 0.703125
vt 0.656250 0.718750
vt 0.656250 0.703125
vt 0.671875 0.703125
vt 0.664063 0.710938
vt 0.687500 0.718750
vt 0.671875 0.718750
vt 0.718750 0.718750
vt 0.750000 0.718750
vt 0.781250 0.718750
vt 0.812500 0.718750
vt 0.828125 0.703125
vt 0.843750 0.718750
vt 0.843750 0.703125
vt 0.859375 0.703125
vt 0.851563 0.710938
vt 0.875000 0.718750
vt 0.859375 0.718750
vt 0.906250 0.718750
vt 0.937500 0.718750
vt 0.968750 0.718750
vt 1.000000 0.718750
vt 0.000000 0.750000
vt 0.015625 0.734375
vt 0.031250 0.750000
vt 0.046875 0.734375
vt 0.062500 0.750000
vt 0.046875 0.750000
vt 0.078125 0.734375
vt 0.093750 0.750000
vt 0.078125 0.750000
vt 0.109375 0.734375
vt 0.125000 0.750000
vt 0.156250 0.750000
vt 0.187500 0.750000
vt 0.218750 0.750000
vt 0.250000 0.750000
vt 0.281250 0.750000
vt 0.296875 0.734375
vt 0.312500 0.750000
vt 0.343750 0.750000
vt 0.375000 0.750000
vt 0.406250 0.750000
vt 0.437500 0.750000
vt 0.468750 0.750000
vt 0.484375 0.734375
vt 0.500000 0.750000
vt 0.531250 0.750000
vt 0.562500 0.750000
vt 0.593750 0.750000
vt 0.625000 0.750000
vt 0.656250 0.750000
vt 0.671875 0.734375
vt 0.687500 0.750000
vt 0.703125 0.734375
vt 0.718750 0.750000
vt 0.718750 0.734375
vt 0.734375 0.734375
vt 0.750000 0.750000
vt 0.765625 0.734375
vt 0.781250 0.750000
vt 0.812500 0.750000
vt 0.843750 0.750000
vt 0.859375 0.734375
vt 0.875000 0.750000
vt 0.875000 0.734375
vt 0.890625 0.734375
vt 0.906250 0.750000
vt 0.937500 0.750000
vt 0.968750 0.750000
vt 1.000000 0.750000
vt 0.000000 0.781250
vt 0.015625 0.765625
vt 0.031250 0.765625
vt 0.023438 0.773438
vt 0.031250 0.781250
vt 0.015625 0.781250
vt 0.046875 0.765625
vt 0.062500 0.781250
vt 0.078125 0.765625
vt 0.093750 0.781250
vt 0.125000 0.781250
vt 0.156250 0.781250
vt 0.171875 0.765625
vt 0.187500 0.781250
vt 0.218750 0.781250
vt 0.250000 0.781250
vt 0.281250 0.781250
vt 0.296875 0.765625
vt 0.312500 0.781250
vt 0.296875 0.781250
vt 0.343750 0.781250
vt 0.359375 0.765625
vt 0.375000 0.781250
vt 0.375000 0.765625
vt 0.390625 0.765625
vt 0.382813 0.773438
vt 0.406250 0.781250
vt 0.390625 0.781250
vt 0.437500 0.781250
vt 0.468750 0.781250
vt 0.484375 0.765625
vt 0.500000 0.781250
vt 0.500000 0.765625
vt 0.515625 0.765625
vt 0.531250 0.781250
vt 0.562500 0.781250
vt 0.593750 0.781250
vt 0.625000 0.781250
vt 0.656250 0.781250
vt 0.687500 0.781250
vt 0.718750 0.781250
vt 0.750000 0.781250
vt 0.765625 0.765625
vt 0.781250 0.781250
vt 0.765625 0.781250
vt 0.812500 0.781250
vt 0.843750 0.781250
vt 0.859375 0.765625
vt 0.875000 0.765625
vt 0.867188 0.773438
vt 0.875000 0.781250
vt 0.859375 0.781250
vt 0.867188 0.781250
vt 0.890625 0.765625
vt 0.906250 0.781250
vt 0.937500 0.781250
vt 0.968750 0.781250
vt 1.000000 0.781250
vt 0.000000 0.812500
vt 0.015625 0.796875
vt 0.031250 0.812500
vt 0.046875 0.796875
vt 0.062500 0.812500
vt 0.046875 0.812500
vt 0.093750 0.812500
vt 0.125000 0.812500
vt 0.156250 0.812500
vt 0.187500 0.812500
vt 0.203125 0.796875
vt 0.218750 0.812500
vt 0.218750 0.796875
vt 0.234375 0.796875
vt 0.226563 0.804687
vt 0.250000 0.812500
vt 0.234375 0.812500
vt 0.281250 0.812500
vt 0.296875 0.796875
vt 0.312500 0.812500
vt 0.328125 0.796875
vt 0.343750 0.812500
vt 0.343750 0.796875
vt 0.359375 0.796875
vt 0.351563 0.804687
vt 0.375000 0.812500
vt 0.375000 0.796875
vt 0.359375 0.812500
vt 0.351563 0.812500
vt 0.382813 0.789063
vt 0.382813 0.796875
vt 0.390625 0.796875
vt 0.382813 0.804687
vt 0.406250 0.812500
vt 0.390625 0.812500
vt 0.421875 0.796875
vt 0.437500 0.812500
vt 0.421875 0.812500
vt 0.468750 0.812500
vt 0.500000 0.812500
vt 0.531250 0.812500
vt 0.562500 0.812500
vt 0.578125 0.796875
vt 0.593750 0.812500
vt 0.578125 0.812500
vt 0.625000 0.812500
vt 0.640625 0.796875
vt 0.656250 0.812500
vt 0.640625 0.812500
vt 0.687500 0.812500
vt 0.718750 0.812500
vt 0.734375 0.796875
vt 0.750000 0.812500
vt 0.750000 0.796875
vt 0.765625 0.796875
vt 0.757813 0.789063
vt 0.773438 0.789063
vt 0.765625 0.789063
vt 0.769531 0.792969
vt 0.773438 0.804687
vt 0.781250 0.796875
vt 0.773438 0.796875
vt 0.781250 0.812500
vt 0.765625 0.812500
vt 0.796875 0.796875
vt 0.812500 0.812500
vt 0.796875 0.812500
vt 0.828125 0.796875
vt 0.843750 0.812500
vt 0.828125 0.812500
vt 0.859375 0.796875
vt 0.867188 0.789063
vt 0.875000 0.812500
vt 0.875000 0.796875
vt 0.890625 0.796875
vt 0.882813 0.804687
vt 0.906250 0.812500
vt 0.890625 0.812500
vt 0.937500 0.812500
vt 0.968750 0.812500
vt 1.000000 0.812500
vt 0.000000 0.843750
vt 0.031250 0.843750
vt 0.046875 0.828125
vt 0.062500 0.843750
vt 0.078125 0.828125
vt 0.093750 0.843750
vt 0.078125 0.843750
vt 0.125000 0.843750
vt 0.156250 0.843750
vt 0.187500 0.843750
vt 0.218750 0.843750
vt 0.234375 0.828125
vt 0.242187 0.820313
vt 0.250000 0.843750
vt 0.250000 0.828125
vt 0.265625 0.828125
vt 0.281250 0.843750
vt 0.281250 0.828125
vt 0.296875 0.828125
vt 0.312500 0.843750
vt 0.328125 0.828125
vt 0.343750 0.843750
vt 0.343750 0.828125
vt 0.359375 0.828125
vt 0.351563 0.820313
vt 0.351563 0.835938
vt 0.375000 0.828125
vt 0.367188 0.835938
vt 0.375000 0.843750
vt 0.359375 0.843750
vt 0.359375 0.835938
vt 0.390625 0.828125
vt 0.398438 0.820313
vt 0.406250 0.843750
vt 0.406250 0.828125
vt 0.406250 0.820313
vt 0.390625 0.843750
vt 0.414063 0.820313
vt 0.414063 0.828125
vt 0.421875 0.828125
vt 0.414063 0.835938
vt 0.437500 0.843750
vt 0.421875 0.843750
vt 0.468750 0.843750
vt 0.500000 0.843750
vt 0.531250 0.843750
vt 0.546875 0.828125
vt 0.562500 0.843750
vt 0.562500 0.828125
vt 0.546875 0.843750
vt 0.578125 0.828125
vt 0.570313 0.820313
vt 0.593750 0.843750
vt 0.625000 0.843750
vt 0.640625 0.828125
vt 0.656250 0.843750
vt 0.687500 0.843750
vt 0.703125 0.828125
vt 0.718750 0.843750
vt 0.718750 0.828125
vt 0.734375 0.828125
vt 0.726563 0.835938
vt 0.750000 0.843750
vt 0.734375 0.843750
vt 0.765625 0.828125
vt 0.781250 0.843750
vt 0.796875 0.828125
vt 0.812500 0.843750
vt 0.812500 0.828125
vt 0.820313 0.820313
vt 0.820313 0.828125
vt 0.828125 0.828125
vt 0.820313 0.835938
vt 0.824219 0.832031
vt 0.843750 0.828125
vt 0.835938 0.835938
vt 0.843750 0.843750
vt 0.828125 0.843750
vt 0.828125 0.835938
vt 0.859375 0.828125
vt 0.875000 0.843750
vt 0.890625 0.828125
vt 0.898438 0.820313
vt 0.906250 0.843750
vt 0.906250 0.828125
vt 0.921875 0.828125
vt 0.937500 0.828125
vt 0.929688 0.835938
vt 0.937500 0.843750
vt 0.921875 0.843750
vt 0.929688 0.843750
vt 0.953125 0.828125
vt 0.968750 0.843750
vt 0.984375 0.828125
vt 1.000000 0.843750
vt 0.984375 0.843750
vt 0.000000 0.875000
vt 0.031250 0.875000
vt 0.046875 0.859375
vt 0.062500 0.875000
vt 0.046875 0.875000
vt 0.078125 0.859375
vt 0.085938 0.851562
vt 0.093750 0.875000
vt 0.093750 0.859375
vt 0.109375 0.859375
vt 0.101563 0.867188
vt 0.125000 0.875000
vt 0.109375 0.875000
vt 0.156250 0.875000
vt 0.187500 0.875000
vt 0.218750 0.875000
vt 0.250000 0.875000
vt 0.281250 0.875000
vt 0.312500 0.875000
vt 0.343750 0.875000
vt 0.359375 0.859375
vt 0.375000 0.875000
vt 0.375000 0.859375
vt 0.390625 0.859375
vt 0.382813 0.867188
vt 0.398438 0.851562
vt 0.398438 0.867188
vt 0.406250 0.859375
vt 0.398438 0.859375
vt 0.394531 0.863281
vt 0.406250 0.875000
vt 0.390625 0.875000
vt 0.390625 0.867188
vt 0.398438 0.875000
vt 0.394531 0.871094
vt 0.394531 0.867188
vt 0.421875 0.859375
vt 0.437500 0.875000
vt 0.468750 0.875000
vt 0.500000 0.875000
vt 0.531250 0.875000
vt 0.546875 0.859375
vt 0.562500 0.875000
vt 0.593750 0.875000
vt 0.625000 0.875000
vt 0.656250 0.875000
vt 0.687500 0.875000
vt 0.718750 0.875000
vt 0.734375 0.859375
vt 0.750000 0.875000
vt 0.781250 0.875000
vt 0.812500 0.875000
vt 0.828125 0.859375
vt 0.843750 0.875000
vt 0.875000 0.875000
vt 0.906250 0.875000
vt 0.921875 0.859375
vt 0.929688 0.851562
vt 0.937500 0.875000
vt 0.937500 0.859375
vt 0.953125 0.859375
vt 0.968750 0.875000
vt 0.984375 0.859375
vt 1.000000 0.875000
vt 0.015625 0.890625
vt 0.000000 0.890625
vt 0.000000 0.906250
vt 0.031250 0.890625
vt 0.023438 0.898438
vt 0.031250 0.906250
vt 0.015625 0.906250
vt 0.023438 0.906250
vt 0.046875 0.890625
vt 0.062500 0.906250
vt 0.093750 0.906250
vt 0.109375 0.890625
vt 0.125000 0.906250
vt 0.140625 0.890625
vt 0.156250 0.906250
vt 0.187500 0.906250
vt 0.218750 0.906250
vt 0.250000 0.906250
vt 0.281250 0.906250
vt 0.296875 0.890625
vt 0.312500 0.906250
vt 0.312500 0.890625
vt 0.296875 0.906250
vt 0.328125 0.890625
vt 0.343750 0.906250
vt 0.375000 0.906250
vt 0.390625 0.890625
vt 0.398438 0.882813
vt 0.406250 0.906250
vt 0.406250 0.890625
vt 0.421875 0.890625
vt 0.437500 0.906250
vt 0.468750 0.906250
vt 0.500000 0.906250
vt 0.531250 0.906250
vt 0.546875 0.890625
vt 0.562500 0.906250
vt 0.562500 0.890625
vt 0.578125 0.890625
vt 0.593750 0.906250
vt 0.625000 0.906250
vt 0.656250 0.906250
vt 0.687500 0.906250
vt 0.718750 0.906250
vt 0.750000 0.906250
vt 0.781250 0.906250
vt 0.812500 0.906250
vt 0.843750 0.906250
vt 0.875000 0.906250
vt 0.906250 0.906250
vt 0.921875 0.890625
vt 0.937500 0.906250
vt 0.921875 0.906250
vt 0.968750 0.906250
vt 1.000000 0.906250
vt 0.000000 0.937500
vt 0.015625 0.921875
vt 0.023438 0.914063
vt 0.031250 0.937500
vt 0.031250 0.921875
vt 0.046875 0.921875
vt 0.062500 0.937500
vt 0.093750 0.937500
vt 0.125000 0.937500
vt 0.156250 0.937500
vt 0.187500 0.937500
vt 0.218750 0.937500
vt 0.234375 0.921875
vt 0.250000 0.937500
vt 0.281250 0.937500
vt 0.296875 0.921875
vt 0.304688 0.914063
vt 0.312500 0.937500
vt 0.312500 0.921875
vt 0.328125 0.921875
vt 0.343750 0.937500
vt 0.375000 0.937500
vt 0.406250 0.937500
vt 0.437500 0.937500
vt 0.468750 0.937500
vt 0.500000 0.937500
vt 0.531250 0.937500
vt 0.562500 0.937500
vt 0.593750 0.937500
vt 0.625000 0.937500
vt 0.656250 0.937500
vt 0.687500 0.937500
vt 0.718750 0.937500
vt 0.734375 0.921875
vt 0.750000 0.937500
vt 0.734375 0.937500
vt 0.781250 0.937500
vt 0.812500 0.937500
vt 0.843750 0.937500
vt 0.875000 0.937500
vt 0.890625 0.921875
vt 0.906250 0.937500
vt 0.906250 0.921875
vt 0.914063 0.914063
vt 0.914063 0.921875
vt 0.921875 0.921875
vt 0.914063 0.929687
vt 0.937500 0.937500
vt 0.921875 0.937500
vt 0.953125 0.921875
vt 0.968750 0.937500
vt 0.953125 0.937500
vt 0.984375 0.921875
vt 1.000000 0.937500
vt 0.984375 0.937500
vt 0.000000 0.968750
vt 0.031250 0.968750
vt 0.062500 0.968750
vt 0.093750 0.968750
vt 0.125000 0.968750
vt 0.156250 0.968750
vt 0.187500 0.968750
vt 0.218750 0.968750
vt 0.234375 0.953125
vt 0.250000 0.968750
vt 0.281250 0.968750
vt 0.312500 0.968750
vt 0.343750 0.968750
vt 0.375000 0.968750
vt 0.406250 0.968750
vt 0.437500 0.968750
vt 0.453125 0.953125
vt 0.468750 0.968750
vt 0.453125 0.968750
vt 0.500000 0.968750
vt 0.531250 0.968750
vt 0.562500 0.968750
vt 0.578125 0.953125
vt 0.593750 0.968750
vt 0.625000 0.968750
vt 0.656250 0.968750
vt 0.687500 0.968750
vt 0.703125 0.953125
vt 0.718750 0.968750
vt 0.718750 0.953125
vt 0.726563 0.945313
vt 0.726563 0.953125
vt 0.734375 0.953125
vt 0.726563 0.960938
vt 0.750000 0.968750
vt 0.734375 0.968750
vt 0.765625 0.953125
vt 0.781250 0.968750
vt 0.765625 0.968750
vt 0.812500 0.968750
vt 0.828125 0.953125
vt 0.843750 0.968750
vt 0.828125 0.968750
vt 0.859375 0.953125
vt 0.875000 0.968750
vt 0.875000 0.953125
vt 0.890625 0.953125
vt 0.882813 0.960938
vt 0.906250 0.968750
vt 0.890625 0.968750
vt 0.882813 0.968750
vt 0.921875 0.953125
vt 0.937500 0.968750
vt 0.921875 0.968750
vt 0.953125 0.953125
vt 0.960938 0.945313
vt 0.968750 0.968750
vt 0.968750 0.953125
vt 0.976563 0.945313
vt 0.976563 0.953125
vt 0.984375 0.953125
vt 0.976563 0.960938
vt 0.980469 0.957031
vt 1.000000 0.953125
vt 0.992188 0.960938
vt 1.000000 0.968750
vt 0.984375 0.968750
vt 0.984375 0.960938
vt 0.000000 1.000000
vt 0.031250 1.000000
vt 0.062500 1.000000
vt 0.093750 1.000000
vt 0.125000 1.000000
vt 0.156250 1.000000
vt 0.187500 1.000000
vt 0.203125 0.984375
vt 0.218750 0.984375
vt 0.210937 0.992188
vt 0.218750 1.000000
vt 0.203125 1.000000
vt 0.210937 1.000000
vt 0.234375 0.984375
vt 0.250000 1.000000
vt 0.234375 1.000000
vt 0.281250 1.000000
vt 0.312500 1.000000
vt 0.343750 1.000000
vt 0.375000 1.000000
vt 0.406250 1.000000
vt 0.437500 1.000000
vt 0.453125 0.984375
vt 0.468750 1.000000
vt 0.468750 0.984375
vt 0.484375 0.984375
vt 0.500000 1.000000
vt 0.531250 1.000000
vt 0.562500 1.000000
vt 0.593750 1.000000
vt 0.625000 1.000000
vt 0.656250 1.000000
vt 0.687500 1.000000
vt 0.718750 1.000000
vt 0.734375 0.984375
vt 0.750000 1.000000
vt 0.765625 0.984375
vt 0.781250 1.000000
vt 0.812500 1.000000
vt 0.828125 0.984375
vt 0.843750 1.000000
vt 0.828125 1.000000
vt 0.859375 0.984375
vt 0.875000 1.000000
vt 0.875000 0.984375
vt 0.890625 0.984375
vt 0.882813 0.976562
vt 0.898438 0.976562
vt 0.890625 0.976562
vt 0.886719 0.972656
vt 0.906250 1.000000
vt 0.906250 0.984375
vt 0.906250 0.976562
vt 0.914063 0.984375
vt 0.914063 0.976562
vt 0.910156 0.980469
vt 0.921875 0.984375
vt 0.914063 0.992188
vt 0.937500 1.000000
vt 0.937500 0.984375
vt 0.921875 1.000000
vt 0.953125 0.984375
vt 0.945313 0.992188
vt 0.968750 1.000000
vt 0.953125 1.000000
vt 0.984375 0.984375
vt 1.000000 1.000000
g terrain_g
usemtl terrain_mtl
f 1/1/1 39/39/39 38/38/38
f 2/2/2 39/39/39 1/1/1
f 39/39/39 41/41/41 40/40/40
f 2/2/2 41/41/41 39/39/39
f 38/38/38 39/39/39 40/40/40
f 41/41/41 43/43/43 42/42/42
f 2/2/2 43/43/43 41/41/41
f 40/40/40 41/41/41 42/42/42
f 42/42/42 4/4/4 3/3/3
f 43/43/43 5/5/5 4/4/4
f 2/2/2 5/5/5 43/43/43
f 42/42/42 43/43/43 4/4/4
f 44/44/44 42/42/42 3/3/3
f 40/40/40 42/42/42 44/44/44
f 44/44/44 3/3/3 6/6/6
f 6/6/6 45/45/45 44/44/44
f 45/45/45 6/6/6 7/7/7
f 7/7/7 46/46/46 45/45/45
f 46/46/46 7/7/7 8/8/8
f 8/8/8 47/47/47 46/46/46
f 47/47/47 8/8/8 9/9/9
f 9/9/9 48/48/48 47/47/47
f 48/48/48 9/9/9 10/10/10
f 10/10/10 49/49/49 48/48/48
f 49/49/49 10/10/10 11/11/11
f 11/11/11 50/50/50 49/49/49
f 50/50/50 11/11/11 12/12/12
f 12/12/12 51/51/51 50/50/50
f 51/51/51 12/12/12 13/13/13
f 13/13/13 52/52/52 51/51/51
f 52/52/52 13/13/13 14/14/14
f 14/14/14 53/53/53 52/52/52
f 53/53/53 14/14/14 15/15/15
f 15/15/15 54/54/54 53/53/53
f 54/54/54 15/15/15 16/16/16
f 16/16/16 55/55/55 54/54/54
f 55/55/55 16/16/16 17/17/17
f 17/17/17 56/56/56 55/55/55
f 56/56/56 17/17/17 18/18/18
f 18/18/18 57/57/57 56/56/56
f 57/57/57 18/18/18 19/19/19
f 19/19/19 58/58/58 57/57/57
f 58/58/58 19/19/19 20/20/20
f 20/20/20 59/59/59 58/58/58
f 59/59/59 20/20/20 21/21/21
f 21/21/21 60/60/60 59/59/59
f 60/60/60 21/21/21 22/22/22
f 22/22/22 61/61/61 60/60/60
f 61/61/61 22/22/22 23/23/23
f 23/23/23 62/62/62 61/61/61
f 62/62/62 23/23/23 24/24/24
f 24/24/24 63/63/63 62/62/62
f 63/63/63 24/24/24 25/25/25
f 25/25/25 64/64/64 63/63/63
f 64/64/64 25/25/25 26/26/26
f 26/26/26 65/65/65 64/64/64
f 65/65/65 26/26/26 27/27/27
f 27/27/27 66/66/66 65/65/65
f 66/66/66 27/27/27 28/28/28
f 28/28/28 67/67/67 66/66/66
f 28/28/28 68/68/68 67/67/67
f 68/68/68 30/30/30 29/29/29
f 28/28/28 30/30/30 68/68/68
f 69/69/69 68/68/68 29/29/29
f 67/67/67 68/68/68 69/69/69
f 29/29/29 70/70/70 69/69/69
f 31/31/31 70/70/70 29/29/29
f 71/71/71 70/70/70 31/31/31
f 69/69/69 70/70/70 71/71/71
f 31/31/31 72/72/72 71/71/71
f 32/32/32 72/72/72 31/31/31
f 73/73/73 74/74/74 72/72/72
f 74/74/74 76/76/76 75/75/75
f 73/73/73 76/76/76 74/74/74
f 32/32/32 73/73/73 72/72/72
f 72/72/72 77/77/77 71/71/71
f 77/77/77 74/74/74 75/75/75
f 72/72/72 74/74/74 77/77/77
f 78/78/78 73/73/73 32/32/32
f 79/79/79 76/76/76 73/73/73
f 75/75/75 76/76/76 79/79/79
f 78/78/78 79/79/79 73/73/73
f 33/33/33 78/78/78 32/32/32
f 78/78/78 81/81/81 80/80/80
f 33/33/33 81/81/81 78/78/78
f 82/82/82 79/79/79 78/78/78
f 75/75/75 79/79/79 82/82/82
f 80/80/80 82/82/82 78/78/78
f 83/83/83 81/81/81 33/33/33
f 81/81/81 84/84/84 80/80/80
f 83/83/83 84/84/84 81/81/81
f 34/34/34 83/83/83 33/33/33
f 85/85/85 83/83/83 34/34/34
f 86/86/86 84/84/84 83/83/83
f 80/80/80 84/84/84 86/86/86
f 85/85/85 86/86/86 83/83/83
f 85/85/85 34/34/34 35/35/35
f 35/35/35 87/87/87 85/85/85
f 35/35/35 88/88/88 87/87/87
f 88/88/88 37/37/37 36/36/36
f 35/35/35 37/37/37 88/88/88
f 89/89/89 88/88/88 36/36/36
f 87/87/87 88/88/88 89/89/89
f 90/90/90 38/38/38 40/40/40
f 40/40/40 91/91/91 90/90/90
f 91/91/91 40/40/40 44/44/44
f 44/44/44 92/92/92 91/91/91
f 92/92/92 44/44/44 45/45/45
f 45/45/45 93/93/93 92/92/92
f 93/93/93 45/45/45 46/46/46
f 46/46/46 94/94/94 93/93/93
f 94/94/94 46/46/46 47/47/47
f 47/47/47 95/95/95 94/94/94
f 95/95/95 47/47/47 48/48/48
f 48/48/48 96/96/96 95/95/95
f 96/96/96 48/48/48 49/49/49
f 49/49/49 97/97/97 96/96/96
f 97/97/97 49/49/49 50/50/50
f 50/50/50 98/98/98 97/97/97
f 98/98/98 50/50/50 51/51/51
f 51/51/51 99/99/99 98/98/98
f 99/99/99 51/51/51 52/52/52
f 52/52/52 100/100/100 99/99/99
f 100/100/100 52/52/52 53/53/53
f 53/53/53 101/101/101 100/100/100
f 101/101/101 53/53/53 54/54/54
f 54/54/54 102/102/102 101/101/101
f 102/102/102 54/54/54 55/55/55
f 55/55/55 103/103/103 102/102/102
f 103/103/103 55/55/55 56/56/56
f 56/56/56 104/104/104 103/103/103
f 104/104/104 56/56/56 57/57/57
f 57/57/57 105/105/105 104/104/104
f 105/105/105 57/57/57 58/58/58
f 58/58/58 106/106/106 105/105/105
f 106/106/106 58/58/58 59/59/59
f 59/59/59 107/107/107 106/106/106
f 107/107/107 59/59/59 60/60/60
f 60/60/60 108/108/108 107/107/107
f 108/108/108 60/60/60 61/61/61
f 61/61/61 109/109/109 108/108/108
f 109/109/109 61/61/61 62/62/62
f 62/62/62 110/110/110 109/109/109
f 110/110/110 62/62/62 63/63/63
f 63/63/63 111/111/111 110/110/110
f 111/111/111 63/63/63 64/64/64
f 64/64/64 112/112/112 111/111/111
f 112/112/112 64/64/64 65/65/65
f 65/65/65 113/113/113 112/112/112
f 113/113/113 65/65/65 66/66/66
f 66/66/66 114/114/114 113/113/113
f 114/114/114 66/66/66 67/67/67
f 67/67/67 115/115/115 114/114/114
f 115/115/115 67/67/67 69/69/69
f 69/69/69 116/116/116 115/115/115
f 116/116/116 69/69/69 71/71/71
f 71/71/71 117/117/117 116/116/116
f 71/71/71 118/118/118 117/117/117
f 118/118/118 77/77/77 75/75/75
f 71/71/71 77/77/77 118/118/118
f 119/119/119 118/118/118 75/75/75
f 117/117/117 118/118/118 119/119/119
f 75/75/75 120/120/120 119/119/119
f 120/120/120 82/82/82 80/80/80
f 75/75/75 82/82/82 120/120/120
f 121/121/121 120/120/120 80/80/80
f 119/119/119 120/120/120 121/121/121
f 80/80/80 122/122/122 121/121/121
f 122/122/122 86/86/86 85/85/85
f 80/80/80 86/86/86 122/122/122
f 123/123/123 122/122/122 85/85/85
f 122/122/122 124/124/124 121/121/121
f 123/123/123 124/124/124 122/122/122
f 123/123/123 85/85/85 87/87/87
f 87/87/87 125/125/125 123/123/123
f 87/87/87 126/126/126 125/125/125
f 89/89/89 126/126/126 87/87/87
f 126/126/126 128/128/128 127/127/127
f 89/89/89 128/128/128 126/126/126
f 125/125/125 126/126/126 127/127/127
f 129/129/129 90/90/90 91/91/91
f 91/91/91 130/130/130 129/129/129
f 130/130/130 91/91/91 92/92/92
f 92/92/92 131/131/131 130/130/130
f 131/131/131 92/92/92 93/93/93
f 93/93/93 132/132/132 131/131/131
f 132/132/132 93/93/93 94/94/94
f 94/94/94 133/133/133 132/132/132
f 133/133/133 94/94/94 95/95/95
f 95/95/95 134/134/134 133/133/133
f 134/134/134 95/95/95 96/96/96
f 96/96/96 135/135/135 134/134/134
f 135/135/135 96/96/96 97/97/97
f 97/97/97 136/136/136 135/135/135
f 136/136/136 97/97/97 98/98/98
f 98/98/98 137/137/137 136/136/136
f 137/137/137 98/98/98 99/99/99
f 99/99/99 138/138/138 137/137/137
f 138/138/138 99/99/99 100/100/100
f 100/100/100 139/139/139 138/138/138
f 139/139/139 100/100/100 101/101/101
f 101/101/101 140/140/140 139/139/139
f 140/140/140 101/101/101 102/102/102
f 102/102/102 141/141/141 140/140/140
f 141/141/141 102/102/102 103/103/103
f 103/103/103 142/142/142 141/141/141
f 142/142/142 103/103/103 104/104/104
f 104/104/104 143/143/143 142/142/142
f 143/143/143 104/104/104 105/105/105
f 105/105/105 144/144/144 143/143/143
f 144/144/144 105/105/105 106/106/106
f 106/106/106 145/145/145 144/144/144
f 145/145/145 106/106/106 107/107/107
f 107/107/107 146/146/146 145/145/145
f 146/146/146 107/107/107 108/108/108
f 108/108/108 147/147/147 146/146/146
f 147/147/147 108/108/108 109/109/109
f 109/109/109 148/148/148 147/147/147
f 148/148/148 109/109/109 110/110/110
f 110/110/110 149/149/149 148/148/148
f 149/149/149 110/110/110 111/111/111
f 111/111/111 150/150/150 149/149/149
f 150/150/150 111/111/111 112/112/112
f 112/112/112 151/151/151 150/150/150
f 151/151/151 112/112/112 113/113/113
f 113/113/113 152/152/152 151/151/151
f 152/152/152 113/113/113 114/114/114
f 114/114/114 153/153/153 152/152/152
f 153/153/153 114/114/114 115/115/115
f 115/115/115 154/154/154 153/153/153
f 154/154/154 115/115/115 116/116/116
f 116/116/116 155/155/155 154/154/154
f 155/155/155 116/116/116 117/117/117
f 117/117/117 156/156/156 155/155/155
f 156/156/156 117/117/117 119/119/119
f 119/119/119 157/157/157 156/156/156
f 157/157/157 119/119/119 121/121/121
f 121/121/121 158/158/158 157/157/157
f 121/121/121 159/159/159 158/158/158
f 159/159/159 124/124/124 123/123/123
f 121/121/121 124/124/124 159/159/159
f 160/160/160 159/159/159 123/123/123
f 158/158/158 159/159/159 160/160/160
f 160/160/160 123/123/123 125/125/125
f 125/125/125 161/161/161 160/160/160
f 161/161/161 125/125/125 127/127/127
f 127/127/127 162/162/162 161/161/161
f 163/163/163 129/129/129 130/130/130
f 130/130/130 164/164/164 163/163/163
f 130/130/130 165/165/165 164/164/164
f 131/131/131 165/165/165 130/130/130
f 166/166/166 167/167/167 165/165/165
f 168/168/168 167/167/167 166/166/166
f 131/131/131 166/166/166 165/165/165
f 165/165/165 169/169/169 164/164/164
f 169/169/169 167/167/167 168/168/168
f 165/165/165 167/167/167 169/169/169
f 170/170/170 166/166/166 131/131/131
f 168/168/168 166/166/166 170/170/170
f 132/132/132 170/170/170 131/131/131
f 170/170/170 172/172/172 171/171/171
f 132/132/132 172/172/172 170/170/170
f 168/168/168 170/170/170 171/171/171
f 173/173/173 172/172/172 132/132/132
f 171/171/171 172/172/172 173/173/173
f 133/133/133 173/173/173 132/132/132
f 174/174/174 173/173/173 133/133/133
f 171/171/171 173/173/173 174/174/174
f 174/174/174 133/133/133 134/134/134
f 134/134/134 175/175/175 174/174/174
f 175/175/175 134/134/134 135/135/135
f 135/135/135 176/176/176 175/175/175
f 176/176/176 135/135/135 136/136/136
f 136/136/136 177/177/177 176/176/176
f 177/177/177 136/136/136 137/137/137
f 137/137/137 178/178/178 177/177/177
f 178/178/178 137/137/137 138/138/138
f 138/138/138 179/179/179 178/178/178
f 179/179/179 138/138/138 139/139/139
f 139/139/139 180/180/180 179/179/179
f 180/180/180 139/139/139 140/140/140
f 140/140/140 181/181/181 180/180/180
f 181/181/181 140/140/140 141/141/141
f 141/141/141 182/182/182 181/181/181
f 182/182/182 141/141/141 142/142/142
f 142/142/142 183/183/183 182/182/182
f 183/183/183 142/142/142 143/143/143
f 143/143/143 184/184/184 183/183/183
f 184/184/184 143/143/143 144/144/144
f 144/144/144 185/185/185 184/184/184
f 185/185/185 144/144/144 145/145/145
f 145/145/145 186/186/186 185/185/185
f 186/186/186 145/145/145 146/146/146
f 146/146/146 187/187/187 186/186/186
f 187/187/187 146/146/146 147/147/147
f 147/147/147 188/188/188 187/187/187
f 188/188/188 147/147/147 148/148/148
f 148/148/148 189/189/189 188/188/188
f 189/189/189 148/148/148 149/149/149
f 149/149/149 190/190/190 189/189/189
f 190/190/190 149/149/149 150/150/150
f 150/150/150 191/191/191 190/190/190
f 191/191/191 150/150/150 151/151/151
f 151/151/151 192/192/192 191/191/191
f 192/192/192 151/151/151 152/152/152
f 152/152/152 193/193/193 192/192/192
f 193/193/193 152/152/152 153/153/153
f 153/153/153 194/194/194 193/193/193
f 194/194/194 153/153/153 154/154/154
f 154/154/154 195/195/195 194/194/194
f 195/195/195 154/154/154 155/155/155
f 155/155/155 196/196/196 195/195/195
f 196/196/196 155/155/155 156/156/156
f 156/156/156 197/197/197 196/196/196
f 156/156/156 198/198/198 197/197/197
f 157/157/157 198/198/198 156/156/156
f 199/199/199 198/198/198 157/157/157
f 197/197/197 198/198/198 199/199/199
f 199/199/199 157/157/157 158/158/158
f 158/158/158 200/200/200 199/199/199
f 200/200/200 158/158/158 160/160/160
f 160/160/160 201/201/201 200/200/200
f 160/160/160 202/202/202 201/201/201
f 161/161/161 202/202/202 160/160/160
f 203/203/203 202/202/202 161/161/161
f 201/201/201 202/202/202 203/203/203
f 203/203/203 161/161/161 162/162/162
f 162/162/162 204/204/204 203/203/203
f 205/205/205 163/163/163 164/164/164
f 164/164/164 206/206/206 205/205/205
f 164/164/164 207/207/207 206/206/206
f 207/207/207 169/169/169 168/168/168
f 164/164/164 169/169/169 207/207/207
f 208/208/208 207/207/207 168/168/168
f 206/206/206 207/207/207 208/208/208
f 208/208/208 168/168/168 171/171/171
f 171/171/171 209/209/209 208/208/208
f 209/209/209 171/171/171 174/174/174
f 174/174/174 210/210/210 209/209/209
f 174/174/174 211/211/211 210/210/210
f 175/175/175 211/211/211 174/174/174
f 212/212/212 211/211/211 175/175/175
f 211/211/211 213/213/213 210/210/210
f 212/212/212 213/213/213 211/211/211
f 212/212/212 175/175/175 176/176/176
f 176/176/176 214/214/214 212/212/212
f 214/214/214 176/176/176 177/177/177
f 177/177/177 215/215/215 214/214/214
f 215/215/215 177/177/177 178/178/178
f 178/178/178 216/216/216 215/215/215
f 216/216/216 178/178/178 179/179/179
f 179/179/179 217/217/217 216/216/216
f 217/217/217 179/179/179 180/180/180
f 180/180/180 218/218/218 217/217/217
f 180/180/180 219/219/219 218/218/218
f 181/181/181 219/219/219 180/180/180
f 220/220/220 219/219/219 181/181/181
f 219/219/219 221/221/221 218/218/218
f 220/220/220 221/221/221 219/219/219
f 220/220/220 181/181/181 182/182/182
f 182/182/182 222/222/222 220/220/220
f 222/222/222 182/182/182 183/183/183
f 183/183/183 223/223/223 222/222/222
f 223/223/223 183/183/183 184/184/184
f 184/184/184 224/224/224 223/223/223
f 224/224/224 184/184/184 185/185/185
f 185/185/185 225/225/225 224/224/224
f 225/225/225 185/185/185 186/186/186
f 186/186/186 226/226/226 225/225/225
f 226/226/226 186/186/186 187/187/187
f 187/187/187 227/227/227 226/226/226
f 227/227/227 187/187/187 188/188/188
f 188/188/188 228/228/228 227/227/227
f 228/228/228 188/188/188 189/189/189
f 189/189/189 229/229/229 228/228/228
f 229/229/229 189/189/189 190/190/190
f 190/190/190 230/230/230 229/229/229
f 230/230/230 190/190/190 191/191/191
f 191/191/191 231/231/231 230/230/230
f 231/231/231 191/191/191 192/192/192
f 192/192/192 232/232/232 231/231/231
f 232/232/232 192/192/192 193/193/193
f 193/193/193 233/233/233 232/232/232
f 233/233/233 193/193/193 194/194/194
f 194/194/194 234/234/234 233/233/233
f 234/234/234 194/194/194 195/195/195
f 195/195/195 235/235/235 234/234/234
f 235/235/235 195/195/195 196/196/196
f 196/196/196 236/236/236 235/235/235
f 236/236/236 196/196/196 197/197/197
f 197/197/197 237/237/237 236/236/236
f 237/237/237 197/197/197 199/199/199
f 199/199/199 238/238/238 237/237/237
f 238/238/238 199/199/199 200/200/200
f 200/200/200 239/239/239 238/238/238
f 239/239/239 200/200/200 201/201/201
f 201/201/201 240/240/240 239/239/239
f 240/240/240 201/201/201 203/203/203
f 203/203/203 241/241/241 240/240/240
f 241/241/241 203/203/203 204/204/204
f 204/204/204 242/242/242 241/241/241
f 243/243/243 205/205/205 206/206/206
f 206/206/206 244/244/244 243/243/243
f 206/206/206 245/245/245 244/244/244
f 208/208/208 245/245/245 206/206/206
f 245/245/245 247/247/247 246/246/246
f 208/208/208 247/247/247 245/245/245
f 244/244/244 245/245/245 246/246/246
f 248/248/248 247/247/247 208/208/208
f 247/247/247 249/249/249 246/246/246
f 248/248/248 249/249/249 247/247/247
f 209/209/209 248/248/248 208/208/208
f 250/250/250 251/251/251 248/248/248
f 252/252/252 251/251/251 250/250/250
f 209/209/209 250/250/250 248/248/248
f 253/253/253 254/254/254 249/249/249
f 254/254/254 256/256/256 255/255/255
f 253/253/253 256/256/256 254/254/254
f 248/248/248 253/253/253 249/249/249
f 249/249/249 257/257/257 246/246/246
f 257/257/257 254/254/254 255/255/255
f 249/249/249 254/254/254 257/257/257
f 258/258/258 259/259/259 251/251/251
f 255/255/255 259/259/259 258/258/258
f 252/252/252 258/258/258 251/251/251
f 251/251/251 253/253/253 248/248/248
f 259/259/259 256/256/256 253/253/253
f 255/255/255 256/256/256 259/259/259
f 251/251/251 259/259/259 253/253/253
f 260/260/260 250/250/250 209/209/209
f 252/252/252 250/250/250 260/260/260
f 210/210/210 260/260/260 209/209/209
f 261/261/261 260/260/260 210/210/210
f 252/252/252 260/260/260 261/261/261
f 210/210/210 262/262/262 261/261/261
f 262/262/262 213/213/213 212/212/212
f 210/210/210 213/213/213 262/262/262
f 263/263/263 262/262/262 212/212/212
f 261/261/261 262/262/262 263/263/263
f 212/212/212 264/264/264 263/263/263
f 214/214/214 264/264/264 212/212/212
f 265/265/265 264/264/264 214/214/214
f 264/264/264 266/266/266 263/263/263
f 265/265/265 266/266/266 264/264/264
f 265/265/265 214/214/214 215/215/215
f 215/215/215 267/267/267 265/265/265
f 267/267/267 215/215/215 216/216/216
f 216/216/216 268/268/268 267/267/267
f 268/268/268 216/216/216 217/217/217
f 217/217/217 269/269/269 268/268/268
f 217/217/217 270/270/270 269/269/269
f 218/218/218 270/270/270 217/217/217
f 270/270/270 272/272/272 271/271/271
f 218/218/218 272/272/272 270/270/270
f 269/269/269 270/270/270 271/271/271
f 272/272/272 274/274/274 273/273/273
f 218/218/218 274/274/274 272/272/272
f 271/271/271 272/272/272 273/273/273
f 275/275/275 276/276/276 221/221/221
f 273/273/273 276/276/276 275/275/275
f 220/220/220 275/275/275 221/221/221
f 221/221/221 274/274/274 218/218/218
f 274/274/274 276/276/276 273/273/273
f 221/221/221 276/276/276 274/274/274
f 273/273/273 278/278/278 277/277/277
f 278/278/278 275/275/275 220/220/220
f 273/273/273 275/275/275 278/278/278
f 271/271/271 273/273/273 277/277/277
f 279/279/279 278/278/278 220/220/220
f 277/277/277 278/278/278 279/279/279
f 222/222/222 279/279/279 220/220/220
f 280/280/280 279/279/279 222/222/222
f 279/279/279 281/281/281 277/277/277
f 280/280/280 281/281/281 279/279/279
f 280/280/280 222/222/222 223/223/223
f 223/223/223 282/282/282 280/280/280
f 282/282/282 223/223/223 224/224/224
f 224/224/224 283/283/283 282/282/282
f 283/283/283 224/224/224 225/225/225
f 225/225/225 284/284/284 283/283/283
f 284/284/284 225/225/225 226/226/226
f 226/226/226 285/285/285 284/284/284
f 285/285/285 226/226/226 227/227/227
f 227/227/227 286/286/286 285/285/285
f 286/286/286 227/227/227 228/228/228
f 228/228/228 287/287/287 286/286/286
f 287/287/287 228/228/228 229/229/229
f 229/229/229 288/288/288 287/287/287
f 288/288/288 229/229/229 230/230/230
f 230/230/230 289/289/289 288/288/288
f 289/289/289 230/230/230 231/231/231
f 231/231/231 290/290/290 289/289/289
f 290/290/290 231/231/231 232/232/232
f 232/232/232 291/291/291 290/290/290
f 291/291/291 232/232/232 233/233/233
f 233/233/233 292/292/292 291/291/291
f 292/292/292 233/233/233 234/234/234
f 234/234/234 293/293/293 292/292/292
f 293/293/293 234/234/234 235/235/235
f 235/235/235 294/294/294 293/293/293
f 294/294/294 235/235/235 236/236/236
f 236/236/236 295/295/295 294/294/294
f 295/295/295 236/236/236 237/237/237
f 237/237/237 296/296/296 295/295/295
f 296/296/296 237/237/237 238/238/238
f 238/238/238 297/297/297 296/296/296
f 297/297/297 238/238/238 239/239/239
f 239/239/239 298/298/298 297/297/297
f 298/298/298 239/239/239 240/240/240
f 240/240/240 299/299/299 298/298/298
f 299/299/299 240/240/240 241/241/241
f 241/241/241 300/300/300 299/299/299
f 300/300/300 241/241/241 242/242/242
f 242/242/242 301/301/301 300/300/300
f 302/302/302 243/243/243 244/244/244
f 244/244/244 303/303/303 302/302/302
f 244/244/244 304/304/304 303/303/303
f 246/246/246 304/304/304 244/244/244
f 304/304/304 306/306/306 305/305/305
f 246/246/246 306/306/306 304/304/304
f 303/303/303 304/304/304 305/305/305
f 306/306/306 308/308/308 307/307/307
f 246/246/246 308/308/308 306/306/306
f 305/305/305 306/306/306 307/307/307
f 255/255/255 309/309/309 307/307/307
f 309/309/309 258/258/258 252/252/252
f 255/255/255 258/258/258 309/309/309
f 308/308/308 257/257/257 255/255/255
f 246/246/246 257/257/257 308/308/308
f 307/307/307 308/308/308 255/255/255
f 307/307/307 311/311/311 310/310/310
f 311/311/311 309/309/309 252/252/252
f 307/307/307 309/309/309 311/311/311
f 305/305/305 307/307/307 310/310/310
f 312/312/312 311/311/311 252/252/252
f 310/310/310 311/311/311 312/312/312
f 261/261/261 312/312/312 252/252/252
f 313/313/313 312/312/312 261/261/261
f 310/310/310 312/312/312 313/313/313
f 313/313/313 261/261/261 263/263/263
f 263/263/263 314/314/314 313/313/313
f 263/263/263 315/315/315 314/314/314
f 315/315/315 266/266/266 265/265/265
f 263/263/263 266/266/266 315/315/315
f 316/316/316 315/315/315 265/265/265
f 314/314/314 315/315/315 316/316/316
f 316/316/316 265/265/265 267/267/267
f 267/267/267 317/317/317 316/316/316
f 317/317/317 267/267/267 268/268/268
f 268/268/268 318/318/318 317/317/317
f 268/268/268 319/319/319 318/318/318
f 269/269/269 319/319/319 268/268/268
f 320/320/320 321/321/321 319/319/319
f 322/322/322 321/321/321 320/320/320
f 269/269/269 320/320/320 319/319/319
f 319/319/319 323/323/323 318/318/318
f 321/321/321 324/324/324 323/323/323
f 322/322/322 324/324/324 321/321/321
f 319/319/319 321/321/321 323/323/323
f 325/325/325 320/320/320 269/269/269
f 322/322/322 320/320/320 325/325/325
f 271/271/271 325/325/325 269/269/269
f 326/326/326 325/325/325 271/271/271
f 322/322/322 325/325/325 326/326/326
f 326/326/326 271/271/271 277/277/277
f 277/277/277 327/327/327 326/326/326
f 277/277/277 328/328/328 327/327/327
f 281/281/281 329/329/329 328/328/328
f 280/280/280 329/329/329 281/281/281
f 277/277/277 281/281/281 328/328/328
f 328/328/328 331/331/331 330/330/330
f 331/331/331 329/329/329 280/280/280
f 328/328/328 329/329/329 331/331/331
f 327/327/327 328/328/328 330/330/330
f 332/332/332 331/331/331 280/280/280
f 330/330/330 331/331/331 332/332/332
f 282/282/282 332/332/332 280/280/280
f 333/333/333 332/332/332 282/282/282
f 330/330/330 332/332/332 333/333/333
f 333/333/333 282/282/282 283/283/283
f 283/283/283 334/334/334 333/333/333
f 334/334/334 283/283/283 284/284/284
f 284/284/284 335/335/335 334/334/334
f 335/335/335 284/284/284 285/285/285
f 285/285/285 336/336/336 335/335/335
f 336/336/336 285/285/285 286/286/286
f 286/286/286 337/337/337 336/336/336
f 337/337/337 286/286/286 287/287/287
f 287/287/287 338/338/338 337/337/337
f 338/338/338 287/287/287 288/288/288
f 288/288/288 339/339/339 338/338/338
f 339/339/339 288/288/288 289/289/289
f 289/289/289 340/340/340 339/339/339
f 340/340/340 289/289/289 290/290/290
f 290/290/290 341/341/341 340/340/340
f 341/341/341 290/290/290 291/291/291
f 291/291/291 342/342/342 341/341/341
f 342/342/342 291/291/291 292/292/292
f 292/292/292 343/343/343 342/342/342
f 292/292/292 344/344/344 343/343/343
f 293/293/293 344/344/344 292/292/292
f 345/345/345 344/344/344 293/293/293
f 343/343/343 344/344/344 345/345/345
f 345/345/345 293/293/293 294/294/294
f 294/294/294 346/346/346 345/345/345
f 346/346/346 294/294/294 295/295/295
f 295/295/295 347/347/347 346/346/346
f 347/347/347 295/295/295 296/296/296
f 296/296/296 348/348/348 347/347/347
f 348/348/348 296/296/296 297/297/297
f 297/297/297 349/349/349 348/348/348
f 349/349/349 297/297/297 298/298/298
f 298/298/298 350/350/350 349/349/349
f 350/350/350 298/298/298 299/299/299
f 299/299/299 351/351/351 350/350/350
f 351/351/351 299/299/299 300/300/300
f 300/300/300 352/352/352 351/351/351
f 300/300/300 353/353/353 352/352/352
f 301/301/301 353/353/353 300/300/300
f 353/353/353 355/355/355 354/354/354
f 301/301/301 355/355/355 353/353/353
f 352/352/352 353/353/353 354/354/354
f 356/356/356 302/302/302 303/303/303
f 303/303/303 357/357/357 356/356/356
f 357/357/357 303/303/303 305/305/305
f 305/305/305 358/358/358 357/357/357
f 358/358/358 305/305/305 310/310/310
f 310/310/310 359/359/359 358/358/358
f 310/310/310 360/360/360 359/359/359
f 313/313/313 360/360/360 310/310/310
f 360/360/360 362/362/362 361/361/361
f 313/313/313 362/362/362 360/360/360
f 360/360/360 363/363/363 359/359/359
f 361/361/361 363/363/363 360/360/360
f 364/364/364 362/362/362 313/313/313
f 361/361/361 362/362/362 364/364/364
f 314/314/314 364/364/364 313/313/313
f 365/365/365 364/364/364 314/314/314
f 364/364/364 366/366/366 361/361/361
f 365/365/365 366/366/366 364/364/364
f 314/314/314 367/367/367 365/365/365
f 316/316/316 367/367/367 314/314/314
f 368/368/368 367/367/367 316/316/316
f 367/367/367 369/369/369 365/365/365
f 368/368/368 369/369/369 367/367/367
f 316/316/316 370/370/370 368/368/368
f 317/317/317 370/370/370 316/316/316
f 371/371/371 370/370/370 317/317/317
f 368/368/368 370/370/370 371/371/371
f 371/371/371 317/317/317 318/318/318
f 318/318/318 372/372/372 371/371/371
f 318/318/318 373/373/373 372/372/372
f 323/323/323 374/374/374 373/373/373
f 374/374/374 324/324/324 322/322/322
f 323/323/323 324/324/324 374/374/374
f 318/318/318 323/323/323 373/373/373
f 375/375/375 376/376/376 373/373/373
f 377/377/377 376/376/376 375/375/375
f 375/375/375 374/374/374 322/322/322
f 373/373/373 374/374/374 375/375/375
f 373/373/373 378/378/378 372/372/372
f 378/378/378 376/376/376 377/377/377
f 373/373/373 376/376/376 378/378/378
f 379/379/379 375/375/375 322/322/322
f 377/377/377 375/375/375 379/379/379
f 326/326/326 379/379/379 322/322/322
f 380/380/380 379/379/379 326/326/326
f 377/377/377 379/379/379 380/380/380
f 380/380/380 326/326/326 327/327/327
f 327/327/327 381/381/381 380/380/380
f 381/381/381 327/327/327 330/330/330
f 330/330/330 382/382/382 381/381/381
f 382/382/382 330/330/330 333/333/333
f 333/333/333 383/383/383 382/382/382
f 383/383/383 333/333/333 334/334/334
f 334/334/334 384/384/384 383/383/383
f 384/384/384 334/334/334 335/335/335
f 335/335/335 385/385/385 384/384/384
f 385/385/385 335/335/335 336/336/336
f 336/336/336 386/386/386 385/385/385
f 386/386/386 336/336/336 337/337/337
f 337/337/337 387/387/387 386/386/386
f 387/387/387 337/337/337 338/338/338
f 338/338/338 388/388/388 387/387/387
f 388/388/388 338/338/338 339/339/339
f 339/339/339 389/389/389 388/388/388
f 389/389/389 339/339/339 340/340/340
f 340/340/340 390/390/390 389/389/389
f 390/390/390 340/340/340 341/341/341
f 341/341/341 391/391/391 390/390/390
f 391/391/391 341/341/341 342/342/342
f 342/342/342 392/392/392 391/391/391
f 392/392/392 342/342/342 343/343/343
f 343/343/343 393/393/393 392/392/392
f 393/393/393 343/343/343 345/345/345
f 345/345/345 394/394/394 393/393/393
f 394/394/394 345/345/345 346/346/346
f 346/346/346 395/395/395 394/394/394
f 395/395/395 346/346/346 347/347/347
f 347/347/347 396/396/396 395/395/395
f 396/396/396 347/347/347 348/348/348
f 348/348/348 397/397/397 396/396/396
f 397/397/397 348/348/348 349/349/349
f 349/349/349 398/398/398 397/397/397
f 398/398/398 349/349/349 350/350/350
f 350/350/350 399/399/399 398/398/398
f 399/399/399 350/350/350 351/351/351
f 351/351/351 400/400/400 399/399/399
f 400/400/400 351/351/351 352/352/352
f 352/352/352 401/401/401 400/400/400
f 401/401/401 352/352/352 354/354/354
f 354/354/354 402/402/402 401/401/401
f 403/403/403 356/356/356 357/357/357
f 357/357/357 404/404/404 403/403/403
f 404/404/404 357/357/357 358/358/358
f 358/358/358 405/405/405 404/404/404
f 405/405/405 358/358/358 359/359/359
f 359/359/359 406/406/406 405/405/405
f 359/359/359 407/407/407 406/406/406
f 407/407/407 363/363/363 361/361/361
f 359/359/359 363/363/363 407/407/407
f 408/408/408 407/407/407 361/361/361
f 406/406/406 407/407/407 408/408/408
f 361/361/361 409/409/409 408/408/408
f 366/366/366 410/410/410 409/409/409
f 365/365/365 410/410/410 366/366/366
f 361/361/361 366/366/366 409/409/409
f 409/409/409 412/412/412 411/411/411
f 410/410/410 413/413/413 412/412/412
f 365/365/365 413/413/413 410/410/410
f 409/409/409 410/410/410 412/412/412
f 408/408/408 409/409/409 411/411/411
f 412/412/412 415/415/415 414/414/414
f 415/415/415 413/413/413 365/365/365
f 412/412/412 413/413/413 415/415/415
f 411/411/411 412/412/412 414/414/414
f 369/369/369 416/416/416 414/414/414
f 368/368/368 416/416/416 369/369/369
f 369/369/369 415/415/415 365/365/365
f 414/414/414 415/415/415 369/369/369
f 417/417/417 418/418/418 414/414/414
f 418/418/418 420/420/420 419/419/419
f 417/417/417 420/420/420 418/418/418
f 417/417/417 416/416/416 368/368/368
f 414/414/414 416/416/416 417/417/417
f 414/414/414 421/421/421 411/411/411
f 421/421/421 418/418/418 419/419/419
f 414/414/414 418/418/418 421/421/421
f 422/422/422 417/417/417 368/368/368
f 423/423/423 420/420/420 417/417/417
f 419/419/419 420/420/420 423/423/423
f 422/422/422 423/423/423 417/417/417
f 371/371/371 422/422/422 368/368/368
f 424/424/424 422/422/422 371/371/371
f 425/425/425 423/423/423 422/422/422
f 419/419/419 423/423/423 425/425/425
f 424/424/424 425/425/425 422/422/422
f 424/424/424 371/371/371 372/372/372
f 372/372/372 426/426/426 424/424/424
f 372/372/372 427/427/427 426/426/426
f 427/427/427 378/378/378 377/377/377
f 372/372/372 378/378/378 427/427/427
f 428/428/428 427/427/427 377/377/377
f 427/427/427 429/429/429 426/426/426
f 428/428/428 429/429/429 427/427/427
f 428/428/428 377/377/377 380/380/380
f 380/380/380 430/430/430 428/428/428
f 430/430/430 380/380/380 381/381/381
f 381/381/381 431/431/431 430/430/430
f 381/381/381 432/432/432 431/431/431
f 382/382/382 432/432/432 381/381/381
f 432/432/432 434/434/434 433/433/433
f 382/382/382 434/434/434 432/432/432
f 431/431/431 432/432/432 433/433/433
f 435/435/435 434/434/434 382/382/382
f 434/434/434 436/436/436 433/433/433
f 435/435/435 436/436/436 434/434/434
f 383/383/383 435/435/435 382/382/382
f 437/437/437 438/438/438 435/435/435
f 439/439/439 438/438/438 437/437/437
f 383/383/383 437/437/437 435/435/435
f 440/440/440 441/441/441 436/436/436
f 442/442/442 441/441/441 440/440/440
f 435/435/435 440/440/440 436/436/436
f 436/436/436 443/443/443 433/433/433
f 443/443/443 441/441/441 442/442/442
f 436/436/436 441/441/441 443/443/443
f 438/438/438 444/444/444 442/442/442
f 439/439/439 444/444/444 438/438/438
f 438/438/438 440/440/440 435/435/435
f 442/442/442 440/440/440 438/438/438
f 445/445/445 437/437/437 383/383/383
f 439/439/439 437/437/437 445/445/445
f 384/384/384 445/445/445 383/383/383
f 446/446/446 445/445/445 384/384/384
f 439/439/439 445/445/445 446/446/446
f 384/384/384 447/447/447 446/446/446
f 385/385/385 447/447/447 384/384/384
f 447/447/447 449/449/449 448/448/448
f 385/385/385 449/449/449 447/447/447
f 446/446/446 447/447/447 448/448/448
f 450/450/450 449/449/449 385/385/385
f 448/448/448 449/449/449 450/450/450
f 386/386/386 450/450/450 385/385/385
f 451/451/451 450/450/450 386/386/386
f 448/448/448 450/450/450 451/451/451
f 451/451/451 386/386/386 387/387/387
f 387/387/387 452/452/452 451/451/451
f 452/452/452 387/387/387 388/388/388
f 388/388/388 453/453/453 452/452/452
f 453/453/453 388/388/388 389/389/389
f 389/389/389 454/454/454 453/453/453
f 454/454/454 389/389/389 390/390/390
f 390/390/390 455/455/455 454/454/454
f 455/455/455 390/390/390 391/391/391
f 391/391/391 456/456/456 455/455/455
f 456/456/456 391/391/391 392/392/392
f 392/392/392 457/457/457 456/456/456
f 457/457/457 392/392/392 393/393/393
f 393/393/393 458/458/458 457/457/457
f 393/393/393 459/459/459 458/458/458
f 394/394/394 459/459/459 393/393/393
f 460/460/460 461/461/461 459/459/459
f 462/462/462 461/461/461 460/460/460
f 394/394/394 460/460/460 459/459/459
f 459/459/459 463/463/463 458/458/458
f 463/463/463 461/461/461 462/462/462
f 459/459/459 461/461/461 463/463/463
f 464/464/464 460/460/460 394/394/394
f 462/462/462 460/460/460 464/464/464
f 395/395/395 464/464/464 394/394/394
f 465/465/465 464/464/464 395/395/395
f 462/462/462 464/464/464 465/465/465
f 465/465/465 395/395/395 396/396/396
f 396/396/396 466/466/466 465/465/465
f 466/466/466 396/396/396 397/397/397
f 397/397/397 467/467/467 466/466/466
f 467/467/467 397/397/397 398/398/398
f 398/398/398 468/468/468 467/467/467
f 468/468/468 398/398/398 399/399/399
f 399/399/399 469/469/469 468/468/468
f 469/469/469 399/399/399 400/400/400
f 400/400/400 470/470/470 469/469/469
f 470/470/470 400/400/400 401/401/401
f 401/401/401 471/471/471 470/470/470
f 471/471/471 401/401/401 402/402/402
f 402/402/402 472/472/472 471/471/471
f 473/473/473 403/403/403 404/404/404
f 404/404/404 474/474/474 473/473/473
f 474/474/474 404/404/404 405/405/405
f 405/405/405 475/475/475 474/474/474
f 475/475/475 405/405/405 406/406/406
f 406/406/406 476/476/476 475/475/475
f 476/476/476 406/406/406 408/408/408
f 408/408/408 477/477/477 476/476/476
f 477/477/477 408/408/408 411/411/411
f 411/411/411 478/478/478 477/477/477
f 411/411/411 479/479/479 478/478/478
f 479/479/479 421/421/421 419/419/419
f 411/411/411 421/421/421 479/479/479
f 480/480/480 479/479/479 419/419/419
f 478/478/478 479/479/479 480/480/480
f 419/419/419 481/481/481 480/480/480
f 481/481/481 425/425/425 424/424/424
f 419/419/419 425/425/425 481/481/481
f 482/482/482 481/481/481 424/424/424
f 480/480/480 481/481/481 482/482/482
f 424/424/424 483/483/483 482/482/482
f 426/426/426 483/483/483 424/424/424
f 483/483/483 485/485/485 484/484/484
f 426/426/426 485/485/485 483/483/483
f 482/482/482 483/483/483 484/484/484
f 486/486/486 487/487/487 485/485/485
f 488/488/488 487/487/487 486/486/486
f 426/426/426 486/486/486 485/485/485
f 485/485/485 489/489/489 484/484/484
f 487/487/487 490/490/490 489/489/489
f 488/488/488 490/490/490 487/487/487
f 485/485/485 487/487/487 489/489/489
f 488/488/488 429/429/429 428/428/428
f 429/429/429 486/486/486 426/426/426
f 488/488/488 486/486/486 429/429/429
f 491/491/491 492/492/492 488/488/488
f 493/493/493 492/492/492 491/491/491
f 428/428/428 491/491/491 488/488/488
f 489/489/489 495/495/495 494/494/494
f 495/495/495 490/490/490 488/488/488
f 489/489/489 490/490/490 495/495/495
f 484/484/484 489/489/489 494/494/494
f 494/494/494 492/492/492 493/493/493
f 492/492/492 495/495/495 488/488/488
f 494/494/494 495/495/495 492/492/492
f 496/496/496 491/491/491 428/428/428
f 493/493/493 491/491/491 496/496/496
f 430/430/430 496/496/496 428/428/428
f 497/497/497 496/496/496 430/430/430
f 493/493/493 496/496/496 497/497/497
f 497/497/497 430/430/430 431/431/431
f 431/431/431 498/498/498 497/497/497
f 431/431/431 499/499/499 498/498/498
f 433/433/433 499/499/499 431/431/431
f 499/499/499 501/501/501 500/500/500
f 433/433/433 501/501/501 499/499/499
f 498/498/498 499/499/499 500/500/500
f 501/501/501 503/503/503 502/502/502
f 433/433/433 503/503/503 501/501/501
f 500/500/500 501/501/501 502/502/502
f 442/442/442 504/504/504 502/502/502
f 504/504/504 444/444/444 439/439/439
f 442/442/442 444/444/444 504/504/504
f 503/503/503 443/443/443 442/442/442
f 433/433/433 443/443/443 503/503/503
f 502/502/502 503/503/503 442/442/442
f 502/502/502 506/506/506 505/505/505
f 506/506/506 504/504/504 439/439/439
f 502/502/502 504/504/504 506/506/506
f 500/500/500 502/502/502 505/505/505
f 507/507/507 506/506/506 439/439/439
f 505/505/505 506/506/506 507/507/507
f 446/446/446 507/507/507 439/439/439
f 508/508/508 507/507/507 446/446/446
f 505/505/505 507/507/507 508/508/508
f 508/508/508 446/446/446 448/448/448
f 448/448/448 509/509/509 508/508/508
f 509/509/509 448/448/448 451/451/451
f 451/451/451 510/510/510 509/509/509
f 451/451/451 511/511/511 510/510/510
f 452/452/452 511/511/511 451/451/451
f 512/512/512 511/511/511 452/452/452
f 510/510/510 511/511/511 512/512/512
f 512/512/512 452/452/452 453/453/453
f 453/453/453 513/513/513 512/512/512
f 513/513/513 453/453/453 454/454/454
f 454/454/454 514/514/514 513/513/513
f 514/514/514 454/454/454 455/455/455
f 455/455/455 515/515/515 514/514/514
f 515/515/515 455/455/455 456/456/456
f 456/456/456 516/516/516 515/515/515
f 516/516/516 456/456/456 457/457/457
f 457/457/457 517/517/517 516/516/516
f 517/517/517 457/457/457 458/458/458
f 458/458/458 518/518/518 517/517/517
f 458/458/458 519/519/519 518/518/518
f 519/519/519 463/463/463 462/462/462
f 458/458/458 463/463/463 519/519/519
f 520/520/520 519/519/519 462/462/462
f 518/518/518 519/519/519 520/520/520
f 520/520/520 462/462/462 465/465/465
f 465/465/465 521/521/521 520/520/520
f 521/521/521 465/465/465 466/466/466
f 466/466/466 522/522/522 521/521/521
f 522/522/522 466/466/466 467/467/467
f 467/467/467 523/523/523 522/522/522
f 523/523/523 467/467/467 468/468/468
f 468/468/468 524/524/524 523/523/523
f 524/524/524 468/468/468 469/469/469
f 469/469/469 525/525/525 524/524/524
f 525/525/525 469/469/469 470/470/470
f 470/470/470 526/526/526 525/525/525
f 526/526/526 470/470/470 471/471/471
f 471/471/471 527/527/527 526/526/526
f 527/527/527 471/471/471 472/472/472
f 472/472/472 528/528/528 527/527/527
f 529/529/529 473/473/473 474/474/474
f 474/474/474 530/530/530 529/529/529
f 530/530/530 474/474/474 475/475/475
f 475/475/475 531/531/531 530/530/530
f 531/531/531 475/475/475 476/476/476
f 476/476/476 532/532/532 531/531/531
f 532/532/532 476/476/476 477/477/477
f 477/477/477 533/533/533 532/532/532
f 533/533/533 477/477/477 478/478/478
f 478/478/478 534/534/534 533/533/533
f 534/534/534 478/478/478 480/480/480
f 480/480/480 535/535/535 534/534/534
f 535/535/535 480/480/480 482/482/482
f 482/482/482 536/536/536 535/535/535
f 536/536/536 482/482/482 484/484/484
f 484/484/484 537/537/537 536/536/536
f 484/484/484 538/538/538 537/537/537
f 538/538/538 494/494/494 493/493/493
f 484/484/484 494/494/494 538/538/538
f 539/539/539 538/538/538 493/493/493
f 537/537/537 538/538/538 539/539/539
f 493/493/493 540/540/540 539/539/539
f 497/497/497 540/540/540 493/493/493
f 540/540/540 542/542/542 541/541/541
f 497/497/497 542/542/542 540/540/540
f 539/539/539 540/540/540 541/541/541
f 543/543/543 542/542/542 497/497/497
f 542/542/542 544/544/544 541/541/541
f 543/543/543 544/544/544 542/542/542
f 498/498/498 543/543/543 497/497/497
f 545/545/545 543/543/543 498/498/498
f 546/546/546 544/544/544 543/543/543
f 544/544/544 547/547/547 541/541/541
f 546/546/546 547/547/547 544/544/544
f 545/545/545 546/546/546 543/543/543
f 545/545/545 498/498/498 500/500/500
f 500/500/500 548/548/548 545/545/545
f 548/548/548 500/500/500 505/505/505
f 505/505/505 549/549/549 548/548/548
f 505/505/505 550/550/550 549/549/549
f 508/508/508 550/550/550 505/505/505
f 550/550/550 552/552/552 551/551/551
f 508/508/508 552/552/552 550/550/550
f 550/550/550 553/553/553 549/549/549
f 551/551/551 553/553/553 550/550/550
f 554/554/554 552/552/552 508/508/508
f 551/551/551 552/552/552 554/554/554
f 509/509/509 554/554/554 508/508/508
f 555/555/555 554/554/554 509/509/509
f 551/551/551 554/554/554 555/555/555
f 555/555/555 509/509/509 510/510/510
f 510/510/510 556/556/556 555/555/555
f 556/556/556 510/510/510 512/512/512
f 512/512/512 557/557/557 556/556/556
f 512/512/512 558/558/558 557/557/557
f 513/513/513 558/558/558 512/512/512
f 559/559/559 558/558/558 513/513/513
f 557/557/557 558/558/558 559/559/559
f 513/513/513 560/560/560 559/559/559
f 514/514/514 560/560/560 513/513/513
f 561/561/561 560/560/560 514/514/514
f 559/559/559 560/560/560 561/561/561
f 561/561/561 514/514/514 515/515/515
f 515/515/515 562/562/562 561/561/561
f 562/562/562 515/515/515 516/516/516
f 516/516/516 563/563/563 562/562/562
f 563/563/563 516/516/516 517/517/517
f 517/517/517 564/564/564 563/563/563
f 564/564/564 517/517/517 518/518/518
f 518/518/518 565/565/565 564/564/564
f 565/565/565 518/518/518 520/520/520
f 520/520/520 566/566/566 565/565/565
f 566/566/566 520/520/520 521/521/521
f 521/521/521 567/567/567 566/566/566
f 567/567/567 521/521/521 522/522/522
f 522/522/522 568/568/568 567/567/567
f 568/568/568 522/522/522 523/523/523
f 523/523/523 569/569/569 568/568/568
f 569/569/569 523/523/523 524/524/524
f 524/524/524 570/570/570 569/569/569
f 570/570/570 524/524/524 525/525/525
f 525/525/525 571/571/571 570/570/570
f 571/571/571 525/525/525 526/526/526
f 526/526/526 572/572/572 571/571/571
f 572/572/572 526/526/526 527/527/527
f 527/527/527 573/573/573 572/572/572
f 573/573/573 527/527/527 528/528/528
f 528/528/528 574/574/574 573/573/573
f 575/575/575 529/529/529 530/530/530
f 530/530/530 576/576/576 575/575/575
f 576/576/576 530/530/530 531/531/531
f 531/531/531 577/577/577 576/576/576
f 577/577/577 531/531/531 532/532/532
f 532/532/532 578/578/578 577/577/577
f 578/578/578 532/532/532 533/533/533
f 533/533/533 579/579/579 578/578/578
f 579/579/579 533/533/533 534/534/534
f 534/534/534 580/580/580 579/579/579
f 580/580/580 534/534/534 535/535/535
f 535/535/535 581/581/581 580/580/580
f 581/581/581 535/535/535 536/536/536
f 536/536/536 582/582/582 581/581/581
f 582/582/582 536/536/536 537/537/537
f 537/537/537 583/583/583 582/582/582
f 583/583/583 537/537/537 539/539/539
f 539/539/539 584/584/584 583/583/583
f 539/539/539 585/585/585 584/584/584
f 541/541/541 585/585/585 539/539/539
f 585/585/585 587/587/587 586/586/586
f 541/541/541 587/587/587 585/585/585
f 584/584/584 585/585/585 586/586/586
f 587/587/587 589/589/589 588/588/588
f 541/541/541 589/589/589 587/587/587
f 586/586/586 587/587/587 588/588/588
f 590/590/590 591/591/591 546/546/546
f 588/588/588 591/591/591 590/590/590
f 545/545/545 590/590/590 546/546/546
f 547/547/547 592/592/592 589/589/589
f 546/546/546 592/592/592 547/547/547
f 541/541/541 547/547/547 589/589/589
f 589/589/589 591/591/591 588/588/588
f 591/591/591 592/592/592 546/546/546
f 589/589/589 592/592/592 591/591/591
f 588/588/588 594/594/594 593/593/593
f 594/594/594 590/590/590 545/545/545
f 588/588/588 590/590/590 594/594/594
f 588/588/588 595/595/595 586/586/586
f 593/593/593 595/595/595 588/588/588
f 596/596/596 594/594/594 545/545/545
f 594/594/594 597/597/597 593/593/593
f 596/596/596 597/597/597 594/594/594
f 548/548/548 596/596/596 545/545/545
f 598/598/598 596/596/596 548/548/548
f 599/599/599 597/597/597 596/596/596
f 593/593/593 597/597/597 599/599/599
f 598/598/598 599/599/599 596/596/596
f 548/548/548 600/600/600 598/598/598
f 549/549/549 600/600/600 548/548/548
f 600/600/600 602/602/602 601/601/601
f 549/549/549 602/602/602 600/600/600
f 598/598/598 600/600/600 601/601/601
f 603/603/603 602/602/602 549/549/549
f 602/602/602 604/604/604 601/601/601
f 603/603/603 604/604/604 602/602/602
f 553/553/553 605/605/605 603/603/603
f 551/551/551 605/605/605 553/553/553
f 549/549/549 553/553/553 603/603/603
f 606/606/606 608/608/608 607/607/607
f 603/603/603 608/608/608 606/606/606
f 609/609/609 606/606/606 607/607/607
f 607/607/607 605/605/605 551/551/551
f 605/605/605 608/608/608 603/603/603
f 607/607/607 608/608/608 605/605/605
f 604/604/604 611/611/611 610/610/610
f 603/603/603 611/611/611 604/604/604
f 601/601/601 604/604/604 610/610/610
f 610/610/610 606/606/606 609/609/609
f 606/606/606 611/611/611 603/603/603
f 610/610/610 611/611/611 606/606/606
f 612/612/612 607/607/607 551/551/551
f 609/609/609 607/607/607 612/612/612
f 555/555/555 612/612/612 551/551/551
f 612/612/612 614/614/614 613/613/613
f 555/555/555 614/614/614 612/612/612
f 609/609/609 612/612/612 613/613/613
f 615/615/615 614/614/614 555/555/555
f 614/614/614 616/616/616 613/613/613
f 615/615/615 616/616/616 614/614/614
f 556/556/556 615/615/615 555/555/555
f 617/617/617 615/615/615 556/556/556
f 618/618/618 616/616/616 615/615/615
f 613/613/613 616/616/616 618/618/618
f 617/617/617 618/618/618 615/615/615
f 617/617/617 556/556/556 557/557/557
f 557/557/557 619/619/619 617/617/617
f 619/619/619 557/557/557 559/559/559
f 559/559/559 620/620/620 619/619/619
f 620/620/620 559/559/559 561/561/561
f 561/561/561 621/621/621 620/620/620
f 621/621/621 561/561/561 562/562/562
f 562/562/562 622/622/622 621/621/621
f 622/622/622 562/562/562 563/563/563
f 563/563/563 623/623/623 622/622/622
f 623/623/623 563/563/563 564/564/564
f 564/564/564 624/624/624 623/623/623
f 624/624/624 564/564/564 565/565/565
f 565/565/565 625/625/625 624/624/624
f 625/625/625 565/565/565 566/566/566
f 566/566/566 626/626/626 625/625/625
f 626/626/626 566/566/566 567/567/567
f 567/567/567 627/627/627 626/626/626
f 627/627/627 567/567/567 568/568/568
f 568/568/568 628/628/628 627/627/627
f 628/628/628 568/568/568 569/569/569
f 569/569/569 629/629/629 628/628/628
f 629/629/629 569/569/569 570/570/570
f 570/570/570 630/630/630 629/629/629
f 630/630/630 570/570/570 571/571/571
f 571/571/571 631/631/631 630/630/630
f 631/631/631 571/571/571 572/572/572
f 572/572/572 632/632/632 631/631/631
f 632/632/632 572/572/572 573/573/573
f 573/573/573 633/633/633 632/632/632
f 633/633/633 573/573/573 574/574/574
f 574/574/574 634/634/634 633/633/633
f 635/635/635 575/575/575 576/576/576
f 576/576/576 636/636/636 635/635/635
f 636/636/636 576/576/576 577/577/577
f 577/577/577 637/637/637 636/636/636
f 637/637/637 577/577/577 578/578/578
f 578/578/578 638/638/638 637/637/637
f 638/638/638 578/578/578 579/579/579
f 579/579/579 639/639/639 638/638/638
f 639/639/639 579/579/579 580/580/580
f 580/580/580 640/640/640 639/639/639
f 640/640/640 580/580/580 581/581/581
f 581/581/581 641/641/641 640/640/640
f 641/641/641 581/581/581 582/582/582
f 582/582/582 642/642/642 641/641/641
f 642/642/642 582/582/582 583/583/583
f 583/583/583 643/643/643 642/642/642
f 643/643/643 583/583/583 584/584/584
f 584/584/584 644/644/644 643/643/643
f 584/584/584 645/645/645 644/644/644
f 586/586/586 645/645/645 584/584/584
f 646/646/646 645/645/645 586/586/586
f 644/644/644 645/645/645 646/646/646
f 586/586/586 647/647/647 646/646/646
f 595/595/595 648/648/648 647/647/647
f 593/593/593 648/648/648 595/595/595
f 586/586/586 595/595/595 647/647/647
f 647/647/647 650/650/650 649/649/649
f 648/648/648 651/651/651 650/650/650
f 593/593/593 651/651/651 648/648/648
f 647/647/647 648/648/648 650/650/650
f 646/646/646 647/647/647 649/649/649
f 652/652/652 654/654/654 653/653/653
f 650/650/650 654/654/654 652/652/652
f 655/655/655 652/652/652 653/653/653
f 653/653/653 651/651/651 593/593/593
f 651/651/651 654/654/654 650/650/650
f 653/653/653 654/654/654 651/651/651
f 650/650/650 656/656/656 649/649/649
f 652/652/652 657/657/657 656/656/656
f 655/655/655 657/657/657 652/652/652
f 650/650/650 652/652/652 656/656/656
f 655/655/655 599/599/599 598/598/598
f 599/599/599 653/653/653 593/593/593
f 655/655/655 653/653/653 599/599/599
f 658/658/658 659/659/659 655/655/655
f 660/660/660 659/659/659 658/658/658
f 598/598/598 658/658/658 655/655/655
f 656/656/656 662/662/662 661/661/661
f 662/662/662 657/657/657 655/655/655
f 656/656/656 657/657/657 662/662/662
f 649/649/649 656/656/656 661/661/661
f 661/661/661 659/659/659 660/660/660
f 659/659/659 662/662/662 655/655/655
f 661/661/661 662/662/662 659/659/659
f 663/663/663 658/658/658 598/598/598
f 660/660/660 658/658/658 663/663/663
f 601/601/601 663/663/663 598/598/598
f 663/663/663 665/665/665 664/664/664
f 601/601/601 665/665/665 663/663/663
f 660/660/660 663/663/663 664/664/664
f 666/666/666 665/665/665 601/601/601
f 665/665/665 667/667/667 664/664/664
f 666/666/666 667/667/667 665/665/665
f 666/666/666 610/610/610 609/609/609
f 601/601/601 610/610/610 666/666/666
f 668/668/668 669/669/669 666/666/666
f 670/670/670 669/669/669 668/668/668
f 609/609/609 668/668/668 666/666/666
f 667/667/667 672/672/672 671/671/671
f 666/666/666 672/672/672 667/667/667
f 664/664/664 667/667/667 671/671/671
f 673/673/673 674/674/674 669/669/669
f 671/671/671 674/674/674 673/673/673
f 670/670/670 673/673/673 669/669/669
f 669/669/669 672/672/672 666/666/666
f 672/672/672 674/674/674 671/671/671
f 669/669/669 674/674/674 672/672/672
f 675/675/675 668/668/668 609/609/609
f 670/670/670 668/668/668 675/675/675
f 613/613/613 675/675/675 609/609/609
f 676/676/676 675/675/675 613/613/613
f 670/670/670 675/675/675 676/676/676
f 613/613/613 677/677/677 676/676/676
f 677/677/677 618/618/618 617/617/617
f 613/613/613 618/618/618 677/677/677
f 678/678/678 677/677/677 617/617/617
f 676/676/676 677/677/677 678/678/678
f 678/678/678 617/617/617 619/619/619
f 619/619/619 679/679/679 678/678/678
f 679/679/679 619/619/619 620/620/620
f 620/620/620 680/680/680 679/679/679
f 680/680/680 620/620/620 621/621/621
f 621/621/621 681/681/681 680/680/680
f 621/621/621 682/682/682 681/681/681
f 622/622/622 682/682/682 621/621/621
f 683/683/683 682/682/682 622/622/622
f 682/682/682 684/684/684 681/681/681
f 683/683/683 684/684/684 682/682/682
f 683/683/683 622/622/622 623/623/623
f 623/623/623 685/685/685 683/683/683
f 623/623/623 686/686/686 685/685/685
f 624/624/624 686/686/686 623/623/623
f 687/687/687 686/686/686 624/624/624
f 686/686/686 688/688/688 685/685/685
f 687/687/687 688/688/688 686/686/686
f 687/687/687 624/624/624 625/625/625
f 625/625/625 689/689/689 687/687/687
f 689/689/689 625/625/625 626/626/626
f 626/626/626 690/690/690 689/689/689
f 690/690/690 626/626/626 627/627/627
f 627/627/627 691/691/691 690/690/690
f 691/691/691 627/627/627 628/628/628
f 628/628/628 692/692/692 691/691/691
f 692/692/692 628/628/628 629/629/629
f 629/629/629 693/693/693 692/692/692
f 693/693/693 629/629/629 630/630/630
f 630/630/630 694/694/694 693/693/693
f 694/694/694 630/630/630 631/631/631
f 631/631/631 695/695/695 694/694/694
f 695/695/695 631/631/631 632/632/632
f 632/632/632 696/696/696 695/695/695
f 696/696/696 632/632/632 633/633/633
f 633/633/633 697/697/697 696/696/696
f 697/697/697 633/633/633 634/634/634
f 634/634/634 698/698/698 697/697/697
f 699/699/699 635/635/635 636/636/636
f 636/636/636 700/700/700 699/699/699
f 700/700/700 636/636/636 637/637/637
f 637/637/637 701/701/701 700/700/700
f 701/701/701 637/637/637 638/638/638
f 638/638/638 702/702/702 701/701/701
f 702/702/702 638/638/638 639/639/639
f 639/639/639 703/703/703 702/702/702
f 703/703/703 639/639/639 640/640/640
f 640/640/640 704/704/704 703/703/703
f 704/704/704 640/640/640 641/641/641
f 641/641/641 705/705/705 704/704/704
f 705/705/705 641/641/641 642/642/642
f 642/642/642 706/706/706 705/705/705
f 706/706/706 642/642/642 643/643/643
f 643/643/643 707/707/707 706/706/706
f 707/707/707 643/643/643 644/644/644
f 644/644/644 708/708/708 707/707/707
f 708/708/708 644/644/644 646/646/646
f 646/646/646 709/709/709 708/708/708
f 646/646/646 710/710/710 709/709/709
f 649/649/649 710/710/710 646/646/646
f 711/711/711 710/710/710 649/649/649
f 710/710/710 712/712/712 709/709/709
f 711/711/711 712/712/712 710/710/710
f 649/649/649 713/713/713 711/711/711
f 713/713/713 661/661/661 660/660/660
f 649/649/649 661/661/661 713/713/713
f 714/714/714 713/713/713 660/660/660
f 711/711/711 713/713/713 714/714/714
f 660/660/660 715/715/715 714/714/714
f 664/664/664 715/715/715 660/660/660
f 716/716/716 715/715/715 664/664/664
f 715/715/715 717/717/717 714/714/714
f 716/716/716 717/717/717 715/715/715
f 664/664/664 718/718/718 716/716/716
f 671/671/671 719/719/719 718/718/718
f 719/719/719 673/673/673 670/670/670
f 671/671/671 673/673/673 719/719/719
f 664/664/664 671/671/671 718/718/718
f 718/718/718 721/721/721 720/720/720
f 721/721/721 719/719/719 670/670/670
f 718/718/718 719/719/719 721/721/721
f 716/716/716 718/718/718 720/720/720
f 722/722/722 721/721/721 670/670/670
f 720/720/720 721/721/721 722/722/722
f 676/676/676 722/722/722 670/670/670
f 723/723/723 722/722/722 676/676/676
f 720/720/720 722/722/722 723/723/723
f 723/723/723 676/676/676 678/678/678
f 678/678/678 724/724/724 723/723/723
f 678/678/678 725/725/725 724/724/724
f 679/679/679 725/725/725 678/678/678
f 726/726/726 725/725/725 679/679/679
f 725/725/725 727/727/727 724/724/724
f 726/726/726 727/727/727 725/725/725
f 726/726/726 679/679/679 680/680/680
f 680/680/680 728/728/728 726/726/726
f 728/728/728 680/680/680 681/681/681
f 681/681/681 729/729/729 728/728/728
f 681/681/681 730/730/730 729/729/729
f 730/730/730 684/684/684 683/683/683
f 681/681/681 684/684/684 730/730/730
f 731/731/731 732/732/732 730/730/730
f 732/732/732 734/734/734 733/733/733
f 731/731/731 734/734/734 732/732/732
f 683/683/683 731/731/731 730/730/730
f 730/730/730 735/735/735 729/729/729
f 735/735/735 732/732/732 733/733/733
f 730/730/730 732/732/732 735/735/735
f 736/736/736 731/731/731 683/683/683
f 737/737/737 734/734/734 731/731/731
f 734/734/734 738/738/738 733/733/733
f 737/737/737 738/738/738 734/734/734
f 736/736/736 737/737/737 731/731/731
f 685/685/685 736/736/736 683/683/683
f 739/739/739 740/740/740 736/736/736
f 740/740/740 742/742/742 741/741/741
f 739/739/739 742/742/742 740/740/740
f 685/685/685 739/739/739 736/736/736
f 743/743/743 744/744/744 737/737/737
f 745/745/745 744/744/744 743/743/743
f 736/736/736 743/743/743 737/737/737
f 738/738/738 747/747/747 746/746/746
f 737/737/737 747/747/747 738/738/738
f 733/733/733 738/738/738 746/746/746
f 746/746/746 744/744/744 745/745/745
f 744/744/744 747/747/747 737/737/737
f 746/746/746 747/747/747 744/744/744
f 745/745/745 740/740/740 741/741/741
f 740/740/740 743/743/743 736/736/736
f 745/745/745 743/743/743 740/740/740
f 739/739/739 749/749/749 748/748/748
f 685/685/685 749/749/749 739/739/739
f 750/750/750 742/742/742 739/739/739
f 742/742/742 751/751/751 741/741/741
f 750/750/750 751/751/751 742/742/742
f 748/748/748 750/750/750 739/739/739
f 752/752/752 753/753/753 688/688/688
f 748/748/748 753/753/753 752/752/752
f 687/687/687 752/752/752 688/688/688
f 688/688/688 749/749/749 685/685/685
f 749/749/749 753/753/753 748/748/748
f 688/688/688 753/753/753 749/749/749
f 748/748/748 755/755/755 754/754/754
f 755/755/755 752/752/752 687/687/687
f 748/748/748 752/752/752 755/755/755
f 756/756/756 750/750/750 748/748/748
f 757/757/757 751/751/751 750/750/750
f 741/741/741 751/751/751 757/757/757
f 756/756/756 757/757/757 750/750/750
f 754/754/754 756/756/756 748/748/748
f 758/758/758 755/755/755 687/687/687
f 754/754/754 755/755/755 758/758/758
f 689/689/689 758/758/758 687/687/687
f 759/759/759 758/758/758 689/689/689
f 754/754/754 758/758/758 759/759/759
f 759/759/759 689/689/689 690/690/690
f 690/690/690 760/760/760 759/759/759
f 760/760/760 690/690/690 691/691/691
f 691/691/691 761/761/761 760/760/760
f 761/761/761 691/691/691 692/692/692
f 692/692/692 762/762/762 761/761/761
f 762/762/762 692/692/692 693/693/693
f 693/693/693 763/763/763 762/762/762
f 763/763/763 693/693/693 694/694/694
f 694/694/694 764/764/764 763/763/763
f 764/764/764 694/694/694 695/695/695
f 695/695/695 765/765/765 764/764/764
f 765/765/765 695/695/695 696/696/696
f 696/696/696 766/766/766 765/765/765
f 766/766/766 696/696/696 697/697/697
f 697/697/697 767/767/767 766/766/766
f 767/767/767 697/697/697 698/698/698
f 698/698/698 768/768/768 767/767/767
f 769/769/769 699/699/699 700/700/700
f 700/700/700 770/770/770 769/769/769
f 770/770/770 700/700/700 701/701/701
f 701/701/701 771/771/771 770/770/770
f 771/771/771 701/701/701 702/702/702
f 702/702/702 772/772/772 771/771/771
f 772/772/772 702/702/702 703/703/703
f 703/703/703 773/773/773 772/772/772
f 773/773/773 703/703/703 704/704/704
f 704/704/704 774/774/774 773/773/773
f 774/774/774 704/704/704 705/705/705
f 705/705/705 775/775/775 774/774/774
f 775/775/775 705/705/705 706/706/706
f 706/706/706 776/776/776 775/775/775
f 776/776/776 706/706/706 707/707/707
f 707/707/707 777/777/777 776/776/776
f 777/777/777 707/707/707 708/708/708
f 708/708/708 778/778/778 777/777/777
f 778/778/778 708/708/708 709/709/709
f 709/709/709 779/779/779 778/778/778
f 709/709/709 780/780/780 779/779/779
f 780/780/780 712/712/712 711/711/711
f 709/709/709 712/712/712 780/780/780
f 781/781/781 780/780/780 711/711/711
f 779/779/779 780/780/780 781/781/781
f 711/711/711 782/782/782 781/781/781
f 714/714/714 782/782/782 711/711/711
f 782/782/782 784/784/784 783/783/783
f 714/714/714 784/784/784 782/782/782
f 781/781/781 782/782/782 783/783/783
f 785/785/785 786/786/786 784/784/784
f 787/787/787 786/786/786 785/785/785
f 714/714/714 785/785/785 784/784/784
f 784/784/784 788/788/788 783/783/783
f 788/788/788 786/786/786 787/787/787
f 784/784/784 786/786/786 788/788/788
f 787/787/787 717/717/717 716/716/716
f 717/717/717 785/785/785 714/714/714
f 787/787/787 785/785/785 717/717/717
f 787/787/787 790/790/790 789/789/789
f 716/716/716 790/790/790 787/787/787
f 791/791/791 788/788/788 787/787/787
f 783/783/783 788/788/788 791/791/791
f 789/789/789 791/791/791 787/787/787
f 792/792/792 790/790/790 716/716/716
f 790/790/790 793/793/793 789/789/789
f 792/792/792 793/793/793 790/790/790
f 720/720/720 792/792/792 716/716/716
f 794/794/794 795/795/795 792/792/792
f 796/796/796 795/795/795 794/794/794
f 720/720/720 794/794/794 792/792/792
f 797/797/797 798/798/798 793/793/793
f 799/799/799 798/798/798 797/797/797
f 792/792/792 797/797/797 793/793/793
f 793/793/793 800/800/800 789/789/789
f 800/800/800 798/798/798 799/799/799
f 793/793/793 798/798/798 800/800/800
f 799/799/799 795/795/795 796/796/796
f 795/795/795 797/797/797 792/792/792
f 799/799/799 797/797/797 795/795/795
f 801/801/801 794/794/794 720/720/720
f 796/796/796 794/794/794 801/801/801
f 723/723/723 801/801/801 720/720/720
f 802/802/802 801/801/801 723/723/723
f 796/796/796 801/801/801 802/802/802
f 802/802/802 723/723/723 724/724/724
f 724/724/724 803/803/803 802/802/802
f 724/724/724 804/804/804 803/803/803
f 804/804/804 727/727/727 726/726/726
f 724/724/724 727/727/727 804/804/804
f 805/805/805 804/804/804 726/726/726
f 803/803/803 804/804/804 805/805/805
f 726/726/726 806/806/806 805/805/805
f 728/728/728 806/806/806 726/726/726
f 807/807/807 806/806/806 728/728/728
f 806/806/806 808/808/808 805/805/805
f 807/807/807 808/808/808 806/806/806
f 807/807/807 728/728/728 729/729/729
f 729/729/729 809/809/809 807/807/807
f 729/729/729 810/810/810 809/809/809
f 810/810/810 735/735/735 733/733/733
f 729/729/729 735/735/735 810/810/810
f 810/810/810 812/812/812 811/811/811
f 733/733/733 812/812/812 810/810/810
f 809/809/809 810/810/810 811/811/811
f 812/812/812 814/814/814 813/813/813
f 733/733/733 814/814/814 812/812/812
f 811/811/811 812/812/812 813/813/813
f 813/813/813 745/745/745 741/741/741
f 814/814/814 746/746/746 745/745/745
f 733/733/733 746/746/746 814/814/814
f 813/813/813 814/814/814 745/745/745
f 813/813/813 816/816/816 815/815/815
f 741/741/741 816/816/816 813/813/813
f 813/813/813 817/817/817 811/811/811
f 815/815/815 817/817/817 813/813/813
f 816/816/816 819/819/819 818/818/818
f 741/741/741 819/819/819 816/816/816
f 815/815/815 816/816/816 818/818/818
f 818/818/818 756/756/756 754/754/754
f 819/819/819 757/757/757 756/756/756
f 741/741/741 757/757/757 819/819/819
f 818/818/818 819/819/819 756/756/756
f 820/820/820 818/818/818 754/754/754
f 818/818/818 821/821/821 815/815/815
f 820/820/820 821/821/821 818/818/818
f 754/754/754 822/822/822 820/820/820
f 759/759/759 822/822/822 754/754/754
f 823/823/823 822/822/822 759/759/759
f 822/822/822 824/824/824 820/820/820
f 823/823/823 824/824/824 822/822/822
f 823/823/823 759/759/759 760/760/760
f 760/760/760 825/825/825 823/823/823
f 825/825/825 760/760/760 761/761/761
f 761/761/761 826/826/826 825/825/825
f 826/826/826 761/761/761 762/762/762
f 762/762/762 827/827/827 826/826/826
f 827/827/827 762/762/762 763/763/763
f 763/763/763 828/828/828 827/827/827
f 828/828/828 763/763/763 764/764/764
f 764/764/764 829/829/829 828/828/828
f 829/829/829 764/764/764 765/765/765
f 765/765/765 830/830/830 829/829/829
f 830/830/830 765/765/765 766/766/766
f 766/766/766 831/831/831 830/830/830
f 831/831/831 766/766/766 767/767/767
f 767/767/767 832/832/832 831/831/831
f 832/832/832 767/767/767 768/768/768
f 768/768/768 833/833/833 832/832/832
f 834/834/834 769/769/769 770/770/770
f 770/770/770 835/835/835 834/834/834
f 835/835/835 770/770/770 771/771/771
f 771/771/771 836/836/836 835/835/835
f 836/836/836 771/771/771 772/772/772
f 772/772/772 837/837/837 836/836/836
f 837/837/837 772/772/772 773/773/773
f 773/773/773 838/838/838 837/837/837
f 838/838/838 773/773/773 774/774/774
f 774/774/774 839/839/839 838/838/838
f 839/839/839 774/774/774 775/775/775
f 775/775/775 840/840/840 839/839/839
f 840/840/840 775/775/775 776/776/776
f 776/776/776 841/841/841 840/840/840
f 841/841/841 776/776/776 777/777/777
f 777/777/777 842/842/842 841/841/841
f 842/842/842 777/777/777 778/778/778
f 778/778/778 843/843/843 842/842/842
f 843/843/843 778/778/778 779/779/779
f 779/779/779 844/844/844 843/843/843
f 844/844/844 779/779/779 781/781/781
f 781/781/781 845/845/845 844/844/844
f 845/845/845 781/781/781 783/783/783
f 783/783/783 846/846/846 845/845/845
f 783/783/783 847/847/847 846/846/846
f 847/847/847 791/791/791 789/789/789
f 783/783/783 791/791/791 847/847/847
f 847/847/847 849/849/849 848/848/848
f 789/789/789 849/849/849 847/847/847
f 846/846/846 847/847/847 848/848/848
f 849/849/849 851/851/851 850/850/850
f 789/789/789 851/851/851 849/849/849
f 848/848/848 849/849/849 850/850/850
f 850/850/850 799/799/799 796/796/796
f 851/851/851 800/800/800 799/799/799
f 789/789/789 800/800/800 851/851/851
f 850/850/850 851/851/851 799/799/799
f 852/852/852 850/850/850 796/796/796
f 848/848/848 850/850/850 852/852/852
f 852/852/852 796/796/796 802/802/802
f 802/802/802 853/853/853 852/852/852
f 802/802/802 854/854/854 853/853/853
f 803/803/803 854/854/854 802/802/802
f 855/855/855 854/854/854 803/803/803
f 854/854/854 856/856/856 853/853/853
f 855/855/855 856/856/856 854/854/854
f 803/803/803 857/857/857 855/855/855
f 805/805/805 857/857/857 803/803/803
f 858/858/858 857/857/857 805/805/805
f 857/857/857 859/859/859 855/855/855
f 858/858/858 859/859/859 857/857/857
f 805/805/805 860/860/860 858/858/858
f 860/860/860 808/808/808 807/807/807
f 805/805/805 808/808/808 860/860/860
f 861/861/861 860/860/860 807/807/807
f 858/858/858 860/860/860 861/861/861
f 861/861/861 807/807/807 809/809/809
f 809/809/809 862/862/862 861/861/861
f 862/862/862 809/809/809 811/811/811
f 811/811/811 863/863/863 862/862/862
f 811/811/811 864/864/864 863/863/863
f 817/817/817 865/865/865 864/864/864
f 815/815/815 865/865/865 817/817/817
f 811/811/811 817/817/817 864/864/864
f 864/864/864 867/867/867 866/866/866
f 867/867/867 865/865/865 815/815/815
f 864/864/864 865/865/865 867/867/867
f 863/863/863 864/864/864 866/866/866
f 867/867/867 869/869/869 868/868/868
f 815/815/815 869/869/869 867/867/867
f 866/866/866 867/867/867 868/868/868
f 870/870/870 871/871/871 821/821/821
f 868/868/868 871/871/871 870/870/870
f 820/820/820 870/870/870 821/821/821
f 821/821/821 869/869/869 815/815/815
f 869/869/869 871/871/871 868/868/868
f 821/821/821 871/871/871 869/869/869
f 872/872/872 873/873/873 868/868/868
f 873/873/873 875/875/875 874/874/874
f 872/872/872 875/875/875 873/873/873
f 870/870/870 876/876/876 872/872/872
f 820/820/820 876/876/876 870/870/870
f 868/868/868 870/870/870 872/872/872
f 868/868/868 877/877/877 866/866/866
f 877/877/877 873/873/873 874/874/874
f 868/868/868 873/873/873 877/877/877
f 872/872/872 879/879/879 878/878/878
f 879/879/879 876/876/876 820/820/820
f 872/872/872 876/876/876 879/879/879
f 880/880/880 875/875/875 872/872/872
f 874/874/874 875/875/875 880/880/880
f 878/878/878 880/880/880 872/872/872
f 878/878/878 824/824/824 823/823/823
f 824/824/824 879/879/879 820/820/820
f 878/878/878 879/879/879 824/824/824
f 881/881/881 878/878/878 823/823/823
f 882/882/882 880/880/880 878/878/878
f 874/874/874 880/880/880 882/882/882
f 881/881/881 882/882/882 878/878/878
f 881/881/881 823/823/823 825/825/825
f 825/825/825 883/883/883 881/881/881
f 883/883/883 825/825/825 826/826/826
f 826/826/826 884/884/884 883/883/883
f 884/884/884 826/826/826 827/827/827
f 827/827/827 885/885/885 884/884/884
f 885/885/885 827/827/827 828/828/828
f 828/828/828 886/886/886 885/885/885
f 828/828/828 887/887/887 886/886/886
f 829/829/829 887/887/887 828/828/828
f 888/888/888 887/887/887 829/829/829
f 886/886/886 887/887/887 888/888/888
f 888/888/888 829/829/829 830/830/830
f 830/830/830 889/889/889 888/888/888
f 889/889/889 830/830/830 831/831/831
f 831/831/831 890/890/890 889/889/889
f 890/890/890 831/831/831 832/832/832
f 832/832/832 891/891/891 890/890/890
f 891/891/891 832/832/832 833/833/833
f 833/833/833 892/892/892 891/891/891
f 893/893/893 834/834/834 835/835/835
f 835/835/835 894/894/894 893/893/893
f 894/894/894 835/835/835 836/836/836
f 836/836/836 895/895/895 894/894/894
f 895/895/895 836/836/836 837/837/837
f 837/837/837 896/896/896 895/895/895
f 896/896/896 837/837/837 838/838/838
f 838/838/838 897/897/897 896/896/896
f 897/897/897 838/838/838 839/839/839
f 839/839/839 898/898/898 897/897/897
f 898/898/898 839/839/839 840/840/840
f 840/840/840 899/899/899 898/898/898
f 899/899/899 840/840/840 841/841/841
f 841/841/841 900/900/900 899/899/899
f 900/900/900 841/841/841 842/842/842
f 842/842/842 901/901/901 900/900/900
f 842/842/842 902/902/902 901/901/901
f 843/843/843 902/902/902 842/842/842
f 903/903/903 902/902/902 843/843/843
f 902/902/902 904/904/904 901/901/901
f 903/903/903 904/904/904 902/902/902
f 903/903/903 843/843/843 844/844/844
f 844/844/844 905/905/905 903/903/903
f 905/905/905 844/844/844 845/845/845
f 845/845/845 906/906/906 905/905/905
f 906/906/906 845/845/845 846/846/846
f 846/846/846 907/907/907 906/906/906
f 907/907/907 846/846/846 848/848/848
f 848/848/848 908/908/908 907/907/907
f 908/908/908 848/848/848 852/852/852
f 852/852/852 909/909/909 908/908/908
f 909/909/909 852/852/852 853/853/853
f 853/853/853 910/910/910 909/909/909
f 853/853/853 911/911/911 910/910/910
f 911/911/911 856/856/856 855/855/855
f 853/853/853 856/856/856 911/911/911
f 912/912/912 911/911/911 855/855/855
f 910/910/910 911/911/911 912/912/912
f 855/855/855 913/913/913 912/912/912
f 859/859/859 914/914/914 913/913/913
f 858/858/858 914/914/914 859/859/859
f 855/855/855 859/859/859 913/913/913
f 913/913/913 916/916/916 915/915/915
f 916/916/916 914/914/914 858/858/858
f 913/913/913 914/914/914 916/916/916
f 913/913/913 917/917/917 912/912/912
f 915/915/915 917/917/917 913/913/913
f 918/918/918 916/916/916 858/858/858
f 915/915/915 916/916/916 918/918/918
f 861/861/861 918/918/918 858/858/858
f 919/919/919 918/918/918 861/861/861
f 918/918/918 920/920/920 915/915/915
f 919/919/919 920/920/920 918/918/918
f 919/919/919 861/861/861 862/862/862
f 862/862/862 921/921/921 919/919/919
f 921/921/921 862/862/862 863/863/863
f 863/863/863 922/922/922 921/921/921
f 863/863/863 923/923/923 922/922/922
f 866/866/866 923/923/923 863/863/863
f 924/924/924 923/923/923 866/866/866
f 922/922/922 923/923/923 924/924/924
f 866/866/866 925/925/925 924/924/924
f 925/925/925 877/877/877 874/874/874
f 866/866/866 877/877/877 925/925/925
f 926/926/926 925/925/925 874/874/874
f 924/924/924 925/925/925 926/926/926
f 874/874/874 927/927/927 926/926/926
f 927/927/927 882/882/882 881/881/881
f 874/874/874 882/882/882 927/927/927
f 928/928/928 927/927/927 881/881/881
f 926/926/926 927/927/927 928/928/928
f 881/881/881 929/929/929 928/928/928
f 883/883/883 929/929/929 881/881/881
f 930/930/930 929/929/929 883/883/883
f 928/928/928 929/929/929 930/930/930
f 930/930/930 883/883/883 884/884/884
f 884/884/884 931/931/931 930/930/930
f 931/931/931 884/884/884 885/885/885
f 885/885/885 932/932/932 931/931/931
f 932/932/932 885/885/885 886/886/886
f 886/886/886 933/933/933 932/932/932
f 933/933/933 886/886/886 888/888/888
f 888/888/888 934/934/934 933/933/933
f 934/934/934 888/888/888 889/889/889
f 889/889/889 935/935/935 934/934/934
f 935/935/935 889/889/889 890/890/890
f 890/890/890 936/936/936 935/935/935
f 936/936/936 890/890/890 891/891/891
f 891/891/891 937/937/937 936/936/936
f 937/937/937 891/891/891 892/892/892
f 892/892/892 938/938/938 937/937/937
f 939/939/939 893/893/893 894/894/894
f 894/894/894 940/940/940 939/939/939
f 940/940/940 894/894/894 895/895/895
f 895/895/895 941/941/941 940/940/940
f 941/941/941 895/895/895 896/896/896
f 896/896/896 942/942/942 941/941/941
f 942/942/942 896/896/896 897/897/897
f 897/897/897 943/943/943 942/942/942
f 943/943/943 897/897/897 898/898/898
f 898/898/898 944/944/944 943/943/943
f 944/944/944 898/898/898 899/899/899
f 899/899/899 945/945/945 944/944/944
f 899/899/899 946/946/946 945/945/945
f 900/900/900 946/946/946 899/899/899
f 947/947/947 946/946/946 900/900/900
f 946/946/946 948/948/948 945/945/945
f 947/947/947 948/948/948 946/946/946
f 947/947/947 900/900/900 901/901/901
f 901/901/901 949/949/949 947/947/947
f 901/901/901 950/950/950 949/949/949
f 950/950/950 904/904/904 903/903/903
f 901/901/901 904/904/904 950/950/950
f 951/951/951 950/950/950 903/903/903
f 949/949/949 950/950/950 951/951/951
f 951/951/951 903/903/903 905/905/905
f 905/905/905 952/952/952 951/951/951
f 952/952/952 905/905/905 906/906/906
f 906/906/906 953/953/953 952/952/952
f 953/953/953 906/906/906 907/907/907
f 907/907/907 954/954/954 953/953/953
f 907/907/907 955/955/955 954/954/954
f 908/908/908 955/955/955 907/907/907
f 956/956/956 955/955/955 908/908/908
f 954/954/954 955/955/955 956/956/956
f 908/908/908 957/957/957 956/956/956
f 909/909/909 957/957/957 908/908/908
f 958/958/958 957/957/957 909/909/909
f 956/956/956 957/957/957 958/958/958
f 958/958/958 909/909/909 910/910/910
f 910/910/910 959/959/959 958/958/958
f 959/959/959 910/910/910 912/912/912
f 912/912/912 960/960/960 959/959/959
f 912/912/912 961/961/961 960/960/960
f 917/917/917 962/962/962 961/961/961
f 915/915/915 962/962/962 917/917/917
f 912/912/912 917/917/917 961/961/961
f 961/961/961 964/964/964 963/963/963
f 962/962/962 965/965/965 964/964/964
f 915/915/915 965/965/965 962/962/962
f 961/961/961 962/962/962 964/964/964
f 960/960/960 961/961/961 963/963/963
f 966/966/966 968/968/968 967/967/967
f 964/964/964 968/968/968 966/966/966
f 969/969/969 966/966/966 967/967/967
f 967/967/967 965/965/965 915/915/915
f 965/965/965 968/968/968 964/964/964
f 967/967/967 968/968/968 965/965/965
f 964/964/964 970/970/970 963/963/963
f 970/970/970 966/966/966 969/969/969
f 964/964/964 966/966/966 970/970/970
f 969/969/969 920/920/920 919/919/919
f 920/920/920 967/967/967 915/915/915
f 969/969/969 967/967/967 920/920/920
f 971/971/971 969/969/969 919/919/919
f 972/972/972 970/970/970 969/969/969
f 970/970/970 973/973/973 963/963/963
f 972/972/972 973/973/973 970/970/970
f 971/971/971 972/972/972 969/969/969
f 971/971/971 919/919/919 921/921/921
f 921/921/921 974/974/974 971/971/971
f 974/974/974 921/921/921 922/922/922
f 922/922/922 975/975/975 974/974/974
f 975/975/975 922/922/922 924/924/924
f 924/924/924 976/976/976 975/975/975
f 924/924/924 977/977/977 976/976/976
f 926/926/926 977/977/977 924/924/924
f 978/978/978 979/979/979 977/977/977
f 979/979/979 981/981/981 980/980/980
f 978/978/978 981/981/981 979/979/979
f 926/926/926 978/978/978 977/977/977
f 977/977/977 982/982/982 976/976/976
f 982/982/982 979/979/979 980/980/980
f 977/977/977 979/979/979 982/982/982
f 983/983/983 978/978/978 926/926/926
f 984/984/984 981/981/981 978/978/978
f 980/980/980 981/981/981 984/984/984
f 983/983/983 984/984/984 978/978/978
f 928/928/928 983/983/983 926/926/926
f 985/985/985 983/983/983 928/928/928
f 986/986/986 984/984/984 983/983/983
f 980/980/980 984/984/984 986/986/986
f 985/985/985 986/986/986 983/983/983
f 985/985/985 928/928/928 930/930/930
f 930/930/930 987/987/987 985/985/985
f 987/987/987 930/930/930 931/931/931
f 931/931/931 988/988/988 987/987/987
f 988/988/988 931/931/931 932/932/932
f 932/932/932 989/989/989 988/988/988
f 989/989/989 932/932/932 933/933/933
f 933/933/933 990/990/990 989/989/989
f 990/990/990 933/933/933 934/934/934
f 934/934/934 991/991/991 990/990/990
f 991/991/991 934/934/934 935/935/935
f 935/935/935 992/992/992 991/991/991
f 992/992/992 935/935/935 936/936/936
f 936/936/936 993/993/993 992/992/992
f 993/993/993 936/936/936 937/937/937
f 937/937/937 994/994/994 993/993/993
f 994/994/994 937/937/937 938/938/938
f 938/938/938 995/995/995 994/994/994
f 996/996/996 939/939/939 940/940/940
f 940/940/940 997/997/997 996/996/996
f 997/997/997 940/940/940 941/941/941
f 941/941/941 998/998/998 997/997/997
f 998/998/998 941/941/941 942/942/942
f 942/942/942 999/999/999 998/998/998
f 999/999/999 942/942/942 943/943/943
f 943/943/943 1000/1000/1000 999/999/999
f 1000/1000/1000 943/943/943 944/944/944
f 944/944/944 1001/1001/1001 1000/1000/1000
f 944/944/944 1002/1002/1002 1001/1001/1001
f 945/945/945 1002/1002/1002 944/944/944
f 1002/1002/1002 1004/1004/1004 1003/1003/1003
f 945/945/945 1004/1004/1004 1002/1002/1002
f 1001/1001/1001 1002/1002/1002 1003/1003/1003
f 1005/1005/1005 1006/1006/1006 1004/1004/1004
f 1007/1007/1007 1006/1006/1006 1005/1005/1005
f 945/945/945 1005/1005/1005 1004/1004/1004
f 1004/1004/1004 1008/1008/1008 1003/1003/1003
f 1008/1008/1008 1006/1006/1006 1007/1007/1007
f 1004/1004/1004 1006/1006/1006 1008/1008/1008
f 1007/1007/1007 948/948/948 947/947/947
f 948/948/948 1005/1005/1005 945/945/945
f 1007/1007/1007 1005/1005/1005 948/948/948
f 1009/1009/1009 1007/1007/1007 947/947/947
f 1010/1010/1010 1008/1008/1008 1007/1007/1007
f 1003/1003/1003 1008/1008/1008 1010/1010/1010
f 1009/1009/1009 1010/1010/1010 1007/1007/1007
f 1009/1009/1009 947/947/947 949/949/949
f 949/949/949 1011/1011/1011 1009/1009/1009
f 949/949/949 1012/1012/1012 1011/1011/1011
f 951/951/951 1012/1012/1012 949/949/949
f 1013/1013/1013 1012/1012/1012 951/951/951
f 1012/1012/1012 1014/1014/1014 1011/1011/1011
f 1013/1013/1013 1014/1014/1014 1012/1012/1012
f 1013/1013/1013 951/951/951 952/952/952
f 952/952/952 1015/1015/1015 1013/1013/1013
f 1015/1015/1015 952/952/952 953/953/953
f 953/953/953 1016/1016/1016 1015/1015/1015
f 1016/1016/1016 953/953/953 954/954/954
f 954/954/954 1017/1017/1017 1016/1016/1016
f 1017/1017/1017 954/954/954 956/956/956
f 956/956/956 1018/1018/1018 1017/1017/1017
f 956/956/956 1019/1019/1019 1018/1018/1018
f 958/958/958 1019/1019/1019 956/956/956
f 1019/1019/1019 1021/1021/1021 1020/1020/1020
f 958/958/958 1021/1021/1021 1019/1019/1019
f 1018/1018/1018 1019/1019/1019 1020/1020/1020
f 1022/1022/1022 1021/1021/1021 958/958/958
f 1020/1020/1020 1021/1021/1021 1022/1022/1022
f 959/959/959 1022/1022/1022 958/958/958
f 1023/1023/1023 1022/1022/1022 959/959/959
f 1020/1020/1020 1022/1022/1022 1023/1023/1023
f 1023/1023/1023 959/959/959 960/960/960
f 960/960/960 1024/1024/1024 1023/1023/1023
f 960/960/960 1025/1025/1025 1024/1024/1024
f 963/963/963 1025/1025/1025 960/960/960
f 1025/1025/1025 1027/1027/1027 1026/1026/1026
f 963/963/963 1027/1027/1027 1025/1025/1025
f 1024/1024/1024 1025/1025/1025 1026/1026/1026
f 1027/1027/1027 1029/1029/1029 1028/1028/1028
f 963/963/963 1029/1029/1029 1027/1027/1027
f 1026/1026/1026 1027/1027/1027 1028/1028/1028
f 1028/1028/1028 972/972/972 971/971/971
f 1029/1029/1029 973/973/973 972/972/972
f 963/963/963 973/973/973 1029/1029/1029
f 1028/1028/1028 1029/1029/1029 972/972/972
f 1030/1030/1030 1028/1028/1028 971/971/971
f 1026/1026/1026 1028/1028/1028 1030/1030/1030
f 971/971/971 1031/1031/1031 1030/1030/1030
f 974/974/974 1031/1031/1031 971/971/971
f 1032/1032/1032 1031/1031/1031 974/974/974
f 1031/1031/1031 1033/1033/1033 1030/1030/1030
f 1032/1032/1032 1033/1033/1033 1031/1031/1031
f 1032/1032/1032 974/974/974 975/975/975
f 975/975/975 1034/1034/1034 1032/1032/1032
f 1034/1034/1034 975/975/975 976/976/976
f 976/976/976 1035/1035/1035 1034/1034/1034
f 976/976/976 1036/1036/1036 1035/1035/1035
f 1036/1036/1036 982/982/982 980/980/980
f 976/976/976 982/982/982 1036/1036/1036
f 1037/1037/1037 1036/1036/1036 980/980/980
f 1035/1035/1035 1036/1036/1036 1037/1037/1037
f 980/980/980 1038/1038/1038 1037/1037/1037
f 1038/1038/1038 986/986/986 985/985/985
f 980/980/980 986/986/986 1038/1038/1038
f 1039/1039/1039 1038/1038/1038 985/985/985
f 1037/1037/1037 1038/1038/1038 1039/1039/1039
f 985/985/985 1040/1040/1040 1039/1039/1039
f 987/987/987 1040/1040/1040 985/985/985
f 1041/1041/1041 1040/1040/1040 987/987/987
f 1040/1040/1040 1042/1042/1042 1039/1039/1039
f 1041/1041/1041 1042/1042/1042 1040/1040/1040
f 1041/1041/1041 987/987/987 988/988/988
f 988/988/988 1043/1043/1043 1041/1041/1041
f 1043/1043/1043 988/988/988 989/989/989
f 989/989/989 1044/1044/1044 1043/1043/1043
f 1044/1044/1044 989/989/989 990/990/990
f 990/990/990 1045/1045/1045 1044/1044/1044
f 1045/1045/1045 990/990/990 991/991/991
f 991/991/991 1046/1046/1046 1045/1045/1045
f 1046/1046/1046 991/991/991 992/992/992
f 992/992/992 1047/1047/1047 1046/1046/1046
f 992/992/992 1048/1048/1048 1047/1047/1047
f 993/993/993 1048/1048/1048 992/992/992
f 1049/1049/1049 1048/1048/1048 993/993/993
f 1047/1047/1047 1048/1048/1048 1049/1049/1049
f 1049/1049/1049 993/993/993 994/994/994
f 994/994/994 1050/1050/1050 1049/1049/1049
f 1050/1050/1050 994/994/994 995/995/995
f 995/995/995 1051/1051/1051 1050/1050/1050
f 1052/1052/1052 996/996/996 997/997/997
f 997/997/997 1053/1053/1053 1052/1052/1052
f 1053/1053/1053 997/997/997 998/998/998
f 998/998/998 1054/1054/1054 1053/1053/1053
f 1054/1054/1054 998/998/998 999/999/999
f 999/999/999 1055/1055/1055 1054/1054/1054
f 1055/1055/1055 999/999/999 1000/1000/1000
f 1000/1000/1000 1056/1056/1056 1055/1055/1055
f 1056/1056/1056 1000/1000/1000 1001/1001/1001
f 1001/1001/1001 1057/1057/1057 1056/1056/1056
f 1057/1057/1057 1001/1001/1001 1003/1003/1003
f 1003/1003/1003 1058/1058/1058 1057/1057/1057
f 1003/1003/1003 1059/1059/1059 1058/1058/1058
f 1059/1059/1059 1010/1010/1010 1009/1009/1009
f 1003/1003/1003 1010/1010/1010 1059/1059/1059
f 1060/1060/1060 1059/1059/1059 1009/1009/1009
f 1059/1059/1059 1061/1061/1061 1058/1058/1058
f 1060/1060/1060 1061/1061/1061 1059/1059/1059
f 1060/1060/1060 1009/1009/1009 1011/1011/1011
f 1011/1011/1011 1062/1062/1062 1060/1060/1060
f 1011/1011/1011 1063/1063/1063 1062/1062/1062
f 1014/1014/1014 1064/1064/1064 1063/1063/1063
f 1013/1013/1013 1064/1064/1064 1014/1014/1014
f 1011/1011/1011 1014/1014/1014 1063/1063/1063
f 1063/1063/1063 1066/1066/1066 1065/1065/1065
f 1066/1066/1066 1064/1064/1064 1013/1013/1013
f 1063/1063/1063 1064/1064/1064 1066/1066/1066
f 1062/1062/1062 1063/1063/1063 1065/1065/1065
f 1067/1067/1067 1066/1066/1066 1013/1013/1013
f 1065/1065/1065 1066/1066/1066 1067/1067/1067
f 1015/1015/1015 1067/1067/1067 1013/1013/1013
f 1068/1068/1068 1067/1067/1067 1015/1015/1015
f 1065/1065/1065 1067/1067/1067 1068/1068/1068
f 1068/1068/1068 1015/1015/1015 1016/1016/1016
f 1016/1016/1016 1069/1069/1069 1068/1068/1068
f 1069/1069/1069 1016/1016/1016 1017/1017/1017
f 1017/1017/1017 1070/1070/1070 1069/1069/1069
f 1070/1070/1070 1017/1017/1017 1018/1018/1018
f 1018/1018/1018 1071/1071/1071 1070/1070/1070
f 1071/1071/1071 1018/1018/1018 1020/1020/1020
f 1020/1020/1020 1072/1072/1072 1071/1071/1071
f 1072/1072/1072 1020/1020/1020 1023/1023/1023
f 1023/1023/1023 1073/1073/1073 1072/1072/1072
f 1023/1023/1023 1074/1074/1074 1073/1073/1073
f 1024/1024/1024 1074/1074/1074 1023/1023/1023
f 1074/1074/1074 1076/1076/1076 1075/1075/1075
f 1024/1024/1024 1076/1076/1076 1074/1074/1074
f 1073/1073/1073 1074/1074/1074 1075/1075/1075
f 1077/1077/1077 1076/1076/1076 1024/1024/1024
f 1076/1076/1076 1078/1078/1078 1075/1075/1075
f 1077/1077/1077 1078/1078/1078 1076/1076/1076
f 1026/1026/1026 1077/1077/1077 1024/1024/1024
f 1079/1079/1079 1077/1077/1077 1026/1026/1026
f 1080/1080/1080 1078/1078/1078 1077/1077/1077
f 1075/1075/1075 1078/1078/1078 1080/1080/1080
f 1079/1079/1079 1080/1080/1080 1077/1077/1077
f 1079/1079/1079 1026/1026/1026 1030/1030/1030
f 1030/1030/1030 1081/1081/1081 1079/1079/1079
f 1030/1030/1030 1082/1082/1082 1081/1081/1081
f 1033/1033/1033 1083/1083/1083 1082/1082/1082
f 1032/1032/1032 1083/1083/1083 1033/1033/1033
f 1030/1030/1030 1033/1033/1033 1082/1082/1082
f 1082/1082/1082 1085/1085/1085 1084/1084/1084
f 1085/1085/1085 1083/1083/1083 1032/1032/1032
f 1082/1082/1082 1083/1083/1083 1085/1085/1085
f 1081/1081/1081 1082/1082/1082 1084/1084/1084
f 1086/1086/1086 1085/1085/1085 1032/1032/1032
f 1084/1084/1084 1085/1085/1085 1086/1086/1086
f 1034/1034/1034 1086/1086/1086 1032/1032/1032
f 1087/1087/1087 1086/1086/1086 1034/1034/1034
f 1084/1084/1084 1086/1086/1086 1087/1087/1087
f 1087/1087/1087 1034/1034/1034 1035/1035/1035
f 1035/1035/1035 1088/1088/1088 1087/1087/1087
f 1088/1088/1088 1035/1035/1035 1037/1037/1037
f 1037/1037/1037 1089/1089/1089 1088/1088/1088
f 1089/1089/1089 1037/1037/1037 1039/1039/1039
f 1039/1039/1039 1090/1090/1090 1089/1089/1089
f 1039/1039/1039 1091/1091/1091 1090/1090/1090
f 1042/1042/1042 1092/1092/1092 1091/1091/1091
f 1041/1041/1041 1092/1092/1092 1042/1042/1042
f 1039/1039/1039 1042/1042/1042 1091/1091/1091
f 1091/1091/1091 1094/1094/1094 1093/1093/1093
f 1094/1094/1094 1092/1092/1092 1041/1041/1041
f 1091/1091/1091 1092/1092/1092 1094/1094/1094
f 1090/1090/1090 1091/1091/1091 1093/1093/1093
f 1095/1095/1095 1094/1094/1094 1041/1041/1041
f 1094/1094/1094 1096/1096/1096 1093/1093/1093
f 1095/1095/1095 1096/1096/1096 1094/1094/1094
f 1043/1043/1043 1095/1095/1095 1041/1041/1041
f 1097/1097/1097 1095/1095/1095 1043/1043/1043
f 1098/1098/1098 1096/1096/1096 1095/1095/1095
f 1093/1093/1093 1096/1096/1096 1098/1098/1098
f 1097/1097/1097 1098/1098/1098 1095/1095/1095
f 1043/1043/1043 1099/1099/1099 1097/1097/1097
f 1044/1044/1044 1099/1099/1099 1043/1043/1043
f 1100/1100/1100 1099/1099/1099 1044/1044/1044
f 1097/1097/1097 1099/1099/1099 1100/1100/1100
f 1044/1044/1044 1101/1101/1101 1100/1100/1100
f 1045/1045/1045 1101/1101/1101 1044/1044/1044
f 1102/1102/1102 1101/1101/1101 1045/1045/1045
f 1101/1101/1101 1103/1103/1103 1100/1100/1100
f 1102/1102/1102 1103/1103/1103 1101/1101/1101
f 1102/1102/1102 1045/1045/1045 1046/1046/1046
f 1046/1046/1046 1104/1104/1104 1102/1102/1102
f 1104/1104/1104 1046/1046/1046 1047/1047/1047
f 1047/1047/1047 1105/1105/1105 1104/1104/1104
f 1105/1105/1105 1047/1047/1047 1049/1049/1049
f 1049/1049/1049 1106/1106/1106 1105/1105/1105
f 1106/1106/1106 1049/1049/1049 1050/1050/1050
f 1050/1050/1050 1107/1107/1107 1106/1106/1106
f 1107/1107/1107 1050/1050/1050 1051/1051/1051
f 1051/1051/1051 1108/1108/1108 1107/1107/1107
f 1109/1109/1109 1052/1052/1052 1053/1053/1053
f 1053/1053/1053 1110/1110/1110 1109/1109/1109
f 1110/1110/1110 1053/1053/1053 1054/1054/1054
f 1054/1054/1054 1111/1111/1111 1110/1110/1110
f 1111/1111/1111 1054/1054/1054 1055/1055/1055
f 1055/1055/1055 1112/1112/1112 1111/1111/1111
f 1112/1112/1112 1055/1055/1055 1056/1056/1056
f 1056/1056/1056 1113/1113/1113 1112/1112/1112
f 1113/1113/1113 1056/1056/1056 1057/1057/1057
f 1057/1057/1057 1114/1114/1114 1113/1113/1113
f 1114/1114/1114 1057/1057/1057 1058/1058/1058
f 1058/1058/1058 1115/1115/1115 1114/1114/1114
f 1058/1058/1058 1116/1116/1116 1115/1115/1115
f 1116/1116/1116 1061/1061/1061 1060/1060/1060
f 1058/1058/1058 1061/1061/1061 1116/1116/1116
f 1117/1117/1117 1116/1116/1116 1060/1060/1060
f 1115/1115/1115 1116/1116/1116 1117/1117/1117
f 1117/1117/1117 1060/1060/1060 1062/1062/1062
f 1062/1062/1062 1118/1118/1118 1117/1117/1117
f 1118/1118/1118 1062/1062/1062 1065/1065/1065
f 1065/1065/1065 1119/1119/1119 1118/1118/1118
f 1065/1065/1065 1120/1120/1120 1119/1119/1119
f 1068/1068/1068 1120/1120/1120 1065/1065/1065
f 1120/1120/1120 1122/1122/1122 1121/1121/1121
f 1068/1068/1068 1122/1122/1122 1120/1120/1120
f 1119/1119/1119 1120/1120/1120 1121/1121/1121
f 1123/1123/1123 1122/1122/1122 1068/1068/1068
f 1122/1122/1122 1124/1124/1124 1121/1121/1121
f 1123/1123/1123 1124/1124/1124 1122/1122/1122
f 1069/1069/1069 1123/1123/1123 1068/1068/1068
f 1125/1125/1125 1123/1123/1123 1069/1069/1069
f 1126/1126/1126 1124/1124/1124 1123/1123/1123
f 1124/1124/1124 1127/1127/1127 1121/1121/1121
f 1126/1126/1126 1127/1127/1127 1124/1124/1124
f 1125/1125/1125 1126/1126/1126 1123/1123/1123
f 1069/1069/1069 1128/1128/1128 1125/1125/1125
f 1070/1070/1070 1128/1128/1128 1069/1069/1069
f 1129/1129/1129 1128/1128/1128 1070/1070/1070
f 1125/1125/1125 1128/1128/1128 1129/1129/1129
f 1129/1129/1129 1070/1070/1070 1071/1071/1071
f 1071/1071/1071 1130/1130/1130 1129/1129/1129
f 1071/1071/1071 1131/1131/1131 1130/1130/1130
f 1072/1072/1072 1131/1131/1131 1071/1071/1071
f 1132/1132/1132 1131/1131/1131 1072/1072/1072
f 1131/1131/1131 1133/1133/1133 1130/1130/1130
f 1132/1132/1132 1133/1133/1133 1131/1131/1131
f 1132/1132/1132 1072/1072/1072 1073/1073/1073
f 1073/1073/1073 1134/1134/1134 1132/1132/1132
f 1134/1134/1134 1073/1073/1073 1075/1075/1075
f 1075/1075/1075 1135/1135/1135 1134/1134/1134
f 1075/1075/1075 1136/1136/1136 1135/1135/1135
f 1136/1136/1136 1080/1080/1080 1079/1079/1079
f 1075/1075/1075 1080/1080/1080 1136/1136/1136
f 1137/1137/1137 1136/1136/1136 1079/1079/1079
f 1135/1135/1135 1136/1136/1136 1137/1137/1137
f 1137/1137/1137 1079/1079/1079 1081/1081/1081
f 1081/1081/1081 1138/1138/1138 1137/1137/1137
f 1138/1138/1138 1081/1081/1081 1084/1084/1084
f 1084/1084/1084 1139/1139/1139 1138/1138/1138
f 1139/1139/1139 1084/1084/1084 1087/1087/1087
f 1087/1087/1087 1140/1140/1140 1139/1139/1139
f 1140/1140/1140 1087/1087/1087 1088/1088/1088
f 1088/1088/1088 1141/1141/1141 1140/1140/1140
f 1141/1141/1141 1088/1088/1088 1089/1089/1089
f 1089/1089/1089 1142/1142/1142 1141/1141/1141
f 1142/1142/1142 1089/1089/1089 1090/1090/1090
f 1090/1090/1090 1143/1143/1143 1142/1142/1142
f 1143/1143/1143 1090/1090/1090 1093/1093/1093
f 1093/1093/1093 1144/1144/1144 1143/1143/1143
f 1093/1093/1093 1145/1145/1145 1144/1144/1144
f 1145/1145/1145 1098/1098/1098 1097/1097/1097
f 1093/1093/1093 1098/1098/1098 1145/1145/1145
f 1146/1146/1146 1145/1145/1145 1097/1097/1097
f 1144/1144/1144 1145/1145/1145 1146/1146/1146
f 1146/1146/1146 1097/1097/1097 1100/1100/1100
f 1100/1100/1100 1147/1147/1147 1146/1146/1146
f 1100/1100/1100 1148/1148/1148 1147/1147/1147
f 1103/1103/1103 1149/1149/1149 1148/1148/1148
f 1102/1102/1102 1149/1149/1149 1103/1103/1103
f 1100/1100/1100 1103/1103/1103 1148/1148/1148
f 1148/1148/1148 1151/1151/1151 1150/1150/1150
f 1151/1151/1151 1149/1149/1149 1102/1102/1102
f 1148/1148/1148 1149/1149/1149 1151/1151/1151
f 1148/1148/1148 1152/1152/1152 1147/1147/1147
f 1150/1150/1150 1152/1152/1152 1148/1148/1148
f 1153/1153/1153 1151/1151/1151 1102/1102/1102
f 1150/1150/1150 1151/1151/1151 1153/1153/1153
f 1104/1104/1104 1153/1153/1153 1102/1102/1102
f 1154/1154/1154 1153/1153/1153 1104/1104/1104
f 1150/1150/1150 1153/1153/1153 1154/1154/1154
f 1154/1154/1154 1104/1104/1104 1105/1105/1105
f 1105/1105/1105 1155/1155/1155 1154/1154/1154
f 1155/1155/1155 1105/1105/1105 1106/1106/1106
f 1106/1106/1106 1156/1156/1156 1155/1155/1155
f 1156/1156/1156 1106/1106/1106 1107/1107/1107
f 1107/1107/1107 1157/1157/1157 1156/1156/1156
f 1157/1157/1157 1107/1107/1107 1108/1108/1108
f 1108/1108/1108 1158/1158/1158 1157/1157/1157
f 1159/1159/1159 1109/1109/1109 1110/1110/1110
f 1110/1110/1110 1160/1160/1160 1159/1159/1159
f 1160/1160/1160 1110/1110/1110 1111/1111/1111
f 1111/1111/1111 1161/1161/1161 1160/1160/1160
f 1161/1161/1161 1111/1111/1111 1112/1112/1112
f 1112/1112/1112 1162/1162/1162 1161/1161/1161
f 1162/1162/1162 1112/1112/1112 1113/1113/1113
f 1113/1113/1113 1163/1163/1163 1162/1162/1162
f 1163/1163/1163 1113/1113/1113 1114/1114/1114
f 1114/1114/1114 1164/1164/1164 1163/1163/1163
f 1164/1164/1164 1114/1114/1114 1115/1115/1115
f 1115/1115/1115 1165/1165/1165 1164/1164/1164
f 1165/1165/1165 1115/1115/1115 1117/1117/1117
f 1117/1117/1117 1166/1166/1166 1165/1165/1165
f 1117/1117/1117 1167/1167/1167 1166/1166/1166
f 1118/1118/1118 1167/1167/1167 1117/1117/1117
f 1168/1168/1168 1167/1167/1167 1118/1118/1118
f 1166/1166/1166 1167/1167/1167 1168/1168/1168
f 1168/1168/1168 1118/1118/1118 1119/1119/1119
f 1119/1119/1119 1169/1169/1169 1168/1168/1168
f 1119/1119/1119 1170/1170/1170 1169/1169/1169
f 1121/1121/1121 1170/1170/1170 1119/1119/1119
f 1170/1170/1170 1172/1172/1172 1171/1171/1171
f 1121/1121/1121 1172/1172/1172 1170/1170/1170
f 1169/1169/1169 1170/1170/1170 1171/1171/1171
f 1172/1172/1172 1174/1174/1174 1173/1173/1173
f 1121/1121/1121 1174/1174/1174 1172/1172/1172
f 1171/1171/1171 1172/1172/1172 1173/1173/1173
f 1175/1175/1175 1176/1176/1176 1126/1126/1126
f 1173/1173/1173 1176/1176/1176 1175/1175/1175
f 1125/1125/1125 1175/1175/1175 1126/1126/1126
f 1127/1127/1127 1177/1177/1177 1174/1174/1174
f 1126/1126/1126 1177/1177/1177 1127/1127/1127
f 1121/1121/1121 1127/1127/1127 1174/1174/1174
f 1174/1174/1174 1176/1176/1176 1173/1173/1173
f 1176/1176/1176 1177/1177/1177 1126/1126/1126
f 1174/1174/1174 1177/1177/1177 1176/1176/1176
f 1173/1173/1173 1179/1179/1179 1178/1178/1178
f 1179/1179/1179 1175/1175/1175 1125/1125/1125
f 1173/1173/1173 1175/1175/1175 1179/1179/1179
f 1171/1171/1171 1173/1173/1173 1178/1178/1178
f 1180/1180/1180 1179/1179/1179 1125/1125/1125
f 1178/1178/1178 1179/1179/1179 1180/1180/1180
f 1129/1129/1129 1180/1180/1180 1125/1125/1125
f 1181/1181/1181 1180/1180/1180 1129/1129/1129
f 1178/1178/1178 1180/1180/1180 1181/1181/1181
f 1181/1181/1181 1129/1129/1129 1130/1130/1130
f 1130/1130/1130 1182/1182/1182 1181/1181/1181
f 1130/1130/1130 1183/1183/1183 1182/1182/1182
f 1183/1183/1183 1133/1133/1133 1132/1132/1132
f 1130/1130/1130 1133/1133/1133 1183/1183/1183
f 1184/1184/1184 1183/1183/1183 1132/1132/1132
f 1182/1182/1182 1183/1183/1183 1184/1184/1184
f 1184/1184/1184 1132/1132/1132 1134/1134/1134
f 1134/1134/1134 1185/1185/1185 1184/1184/1184
f 1134/1134/1134 1186/1186/1186 1185/1185/1185
f 1135/1135/1135 1186/1186/1186 1134/1134/1134
f 1187/1187/1187 1186/1186/1186 1135/1135/1135
f 1185/1185/1185 1186/1186/1186 1187/1187/1187
f 1187/1187/1187 1135/1135/1135 1137/1137/1137
f 1137/1137/1137 1188/1188/1188 1187/1187/1187
f 1188/1188/1188 1137/1137/1137 1138/1138/1138
f 1138/1138/1138 1189/1189/1189 1188/1188/1188
f 1189/1189/1189 1138/1138/1138 1139/1139/1139
f 1139/1139/1139 1190/1190/1190 1189/1189/1189
f 1190/1190/1190 1139/1139/1139 1140/1140/1140
f 1140/1140/1140 1191/1191/1191 1190/1190/1190
f 1140/1140/1140 1192/1192/1192 1191/1191/1191
f 1141/1141/1141 1192/1192/1192 1140/1140/1140
f 1192/1192/1192 1194/1194/1194 1193/1193/1193
f 1141/1141/1141 1194/1194/1194 1192/1192/1192
f 1191/1191/1191 1192/1192/1192 1193/1193/1193
f 1195/1195/1195 1194/1194/1194 1141/1141/1141
f 1194/1194/1194 1196/1196/1196 1193/1193/1193
f 1195/1195/1195 1196/1196/1196 1194/1194/1194
f 1142/1142/1142 1195/1195/1195 1141/1141/1141
f 1197/1197/1197 1195/1195/1195 1142/1142/1142
f 1198/1198/1198 1196/1196/1196 1195/1195/1195
f 1193/1193/1193 1196/1196/1196 1198/1198/1198
f 1197/1197/1197 1198/1198/1198 1195/1195/1195
f 1197/1197/1197 1142/1142/1142 1143/1143/1143
f 1143/1143/1143 1199/1199/1199 1197/1197/1197
f 1199/1199/1199 1143/1143/1143 1144/1144/1144
f 1144/1144/1144 1200/1200/1200 1199/1199/1199
f 1200/1200/1200 1144/1144/1144 1146/1146/1146
f 1146/1146/1146 1201/1201/1201 1200/1200/1200
f 1201/1201/1201 1146/1146/1146 1147/1147/1147
f 1147/1147/1147 1202/1202/1202 1201/1201/1201
f 1147/1147/1147 1203/1203/1203 1202/1202/1202
f 1152/1152/1152 1204/1204/1204 1203/1203/1203
f 1150/1150/1150 1204/1204/1204 1152/1152/1152
f 1147/1147/1147 1152/1152/1152 1203/1203/1203
f 1203/1203/1203 1206/1206/1206 1205/1205/1205
f 1206/1206/1206 1204/1204/1204 1150/1150/1150
f 1203/1203/1203 1204/1204/1204 1206/1206/1206
f 1202/1202/1202 1203/1203/1203 1205/1205/1205
f 1207/1207/1207 1206/1206/1206 1150/1150/1150
f 1205/1205/1205 1206/1206/1206 1207/1207/1207
f 1154/1154/1154 1207/1207/1207 1150/1150/1150
f 1208/1208/1208 1207/1207/1207 1154/1154/1154
f 1205/1205/1205 1207/1207/1207 1208/1208/1208
f 1208/1208/1208 1154/1154/1154 1155/1155/1155
f 1155/1155/1155 1209/1209/1209 1208/1208/1208
f 1209/1209/1209 1155/1155/1155 1156/1156/1156
f 1156/1156/1156 1210/1210/1210 1209/1209/1209
f 1210/1210/1210 1156/1156/1156 1157/1157/1157
f 1157/1157/1157 1211/1211/1211 1210/1210/1210
f 1211/1211/1211 1157/1157/1157 1158/1158/1158
f 1158/1158/1158 1212/1212/1212 1211/1211/1211
f 1159/1159/1159 1214/1214/1214 1213/1213/1213
f 1160/1160/1160 1214/1214/1214 1159/1159/1159
f 1215/1215/1215 1216/1216/1216 1214/1214/1214
f 1217/1217/1217 1216/1216/1216 1215/1215/1215
f 1160/1160/1160 1215/1215/1215 1214/1214/1214
f 1214/1214/1214 1218/1218/1218 1213/1213/1213
f 1218/1218/1218 1216/1216/1216 1217/1217/1217
f 1214/1214/1214 1216/1216/1216 1218/1218/1218
f 1219/1219/1219 1215/1215/1215 1160/1160/1160
f 1217/1217/1217 1215/1215/1215 1219/1219/1219
f 1161/1161/1161 1219/1219/1219 1160/1160/1160
f 1220/1220/1220 1219/1219/1219 1161/1161/1161
f 1217/1217/1217 1219/1219/1219 1220/1220/1220
f 1220/1220/1220 1161/1161/1161 1162/1162/1162
f 1162/1162/1162 1221/1221/1221 1220/1220/1220
f 1162/1162/1162 1222/1222/1222 1221/1221/1221
f 1163/1163/1163 1222/1222/1222 1162/1162/1162
f 1223/1223/1223 1222/1222/1222 1163/1163/1163
f 1221/1221/1221 1222/1222/1222 1223/1223/1223
f 1223/1223/1223 1163/1163/1163 1164/1164/1164
f 1164/1164/1164 1224/1224/1224 1223/1223/1223
f 1224/1224/1224 1164/1164/1164 1165/1165/1165
f 1165/1165/1165 1225/1225/1225 1224/1224/1224
f 1225/1225/1225 1165/1165/1165 1166/1166/1166
f 1166/1166/1166 1226/1226/1226 1225/1225/1225
f 1226/1226/1226 1166/1166/1166 1168/1168/1168
f 1168/1168/1168 1227/1227/1227 1226/1226/1226
f 1227/1227/1227 1168/1168/1168 1169/1169/1169
f 1169/1169/1169 1228/1228/1228 1227/1227/1227
f 1228/1228/1228 1169/1169/1169 1171/1171/1171
f 1171/1171/1171 1229/1229/1229 1228/1228/1228
f 1229/1229/1229 1171/1171/1171 1178/1178/1178
f 1178/1178/1178 1230/1230/1230 1229/1229/1229
f 1230/1230/1230 1178/1178/1178 1181/1181/1181
f 1181/1181/1181 1231/1231/1231 1230/1230/1230
f 1231/1231/1231 1181/1181/1181 1182/1182/1182
f 1182/1182/1182 1232/1232/1232 1231/1231/1231
f 1232/1232/1232 1182/1182/1182 1184/1184/1184
f 1184/1184/1184 1233/1233/1233 1232/1232/1232
f 1184/1184/1184 1234/1234/1234 1233/1233/1233
f 1185/1185/1185 1234/1234/1234 1184/1184/1184
f 1235/1235/1235 1234/1234/1234 1185/1185/1185
f 1233/1233/1233 1234/1234/1234 1235/1235/1235
f 1235/1235/1235 1185/1185/1185 1187/1187/1187
f 1187/1187/1187 1236/1236/1236 1235/1235/1235
f 1236/1236/1236 1187/1187/1187 1188/1188/1188
f 1188/1188/1188 1237/1237/1237 1236/1236/1236
f 1237/1237/1237 1188/1188/1188 1189/1189/1189
f 1189/1189/1189 1238/1238/1238 1237/1237/1237
f 1238/1238/1238 1189/1189/1189 1190/1190/1190
f 1190/1190/1190 1239/1239/1239 1238/1238/1238
f 1239/1239/1239 1190/1190/1190 1191/1191/1191
f 1191/1191/1191 1240/1240/1240 1239/1239/1239
f 1191/1191/1191 1241/1241/1241 1240/1240/1240
f 1193/1193/1193 1241/1241/1241 1191/1191/1191
f 1241/1241/1241 1243/1243/1243 1242/1242/1242
f 1193/1193/1193 1243/1243/1243 1241/1241/1241
f 1240/1240/1240 1241/1241/1241 1242/1242/1242
f 1244/1244/1244 1243/1243/1243 1193/1193/1193
f 1243/1243/1243 1245/1245/1245 1242/1242/1242
f 1244/1244/1244 1245/1245/1245 1243/1243/1243
f 1244/1244/1244 1198/1198/1198 1197/1197/1197
f 1193/1193/1193 1198/1198/1198 1244/1244/1244
f 1246/1246/1246 1244/1244/1244 1197/1197/1197
f 1247/1247/1247 1245/1245/1245 1244/1244/1244
f 1242/1242/1242 1245/1245/1245 1247/1247/1247
f 1246/1246/1246 1247/1247/1247 1244/1244/1244
f 1246/1246/1246 1197/1197/1197 1199/1199/1199
f 1199/1199/1199 1248/1248/1248 1246/1246/1246
f 1248/1248/1248 1199/1199/1199 1200/1200/1200
f 1200/1200/1200 1249/1249/1249 1248/1248/1248
f 1249/1249/1249 1200/1200/1200 1201/1201/1201
f 1201/1201/1201 1250/1250/1250 1249/1249/1249
f 1250/1250/1250 1201/1201/1201 1202/1202/1202
f 1202/1202/1202 1251/1251/1251 1250/1250/1250
f 1202/1202/1202 1252/1252/1252 1251/1251/1251
f 1205/1205/1205 1252/1252/1252 1202/1202/1202
f 1252/1252/1252 1254/1254/1254 1253/1253/1253
f 1205/1205/1205 1254/1254/1254 1252/1252/1252
f 1251/1251/1251 1252/1252/1252 1253/1253/1253
f 1255/1255/1255 1254/1254/1254 1205/1205/1205
f 1254/1254/1254 1256/1256/1256 1253/1253/1253
f 1255/1255/1255 1256/1256/1256 1254/1254/1254
f 1208/1208/1208 1255/1255/1255 1205/1205/1205
f 1257/1257/1257 1255/1255/1255 1208/1208/1208
f 1258/1258/1258 1256/1256/1256 1255/1255/1255
f 1253/1253/1253 1256/1256/1256 1258/1258/1258
f 1257/1257/1257 1258/1258/1258 1255/1255/1255
f 1257/1257/1257 1208/1208/1208 1209/1209/1209
f 1209/1209/1209 1259/1259/1259 1257/1257/1257
f 1259/1259/1259 1209/1209/1209 1210/1210/1210
f 1210/1210/1210 1260/1260/1260 1259/1259/1259
f 1260/1260/1260 1210/1210/1210 1211/1211/1211
f 1211/1211/1211 1261/1261/1261 1260/1260/1260
f 1261/1261/1261 1211/1211/1211 1212/1212/1212
f 1212/1212/1212 1262/1262/1262 1261/1261/1261
f 1213/1213/1213 1264/1264/1264 1263/1263/1263
f 1264/1264/1264 1218/1218/1218 1217/1217/1217
f 1213/1213/1213 1218/1218/1218 1264/1264/1264
f 1265/1265/1265 1264/1264/1264 1217/1217/1217
f 1263/1263/1263 1264/1264/1264 1265/1265/1265
f 1217/1217/1217 1266/1266/1266 1265/1265/1265
f 1220/1220/1220 1266/1266/1266 1217/1217/1217
f 1267/1267/1267 1266/1266/1266 1220/1220/1220
f 1266/1266/1266 1268/1268/1268 1265/1265/1265
f 1267/1267/1267 1268/1268/1268 1266/1266/1266
f 1220/1220/1220 1269/1269/1269 1267/1267/1267
f 1221/1221/1221 1269/1269/1269 1220/1220/1220
f 1270/1270/1270 1269/1269/1269 1221/1221/1221
f 1269/1269/1269 1271/1271/1271 1267/1267/1267
f 1270/1270/1270 1271/1271/1271 1269/1269/1269
f 1221/1221/1221 1272/1272/1272 1270/1270/1270
f 1223/1223/1223 1272/1272/1272 1221/1221/1221
f 1273/1273/1273 1272/1272/1272 1223/1223/1223
f 1270/1270/1270 1272/1272/1272 1273/1273/1273
f 1273/1273/1273 1223/1223/1223 1224/1224/1224
f 1224/1224/1224 1274/1274/1274 1273/1273/1273
f 1274/1274/1274 1224/1224/1224 1225/1225/1225
f 1225/1225/1225 1275/1275/1275 1274/1274/1274
f 1275/1275/1275 1225/1225/1225 1226/1226/1226
f 1226/1226/1226 1276/1276/1276 1275/1275/1275
f 1276/1276/1276 1226/1226/1226 1227/1227/1227
f 1227/1227/1227 1277/1277/1277 1276/1276/1276
f 1277/1277/1277 1227/1227/1227 1228/1228/1228
f 1228/1228/1228 1278/1278/1278 1277/1277/1277
f 1228/1228/1228 1279/1279/1279 1278/1278/1278
f 1229/1229/1229 1279/1279/1279 1228/1228/1228
f 1280/1280/1280 1279/1279/1279 1229/1229/1229
f 1278/1278/1278 1279/1279/1279 1280/1280/1280
f 1280/1280/1280 1229/1229/1229 1230/1230/1230
f 1230/1230/1230 1281/1281/1281 1280/1280/1280
f 1281/1281/1281 1230/1230/1230 1231/1231/1231
f 1231/1231/1231 1282/1282/1282 1281/1281/1281
f 1282/1282/1282 1231/1231/1231 1232/1232/1232
f 1232/1232/1232 1283/1283/1283 1282/1282/1282
f 1283/1283/1283 1232/1232/1232 1233/1233/1233
f 1233/1233/1233 1284/1284/1284 1283/1283/1283
f 1284/1284/1284 1233/1233/1233 1235/1235/1235
f 1235/1235/1235 1285/1285/1285 1284/1284/1284
f 1235/1235/1235 1286/1286/1286 1285/1285/1285
f 1236/1236/1236 1286/1286/1286 1235/1235/1235
f 1287/1287/1287 1286/1286/1286 1236/1236/1236
f 1285/1285/1285 1286/1286/1286 1287/1287/1287
f 1287/1287/1287 1236/1236/1236 1237/1237/1237
f 1237/1237/1237 1288/1288/1288 1287/1287/1287
f 1288/1288/1288 1237/1237/1237 1238/1238/1238
f 1238/1238/1238 1289/1289/1289 1288/1288/1288
f 1289/1289/1289 1238/1238/1238 1239/1239/1239
f 1239/1239/1239 1290/1290/1290 1289/1289/1289
f 1290/1290/1290 1239/1239/1239 1240/1240/1240
f 1240/1240/1240 1291/1291/1291 1290/1290/1290
f 1291/1291/1291 1240/1240/1240 1242/1242/1242
f 1242/1242/1242 1292/1292/1292 1291/1291/1291
f 1242/1242/1242 1293/1293/1293 1292/1292/1292
f 1293/1293/1293 1247/1247/1247 1246/1246/1246
f 1242/1242/1242 1247/1247/1247 1293/1293/1293
f 1294/1294/1294 1293/1293/1293 1246/1246/1246
f 1292/1292/1292 1293/1293/1293 1294/1294/1294
f 1246/1246/1246 1295/1295/1295 1294/1294/1294
f 1248/1248/1248 1295/1295/1295 1246/1246/1246
f 1295/1295/1295 1297/1297/1297 1296/1296/1296
f 1248/1248/1248 1297/1297/1297 1295/1295/1295
f 1294/1294/1294 1295/1295/1295 1296/1296/1296
f 1298/1298/1298 1297/1297/1297 1248/1248/1248
f 1296/1296/1296 1297/1297/1297 1298/1298/1298
f 1249/1249/1249 1298/1298/1298 1248/1248/1248
f 1299/1299/1299 1298/1298/1298 1249/1249/1249
f 1296/1296/1296 1298/1298/1298 1299/1299/1299
f 1249/1249/1249 1300/1300/1300 1299/1299/1299
f 1250/1250/1250 1300/1300/1300 1249/1249/1249
f 1301/1301/1301 1300/1300/1300 1250/1250/1250
f 1299/1299/1299 1300/1300/1300 1301/1301/1301
f 1301/1301/1301 1250/1250/1250 1251/1251/1251
f 1251/1251/1251 1302/1302/1302 1301/1301/1301
f 1302/1302/1302 1251/1251/1251 1253/1253/1253
f 1253/1253/1253 1303/1303/1303 1302/1302/1302
f 1253/1253/1253 1304/1304/1304 1303/1303/1303
f 1304/1304/1304 1258/1258/1258 1257/1257/1257
f 1253/1253/1253 1258/1258/1258 1304/1304/1304
f 1304/1304/1304 1306/1306/1306 1305/1305/1305
f 1257/1257/1257 1306/1306/1306 1304/1304/1304
f 1303/1303/1303 1304/1304/1304 1305/1305/1305
f 1307/1307/1307 1306/1306/1306 1257/1257/1257
f 1305/1305/1305 1306/1306/1306 1307/1307/1307
f 1259/1259/1259 1307/1307/1307 1257/1257/1257
f 1308/1308/1308 1307/1307/1307 1259/1259/1259
f 1305/1305/1305 1307/1307/1307 1308/1308/1308
f 1308/1308/1308 1259/1259/1259 1260/1260/1260
f 1260/1260/1260 1309/1309/1309 1308/1308/1308
f 1309/1309/1309 1260/1260/1260 1261/1261/1261
f 1261/1261/1261 1310/1310/1310 1309/1309/1309
f 1310/1310/1310 1261/1261/1261 1262/1262/1262
f 1262/1262/1262 1311/1311/1311 1310/1310/1310
f 1263/1263/1263 1313/1313/1313 1312/1312/1312
f 1265/1265/1265 1313/1313/1313 1263/1263/1263
f 1314/1314/1314 1315/1315/1315 1313/1313/1313
f 1316/1316/1316 1315/1315/1315 1314/1314/1314
f 1265/1265/1265 1314/1314/1314 1313/1313/1313
f 1313/1313/1313 1317/1317/1317 1312/1312/1312
f 1317/1317/1317 1315/1315/1315 1316/1316/1316
f 1313/1313/1313 1315/1315/1315 1317/1317/1317
f 1318/1318/1318 1314/1314/1314 1265/1265/1265
f 1316/1316/1316 1314/1314/1314 1318/1318/1318
f 1318/1318/1318 1268/1268/1268 1267/1267/1267
f 1265/1265/1265 1268/1268/1268 1318/1318/1318
f 1319/1319/1319 1318/1318/1318 1267/1267/1267
f 1316/1316/1316 1318/1318/1318 1319/1319/1319
f 1267/1267/1267 1320/1320/1320 1319/1319/1319
f 1320/1320/1320 1271/1271/1271 1270/1270/1270
f 1267/1267/1267 1271/1271/1271 1320/1320/1320
f 1321/1321/1321 1320/1320/1320 1270/1270/1270
f 1319/1319/1319 1320/1320/1320 1321/1321/1321
f 1321/1321/1321 1270/1270/1270 1273/1273/1273
f 1273/1273/1273 1322/1322/1322 1321/1321/1321
f 1322/1322/1322 1273/1273/1273 1274/1274/1274
f 1274/1274/1274 1323/1323/1323 1322/1322/1322
f 1274/1274/1274 1324/1324/1324 1323/1323/1323
f 1275/1275/1275 1324/1324/1324 1274/1274/1274
f 1325/1325/1325 1324/1324/1324 1275/1275/1275
f 1323/1323/1323 1324/1324/1324 1325/1325/1325
f 1325/1325/1325 1275/1275/1275 1276/1276/1276
f 1276/1276/1276 1326/1326/1326 1325/1325/1325
f 1326/1326/1326 1276/1276/1276 1277/1277/1277
f 1277/1277/1277 1327/1327/1327 1326/1326/1326
f 1327/1327/1327 1277/1277/1277 1278/1278/1278
f 1278/1278/1278 1328/1328/1328 1327/1327/1327
f 1278/1278/1278 1329/1329/1329 1328/1328/1328
f 1280/1280/1280 1329/1329/1329 1278/1278/1278
f 1330/1330/1330 1329/1329/1329 1280/1280/1280
f 1329/1329/1329 1331/1331/1331 1328/1328/1328
f 1330/1330/1330 1331/1331/1331 1329/1329/1329
f 1330/1330/1330 1280/1280/1280 1281/1281/1281
f 1281/1281/1281 1332/1332/1332 1330/1330/1330
f 1281/1281/1281 1333/1333/1333 1332/1332/1332
f 1282/1282/1282 1333/1333/1333 1281/1281/1281
f 1333/1333/1333 1335/1335/1335 1334/1334/1334
f 1282/1282/1282 1335/1335/1335 1333/1333/1333
f 1332/1332/1332 1333/1333/1333 1334/1334/1334
f 1336/1336/1336 1335/1335/1335 1282/1282/1282
f 1335/1335/1335 1337/1337/1337 1334/1334/1334
f 1336/1336/1336 1337/1337/1337 1335/1335/1335
f 1283/1283/1283 1336/1336/1336 1282/1282/1282
f 1338/1338/1338 1336/1336/1336 1283/1283/1283
f 1339/1339/1339 1337/1337/1337 1336/1336/1336
f 1334/1334/1334 1337/1337/1337 1339/1339/1339
f 1338/1338/1338 1339/1339/1339 1336/1336/1336
f 1338/1338/1338 1283/1283/1283 1284/1284/1284
f 1284/1284/1284 1340/1340/1340 1338/1338/1338
f 1340/1340/1340 1284/1284/1284 1285/1285/1285
f 1285/1285/1285 1341/1341/1341 1340/1340/1340
f 1285/1285/1285 1342/1342/1342 1341/1341/1341
f 1287/1287/1287 1342/1342/1342 1285/1285/1285
f 1342/1342/1342 1344/1344/1344 1343/1343/1343
f 1287/1287/1287 1344/1344/1344 1342/1342/1342
f 1341/1341/1341 1342/1342/1342 1343/1343/1343
f 1345/1345/1345 1344/1344/1344 1287/1287/1287
f 1343/1343/1343 1344/1344/1344 1345/1345/1345
f 1288/1288/1288 1345/1345/1345 1287/1287/1287
f 1346/1346/1346 1345/1345/1345 1288/1288/1288
f 1343/1343/1343 1345/1345/1345 1346/1346/1346
f 1346/1346/1346 1288/1288/1288 1289/1289/1289
f 1289/1289/1289 1347/1347/1347 1346/1346/1346
f 1347/1347/1347 1289/1289/1289 1290/1290/1290
f 1290/1290/1290 1348/1348/1348 1347/1347/1347
f 1348/1348/1348 1290/1290/1290 1291/1291/1291
f 1291/1291/1291 1349/1349/1349 1348/1348/1348
f 1349/1349/1349 1291/1291/1291 1292/1292/1292
f 1292/1292/1292 1350/1350/1350 1349/1349/1349
f 1350/1350/1350 1292/1292/1292 1294/1294/1294
f 1294/1294/1294 1351/1351/1351 1350/1350/1350
f 1351/1351/1351 1294/1294/1294 1296/1296/1296
f 1296/1296/1296 1352/1352/1352 1351/1351/1351
f 1352/1352/1352 1296/1296/1296 1299/1299/1299
f 1299/1299/1299 1353/1353/1353 1352/1352/1352
f 1299/1299/1299 1354/1354/1354 1353/1353/1353
f 1301/1301/1301 1354/1354/1354 1299/1299/1299
f 1355/1355/1355 1354/1354/1354 1301/1301/1301
f 1354/1354/1354 1356/1356/1356 1353/1353/1353
f 1355/1355/1355 1356/1356/1356 1354/1354/1354
f 1355/1355/1355 1301/1301/1301 1302/1302/1302
f 1302/1302/1302 1357/1357/1357 1355/1355/1355
f 1357/1357/1357 1302/1302/1302 1303/1303/1303
f 1303/1303/1303 1358/1358/1358 1357/1357/1357
f 1303/1303/1303 1359/1359/1359 1358/1358/1358
f 1305/1305/1305 1359/1359/1359 1303/1303/1303
f 1360/1360/1360 1361/1361/1361 1359/1359/1359
f 1362/1362/1362 1361/1361/1361 1360/1360/1360
f 1305/1305/1305 1360/1360/1360 1359/1359/1359
f 1359/1359/1359 1363/1363/1363 1358/1358/1358
f 1361/1361/1361 1364/1364/1364 1363/1363/1363
f 1362/1362/1362 1364/1364/1364 1361/1361/1361
f 1359/1359/1359 1361/1361/1361 1363/1363/1363
f 1365/1365/1365 1360/1360/1360 1305/1305/1305
f 1362/1362/1362 1360/1360/1360 1365/1365/1365
f 1308/1308/1308 1365/1365/1365 1305/1305/1305
f 1366/1366/1366 1365/1365/1365 1308/1308/1308
f 1362/1362/1362 1365/1365/1365 1366/1366/1366
f 1366/1366/1366 1308/1308/1308 1309/1309/1309
f 1309/1309/1309 1367/1367/1367 1366/1366/1366
f 1367/1367/1367 1309/1309/1309 1310/1310/1310
f 1310/1310/1310 1368/1368/1368 1367/1367/1367
f 1368/1368/1368 1310/1310/1310 1311/1311/1311
f 1311/1311/1311 1369/1369/1369 1368/1368/1368
f 1312/1312/1312 1371/1371/1371 1370/1370/1370
f 1371/1371/1371 1317/1317/1317 1316/1316/1316
f 1312/1312/1312 1317/1317/1317 1371/1371/1371
f 1372/1372/1372 1371/1371/1371 1316/1316/1316
f 1370/1370/1370 1371/1371/1371 1372/1372/1372
f 1316/1316/1316 1373/1373/1373 1372/1372/1372
f 1319/1319/1319 1373/1373/1373 1316/1316/1316
f 1374/1374/1374 1373/1373/1373 1319/1319/1319
f 1373/1373/1373 1375/1375/1375 1372/1372/1372
f 1374/1374/1374 1375/1375/1375 1373/1373/1373
f 1374/1374/1374 1319/1319/1319 1321/1321/1321
f 1321/1321/1321 1376/1376/1376 1374/1374/1374
f 1376/1376/1376 1321/1321/1321 1322/1322/1322
f 1322/1322/1322 1377/1377/1377 1376/1376/1376
f 1377/1377/1377 1322/1322/1322 1323/1323/1323
f 1323/1323/1323 1378/1378/1378 1377/1377/1377
f 1378/1378/1378 1323/1323/1323 1325/1325/1325
f 1325/1325/1325 1379/1379/1379 1378/1378/1378
f 1325/1325/1325 1380/1380/1380 1379/1379/1379
f 1326/1326/1326 1380/1380/1380 1325/1325/1325
f 1380/1380/1380 1382/1382/1382 1381/1381/1381
f 1326/1326/1326 1382/1382/1382 1380/1380/1380
f 1379/1379/1379 1380/1380/1380 1381/1381/1381
f 1383/1383/1383 1382/1382/1382 1326/1326/1326
f 1382/1382/1382 1384/1384/1384 1381/1381/1381
f 1383/1383/1383 1384/1384/1384 1382/1382/1382
f 1327/1327/1327 1383/1383/1383 1326/1326/1326
f 1385/1385/1385 1383/1383/1383 1327/1327/1327
f 1386/1386/1386 1384/1384/1384 1383/1383/1383
f 1381/1381/1381 1384/1384/1384 1386/1386/1386
f 1385/1385/1385 1386/1386/1386 1383/1383/1383
f 1385/1385/1385 1327/1327/1327 1328/1328/1328
f 1328/1328/1328 1387/1387/1387 1385/1385/1385
f 1328/1328/1328 1388/1388/1388 1387/1387/1387
f 1388/1388/1388 1331/1331/1331 1330/1330/1330
f 1328/1328/1328 1331/1331/1331 1388/1388/1388
f 1389/1389/1389 1388/1388/1388 1330/1330/1330
f 1387/1387/1387 1388/1388/1388 1389/1389/1389
f 1330/1330/1330 1390/1390/1390 1389/1389/1389
f 1332/1332/1332 1390/1390/1390 1330/1330/1330
f 1390/1390/1390 1392/1392/1392 1391/1391/1391
f 1332/1332/1332 1392/1392/1392 1390/1390/1390
f 1389/1389/1389 1390/1390/1390 1391/1391/1391
f 1393/1393/1393 1392/1392/1392 1332/1332/1332
f 1392/1392/1392 1394/1394/1394 1391/1391/1391
f 1393/1393/1393 1394/1394/1394 1392/1392/1392
f 1334/1334/1334 1393/1393/1393 1332/1332/1332
f 1393/1393/1393 1396/1396/1396 1395/1395/1395
f 1334/1334/1334 1396/1396/1396 1393/1393/1393
f 1397/1397/1397 1394/1394/1394 1393/1393/1393
f 1394/1394/1394 1398/1398/1398 1391/1391/1391
f 1397/1397/1397 1398/1398/1398 1394/1394/1394
f 1395/1395/1395 1397/1397/1397 1393/1393/1393
f 1399/1399/1399 1400/1400/1400 1396/1396/1396
f 1401/1401/1401 1400/1400/1400 1399/1399/1399
f 1334/1334/1334 1399/1399/1399 1396/1396/1396
f 1396/1396/1396 1402/1402/1402 1395/1395/1395
f 1402/1402/1402 1400/1400/1400 1401/1401/1401
f 1396/1396/1396 1400/1400/1400 1402/1402/1402
f 1401/1401/1401 1339/1339/1339 1338/1338/1338
f 1339/1339/1339 1399/1399/1399 1334/1334/1334
f 1401/1401/1401 1399/1399/1399 1339/1339/1339
f 1403/1403/1403 1401/1401/1401 1338/1338/1338
f 1404/1404/1404 1402/1402/1402 1401/1401/1401
f 1395/1395/1395 1402/1402/1402 1404/1404/1404
f 1403/1403/1403 1404/1404/1404 1401/1401/1401
f 1338/1338/1338 1405/1405/1405 1403/1403/1403
f 1340/1340/1340 1405/1405/1405 1338/1338/1338
f 1406/1406/1406 1405/1405/1405 1340/1340/1340
f 1405/1405/1405 1407/1407/1407 1403/1403/1403
f 1406/1406/1406 1407/1407/1407 1405/1405/1405
f 1406/1406/1406 1340/1340/1340 1341/1341/1341
f 1341/1341/1341 1408/1408/1408 1406/1406/1406
f 1408/1408/1408 1341/1341/1341 1343/1343/1343
f 1343/1343/1343 1409/1409/1409 1408/1408/1408
f 1409/1409/1409 1343/1343/1343 1346/1346/1346
f 1346/1346/1346 1410/1410/1410 1409/1409/1409
f 1410/1410/1410 1346/1346/1346 1347/1347/1347
f 1347/1347/1347 1411/1411/1411 1410/1410/1410
f 1347/1347/1347 1412/1412/1412 1411/1411/1411
f 1348/1348/1348 1412/1412/1412 1347/1347/1347
f 1413/1413/1413 1412/1412/1412 1348/1348/1348
f 1412/1412/1412 1414/1414/1414 1411/1411/1411
f 1413/1413/1413 1414/1414/1414 1412/1412/1412
f 1413/1413/1413 1348/1348/1348 1349/1349/1349
f 1349/1349/1349 1415/1415/1415 1413/1413/1413
f 1349/1349/1349 1416/1416/1416 1415/1415/1415
f 1350/1350/1350 1416/1416/1416 1349/1349/1349
f 1417/1417/1417 1416/1416/1416 1350/1350/1350
f 1416/1416/1416 1418/1418/1418 1415/1415/1415
f 1417/1417/1417 1418/1418/1418 1416/1416/1416
f 1417/1417/1417 1350/1350/1350 1351/1351/1351
f 1351/1351/1351 1419/1419/1419 1417/1417/1417
f 1419/1419/1419 1351/1351/1351 1352/1352/1352
f 1352/1352/1352 1420/1420/1420 1419/1419/1419
f 1352/1352/1352 1421/1421/1421 1420/1420/1420
f 1353/1353/1353 1421/1421/1421 1352/1352/1352
f 1421/1421/1421 1423/1423/1423 1422/1422/1422
f 1353/1353/1353 1423/1423/1423 1421/1421/1421
f 1420/1420/1420 1421/1421/1421 1422/1422/1422
f 1423/1423/1423 1425/1425/1425 1424/1424/1424
f 1353/1353/1353 1425/1425/1425 1423/1423/1423
f 1422/1422/1422 1423/1423/1423 1424/1424/1424
f 1426/1426/1426 1427/1427/1427 1356/1356/1356
f 1427/1427/1427 1428/1428/1428 1424/1424/1424
f 1426/1426/1426 1428/1428/1428 1427/1427/1427
f 1355/1355/1355 1426/1426/1426 1356/1356/1356
f 1356/1356/1356 1425/1425/1425 1353/1353/1353
f 1425/1425/1425 1427/1427/1427 1424/1424/1424
f 1356/1356/1356 1427/1427/1427 1425/1425/1425
f 1429/1429/1429 1431/1431/1431 1430/1430/1430
f 1424/1424/1424 1431/1431/1431 1429/1429/1429
f 1432/1432/1432 1429/1429/1429 1430/1430/1430
f 1430/1430/1430 1426/1426/1426 1355/1355/1355
f 1431/1431/1431 1428/1428/1428 1426/1426/1426
f 1424/1424/1424 1428/1428/1428 1431/1431/1431
f 1430/1430/1430 1431/1431/1431 1426/1426/1426
f 1424/1424/1424 1433/1433/1433 1422/1422/1422
f 1433/1433/1433 1429/1429/1429 1432/1432/1432
f 1424/1424/1424 1429/1429/1429 1433/1433/1433
f 1434/1434/1434 1430/1430/1430 1355/1355/1355
f 1432/1432/1432 1430/1430/1430 1434/1434/1434
f 1357/1357/1357 1434/1434/1434 1355/1355/1355
f 1435/1435/1435 1434/1434/1434 1357/1357/1357
f 1434/1434/1434 1436/1436/1436 1432/1432/1432
f 1435/1435/1435 1436/1436/1436 1434/1434/1434
f 1357/1357/1357 1437/1437/1437 1435/1435/1435
f 1358/1358/1358 1437/1437/1437 1357/1357/1357
f 1438/1438/1438 1437/1437/1437 1358/1358/1358
f 1437/1437/1437 1439/1439/1439 1435/1435/1435
f 1438/1438/1438 1439/1439/1439 1437/1437/1437
f 1358/1358/1358 1440/1440/1440 1438/1438/1438
f 1363/1363/1363 1441/1441/1441 1440/1440/1440
f 1441/1441/1441 1364/1364/1364 1362/1362/1362
f 1363/1363/1363 1364/1364/1364 1441/1441/1441
f 1358/1358/1358 1363/1363/1363 1440/1440/1440
f 1440/1440/1440 1443/1443/1443 1442/1442/1442
f 1443/1443/1443 1441/1441/1441 1362/1362/1362
f 1440/1440/1440 1441/1441/1441 1443/1443/1443
f 1438/1438/1438 1440/1440/1440 1442/1442/1442
f 1444/1444/1444 1443/1443/1443 1362/1362/1362
f 1443/1443/1443 1445/1445/1445 1442/1442/1442
f 1444/1444/1444 1445/1445/1445 1443/1443/1443
f 1366/1366/1366 1444/1444/1444 1362/1362/1362
f 1446/1446/1446 1444/1444/1444 1366/1366/1366
f 1447/1447/1447 1445/1445/1445 1444/1444/1444
f 1442/1442/1442 1445/1445/1445 1447/1447/1447
f 1446/1446/1446 1447/1447/1447 1444/1444/1444
f 1446/1446/1446 1366/1366/1366 1367/1367/1367
f 1367/1367/1367 1448/1448/1448 1446/1446/1446
f 1448/1448/1448 1367/1367/1367 1368/1368/1368
f 1368/1368/1368 1449/1449/1449 1448/1448/1448
f 1449/1449/1449 1368/1368/1368 1369/1369/1369
f 1369/1369/1369 1450/1450/1450 1449/1449/1449
f 1451/1451/1451 1370/1370/1370 1372/1372/1372
f 1372/1372/1372 1452/1452/1452 1451/1451/1451
f 1372/1372/1372 1453/1453/1453 1452/1452/1452
f 1453/1453/1453 1375/1375/1375 1374/1374/1374
f 1372/1372/1372 1375/1375/1375 1453/1453/1453
f 1454/1454/1454 1453/1453/1453 1374/1374/1374
f 1452/1452/1452 1453/1453/1453 1454/1454/1454
f 1374/1374/1374 1455/1455/1455 1454/1454/1454
f 1376/1376/1376 1455/1455/1455 1374/1374/1374
f 1456/1456/1456 1455/1455/1455 1376/1376/1376
f 1455/1455/1455 1457/1457/1457 1454/1454/1454
f 1456/1456/1456 1457/1457/1457 1455/1455/1455
f 1456/1456/1456 1376/1376/1376 1377/1377/1377
f 1377/1377/1377 1458/1458/1458 1456/1456/1456
f 1458/1458/1458 1377/1377/1377 1378/1378/1378
f 1378/1378/1378 1459/1459/1459 1458/1458/1458
f 1459/1459/1459 1378/1378/1378 1379/1379/1379
f 1379/1379/1379 1460/1460/1460 1459/1459/1459
f 1460/1460/1460 1379/1379/1379 1381/1381/1381
f 1381/1381/1381 1461/1461/1461 1460/1460/1460
f 1381/1381/1381 1462/1462/1462 1461/1461/1461
f 1386/1386/1386 1463/1463/1463 1462/1462/1462
f 1385/1385/1385 1463/1463/1463 1386/1386/1386
f 1381/1381/1381 1386/1386/1386 1462/1462/1462
f 1462/1462/1462 1465/1465/1465 1464/1464/1464
f 1465/1465/1465 1463/1463/1463 1385/1385/1385
f 1462/1462/1462 1463/1463/1463 1465/1465/1465
f 1461/1461/1461 1462/1462/1462 1464/1464/1464
f 1466/1466/1466 1465/1465/1465 1385/1385/1385
f 1464/1464/1464 1465/1465/1465 1466/1466/1466
f 1387/1387/1387 1466/1466/1466 1385/1385/1385
f 1466/1466/1466 1468/1468/1468 1467/1467/1467
f 1387/1387/1387 1468/1468/1468 1466/1466/1466
f 1464/1464/1464 1466/1466/1466 1467/1467/1467
f 1469/1469/1469 1468/1468/1468 1387/1387/1387
f 1467/1467/1467 1468/1468/1468 1469/1469/1469
f 1389/1389/1389 1469/1469/1469 1387/1387/1387
f 1470/1470/1470 1469/1469/1469 1389/1389/1389
f 1467/1467/1467 1469/1469/1469 1470/1470/1470
f 1389/1389/1389 1471/1471/1471 1470/1470/1470
f 1391/1391/1391 1471/1471/1471 1389/1389/1389
f 1471/1471/1471 1473/1473/1473 1472/1472/1472
f 1391/1391/1391 1473/1473/1473 1471/1471/1471
f 1470/1470/1470 1471/1471/1471 1472/1472/1472
f 1473/1473/1473 1475/1475/1475 1474/1474/1474
f 1391/1391/1391 1475/1475/1475 1473/1473/1473
f 1473/1473/1473 1476/1476/1476 1472/1472/1472
f 1474/1474/1474 1476/1476/1476 1473/1473/1473
f 1474/1474/1474 1397/1397/1397 1395/1395/1395
f 1475/1475/1475 1398/1398/1398 1397/1397/1397
f 1391/1391/1391 1398/1398/1398 1475/1475/1475
f 1474/1474/1474 1475/1475/1475 1397/1397/1397
f 1477/1477/1477 1478/1478/1478 1474/1474/1474
f 1479/1479/1479 1478/1478/1478 1477/1477/1477
f 1395/1395/1395 1477/1477/1477 1474/1474/1474
f 1476/1476/1476 1481/1481/1481 1480/1480/1480
f 1474/1474/1474 1481/1481/1481 1476/1476/1476
f 1472/1472/1472 1476/1476/1476 1480/1480/1480
f 1480/1480/1480 1478/1478/1478 1479/1479/1479
f 1478/1478/1478 1481/1481/1481 1474/1474/1474
f 1480/1480/1480 1481/1481/1481 1478/1478/1478
f 1482/1482/1482 1477/1477/1477 1395/1395/1395
f 1479/1479/1479 1477/1477/1477 1482/1482/1482
f 1404/1404/1404 1483/1483/1483 1482/1482/1482
f 1403/1403/1403 1483/1483/1483 1404/1404/1404
f 1395/1395/1395 1404/1404/1404 1482/1482/1482
f 1482/1482/1482 1485/1485/1485 1484/1484/1484
f 1483/1483/1483 1486/1486/1486 1485/1485/1485
f 1403/1403/1403 1486/1486/1486 1483/1483/1483
f 1482/1482/1482 1483/1483/1483 1485/1485/1485
f 1482/1482/1482 1487/1487/1487 1479/1479/1479
f 1484/1484/1484 1487/1487/1487 1482/1482/1482
f 1488/1488/1488 1489/1489/1489 1485/1485/1485
f 1490/1490/1490 1489/1489/1489 1488/1488/1488
f 1488/1488/1488 1486/1486/1486 1403/1403/1403
f 1485/1485/1485 1486/1486/1486 1488/1488/1488
f 1485/1485/1485 1491/1491/1491 1484/1484/1484
f 1491/1491/1491 1489/1489/1489 1490/1490/1490
f 1485/1485/1485 1489/1489/1489 1491/1491/1491
f 1490/1490/1490 1407/1407/1407 1406/1406/1406
f 1407/1407/1407 1488/1488/1488 1403/1403/1403
f 1490/1490/1490 1488/1488/1488 1407/1407/1407
f 1492/1492/1492 1490/1490/1490 1406/1406/1406
f 1493/1493/1493 1491/1491/1491 1490/1490/1490
f 1484/1484/1484 1491/1491/1491 1493/1493/1493
f 1492/1492/1492 1493/1493/1493 1490/1490/1490
f 1492/1492/1492 1406/1406/1406 1408/1408/1408
f 1408/1408/1408 1494/1494/1494 1492/1492/1492
f 1494/1494/1494 1408/1408/1408 1409/1409/1409
f 1409/1409/1409 1495/1495/1495 1494/1494/1494
f 1495/1495/1495 1409/1409/1409 1410/1410/1410
f 1410/1410/1410 1496/1496/1496 1495/1495/1495
f 1410/1410/1410 1497/1497/1497 1496/1496/1496
f 1411/1411/1411 1497/1497/1497 1410/1410/1410
f 1497/1497/1497 1499/1499/1499 1498/1498/1498
f 1411/1411/1411 1499/1499/1499 1497/1497/1497
f 1497/1497/1497 1500/1500/1500 1496/1496/1496
f 1498/1498/1498 1500/1500/1500 1497/1497/1497
f 1499/1499/1499 1502/1502/1502 1501/1501/1501
f 1411/1411/1411 1502/1502/1502 1499/1499/1499
f 1498/1498/1498 1499/1499/1499 1501/1501/1501
f 1501/1501/1501 1414/1414/1414 1413/1413/1413
f 1414/1414/1414 1502/1502/1502 1411/1411/1411
f 1501/1501/1501 1502/1502/1502 1414/1414/1414
f 1503/1503/1503 1501/1501/1501 1413/1413/1413
f 1498/1498/1498 1501/1501/1501 1503/1503/1503
f 1503/1503/1503 1413/1413/1413 1415/1415/1415
f 1415/1415/1415 1504/1504/1504 1503/1503/1503
f 1415/1415/1415 1505/1505/1505 1504/1504/1504
f 1505/1505/1505 1418/1418/1418 1417/1417/1417
f 1415/1415/1415 1418/1418/1418 1505/1505/1505
f 1506/1506/1506 1505/1505/1505 1417/1417/1417
f 1504/1504/1504 1505/1505/1505 1506/1506/1506
f 1506/1506/1506 1417/1417/1417 1419/1419/1419
f 1419/1419/1419 1507/1507/1507 1506/1506/1506
f 1419/1419/1419 1508/1508/1508 1507/1507/1507
f 1420/1420/1420 1508/1508/1508 1419/1419/1419
f 1508/1508/1508 1510/1510/1510 1509/1509/1509
f 1420/1420/1420 1510/1510/1510 1508/1508/1508
f 1507/1507/1507 1508/1508/1508 1509/1509/1509
f 1511/1511/1511 1510/1510/1510 1420/1420/1420
f 1510/1510/1510 1512/1512/1512 1509/1509/1509
f 1511/1511/1511 1512/1512/1512 1510/1510/1510
f 1422/1422/1422 1511/1511/1511 1420/1420/1420
f 1513/1513/1513 1511/1511/1511 1422/1422/1422
f 1514/1514/1514 1512/1512/1512 1511/1511/1511
f 1509/1509/1509 1512/1512/1512 1514/1514/1514
f 1513/1513/1513 1514/1514/1514 1511/1511/1511
f 1422/1422/1422 1515/1515/1515 1513/1513/1513
f 1515/1515/1515 1433/1433/1433 1432/1432/1432
f 1422/1422/1422 1433/1433/1433 1515/1515/1515
f 1516/1516/1516 1515/1515/1515 1432/1432/1432
f 1513/1513/1513 1515/1515/1515 1516/1516/1516
f 1432/1432/1432 1517/1517/1517 1516/1516/1516
f 1517/1517/1517 1436/1436/1436 1435/1435/1435
f 1432/1432/1432 1436/1436/1436 1517/1517/1517
f 1517/1517/1517 1519/1519/1519 1518/1518/1518
f 1435/1435/1435 1519/1519/1519 1517/1517/1517
f 1516/1516/1516 1517/1517/1517 1518/1518/1518
f 1520/1520/1520 1521/1521/1521 1519/1519/1519
f 1522/1522/1522 1521/1521/1521 1520/1520/1520
f 1435/1435/1435 1520/1520/1520 1519/1519/1519
f 1519/1519/1519 1523/1523/1523 1518/1518/1518
f 1521/1521/1521 1524/1524/1524 1523/1523/1523
f 1522/1522/1522 1524/1524/1524 1521/1521/1521
f 1519/1519/1519 1521/1521/1521 1523/1523/1523
f 1522/1522/1522 1439/1439/1439 1438/1438/1438
f 1439/1439/1439 1520/1520/1520 1435/1435/1435
f 1522/1522/1522 1520/1520/1520 1439/1439/1439
f 1525/1525/1525 1526/1526/1526 1522/1522/1522
f 1527/1527/1527 1526/1526/1526 1525/1525/1525
f 1438/1438/1438 1525/1525/1525 1522/1522/1522
f 1523/1523/1523 1529/1529/1529 1528/1528/1528
f 1529/1529/1529 1524/1524/1524 1522/1522/1522
f 1523/1523/1523 1524/1524/1524 1529/1529/1529
f 1518/1518/1518 1523/1523/1523 1528/1528/1528
f 1528/1528/1528 1526/1526/1526 1527/1527/1527
f 1526/1526/1526 1529/1529/1529 1522/1522/1522
f 1528/1528/1528 1529/1529/1529 1526/1526/1526
f 1530/1530/1530 1525/1525/1525 1438/1438/1438
f 1527/1527/1527 1525/1525/1525 1530/1530/1530
f 1442/1442/1442 1530/1530/1530 1438/1438/1438
f 1531/1531/1531 1530/1530/1530 1442/1442/1442
f 1527/1527/1527 1530/1530/1530 1531/1531/1531
f 1442/1442/1442 1532/1532/1532 1531/1531/1531
f 1447/1447/1447 1533/1533/1533 1532/1532/1532
f 1446/1446/1446 1533/1533/1533 1447/1447/1447
f 1442/1442/1442 1447/1447/1447 1532/1532/1532
f 1532/1532/1532 1535/1535/1535 1534/1534/1534
f 1535/1535/1535 1533/1533/1533 1446/1446/1446
f 1532/1532/1532 1533/1533/1533 1535/1535/1535
f 1531/1531/1531 1532/1532/1532 1534/1534/1534
f 1536/1536/1536 1535/1535/1535 1446/1446/1446
f 1534/1534/1534 1535/1535/1535 1536/1536/1536
f 1448/1448/1448 1536/1536/1536 1446/1446/1446
f 1537/1537/1537 1538/1538/1538 1536/1536/1536
f 1539/1539/1539 1538/1538/1538 1537/1537/1537
f 1448/1448/1448 1537/1537/1537 1536/1536/1536
f 1536/1536/1536 1540/1540/1540 1534/1534/1534
f 1538/1538/1538 1541/1541/1541 1540/1540/1540
f 1539/1539/1539 1541/1541/1541 1538/1538/1538
f 1536/1536/1536 1538/1538/1538 1540/1540/1540
f 1542/1542/1542 1537/1537/1537 1448/1448/1448
f 1539/1539/1539 1537/1537/1537 1542/1542/1542
f 1449/1449/1449 1542/1542/1542 1448/1448/1448
f 1543/1543/1543 1542/1542/1542 1449/1449/1449
f 1539/1539/1539 1542/1542/1542 1543/1543/1543
f 1449/1449/1449 1544/1544/1544 1543/1543/1543
f 1450/1450/1450 1544/1544/1544 1449/1449/1449
f 1545/1545/1545 1544/1544/1544 1450/1450/1450
f 1544/1544/1544 1546/1546/1546 1543/1543/1543
f 1545/1545/1545 1546/1546/1546 1544/1544/1544
f 1547/1547/1547 1451/1451/1451 1452/1452/1452
f 1452/1452/1452 1548/1548/1548 1547/1547/1547
f 1452/1452/1452 1549/1549/1549 1548/1548/1548
f 1454/1454/1454 1549/1549/1549 1452/1452/1452
f 1550/1550/1550 1549/1549/1549 1454/1454/1454
f 1549/1549/1549 1551/1551/1551 1548/1548/1548
f 1550/1550/1550 1551/1551/1551 1549/1549/1549
f 1454/1454/1454 1552/1552/1552 1550/1550/1550
f 1457/1457/1457 1553/1553/1553 1552/1552/1552
f 1456/1456/1456 1553/1553/1553 1457/1457/1457
f 1454/1454/1454 1457/1457/1457 1552/1552/1552
f 1552/1552/1552 1555/1555/1555 1554/1554/1554
f 1555/1555/1555 1553/1553/1553 1456/1456/1456
f 1552/1552/1552 1553/1553/1553 1555/1555/1555
f 1550/1550/1550 1552/1552/1552 1554/1554/1554
f 1556/1556/1556 1555/1555/1555 1456/1456/1456
f 1555/1555/1555 1557/1557/1557 1554/1554/1554
f 1556/1556/1556 1557/1557/1557 1555/1555/1555
f 1458/1458/1458 1556/1556/1556 1456/1456/1456
f 1558/1558/1558 1556/1556/1556 1458/1458/1458
f 1559/1559/1559 1557/1557/1557 1556/1556/1556
f 1554/1554/1554 1557/1557/1557 1559/1559/1559
f 1558/1558/1558 1559/1559/1559 1556/1556/1556
f 1558/1558/1558 1458/1458/1458 1459/1459/1459
f 1459/1459/1459 1560/1560/1560 1558/1558/1558
f 1560/1560/1560 1459/1459/1459 1460/1460/1460
f 1460/1460/1460 1561/1561/1561 1560/1560/1560
f 1561/1561/1561 1460/1460/1460 1461/1461/1461
f 1461/1461/1461 1562/1562/1562 1561/1561/1561
f 1562/1562/1562 1461/1461/1461 1464/1464/1464
f 1464/1464/1464 1563/1563/1563 1562/1562/1562
f 1563/1563/1563 1464/1464/1464 1467/1467/1467
f 1467/1467/1467 1564/1564/1564 1563/1563/1563
f 1564/1564/1564 1467/1467/1467 1470/1470/1470
f 1470/1470/1470 1565/1565/1565 1564/1564/1564
f 1565/1565/1565 1470/1470/1470 1472/1472/1472
f 1472/1472/1472 1566/1566/1566 1565/1565/1565
f 1472/1472/1472 1567/1567/1567 1566/1566/1566
f 1567/1567/1567 1480/1480/1480 1479/1479/1479
f 1472/1472/1472 1480/1480/1480 1567/1567/1567
f 1567/1567/1567 1569/1569/1569 1568/1568/1568
f 1479/1479/1479 1569/1569/1569 1567/1567/1567
f 1566/1566/1566 1567/1567/1567 1568/1568/1568
f 1570/1570/1570 1569/1569/1569 1479/1479/1479
f 1569/1569/1569 1571/1571/1571 1568/1568/1568
f 1570/1570/1570 1571/1571/1571 1569/1569/1569
f 1487/1487/1487 1572/1572/1572 1570/1570/1570
f 1484/1484/1484 1572/1572/1572 1487/1487/1487
f 1479/1479/1479 1487/1487/1487 1570/1570/1570
f 1573/1573/1573 1575/1575/1575 1574/1574/1574
f 1575/1575/1575 1576/1576/1576 1570/1570/1570
f 1573/1573/1573 1576/1576/1576 1575/1575/1575
f 1577/1577/1577 1573/1573/1573 1574/1574/1574
f 1574/1574/1574 1572/1572/1572 1484/1484/1484
f 1572/1572/1572 1575/1575/1575 1570/1570/1570
f 1574/1574/1574 1575/1575/1575 1572/1572/1572
f 1571/1571/1571 1579/1579/1579 1578/1578/1578
f 1570/1570/1570 1579/1579/1579 1571/1571/1571
f 1568/1568/1568 1571/1571/1571 1578/1578/1578
f 1580/1580/1580 1581/1581/1581 1573/1573/1573
f 1578/1578/1578 1581/1581/1581 1580/1580/1580
f 1577/1577/1577 1580/1580/1580 1573/1573/1573
f 1576/1576/1576 1582/1582/1582 1579/1579/1579
f 1573/1573/1573 1582/1582/1582 1576/1576/1576
f 1570/1570/1570 1576/1576/1576 1579/1579/1579
f 1579/1579/1579 1581/1581/1581 1578/1578/1578
f 1581/1581/1581 1582/1582/1582 1573/1573/1573
f 1579/1579/1579 1582/1582/1582 1581/1581/1581
f 1583/1583/1583 1574/1574/1574 1484/1484/1484
f 1577/1577/1577 1574/1574/1574 1583/1583/1583
f 1583/1583/1583 1493/1493/1493 1492/1492/1492
f 1484/1484/1484 1493/1493/1493 1583/1583/1583
f 1584/1584/1584 1583/1583/1583 1492/1492/1492
f 1577/1577/1577 1583/1583/1583 1584/1584/1584
f 1584/1584/1584 1492/1492/1492 1494/1494/1494
f 1494/1494/1494 1585/1585/1585 1584/1584/1584
f 1585/1585/1585 1494/1494/1494 1495/1495/1495
f 1495/1495/1495 1586/1586/1586 1585/1585/1585
f 1586/1586/1586 1495/1495/1495 1496/1496/1496
f 1496/1496/1496 1587/1587/1587 1586/1586/1586
f 1496/1496/1496 1588/1588/1588 1587/1587/1587
f 1588/1588/1588 1500/1500/1500 1498/1498/1498
f 1496/1496/1496 1500/1500/1500 1588/1588/1588
f 1589/1589/1589 1588/1588/1588 1498/1498/1498
f 1587/1587/1587 1588/1588/1588 1589/1589/1589
f 1589/1589/1589 1498/1498/1498 1503/1503/1503
f 1503/1503/1503 1590/1590/1590 1589/1589/1589
f 1590/1590/1590 1503/1503/1503 1504/1504/1504
f 1504/1504/1504 1591/1591/1591 1590/1590/1590
f 1591/1591/1591 1504/1504/1504 1506/1506/1506
f 1506/1506/1506 1592/1592/1592 1591/1591/1591
f 1592/1592/1592 1506/1506/1506 1507/1507/1507
f 1507/1507/1507 1593/1593/1593 1592/1592/1592
f 1593/1593/1593 1507/1507/1507 1509/1509/1509
f 1509/1509/1509 1594/1594/1594 1593/1593/1593
f 1509/1509/1509 1595/1595/1595 1594/1594/1594
f 1595/1595/1595 1514/1514/1514 1513/1513/1513
f 1509/1509/1509 1514/1514/1514 1595/1595/1595
f 1596/1596/1596 1595/1595/1595 1513/1513/1513
f 1594/1594/1594 1595/1595/1595 1596/1596/1596
f 1596/1596/1596 1513/1513/1513 1516/1516/1516
f 1516/1516/1516 1597/1597/1597 1596/1596/1596
f 1597/1597/1597 1516/1516/1516 1518/1518/1518
f 1518/1518/1518 1598/1598/1598 1597/1597/1597
f 1518/1518/1518 1599/1599/1599 1598/1598/1598
f 1599/1599/1599 1528/1528/1528 1527/1527/1527
f 1518/1518/1518 1528/1528/1528 1599/1599/1599
f 1600/1600/1600 1599/1599/1599 1527/1527/1527
f 1598/1598/1598 1599/1599/1599 1600/1600/1600
f 1600/1600/1600 1527/1527/1527 1531/1531/1531
f 1531/1531/1531 1601/1601/1601 1600/1600/1600
f 1601/1601/1601 1531/1531/1531 1534/1534/1534
f 1534/1534/1534 1602/1602/1602 1601/1601/1601
f 1534/1534/1534 1603/1603/1603 1602/1602/1602
f 1540/1540/1540 1604/1604/1604 1603/1603/1603
f 1604/1604/1604 1541/1541/1541 1539/1539/1539
f 1540/1540/1540 1541/1541/1541 1604/1604/1604
f 1534/1534/1534 1540/1540/1540 1603/1603/1603
f 1603/1603/1603 1606/1606/1606 1605/1605/1605
f 1606/1606/1606 1604/1604/1604 1539/1539/1539
f 1603/1603/1603 1604/1604/1604 1606/1606/1606
f 1602/1602/1602 1603/1603/1603 1605/1605/1605
f 1607/1607/1607 1606/1606/1606 1539/1539/1539
f 1605/1605/1605 1606/1606/1606 1607/1607/1607
f 1543/1543/1543 1607/1607/1607 1539/1539/1539
f 1608/1608/1608 1607/1607/1607 1543/1543/1543
f 1605/1605/1605 1607/1607/1607 1608/1608/1608
f 1543/1543/1543 1609/1609/1609 1608/1608/1608
f 1609/1609/1609 1546/1546/1546 1545/1545/1545
f 1543/1543/1543 1546/1546/1546 1609/1609/1609
f 1610/1610/1610 1609/1609/1609 1545/1545/1545
f 1608/1608/1608 1609/1609/1609 1610/1610/1610
f 1611/1611/1611 1612/1612/1612 1547/1547/1547
f 1613/1613/1613 1612/1612/1612 1611/1611/1611
f 1548/1548/1548 1611/1611/1611 1547/1547/1547
f 1614/1614/1614 1615/1615/1615 1611/1611/1611
f 1616/1616/1616 1615/1615/1615 1614/1614/1614
f 1548/1548/1548 1614/1614/1614 1611/1611/1611
f 1611/1611/1611 1617/1617/1617 1613/1613/1613
f 1615/1615/1615 1618/1618/1618 1617/1617/1617
f 1616/1616/1616 1618/1618/1618 1615/1615/1615
f 1611/1611/1611 1615/1615/1615 1617/1617/1617
f 1619/1619/1619 1614/1614/1614 1548/1548/1548
f 1616/1616/1616 1614/1614/1614 1619/1619/1619
f 1619/1619/1619 1551/1551/1551 1550/1550/1550
f 1548/1548/1548 1551/1551/1551 1619/1619/1619
f 1620/1620/1620 1619/1619/1619 1550/1550/1550
f 1616/1616/1616 1619/1619/1619 1620/1620/1620
f 1620/1620/1620 1550/1550/1550 1554/1554/1554
f 1554/1554/1554 1621/1621/1621 1620/1620/1620
f 1554/1554/1554 1622/1622/1622 1621/1621/1621
f 1622/1622/1622 1559/1559/1559 1558/1558/1558
f 1554/1554/1554 1559/1559/1559 1622/1622/1622
f 1623/1623/1623 1622/1622/1622 1558/1558/1558
f 1621/1621/1621 1622/1622/1622 1623/1623/1623
f 1558/1558/1558 1624/1624/1624 1623/1623/1623
f 1560/1560/1560 1624/1624/1624 1558/1558/1558
f 1625/1625/1625 1624/1624/1624 1560/1560/1560
f 1623/1623/1623 1624/1624/1624 1625/1625/1625
f 1625/1625/1625 1560/1560/1560 1561/1561/1561
f 1561/1561/1561 1626/1626/1626 1625/1625/1625
f 1626/1626/1626 1561/1561/1561 1562/1562/1562
f 1562/1562/1562 1627/1627/1627 1626/1626/1626
f 1627/1627/1627 1562/1562/1562 1563/1563/1563
f 1563/1563/1563 1628/1628/1628 1627/1627/1627
f 1628/1628/1628 1563/1563/1563 1564/1564/1564
f 1564/1564/1564 1629/1629/1629 1628/1628/1628
f 1564/1564/1564 1630/1630/1630 1629/1629/1629
f 1565/1565/1565 1630/1630/1630 1564/1564/1564
f 1630/1630/1630 1632/1632/1632 1631/1631/1631
f 1565/1565/1565 1632/1632/1632 1630/1630/1630
f 1630/1630/1630 1633/1633/1633 1629/1629/1629
f 1631/1631/1631 1633/1633/1633 1630/1630/1630
f 1634/1634/1634 1632/1632/1632 1565/1565/1565
f 1631/1631/1631 1632/1632/1632 1634/1634/1634
f 1566/1566/1566 1634/1634/1634 1565/1565/1565
f 1635/1635/1635 1634/1634/1634 1566/1566/1566
f 1631/1631/1631 1634/1634/1634 1635/1635/1635
f 1635/1635/1635 1566/1566/1566 1568/1568/1568
f 1568/1568/1568 1636/1636/1636 1635/1635/1635
f 1568/1568/1568 1637/1637/1637 1636/1636/1636
f 1578/1578/1578 1638/1638/1638 1637/1637/1637
f 1638/1638/1638 1580/1580/1580 1577/1577/1577
f 1578/1578/1578 1580/1580/1580 1638/1638/1638
f 1568/1568/1568 1578/1578/1578 1637/1637/1637
f 1637/1637/1637 1640/1640/1640 1639/1639/1639
f 1640/1640/1640 1638/1638/1638 1577/1577/1577
f 1637/1637/1637 1638/1638/1638 1640/1640/1640
f 1636/1636/1636 1637/1637/1637 1639/1639/1639
f 1641/1641/1641 1640/1640/1640 1577/1577/1577
f 1639/1639/1639 1640/1640/1640 1641/1641/1641
f 1584/1584/1584 1641/1641/1641 1577/1577/1577
f 1642/1642/1642 1641/1641/1641 1584/1584/1584
f 1639/1639/1639 1641/1641/1641 1642/1642/1642
f 1642/1642/1642 1584/1584/1584 1585/1585/1585
f 1585/1585/1585 1643/1643/1643 1642/1642/1642
f 1643/1643/1643 1585/1585/1585 1586/1586/1586
f 1586/1586/1586 1644/1644/1644 1643/1643/1643
f 1644/1644/1644 1586/1586/1586 1587/1587/1587
f 1587/1587/1587 1645/1645/1645 1644/1644/1644
f 1587/1587/1587 1646/1646/1646 1645/1645/1645
f 1589/1589/1589 1646/1646/1646 1587/1587/1587
f 1646/1646/1646 1648/1648/1648 1647/1647/1647
f 1589/1589/1589 1648/1648/1648 1646/1646/1646
f 1645/1645/1645 1646/1646/1646 1647/1647/1647
f 1649/1649/1649 1648/1648/1648 1589/1589/1589
f 1647/1647/1647 1648/1648/1648 1649/1649/1649
f 1590/1590/1590 1649/1649/1649 1589/1589/1589
f 1650/1650/1650 1649/1649/1649 1590/1590/1590
f 1647/1647/1647 1649/1649/1649 1650/1650/1650
f 1650/1650/1650 1590/1590/1590 1591/1591/1591
f 1591/1591/1591 1651/1651/1651 1650/1650/1650
f 1651/1651/1651 1591/1591/1591 1592/1592/1592
f 1592/1592/1592 1652/1652/1652 1651/1651/1651
f 1652/1652/1652 1592/1592/1592 1593/1593/1593
f 1593/1593/1593 1653/1653/1653 1652/1652/1652
f 1653/1653/1653 1593/1593/1593 1594/1594/1594
f 1594/1594/1594 1654/1654/1654 1653/1653/1653
f 1654/1654/1654 1594/1594/1594 1596/1596/1596
f 1596/1596/1596 1655/1655/1655 1654/1654/1654
f 1655/1655/1655 1596/1596/1596 1597/1597/1597
f 1597/1597/1597 1656/1656/1656 1655/1655/1655
f 1656/1656/1656 1597/1597/1597 1598/1598/1598
f 1598/1598/1598 1657/1657/1657 1656/1656/1656
f 1657/1657/1657 1598/1598/1598 1600/1600/1600
f 1600/1600/1600 1658/1658/1658 1657/1657/1657
f 1658/1658/1658 1600/1600/1600 1601/1601/1601
f 1601/1601/1601 1659/1659/1659 1658/1658/1658
f 1659/1659/1659 1601/1601/1601 1602/1602/1602
f 1602/1602/1602 1660/1660/1660 1659/1659/1659
f 1602/1602/1602 1661/1661/1661 1660/1660/1660
f 1605/1605/1605 1661/1661/1661 1602/1602/1602
f 1662/1662/1662 1661/1661/1661 1605/1605/1605
f 1661/1661/1661 1663/1663/1663 1660/1660/1660
f 1662/1662/1662 1663/1663/1663 1661/1661/1661
f 1662/1662/1662 1605/1605/1605 1608/1608/1608
f 1608/1608/1608 1664/1664/1664 1662/1662/1662
f 1664/1664/1664 1608/1608/1608 1610/1610/1610
f 1610/1610/1610 1665/1665/1665 1664/1664/1664
f 1613/1613/1613 1667/1667/1667 1666/1666/1666
f 1617/1617/1617 1668/1668/1668 1667/1667/1667
f 1668/1668/1668 1618/1618/1618 1616/1616/1616
f 1617/1617/1617 1618/1618/1618 1668/1668/1668
f 1613/1613/1613 1617/1617/1617 1667/1667/1667
f 1667/1667/1667 1670/1670/1670 1669/1669/1669
f 1670/1670/1670 1668/1668/1668 1616/1616/1616
f 1667/1667/1667 1668/1668/1668 1670/1670/1670
f 1666/1666/1666 1667/1667/1667 1669/1669/1669
f 1671/1671/1671 1670/1670/1670 1616/1616/1616
f 1669/1669/1669 1670/1670/1670 1671/1671/1671
f 1620/1620/1620 1671/1671/1671 1616/1616/1616
f 1672/1672/1672 1671/1671/1671 1620/1620/1620
f 1669/1669/1669 1671/1671/1671 1672/1672/1672
f 1672/1672/1672 1620/1620/1620 1621/1621/1621
f 1621/1621/1621 1673/1673/1673 1672/1672/1672
f 1673/1673/1673 1621/1621/1621 1623/1623/1623
f 1623/1623/1623 1674/1674/1674 1673/1673/1673
f 1674/1674/1674 1623/1623/1623 1625/1625/1625
f 1625/1625/1625 1675/1675/1675 1674/1674/1674
f 1675/1675/1675 1625/1625/1625 1626/1626/1626
f 1626/1626/1626 1676/1676/1676 1675/1675/1675
f 1676/1676/1676 1626/1626/1626 1627/1627/1627
f 1627/1627/1627 1677/1677/1677 1676/1676/1676
f 1627/1627/1627 1678/1678/1678 1677/1677/1677
f 1628/1628/1628 1678/1678/1678 1627/1627/1627
f 1679/1679/1679 1678/1678/1678 1628/1628/1628
f 1677/1677/1677 1678/1678/1678 1679/1679/1679
f 1679/1679/1679 1628/1628/1628 1629/1629/1629
f 1629/1629/1629 1680/1680/1680 1679/1679/1679
f 1629/1629/1629 1681/1681/1681 1680/1680/1680
f 1633/1633/1633 1682/1682/1682 1681/1681/1681
f 1631/1631/1631 1682/1682/1682 1633/1633/1633
f 1629/1629/1629 1633/1633/1633 1681/1681/1681
f 1681/1681/1681 1684/1684/1684 1683/1683/1683
f 1684/1684/1684 1682/1682/1682 1631/1631/1631
f 1681/1681/1681 1682/1682/1682 1684/1684/1684
f 1680/1680/1680 1681/1681/1681 1683/1683/1683
f 1685/1685/1685 1684/1684/1684 1631/1631/1631
f 1683/1683/1683 1684/1684/1684 1685/1685/1685
f 1635/1635/1635 1685/1685/1685 1631/1631/1631
f 1686/1686/1686 1685/1685/1685 1635/1635/1635
f 1683/1683/1683 1685/1685/1685 1686/1686/1686
f 1686/1686/1686 1635/1635/1635 1636/1636/1636
f 1636/1636/1636 1687/1687/1687 1686/1686/1686
f 1687/1687/1687 1636/1636/1636 1639/1639/1639
f 1639/1639/1639 1688/1688/1688 1687/1687/1687
f 1688/1688/1688 1639/1639/1639 1642/1642/1642
f 1642/1642/1642 1689/1689/1689 1688/1688/1688
f 1689/1689/1689 1642/1642/1642 1643/1643/1643
f 1643/1643/1643 1690/1690/1690 1689/1689/1689
f 1690/1690/1690 1643/1643/1643 1644/1644/1644
f 1644/1644/1644 1691/1691/1691 1690/1690/1690
f 1691/1691/1691 1644/1644/1644 1645/1645/1645
f 1645/1645/1645 1692/1692/1692 1691/1691/1691
f 1692/1692/1692 1645/1645/1645 1647/1647/1647
f 1647/1647/1647 1693/1693/1693 1692/1692/1692
f 1693/1693/1693 1647/1647/1647 1650/1650/1650
f 1650/1650/1650 1694/1694/1694 1693/1693/1693
f 1694/1694/1694 1650/1650/1650 1651/1651/1651
f 1651/1651/1651 1695/1695/1695 1694/1694/1694
f 1695/1695/1695 1651/1651/1651 1652/1652/1652
f 1652/1652/1652 1696/1696/1696 1695/1695/1695
f 1696/1696/1696 1652/1652/1652 1653/1653/1653
f 1653/1653/1653 1697/1697/1697 1696/1696/1696
f 1697/1697/1697 1653/1653/1653 1654/1654/1654
f 1654/1654/1654 1698/1698/1698 1697/1697/1697
f 1654/1654/1654 1699/1699/1699 1698/1698/1698
f 1655/1655/1655 1699/1699/1699 1654/1654/1654
f 1700/1700/1700 1699/1699/1699 1655/1655/1655
f 1699/1699/1699 1701/1701/1701 1698/1698/1698
f 1700/1700/1700 1701/1701/1701 1699/1699/1699
f 1700/1700/1700 1655/1655/1655 1656/1656/1656
f 1656/1656/1656 1702/1702/1702 1700/1700/1700
f 1702/1702/1702 1656/1656/1656 1657/1657/1657
f 1657/1657/1657 1703/1703/1703 1702/1702/1702
f 1703/1703/1703 1657/1657/1657 1658/1658/1658
f 1658/1658/1658 1704/1704/1704 1703/1703/1703
f 1704/1704/1704 1658/1658/1658 1659/1659/1659
f 1659/1659/1659 1705/1705/1705 1704/1704/1704
f 1659/1659/1659 1706/1706/1706 1705/1705/1705
f 1660/1660/1660 1706/1706/1706 1659/1659/1659
f 1706/1706/1706 1708/1708/1708 1707/1707/1707
f 1660/1660/1660 1708/1708/1708 1706/1706/1706
f 1705/1705/1705 1706/1706/1706 1707/1707/1707
f 1709/1709/1709 1710/1710/1710 1708/1708/1708
f 1711/1711/1711 1710/1710/1710 1709/1709/1709
f 1660/1660/1660 1709/1709/1709 1708/1708/1708
f 1708/1708/1708 1712/1712/1712 1707/1707/1707
f 1712/1712/1712 1710/1710/1710 1711/1711/1711
f 1708/1708/1708 1710/1710/1710 1712/1712/1712
f 1711/1711/1711 1663/1663/1663 1662/1662/1662
f 1663/1663/1663 1709/1709/1709 1660/1660/1660
f 1711/1711/1711 1709/1709/1709 1663/1663/1663
f 1713/1713/1713 1711/1711/1711 1662/1662/1662
f 1714/1714/1714 1712/1712/1712 1711/1711/1711
f 1707/1707/1707 1712/1712/1712 1714/1714/1714
f 1713/1713/1713 1714/1714/1714 1711/1711/1711
f 1662/1662/1662 1715/1715/1715 1713/1713/1713
f 1664/1664/1664 1715/1715/1715 1662/1662/1662
f 1716/1716/1716 1715/1715/1715 1664/1664/1664
f 1715/1715/1715 1717/1717/1717 1713/1713/1713
f 1716/1716/1716 1717/1717/1717 1715/1715/1715
f 1664/1664/1664 1718/1718/1718 1716/1716/1716
f 1665/1665/1665 1718/1718/1718 1664/1664/1664
f 1719/1719/1719 1718/1718/1718 1665/1665/1665
f 1718/1718/1718 1720/1720/1720 1716/1716/1716
f 1719/1719/1719 1720/1720/1720 1718/1718/1718
f 1721/1721/1721 1666/1666/1666 1669/1669/1669
f 1669/1669/1669 1722/1722/1722 1721/1721/1721
f 1722/1722/1722 1669/1669/1669 1672/1672/1672
f 1672/1672/1672 1723/1723/1723 1722/1722/1722
f 1723/1723/1723 1672/1672/1672 1673/1673/1673
f 1673/1673/1673 1724/1724/1724 1723/1723/1723
f 1724/1724/1724 1673/1673/1673 1674/1674/1674
f 1674/1674/1674 1725/1725/1725 1724/1724/1724
f 1725/1725/1725 1674/1674/1674 1675/1675/1675
f 1675/1675/1675 1726/1726/1726 1725/1725/1725
f 1726/1726/1726 1675/1675/1675 1676/1676/1676
f 1676/1676/1676 1727/1727/1727 1726/1726/1726
f 1727/1727/1727 1676/1676/1676 1677/1677/1677
f 1677/1677/1677 1728/1728/1728 1727/1727/1727
f 1677/1677/1677 1729/1729/1729 1728/1728/1728
f 1679/1679/1679 1729/1729/1729 1677/1677/1677
f 1730/1730/1730 1729/1729/1729 1679/1679/1679
f 1728/1728/1728 1729/1729/1729 1730/1730/1730
f 1730/1730/1730 1679/1679/1679 1680/1680/1680
f 1680/1680/1680 1731/1731/1731 1730/1730/1730
f 1731/1731/1731 1680/1680/1680 1683/1683/1683
f 1683/1683/1683 1732/1732/1732 1731/1731/1731
f 1732/1732/1732 1683/1683/1683 1686/1686/1686
f 1686/1686/1686 1733/1733/1733 1732/1732/1732
f 1733/1733/1733 1686/1686/1686 1687/1687/1687
f 1687/1687/1687 1734/1734/1734 1733/1733/1733
f 1734/1734/1734 1687/1687/1687 1688/1688/1688
f 1688/1688/1688 1735/1735/1735 1734/1734/1734
f 1735/1735/1735 1688/1688/1688 1689/1689/1689
f 1689/1689/1689 1736/1736/1736 1735/1735/1735
f 1689/1689/1689 1737/1737/1737 1736/1736/1736
f 1690/1690/1690 1737/1737/1737 1689/1689/1689
f 1738/1738/1738 1737/1737/1737 1690/1690/1690
f 1737/1737/1737 1739/1739/1739 1736/1736/1736
f 1738/1738/1738 1739/1739/1739 1737/1737/1737
f 1738/1738/1738 1690/1690/1690 1691/1691/1691
f 1691/1691/1691 1740/1740/1740 1738/1738/1738
f 1740/1740/1740 1691/1691/1691 1692/1692/1692
f 1692/1692/1692 1741/1741/1741 1740/1740/1740
f 1741/1741/1741 1692/1692/1692 1693/1693/1693
f 1693/1693/1693 1742/1742/1742 1741/1741/1741
f 1693/1693/1693 1743/1743/1743 1742/1742/1742
f 1694/1694/1694 1743/1743/1743 1693/1693/1693
f 1744/1744/1744 1743/1743/1743 1694/1694/1694
f 1742/1742/1742 1743/1743/1743 1744/1744/1744
f 1744/1744/1744 1694/1694/1694 1695/1695/1695
f 1695/1695/1695 1745/1745/1745 1744/1744/1744
f 1745/1745/1745 1695/1695/1695 1696/1696/1696
f 1696/1696/1696 1746/1746/1746 1745/1745/1745
f 1746/1746/1746 1696/1696/1696 1697/1697/1697
f 1697/1697/1697 1747/1747/1747 1746/1746/1746
f 1697/1697/1697 1748/1748/1748 1747/1747/1747
f 1698/1698/1698 1748/1748/1748 1697/1697/1697
f 1748/1748/1748 1750/1750/1750 1749/1749/1749
f 1698/1698/1698 1750/1750/1750 1748/1748/1748
f 1747/1747/1747 1748/1748/1748 1749/1749/1749
f 1751/1751/1751 1752/1752/1752 1750/1750/1750
f 1753/1753/1753 1752/1752/1752 1751/1751/1751
f 1698/1698/1698 1751/1751/1751 1750/1750/1750
f 1750/1750/1750 1754/1754/1754 1749/1749/1749
f 1754/1754/1754 1752/1752/1752 1753/1753/1753
f 1750/1750/1750 1752/1752/1752 1754/1754/1754
f 1753/1753/1753 1701/1701/1701 1700/1700/1700
f 1701/1701/1701 1751/1751/1751 1698/1698/1698
f 1753/1753/1753 1751/1751/1751 1701/1701/1701
f 1755/1755/1755 1753/1753/1753 1700/1700/1700
f 1756/1756/1756 1754/1754/1754 1753/1753/1753
f 1749/1749/1749 1754/1754/1754 1756/1756/1756
f 1755/1755/1755 1756/1756/1756 1753/1753/1753
f 1700/1700/1700 1757/1757/1757 1755/1755/1755
f 1702/1702/1702 1757/1757/1757 1700/1700/1700
f 1758/1758/1758 1757/1757/1757 1702/1702/1702
f 1757/1757/1757 1759/1759/1759 1755/1755/1755
f 1758/1758/1758 1759/1759/1759 1757/1757/1757
f 1758/1758/1758 1702/1702/1702 1703/1703/1703
f 1703/1703/1703 1760/1760/1760 1758/1758/1758
f 1703/1703/1703 1761/1761/1761 1760/1760/1760
f 1704/1704/1704 1761/1761/1761 1703/1703/1703
f 1762/1762/1762 1761/1761/1761 1704/1704/1704
f 1761/1761/1761 1763/1763/1763 1760/1760/1760
f 1762/1762/1762 1763/1763/1763 1761/1761/1761
f 1704/1704/1704 1764/1764/1764 1762/1762/1762
f 1705/1705/1705 1764/1764/1764 1704/1704/1704
f 1764/1764/1764 1766/1766/1766 1765/1765/1765
f 1705/1705/1705 1766/1766/1766 1764/1764/1764
f 1762/1762/1762 1764/1764/1764 1765/1765/1765
f 1767/1767/1767 1766/1766/1766 1705/1705/1705
f 1766/1766/1766 1768/1768/1768 1765/1765/1765
f 1767/1767/1767 1768/1768/1768 1766/1766/1766
f 1707/1707/1707 1767/1767/1767 1705/1705/1705
f 1769/1769/1769 1767/1767/1767 1707/1707/1707
f 1770/1770/1770 1768/1768/1768 1767/1767/1767
f 1768/1768/1768 1771/1771/1771 1765/1765/1765
f 1770/1770/1770 1771/1771/1771 1768/1768/1768
f 1769/1769/1769 1770/1770/1770 1767/1767/1767
f 1707/1707/1707 1772/1772/1772 1769/1769/1769
f 1772/1772/1772 1714/1714/1714 1713/1713/1713
f 1707/1707/1707 1714/1714/1714 1772/1772/1772
f 1773/1773/1773 1772/1772/1772 1713/1713/1713
f 1772/1772/1772 1774/1774/1774 1769/1769/1769
f 1773/1773/1773 1774/1774/1774 1772/1772/1772
f 1713/1713/1713 1775/1775/1775 1773/1773/1773
f 1717/1717/1717 1776/1776/1776 1775/1775/1775
f 1716/1716/1716 1776/1776/1776 1717/1717/1717
f 1713/1713/1713 1717/1717/1717 1775/1775/1775
f 1775/1775/1775 1778/1778/1778 1777/1777/1777
f 1778/1778/1778 1776/1776/1776 1716/1716/1716
f 1775/1775/1775 1776/1776/1776 1778/1778/1778
f 1773/1773/1773 1775/1775/1775 1777/1777/1777
f 1779/1779/1779 1780/1780/1780 1778/1778/1778
f 1781/1781/1781 1780/1780/1780 1779/1779/1779
f 1716/1716/1716 1779/1779/1779 1778/1778/1778
f 1778/1778/1778 1782/1782/1782 1777/1777/1777
f 1780/1780/1780 1783/1783/1783 1782/1782/1782
f 1781/1781/1781 1783/1783/1783 1780/1780/1780
f 1778/1778/1778 1780/1780/1780 1782/1782/1782
f 1781/1781/1781 1720/1720/1720 1719/1719/1719
f 1720/1720/1720 1779/1779/1779 1716/1716/1716
f 1781/1781/1781 1779/1779/1779 1720/1720/1720
f 1784/1784/1784 1785/1785/1785 1781/1781/1781
f 1786/1786/1786 1785/1785/1785 1784/1784/1784
f 1719/1719/1719 1784/1784/1784 1781/1781/1781
f 1782/1782/1782 1788/1788/1788 1787/1787/1787
f 1788/1788/1788 1783/1783/1783 1781/1781/1781
f 1782/1782/1782 1783/1783/1783 1788/1788/1788
f 1777/1777/1777 1782/1782/1782 1787/1787/1787
f 1787/1787/1787 1785/1785/1785 1786/1786/1786
f 1785/1785/1785 1788/1788/1788 1781/1781/1781
f 1787/1787/1787 1788/1788/1788 1785/1785/1785
f 1789/1789/1789 1721/1721/1721 1722/1722/1722
f 1722/1722/1722 1790/1790/1790 1789/1789/1789
f 1790/1790/1790 1722/1722/1722 1723/1723/1723
f 1723/1723/1723 1791/1791/1791 1790/1790/1790
f 1791/1791/1791 1723/1723/1723 1724/1724/1724
f 1724/1724/1724 1792/1792/1792 1791/1791/1791
f 1792/1792/1792 1724/1724/1724 1725/1725/1725
f 1725/1725/1725 1793/1793/1793 1792/1792/1792
f 1793/1793/1793 1725/1725/1725 1726/1726/1726
f 1726/1726/1726 1794/1794/1794 1793/1793/1793
f 1794/1794/1794 1726/1726/1726 1727/1727/1727
f 1727/1727/1727 1795/1795/1795 1794/1794/1794
f 1727/1727/1727 1796/1796/1796 1795/1795/1795
f 1728/1728/1728 1796/1796/1796 1727/1727/1727
f 1797/1797/1797 1798/1798/1798 1796/1796/1796
f 1799/1799/1799 1798/1798/1798 1797/1797/1797
f 1728/1728/1728 1797/1797/1797 1796/1796/1796
f 1796/1796/1796 1800/1800/1800 1795/1795/1795
f 1798/1798/1798 1801/1801/1801 1800/1800/1800
f 1799/1799/1799 1801/1801/1801 1798/1798/1798
f 1796/1796/1796 1798/1798/1798 1800/1800/1800
f 1802/1802/1802 1797/1797/1797 1728/1728/1728
f 1799/1799/1799 1797/1797/1797 1802/1802/1802
f 1730/1730/1730 1802/1802/1802 1728/1728/1728
f 1803/1803/1803 1802/1802/1802 1730/1730/1730
f 1802/1802/1802 1804/1804/1804 1799/1799/1799
f 1803/1803/1803 1804/1804/1804 1802/1802/1802
f 1803/1803/1803 1730/1730/1730 1731/1731/1731
f 1731/1731/1731 1805/1805/1805 1803/1803/1803
f 1805/1805/1805 1731/1731/1731 1732/1732/1732
f 1732/1732/1732 1806/1806/1806 1805/1805/1805
f 1806/1806/1806 1732/1732/1732 1733/1733/1733
f 1733/1733/1733 1807/1807/1807 1806/1806/1806
f 1807/1807/1807 1733/1733/1733 1734/1734/1734
f 1734/1734/1734 1808/1808/1808 1807/1807/1807
f 1808/1808/1808 1734/1734/1734 1735/1735/1735
f 1735/1735/1735 1809/1809/1809 1808/1808/1808
f 1809/1809/1809 1735/1735/1735 1736/1736/1736
f 1736/1736/1736 1810/1810/1810 1809/1809/1809
f 1736/1736/1736 1811/1811/1811 1810/1810/1810
f 1811/1811/1811 1739/1739/1739 1738/1738/1738
f 1736/1736/1736 1739/1739/1739 1811/1811/1811
f 1811/1811/1811 1813/1813/1813 1812/1812/1812
f 1738/1738/1738 1813/1813/1813 1811/1811/1811
f 1810/1810/1810 1811/1811/1811 1812/1812/1812
f 1814/1814/1814 1813/1813/1813 1738/1738/1738
f 1812/1812/1812 1813/1813/1813 1814/1814/1814
f 1740/1740/1740 1814/1814/1814 1738/1738/1738
f 1815/1815/1815 1814/1814/1814 1740/1740/1740
f 1812/1812/1812 1814/1814/1814 1815/1815/1815
f 1815/1815/1815 1740/1740/1740 1741/1741/1741
f 1741/1741/1741 1816/1816/1816 1815/1815/1815
f 1816/1816/1816 1741/1741/1741 1742/1742/1742
f 1742/1742/1742 1817/1817/1817 1816/1816/1816
f 1817/1817/1817 1742/1742/1742 1744/1744/1744
f 1744/1744/1744 1818/1818/1818 1817/1817/1817
f 1818/1818/1818 1744/1744/1744 1745/1745/1745
f 1745/1745/1745 1819/1819/1819 1818/1818/1818
f 1819/1819/1819 1745/1745/1745 1746/1746/1746
f 1746/1746/1746 1820/1820/1820 1819/1819/1819
f 1820/1820/1820 1746/1746/1746 1747/1747/1747
f 1747/1747/1747 1821/1821/1821 1820/1820/1820
f 1821/1821/1821 1747/1747/1747 1749/1749/1749
f 1749/1749/1749 1822/1822/1822 1821/1821/1821
f 1749/1749/1749 1823/1823/1823 1822/1822/1822
f 1823/1823/1823 1756/1756/1756 1755/1755/1755
f 1749/1749/1749 1756/1756/1756 1823/1823/1823
f 1824/1824/1824 1823/1823/1823 1755/1755/1755
f 1822/1822/1822 1823/1823/1823 1824/1824/1824
f 1755/1755/1755 1825/1825/1825 1824/1824/1824
f 1825/1825/1825 1759/1759/1759 1758/1758/1758
f 1755/1755/1755 1759/1759/1759 1825/1825/1825
f 1826/1826/1826 1825/1825/1825 1758/1758/1758
f 1824/1824/1824 1825/1825/1825 1826/1826/1826
f 1826/1826/1826 1758/1758/1758 1760/1760/1760
f 1760/1760/1760 1827/1827/1827 1826/1826/1826
f 1760/1760/1760 1828/1828/1828 1827/1827/1827
f 1828/1828/1828 1763/1763/1763 1762/1762/1762
f 1760/1760/1760 1763/1763/1763 1828/1828/1828
f 1829/1829/1829 1828/1828/1828 1762/1762/1762
f 1828/1828/1828 1830/1830/1830 1827/1827/1827
f 1829/1829/1829 1830/1830/1830 1828/1828/1828
f 1762/1762/1762 1831/1831/1831 1829/1829/1829
f 1765/1765/1765 1831/1831/1831 1762/1762/1762
f 1831/1831/1831 1833/1833/1833 1832/1832/1832
f 1765/1765/1765 1833/1833/1833 1831/1831/1831
f 1829/1829/1829 1831/1831/1831 1832/1832/1832
f 1833/1833/1833 1835/1835/1835 1834/1834/1834
f 1765/1765/1765 1835/1835/1835 1833/1833/1833
f 1832/1832/1832 1833/1833/1833 1834/1834/1834
f 1836/1836/1836 1837/1837/1837 1770/1770/1770
f 1834/1834/1834 1837/1837/1837 1836/1836/1836
f 1769/1769/1769 1836/1836/1836 1770/1770/1770
f 1771/1771/1771 1838/1838/1838 1835/1835/1835
f 1770/1770/1770 1838/1838/1838 1771/1771/1771
f 1765/1765/1765 1771/1771/1771 1835/1835/1835
f 1835/1835/1835 1837/1837/1837 1834/1834/1834
f 1837/1837/1837 1838/1838/1838 1770/1770/1770
f 1835/1835/1835 1838/1838/1838 1837/1837/1837
f 1834/1834/1834 1840/1840/1840 1839/1839/1839
f 1836/1836/1836 1841/1841/1841 1840/1840/1840
f 1769/1769/1769 1841/1841/1841 1836/1836/1836
f 1834/1834/1834 1836/1836/1836 1840/1840/1840
f 1832/1832/1832 1834/1834/1834 1839/1839/1839
f 1842/1842/1842 1844/1844/1844 1843/1843/1843
f 1840/1840/1840 1844/1844/1844 1842/1842/1842
f 1845/1845/1845 1842/1842/1842 1843/1843/1843
f 1843/1843/1843 1841/1841/1841 1769/1769/1769
f 1841/1841/1841 1844/1844/1844 1840/1840/1840
f 1843/1843/1843 1844/1844/1844 1841/1841/1841
f 1840/1840/1840 1846/1846/1846 1839/1839/1839
f 1846/1846/1846 1842/1842/1842 1845/1845/1845
f 1840/1840/1840 1842/1842/1842 1846/1846/1846
f 1845/1845/1845 1774/1774/1774 1773/1773/1773
f 1774/1774/1774 1843/1843/1843 1769/1769/1769
f 1845/1845/1845 1843/1843/1843 1774/1774/1774
f 1845/1845/1845 1848/1848/1848 1847/1847/1847
f 1773/1773/1773 1848/1848/1848 1845/1845/1845
f 1849/1849/1849 1846/1846/1846 1845/1845/1845
f 1839/1839/1839 1846/1846/1846 1849/1849/1849
f 1847/1847/1847 1849/1849/1849 1845/1845/1845
f 1850/1850/1850 1848/1848/1848 1773/1773/1773
f 1848/1848/1848 1851/1851/1851 1847/1847/1847
f 1850/1850/1850 1851/1851/1851 1848/1848/1848
f 1777/1777/1777 1850/1850/1850 1773/1773/1773
f 1852/1852/1852 1850/1850/1850 1777/1777/1777
f 1853/1853/1853 1851/1851/1851 1850/1850/1850
f 1847/1847/1847 1851/1851/1851 1853/1853/1853
f 1852/1852/1852 1853/1853/1853 1850/1850/1850
f 1777/1777/1777 1854/1854/1854 1852/1852/1852
f 1854/1854/1854 1787/1787/1787 1786/1786/1786
f 1777/1777/1777 1787/1787/1787 1854/1854/1854
f 1855/1855/1855 1854/1854/1854 1786/1786/1786
f 1852/1852/1852 1854/1854/1854 1855/1855/1855
