# L3DT terrain export, using atMeshDecimator
# 1796 vertices, 3437 polygons
mtllib Lava_Tile_x1y1.mtl
o terrain_o
v -3999.511719 131.683609 3997.558838
v -3874.526855 186.752609 3997.558838
v -3749.542236 134.854187 3997.558838
v -3624.557617 153.501160 3997.558838
v -3499.572754 141.433136 3997.558838
v -3374.587891 145.634155 3997.558838
v -3249.603271 142.820267 3997.558838
v -3124.618652 149.300140 3997.558838
v -2999.633789 126.392700 3997.558838
v -2874.648926 127.284424 3997.558838
v -2749.664307 134.695648 3997.558838
v -2624.679688 164.380219 3997.558838
v -2499.694824 149.498306 3997.558838
v -2374.709961 158.257034 3997.558838
v -2249.725342 109.945313 3997.558838
v -2124.740723 163.250687 3997.558838
v -1999.755737 152.034760 3997.558838
v -1874.770996 147.556320 3997.558838
v -1937.263672 153.164291 3997.558838
v -1749.786621 157.920151 3997.558838
v -1812.278809 113.234795 3997.558838
v -1624.801758 140.640488 3997.558838
v -1499.816895 138.163483 3997.558838
v -1374.832031 62.307350 3997.558838
v -1437.324707 88.841141 3997.558838
v -1249.847656 65.557198 3997.558838
v -1312.339844 62.307350 3997.558838
v -1124.862793 66.468735 3997.558838
v -1187.354980 66.369659 3997.558838
v -999.877930 82.797226 3997.558838
v -1062.370117 66.389473 3997.558838
v -874.893066 114.403946 3997.558838
v -749.908691 100.116516 3997.558838
v -624.923828 94.330208 3997.558838
v -499.938965 59.691624 3997.558838
v -374.954102 96.668510 3997.558838
v -249.969727 94.429291 3997.558838
v -312.461914 139.174103 3997.558838
v -124.984863 118.803123 3997.558838
v -187.477051 95.499359 3997.558838
v 0.000000 58.720631 3997.558838
v -62.492188 94.686897 3997.558838
v -3999.511719 182.908295 3872.573975
v -3874.526855 175.259262 3872.573975
v -3749.542236 137.668076 3872.573975
v -3687.049805 124.292191 3935.066406
v -3624.557617 167.431900 3872.573975
v -3687.049805 102.672798 3872.573975
v -3499.572754 152.708511 3872.573975
v -3374.587891 142.324860 3872.573975
v -3249.603271 151.935684 3872.573975
v -3124.618652 133.467056 3872.573975
v -2999.633789 123.935501 3872.573975
v -2874.648926 130.296478 3872.573975
v -2749.664307 120.527122 3872.573975
v -2624.679688 119.476875 3872.573975
v -2499.694824 126.333252 3872.573975
v -2374.709961 149.537933 3872.573975
v -2249.725342 129.999237 3872.573975
v -2124.740723 145.218018 3872.573975
v -1999.755737 136.082779 3872.573975
v -1937.263672 112.818657 3935.066406
v -1906.017090 119.100365 3966.312744
v -1874.770996 182.809204 3872.573975
v -1874.770996 153.045395 3935.066406
v -1874.770996 116.108131 3966.312744
v -1812.278809 168.838837 3935.066406
v -1843.524902 125.362259 3966.312744
v -1749.786621 159.981033 3872.573975
v -1624.801758 137.351013 3872.573975
v -1562.309082 138.282379 3935.066406
v -1499.816895 125.084831 3872.573975
v -1499.816895 101.067688 3935.066406
v -1437.324707 66.983955 3935.066406
v -1468.570801 130.653168 3903.820313
v -1374.832031 109.132851 3935.066406
v -1406.078125 127.700562 3903.820313
v -1374.832031 120.863998 3872.573975
v -1437.324707 120.764923 3872.573975
v -1437.324707 129.266037 3903.820313
v -1312.339844 122.706902 3935.066406
v -1281.093750 60.781509 3966.312744
v -1249.847656 118.743675 3872.573975
v -1249.847656 127.621300 3935.066406
v -1249.847656 62.763123 3966.312744
v -1187.354980 128.731003 3935.066406
v -1218.601074 61.118382 3966.312744
v -1156.108887 61.593971 3966.312744
v -1187.354980 63.892639 3966.312744
v -1124.862793 120.943268 3872.573975
v -1124.862793 127.997803 3935.066406
v -1124.862793 62.981098 3966.312744
v -1062.370117 62.465881 3935.066406
v -1093.616699 64.348412 3966.312744
v -1093.616699 128.651733 3903.820313
v -999.877930 79.666275 3872.573975
v -1062.370117 127.125893 3872.573975
v -874.893066 78.655655 3872.573975
v -749.908691 107.190872 3872.573975
v -624.923828 104.931839 3872.573975
v -499.938965 73.027878 3872.573975
v -374.954102 61.237278 3872.573975
v -312.461914 137.846420 3935.066406
v -249.969727 81.073219 3872.573975
v -312.461914 129.266037 3872.573975
v -187.477051 106.794548 3935.066406
v -156.230957 69.837479 3966.312744
v -156.230957 125.778397 3903.820313
v -124.984863 134.239883 3935.066406
v -156.230957 85.551666 3935.066406
v -124.984863 95.875870 3872.573975
v -187.477051 137.351013 3872.573975
v -62.492188 93.398849 3935.066406
v -93.738770 139.669510 3966.312744
v 0.000000 65.874252 3872.573975
v -3999.511719 178.192047 3747.589355
v -3874.526855 185.821259 3747.589355
v -3749.542236 137.846420 3747.589355
v -3687.049805 146.288086 3810.081787
v -3624.557617 137.767151 3747.589355
v -3499.572754 148.745285 3747.589355
v -3374.587891 139.193909 3747.589355
v -3249.603271 149.795547 3747.589355
v -3124.618652 136.439468 3747.589355
v -2999.633789 133.070740 3747.589355
v -2874.648926 133.823746 3747.589355
v -2749.664307 132.317719 3747.589355
v -2624.679688 127.006996 3747.589355
v -2499.694824 113.690559 3747.589355
v -2437.202637 130.276657 3810.081787
v -2374.709961 126.689941 3747.589355
v -2437.202637 159.069489 3747.589355
v -2249.725342 130.990036 3747.589355
v -2124.740723 136.637634 3747.589355
v -1999.755737 182.908295 3747.589355
v -1874.770996 164.241501 3747.589355
v -1749.786621 145.277466 3747.589355
v -1624.801758 126.353065 3747.589355
v -1499.816895 152.470718 3747.589355
v -1437.324707 141.036819 3810.081787
v -1374.832031 143.791260 3747.589355
v -1312.339844 139.035385 3810.081787
v -1249.847656 111.292809 3747.589355
v -1249.847656 149.676651 3810.081787
v -1187.354980 118.842758 3810.081787
v -1124.862793 123.321198 3747.589355
v -1062.370117 116.345924 3810.081787
v -999.877930 124.094032 3747.589355
v -937.385742 66.369659 3810.081787
v -874.893066 68.390900 3747.589355
v -937.385742 125.857666 3747.589355
v -749.908691 114.245415 3747.589355
v -624.923828 120.110985 3747.589355
v -499.938965 89.911209 3747.589355
v -374.954102 93.993332 3747.589355
v -312.461914 105.129997 3810.081787
v -281.215820 138.322006 3841.327881
v -249.969727 125.639687 3747.589355
v -249.969727 142.483398 3810.081787
v -187.477051 139.946930 3810.081787
v -124.984863 128.592285 3747.589355
v -187.477051 162.695847 3747.589355
v -62.492188 59.632175 3810.081787
v 0.000000 65.220322 3747.589355
v -3999.511719 117.297096 3622.604736
v -3937.019287 164.816162 3685.096924
v -3874.526855 166.639252 3622.604736
v -3937.019287 159.862137 3622.604736
v -3749.542236 124.153481 3622.604736
v -3687.049805 153.838028 3685.096924
v -3624.557617 116.682800 3622.604736
v -3687.049805 167.332809 3622.604736
v -3499.572754 145.673782 3622.604736
v -3374.587891 140.105453 3622.604736
v -3249.603271 140.184723 3622.604736
v -3124.618652 139.590240 3622.604736
v -2999.633789 137.073593 3622.604736
v -2874.648926 132.357346 3622.604736
v -2749.664307 118.545517 3622.604736
v -2624.679688 126.828651 3622.604736
v -2499.694824 125.758583 3622.604736
v -2437.202637 157.504013 3685.096924
v -2374.709961 123.717522 3622.604736
v -2249.725342 157.127502 3622.604736
v -2124.740723 109.331017 3622.604736
v -1999.755737 180.966309 3622.604736
v -1874.770996 165.014328 3622.604736
v -1749.786621 147.001465 3622.604736
v -1624.801758 161.209625 3622.604736
v -1499.816895 114.602104 3622.604736
v -1437.324707 110.955940 3685.096924
v -1374.832031 88.841141 3685.096924
v -1406.078125 68.291817 3653.850830
v -1374.832031 94.092415 3622.604736
v -1437.324707 67.360466 3622.604736
v -1312.339844 108.360023 3685.096924
v -1343.585938 65.259956 3653.850830
v -1249.847656 86.265045 3622.604736
v -1312.339844 69.401520 3622.604736
v -1187.354980 142.701370 3685.096924
v -1124.862793 146.030472 3622.604736
v -1062.370117 111.649506 3685.096924
v -999.877930 122.330391 3622.604736
v -1062.370117 114.364311 3622.604736
v -937.385742 120.130806 3685.096924
v -906.139160 129.365112 3716.343262
v -906.139160 124.866859 3653.850830
v -874.893066 68.509796 3685.096924
v -906.139160 129.761444 3685.096924
v -874.893066 123.182487 3622.604736
v -937.385742 118.109558 3622.604736
v -812.400879 68.945755 3685.096924
v -843.646973 62.148823 3653.850830
v -749.908691 112.263802 3622.604736
v -812.400879 65.477928 3622.604736
v -843.646973 61.177830 3622.604736
v -624.923828 78.853813 3622.604736
v -499.938965 104.198639 3622.604736
v -374.954102 88.841141 3622.604736
v -249.969727 111.847664 3622.604736
v -187.477051 167.015762 3685.096924
v -124.984863 131.743057 3622.604736
v -124.984863 153.065201 3685.096924
v -187.477051 154.036194 3622.604736
v -62.492188 127.185341 3685.096924
v -93.738770 167.233734 3653.850830
v 0.000000 133.169815 3622.604736
v -62.492188 166.064575 3622.604736
v -3999.511719 135.290146 3560.112305
v -3999.511719 131.604340 3497.619873
v -3937.019287 155.542221 3560.112305
v -3968.265625 127.363686 3591.358398
v -3905.773193 133.268890 3591.358398
v -3937.019287 123.380646 3591.358398
v -3874.526855 153.263367 3497.619873
v -3874.526855 163.290329 3560.112305
v -3937.019287 171.196960 3497.619873
v -3812.034668 168.224533 3560.112305
v -3749.542236 170.424133 3497.619873
v -3687.049805 169.472961 3560.112305
v -3624.557617 142.483398 3497.619873
v -3687.049805 138.757965 3497.619873
v -3499.572754 125.996376 3497.619873
v -3374.587891 146.466431 3497.619873
v -3249.603271 139.927109 3497.619873
v -3124.618652 143.890335 3497.619873
v -2999.633789 144.068680 3497.619873
v -2874.648926 137.251938 3497.619873
v -2749.664307 131.683609 3497.619873
v -2624.679688 150.647629 3497.619873
v -2499.694824 129.008423 3497.619873
v -2374.709961 129.900146 3497.619873
v -2249.725342 155.225159 3497.619873
v -2124.740723 144.920776 3497.619873
v -1999.755737 157.741806 3497.619873
v -1874.770996 140.006378 3497.619873
v -1749.786621 136.598007 3497.619873
v -1687.293945 131.663788 3560.112305
v -1624.801758 125.837845 3497.619873
v -1624.801758 122.548370 3560.112305
v -1687.293945 120.091171 3497.619873
v -1562.309082 115.176773 3560.112305
v -1593.555664 84.441963 3528.865967
v -1499.816895 79.269951 3560.112305
v -1531.062988 79.745544 3528.865967
v -1499.816895 113.710381 3497.619873
v -1562.309082 116.623352 3497.619873
v -1437.324707 70.848099 3560.112305
v -1374.832031 110.797409 3560.112305
v -1406.078125 110.777596 3528.865967
v -1374.832031 80.221130 3497.619873
v -1437.324707 111.015388 3497.619873
v -1312.339844 107.587196 3560.112305
v -1249.847656 73.126953 3560.112305
v -1281.093750 106.556755 3528.865967
v -1249.847656 70.035637 3497.619873
v -1249.847656 105.605583 3528.865967
v -1312.339844 66.072411 3497.619873
v -1187.354980 62.228085 3560.112305
v -1218.601074 94.032967 3528.865967
v -1124.862793 102.633163 3497.619873
v -1124.862793 114.522842 3560.112305
v -1187.354980 73.226036 3497.619873
v -1218.601074 106.120804 3497.619873
v -1093.616699 146.288086 3591.358398
v -1093.616699 147.001465 3560.112305
v -1062.370117 111.966560 3560.112305
v -1093.616699 133.942642 3528.865967
v -999.877930 103.723053 3497.619873
v -1062.370117 114.364311 3497.619873
v -937.385742 116.286476 3560.112305
v -874.893066 62.664040 3497.619873
v -874.893066 114.919167 3560.112305
v -937.385742 119.397606 3497.619873
v -812.400879 64.368225 3560.112305
v -843.646973 59.513275 3591.358398
v -749.908691 103.663605 3497.619873
v -687.416016 102.593536 3560.112305
v -624.923828 98.927551 3497.619873
v -624.923828 89.931030 3560.112305
v -562.431152 112.739388 3560.112305
v -593.677734 68.529617 3528.865967
v -499.938965 113.234795 3497.619873
v -562.431152 81.786598 3497.619873
v -374.954102 75.703049 3497.619873
v -249.969727 76.099373 3497.619873
v -187.477051 161.823929 3560.112305
v -156.230957 100.869530 3591.358398
v -124.984863 139.332626 3497.619873
v -124.984863 162.953445 3560.112305
v -62.492188 164.320770 3560.112305
v 0.000000 134.239883 3497.619873
v 0.000000 167.649872 3560.112305
v -62.492188 121.161240 3497.619873
v -3999.511719 144.920776 3372.635010
v -3999.511719 144.068680 3435.127441
v -3937.019287 143.731812 3435.127441
v -3968.265625 173.039856 3466.373779
v -3874.526855 137.727524 3372.635010
v -3812.034668 143.097687 3435.127441
v -3749.542236 130.217209 3372.635010
v -3749.542236 141.294418 3435.127441
v -3687.049805 142.225784 3435.127441
v -3718.296143 121.161240 3466.373779
v -3624.557617 132.297897 3372.635010
v -3499.572754 132.753677 3372.635010
v -3374.587891 165.232300 3372.635010
v -3249.603271 136.122421 3372.635010
v -3124.618652 150.588181 3372.635010
v -2999.633789 123.955315 3372.635010
v -2874.648926 140.065826 3372.635010
v -2749.664307 137.767151 3372.635010
v -2624.679688 118.882385 3372.635010
v -2562.187012 147.060913 3435.127441
v -2499.694824 117.316917 3372.635010
v -2562.187012 156.354675 3372.635010
v -2437.202637 122.052971 3435.127441
v -2374.709961 108.082596 3372.635010
v -2374.709961 126.630493 3435.127441
v -2312.217773 127.878906 3435.127441
v -2343.463867 120.269516 3403.881348
v -2249.725342 116.484634 3372.635010
v -2312.217773 127.224976 3372.635010
v -2343.463867 154.749573 3372.635010
v -2187.232910 131.168381 3435.127441
v -2124.740723 119.060730 3372.635010
v -2187.232910 157.286041 3372.635010
v -2062.248047 156.097076 3435.127441
v -1999.755737 124.034584 3372.635010
v -2062.248047 111.114464 3372.635010
v -1874.770996 113.115898 3372.635010
v -1812.278809 142.463577 3435.127441
v -1749.786621 102.831329 3435.127441
v -1781.032715 96.192924 3403.881348
v -1749.786621 143.830887 3372.635010
v -1812.278809 143.038239 3372.635010
v -1718.540039 123.776970 3466.373779
v -1718.540039 137.053772 3435.127441
v -1687.293945 98.947365 3435.127441
v -1718.540039 142.939163 3403.881348
v -1624.801758 82.202744 3372.635010
v -1687.293945 108.161865 3372.635010
v -1562.309082 88.702431 3435.127441
v -1499.816895 80.141861 3372.635010
v -1437.324707 83.926743 3435.127441
v -1374.832031 72.869347 3372.635010
v -1312.339844 73.562912 3435.127441
v -1249.847656 67.935127 3372.635010
v -1249.847656 74.315926 3435.127441
v -1187.354980 64.606018 3435.127441
v -1218.601074 85.947990 3466.373779
v -1156.108887 93.933884 3466.373779
v -1187.354980 105.407425 3466.373779
v -1124.862793 70.055458 3372.635010
v -1124.862793 99.244606 3435.127441
v -1124.862793 92.031540 3466.373779
v -1093.616699 67.003769 3435.127441
v -1093.616699 112.679939 3466.373779
v -1109.239746 71.918175 3450.750732
v -1062.370117 112.026009 3435.127441
v -1093.616699 98.412331 3403.881348
v -1077.993164 64.407860 3419.504395
v -999.877930 103.207832 3435.127441
v -1031.124023 104.456245 3403.881348
v -999.877930 122.310577 3372.635010
v -1062.370117 103.881584 3372.635010
v -1062.370117 61.990292 3403.881348
v -1031.124023 70.392326 3372.635010
v -1046.747070 69.223175 3388.258301
v -937.385742 117.495262 3435.127441
v -906.139160 123.360832 3466.373779
v -874.893066 118.248268 3372.635010
v -874.893066 88.385368 3435.127441
v -812.400879 58.502655 3435.127441
v -749.908691 115.513649 3372.635010
v -749.908691 66.330025 3435.127441
v -687.416016 82.975571 3435.127441
v -718.662109 60.781509 3403.881348
v -624.923828 64.606018 3372.635010
v -687.416016 65.557198 3372.635010
v -562.431152 101.047874 3435.127441
v -499.938965 89.613968 3372.635010
v -437.446777 115.731621 3435.127441
v -374.954102 101.028061 3372.635010
v -249.969727 76.931648 3372.635010
v -187.477051 83.649315 3435.127441
v -124.984863 81.885681 3372.635010
v -124.984863 78.001724 3435.127441
v -62.492188 134.418228 3435.127441
v -93.738770 158.237213 3466.373779
v -31.246094 164.241501 3466.373779
v -62.492188 162.200439 3466.373779
v 0.000000 151.103409 3435.127441
v -31.246094 80.478737 3403.881348
v 0.000000 90.366982 3372.635010
v 0.000000 83.510605 3403.881348
v -62.492188 85.373322 3372.635010
v -3999.511719 121.101791 3247.650391
v -3874.526855 125.897293 3247.650391
v -3749.542236 137.588806 3247.650391
v -3624.557617 153.798401 3247.650391
v -3562.065186 162.061722 3310.142822
v -3499.572754 117.495262 3247.650391
v -3499.572754 165.311569 3310.142822
v -3437.080322 145.198196 3310.142822
v -3374.587891 124.450722 3247.650391
v -3249.603271 134.953262 3247.650391
v -3124.618652 175.061096 3247.650391
v -2999.633789 198.543213 3247.650391
v -2874.648926 144.643356 3247.650391
v -2749.664307 122.687080 3247.650391
v -2624.679688 132.852753 3247.650391
v -2562.187012 150.568375 3310.142822
v -2499.694824 115.890152 3247.650391
v -2437.202637 127.026817 3310.142822
v -2374.709961 146.347534 3247.650391
v -2374.709961 139.075012 3310.142822
v -2312.217773 157.345490 3310.142822
v -2343.463867 156.968979 3341.388916
v -2249.725342 134.616394 3247.650391
v -2187.232910 158.851517 3310.142822
v -2124.740723 141.631302 3247.650391
v -2124.740723 156.235779 3310.142822
v -2093.494385 156.017807 3341.388916
v -2093.494385 118.922020 3310.142822
v -2062.248047 152.094208 3310.142822
v -2093.494385 157.900345 3278.896729
v -1999.755737 146.089920 3310.142822
v -2031.002075 158.593903 3278.896729
v -1999.755737 159.109116 3247.650391
v -2062.248047 159.782867 3247.650391
v -2062.248047 116.702614 3278.896729
v -1937.263672 144.227219 3310.142822
v -1874.770996 120.646027 3247.650391
v -1874.770996 150.132416 3310.142822
v -1812.278809 138.302185 3310.142822
v -1749.786621 112.897919 3247.650391
v -1687.293945 115.196587 3310.142822
v -1624.801758 103.841949 3247.650391
v -1499.816895 95.241753 3247.650391
v -1374.832031 86.403755 3247.650391
v -1249.847656 69.282623 3247.650391
v -1124.862793 73.364746 3247.650391
v -1062.370117 100.512840 3310.142822
v -1031.124023 77.526138 3341.388916
v -999.877930 76.951469 3247.650391
v -999.877930 63.397236 3310.142822
v -937.385742 147.060913 3310.142822
v -874.893066 119.793930 3247.650391
v -749.908691 115.553276 3247.650391
v -687.416016 118.783310 3310.142822
v -624.923828 60.424820 3247.650391
v -499.938965 86.562286 3247.650391
v -374.954102 96.153290 3247.650391
v -249.969727 78.754738 3247.650391
v -124.984863 74.791512 3247.650391
v -62.492188 84.422150 3310.142822
v 0.000000 87.731438 3247.650391
v -3999.511719 145.554886 3122.665771
v -3874.526855 143.771439 3122.665771
v -3749.542236 146.307907 3122.665771
v -3624.557617 129.325485 3122.665771
v -3499.572754 125.084831 3122.665771
v -3374.587891 138.777771 3122.665771
v -3249.603271 138.123840 3122.665771
v -3124.618652 150.152237 3122.665771
v -2999.633789 148.566940 3122.665771
v -2937.141602 200.485184 3185.157959
v -2874.648926 148.031906 3122.665771
v -2749.664307 130.752243 3122.665771
v -2624.679688 134.378601 3122.665771
v -2499.694824 117.633972 3122.665771
v -2374.709961 120.705475 3122.665771
v -2249.725342 131.842133 3122.665771
v -2124.740723 115.632545 3122.665771
v -2062.248047 116.326111 3185.157959
v -1999.755737 129.622726 3122.665771
v -1874.770996 103.425812 3122.665771
v -1749.786621 110.995567 3122.665771
v -1624.801758 144.881149 3122.665771
v -1499.816895 129.067871 3122.665771
v -1374.832031 101.959419 3122.665771
v -1249.847656 74.197029 3122.665771
v -1124.862793 79.547379 3122.665771
v -999.877930 104.812943 3122.665771
v -874.893066 107.171059 3122.665771
v -749.908691 122.865433 3122.665771
v -624.923828 69.242996 3122.665771
v -499.938965 105.565948 3122.665771
v -374.954102 86.661369 3122.665771
v -249.969727 106.735100 3122.665771
v -124.984863 77.387421 3122.665771
v 0.000000 80.458923 3122.665771
v -3999.511719 146.605148 2997.680908
v -3874.526855 167.451706 2997.680908
v -3749.542236 120.289330 2997.680908
v -3624.557617 135.686462 2997.680908
v -3499.572754 117.851952 2997.680908
v -3374.587891 124.312004 2997.680908
v -3249.603271 171.375305 2997.680908
v -3124.618652 151.103409 2997.680908
v -2999.633789 164.201859 2997.680908
v -2874.648926 114.403946 2997.680908
v -2749.664307 127.284424 2997.680908
v -2624.679688 152.232925 2997.680908
v -2499.694824 117.257469 2997.680908
v -2374.709961 118.664413 2997.680908
v -2249.725342 130.732437 2997.680908
v -2124.740723 123.737335 2997.680908
v -1999.755737 148.566940 2997.680908
v -1874.770996 132.515884 2997.680908
v -1749.786621 139.709137 2997.680908
v -1624.801758 122.310577 2997.680908
v -1499.816895 98.412331 2997.680908
v -1374.832031 86.681183 2997.680908
v -1312.339844 110.084030 3060.173096
v -1249.847656 81.964943 2997.680908
v -1249.847656 113.690559 3060.173096
v -1187.354980 78.298965 3060.173096
v -1124.862793 76.475883 2997.680908
v -1187.354980 93.497932 2997.680908
v -999.877930 99.066261 2997.680908
v -937.385742 126.432335 3060.173096
v -874.893066 109.113037 2997.680908
v -937.385742 100.393944 2997.680908
v -749.908691 114.106705 2997.680908
v -687.416016 126.372887 3060.173096
v -624.923828 63.000916 3060.173096
v -656.169922 62.089375 3028.927002
v -624.923828 64.665466 2997.680908
v -687.416016 129.484009 2997.680908
v -562.431152 84.679756 3060.173096
v -499.938965 87.196404 2997.680908
v -374.954102 93.597015 2997.680908
v -249.969727 108.478920 2997.680908
v -124.984863 104.991287 2997.680908
v 0.000000 88.345741 2997.680908
v -3999.511719 143.236404 2872.696045
v -3874.526855 141.710571 2872.696045
v -3749.542236 131.624161 2872.696045
v -3624.557617 113.452766 2872.696045
v -3499.572754 122.152046 2872.696045
v -3374.587891 135.785538 2872.696045
v -3249.603271 147.080734 2872.696045
v -3124.618652 159.723419 2872.696045
v -2999.633789 112.541229 2872.696045
v -2874.648926 125.718948 2872.696045
v -2749.664307 114.503021 2872.696045
v -2624.679688 139.372269 2872.696045
v -2499.694824 112.224167 2872.696045
v -2374.709961 110.678513 2872.696045
v -2312.217773 149.954071 2935.188721
v -2249.725342 128.493210 2872.696045
v -2312.217773 153.362442 2872.696045
v -2124.740723 131.941208 2872.696045
v -1999.755737 113.967987 2872.696045
v -1874.770996 113.769829 2872.696045
v -1749.786621 140.997177 2872.696045
v -1624.801758 108.379845 2872.696045
v -1499.816895 125.758583 2872.696045
v -1374.832031 119.635399 2872.696045
v -1249.847656 104.079742 2872.696045
v -1187.354980 72.155968 2935.188721
v -1156.108887 108.320396 2966.434814
v -1124.862793 74.632980 2872.696045
v -1124.862793 113.631111 2935.188721
v -1062.370117 72.770264 2935.188721
v -1093.616699 111.471153 2903.942383
v -999.877930 77.189262 2872.696045
v -999.877930 83.272812 2935.188721
v -1062.370117 82.856674 2872.696045
v -937.385742 103.723053 2935.188721
v -968.631836 105.506500 2966.434814
v -906.139160 122.944695 2966.434814
v -937.385742 86.938797 2966.434814
v -921.762695 79.983337 2950.811768
v -906.139160 111.173912 2903.942383
v -874.893066 143.157135 2935.188721
v -906.139160 108.677086 2935.188721
v -874.893066 156.196152 2872.696045
v -937.385742 107.587196 2872.696045
v -812.400879 113.452766 2935.188721
v -749.908691 135.944077 2872.696045
v -687.416016 99.422951 2935.188721
v -624.923828 73.860153 2872.696045
v -687.416016 70.372513 2872.696045
v -499.938965 87.572906 2872.696045
v -374.954102 107.250320 2872.696045
v -249.969727 92.943077 2872.696045
v -124.984863 131.564713 2872.696045
v 0.000000 105.863197 2872.696045
v -3999.511719 130.732437 2747.711426
v -3874.526855 121.062164 2747.711426
v -3812.034668 162.477859 2810.203857
v -3749.542236 122.528557 2747.711426
v -3749.542236 160.516068 2810.203857
v -3687.049805 153.897476 2810.203857
v -3624.557617 146.486252 2747.711426
v -3499.572754 131.802505 2747.711426
v -3374.587891 125.263184 2747.711426
v -3249.603271 122.152046 2747.711426
v -3124.618652 128.215790 2747.711426
v -2999.633789 116.702614 2747.711426
v -2874.648926 122.330391 2747.711426
v -2749.664307 120.546944 2747.711426
v -2624.679688 99.204979 2747.711426
v -2499.694824 115.355118 2747.711426
v -2374.709961 129.979416 2747.711426
v -2312.217773 137.687897 2810.203857
v -2249.725342 107.190872 2747.711426
v -2124.740723 110.579430 2747.711426
v -1999.755737 113.650932 2747.711426
v -1874.770996 109.628258 2747.711426
v -1749.786621 125.818031 2747.711426
v -1624.801758 150.429657 2747.711426
v -1499.816895 116.326111 2747.711426
v -1374.832031 129.048065 2747.711426
v -1249.847656 104.971466 2747.711426
v -1124.862793 109.846237 2747.711426
v -1062.370117 110.183105 2810.203857
v -999.877930 97.798027 2747.711426
v -999.877930 68.470169 2810.203857
v -937.385742 98.095276 2810.203857
v -968.631836 117.713234 2778.957764
v -874.893066 146.149384 2810.203857
v -906.139160 134.021912 2778.957764
v -874.893066 142.186157 2747.711426
v -937.385742 90.802940 2778.957764
v -953.008789 80.498550 2763.334473
v -937.385742 113.789642 2747.711426
v -968.631836 106.318962 2747.711426
v -812.400879 131.485443 2810.203857
v -749.908691 118.803123 2747.711426
v -687.416016 70.570671 2810.203857
v -624.923828 106.318962 2747.711426
v -499.938965 106.636024 2747.711426
v -374.954102 118.664413 2747.711426
v -249.969727 98.907730 2747.711426
v -124.984863 136.776352 2747.711426
v 0.000000 115.196587 2747.711426
v -3999.511719 127.046631 2622.726807
v -3874.526855 113.730194 2622.726807
v -3749.542236 128.889526 2622.726807
v -3624.557617 115.810890 2622.726807
v -3499.572754 140.125275 2622.726807
v -3374.587891 135.091980 2622.726807
v -3249.603271 105.011101 2622.726807
v -3124.618652 110.916306 2622.726807
v -2999.633789 129.919968 2622.726807
v -2874.648926 112.838470 2622.726807
v -2749.664307 113.353691 2622.726807
v -2624.679688 100.175964 2622.726807
v -2499.694824 100.037254 2622.726807
v -2374.709961 105.823563 2622.726807
v -2249.725342 127.363686 2622.726807
v -2124.740723 125.778397 2622.726807
v -1999.755737 110.777596 2622.726807
v -1874.770996 153.441711 2622.726807
v -1749.786621 145.118942 2622.726807
v -1624.801758 130.038864 2622.726807
v -1499.816895 151.380829 2622.726807
v -1374.832031 129.127319 2622.726807
v -1249.847656 138.797592 2622.726807
v -1124.862793 89.039307 2622.726807
v -1062.370117 91.793747 2685.218994
v -999.877930 109.271568 2685.218994
v -1031.124023 139.471344 2653.972900
v -999.877930 114.324677 2653.972900
v -1015.500977 105.169632 2638.349854
v -999.877930 139.669510 2622.726807
v -1062.370117 111.312630 2622.726807
v -1031.124023 126.253990 2622.726807
v -937.385742 169.572037 2685.218994
v -968.631836 123.697708 2716.465088
v -968.631836 149.775726 2653.972900
v -874.893066 151.361023 2622.726807
v -937.385742 160.833130 2622.726807
v -812.400879 152.193298 2685.218994
v -749.908691 122.845612 2685.218994
v -781.154785 156.453766 2653.972900
v -749.908691 88.147575 2622.726807
v -812.400879 159.366730 2622.726807
v -687.416016 92.011719 2685.218994
v -624.923828 119.040916 2622.726807
v -499.938965 117.713234 2622.726807
v -374.954102 122.667267 2622.726807
v -249.969727 135.052353 2622.726807
v -187.477051 92.368416 2685.218994
v -124.984863 133.249084 2622.726807
v -62.492188 145.475632 2685.218994
v 0.000000 145.495438 2622.726807
v -62.492188 178.291138 2622.726807
v -3999.511719 126.749390 2497.741943
v -3874.526855 111.689133 2497.741943
v -3749.542236 122.588005 2497.741943
v -3624.557617 128.314865 2497.741943
v -3499.572754 125.401894 2497.741943
v -3374.587891 121.121613 2497.741943
v -3249.603271 104.674225 2497.741943
v -3124.618652 110.896492 2497.741943
v -2999.633789 120.289330 2497.741943
v -2874.648926 118.862572 2497.741943
v -2749.664307 102.078316 2497.741943
v -2624.679688 80.340027 2497.741943
v -2499.694824 87.394562 2497.741943
v -2374.709961 118.941833 2497.741943
v -2249.725342 108.914879 2497.741943
v -2124.740723 131.802505 2497.741943
v -1999.755737 121.597198 2497.741943
v -1874.770996 121.815178 2497.741943
v -1749.786621 133.922821 2497.741943
v -1624.801758 146.288086 2497.741943
v -1499.816895 144.841507 2497.741943
v -1374.832031 131.861954 2497.741943
v -1249.847656 153.005753 2497.741943
v -1124.862793 101.404564 2497.741943
v -1062.370117 136.181870 2560.234131
v -1031.124023 114.106705 2591.480469
v -999.877930 127.086266 2497.741943
v -999.877930 141.353867 2560.234131
v -937.385742 164.261307 2560.234131
v -874.893066 169.254974 2497.741943
v -812.400879 164.459473 2560.234131
v -749.908691 151.856415 2497.741943
v -687.416016 98.214172 2560.234131
v -624.923828 97.798027 2497.741943
v -562.431152 96.014580 2560.234131
v -499.938965 100.175964 2497.741943
v -562.431152 101.107323 2497.741943
v -374.954102 108.895058 2497.741943
v -249.969727 164.241501 2497.741943
v -124.984863 170.998795 2497.741943
v -62.492188 174.209015 2560.234131
v 0.000000 201.099487 2497.741943
v -3999.511719 121.934074 2372.757080
v -3874.526855 130.316299 2372.757080
v -3749.542236 122.330391 2372.757080
v -3624.557617 127.898727 2372.757080
v -3499.572754 143.513824 2372.757080
v -3374.587891 121.716095 2372.757080
v -3249.603271 120.150620 2372.757080
v -3124.618652 96.708145 2372.757080
v -2999.633789 102.078316 2372.757080
v -2874.648926 96.509979 2372.757080
v -2749.664307 94.686897 2372.757080
v -2624.679688 98.016006 2372.757080
v -2499.694824 110.004761 2372.757080
v -2374.709961 127.898727 2372.757080
v -2249.725342 136.835800 2372.757080
v -2124.740723 115.691994 2372.757080
v -1999.755737 118.565331 2372.757080
v -1874.770996 112.481781 2372.757080
v -1749.786621 125.818031 2372.757080
v -1624.801758 128.691376 2372.757080
v -1499.816895 120.546944 2372.757080
v -1374.832031 130.435196 2372.757080
v -1249.847656 130.752243 2372.757080
v -1124.862793 125.243362 2372.757080
v -999.877930 129.028244 2372.757080
v -937.385742 137.212311 2435.249756
v -874.893066 168.918106 2372.757080
v -937.385742 147.179810 2372.757080
v -749.908691 165.787155 2372.757080
v -687.416016 171.910339 2435.249756
v -624.923828 174.486435 2372.757080
v -624.923828 105.387604 2435.249756
v -562.431152 171.256409 2435.249756
v -593.677734 101.939598 2466.495850
v -531.185059 109.113037 2466.495850
v -562.431152 100.948792 2466.495850
v -499.938965 139.491165 2372.757080
v -499.938965 153.719131 2435.249756
v -437.446777 107.131424 2435.249756
v -374.954102 127.343872 2372.757080
v -249.969727 168.165085 2372.757080
v -124.984863 180.946487 2372.757080
v 0.000000 210.096008 2372.757080
v -3999.511719 126.709755 2247.772461
v -3874.526855 119.536324 2247.772461
v -3749.542236 114.899345 2247.772461
v -3624.557617 146.228638 2247.772461
v -3499.572754 115.711807 2247.772461
v -3374.587891 120.447861 2247.772461
v -3249.603271 106.536942 2247.772461
v -3124.618652 110.817223 2247.772461
v -2999.633789 113.056450 2247.772461
v -2874.648926 101.602730 2247.772461
v -2749.664307 102.870956 2247.772461
v -2624.679688 117.475441 2247.772461
v -2499.694824 108.974327 2247.772461
v -2374.709961 122.647453 2247.772461
v -2249.725342 101.384750 2247.772461
v -2124.740723 104.218452 2247.772461
v -1999.755737 116.603531 2247.772461
v -1874.770996 117.336731 2247.772461
v -1749.786621 115.652359 2247.772461
v -1624.801758 121.934074 2247.772461
v -1499.816895 118.862572 2247.772461
v -1374.832031 144.841507 2247.772461
v -1249.847656 147.992279 2247.772461
v -1124.862793 121.973701 2247.772461
v -999.877930 104.436432 2247.772461
v -937.385742 156.394318 2310.264893
v -906.139160 117.574524 2341.510986
v -874.893066 145.554886 2247.772461
v -874.893066 120.348778 2310.264893
v -812.400879 138.678696 2310.264893
v -749.908691 162.913818 2247.772461
v -812.400879 115.236221 2247.772461
v -624.923828 175.833939 2247.772461
v -499.938965 118.525696 2247.772461
v -374.954102 132.198822 2247.772461
v -249.969727 151.321381 2247.772461
v -124.984863 187.069672 2247.772461
v 0.000000 200.524826 2247.772461
v -3999.511719 133.843567 2122.787842
v -3874.526855 127.938354 2122.787842
v -3749.542236 139.847855 2122.787842
v -3624.557617 127.442955 2122.787842
v -3499.572754 134.596573 2122.787842
v -3374.587891 116.167580 2122.787842
v -3249.603271 93.616829 2122.787842
v -3124.618652 83.173729 2122.787842
v -2999.633789 77.902641 2122.787842
v -2874.648926 93.042160 2122.787842
v -2749.664307 100.790268 2122.787842
v -2624.679688 105.248894 2122.787842
v -2499.694824 122.964508 2122.787842
v -2374.709961 119.239075 2122.787842
v -2249.725342 125.164101 2122.787842
v -2124.740723 107.904251 2122.787842
v -1999.755737 111.609871 2122.787842
v -1874.770996 125.936928 2122.787842
v -1749.786621 119.417419 2122.787842
v -1624.801758 111.332443 2122.787842
v -1562.309082 150.667450 2185.280029
v -1499.816895 149.993698 2122.787842
v -1374.832031 141.175522 2122.787842
v -1249.847656 129.682175 2122.787842
v -1124.862793 147.318527 2122.787842
v -999.877930 131.069305 2122.787842
v -874.893066 130.851334 2122.787842
v -812.400879 160.278275 2185.280029
v -781.154785 118.268089 2216.526123
v -749.908691 124.312004 2122.787842
v -749.908691 121.498116 2185.280029
v -812.400879 129.860519 2122.787842
v -687.416016 195.035751 2185.280029
v -624.923828 188.892761 2122.787842
v -562.431152 181.917480 2185.280029
v -499.938965 184.949356 2122.787842
v -499.938965 186.693161 2185.280029
v -437.446777 189.507065 2185.280029
v -374.954102 190.220444 2122.787842
v -312.461914 137.311386 2185.280029
v -249.969727 142.542847 2122.787842
v -187.477051 176.309525 2185.280029
v -124.984863 184.394501 2122.787842
v -187.477051 152.708511 2122.787842
v -62.492188 203.536880 2185.280029
v 0.000000 222.580170 2122.787842
v -62.492188 211.185898 2122.787842
v -3999.511719 117.733055 1997.802856
v -3874.526855 130.019043 1997.802856
v -3749.542236 119.199448 1997.802856
v -3624.557617 122.409660 1997.802856
v -3499.572754 144.663162 1997.802856
v -3374.587891 111.847664 1997.802856
v -3249.603271 84.778839 1997.802856
v -3124.618652 76.495697 1997.802856
v -2999.633789 68.807037 1997.802856
v -2874.648926 72.512657 1997.802856
v -2749.664307 104.317535 1997.802856
v -2624.679688 106.219887 1997.802856
v -2499.694824 108.954506 1997.802856
v -2374.709961 121.042343 1997.802856
v -2249.725342 127.205162 1997.802856
v -2124.740723 103.941032 1997.802856
v -1999.755737 126.749390 1997.802856
v -1874.770996 114.938980 1997.802856
v -1749.786621 115.691994 1997.802856
v -1624.801758 116.861145 1997.802856
v -1499.816895 107.805176 1997.802856
v -1374.832031 108.241127 1997.802856
v -1249.847656 110.361458 1997.802856
v -1124.862793 124.946121 1997.802856
v -999.877930 107.943886 1997.802856
v -937.385742 153.124649 2060.295166
v -874.893066 137.410461 1997.802856
v -812.400879 114.205780 2060.295166
v -781.154785 154.709946 2091.541504
v -749.908691 120.804550 1997.802856
v -749.908691 129.523651 2060.295166
v -687.416016 125.798218 2060.295166
v -624.923828 128.314865 1997.802856
v -562.431152 127.839279 2060.295166
v -499.938965 159.604523 1997.802856
v -562.431152 132.337540 1997.802856
v -437.446777 184.909714 2060.295166
v -374.954102 188.615326 1997.802856
v -437.446777 191.310318 1997.802856
v -249.969727 195.352814 1997.802856
v -187.477051 208.689072 2060.295166
v -156.230957 152.787781 2091.541504
v -124.984863 211.681305 1997.802856
v -124.984863 203.417984 2060.295166
v -124.984863 157.702179 2091.541504
v -62.492188 166.322189 2060.295166
v -93.738770 171.454575 2091.541504
v 0.000000 221.470474 1997.802856
v 0.000000 176.329330 2060.295166
v -3999.511719 124.708328 1872.818115
v -3874.526855 127.839279 1872.818115
v -3749.542236 128.295044 1872.818115
v -3624.557617 111.946747 1872.818115
v -3499.572754 121.101791 1872.818115
v -3374.587891 100.493027 1872.818115
v -3249.603271 94.032967 1872.818115
v -3124.618652 95.796600 1872.818115
v -2999.633789 70.729202 1872.818115
v -2874.648926 72.354126 1872.818115
v -2749.664307 85.412956 1872.818115
v -2624.679688 115.969414 1872.818115
v -2499.694824 100.532654 1872.818115
v -2374.709961 118.030296 1872.818115
v -2249.725342 118.981468 1872.818115
v -2124.740723 121.319771 1872.818115
v -1999.755737 120.546944 1872.818115
v -1874.770996 115.652359 1872.818115
v -1749.786621 117.475441 1872.818115
v -1624.801758 116.702614 1872.818115
v -1499.816895 111.451340 1872.818115
v -1374.832031 117.851952 1872.818115
v -1249.847656 105.308342 1872.818115
v -1124.862793 100.750633 1872.818115
v -999.877930 84.362701 1872.818115
v -874.893066 97.183731 1872.818115
v -749.908691 136.578186 1872.818115
v -624.923828 127.086266 1872.818115
v -562.431152 133.546326 1935.310791
v -531.185059 152.054581 1966.556763
v -499.938965 125.659500 1872.818115
v -499.938965 161.546509 1935.310791
v -499.938965 124.331825 1966.556763
v -468.692871 130.633347 1966.556763
v -468.692871 128.314865 1935.310791
v -437.446777 162.121170 1935.310791
v -468.692871 166.421265 1904.064209
v -374.954102 203.774673 1935.310791
v -406.200195 167.392258 1904.064209
v -374.954102 170.087250 1872.818115
v -437.446777 166.104218 1872.818115
v -406.200195 130.336105 1872.818115
v -312.461914 188.020844 1935.310791
v -249.969727 194.203476 1872.818115
v -312.461914 208.114395 1872.818115
v -124.984863 213.662918 1872.818115
v 0.000000 230.724594 1872.818115
v -3999.511719 130.514450 1747.833740
v -3874.526855 118.109558 1747.833740
v -3749.542236 105.724480 1747.833740
v -3624.557617 125.619873 1747.833740
v -3499.572754 105.407425 1747.833740
v -3374.587891 99.363503 1747.833740
v -3249.603271 102.593536 1747.833740
v -3124.618652 98.887917 1747.833740
v -2999.633789 102.593536 1747.833740
v -2874.648926 95.737152 1747.833740
v -2749.664307 100.215599 1747.833740
v -2624.679688 106.972900 1747.833740
v -2499.694824 117.693420 1747.833740
v -2374.709961 111.431526 1747.833740
v -2249.725342 113.254608 1747.833740
v -2124.740723 114.245415 1747.833740
v -1999.755737 99.700378 1747.833740
v -1874.770996 99.640930 1747.833740
v -1749.786621 106.992714 1747.833740
v -1624.801758 107.785355 1747.833740
v -1499.816895 131.208023 1747.833740
v -1374.832031 122.944695 1747.833740
v -1249.847656 126.729576 1747.833740
v -1124.862793 113.096077 1747.833740
v -999.877930 118.307724 1747.833740
v -874.893066 117.217834 1747.833740
v -749.908691 143.375122 1747.833740
v -624.923828 124.985756 1747.833740
v -499.938965 125.005569 1747.833740
v -437.446777 166.084396 1810.325928
v -406.200195 167.947113 1841.572021
v -374.954102 146.129562 1747.833740
v -374.954102 172.128311 1810.325928
v -312.461914 174.209015 1810.325928
v -343.708008 138.738144 1841.572021
v -249.969727 181.204102 1747.833740
v -124.984863 205.221252 1747.833740
v 0.000000 226.642471 1747.833740
v -3999.511719 129.107513 1622.848877
v -3874.526855 116.702614 1622.848877
v -3749.542236 105.982094 1622.848877
v -3624.557617 109.152672 1622.848877
v -3499.572754 123.757156 1622.848877
v -3374.587891 130.653168 1622.848877
v -3249.603271 113.948174 1622.848877
v -3124.618652 134.715469 1622.848877
v -2999.633789 113.492401 1622.848877
v -2874.648926 99.125710 1622.848877
v -2749.664307 99.502220 1622.848877
v -2624.679688 114.047256 1622.848877
v -2499.694824 102.573715 1622.848877
v -2374.709961 104.495880 1622.848877
v -2249.725342 113.650932 1622.848877
v -2124.740723 113.849091 1622.848877
v -1999.755737 103.703239 1622.848877
v -1874.770996 99.977806 1622.848877
v -1749.786621 121.161240 1622.848877
v -1624.801758 104.396797 1622.848877
v -1499.816895 103.881584 1622.848877
v -1374.832031 123.558990 1622.848877
v -1249.847656 106.834183 1622.848877
v -1124.862793 107.488113 1622.848877
v -999.877930 106.279335 1622.848877
v -874.893066 111.768402 1622.848877
v -749.908691 133.169815 1622.848877
v -624.923828 134.814560 1622.848877
v -499.938965 163.349777 1622.848877
v -437.446777 120.963081 1685.341064
v -374.954102 165.390839 1622.848877
v -312.461914 139.610062 1685.341064
v -249.969727 168.898285 1622.848877
v -124.984863 152.034760 1622.848877
v -62.492188 179.480103 1685.341064
v 0.000000 218.577316 1622.848877
v 0.000000 186.950775 1685.341064
v -3999.511719 123.975128 1497.864014
v -3874.526855 122.984329 1497.864014
v -3749.542236 107.686279 1497.864014
v -3624.557617 121.597198 1497.864014
v -3499.572754 110.064209 1497.864014
v -3374.587891 131.901581 1497.864014
v -3312.095703 138.163483 1560.356201
v -3249.603271 140.858475 1497.864014
v -3312.095703 150.746719 1497.864014
v -3124.618652 146.981659 1497.864014
v -3062.125977 134.338959 1560.356201
v -2999.633789 117.138565 1497.864014
v -3062.125977 140.382889 1497.864014
v -2874.648926 123.677887 1497.864014
v -2749.664307 135.210876 1497.864014
v -2624.679688 180.391647 1497.864014
v -2499.694824 176.547318 1497.864014
v -2437.202637 133.823746 1560.356201
v -2374.709961 154.194717 1497.864014
v -2437.202637 134.636200 1497.864014
v -2312.217773 99.680565 1560.356201
v -2249.725342 123.697708 1497.864014
v -2124.740723 118.684227 1497.864014
v -1999.755737 114.166153 1497.864014
v -1874.770996 111.570236 1497.864014
v -1749.786621 108.637451 1497.864014
v -1624.801758 104.614777 1497.864014
v -1499.816895 98.669937 1497.864014
v -1374.832031 115.969414 1497.864014
v -1249.847656 121.735909 1497.864014
v -1124.862793 104.436432 1497.864014
v -999.877930 122.251129 1497.864014
v -874.893066 133.050919 1497.864014
v -749.908691 127.343872 1497.864014
v -624.923828 136.082779 1497.864014
v -499.938965 132.040298 1497.864014
v -374.954102 139.550613 1497.864014
v -249.969727 150.330582 1497.864014
v -124.984863 193.668442 1497.864014
v -62.492188 157.127502 1560.356201
v 0.000000 179.598999 1497.864014
v -3999.511719 133.625580 1372.879150
v -3874.526855 134.319153 1372.879150
v -3749.542236 112.521408 1372.879150
v -3687.049805 115.989235 1435.371826
v -3624.557617 148.606583 1372.879150
v -3624.557617 107.131424 1435.371826
v -3687.049805 132.396988 1372.879150
v -3562.065186 148.249878 1435.371826
v -3593.311279 150.370209 1404.125244
v -3499.572754 122.568184 1435.371826
v -3530.818848 125.282997 1404.125244
v -3499.572754 186.752609 1372.879150
v -3499.572754 115.156960 1404.125244
v -3562.065186 180.708694 1372.879150
v -3593.311279 136.261124 1372.879150
v -3437.080322 154.571228 1435.371826
v -3468.326660 168.581223 1404.125244
v -3374.587891 174.605331 1372.879150
v -3374.587891 128.731003 1435.371826
v -3437.080322 176.309525 1372.879150
v -3312.095703 183.978363 1435.371826
v -3343.341797 122.152046 1466.617920
v -3249.603271 179.103592 1372.879150
v -3249.603271 192.380402 1435.371826
v -3187.110840 186.039230 1435.371826
v -3218.356934 159.624344 1404.125244
v -3124.618652 188.932388 1435.371826
v -3155.864746 149.815353 1404.125244
v -3124.618652 150.905243 1372.879150
v -3187.110840 184.711563 1372.879150
v -3187.110840 151.400650 1404.125244
v -3062.125977 181.501343 1435.371826
v -3093.372314 153.025574 1466.617920
v -3030.879883 137.569000 1466.617920
v -3062.125977 127.898727 1466.617920
v -2999.633789 187.763245 1372.879150
v -2999.633789 145.733231 1435.371826
v -2937.141602 140.501785 1435.371826
v -2874.648926 183.225342 1372.879150
v -2812.156738 136.538559 1435.371826
v -2749.664307 181.481522 1435.371826
v -2780.910645 186.990417 1404.125244
v -2749.664307 152.094208 1372.879150
v -2812.156738 185.206955 1372.879150
v -2687.171875 170.186340 1435.371826
v -2624.679688 152.668884 1372.879150
v -2562.187012 142.384308 1435.371826
v -2499.694824 153.620056 1372.879150
v -2499.694824 149.696457 1435.371826
v -2437.202637 150.707092 1435.371826
v -2468.448730 183.383881 1466.617920
v -2405.956299 182.947922 1466.617920
v -2437.202637 182.551605 1466.617920
v -2374.709961 166.421265 1372.879150
v -2374.709961 181.719315 1435.371826
v -2312.217773 134.616394 1435.371826
v -2249.725342 184.731369 1372.879150
v -2124.740723 138.361633 1372.879150
v -2062.248047 134.497498 1435.371826
v -1999.755737 121.062164 1372.879150
v -2062.248047 150.429657 1372.879150
v -1874.770996 119.357971 1372.879150
v -1749.786621 98.709572 1372.879150
v -1624.801758 118.109558 1372.879150
v -1499.816895 109.350830 1372.879150
v -1374.832031 115.394753 1372.879150
v -1249.847656 104.396797 1372.879150
v -1124.862793 129.127319 1372.879150
v -999.877930 133.903015 1372.879150
v -874.893066 149.062347 1372.879150
v -812.400879 150.211685 1435.371826
v -749.908691 148.408417 1372.879150
v -812.400879 198.642288 1372.879150
v -687.416016 162.576950 1435.371826
v -624.923828 164.875610 1372.879150
v -624.923828 117.198021 1435.371826
v -562.431152 124.688515 1435.371826
v -499.938965 154.749573 1372.879150
v -374.954102 180.134033 1372.879150
v -249.969727 152.450897 1372.879150
v -124.984863 168.026382 1372.879150
v 0.000000 186.415741 1372.879150
v -3999.511719 150.330582 1247.894775
v -3874.526855 166.361816 1247.894775
v -3812.034668 165.113403 1310.386963
v -3749.542236 160.159378 1247.894775
v -3812.034668 199.335861 1247.894775
v -3687.049805 143.414749 1310.386963
v -3655.803711 153.025574 1341.633057
v -3655.803711 189.863754 1279.140869
v -3624.557617 185.345673 1310.386963
v -3655.803711 137.212311 1310.386963
v -3624.557617 155.106262 1247.894775
v -3624.557617 135.210876 1341.633057
v -3640.180664 134.101166 1326.010010
v -3687.049805 197.572220 1247.894775
v -3562.065186 186.296844 1310.386963
v -3593.311279 182.175095 1341.633057
v -3608.934326 125.818031 1357.256104
v -3499.572754 175.576324 1247.894775
v -3437.080322 152.708511 1310.386963
v -3374.587891 160.179199 1247.894775
v -3437.080322 152.767960 1247.894775
v -3249.603271 166.995941 1247.894775
v -3187.110840 165.549362 1310.386963
v -3124.618652 165.787155 1247.894775
v -3062.125977 157.880524 1310.386963
v -2999.633789 184.414307 1247.894775
v -2999.633789 152.926498 1310.386963
v -2937.141602 146.149384 1310.386963
v -2874.648926 146.070114 1247.894775
v -2812.156738 156.235779 1310.386963
v -2749.664307 144.048874 1247.894775
v -2812.156738 181.679688 1247.894775
v -2624.679688 149.696457 1247.894775
v -2499.694824 154.056015 1247.894775
v -2374.709961 174.288269 1247.894775
v -2249.725342 177.419220 1247.894775
v -2187.232910 168.620865 1310.386963
v -2124.740723 181.441895 1247.894775
v -2124.740723 184.335052 1310.386963
v -2187.232910 145.673782 1247.894775
v -2093.494385 135.508118 1341.633057
v -2093.494385 133.883194 1310.386963
v -2062.248047 153.382263 1310.386963
v -2093.494385 181.501343 1279.140869
v -1999.755737 128.988617 1247.894775
v -2062.248047 154.194717 1247.894775
v -1874.770996 119.575951 1247.894775
v -1749.786621 102.613350 1247.894775
v -1624.801758 100.076881 1247.894775
v -1499.816895 140.640488 1247.894775
v -1374.832031 119.021103 1247.894775
v -1249.847656 118.545517 1247.894775
v -1124.862793 118.446434 1247.894775
v -999.877930 151.598816 1247.894775
v -874.893066 189.031464 1247.894775
v -812.400879 199.434937 1310.386963
v -749.908691 180.847412 1247.894775
v -749.908691 198.840454 1310.386963
v -687.416016 185.266403 1310.386963
v -624.923828 154.313614 1247.894775
v -687.416016 200.822067 1247.894775
v -499.938965 176.250076 1247.894775
v -374.954102 177.201248 1247.894775
v -249.969727 152.569794 1247.894775
v -124.984863 141.413315 1247.894775
v 0.000000 196.878662 1247.894775
v -3999.511719 204.468231 1122.909912
v -3937.019287 201.059860 1185.402100
v -3874.526855 164.122604 1122.909912
v -3874.526855 202.288452 1185.402100
v -3812.034668 198.087433 1185.402100
v -3749.542236 180.074585 1122.909912
v -3687.049805 191.191422 1185.402100
v -3624.557617 192.756897 1122.909912
v -3562.065186 167.709320 1185.402100
v -3499.572754 190.953629 1122.909912
v -3499.572754 150.370209 1185.402100
v -3437.080322 186.039230 1185.402100
v -3468.326660 134.874008 1216.648193
v -3405.834229 151.638443 1216.648193
v -3437.080322 132.595154 1216.648193
v -3374.587891 172.167953 1122.909912
v -3374.587891 188.496429 1185.402100
v -3312.095703 152.470718 1185.402100
v -3249.603271 167.154465 1122.909912
v -3124.618652 165.291748 1122.909912
v -2999.633789 170.602478 1122.909912
v -2874.648926 178.845978 1122.909912
v -2812.156738 156.354675 1185.402100
v -2749.664307 177.022903 1122.909912
v -2812.156738 144.385742 1122.909912
v -2687.171875 179.143219 1185.402100
v -2624.679688 156.057434 1122.909912
v -2687.171875 180.153839 1122.909912
v -2499.694824 132.238449 1122.909912
v -2437.202637 133.149994 1185.402100
v -2374.709961 134.497498 1185.402100
v -2405.956299 170.483582 1154.156006
v -2374.709961 146.585327 1122.909912
v -2374.709961 175.833939 1154.156006
v -2437.202637 176.705841 1122.909912
v -2312.217773 151.242126 1185.402100
v -2343.463867 127.977989 1154.156006
v -2359.086914 175.516876 1138.532959
v -2249.725342 155.066635 1122.909912
v -2312.217773 134.259705 1122.909912
v -2343.463867 175.992462 1122.909912
v -2187.232910 171.672546 1185.402100
v -2155.986816 139.768585 1216.648193
v -2124.740723 139.570419 1122.909912
v -2124.740723 150.667450 1185.402100
v -2062.248047 171.672546 1185.402100
v -2031.002075 141.571854 1216.648193
v -2031.002075 131.168381 1154.156006
v -1999.755737 151.856415 1185.402100
v -2031.002075 125.580238 1185.402100
v -1999.755737 148.507492 1122.909912
v -2062.248047 180.807785 1122.909912
v -1937.263672 125.223549 1185.402100
v -1874.770996 129.662354 1122.909912
v -1749.786621 115.513649 1122.909912
v -1624.801758 106.200066 1122.909912
v -1499.816895 115.335304 1122.909912
v -1374.832031 106.675652 1122.909912
v -1249.847656 127.522217 1122.909912
v -1187.354980 119.813744 1185.402100
v -1124.862793 164.855804 1122.909912
v -1124.862793 156.057434 1185.402100
v -1062.370117 147.675217 1185.402100
v -1093.616699 150.271133 1154.156006
v -999.877930 182.670502 1122.909912
v -1062.370117 195.848221 1122.909912
v -1093.616699 146.545700 1122.909912
v -874.893066 158.633530 1122.909912
v -749.908691 194.599808 1122.909912
v -687.416016 200.960785 1185.402100
v -624.923828 202.189377 1122.909912
v -499.938965 154.056015 1122.909912
v -374.954102 165.787155 1122.909912
v -249.969727 154.273987 1122.909912
v -124.984863 147.338348 1122.909912
v 0.000000 170.067444 1122.909912
v -3999.511719 192.083160 997.925049
v -3874.526855 175.516876 997.925049
v -3749.542236 176.547318 997.925049
v -3624.557617 175.675400 997.925049
v -3499.572754 184.453949 997.925049
v -3374.587891 183.185715 997.925049
v -3249.603271 180.887039 997.925049
v -3124.618652 134.398407 997.925049
v -2999.633789 134.457855 997.925049
v -2874.648926 174.625153 997.925049
v -2812.156738 180.490723 1060.417236
v -2749.664307 161.843750 997.925049
v -2687.171875 177.399399 1060.417236
v -2655.925781 131.029678 1091.663818
v -2624.679688 140.085648 997.925049
v -2624.679688 141.492584 1060.417236
v -2562.187012 142.285233 1060.417236
v -2499.694824 172.485001 997.925049
v -2437.202637 172.584091 1060.417236
v -2374.709961 156.156525 997.925049
v -2374.709961 176.468048 1060.417236
v -2312.217773 176.686020 1060.417236
v -2343.463867 176.269882 1091.663818
v -2249.725342 154.630676 997.925049
v -2187.232910 164.340576 1060.417236
v -2124.740723 178.786530 997.925049
v -2124.740723 168.838837 1060.417236
v -2062.248047 142.998611 1060.417236
v -2093.494385 182.472336 1091.663818
v -1999.755737 139.946930 997.925049
v -1874.770996 148.071533 997.925049
v -1749.786621 129.741623 997.925049
v -1624.801758 114.384125 997.925049
v -1499.816895 104.852570 997.925049
v -1374.832031 116.484634 997.925049
v -1249.847656 123.479729 997.925049
v -1187.354980 145.297287 1060.417236
v -1124.862793 160.397171 997.925049
v -1124.862793 164.776535 1060.417236
v -1062.370117 163.111984 1060.417236
v -1093.616699 148.963272 1091.663818
v -999.877930 199.613281 997.925049
v -937.385742 195.253738 1060.417236
v -874.893066 172.702988 997.925049
v -937.385742 201.773239 997.925049
v -749.908691 171.494202 997.925049
v -624.923828 202.982025 997.925049
v -562.431152 158.177765 1060.417236
v -499.938965 180.609619 997.925049
v -562.431152 158.712799 997.925049
v -374.954102 175.140366 997.925049
v -249.969727 164.518921 997.925049
v -124.984863 196.224731 997.925049
v 0.000000 172.702988 997.925049
v -3999.511719 179.995316 872.940186
v -3874.526855 176.705841 872.940186
v -3749.542236 180.708694 872.940186
v -3624.557617 188.020844 872.940186
v -3499.572754 165.985321 872.940186
v -3374.587891 142.166336 872.940186
v -3249.603271 142.463577 872.940186
v -3124.618652 140.462143 872.940186
v -2999.633789 140.343246 872.940186
v -2874.648926 144.266846 872.940186
v -2749.664307 164.796356 872.940186
v -2624.679688 182.848846 872.940186
v -2499.694824 135.805359 872.940186
v -2374.709961 149.121796 872.940186
v -2249.725342 159.782867 872.940186
v -2124.740723 164.459473 872.940186
v -2062.248047 185.385300 935.432861
v -1999.755737 137.588806 935.432861
v -2031.002075 147.754486 904.186279
v -1999.755737 160.852936 872.940186
v -2062.248047 190.319519 872.940186
v -2031.002075 141.730377 872.940186
v -1937.263672 141.353867 935.432861
v -1874.770996 143.375122 872.940186
v -1749.786621 118.446434 872.940186
v -1624.801758 116.345924 872.940186
v -1499.816895 117.237648 872.940186
v -1374.832031 122.290764 872.940186
v -1249.847656 133.883194 872.940186
v -1124.862793 132.654602 872.940186
v -999.877930 149.934250 872.940186
v -937.385742 161.784302 935.432861
v -906.139160 202.942398 966.678955
v -874.893066 175.457428 872.940186
v -874.893066 203.120743 935.432861
v -812.400879 199.296219 935.432861
v -749.908691 206.846161 872.940186
v -624.923828 164.082962 872.940186
v -562.431152 161.249268 935.432861
v -499.938965 210.056381 872.940186
v -437.446777 171.771622 935.432861
v -374.954102 175.635773 872.940186
v -374.954102 211.899277 935.432861
v -312.461914 213.504379 935.432861
v -249.969727 216.595703 872.940186
v -124.984863 176.567123 872.940186
v 0.000000 197.195709 872.940186
v -3999.511719 172.187759 747.955811
v -3874.526855 171.474380 747.955811
v -3812.034668 195.907669 810.447998
v -3749.542236 169.215347 810.447998
v -3780.788330 200.069046 779.201904
v -3749.542236 170.206146 747.955811
v -3812.034668 154.809021 747.955811
v -3780.788330 198.404495 747.955811
v -3687.049805 190.933823 810.447998
v -3624.557617 181.580612 747.955811
v -3499.572754 138.203110 747.955811
v -3374.587891 149.775726 747.955811
v -3249.603271 180.827591 747.955811
v -3124.618652 145.931396 747.955811
v -2999.633789 158.891144 747.955811
v -2874.648926 139.887482 747.955811
v -2749.664307 165.450287 747.955811
v -2624.679688 182.452515 747.955811
v -2499.694824 166.203293 747.955811
v -2437.202637 132.020477 810.447998
v -2374.709961 185.900528 747.955811
v -2374.709961 130.752243 810.447998
v -2312.217773 150.191864 810.447998
v -2249.725342 141.175522 747.955811
v -2187.232910 164.380219 810.447998
v -2124.740723 165.430466 747.955811
v -2124.740723 182.016556 810.447998
v -2062.248047 192.499298 810.447998
v -2093.494385 181.739136 779.201904
v -2031.002075 143.791260 841.694092
v -1999.755737 172.643539 810.447998
v -2031.002075 189.586319 779.201904
v -1999.755737 185.662735 747.955811
v -2062.248047 187.030045 747.955811
v -2062.248047 154.095642 779.201904
v -1937.263672 150.152237 810.447998
v -1874.770996 130.712616 747.955811
v -1749.786621 114.899345 747.955811
v -1624.801758 120.903633 747.955811
v -1499.816895 128.037445 747.955811
v -1374.832031 117.713234 747.955811
v -1249.847656 127.185341 747.955811
v -1124.862793 141.294418 747.955811
v -999.877930 133.863373 747.955811
v -874.893066 129.285858 747.955811
v -749.908691 160.496246 747.955811
v -624.923828 209.600601 747.955811
v -499.938965 207.896423 747.955811
v -374.954102 186.376114 747.955811
v -249.969727 168.541595 747.955811
v -187.477051 195.570786 810.447998
v -124.984863 181.620239 747.955811
v -187.477051 213.207138 747.955811
v 0.000000 180.173660 747.955811
v -3999.511719 197.909088 622.970947
v -3874.526855 162.834549 622.970947
v -3812.034668 152.193298 685.463135
v -3780.788330 199.851074 716.709229
v -3749.542236 193.529724 622.970947
v -3749.542236 199.672729 685.463135
v -3687.049805 191.607574 685.463135
v -3624.557617 158.811874 622.970947
v -3499.572754 147.199631 622.970947
v -3374.587891 153.065201 622.970947
v -3249.603271 169.809830 622.970947
v -3124.618652 147.140182 622.970947
v -3062.125977 191.112167 685.463135
v -2999.633789 145.495438 622.970947
v -2874.648926 148.705658 622.970947
v -2749.664307 165.628632 622.970947
v -2624.679688 174.981842 622.970947
v -2499.694824 170.642105 622.970947
v -2374.709961 160.099930 622.970947
v -2249.725342 162.735474 622.970947
v -2124.740723 141.968170 622.970947
v -2062.248047 155.859283 685.463135
v -1999.755737 147.160004 622.970947
v -1937.263672 168.660492 685.463135
v -1874.770996 182.214722 622.970947
v -1937.263672 126.590858 622.970947
v -1749.786621 131.445816 622.970947
v -1624.801758 122.072784 622.970947
v -1499.816895 109.548996 622.970947
v -1374.832031 131.009857 622.970947
v -1249.847656 138.777771 622.970947
v -1124.862793 117.158386 622.970947
v -999.877930 127.680748 622.970947
v -874.893066 145.594528 622.970947
v -749.908691 185.226776 622.970947
v -687.416016 172.187759 685.463135
v -624.923828 217.586502 622.970947
v -687.416016 166.282562 622.970947
v -562.431152 174.843124 685.463135
v -499.938965 193.628815 622.970947
v -562.431152 171.811264 622.970947
v -374.954102 195.451889 622.970947
v -249.969727 188.952209 622.970947
v -187.477051 188.972015 685.463135
v -124.984863 171.811264 622.970947
v -124.984863 194.461090 685.463135
v -62.492188 134.140808 685.463135
v -93.738770 187.109314 654.217041
v 0.000000 182.274170 622.970947
v 0.000000 139.510971 685.463135
v -62.492188 183.482956 622.970947
v -3999.511719 187.763245 497.986084
v -3874.526855 188.377533 497.986084
v -3812.034668 205.558121 560.478271
v -3749.542236 202.248825 497.986084
v -3749.542236 204.369156 560.478271
v -3687.049805 194.659256 560.478271
v -3718.296143 207.123596 529.232178
v -3624.557617 188.377533 497.986084
v -3687.049805 206.846161 497.986084
v -3718.296143 170.602478 497.986084
v -3499.572754 155.839462 497.986084
v -3374.587891 166.242920 497.986084
v -3312.095703 201.416550 560.478271
v -3249.603271 171.632919 497.986084
v -3124.618652 151.539368 497.986084
v -3062.125977 185.702362 560.478271
v -2999.633789 146.248459 497.986084
v -2999.633789 185.662735 560.478271
v -2937.141602 163.250687 560.478271
v -2874.648926 145.653976 497.986084
v -2749.664307 189.705215 497.986084
v -2624.679688 187.901947 497.986084
v -2562.187012 195.412262 560.478271
v -2499.694824 195.768951 497.986084
v -2499.694824 193.727890 560.478271
v -2437.202637 188.298279 560.478271
v -2468.448730 146.704224 529.232178
v -2374.709961 188.872940 497.986084
v -2437.202637 182.630859 497.986084
v -2468.448730 143.077881 497.986084
v -2249.725342 168.145279 497.986084
v -2124.740723 178.291138 497.986084
v -2062.248047 126.154907 560.478271
v -1999.755737 152.807587 497.986084
v -1937.263672 162.418411 560.478271
v -1906.017090 127.086266 591.724854
v -1874.770996 171.771622 497.986084
v -1874.770996 125.639687 560.478271
v -1812.278809 190.933823 560.478271
v -1749.786621 202.288452 497.986084
v -1624.801758 156.552841 497.986084
v -1499.816895 134.279510 497.986084
v -1374.832031 133.625580 497.986084
v -1249.847656 124.490349 497.986084
v -1124.862793 120.883820 497.986084
v -999.877930 140.442337 497.986084
v -874.893066 152.886856 497.986084
v -749.908691 190.636581 497.986084
v -687.416016 204.111542 560.478271
v -624.923828 217.863937 497.986084
v -562.431152 190.933823 560.478271
v -499.938965 214.633911 497.986084
v -374.954102 204.824921 497.986084
v -249.969727 203.457611 497.986084
v -124.984863 148.685837 497.986084
v -62.492188 139.610062 560.478271
v 0.000000 171.573471 497.986084
v 0.000000 125.738770 560.478271
v -62.492188 163.607376 497.986084
v -3999.511719 174.070297 373.001221
v -3999.511719 216.258820 435.493896
v -3937.019287 206.905609 435.493896
v -3874.526855 210.967926 373.001221
v -3812.034668 178.489288 435.493896
v -3749.542236 188.456802 373.001221
v -3749.542236 182.036377 435.493896
v -3687.049805 204.309708 435.493896
v -3718.296143 172.623718 466.739990
v -3624.557617 204.686203 373.001221
v -3499.572754 198.087433 373.001221
v -3437.080322 145.356735 435.493896
v -3374.587891 162.953445 373.001221
v -3249.603271 153.719131 373.001221
v -3124.618652 153.520981 373.001221
v -2999.633789 147.377975 373.001221
v -2874.648926 150.231491 373.001221
v -2749.664307 161.566315 373.001221
v -2624.679688 178.667633 373.001221
v -2562.187012 185.424942 435.493896
v -2499.694824 191.488663 373.001221
v -2499.694824 176.705841 435.493896
v -2437.202637 195.134842 435.493896
v -2468.448730 194.897049 466.739990
v -2374.709961 192.657822 373.001221
v -2249.725342 155.799835 373.001221
v -2124.740723 183.582031 373.001221
v -2062.248047 115.275856 435.493896
v -1999.755737 147.516693 373.001221
v -2062.248047 126.789024 373.001221
v -1874.770996 159.802689 373.001221
v -1749.786621 161.705032 373.001221
v -1687.293945 194.679062 435.493896
v -1624.801758 202.090302 373.001221
v -1499.816895 178.251495 373.001221
v -1374.832031 134.378601 373.001221
v -1249.847656 149.835175 373.001221
v -1124.862793 140.541412 373.001221
v -999.877930 142.919342 373.001221
v -874.893066 148.012085 373.001221
v -749.908691 155.165710 373.001221
v -624.923828 194.619614 373.001221
v -499.938965 174.763855 373.001221
v -374.954102 206.925430 373.001221
v -249.969727 204.606949 373.001221
v -187.477051 206.330948 435.493896
v -124.984863 151.717712 435.493896
v -156.230957 160.179199 404.247314
v -124.984863 190.616760 373.001221
v -187.477051 176.586945 373.001221
v -93.738770 157.286041 466.739990
v -93.738770 184.929535 435.493896
v -62.492188 146.367355 435.493896
v -93.738770 193.608994 404.247314
v 0.000000 143.593094 373.001221
v -62.492188 164.518921 373.001221
v -3999.511719 160.218826 248.016846
v -3874.526855 215.921951 248.016846
v -3749.542236 190.398788 248.016846
v -3624.557617 180.649246 248.016846
v -3499.572754 210.690491 248.016846
v -3374.587891 202.625336 248.016846
v -3249.603271 161.903198 248.016846
v -3124.618652 153.421890 248.016846
v -2999.633789 159.366730 248.016846
v -2874.648926 158.078690 248.016846
v -2749.664307 152.411270 248.016846
v -2624.679688 156.572662 248.016846
v -2499.694824 147.120361 248.016846
v -2374.709961 186.475189 248.016846
v -2249.725342 179.123413 248.016846
v -2124.740723 178.251495 248.016846
v -2062.248047 178.251495 310.509033
v -1999.755737 172.385925 248.016846
v -1874.770996 189.229630 248.016846
v -1749.786621 201.099487 248.016846
v -1624.801758 179.559357 248.016846
v -1562.309082 202.764038 310.509033
v -1499.816895 164.776535 248.016846
v -1562.309082 210.769760 248.016846
v -1374.832031 159.703598 248.016846
v -1249.847656 140.957550 248.016846
v -1124.862793 143.791260 248.016846
v -999.877930 157.840897 248.016846
v -874.893066 149.854996 248.016846
v -749.908691 157.008606 248.016846
v -624.923828 151.043961 248.016846
v -499.938965 150.191864 248.016846
v -437.446777 180.034943 310.509033
v -374.954102 189.645767 248.016846
v -374.954102 165.014328 310.509033
v -312.461914 204.706024 310.509033
v -249.969727 202.744232 248.016846
v -312.461914 210.789581 248.016846
v -187.477051 169.572037 310.509033
v -124.984863 148.963272 248.016846
v -62.492188 162.259888 310.509033
v 0.000000 168.125458 248.016846
v -62.492188 191.052719 248.016846
v -3999.511719 148.745285 123.031975
v -3874.526855 196.303986 123.031975
v -3812.034668 212.454132 185.524170
v -3749.542236 186.316666 123.031975
v -3812.034668 201.931763 123.031975
v -3624.557617 194.619614 123.031975
v -3499.572754 201.059860 123.031975
v -3374.587891 180.906860 123.031975
v -3249.603271 202.030853 123.031975
v -3124.618652 153.897476 123.031975
v -2999.633789 159.485626 123.031975
v -2874.648926 199.989792 123.031975
v -2749.664307 202.565887 123.031975
v -2624.679688 152.094208 123.031975
v -2499.694824 152.470718 123.031975
v -2437.202637 191.904816 185.524170
v -2374.709961 179.499908 123.031975
v -2437.202637 162.616577 123.031975
v -2249.725342 192.439850 123.031975
v -2124.740723 187.525452 123.031975
v -1999.755737 195.392441 123.031975
v -1874.770996 157.603104 123.031975
v -1749.786621 191.349960 123.031975
v -1624.801758 182.611053 123.031975
v -1562.309082 213.801620 185.524170
v -1499.816895 214.277222 123.031975
v -1374.832031 171.474380 123.031975
v -1249.847656 173.099304 123.031975
v -1124.862793 144.346115 123.031975
v -999.877930 151.757339 123.031975
v -874.893066 135.924255 123.031975
v -749.908691 137.648254 123.031975
v -624.923828 150.964691 123.031975
v -499.938965 142.721191 123.031975
v -437.446777 161.387970 185.524170
v -374.954102 178.905426 123.031975
v -374.954102 191.131973 185.524170
v -312.461914 216.001221 185.524170
v -343.708008 168.184906 216.770264
v -343.708008 203.120743 154.278076
v -249.969727 210.155457 123.031975
v -312.461914 207.123596 123.031975
v -343.708008 157.979599 123.031975
v -124.984863 213.821442 123.031975
v -62.492188 154.690125 185.524170
v -31.246094 196.482330 216.770264
v 0.000000 164.400024 123.031975
v 0.000000 199.137695 185.524170
v -3999.511719 140.382889 -1.952887
v -3999.511719 158.455185 60.539299
v -3937.019287 145.336914 60.539299
v -3968.265625 178.647827 29.293207
v -3874.526855 138.024765 -1.952887
v -3937.019287 177.657013 -1.952887
v -3812.034668 180.371826 60.539299
v -3780.788330 221.193039 91.785881
v -3749.542236 151.757339 -1.952887
v -3749.542236 219.508667 60.539299
v -3687.049805 221.529922 60.539299
v -3624.557617 179.004517 -1.952887
v -3499.572754 220.261688 -1.952887
v -3374.587891 209.006119 -1.952887
v -3249.603271 189.764664 -1.952887
v -3124.618652 198.325241 -1.952887
v -2999.633789 194.857407 -1.952887
v -2874.648926 196.224731 -1.952887
v -2749.664307 192.499298 -1.952887
v -2624.679688 198.107254 -1.952887
v -2499.694824 199.851074 -1.952887
v -2437.202637 176.804916 60.539299
v -2405.956299 144.722610 91.785881
v -2374.709961 198.483765 -1.952887
v -2374.709961 176.626572 60.539299
v -2312.217773 190.319519 60.539299
v -2249.725342 195.709503 -1.952887
v -2124.740723 194.560165 -1.952887
v -2062.248047 182.214722 60.539299
v -1999.755737 159.604523 -1.952887
v -1999.755737 199.058426 60.539299
v -1937.263672 157.662552 60.539299
v -1968.509644 151.301575 29.293207
v -1874.770996 191.369766 60.539299
v -1906.017090 184.374680 29.293207
v -1874.770996 185.028610 -1.952887
v -1937.263672 167.808395 -1.952887
v -1937.263672 197.572220 29.293207
v -1812.278809 183.780197 60.539299
v -1749.786621 214.098862 -1.952887
v -1624.801758 216.060669 -1.952887
v -1499.816895 170.761002 -1.952887
v -1374.832031 193.093781 -1.952887
v -1249.847656 176.824738 -1.952887
v -1124.862793 165.351196 -1.952887
v -999.877930 156.671738 -1.952887
v -874.893066 148.031906 -1.952887
v -749.908691 166.143845 -1.952887
v -624.923828 132.674408 -1.952887
v -499.938965 128.215790 -1.952887
v -437.446777 119.318344 60.539299
v -374.954102 95.142670 -1.952887
v -374.954102 112.719574 60.539299
v -312.461914 135.012711 60.539299
v -343.708008 162.458054 91.785881
v -281.215820 172.802063 91.785881
v -312.461914 142.542847 91.785881
v -328.084961 150.013519 107.408928
v -249.969727 136.003525 -1.952887
v -249.969727 135.686462 60.539299
v -187.477051 147.100555 60.539299
v -124.984863 147.576141 -1.952887
v -187.477051 133.903015 -1.952887
v -62.492188 218.379150 60.539299
v 0.000000 191.567932 -1.952887
v 0.000000 222.877411 60.539299
vn -0.099 0.994 -0.054
vn 0.029 0.993 -0.112
vn 0.178 0.982 -0.064
vn -0.125 0.992 -0.030
vn 0.096 0.995 0.025
vn -0.013 0.997 0.079
vn -0.009 0.998 0.059
vn 0.064 0.998 0.019
vn 0.050 0.997 -0.067
vn -0.024 0.998 -0.058
vn -0.153 0.984 -0.096
vn -0.004 0.998 -0.057
vn 0.038 0.998 -0.047
vn 0.074 0.996 0.042
vn 0.007 0.997 0.074
vn -0.127 0.986 0.108
vn 0.112 0.993 -0.037
vn 0.108 0.959 -0.261
vn 0.105 0.958 -0.265
vn -0.224 0.905 0.362
vn -0.005 0.989 0.148
vn 0.110 0.994 -0.000
vn 0.273 0.940 -0.206
vn 0.023 0.972 0.232
vn 0.553 0.833 -0.028
vn -0.022 0.998 -0.059
vn 0.109 0.964 0.244
vn -0.054 0.988 -0.143
vn -0.007 0.997 -0.079
vn -0.193 0.975 -0.109
vn -0.100 0.980 -0.172
vn -0.019 0.999 -0.042
vn -0.005 1.000 0.013
vn 0.155 0.988 0.023
vn 0.039 0.996 0.086
vn -0.442 0.897 0.015
vn 0.207 0.949 -0.237
vn 0.012 1.000 0.010
vn -0.254 0.967 -0.018
vn 0.033 0.935 -0.352
vn 0.282 0.946 -0.157
vn 0.593 0.804 -0.052
vn -0.019 0.993 0.120
vn 0.172 0.985 -0.005
vn 0.280 0.958 0.054
vn -0.155 0.975 -0.160
vn -0.257 0.966 0.006
vn -0.157 0.977 0.147
vn 0.046 0.999 -0.024
vn 0.019 1.000 -0.010
vn 0.000 1.000 -0.006
vn 0.122 0.992 -0.040
vn 0.012 1.000 0.026
vn -0.002 1.000 0.011
vn -0.008 0.998 -0.058
vn 0.010 0.994 -0.109
vn -0.086 0.991 -0.099
vn 0.031 0.997 -0.078
vn -0.061 0.998 -0.000
vn -0.009 0.996 -0.090
vn -0.065 0.984 0.169
vn -0.106 0.994 0.027
vn 0.009 0.976 -0.218
vn -0.130 0.966 0.223
vn -0.265 0.762 0.591
vn -0.098 0.994 0.041
vn -0.159 0.883 0.441
vn -0.114 0.934 0.337
vn 0.165 0.985 -0.047
vn 0.119 0.990 -0.076
vn 0.228 0.972 -0.063
vn 0.015 0.992 0.123
vn 0.303 0.944 0.129
vn 0.147 0.868 0.475
vn -0.011 0.928 0.373
vn -0.189 0.858 0.478
vn 0.013 0.947 0.321
vn 0.029 0.990 0.135
vn 0.038 0.997 -0.063
vn 0.043 0.912 0.408
vn 0.019 0.894 0.448
vn 0.101 0.841 0.531
vn 0.020 0.996 0.085
vn -0.028 0.744 0.668
vn -0.005 0.869 0.494
vn -0.006 0.824 0.566
vn -0.015 0.873 0.488
vn 0.009 0.875 0.485
vn -0.007 0.867 0.499
vn -0.039 0.996 -0.083
vn 0.177 0.758 0.628
vn -0.039 0.874 0.484
vn 0.288 0.881 0.375
vn 0.127 0.948 0.291
vn 0.285 0.919 0.272
vn 0.172 0.981 0.084
vn 0.346 0.921 0.178
vn -0.073 0.987 -0.145
vn -0.119 0.992 0.038
vn 0.126 0.988 0.095
vn 0.107 0.993 0.054
vn -0.374 0.927 -0.032
vn -0.033 0.993 -0.113
vn 0.105 0.940 0.323
vn -0.249 0.968 -0.032
vn 0.095 0.932 0.351
vn -0.219 0.975 0.046
vn 0.110 0.957 0.270
vn -0.316 0.946 -0.073
vn -0.195 0.748 0.634
vn 0.438 0.884 -0.163
vn -0.078 0.986 0.150
vn 0.517 0.830 -0.211
vn 0.377 0.920 0.112
vn 0.104 0.993 -0.059
vn -0.074 0.957 -0.281
vn 0.121 0.990 -0.067
vn 0.083 0.996 -0.034
vn -0.106 0.985 0.135
vn 0.034 0.994 -0.102
vn -0.028 0.998 -0.051
vn -0.008 1.000 -0.013
vn 0.032 0.999 -0.026
vn 0.058 0.998 0.016
vn 0.002 0.999 0.044
vn 0.021 0.999 0.026
vn 0.038 0.999 0.003
vn 0.029 0.999 -0.015
vn -0.242 0.969 0.047
vn -0.129 0.989 0.072
vn 0.196 0.981 -0.006
vn -0.075 0.976 0.204
vn -0.089 0.994 0.055
vn -0.059 0.998 -0.000
vn -0.212 0.976 0.051
vn 0.150 0.986 -0.068
vn 0.153 0.987 -0.047
vn -0.019 0.995 0.099
vn 0.055 0.998 -0.039
vn 0.047 0.973 0.225
vn 0.092 0.966 -0.241
vn -0.029 0.998 0.047
vn 0.018 0.980 -0.199
vn 0.147 0.988 -0.046
vn 0.135 0.991 -0.021
vn 0.040 0.996 0.085
vn 0.169 0.985 0.033
vn 0.065 0.987 0.149
vn 0.204 0.935 0.289
vn 0.148 0.982 0.115
vn 0.196 0.899 0.391
vn -0.229 0.973 -0.020
vn 0.147 0.988 -0.044
vn 0.049 0.996 0.075
vn -0.140 0.985 0.101
vn -0.496 0.856 -0.147
vn -0.008 0.980 0.198
vn -0.356 0.934 -0.038
vn -0.098 0.989 0.112
vn 0.053 0.973 0.225
vn 0.424 0.855 0.299
vn -0.018 0.978 0.208
vn 0.316 0.944 0.095
vn 0.165 0.950 0.264
vn -0.138 0.990 -0.040
vn -0.235 0.951 -0.202
vn -0.024 0.991 -0.129
vn -0.256 0.841 -0.477
vn -0.136 0.978 0.156
vn 0.024 0.997 0.076
vn 0.255 0.966 0.034
vn 0.038 0.992 0.123
vn -0.026 0.999 -0.026
vn -0.027 0.999 -0.020
vn 0.028 1.000 -0.014
vn 0.008 1.000 0.025
vn 0.018 0.999 0.033
vn 0.060 0.998 0.000
vn 0.029 1.000 0.005
vn -0.026 0.995 0.096
vn -0.052 0.999 -0.008
vn -0.039 0.994 -0.102
vn -0.009 1.000 -0.028
vn -0.008 0.999 0.039
vn -0.098 0.995 0.015
vn -0.120 0.992 -0.026
vn 0.138 0.986 -0.091
vn 0.059 0.997 -0.059
vn 0.073 0.972 -0.223
vn 0.395 0.857 -0.330
vn 0.323 0.784 -0.530
vn 0.021 0.863 -0.504
vn -0.076 0.966 -0.246
vn -0.077 0.959 0.274
vn 0.206 0.970 -0.133
vn -0.144 0.857 -0.495
vn 0.073 0.974 -0.214
vn -0.136 0.961 -0.242
vn -0.083 0.989 0.119
vn -0.254 0.967 0.009
vn -0.063 0.988 -0.139
vn 0.100 0.995 0.010
vn -0.040 0.998 -0.048
vn 0.291 0.952 0.095
vn -0.127 0.990 -0.057
vn 0.466 0.874 0.136
vn 0.222 0.974 0.038
vn 0.642 0.756 0.130
vn 0.390 0.918 -0.066
vn 0.556 0.825 0.098
vn -0.042 0.998 -0.051
vn -0.291 0.950 -0.110
vn 0.292 0.955 0.049
vn -0.246 0.968 -0.056
vn -0.308 0.951 -0.037
vn 0.465 0.885 -0.037
vn 0.030 0.999 0.040
vn -0.019 0.994 0.109
vn -0.013 0.998 -0.055
vn -0.419 0.899 -0.124
vn -0.074 0.996 -0.047
vn -0.240 0.950 -0.199
vn 0.109 0.978 0.175
vn 0.081 0.962 -0.261
vn 0.392 0.796 0.462
vn -0.080 0.989 0.122
vn 0.293 0.882 0.368
vn 0.110 0.988 0.106
vn -0.106 0.987 0.121
vn -0.229 0.946 0.228
vn -0.161 0.912 0.378
vn -0.168 0.980 0.108
vn -0.348 0.937 -0.035
vn -0.092 0.995 -0.032
vn 0.009 0.990 -0.142
vn -0.238 0.970 0.051
vn -0.011 0.999 0.045
vn 0.065 0.995 0.072
vn 0.171 0.961 -0.219
vn 0.125 0.991 -0.056
vn 0.080 0.996 -0.050
vn 0.023 0.946 -0.322
vn -0.004 0.999 -0.039
vn -0.079 0.994 0.075
vn 0.046 0.999 0.020
vn -0.027 0.999 0.034
vn 0.059 0.998 -0.018
vn 0.030 0.999 0.011
vn -0.043 0.995 0.086
vn 0.001 1.000 0.011
vn 0.103 0.995 -0.012
vn -0.109 0.993 -0.052
vn 0.011 0.992 -0.127
vn -0.134 0.990 -0.041
vn 0.072 0.983 -0.168
vn 0.045 0.987 -0.156
vn 0.162 0.968 -0.193
vn 0.083 0.973 -0.213
vn 0.160 0.982 -0.101
vn 0.275 0.884 -0.379
vn 0.148 0.962 -0.227
vn 0.241 0.883 -0.403
vn 0.095 0.995 0.026
vn 0.169 0.980 -0.108
vn 0.262 0.933 0.247
vn -0.013 0.992 0.128
vn 0.077 0.984 0.160
vn -0.144 0.955 0.260
vn -0.117 0.993 0.026
vn -0.044 0.998 0.048
vn 0.239 0.930 -0.279
vn 0.101 0.994 -0.034
vn 0.122 0.993 0.003
vn 0.275 0.880 0.387
vn -0.007 0.970 -0.243
vn -0.254 0.912 -0.323
vn 0.194 0.981 -0.023
vn -0.037 0.934 -0.355
vn -0.186 0.980 -0.069
vn 0.273 0.921 0.277
vn -0.388 0.911 -0.141
vn -0.625 0.748 -0.224
vn 0.184 0.935 0.303
vn -0.026 0.993 -0.115
vn 0.200 0.980 0.003
vn 0.019 0.982 -0.190
vn 0.431 0.900 -0.061
vn -0.048 0.943 -0.330
vn -0.038 0.999 -0.037
vn 0.098 0.991 -0.089
vn 0.062 0.989 -0.137
vn 0.372 0.928 -0.008
vn 0.479 0.857 -0.191
vn 0.130 0.981 0.146
vn -0.126 0.991 0.050
vn 0.487 0.866 0.110
vn -0.177 0.964 -0.201
vn 0.156 0.986 0.066
vn 0.150 0.988 0.037
vn 0.103 0.994 -0.027
vn -0.325 0.931 -0.166
vn -0.009 0.992 -0.127
vn -0.043 0.999 -0.020
vn -0.238 0.967 0.086
vn 0.134 0.990 0.037
vn -0.224 0.957 -0.186
vn -0.190 0.982 -0.024
vn 0.130 0.970 0.205
vn -0.157 0.904 -0.399
vn -0.218 0.949 0.227
vn -0.012 0.989 -0.150
vn -0.126 0.989 0.082
vn 0.205 0.979 0.007
vn 0.005 0.912 0.409
vn 0.055 0.992 -0.109
vn 0.091 0.990 -0.107
vn 0.124 0.953 -0.278
vn -0.255 0.958 -0.134
vn 0.029 0.993 -0.115
vn 0.004 0.973 -0.232
vn 0.001 0.996 -0.092
vn 0.166 0.979 -0.117
vn -0.097 0.994 0.040
vn 0.164 0.978 -0.129
vn -0.032 0.997 0.069
vn -0.065 0.972 0.226
vn 0.000 0.997 -0.071
vn 0.017 0.998 -0.056
vn -0.021 0.998 0.053
vn 0.012 0.987 0.160
vn 0.041 0.992 0.116
vn 0.059 0.997 -0.059
vn -0.205 0.978 -0.051
vn 0.077 0.997 0.008
vn 0.246 0.969 -0.010
vn 0.009 1.000 0.028
vn -0.012 0.990 -0.140
vn -0.349 0.929 0.120
vn -0.055 0.982 -0.179
vn -0.070 0.988 -0.137
vn -0.132 0.978 0.161
vn -0.112 0.992 0.060
vn 0.302 0.913 0.274
vn -0.137 0.875 0.465
vn 0.025 0.999 -0.027
vn 0.061 0.983 0.171
vn -0.015 0.977 0.211
vn -0.061 0.944 -0.323
vn 0.043 0.998 0.039
vn 0.103 0.981 0.167
vn -0.133 0.981 0.141
vn 0.217 0.951 -0.219
vn -0.316 0.948 -0.026
vn 0.253 0.931 0.264
vn 0.034 0.990 0.135
vn -0.013 0.984 0.177
vn 0.142 0.985 -0.092
vn 0.027 0.956 0.292
vn 0.465 0.884 -0.054
vn 0.225 0.968 0.111
vn 0.189 0.981 -0.030
vn 0.518 0.855 0.000
vn 0.059 0.950 -0.306
vn 0.042 0.998 -0.049
vn 0.168 0.955 -0.243
vn 0.062 0.998 0.007
vn 0.037 0.999 0.016
vn 0.046 0.999 -0.008
vn -0.029 0.993 -0.111
vn -0.122 0.895 -0.428
vn -0.232 0.931 -0.282
vn -0.060 0.996 -0.066
vn -0.115 0.991 -0.066
vn -0.291 0.948 -0.130
vn 0.159 0.986 0.053
vn 0.033 0.959 -0.283
vn 0.028 0.989 -0.143
vn -0.419 0.788 -0.451
vn 0.268 0.873 -0.408
vn -0.300 0.852 -0.430
vn 0.361 0.858 0.365
vn 0.029 0.991 -0.130
vn -0.083 0.992 0.093
vn -0.536 0.745 -0.396
vn -0.453 0.889 -0.075
vn 0.373 0.871 0.320
vn -0.079 0.996 0.029
vn -0.321 0.945 -0.064
vn -0.134 0.983 0.129
vn -0.008 1.000 0.023
vn 0.473 0.877 0.087
vn 0.195 0.936 0.292
vn 0.518 0.835 0.186
vn 0.063 0.971 0.232
vn 0.214 0.887 0.409
vn -0.015 0.997 -0.074
vn -0.131 0.934 -0.332
vn 0.156 0.977 0.144
vn 0.008 0.996 -0.087
vn 0.160 0.938 0.309
vn -0.140 0.989 -0.052
vn -0.143 0.977 -0.160
vn 0.097 0.995 0.000
vn 0.076 0.997 -0.003
vn 0.054 0.998 -0.011
vn -0.091 0.971 -0.219
vn -0.109 0.990 -0.091
vn -0.401 0.806 -0.436
vn -0.142 0.751 -0.645
vn -0.348 0.927 -0.141
vn 0.032 0.988 0.150
vn -0.095 0.991 0.097
vn -0.040 0.771 -0.635
vn 0.067 0.879 -0.472
vn -0.062 0.998 0.008
vn -0.302 0.842 -0.446
vn 0.075 0.976 -0.203
vn 0.033 0.998 -0.058
vn -0.031 0.998 0.058
vn -0.080 0.992 0.094
vn 0.021 0.998 -0.061
vn -0.027 1.000 0.015
vn 0.100 0.949 -0.300
vn 0.130 0.988 -0.087
vn 0.049 0.980 -0.192
vn -0.024 0.994 -0.102
vn -0.149 0.987 0.055
vn -0.146 0.985 0.090
vn -0.008 0.996 0.085
vn 0.308 0.949 0.068
vn 0.079 0.997 0.005
vn -0.051 0.999 -0.014
vn 0.057 0.993 -0.101
vn 0.034 0.998 -0.045
vn -0.140 0.976 0.168
vn -0.114 0.992 -0.052
vn -0.339 0.928 0.153
vn 0.097 0.990 0.100
vn -0.194 0.970 0.145
vn -0.005 0.996 -0.085
vn -0.087 0.996 0.026
vn -0.068 0.966 -0.251
vn 0.122 0.986 0.117
vn 0.069 0.986 0.149
vn 0.044 0.999 0.018
vn -0.103 0.990 0.093
vn 0.191 0.955 0.226
vn 0.085 0.958 0.273
vn -0.246 0.958 0.147
vn 0.063 0.993 -0.097
vn -0.109 0.994 -0.009
vn -0.007 0.997 0.078
vn 0.047 0.985 0.165
vn 0.144 0.957 -0.251
vn 0.047 0.998 0.047
vn 0.017 0.994 -0.112
vn 0.080 0.985 -0.155
vn 0.302 0.953 0.004
vn 0.055 0.989 0.138
vn 0.075 0.977 0.197
vn 0.110 0.986 0.122
vn 0.068 0.997 0.042
vn -0.099 0.995 -0.032
vn 0.135 0.991 -0.026
vn 0.185 0.979 -0.083
vn -0.183 0.983 -0.031
vn -0.224 0.955 -0.192
vn -0.331 0.933 -0.139
vn -0.015 0.996 -0.085
vn 0.115 0.991 -0.069
vn 0.350 0.920 0.177
vn 0.190 0.981 -0.047
vn -0.156 0.987 0.046
vn 0.078 0.997 -0.011
vn 0.024 0.998 0.056
vn -0.002 1.000 0.016
vn -0.082 0.996 -0.032
vn -0.039 0.999 -0.005
vn -0.095 0.990 0.102
vn -0.044 0.992 0.122
vn 0.076 0.996 -0.044
vn 0.082 0.994 -0.070
vn -0.011 1.000 0.029
vn -0.057 0.998 -0.006
vn -0.141 0.989 0.041
vn -0.031 0.996 -0.083
vn -0.078 0.978 -0.195
vn 0.195 0.966 -0.172
vn 0.223 0.965 -0.138
vn 0.005 1.000 -0.029
vn 0.025 0.999 0.049
vn 0.042 0.999 -0.007
vn -0.024 0.997 -0.077
vn -0.013 0.999 -0.047
vn 0.047 0.998 -0.031
vn -0.115 0.945 -0.305
vn -0.018 1.000 -0.016
vn 0.080 0.995 0.053
vn -0.103 0.982 0.159
vn -0.010 0.992 0.128
vn 0.156 0.988 -0.001
vn 0.121 0.992 0.020
vn 0.102 0.970 0.222
vn -0.084 0.995 0.048
vn -0.188 0.979 0.075
vn 0.005 0.999 0.034
vn 0.111 0.991 0.069
vn 0.060 0.995 0.076
vn -0.088 0.996 -0.019
vn 0.012 1.000 0.005
vn 0.010 0.996 0.091
vn 0.056 0.996 0.072
vn -0.024 0.999 0.035
vn -0.132 0.991 0.015
vn 0.062 0.997 -0.041
vn 0.113 0.992 -0.060
vn 0.036 0.999 -0.036
vn -0.000 0.998 -0.056
vn -0.153 0.988 0.038
vn -0.097 0.995 0.037
vn 0.004 1.000 0.015
vn 0.146 0.983 -0.113
vn 0.092 0.988 -0.123
vn -0.090 0.996 -0.005
vn 0.015 1.000 -0.004
vn 0.118 0.992 -0.034
vn -0.114 0.993 0.025
vn 0.062 0.996 0.066
vn -0.069 0.995 0.065
vn 0.034 0.999 0.009
vn 0.013 1.000 0.019
vn -0.053 0.998 0.023
vn 0.170 0.976 -0.133
vn 0.107 0.993 -0.047
vn 0.010 1.000 0.018
vn -0.023 1.000 -0.020
vn 0.075 0.992 -0.098
vn 0.231 0.972 0.047
vn 0.166 0.981 0.097
vn 0.103 0.976 0.192
vn -0.111 0.988 0.107
vn -0.194 0.970 -0.145
vn -0.053 0.993 -0.103
vn 0.017 0.990 0.137
vn -0.103 0.985 -0.135
vn -0.069 0.997 -0.023
vn 0.437 0.898 -0.051
vn 0.135 0.977 -0.166
vn 0.616 0.787 0.022
vn 0.156 0.986 0.058
vn 0.438 0.899 -0.015
vn -0.259 0.963 -0.078
vn -0.086 0.995 -0.042
vn -0.109 0.992 0.057
vn 0.027 0.999 0.018
vn 0.000 0.991 0.132
vn 0.041 0.993 0.108
vn -0.092 0.993 -0.070
vn 0.024 0.999 -0.049
vn 0.063 0.967 0.246
vn 0.107 0.988 0.109
vn -0.048 0.994 0.095
vn -0.117 0.993 -0.018
vn -0.033 0.991 -0.132
vn 0.056 0.986 -0.154
vn 0.157 0.978 -0.138
vn -0.030 1.000 0.010
vn -0.066 0.997 -0.039
vn 0.078 0.988 -0.136
vn 0.051 0.997 -0.066
vn -0.292 0.957 0.007
vn -0.102 0.991 0.087
vn 0.195 0.978 -0.069
vn -0.110 0.989 -0.095
vn 0.000 0.994 -0.108
vn 0.064 0.988 -0.143
vn -0.075 0.995 -0.059
vn 0.015 0.998 -0.061
vn 0.042 0.995 0.088
vn 0.031 0.989 0.144
vn 0.047 0.991 0.127
vn 0.201 0.973 0.115
vn -0.236 0.954 -0.187
vn -0.178 0.975 0.134
vn -0.140 0.988 -0.066
vn -0.023 1.000 0.010
vn 0.209 0.973 0.094
vn 0.232 0.949 -0.214
vn -0.141 0.990 0.007
vn -0.269 0.942 -0.201
vn 0.163 0.983 0.081
vn -0.049 0.978 0.204
vn 0.051 0.996 -0.072
vn -0.620 0.778 -0.099
vn 0.103 0.981 -0.166
vn -0.384 0.913 0.141
vn -0.508 0.845 0.168
vn -0.309 0.929 0.205
vn -0.624 0.772 0.124
vn -0.233 0.968 0.090
vn -0.458 0.886 0.068
vn 0.153 0.951 0.269
vn 0.362 0.932 0.003
vn 0.353 0.907 -0.229
vn -0.053 0.998 0.032
vn 0.365 0.909 -0.202
vn -0.097 0.989 0.111
vn -0.050 0.996 0.071
vn -0.030 0.999 0.023
vn -0.059 0.992 0.115
vn 0.029 0.993 0.119
vn 0.052 0.998 -0.028
vn -0.035 0.984 -0.173
vn -0.072 0.993 -0.093
vn -0.058 0.960 -0.273
vn 0.068 0.996 -0.056
vn 0.107 0.992 0.065
vn 0.036 0.999 -0.022
vn 0.006 1.000 -0.006
vn 0.017 1.000 -0.023
vn 0.015 0.990 -0.139
vn 0.065 0.987 -0.144
vn -0.027 0.999 0.019
vn 0.027 1.000 -0.009
vn 0.027 0.997 -0.067
vn 0.065 0.992 -0.105
vn -0.079 0.997 -0.006
vn -0.033 0.996 -0.083
vn 0.003 0.987 -0.159
vn 0.058 0.994 -0.096
vn 0.009 1.000 0.011
vn 0.023 1.000 0.006
vn -0.120 0.990 0.074
vn -0.053 0.991 0.122
vn 0.024 0.997 0.068
vn 0.036 0.998 0.053
vn 0.081 0.994 0.072
vn 0.078 0.988 0.137
vn 0.050 0.998 0.028
vn 0.155 0.964 0.218
vn -0.181 0.976 0.119
vn -0.093 0.954 0.285
vn -0.456 0.889 0.026
vn 0.176 0.979 -0.105
vn -0.229 0.973 -0.025
vn -0.606 0.793 0.067
vn -0.026 0.994 0.106
vn -0.388 0.918 -0.087
vn 0.225 0.958 0.177
vn -0.459 0.733 0.503
vn 0.024 0.935 0.355
vn 0.172 0.978 -0.119
vn 0.284 0.957 0.057
vn 0.258 0.953 0.160
vn -0.080 0.984 0.162
vn -0.057 0.992 0.112
vn 0.033 0.997 0.064
vn -0.043 0.998 0.051
vn -0.114 0.993 0.005
vn 0.001 0.985 0.170
vn 0.164 0.986 -0.023
vn 0.013 1.000 -0.017
vn -0.052 0.998 -0.043
vn -0.018 0.999 -0.044
vn -0.038 0.999 0.012
vn 0.101 0.993 -0.052
vn 0.076 0.993 -0.087
vn -0.059 0.998 -0.029
vn -0.025 1.000 -0.003
vn 0.048 0.998 -0.031
vn 0.084 0.996 -0.040
vn 0.042 0.995 -0.085
vn -0.043 0.990 -0.132
vn -0.084 0.996 -0.020
vn -0.044 0.998 0.042
vn 0.010 1.000 0.028
vn -0.047 0.995 0.083
vn -0.108 0.992 0.067
vn 0.014 0.999 -0.048
vn 0.012 1.000 0.020
vn -0.011 0.995 0.095
vn 0.083 0.996 0.043
vn 0.065 0.992 0.105
vn 0.008 0.996 0.093
vn -0.245 0.949 0.201
vn -0.401 0.860 0.314
vn 0.145 0.988 -0.053
vn -0.334 0.935 0.121
vn 0.163 0.973 0.165
vn -0.500 0.840 0.212
vn -0.358 0.929 0.092
vn -0.149 0.983 -0.105
vn -0.325 0.908 0.264
vn -0.417 0.804 0.424
vn -0.595 0.790 0.147
vn 0.038 0.997 0.068
vn -0.162 0.986 -0.029
vn 0.128 0.971 0.202
vn 0.533 0.846 -0.028
vn 0.533 0.843 -0.075
vn 0.438 0.898 -0.049
vn 0.254 0.966 -0.048
vn 0.084 0.992 -0.093
vn -0.095 0.995 -0.037
vn -0.060 0.996 -0.068
vn -0.031 1.000 -0.003
vn -0.036 0.968 0.248
vn -0.133 0.983 0.122
vn -0.291 0.932 0.216
vn 0.024 0.959 0.284
vn 0.105 0.957 0.270
vn -0.071 0.975 0.211
vn 0.123 0.990 -0.066
vn -0.020 0.999 0.029
vn -0.016 1.000 0.024
vn -0.047 0.999 0.012
vn 0.005 1.000 -0.011
vn 0.123 0.992 -0.012
vn 0.021 0.999 0.041
vn -0.036 0.999 -0.030
vn -0.006 0.996 -0.085
vn 0.055 0.995 -0.082
vn 0.121 0.987 -0.104
vn 0.034 0.999 -0.032
vn -0.124 0.990 0.066
vn -0.108 0.992 0.063
vn -0.043 0.998 0.044
vn 0.015 1.000 0.024
vn -0.032 0.999 -0.043
vn -0.014 0.992 -0.126
vn -0.063 0.997 -0.042
vn -0.061 0.998 -0.024
vn 0.078 0.992 -0.101
vn -0.048 0.999 -0.010
vn 0.137 0.991 -0.007
vn -0.024 1.000 0.010
vn -0.169 0.973 0.158
vn -0.279 0.957 0.075
vn -0.205 0.971 -0.120
vn -0.318 0.947 0.050
vn -0.189 0.981 -0.030
vn -0.120 0.992 -0.027
vn 0.269 0.954 0.130
vn 0.214 0.944 0.251
vn 0.073 0.986 0.148
vn 0.181 0.975 0.131
vn -0.007 0.995 -0.097
vn -0.035 0.987 0.158
vn -0.050 0.995 0.083
vn -0.205 0.977 0.053
vn -0.204 0.966 0.157
vn -0.167 0.973 0.157
vn -0.144 0.976 0.164
vn -0.131 0.965 0.227
vn -0.003 0.998 0.056
vn -0.006 1.000 0.027
vn 0.005 0.999 -0.035
vn -0.093 0.994 0.061
vn 0.061 0.998 0.002
vn 0.077 0.997 -0.017
vn 0.076 0.997 -0.015
vn 0.029 0.999 -0.042
vn -0.001 1.000 -0.030
vn 0.057 0.998 -0.040
vn 0.023 0.999 0.033
vn -0.069 0.988 0.138
vn -0.108 0.990 0.094
vn -0.076 0.996 0.045
vn 0.029 0.998 -0.047
vn 0.057 0.991 -0.122
vn -0.008 0.999 -0.041
vn -0.036 0.999 -0.025
vn -0.057 0.996 -0.065
vn 0.007 0.994 -0.110
vn 0.016 0.997 -0.079
vn -0.089 0.996 0.003
vn 0.074 0.996 0.040
vn 0.005 0.997 0.079
vn -0.169 0.986 -0.009
vn -0.307 0.951 0.030
vn -0.221 0.933 -0.283
vn -0.085 0.995 -0.057
vn -0.116 0.992 -0.046
vn 0.310 0.901 0.304
vn 0.049 0.986 0.159
vn 0.039 0.851 0.524
vn -0.103 0.772 0.628
vn -0.135 0.907 0.400
vn -0.135 0.796 0.590
vn -0.094 0.834 0.544
vn 0.294 0.953 -0.078
vn 0.266 0.878 0.398
vn 0.205 0.956 0.211
vn -0.164 0.982 0.089
vn -0.173 0.985 -0.015
vn -0.195 0.980 0.031
vn -0.158 0.987 0.035
vn 0.076 0.996 0.046
vn 0.050 0.999 -0.007
vn -0.092 0.993 0.080
vn -0.007 1.000 -0.005
vn 0.086 0.995 -0.048
vn 0.051 0.999 -0.008
vn 0.086 0.995 -0.057
vn -0.011 0.999 -0.037
vn 0.039 0.995 -0.091
vn 0.009 0.999 -0.044
vn -0.057 0.998 0.030
vn -0.038 0.999 0.015
vn -0.061 0.998 0.011
vn 0.012 0.999 -0.050
vn 0.068 0.997 -0.048
vn -0.022 1.000 0.008
vn -0.032 0.999 -0.007
vn -0.034 0.999 0.016
vn -0.007 1.000 -0.015
vn -0.059 0.998 0.027
vn -0.032 0.985 0.170
vn -0.064 0.994 0.091
vn 0.083 0.997 -0.011
vn 0.087 0.996 0.001
vn -0.129 0.991 -0.033
vn 0.112 0.989 0.096
vn 0.142 0.959 -0.245
vn 0.010 0.998 0.065
vn -0.038 0.999 0.022
vn -0.189 0.953 -0.239
vn -0.408 0.897 -0.172
vn 0.030 1.000 -0.002
vn 0.158 0.978 0.135
vn 0.098 0.920 0.379
vn -0.014 0.977 0.213
vn -0.220 0.974 -0.045
vn -0.203 0.979 0.034
vn -0.105 0.994 0.029
vn 0.096 0.993 -0.066
vn -0.026 0.999 0.039
vn -0.025 1.000 -0.012
vn 0.049 0.997 -0.065
vn -0.006 0.998 0.064
vn 0.169 0.985 -0.026
vn 0.117 0.988 -0.099
vn 0.049 0.988 -0.147
vn -0.001 0.991 -0.135
vn -0.067 0.994 -0.092
vn -0.093 0.995 -0.040
vn -0.050 0.999 -0.007
vn -0.059 0.998 -0.004
vn 0.006 1.000 0.008
vn 0.018 0.997 0.075
vn 0.050 0.999 -0.005
vn -0.079 0.996 0.033
vn -0.003 1.000 0.019
vn 0.029 0.999 -0.029
vn -0.161 0.985 -0.068
vn -0.134 0.988 0.083
vn -0.049 0.997 -0.067
vn 0.048 0.984 -0.173
vn 0.015 0.994 -0.110
vn 0.000 1.000 0.017
vn -0.058 0.998 0.016
vn 0.044 0.996 -0.071
vn 0.258 0.960 0.107
vn -0.061 0.997 0.039
vn -0.029 0.997 -0.068
vn -0.279 0.958 -0.073
vn -0.126 0.981 -0.147
vn -0.409 0.909 -0.085
vn -0.081 0.955 -0.286
vn 0.060 0.956 0.287
vn -0.120 0.982 -0.144
vn -0.056 0.919 0.389
vn 0.041 0.920 0.390
vn 0.185 0.969 0.163
vn 0.094 0.980 0.175
vn -0.100 0.979 0.179
vn -0.292 0.947 -0.132
vn -0.317 0.888 -0.334
vn -0.140 0.990 0.035
vn -0.217 0.970 0.108
vn -0.067 0.972 -0.225
vn -0.309 0.895 -0.321
vn -0.039 0.999 -0.029
vn -0.024 1.000 -0.018
vn 0.036 0.999 -0.040
vn -0.055 0.998 -0.016
vn 0.039 0.998 -0.055
vn 0.211 0.974 -0.082
vn 0.115 0.993 -0.022
vn 0.047 0.998 0.033
vn 0.024 1.000 -0.021
vn -0.105 0.993 -0.048
vn -0.111 0.993 -0.040
vn -0.076 0.997 -0.015
vn -0.014 0.999 -0.044
vn -0.080 0.997 -0.012
vn 0.066 0.997 -0.026
vn -0.007 0.999 0.045
vn -0.046 0.998 0.032
vn 0.045 0.998 -0.040
vn 0.003 1.000 0.003
vn -0.028 0.999 -0.037
vn 0.041 0.989 -0.141
vn -0.000 0.997 -0.081
vn -0.051 0.995 -0.081
vn 0.033 0.987 -0.159
vn -0.088 0.970 -0.228
vn -0.104 0.993 -0.056
vn 0.048 0.990 -0.133
vn -0.125 0.975 -0.184
vn -0.052 0.997 -0.057
vn -0.050 0.999 -0.018
vn 0.085 0.978 -0.188
vn -0.166 0.969 -0.183
vn -0.038 0.996 -0.081
vn -0.136 0.959 -0.250
vn -0.278 0.906 -0.319
vn -0.295 0.953 0.071
vn -0.146 0.989 -0.012
vn -0.006 0.999 0.054
vn -0.334 0.896 -0.294
vn -0.168 0.981 0.097
vn -0.014 0.883 0.469
vn -0.007 0.940 0.342
vn 0.006 0.993 0.122
vn 0.147 0.802 0.579
vn -0.281 0.950 0.133
vn 0.020 1.000 -0.006
vn -0.218 0.962 -0.166
vn -0.005 0.936 0.351
vn -0.180 0.984 -0.006
vn -0.072 0.997 0.039
vn 0.021 1.000 -0.012
vn 0.054 0.997 -0.062
vn -0.037 0.998 -0.052
vn 0.099 0.990 -0.100
vn 0.115 0.993 -0.041
vn 0.019 0.997 0.071
vn 0.076 0.994 0.073
vn 0.052 0.994 0.092
vn -0.072 0.994 0.078
vn -0.123 0.992 0.032
vn -0.051 0.999 0.010
vn -0.036 0.999 0.007
vn -0.049 0.999 -0.014
vn 0.019 1.000 -0.023
vn -0.035 0.999 0.011
vn 0.050 0.996 -0.080
vn 0.007 0.998 -0.066
vn -0.014 0.999 -0.045
vn 0.027 0.999 -0.033
vn -0.034 0.997 0.063
vn 0.025 0.998 0.059
vn 0.021 1.000 0.018
vn 0.096 0.995 -0.033
vn -0.035 0.999 -0.008
vn -0.114 0.993 0.014
vn -0.120 0.989 0.083
vn 0.038 0.999 -0.019
vn -0.249 0.961 -0.118
vn -0.084 0.996 0.021
vn -0.325 0.924 -0.201
vn 0.071 0.977 0.201
vn 0.292 0.956 0.015
vn -0.325 0.906 -0.272
vn -0.005 0.898 0.439
vn -0.451 0.892 -0.021
vn -0.258 0.959 0.120
vn -0.248 0.950 -0.191
vn -0.271 0.845 -0.462
vn -0.284 0.932 -0.225
vn 0.013 0.998 -0.063
vn -0.040 0.999 0.006
vn -0.000 0.999 0.046
vn -0.053 0.997 -0.056
vn -0.313 0.917 -0.249
vn -0.141 0.990 -0.022
vn -0.196 0.981 -0.016
vn -0.006 1.000 0.008
vn 0.082 0.995 -0.061
vn 0.016 0.999 -0.043
vn -0.016 0.999 -0.028
vn 0.078 0.997 -0.016
vn 0.007 0.993 0.114
vn 0.021 0.995 0.098
vn 0.007 0.987 0.158
vn 0.034 0.981 0.189
vn 0.008 0.994 0.105
vn -0.070 0.997 0.029
vn -0.045 0.999 0.017
vn -0.020 1.000 0.006
vn 0.008 0.998 -0.064
vn -0.023 0.999 -0.033
vn 0.037 0.998 -0.047
vn 0.059 0.996 -0.066
vn -0.017 0.999 -0.050
vn -0.049 0.999 -0.002
vn -0.034 0.999 0.012
vn -0.048 0.999 -0.018
vn 0.002 1.000 0.008
vn 0.054 0.998 0.022
vn 0.043 0.998 0.036
vn -0.026 0.997 0.075
vn -0.124 0.992 0.030
vn -0.036 0.999 -0.019
vn 0.048 0.999 0.006
vn -0.112 0.994 -0.004
vn -0.259 0.956 -0.137
vn -0.070 0.950 0.306
vn -0.155 0.964 -0.216
vn 0.073 0.997 0.013
vn -0.231 0.965 -0.127
vn -0.180 0.975 -0.130
vn -0.253 0.958 -0.138
vn -0.105 0.969 -0.225
vn -0.209 0.926 -0.315
vn 0.050 0.999 -0.014
vn 0.079 0.997 0.007
vn 0.014 1.000 -0.008
vn -0.039 0.999 0.016
vn -0.034 0.997 0.070
vn -0.022 0.994 0.106
vn 0.023 0.982 0.187
vn 0.006 0.985 0.173
vn 0.152 0.986 0.070
vn 0.023 0.997 0.078
vn -0.063 0.989 0.132
vn -0.077 0.976 0.204
vn 0.044 0.969 0.243
vn 0.042 0.990 0.132
vn -0.075 0.997 0.002
vn 0.052 0.998 0.031
vn 0.043 0.998 0.045
vn -0.052 0.997 0.064
vn -0.008 1.000 0.015
vn 0.020 0.998 -0.061
vn -0.032 0.996 -0.085
vn -0.036 0.998 -0.052
vn 0.053 0.998 -0.030
vn 0.017 1.000 -0.019
vn -0.033 0.999 -0.001
vn -0.120 0.992 0.049
vn -0.029 1.000 -0.002
vn -0.090 0.994 0.070
vn -0.018 0.993 0.117
vn -0.089 0.974 0.207
vn -0.058 0.994 0.093
vn -0.142 0.989 0.032
vn -0.084 0.992 -0.099
vn -0.116 0.989 -0.095
vn -0.183 0.963 -0.196
vn -0.185 0.977 -0.104
vn -0.251 0.961 0.115
vn 0.027 1.000 0.016
vn 0.056 0.996 0.062
vn 0.011 0.999 0.045
vn -0.085 0.996 0.023
vn -0.043 0.986 0.163
vn -0.051 0.999 0.011
vn 0.011 0.985 0.173
vn 0.024 0.922 0.387
vn -0.238 0.960 0.146
vn 0.081 0.941 0.327
vn 0.203 0.974 0.095
vn 0.159 0.962 0.221
vn 0.218 0.976 0.013
vn -0.033 0.960 0.278
vn -0.191 0.915 0.355
vn -0.015 0.994 0.109
vn 0.089 0.994 0.067
vn 0.083 0.955 0.285
vn 0.188 0.915 0.358
vn 0.100 0.802 0.589
vn 0.066 0.975 0.212
vn -0.007 0.974 0.226
vn 0.069 0.983 0.171
vn 0.068 0.992 0.108
vn -0.011 0.999 0.044
vn 0.068 0.996 -0.049
vn 0.002 1.000 0.016
vn -0.044 0.999 0.022
vn -0.047 0.999 0.012
vn 0.044 0.999 -0.011
vn -0.032 0.998 0.055
vn -0.089 0.987 0.133
vn -0.074 0.988 0.135
vn -0.034 0.989 0.144
vn 0.025 0.997 -0.069
vn -0.060 0.995 -0.083
vn -0.086 0.995 0.041
vn -0.080 0.995 0.060
vn -0.056 0.992 0.115
vn -0.183 0.983 0.032
vn -0.052 0.998 -0.022
vn -0.045 0.995 0.088
vn 0.012 0.979 0.203
vn -0.012 0.966 0.257
vn -0.085 0.985 0.153
vn 0.136 0.991 -0.015
vn -0.290 0.922 0.257
vn -0.302 0.924 0.236
vn 0.031 0.969 0.244
vn -0.435 0.881 0.188
vn -0.127 0.989 0.079
vn 0.379 0.832 0.404
vn 0.035 0.921 0.388
vn -0.365 0.793 0.488
vn -0.224 0.889 0.399
vn -0.482 0.874 -0.051
vn -0.020 0.925 0.380
vn -0.363 0.802 0.475
vn -0.081 0.991 0.108
vn -0.034 0.926 0.376
vn 0.097 0.993 0.071
vn -0.327 0.876 0.355
vn -0.404 0.908 0.115
vn 0.045 0.997 -0.067
vn 0.137 0.989 0.053
vn 0.048 0.973 -0.224
vn 0.261 0.962 -0.075
vn 0.001 1.000 0.011
vn -0.005 0.976 -0.218
vn 0.009 0.992 -0.126
vn 0.180 0.912 0.369
vn 0.154 0.988 -0.010
vn 0.168 0.859 0.483
vn 0.345 0.820 0.457
vn 0.113 0.906 0.407
vn 0.191 0.916 0.352
vn 0.024 0.999 -0.031
vn 0.235 0.832 0.503
vn -0.012 0.887 0.462
vn -0.012 0.997 0.075
vn -0.250 0.833 0.493
vn -0.041 0.972 0.230
vn -0.035 0.995 0.094
vn 0.242 0.922 -0.301
vn 0.062 0.998 -0.033
vn 0.005 1.000 -0.030
vn 0.050 0.994 -0.092
vn 0.031 0.983 -0.182
vn -0.055 0.997 0.061
vn -0.164 0.944 -0.288
vn -0.149 0.901 -0.406
vn -0.012 0.995 -0.102
vn -0.058 0.972 0.228
vn 0.007 0.995 0.099
vn -0.073 0.995 0.064
vn 0.176 0.984 -0.033
vn 0.226 0.946 0.234
vn 0.047 0.976 0.211
vn 0.092 0.970 0.227
vn 0.089 0.977 0.196
vn 0.228 0.970 0.082
vn 0.002 0.998 0.062
vn 0.075 0.997 0.019
vn 0.031 1.000 0.002
vn -0.017 1.000 0.007
vn -0.067 0.994 0.084
vn 0.034 0.999 0.026
vn -0.012 1.000 0.029
vn -0.101 0.992 0.070
vn -0.110 0.990 0.084
vn -0.331 0.917 0.221
vn 0.021 0.933 0.359
vn 0.126 0.934 0.333
vn 0.003 0.940 0.342
vn 0.118 0.976 0.181
vn 0.106 0.955 0.276
vn 0.255 0.950 0.179
vn -0.084 0.980 0.179
vn -0.109 0.973 0.203
vn -0.007 0.992 0.128
vn 0.009 0.999 -0.032
vn -0.057 0.990 -0.128
vn -0.187 0.982 0.037
vn -0.178 0.939 0.294
vn -0.192 0.911 0.365
vn 0.081 0.902 0.425
vn 0.066 0.961 0.267
vn 0.037 0.970 0.242
vn -0.228 0.900 0.372
vn 0.180 0.959 -0.219
vn 0.023 0.913 0.408
vn -0.399 0.834 0.382
vn -0.128 0.896 0.425
vn 0.219 0.967 -0.129
vn -0.069 0.962 0.264
vn -0.130 0.973 0.192
vn -0.066 0.982 0.175
vn -0.041 0.995 -0.093
vn -0.500 0.681 0.536
vn -0.172 0.975 0.142
vn 0.223 0.946 -0.235
vn 0.102 0.983 -0.155
vn -0.092 0.996 0.008
vn -0.005 0.943 -0.332
vn -0.033 0.998 -0.059
vn 0.127 0.986 -0.107
vn -0.019 0.997 0.073
vn -0.059 0.998 0.037
vn 0.061 0.981 0.182
vn 0.093 0.995 -0.021
vn 0.051 0.991 -0.126
vn -0.065 0.998 0.017
vn 0.127 0.988 -0.090
vn 0.090 0.990 0.108
vn 0.012 1.000 0.001
vn 0.039 0.995 0.088
vn -0.020 0.995 -0.096
vn -0.109 0.957 -0.267
vn 0.104 0.987 -0.120
vn 0.010 1.000 -0.006
vn -0.170 0.951 -0.257
vn 0.338 0.885 0.321
vn 0.111 0.987 -0.118
vn 0.059 0.997 0.050
vn 0.240 0.838 0.490
vn 0.096 0.983 0.156
vn 0.361 0.897 0.256
vn 0.222 0.970 0.104
vn 0.467 0.884 0.021
vn 0.099 0.994 0.035
vn 0.045 0.998 0.034
vn -0.073 0.997 0.025
vn -0.067 0.997 0.027
vn 0.084 0.996 -0.037
vn -0.043 0.999 0.029
vn -0.131 0.976 0.173
vn -0.245 0.948 0.204
vn -0.117 0.993 0.019
vn -0.065 0.995 0.082
vn -0.096 0.993 -0.073
vn 0.110 0.974 0.198
vn 0.169 0.964 0.204
vn 0.249 0.959 0.137
vn 0.164 0.979 0.121
vn -0.033 0.998 0.056
vn 0.083 0.994 -0.067
vn 0.089 0.995 -0.045
vn -0.124 0.991 -0.040
vn -0.192 0.980 -0.055
vn -0.114 0.981 0.159
vn -0.039 0.988 0.152
vn 0.080 0.968 -0.237
vn 0.024 1.000 -0.013
vn 0.088 0.995 -0.056
vn -0.054 0.998 -0.019
vn -0.025 0.999 0.040
vn 0.027 0.996 0.081
vn 0.090 0.979 0.182
vn 0.008 0.986 0.164
vn 0.081 0.961 0.265
vn -0.160 0.824 0.543
vn 0.183 0.983 0.015
vn -0.351 0.883 0.313
vn -0.238 0.940 0.243
vn 0.123 0.992 -0.023
vn 0.081 0.968 0.237
vn 0.153 0.987 0.051
vn -0.013 0.997 0.082
vn 0.024 0.996 -0.081
vn 0.014 0.992 -0.129
vn 0.078 0.995 0.069
vn 0.013 0.996 -0.091
vn -0.165 0.984 0.068
vn 0.012 0.985 0.171
vn 0.080 0.983 0.165
vn 0.112 0.979 -0.169
vn 0.305 0.936 -0.178
vn -0.156 0.982 0.104
vn -0.182 0.975 0.129
vn 0.021 0.988 0.154
vn -0.052 0.951 0.306
vn -0.236 0.952 -0.196
vn 0.184 0.948 0.261
vn -0.146 0.976 0.160
vn -0.242 0.911 -0.333
vn 0.432 0.793 0.430
vn 0.074 0.994 0.079
vn -0.063 0.998 -0.022
vn 0.192 0.945 0.266
vn 0.255 0.931 0.261
vn 0.276 0.956 0.095
vn -0.086 0.996 -0.008
vn -0.208 0.969 0.134
vn -0.144 0.981 -0.130
vn 0.349 0.937 -0.014
vn 0.282 0.959 -0.018
vn 0.227 0.937 0.267
vn -0.186 0.980 0.066
vn 0.145 0.977 -0.154
vn 0.142 0.989 0.032
vn 0.232 0.967 0.108
vn 0.203 0.972 0.119
vn 0.086 0.991 0.100
vn 0.089 0.991 0.104
vn -0.031 0.999 0.024
vn 0.040 0.994 -0.100
vn -0.047 0.999 -0.009
vn -0.172 0.982 0.075
vn -0.242 0.945 0.220
vn 0.058 0.995 0.080
vn -0.085 0.963 0.257
vn -0.108 0.926 0.361
vn -0.093 0.989 0.111
vn -0.045 0.990 0.135
vn -0.516 0.854 0.065
vn -0.237 0.971 -0.020
vn 0.053 0.998 0.036
vn -0.147 0.989 -0.014
vn 0.075 0.993 0.088
vn 0.144 0.990 0.004
vn 0.063 0.997 -0.052
vn 0.040 0.999 0.032
vn 0.078 0.996 0.052
vn -0.149 0.982 0.117
vn -0.089 0.996 -0.003
vn 0.197 0.979 -0.053
vn 0.024 1.000 0.013
vn -0.023 1.000 -0.019
vn -0.028 0.999 -0.016
vn 0.034 0.999 -0.035
vn 0.047 0.996 -0.082
vn 0.124 0.980 -0.153
vn 0.111 0.981 -0.158
vn -0.115 0.990 -0.076
vn -0.086 0.990 -0.116
vn 0.051 0.991 0.123
vn 0.060 0.987 -0.146
vn 0.324 0.946 0.005
vn 0.340 0.933 -0.119
vn 0.030 0.997 0.067
vn 0.087 0.996 0.035
vn -0.048 0.998 0.049
vn -0.051 0.996 0.068
vn -0.078 0.996 0.031
vn 0.016 0.977 -0.211
vn -0.110 0.993 0.047
vn 0.102 0.992 0.076
vn 0.051 0.972 0.228
vn -0.038 0.999 -0.039
vn -0.073 0.981 0.178
vn 0.031 0.995 0.100
vn -0.021 0.995 0.103
vn 0.332 0.917 -0.220
vn -0.108 0.991 -0.079
vn 0.145 0.987 0.067
vn 0.034 0.998 0.048
vn 0.134 0.991 0.013
vn 0.057 0.998 -0.002
vn 0.005 1.000 0.021
vn -0.084 0.995 0.052
vn -0.180 0.984 0.016
vn -0.293 0.955 -0.033
vn -0.206 0.978 -0.041
vn -0.019 0.998 0.062
vn -0.207 0.978 -0.013
vn -0.133 0.990 0.048
vn -0.140 0.984 -0.115
vn 0.190 0.968 0.163
vn 0.189 0.954 0.235
vn 0.057 0.994 -0.091
vn -0.064 0.993 0.100
vn 0.293 0.955 -0.038
vn 0.226 0.974 -0.013
vn -0.121 0.986 0.111
vn 0.139 0.990 0.024
vn -0.026 0.968 0.250
vn 0.012 0.949 0.316
vn 0.008 0.990 0.142
vn -0.027 0.999 0.032
vn 0.142 0.987 -0.074
vn -0.049 0.998 0.025
vn -0.016 0.999 0.029
vn 0.043 0.999 0.009
vn 0.174 0.968 -0.179
vn 0.048 0.984 -0.171
vn 0.023 1.000 0.020
vn 0.051 0.995 0.088
vn -0.079 0.996 0.033
vn -0.023 0.998 -0.063
vn -0.107 0.993 0.058
vn 0.007 0.998 0.065
vn 0.150 0.988 -0.045
vn -0.092 0.988 -0.123
vn -0.094 0.994 -0.051
vn -0.215 0.975 0.065
vn 0.317 0.948 0.004
vn 0.225 0.972 0.066
vn 0.406 0.912 -0.049
vn -0.150 0.978 0.142
vn 0.527 0.849 0.022
vn 0.225 0.972 -0.061
vn -0.023 0.996 0.081
vn 0.136 0.990 -0.032
vn 0.112 0.992 -0.053
vn 0.008 1.000 0.029
vn -0.041 0.996 0.075
vn -0.040 0.999 0.031
vn -0.088 0.996 -0.033
vn -0.110 0.987 -0.120
vn -0.071 0.986 -0.154
vn -0.272 0.881 -0.386
vn -0.064 0.997 -0.042
vn -0.191 0.950 -0.246
vn -0.118 0.989 -0.093
vn 0.007 0.992 0.123
vn -0.025 0.991 -0.135
vn -0.011 1.000 0.021
vn -0.050 0.996 0.080
vn -0.037 0.977 0.210
vn -0.075 0.992 0.099
vn -0.067 0.991 -0.115
vn -0.299 0.954 0.003
vn 0.010 0.988 0.156
vn 0.024 0.999 -0.042
vn 0.124 0.992 -0.008
vn -0.050 0.998 0.035
vn 0.039 0.999 0.026
vn 0.098 0.991 -0.088
vn 0.008 0.996 -0.092
vn 0.178 0.983 0.033
vn 0.098 0.995 -0.017
vn 0.285 0.951 0.118
vn -0.504 0.837 -0.212
vn -0.107 0.994 -0.003
vn -0.143 0.987 -0.069
vn 0.155 0.983 -0.094
vn 0.126 0.990 -0.066
vn -0.119 0.989 0.089
vn -0.009 0.997 0.082
vn -0.008 0.994 0.105
vn 0.106 0.989 0.103
vn -0.049 0.999 -0.005
vn -0.158 0.987 0.013
vn 0.045 0.999 0.019
vn 0.050 0.982 0.180
vn 0.019 0.975 0.223
vn 0.039 0.962 0.271
vn -0.138 0.966 0.217
vn -0.059 0.995 0.078
vn 0.007 1.000 -0.018
vn -0.197 0.979 -0.054
vn -0.175 0.967 -0.187
vn -0.225 0.974 -0.029
vn 0.088 0.996 -0.031
vn 0.070 0.985 -0.159
vn 0.213 0.934 0.286
vn 0.161 0.938 0.308
vn -0.144 0.988 0.061
vn 0.170 0.983 -0.063
vn -0.138 0.990 0.011
vn -0.087 0.995 -0.053
vn 0.285 0.956 0.072
vn 0.237 0.965 0.117
vn 0.091 0.990 0.104
vn -0.024 0.998 0.052
vn 0.018 1.000 -0.025
vn -0.042 0.999 -0.010
vn -0.071 0.997 0.042
vn -0.013 0.999 -0.046
vn -0.016 0.989 -0.149
vn -0.132 0.981 -0.141
vn -0.175 0.984 -0.005
vn -0.163 0.987 0.011
vn 0.043 0.993 -0.112
vn 0.049 0.998 -0.027
vn -0.155 0.986 -0.062
vn 0.085 0.996 0.029
vn 0.215 0.975 -0.053
vn -0.078 0.996 -0.049
vn -0.081 0.931 -0.356
vn 0.056 0.997 0.044
vn -0.015 0.990 0.141
vn -0.325 0.943 -0.069
vn -0.306 0.952 -0.026
vn -0.031 0.991 0.130
vn -0.114 0.993 0.028
vn 0.154 0.987 0.035
vn 0.243 0.970 0.033
vn 0.042 0.995 0.090
vn -0.180 0.977 0.113
vn 0.144 0.987 0.070
vn -0.086 0.996 0.008
vn -0.040 0.998 -0.042
vn 0.129 0.979 0.156
vn -0.046 0.997 0.058
vn -0.148 0.988 0.048
vn -0.022 0.995 0.094
vn 0.026 0.983 0.182
vn 0.114 0.989 0.097
vn 0.044 0.996 0.079
vn 0.089 0.995 -0.038
vn -0.103 0.945 -0.310
vn -0.038 0.990 -0.137
vn 0.049 0.983 -0.175
vn -0.207 0.971 -0.122
vn -0.047 0.986 -0.162
vn 0.193 0.938 0.289
vn 0.105 0.983 0.151
vn 0.019 0.997 0.078
vn -0.088 0.992 0.090
vn 0.029 0.999 -0.035
vn 0.043 0.996 -0.080
vn -0.095 0.995 0.044
vn -0.204 0.973 0.109
vn -0.088 0.986 0.139
vn -0.269 0.963 -0.022
vn 0.017 0.995 0.099
vn -0.196 0.955 0.224
vn 0.094 0.986 -0.137
vn -0.161 0.985 0.061
vn 0.148 0.981 0.123
vn 0.049 0.993 0.104
vn 0.038 0.996 0.082
vn -0.058 0.989 -0.134
vn 0.058 0.967 -0.246
vn 0.235 0.971 0.031
vn 0.312 0.928 0.205
vn 0.273 0.956 0.105
vn -0.094 0.995 -0.032
vn -0.130 0.991 0.012
vn 0.071 0.995 -0.075
vn 0.041 0.979 0.200
vn -0.033 0.995 0.089
vn -0.148 0.982 0.114
vn 0.192 0.955 -0.227
vn 0.044 0.994 0.102
vn 0.225 0.951 0.212
vn 0.042 0.977 -0.210
vn 0.228 0.965 0.131
vn -0.270 0.961 -0.053
vn -0.037 0.902 -0.431
vn 0.114 0.988 0.108
vn -0.190 0.977 -0.098
vn -0.076 0.996 0.051
vn 0.136 0.985 -0.104
vn -0.019 0.995 -0.096
vn -0.106 0.994 0.015
vn 0.064 0.962 -0.265
vn 0.173 0.985 0.004
vn 0.176 0.984 -0.007
vn -0.082 0.997 -0.008
vn -0.136 0.991 0.011
vn -0.070 0.996 -0.046
vn -0.040 0.987 0.155
vn 0.320 0.947 -0.014
vn 0.248 0.969 -0.018
vn -0.090 0.996 -0.011
vn 0.061 0.944 -0.324
vn 0.057 0.994 0.094
vn -0.411 0.895 0.172
vn 0.080 0.843 0.533
vn 0.104 0.994 0.034
vn 0.184 0.981 0.065
vn 0.065 0.987 0.147
vn -0.157 0.988 -0.014
vn 0.224 0.911 0.345
vn -0.070 0.994 -0.085
vn -0.170 0.979 0.110
vn -0.261 0.961 0.092
vn -0.210 0.958 0.196
vn 0.051 0.995 0.091
vn 0.222 0.937 0.268
vn 0.061 0.970 0.237
vn 0.072 0.996 0.046
vn 0.042 0.998 0.035
vn -0.044 0.993 0.112
vn -0.111 0.991 0.076
vn -0.188 0.982 0.017
vn -0.220 0.972 -0.083
vn -0.214 0.954 0.208
vn -0.072 0.997 -0.036
vn 0.101 0.969 0.227
vn 0.020 1.000 -0.001
vn -0.004 1.000 -0.001
vn 0.133 0.988 0.074
vn 0.166 0.983 0.084
vn 0.030 0.993 -0.116
vn 0.015 0.995 0.103
vn -0.037 0.998 -0.053
vn -0.130 0.991 0.044
vn -0.150 0.938 -0.311
vn -0.025 0.996 -0.083
vn 0.020 1.000 0.023
vn -0.029 0.998 0.063
vn 0.056 0.998 0.005
vn -0.015 0.998 0.068
vn -0.049 0.998 0.034
vn -0.194 0.976 0.103
vn -0.147 0.985 0.087
vn 0.043 0.999 0.013
vn 0.141 0.971 0.191
vn 0.081 0.987 0.136
vn 0.056 0.988 0.146
vn 0.104 0.994 0.028
vn 0.035 0.999 0.017
vn 0.002 0.999 0.041
vn -0.092 0.996 0.012
vn -0.065 0.993 -0.100
vn -0.090 0.991 -0.096
vn 0.014 0.999 -0.049
vn -0.043 0.997 -0.066
vn -0.113 0.990 -0.082
vn -0.069 0.996 0.056
vn -0.062 0.962 0.267
vn 0.070 0.995 -0.075
vn 0.019 0.999 0.028
vn 0.254 0.958 0.131
vn 0.184 0.980 -0.078
vn -0.168 0.974 0.150
vn 0.198 0.886 0.420
vn -0.101 0.995 0.026
vn -0.158 0.987 0.002
vn 0.019 1.000 0.017
vn 0.018 0.992 0.124
vn 0.252 0.961 0.113
vn 0.091 0.992 0.086
vn 0.014 0.995 0.103
vn -0.011 0.999 0.052
vn -0.055 0.998 0.044
vn -0.071 0.997 -0.034
vn -0.164 0.980 -0.114
vn -0.039 0.974 -0.222
vn -0.056 0.975 -0.213
vn -0.108 0.978 -0.178
vn 0.189 0.979 -0.078
vn 0.479 0.869 -0.124
vn -0.202 0.949 0.243
vn 0.261 0.958 0.118
vn -0.051 0.997 0.050
vn 0.245 0.966 -0.078
vn -0.079 0.977 0.199
vn 0.038 0.871 0.489
vn 0.378 0.924 0.060
vn 0.178 0.971 0.157
vn 0.067 0.996 0.060
vn 0.447 0.895 -0.010
vn -0.198 0.979 -0.042
vn -0.103 0.994 -0.022
vn 0.133 0.991 -0.013
vn -0.055 0.998 -0.016
vn -0.021 0.997 0.077
vn 0.166 0.985 0.044
vn 0.101 0.990 0.098
vn 0.076 0.995 0.069
vn -0.024 0.999 0.043
vn -0.047 0.992 0.115
vn -0.022 0.992 0.128
vn 0.062 0.996 -0.065
vn -0.151 0.987 -0.047
vn -0.007 0.998 0.058
vn -0.031 0.996 0.080
vn 0.032 0.999 0.020
vn 0.152 0.950 0.272
vn -0.007 0.990 0.144
vn -0.031 0.996 0.079
vn -0.069 0.998 0.003
vn -0.169 0.985 -0.033
vn 0.130 0.991 0.031
vn 0.354 0.927 0.128
vn 0.085 0.992 0.088
vn 0.098 0.984 0.149
vn 0.053 0.995 0.080
vn -0.010 0.997 0.072
vn -0.033 0.999 0.027
vn 0.014 0.999 -0.038
vn -0.057 0.991 -0.121
vn 0.025 0.985 -0.169
vn -0.147 0.983 -0.113
vn -0.085 0.985 -0.149
vn -0.182 0.983 -0.024
vn -0.169 0.980 -0.110
vn -0.203 0.979 -0.004
vn 0.245 0.968 0.052
vn -0.258 0.962 -0.088
vn 0.222 0.970 -0.094
vn 0.029 0.998 0.047
vn 0.129 0.986 0.103
vn 0.199 0.929 0.311
vn -0.233 0.969 0.086
vn -0.060 0.998 -0.012
vn -0.209 0.935 -0.287
vn 0.125 0.989 -0.075
vn 0.155 0.956 0.248
vn -0.097 0.994 -0.057
vn 0.004 0.998 0.062
vn -0.006 1.000 -0.026
vn 0.067 0.993 0.096
vn 0.106 0.988 0.111
vn 0.089 0.991 0.101
vn -0.109 0.974 0.199
vn -0.102 0.974 0.204
vn 0.122 0.988 0.091
vn 0.134 0.986 0.102
vn -0.134 0.981 0.141
vn -0.233 0.967 -0.106
vn -0.186 0.972 -0.142
vn -0.029 0.969 -0.244
vn -0.030 0.997 0.068
vn 0.022 0.999 0.046
vn 0.090 0.996 -0.029
vn -0.058 0.998 0.033
vn -0.085 0.994 0.062
vn -0.141 0.986 0.087
vn -0.049 0.998 0.050
vn 0.132 0.991 0.031
vn 0.100 0.992 0.079
vn 0.089 0.988 0.123
vn 0.052 0.997 0.054
vn 0.045 0.999 0.006
vn 0.039 0.999 -0.024
vn -0.056 0.998 0.039
vn 0.031 0.999 -0.021
vn -0.049 0.987 -0.153
vn -0.334 0.940 -0.070
vn -0.115 0.897 -0.426
vn -0.266 0.961 0.079
vn -0.235 0.967 0.100
vn -0.260 0.965 0.034
vn -0.332 0.857 -0.394
vn 0.043 0.927 -0.371
vn -0.403 0.662 -0.632
vn 0.063 0.842 -0.536
vn 0.013 0.999 0.033
vn -0.289 0.942 -0.171
vn -0.130 0.992 -0.002
vn 0.017 0.976 0.216
vn -0.044 0.992 -0.121
vn -0.033 0.991 -0.131
vn 0.056 0.993 0.107
vn 0.128 0.979 0.161
vn -0.170 0.978 0.121
vn 0.168 0.982 0.083
vn 0.000 0.999 -0.039
vn -0.328 0.825 -0.460
vn -0.162 0.981 0.106
vn -0.182 0.913 -0.364
vn -0.114 0.957 -0.265
vn 0.052 0.988 -0.144
vn -0.073 0.985 -0.158
vn -0.102 0.995 -0.012
vn 0.037 0.999 0.016
vn 0.102 0.994 0.043
vn 0.008 0.994 0.112
vn -0.052 0.999 0.017
vn -0.019 0.999 -0.039
vn 0.043 0.996 0.079
vn 0.015 0.987 0.160
vn -0.011 0.992 0.128
vn 0.082 0.924 0.375
vn -0.108 0.991 0.078
vn -0.034 0.988 0.153
vn -0.250 0.926 0.283
vn -0.113 0.989 0.097
vn 0.024 1.000 0.011
vn 0.110 0.994 -0.006
vn -0.029 0.991 -0.133
vn 0.110 0.988 0.109
vn 0.257 0.910 -0.327
vn -0.006 0.972 0.233
vn -0.144 0.976 -0.162
vn -0.167 0.964 0.208
vn -0.072 0.997 0.008
vn -0.163 0.987 -0.000
vn -0.234 0.963 -0.137
vn -0.358 0.930 0.089
vn -0.111 0.975 0.192
vn -0.112 0.990 0.089
vn 0.096 0.991 -0.094
vn 0.124 0.980 -0.155
vn -0.062 0.996 0.057
vn 0.113 0.990 0.086
vn 0.042 0.986 0.160
vn 0.113 0.991 0.074
vn -0.027 0.994 0.103
vn 0.015 0.998 0.062
vn 0.152 0.986 -0.073
vn 0.128 0.991 -0.029
vn 0.093 0.924 -0.372
vn 0.004 0.992 -0.128
vn -0.151 0.807 -0.570
vn -0.164 0.905 -0.392
vn 0.318 0.914 -0.253
vn -0.241 0.660 -0.711
vn -0.159 0.855 -0.494
vn -0.021 0.888 -0.460
vn -0.023 0.944 -0.329
vn -0.070 0.861 -0.504
vn -0.164 0.897 -0.410
vn -0.315 0.868 -0.383
vn -0.228 0.878 -0.420
vn -0.127 0.988 -0.092
vn -0.122 0.870 -0.478
vn 0.071 0.976 0.207
vt 0.000000 0.000000
vt 0.031250 0.000000
vt 0.062500 0.000000
vt 0.093750 0.000000
vt 0.125000 0.000000
vt 0.156250 0.000000
vt 0.187500 0.000000
vt 0.218750 0.000000
vt 0.250000 0.000000
vt 0.281250 0.000000
vt 0.312500 0.000000
vt 0.343750 0.000000
vt 0.375000 0.000000
vt 0.406250 0.000000
vt 0.437500 0.000000
vt 0.468750 0.000000
vt 0.500000 0.000000
vt 0.531250 0.000000
vt 0.515625 0.000000
vt 0.562500 0.000000
vt 0.546875 0.000000
vt 0.593750 0.000000
vt 0.625000 0.000000
vt 0.656250 0.000000
vt 0.640625 0.000000
vt 0.687500 0.000000
vt 0.671875 0.000000
vt 0.718750 0.000000
vt 0.703125 0.000000
vt 0.750000 0.000000
vt 0.734375 0.000000
vt 0.781250 0.000000
vt 0.812500 0.000000
vt 0.843750 0.000000
vt 0.875000 0.000000
vt 0.906250 0.000000
vt 0.937500 0.000000
vt 0.921875 0.000000
vt 0.968750 0.000000
vt 0.953125 0.000000
vt 1.000000 0.000000
vt 0.984375 0.000000
vt 0.000000 0.031250
vt 0.031250 0.031250
vt 0.062500 0.031250
vt 0.078125 0.015625
vt 0.093750 0.031250
vt 0.078125 0.031250
vt 0.125000 0.031250
vt 0.156250 0.031250
vt 0.187500 0.031250
vt 0.218750 0.031250
vt 0.250000 0.031250
vt 0.281250 0.031250
vt 0.312500 0.031250
vt 0.343750 0.031250
vt 0.375000 0.031250
vt 0.406250 0.031250
vt 0.437500 0.031250
vt 0.468750 0.031250
vt 0.500000 0.031250
vt 0.515625 0.015625
vt 0.523438 0.007813
vt 0.531250 0.031250
vt 0.531250 0.015625
vt 0.531250 0.007813
vt 0.546875 0.015625
vt 0.539063 0.007813
vt 0.562500 0.031250
vt 0.593750 0.031250
vt 0.609375 0.015625
vt 0.625000 0.031250
vt 0.625000 0.015625
vt 0.640625 0.015625
vt 0.632813 0.023438
vt 0.656250 0.015625
vt 0.648438 0.023438
vt 0.656250 0.031250
vt 0.640625 0.031250
vt 0.640625 0.023438
vt 0.671875 0.015625
vt 0.679687 0.007813
vt 0.687500 0.031250
vt 0.687500 0.015625
vt 0.687500 0.007813
vt 0.703125 0.015625
vt 0.695313 0.007813
vt 0.710938 0.007813
vt 0.703125 0.007813
vt 0.718750 0.031250
vt 0.718750 0.015625
vt 0.718750 0.007813
vt 0.734375 0.015625
vt 0.726562 0.007813
vt 0.726562 0.023438
vt 0.750000 0.031250
vt 0.734375 0.031250
vt 0.781250 0.031250
vt 0.812500 0.031250
vt 0.843750 0.031250
vt 0.875000 0.031250
vt 0.906250 0.031250
vt 0.921875 0.015625
vt 0.937500 0.031250
vt 0.921875 0.031250
vt 0.953125 0.015625
vt 0.960938 0.007813
vt 0.960938 0.023438
vt 0.968750 0.015625
vt 0.960938 0.015625
vt 0.968750 0.031250
vt 0.953125 0.031250
vt 0.984375 0.015625
vt 0.976562 0.007813
vt 1.000000 0.031250
vt 0.000000 0.062500
vt 0.031250 0.062500
vt 0.062500 0.062500
vt 0.078125 0.046875
vt 0.093750 0.062500
vt 0.125000 0.062500
vt 0.156250 0.062500
vt 0.187500 0.062500
vt 0.218750 0.062500
vt 0.250000 0.062500
vt 0.281250 0.062500
vt 0.312500 0.062500
vt 0.343750 0.062500
vt 0.375000 0.062500
vt 0.390625 0.046875
vt 0.406250 0.062500
vt 0.390625 0.062500
vt 0.437500 0.062500
vt 0.468750 0.062500
vt 0.500000 0.062500
vt 0.531250 0.062500
vt 0.562500 0.062500
vt 0.593750 0.062500
vt 0.625000 0.062500
vt 0.640625 0.046875
vt 0.656250 0.062500
vt 0.671875 0.046875
vt 0.687500 0.062500
vt 0.687500 0.046875
vt 0.703125 0.046875
vt 0.718750 0.062500
vt 0.734375 0.046875
vt 0.750000 0.062500
vt 0.765625 0.046875
vt 0.781250 0.062500
vt 0.765625 0.062500
vt 0.812500 0.062500
vt 0.843750 0.062500
vt 0.875000 0.062500
vt 0.906250 0.062500
vt 0.921875 0.046875
vt 0.929687 0.039063
vt 0.937500 0.062500
vt 0.937500 0.046875
vt 0.953125 0.046875
vt 0.968750 0.062500
vt 0.953125 0.062500
vt 0.984375 0.046875
vt 1.000000 0.062500
vt 0.000000 0.093750
vt 0.015625 0.078125
vt 0.031250 0.093750
vt 0.015625 0.093750
vt 0.062500 0.093750
vt 0.078125 0.078125
vt 0.093750 0.093750
vt 0.078125 0.093750
vt 0.125000 0.093750
vt 0.156250 0.093750
vt 0.187500 0.093750
vt 0.218750 0.093750
vt 0.250000 0.093750
vt 0.281250 0.093750
vt 0.312500 0.093750
vt 0.343750 0.093750
vt 0.375000 0.093750
vt 0.390625 0.078125
vt 0.406250 0.093750
vt 0.437500 0.093750
vt 0.468750 0.093750
vt 0.500000 0.093750
vt 0.531250 0.093750
vt 0.562500 0.093750
vt 0.593750 0.093750
vt 0.625000 0.093750
vt 0.640625 0.078125
vt 0.656250 0.078125
vt 0.648438 0.085938
vt 0.656250 0.093750
vt 0.640625 0.093750
vt 0.671875 0.078125
vt 0.664063 0.085938
vt 0.687500 0.093750
vt 0.671875 0.093750
vt 0.703125 0.078125
vt 0.718750 0.093750
vt 0.734375 0.078125
vt 0.750000 0.093750
vt 0.734375 0.093750
vt 0.765625 0.078125
vt 0.773438 0.070313
vt 0.773438 0.085938
vt 0.781250 0.078125
vt 0.773438 0.078125
vt 0.781250 0.093750
vt 0.765625 0.093750
vt 0.796875 0.078125
vt 0.789063 0.085938
vt 0.812500 0.093750
vt 0.796875 0.093750
vt 0.789063 0.093750
vt 0.843750 0.093750
vt 0.875000 0.093750
vt 0.906250 0.093750
vt 0.937500 0.093750
vt 0.953125 0.078125
vt 0.968750 0.093750
vt 0.968750 0.078125
vt 0.953125 0.093750
vt 0.984375 0.078125
vt 0.976562 0.085938
vt 1.000000 0.093750
vt 0.984375 0.093750
vt 0.000000 0.109375
vt 0.000000 0.125000
vt 0.015625 0.109375
vt 0.007813 0.101563
vt 0.023438 0.101563
vt 0.015625 0.101563
vt 0.031250 0.125000
vt 0.031250 0.109375
vt 0.015625 0.125000
vt 0.046875 0.109375
vt 0.062500 0.125000
vt 0.078125 0.109375
vt 0.093750 0.125000
vt 0.078125 0.125000
vt 0.125000 0.125000
vt 0.156250 0.125000
vt 0.187500 0.125000
vt 0.218750 0.125000
vt 0.250000 0.125000
vt 0.281250 0.125000
vt 0.312500 0.125000
vt 0.343750 0.125000
vt 0.375000 0.125000
vt 0.406250 0.125000
vt 0.437500 0.125000
vt 0.468750 0.125000
vt 0.500000 0.125000
vt 0.531250 0.125000
vt 0.562500 0.125000
vt 0.578125 0.109375
vt 0.593750 0.125000
vt 0.593750 0.109375
vt 0.578125 0.125000
vt 0.609375 0.109375
vt 0.601562 0.117187
vt 0.625000 0.109375
vt 0.617188 0.117187
vt 0.625000 0.125000
vt 0.609375 0.125000
vt 0.640625 0.109375
vt 0.656250 0.109375
vt 0.648438 0.117187
vt 0.656250 0.125000
vt 0.640625 0.125000
vt 0.671875 0.109375
vt 0.687500 0.109375
vt 0.679687 0.117187
vt 0.687500 0.125000
vt 0.687500 0.117187
vt 0.671875 0.125000
vt 0.703125 0.109375
vt 0.695313 0.117187
vt 0.718750 0.125000
vt 0.718750 0.109375
vt 0.703125 0.125000
vt 0.695313 0.125000
vt 0.726562 0.101563
vt 0.726562 0.109375
vt 0.734375 0.109375
vt 0.726562 0.117187
vt 0.750000 0.125000
vt 0.734375 0.125000
vt 0.765625 0.109375
vt 0.781250 0.125000
vt 0.781250 0.109375
vt 0.765625 0.125000
vt 0.796875 0.109375
vt 0.789063 0.101563
vt 0.812500 0.125000
vt 0.828125 0.109375
vt 0.843750 0.125000
vt 0.843750 0.109375
vt 0.859375 0.109375
vt 0.851562 0.117187
vt 0.875000 0.125000
vt 0.859375 0.125000
vt 0.906250 0.125000
vt 0.937500 0.125000
vt 0.953125 0.109375
vt 0.960938 0.101563
vt 0.968750 0.125000
vt 0.968750 0.109375
vt 0.984375 0.109375
vt 1.000000 0.125000
vt 1.000000 0.109375
vt 0.984375 0.125000
vt 0.000000 0.156250
vt 0.000000 0.140625
vt 0.015625 0.140625
vt 0.007813 0.132813
vt 0.031250 0.156250
vt 0.046875 0.140625
vt 0.062500 0.156250
vt 0.062500 0.140625
vt 0.078125 0.140625
vt 0.070313 0.132813
vt 0.093750 0.156250
vt 0.125000 0.156250
vt 0.156250 0.156250
vt 0.187500 0.156250
vt 0.218750 0.156250
vt 0.250000 0.156250
vt 0.281250 0.156250
vt 0.312500 0.156250
vt 0.343750 0.156250
vt 0.359375 0.140625
vt 0.375000 0.156250
vt 0.359375 0.156250
vt 0.390625 0.140625
vt 0.406250 0.156250
vt 0.406250 0.140625
vt 0.421875 0.140625
vt 0.414063 0.148437
vt 0.437500 0.156250
vt 0.421875 0.156250
vt 0.414063 0.156250
vt 0.453125 0.140625
vt 0.468750 0.156250
vt 0.453125 0.156250
vt 0.484375 0.140625
vt 0.500000 0.156250
vt 0.484375 0.156250
vt 0.531250 0.156250
vt 0.546875 0.140625
vt 0.562500 0.140625
vt 0.554687 0.148437
vt 0.562500 0.156250
vt 0.546875 0.156250
vt 0.570313 0.132813
vt 0.570313 0.140625
vt 0.578125 0.140625
vt 0.570313 0.148437
vt 0.593750 0.156250
vt 0.578125 0.156250
vt 0.609375 0.140625
vt 0.625000 0.156250
vt 0.640625 0.140625
vt 0.656250 0.156250
vt 0.671875 0.140625
vt 0.687500 0.156250
vt 0.687500 0.140625
vt 0.703125 0.140625
vt 0.695313 0.132813
vt 0.710938 0.132813
vt 0.703125 0.132813
vt 0.718750 0.156250
vt 0.718750 0.140625
vt 0.718750 0.132813
vt 0.726562 0.140625
vt 0.726562 0.132813
vt 0.722656 0.136719
vt 0.734375 0.140625
vt 0.726562 0.148437
vt 0.730469 0.144531
vt 0.750000 0.140625
vt 0.742188 0.148437
vt 0.750000 0.156250
vt 0.734375 0.156250
vt 0.734375 0.148437
vt 0.742188 0.156250
vt 0.738281 0.152344
vt 0.765625 0.140625
vt 0.773438 0.132813
vt 0.781250 0.156250
vt 0.781250 0.140625
vt 0.796875 0.140625
vt 0.812500 0.156250
vt 0.812500 0.140625
vt 0.828125 0.140625
vt 0.820313 0.148437
vt 0.843750 0.156250
vt 0.828125 0.156250
vt 0.859375 0.140625
vt 0.875000 0.156250
vt 0.890625 0.140625
vt 0.906250 0.156250
vt 0.937500 0.156250
vt 0.953125 0.140625
vt 0.968750 0.156250
vt 0.968750 0.140625
vt 0.984375 0.140625
vt 0.976562 0.132813
vt 0.992188 0.132813
vt 0.984375 0.132813
vt 1.000000 0.140625
vt 0.992188 0.148437
vt 1.000000 0.156250
vt 1.000000 0.148437
vt 0.984375 0.156250
vt 0.000000 0.187500
vt 0.031250 0.187500
vt 0.062500 0.187500
vt 0.093750 0.187500
vt 0.109375 0.171875
vt 0.125000 0.187500
vt 0.125000 0.171875
vt 0.140625 0.171875
vt 0.156250 0.187500
vt 0.187500 0.187500
vt 0.218750 0.187500
vt 0.250000 0.187500
vt 0.281250 0.187500
vt 0.312500 0.187500
vt 0.343750 0.187500
vt 0.359375 0.171875
vt 0.375000 0.187500
vt 0.390625 0.171875
vt 0.406250 0.187500
vt 0.406250 0.171875
vt 0.421875 0.171875
vt 0.414063 0.164063
vt 0.437500 0.187500
vt 0.453125 0.171875
vt 0.468750 0.187500
vt 0.468750 0.171875
vt 0.476563 0.164063
vt 0.476563 0.171875
vt 0.484375 0.171875
vt 0.476563 0.179687
vt 0.500000 0.171875
vt 0.492188 0.179687
vt 0.500000 0.187500
vt 0.484375 0.187500
vt 0.484375 0.179687
vt 0.515625 0.171875
vt 0.531250 0.187500
vt 0.531250 0.171875
vt 0.546875 0.171875
vt 0.562500 0.187500
vt 0.578125 0.171875
vt 0.593750 0.187500
vt 0.625000 0.187500
vt 0.656250 0.187500
vt 0.687500 0.187500
vt 0.718750 0.187500
vt 0.734375 0.171875
vt 0.742188 0.164063
vt 0.750000 0.187500
vt 0.750000 0.171875
vt 0.765625 0.171875
vt 0.781250 0.187500
vt 0.812500 0.187500
vt 0.828125 0.171875
vt 0.843750 0.187500
vt 0.875000 0.187500
vt 0.906250 0.187500
vt 0.937500 0.187500
vt 0.968750 0.187500
vt 0.984375 0.171875
vt 1.000000 0.187500
vt 0.000000 0.218750
vt 0.031250 0.218750
vt 0.062500 0.218750
vt 0.093750 0.218750
vt 0.125000 0.218750
vt 0.156250 0.218750
vt 0.187500 0.218750
vt 0.218750 0.218750
vt 0.250000 0.218750
vt 0.265625 0.203125
vt 0.281250 0.218750
vt 0.312500 0.218750
vt 0.343750 0.218750
vt 0.375000 0.218750
vt 0.406250 0.218750
vt 0.437500 0.218750
vt 0.468750 0.218750
vt 0.484375 0.203125
vt 0.500000 0.218750
vt 0.531250 0.218750
vt 0.562500 0.218750
vt 0.593750 0.218750
vt 0.625000 0.218750
vt 0.656250 0.218750
vt 0.687500 0.218750
vt 0.718750 0.218750
vt 0.750000 0.218750
vt 0.781250 0.218750
vt 0.812500 0.218750
vt 0.843750 0.218750
vt 0.875000 0.218750
vt 0.906250 0.218750
vt 0.937500 0.218750
vt 0.968750 0.218750
vt 1.000000 0.218750
vt 0.000000 0.250000
vt 0.031250 0.250000
vt 0.062500 0.250000
vt 0.093750 0.250000
vt 0.125000 0.250000
vt 0.156250 0.250000
vt 0.187500 0.250000
vt 0.218750 0.250000
vt 0.250000 0.250000
vt 0.281250 0.250000
vt 0.312500 0.250000
vt 0.343750 0.250000
vt 0.375000 0.250000
vt 0.406250 0.250000
vt 0.437500 0.250000
vt 0.468750 0.250000
vt 0.500000 0.250000
vt 0.531250 0.250000
vt 0.562500 0.250000
vt 0.593750 0.250000
vt 0.625000 0.250000
vt 0.656250 0.250000
vt 0.671875 0.234375
vt 0.687500 0.250000
vt 0.687500 0.234375
vt 0.703125 0.234375
vt 0.718750 0.250000
vt 0.703125 0.250000
vt 0.750000 0.250000
vt 0.765625 0.234375
vt 0.781250 0.250000
vt 0.765625 0.250000
vt 0.812500 0.250000
vt 0.828125 0.234375
vt 0.843750 0.234375
vt 0.835938 0.242187
vt 0.843750 0.250000
vt 0.828125 0.250000
vt 0.859375 0.234375
vt 0.875000 0.250000
vt 0.906250 0.250000
vt 0.937500 0.250000
vt 0.968750 0.250000
vt 1.000000 0.250000
vt 0.000000 0.281250
vt 0.031250 0.281250
vt 0.062500 0.281250
vt 0.093750 0.281250
vt 0.125000 0.281250
vt 0.156250 0.281250
vt 0.187500 0.281250
vt 0.218750 0.281250
vt 0.250000 0.281250
vt 0.281250 0.281250
vt 0.312500 0.281250
vt 0.343750 0.281250
vt 0.375000 0.281250
vt 0.406250 0.281250
vt 0.421875 0.265625
vt 0.437500 0.281250
vt 0.421875 0.281250
vt 0.468750 0.281250
vt 0.500000 0.281250
vt 0.531250 0.281250
vt 0.562500 0.281250
vt 0.593750 0.281250
vt 0.625000 0.281250
vt 0.656250 0.281250
vt 0.687500 0.281250
vt 0.703125 0.265625
vt 0.710938 0.257813
vt 0.718750 0.281250
vt 0.718750 0.265625
vt 0.734375 0.265625
vt 0.726562 0.273438
vt 0.750000 0.281250
vt 0.750000 0.265625
vt 0.734375 0.281250
vt 0.765625 0.265625
vt 0.757813 0.257813
vt 0.773438 0.257813
vt 0.765625 0.257813
vt 0.769531 0.261719
vt 0.773438 0.273438
vt 0.781250 0.265625
vt 0.773438 0.265625
vt 0.781250 0.281250
vt 0.765625 0.281250
vt 0.796875 0.265625
vt 0.812500 0.281250
vt 0.828125 0.265625
vt 0.843750 0.281250
vt 0.828125 0.281250
vt 0.875000 0.281250
vt 0.906250 0.281250
vt 0.937500 0.281250
vt 0.968750 0.281250
vt 1.000000 0.281250
vt 0.000000 0.312500
vt 0.031250 0.312500
vt 0.046875 0.296875
vt 0.062500 0.312500
vt 0.062500 0.296875
vt 0.078125 0.296875
vt 0.093750 0.312500
vt 0.125000 0.312500
vt 0.156250 0.312500
vt 0.187500 0.312500
vt 0.218750 0.312500
vt 0.250000 0.312500
vt 0.281250 0.312500
vt 0.312500 0.312500
vt 0.343750 0.312500
vt 0.375000 0.312500
vt 0.406250 0.312500
vt 0.421875 0.296875
vt 0.437500 0.312500
vt 0.468750 0.312500
vt 0.500000 0.312500
vt 0.531250 0.312500
vt 0.562500 0.312500
vt 0.593750 0.312500
vt 0.625000 0.312500
vt 0.656250 0.312500
vt 0.687500 0.312500
vt 0.718750 0.312500
vt 0.734375 0.296875
vt 0.750000 0.312500
vt 0.750000 0.296875
vt 0.765625 0.296875
vt 0.757813 0.304688
vt 0.781250 0.296875
vt 0.773438 0.304688
vt 0.781250 0.312500
vt 0.765625 0.304688
vt 0.761719 0.308594
vt 0.765625 0.312500
vt 0.757813 0.312500
vt 0.796875 0.296875
vt 0.812500 0.312500
vt 0.828125 0.296875
vt 0.843750 0.312500
vt 0.875000 0.312500
vt 0.906250 0.312500
vt 0.937500 0.312500
vt 0.968750 0.312500
vt 1.000000 0.312500
vt 0.000000 0.343750
vt 0.031250 0.343750
vt 0.062500 0.343750
vt 0.093750 0.343750
vt 0.125000 0.343750
vt 0.156250 0.343750
vt 0.187500 0.343750
vt 0.218750 0.343750
vt 0.250000 0.343750
vt 0.281250 0.343750
vt 0.312500 0.343750
vt 0.343750 0.343750
vt 0.375000 0.343750
vt 0.406250 0.343750
vt 0.437500 0.343750
vt 0.468750 0.343750
vt 0.500000 0.343750
vt 0.531250 0.343750
vt 0.562500 0.343750
vt 0.593750 0.343750
vt 0.625000 0.343750
vt 0.656250 0.343750
vt 0.687500 0.343750
vt 0.718750 0.343750
vt 0.734375 0.328125
vt 0.750000 0.328125
vt 0.742188 0.335938
vt 0.750000 0.335938
vt 0.746094 0.339844
vt 0.750000 0.343750
vt 0.734375 0.343750
vt 0.742188 0.343750
vt 0.765625 0.328125
vt 0.757813 0.320313
vt 0.757813 0.335938
vt 0.781250 0.343750
vt 0.765625 0.343750
vt 0.796875 0.328125
vt 0.812500 0.328125
vt 0.804687 0.335938
vt 0.812500 0.343750
vt 0.796875 0.343750
vt 0.828125 0.328125
vt 0.843750 0.343750
vt 0.875000 0.343750
vt 0.906250 0.343750
vt 0.937500 0.343750
vt 0.953125 0.328125
vt 0.968750 0.343750
vt 0.984375 0.328125
vt 1.000000 0.343750
vt 0.984375 0.343750
vt 0.000000 0.375000
vt 0.031250 0.375000
vt 0.062500 0.375000
vt 0.093750 0.375000
vt 0.125000 0.375000
vt 0.156250 0.375000
vt 0.187500 0.375000
vt 0.218750 0.375000
vt 0.250000 0.375000
vt 0.281250 0.375000
vt 0.312500 0.375000
vt 0.343750 0.375000
vt 0.375000 0.375000
vt 0.406250 0.375000
vt 0.437500 0.375000
vt 0.468750 0.375000
vt 0.500000 0.375000
vt 0.531250 0.375000
vt 0.562500 0.375000
vt 0.593750 0.375000
vt 0.625000 0.375000
vt 0.656250 0.375000
vt 0.687500 0.375000
vt 0.718750 0.375000
vt 0.734375 0.359375
vt 0.742188 0.351563
vt 0.750000 0.375000
vt 0.750000 0.359375
vt 0.765625 0.359375
vt 0.781250 0.375000
vt 0.796875 0.359375
vt 0.812500 0.375000
vt 0.828125 0.359375
vt 0.843750 0.375000
vt 0.859375 0.359375
vt 0.875000 0.375000
vt 0.859375 0.375000
vt 0.906250 0.375000
vt 0.937500 0.375000
vt 0.968750 0.375000
vt 0.984375 0.359375
vt 1.000000 0.375000
vt 0.000000 0.406250
vt 0.031250 0.406250
vt 0.062500 0.406250
vt 0.093750 0.406250
vt 0.125000 0.406250
vt 0.156250 0.406250
vt 0.187500 0.406250
vt 0.218750 0.406250
vt 0.250000 0.406250
vt 0.281250 0.406250
vt 0.312500 0.406250
vt 0.343750 0.406250
vt 0.375000 0.406250
vt 0.406250 0.406250
vt 0.437500 0.406250
vt 0.468750 0.406250
vt 0.500000 0.406250
vt 0.531250 0.406250
vt 0.562500 0.406250
vt 0.593750 0.406250
vt 0.625000 0.406250
vt 0.656250 0.406250
vt 0.687500 0.406250
vt 0.718750 0.406250
vt 0.750000 0.406250
vt 0.765625 0.390625
vt 0.781250 0.406250
vt 0.765625 0.406250
vt 0.812500 0.406250
vt 0.828125 0.390625
vt 0.843750 0.406250
vt 0.843750 0.390625
vt 0.859375 0.390625
vt 0.851562 0.382813
vt 0.867188 0.382813
vt 0.859375 0.382813
vt 0.875000 0.406250
vt 0.875000 0.390625
vt 0.890625 0.390625
vt 0.906250 0.406250
vt 0.937500 0.406250
vt 0.968750 0.406250
vt 1.000000 0.406250
vt 0.000000 0.437500
vt 0.031250 0.437500
vt 0.062500 0.437500
vt 0.093750 0.437500
vt 0.125000 0.437500
vt 0.156250 0.437500
vt 0.187500 0.437500
vt 0.218750 0.437500
vt 0.250000 0.437500
vt 0.281250 0.437500
vt 0.312500 0.437500
vt 0.343750 0.437500
vt 0.375000 0.437500
vt 0.406250 0.437500
vt 0.437500 0.437500
vt 0.468750 0.437500
vt 0.500000 0.437500
vt 0.531250 0.437500
vt 0.562500 0.437500
vt 0.593750 0.437500
vt 0.625000 0.437500
vt 0.656250 0.437500
vt 0.687500 0.437500
vt 0.718750 0.437500
vt 0.750000 0.437500
vt 0.765625 0.421875
vt 0.773438 0.414063
vt 0.781250 0.437500
vt 0.781250 0.421875
vt 0.796875 0.421875
vt 0.812500 0.437500
vt 0.796875 0.437500
vt 0.843750 0.437500
vt 0.875000 0.437500
vt 0.906250 0.437500
vt 0.937500 0.437500
vt 0.968750 0.437500
vt 1.000000 0.437500
vt 0.000000 0.468750
vt 0.031250 0.468750
vt 0.062500 0.468750
vt 0.093750 0.468750
vt 0.125000 0.468750
vt 0.156250 0.468750
vt 0.187500 0.468750
vt 0.218750 0.468750
vt 0.250000 0.468750
vt 0.281250 0.468750
vt 0.312500 0.468750
vt 0.343750 0.468750
vt 0.375000 0.468750
vt 0.406250 0.468750
vt 0.437500 0.468750
vt 0.468750 0.468750
vt 0.500000 0.468750
vt 0.531250 0.468750
vt 0.562500 0.468750
vt 0.593750 0.468750
vt 0.609375 0.453125
vt 0.625000 0.468750
vt 0.656250 0.468750
vt 0.687500 0.468750
vt 0.718750 0.468750
vt 0.750000 0.468750
vt 0.781250 0.468750
vt 0.796875 0.453125
vt 0.804687 0.445313
vt 0.812500 0.468750
vt 0.812500 0.453125
vt 0.796875 0.468750
vt 0.828125 0.453125
vt 0.843750 0.468750
vt 0.859375 0.453125
vt 0.875000 0.468750
vt 0.875000 0.453125
vt 0.890625 0.453125
vt 0.906250 0.468750
vt 0.921875 0.453125
vt 0.937500 0.468750
vt 0.953125 0.453125
vt 0.968750 0.468750
vt 0.953125 0.468750
vt 0.984375 0.453125
vt 1.000000 0.468750
vt 0.984375 0.468750
vt 0.000000 0.500000
vt 0.031250 0.500000
vt 0.062500 0.500000
vt 0.093750 0.500000
vt 0.125000 0.500000
vt 0.156250 0.500000
vt 0.187500 0.500000
vt 0.218750 0.500000
vt 0.250000 0.500000
vt 0.281250 0.500000
vt 0.312500 0.500000
vt 0.343750 0.500000
vt 0.375000 0.500000
vt 0.406250 0.500000
vt 0.437500 0.500000
vt 0.468750 0.500000
vt 0.500000 0.500000
vt 0.531250 0.500000
vt 0.562500 0.500000
vt 0.593750 0.500000
vt 0.625000 0.500000
vt 0.656250 0.500000
vt 0.687500 0.500000
vt 0.718750 0.500000
vt 0.750000 0.500000
vt 0.765625 0.484375
vt 0.781250 0.500000
vt 0.796875 0.484375
vt 0.804687 0.476563
vt 0.812500 0.500000
vt 0.812500 0.484375
vt 0.828125 0.484375
vt 0.843750 0.500000
vt 0.859375 0.484375
vt 0.875000 0.500000
vt 0.859375 0.500000
vt 0.890625 0.484375
vt 0.906250 0.500000
vt 0.890625 0.500000
vt 0.937500 0.500000
vt 0.953125 0.484375
vt 0.960938 0.476563
vt 0.968750 0.500000
vt 0.968750 0.484375
vt 0.968750 0.476563
vt 0.984375 0.484375
vt 0.976562 0.476563
vt 1.000000 0.500000
vt 1.000000 0.484375
vt 0.000000 0.531250
vt 0.031250 0.531250
vt 0.062500 0.531250
vt 0.093750 0.531250
vt 0.125000 0.531250
vt 0.156250 0.531250
vt 0.187500 0.531250
vt 0.218750 0.531250
vt 0.250000 0.531250
vt 0.281250 0.531250
vt 0.312500 0.531250
vt 0.343750 0.531250
vt 0.375000 0.531250
vt 0.406250 0.531250
vt 0.437500 0.531250
vt 0.468750 0.531250
vt 0.500000 0.531250
vt 0.531250 0.531250
vt 0.562500 0.531250
vt 0.593750 0.531250
vt 0.625000 0.531250
vt 0.656250 0.531250
vt 0.687500 0.531250
vt 0.718750 0.531250
vt 0.750000 0.531250
vt 0.781250 0.531250
vt 0.812500 0.531250
vt 0.843750 0.531250
vt 0.859375 0.515625
vt 0.867188 0.507813
vt 0.875000 0.531250
vt 0.875000 0.515625
vt 0.875000 0.507813
vt 0.882813 0.507813
vt 0.882813 0.515625
vt 0.890625 0.515625
vt 0.882813 0.523438
vt 0.906250 0.515625
vt 0.898438 0.523438
vt 0.906250 0.531250
vt 0.890625 0.531250
vt 0.898438 0.531250
vt 0.921875 0.515625
vt 0.937500 0.531250
vt 0.921875 0.531250
vt 0.968750 0.531250
vt 1.000000 0.531250
vt 0.000000 0.562500
vt 0.031250 0.562500
vt 0.062500 0.562500
vt 0.093750 0.562500
vt 0.125000 0.562500
vt 0.156250 0.562500
vt 0.187500 0.562500
vt 0.218750 0.562500
vt 0.250000 0.562500
vt 0.281250 0.562500
vt 0.312500 0.562500
vt 0.343750 0.562500
vt 0.375000 0.562500
vt 0.406250 0.562500
vt 0.437500 0.562500
vt 0.468750 0.562500
vt 0.500000 0.562500
vt 0.531250 0.562500
vt 0.562500 0.562500
vt 0.593750 0.562500
vt 0.625000 0.562500
vt 0.656250 0.562500
vt 0.687500 0.562500
vt 0.718750 0.562500
vt 0.750000 0.562500
vt 0.781250 0.562500
vt 0.812500 0.562500
vt 0.843750 0.562500
vt 0.875000 0.562500
vt 0.890625 0.546875
vt 0.898438 0.539063
vt 0.906250 0.562500
vt 0.906250 0.546875
vt 0.921875 0.546875
vt 0.914063 0.539063
vt 0.937500 0.562500
vt 0.968750 0.562500
vt 1.000000 0.562500
vt 0.000000 0.593750
vt 0.031250 0.593750
vt 0.062500 0.593750
vt 0.093750 0.593750
vt 0.125000 0.593750
vt 0.156250 0.593750
vt 0.187500 0.593750
vt 0.218750 0.593750
vt 0.250000 0.593750
vt 0.281250 0.593750
vt 0.312500 0.593750
vt 0.343750 0.593750
vt 0.375000 0.593750
vt 0.406250 0.593750
vt 0.437500 0.593750
vt 0.468750 0.593750
vt 0.500000 0.593750
vt 0.531250 0.593750
vt 0.562500 0.593750
vt 0.593750 0.593750
vt 0.625000 0.593750
vt 0.656250 0.593750
vt 0.687500 0.593750
vt 0.718750 0.593750
vt 0.750000 0.593750
vt 0.781250 0.593750
vt 0.812500 0.593750
vt 0.843750 0.593750
vt 0.875000 0.593750
vt 0.890625 0.578125
vt 0.906250 0.593750
vt 0.921875 0.578125
vt 0.937500 0.593750
vt 0.968750 0.593750
vt 0.984375 0.578125
vt 1.000000 0.593750
vt 1.000000 0.578125
vt 0.000000 0.625000
vt 0.031250 0.625000
vt 0.062500 0.625000
vt 0.093750 0.625000
vt 0.125000 0.625000
vt 0.156250 0.625000
vt 0.171875 0.609375
vt 0.187500 0.625000
vt 0.171875 0.625000
vt 0.218750 0.625000
vt 0.234375 0.609375
vt 0.250000 0.625000
vt 0.234375 0.625000
vt 0.281250 0.625000
vt 0.312500 0.625000
vt 0.343750 0.625000
vt 0.375000 0.625000
vt 0.390625 0.609375
vt 0.406250 0.625000
vt 0.390625 0.625000
vt 0.421875 0.609375
vt 0.437500 0.625000
vt 0.468750 0.625000
vt 0.500000 0.625000
vt 0.531250 0.625000
vt 0.562500 0.625000
vt 0.593750 0.625000
vt 0.625000 0.625000
vt 0.656250 0.625000
vt 0.687500 0.625000
vt 0.718750 0.625000
vt 0.750000 0.625000
vt 0.781250 0.625000
vt 0.812500 0.625000
vt 0.843750 0.625000
vt 0.875000 0.625000
vt 0.906250 0.625000
vt 0.937500 0.625000
vt 0.968750 0.625000
vt 0.984375 0.609375
vt 1.000000 0.625000
vt 0.000000 0.656250
vt 0.031250 0.656250
vt 0.062500 0.656250
vt 0.078125 0.640625
vt 0.093750 0.656250
vt 0.093750 0.640625
vt 0.078125 0.656250
vt 0.109375 0.640625
vt 0.101563 0.648438
vt 0.125000 0.640625
vt 0.117187 0.648438
vt 0.125000 0.656250
vt 0.125000 0.648438
vt 0.109375 0.656250
vt 0.101563 0.656250
vt 0.140625 0.640625
vt 0.132813 0.648438
vt 0.156250 0.656250
vt 0.156250 0.640625
vt 0.140625 0.656250
vt 0.171875 0.640625
vt 0.164063 0.632813
vt 0.187500 0.656250
vt 0.187500 0.640625
vt 0.203125 0.640625
vt 0.195313 0.648438
vt 0.218750 0.640625
vt 0.210937 0.648438
vt 0.218750 0.656250
vt 0.203125 0.656250
vt 0.203125 0.648438
vt 0.234375 0.640625
vt 0.226563 0.632813
vt 0.242187 0.632813
vt 0.234375 0.632813
vt 0.250000 0.656250
vt 0.250000 0.640625
vt 0.265625 0.640625
vt 0.281250 0.656250
vt 0.296875 0.640625
vt 0.312500 0.640625
vt 0.304688 0.648438
vt 0.312500 0.656250
vt 0.296875 0.656250
vt 0.328125 0.640625
vt 0.343750 0.656250
vt 0.359375 0.640625
vt 0.375000 0.656250
vt 0.375000 0.640625
vt 0.390625 0.640625
vt 0.382813 0.632813
vt 0.398438 0.632813
vt 0.390625 0.632813
vt 0.406250 0.656250
vt 0.406250 0.640625
vt 0.421875 0.640625
vt 0.437500 0.656250
vt 0.468750 0.656250
vt 0.484375 0.640625
vt 0.500000 0.656250
vt 0.484375 0.656250
vt 0.531250 0.656250
vt 0.562500 0.656250
vt 0.593750 0.656250
vt 0.625000 0.656250
vt 0.656250 0.656250
vt 0.687500 0.656250
vt 0.718750 0.656250
vt 0.750000 0.656250
vt 0.781250 0.656250
vt 0.796875 0.640625
vt 0.812500 0.656250
vt 0.796875 0.656250
vt 0.828125 0.640625
vt 0.843750 0.656250
vt 0.843750 0.640625
vt 0.859375 0.640625
vt 0.875000 0.656250
vt 0.906250 0.656250
vt 0.937500 0.656250
vt 0.968750 0.656250
vt 1.000000 0.656250
vt 0.000000 0.687500
vt 0.031250 0.687500
vt 0.046875 0.671875
vt 0.062500 0.687500
vt 0.046875 0.687500
vt 0.078125 0.671875
vt 0.085938 0.664063
vt 0.085938 0.679687
vt 0.093750 0.671875
vt 0.085938 0.671875
vt 0.093750 0.687500
vt 0.093750 0.664063
vt 0.089844 0.667969
vt 0.078125 0.687500
vt 0.109375 0.671875
vt 0.101563 0.664063
vt 0.097656 0.660156
vt 0.125000 0.687500
vt 0.140625 0.671875
vt 0.156250 0.687500
vt 0.140625 0.687500
vt 0.187500 0.687500
vt 0.203125 0.671875
vt 0.218750 0.687500
vt 0.234375 0.671875
vt 0.250000 0.687500
vt 0.250000 0.671875
vt 0.265625 0.671875
vt 0.281250 0.687500
vt 0.296875 0.671875
vt 0.312500 0.687500
vt 0.296875 0.687500
vt 0.343750 0.687500
vt 0.375000 0.687500
vt 0.406250 0.687500
vt 0.437500 0.687500
vt 0.453125 0.671875
vt 0.468750 0.687500
vt 0.468750 0.671875
vt 0.453125 0.687500
vt 0.476563 0.664063
vt 0.476563 0.671875
vt 0.484375 0.671875
vt 0.476563 0.679687
vt 0.500000 0.687500
vt 0.484375 0.687500
vt 0.531250 0.687500
vt 0.562500 0.687500
vt 0.593750 0.687500
vt 0.625000 0.687500
vt 0.656250 0.687500
vt 0.687500 0.687500
vt 0.718750 0.687500
vt 0.750000 0.687500
vt 0.781250 0.687500
vt 0.796875 0.671875
vt 0.812500 0.687500
vt 0.812500 0.671875
vt 0.828125 0.671875
vt 0.843750 0.687500
vt 0.828125 0.687500
vt 0.875000 0.687500
vt 0.906250 0.687500
vt 0.937500 0.687500
vt 0.968750 0.687500
vt 1.000000 0.687500
vt 0.000000 0.718750
vt 0.015625 0.703125
vt 0.031250 0.718750
vt 0.031250 0.703125
vt 0.046875 0.703125
vt 0.062500 0.718750
vt 0.078125 0.703125
vt 0.093750 0.718750
vt 0.109375 0.703125
vt 0.125000 0.718750
vt 0.125000 0.703125
vt 0.140625 0.703125
vt 0.132813 0.695313
vt 0.148437 0.695313
vt 0.140625 0.695313
vt 0.156250 0.718750
vt 0.156250 0.703125
vt 0.171875 0.703125
vt 0.187500 0.718750
vt 0.218750 0.718750
vt 0.250000 0.718750
vt 0.281250 0.718750
vt 0.296875 0.703125
vt 0.312500 0.718750
vt 0.296875 0.718750
vt 0.328125 0.703125
vt 0.343750 0.718750
vt 0.328125 0.718750
vt 0.375000 0.718750
vt 0.390625 0.703125
vt 0.406250 0.703125
vt 0.398438 0.710938
vt 0.406250 0.718750
vt 0.406250 0.710938
vt 0.390625 0.718750
vt 0.421875 0.703125
vt 0.414063 0.710938
vt 0.410156 0.714844
vt 0.437500 0.718750
vt 0.421875 0.718750
vt 0.414063 0.718750
vt 0.453125 0.703125
vt 0.460938 0.695313
vt 0.468750 0.718750
vt 0.468750 0.703125
vt 0.484375 0.703125
vt 0.492188 0.695313
vt 0.492188 0.710938
vt 0.500000 0.703125
vt 0.492188 0.703125
vt 0.500000 0.718750
vt 0.484375 0.718750
vt 0.515625 0.703125
vt 0.531250 0.718750
vt 0.562500 0.718750
vt 0.593750 0.718750
vt 0.625000 0.718750
vt 0.656250 0.718750
vt 0.687500 0.718750
vt 0.703125 0.703125
vt 0.718750 0.718750
vt 0.718750 0.703125
vt 0.734375 0.703125
vt 0.726562 0.710938
vt 0.750000 0.718750
vt 0.734375 0.718750
vt 0.726562 0.718750
vt 0.781250 0.718750
vt 0.812500 0.718750
vt 0.828125 0.703125
vt 0.843750 0.718750
vt 0.875000 0.718750
vt 0.906250 0.718750
vt 0.937500 0.718750
vt 0.968750 0.718750
vt 1.000000 0.718750
vt 0.000000 0.750000
vt 0.031250 0.750000
vt 0.062500 0.750000
vt 0.093750 0.750000
vt 0.125000 0.750000
vt 0.156250 0.750000
vt 0.187500 0.750000
vt 0.218750 0.750000
vt 0.250000 0.750000
vt 0.281250 0.750000
vt 0.296875 0.734375
vt 0.312500 0.750000
vt 0.328125 0.734375
vt 0.335938 0.726562
vt 0.343750 0.750000
vt 0.343750 0.734375
vt 0.359375 0.734375
vt 0.375000 0.750000
vt 0.390625 0.734375
vt 0.406250 0.750000
vt 0.406250 0.734375
vt 0.421875 0.734375
vt 0.414063 0.726562
vt 0.437500 0.750000
vt 0.453125 0.734375
vt 0.468750 0.750000
vt 0.468750 0.734375
vt 0.484375 0.734375
vt 0.476563 0.726562
vt 0.500000 0.750000
vt 0.531250 0.750000
vt 0.562500 0.750000
vt 0.593750 0.750000
vt 0.625000 0.750000
vt 0.656250 0.750000
vt 0.687500 0.750000
vt 0.703125 0.734375
vt 0.718750 0.750000
vt 0.718750 0.734375
vt 0.734375 0.734375
vt 0.726562 0.726562
vt 0.750000 0.750000
vt 0.765625 0.734375
vt 0.781250 0.750000
vt 0.765625 0.750000
vt 0.812500 0.750000
vt 0.843750 0.750000
vt 0.859375 0.734375
vt 0.875000 0.750000
vt 0.859375 0.750000
vt 0.906250 0.750000
vt 0.937500 0.750000
vt 0.968750 0.750000
vt 1.000000 0.750000
vt 0.000000 0.781250
vt 0.031250 0.781250
vt 0.062500 0.781250
vt 0.093750 0.781250
vt 0.125000 0.781250
vt 0.156250 0.781250
vt 0.187500 0.781250
vt 0.218750 0.781250
vt 0.250000 0.781250
vt 0.281250 0.781250
vt 0.312500 0.781250
vt 0.343750 0.781250
vt 0.375000 0.781250
vt 0.406250 0.781250
vt 0.437500 0.781250
vt 0.468750 0.781250
vt 0.484375 0.765625
vt 0.500000 0.765625
vt 0.492188 0.773438
vt 0.500000 0.781250
vt 0.484375 0.781250
vt 0.492188 0.781250
vt 0.515625 0.765625
vt 0.531250 0.781250
vt 0.562500 0.781250
vt 0.593750 0.781250
vt 0.625000 0.781250
vt 0.656250 0.781250
vt 0.687500 0.781250
vt 0.718750 0.781250
vt 0.750000 0.781250
vt 0.765625 0.765625
vt 0.773438 0.757813
vt 0.781250 0.781250
vt 0.781250 0.765625
vt 0.796875 0.765625
vt 0.812500 0.781250
vt 0.843750 0.781250
vt 0.859375 0.765625
vt 0.875000 0.781250
vt 0.890625 0.765625
vt 0.906250 0.781250
vt 0.906250 0.765625
vt 0.921875 0.765625
vt 0.937500 0.781250
vt 0.968750 0.781250
vt 1.000000 0.781250
vt 0.000000 0.812500
vt 0.031250 0.812500
vt 0.046875 0.796875
vt 0.062500 0.796875
vt 0.054688 0.804687
vt 0.062500 0.812500
vt 0.046875 0.812500
vt 0.054688 0.812500
vt 0.078125 0.796875
vt 0.093750 0.812500
vt 0.125000 0.812500
vt 0.156250 0.812500
vt 0.187500 0.812500
vt 0.218750 0.812500
vt 0.250000 0.812500
vt 0.281250 0.812500
vt 0.312500 0.812500
vt 0.343750 0.812500
vt 0.375000 0.812500
vt 0.390625 0.796875
vt 0.406250 0.812500
vt 0.406250 0.796875
vt 0.421875 0.796875
vt 0.437500 0.812500
vt 0.453125 0.796875
vt 0.468750 0.812500
vt 0.468750 0.796875
vt 0.484375 0.796875
vt 0.476563 0.804687
vt 0.492188 0.789063
vt 0.500000 0.796875
vt 0.492188 0.804687
vt 0.500000 0.812500
vt 0.484375 0.812500
vt 0.484375 0.804687
vt 0.515625 0.796875
vt 0.531250 0.812500
vt 0.562500 0.812500
vt 0.593750 0.812500
vt 0.625000 0.812500
vt 0.656250 0.812500
vt 0.687500 0.812500
vt 0.718750 0.812500
vt 0.750000 0.812500
vt 0.781250 0.812500
vt 0.812500 0.812500
vt 0.843750 0.812500
vt 0.875000 0.812500
vt 0.906250 0.812500
vt 0.937500 0.812500
vt 0.953125 0.796875
vt 0.968750 0.812500
vt 0.953125 0.812500
vt 1.000000 0.812500
vt 0.000000 0.843750
vt 0.031250 0.843750
vt 0.046875 0.828125
vt 0.054688 0.820313
vt 0.062500 0.843750
vt 0.062500 0.828125
vt 0.078125 0.828125
vt 0.093750 0.843750
vt 0.125000 0.843750
vt 0.156250 0.843750
vt 0.187500 0.843750
vt 0.218750 0.843750
vt 0.234375 0.828125
vt 0.250000 0.843750
vt 0.281250 0.843750
vt 0.312500 0.843750
vt 0.343750 0.843750
vt 0.375000 0.843750
vt 0.406250 0.843750
vt 0.437500 0.843750
vt 0.468750 0.843750
vt 0.484375 0.828125
vt 0.500000 0.843750
vt 0.515625 0.828125
vt 0.531250 0.843750
vt 0.515625 0.843750
vt 0.562500 0.843750
vt 0.593750 0.843750
vt 0.625000 0.843750
vt 0.656250 0.843750
vt 0.687500 0.843750
vt 0.718750 0.843750
vt 0.750000 0.843750
vt 0.781250 0.843750
vt 0.812500 0.843750
vt 0.828125 0.828125
vt 0.843750 0.843750
vt 0.828125 0.843750
vt 0.859375 0.828125
vt 0.875000 0.843750
vt 0.859375 0.843750
vt 0.906250 0.843750
vt 0.937500 0.843750
vt 0.953125 0.828125
vt 0.968750 0.843750
vt 0.968750 0.828125
vt 0.984375 0.828125
vt 0.976562 0.835938
vt 1.000000 0.843750
vt 1.000000 0.828125
vt 0.984375 0.843750
vt 0.000000 0.875000
vt 0.031250 0.875000
vt 0.046875 0.859375
vt 0.062500 0.875000
vt 0.062500 0.859375
vt 0.078125 0.859375
vt 0.070313 0.867188
vt 0.093750 0.875000
vt 0.078125 0.875000
vt 0.070313 0.875000
vt 0.125000 0.875000
vt 0.156250 0.875000
vt 0.171875 0.859375
vt 0.187500 0.875000
vt 0.218750 0.875000
vt 0.234375 0.859375
vt 0.250000 0.875000
vt 0.250000 0.859375
vt 0.265625 0.859375
vt 0.281250 0.875000
vt 0.312500 0.875000
vt 0.343750 0.875000
vt 0.359375 0.859375
vt 0.375000 0.875000
vt 0.375000 0.859375
vt 0.390625 0.859375
vt 0.382813 0.867188
vt 0.406250 0.875000
vt 0.390625 0.875000
vt 0.382813 0.875000
vt 0.437500 0.875000
vt 0.468750 0.875000
vt 0.484375 0.859375
vt 0.500000 0.875000
vt 0.515625 0.859375
vt 0.523438 0.851562
vt 0.531250 0.875000
vt 0.531250 0.859375
vt 0.546875 0.859375
vt 0.562500 0.875000
vt 0.593750 0.875000
vt 0.625000 0.875000
vt 0.656250 0.875000
vt 0.687500 0.875000
vt 0.718750 0.875000
vt 0.750000 0.875000
vt 0.781250 0.875000
vt 0.812500 0.875000
vt 0.828125 0.859375
vt 0.843750 0.875000
vt 0.859375 0.859375
vt 0.875000 0.875000
vt 0.906250 0.875000
vt 0.937500 0.875000
vt 0.968750 0.875000
vt 0.984375 0.859375
vt 1.000000 0.875000
vt 1.000000 0.859375
vt 0.984375 0.875000
vt 0.000000 0.906250
vt 0.000000 0.890625
vt 0.015625 0.890625
vt 0.031250 0.906250
vt 0.046875 0.890625
vt 0.062500 0.906250
vt 0.062500 0.890625
vt 0.078125 0.890625
vt 0.070313 0.882813
vt 0.093750 0.906250
vt 0.125000 0.906250
vt 0.140625 0.890625
vt 0.156250 0.906250
vt 0.187500 0.906250
vt 0.218750 0.906250
vt 0.250000 0.906250
vt 0.281250 0.906250
vt 0.312500 0.906250
vt 0.343750 0.906250
vt 0.359375 0.890625
vt 0.375000 0.906250
vt 0.375000 0.890625
vt 0.390625 0.890625
vt 0.382813 0.882813
vt 0.406250 0.906250
vt 0.437500 0.906250
vt 0.468750 0.906250
vt 0.484375 0.890625
vt 0.500000 0.906250
vt 0.484375 0.906250
vt 0.531250 0.906250
vt 0.562500 0.906250
vt 0.578125 0.890625
vt 0.593750 0.906250
vt 0.625000 0.906250
vt 0.656250 0.906250
vt 0.687500 0.906250
vt 0.718750 0.906250
vt 0.750000 0.906250
vt 0.781250 0.906250
vt 0.812500 0.906250
vt 0.843750 0.906250
vt 0.875000 0.906250
vt 0.906250 0.906250
vt 0.937500 0.906250
vt 0.953125 0.890625
vt 0.968750 0.890625
vt 0.960938 0.898438
vt 0.968750 0.906250
vt 0.953125 0.906250
vt 0.976562 0.882813
vt 0.976562 0.890625
vt 0.984375 0.890625
vt 0.976562 0.898438
vt 1.000000 0.906250
vt 0.984375 0.906250
vt 0.000000 0.937500
vt 0.031250 0.937500
vt 0.062500 0.937500
vt 0.093750 0.937500
vt 0.125000 0.937500
vt 0.156250 0.937500
vt 0.187500 0.937500
vt 0.218750 0.937500
vt 0.250000 0.937500
vt 0.281250 0.937500
vt 0.312500 0.937500
vt 0.343750 0.937500
vt 0.375000 0.937500
vt 0.406250 0.937500
vt 0.437500 0.937500
vt 0.468750 0.937500
vt 0.484375 0.921875
vt 0.500000 0.937500
vt 0.531250 0.937500
vt 0.562500 0.937500
vt 0.593750 0.937500
vt 0.609375 0.921875
vt 0.625000 0.937500
vt 0.609375 0.937500
vt 0.656250 0.937500
vt 0.687500 0.937500
vt 0.718750 0.937500
vt 0.750000 0.937500
vt 0.781250 0.937500
vt 0.812500 0.937500
vt 0.843750 0.937500
vt 0.875000 0.937500
vt 0.890625 0.921875
vt 0.906250 0.937500
vt 0.906250 0.921875
vt 0.921875 0.921875
vt 0.937500 0.937500
vt 0.921875 0.937500
vt 0.953125 0.921875
vt 0.968750 0.937500
vt 0.984375 0.921875
vt 1.000000 0.937500
vt 0.984375 0.937500
vt 0.000000 0.968750
vt 0.031250 0.968750
vt 0.046875 0.953125
vt 0.062500 0.968750
vt 0.046875 0.968750
vt 0.093750 0.968750
vt 0.125000 0.968750
vt 0.156250 0.968750
vt 0.187500 0.968750
vt 0.218750 0.968750
vt 0.250000 0.968750
vt 0.281250 0.968750
vt 0.312500 0.968750
vt 0.343750 0.968750
vt 0.375000 0.968750
vt 0.390625 0.953125
vt 0.406250 0.968750
vt 0.390625 0.968750
vt 0.437500 0.968750
vt 0.468750 0.968750
vt 0.500000 0.968750
vt 0.531250 0.968750
vt 0.562500 0.968750
vt 0.593750 0.968750
vt 0.609375 0.953125
vt 0.625000 0.968750
vt 0.656250 0.968750
vt 0.687500 0.968750
vt 0.718750 0.968750
vt 0.750000 0.968750
vt 0.781250 0.968750
vt 0.812500 0.968750
vt 0.843750 0.968750
vt 0.875000 0.968750
vt 0.890625 0.953125
vt 0.906250 0.968750
vt 0.906250 0.953125
vt 0.921875 0.953125
vt 0.914063 0.945313
vt 0.914063 0.960938
vt 0.937500 0.968750
vt 0.921875 0.968750
vt 0.914063 0.968750
vt 0.968750 0.968750
vt 0.984375 0.953125
vt 0.992188 0.945313
vt 1.000000 0.968750
vt 1.000000 0.953125
vt 0.000000 1.000000
vt 0.000000 0.984375
vt 0.015625 0.984375
vt 0.007813 0.992188
vt 0.031250 1.000000
vt 0.015625 1.000000
vt 0.046875 0.984375
vt 0.054688 0.976562
vt 0.062500 1.000000
vt 0.062500 0.984375
vt 0.078125 0.984375
vt 0.093750 1.000000
vt 0.125000 1.000000
vt 0.156250 1.000000
vt 0.187500 1.000000
vt 0.218750 1.000000
vt 0.250000 1.000000
vt 0.281250 1.000000
vt 0.312500 1.000000
vt 0.343750 1.000000
vt 0.375000 1.000000
vt 0.390625 0.984375
vt 0.398438 0.976562
vt 0.406250 1.000000
vt 0.406250 0.984375
vt 0.421875 0.984375
vt 0.437500 1.000000
vt 0.468750 1.000000
vt 0.484375 0.984375
vt 0.500000 1.000000
vt 0.500000 0.984375
vt 0.515625 0.984375
vt 0.507813 0.992188
vt 0.531250 0.984375
vt 0.523438 0.992188
vt 0.531250 1.000000
vt 0.515625 1.000000
vt 0.515625 0.992188
vt 0.546875 0.984375
vt 0.562500 1.000000
vt 0.593750 1.000000
vt 0.625000 1.000000
vt 0.656250 1.000000
vt 0.687500 1.000000
vt 0.718750 1.000000
vt 0.750000 1.000000
vt 0.781250 1.000000
vt 0.812500 1.000000
vt 0.843750 1.000000
vt 0.875000 1.000000
vt 0.890625 0.984375
vt 0.906250 1.000000
vt 0.906250 0.984375
vt 0.921875 0.984375
vt 0.914063 0.976562
vt 0.929687 0.976562
vt 0.921875 0.976562
vt 0.917969 0.972656
vt 0.937500 1.000000
vt 0.937500 0.984375
vt 0.953125 0.984375
vt 0.968750 1.000000
vt 0.953125 1.000000
vt 0.984375 0.984375
vt 1.000000 1.000000
vt 1.000000 0.984375
g terrain_g
usemtl terrain_mtl
f 43/43/43 1/1/1 2/2/2
f 2/2/2 44/44/44 43/43/43
f 44/44/44 2/2/2 3/3/3
f 3/3/3 45/45/45 44/44/44
f 3/3/3 46/46/46 45/45/45
f 4/4/4 46/46/46 3/3/3
f 47/47/47 46/46/46 4/4/4
f 46/46/46 48/48/48 45/45/45
f 47/47/47 48/48/48 46/46/46
f 47/47/47 4/4/4 5/5/5
f 5/5/5 49/49/49 47/47/47
f 49/49/49 5/5/5 6/6/6
f 6/6/6 50/50/50 49/49/49
f 50/50/50 6/6/6 7/7/7
f 7/7/7 51/51/51 50/50/50
f 51/51/51 7/7/7 8/8/8
f 8/8/8 52/52/52 51/51/51
f 52/52/52 8/8/8 9/9/9
f 9/9/9 53/53/53 52/52/52
f 53/53/53 9/9/9 10/10/10
f 10/10/10 54/54/54 53/53/53
f 54/54/54 10/10/10 11/11/11
f 11/11/11 55/55/55 54/54/54
f 55/55/55 11/11/11 12/12/12
f 12/12/12 56/56/56 55/55/55
f 56/56/56 12/12/12 13/13/13
f 13/13/13 57/57/57 56/56/56
f 57/57/57 13/13/13 14/14/14
f 14/14/14 58/58/58 57/57/57
f 58/58/58 14/14/14 15/15/15
f 15/15/15 59/59/59 58/58/58
f 59/59/59 15/15/15 16/16/16
f 16/16/16 60/60/60 59/59/59
f 60/60/60 16/16/16 17/17/17
f 17/17/17 61/61/61 60/60/60
f 17/17/17 62/62/62 61/61/61
f 19/19/19 63/63/63 62/62/62
f 18/18/18 63/63/63 19/19/19
f 17/17/17 19/19/19 62/62/62
f 62/62/62 65/65/65 64/64/64
f 63/63/63 66/66/66 65/65/65
f 18/18/18 66/66/66 63/63/63
f 62/62/62 63/63/63 65/65/65
f 61/61/61 62/62/62 64/64/64
f 65/65/65 68/68/68 67/67/67
f 68/68/68 66/66/66 18/18/18
f 65/65/65 66/66/66 68/68/68
f 64/64/64 65/65/65 67/67/67
f 67/67/67 21/21/21 20/20/20
f 21/21/21 68/68/68 18/18/18
f 67/67/67 68/68/68 21/21/21
f 69/69/69 67/67/67 20/20/20
f 64/64/64 67/67/67 69/69/69
f 69/69/69 20/20/20 22/22/22
f 22/22/22 70/70/70 69/69/69
f 22/22/22 71/71/71 70/70/70
f 23/23/23 71/71/71 22/22/22
f 71/71/71 73/73/73 72/72/72
f 23/23/23 73/73/73 71/71/71
f 70/70/70 71/71/71 72/72/72
f 74/74/74 73/73/73 23/23/23
f 73/73/73 75/75/75 72/72/72
f 74/74/74 75/75/75 73/73/73
f 74/74/74 25/25/25 24/24/24
f 23/23/23 25/25/25 74/74/74
f 76/76/76 77/77/77 74/74/74
f 78/78/78 77/77/77 76/76/76
f 24/24/24 76/76/76 74/74/74
f 75/75/75 80/80/80 79/79/79
f 74/74/74 80/80/80 75/75/75
f 72/72/72 75/75/75 79/79/79
f 79/79/79 77/77/77 78/78/78
f 77/77/77 80/80/80 74/74/74
f 79/79/79 80/80/80 77/77/77
f 81/81/81 76/76/76 24/24/24
f 78/78/78 76/76/76 81/81/81
f 27/27/27 82/82/82 81/81/81
f 26/26/26 82/82/82 27/27/27
f 24/24/24 27/27/27 81/81/81
f 81/81/81 84/84/84 83/83/83
f 82/82/82 85/85/85 84/84/84
f 26/26/26 85/85/85 82/82/82
f 81/81/81 82/82/82 84/84/84
f 78/78/78 81/81/81 83/83/83
f 84/84/84 87/87/87 86/86/86
f 87/87/87 85/85/85 26/26/26
f 84/84/84 85/85/85 87/87/87
f 83/83/83 84/84/84 86/86/86
f 88/88/88 89/89/89 29/29/29
f 86/86/86 89/89/89 88/88/88
f 28/28/28 88/88/88 29/29/29
f 29/29/29 87/87/87 26/26/26
f 87/87/87 89/89/89 86/86/86
f 29/29/29 89/89/89 87/87/87
f 86/86/86 91/91/91 90/90/90
f 88/88/88 92/92/92 91/91/91
f 28/28/28 92/92/92 88/88/88
f 86/86/86 88/88/88 91/91/91
f 83/83/83 86/86/86 90/90/90
f 91/91/91 94/94/94 93/93/93
f 94/94/94 92/92/92 28/28/28
f 91/91/91 92/92/92 94/94/94
f 91/91/91 95/95/95 90/90/90
f 93/93/93 95/95/95 91/91/91
f 93/93/93 31/31/31 30/30/30
f 31/31/31 94/94/94 28/28/28
f 93/93/93 94/94/94 31/31/31
f 96/96/96 93/93/93 30/30/30
f 97/97/97 95/95/95 93/93/93
f 90/90/90 95/95/95 97/97/97
f 96/96/96 97/97/97 93/93/93
f 96/96/96 30/30/30 32/32/32
f 32/32/32 98/98/98 96/96/96
f 98/98/98 32/32/32 33/33/33
f 33/33/33 99/99/99 98/98/98
f 99/99/99 33/33/33 34/34/34
f 34/34/34 100/100/100 99/99/99
f 100/100/100 34/34/34 35/35/35
f 35/35/35 101/101/101 100/100/100
f 101/101/101 35/35/35 36/36/36
f 36/36/36 102/102/102 101/101/101
f 36/36/36 103/103/103 102/102/102
f 103/103/103 38/38/38 37/37/37
f 36/36/36 38/38/38 103/103/103
f 104/104/104 103/103/103 37/37/37
f 103/103/103 105/105/105 102/102/102
f 104/104/104 105/105/105 103/103/103
f 37/37/37 106/106/106 104/104/104
f 40/40/40 107/107/107 106/106/106
f 39/39/39 107/107/107 40/40/40
f 37/37/37 40/40/40 106/106/106
f 108/108/108 110/110/110 109/109/109
f 106/106/106 110/110/110 108/108/108
f 111/111/111 108/108/108 109/109/109
f 109/109/109 107/107/107 39/39/39
f 107/107/107 110/110/110 106/106/106
f 109/109/109 110/110/110 107/107/107
f 106/106/106 112/112/112 104/104/104
f 112/112/112 108/108/108 111/111/111
f 106/106/106 108/108/108 112/112/112
f 109/109/109 114/114/114 113/113/113
f 39/39/39 114/114/114 109/109/109
f 111/111/111 109/109/109 113/113/113
f 113/113/113 42/42/42 41/41/41
f 42/42/42 114/114/114 39/39/39
f 113/113/113 114/114/114 42/42/42
f 115/115/115 113/113/113 41/41/41
f 111/111/111 113/113/113 115/115/115
f 116/116/116 43/43/43 44/44/44
f 44/44/44 117/117/117 116/116/116
f 117/117/117 44/44/44 45/45/45
f 45/45/45 118/118/118 117/117/117
f 45/45/45 119/119/119 118/118/118
f 119/119/119 48/48/48 47/47/47
f 45/45/45 48/48/48 119/119/119
f 120/120/120 119/119/119 47/47/47
f 118/118/118 119/119/119 120/120/120
f 120/120/120 47/47/47 49/49/49
f 49/49/49 121/121/121 120/120/120
f 121/121/121 49/49/49 50/50/50
f 50/50/50 122/122/122 121/121/121
f 122/122/122 50/50/50 51/51/51
f 51/51/51 123/123/123 122/122/122
f 123/123/123 51/51/51 52/52/52
f 52/52/52 124/124/124 123/123/123
f 124/124/124 52/52/52 53/53/53
f 53/53/53 125/125/125 124/124/124
f 125/125/125 53/53/53 54/54/54
f 54/54/54 126/126/126 125/125/125
f 126/126/126 54/54/54 55/55/55
f 55/55/55 127/127/127 126/126/126
f 127/127/127 55/55/55 56/56/56
f 56/56/56 128/128/128 127/127/127
f 128/128/128 56/56/56 57/57/57
f 57/57/57 129/129/129 128/128/128
f 57/57/57 130/130/130 129/129/129
f 58/58/58 130/130/130 57/57/57
f 131/131/131 130/130/130 58/58/58
f 130/130/130 132/132/132 129/129/129
f 131/131/131 132/132/132 130/130/130
f 131/131/131 58/58/58 59/59/59
f 59/59/59 133/133/133 131/131/131
f 133/133/133 59/59/59 60/60/60
f 60/60/60 134/134/134 133/133/133
f 134/134/134 60/60/60 61/61/61
f 61/61/61 135/135/135 134/134/134
f 135/135/135 61/61/61 64/64/64
f 64/64/64 136/136/136 135/135/135
f 136/136/136 64/64/64 69/69/69
f 69/69/69 137/137/137 136/136/136
f 137/137/137 69/69/69 70/70/70
f 70/70/70 138/138/138 137/137/137
f 138/138/138 70/70/70 72/72/72
f 72/72/72 139/139/139 138/138/138
f 72/72/72 140/140/140 139/139/139
f 140/140/140 79/79/79 78/78/78
f 72/72/72 79/79/79 140/140/140
f 141/141/141 140/140/140 78/78/78
f 139/139/139 140/140/140 141/141/141
f 78/78/78 142/142/142 141/141/141
f 83/83/83 142/142/142 78/78/78
f 142/142/142 144/144/144 143/143/143
f 83/83/83 144/144/144 142/142/142
f 141/141/141 142/142/142 143/143/143
f 145/145/145 144/144/144 83/83/83
f 143/143/143 144/144/144 145/145/145
f 90/90/90 145/145/145 83/83/83
f 146/146/146 145/145/145 90/90/90
f 143/143/143 145/145/145 146/146/146
f 90/90/90 147/147/147 146/146/146
f 147/147/147 97/97/97 96/96/96
f 90/90/90 97/97/97 147/147/147
f 148/148/148 147/147/147 96/96/96
f 146/146/146 147/147/147 148/148/148
f 96/96/96 149/149/149 148/148/148
f 98/98/98 149/149/149 96/96/96
f 150/150/150 149/149/149 98/98/98
f 149/149/149 151/151/151 148/148/148
f 150/150/150 151/151/151 149/149/149
f 150/150/150 98/98/98 99/99/99
f 99/99/99 152/152/152 150/150/150
f 152/152/152 99/99/99 100/100/100
f 100/100/100 153/153/153 152/152/152
f 153/153/153 100/100/100 101/101/101
f 101/101/101 154/154/154 153/153/153
f 154/154/154 101/101/101 102/102/102
f 102/102/102 155/155/155 154/154/154
f 102/102/102 156/156/156 155/155/155
f 105/105/105 157/157/157 156/156/156
f 104/104/104 157/157/157 105/105/105
f 102/102/102 105/105/105 156/156/156
f 156/156/156 159/159/159 158/158/158
f 159/159/159 157/157/157 104/104/104
f 156/156/156 157/157/157 159/159/159
f 155/155/155 156/156/156 158/158/158
f 160/160/160 159/159/159 104/104/104
f 158/158/158 159/159/159 160/160/160
f 160/160/160 112/112/112 111/111/111
f 104/104/104 112/112/112 160/160/160
f 161/161/161 160/160/160 111/111/111
f 160/160/160 162/162/162 158/158/158
f 161/161/161 162/162/162 160/160/160
f 111/111/111 163/163/163 161/161/161
f 115/115/115 163/163/163 111/111/111
f 164/164/164 163/163/163 115/115/115
f 161/161/161 163/163/163 164/164/164
f 116/116/116 166/166/166 165/165/165
f 117/117/117 166/166/166 116/116/116
f 167/167/167 166/166/166 117/117/117
f 166/166/166 168/168/168 165/165/165
f 167/167/167 168/168/168 166/166/166
f 167/167/167 117/117/117 118/118/118
f 118/118/118 169/169/169 167/167/167
f 118/118/118 170/170/170 169/169/169
f 120/120/120 170/170/170 118/118/118
f 171/171/171 170/170/170 120/120/120
f 170/170/170 172/172/172 169/169/169
f 171/171/171 172/172/172 170/170/170
f 171/171/171 120/120/120 121/121/121
f 121/121/121 173/173/173 171/171/171
f 173/173/173 121/121/121 122/122/122
f 122/122/122 174/174/174 173/173/173
f 174/174/174 122/122/122 123/123/123
f 123/123/123 175/175/175 174/174/174
f 175/175/175 123/123/123 124/124/124
f 124/124/124 176/176/176 175/175/175
f 176/176/176 124/124/124 125/125/125
f 125/125/125 177/177/177 176/176/176
f 177/177/177 125/125/125 126/126/126
f 126/126/126 178/178/178 177/177/177
f 178/178/178 126/126/126 127/127/127
f 127/127/127 179/179/179 178/178/178
f 179/179/179 127/127/127 128/128/128
f 128/128/128 180/180/180 179/179/179
f 180/180/180 128/128/128 129/129/129
f 129/129/129 181/181/181 180/180/180
f 129/129/129 182/182/182 181/181/181
f 182/182/182 132/132/132 131/131/131
f 129/129/129 132/132/132 182/182/182
f 183/183/183 182/182/182 131/131/131
f 181/181/181 182/182/182 183/183/183
f 183/183/183 131/131/131 133/133/133
f 133/133/133 184/184/184 183/183/183
f 184/184/184 133/133/133 134/134/134
f 134/134/134 185/185/185 184/184/184
f 185/185/185 134/134/134 135/135/135
f 135/135/135 186/186/186 185/185/185
f 186/186/186 135/135/135 136/136/136
f 136/136/136 187/187/187 186/186/186
f 187/187/187 136/136/136 137/137/137
f 137/137/137 188/188/188 187/187/187
f 188/188/188 137/137/137 138/138/138
f 138/138/138 189/189/189 188/188/188
f 189/189/189 138/138/138 139/139/139
f 139/139/139 190/190/190 189/189/189
f 139/139/139 191/191/191 190/190/190
f 141/141/141 191/191/191 139/139/139
f 192/192/192 193/193/193 191/191/191
f 194/194/194 193/193/193 192/192/192
f 141/141/141 192/192/192 191/191/191
f 191/191/191 195/195/195 190/190/190
f 195/195/195 193/193/193 194/194/194
f 191/191/191 193/193/193 195/195/195
f 196/196/196 192/192/192 141/141/141
f 192/192/192 197/197/197 194/194/194
f 196/196/196 197/197/197 192/192/192
f 143/143/143 196/196/196 141/141/141
f 198/198/198 196/196/196 143/143/143
f 199/199/199 197/197/197 196/196/196
f 194/194/194 197/197/197 199/199/199
f 198/198/198 199/199/199 196/196/196
f 143/143/143 200/200/200 198/198/198
f 146/146/146 200/200/200 143/143/143
f 201/201/201 200/200/200 146/146/146
f 198/198/198 200/200/200 201/201/201
f 146/146/146 202/202/202 201/201/201
f 148/148/148 202/202/202 146/146/146
f 203/203/203 202/202/202 148/148/148
f 202/202/202 204/204/204 201/201/201
f 203/203/203 204/204/204 202/202/202
f 148/148/148 205/205/205 203/203/203
f 151/151/151 206/206/206 205/205/205
f 150/150/150 206/206/206 151/151/151
f 148/148/148 151/151/151 205/205/205
f 207/207/207 209/209/209 208/208/208
f 205/205/205 209/209/209 207/207/207
f 210/210/210 207/207/207 208/208/208
f 208/208/208 206/206/206 150/150/150
f 206/206/206 209/209/209 205/205/205
f 208/208/208 209/209/209 206/206/206
f 205/205/205 211/211/211 203/203/203
f 211/211/211 207/207/207 210/210/210
f 205/205/205 207/207/207 211/211/211
f 212/212/212 208/208/208 150/150/150
f 208/208/208 213/213/213 210/210/210
f 212/212/212 213/213/213 208/208/208
f 152/152/152 212/212/212 150/150/150
f 214/214/214 212/212/212 152/152/152
f 215/215/215 213/213/213 212/212/212
f 213/213/213 216/216/216 210/210/210
f 215/215/215 216/216/216 213/213/213
f 214/214/214 215/215/215 212/212/212
f 214/214/214 152/152/152 153/153/153
f 153/153/153 217/217/217 214/214/214
f 217/217/217 153/153/153 154/154/154
f 154/154/154 218/218/218 217/217/217
f 218/218/218 154/154/154 155/155/155
f 155/155/155 219/219/219 218/218/218
f 219/219/219 155/155/155 158/158/158
f 158/158/158 220/220/220 219/219/219
f 158/158/158 221/221/221 220/220/220
f 221/221/221 162/162/162 161/161/161
f 158/158/158 162/162/162 221/221/221
f 221/221/221 223/223/223 222/222/222
f 161/161/161 223/223/223 221/221/221
f 221/221/221 224/224/224 220/220/220
f 222/222/222 224/224/224 221/221/221
f 225/225/225 223/223/223 161/161/161
f 223/223/223 226/226/226 222/222/222
f 225/225/225 226/226/226 223/223/223
f 164/164/164 225/225/225 161/161/161
f 227/227/227 225/225/225 164/164/164
f 228/228/228 226/226/226 225/225/225
f 222/222/222 226/226/226 228/228/228
f 227/227/227 228/228/228 225/225/225
f 229/229/229 232/232/232 231/231/231
f 165/165/165 232/232/232 229/229/229
f 230/230/230 229/229/229 231/231/231
f 233/233/233 234/234/234 168/168/168
f 231/231/231 234/234/234 233/233/233
f 167/167/167 233/233/233 168/168/168
f 168/168/168 232/232/232 165/165/165
f 232/232/232 234/234/234 231/231/231
f 168/168/168 234/234/234 232/232/232
f 231/231/231 236/236/236 235/235/235
f 236/236/236 233/233/233 167/167/167
f 231/231/231 233/233/233 236/236/236
f 231/231/231 237/237/237 230/230/230
f 235/235/235 237/237/237 231/231/231
f 238/238/238 236/236/236 167/167/167
f 235/235/235 236/236/236 238/238/238
f 169/169/169 238/238/238 167/167/167
f 239/239/239 238/238/238 169/169/169
f 235/235/235 238/238/238 239/239/239
f 169/169/169 240/240/240 239/239/239
f 240/240/240 172/172/172 171/171/171
f 169/169/169 172/172/172 240/240/240
f 241/241/241 240/240/240 171/171/171
f 240/240/240 242/242/242 239/239/239
f 241/241/241 242/242/242 240/240/240
f 241/241/241 171/171/171 173/173/173
f 173/173/173 243/243/243 241/241/241
f 243/243/243 173/173/173 174/174/174
f 174/174/174 244/244/244 243/243/243
f 244/244/244 174/174/174 175/175/175
f 175/175/175 245/245/245 244/244/244
f 245/245/245 175/175/175 176/176/176
f 176/176/176 246/246/246 245/245/245
f 246/246/246 176/176/176 177/177/177
f 177/177/177 247/247/247 246/246/246
f 247/247/247 177/177/177 178/178/178
f 178/178/178 248/248/248 247/247/247
f 248/248/248 178/178/178 179/179/179
f 179/179/179 249/249/249 248/248/248
f 249/249/249 179/179/179 180/180/180
f 180/180/180 250/250/250 249/249/249
f 250/250/250 180/180/180 181/181/181
f 181/181/181 251/251/251 250/250/250
f 251/251/251 181/181/181 183/183/183
f 183/183/183 252/252/252 251/251/251
f 252/252/252 183/183/183 184/184/184
f 184/184/184 253/253/253 252/252/252
f 253/253/253 184/184/184 185/185/185
f 185/185/185 254/254/254 253/253/253
f 254/254/254 185/185/185 186/186/186
f 186/186/186 255/255/255 254/254/254
f 255/255/255 186/186/186 187/187/187
f 187/187/187 256/256/256 255/255/255
f 256/256/256 187/187/187 188/188/188
f 188/188/188 257/257/257 256/256/256
f 188/188/188 258/258/258 257/257/257
f 189/189/189 258/258/258 188/188/188
f 258/258/258 260/260/260 259/259/259
f 189/189/189 260/260/260 258/258/258
f 258/258/258 261/261/261 257/257/257
f 259/259/259 261/261/261 258/258/258
f 262/262/262 260/260/260 189/189/189
f 260/260/260 263/263/263 259/259/259
f 262/262/262 263/263/263 260/260/260
f 190/190/190 262/262/262 189/189/189
f 264/264/264 265/265/265 262/262/262
f 266/266/266 265/265/265 264/264/264
f 190/190/190 264/264/264 262/262/262
f 267/267/267 263/263/263 262/262/262
f 259/259/259 263/263/263 267/267/267
f 267/267/267 265/265/265 266/266/266
f 262/262/262 265/265/265 267/267/267
f 268/268/268 264/264/264 190/190/190
f 266/266/266 264/264/264 268/268/268
f 268/268/268 195/195/195 194/194/194
f 190/190/190 195/195/195 268/268/268
f 269/269/269 270/270/270 268/268/268
f 271/271/271 270/270/270 269/269/269
f 194/194/194 269/269/269 268/268/268
f 268/268/268 272/272/272 266/266/266
f 272/272/272 270/270/270 271/271/271
f 268/268/268 270/270/270 272/272/272
f 273/273/273 269/269/269 194/194/194
f 271/271/271 269/269/269 273/273/273
f 273/273/273 199/199/199 198/198/198
f 194/194/194 199/199/199 273/273/273
f 274/274/274 275/275/275 273/273/273
f 275/275/275 277/277/277 276/276/276
f 274/274/274 277/277/277 275/275/275
f 198/198/198 274/274/274 273/273/273
f 273/273/273 278/278/278 271/271/271
f 278/278/278 275/275/275 276/276/276
f 273/273/273 275/275/275 278/278/278
f 279/279/279 274/274/274 198/198/198
f 280/280/280 277/277/277 274/274/274
f 276/276/276 277/277/277 280/280/280
f 279/279/279 280/280/280 274/274/274
f 201/201/201 279/279/279 198/198/198
f 279/279/279 282/282/282 281/281/281
f 201/201/201 282/282/282 279/279/279
f 283/283/283 280/280/280 279/279/279
f 280/280/280 284/284/284 276/276/276
f 283/283/283 284/284/284 280/280/280
f 281/281/281 283/283/283 279/279/279
f 285/285/285 286/286/286 282/282/282
f 287/287/287 286/286/286 285/285/285
f 201/201/201 285/285/285 282/282/282
f 282/282/282 288/288/288 281/281/281
f 288/288/288 286/286/286 287/287/287
f 282/282/282 286/286/286 288/288/288
f 287/287/287 204/204/204 203/203/203
f 204/204/204 285/285/285 201/201/201
f 287/287/287 285/285/285 204/204/204
f 289/289/289 287/287/287 203/203/203
f 290/290/290 288/288/288 287/287/287
f 281/281/281 288/288/288 290/290/290
f 289/289/289 290/290/290 287/287/287
f 203/203/203 291/291/291 289/289/289
f 291/291/291 211/211/211 210/210/210
f 203/203/203 211/211/211 291/291/291
f 291/291/291 293/293/293 292/292/292
f 210/210/210 293/293/293 291/291/291
f 291/291/291 294/294/294 289/289/289
f 292/292/292 294/294/294 291/291/291
f 293/293/293 296/296/296 295/295/295
f 210/210/210 296/296/296 293/293/293
f 292/292/292 293/293/293 295/295/295
f 295/295/295 215/215/215 214/214/214
f 296/296/296 216/216/216 215/215/215
f 210/210/210 216/216/216 296/296/296
f 295/295/295 296/296/296 215/215/215
f 297/297/297 295/295/295 214/214/214
f 292/292/292 295/295/295 297/297/297
f 214/214/214 298/298/298 297/297/297
f 217/217/217 298/298/298 214/214/214
f 298/298/298 300/300/300 299/299/299
f 217/217/217 300/300/300 298/298/298
f 297/297/297 298/298/298 299/299/299
f 301/301/301 300/300/300 217/217/217
f 300/300/300 302/302/302 299/299/299
f 301/301/301 302/302/302 300/300/300
f 218/218/218 301/301/301 217/217/217
f 303/303/303 301/301/301 218/218/218
f 304/304/304 302/302/302 301/301/301
f 299/299/299 302/302/302 304/304/304
f 303/303/303 304/304/304 301/301/301
f 303/303/303 218/218/218 219/219/219
f 219/219/219 305/305/305 303/303/303
f 305/305/305 219/219/219 220/220/220
f 220/220/220 306/306/306 305/305/305
f 220/220/220 307/307/307 306/306/306
f 224/224/224 308/308/308 307/307/307
f 222/222/222 308/308/308 224/224/224
f 220/220/220 224/224/224 307/307/307
f 307/307/307 310/310/310 309/309/309
f 310/310/310 308/308/308 222/222/222
f 307/307/307 308/308/308 310/310/310
f 306/306/306 307/307/307 309/309/309
f 311/311/311 310/310/310 222/222/222
f 309/309/309 310/310/310 311/311/311
f 311/311/311 228/228/228 227/227/227
f 222/222/222 228/228/228 311/311/311
f 311/311/311 313/313/313 312/312/312
f 227/227/227 313/313/313 311/311/311
f 311/311/311 314/314/314 309/309/309
f 312/312/312 314/314/314 311/311/311
f 316/316/316 318/318/318 317/317/317
f 230/230/230 318/318/318 316/316/316
f 315/315/315 316/316/316 317/317/317
f 317/317/317 237/237/237 235/235/235
f 237/237/237 318/318/318 230/230/230
f 317/317/317 318/318/318 237/237/237
f 319/319/319 317/317/317 235/235/235
f 315/315/315 317/317/317 319/319/319
f 235/235/235 320/320/320 319/319/319
f 239/239/239 320/320/320 235/235/235
f 320/320/320 322/322/322 321/321/321
f 239/239/239 322/322/322 320/320/320
f 319/319/319 320/320/320 321/321/321
f 322/322/322 324/324/324 323/323/323
f 239/239/239 324/324/324 322/322/322
f 321/321/321 322/322/322 323/323/323
f 323/323/323 242/242/242 241/241/241
f 242/242/242 324/324/324 239/239/239
f 323/323/323 324/324/324 242/242/242
f 325/325/325 323/323/323 241/241/241
f 321/321/321 323/323/323 325/325/325
f 325/325/325 241/241/241 243/243/243
f 243/243/243 326/326/326 325/325/325
f 326/326/326 243/243/243 244/244/244
f 244/244/244 327/327/327 326/326/326
f 327/327/327 244/244/244 245/245/245
f 245/245/245 328/328/328 327/327/327
f 328/328/328 245/245/245 246/246/246
f 246/246/246 329/329/329 328/328/328
f 329/329/329 246/246/246 247/247/247
f 247/247/247 330/330/330 329/329/329
f 330/330/330 247/247/247 248/248/248
f 248/248/248 331/331/331 330/330/330
f 331/331/331 248/248/248 249/249/249
f 249/249/249 332/332/332 331/331/331
f 332/332/332 249/249/249 250/250/250
f 250/250/250 333/333/333 332/332/332
f 250/250/250 334/334/334 333/333/333
f 251/251/251 334/334/334 250/250/250
f 335/335/335 334/334/334 251/251/251
f 334/334/334 336/336/336 333/333/333
f 335/335/335 336/336/336 334/334/334
f 251/251/251 337/337/337 335/335/335
f 252/252/252 337/337/337 251/251/251
f 337/337/337 339/339/339 338/338/338
f 252/252/252 339/339/339 337/337/337
f 335/335/335 337/337/337 338/338/338
f 340/340/340 339/339/339 252/252/252
f 339/339/339 341/341/341 338/338/338
f 340/340/340 341/341/341 339/339/339
f 253/253/253 340/340/340 252/252/252
f 342/342/342 340/340/340 253/253/253
f 343/343/343 341/341/341 340/340/340
f 341/341/341 344/344/344 338/338/338
f 343/343/343 344/344/344 341/341/341
f 342/342/342 343/343/343 340/340/340
f 253/253/253 345/345/345 342/342/342
f 254/254/254 345/345/345 253/253/253
f 346/346/346 345/345/345 254/254/254
f 345/345/345 347/347/347 342/342/342
f 346/346/346 347/347/347 345/345/345
f 254/254/254 348/348/348 346/346/346
f 255/255/255 348/348/348 254/254/254
f 349/349/349 348/348/348 255/255/255
f 348/348/348 350/350/350 346/346/346
f 349/349/349 350/350/350 348/348/348
f 349/349/349 255/255/255 256/256/256
f 256/256/256 351/351/351 349/349/349
f 256/256/256 352/352/352 351/351/351
f 257/257/257 352/352/352 256/256/256
f 353/353/353 354/354/354 352/352/352
f 355/355/355 354/354/354 353/353/353
f 257/257/257 353/353/353 352/352/352
f 352/352/352 356/356/356 351/351/351
f 356/356/356 354/354/354 355/355/355
f 352/352/352 354/354/354 356/356/356
f 357/357/357 358/358/358 353/353/353
f 359/359/359 358/358/358 357/357/357
f 257/257/257 357/357/357 353/353/353
f 353/353/353 360/360/360 355/355/355
f 360/360/360 358/358/358 359/359/359
f 353/353/353 358/358/358 360/360/360
f 359/359/359 261/261/261 259/259/259
f 261/261/261 357/357/357 257/257/257
f 359/359/359 357/357/357 261/261/261
f 361/361/361 359/359/359 259/259/259
f 362/362/362 360/360/360 359/359/359
f 355/355/355 360/360/360 362/362/362
f 361/361/361 362/362/362 359/359/359
f 259/259/259 363/363/363 361/361/361
f 363/363/363 267/267/267 266/266/266
f 259/259/259 267/267/267 363/363/363
f 364/364/364 363/363/363 266/266/266
f 361/361/361 363/363/363 364/364/364
f 266/266/266 365/365/365 364/364/364
f 365/365/365 272/272/272 271/271/271
f 266/266/266 272/272/272 365/365/365
f 366/366/366 365/365/365 271/271/271
f 364/364/364 365/365/365 366/366/366
f 271/271/271 367/367/367 366/366/366
f 367/367/367 278/278/278 276/276/276
f 271/271/271 278/278/278 367/367/367
f 367/367/367 369/369/369 368/368/368
f 276/276/276 369/369/369 367/367/367
f 366/366/366 367/367/367 368/368/368
f 369/369/369 371/371/371 370/370/370
f 276/276/276 371/371/371 369/369/369
f 368/368/368 369/369/369 370/370/370
f 372/372/372 373/373/373 283/283/283
f 370/370/370 373/373/373 372/372/372
f 281/281/281 372/372/372 283/283/283
f 371/371/371 284/284/284 283/283/283
f 276/276/276 284/284/284 371/371/371
f 371/371/371 373/373/373 370/370/370
f 283/283/283 373/373/373 371/371/371
f 370/370/370 375/375/375 374/374/374
f 372/372/372 376/376/376 375/375/375
f 281/281/281 376/376/376 372/372/372
f 370/370/370 372/372/372 375/375/375
f 368/368/368 370/370/370 374/374/374
f 377/377/377 379/379/379 378/378/378
f 375/375/375 379/379/379 377/377/377
f 380/380/380 377/377/377 378/378/378
f 378/378/378 376/376/376 281/281/281
f 376/376/376 379/379/379 375/375/375
f 378/378/378 379/379/379 376/376/376
f 375/375/375 381/381/381 374/374/374
f 377/377/377 382/382/382 381/381/381
f 380/380/380 382/382/382 377/377/377
f 375/375/375 377/377/377 381/381/381
f 380/380/380 290/290/290 289/289/289
f 290/290/290 378/378/378 281/281/281
f 380/380/380 378/378/378 290/290/290
f 383/383/383 384/384/384 380/380/380
f 385/385/385 384/384/384 383/383/383
f 289/289/289 383/383/383 380/380/380
f 381/381/381 387/387/387 386/386/386
f 387/387/387 382/382/382 380/380/380
f 381/381/381 382/382/382 387/387/387
f 374/374/374 381/381/381 386/386/386
f 388/388/388 389/389/389 384/384/384
f 386/386/386 389/389/389 388/388/388
f 385/385/385 388/388/388 384/384/384
f 384/384/384 387/387/387 380/380/380
f 387/387/387 389/389/389 386/386/386
f 384/384/384 389/389/389 387/387/387
f 390/390/390 383/383/383 289/289/289
f 385/385/385 383/383/383 390/390/390
f 294/294/294 391/391/391 390/390/390
f 292/292/292 391/391/391 294/294/294
f 289/289/289 294/294/294 390/390/390
f 390/390/390 393/393/393 392/392/392
f 393/393/393 391/391/391 292/292/292
f 390/390/390 391/391/391 393/393/393
f 385/385/385 390/390/390 392/392/392
f 394/394/394 393/393/393 292/292/292
f 392/392/392 393/393/393 394/394/394
f 297/297/297 394/394/394 292/292/292
f 394/394/394 396/396/396 395/395/395
f 297/297/297 396/396/396 394/394/394
f 392/392/392 394/394/394 395/395/395
f 397/397/397 396/396/396 297/297/297
f 396/396/396 398/398/398 395/395/395
f 397/397/397 398/398/398 396/396/396
f 299/299/299 397/397/397 297/297/297
f 399/399/399 397/397/397 299/299/299
f 400/400/400 398/398/398 397/397/397
f 395/395/395 398/398/398 400/400/400
f 399/399/399 400/400/400 397/397/397
f 299/299/299 401/401/401 399/399/399
f 401/401/401 304/304/304 303/303/303
f 299/299/299 304/304/304 401/401/401
f 402/402/402 401/401/401 303/303/303
f 399/399/399 401/401/401 402/402/402
f 303/303/303 403/403/403 402/402/402
f 305/305/305 403/403/403 303/303/303
f 404/404/404 403/403/403 305/305/305
f 402/402/402 403/403/403 404/404/404
f 404/404/404 305/305/305 306/306/306
f 306/306/306 405/405/405 404/404/404
f 306/306/306 406/406/406 405/405/405
f 309/309/309 406/406/406 306/306/306
f 406/406/406 408/408/408 407/407/407
f 309/309/309 408/408/408 406/406/406
f 405/405/405 406/406/406 407/407/407
f 408/408/408 410/410/410 409/409/409
f 309/309/309 410/410/410 408/408/408
f 407/407/407 408/408/408 409/409/409
f 411/411/411 412/412/412 314/314/314
f 409/409/409 412/412/412 411/411/411
f 312/312/312 411/411/411 314/314/314
f 314/314/314 410/410/410 309/309/309
f 410/410/410 412/412/412 409/409/409
f 314/314/314 412/412/412 410/410/410
f 413/413/413 414/414/414 409/409/409
f 414/414/414 416/416/416 415/415/415
f 413/413/413 416/416/416 414/414/414
f 413/413/413 411/411/411 312/312/312
f 409/409/409 411/411/411 413/413/413
f 409/409/409 417/417/417 407/407/407
f 417/417/417 414/414/414 415/415/415
f 409/409/409 414/414/414 417/417/417
f 418/418/418 315/315/315 319/319/319
f 319/319/319 419/419/419 418/418/418
f 419/419/419 319/319/319 321/321/321
f 321/321/321 420/420/420 419/419/419
f 420/420/420 321/321/321 325/325/325
f 325/325/325 421/421/421 420/420/420
f 325/325/325 422/422/422 421/421/421
f 326/326/326 422/422/422 325/325/325
f 422/422/422 424/424/424 423/423/423
f 326/326/326 424/424/424 422/422/422
f 421/421/421 422/422/422 423/423/423
f 425/425/425 424/424/424 326/326/326
f 423/423/423 424/424/424 425/425/425
f 327/327/327 425/425/425 326/326/326
f 426/426/426 425/425/425 327/327/327
f 423/423/423 425/425/425 426/426/426
f 426/426/426 327/327/327 328/328/328
f 328/328/328 427/427/427 426/426/426
f 427/427/427 328/328/328 329/329/329
f 329/329/329 428/428/428 427/427/427
f 428/428/428 329/329/329 330/330/330
f 330/330/330 429/429/429 428/428/428
f 429/429/429 330/330/330 331/331/331
f 331/331/331 430/430/430 429/429/429
f 430/430/430 331/331/331 332/332/332
f 332/332/332 431/431/431 430/430/430
f 431/431/431 332/332/332 333/333/333
f 333/333/333 432/432/432 431/431/431
f 333/333/333 433/433/433 432/432/432
f 433/433/433 336/336/336 335/335/335
f 333/333/333 336/336/336 433/433/433
f 434/434/434 433/433/433 335/335/335
f 432/432/432 433/433/433 434/434/434
f 335/335/335 435/435/435 434/434/434
f 338/338/338 435/435/435 335/335/335
f 435/435/435 437/437/437 436/436/436
f 338/338/338 437/437/437 435/435/435
f 434/434/434 435/435/435 436/436/436
f 437/437/437 439/439/439 438/438/438
f 338/338/338 439/439/439 437/437/437
f 436/436/436 437/437/437 438/438/438
f 438/438/438 343/343/343 342/342/342
f 439/439/439 344/344/344 343/343/343
f 338/338/338 344/344/344 439/439/439
f 438/438/438 439/439/439 343/343/343
f 440/440/440 438/438/438 342/342/342
f 436/436/436 438/438/438 440/440/440
f 342/342/342 441/441/441 440/440/440
f 441/441/441 347/347/347 346/346/346
f 342/342/342 347/347/347 441/441/441
f 441/441/441 443/443/443 442/442/442
f 346/346/346 443/443/443 441/441/441
f 440/440/440 441/441/441 442/442/442
f 444/444/444 445/445/445 443/443/443
f 446/446/446 445/445/445 444/444/444
f 346/346/346 444/444/444 443/443/443
f 443/443/443 447/447/447 442/442/442
f 447/447/447 445/445/445 446/446/446
f 443/443/443 445/445/445 447/447/447
f 446/446/446 350/350/350 349/349/349
f 350/350/350 444/444/444 346/346/346
f 446/446/446 444/444/444 350/350/350
f 448/448/448 449/449/449 446/446/446
f 450/450/450 449/449/449 448/448/448
f 349/349/349 448/448/448 446/446/446
f 447/447/447 452/452/452 451/451/451
f 446/446/446 452/452/452 447/447/447
f 442/442/442 447/447/447 451/451/451
f 451/451/451 449/449/449 450/450/450
f 449/449/449 452/452/452 446/446/446
f 451/451/451 452/452/452 449/449/449
f 453/453/453 448/448/448 349/349/349
f 450/450/450 448/448/448 453/453/453
f 351/351/351 453/453/453 349/349/349
f 453/453/453 455/455/455 454/454/454
f 351/351/351 455/455/455 453/453/453
f 450/450/450 453/453/453 454/454/454
f 456/456/456 455/455/455 351/351/351
f 454/454/454 455/455/455 456/456/456
f 456/456/456 356/356/356 355/355/355
f 351/351/351 356/356/356 456/456/456
f 457/457/457 456/456/456 355/355/355
f 454/454/454 456/456/456 457/457/457
f 355/355/355 458/458/458 457/457/457
f 458/458/458 362/362/362 361/361/361
f 355/355/355 362/362/362 458/458/458
f 459/459/459 458/458/458 361/361/361
f 457/457/457 458/458/458 459/459/459
f 459/459/459 361/361/361 364/364/364
f 364/364/364 460/460/460 459/459/459
f 460/460/460 364/364/364 366/366/366
f 366/366/366 461/461/461 460/460/460
f 461/461/461 366/366/366 368/368/368
f 368/368/368 462/462/462 461/461/461
f 462/462/462 368/368/368 374/374/374
f 374/374/374 463/463/463 462/462/462
f 374/374/374 464/464/464 463/463/463
f 386/386/386 465/465/465 464/464/464
f 465/465/465 388/388/388 385/385/385
f 386/386/386 388/388/388 465/465/465
f 374/374/374 386/386/386 464/464/464
f 464/464/464 467/467/467 466/466/466
f 467/467/467 465/465/465 385/385/385
f 464/464/464 465/465/465 467/467/467
f 463/463/463 464/464/464 466/466/466
f 468/468/468 467/467/467 385/385/385
f 466/466/466 467/467/467 468/468/468
f 392/392/392 468/468/468 385/385/385
f 469/469/469 468/468/468 392/392/392
f 466/466/466 468/468/468 469/469/469
f 469/469/469 392/392/392 395/395/395
f 395/395/395 470/470/470 469/469/469
f 395/395/395 471/471/471 470/470/470
f 471/471/471 400/400/400 399/399/399
f 395/395/395 400/400/400 471/471/471
f 472/472/472 471/471/471 399/399/399
f 470/470/470 471/471/471 472/472/472
f 472/472/472 399/399/399 402/402/402
f 402/402/402 473/473/473 472/472/472
f 473/473/473 402/402/402 404/404/404
f 404/404/404 474/474/474 473/473/473
f 474/474/474 404/404/404 405/405/405
f 405/405/405 475/475/475 474/474/474
f 475/475/475 405/405/405 407/407/407
f 407/407/407 476/476/476 475/475/475
f 407/407/407 477/477/477 476/476/476
f 477/477/477 417/417/417 415/415/415
f 407/407/407 417/417/417 477/477/477
f 478/478/478 477/477/477 415/415/415
f 476/476/476 477/477/477 478/478/478
f 479/479/479 418/418/418 419/419/419
f 419/419/419 480/480/480 479/479/479
f 480/480/480 419/419/419 420/420/420
f 420/420/420 481/481/481 480/480/480
f 481/481/481 420/420/420 421/421/421
f 421/421/421 482/482/482 481/481/481
f 482/482/482 421/421/421 423/423/423
f 423/423/423 483/483/483 482/482/482
f 483/483/483 423/423/423 426/426/426
f 426/426/426 484/484/484 483/483/483
f 484/484/484 426/426/426 427/427/427
f 427/427/427 485/485/485 484/484/484
f 485/485/485 427/427/427 428/428/428
f 428/428/428 486/486/486 485/485/485
f 486/486/486 428/428/428 429/429/429
f 429/429/429 487/487/487 486/486/486
f 429/429/429 488/488/488 487/487/487
f 430/430/430 488/488/488 429/429/429
f 489/489/489 488/488/488 430/430/430
f 487/487/487 488/488/488 489/489/489
f 489/489/489 430/430/430 431/431/431
f 431/431/431 490/490/490 489/489/489
f 490/490/490 431/431/431 432/432/432
f 432/432/432 491/491/491 490/490/490
f 491/491/491 432/432/432 434/434/434
f 434/434/434 492/492/492 491/491/491
f 492/492/492 434/434/434 436/436/436
f 436/436/436 493/493/493 492/492/492
f 493/493/493 436/436/436 440/440/440
f 440/440/440 494/494/494 493/493/493
f 494/494/494 440/440/440 442/442/442
f 442/442/442 495/495/495 494/494/494
f 442/442/442 496/496/496 495/495/495
f 496/496/496 451/451/451 450/450/450
f 442/442/442 451/451/451 496/496/496
f 497/497/497 496/496/496 450/450/450
f 495/495/495 496/496/496 497/497/497
f 497/497/497 450/450/450 454/454/454
f 454/454/454 498/498/498 497/497/497
f 498/498/498 454/454/454 457/457/457
f 457/457/457 499/499/499 498/498/498
f 499/499/499 457/457/457 459/459/459
f 459/459/459 500/500/500 499/499/499
f 500/500/500 459/459/459 460/460/460
f 460/460/460 501/501/501 500/500/500
f 501/501/501 460/460/460 461/461/461
f 461/461/461 502/502/502 501/501/501
f 502/502/502 461/461/461 462/462/462
f 462/462/462 503/503/503 502/502/502
f 503/503/503 462/462/462 463/463/463
f 463/463/463 504/504/504 503/503/503
f 504/504/504 463/463/463 466/466/466
f 466/466/466 505/505/505 504/504/504
f 505/505/505 466/466/466 469/469/469
f 469/469/469 506/506/506 505/505/505
f 506/506/506 469/469/469 470/470/470
f 470/470/470 507/507/507 506/506/506
f 507/507/507 470/470/470 472/472/472
f 472/472/472 508/508/508 507/507/507
f 508/508/508 472/472/472 473/473/473
f 473/473/473 509/509/509 508/508/508
f 509/509/509 473/473/473 474/474/474
f 474/474/474 510/510/510 509/509/509
f 510/510/510 474/474/474 475/475/475
f 475/475/475 511/511/511 510/510/510
f 511/511/511 475/475/475 476/476/476
f 476/476/476 512/512/512 511/511/511
f 512/512/512 476/476/476 478/478/478
f 478/478/478 513/513/513 512/512/512
f 514/514/514 479/479/479 480/480/480
f 480/480/480 515/515/515 514/514/514
f 515/515/515 480/480/480 481/481/481
f 481/481/481 516/516/516 515/515/515
f 516/516/516 481/481/481 482/482/482
f 482/482/482 517/517/517 516/516/516
f 517/517/517 482/482/482 483/483/483
f 483/483/483 518/518/518 517/517/517
f 518/518/518 483/483/483 484/484/484
f 484/484/484 519/519/519 518/518/518
f 519/519/519 484/484/484 485/485/485
f 485/485/485 520/520/520 519/519/519
f 520/520/520 485/485/485 486/486/486
f 486/486/486 521/521/521 520/520/520
f 521/521/521 486/486/486 487/487/487
f 487/487/487 522/522/522 521/521/521
f 522/522/522 487/487/487 489/489/489
f 489/489/489 523/523/523 522/522/522
f 523/523/523 489/489/489 490/490/490
f 490/490/490 524/524/524 523/523/523
f 524/524/524 490/490/490 491/491/491
f 491/491/491 525/525/525 524/524/524
f 525/525/525 491/491/491 492/492/492
f 492/492/492 526/526/526 525/525/525
f 526/526/526 492/492/492 493/493/493
f 493/493/493 527/527/527 526/526/526
f 527/527/527 493/493/493 494/494/494
f 494/494/494 528/528/528 527/527/527
f 528/528/528 494/494/494 495/495/495
f 495/495/495 529/529/529 528/528/528
f 529/529/529 495/495/495 497/497/497
f 497/497/497 530/530/530 529/529/529
f 530/530/530 497/497/497 498/498/498
f 498/498/498 531/531/531 530/530/530
f 531/531/531 498/498/498 499/499/499
f 499/499/499 532/532/532 531/531/531
f 532/532/532 499/499/499 500/500/500
f 500/500/500 533/533/533 532/532/532
f 533/533/533 500/500/500 501/501/501
f 501/501/501 534/534/534 533/533/533
f 534/534/534 501/501/501 502/502/502
f 502/502/502 535/535/535 534/534/534
f 502/502/502 536/536/536 535/535/535
f 503/503/503 536/536/536 502/502/502
f 536/536/536 538/538/538 537/537/537
f 503/503/503 538/538/538 536/536/536
f 535/535/535 536/536/536 537/537/537
f 539/539/539 538/538/538 503/503/503
f 537/537/537 538/538/538 539/539/539
f 504/504/504 539/539/539 503/503/503
f 540/540/540 539/539/539 504/504/504
f 539/539/539 541/541/541 537/537/537
f 540/540/540 541/541/541 539/539/539
f 540/540/540 504/504/504 505/505/505
f 505/505/505 542/542/542 540/540/540
f 505/505/505 543/543/543 542/542/542
f 506/506/506 543/543/543 505/505/505
f 544/544/544 543/543/543 506/506/506
f 543/543/543 545/545/545 542/542/542
f 544/544/544 545/545/545 543/543/543
f 544/544/544 506/506/506 507/507/507
f 507/507/507 546/546/546 544/544/544
f 507/507/507 547/547/547 546/546/546
f 508/508/508 547/547/547 507/507/507
f 548/548/548 549/549/549 547/547/547
f 550/550/550 549/549/549 548/548/548
f 508/508/508 548/548/548 547/547/547
f 547/547/547 551/551/551 546/546/546
f 551/551/551 549/549/549 550/550/550
f 547/547/547 549/549/549 551/551/551
f 552/552/552 548/548/548 508/508/508
f 550/550/550 548/548/548 552/552/552
f 509/509/509 552/552/552 508/508/508
f 553/553/553 552/552/552 509/509/509
f 550/550/550 552/552/552 553/553/553
f 553/553/553 509/509/509 510/510/510
f 510/510/510 554/554/554 553/553/553
f 554/554/554 510/510/510 511/511/511
f 511/511/511 555/555/555 554/554/554
f 555/555/555 511/511/511 512/512/512
f 512/512/512 556/556/556 555/555/555
f 556/556/556 512/512/512 513/513/513
f 513/513/513 557/557/557 556/556/556
f 558/558/558 514/514/514 515/515/515
f 515/515/515 559/559/559 558/558/558
f 559/559/559 515/515/515 516/516/516
f 516/516/516 560/560/560 559/559/559
f 560/560/560 516/516/516 517/517/517
f 517/517/517 561/561/561 560/560/560
f 561/561/561 517/517/517 518/518/518
f 518/518/518 562/562/562 561/561/561
f 562/562/562 518/518/518 519/519/519
f 519/519/519 563/563/563 562/562/562
f 563/563/563 519/519/519 520/520/520
f 520/520/520 564/564/564 563/563/563
f 564/564/564 520/520/520 521/521/521
f 521/521/521 565/565/565 564/564/564
f 565/565/565 521/521/521 522/522/522
f 522/522/522 566/566/566 565/565/565
f 566/566/566 522/522/522 523/523/523
f 523/523/523 567/567/567 566/566/566
f 567/567/567 523/523/523 524/524/524
f 524/524/524 568/568/568 567/567/567
f 568/568/568 524/524/524 525/525/525
f 525/525/525 569/569/569 568/568/568
f 569/569/569 525/525/525 526/526/526
f 526/526/526 570/570/570 569/569/569
f 570/570/570 526/526/526 527/527/527
f 527/527/527 571/571/571 570/570/570
f 527/527/527 572/572/572 571/571/571
f 528/528/528 572/572/572 527/527/527
f 573/573/573 572/572/572 528/528/528
f 572/572/572 574/574/574 571/571/571
f 573/573/573 574/574/574 572/572/572
f 573/573/573 528/528/528 529/529/529
f 529/529/529 575/575/575 573/573/573
f 575/575/575 529/529/529 530/530/530
f 530/530/530 576/576/576 575/575/575
f 576/576/576 530/530/530 531/531/531
f 531/531/531 577/577/577 576/576/576
f 577/577/577 531/531/531 532/532/532
f 532/532/532 578/578/578 577/577/577
f 578/578/578 532/532/532 533/533/533
f 533/533/533 579/579/579 578/578/578
f 579/579/579 533/533/533 534/534/534
f 534/534/534 580/580/580 579/579/579
f 580/580/580 534/534/534 535/535/535
f 535/535/535 581/581/581 580/580/580
f 581/581/581 535/535/535 537/537/537
f 537/537/537 582/582/582 581/581/581
f 537/537/537 583/583/583 582/582/582
f 541/541/541 584/584/584 583/583/583
f 540/540/540 584/584/584 541/541/541
f 537/537/537 541/541/541 583/583/583
f 583/583/583 586/586/586 585/585/585
f 586/586/586 584/584/584 540/540/540
f 583/583/583 584/584/584 586/586/586
f 582/582/582 583/583/583 585/585/585
f 587/587/587 586/586/586 540/540/540
f 586/586/586 588/588/588 585/585/585
f 587/587/587 588/588/588 586/586/586
f 542/542/542 587/587/587 540/540/540
f 587/587/587 590/590/590 589/589/589
f 542/542/542 590/590/590 587/587/587
f 591/591/591 588/588/588 587/587/587
f 585/585/585 588/588/588 591/591/591
f 589/589/589 591/591/591 587/587/587
f 590/590/590 593/593/593 592/592/592
f 542/542/542 593/593/593 590/590/590
f 589/589/589 590/590/590 592/592/592
f 594/594/594 595/595/595 545/545/545
f 595/595/595 596/596/596 592/592/592
f 594/594/594 596/596/596 595/595/595
f 544/544/544 594/594/594 545/545/545
f 545/545/545 593/593/593 542/542/542
f 593/593/593 595/595/595 592/592/592
f 545/545/545 595/595/595 593/593/593
f 597/597/597 599/599/599 598/598/598
f 592/592/592 599/599/599 597/597/597
f 600/600/600 597/597/597 598/598/598
f 598/598/598 594/594/594 544/544/544
f 599/599/599 596/596/596 594/594/594
f 592/592/592 596/596/596 599/599/599
f 598/598/598 599/599/599 594/594/594
f 592/592/592 601/601/601 589/589/589
f 601/601/601 597/597/597 600/600/600
f 592/592/592 597/597/597 601/601/601
f 602/602/602 598/598/598 544/544/544
f 600/600/600 598/598/598 602/602/602
f 546/546/546 602/602/602 544/544/544
f 603/603/603 602/602/602 546/546/546
f 600/600/600 602/602/602 603/603/603
f 546/546/546 604/604/604 603/603/603
f 604/604/604 551/551/551 550/550/550
f 546/546/546 551/551/551 604/604/604
f 605/605/605 604/604/604 550/550/550
f 604/604/604 606/606/606 603/603/603
f 605/605/605 606/606/606 604/604/604
f 605/605/605 550/550/550 553/553/553
f 553/553/553 607/607/607 605/605/605
f 607/607/607 553/553/553 554/554/554
f 554/554/554 608/608/608 607/607/607
f 608/608/608 554/554/554 555/555/555
f 555/555/555 609/609/609 608/608/608
f 609/609/609 555/555/555 556/556/556
f 556/556/556 610/610/610 609/609/609
f 610/610/610 556/556/556 557/557/557
f 557/557/557 611/611/611 610/610/610
f 612/612/612 558/558/558 559/559/559
f 559/559/559 613/613/613 612/612/612
f 559/559/559 614/614/614 613/613/613
f 560/560/560 614/614/614 559/559/559
f 614/614/614 616/616/616 615/615/615
f 560/560/560 616/616/616 614/614/614
f 613/613/613 614/614/614 615/615/615
f 617/617/617 616/616/616 560/560/560
f 615/615/615 616/616/616 617/617/617
f 561/561/561 617/617/617 560/560/560
f 618/618/618 617/617/617 561/561/561
f 615/615/615 617/617/617 618/618/618
f 618/618/618 561/561/561 562/562/562
f 562/562/562 619/619/619 618/618/618
f 619/619/619 562/562/562 563/563/563
f 563/563/563 620/620/620 619/619/619
f 620/620/620 563/563/563 564/564/564
f 564/564/564 621/621/621 620/620/620
f 621/621/621 564/564/564 565/565/565
f 565/565/565 622/622/622 621/621/621
f 622/622/622 565/565/565 566/566/566
f 566/566/566 623/623/623 622/622/622
f 623/623/623 566/566/566 567/567/567
f 567/567/567 624/624/624 623/623/623
f 624/624/624 567/567/567 568/568/568
f 568/568/568 625/625/625 624/624/624
f 625/625/625 568/568/568 569/569/569
f 569/569/569 626/626/626 625/625/625
f 626/626/626 569/569/569 570/570/570
f 570/570/570 627/627/627 626/626/626
f 627/627/627 570/570/570 571/571/571
f 571/571/571 628/628/628 627/627/627
f 571/571/571 629/629/629 628/628/628
f 629/629/629 574/574/574 573/573/573
f 571/571/571 574/574/574 629/629/629
f 630/630/630 629/629/629 573/573/573
f 628/628/628 629/629/629 630/630/630
f 630/630/630 573/573/573 575/575/575
f 575/575/575 631/631/631 630/630/630
f 631/631/631 575/575/575 576/576/576
f 576/576/576 632/632/632 631/631/631
f 632/632/632 576/576/576 577/577/577
f 577/577/577 633/633/633 632/632/632
f 633/633/633 577/577/577 578/578/578
f 578/578/578 634/634/634 633/633/633
f 634/634/634 578/578/578 579/579/579
f 579/579/579 635/635/635 634/634/634
f 635/635/635 579/579/579 580/580/580
f 580/580/580 636/636/636 635/635/635
f 636/636/636 580/580/580 581/581/581
f 581/581/581 637/637/637 636/636/636
f 637/637/637 581/581/581 582/582/582
f 582/582/582 638/638/638 637/637/637
f 638/638/638 582/582/582 585/585/585
f 585/585/585 639/639/639 638/638/638
f 585/585/585 640/640/640 639/639/639
f 640/640/640 591/591/591 589/589/589
f 585/585/585 591/591/591 640/640/640
f 640/640/640 642/642/642 641/641/641
f 589/589/589 642/642/642 640/640/640
f 639/639/639 640/640/640 641/641/641
f 643/643/643 642/642/642 589/589/589
f 642/642/642 644/644/644 641/641/641
f 643/643/643 644/644/644 642/642/642
f 643/643/643 601/601/601 600/600/600
f 589/589/589 601/601/601 643/643/643
f 645/645/645 646/646/646 643/643/643
f 647/647/647 646/646/646 645/645/645
f 600/600/600 645/645/645 643/643/643
f 648/648/648 649/649/649 644/644/644
f 650/650/650 649/649/649 648/648/648
f 643/643/643 648/648/648 644/644/644
f 644/644/644 651/651/651 641/641/641
f 651/651/651 649/649/649 650/650/650
f 644/644/644 649/649/649 651/651/651
f 650/650/650 646/646/646 647/647/647
f 646/646/646 648/648/648 643/643/643
f 650/650/650 648/648/648 646/646/646
f 652/652/652 645/645/645 600/600/600
f 647/647/647 645/645/645 652/652/652
f 603/603/603 652/652/652 600/600/600
f 653/653/653 652/652/652 603/603/603
f 647/647/647 652/652/652 653/653/653
f 603/603/603 654/654/654 653/653/653
f 654/654/654 606/606/606 605/605/605
f 603/603/603 606/606/606 654/654/654
f 655/655/655 654/654/654 605/605/605
f 653/653/653 654/654/654 655/655/655
f 655/655/655 605/605/605 607/607/607
f 607/607/607 656/656/656 655/655/655
f 656/656/656 607/607/607 608/608/608
f 608/608/608 657/657/657 656/656/656
f 657/657/657 608/608/608 609/609/609
f 609/609/609 658/658/658 657/657/657
f 658/658/658 609/609/609 610/610/610
f 610/610/610 659/659/659 658/658/658
f 659/659/659 610/610/610 611/611/611
f 611/611/611 660/660/660 659/659/659
f 661/661/661 612/612/612 613/613/613
f 613/613/613 662/662/662 661/661/661
f 662/662/662 613/613/613 615/615/615
f 615/615/615 663/663/663 662/662/662
f 663/663/663 615/615/615 618/618/618
f 618/618/618 664/664/664 663/663/663
f 664/664/664 618/618/618 619/619/619
f 619/619/619 665/665/665 664/664/664
f 665/665/665 619/619/619 620/620/620
f 620/620/620 666/666/666 665/665/665
f 666/666/666 620/620/620 621/621/621
f 621/621/621 667/667/667 666/666/666
f 667/667/667 621/621/621 622/622/622
f 622/622/622 668/668/668 667/667/667
f 668/668/668 622/622/622 623/623/623
f 623/623/623 669/669/669 668/668/668
f 669/669/669 623/623/623 624/624/624
f 624/624/624 670/670/670 669/669/669
f 670/670/670 624/624/624 625/625/625
f 625/625/625 671/671/671 670/670/670
f 671/671/671 625/625/625 626/626/626
f 626/626/626 672/672/672 671/671/671
f 672/672/672 626/626/626 627/627/627
f 627/627/627 673/673/673 672/672/672
f 673/673/673 627/627/627 628/628/628
f 628/628/628 674/674/674 673/673/673
f 674/674/674 628/628/628 630/630/630
f 630/630/630 675/675/675 674/674/674
f 675/675/675 630/630/630 631/631/631
f 631/631/631 676/676/676 675/675/675
f 676/676/676 631/631/631 632/632/632
f 632/632/632 677/677/677 676/676/676
f 677/677/677 632/632/632 633/633/633
f 633/633/633 678/678/678 677/677/677
f 678/678/678 633/633/633 634/634/634
f 634/634/634 679/679/679 678/678/678
f 679/679/679 634/634/634 635/635/635
f 635/635/635 680/680/680 679/679/679
f 680/680/680 635/635/635 636/636/636
f 636/636/636 681/681/681 680/680/680
f 681/681/681 636/636/636 637/637/637
f 637/637/637 682/682/682 681/681/681
f 682/682/682 637/637/637 638/638/638
f 638/638/638 683/683/683 682/682/682
f 683/683/683 638/638/638 639/639/639
f 639/639/639 684/684/684 683/683/683
f 639/639/639 685/685/685 684/684/684
f 641/641/641 685/685/685 639/639/639
f 686/686/686 687/687/687 685/685/685
f 688/688/688 689/689/689 687/687/687
f 690/690/690 689/689/689 688/688/688
f 686/686/686 688/688/688 687/687/687
f 641/641/641 686/686/686 685/685/685
f 685/685/685 691/691/691 684/684/684
f 687/687/687 692/692/692 691/691/691
f 692/692/692 689/689/689 690/690/690
f 687/687/687 689/689/689 692/692/692
f 685/685/685 687/687/687 691/691/691
f 686/686/686 694/694/694 693/693/693
f 641/641/641 694/694/694 686/686/686
f 695/695/695 688/688/688 686/686/686
f 690/690/690 688/688/688 695/695/695
f 693/693/693 695/695/695 686/686/686
f 693/693/693 650/650/650 647/647/647
f 694/694/694 651/651/651 650/650/650
f 641/641/641 651/651/651 694/694/694
f 693/693/693 694/694/694 650/650/650
f 696/696/696 693/693/693 647/647/647
f 697/697/697 695/695/695 693/693/693
f 690/690/690 695/695/695 697/697/697
f 696/696/696 697/697/697 693/693/693
f 647/647/647 698/698/698 696/696/696
f 653/653/653 698/698/698 647/647/647
f 699/699/699 700/700/700 698/698/698
f 701/701/701 700/700/700 699/699/699
f 653/653/653 699/699/699 698/698/698
f 698/698/698 702/702/702 696/696/696
f 702/702/702 700/700/700 701/701/701
f 698/698/698 700/700/700 702/702/702
f 703/703/703 699/699/699 653/653/653
f 701/701/701 699/699/699 703/703/703
f 655/655/655 703/703/703 653/653/653
f 704/704/704 703/703/703 655/655/655
f 701/701/701 703/703/703 704/704/704
f 704/704/704 655/655/655 656/656/656
f 656/656/656 705/705/705 704/704/704
f 705/705/705 656/656/656 657/657/657
f 657/657/657 706/706/706 705/705/705
f 706/706/706 657/657/657 658/658/658
f 658/658/658 707/707/707 706/706/706
f 658/658/658 708/708/708 707/707/707
f 659/659/659 708/708/708 658/658/658
f 709/709/709 708/708/708 659/659/659
f 707/707/707 708/708/708 709/709/709
f 659/659/659 710/710/710 709/709/709
f 660/660/660 710/710/710 659/659/659
f 711/711/711 710/710/710 660/660/660
f 710/710/710 712/712/712 709/709/709
f 711/711/711 712/712/712 710/710/710
f 713/713/713 661/661/661 662/662/662
f 662/662/662 714/714/714 713/713/713
f 714/714/714 662/662/662 663/663/663
f 663/663/663 715/715/715 714/714/714
f 715/715/715 663/663/663 664/664/664
f 664/664/664 716/716/716 715/715/715
f 716/716/716 664/664/664 665/665/665
f 665/665/665 717/717/717 716/716/716
f 717/717/717 665/665/665 666/666/666
f 666/666/666 718/718/718 717/717/717
f 718/718/718 666/666/666 667/667/667
f 667/667/667 719/719/719 718/718/718
f 719/719/719 667/667/667 668/668/668
f 668/668/668 720/720/720 719/719/719
f 720/720/720 668/668/668 669/669/669
f 669/669/669 721/721/721 720/720/720
f 721/721/721 669/669/669 670/670/670
f 670/670/670 722/722/722 721/721/721
f 722/722/722 670/670/670 671/671/671
f 671/671/671 723/723/723 722/722/722
f 723/723/723 671/671/671 672/672/672
f 672/672/672 724/724/724 723/723/723
f 724/724/724 672/672/672 673/673/673
f 673/673/673 725/725/725 724/724/724
f 725/725/725 673/673/673 674/674/674
f 674/674/674 726/726/726 725/725/725
f 726/726/726 674/674/674 675/675/675
f 675/675/675 727/727/727 726/726/726
f 727/727/727 675/675/675 676/676/676
f 676/676/676 728/728/728 727/727/727
f 728/728/728 676/676/676 677/677/677
f 677/677/677 729/729/729 728/728/728
f 729/729/729 677/677/677 678/678/678
f 678/678/678 730/730/730 729/729/729
f 730/730/730 678/678/678 679/679/679
f 679/679/679 731/731/731 730/730/730
f 731/731/731 679/679/679 680/680/680
f 680/680/680 732/732/732 731/731/731
f 732/732/732 680/680/680 681/681/681
f 681/681/681 733/733/733 732/732/732
f 733/733/733 681/681/681 682/682/682
f 682/682/682 734/734/734 733/733/733
f 734/734/734 682/682/682 683/683/683
f 683/683/683 735/735/735 734/734/734
f 735/735/735 683/683/683 684/684/684
f 684/684/684 736/736/736 735/735/735
f 684/684/684 737/737/737 736/736/736
f 691/691/691 738/738/738 737/737/737
f 738/738/738 692/692/692 690/690/690
f 691/691/691 692/692/692 738/738/738
f 684/684/684 691/691/691 737/737/737
f 737/737/737 740/740/740 739/739/739
f 740/740/740 738/738/738 690/690/690
f 737/737/737 738/738/738 740/740/740
f 736/736/736 737/737/737 739/739/739
f 741/741/741 740/740/740 690/690/690
f 739/739/739 740/740/740 741/741/741
f 741/741/741 697/697/697 696/696/696
f 690/690/690 697/697/697 741/741/741
f 742/742/742 741/741/741 696/696/696
f 739/739/739 741/741/741 742/742/742
f 696/696/696 743/743/743 742/742/742
f 743/743/743 702/702/702 701/701/701
f 696/696/696 702/702/702 743/743/743
f 744/744/744 743/743/743 701/701/701
f 742/742/742 743/743/743 744/744/744
f 701/701/701 745/745/745 744/744/744
f 704/704/704 745/745/745 701/701/701
f 746/746/746 745/745/745 704/704/704
f 744/744/744 745/745/745 746/746/746
f 704/704/704 747/747/747 746/746/746
f 705/705/705 747/747/747 704/704/704
f 748/748/748 747/747/747 705/705/705
f 747/747/747 749/749/749 746/746/746
f 748/748/748 749/749/749 747/747/747
f 748/748/748 705/705/705 706/706/706
f 706/706/706 750/750/750 748/748/748
f 750/750/750 706/706/706 707/707/707
f 707/707/707 751/751/751 750/750/750
f 751/751/751 707/707/707 709/709/709
f 709/709/709 752/752/752 751/751/751
f 709/709/709 753/753/753 752/752/752
f 753/753/753 712/712/712 711/711/711
f 709/709/709 712/712/712 753/753/753
f 754/754/754 753/753/753 711/711/711
f 752/752/752 753/753/753 754/754/754
f 755/755/755 713/713/713 714/714/714
f 714/714/714 756/756/756 755/755/755
f 756/756/756 714/714/714 715/715/715
f 715/715/715 757/757/757 756/756/756
f 757/757/757 715/715/715 716/716/716
f 716/716/716 758/758/758 757/757/757
f 758/758/758 716/716/716 717/717/717
f 717/717/717 759/759/759 758/758/758
f 759/759/759 717/717/717 718/718/718
f 718/718/718 760/760/760 759/759/759
f 760/760/760 718/718/718 719/719/719
f 719/719/719 761/761/761 760/760/760
f 761/761/761 719/719/719 720/720/720
f 720/720/720 762/762/762 761/761/761
f 762/762/762 720/720/720 721/721/721
f 721/721/721 763/763/763 762/762/762
f 763/763/763 721/721/721 722/722/722
f 722/722/722 764/764/764 763/763/763
f 764/764/764 722/722/722 723/723/723
f 723/723/723 765/765/765 764/764/764
f 765/765/765 723/723/723 724/724/724
f 724/724/724 766/766/766 765/765/765
f 766/766/766 724/724/724 725/725/725
f 725/725/725 767/767/767 766/766/766
f 767/767/767 725/725/725 726/726/726
f 726/726/726 768/768/768 767/767/767
f 768/768/768 726/726/726 727/727/727
f 727/727/727 769/769/769 768/768/768
f 769/769/769 727/727/727 728/728/728
f 728/728/728 770/770/770 769/769/769
f 770/770/770 728/728/728 729/729/729
f 729/729/729 771/771/771 770/770/770
f 771/771/771 729/729/729 730/730/730
f 730/730/730 772/772/772 771/771/771
f 772/772/772 730/730/730 731/731/731
f 731/731/731 773/773/773 772/772/772
f 773/773/773 731/731/731 732/732/732
f 732/732/732 774/774/774 773/773/773
f 774/774/774 732/732/732 733/733/733
f 733/733/733 775/775/775 774/774/774
f 775/775/775 733/733/733 734/734/734
f 734/734/734 776/776/776 775/775/775
f 776/776/776 734/734/734 735/735/735
f 735/735/735 777/777/777 776/776/776
f 777/777/777 735/735/735 736/736/736
f 736/736/736 778/778/778 777/777/777
f 778/778/778 736/736/736 739/739/739
f 739/739/739 779/779/779 778/778/778
f 739/739/739 780/780/780 779/779/779
f 742/742/742 780/780/780 739/739/739
f 781/781/781 780/780/780 742/742/742
f 780/780/780 782/782/782 779/779/779
f 781/781/781 782/782/782 780/780/780
f 781/781/781 742/742/742 744/744/744
f 744/744/744 783/783/783 781/781/781
f 744/744/744 784/784/784 783/783/783
f 746/746/746 784/784/784 744/744/744
f 784/784/784 786/786/786 785/785/785
f 746/746/746 786/786/786 784/784/784
f 783/783/783 784/784/784 785/785/785
f 786/786/786 788/788/788 787/787/787
f 746/746/746 788/788/788 786/786/786
f 785/785/785 786/786/786 787/787/787
f 789/789/789 790/790/790 749/749/749
f 787/787/787 790/790/790 789/789/789
f 748/748/748 789/789/789 749/749/749
f 749/749/749 788/788/788 746/746/746
f 788/788/788 790/790/790 787/787/787
f 749/749/749 790/790/790 788/788/788
f 787/787/787 792/792/792 791/791/791
f 792/792/792 789/789/789 748/748/748
f 787/787/787 789/789/789 792/792/792
f 785/785/785 787/787/787 791/791/791
f 793/793/793 792/792/792 748/748/748
f 791/791/791 792/792/792 793/793/793
f 750/750/750 793/793/793 748/748/748
f 794/794/794 793/793/793 750/750/750
f 791/791/791 793/793/793 794/794/794
f 794/794/794 750/750/750 751/751/751
f 751/751/751 795/795/795 794/794/794
f 795/795/795 751/751/751 752/752/752
f 752/752/752 796/796/796 795/795/795
f 796/796/796 752/752/752 754/754/754
f 754/754/754 797/797/797 796/796/796
f 798/798/798 755/755/755 756/756/756
f 756/756/756 799/799/799 798/798/798
f 799/799/799 756/756/756 757/757/757
f 757/757/757 800/800/800 799/799/799
f 800/800/800 757/757/757 758/758/758
f 758/758/758 801/801/801 800/800/800
f 801/801/801 758/758/758 759/759/759
f 759/759/759 802/802/802 801/801/801
f 802/802/802 759/759/759 760/760/760
f 760/760/760 803/803/803 802/802/802
f 803/803/803 760/760/760 761/761/761
f 761/761/761 804/804/804 803/803/803
f 804/804/804 761/761/761 762/762/762
f 762/762/762 805/805/805 804/804/804
f 805/805/805 762/762/762 763/763/763
f 763/763/763 806/806/806 805/805/805
f 806/806/806 763/763/763 764/764/764
f 764/764/764 807/807/807 806/806/806
f 807/807/807 764/764/764 765/765/765
f 765/765/765 808/808/808 807/807/807
f 808/808/808 765/765/765 766/766/766
f 766/766/766 809/809/809 808/808/808
f 809/809/809 766/766/766 767/767/767
f 767/767/767 810/810/810 809/809/809
f 810/810/810 767/767/767 768/768/768
f 768/768/768 811/811/811 810/810/810
f 811/811/811 768/768/768 769/769/769
f 769/769/769 812/812/812 811/811/811
f 812/812/812 769/769/769 770/770/770
f 770/770/770 813/813/813 812/812/812
f 813/813/813 770/770/770 771/771/771
f 771/771/771 814/814/814 813/813/813
f 814/814/814 771/771/771 772/772/772
f 772/772/772 815/815/815 814/814/814
f 815/815/815 772/772/772 773/773/773
f 773/773/773 816/816/816 815/815/815
f 816/816/816 773/773/773 774/774/774
f 774/774/774 817/817/817 816/816/816
f 817/817/817 774/774/774 775/775/775
f 775/775/775 818/818/818 817/817/817
f 818/818/818 775/775/775 776/776/776
f 776/776/776 819/819/819 818/818/818
f 819/819/819 776/776/776 777/777/777
f 777/777/777 820/820/820 819/819/819
f 820/820/820 777/777/777 778/778/778
f 778/778/778 821/821/821 820/820/820
f 821/821/821 778/778/778 779/779/779
f 779/779/779 822/822/822 821/821/821
f 779/779/779 823/823/823 822/822/822
f 782/782/782 824/824/824 823/823/823
f 781/781/781 824/824/824 782/782/782
f 779/779/779 782/782/782 823/823/823
f 823/823/823 826/826/826 825/825/825
f 826/826/826 824/824/824 781/781/781
f 823/823/823 824/824/824 826/826/826
f 822/822/822 823/823/823 825/825/825
f 827/827/827 826/826/826 781/781/781
f 825/825/825 826/826/826 827/827/827
f 783/783/783 827/827/827 781/781/781
f 828/828/828 827/827/827 783/783/783
f 827/827/827 829/829/829 825/825/825
f 828/828/828 829/829/829 827/827/827
f 828/828/828 783/783/783 785/785/785
f 785/785/785 830/830/830 828/828/828
f 830/830/830 785/785/785 791/791/791
f 791/791/791 831/831/831 830/830/830
f 831/831/831 791/791/791 794/794/794
f 794/794/794 832/832/832 831/831/831
f 832/832/832 794/794/794 795/795/795
f 795/795/795 833/833/833 832/832/832
f 833/833/833 795/795/795 796/796/796
f 796/796/796 834/834/834 833/833/833
f 834/834/834 796/796/796 797/797/797
f 797/797/797 835/835/835 834/834/834
f 836/836/836 798/798/798 799/799/799
f 799/799/799 837/837/837 836/836/836
f 837/837/837 799/799/799 800/800/800
f 800/800/800 838/838/838 837/837/837
f 838/838/838 800/800/800 801/801/801
f 801/801/801 839/839/839 838/838/838
f 839/839/839 801/801/801 802/802/802
f 802/802/802 840/840/840 839/839/839
f 840/840/840 802/802/802 803/803/803
f 803/803/803 841/841/841 840/840/840
f 841/841/841 803/803/803 804/804/804
f 804/804/804 842/842/842 841/841/841
f 842/842/842 804/804/804 805/805/805
f 805/805/805 843/843/843 842/842/842
f 843/843/843 805/805/805 806/806/806
f 806/806/806 844/844/844 843/843/843
f 844/844/844 806/806/806 807/807/807
f 807/807/807 845/845/845 844/844/844
f 845/845/845 807/807/807 808/808/808
f 808/808/808 846/846/846 845/845/845
f 846/846/846 808/808/808 809/809/809
f 809/809/809 847/847/847 846/846/846
f 847/847/847 809/809/809 810/810/810
f 810/810/810 848/848/848 847/847/847
f 848/848/848 810/810/810 811/811/811
f 811/811/811 849/849/849 848/848/848
f 849/849/849 811/811/811 812/812/812
f 812/812/812 850/850/850 849/849/849
f 850/850/850 812/812/812 813/813/813
f 813/813/813 851/851/851 850/850/850
f 851/851/851 813/813/813 814/814/814
f 814/814/814 852/852/852 851/851/851
f 852/852/852 814/814/814 815/815/815
f 815/815/815 853/853/853 852/852/852
f 853/853/853 815/815/815 816/816/816
f 816/816/816 854/854/854 853/853/853
f 854/854/854 816/816/816 817/817/817
f 817/817/817 855/855/855 854/854/854
f 817/817/817 856/856/856 855/855/855
f 818/818/818 856/856/856 817/817/817
f 857/857/857 856/856/856 818/818/818
f 855/855/855 856/856/856 857/857/857
f 857/857/857 818/818/818 819/819/819
f 819/819/819 858/858/858 857/857/857
f 858/858/858 819/819/819 820/820/820
f 820/820/820 859/859/859 858/858/858
f 859/859/859 820/820/820 821/821/821
f 821/821/821 860/860/860 859/859/859
f 860/860/860 821/821/821 822/822/822
f 822/822/822 861/861/861 860/860/860
f 861/861/861 822/822/822 825/825/825
f 825/825/825 862/862/862 861/861/861
f 825/825/825 863/863/863 862/862/862
f 829/829/829 864/864/864 863/863/863
f 828/828/828 864/864/864 829/829/829
f 825/825/825 829/829/829 863/863/863
f 863/863/863 866/866/866 865/865/865
f 866/866/866 864/864/864 828/828/828
f 863/863/863 864/864/864 866/866/866
f 863/863/863 867/867/867 862/862/862
f 865/865/865 867/867/867 863/863/863
f 868/868/868 866/866/866 828/828/828
f 865/865/865 866/866/866 868/868/868
f 830/830/830 868/868/868 828/828/828
f 869/869/869 868/868/868 830/830/830
f 865/865/865 868/868/868 869/869/869
f 830/830/830 870/870/870 869/869/869
f 831/831/831 870/870/870 830/830/830
f 870/870/870 872/872/872 871/871/871
f 831/831/831 872/872/872 870/870/870
f 869/869/869 870/870/870 871/871/871
f 873/873/873 872/872/872 831/831/831
f 871/871/871 872/872/872 873/873/873
f 832/832/832 873/873/873 831/831/831
f 874/874/874 873/873/873 832/832/832
f 871/871/871 873/873/873 874/874/874
f 832/832/832 875/875/875 874/874/874
f 833/833/833 875/875/875 832/832/832
f 876/876/876 875/875/875 833/833/833
f 874/874/874 875/875/875 876/876/876
f 833/833/833 877/877/877 876/876/876
f 834/834/834 877/877/877 833/833/833
f 878/878/878 877/877/877 834/834/834
f 877/877/877 879/879/879 876/876/876
f 878/878/878 879/879/879 877/877/877
f 834/834/834 880/880/880 878/878/878
f 835/835/835 880/880/880 834/834/834
f 881/881/881 880/880/880 835/835/835
f 880/880/880 882/882/882 878/878/878
f 881/881/881 882/882/882 880/880/880
f 883/883/883 836/836/836 837/837/837
f 837/837/837 884/884/884 883/883/883
f 884/884/884 837/837/837 838/838/838
f 838/838/838 885/885/885 884/884/884
f 885/885/885 838/838/838 839/839/839
f 839/839/839 886/886/886 885/885/885
f 886/886/886 839/839/839 840/840/840
f 840/840/840 887/887/887 886/886/886
f 887/887/887 840/840/840 841/841/841
f 841/841/841 888/888/888 887/887/887
f 888/888/888 841/841/841 842/842/842
f 842/842/842 889/889/889 888/888/888
f 889/889/889 842/842/842 843/843/843
f 843/843/843 890/890/890 889/889/889
f 890/890/890 843/843/843 844/844/844
f 844/844/844 891/891/891 890/890/890
f 891/891/891 844/844/844 845/845/845
f 845/845/845 892/892/892 891/891/891
f 892/892/892 845/845/845 846/846/846
f 846/846/846 893/893/893 892/892/892
f 893/893/893 846/846/846 847/847/847
f 847/847/847 894/894/894 893/893/893
f 894/894/894 847/847/847 848/848/848
f 848/848/848 895/895/895 894/894/894
f 895/895/895 848/848/848 849/849/849
f 849/849/849 896/896/896 895/895/895
f 896/896/896 849/849/849 850/850/850
f 850/850/850 897/897/897 896/896/896
f 897/897/897 850/850/850 851/851/851
f 851/851/851 898/898/898 897/897/897
f 898/898/898 851/851/851 852/852/852
f 852/852/852 899/899/899 898/898/898
f 899/899/899 852/852/852 853/853/853
f 853/853/853 900/900/900 899/899/899
f 900/900/900 853/853/853 854/854/854
f 854/854/854 901/901/901 900/900/900
f 901/901/901 854/854/854 855/855/855
f 855/855/855 902/902/902 901/901/901
f 902/902/902 855/855/855 857/857/857
f 857/857/857 903/903/903 902/902/902
f 903/903/903 857/857/857 858/858/858
f 858/858/858 904/904/904 903/903/903
f 904/904/904 858/858/858 859/859/859
f 859/859/859 905/905/905 904/904/904
f 905/905/905 859/859/859 860/860/860
f 860/860/860 906/906/906 905/905/905
f 906/906/906 860/860/860 861/861/861
f 861/861/861 907/907/907 906/906/906
f 861/861/861 908/908/908 907/907/907
f 862/862/862 908/908/908 861/861/861
f 909/909/909 908/908/908 862/862/862
f 907/907/907 908/908/908 909/909/909
f 862/862/862 910/910/910 909/909/909
f 867/867/867 911/911/911 910/910/910
f 865/865/865 911/911/911 867/867/867
f 862/862/862 867/867/867 910/910/910
f 910/910/910 913/913/913 912/912/912
f 913/913/913 911/911/911 865/865/865
f 910/910/910 911/911/911 913/913/913
f 909/909/909 910/910/910 912/912/912
f 914/914/914 913/913/913 865/865/865
f 912/912/912 913/913/913 914/914/914
f 869/869/869 914/914/914 865/865/865
f 915/915/915 914/914/914 869/869/869
f 912/912/912 914/914/914 915/915/915
f 869/869/869 916/916/916 915/915/915
f 871/871/871 916/916/916 869/869/869
f 917/917/917 916/916/916 871/871/871
f 916/916/916 918/918/918 915/915/915
f 917/917/917 918/918/918 916/916/916
f 871/871/871 919/919/919 917/917/917
f 874/874/874 919/919/919 871/871/871
f 920/920/920 919/919/919 874/874/874
f 919/919/919 921/921/921 917/917/917
f 920/920/920 921/921/921 919/919/919
f 920/920/920 874/874/874 876/876/876
f 876/876/876 922/922/922 920/920/920
f 876/876/876 923/923/923 922/922/922
f 879/879/879 924/924/924 923/923/923
f 878/878/878 924/924/924 879/879/879
f 876/876/876 879/879/879 923/923/923
f 923/923/923 926/926/926 925/925/925
f 924/924/924 927/927/927 926/926/926
f 878/878/878 927/927/927 924/924/924
f 923/923/923 924/924/924 926/926/926
f 922/922/922 923/923/923 925/925/925
f 926/926/926 929/929/929 928/928/928
f 929/929/929 927/927/927 878/878/878
f 926/926/926 927/927/927 929/929/929
f 925/925/925 926/926/926 928/928/928
f 928/928/928 882/882/882 881/881/881
f 882/882/882 929/929/929 878/878/878
f 928/928/928 929/929/929 882/882/882
f 928/928/928 931/931/931 930/930/930
f 881/881/881 931/931/931 928/928/928
f 925/925/925 928/928/928 930/930/930
f 932/932/932 883/883/883 884/884/884
f 884/884/884 933/933/933 932/932/932
f 933/933/933 884/884/884 885/885/885
f 885/885/885 934/934/934 933/933/933
f 934/934/934 885/885/885 886/886/886
f 886/886/886 935/935/935 934/934/934
f 935/935/935 886/886/886 887/887/887
f 887/887/887 936/936/936 935/935/935
f 936/936/936 887/887/887 888/888/888
f 888/888/888 937/937/937 936/936/936
f 937/937/937 888/888/888 889/889/889
f 889/889/889 938/938/938 937/937/937
f 938/938/938 889/889/889 890/890/890
f 890/890/890 939/939/939 938/938/938
f 939/939/939 890/890/890 891/891/891
f 891/891/891 940/940/940 939/939/939
f 940/940/940 891/891/891 892/892/892
f 892/892/892 941/941/941 940/940/940
f 941/941/941 892/892/892 893/893/893
f 893/893/893 942/942/942 941/941/941
f 942/942/942 893/893/893 894/894/894
f 894/894/894 943/943/943 942/942/942
f 943/943/943 894/894/894 895/895/895
f 895/895/895 944/944/944 943/943/943
f 944/944/944 895/895/895 896/896/896
f 896/896/896 945/945/945 944/944/944
f 945/945/945 896/896/896 897/897/897
f 897/897/897 946/946/946 945/945/945
f 946/946/946 897/897/897 898/898/898
f 898/898/898 947/947/947 946/946/946
f 947/947/947 898/898/898 899/899/899
f 899/899/899 948/948/948 947/947/947
f 948/948/948 899/899/899 900/900/900
f 900/900/900 949/949/949 948/948/948
f 949/949/949 900/900/900 901/901/901
f 901/901/901 950/950/950 949/949/949
f 950/950/950 901/901/901 902/902/902
f 902/902/902 951/951/951 950/950/950
f 951/951/951 902/902/902 903/903/903
f 903/903/903 952/952/952 951/951/951
f 952/952/952 903/903/903 904/904/904
f 904/904/904 953/953/953 952/952/952
f 953/953/953 904/904/904 905/905/905
f 905/905/905 954/954/954 953/953/953
f 954/954/954 905/905/905 906/906/906
f 906/906/906 955/955/955 954/954/954
f 955/955/955 906/906/906 907/907/907
f 907/907/907 956/956/956 955/955/955
f 956/956/956 907/907/907 909/909/909
f 909/909/909 957/957/957 956/956/956
f 957/957/957 909/909/909 912/912/912
f 912/912/912 958/958/958 957/957/957
f 958/958/958 912/912/912 915/915/915
f 915/915/915 959/959/959 958/958/958
f 915/915/915 960/960/960 959/959/959
f 918/918/918 961/961/961 960/960/960
f 917/917/917 961/961/961 918/918/918
f 915/915/915 918/918/918 960/960/960
f 960/960/960 963/963/963 962/962/962
f 961/961/961 964/964/964 963/963/963
f 917/917/917 964/964/964 961/961/961
f 960/960/960 961/961/961 963/963/963
f 959/959/959 960/960/960 962/962/962
f 965/965/965 966/966/966 963/963/963
f 967/967/967 966/966/966 965/965/965
f 965/965/965 964/964/964 917/917/917
f 963/963/963 964/964/964 965/965/965
f 963/963/963 968/968/968 962/962/962
f 968/968/968 966/966/966 967/967/967
f 963/963/963 966/966/966 968/968/968
f 967/967/967 921/921/921 920/920/920
f 921/921/921 965/965/965 917/917/917
f 967/967/967 965/965/965 921/921/921
f 969/969/969 970/970/970 967/967/967
f 971/971/971 970/970/970 969/969/969
f 920/920/920 969/969/969 967/967/967
f 972/972/972 968/968/968 967/967/967
f 962/962/962 968/968/968 972/972/972
f 970/970/970 973/973/973 972/972/972
f 971/971/971 973/973/973 970/970/970
f 967/967/967 970/970/970 972/972/972
f 974/974/974 969/969/969 920/920/920
f 971/971/971 969/969/969 974/974/974
f 922/922/922 974/974/974 920/920/920
f 975/975/975 974/974/974 922/922/922
f 974/974/974 976/976/976 971/971/971
f 975/975/975 976/976/976 974/974/974
f 975/975/975 922/922/922 925/925/925
f 925/925/925 977/977/977 975/975/975
f 977/977/977 925/925/925 930/930/930
f 930/930/930 978/978/978 977/977/977
f 979/979/979 932/932/932 933/933/933
f 933/933/933 980/980/980 979/979/979
f 980/980/980 933/933/933 934/934/934
f 934/934/934 981/981/981 980/980/980
f 981/981/981 934/934/934 935/935/935
f 935/935/935 982/982/982 981/981/981
f 982/982/982 935/935/935 936/936/936
f 936/936/936 983/983/983 982/982/982
f 983/983/983 936/936/936 937/937/937
f 937/937/937 984/984/984 983/983/983
f 984/984/984 937/937/937 938/938/938
f 938/938/938 985/985/985 984/984/984
f 985/985/985 938/938/938 939/939/939
f 939/939/939 986/986/986 985/985/985
f 986/986/986 939/939/939 940/940/940
f 940/940/940 987/987/987 986/986/986
f 987/987/987 940/940/940 941/941/941
f 941/941/941 988/988/988 987/987/987
f 988/988/988 941/941/941 942/942/942
f 942/942/942 989/989/989 988/988/988
f 989/989/989 942/942/942 943/943/943
f 943/943/943 990/990/990 989/989/989
f 990/990/990 943/943/943 944/944/944
f 944/944/944 991/991/991 990/990/990
f 991/991/991 944/944/944 945/945/945
f 945/945/945 992/992/992 991/991/991
f 992/992/992 945/945/945 946/946/946
f 946/946/946 993/993/993 992/992/992
f 993/993/993 946/946/946 947/947/947
f 947/947/947 994/994/994 993/993/993
f 994/994/994 947/947/947 948/948/948
f 948/948/948 995/995/995 994/994/994
f 995/995/995 948/948/948 949/949/949
f 949/949/949 996/996/996 995/995/995
f 996/996/996 949/949/949 950/950/950
f 950/950/950 997/997/997 996/996/996
f 997/997/997 950/950/950 951/951/951
f 951/951/951 998/998/998 997/997/997
f 998/998/998 951/951/951 952/952/952
f 952/952/952 999/999/999 998/998/998
f 999/999/999 952/952/952 953/953/953
f 953/953/953 1000/1000/1000 999/999/999
f 1000/1000/1000 953/953/953 954/954/954
f 954/954/954 1001/1001/1001 1000/1000/1000
f 1001/1001/1001 954/954/954 955/955/955
f 955/955/955 1002/1002/1002 1001/1001/1001
f 1002/1002/1002 955/955/955 956/956/956
f 956/956/956 1003/1003/1003 1002/1002/1002
f 1003/1003/1003 956/956/956 957/957/957
f 957/957/957 1004/1004/1004 1003/1003/1003
f 1004/1004/1004 957/957/957 958/958/958
f 958/958/958 1005/1005/1005 1004/1004/1004
f 1005/1005/1005 958/958/958 959/959/959
f 959/959/959 1006/1006/1006 1005/1005/1005
f 1006/1006/1006 959/959/959 962/962/962
f 962/962/962 1007/1007/1007 1006/1006/1006
f 962/962/962 1008/1008/1008 1007/1007/1007
f 972/972/972 1009/1009/1009 1008/1008/1008
f 1009/1009/1009 973/973/973 971/971/971
f 972/972/972 973/973/973 1009/1009/1009
f 962/962/962 972/972/972 1008/1008/1008
f 1008/1008/1008 1011/1011/1011 1010/1010/1010
f 1011/1011/1011 1009/1009/1009 971/971/971
f 1008/1008/1008 1009/1009/1009 1011/1011/1011
f 1007/1007/1007 1008/1008/1008 1010/1010/1010
f 1011/1011/1011 1013/1013/1013 1012/1012/1012
f 971/971/971 1013/1013/1013 1011/1011/1011
f 1010/1010/1010 1011/1011/1011 1012/1012/1012
f 1012/1012/1012 976/976/976 975/975/975
f 976/976/976 1013/1013/1013 971/971/971
f 1012/1012/1012 1013/1013/1013 976/976/976
f 1014/1014/1014 1012/1012/1012 975/975/975
f 1010/1010/1010 1012/1012/1012 1014/1014/1014
f 1014/1014/1014 975/975/975 977/977/977
f 977/977/977 1015/1015/1015 1014/1014/1014
f 1015/1015/1015 977/977/977 978/978/978
f 978/978/978 1016/1016/1016 1015/1015/1015
f 1017/1017/1017 979/979/979 980/980/980
f 980/980/980 1018/1018/1018 1017/1017/1017
f 1018/1018/1018 980/980/980 981/981/981
f 981/981/981 1019/1019/1019 1018/1018/1018
f 1019/1019/1019 981/981/981 982/982/982
f 982/982/982 1020/1020/1020 1019/1019/1019
f 1020/1020/1020 982/982/982 983/983/983
f 983/983/983 1021/1021/1021 1020/1020/1020
f 1021/1021/1021 983/983/983 984/984/984
f 984/984/984 1022/1022/1022 1021/1021/1021
f 1022/1022/1022 984/984/984 985/985/985
f 985/985/985 1023/1023/1023 1022/1022/1022
f 1023/1023/1023 985/985/985 986/986/986
f 986/986/986 1024/1024/1024 1023/1023/1023
f 1024/1024/1024 986/986/986 987/987/987
f 987/987/987 1025/1025/1025 1024/1024/1024
f 1025/1025/1025 987/987/987 988/988/988
f 988/988/988 1026/1026/1026 1025/1025/1025
f 1026/1026/1026 988/988/988 989/989/989
f 989/989/989 1027/1027/1027 1026/1026/1026
f 1027/1027/1027 989/989/989 990/990/990
f 990/990/990 1028/1028/1028 1027/1027/1027
f 1028/1028/1028 990/990/990 991/991/991
f 991/991/991 1029/1029/1029 1028/1028/1028
f 1029/1029/1029 991/991/991 992/992/992
f 992/992/992 1030/1030/1030 1029/1029/1029
f 1030/1030/1030 992/992/992 993/993/993
f 993/993/993 1031/1031/1031 1030/1030/1030
f 1031/1031/1031 993/993/993 994/994/994
f 994/994/994 1032/1032/1032 1031/1031/1031
f 1032/1032/1032 994/994/994 995/995/995
f 995/995/995 1033/1033/1033 1032/1032/1032
f 1033/1033/1033 995/995/995 996/996/996
f 996/996/996 1034/1034/1034 1033/1033/1033
f 1034/1034/1034 996/996/996 997/997/997
f 997/997/997 1035/1035/1035 1034/1034/1034
f 1035/1035/1035 997/997/997 998/998/998
f 998/998/998 1036/1036/1036 1035/1035/1035
f 1036/1036/1036 998/998/998 999/999/999
f 999/999/999 1037/1037/1037 1036/1036/1036
f 1037/1037/1037 999/999/999 1000/1000/1000
f 1000/1000/1000 1038/1038/1038 1037/1037/1037
f 1038/1038/1038 1000/1000/1000 1001/1001/1001
f 1001/1001/1001 1039/1039/1039 1038/1038/1038
f 1039/1039/1039 1001/1001/1001 1002/1002/1002
f 1002/1002/1002 1040/1040/1040 1039/1039/1039
f 1040/1040/1040 1002/1002/1002 1003/1003/1003
f 1003/1003/1003 1041/1041/1041 1040/1040/1040
f 1041/1041/1041 1003/1003/1003 1004/1004/1004
f 1004/1004/1004 1042/1042/1042 1041/1041/1041
f 1042/1042/1042 1004/1004/1004 1005/1005/1005
f 1005/1005/1005 1043/1043/1043 1042/1042/1042
f 1043/1043/1043 1005/1005/1005 1006/1006/1006
f 1006/1006/1006 1044/1044/1044 1043/1043/1043
f 1044/1044/1044 1006/1006/1006 1007/1007/1007
f 1007/1007/1007 1045/1045/1045 1044/1044/1044
f 1007/1007/1007 1046/1046/1046 1045/1045/1045
f 1010/1010/1010 1046/1046/1046 1007/1007/1007
f 1047/1047/1047 1046/1046/1046 1010/1010/1010
f 1045/1045/1045 1046/1046/1046 1047/1047/1047
f 1010/1010/1010 1048/1048/1048 1047/1047/1047
f 1014/1014/1014 1048/1048/1048 1010/1010/1010
f 1049/1049/1049 1048/1048/1048 1014/1014/1014
f 1047/1047/1047 1048/1048/1048 1049/1049/1049
f 1049/1049/1049 1014/1014/1014 1015/1015/1015
f 1015/1015/1015 1050/1050/1050 1049/1049/1049
f 1015/1015/1015 1051/1051/1051 1050/1050/1050
f 1016/1016/1016 1051/1051/1051 1015/1015/1015
f 1051/1051/1051 1053/1053/1053 1052/1052/1052
f 1016/1016/1016 1053/1053/1053 1051/1051/1051
f 1050/1050/1050 1051/1051/1051 1052/1052/1052
f 1054/1054/1054 1017/1017/1017 1018/1018/1018
f 1018/1018/1018 1055/1055/1055 1054/1054/1054
f 1055/1055/1055 1018/1018/1018 1019/1019/1019
f 1019/1019/1019 1056/1056/1056 1055/1055/1055
f 1056/1056/1056 1019/1019/1019 1020/1020/1020
f 1020/1020/1020 1057/1057/1057 1056/1056/1056
f 1057/1057/1057 1020/1020/1020 1021/1021/1021
f 1021/1021/1021 1058/1058/1058 1057/1057/1057
f 1058/1058/1058 1021/1021/1021 1022/1022/1022
f 1022/1022/1022 1059/1059/1059 1058/1058/1058
f 1022/1022/1022 1060/1060/1060 1059/1059/1059
f 1023/1023/1023 1060/1060/1060 1022/1022/1022
f 1061/1061/1061 1060/1060/1060 1023/1023/1023
f 1060/1060/1060 1062/1062/1062 1059/1059/1059
f 1061/1061/1061 1062/1062/1062 1060/1060/1060
f 1061/1061/1061 1023/1023/1023 1024/1024/1024
f 1024/1024/1024 1063/1063/1063 1061/1061/1061
f 1024/1024/1024 1064/1064/1064 1063/1063/1063
f 1025/1025/1025 1064/1064/1064 1024/1024/1024
f 1065/1065/1065 1064/1064/1064 1025/1025/1025
f 1064/1064/1064 1066/1066/1066 1063/1063/1063
f 1065/1065/1065 1066/1066/1066 1064/1064/1064
f 1065/1065/1065 1025/1025/1025 1026/1026/1026
f 1026/1026/1026 1067/1067/1067 1065/1065/1065
f 1067/1067/1067 1026/1026/1026 1027/1027/1027
f 1027/1027/1027 1068/1068/1068 1067/1067/1067
f 1068/1068/1068 1027/1027/1027 1028/1028/1028
f 1028/1028/1028 1069/1069/1069 1068/1068/1068
f 1069/1069/1069 1028/1028/1028 1029/1029/1029
f 1029/1029/1029 1070/1070/1070 1069/1069/1069
f 1029/1029/1029 1071/1071/1071 1070/1070/1070
f 1030/1030/1030 1071/1071/1071 1029/1029/1029
f 1072/1072/1072 1071/1071/1071 1030/1030/1030
f 1071/1071/1071 1073/1073/1073 1070/1070/1070
f 1072/1072/1072 1073/1073/1073 1071/1071/1071
f 1030/1030/1030 1074/1074/1074 1072/1072/1072
f 1031/1031/1031 1074/1074/1074 1030/1030/1030
f 1075/1075/1075 1074/1074/1074 1031/1031/1031
f 1072/1072/1072 1074/1074/1074 1075/1075/1075
f 1075/1075/1075 1031/1031/1031 1032/1032/1032
f 1032/1032/1032 1076/1076/1076 1075/1075/1075
f 1076/1076/1076 1032/1032/1032 1033/1033/1033
f 1033/1033/1033 1077/1077/1077 1076/1076/1076
f 1077/1077/1077 1033/1033/1033 1034/1034/1034
f 1034/1034/1034 1078/1078/1078 1077/1077/1077
f 1078/1078/1078 1034/1034/1034 1035/1035/1035
f 1035/1035/1035 1079/1079/1079 1078/1078/1078
f 1079/1079/1079 1035/1035/1035 1036/1036/1036
f 1036/1036/1036 1080/1080/1080 1079/1079/1079
f 1080/1080/1080 1036/1036/1036 1037/1037/1037
f 1037/1037/1037 1081/1081/1081 1080/1080/1080
f 1081/1081/1081 1037/1037/1037 1038/1038/1038
f 1038/1038/1038 1082/1082/1082 1081/1081/1081
f 1082/1082/1082 1038/1038/1038 1039/1039/1039
f 1039/1039/1039 1083/1083/1083 1082/1082/1082
f 1083/1083/1083 1039/1039/1039 1040/1040/1040
f 1040/1040/1040 1084/1084/1084 1083/1083/1083
f 1084/1084/1084 1040/1040/1040 1041/1041/1041
f 1041/1041/1041 1085/1085/1085 1084/1084/1084
f 1085/1085/1085 1041/1041/1041 1042/1042/1042
f 1042/1042/1042 1086/1086/1086 1085/1085/1085
f 1086/1086/1086 1042/1042/1042 1043/1043/1043
f 1043/1043/1043 1087/1087/1087 1086/1086/1086
f 1087/1087/1087 1043/1043/1043 1044/1044/1044
f 1044/1044/1044 1088/1088/1088 1087/1087/1087
f 1088/1088/1088 1044/1044/1044 1045/1045/1045
f 1045/1045/1045 1089/1089/1089 1088/1088/1088
f 1089/1089/1089 1045/1045/1045 1047/1047/1047
f 1047/1047/1047 1090/1090/1090 1089/1089/1089
f 1090/1090/1090 1047/1047/1047 1049/1049/1049
f 1049/1049/1049 1091/1091/1091 1090/1090/1090
f 1091/1091/1091 1049/1049/1049 1050/1050/1050
f 1050/1050/1050 1092/1092/1092 1091/1091/1091
f 1050/1050/1050 1093/1093/1093 1092/1092/1092
f 1052/1052/1052 1093/1093/1093 1050/1050/1050
f 1094/1094/1094 1093/1093/1093 1052/1052/1052
f 1092/1092/1092 1093/1093/1093 1094/1094/1094
f 1095/1095/1095 1054/1054/1054 1055/1055/1055
f 1055/1055/1055 1096/1096/1096 1095/1095/1095
f 1096/1096/1096 1055/1055/1055 1056/1056/1056
f 1056/1056/1056 1097/1097/1097 1096/1096/1096
f 1056/1056/1056 1098/1098/1098 1097/1097/1097
f 1057/1057/1057 1098/1098/1098 1056/1056/1056
f 1098/1098/1098 1100/1100/1100 1099/1099/1099
f 1057/1057/1057 1100/1100/1100 1098/1098/1098
f 1098/1098/1098 1101/1101/1101 1097/1097/1097
f 1099/1099/1099 1101/1101/1101 1098/1098/1098
f 1102/1102/1102 1100/1100/1100 1057/1057/1057
f 1100/1100/1100 1103/1103/1103 1099/1099/1099
f 1102/1102/1102 1103/1103/1103 1100/1100/1100
f 1058/1058/1058 1102/1102/1102 1057/1057/1057
f 1104/1104/1104 1105/1105/1105 1102/1102/1102
f 1105/1105/1105 1107/1107/1107 1106/1106/1106
f 1104/1104/1104 1107/1107/1107 1105/1105/1105
f 1058/1058/1058 1104/1104/1104 1102/1102/1102
f 1108/1108/1108 1103/1103/1103 1102/1102/1102
f 1103/1103/1103 1109/1109/1109 1099/1099/1099
f 1108/1108/1108 1109/1109/1109 1103/1103/1103
f 1108/1108/1108 1105/1105/1105 1106/1106/1106
f 1102/1102/1102 1105/1105/1105 1108/1108/1108
f 1110/1110/1110 1104/1104/1104 1058/1058/1058
f 1111/1111/1111 1107/1107/1107 1104/1104/1104
f 1106/1106/1106 1107/1107/1107 1111/1111/1111
f 1110/1110/1110 1111/1111/1111 1104/1104/1104
f 1059/1059/1059 1110/1110/1110 1058/1058/1058
f 1110/1110/1110 1113/1113/1113 1112/1112/1112
f 1059/1059/1059 1113/1113/1113 1110/1110/1110
f 1114/1114/1114 1111/1111/1111 1110/1110/1110
f 1106/1106/1106 1111/1111/1111 1114/1114/1114
f 1112/1112/1112 1114/1114/1114 1110/1110/1110
f 1113/1113/1113 1116/1116/1116 1115/1115/1115
f 1059/1059/1059 1116/1116/1116 1113/1113/1113
f 1112/1112/1112 1113/1113/1113 1115/1115/1115
f 1115/1115/1115 1062/1062/1062 1061/1061/1061
f 1062/1062/1062 1116/1116/1116 1059/1059/1059
f 1115/1115/1115 1116/1116/1116 1062/1062/1062
f 1115/1115/1115 1118/1118/1118 1117/1117/1117
f 1061/1061/1061 1118/1118/1118 1115/1115/1115
f 1112/1112/1112 1115/1115/1115 1117/1117/1117
f 1119/1119/1119 1118/1118/1118 1061/1061/1061
f 1118/1118/1118 1120/1120/1120 1117/1117/1117
f 1119/1119/1119 1120/1120/1120 1118/1118/1118
f 1063/1063/1063 1119/1119/1119 1061/1061/1061
f 1121/1121/1121 1122/1122/1122 1119/1119/1119
f 1123/1123/1123 1122/1122/1122 1121/1121/1121
f 1063/1063/1063 1121/1121/1121 1119/1119/1119
f 1120/1120/1120 1125/1125/1125 1124/1124/1124
f 1119/1119/1119 1125/1125/1125 1120/1120/1120
f 1117/1117/1117 1120/1120/1120 1124/1124/1124
f 1124/1124/1124 1122/1122/1122 1123/1123/1123
f 1122/1122/1122 1125/1125/1125 1119/1119/1119
f 1124/1124/1124 1125/1125/1125 1122/1122/1122
f 1121/1121/1121 1127/1127/1127 1126/1126/1126
f 1063/1063/1063 1127/1127/1127 1121/1121/1121
f 1123/1123/1123 1121/1121/1121 1126/1126/1126
f 1128/1128/1128 1129/1129/1129 1066/1066/1066
f 1126/1126/1126 1129/1129/1129 1128/1128/1128
f 1065/1065/1065 1128/1128/1128 1066/1066/1066
f 1066/1066/1066 1127/1127/1127 1063/1063/1063
f 1127/1127/1127 1129/1129/1129 1126/1126/1126
f 1066/1066/1066 1129/1129/1129 1127/1127/1127
f 1126/1126/1126 1131/1131/1131 1130/1130/1130
f 1131/1131/1131 1128/1128/1128 1065/1065/1065
f 1126/1126/1126 1128/1128/1128 1131/1131/1131
f 1123/1123/1123 1126/1126/1126 1130/1130/1130
f 1132/1132/1132 1131/1131/1131 1065/1065/1065
f 1130/1130/1130 1131/1131/1131 1132/1132/1132
f 1067/1067/1067 1132/1132/1132 1065/1065/1065
f 1133/1133/1133 1132/1132/1132 1067/1067/1067
f 1130/1130/1130 1132/1132/1132 1133/1133/1133
f 1067/1067/1067 1134/1134/1134 1133/1133/1133
f 1068/1068/1068 1134/1134/1134 1067/1067/1067
f 1135/1135/1135 1136/1136/1136 1134/1134/1134
f 1137/1137/1137 1136/1136/1136 1135/1135/1135
f 1068/1068/1068 1135/1135/1135 1134/1134/1134
f 1134/1134/1134 1138/1138/1138 1133/1133/1133
f 1138/1138/1138 1136/1136/1136 1137/1137/1137
f 1134/1134/1134 1136/1136/1136 1138/1138/1138
f 1139/1139/1139 1135/1135/1135 1068/1068/1068
f 1137/1137/1137 1135/1135/1135 1139/1139/1139
f 1069/1069/1069 1139/1139/1139 1068/1068/1068
f 1140/1140/1140 1139/1139/1139 1069/1069/1069
f 1137/1137/1137 1139/1139/1139 1140/1140/1140
f 1069/1069/1069 1141/1141/1141 1140/1140/1140
f 1070/1070/1070 1141/1141/1141 1069/1069/1069
f 1141/1141/1141 1143/1143/1143 1142/1142/1142
f 1070/1070/1070 1143/1143/1143 1141/1141/1141
f 1140/1140/1140 1141/1141/1141 1142/1142/1142
f 1143/1143/1143 1145/1145/1145 1144/1144/1144
f 1070/1070/1070 1145/1145/1145 1143/1143/1143
f 1142/1142/1142 1143/1143/1143 1144/1144/1144
f 1146/1146/1146 1147/1147/1147 1073/1073/1073
f 1144/1144/1144 1147/1147/1147 1146/1146/1146
f 1072/1072/1072 1146/1146/1146 1073/1073/1073
f 1073/1073/1073 1145/1145/1145 1070/1070/1070
f 1145/1145/1145 1147/1147/1147 1144/1144/1144
f 1073/1073/1073 1147/1147/1147 1145/1145/1145
f 1144/1144/1144 1149/1149/1149 1148/1148/1148
f 1149/1149/1149 1146/1146/1146 1072/1072/1072
f 1144/1144/1144 1146/1146/1146 1149/1149/1149
f 1142/1142/1142 1144/1144/1144 1148/1148/1148
f 1150/1150/1150 1149/1149/1149 1072/1072/1072
f 1148/1148/1148 1149/1149/1149 1150/1150/1150
f 1075/1075/1075 1150/1150/1150 1072/1072/1072
f 1151/1151/1151 1150/1150/1150 1075/1075/1075
f 1148/1148/1148 1150/1150/1150 1151/1151/1151
f 1151/1151/1151 1075/1075/1075 1076/1076/1076
f 1076/1076/1076 1152/1152/1152 1151/1151/1151
f 1076/1076/1076 1153/1153/1153 1152/1152/1152
f 1077/1077/1077 1153/1153/1153 1076/1076/1076
f 1154/1154/1154 1153/1153/1153 1077/1077/1077
f 1153/1153/1153 1155/1155/1155 1152/1152/1152
f 1154/1154/1154 1155/1155/1155 1153/1153/1153
f 1154/1154/1154 1077/1077/1077 1078/1078/1078
f 1078/1078/1078 1156/1156/1156 1154/1154/1154
f 1156/1156/1156 1078/1078/1078 1079/1079/1079
f 1079/1079/1079 1157/1157/1157 1156/1156/1156
f 1157/1157/1157 1079/1079/1079 1080/1080/1080
f 1080/1080/1080 1158/1158/1158 1157/1157/1157
f 1158/1158/1158 1080/1080/1080 1081/1081/1081
f 1081/1081/1081 1159/1159/1159 1158/1158/1158
f 1159/1159/1159 1081/1081/1081 1082/1082/1082
f 1082/1082/1082 1160/1160/1160 1159/1159/1159
f 1160/1160/1160 1082/1082/1082 1083/1083/1083
f 1083/1083/1083 1161/1161/1161 1160/1160/1160
f 1161/1161/1161 1083/1083/1083 1084/1084/1084
f 1084/1084/1084 1162/1162/1162 1161/1161/1161
f 1162/1162/1162 1084/1084/1084 1085/1085/1085
f 1085/1085/1085 1163/1163/1163 1162/1162/1162
f 1163/1163/1163 1085/1085/1085 1086/1086/1086
f 1086/1086/1086 1164/1164/1164 1163/1163/1163
f 1086/1086/1086 1165/1165/1165 1164/1164/1164
f 1087/1087/1087 1165/1165/1165 1086/1086/1086
f 1166/1166/1166 1165/1165/1165 1087/1087/1087
f 1165/1165/1165 1167/1167/1167 1164/1164/1164
f 1166/1166/1166 1167/1167/1167 1165/1165/1165
f 1087/1087/1087 1168/1168/1168 1166/1166/1166
f 1088/1088/1088 1168/1168/1168 1087/1087/1087
f 1168/1168/1168 1170/1170/1170 1169/1169/1169
f 1088/1088/1088 1170/1170/1170 1168/1168/1168
f 1166/1166/1166 1168/1168/1168 1169/1169/1169
f 1171/1171/1171 1170/1170/1170 1088/1088/1088
f 1169/1169/1169 1170/1170/1170 1171/1171/1171
f 1089/1089/1089 1171/1171/1171 1088/1088/1088
f 1172/1172/1172 1171/1171/1171 1089/1089/1089
f 1169/1169/1169 1171/1171/1171 1172/1172/1172
f 1172/1172/1172 1089/1089/1089 1090/1090/1090
f 1090/1090/1090 1173/1173/1173 1172/1172/1172
f 1173/1173/1173 1090/1090/1090 1091/1091/1091
f 1091/1091/1091 1174/1174/1174 1173/1173/1173
f 1174/1174/1174 1091/1091/1091 1092/1092/1092
f 1092/1092/1092 1175/1175/1175 1174/1174/1174
f 1175/1175/1175 1092/1092/1092 1094/1094/1094
f 1094/1094/1094 1176/1176/1176 1175/1175/1175
f 1177/1177/1177 1095/1095/1095 1096/1096/1096
f 1096/1096/1096 1178/1178/1178 1177/1177/1177
f 1096/1096/1096 1179/1179/1179 1178/1178/1178
f 1097/1097/1097 1179/1179/1179 1096/1096/1096
f 1180/1180/1180 1179/1179/1179 1097/1097/1097
f 1179/1179/1179 1181/1181/1181 1178/1178/1178
f 1180/1180/1180 1181/1181/1181 1179/1179/1179
f 1097/1097/1097 1182/1182/1182 1180/1180/1180
f 1101/1101/1101 1183/1183/1183 1182/1182/1182
f 1099/1099/1099 1183/1183/1183 1101/1101/1101
f 1097/1097/1097 1101/1101/1101 1182/1182/1182
f 1184/1184/1184 1186/1186/1186 1185/1185/1185
f 1182/1182/1182 1186/1186/1186 1184/1184/1184
f 1187/1187/1187 1184/1184/1184 1185/1185/1185
f 1188/1188/1188 1189/1189/1189 1183/1183/1183
f 1185/1185/1185 1189/1189/1189 1188/1188/1188
f 1099/1099/1099 1188/1188/1188 1183/1183/1183
f 1183/1183/1183 1186/1186/1186 1182/1182/1182
f 1186/1186/1186 1189/1189/1189 1185/1185/1185
f 1183/1183/1183 1189/1189/1189 1186/1186/1186
f 1182/1182/1182 1190/1190/1190 1180/1180/1180
f 1190/1190/1190 1184/1184/1184 1187/1187/1187
f 1182/1182/1182 1184/1184/1184 1190/1190/1190
f 1185/1185/1185 1192/1192/1192 1191/1191/1191
f 1188/1188/1188 1193/1193/1193 1192/1192/1192
f 1099/1099/1099 1193/1193/1193 1188/1188/1188
f 1185/1185/1185 1188/1188/1188 1192/1192/1192
f 1187/1187/1187 1185/1185/1185 1191/1191/1191
f 1191/1191/1191 1108/1108/1108 1106/1106/1106
f 1192/1192/1192 1109/1109/1109 1108/1108/1108
f 1109/1109/1109 1193/1193/1193 1099/1099/1099
f 1192/1192/1192 1193/1193/1193 1109/1109/1109
f 1191/1191/1191 1192/1192/1192 1108/1108/1108
f 1194/1194/1194 1191/1191/1191 1106/1106/1106
f 1187/1187/1187 1191/1191/1191 1194/1194/1194
f 1106/1106/1106 1195/1195/1195 1194/1194/1194
f 1195/1195/1195 1114/1114/1114 1112/1112/1112
f 1106/1106/1106 1114/1114/1114 1195/1195/1195
f 1196/1196/1196 1195/1195/1195 1112/1112/1112
f 1195/1195/1195 1197/1197/1197 1194/1194/1194
f 1196/1196/1196 1197/1197/1197 1195/1195/1195
f 1196/1196/1196 1112/1112/1112 1117/1117/1117
f 1117/1117/1117 1198/1198/1198 1196/1196/1196
f 1117/1117/1117 1199/1199/1199 1198/1198/1198
f 1199/1199/1199 1124/1124/1124 1123/1123/1123
f 1117/1117/1117 1124/1124/1124 1199/1199/1199
f 1200/1200/1200 1199/1199/1199 1123/1123/1123
f 1198/1198/1198 1199/1199/1199 1200/1200/1200
f 1123/1123/1123 1201/1201/1201 1200/1200/1200
f 1130/1130/1130 1201/1201/1201 1123/1123/1123
f 1201/1201/1201 1203/1203/1203 1202/1202/1202
f 1130/1130/1130 1203/1203/1203 1201/1201/1201
f 1200/1200/1200 1201/1201/1201 1202/1202/1202
f 1204/1204/1204 1203/1203/1203 1130/1130/1130
f 1202/1202/1202 1203/1203/1203 1204/1204/1204
f 1133/1133/1133 1204/1204/1204 1130/1130/1130
f 1205/1205/1205 1204/1204/1204 1133/1133/1133
f 1202/1202/1202 1204/1204/1204 1205/1205/1205
f 1133/1133/1133 1206/1206/1206 1205/1205/1205
f 1206/1206/1206 1138/1138/1138 1137/1137/1137
f 1133/1133/1133 1138/1138/1138 1206/1206/1206
f 1207/1207/1207 1206/1206/1206 1137/1137/1137
f 1206/1206/1206 1208/1208/1208 1205/1205/1205
f 1207/1207/1207 1208/1208/1208 1206/1206/1206
f 1207/1207/1207 1137/1137/1137 1140/1140/1140
f 1140/1140/1140 1209/1209/1209 1207/1207/1207
f 1209/1209/1209 1140/1140/1140 1142/1142/1142
f 1142/1142/1142 1210/1210/1210 1209/1209/1209
f 1210/1210/1210 1142/1142/1142 1148/1148/1148
f 1148/1148/1148 1211/1211/1211 1210/1210/1210
f 1211/1211/1211 1148/1148/1148 1151/1151/1151
f 1151/1151/1151 1212/1212/1212 1211/1211/1211
f 1151/1151/1151 1213/1213/1213 1212/1212/1212
f 1152/1152/1152 1213/1213/1213 1151/1151/1151
f 1213/1213/1213 1215/1215/1215 1214/1214/1214
f 1152/1152/1152 1215/1215/1215 1213/1213/1213
f 1213/1213/1213 1216/1216/1216 1212/1212/1212
f 1214/1214/1214 1216/1216/1216 1213/1213/1213
f 1217/1217/1217 1218/1218/1218 1215/1215/1215
f 1219/1219/1219 1218/1218/1218 1217/1217/1217
f 1152/1152/1152 1217/1217/1217 1215/1215/1215
f 1215/1215/1215 1220/1220/1220 1214/1214/1214
f 1220/1220/1220 1218/1218/1218 1219/1219/1219
f 1215/1215/1215 1218/1218/1218 1220/1220/1220
f 1219/1219/1219 1155/1155/1155 1154/1154/1154
f 1155/1155/1155 1217/1217/1217 1152/1152/1152
f 1219/1219/1219 1217/1217/1217 1155/1155/1155
f 1221/1221/1221 1219/1219/1219 1154/1154/1154
f 1222/1222/1222 1220/1220/1220 1219/1219/1219
f 1214/1214/1214 1220/1220/1220 1222/1222/1222
f 1221/1221/1221 1222/1222/1222 1219/1219/1219
f 1221/1221/1221 1154/1154/1154 1156/1156/1156
f 1156/1156/1156 1223/1223/1223 1221/1221/1221
f 1223/1223/1223 1156/1156/1156 1157/1157/1157
f 1157/1157/1157 1224/1224/1224 1223/1223/1223
f 1224/1224/1224 1157/1157/1157 1158/1158/1158
f 1158/1158/1158 1225/1225/1225 1224/1224/1224
f 1225/1225/1225 1158/1158/1158 1159/1159/1159
f 1159/1159/1159 1226/1226/1226 1225/1225/1225
f 1226/1226/1226 1159/1159/1159 1160/1160/1160
f 1160/1160/1160 1227/1227/1227 1226/1226/1226
f 1227/1227/1227 1160/1160/1160 1161/1161/1161
f 1161/1161/1161 1228/1228/1228 1227/1227/1227
f 1228/1228/1228 1161/1161/1161 1162/1162/1162
f 1162/1162/1162 1229/1229/1229 1228/1228/1228
f 1229/1229/1229 1162/1162/1162 1163/1163/1163
f 1163/1163/1163 1230/1230/1230 1229/1229/1229
f 1230/1230/1230 1163/1163/1163 1164/1164/1164
f 1164/1164/1164 1231/1231/1231 1230/1230/1230
f 1164/1164/1164 1232/1232/1232 1231/1231/1231
f 1232/1232/1232 1167/1167/1167 1166/1166/1166
f 1164/1164/1164 1167/1167/1167 1232/1232/1232
f 1232/1232/1232 1234/1234/1234 1233/1233/1233
f 1166/1166/1166 1234/1234/1234 1232/1232/1232
f 1231/1231/1231 1232/1232/1232 1233/1233/1233
f 1235/1235/1235 1234/1234/1234 1166/1166/1166
f 1233/1233/1233 1234/1234/1234 1235/1235/1235
f 1169/1169/1169 1235/1235/1235 1166/1166/1166
f 1236/1236/1236 1235/1235/1235 1169/1169/1169
f 1235/1235/1235 1237/1237/1237 1233/1233/1233
f 1236/1236/1236 1237/1237/1237 1235/1235/1235
f 1236/1236/1236 1169/1169/1169 1172/1172/1172
f 1172/1172/1172 1238/1238/1238 1236/1236/1236
f 1238/1238/1238 1172/1172/1172 1173/1173/1173
f 1173/1173/1173 1239/1239/1239 1238/1238/1238
f 1239/1239/1239 1173/1173/1173 1174/1174/1174
f 1174/1174/1174 1240/1240/1240 1239/1239/1239
f 1240/1240/1240 1174/1174/1174 1175/1175/1175
f 1175/1175/1175 1241/1241/1241 1240/1240/1240
f 1241/1241/1241 1175/1175/1175 1176/1176/1176
f 1176/1176/1176 1242/1242/1242 1241/1241/1241
f 1177/1177/1177 1244/1244/1244 1243/1243/1243
f 1178/1178/1178 1244/1244/1244 1177/1177/1177
f 1244/1244/1244 1246/1246/1246 1245/1245/1245
f 1178/1178/1178 1246/1246/1246 1244/1244/1244
f 1243/1243/1243 1244/1244/1244 1245/1245/1245
f 1247/1247/1247 1246/1246/1246 1178/1178/1178
f 1245/1245/1245 1246/1246/1246 1247/1247/1247
f 1247/1247/1247 1181/1181/1181 1180/1180/1180
f 1178/1178/1178 1181/1181/1181 1247/1247/1247
f 1248/1248/1248 1247/1247/1247 1180/1180/1180
f 1245/1245/1245 1247/1247/1247 1248/1248/1248
f 1180/1180/1180 1249/1249/1249 1248/1248/1248
f 1249/1249/1249 1190/1190/1190 1187/1187/1187
f 1180/1180/1180 1190/1190/1190 1249/1249/1249
f 1250/1250/1250 1249/1249/1249 1187/1187/1187
f 1248/1248/1248 1249/1249/1249 1250/1250/1250
f 1187/1187/1187 1251/1251/1251 1250/1250/1250
f 1194/1194/1194 1251/1251/1251 1187/1187/1187
f 1251/1251/1251 1253/1253/1253 1252/1252/1252
f 1194/1194/1194 1253/1253/1253 1251/1251/1251
f 1250/1250/1250 1251/1251/1251 1252/1252/1252
f 1253/1253/1253 1255/1255/1255 1254/1254/1254
f 1194/1194/1194 1255/1255/1255 1253/1253/1253
f 1252/1252/1252 1253/1253/1253 1254/1254/1254
f 1256/1256/1256 1257/1257/1257 1197/1197/1197
f 1254/1254/1254 1257/1257/1257 1256/1256/1256
f 1196/1196/1196 1256/1256/1256 1197/1197/1197
f 1197/1197/1197 1255/1255/1255 1194/1194/1194
f 1255/1255/1255 1257/1257/1257 1254/1254/1254
f 1197/1197/1197 1257/1257/1257 1255/1255/1255
f 1254/1254/1254 1259/1259/1259 1258/1258/1258
f 1259/1259/1259 1256/1256/1256 1196/1196/1196
f 1254/1254/1254 1256/1256/1256 1259/1259/1259
f 1252/1252/1252 1254/1254/1254 1258/1258/1258
f 1260/1260/1260 1259/1259/1259 1196/1196/1196
f 1258/1258/1258 1259/1259/1259 1260/1260/1260
f 1198/1198/1198 1260/1260/1260 1196/1196/1196
f 1261/1261/1261 1260/1260/1260 1198/1198/1198
f 1258/1258/1258 1260/1260/1260 1261/1261/1261
f 1261/1261/1261 1198/1198/1198 1200/1200/1200
f 1200/1200/1200 1262/1262/1262 1261/1261/1261
f 1262/1262/1262 1200/1200/1200 1202/1202/1202
f 1202/1202/1202 1263/1263/1263 1262/1262/1262
f 1263/1263/1263 1202/1202/1202 1205/1205/1205
f 1205/1205/1205 1264/1264/1264 1263/1263/1263
f 1205/1205/1205 1265/1265/1265 1264/1264/1264
f 1265/1265/1265 1208/1208/1208 1207/1207/1207
f 1205/1205/1205 1208/1208/1208 1265/1265/1265
f 1266/1266/1266 1265/1265/1265 1207/1207/1207
f 1265/1265/1265 1267/1267/1267 1264/1264/1264
f 1266/1266/1266 1267/1267/1267 1265/1265/1265
f 1207/1207/1207 1268/1268/1268 1266/1266/1266
f 1209/1209/1209 1268/1268/1268 1207/1207/1207
f 1269/1269/1269 1268/1268/1268 1209/1209/1209
f 1268/1268/1268 1270/1270/1270 1266/1266/1266
f 1269/1269/1269 1270/1270/1270 1268/1268/1268
f 1269/1269/1269 1209/1209/1209 1210/1210/1210
f 1210/1210/1210 1271/1271/1271 1269/1269/1269
f 1210/1210/1210 1272/1272/1272 1271/1271/1271
f 1211/1211/1211 1272/1272/1272 1210/1210/1210
f 1273/1273/1273 1274/1274/1274 1272/1272/1272
f 1274/1274/1274 1276/1276/1276 1275/1275/1275
f 1273/1273/1273 1276/1276/1276 1274/1274/1274
f 1211/1211/1211 1273/1273/1273 1272/1272/1272
f 1272/1272/1272 1277/1277/1277 1271/1271/1271
f 1277/1277/1277 1274/1274/1274 1275/1275/1275
f 1272/1272/1272 1274/1274/1274 1277/1277/1277
f 1278/1278/1278 1273/1273/1273 1211/1211/1211
f 1279/1279/1279 1276/1276/1276 1273/1273/1273
f 1276/1276/1276 1280/1280/1280 1275/1275/1275
f 1279/1279/1279 1280/1280/1280 1276/1276/1276
f 1278/1278/1278 1279/1279/1279 1273/1273/1273
f 1212/1212/1212 1278/1278/1278 1211/1211/1211
f 1281/1281/1281 1278/1278/1278 1212/1212/1212
f 1282/1282/1282 1279/1279/1279 1278/1278/1278
f 1283/1283/1283 1280/1280/1280 1279/1279/1279
f 1275/1275/1275 1280/1280/1280 1283/1283/1283
f 1282/1282/1282 1283/1283/1283 1279/1279/1279
f 1281/1281/1281 1282/1282/1282 1278/1278/1278
f 1212/1212/1212 1284/1284/1284 1281/1281/1281
f 1216/1216/1216 1285/1285/1285 1284/1284/1284
f 1214/1214/1214 1285/1285/1285 1216/1216/1216
f 1212/1212/1212 1216/1216/1216 1284/1284/1284
f 1284/1284/1284 1287/1287/1287 1286/1286/1286
f 1287/1287/1287 1285/1285/1285 1214/1214/1214
f 1284/1284/1284 1285/1285/1285 1287/1287/1287
f 1281/1281/1281 1284/1284/1284 1286/1286/1286
f 1288/1288/1288 1287/1287/1287 1214/1214/1214
f 1286/1286/1286 1287/1287/1287 1288/1288/1288
f 1222/1222/1222 1289/1289/1289 1288/1288/1288
f 1221/1221/1221 1289/1289/1289 1222/1222/1222
f 1214/1214/1214 1222/1222/1222 1288/1288/1288
f 1290/1290/1290 1292/1292/1292 1291/1291/1291
f 1288/1288/1288 1292/1292/1292 1290/1290/1290
f 1293/1293/1293 1290/1290/1290 1291/1291/1291
f 1291/1291/1291 1289/1289/1289 1221/1221/1221
f 1289/1289/1289 1292/1292/1292 1288/1288/1288
f 1291/1291/1291 1292/1292/1292 1289/1289/1289
f 1288/1288/1288 1294/1294/1294 1286/1286/1286
f 1294/1294/1294 1290/1290/1290 1293/1293/1293
f 1288/1288/1288 1290/1290/1290 1294/1294/1294
f 1295/1295/1295 1291/1291/1291 1221/1221/1221
f 1293/1293/1293 1291/1291/1291 1295/1295/1295
f 1223/1223/1223 1295/1295/1295 1221/1221/1221
f 1296/1296/1296 1295/1295/1295 1223/1223/1223
f 1293/1293/1293 1295/1295/1295 1296/1296/1296
f 1296/1296/1296 1223/1223/1223 1224/1224/1224
f 1224/1224/1224 1297/1297/1297 1296/1296/1296
f 1297/1297/1297 1224/1224/1224 1225/1225/1225
f 1225/1225/1225 1298/1298/1298 1297/1297/1297
f 1298/1298/1298 1225/1225/1225 1226/1226/1226
f 1226/1226/1226 1299/1299/1299 1298/1298/1298
f 1299/1299/1299 1226/1226/1226 1227/1227/1227
f 1227/1227/1227 1300/1300/1300 1299/1299/1299
f 1300/1300/1300 1227/1227/1227 1228/1228/1228
f 1228/1228/1228 1301/1301/1301 1300/1300/1300
f 1228/1228/1228 1302/1302/1302 1301/1301/1301
f 1229/1229/1229 1302/1302/1302 1228/1228/1228
f 1302/1302/1302 1304/1304/1304 1303/1303/1303
f 1229/1229/1229 1304/1304/1304 1302/1302/1302
f 1301/1301/1301 1302/1302/1302 1303/1303/1303
f 1305/1305/1305 1304/1304/1304 1229/1229/1229
f 1304/1304/1304 1306/1306/1306 1303/1303/1303
f 1305/1305/1305 1306/1306/1306 1304/1304/1304
f 1230/1230/1230 1305/1305/1305 1229/1229/1229
f 1307/1307/1307 1305/1305/1305 1230/1230/1230
f 1308/1308/1308 1306/1306/1306 1305/1305/1305
f 1306/1306/1306 1309/1309/1309 1303/1303/1303
f 1308/1308/1308 1309/1309/1309 1306/1306/1306
f 1307/1307/1307 1308/1308/1308 1305/1305/1305
f 1307/1307/1307 1230/1230/1230 1231/1231/1231
f 1231/1231/1231 1310/1310/1310 1307/1307/1307
f 1310/1310/1310 1231/1231/1231 1233/1233/1233
f 1233/1233/1233 1311/1311/1311 1310/1310/1310
f 1233/1233/1233 1312/1312/1312 1311/1311/1311
f 1312/1312/1312 1237/1237/1237 1236/1236/1236
f 1233/1233/1233 1237/1237/1237 1312/1312/1312
f 1313/1313/1313 1312/1312/1312 1236/1236/1236
f 1311/1311/1311 1312/1312/1312 1313/1313/1313
f 1313/1313/1313 1236/1236/1236 1238/1238/1238
f 1238/1238/1238 1314/1314/1314 1313/1313/1313
f 1314/1314/1314 1238/1238/1238 1239/1239/1239
f 1239/1239/1239 1315/1315/1315 1314/1314/1314
f 1315/1315/1315 1239/1239/1239 1240/1240/1240
f 1240/1240/1240 1316/1316/1316 1315/1315/1315
f 1316/1316/1316 1240/1240/1240 1241/1241/1241
f 1241/1241/1241 1317/1317/1317 1316/1316/1316
f 1317/1317/1317 1241/1241/1241 1242/1242/1242
f 1242/1242/1242 1318/1318/1318 1317/1317/1317
f 1319/1319/1319 1243/1243/1243 1245/1245/1245
f 1245/1245/1245 1320/1320/1320 1319/1319/1319
f 1320/1320/1320 1245/1245/1245 1248/1248/1248
f 1248/1248/1248 1321/1321/1321 1320/1320/1320
f 1321/1321/1321 1248/1248/1248 1250/1250/1250
f 1250/1250/1250 1322/1322/1322 1321/1321/1321
f 1322/1322/1322 1250/1250/1250 1252/1252/1252
f 1252/1252/1252 1323/1323/1323 1322/1322/1322
f 1323/1323/1323 1252/1252/1252 1258/1258/1258
f 1258/1258/1258 1324/1324/1324 1323/1323/1323
f 1324/1324/1324 1258/1258/1258 1261/1261/1261
f 1261/1261/1261 1325/1325/1325 1324/1324/1324
f 1325/1325/1325 1261/1261/1261 1262/1262/1262
f 1262/1262/1262 1326/1326/1326 1325/1325/1325
f 1326/1326/1326 1262/1262/1262 1263/1263/1263
f 1263/1263/1263 1327/1327/1327 1326/1326/1326
f 1327/1327/1327 1263/1263/1263 1264/1264/1264
f 1264/1264/1264 1328/1328/1328 1327/1327/1327
f 1264/1264/1264 1329/1329/1329 1328/1328/1328
f 1329/1329/1329 1267/1267/1267 1266/1266/1266
f 1264/1264/1264 1267/1267/1267 1329/1329/1329
f 1330/1330/1330 1329/1329/1329 1266/1266/1266
f 1328/1328/1328 1329/1329/1329 1330/1330/1330
f 1266/1266/1266 1331/1331/1331 1330/1330/1330
f 1270/1270/1270 1332/1332/1332 1331/1331/1331
f 1269/1269/1269 1332/1332/1332 1270/1270/1270
f 1266/1266/1266 1270/1270/1270 1331/1331/1331
f 1331/1331/1331 1334/1334/1334 1333/1333/1333
f 1334/1334/1334 1332/1332/1332 1269/1269/1269
f 1331/1331/1331 1332/1332/1332 1334/1334/1334
f 1330/1330/1330 1331/1331/1331 1333/1333/1333
f 1335/1335/1335 1334/1334/1334 1269/1269/1269
f 1333/1333/1333 1334/1334/1334 1335/1335/1335
f 1271/1271/1271 1335/1335/1335 1269/1269/1269
f 1336/1336/1336 1335/1335/1335 1271/1271/1271
f 1333/1333/1333 1335/1335/1335 1336/1336/1336
f 1271/1271/1271 1337/1337/1337 1336/1336/1336
f 1337/1337/1337 1277/1277/1277 1275/1275/1275
f 1271/1271/1271 1277/1277/1277 1337/1337/1337
f 1337/1337/1337 1339/1339/1339 1338/1338/1338
f 1275/1275/1275 1339/1339/1339 1337/1337/1337
f 1336/1336/1336 1337/1337/1337 1338/1338/1338
f 1339/1339/1339 1341/1341/1341 1340/1340/1340
f 1275/1275/1275 1341/1341/1341 1339/1339/1339
f 1338/1338/1338 1339/1339/1339 1340/1340/1340
f 1340/1340/1340 1282/1282/1282 1281/1281/1281
f 1341/1341/1341 1283/1283/1283 1282/1282/1282
f 1275/1275/1275 1283/1283/1283 1341/1341/1341
f 1340/1340/1340 1341/1341/1341 1282/1282/1282
f 1342/1342/1342 1340/1340/1340 1281/1281/1281
f 1338/1338/1338 1340/1340/1340 1342/1342/1342
f 1281/1281/1281 1343/1343/1343 1342/1342/1342
f 1286/1286/1286 1343/1343/1343 1281/1281/1281
f 1343/1343/1343 1345/1345/1345 1344/1344/1344
f 1286/1286/1286 1345/1345/1345 1343/1343/1343
f 1342/1342/1342 1343/1343/1343 1344/1344/1344
f 1345/1345/1345 1347/1347/1347 1346/1346/1346
f 1286/1286/1286 1347/1347/1347 1345/1345/1345
f 1344/1344/1344 1345/1345/1345 1346/1346/1346
f 1346/1346/1346 1294/1294/1294 1293/1293/1293
f 1294/1294/1294 1347/1347/1347 1286/1286/1286
f 1346/1346/1346 1347/1347/1347 1294/1294/1294
f 1348/1348/1348 1346/1346/1346 1293/1293/1293
f 1344/1344/1344 1346/1346/1346 1348/1348/1348
f 1348/1348/1348 1293/1293/1293 1296/1296/1296
f 1296/1296/1296 1349/1349/1349 1348/1348/1348
f 1349/1349/1349 1296/1296/1296 1297/1297/1297
f 1297/1297/1297 1350/1350/1350 1349/1349/1349
f 1350/1350/1350 1297/1297/1297 1298/1298/1298
f 1298/1298/1298 1351/1351/1351 1350/1350/1350
f 1351/1351/1351 1298/1298/1298 1299/1299/1299
f 1299/1299/1299 1352/1352/1352 1351/1351/1351
f 1352/1352/1352 1299/1299/1299 1300/1300/1300
f 1300/1300/1300 1353/1353/1353 1352/1352/1352
f 1353/1353/1353 1300/1300/1300 1301/1301/1301
f 1301/1301/1301 1354/1354/1354 1353/1353/1353
f 1301/1301/1301 1355/1355/1355 1354/1354/1354
f 1303/1303/1303 1355/1355/1355 1301/1301/1301
f 1355/1355/1355 1357/1357/1357 1356/1356/1356
f 1303/1303/1303 1357/1357/1357 1355/1355/1355
f 1354/1354/1354 1355/1355/1355 1356/1356/1356
f 1357/1357/1357 1359/1359/1359 1358/1358/1358
f 1303/1303/1303 1359/1359/1359 1357/1357/1357
f 1356/1356/1356 1357/1357/1357 1358/1358/1358
f 1358/1358/1358 1308/1308/1308 1307/1307/1307
f 1359/1359/1359 1309/1309/1309 1308/1308/1308
f 1303/1303/1303 1309/1309/1309 1359/1359/1359
f 1358/1358/1358 1359/1359/1359 1308/1308/1308
f 1360/1360/1360 1358/1358/1358 1307/1307/1307
f 1356/1356/1356 1358/1358/1358 1360/1360/1360
f 1307/1307/1307 1361/1361/1361 1360/1360/1360
f 1310/1310/1310 1361/1361/1361 1307/1307/1307
f 1362/1362/1362 1361/1361/1361 1310/1310/1310
f 1361/1361/1361 1363/1363/1363 1360/1360/1360
f 1362/1362/1362 1363/1363/1363 1361/1361/1361
f 1362/1362/1362 1310/1310/1310 1311/1311/1311
f 1311/1311/1311 1364/1364/1364 1362/1362/1362
f 1364/1364/1364 1311/1311/1311 1313/1313/1313
f 1313/1313/1313 1365/1365/1365 1364/1364/1364
f 1313/1313/1313 1366/1366/1366 1365/1365/1365
f 1314/1314/1314 1366/1366/1366 1313/1313/1313
f 1367/1367/1367 1366/1366/1366 1314/1314/1314
f 1366/1366/1366 1368/1368/1368 1365/1365/1365
f 1367/1367/1367 1368/1368/1368 1366/1366/1366
f 1367/1367/1367 1314/1314/1314 1315/1315/1315
f 1315/1315/1315 1369/1369/1369 1367/1367/1367
f 1369/1369/1369 1315/1315/1315 1316/1316/1316
f 1316/1316/1316 1370/1370/1370 1369/1369/1369
f 1370/1370/1370 1316/1316/1316 1317/1317/1317
f 1317/1317/1317 1371/1371/1371 1370/1370/1370
f 1371/1371/1371 1317/1317/1317 1318/1318/1318
f 1318/1318/1318 1372/1372/1372 1371/1371/1371
f 1373/1373/1373 1319/1319/1319 1320/1320/1320
f 1320/1320/1320 1374/1374/1374 1373/1373/1373
f 1374/1374/1374 1320/1320/1320 1321/1321/1321
f 1321/1321/1321 1375/1375/1375 1374/1374/1374
f 1375/1375/1375 1321/1321/1321 1322/1322/1322
f 1322/1322/1322 1376/1376/1376 1375/1375/1375
f 1376/1376/1376 1322/1322/1322 1323/1323/1323
f 1323/1323/1323 1377/1377/1377 1376/1376/1376
f 1377/1377/1377 1323/1323/1323 1324/1324/1324
f 1324/1324/1324 1378/1378/1378 1377/1377/1377
f 1378/1378/1378 1324/1324/1324 1325/1325/1325
f 1325/1325/1325 1379/1379/1379 1378/1378/1378
f 1379/1379/1379 1325/1325/1325 1326/1326/1326
f 1326/1326/1326 1380/1380/1380 1379/1379/1379
f 1380/1380/1380 1326/1326/1326 1327/1327/1327
f 1327/1327/1327 1381/1381/1381 1380/1380/1380
f 1381/1381/1381 1327/1327/1327 1328/1328/1328
f 1328/1328/1328 1382/1382/1382 1381/1381/1381
f 1382/1382/1382 1328/1328/1328 1330/1330/1330
f 1330/1330/1330 1383/1383/1383 1382/1382/1382
f 1383/1383/1383 1330/1330/1330 1333/1333/1333
f 1333/1333/1333 1384/1384/1384 1383/1383/1383
f 1384/1384/1384 1333/1333/1333 1336/1336/1336
f 1336/1336/1336 1385/1385/1385 1384/1384/1384
f 1385/1385/1385 1336/1336/1336 1338/1338/1338
f 1338/1338/1338 1386/1386/1386 1385/1385/1385
f 1386/1386/1386 1338/1338/1338 1342/1342/1342
f 1342/1342/1342 1387/1387/1387 1386/1386/1386
f 1387/1387/1387 1342/1342/1342 1344/1344/1344
f 1344/1344/1344 1388/1388/1388 1387/1387/1387
f 1344/1344/1344 1389/1389/1389 1388/1388/1388
f 1348/1348/1348 1389/1389/1389 1344/1344/1344
f 1390/1390/1390 1391/1391/1391 1389/1389/1389
f 1392/1392/1392 1391/1391/1391 1390/1390/1390
f 1348/1348/1348 1390/1390/1390 1389/1389/1389
f 1389/1389/1389 1393/1393/1393 1388/1388/1388
f 1391/1391/1391 1394/1394/1394 1393/1393/1393
f 1392/1392/1392 1394/1394/1394 1391/1391/1391
f 1389/1389/1389 1391/1391/1391 1393/1393/1393
f 1395/1395/1395 1390/1390/1390 1348/1348/1348
f 1392/1392/1392 1390/1390/1390 1395/1395/1395
f 1349/1349/1349 1395/1395/1395 1348/1348/1348
f 1396/1396/1396 1395/1395/1395 1349/1349/1349
f 1392/1392/1392 1395/1395/1395 1396/1396/1396
f 1396/1396/1396 1349/1349/1349 1350/1350/1350
f 1350/1350/1350 1397/1397/1397 1396/1396/1396
f 1397/1397/1397 1350/1350/1350 1351/1351/1351
f 1351/1351/1351 1398/1398/1398 1397/1397/1397
f 1398/1398/1398 1351/1351/1351 1352/1352/1352
f 1352/1352/1352 1399/1399/1399 1398/1398/1398
f 1399/1399/1399 1352/1352/1352 1353/1353/1353
f 1353/1353/1353 1400/1400/1400 1399/1399/1399
f 1400/1400/1400 1353/1353/1353 1354/1354/1354
f 1354/1354/1354 1401/1401/1401 1400/1400/1400
f 1401/1401/1401 1354/1354/1354 1356/1356/1356
f 1356/1356/1356 1402/1402/1402 1401/1401/1401
f 1402/1402/1402 1356/1356/1356 1360/1360/1360
f 1360/1360/1360 1403/1403/1403 1402/1402/1402
f 1360/1360/1360 1404/1404/1404 1403/1403/1403
f 1363/1363/1363 1405/1405/1405 1404/1404/1404
f 1362/1362/1362 1405/1405/1405 1363/1363/1363
f 1360/1360/1360 1363/1363/1363 1404/1404/1404
f 1404/1404/1404 1407/1407/1407 1406/1406/1406
f 1407/1407/1407 1405/1405/1405 1362/1362/1362
f 1404/1404/1404 1405/1405/1405 1407/1407/1407
f 1403/1403/1403 1404/1404/1404 1406/1406/1406
f 1408/1408/1408 1407/1407/1407 1362/1362/1362
f 1406/1406/1406 1407/1407/1407 1408/1408/1408
f 1364/1364/1364 1408/1408/1408 1362/1362/1362
f 1409/1409/1409 1408/1408/1408 1364/1364/1364
f 1406/1406/1406 1408/1408/1408 1409/1409/1409
f 1409/1409/1409 1364/1364/1364 1365/1365/1365
f 1365/1365/1365 1410/1410/1410 1409/1409/1409
f 1365/1365/1365 1411/1411/1411 1410/1410/1410
f 1411/1411/1411 1368/1368/1368 1367/1367/1367
f 1365/1365/1365 1368/1368/1368 1411/1411/1411
f 1412/1412/1412 1411/1411/1411 1367/1367/1367
f 1410/1410/1410 1411/1411/1411 1412/1412/1412
f 1367/1367/1367 1413/1413/1413 1412/1412/1412
f 1369/1369/1369 1413/1413/1413 1367/1367/1367
f 1413/1413/1413 1415/1415/1415 1414/1414/1414
f 1369/1369/1369 1415/1415/1415 1413/1413/1413
f 1412/1412/1412 1413/1413/1413 1414/1414/1414
f 1416/1416/1416 1415/1415/1415 1369/1369/1369
f 1414/1414/1414 1415/1415/1415 1416/1416/1416
f 1370/1370/1370 1416/1416/1416 1369/1369/1369
f 1417/1417/1417 1416/1416/1416 1370/1370/1370
f 1414/1414/1414 1416/1416/1416 1417/1417/1417
f 1417/1417/1417 1370/1370/1370 1371/1371/1371
f 1371/1371/1371 1418/1418/1418 1417/1417/1417
f 1418/1418/1418 1371/1371/1371 1372/1372/1372
f 1372/1372/1372 1419/1419/1419 1418/1418/1418
f 1420/1420/1420 1373/1373/1373 1374/1374/1374
f 1374/1374/1374 1421/1421/1421 1420/1420/1420
f 1374/1374/1374 1422/1422/1422 1421/1421/1421
f 1375/1375/1375 1422/1422/1422 1374/1374/1374
f 1423/1423/1423 1424/1424/1424 1422/1422/1422
f 1425/1425/1425 1424/1424/1424 1423/1423/1423
f 1375/1375/1375 1423/1423/1423 1422/1422/1422
f 1422/1422/1422 1426/1426/1426 1421/1421/1421
f 1424/1424/1424 1427/1427/1427 1426/1426/1426
f 1425/1425/1425 1427/1427/1427 1424/1424/1424
f 1422/1422/1422 1424/1424/1424 1426/1426/1426
f 1428/1428/1428 1423/1423/1423 1375/1375/1375
f 1425/1425/1425 1423/1423/1423 1428/1428/1428
f 1376/1376/1376 1428/1428/1428 1375/1375/1375
f 1429/1429/1429 1428/1428/1428 1376/1376/1376
f 1425/1425/1425 1428/1428/1428 1429/1429/1429
f 1429/1429/1429 1376/1376/1376 1377/1377/1377
f 1377/1377/1377 1430/1430/1430 1429/1429/1429
f 1430/1430/1430 1377/1377/1377 1378/1378/1378
f 1378/1378/1378 1431/1431/1431 1430/1430/1430
f 1431/1431/1431 1378/1378/1378 1379/1379/1379
f 1379/1379/1379 1432/1432/1432 1431/1431/1431
f 1432/1432/1432 1379/1379/1379 1380/1380/1380
f 1380/1380/1380 1433/1433/1433 1432/1432/1432
f 1433/1433/1433 1380/1380/1380 1381/1381/1381
f 1381/1381/1381 1434/1434/1434 1433/1433/1433
f 1434/1434/1434 1381/1381/1381 1382/1382/1382
f 1382/1382/1382 1435/1435/1435 1434/1434/1434
f 1435/1435/1435 1382/1382/1382 1383/1383/1383
f 1383/1383/1383 1436/1436/1436 1435/1435/1435
f 1436/1436/1436 1383/1383/1383 1384/1384/1384
f 1384/1384/1384 1437/1437/1437 1436/1436/1436
f 1437/1437/1437 1384/1384/1384 1385/1385/1385
f 1385/1385/1385 1438/1438/1438 1437/1437/1437
f 1385/1385/1385 1439/1439/1439 1438/1438/1438
f 1386/1386/1386 1439/1439/1439 1385/1385/1385
f 1439/1439/1439 1441/1441/1441 1440/1440/1440
f 1386/1386/1386 1441/1441/1441 1439/1439/1439
f 1438/1438/1438 1439/1439/1439 1440/1440/1440
f 1442/1442/1442 1441/1441/1441 1386/1386/1386
f 1440/1440/1440 1441/1441/1441 1442/1442/1442
f 1387/1387/1387 1442/1442/1442 1386/1386/1386
f 1443/1443/1443 1442/1442/1442 1387/1387/1387
f 1440/1440/1440 1442/1442/1442 1443/1443/1443
f 1387/1387/1387 1444/1444/1444 1443/1443/1443
f 1388/1388/1388 1444/1444/1444 1387/1387/1387
f 1444/1444/1444 1446/1446/1446 1445/1445/1445
f 1388/1388/1388 1446/1446/1446 1444/1444/1444
f 1443/1443/1443 1444/1444/1444 1445/1445/1445
f 1447/1447/1447 1446/1446/1446 1388/1388/1388
f 1446/1446/1446 1448/1448/1448 1445/1445/1445
f 1447/1447/1447 1448/1448/1448 1446/1446/1446
f 1393/1393/1393 1449/1449/1449 1447/1447/1447
f 1449/1449/1449 1394/1394/1394 1392/1392/1392
f 1393/1393/1393 1394/1394/1394 1449/1449/1449
f 1388/1388/1388 1393/1393/1393 1447/1447/1447
f 1450/1450/1450 1451/1451/1451 1447/1447/1447
f 1452/1452/1452 1451/1451/1451 1450/1450/1450
f 1450/1450/1450 1449/1449/1449 1392/1392/1392
f 1447/1447/1447 1449/1449/1449 1450/1450/1450
f 1448/1448/1448 1454/1454/1454 1453/1453/1453
f 1447/1447/1447 1454/1454/1454 1448/1448/1448
f 1445/1445/1445 1448/1448/1448 1453/1453/1453
f 1453/1453/1453 1451/1451/1451 1452/1452/1452
f 1451/1451/1451 1454/1454/1454 1447/1447/1447
f 1453/1453/1453 1454/1454/1454 1451/1451/1451
f 1455/1455/1455 1450/1450/1450 1392/1392/1392
f 1452/1452/1452 1450/1450/1450 1455/1455/1455
f 1396/1396/1396 1455/1455/1455 1392/1392/1392
f 1456/1456/1456 1455/1455/1455 1396/1396/1396
f 1452/1452/1452 1455/1455/1455 1456/1456/1456
f 1456/1456/1456 1396/1396/1396 1397/1397/1397
f 1397/1397/1397 1457/1457/1457 1456/1456/1456
f 1457/1457/1457 1397/1397/1397 1398/1398/1398
f 1398/1398/1398 1458/1458/1458 1457/1457/1457
f 1458/1458/1458 1398/1398/1398 1399/1399/1399
f 1399/1399/1399 1459/1459/1459 1458/1458/1458
f 1459/1459/1459 1399/1399/1399 1400/1400/1400
f 1400/1400/1400 1460/1460/1460 1459/1459/1459
f 1460/1460/1460 1400/1400/1400 1401/1401/1401
f 1401/1401/1401 1461/1461/1461 1460/1460/1460
f 1461/1461/1461 1401/1401/1401 1402/1402/1402
f 1402/1402/1402 1462/1462/1462 1461/1461/1461
f 1462/1462/1462 1402/1402/1402 1403/1403/1403
f 1403/1403/1403 1463/1463/1463 1462/1462/1462
f 1463/1463/1463 1403/1403/1403 1406/1406/1406
f 1406/1406/1406 1464/1464/1464 1463/1463/1463
f 1464/1464/1464 1406/1406/1406 1409/1409/1409
f 1409/1409/1409 1465/1465/1465 1464/1464/1464
f 1465/1465/1465 1409/1409/1409 1410/1410/1410
f 1410/1410/1410 1466/1466/1466 1465/1465/1465
f 1466/1466/1466 1410/1410/1410 1412/1412/1412
f 1412/1412/1412 1467/1467/1467 1466/1466/1466
f 1467/1467/1467 1412/1412/1412 1414/1414/1414
f 1414/1414/1414 1468/1468/1468 1467/1467/1467
f 1468/1468/1468 1414/1414/1414 1417/1417/1417
f 1417/1417/1417 1469/1469/1469 1468/1468/1468
f 1417/1417/1417 1470/1470/1470 1469/1469/1469
f 1418/1418/1418 1470/1470/1470 1417/1417/1417
f 1471/1471/1471 1470/1470/1470 1418/1418/1418
f 1470/1470/1470 1472/1472/1472 1469/1469/1469
f 1471/1471/1471 1472/1472/1472 1470/1470/1470
f 1471/1471/1471 1418/1418/1418 1419/1419/1419
f 1419/1419/1419 1473/1473/1473 1471/1471/1471
f 1474/1474/1474 1420/1420/1420 1421/1421/1421
f 1421/1421/1421 1475/1475/1475 1474/1474/1474
f 1421/1421/1421 1476/1476/1476 1475/1475/1475
f 1426/1426/1426 1477/1477/1477 1476/1476/1476
f 1477/1477/1477 1427/1427/1427 1425/1425/1425
f 1426/1426/1426 1427/1427/1427 1477/1477/1477
f 1421/1421/1421 1426/1426/1426 1476/1476/1476
f 1476/1476/1476 1479/1479/1479 1478/1478/1478
f 1479/1479/1479 1477/1477/1477 1425/1425/1425
f 1476/1476/1476 1477/1477/1477 1479/1479/1479
f 1475/1475/1475 1476/1476/1476 1478/1478/1478
f 1480/1480/1480 1479/1479/1479 1425/1425/1425
f 1478/1478/1478 1479/1479/1479 1480/1480/1480
f 1429/1429/1429 1480/1480/1480 1425/1425/1425
f 1481/1481/1481 1480/1480/1480 1429/1429/1429
f 1478/1478/1478 1480/1480/1480 1481/1481/1481
f 1481/1481/1481 1429/1429/1429 1430/1430/1430
f 1430/1430/1430 1482/1482/1482 1481/1481/1481
f 1482/1482/1482 1430/1430/1430 1431/1431/1431
f 1431/1431/1431 1483/1483/1483 1482/1482/1482
f 1483/1483/1483 1431/1431/1431 1432/1432/1432
f 1432/1432/1432 1484/1484/1484 1483/1483/1483
f 1484/1484/1484 1432/1432/1432 1433/1433/1433
f 1433/1433/1433 1485/1485/1485 1484/1484/1484
f 1433/1433/1433 1486/1486/1486 1485/1485/1485
f 1434/1434/1434 1486/1486/1486 1433/1433/1433
f 1487/1487/1487 1486/1486/1486 1434/1434/1434
f 1485/1485/1485 1486/1486/1486 1487/1487/1487
f 1487/1487/1487 1434/1434/1434 1435/1435/1435
f 1435/1435/1435 1488/1488/1488 1487/1487/1487
f 1488/1488/1488 1435/1435/1435 1436/1436/1436
f 1436/1436/1436 1489/1489/1489 1488/1488/1488
f 1489/1489/1489 1436/1436/1436 1437/1437/1437
f 1437/1437/1437 1490/1490/1490 1489/1489/1489
f 1490/1490/1490 1437/1437/1437 1438/1438/1438
f 1438/1438/1438 1491/1491/1491 1490/1490/1490
f 1491/1491/1491 1438/1438/1438 1440/1440/1440
f 1440/1440/1440 1492/1492/1492 1491/1491/1491
f 1492/1492/1492 1440/1440/1440 1443/1443/1443
f 1443/1443/1443 1493/1493/1493 1492/1492/1492
f 1493/1493/1493 1443/1443/1443 1445/1445/1445
f 1445/1445/1445 1494/1494/1494 1493/1493/1493
f 1445/1445/1445 1495/1495/1495 1494/1494/1494
f 1495/1495/1495 1453/1453/1453 1452/1452/1452
f 1445/1445/1445 1453/1453/1453 1495/1495/1495
f 1496/1496/1496 1495/1495/1495 1452/1452/1452
f 1494/1494/1494 1495/1495/1495 1496/1496/1496
f 1452/1452/1452 1497/1497/1497 1496/1496/1496
f 1456/1456/1456 1497/1497/1497 1452/1452/1452
f 1498/1498/1498 1497/1497/1497 1456/1456/1456
f 1497/1497/1497 1499/1499/1499 1496/1496/1496
f 1498/1498/1498 1499/1499/1499 1497/1497/1497
f 1498/1498/1498 1456/1456/1456 1457/1457/1457
f 1457/1457/1457 1500/1500/1500 1498/1498/1498
f 1500/1500/1500 1457/1457/1457 1458/1458/1458
f 1458/1458/1458 1501/1501/1501 1500/1500/1500
f 1501/1501/1501 1458/1458/1458 1459/1459/1459
f 1459/1459/1459 1502/1502/1502 1501/1501/1501
f 1502/1502/1502 1459/1459/1459 1460/1460/1460
f 1460/1460/1460 1503/1503/1503 1502/1502/1502
f 1503/1503/1503 1460/1460/1460 1461/1461/1461
f 1461/1461/1461 1504/1504/1504 1503/1503/1503
f 1504/1504/1504 1461/1461/1461 1462/1462/1462
f 1462/1462/1462 1505/1505/1505 1504/1504/1504
f 1505/1505/1505 1462/1462/1462 1463/1463/1463
f 1463/1463/1463 1506/1506/1506 1505/1505/1505
f 1506/1506/1506 1463/1463/1463 1464/1464/1464
f 1464/1464/1464 1507/1507/1507 1506/1506/1506
f 1507/1507/1507 1464/1464/1464 1465/1465/1465
f 1465/1465/1465 1508/1508/1508 1507/1507/1507
f 1465/1465/1465 1509/1509/1509 1508/1508/1508
f 1466/1466/1466 1509/1509/1509 1465/1465/1465
f 1510/1510/1510 1509/1509/1509 1466/1466/1466
f 1509/1509/1509 1511/1511/1511 1508/1508/1508
f 1510/1510/1510 1511/1511/1511 1509/1509/1509
f 1466/1466/1466 1512/1512/1512 1510/1510/1510
f 1467/1467/1467 1512/1512/1512 1466/1466/1466
f 1513/1513/1513 1512/1512/1512 1467/1467/1467
f 1512/1512/1512 1514/1514/1514 1510/1510/1510
f 1513/1513/1513 1514/1514/1514 1512/1512/1512
f 1513/1513/1513 1467/1467/1467 1468/1468/1468
f 1468/1468/1468 1515/1515/1515 1513/1513/1513
f 1515/1515/1515 1468/1468/1468 1469/1469/1469
f 1469/1469/1469 1516/1516/1516 1515/1515/1515
f 1469/1469/1469 1517/1517/1517 1516/1516/1516
f 1517/1517/1517 1472/1472/1472 1471/1471/1471
f 1469/1469/1469 1472/1472/1472 1517/1517/1517
f 1517/1517/1517 1519/1519/1519 1518/1518/1518
f 1471/1471/1471 1519/1519/1519 1517/1517/1517
f 1516/1516/1516 1517/1517/1517 1518/1518/1518
f 1520/1520/1520 1519/1519/1519 1471/1471/1471
f 1519/1519/1519 1521/1521/1521 1518/1518/1518
f 1520/1520/1520 1521/1521/1521 1519/1519/1519
f 1473/1473/1473 1520/1520/1520 1471/1471/1471
f 1520/1520/1520 1523/1523/1523 1522/1522/1522
f 1473/1473/1473 1523/1523/1523 1520/1520/1520
f 1524/1524/1524 1521/1521/1521 1520/1520/1520
f 1518/1518/1518 1521/1521/1521 1524/1524/1524
f 1522/1522/1522 1524/1524/1524 1520/1520/1520
f 1525/1525/1525 1474/1474/1474 1475/1475/1475
f 1475/1475/1475 1526/1526/1526 1525/1525/1525
f 1475/1475/1475 1527/1527/1527 1526/1526/1526
f 1478/1478/1478 1527/1527/1527 1475/1475/1475
f 1527/1527/1527 1529/1529/1529 1528/1528/1528
f 1478/1478/1478 1529/1529/1529 1527/1527/1527
f 1526/1526/1526 1527/1527/1527 1528/1528/1528
f 1530/1530/1530 1529/1529/1529 1478/1478/1478
f 1529/1529/1529 1531/1531/1531 1528/1528/1528
f 1530/1530/1530 1531/1531/1531 1529/1529/1529
f 1481/1481/1481 1530/1530/1530 1478/1478/1478
f 1532/1532/1532 1530/1530/1530 1481/1481/1481
f 1533/1533/1533 1531/1531/1531 1530/1530/1530
f 1531/1531/1531 1534/1534/1534 1528/1528/1528
f 1533/1533/1533 1534/1534/1534 1531/1531/1531
f 1532/1532/1532 1533/1533/1533 1530/1530/1530
f 1532/1532/1532 1481/1481/1481 1482/1482/1482
f 1482/1482/1482 1535/1535/1535 1532/1532/1532
f 1535/1535/1535 1482/1482/1482 1483/1483/1483
f 1483/1483/1483 1536/1536/1536 1535/1535/1535
f 1483/1483/1483 1537/1537/1537 1536/1536/1536
f 1484/1484/1484 1537/1537/1537 1483/1483/1483
f 1538/1538/1538 1537/1537/1537 1484/1484/1484
f 1536/1536/1536 1537/1537/1537 1538/1538/1538
f 1538/1538/1538 1484/1484/1484 1485/1485/1485
f 1485/1485/1485 1539/1539/1539 1538/1538/1538
f 1485/1485/1485 1540/1540/1540 1539/1539/1539
f 1487/1487/1487 1540/1540/1540 1485/1485/1485
f 1540/1540/1540 1542/1542/1542 1541/1541/1541
f 1487/1487/1487 1542/1542/1542 1540/1540/1540
f 1539/1539/1539 1540/1540/1540 1541/1541/1541
f 1543/1543/1543 1542/1542/1542 1487/1487/1487
f 1541/1541/1541 1542/1542/1542 1543/1543/1543
f 1488/1488/1488 1543/1543/1543 1487/1487/1487
f 1544/1544/1544 1543/1543/1543 1488/1488/1488
f 1541/1541/1541 1543/1543/1543 1544/1544/1544
f 1544/1544/1544 1488/1488/1488 1489/1489/1489
f 1489/1489/1489 1545/1545/1545 1544/1544/1544
f 1545/1545/1545 1489/1489/1489 1490/1490/1490
f 1490/1490/1490 1546/1546/1546 1545/1545/1545
f 1490/1490/1490 1547/1547/1547 1546/1546/1546
f 1491/1491/1491 1547/1547/1547 1490/1490/1490
f 1547/1547/1547 1549/1549/1549 1548/1548/1548
f 1491/1491/1491 1549/1549/1549 1547/1547/1547
f 1546/1546/1546 1547/1547/1547 1548/1548/1548
f 1550/1550/1550 1549/1549/1549 1491/1491/1491
f 1549/1549/1549 1551/1551/1551 1548/1548/1548
f 1550/1550/1550 1551/1551/1551 1549/1549/1549
f 1492/1492/1492 1550/1550/1550 1491/1491/1491
f 1552/1552/1552 1550/1550/1550 1492/1492/1492
f 1553/1553/1553 1551/1551/1551 1550/1550/1550
f 1551/1551/1551 1554/1554/1554 1548/1548/1548
f 1553/1553/1553 1554/1554/1554 1551/1551/1551
f 1552/1552/1552 1553/1553/1553 1550/1550/1550
f 1552/1552/1552 1492/1492/1492 1493/1493/1493
f 1493/1493/1493 1555/1555/1555 1552/1552/1552
f 1555/1555/1555 1493/1493/1493 1494/1494/1494
f 1494/1494/1494 1556/1556/1556 1555/1555/1555
f 1494/1494/1494 1557/1557/1557 1556/1556/1556
f 1496/1496/1496 1557/1557/1557 1494/1494/1494
f 1558/1558/1558 1557/1557/1557 1496/1496/1496
f 1556/1556/1556 1557/1557/1557 1558/1558/1558
f 1496/1496/1496 1559/1559/1559 1558/1558/1558
f 1499/1499/1499 1560/1560/1560 1559/1559/1559
f 1498/1498/1498 1560/1560/1560 1499/1499/1499
f 1496/1496/1496 1499/1499/1499 1559/1559/1559
f 1559/1559/1559 1562/1562/1562 1561/1561/1561
f 1562/1562/1562 1560/1560/1560 1498/1498/1498
f 1559/1559/1559 1560/1560/1560 1562/1562/1562
f 1558/1558/1558 1559/1559/1559 1561/1561/1561
f 1563/1563/1563 1562/1562/1562 1498/1498/1498
f 1561/1561/1561 1562/1562/1562 1563/1563/1563
f 1500/1500/1500 1563/1563/1563 1498/1498/1498
f 1564/1564/1564 1563/1563/1563 1500/1500/1500
f 1561/1561/1561 1563/1563/1563 1564/1564/1564
f 1564/1564/1564 1500/1500/1500 1501/1501/1501
f 1501/1501/1501 1565/1565/1565 1564/1564/1564
f 1565/1565/1565 1501/1501/1501 1502/1502/1502
f 1502/1502/1502 1566/1566/1566 1565/1565/1565
f 1566/1566/1566 1502/1502/1502 1503/1503/1503
f 1503/1503/1503 1567/1567/1567 1566/1566/1566
f 1567/1567/1567 1503/1503/1503 1504/1504/1504
f 1504/1504/1504 1568/1568/1568 1567/1567/1567
f 1568/1568/1568 1504/1504/1504 1505/1505/1505
f 1505/1505/1505 1569/1569/1569 1568/1568/1568
f 1569/1569/1569 1505/1505/1505 1506/1506/1506
f 1506/1506/1506 1570/1570/1570 1569/1569/1569
f 1570/1570/1570 1506/1506/1506 1507/1507/1507
f 1507/1507/1507 1571/1571/1571 1570/1570/1570
f 1571/1571/1571 1507/1507/1507 1508/1508/1508
f 1508/1508/1508 1572/1572/1572 1571/1571/1571
f 1508/1508/1508 1573/1573/1573 1572/1572/1572
f 1573/1573/1573 1511/1511/1511 1510/1510/1510
f 1508/1508/1508 1511/1511/1511 1573/1573/1573
f 1574/1574/1574 1573/1573/1573 1510/1510/1510
f 1572/1572/1572 1573/1573/1573 1574/1574/1574
f 1510/1510/1510 1575/1575/1575 1574/1574/1574
f 1575/1575/1575 1514/1514/1514 1513/1513/1513
f 1510/1510/1510 1514/1514/1514 1575/1575/1575
f 1576/1576/1576 1575/1575/1575 1513/1513/1513
f 1574/1574/1574 1575/1575/1575 1576/1576/1576
f 1576/1576/1576 1513/1513/1513 1515/1515/1515
f 1515/1515/1515 1577/1577/1577 1576/1576/1576
f 1577/1577/1577 1515/1515/1515 1516/1516/1516
f 1516/1516/1516 1578/1578/1578 1577/1577/1577
f 1578/1578/1578 1516/1516/1516 1518/1518/1518
f 1518/1518/1518 1579/1579/1579 1578/1578/1578
f 1518/1518/1518 1580/1580/1580 1579/1579/1579
f 1580/1580/1580 1524/1524/1524 1522/1522/1522
f 1518/1518/1518 1524/1524/1524 1580/1580/1580
f 1580/1580/1580 1582/1582/1582 1581/1581/1581
f 1522/1522/1522 1582/1582/1582 1580/1580/1580
f 1580/1580/1580 1583/1583/1583 1579/1579/1579
f 1581/1581/1581 1583/1583/1583 1580/1580/1580
f 1586/1586/1586 1585/1585/1585 1525/1525/1525
f 1584/1584/1584 1585/1585/1585 1586/1586/1586
f 1526/1526/1526 1586/1586/1586 1525/1525/1525
f 1587/1587/1587 1586/1586/1586 1526/1526/1526
f 1584/1584/1584 1586/1586/1586 1587/1587/1587
f 1526/1526/1526 1588/1588/1588 1587/1587/1587
f 1528/1528/1528 1588/1588/1588 1526/1526/1526
f 1588/1588/1588 1590/1590/1590 1589/1589/1589
f 1528/1528/1528 1590/1590/1590 1588/1588/1588
f 1587/1587/1587 1588/1588/1588 1589/1589/1589
f 1590/1590/1590 1592/1592/1592 1591/1591/1591
f 1528/1528/1528 1592/1592/1592 1590/1590/1590
f 1589/1589/1589 1590/1590/1590 1591/1591/1591
f 1591/1591/1591 1533/1533/1533 1532/1532/1532
f 1592/1592/1592 1534/1534/1534 1533/1533/1533
f 1528/1528/1528 1534/1534/1534 1592/1592/1592
f 1591/1591/1591 1592/1592/1592 1533/1533/1533
f 1593/1593/1593 1591/1591/1591 1532/1532/1532
f 1589/1589/1589 1591/1591/1591 1593/1593/1593
f 1593/1593/1593 1532/1532/1532 1535/1535/1535
f 1535/1535/1535 1594/1594/1594 1593/1593/1593
f 1535/1535/1535 1595/1595/1595 1594/1594/1594
f 1536/1536/1536 1595/1595/1595 1535/1535/1535
f 1596/1596/1596 1595/1595/1595 1536/1536/1536
f 1594/1594/1594 1595/1595/1595 1596/1596/1596
f 1596/1596/1596 1536/1536/1536 1538/1538/1538
f 1538/1538/1538 1597/1597/1597 1596/1596/1596
f 1597/1597/1597 1538/1538/1538 1539/1539/1539
f 1539/1539/1539 1598/1598/1598 1597/1597/1597
f 1598/1598/1598 1539/1539/1539 1541/1541/1541
f 1541/1541/1541 1599/1599/1599 1598/1598/1598
f 1599/1599/1599 1541/1541/1541 1544/1544/1544
f 1544/1544/1544 1600/1600/1600 1599/1599/1599
f 1600/1600/1600 1544/1544/1544 1545/1545/1545
f 1545/1545/1545 1601/1601/1601 1600/1600/1600
f 1601/1601/1601 1545/1545/1545 1546/1546/1546
f 1546/1546/1546 1602/1602/1602 1601/1601/1601
f 1546/1546/1546 1603/1603/1603 1602/1602/1602
f 1548/1548/1548 1603/1603/1603 1546/1546/1546
f 1603/1603/1603 1605/1605/1605 1604/1604/1604
f 1548/1548/1548 1605/1605/1605 1603/1603/1603
f 1602/1602/1602 1603/1603/1603 1604/1604/1604
f 1605/1605/1605 1607/1607/1607 1606/1606/1606
f 1548/1548/1548 1607/1607/1607 1605/1605/1605
f 1604/1604/1604 1605/1605/1605 1606/1606/1606
f 1606/1606/1606 1553/1553/1553 1552/1552/1552
f 1607/1607/1607 1554/1554/1554 1553/1553/1553
f 1548/1548/1548 1554/1554/1554 1607/1607/1607
f 1606/1606/1606 1607/1607/1607 1553/1553/1553
f 1608/1608/1608 1606/1606/1606 1552/1552/1552
f 1604/1604/1604 1606/1606/1606 1608/1608/1608
f 1608/1608/1608 1552/1552/1552 1555/1555/1555
f 1555/1555/1555 1609/1609/1609 1608/1608/1608
f 1609/1609/1609 1555/1555/1555 1556/1556/1556
f 1556/1556/1556 1610/1610/1610 1609/1609/1609
f 1556/1556/1556 1611/1611/1611 1610/1610/1610
f 1558/1558/1558 1611/1611/1611 1556/1556/1556
f 1612/1612/1612 1611/1611/1611 1558/1558/1558
f 1611/1611/1611 1613/1613/1613 1610/1610/1610
f 1612/1612/1612 1613/1613/1613 1611/1611/1611
f 1612/1612/1612 1558/1558/1558 1561/1561/1561
f 1561/1561/1561 1614/1614/1614 1612/1612/1612
f 1614/1614/1614 1561/1561/1561 1564/1564/1564
f 1564/1564/1564 1615/1615/1615 1614/1614/1614
f 1564/1564/1564 1616/1616/1616 1615/1615/1615
f 1565/1565/1565 1616/1616/1616 1564/1564/1564
f 1617/1617/1617 1616/1616/1616 1565/1565/1565
f 1615/1615/1615 1616/1616/1616 1617/1617/1617
f 1617/1617/1617 1565/1565/1565 1566/1566/1566
f 1566/1566/1566 1618/1618/1618 1617/1617/1617
f 1618/1618/1618 1566/1566/1566 1567/1567/1567
f 1567/1567/1567 1619/1619/1619 1618/1618/1618
f 1619/1619/1619 1567/1567/1567 1568/1568/1568
f 1568/1568/1568 1620/1620/1620 1619/1619/1619
f 1620/1620/1620 1568/1568/1568 1569/1569/1569
f 1569/1569/1569 1621/1621/1621 1620/1620/1620
f 1621/1621/1621 1569/1569/1569 1570/1570/1570
f 1570/1570/1570 1622/1622/1622 1621/1621/1621
f 1622/1622/1622 1570/1570/1570 1571/1571/1571
f 1571/1571/1571 1623/1623/1623 1622/1622/1622
f 1623/1623/1623 1571/1571/1571 1572/1572/1572
f 1572/1572/1572 1624/1624/1624 1623/1623/1623
f 1624/1624/1624 1572/1572/1572 1574/1574/1574
f 1574/1574/1574 1625/1625/1625 1624/1624/1624
f 1625/1625/1625 1574/1574/1574 1576/1576/1576
f 1576/1576/1576 1626/1626/1626 1625/1625/1625
f 1626/1626/1626 1576/1576/1576 1577/1577/1577
f 1577/1577/1577 1627/1627/1627 1626/1626/1626
f 1627/1627/1627 1577/1577/1577 1578/1578/1578
f 1578/1578/1578 1628/1628/1628 1627/1627/1627
f 1578/1578/1578 1629/1629/1629 1628/1628/1628
f 1579/1579/1579 1629/1629/1629 1578/1578/1578
f 1630/1630/1630 1631/1631/1631 1629/1629/1629
f 1632/1632/1632 1631/1631/1631 1630/1630/1630
f 1579/1579/1579 1630/1630/1630 1629/1629/1629
f 1629/1629/1629 1633/1633/1633 1628/1628/1628
f 1633/1633/1633 1631/1631/1631 1632/1632/1632
f 1629/1629/1629 1631/1631/1631 1633/1633/1633
f 1634/1634/1634 1635/1635/1635 1630/1630/1630
f 1636/1636/1636 1635/1635/1635 1634/1634/1634
f 1579/1579/1579 1634/1634/1634 1630/1630/1630
f 1630/1630/1630 1637/1637/1637 1632/1632/1632
f 1637/1637/1637 1635/1635/1635 1636/1636/1636
f 1630/1630/1630 1635/1635/1635 1637/1637/1637
f 1636/1636/1636 1583/1583/1583 1581/1581/1581
f 1583/1583/1583 1634/1634/1634 1579/1579/1579
f 1636/1636/1636 1634/1634/1634 1583/1583/1583
f 1638/1638/1638 1636/1636/1636 1581/1581/1581
f 1639/1639/1639 1637/1637/1637 1636/1636/1636
f 1632/1632/1632 1637/1637/1637 1639/1639/1639
f 1638/1638/1638 1639/1639/1639 1636/1636/1636
f 1640/1640/1640 1584/1584/1584 1587/1587/1587
f 1587/1587/1587 1641/1641/1641 1640/1640/1640
f 1641/1641/1641 1587/1587/1587 1589/1589/1589
f 1589/1589/1589 1642/1642/1642 1641/1641/1641
f 1642/1642/1642 1589/1589/1589 1593/1593/1593
f 1593/1593/1593 1643/1643/1643 1642/1642/1642
f 1643/1643/1643 1593/1593/1593 1594/1594/1594
f 1594/1594/1594 1644/1644/1644 1643/1643/1643
f 1644/1644/1644 1594/1594/1594 1596/1596/1596
f 1596/1596/1596 1645/1645/1645 1644/1644/1644
f 1645/1645/1645 1596/1596/1596 1597/1597/1597
f 1597/1597/1597 1646/1646/1646 1645/1645/1645
f 1646/1646/1646 1597/1597/1597 1598/1598/1598
f 1598/1598/1598 1647/1647/1647 1646/1646/1646
f 1647/1647/1647 1598/1598/1598 1599/1599/1599
f 1599/1599/1599 1648/1648/1648 1647/1647/1647
f 1648/1648/1648 1599/1599/1599 1600/1600/1600
f 1600/1600/1600 1649/1649/1649 1648/1648/1648
f 1649/1649/1649 1600/1600/1600 1601/1601/1601
f 1601/1601/1601 1650/1650/1650 1649/1649/1649
f 1650/1650/1650 1601/1601/1601 1602/1602/1602
f 1602/1602/1602 1651/1651/1651 1650/1650/1650
f 1651/1651/1651 1602/1602/1602 1604/1604/1604
f 1604/1604/1604 1652/1652/1652 1651/1651/1651
f 1652/1652/1652 1604/1604/1604 1608/1608/1608
f 1608/1608/1608 1653/1653/1653 1652/1652/1652
f 1653/1653/1653 1608/1608/1608 1609/1609/1609
f 1609/1609/1609 1654/1654/1654 1653/1653/1653
f 1654/1654/1654 1609/1609/1609 1610/1610/1610
f 1610/1610/1610 1655/1655/1655 1654/1654/1654
f 1610/1610/1610 1656/1656/1656 1655/1655/1655
f 1656/1656/1656 1613/1613/1613 1612/1612/1612
f 1610/1610/1610 1613/1613/1613 1656/1656/1656
f 1657/1657/1657 1656/1656/1656 1612/1612/1612
f 1655/1655/1655 1656/1656/1656 1657/1657/1657
f 1657/1657/1657 1612/1612/1612 1614/1614/1614
f 1614/1614/1614 1658/1658/1658 1657/1657/1657
f 1658/1658/1658 1614/1614/1614 1615/1615/1615
f 1615/1615/1615 1659/1659/1659 1658/1658/1658
f 1659/1659/1659 1615/1615/1615 1617/1617/1617
f 1617/1617/1617 1660/1660/1660 1659/1659/1659
f 1617/1617/1617 1661/1661/1661 1660/1660/1660
f 1618/1618/1618 1661/1661/1661 1617/1617/1617
f 1662/1662/1662 1661/1661/1661 1618/1618/1618
f 1661/1661/1661 1663/1663/1663 1660/1660/1660
f 1662/1662/1662 1663/1663/1663 1661/1661/1661
f 1662/1662/1662 1618/1618/1618 1619/1619/1619
f 1619/1619/1619 1664/1664/1664 1662/1662/1662
f 1664/1664/1664 1619/1619/1619 1620/1620/1620
f 1620/1620/1620 1665/1665/1665 1664/1664/1664
f 1665/1665/1665 1620/1620/1620 1621/1621/1621
f 1621/1621/1621 1666/1666/1666 1665/1665/1665
f 1666/1666/1666 1621/1621/1621 1622/1622/1622
f 1622/1622/1622 1667/1667/1667 1666/1666/1666
f 1667/1667/1667 1622/1622/1622 1623/1623/1623
f 1623/1623/1623 1668/1668/1668 1667/1667/1667
f 1668/1668/1668 1623/1623/1623 1624/1624/1624
f 1624/1624/1624 1669/1669/1669 1668/1668/1668
f 1669/1669/1669 1624/1624/1624 1625/1625/1625
f 1625/1625/1625 1670/1670/1670 1669/1669/1669
f 1670/1670/1670 1625/1625/1625 1626/1626/1626
f 1626/1626/1626 1671/1671/1671 1670/1670/1670
f 1626/1626/1626 1672/1672/1672 1671/1671/1671
f 1627/1627/1627 1672/1672/1672 1626/1626/1626
f 1672/1672/1672 1674/1674/1674 1673/1673/1673
f 1627/1627/1627 1674/1674/1674 1672/1672/1672
f 1671/1671/1671 1672/1672/1672 1673/1673/1673
f 1675/1675/1675 1674/1674/1674 1627/1627/1627
f 1673/1673/1673 1674/1674/1674 1675/1675/1675
f 1628/1628/1628 1675/1675/1675 1627/1627/1627
f 1676/1676/1676 1675/1675/1675 1628/1628/1628
f 1675/1675/1675 1677/1677/1677 1673/1673/1673
f 1676/1676/1676 1677/1677/1677 1675/1675/1675
f 1628/1628/1628 1678/1678/1678 1676/1676/1676
f 1678/1678/1678 1633/1633/1633 1632/1632/1632
f 1628/1628/1628 1633/1633/1633 1678/1678/1678
f 1679/1679/1679 1678/1678/1678 1632/1632/1632
f 1676/1676/1676 1678/1678/1678 1679/1679/1679
f 1632/1632/1632 1680/1680/1680 1679/1679/1679
f 1680/1680/1680 1639/1639/1639 1638/1638/1638
f 1632/1632/1632 1639/1639/1639 1680/1680/1680
f 1681/1681/1681 1680/1680/1680 1638/1638/1638
f 1680/1680/1680 1682/1682/1682 1679/1679/1679
f 1681/1681/1681 1682/1682/1682 1680/1680/1680
f 1683/1683/1683 1640/1640/1640 1641/1641/1641
f 1641/1641/1641 1684/1684/1684 1683/1683/1683
f 1641/1641/1641 1685/1685/1685 1684/1684/1684
f 1642/1642/1642 1685/1685/1685 1641/1641/1641
f 1686/1686/1686 1685/1685/1685 1642/1642/1642
f 1685/1685/1685 1687/1687/1687 1684/1684/1684
f 1686/1686/1686 1687/1687/1687 1685/1685/1685
f 1686/1686/1686 1642/1642/1642 1643/1643/1643
f 1643/1643/1643 1688/1688/1688 1686/1686/1686
f 1688/1688/1688 1643/1643/1643 1644/1644/1644
f 1644/1644/1644 1689/1689/1689 1688/1688/1688
f 1689/1689/1689 1644/1644/1644 1645/1645/1645
f 1645/1645/1645 1690/1690/1690 1689/1689/1689
f 1690/1690/1690 1645/1645/1645 1646/1646/1646
f 1646/1646/1646 1691/1691/1691 1690/1690/1690
f 1691/1691/1691 1646/1646/1646 1647/1647/1647
f 1647/1647/1647 1692/1692/1692 1691/1691/1691
f 1692/1692/1692 1647/1647/1647 1648/1648/1648
f 1648/1648/1648 1693/1693/1693 1692/1692/1692
f 1693/1693/1693 1648/1648/1648 1649/1649/1649
f 1649/1649/1649 1694/1694/1694 1693/1693/1693
f 1694/1694/1694 1649/1649/1649 1650/1650/1650
f 1650/1650/1650 1695/1695/1695 1694/1694/1694
f 1695/1695/1695 1650/1650/1650 1651/1651/1651
f 1651/1651/1651 1696/1696/1696 1695/1695/1695
f 1696/1696/1696 1651/1651/1651 1652/1652/1652
f 1652/1652/1652 1697/1697/1697 1696/1696/1696
f 1652/1652/1652 1698/1698/1698 1697/1697/1697
f 1653/1653/1653 1698/1698/1698 1652/1652/1652
f 1699/1699/1699 1698/1698/1698 1653/1653/1653
f 1698/1698/1698 1700/1700/1700 1697/1697/1697
f 1699/1699/1699 1700/1700/1700 1698/1698/1698
f 1699/1699/1699 1653/1653/1653 1654/1654/1654
f 1654/1654/1654 1701/1701/1701 1699/1699/1699
f 1701/1701/1701 1654/1654/1654 1655/1655/1655
f 1655/1655/1655 1702/1702/1702 1701/1701/1701
f 1702/1702/1702 1655/1655/1655 1657/1657/1657
f 1657/1657/1657 1703/1703/1703 1702/1702/1702
f 1703/1703/1703 1657/1657/1657 1658/1658/1658
f 1658/1658/1658 1704/1704/1704 1703/1703/1703
f 1704/1704/1704 1658/1658/1658 1659/1659/1659
f 1659/1659/1659 1705/1705/1705 1704/1704/1704
f 1705/1705/1705 1659/1659/1659 1660/1660/1660
f 1660/1660/1660 1706/1706/1706 1705/1705/1705
f 1660/1660/1660 1707/1707/1707 1706/1706/1706
f 1707/1707/1707 1663/1663/1663 1662/1662/1662
f 1660/1660/1660 1663/1663/1663 1707/1707/1707
f 1708/1708/1708 1707/1707/1707 1662/1662/1662
f 1706/1706/1706 1707/1707/1707 1708/1708/1708
f 1708/1708/1708 1662/1662/1662 1664/1664/1664
f 1664/1664/1664 1709/1709/1709 1708/1708/1708
f 1709/1709/1709 1664/1664/1664 1665/1665/1665
f 1665/1665/1665 1710/1710/1710 1709/1709/1709
f 1710/1710/1710 1665/1665/1665 1666/1666/1666
f 1666/1666/1666 1711/1711/1711 1710/1710/1710
f 1711/1711/1711 1666/1666/1666 1667/1667/1667
f 1667/1667/1667 1712/1712/1712 1711/1711/1711
f 1712/1712/1712 1667/1667/1667 1668/1668/1668
f 1668/1668/1668 1713/1713/1713 1712/1712/1712
f 1713/1713/1713 1668/1668/1668 1669/1669/1669
f 1669/1669/1669 1714/1714/1714 1713/1713/1713
f 1714/1714/1714 1669/1669/1669 1670/1670/1670
f 1670/1670/1670 1715/1715/1715 1714/1714/1714
f 1715/1715/1715 1670/1670/1670 1671/1671/1671
f 1671/1671/1671 1716/1716/1716 1715/1715/1715
f 1671/1671/1671 1717/1717/1717 1716/1716/1716
f 1673/1673/1673 1717/1717/1717 1671/1671/1671
f 1717/1717/1717 1719/1719/1719 1718/1718/1718
f 1673/1673/1673 1719/1719/1719 1717/1717/1717
f 1716/1716/1716 1717/1717/1717 1718/1718/1718
f 1719/1719/1719 1721/1721/1721 1720/1720/1720
f 1673/1673/1673 1721/1721/1721 1719/1719/1719
f 1719/1719/1719 1722/1722/1722 1718/1718/1718
f 1720/1720/1720 1722/1722/1722 1719/1719/1719
f 1720/1720/1720 1677/1677/1677 1676/1676/1676
f 1677/1677/1677 1721/1721/1721 1673/1673/1673
f 1720/1720/1720 1721/1721/1721 1677/1677/1677
f 1723/1723/1723 1720/1720/1720 1676/1676/1676
f 1724/1724/1724 1722/1722/1722 1720/1720/1720
f 1722/1722/1722 1725/1725/1725 1718/1718/1718
f 1724/1724/1724 1725/1725/1725 1722/1722/1722
f 1723/1723/1723 1724/1724/1724 1720/1720/1720
f 1723/1723/1723 1676/1676/1676 1679/1679/1679
f 1679/1679/1679 1726/1726/1726 1723/1723/1723
f 1679/1679/1679 1727/1727/1727 1726/1726/1726
f 1682/1682/1682 1728/1728/1728 1727/1727/1727
f 1681/1681/1681 1728/1728/1728 1682/1682/1682
f 1679/1679/1679 1682/1682/1682 1727/1727/1727
f 1727/1727/1727 1730/1730/1730 1729/1729/1729
f 1730/1730/1730 1728/1728/1728 1681/1681/1681
f 1727/1727/1727 1728/1728/1728 1730/1730/1730
f 1726/1726/1726 1727/1727/1727 1729/1729/1729
f 1733/1733/1733 1732/1732/1732 1683/1683/1683
f 1732/1732/1732 1734/1734/1734 1731/1731/1731
f 1733/1733/1733 1734/1734/1734 1732/1732/1732
f 1684/1684/1684 1733/1733/1733 1683/1683/1683
f 1735/1735/1735 1733/1733/1733 1684/1684/1684
f 1736/1736/1736 1734/1734/1734 1733/1733/1733
f 1731/1731/1731 1734/1734/1734 1736/1736/1736
f 1735/1735/1735 1736/1736/1736 1733/1733/1733
f 1684/1684/1684 1737/1737/1737 1735/1735/1735
f 1687/1687/1687 1738/1738/1738 1737/1737/1737
f 1686/1686/1686 1738/1738/1738 1687/1687/1687
f 1684/1684/1684 1687/1687/1687 1737/1737/1737
f 1737/1737/1737 1740/1740/1740 1739/1739/1739
f 1740/1740/1740 1738/1738/1738 1686/1686/1686
f 1737/1737/1737 1738/1738/1738 1740/1740/1740
f 1735/1735/1735 1737/1737/1737 1739/1739/1739
f 1741/1741/1741 1740/1740/1740 1686/1686/1686
f 1739/1739/1739 1740/1740/1740 1741/1741/1741
f 1688/1688/1688 1741/1741/1741 1686/1686/1686
f 1742/1742/1742 1741/1741/1741 1688/1688/1688
f 1739/1739/1739 1741/1741/1741 1742/1742/1742
f 1742/1742/1742 1688/1688/1688 1689/1689/1689
f 1689/1689/1689 1743/1743/1743 1742/1742/1742
f 1743/1743/1743 1689/1689/1689 1690/1690/1690
f 1690/1690/1690 1744/1744/1744 1743/1743/1743
f 1744/1744/1744 1690/1690/1690 1691/1691/1691
f 1691/1691/1691 1745/1745/1745 1744/1744/1744
f 1745/1745/1745 1691/1691/1691 1692/1692/1692
f 1692/1692/1692 1746/1746/1746 1745/1745/1745
f 1746/1746/1746 1692/1692/1692 1693/1693/1693
f 1693/1693/1693 1747/1747/1747 1746/1746/1746
f 1747/1747/1747 1693/1693/1693 1694/1694/1694
f 1694/1694/1694 1748/1748/1748 1747/1747/1747
f 1748/1748/1748 1694/1694/1694 1695/1695/1695
f 1695/1695/1695 1749/1749/1749 1748/1748/1748
f 1749/1749/1749 1695/1695/1695 1696/1696/1696
f 1696/1696/1696 1750/1750/1750 1749/1749/1749
f 1750/1750/1750 1696/1696/1696 1697/1697/1697
f 1697/1697/1697 1751/1751/1751 1750/1750/1750
f 1697/1697/1697 1752/1752/1752 1751/1751/1751
f 1700/1700/1700 1753/1753/1753 1752/1752/1752
f 1699/1699/1699 1753/1753/1753 1700/1700/1700
f 1697/1697/1697 1700/1700/1700 1752/1752/1752
f 1752/1752/1752 1755/1755/1755 1754/1754/1754
f 1755/1755/1755 1753/1753/1753 1699/1699/1699
f 1752/1752/1752 1753/1753/1753 1755/1755/1755
f 1751/1751/1751 1752/1752/1752 1754/1754/1754
f 1756/1756/1756 1755/1755/1755 1699/1699/1699
f 1754/1754/1754 1755/1755/1755 1756/1756/1756
f 1701/1701/1701 1756/1756/1756 1699/1699/1699
f 1757/1757/1757 1756/1756/1756 1701/1701/1701
f 1754/1754/1754 1756/1756/1756 1757/1757/1757
f 1757/1757/1757 1701/1701/1701 1702/1702/1702
f 1702/1702/1702 1758/1758/1758 1757/1757/1757
f 1702/1702/1702 1759/1759/1759 1758/1758/1758
f 1703/1703/1703 1759/1759/1759 1702/1702/1702
f 1759/1759/1759 1761/1761/1761 1760/1760/1760
f 1703/1703/1703 1761/1761/1761 1759/1759/1759
f 1758/1758/1758 1759/1759/1759 1760/1760/1760
f 1762/1762/1762 1761/1761/1761 1703/1703/1703
f 1761/1761/1761 1763/1763/1763 1760/1760/1760
f 1762/1762/1762 1763/1763/1763 1761/1761/1761
f 1704/1704/1704 1762/1762/1762 1703/1703/1703
f 1764/1764/1764 1765/1765/1765 1762/1762/1762
f 1766/1766/1766 1765/1765/1765 1764/1764/1764
f 1704/1704/1704 1764/1764/1764 1762/1762/1762
f 1763/1763/1763 1768/1768/1768 1767/1767/1767
f 1762/1762/1762 1768/1768/1768 1763/1763/1763
f 1760/1760/1760 1763/1763/1763 1767/1767/1767
f 1767/1767/1767 1765/1765/1765 1766/1766/1766
f 1765/1765/1765 1768/1768/1768 1762/1762/1762
f 1767/1767/1767 1768/1768/1768 1765/1765/1765
f 1769/1769/1769 1764/1764/1764 1704/1704/1704
f 1766/1766/1766 1764/1764/1764 1769/1769/1769
f 1705/1705/1705 1769/1769/1769 1704/1704/1704
f 1770/1770/1770 1769/1769/1769 1705/1705/1705
f 1766/1766/1766 1769/1769/1769 1770/1770/1770
f 1770/1770/1770 1705/1705/1705 1706/1706/1706
f 1706/1706/1706 1771/1771/1771 1770/1770/1770
f 1771/1771/1771 1706/1706/1706 1708/1708/1708
f 1708/1708/1708 1772/1772/1772 1771/1771/1771
f 1772/1772/1772 1708/1708/1708 1709/1709/1709
f 1709/1709/1709 1773/1773/1773 1772/1772/1772
f 1773/1773/1773 1709/1709/1709 1710/1710/1710
f 1710/1710/1710 1774/1774/1774 1773/1773/1773
f 1774/1774/1774 1710/1710/1710 1711/1711/1711
f 1711/1711/1711 1775/1775/1775 1774/1774/1774
f 1775/1775/1775 1711/1711/1711 1712/1712/1712
f 1712/1712/1712 1776/1776/1776 1775/1775/1775
f 1776/1776/1776 1712/1712/1712 1713/1713/1713
f 1713/1713/1713 1777/1777/1777 1776/1776/1776
f 1777/1777/1777 1713/1713/1713 1714/1714/1714
f 1714/1714/1714 1778/1778/1778 1777/1777/1777
f 1778/1778/1778 1714/1714/1714 1715/1715/1715
f 1715/1715/1715 1779/1779/1779 1778/1778/1778
f 1779/1779/1779 1715/1715/1715 1716/1716/1716
f 1716/1716/1716 1780/1780/1780 1779/1779/1779
f 1716/1716/1716 1781/1781/1781 1780/1780/1780
f 1718/1718/1718 1781/1781/1781 1716/1716/1716
f 1781/1781/1781 1783/1783/1783 1782/1782/1782
f 1718/1718/1718 1783/1783/1783 1781/1781/1781
f 1780/1780/1780 1781/1781/1781 1782/1782/1782
f 1783/1783/1783 1785/1785/1785 1784/1784/1784
f 1718/1718/1718 1785/1785/1785 1783/1783/1783
f 1782/1782/1782 1783/1783/1783 1784/1784/1784
f 1786/1786/1786 1787/1787/1787 1724/1724/1724
f 1784/1784/1784 1787/1787/1787 1786/1786/1786
f 1723/1723/1723 1786/1786/1786 1724/1724/1724
f 1725/1725/1725 1788/1788/1788 1785/1785/1785
f 1724/1724/1724 1788/1788/1788 1725/1725/1725
f 1718/1718/1718 1725/1725/1725 1785/1785/1785
f 1785/1785/1785 1787/1787/1787 1784/1784/1784
f 1787/1787/1787 1788/1788/1788 1724/1724/1724
f 1785/1785/1785 1788/1788/1788 1787/1787/1787
f 1784/1784/1784 1790/1790/1790 1789/1789/1789
f 1790/1790/1790 1786/1786/1786 1723/1723/1723
f 1784/1784/1784 1786/1786/1786 1790/1790/1790
f 1782/1782/1782 1784/1784/1784 1789/1789/1789
f 1791/1791/1791 1790/1790/1790 1723/1723/1723
f 1789/1789/1789 1790/1790/1790 1791/1791/1791
f 1726/1726/1726 1791/1791/1791 1723/1723/1723
f 1792/1792/1792 1791/1791/1791 1726/1726/1726
f 1791/1791/1791 1793/1793/1793 1789/1789/1789
f 1792/1792/1792 1793/1793/1793 1791/1791/1791
f 1726/1726/1726 1794/1794/1794 1792/1792/1792
f 1729/1729/1729 1794/1794/1794 1726/1726/1726
f 1794/1794/1794 1796/1796/1796 1795/1795/1795
f 1729/1729/1729 1796/1796/1796 1794/1794/1794
f 1792/1792/1792 1794/1794/1794 1795/1795/1795
