# L3DT terrain export, using atMeshDecimator
# 1757 vertices, 3372 polygons
mtllib Lava_Tile_x2y0.mtl
o terrain_o
v 0.000000 183.800018 7997.070313
v 0.000000 122.013336 7872.085449
v 62.492371 142.067261 7934.578125
v 62.492371 134.814560 7997.070313
v 93.738556 120.943268 7965.824219
v 124.984741 186.395920 7997.070313
v 93.738556 126.174721 7997.070313
v 124.984741 153.897476 7872.085449
v 124.984741 127.918541 7934.578125
v 187.477112 127.581665 7934.578125
v 249.969482 125.025383 7997.070313
v 249.969482 164.935059 7872.085449
v 374.954224 172.702988 7997.070313
v 374.954224 154.174911 7872.085449
v 499.938965 156.770813 7997.070313
v 499.938965 163.131790 7872.085449
v 624.923706 142.067261 7997.070313
v 624.923706 158.098495 7872.085449
v 749.908447 130.831512 7997.070313
v 749.908447 164.796356 7872.085449
v 874.893188 152.668884 7997.070313
v 874.893188 153.441711 7872.085449
v 999.877930 152.371643 7997.070313
v 999.877930 160.753860 7872.085449
v 1124.862671 167.768768 7997.070313
v 1124.862671 127.264610 7872.085449
v 1249.847412 117.118752 7997.070313
v 1249.847412 153.421890 7872.085449
v 1374.832153 145.475632 7997.070313
v 1374.832153 136.261124 7872.085449
v 1499.816895 142.443756 7997.070313
v 1499.816895 142.582474 7872.085449
v 1624.801636 140.065826 7997.070313
v 1624.801636 138.381454 7872.085449
v 1749.786377 157.979599 7997.070313
v 1749.786377 150.350388 7872.085449
v 1874.771118 126.412514 7997.070313
v 1874.771118 141.393509 7872.085449
v 1999.755981 118.565331 7997.070313
v 1999.755981 138.579620 7872.085449
v 2124.740723 118.505882 7997.070313
v 2124.740723 145.178391 7872.085449
v 2249.725098 122.033150 7997.070313
v 2249.725098 121.299957 7872.085449
v 2312.217773 119.457054 7934.578125
v 2374.709961 182.908295 7997.070313
v 2312.217773 117.851952 7997.070313
v 2374.709961 149.498306 7872.085449
v 2499.694824 184.097260 7997.070313
v 2499.694824 180.748337 7872.085449
v 2562.187012 134.596573 7934.578125
v 2624.679688 127.026817 7997.070313
v 2624.679688 122.548370 7872.085449
v 2562.187012 187.743423 7872.085449
v 2749.664063 170.840271 7997.070313
v 2749.664063 121.002716 7872.085449
v 2874.648926 151.202484 7997.070313
v 2874.648926 154.610855 7872.085449
v 2999.633789 168.957733 7997.070313
v 2999.633789 142.483398 7872.085449
v 3124.618652 170.701553 7997.070313
v 3124.618652 172.187759 7872.085449
v 3249.603027 152.450897 7997.070313
v 3249.603027 166.421265 7872.085449
v 3374.587891 176.250076 7997.070313
v 3374.587891 177.974075 7872.085449
v 3437.080566 150.925064 7934.578125
v 3499.572754 171.692368 7997.070313
v 3499.572754 174.090118 7872.085449
v 3499.572754 134.774918 7934.578125
v 3562.064941 158.930771 7934.578125
v 3624.557617 169.948547 7997.070313
v 3624.557617 182.670502 7872.085449
v 3624.557617 156.810455 7934.578125
v 3687.049805 171.593277 7934.578125
v 3655.803711 140.323441 7903.331543
v 3749.541992 177.260696 7997.070313
v 3749.541992 173.020035 7872.085449
v 3687.049805 145.554886 7872.085449
v 3874.526855 163.528122 7997.070313
v 3874.526855 167.273361 7872.085449
v 3999.511719 137.826599 7997.070313
v 3999.511719 145.336914 7872.085449
v 0.000000 172.564270 7747.100586
v 124.984741 159.703598 7747.100586
v 249.969482 159.663971 7747.100586
v 374.954224 155.403503 7747.100586
v 499.938965 158.078690 7747.100586
v 624.923706 136.023331 7747.100586
v 687.416077 166.896866 7809.593262
v 749.908447 128.631927 7747.100586
v 687.416077 165.767334 7747.100586
v 874.893188 155.522400 7747.100586
v 999.877930 156.057434 7747.100586
v 1124.862671 139.312820 7747.100586
v 1249.847412 128.394135 7747.100586
v 1374.832153 140.858475 7747.100586
v 1499.816895 149.062347 7747.100586
v 1624.801636 156.097076 7747.100586
v 1749.786377 141.036819 7747.100586
v 1874.771118 140.462143 7747.100586
v 1999.755981 158.633530 7747.100586
v 2124.740723 162.656204 7747.100586
v 2249.725098 120.824371 7747.100586
v 2312.217773 119.357971 7809.593262
v 2374.709961 137.311386 7747.100586
v 2374.709961 180.312378 7809.593262
v 2437.202637 184.652100 7809.593262
v 2499.694824 186.118500 7747.100586
v 2562.187012 125.045204 7809.593262
v 2624.679688 124.549797 7747.100586
v 2749.664063 120.665840 7747.100586
v 2874.648926 141.472763 7747.100586
v 2999.633789 180.768143 7747.100586
v 3124.618652 176.765289 7747.100586
v 3249.603027 173.713608 7747.100586
v 3374.587891 152.213104 7747.100586
v 3499.572754 152.847229 7747.100586
v 3624.557617 193.371201 7747.100586
v 3687.049805 183.383881 7809.593262
v 3749.541992 184.988983 7747.100586
v 3874.526855 177.260696 7747.100586
v 3999.511719 184.473755 7747.100586
v 0.000000 159.822510 7622.116211
v 124.984741 119.318344 7622.116211
v 187.477112 151.460098 7684.608398
v 249.969482 133.843567 7622.116211
v 249.969482 132.773499 7684.608398
v 312.461853 144.365921 7684.608398
v 281.215668 105.863197 7653.362305
v 374.954224 157.662552 7622.116211
v 312.461853 134.755096 7622.116211
v 499.938965 142.859894 7622.116211
v 624.923706 146.842941 7622.116211
v 687.416077 127.700562 7684.608398
v 749.908447 152.985947 7622.116211
v 874.893188 152.470718 7622.116211
v 999.877930 160.694412 7622.116211
v 1124.862671 150.865616 7622.116211
v 1249.847412 118.803123 7622.116211
v 1374.832153 160.714233 7622.116211
v 1499.816895 125.025383 7622.116211
v 1624.801636 112.164719 7622.116211
v 1749.786377 150.370209 7622.116211
v 1874.771118 149.101974 7622.116211
v 1999.755981 146.862762 7622.116211
v 2124.740723 151.697891 7622.116211
v 2249.725098 165.826782 7622.116211
v 2374.709961 128.354492 7622.116211
v 2437.202637 117.653786 7684.608398
v 2499.694824 127.363686 7622.116211
v 2499.694824 123.103226 7684.608398
v 2562.187012 125.976563 7684.608398
v 2624.679688 126.095459 7622.116211
v 2749.664063 155.106262 7622.116211
v 2874.648926 169.591858 7622.116211
v 2999.633789 145.852127 7622.116211
v 3062.125977 153.540787 7684.608398
v 3124.618652 188.654968 7684.608398
v 3093.372559 187.485809 7653.362305
v 3124.618652 154.075821 7622.116211
v 3062.125977 188.397354 7622.116211
v 3187.110840 148.705658 7684.608398
v 3249.603027 160.238647 7622.116211
v 3374.587891 158.494827 7622.116211
v 3499.572754 155.898911 7622.116211
v 3624.557617 158.593903 7622.116211
v 3749.541992 182.115646 7622.116211
v 3874.526855 191.032898 7622.116211
v 3999.511719 181.976929 7622.116211
v 0.000000 140.283798 7497.131348
v 124.984741 128.473389 7497.131348
v 249.969482 123.836418 7497.131348
v 312.461853 124.747963 7559.623535
v 374.954224 102.514267 7497.131348
v 499.938965 141.829468 7497.131348
v 624.923706 148.547134 7497.131348
v 749.908447 149.419037 7497.131348
v 874.893188 147.179810 7497.131348
v 999.877930 146.426804 7497.131348
v 1124.862671 147.120361 7497.131348
v 1249.847412 148.388596 7497.131348
v 1374.832153 141.829468 7497.131348
v 1499.816895 120.130806 7497.131348
v 1624.801636 141.433136 7497.131348
v 1687.294067 153.501160 7559.623535
v 1749.786377 151.341202 7497.131348
v 1749.786377 114.185966 7559.623535
v 1812.278687 121.795357 7559.623535
v 1874.771118 118.525696 7497.131348
v 1999.755981 125.025383 7497.131348
v 2124.740723 118.188820 7497.131348
v 2249.725098 156.751007 7497.131348
v 2374.709961 150.865616 7497.131348
v 2499.694824 125.778397 7497.131348
v 2624.679688 155.106262 7497.131348
v 2749.664063 162.220261 7497.131348
v 2874.648926 172.762436 7497.131348
v 2999.633789 162.596756 7497.131348
v 3062.125977 167.134659 7559.623535
v 3124.618652 159.941406 7497.131348
v 3249.603027 160.099930 7497.131348
v 3374.587891 165.291748 7497.131348
v 3499.572754 199.157516 7497.131348
v 3624.557617 225.314789 7497.131348
v 3687.049805 159.881958 7559.623535
v 3749.541992 168.997375 7497.131348
v 3874.526855 154.353256 7497.131348
v 3999.511719 154.650497 7497.131348
v 0.000000 126.709755 7372.146484
v 124.984741 151.063782 7372.146484
v 249.969482 136.221497 7372.146484
v 374.954224 150.825989 7372.146484
v 437.446594 132.000656 7434.639160
v 499.938965 148.547134 7372.146484
v 437.446594 107.151245 7372.146484
v 624.923706 155.522400 7372.146484
v 749.908447 141.175522 7372.146484
v 874.893188 155.938538 7372.146484
v 999.877930 143.315674 7372.146484
v 1124.862671 148.646210 7372.146484
v 1249.847412 141.116074 7372.146484
v 1374.832153 137.331207 7372.146484
v 1499.816895 156.156525 7372.146484
v 1624.801636 155.482773 7372.146484
v 1749.786377 152.391449 7372.146484
v 1874.771118 158.613724 7372.146484
v 1999.755981 159.267654 7372.146484
v 2124.740723 163.666824 7372.146484
v 2249.725098 142.007813 7372.146484
v 2374.709961 150.885437 7372.146484
v 2499.694824 153.382263 7372.146484
v 2624.679688 165.985321 7372.146484
v 2749.664063 150.528732 7372.146484
v 2874.648926 150.330582 7372.146484
v 2999.633789 155.879089 7372.146484
v 3124.618652 151.896057 7372.146484
v 3249.603027 167.174286 7372.146484
v 3374.587891 168.343430 7372.146484
v 3499.572754 163.389404 7372.146484
v 3624.557617 206.489471 7372.146484
v 3749.541992 190.319519 7372.146484
v 3874.526855 172.068863 7372.146484
v 3999.511719 161.387970 7372.146484
v 0.000000 133.149994 7247.162109
v 124.984741 96.232559 7247.162109
v 249.969482 127.006996 7247.162109
v 374.954224 100.790268 7247.162109
v 437.446594 131.346725 7309.654297
v 499.938965 152.569794 7247.162109
v 624.923706 151.519547 7247.162109
v 749.908447 145.079300 7247.162109
v 874.893188 140.660309 7247.162109
v 999.877930 151.440277 7247.162109
v 1124.862671 140.442337 7247.162109
v 1249.847412 145.297287 7247.162109
v 1374.832153 141.869095 7247.162109
v 1499.816895 127.403320 7247.162109
v 1624.801636 146.446625 7247.162109
v 1749.786377 128.988617 7247.162109
v 1874.771118 150.330582 7247.162109
v 1999.755981 122.330391 7247.162109
v 2124.740723 160.199005 7247.162109
v 2249.725098 154.353256 7247.162109
v 2374.709961 153.005753 7247.162109
v 2499.694824 138.361633 7247.162109
v 2624.679688 167.194107 7247.162109
v 2687.171875 142.721191 7309.654297
v 2749.664063 174.843124 7309.654297
v 2718.417969 179.916046 7278.408203
v 2749.664063 147.160004 7247.162109
v 2687.171875 178.013702 7247.162109
v 2812.156738 144.782059 7309.654297
v 2874.648926 153.421890 7247.162109
v 2937.141602 157.385117 7309.654297
v 2999.633789 214.970779 7247.162109
v 2999.633789 149.458664 7309.654297
v 2937.141602 213.999786 7247.162109
v 3062.125977 151.301575 7309.654297
v 3124.618652 154.531601 7247.162109
v 3249.603027 165.153046 7247.162109
v 3374.587891 172.088684 7247.162109
v 3499.572754 162.695847 7247.162109
v 3624.557617 230.090485 7247.162109
v 3749.541992 212.117264 7247.162109
v 3812.034668 216.655151 7309.654297
v 3874.526855 192.915436 7247.162109
v 3874.526855 216.595703 7309.654297
v 3937.019531 218.161179 7309.654297
v 3905.772949 168.085831 7278.408203
v 3999.511719 228.168320 7309.654297
v 3968.265625 189.328720 7278.408203
v 3999.511719 230.625519 7247.162109
v 3937.019531 204.428604 7247.162109
v 0.000000 68.351265 7122.177246
v 124.984741 71.601112 7122.177246
v 249.969482 93.398849 7122.177246
v 374.954224 97.005386 7122.177246
v 499.938965 113.730194 7122.177246
v 624.923706 97.718765 7122.177246
v 687.416077 161.090729 7184.669434
v 749.908447 154.828842 7122.177246
v 874.893188 136.855606 7122.177246
v 999.877930 151.796967 7122.177246
v 1124.862671 155.086441 7122.177246
v 1249.847412 138.282379 7122.177246
v 1374.832153 139.253357 7122.177246
v 1499.816895 137.113220 7122.177246
v 1624.801636 110.282188 7122.177246
v 1749.786377 135.052353 7122.177246
v 1874.771118 154.769394 7122.177246
v 1999.755981 155.145889 7122.177246
v 2124.740723 141.294418 7122.177246
v 2249.725098 126.491783 7122.177246
v 2374.709961 148.725479 7122.177246
v 2499.694824 168.383072 7122.177246
v 2624.679688 158.257034 7122.177246
v 2687.171875 141.730377 7184.669434
v 2749.664063 150.390030 7122.177246
v 2812.156738 150.013519 7184.669434
v 2874.648926 143.890335 7122.177246
v 2874.648926 159.010040 7184.669434
v 2937.141602 180.213303 7184.669434
v 2905.895020 210.908478 7215.915527
v 2999.633789 178.330765 7122.177246
v 3124.618652 175.833939 7122.177246
v 3249.603027 168.145279 7122.177246
v 3374.587891 162.735474 7122.177246
v 3499.572754 153.421890 7122.177246
v 3624.557617 150.964691 7122.177246
v 3687.049805 230.486801 7184.669434
v 3749.541992 178.667633 7122.177246
v 3749.541992 231.398346 7184.669434
v 3812.034668 212.711746 7184.669434
v 3780.788574 233.043091 7153.423340
v 3874.526855 207.440659 7122.177246
v 3812.034668 234.549103 7122.177246
v 3937.019531 207.123596 7184.669434
v 3999.511719 224.997742 7122.177246
v 0.000000 72.750450 6997.192383
v 124.984741 100.810081 6997.192383
v 249.969482 88.742058 6997.192383
v 374.954224 85.353500 6997.192383
v 499.938965 72.473022 6997.192383
v 624.923706 97.342262 6997.192383
v 749.908447 114.007622 6997.192383
v 874.893188 128.156342 6997.192383
v 999.877930 110.084030 6997.192383
v 1124.862671 132.932022 6997.192383
v 1249.847412 105.209259 6997.192383
v 1374.832153 129.325485 6997.192383
v 1499.816895 146.644775 6997.192383
v 1624.801636 144.009232 6997.192383
v 1749.786377 141.869095 6997.192383
v 1874.771118 153.639877 6997.192383
v 1999.755981 151.301575 6997.192383
v 2124.740723 154.809021 6997.192383
v 2249.725098 153.223740 6997.192383
v 2374.709961 156.968979 6997.192383
v 2499.694824 171.355484 6997.192383
v 2624.679688 140.957550 6997.192383
v 2687.171875 149.498306 7059.684570
v 2749.664063 141.829468 6997.192383
v 2687.171875 146.624969 6997.192383
v 2812.156738 182.076004 7059.684570
v 2874.648926 145.653976 6997.192383
v 2999.633789 160.278275 6997.192383
v 3062.125977 153.679504 7059.684570
v 3124.618652 153.659683 6997.192383
v 3124.618652 209.858215 7059.684570
v 3187.110840 192.994690 7059.684570
v 3249.603027 157.325668 6997.192383
v 3374.587891 141.670929 6997.192383
v 3499.572754 103.188019 6997.192383
v 3624.557617 122.171867 6997.192383
v 3749.541992 210.690491 6997.192383
v 3812.034668 234.271683 7059.684570
v 3874.526855 237.224289 6997.192383
v 3999.511719 224.720306 6997.192383
v 0.000000 133.467056 6872.207520
v 124.984741 80.320206 6872.207520
v 249.969482 59.176403 6872.207520
v 374.954224 82.024399 6872.207520
v 499.938965 92.606209 6872.207520
v 624.923706 125.936928 6872.207520
v 749.908447 120.705475 6872.207520
v 874.893188 110.242554 6872.207520
v 937.385620 105.308342 6934.700195
v 999.877930 166.143845 6872.207520
v 937.385620 109.449913 6872.207520
v 1124.862671 165.331390 6872.207520
v 1187.355103 165.489914 6934.700195
v 1249.847412 157.226593 6872.207520
v 1249.847412 166.916672 6934.700195
v 1312.339722 101.840523 6934.700195
v 1281.093628 163.290329 6903.454102
v 1374.832153 86.344307 6872.207520
v 1312.339722 127.462769 6872.207520
v 1499.816895 108.102417 6872.207520
v 1624.801636 141.789825 6872.207520
v 1687.294067 106.140617 6934.700195
v 1749.786377 150.528732 6872.207520
v 1874.771118 142.166336 6872.207520
v 1999.755981 152.847229 6872.207520
v 2124.740723 159.782867 6872.207520
v 2249.725098 164.776535 6872.207520
v 2374.709961 161.685211 6872.207520
v 2499.694824 151.281754 6872.207520
v 2624.679688 146.585327 6872.207520
v 2687.171875 175.279083 6934.700195
v 2718.417969 199.316040 6965.946289
v 2749.664063 205.815735 6872.207520
v 2749.664063 206.628189 6934.700195
v 2812.156738 183.958542 6934.700195
v 2874.648926 190.656387 6872.207520
v 2937.141602 146.506073 6934.700195
v 2999.633789 145.118942 6872.207520
v 2937.141602 169.730560 6872.207520
v 3124.618652 164.875610 6872.207520
v 3249.603027 162.497681 6872.207520
v 3374.587891 129.127319 6872.207520
v 3499.572754 97.936745 6872.207520
v 3624.557617 125.045204 6872.207520
v 3749.541992 236.510910 6872.207520
v 3874.526855 239.958908 6872.207520
v 3999.511719 173.178574 6872.207520
v 0.000000 114.047256 6747.222656
v 124.984741 122.251129 6747.222656
v 249.969482 124.767776 6747.222656
v 312.461853 64.586205 6809.715332
v 374.954224 90.604774 6747.222656
v 499.938965 121.656647 6747.222656
v 624.923706 126.907921 6747.222656
v 749.908447 133.585953 6747.222656
v 874.893188 128.156342 6747.222656
v 937.385620 111.015388 6809.715332
v 968.631714 105.466873 6840.961426
v 999.877930 108.657265 6747.222656
v 999.877930 108.221313 6809.715332
v 1062.370239 166.995941 6809.715332
v 1124.862671 104.476067 6747.222656
v 1249.847412 92.923264 6747.222656
v 1312.339722 72.908981 6809.715332
v 1374.832153 70.095085 6747.222656
v 1499.816895 89.574341 6747.222656
v 1624.801636 147.239258 6747.222656
v 1749.786377 157.741806 6747.222656
v 1874.771118 133.625580 6747.222656
v 1999.755981 152.787781 6747.222656
v 2124.740723 164.043335 6747.222656
v 2249.725098 165.707886 6747.222656
v 2374.709961 152.470718 6747.222656
v 2499.694824 135.825180 6747.222656
v 2562.187012 135.785538 6809.715332
v 2624.679688 143.672363 6747.222656
v 2624.679688 134.992905 6809.715332
v 2687.171875 192.955063 6809.715332
v 2655.925781 141.215164 6778.469238
v 2749.664063 184.751190 6747.222656
v 2687.171875 201.594894 6747.222656
v 2655.925781 137.073593 6747.222656
v 2874.648926 181.659866 6747.222656
v 2937.141602 211.820007 6809.715332
v 2968.387695 145.079300 6840.961426
v 2999.633789 209.045761 6747.222656
v 2999.633789 151.083588 6809.715332
v 3062.125977 149.676651 6809.715332
v 3124.618652 160.416992 6747.222656
v 3062.125977 216.060669 6747.222656
v 3249.603027 154.591049 6747.222656
v 3312.095703 146.902390 6809.715332
v 3374.587891 134.259705 6809.715332
v 3343.341797 133.011292 6778.469238
v 3374.587891 194.005325 6747.222656
v 3374.587891 127.482590 6778.469238
v 3312.095703 156.057434 6747.222656
v 3437.080566 130.732437 6809.715332
v 3405.833984 121.597198 6778.469238
v 3499.572754 128.651733 6809.715332
v 3468.326660 160.773682 6778.469238
v 3499.572754 193.767517 6747.222656
v 3499.572754 201.277832 6778.469238
v 3437.080566 199.811447 6747.222656
v 3437.080566 122.924881 6778.469238
v 3562.064941 163.290329 6809.715332
v 3530.818848 204.666397 6778.469238
v 3624.557617 209.243912 6809.715332
v 3593.311523 212.731552 6778.469238
v 3624.557617 196.541779 6747.222656
v 3562.064941 199.296219 6747.222656
v 3593.311523 178.568558 6747.222656
v 3687.049805 227.890900 6809.715332
v 3749.541992 190.438416 6747.222656
v 3874.526855 215.268021 6747.222656
v 3999.511719 177.082352 6747.222656
v 0.000000 92.249519 6622.238281
v 124.984741 114.582291 6622.238281
v 249.969482 123.004143 6622.238281
v 374.954224 121.141426 6622.238281
v 499.938965 105.070549 6622.238281
v 624.923706 136.102600 6622.238281
v 749.908447 138.104034 6622.238281
v 874.893188 148.448044 6622.238281
v 999.877930 146.525879 6622.238281
v 1124.862671 121.696274 6622.238281
v 1249.847412 92.943077 6622.238281
v 1374.832153 95.360649 6622.238281
v 1499.816895 139.768585 6622.238281
v 1624.801636 137.311386 6622.238281
v 1749.786377 150.885437 6622.238281
v 1874.771118 162.913818 6622.238281
v 1999.755981 132.020477 6622.238281
v 2124.740723 147.576141 6622.238281
v 2249.725098 150.905243 6622.238281
v 2374.709961 131.425995 6622.238281
v 2499.694824 148.527313 6622.238281
v 2562.187012 135.428848 6684.730469
v 2624.679688 142.919342 6622.238281
v 2624.679688 145.951218 6684.730469
v 2687.171875 140.125275 6684.730469
v 2655.925781 136.102600 6715.976563
v 2718.417969 198.820633 6715.976563
v 2749.664063 185.464569 6684.730469
v 2718.417969 202.704590 6653.484375
v 2749.664063 168.620865 6622.238281
v 2687.171875 154.729752 6622.238281
v 2718.417969 200.663544 6622.238281
v 2812.156738 188.278458 6684.730469
v 2874.648926 165.351196 6622.238281
v 2999.633789 185.781631 6622.238281
v 3062.125977 175.913193 6684.730469
v 3093.372559 214.415924 6715.976563
v 3124.618652 199.910522 6622.238281
v 3124.618652 213.979965 6684.730469
v 3187.110840 216.060669 6684.730469
v 3249.603027 206.112976 6622.238281
v 3249.603027 157.543655 6684.730469
v 3312.095703 182.511963 6684.730469
v 3280.849609 200.366287 6653.484375
v 3374.587891 208.728699 6684.730469
v 3343.341797 217.566696 6653.484375
v 3374.587891 202.090302 6622.238281
v 3312.095703 177.954254 6622.238281
v 3312.095703 217.091110 6653.484375
v 3437.080566 195.610428 6684.730469
v 3468.326660 184.830460 6715.976563
v 3499.572754 216.100296 6622.238281
v 3499.572754 193.708069 6684.730469
v 3499.572754 159.465805 6715.976563
v 3562.064941 199.751999 6684.730469
v 3530.818848 158.475006 6715.976563
v 3562.064941 176.844559 6715.976563
v 3593.311523 203.140549 6715.976563
v 3577.687988 160.872757 6731.599609
v 3624.557617 221.113785 6622.238281
v 3624.557617 222.362198 6684.730469
v 3687.049805 206.648010 6684.730469
v 3749.541992 224.561783 6622.238281
v 3874.526855 204.329514 6622.238281
v 3999.511719 178.350586 6622.238281
v 0.000000 92.962898 6497.253418
v 124.984741 99.462585 6497.253418
v 249.969482 127.542038 6497.253418
v 374.954224 134.259705 6497.253418
v 499.938965 111.788216 6497.253418
v 624.923706 150.885437 6497.253418
v 749.908447 140.838654 6497.253418
v 874.893188 126.927734 6497.253418
v 999.877930 117.356544 6497.253418
v 1124.862671 138.480530 6497.253418
v 1249.847412 141.116074 6497.253418
v 1374.832153 132.714050 6497.253418
v 1499.816895 153.065201 6497.253418
v 1624.801636 152.609436 6497.253418
v 1749.786377 124.490349 6497.253418
v 1874.771118 163.567749 6497.253418
v 1999.755981 127.462769 6497.253418
v 2124.740723 126.828651 6497.253418
v 2249.725098 154.135269 6497.253418
v 2374.709961 154.908096 6497.253418
v 2499.694824 131.723236 6497.253418
v 2624.679688 128.849899 6497.253418
v 2687.171875 140.026199 6559.746094
v 2718.417969 202.902756 6590.992188
v 2749.664063 180.946487 6497.253418
v 2749.664063 196.839020 6559.746094
v 2812.156738 195.868027 6559.746094
v 2874.648926 190.260071 6497.253418
v 2812.156738 188.258636 6497.253418
v 2999.633789 204.270065 6497.253418
v 3124.618652 212.434311 6497.253418
v 3249.603027 197.552399 6497.253418
v 3312.095703 202.110107 6559.746094
v 3374.587891 221.589371 6497.253418
v 3499.572754 187.168762 6497.253418
v 3624.557617 204.844742 6497.253418
v 3749.541992 212.731552 6497.253418
v 3874.526855 175.655594 6497.253418
v 3999.511719 187.049866 6497.253418
v 0.000000 122.845612 6372.268555
v 124.984741 118.862572 6372.268555
v 249.969482 117.039490 6372.268555
v 374.954224 102.454819 6372.268555
v 499.938965 111.490974 6372.268555
v 624.923706 122.706902 6372.268555
v 749.908447 140.501785 6372.268555
v 874.893188 132.793304 6372.268555
v 999.877930 148.606583 6372.268555
v 1124.862671 152.549988 6372.268555
v 1249.847412 150.211685 6372.268555
v 1374.832153 129.325485 6372.268555
v 1499.816895 144.227219 6372.268555
v 1624.801636 148.249878 6372.268555
v 1687.294067 150.132416 6434.760742
v 1749.786377 163.983887 6372.268555
v 1687.294067 130.514450 6372.268555
v 1874.771118 135.825180 6372.268555
v 1999.755981 134.279510 6372.268555
v 2124.740723 126.135086 6372.268555
v 2249.725098 129.662354 6372.268555
v 2374.709961 133.308533 6372.268555
v 2499.694824 131.762863 6372.268555
v 2624.679688 136.419662 6372.268555
v 2687.171875 138.084213 6434.760742
v 2749.664063 137.311386 6372.268555
v 2749.664063 142.047440 6434.760742
v 2780.910645 205.696838 6466.007324
v 2780.910645 205.855362 6434.760742
v 2812.156738 197.413696 6434.760742
v 2780.910645 205.003265 6403.514648
v 2874.648926 200.802246 6372.268555
v 2812.156738 190.497864 6372.268555
v 2780.910645 202.268646 6372.268555
v 2999.633789 206.727264 6372.268555
v 3124.618652 207.876602 6372.268555
v 3249.603027 206.370575 6372.268555
v 3374.587891 187.030045 6372.268555
v 3437.080566 222.382004 6434.760742
v 3499.572754 215.386917 6372.268555
v 3624.557617 227.395493 6372.268555
v 3749.541992 225.057190 6372.268555
v 3812.034668 237.759323 6434.760742
v 3874.526855 200.722992 6372.268555
v 3874.526855 235.956055 6434.760742
v 3937.019531 168.026382 6434.760742
v 3999.511719 186.158127 6372.268555
v 0.000000 126.967369 6247.284180
v 124.984741 148.765106 6247.284180
v 249.969482 128.354492 6247.284180
v 374.954224 113.710381 6247.284180
v 499.938965 121.280136 6247.284180
v 624.923706 120.923447 6247.284180
v 749.908447 120.190254 6247.284180
v 874.893188 152.985947 6247.284180
v 999.877930 149.181244 6247.284180
v 1124.862671 120.229881 6247.284180
v 1249.847412 121.062164 6247.284180
v 1374.832153 158.296661 6247.284180
v 1499.816895 152.450897 6247.284180
v 1562.309204 149.379410 6309.776367
v 1624.801636 137.786972 6247.284180
v 1624.801636 122.290764 6309.776367
v 1687.294067 158.871323 6309.776367
v 1656.047852 118.862572 6341.022461
v 1749.786377 148.448044 6247.284180
v 1874.771118 128.691376 6247.284180
v 1999.755981 133.407608 6247.284180
v 2124.740723 134.378601 6247.284180
v 2249.725098 131.881760 6247.284180
v 2374.709961 130.772064 6247.284180
v 2499.694824 132.852753 6247.284180
v 2624.679688 136.280945 6247.284180
v 2687.171875 143.850708 6309.776367
v 2749.664063 140.164902 6247.284180
v 2749.664063 149.557755 6309.776367
v 2812.156738 195.947296 6309.776367
v 2780.910645 191.211243 6341.022461
v 2874.648926 194.203476 6247.284180
v 2812.156738 205.379776 6247.284180
v 2999.633789 203.417984 6247.284180
v 3124.618652 190.636581 6247.284180
v 3249.603027 177.657013 6247.284180
v 3374.587891 178.092972 6247.284180
v 3437.080566 192.340759 6309.776367
v 3499.572754 223.115204 6247.284180
v 3499.572754 179.163040 6309.776367
v 3562.064941 203.992645 6309.776367
v 3624.557617 219.270874 6247.284180
v 3749.541992 166.024948 6247.284180
v 3874.526855 179.975494 6247.284180
v 3999.511719 169.631485 6247.284180
v 0.000000 150.944885 6122.299316
v 124.984741 149.637009 6122.299316
v 249.969482 139.392075 6122.299316
v 374.954224 140.600861 6122.299316
v 499.938965 132.813126 6122.299316
v 624.923706 117.891579 6122.299316
v 749.908447 156.909531 6122.299316
v 874.893188 150.013519 6122.299316
v 999.877930 155.145889 6122.299316
v 1124.862671 124.549797 6122.299316
v 1249.847412 118.129372 6122.299316
v 1374.832153 125.996376 6122.299316
v 1499.816895 143.454376 6122.299316
v 1624.801636 159.208206 6122.299316
v 1687.294067 157.305847 6184.791504
v 1749.786377 164.538742 6122.299316
v 1687.294067 120.982895 6122.299316
v 1874.771118 153.738953 6122.299316
v 1999.755981 133.169815 6122.299316
v 2124.740723 133.566132 6122.299316
v 2249.725098 126.571045 6122.299316
v 2374.709961 138.282379 6122.299316
v 2499.694824 154.789200 6122.299316
v 2624.679688 138.916489 6122.299316
v 2749.664063 144.940598 6122.299316
v 2812.156738 205.300507 6184.791504
v 2874.648926 206.667816 6122.299316
v 2999.633789 190.814926 6122.299316
v 3124.618652 192.598373 6122.299316
v 3249.603027 181.223923 6122.299316
v 3374.587891 160.516068 6122.299316
v 3437.080566 183.146088 6184.791504
v 3499.572754 166.064575 6122.299316
v 3499.572754 154.234360 6184.791504
v 3562.064941 175.655594 6184.791504
v 3624.557617 161.427612 6122.299316
v 3624.557617 146.942017 6184.791504
v 3687.049805 169.215347 6184.791504
v 3749.541992 165.410645 6122.299316
v 3874.526855 179.777344 6122.299316
v 3999.511719 207.579361 6122.299316
v 0.000000 145.971024 5997.314453
v 124.984741 148.884003 5997.314453
v 249.969482 158.475006 5997.314453
v 374.954224 114.938980 5997.314453
v 499.938965 123.440094 5997.314453
v 624.923706 157.801254 5997.314453
v 749.908447 127.165527 5997.314453
v 874.893188 130.554092 5997.314453
v 999.877930 155.780014 5997.314453
v 1124.862671 157.801254 5997.314453
v 1249.847412 141.116074 5997.314453
v 1374.832153 127.799644 5997.314453
v 1499.816895 135.745911 5997.314453
v 1562.309204 168.462326 6059.806641
v 1624.801636 170.780823 5997.314453
v 1624.801636 159.307281 6059.806641
v 1687.294067 163.448853 6059.806641
v 1656.047852 127.819458 6091.052734
v 1749.786377 164.875610 5997.314453
v 1874.771118 160.298096 5997.314453
v 1999.755981 134.497498 5997.314453
v 2124.740723 133.387787 5997.314453
v 2249.725098 144.167770 5997.314453
v 2374.709961 134.656021 5997.314453
v 2499.694824 141.334061 5997.314453
v 2624.679688 138.797592 5997.314453
v 2749.664063 140.303619 5997.314453
v 2812.156738 149.795547 6059.806641
v 2874.648926 150.469284 5997.314453
v 2874.648926 141.710571 6059.806641
v 2937.141602 207.876602 6059.806641
v 2905.895020 144.801880 6028.560547
v 2999.633789 177.141800 5997.314453
v 2937.141602 147.397797 5997.314453
v 3062.125977 211.800201 6059.806641
v 3124.618652 147.893188 5997.314453
v 3124.618652 211.621857 6059.806641
v 3187.110840 186.851700 6059.806641
v 3249.603027 150.608002 5997.314453
v 3374.587891 153.798401 5997.314453
v 3499.572754 159.287460 5997.314453
v 3624.557617 183.423508 5997.314453
v 3749.541992 184.671921 5997.314453
v 3874.526855 172.920959 5997.314453
v 3999.511719 172.663345 5997.314453
v 0.000000 151.479919 5872.329590
v 124.984741 131.901581 5872.329590
v 249.969482 133.982269 5872.329590
v 374.954224 121.260323 5872.329590
v 499.938965 155.542221 5872.329590
v 624.923706 142.622101 5872.329590
v 749.908447 142.067261 5872.329590
v 874.893188 159.683792 5872.329590
v 999.877930 136.538559 5872.329590
v 1124.862671 158.930771 5872.329590
v 1249.847412 148.467865 5872.329590
v 1374.832153 135.884628 5872.329590
v 1499.816895 138.084213 5872.329590
v 1624.801636 136.023331 5872.329590
v 1749.786377 137.786972 5872.329590
v 1874.771118 152.966125 5872.329590
v 1999.755981 129.226410 5872.329590
v 2124.740723 144.841507 5872.329590
v 2249.725098 133.942642 5872.329590
v 2374.709961 136.062973 5872.329590
v 2499.694824 142.047440 5872.329590
v 2624.679688 138.104034 5872.329590
v 2749.664063 139.392075 5872.329590
v 2874.648926 149.319962 5872.329590
v 2937.141602 146.664597 5934.822266
v 2999.633789 154.551407 5872.329590
v 3124.618652 156.097076 5872.329590
v 3249.603027 151.519547 5872.329590
v 3374.587891 138.222931 5872.329590
v 3499.572754 123.757156 5872.329590
v 3624.557617 180.807785 5872.329590
v 3749.541992 196.541779 5872.329590
v 3874.526855 183.502777 5872.329590
v 3999.511719 194.520538 5872.329590
v 0.000000 127.106079 5747.344727
v 124.984741 160.595337 5747.344727
v 249.969482 124.708328 5747.344727
v 374.954224 125.976563 5747.344727
v 499.938965 132.278091 5747.344727
v 624.923706 116.306290 5747.344727
v 749.908447 96.014580 5747.344727
v 874.893188 127.442955 5747.344727
v 937.385620 121.002716 5809.837402
v 999.877930 152.807587 5747.344727
v 999.877930 132.337540 5809.837402
v 1062.370239 156.374496 5809.837402
v 1031.124146 114.661552 5778.590820
v 1124.862671 156.315048 5747.344727
v 1062.370239 148.348969 5747.344727
v 1249.847412 155.740387 5747.344727
v 1374.832153 137.747345 5747.344727
v 1499.816895 135.765732 5747.344727
v 1624.801636 142.106888 5747.344727
v 1749.786377 137.925690 5747.344727
v 1874.771118 137.073593 5747.344727
v 1999.755981 137.390656 5747.344727
v 2124.740723 148.824554 5747.344727
v 2249.725098 140.600861 5747.344727
v 2374.709961 141.096268 5747.344727
v 2499.694824 144.266846 5747.344727
v 2624.679688 149.022720 5747.344727
v 2749.664063 150.290939 5747.344727
v 2874.648926 142.384308 5747.344727
v 2999.633789 107.864624 5747.344727
v 3124.618652 139.015564 5747.344727
v 3249.603027 160.674591 5747.344727
v 3374.587891 172.782242 5747.344727
v 3499.572754 165.073776 5747.344727
v 3624.557617 180.966309 5747.344727
v 3749.541992 185.741989 5747.344727
v 3874.526855 187.089493 5747.344727
v 3999.511719 194.778152 5747.344727
v 0.000000 164.875610 5622.360352
v 124.984741 129.662354 5622.360352
v 249.969482 124.847038 5622.360352
v 374.954224 124.212929 5622.360352
v 499.938965 123.360832 5622.360352
v 624.923706 110.916306 5622.360352
v 749.908447 113.631111 5622.360352
v 812.400818 90.446251 5684.852539
v 874.893188 119.476875 5622.360352
v 874.893188 89.931030 5684.852539
v 937.385620 109.687706 5684.852539
v 999.877930 114.522842 5622.360352
v 1062.370239 144.286667 5684.852539
v 1124.862671 160.020660 5622.360352
v 1249.847412 158.395737 5622.360352
v 1374.832153 137.450104 5622.360352
v 1499.816895 136.895248 5622.360352
v 1624.801636 147.338348 5622.360352
v 1749.786377 141.373688 5622.360352
v 1874.771118 150.786346 5622.360352
v 1999.755981 146.367355 5622.360352
v 2124.740723 143.612915 5622.360352
v 2249.725098 137.628448 5622.360352
v 2374.709961 142.106888 5622.360352
v 2499.694824 145.614334 5622.360352
v 2624.679688 155.324249 5622.360352
v 2749.664063 139.193909 5622.360352
v 2874.648926 161.784302 5622.360352
v 2999.633789 152.332001 5622.360352
v 3124.618652 121.002716 5622.360352
v 3249.603027 123.895866 5622.360352
v 3374.587891 98.174538 5622.360352
v 3437.080566 182.492157 5684.852539
v 3499.572754 152.609436 5622.360352
v 3624.557617 148.091354 5622.360352
v 3749.541992 144.068680 5622.360352
v 3874.526855 178.469482 5622.360352
v 3999.511719 152.114029 5622.360352
v 0.000000 125.520790 5497.375488
v 124.984741 132.476242 5497.375488
v 249.969482 135.944077 5497.375488
v 374.954224 137.410461 5497.375488
v 499.938965 128.810272 5497.375488
v 624.923706 128.374313 5497.375488
v 749.908447 103.742867 5497.375488
v 874.893188 118.367172 5497.375488
v 937.385620 129.662354 5559.868164
v 999.877930 134.358780 5497.375488
v 937.385620 161.962646 5497.375488
v 1062.370239 133.308533 5559.868164
v 1124.862671 142.780640 5497.375488
v 1062.370239 135.607193 5497.375488
v 1249.847412 139.728958 5497.375488
v 1374.832153 143.731812 5497.375488
v 1499.816895 153.302994 5497.375488
v 1624.801636 153.917297 5497.375488
v 1749.786377 149.537933 5497.375488
v 1874.771118 144.227219 5497.375488
v 1999.755981 155.185532 5497.375488
v 2124.740723 144.445190 5497.375488
v 2249.725098 154.313614 5497.375488
v 2374.709961 153.243546 5497.375488
v 2499.694824 140.878281 5497.375488
v 2624.679688 153.045395 5497.375488
v 2749.664063 154.947739 5497.375488
v 2874.648926 154.630676 5497.375488
v 2999.633789 163.567749 5497.375488
v 3124.618652 124.450722 5497.375488
v 3249.603027 123.023956 5497.375488
v 3374.587891 102.157578 5497.375488
v 3499.572754 155.145889 5497.375488
v 3624.557617 174.783676 5497.375488
v 3749.541992 173.753235 5497.375488
v 3874.526855 173.475815 5497.375488
v 3999.511719 168.085831 5497.375488
v 0.000000 131.762863 5372.390625
v 124.984741 131.445816 5372.390625
v 249.969482 124.331825 5372.390625
v 374.954224 129.305664 5372.390625
v 499.938965 130.355927 5372.390625
v 624.923706 135.666641 5372.390625
v 749.908447 141.770020 5372.390625
v 812.400818 129.919968 5434.882813
v 874.893188 131.049484 5372.390625
v 874.893188 168.204727 5434.882813
v 937.385620 195.650055 5434.882813
v 968.631714 188.357727 5466.129395
v 999.877930 192.895615 5372.390625
v 999.877930 188.635147 5434.882813
v 999.877930 197.909088 5466.129395
v 1062.370239 200.881516 5434.882813
v 1031.124146 199.117874 5466.129395
v 1031.124146 155.978180 5403.636719
v 1124.862671 203.893570 5372.390625
v 1062.370239 168.739761 5372.390625
v 1187.355103 145.693604 5434.882813
v 1249.847412 148.824554 5434.882813
v 1218.601196 165.252121 5403.636719
v 1249.847412 181.045578 5372.390625
v 1249.847412 170.523209 5403.636719
v 1187.355103 204.309708 5372.390625
v 1312.339722 151.380829 5434.882813
v 1281.093628 150.449478 5403.636719
v 1265.470459 199.117874 5388.013672
v 1374.832153 151.301575 5372.390625
v 1312.339722 145.713425 5372.390625
v 1281.093628 204.289886 5372.390625
v 1499.816895 151.638443 5372.390625
v 1624.801636 153.441711 5372.390625
v 1749.786377 152.867035 5372.390625
v 1874.771118 156.453766 5372.390625
v 1999.755981 157.206772 5372.390625
v 2124.740723 158.415558 5372.390625
v 2249.725098 119.219261 5372.390625
v 2374.709961 137.232117 5372.390625
v 2499.694824 149.062347 5372.390625
v 2624.679688 149.815353 5372.390625
v 2749.664063 186.138321 5372.390625
v 2874.648926 174.744049 5372.390625
v 2999.633789 141.591675 5372.390625
v 3124.618652 156.453766 5372.390625
v 3249.603027 151.202484 5372.390625
v 3374.587891 141.571854 5372.390625
v 3437.080566 114.344498 5434.882813
v 3499.572754 156.017807 5372.390625
v 3624.557617 163.052536 5372.390625
v 3749.541992 151.737518 5372.390625
v 3874.526855 168.501968 5372.390625
v 3999.511719 136.716904 5372.390625
v 0.000000 120.883820 5247.406250
v 124.984741 123.360832 5247.406250
v 187.477112 128.592285 5309.898438
v 249.969482 166.183472 5309.898438
v 218.723297 195.233917 5278.652344
v 249.969482 169.889099 5247.406250
v 187.477112 194.897049 5247.406250
v 312.461853 132.793304 5309.898438
v 281.215668 193.410828 5278.652344
v 374.954224 127.442955 5247.406250
v 312.461853 188.080292 5247.406250
v 499.938965 138.480530 5247.406250
v 624.923706 144.009232 5247.406250
v 749.908447 135.250504 5247.406250
v 874.893188 137.549179 5247.406250
v 937.385620 147.140182 5309.898438
v 999.877930 150.469284 5247.406250
v 999.877930 144.940598 5309.898438
v 1062.370239 204.250259 5309.898438
v 1031.124146 137.826599 5278.652344
v 1124.862671 180.530350 5247.406250
v 1062.370239 138.857040 5247.406250
v 1187.355103 203.219818 5309.898438
v 1249.847412 186.059052 5247.406250
v 1249.847412 205.914810 5309.898438
v 1312.339722 176.884186 5309.898438
v 1281.093628 180.589798 5341.144531
v 1374.832153 157.325668 5247.406250
v 1499.816895 154.472153 5247.406250
v 1624.801636 152.133850 5247.406250
v 1749.786377 154.551407 5247.406250
v 1874.771118 153.699326 5247.406250
v 1999.755981 173.158752 5247.406250
v 2124.740723 176.785110 5247.406250
v 2249.725098 161.685211 5247.406250
v 2374.709961 180.193481 5247.406250
v 2499.694824 173.455994 5247.406250
v 2624.679688 168.799210 5247.406250
v 2749.664063 143.791260 5247.406250
v 2874.648926 174.288269 5247.406250
v 2999.633789 145.059494 5247.406250
v 3124.618652 134.239883 5247.406250
v 3187.110840 118.149193 5309.898438
v 3249.603027 145.396362 5247.406250
v 3249.603027 107.646645 5309.898438
v 3312.095703 146.208832 5309.898438
v 3374.587891 153.441711 5247.406250
v 3499.572754 134.834366 5247.406250
v 3562.064941 139.986557 5309.898438
v 3624.557617 131.980850 5247.406250
v 3562.064941 117.098938 5247.406250
v 3687.049805 133.070740 5309.898438
v 3749.541992 128.215790 5247.406250
v 3687.049805 148.903824 5247.406250
v 3874.526855 138.242737 5247.406250
v 3937.019531 137.549179 5309.898438
v 3999.511719 133.110367 5247.406250
v 3937.019531 134.220062 5247.406250
v 0.000000 93.279953 5122.421387
v 124.984741 113.809464 5122.421387
v 187.477112 162.160812 5184.913574
v 249.969482 191.052719 5122.421387
v 312.461853 196.581421 5184.913574
v 374.954224 192.955063 5122.421387
v 374.954224 133.546326 5184.913574
v 437.446594 137.905869 5184.913574
v 406.200439 127.938354 5153.667480
v 499.938965 132.238449 5122.421387
v 437.446594 127.106079 5122.421387
v 624.923706 145.118942 5122.421387
v 749.908447 138.738144 5122.421387
v 874.893188 138.361633 5122.421387
v 999.877930 142.919342 5122.421387
v 1062.370239 148.230072 5184.913574
v 1124.862671 138.341827 5122.421387
v 1249.847412 152.668884 5122.421387
v 1374.832153 153.719131 5122.421387
v 1499.816895 194.262924 5122.421387
v 1624.801636 164.479294 5122.421387
v 1749.786377 178.608185 5122.421387
v 1874.771118 182.472336 5122.421387
v 1999.755981 179.123413 5122.421387
v 2124.740723 184.612473 5122.421387
v 2249.725098 170.166519 5122.421387
v 2374.709961 150.825989 5122.421387
v 2499.694824 180.371826 5122.421387
v 2624.679688 146.724045 5122.421387
v 2749.664063 172.524643 5122.421387
v 2874.648926 161.883377 5122.421387
v 2999.633789 142.602295 5122.421387
v 3124.618652 145.535080 5122.421387
v 3249.603027 132.852753 5122.421387
v 3312.095703 137.033966 5184.913574
v 3374.587891 143.157135 5122.421387
v 3312.095703 122.330391 5122.421387
v 3437.080566 115.097511 5184.913574
v 3499.572754 128.453583 5184.913574
v 3468.326660 185.167328 5153.667480
v 3499.572754 181.204102 5122.421387
v 3437.080566 183.958542 5122.421387
v 3562.064941 188.020844 5184.913574
v 3530.818848 124.430901 5216.160156
v 3624.557617 181.818405 5122.421387
v 3687.049805 181.996750 5184.913574
v 3718.295898 191.488663 5216.160156
v 3749.541992 185.504196 5122.421387
v 3749.541992 190.180801 5184.913574
v 3812.034668 127.482590 5184.913574
v 3780.788574 191.567932 5153.667480
v 3874.526855 130.930588 5184.913574
v 3843.280762 192.102966 5153.667480
v 3874.526855 187.446182 5122.421387
v 3874.526855 192.360580 5153.667480
v 3812.034668 184.711563 5122.421387
v 3812.034668 191.785919 5153.667480
v 3937.019531 191.667023 5184.913574
v 3905.772949 190.933823 5153.667480
v 3968.265625 162.378784 5216.160156
v 3999.511719 185.801437 5122.421387
v 3999.511719 187.723602 5184.913574
v 3999.511719 193.807159 5216.160156
v 3937.019531 184.870087 5122.421387
v 0.000000 64.764549 4997.436523
v 124.984741 74.593346 4997.436523
v 249.969482 165.489914 4997.436523
v 312.461853 150.786346 5059.928711
v 374.954224 182.472336 5059.928711
v 343.708038 127.304237 5028.682617
v 374.954224 178.112793 4997.436523
v 312.461853 137.846420 4997.436523
v 437.446594 137.668076 5059.928711
v 499.938965 132.694229 4997.436523
v 624.923706 135.706284 4997.436523
v 749.908447 142.562653 4997.436523
v 874.893188 139.035385 4997.436523
v 999.877930 140.481964 4997.436523
v 1124.862671 134.576752 4997.436523
v 1249.847412 146.208832 4997.436523
v 1374.832153 176.388779 4997.436523
v 1499.816895 176.646393 4997.436523
v 1624.801636 191.231064 4997.436523
v 1749.786377 175.041290 4997.436523
v 1812.278687 182.214722 5059.928711
v 1874.771118 144.564087 4997.436523
v 1812.278687 144.742432 4997.436523
v 1999.755981 149.319962 4997.436523
v 2124.740723 149.537933 4997.436523
v 2187.232910 182.591232 5059.928711
v 2249.725098 153.025574 4997.436523
v 2187.232910 156.374496 4997.436523
v 2312.217773 177.557938 5059.928711
v 2374.709961 151.103409 4997.436523
v 2312.217773 150.588181 4997.436523
v 2499.694824 173.475815 4997.436523
v 2624.679688 178.687454 4997.436523
v 2687.171875 168.283981 5059.928711
v 2749.664063 126.293617 4997.436523
v 2687.171875 159.961212 4997.436523
v 2812.156738 131.564713 5059.928711
v 2874.648926 95.340828 4997.436523
v 2812.156738 105.466873 4997.436523
v 2999.633789 132.060104 4997.436523
v 3124.618652 137.529358 4997.436523
v 3187.110840 126.610680 5059.928711
v 3249.603027 124.034584 4997.436523
v 3187.110840 127.839279 4997.436523
v 3312.095703 122.310577 5059.928711
v 3343.341797 169.750381 5091.174805
v 3343.341797 180.272751 5028.682617
v 3374.587891 184.909714 5059.928711
v 3343.341797 188.258636 5059.928711
v 3374.587891 181.005936 4997.436523
v 3312.095703 136.994324 4997.436523
v 3437.080566 180.986130 5059.928711
v 3499.572754 178.192047 4997.436523
v 3624.557617 175.259262 4997.436523
v 3749.541992 192.202057 4997.436523
v 3812.034668 178.489288 5059.928711
v 3874.526855 201.852509 4997.436523
v 3937.019531 178.746902 5059.928711
v 3999.511719 184.196335 4997.436523
v 0.000000 59.414196 4872.451660
v 124.984741 62.545143 4872.451660
v 187.477112 66.785797 4934.944336
v 249.969482 106.418045 4872.451660
v 249.969482 113.849091 4934.944336
v 187.477112 61.455257 4872.451660
v 281.215668 163.944260 4966.190430
v 281.215668 158.653351 4934.944336
v 312.461853 127.343872 4934.944336
v 281.215668 151.658264 4903.698242
v 374.954224 160.278275 4872.451660
v 312.461853 128.691376 4872.451660
v 437.446594 100.928978 4934.944336
v 499.938965 113.571663 4872.451660
v 437.446594 121.834991 4872.451660
v 624.923706 132.159195 4872.451660
v 749.908447 143.216583 4872.451660
v 874.893188 160.991653 4872.451660
v 999.877930 182.373245 4872.451660
v 1124.862671 166.223114 4872.451660
v 1249.847412 171.553650 4872.451660
v 1374.832153 182.630859 4872.451660
v 1499.816895 175.596130 4872.451660
v 1562.309204 187.129120 4934.944336
v 1624.801636 173.416367 4934.944336
v 1593.555420 150.845795 4903.698242
v 1624.801636 182.056198 4872.451660
v 1562.309204 143.830887 4872.451660
v 1687.294067 155.898911 4934.944336
v 1749.786377 142.899536 4934.944336
v 1718.540161 144.405563 4903.698242
v 1749.786377 204.507858 4872.451660
v 1687.294067 144.484818 4872.451660
v 1781.032593 128.929169 4966.190430
v 1781.032593 201.396729 4934.944336
v 1812.278687 190.537491 4934.944336
v 1781.032593 200.267212 4903.698242
v 1874.771118 204.170990 4872.451660
v 1812.278687 194.223297 4872.451660
v 1999.755981 205.637390 4872.451660
v 2062.248047 165.688080 4934.944336
v 2124.740723 193.113586 4872.451660
v 2124.740723 205.795914 4934.944336
v 2187.232910 197.156082 4934.944336
v 2155.986816 145.297287 4966.190430
v 2218.479004 143.335480 4966.190430
v 2187.232910 143.375122 4966.190430
v 2249.725098 200.703171 4872.451660
v 2249.725098 177.577744 4934.944336
v 2312.217773 197.928909 4934.944336
v 2280.971680 138.857040 4966.190430
v 2343.463867 135.309952 4966.190430
v 2312.217773 137.390656 4966.190430
v 2374.709961 198.146881 4872.451660
v 2374.709961 133.625580 4934.944336
v 2437.202637 138.143661 4934.944336
v 2499.694824 131.089127 4872.451660
v 2562.187012 135.805359 4934.944336
v 2624.679688 123.558990 4872.451660
v 2624.679688 133.268890 4934.944336
v 2687.171875 127.403320 4934.944336
v 2655.925781 142.523026 4903.698242
v 2718.417969 120.091171 4966.190430
v 2749.664063 187.069672 4872.451660
v 2749.664063 169.968353 4934.944336
v 2749.664063 113.809464 4966.190430
v 2687.171875 190.160995 4872.451660
v 2655.925781 190.735657 4872.451660
v 2812.156738 113.234795 4934.944336
v 2780.910645 107.725906 4966.190430
v 2874.648926 184.830460 4872.451660
v 2874.648926 108.835609 4934.944336
v 2937.141602 125.639687 4934.944336
v 2905.895020 115.137138 4903.698242
v 2999.633789 126.828651 4872.451660
v 2937.141602 122.013336 4872.451660
v 3062.125977 126.154907 4934.944336
v 3124.618652 186.316666 4872.451660
v 3124.618652 124.014763 4934.944336
v 3187.110840 185.603287 4934.944336
v 3155.864746 124.827225 4966.190430
v 3249.603027 186.019424 4872.451660
v 3249.603027 184.671921 4934.944336
v 3312.095703 180.252930 4934.944336
v 3280.849609 187.287659 4966.190430
v 3374.587891 172.029236 4872.451660
v 3499.572754 200.049240 4872.451660
v 3624.557617 175.675400 4872.451660
v 3749.541992 123.776970 4872.451660
v 3812.034668 199.474564 4934.944336
v 3874.526855 138.322006 4872.451660
v 3999.511719 135.428848 4872.451660
v 0.000000 60.504082 4747.466797
v 124.984741 56.976814 4747.466797
v 187.477112 78.516937 4809.959473
v 218.723297 132.733856 4841.205566
v 249.969482 138.163483 4747.466797
v 249.969482 137.905869 4809.959473
v 312.461853 82.817039 4809.959473
v 281.215668 142.205963 4841.205566
v 343.708038 109.509361 4841.205566
v 343.708038 108.280762 4778.712891
v 374.954224 148.012085 4809.959473
v 343.708038 90.030113 4809.959473
v 374.954224 146.624969 4747.466797
v 374.954224 141.750198 4841.205566
v 359.331116 92.962898 4825.582520
v 312.461853 75.861580 4747.466797
v 437.446594 132.416794 4809.959473
v 406.200439 165.113403 4841.205566
v 499.938965 102.613350 4747.466797
v 437.446594 88.841141 4747.466797
v 624.923706 115.731621 4747.466797
v 749.908447 157.959793 4747.466797
v 874.893188 182.293991 4747.466797
v 999.877930 185.860886 4747.466797
v 1124.862671 186.296844 4747.466797
v 1249.847412 178.667633 4747.466797
v 1312.339722 179.836792 4809.959473
v 1374.832153 158.475006 4747.466797
v 1374.832153 192.261505 4809.959473
v 1437.324585 148.983078 4809.959473
v 1406.078369 162.220261 4778.712891
v 1499.816895 171.078064 4809.959473
v 1468.570679 206.925430 4778.712891
v 1499.816895 200.722992 4747.466797
v 1437.324585 151.876236 4778.712891
v 1421.701416 147.100555 4763.089844
v 1437.324585 207.262299 4747.466797
v 1406.078369 147.932831 4747.466797
v 1562.309204 208.094589 4809.959473
v 1531.063110 146.347534 4841.205566
v 1624.801636 210.274353 4747.466797
v 1687.294067 206.291321 4809.959473
v 1749.786377 211.265167 4747.466797
v 1812.278687 205.340149 4809.959473
v 1874.771118 208.471085 4747.466797
v 1999.755981 220.658005 4747.466797
v 2124.740723 210.333801 4747.466797
v 2249.725098 190.497864 4747.466797
v 2374.709961 190.953629 4747.466797
v 2437.202637 193.410828 4809.959473
v 2499.694824 183.760376 4747.466797
v 2499.694824 193.608994 4809.959473
v 2562.187012 167.134659 4809.959473
v 2624.679688 186.613907 4747.466797
v 2624.679688 151.876236 4809.959473
v 2687.171875 189.982651 4809.959473
v 2655.925781 173.436188 4841.205566
v 2749.664063 182.095825 4747.466797
v 2874.648926 180.906860 4747.466797
v 2937.141602 186.712982 4809.959473
v 2999.633789 178.172241 4747.466797
v 2999.633789 185.999603 4809.959473
v 3062.125977 180.490723 4809.959473
v 3124.618652 170.107071 4747.466797
v 3249.603027 174.962021 4747.466797
v 3374.587891 193.708069 4747.466797
v 3499.572754 165.747528 4747.466797
v 3624.557617 165.390839 4747.466797
v 3749.541992 157.444565 4747.466797
v 3874.526855 133.149994 4747.466797
v 3937.019531 173.376740 4809.959473
v 3999.511719 140.283798 4747.466797
v 3999.511719 174.704407 4809.959473
v 0.000000 65.834618 4622.482422
v 124.984741 56.857918 4622.482422
v 187.477112 85.373322 4684.974609
v 249.969482 138.183289 4684.974609
v 218.723297 135.250504 4653.728516
v 249.969482 99.938171 4622.482422
v 187.477112 114.463394 4622.482422
v 312.461853 91.813560 4684.974609
v 374.954224 110.420906 4622.482422
v 312.461853 132.416794 4622.482422
v 437.446594 75.821945 4684.974609
v 499.938965 72.076698 4622.482422
v 624.923706 96.509979 4622.482422
v 749.908447 163.884811 4622.482422
v 874.893188 175.972641 4622.482422
v 999.877930 179.856598 4622.482422
v 1124.862671 182.076004 4622.482422
v 1249.847412 153.481339 4622.482422
v 1312.339722 150.984512 4684.974609
v 1374.832153 203.199997 4622.482422
v 1374.832153 200.960785 4684.974609
v 1312.339722 177.240875 4622.482422
v 1437.324585 204.071915 4684.974609
v 1406.078369 166.995941 4716.220703
v 1499.816895 206.786713 4622.482422
v 1624.801636 195.075394 4622.482422
v 1749.786377 202.565887 4622.482422
v 1874.771118 196.165283 4622.482422
v 1999.755981 213.742172 4622.482422
v 2124.740723 185.979782 4622.482422
v 2249.725098 193.054138 4622.482422
v 2374.709961 182.531784 4622.482422
v 2499.694824 186.812057 4622.482422
v 2624.679688 173.535263 4622.482422
v 2749.664063 171.395126 4622.482422
v 2874.648926 174.228821 4622.482422
v 2999.633789 178.053345 4622.482422
v 3124.618652 176.071732 4622.482422
v 3249.603027 175.576324 4622.482422
v 3374.587891 192.241684 4622.482422
v 3499.572754 186.395920 4622.482422
v 3624.557617 164.875610 4622.482422
v 3749.541992 143.672363 4622.482422
v 3874.526855 166.956314 4622.482422
v 3999.511719 147.338348 4622.482422
v 0.000000 61.911030 4497.497559
v 124.984741 68.509796 4497.497559
v 187.477112 95.756973 4559.990234
v 218.723297 135.488297 4591.236328
v 249.969482 138.440903 4497.497559
v 249.969482 128.552658 4559.990234
v 312.461853 92.586388 4559.990234
v 281.215668 136.736710 4591.236328
v 374.954224 59.414196 4497.497559
v 312.461853 94.865242 4497.497559
v 499.938965 61.554337 4497.497559
v 624.923706 85.630928 4497.497559
v 749.908447 152.114029 4497.497559
v 874.893188 143.097687 4497.497559
v 999.877930 177.696640 4497.497559
v 1124.862671 191.746277 4497.497559
v 1187.355103 177.855179 4559.990234
v 1249.847412 151.182678 4559.990234
v 1218.601196 149.240692 4528.743652
v 1249.847412 203.655777 4497.497559
v 1187.355103 175.061096 4497.497559
v 1218.601196 149.914444 4497.497559
v 1312.339722 209.402451 4559.990234
v 1281.093628 144.821701 4591.236328
v 1374.832153 210.650864 4497.497559
v 1499.816895 195.986923 4497.497559
v 1562.309204 194.778152 4559.990234
v 1624.801636 148.348969 4497.497559
v 1562.309204 149.359589 4497.497559
v 1749.786377 145.594528 4497.497559
v 1874.771118 190.953629 4497.497559
v 1999.755981 206.568741 4497.497559
v 2124.740723 173.039856 4497.497559
v 2249.725098 141.036819 4497.497559
v 2312.217773 188.258636 4559.990234
v 2374.709961 129.424561 4497.497559
v 2374.709961 194.540359 4559.990234
v 2437.202637 181.521164 4559.990234
v 2499.694824 179.916046 4497.497559
v 2624.679688 181.283371 4497.497559
v 2749.664063 177.696640 4497.497559
v 2874.648926 177.161606 4497.497559
v 2999.633789 164.320770 4497.497559
v 3124.618652 176.487869 4497.497559
v 3249.603027 166.777969 4497.497559
v 3374.587891 167.966934 4497.497559
v 3499.572754 172.385925 4497.497559
v 3624.557617 169.453140 4497.497559
v 3749.541992 166.381638 4497.497559
v 3812.034668 125.837845 4559.990234
v 3874.526855 123.301384 4497.497559
v 3812.034668 140.026199 4497.497559
v 3937.019531 171.613098 4559.990234
v 3999.511719 147.120361 4497.497559
v 0.000000 81.231750 4435.004883
v 0.000000 98.907730 4372.512695
v 0.000000 138.738144 4403.758789
v 62.492371 96.074028 4435.004883
v 31.246185 139.510971 4403.758789
v 124.984741 139.867661 4372.512695
v 62.492371 116.167580 4372.512695
v 187.477112 137.806793 4435.004883
v 249.969482 132.060104 4435.004883
v 218.723297 118.684227 4403.758789
v 249.969482 115.771255 4403.758789
v 234.346375 100.651550 4388.135742
v 249.969482 133.942642 4372.512695
v 249.969482 89.376175 4388.135742
v 187.477112 95.756973 4372.512695
v 218.723297 103.742867 4372.512695
v 312.461853 100.928978 4435.004883
v 281.215668 139.649689 4466.251465
v 281.215668 139.193909 4403.758789
v 265.592590 128.096893 4388.135742
v 343.708038 61.217464 4466.251465
v 312.461853 131.941208 4466.251465
v 374.954224 66.468735 4372.512695
v 374.954224 64.070984 4435.004883
v 312.461853 73.146774 4372.512695
v 281.215668 133.526505 4372.512695
v 437.446594 63.932274 4435.004883
v 499.938965 76.020111 4372.512695
v 624.923706 97.144096 4372.512695
v 749.908447 113.115898 4372.512695
v 874.893188 128.929169 4372.512695
v 999.877930 170.582657 4372.512695
v 1124.862671 181.659866 4372.512695
v 1187.355103 142.582474 4435.004883
v 1218.601196 149.319962 4466.251465
v 1249.847412 210.373444 4372.512695
v 1249.847412 208.768326 4435.004883
v 1187.355103 145.218018 4372.512695
v 1312.339722 203.873749 4435.004883
v 1374.832153 225.017548 4372.512695
v 1437.324585 189.289078 4435.004883
v 1499.816895 168.383072 4435.004883
v 1468.570679 152.649063 4403.758789
v 1499.816895 189.883560 4372.512695
v 1437.324585 165.787155 4372.512695
v 1562.309204 190.438416 4435.004883
v 1531.063110 153.144470 4466.251465
v 1624.801636 152.985947 4372.512695
v 1749.786377 188.417175 4372.512695
v 1812.278687 143.494019 4435.004883
v 1874.771118 163.072342 4372.512695
v 1999.755981 149.399216 4372.512695
v 2124.740723 159.188385 4372.512695
v 2187.232910 184.969162 4435.004883
v 2249.725098 148.487686 4372.512695
v 2249.725098 180.015137 4435.004883
v 2312.217773 173.574890 4435.004883
v 2374.709961 173.059677 4372.512695
v 2437.202637 136.558365 4435.004883
v 2499.694824 131.326920 4372.512695
v 2624.679688 199.216965 4372.512695
v 2749.664063 168.561417 4372.512695
v 2874.648926 174.189194 4372.512695
v 2999.633789 173.991028 4372.512695
v 3124.618652 171.097885 4372.512695
v 3249.603027 171.058243 4372.512695
v 3374.587891 156.691559 4372.512695
v 3499.572754 172.465195 4372.512695
v 3624.557617 179.836792 4372.512695
v 3687.049805 177.914627 4435.004883
v 3749.541992 164.340576 4372.512695
v 3749.541992 132.654602 4435.004883
v 3812.034668 156.671738 4435.004883
v 3780.788574 121.775543 4466.251465
v 3874.526855 149.181244 4372.512695
v 3812.034668 127.898727 4372.512695
v 3999.511719 170.681732 4372.512695
v 0.000000 124.312004 4247.528320
v 62.492371 107.507935 4310.020508
v 124.984741 138.064392 4247.528320
v 124.984741 94.706718 4310.020508
v 187.477112 84.243797 4310.020508
v 156.230927 94.072601 4278.774414
v 218.723297 137.509552 4341.266602
v 218.723297 138.262558 4278.774414
v 249.969482 65.874252 4310.020508
v 218.723297 139.154282 4310.020508
v 249.969482 60.048313 4247.528320
v 187.477112 139.055206 4278.774414
v 171.854004 139.689316 4263.151367
v 187.477112 114.602104 4247.528320
v 156.230927 138.163483 4247.528320
v 312.461853 67.201935 4310.020508
v 281.215668 62.109188 4341.266602
v 374.954224 61.693050 4247.528320
v 499.938965 81.073219 4247.528320
v 624.923706 90.921837 4247.528320
v 749.908447 79.507744 4247.528320
v 874.893188 154.234360 4247.528320
v 999.877930 182.947922 4247.528320
v 1124.862671 140.759384 4247.528320
v 1187.355103 150.786346 4310.020508
v 1218.601196 197.433502 4341.266602
v 1218.601196 210.571594 4278.774414
v 1249.847412 206.112976 4310.020508
v 1218.601196 211.542587 4310.020508
v 1249.847412 204.884369 4247.528320
v 1187.355103 154.135269 4247.528320
v 1312.339722 211.463318 4310.020508
v 1374.832153 222.738693 4247.528320
v 1374.832153 203.715225 4310.020508
v 1437.324585 183.542404 4310.020508
v 1406.078369 192.459656 4278.774414
v 1499.816895 166.322189 4310.020508
v 1468.570679 162.002274 4278.774414
v 1499.816895 176.190628 4278.774414
v 1484.193848 141.611481 4263.151367
v 1499.816895 169.829651 4247.528320
v 1499.816895 139.709137 4263.151367
v 1437.324585 203.299088 4247.528320
v 1437.324585 154.293808 4278.774414
v 1468.570679 185.306046 4247.528320
v 1562.309204 168.125458 4310.020508
v 1531.063110 158.891144 4278.774414
v 1515.439941 139.510971 4263.151367
v 1624.801636 124.965935 4310.020508
v 1593.555420 107.309769 4278.774414
v 1624.801636 141.433136 4247.528320
v 1562.309204 152.014954 4247.528320
v 1531.063110 147.001465 4247.528320
v 1593.555420 106.735100 4247.528320
v 1687.294067 116.702614 4310.020508
v 1749.786377 167.233734 4310.020508
v 1718.540161 152.014954 4278.774414
v 1749.786377 102.851143 4247.528320
v 1687.294067 115.791069 4247.528320
v 1812.278687 139.669510 4310.020508
v 1874.771118 144.405563 4247.528320
v 1812.278687 117.118752 4247.528320
v 1937.263550 180.054764 4310.020508
v 1999.755981 132.396988 4247.528320
v 2124.740723 117.772682 4247.528320
v 2249.725098 128.929169 4247.528320
v 2374.709961 149.319962 4247.528320
v 2499.694824 146.169189 4247.528320
v 2562.187012 144.346115 4310.020508
v 2624.679688 152.490540 4247.528320
v 2562.187012 132.733856 4247.528320
v 2749.664063 176.012283 4247.528320
v 2874.648926 170.899719 4247.528320
v 2999.633789 177.339951 4247.528320
v 3124.618652 165.985321 4247.528320
v 3249.603027 176.844559 4247.528320
v 3374.587891 186.039230 4247.528320
v 3499.572754 170.939346 4247.528320
v 3562.064941 167.748947 4310.020508
v 3624.557617 161.407791 4247.528320
v 3624.557617 168.581223 4310.020508
v 3687.049805 162.695847 4310.020508
v 3655.803711 158.970413 4278.774414
v 3749.541992 129.939789 4310.020508
v 3718.295898 147.833740 4278.774414
v 3749.541992 127.324059 4247.528320
v 3687.049805 119.675034 4278.774414
v 3671.426758 121.260323 4263.151367
v 3687.049805 159.683792 4247.528320
v 3655.803711 130.692795 4247.528320
v 3812.034668 138.995758 4310.020508
v 3843.280762 125.065018 4341.266602
v 3843.280762 162.378784 4278.774414
v 3874.526855 166.183472 4310.020508
v 3843.280762 117.316917 4310.020508
v 3874.526855 156.731186 4247.528320
v 3812.034668 135.270325 4247.528320
v 3937.019531 168.957733 4310.020508
v 3999.511719 142.205963 4247.528320
v 0.000000 139.471344 4122.543457
v 62.492371 140.699936 4185.035645
v 124.984741 60.345554 4122.543457
v 124.984741 133.387787 4185.035645
v 62.492371 133.031097 4122.543457
v 187.477112 58.423389 4185.035645
v 156.230927 112.719574 4216.282227
v 249.969482 67.459541 4122.543457
v 374.954224 61.712868 4122.543457
v 499.938965 80.795792 4122.543457
v 624.923706 91.892822 4122.543457
v 749.908447 120.566757 4122.543457
v 812.400818 102.058495 4185.035645
v 874.893188 125.124466 4122.543457
v 999.877930 180.153839 4122.543457
v 1124.862671 148.824554 4122.543457
v 1187.355103 145.753052 4185.035645
v 1249.847412 209.402451 4185.035645
v 1218.601196 208.589981 4153.789551
v 1249.847412 194.144028 4122.543457
v 1187.355103 139.610062 4122.543457
v 1312.339722 205.914810 4185.035645
v 1281.093628 210.809387 4153.789551
v 1374.832153 206.251678 4122.543457
v 1312.339722 195.947296 4122.543457
v 1281.093628 164.003708 4122.543457
v 1437.324585 195.848221 4185.035645
v 1468.570679 212.434311 4216.282227
v 1499.816895 188.654968 4122.543457
v 1499.816895 193.252304 4185.035645
v 1562.309204 208.926865 4185.035645
v 1531.063110 189.447617 4216.282227
v 1593.555420 168.165085 4216.282227
v 1624.801636 196.284180 4122.543457
v 1624.801636 163.329956 4185.035645
v 1687.294067 150.370209 4185.035645
v 1749.786377 121.379219 4122.543457
v 1812.278687 120.566757 4185.035645
v 1843.524902 166.817596 4216.282227
v 1874.771118 140.878281 4122.543457
v 1874.771118 150.271133 4185.035645
v 1937.263550 185.642914 4185.035645
v 1999.755981 146.763672 4185.035645
v 1968.509644 175.497055 4153.789551
v 1999.755981 161.150177 4122.543457
v 1999.755981 119.139999 4153.789551
v 1937.263550 167.610245 4122.543457
v 2062.248047 106.398232 4185.035645
v 2031.002075 123.618439 4153.789551
v 2124.740723 129.147141 4122.543457
v 2062.248047 124.549797 4122.543457
v 2187.232910 115.612724 4185.035645
v 2249.725098 141.987991 4122.543457
v 2187.232910 143.434570 4122.543457
v 2374.709961 169.908905 4122.543457
v 2437.202637 148.348969 4185.035645
v 2499.694824 157.107697 4122.543457
v 2499.694824 139.629868 4185.035645
v 2562.187012 170.027802 4185.035645
v 2530.940918 170.661926 4153.789551
v 2593.433594 164.122604 4216.282227
v 2593.433594 170.186340 4153.789551
v 2624.679688 169.056824 4185.035645
v 2593.433594 139.213730 4185.035645
v 2577.810059 135.409042 4169.412598
v 2624.679688 181.937302 4122.543457
v 2562.187012 131.802505 4153.789551
v 2546.563965 133.486877 4138.166504
v 2562.187012 177.320145 4122.543457
v 2530.940918 139.828033 4122.543457
v 2687.171875 184.434128 4185.035645
v 2749.664063 173.297470 4122.543457
v 2874.648926 169.056824 4122.543457
v 2999.633789 169.591858 4122.543457
v 3124.618652 173.891953 4122.543457
v 3249.603027 173.773056 4122.543457
v 3374.587891 190.537491 4122.543457
v 3499.572754 161.051102 4122.543457
v 3562.064941 154.373062 4185.035645
v 3624.557617 160.932205 4122.543457
v 3624.557617 164.637817 4185.035645
v 3562.064941 119.278709 4122.543457
v 3687.049805 149.815353 4185.035645
v 3655.803711 137.905869 4216.282227
v 3749.541992 139.629868 4122.543457
v 3812.034668 126.174721 4185.035645
v 3874.526855 127.641113 4122.543457
v 3999.511719 129.246216 4122.543457
v 0.000000 58.720631 3997.558838
v 62.492371 60.325737 4060.051270
v 124.984741 66.924507 3997.558838
v 249.969482 60.206841 3997.558838
v 374.954224 62.426247 3997.558838
v 499.938965 101.206406 3997.558838
v 624.923706 103.326729 3997.558838
v 749.908447 106.953079 3997.558838
v 874.893188 149.795547 3997.558838
v 999.877930 180.906860 3997.558838
v 1124.862671 177.954254 3997.558838
v 1187.355103 149.577560 4060.051270
v 1249.847412 162.002274 3997.558838
v 1249.847412 209.382629 4060.051270
v 1312.339722 208.926865 4060.051270
v 1281.093628 206.251678 4091.297363
v 1343.585938 206.548920 4091.297363
v 1312.339722 209.560974 4091.297363
v 1296.716675 168.046188 4106.919922
v 1374.832153 205.875183 3997.558838
v 1374.832153 204.052094 4060.051270
v 1437.324585 208.708878 4060.051270
v 1499.816895 192.023712 4060.051270
v 1468.570679 220.063522 4028.804932
v 1499.816895 159.564896 3997.558838
v 1437.324585 223.511536 3997.558838
v 1562.309204 204.468231 4060.051270
v 1624.801636 179.024323 3997.558838
v 1687.294067 151.678070 4060.051270
v 1749.786377 139.649689 4060.051270
v 1718.540161 149.002899 4028.804932
v 1749.786377 177.498489 3997.558838
v 1749.786377 121.854805 4028.804932
v 1687.294067 172.544449 3997.558838
v 1812.278687 159.307281 4060.051270
v 1781.032593 151.519547 4028.804932
v 1874.771118 168.937927 3997.558838
v 1812.278687 152.292374 3997.558838
v 1937.263550 140.184723 4060.051270
v 1999.755981 188.813492 3997.558838
v 1999.755981 123.083405 4060.051270
v 2062.248047 127.542038 4060.051270
v 2093.494629 145.792679 4091.297363
v 2124.740723 212.216339 3997.558838
v 2124.740723 128.731003 4060.051270
v 2124.740723 162.339157 4091.297363
v 2187.232910 172.207581 4060.051270
v 2155.986816 168.620865 4091.297363
v 2249.725098 193.688263 3997.558838
v 2374.709961 185.880707 3997.558838
v 2437.202637 201.495819 4060.051270
v 2499.694824 185.761810 3997.558838
v 2499.694824 189.764664 4060.051270
v 2562.187012 176.686020 4060.051270
v 2530.940918 193.192856 4091.297363
v 2624.679688 178.489288 3997.558838
v 2749.664063 172.901138 3997.558838
v 2874.648926 175.041290 3997.558838
v 2999.633789 169.294617 3997.558838
v 3124.618652 185.187149 3997.558838
v 3249.603027 172.049057 3997.558838
v 3374.587891 161.011475 3997.558838
v 3437.080566 166.441086 4060.051270
v 3499.572754 164.142410 3997.558838
v 3499.572754 118.069923 4060.051270
v 3562.064941 115.295670 4060.051270
v 3624.557617 139.689316 3997.558838
v 3749.541992 134.596573 3997.558838
v 3874.526855 160.793488 3997.558838
v 3999.511719 163.508301 3997.558838
vn 0.250 0.944 -0.214
vn 0.117 0.986 -0.120
vn 0.257 0.963 0.085
vn 0.464 0.886 0.011
vn -0.153 0.986 -0.068
vn -0.343 0.790 -0.508
vn -0.399 0.904 -0.151
vn -0.049 0.970 0.237
vn -0.057 0.998 -0.011
vn 0.019 1.000 0.017
vn -0.071 0.994 0.077
vn -0.088 0.988 0.126
vn -0.046 0.999 -0.002
vn 0.031 0.999 -0.044
vn 0.057 0.998 -0.015
vn 0.005 1.000 0.026
vn 0.082 0.991 0.102
vn -0.009 0.999 0.033
vn -0.043 0.975 0.217
vn 0.035 0.999 0.012
vn -0.025 0.995 0.092
vn -0.025 0.999 -0.028
vn -0.059 0.997 0.047
vn 0.045 0.998 -0.038
vn 0.168 0.969 -0.180
vn 0.104 0.994 -0.028
vn -0.018 0.996 0.093
vn -0.045 0.999 0.030
vn -0.018 0.999 0.043
vn 0.016 0.999 -0.045
vn -0.002 1.000 -0.024
vn -0.013 1.000 0.022
vn -0.030 1.000 -0.009
vn -0.054 0.998 0.041
vn 0.003 0.999 -0.045
vn 0.053 0.999 -0.002
vn 0.127 0.990 0.060
vn 0.042 0.998 0.051
vn 0.028 0.989 0.145
vn -0.034 0.990 0.139
vn -0.026 0.981 0.192
vn 0.035 0.989 0.142
vn 0.066 0.996 0.056
vn 0.048 0.999 0.017
vn -0.306 0.952 0.015
vn -0.468 0.869 -0.160
vn -0.361 0.932 0.024
vn -0.297 0.952 0.076
vn 0.202 0.966 -0.160
vn 0.113 0.993 0.043
vn 0.384 0.905 0.182
vn 0.078 0.989 -0.127
vn 0.177 0.981 -0.077
vn 0.371 0.928 -0.044
vn -0.060 0.962 -0.266
vn -0.055 0.991 -0.120
vn -0.088 0.990 -0.108
vn -0.107 0.992 -0.061
vn -0.020 0.991 -0.130
vn -0.097 0.995 0.010
vn -0.034 0.997 -0.062
vn -0.031 0.996 0.083
vn 0.001 0.997 0.078
vn -0.042 0.997 0.065
vn 0.037 0.998 -0.055
vn 0.074 0.997 0.010
vn 0.194 0.981 0.014
vn -0.013 0.921 -0.389
vn -0.027 0.984 0.177
vn -0.059 0.998 0.014
vn -0.112 0.992 0.056
vn -0.060 0.986 -0.158
vn 0.163 0.949 0.269
vn 0.071 0.995 -0.076
vn -0.238 0.933 -0.269
vn 0.140 0.990 -0.033
vn -0.002 0.999 -0.033
vn -0.077 0.996 0.042
vn -0.080 0.977 0.198
vn 0.119 0.993 0.009
vn 0.117 0.991 0.062
vn 0.155 0.987 0.049
vn 0.044 0.985 0.169
vn -0.078 0.984 0.162
vn 0.034 0.993 -0.113
vn 0.037 0.984 -0.172
vn -0.040 0.999 -0.032
vn 0.077 0.994 -0.079
vn -0.087 0.989 -0.118
vn 0.006 0.997 -0.081
vn 0.113 0.989 -0.098
vn 0.045 0.958 -0.283
vn -0.081 0.996 0.022
vn 0.075 0.997 0.012
vn 0.052 0.998 0.036
vn 0.060 0.996 -0.070
vn -0.116 0.991 0.059
vn 0.011 1.000 0.005
vn 0.021 0.994 -0.110
vn 0.004 0.998 -0.058
vn -0.041 0.997 0.059
vn -0.064 0.996 0.056
vn 0.122 0.993 0.001
vn 0.052 0.991 0.127
vn -0.353 0.935 -0.045
vn -0.147 0.966 -0.212
vn -0.419 0.905 -0.070
vn -0.148 0.989 -0.025
vn 0.113 0.940 -0.322
vn 0.384 0.902 -0.196
vn 0.137 0.990 0.010
vn -0.125 0.990 0.072
vn -0.157 0.979 0.130
vn -0.062 0.998 -0.014
vn 0.031 0.998 -0.048
vn 0.002 0.993 -0.117
vn 0.062 0.993 -0.096
vn -0.114 0.993 -0.026
vn -0.074 0.996 -0.044
vn 0.066 0.964 0.259
vn 0.027 1.000 0.007
vn 0.019 0.994 0.110
vn -0.008 0.989 0.149
vn 0.155 0.979 -0.135
vn 0.050 0.985 -0.167
vn 0.055 0.969 -0.241
vn 0.108 0.994 0.012
vn 0.202 0.925 -0.322
vn -0.272 0.922 -0.276
vn -0.072 0.996 -0.047
vn -0.110 0.979 -0.174
vn -0.319 0.947 0.027
vn 0.006 0.995 -0.097
vn 0.000 0.996 0.088
vn 0.009 0.997 -0.076
vn -0.073 0.993 0.093
vn -0.018 1.000 -0.021
vn 0.027 0.999 -0.017
vn 0.123 0.992 -0.011
vn -0.041 0.997 0.072
vn -0.017 1.000 0.009
vn 0.144 0.977 -0.155
vn -0.121 0.992 0.020
vn -0.027 0.992 -0.126
vn -0.046 0.989 -0.142
vn -0.021 0.990 -0.143
vn 0.013 0.996 -0.090
vn -0.010 0.999 0.037
vn 0.147 0.988 0.052
vn -0.046 0.970 -0.240
vn 0.014 0.998 0.066
vn -0.062 0.934 -0.353
vn 0.075 0.973 -0.216
vn -0.087 0.991 0.105
vn -0.148 0.973 0.180
vn -0.041 0.998 0.046
vn -0.102 0.995 -0.015
vn -0.311 0.939 0.148
vn 0.123 0.992 -0.031
vn -0.005 1.000 0.001
vn 0.283 0.937 -0.203
vn -0.142 0.989 -0.027
vn 0.157 0.978 -0.137
vn -0.026 1.000 0.003
vn 0.004 0.999 0.039
vn -0.096 0.992 0.082
vn -0.017 0.997 0.077
vn -0.116 0.992 -0.051
vn 0.009 0.997 -0.079
vn 0.006 0.994 -0.114
vn 0.172 0.981 -0.088
vn -0.007 0.999 0.052
vn 0.099 0.995 0.006
vn -0.041 0.979 -0.198
vn -0.056 0.998 -0.004
vn -0.158 0.986 0.042
vn -0.038 0.999 0.027
vn 0.023 0.999 -0.029
vn -0.023 1.000 -0.021
vn 0.030 0.999 -0.039
vn 0.029 0.999 0.029
vn -0.028 0.999 0.033
vn 0.125 0.989 -0.077
vn -0.004 0.994 0.113
vn -0.146 0.980 0.139
vn 0.049 0.994 0.099
vn 0.112 0.978 0.176
vn 0.225 0.974 0.006
vn -0.030 0.995 -0.095
vn 0.028 0.999 0.026
vn -0.007 0.999 0.040
vn -0.106 0.992 0.061
vn -0.004 1.000 0.023
vn 0.071 0.997 0.038
vn -0.011 0.994 0.106
vn -0.148 0.978 0.148
vn -0.046 0.999 0.007
vn 0.030 0.999 -0.044
vn -0.007 1.000 -0.019
vn -0.022 0.994 -0.103
vn 0.026 0.999 -0.026
vn -0.032 0.999 0.017
vn -0.098 0.991 0.089
vn -0.153 0.983 0.103
vn 0.090 0.984 0.154
vn 0.097 0.979 0.178
vn 0.122 0.992 0.029
vn 0.074 0.996 -0.056
vn -0.063 0.997 -0.048
vn 0.051 0.999 0.020
vn 0.025 0.998 -0.050
vn -0.012 1.000 0.002
vn 0.142 0.990 -0.016
vn -0.126 0.992 -0.014
vn -0.255 0.967 0.032
vn 0.013 1.000 -0.005
vn 0.020 1.000 0.002
vn 0.011 1.000 -0.005
vn 0.001 1.000 -0.016
vn 0.004 1.000 -0.005
vn 0.019 1.000 -0.017
vn 0.032 0.999 -0.025
vn -0.006 0.999 0.052
vn -0.057 0.997 0.042
vn -0.028 0.999 -0.023
vn 0.058 0.998 -0.020
vn -0.055 0.994 0.095
vn 0.032 0.999 0.042
vn -0.051 0.998 0.038
vn 0.049 0.999 -0.011
vn 0.004 0.998 0.058
vn -0.059 0.997 0.049
vn 0.017 0.999 -0.038
vn 0.021 1.000 -0.005
vn -0.030 0.998 -0.054
vn 0.013 0.999 -0.050
vn -0.035 0.999 -0.012
vn -0.065 0.998 0.021
vn -0.043 0.999 -0.031
vn -0.118 0.986 -0.114
vn -0.081 0.996 0.041
vn 0.078 0.973 0.215
vn 0.059 0.920 0.387
vn -0.033 0.888 0.459
vn 0.170 0.949 -0.266
vn 0.021 0.957 -0.290
vn -0.062 0.977 -0.206
vn -0.084 0.977 -0.194
vn -0.166 0.985 0.045
vn -0.179 0.979 -0.096
vn -0.018 0.991 -0.130
vn 0.039 0.998 0.050
vn 0.024 0.999 -0.027
vn -0.026 1.000 0.007
vn 0.022 0.999 0.023
vn 0.024 1.000 0.018
vn 0.021 0.999 -0.042
vn -0.009 0.998 -0.065
vn 0.033 0.990 -0.135
vn -0.053 0.993 -0.104
vn -0.012 0.999 -0.050
vn -0.031 0.999 -0.010
vn -0.034 0.999 -0.002
vn 0.027 0.998 -0.062
vn 0.010 0.998 -0.062
vn -0.079 0.996 0.034
vn 0.002 1.000 0.015
vn -0.179 0.943 0.281
vn 0.114 0.988 0.108
vn 0.003 0.999 0.047
vn 0.192 0.961 -0.199
vn 0.003 0.993 -0.118
vn 0.138 0.990 -0.004
vn -0.343 0.921 0.185
vn -0.095 0.929 0.358
vn 0.104 0.959 0.264
vn 0.045 0.937 0.346
vn -0.218 0.952 0.216
vn 0.074 0.972 0.224
vn 0.077 0.994 0.081
vn -0.038 0.999 0.036
vn 0.020 1.000 -0.012
vn -0.181 0.983 -0.010
vn -0.156 0.986 -0.064
vn 0.088 0.985 0.147
vn 0.009 0.989 0.145
vn 0.113 0.993 0.043
vn 0.186 0.980 -0.073
vn -0.087 0.996 0.012
vn -0.083 0.975 -0.206
vn 0.076 0.983 0.167
vn -0.218 0.972 -0.084
vn -0.033 0.981 0.190
vn -0.247 0.943 0.223
vn 0.208 0.966 -0.151
vn -0.142 0.989 -0.027
vn -0.016 0.998 -0.067
vn -0.114 0.989 -0.097
vn 0.014 0.958 -0.286
vn -0.213 0.940 -0.265
vn -0.168 0.975 -0.143
vn -0.064 0.988 -0.142
vn -0.027 0.996 -0.085
vn -0.011 0.995 -0.098
vn -0.000 0.997 -0.082
vn 0.082 0.987 -0.136
vn -0.009 0.998 -0.063
vn 0.027 1.000 -0.008
vn 0.032 0.999 0.016
vn -0.142 0.986 0.083
vn -0.032 0.998 0.061
vn -0.008 0.999 0.047
vn 0.079 0.995 -0.056
vn -0.016 1.000 0.009
vn -0.095 0.992 0.084
vn -0.081 0.993 0.084
vn 0.121 0.992 -0.038
vn 0.110 0.979 -0.172
vn -0.046 0.997 0.063
vn -0.060 0.998 -0.034
vn -0.056 0.998 -0.042
vn -0.375 0.893 -0.249
vn -0.117 0.892 -0.436
vn -0.446 0.866 -0.224
vn -0.024 0.986 -0.165
vn -0.048 0.983 0.179
vn 0.100 0.995 0.022
vn 0.072 0.992 -0.107
vn -0.003 0.962 -0.274
vn -0.164 0.884 -0.438
vn -0.117 0.941 -0.317
vn -0.452 0.836 -0.310
vn -0.011 0.998 -0.067
vn 0.259 0.933 0.251
vn -0.185 0.973 -0.136
vn 0.114 0.980 0.166
vn -0.044 0.999 0.020
vn -0.228 0.972 0.060
vn -0.023 0.993 0.114
vn 0.140 0.948 0.284
vn -0.000 0.996 0.093
vn 0.063 0.989 -0.132
vn -0.010 0.991 -0.131
vn -0.026 0.998 -0.058
vn -0.223 0.974 0.048
vn -0.052 0.997 -0.061
vn 0.033 0.991 -0.129
vn -0.094 0.995 -0.044
vn -0.010 0.991 0.136
vn 0.097 0.980 0.171
vn -0.120 0.979 -0.163
vn -0.031 0.996 -0.086
vn 0.020 0.999 -0.040
vn -0.148 0.988 -0.049
vn -0.014 1.000 -0.027
vn 0.001 1.000 -0.003
vn 0.005 0.996 0.086
vn -0.041 0.992 0.118
vn -0.070 0.996 0.054
vn 0.068 0.996 -0.061
vn -0.017 1.000 0.005
vn 0.021 0.997 -0.075
vn 0.053 0.950 0.307
vn -0.185 0.922 0.339
vn 0.010 1.000 -0.024
vn 0.069 0.996 0.062
vn 0.003 0.995 -0.096
vn -0.199 0.970 -0.142
vn -0.072 0.965 -0.253
vn -0.249 0.961 -0.123
vn 0.203 0.973 -0.105
vn 0.102 0.990 -0.099
vn 0.193 0.971 -0.142
vn 0.091 0.977 -0.194
vn -0.321 0.946 -0.041
vn -0.469 0.876 0.108
vn -0.181 0.982 0.061
vn -0.028 0.997 0.078
vn 0.204 0.962 -0.182
vn 0.154 0.988 0.004
vn 0.196 0.981 -0.008
vn 0.050 0.994 0.096
vn -0.127 0.992 0.024
vn -0.184 0.967 0.174
vn -0.100 0.987 0.122
vn 0.014 0.999 0.030
vn 0.083 0.996 0.028
vn -0.161 0.986 0.029
vn -0.428 0.899 -0.090
vn -0.231 0.968 -0.099
vn 0.055 0.996 -0.069
vn -0.010 0.959 0.284
vn 0.190 0.912 -0.364
vn 0.263 0.899 0.351
vn 0.450 0.867 0.215
vn 0.522 0.853 0.025
vn 0.051 0.973 -0.227
vn 0.562 0.783 -0.267
vn -0.166 0.971 -0.171
vn -0.100 0.992 0.080
vn -0.022 1.000 0.022
vn -0.106 0.988 0.109
vn 0.029 0.999 -0.042
vn -0.077 0.997 -0.001
vn -0.045 0.998 0.040
vn -0.012 0.999 0.045
vn 0.034 0.999 -0.037
vn 0.104 0.988 -0.113
vn -0.284 0.959 -0.028
vn -0.453 0.887 0.088
vn -0.214 0.838 0.502
vn -0.114 0.993 0.017
vn 0.045 0.965 0.259
vn 0.190 0.908 0.372
vn 0.131 0.973 0.190
vn 0.156 0.975 0.159
vn 0.034 0.999 -0.008
vn 0.439 0.860 0.261
vn -0.085 0.996 0.011
vn 0.130 0.991 -0.023
vn 0.222 0.975 0.029
vn -0.071 0.965 0.253
vn -0.430 0.788 0.441
vn -0.239 0.970 0.033
vn 0.133 0.975 -0.175
vn 0.238 0.961 -0.142
vn 0.023 0.998 -0.064
vn -0.031 0.990 0.139
vn 0.130 0.962 0.240
vn 0.020 0.965 0.260
vn -0.057 0.978 0.203
vn -0.116 0.991 0.071
vn -0.065 0.998 0.022
vn 0.008 0.997 0.082
vn 0.073 0.989 0.126
vn 0.089 0.993 0.074
vn -0.272 0.918 -0.290
vn -0.042 0.999 0.027
vn -0.401 0.890 -0.219
vn -0.188 0.905 -0.381
vn 0.139 0.965 -0.221
vn 0.237 0.967 -0.097
vn 0.320 0.884 -0.342
vn -0.032 0.999 0.019
vn -0.289 0.951 0.111
vn -0.176 0.983 0.056
vn 0.029 0.999 -0.023
vn -0.017 0.999 0.045
vn -0.050 0.999 -0.011
vn -0.061 0.996 -0.058
vn 0.030 0.997 -0.071
vn 0.118 0.986 -0.119
vn 0.033 0.999 -0.031
vn 0.025 0.998 -0.063
vn 0.043 0.999 0.023
vn -0.287 0.951 -0.113
vn -0.446 0.893 -0.064
vn -0.530 0.841 -0.108
vn 0.128 0.992 0.001
vn -0.593 0.791 -0.150
vn -0.440 0.895 -0.073
vn -0.089 0.991 -0.096
vn 0.317 0.878 0.358
vn 0.456 0.863 0.219
vn 0.025 0.994 0.103
vn 0.235 0.858 0.458
vn 0.023 0.927 0.374
vn 0.212 0.888 0.407
vn 0.129 0.963 0.236
vn 0.083 0.980 0.183
vn 0.224 0.975 0.013
vn 0.144 0.980 -0.138
vn 0.149 0.931 0.333
vn -0.141 0.784 0.604
vn 0.161 0.883 0.442
vn -0.082 0.917 0.390
vn -0.066 0.990 0.123
vn 0.049 0.898 0.437
vn -0.204 0.644 0.737
vn -0.474 0.669 0.573
vn -0.058 0.928 -0.369
vn -0.459 0.767 0.449
vn -0.005 0.841 0.541
vn -0.417 0.783 0.463
vn -0.293 0.724 0.624
vn 0.015 0.899 0.438
vn -0.251 0.878 0.408
vn -0.221 0.961 -0.168
vn -0.091 0.996 -0.005
vn 0.143 0.887 -0.438
vn -0.274 0.877 -0.395
vn -0.193 0.979 0.067
vn -0.018 0.995 -0.095
vn 0.144 0.989 -0.042
vn 0.138 0.990 -0.015
vn 0.014 0.999 -0.034
vn -0.093 0.994 -0.062
vn -0.010 1.000 0.027
vn -0.001 0.995 0.098
vn -0.016 1.000 0.003
vn -0.145 0.986 0.078
vn -0.012 0.998 0.066
vn 0.022 0.999 0.050
vn 0.089 0.996 0.016
vn 0.128 0.990 0.052
vn 0.097 0.979 0.178
vn -0.128 0.951 0.281
vn -0.197 0.962 0.188
vn -0.043 0.999 0.023
vn 0.000 1.000 -0.029
vn -0.027 0.999 0.017
vn 0.071 0.994 -0.088
vn -0.051 0.991 -0.124
vn 0.024 0.996 -0.086
vn 0.027 0.999 0.028
vn 0.018 0.999 0.048
vn -0.049 0.998 0.037
vn -0.049 0.998 -0.037
vn 0.024 0.999 0.039
vn -0.445 0.891 -0.093
vn -0.237 0.968 -0.085
vn -0.095 0.938 -0.334
vn 0.020 0.996 -0.084
vn -0.238 0.956 0.170
vn 0.360 0.931 0.056
vn -0.682 0.731 0.000
vn -0.088 0.996 0.003
vn 0.039 0.991 -0.125
vn 0.003 1.000 0.007
vn -0.056 0.996 0.067
vn -0.237 0.927 -0.291
vn 0.076 0.996 0.043
vn -0.136 0.991 -0.001
vn -0.119 0.990 0.079
vn 0.234 0.932 0.279
vn 0.135 0.983 0.126
vn 0.050 0.898 0.437
vn -0.290 0.829 0.478
vn -0.254 0.934 0.252
vn 0.014 0.985 0.169
vn -0.070 0.996 -0.062
vn -0.066 0.998 0.003
vn -0.032 0.935 -0.353
vn -0.259 0.965 -0.032
vn 0.094 0.988 0.124
vn 0.343 0.939 -0.028
vn -0.015 0.991 0.130
vn 0.072 0.832 0.551
vn 0.368 0.930 -0.000
vn -0.280 0.873 0.398
vn -0.223 0.975 0.002
vn -0.292 0.910 0.293
vn -0.477 0.723 0.500
vn -0.044 0.999 -0.005
vn -0.054 0.999 0.003
vn -0.081 0.977 0.198
vn 0.097 0.971 0.218
vn 0.000 0.999 0.054
vn 0.216 0.970 -0.115
vn 0.061 0.998 -0.000
vn 0.058 0.997 0.059
vn -0.097 0.994 0.056
vn -0.086 0.996 0.027
vn 0.081 0.995 -0.053
vn -0.096 0.995 -0.005
vn -0.092 0.995 -0.032
vn 0.026 0.998 -0.059
vn 0.075 0.994 -0.080
vn -0.019 0.999 0.036
vn -0.030 0.983 0.183
vn 0.015 0.977 0.212
vn -0.059 0.991 0.116
vn -0.069 0.997 0.028
vn 0.044 0.999 0.011
vn -0.027 0.998 0.064
vn 0.073 0.997 -0.027
vn 0.076 0.996 -0.057
vn -0.064 0.997 -0.044
vn -0.053 0.998 -0.026
vn 0.032 0.998 -0.050
vn 0.078 0.993 -0.091
vn -0.131 0.991 -0.019
vn -0.490 0.850 -0.193
vn -0.303 0.949 -0.092
vn -0.338 0.933 -0.124
vn -0.160 0.984 -0.074
vn 0.031 0.995 0.093
vn -0.020 0.994 0.104
vn 0.021 0.992 0.125
vn -0.085 0.993 0.086
vn 0.008 1.000 0.013
vn -0.022 1.000 0.014
vn -0.062 0.981 0.183
vn -0.032 0.999 0.003
vn 0.089 0.996 0.022
vn -0.088 0.995 0.037
vn 0.042 0.996 0.078
vn 0.189 0.962 0.198
vn -0.071 0.997 -0.006
vn 0.055 0.987 0.150
vn -0.049 0.991 0.120
vn 0.062 0.998 -0.000
vn 0.063 0.997 -0.038
vn -0.114 0.993 0.004
vn -0.063 0.996 -0.066
vn -0.007 0.999 -0.049
vn -0.050 0.995 0.082
vn -0.074 0.989 0.127
vn 0.029 0.999 -0.033
vn 0.071 0.993 -0.098
vn -0.060 0.998 0.016
vn -0.038 0.999 0.033
vn 0.185 0.956 -0.230
vn 0.025 0.999 -0.024
vn -0.095 0.995 0.037
vn -0.235 0.968 -0.091
vn 0.149 0.984 -0.101
vn 0.020 1.000 0.005
vn -0.025 1.000 -0.013
vn -0.017 0.997 -0.076
vn 0.026 0.998 -0.060
vn -0.007 1.000 0.010
vn -0.046 0.998 0.031
vn -0.121 0.979 -0.166
vn -0.537 0.844 0.013
vn -0.684 0.705 -0.188
vn -0.290 0.952 0.093
vn -0.413 0.911 -0.010
vn 0.156 0.988 0.019
vn -0.390 0.919 -0.065
vn -0.075 0.997 0.008
vn 0.109 0.991 -0.076
vn -0.373 0.906 -0.198
vn -0.042 0.999 -0.017
vn 0.038 0.998 -0.050
vn 0.039 0.992 -0.119
vn -0.081 0.978 -0.194
vn 0.024 0.999 -0.025
vn -0.078 0.986 -0.144
vn -0.086 0.996 0.010
vn 0.081 0.979 -0.185
vn 0.040 0.993 0.114
vn 0.181 0.953 -0.244
vn 0.432 0.893 0.126
vn 0.247 0.965 0.083
vn 0.001 1.000 -0.017
vn 0.012 0.995 0.094
vn 0.002 0.992 0.127
vn 0.125 0.989 0.075
vn 0.005 0.992 0.128
vn -0.024 0.996 0.089
vn -0.001 1.000 -0.024
vn -0.122 0.991 0.061
vn -0.085 0.992 0.092
vn 0.073 0.997 -0.028
vn 0.116 0.988 -0.103
vn -0.063 0.997 -0.042
vn -0.111 0.994 -0.003
vn 0.029 0.998 -0.055
vn 0.172 0.985 -0.018
vn -0.039 0.996 0.079
vn 0.064 0.996 0.058
vn -0.360 0.913 0.190
vn -0.117 0.993 -0.011
vn 0.061 0.998 -0.010
vn 0.056 0.996 0.067
vn 0.023 0.999 0.041
vn -0.001 1.000 0.022
vn 0.014 1.000 -0.013
vn -0.016 1.000 0.008
vn -0.042 0.997 0.070
vn -0.018 1.000 0.021
vn -0.068 0.998 0.013
vn -0.394 0.919 -0.023
vn -0.468 0.880 -0.087
vn -0.298 0.954 -0.028
vn -0.479 0.861 -0.169
vn 0.030 0.999 0.031
vn -0.310 0.948 0.071
vn 0.029 0.998 -0.049
vn 0.068 0.993 -0.094
vn 0.073 0.995 -0.074
vn -0.128 0.989 -0.076
vn -0.079 0.997 -0.002
vn -0.103 0.988 -0.117
vn -0.087 0.995 0.045
vn -0.216 0.976 0.002
vn 0.079 0.928 -0.365
vn 0.128 0.965 -0.228
vn -0.009 0.997 -0.078
vn -0.187 0.977 0.100
vn -0.053 0.997 0.055
vn 0.054 0.999 0.008
vn 0.031 0.993 0.114
vn 0.063 0.997 0.046
vn 0.049 0.998 -0.032
vn -0.100 0.987 0.126
vn -0.083 0.995 0.062
vn 0.005 0.996 -0.090
vn 0.071 0.997 -0.003
vn 0.094 0.991 0.095
vn -0.030 0.998 0.055
vn -0.042 0.997 -0.061
vn -0.129 0.991 0.027
vn 0.226 0.974 -0.026
vn -0.057 0.995 -0.080
vn -0.108 0.991 0.079
vn -0.107 0.993 -0.047
vn 0.083 0.993 0.083
vn 0.086 0.996 0.010
vn 0.022 1.000 -0.008
vn -0.025 0.999 0.042
vn -0.065 0.996 0.062
vn -0.015 1.000 0.021
vn 0.024 1.000 -0.005
vn -0.264 0.958 -0.113
vn -0.352 0.934 -0.059
vn -0.149 0.957 -0.250
vn 0.041 0.999 0.010
vn 0.089 0.987 0.135
vn 0.136 0.986 -0.091
vn -0.001 0.988 -0.155
vn 0.028 0.962 -0.271
vn 0.006 0.999 -0.045
vn 0.050 0.944 -0.327
vn 0.041 0.935 -0.352
vn -0.014 0.998 0.064
vn 0.044 0.946 -0.321
vn -0.035 0.977 -0.209
vn -0.051 0.997 0.054
vn -0.081 0.995 0.055
vn -0.109 0.994 -0.012
vn -0.007 1.000 0.013
vn 0.006 1.000 -0.014
vn 0.080 0.994 -0.068
vn 0.114 0.989 -0.093
vn -0.134 0.984 0.115
vn -0.040 0.997 0.064
vn 0.080 0.993 -0.083
vn -0.105 0.993 0.045
vn -0.001 0.999 0.032
vn 0.018 0.995 0.095
vn 0.083 0.993 0.084
vn 0.008 1.000 0.026
vn -0.185 0.982 -0.041
vn -0.107 0.994 0.033
vn -0.051 0.998 -0.047
vn 0.195 0.951 0.240
vn -0.168 0.919 0.356
vn 0.250 0.923 0.292
vn 0.031 0.996 -0.081
vn 0.087 0.996 -0.036
vn 0.101 0.995 -0.020
vn -0.037 0.998 0.046
vn -0.004 1.000 0.030
vn -0.017 0.999 -0.037
vn 0.002 0.999 -0.032
vn -0.000 1.000 -0.007
vn -0.052 0.998 -0.027
vn -0.085 0.971 -0.224
vn 0.010 0.999 0.038
vn -0.223 0.900 -0.373
vn -0.320 0.835 -0.448
vn -0.327 0.913 -0.244
vn -0.107 0.953 -0.285
vn -0.281 0.927 -0.247
vn -0.053 0.981 -0.189
vn 0.095 0.914 -0.394
vn 0.185 0.951 -0.247
vn 0.218 0.943 -0.251
vn 0.061 0.988 -0.139
vn -0.013 0.998 -0.067
vn -0.052 0.993 -0.102
vn -0.143 0.989 0.032
vn -0.012 0.997 0.070
vn 0.013 1.000 -0.019
vn -0.093 0.996 -0.017
vn 0.081 0.994 -0.079
vn -0.010 0.999 -0.036
vn 0.131 0.991 -0.042
vn -0.067 0.996 0.058
vn -0.107 0.994 0.006
vn 0.096 0.988 -0.120
vn -0.023 0.997 -0.074
vn -0.003 0.990 -0.138
vn -0.082 0.992 -0.100
vn -0.012 1.000 0.029
vn 0.080 0.996 0.046
vn 0.041 0.998 0.039
vn -0.043 0.998 -0.043
vn -0.000 0.994 -0.113
vn -0.034 0.997 -0.072
vn 0.057 0.996 -0.068
vn 0.022 1.000 0.002
vn -0.042 0.998 0.038
vn 0.047 0.999 -0.002
vn -0.031 0.999 0.027
vn -0.006 1.000 0.014
vn -0.001 1.000 0.029
vn -0.045 0.998 0.040
vn -0.021 1.000 0.007
vn -0.135 0.991 -0.024
vn 0.012 0.990 -0.138
vn -0.036 0.996 -0.081
vn 0.015 1.000 -0.017
vn 0.050 0.999 0.014
vn -0.127 0.990 0.054
vn -0.204 0.977 0.059
vn 0.002 1.000 0.017
vn 0.004 0.999 0.052
vn -0.058 0.998 0.037
vn -0.010 0.996 0.088
vn 0.051 0.998 0.033
vn 0.112 0.992 -0.057
vn -0.064 0.998 -0.023
vn 0.043 0.992 -0.122
vn 0.112 0.982 -0.153
vn -0.013 0.989 -0.150
vn -0.115 0.949 -0.294
vn -0.009 1.000 -0.021
vn -0.040 0.996 0.075
vn -0.076 0.995 -0.058
vn -0.308 0.940 -0.148
vn -0.125 0.988 0.089
vn -0.057 0.998 -0.017
vn -0.206 0.974 0.095
vn 0.068 0.997 0.034
vn 0.078 0.997 0.005
vn -0.008 1.000 0.005
vn -0.022 0.999 0.032
vn 0.001 1.000 -0.005
vn 0.020 1.000 0.010
vn -0.046 0.997 0.069
vn 0.010 1.000 0.018
vn 0.026 1.000 0.010
vn -0.024 1.000 0.015
vn -0.021 0.999 0.025
vn -0.031 0.998 0.062
vn 0.026 1.000 -0.001
vn 0.072 0.997 -0.041
vn 0.019 1.000 -0.002
vn -0.091 0.996 -0.025
vn -0.076 0.996 -0.050
vn -0.051 0.998 -0.025
vn -0.031 0.994 0.109
vn -0.070 0.991 -0.116
vn 0.006 0.985 -0.173
vn -0.084 0.994 -0.066
vn 0.124 0.980 -0.156
vn 0.052 0.996 -0.075
vn 0.138 0.983 -0.120
vn 0.008 0.999 0.031
vn -0.006 0.999 0.033
vn 0.068 0.998 0.001
vn 0.053 0.997 0.063
vn 0.048 0.993 0.109
vn -0.008 1.000 0.026
vn -0.072 0.980 0.185
vn -0.149 0.988 -0.049
vn -0.220 0.965 -0.146
vn -0.151 0.989 -0.013
vn -0.157 0.983 -0.100
vn -0.166 0.985 -0.051
vn 0.087 0.994 -0.065
vn 0.054 0.999 -0.007
vn -0.047 0.997 0.062
vn -0.007 0.998 0.058
vn -0.002 0.998 0.058
vn -0.007 0.999 0.042
vn -0.011 0.999 0.032
vn 0.049 0.999 -0.004
vn -0.010 0.999 0.039
vn -0.024 0.998 0.056
vn -0.025 1.000 0.014
vn -0.001 1.000 -0.010
vn -0.008 0.999 0.035
vn 0.010 0.994 0.109
vn 0.057 0.992 0.110
vn 0.097 0.993 -0.072
vn 0.043 0.983 -0.181
vn -0.131 0.951 -0.281
vn -0.125 0.954 -0.273
vn -0.122 0.980 -0.156
vn -0.010 0.998 -0.067
vn -0.080 0.997 -0.006
vn -0.031 0.998 -0.053
vn 0.120 0.990 -0.072
vn 0.057 0.994 -0.088
vn -0.021 0.999 0.028
vn -0.003 1.000 0.015
vn 0.014 1.000 0.005
vn 0.039 0.999 0.031
vn 0.055 0.997 0.055
vn -0.006 0.994 0.111
vn -0.331 0.883 0.333
vn -0.045 0.968 0.248
vn 0.055 0.802 0.595
vn -0.150 0.830 0.537
vn -0.180 0.984 0.008
vn 0.045 0.985 0.166
vn 0.079 0.847 0.525
vn 0.008 0.999 0.039
vn -0.025 0.996 0.084
vn -0.041 0.997 0.058
vn 0.016 1.000 0.025
vn 0.014 1.000 0.021
vn -0.014 0.999 0.031
vn 0.002 0.999 0.046
vn 0.009 0.998 0.064
vn 0.019 1.000 -0.011
vn 0.007 0.998 -0.065
vn -0.028 0.999 -0.015
vn -0.017 1.000 0.017
vn -0.080 0.991 0.108
vn 0.005 0.996 0.090
vn 0.161 0.987 0.005
vn 0.082 0.995 0.064
vn 0.099 0.988 0.118
vn -0.099 0.990 0.104
vn -0.273 0.962 0.009
vn -0.053 0.995 0.079
vn -0.025 1.000 -0.004
vn 0.027 0.999 -0.034
vn 0.126 0.990 -0.063
vn -0.031 0.998 -0.048
vn 0.007 0.999 -0.045
vn -0.003 0.991 0.132
vn 0.007 1.000 -0.009
vn -0.031 0.999 0.033
vn -0.005 0.995 0.101
vn 0.006 0.994 0.109
vn -0.227 0.958 0.174
vn -0.226 0.956 -0.188
vn -0.463 0.884 0.065
vn -0.265 0.957 0.117
vn -0.071 0.886 0.458
vn 0.009 0.996 -0.088
vn 0.053 0.979 -0.197
vn -0.154 0.902 0.402
vn -0.104 0.995 0.010
vn 0.079 0.861 0.502
vn 0.099 0.980 -0.174
vn -0.021 0.986 0.165
vn -0.227 0.956 0.186
vn 0.091 0.897 0.433
vn 0.027 0.944 0.328
vn 0.031 0.833 0.552
vn -0.170 0.974 0.152
vn -0.098 0.804 0.586
vn 0.179 0.888 0.423
vn -0.013 0.999 0.031
vn 0.389 0.758 0.523
vn -0.220 0.795 0.565
vn 0.022 0.996 0.081
vn 0.383 0.904 0.192
vn 0.354 0.933 0.059
vn -0.003 1.000 0.011
vn 0.006 1.000 0.003
vn -0.004 1.000 0.028
vn -0.025 0.999 0.030
vn -0.016 0.998 0.062
vn 0.078 0.995 0.064
vn 0.075 0.997 0.021
vn -0.086 0.987 0.133
vn -0.040 0.990 0.136
vn -0.091 0.989 0.113
vn -0.032 0.999 0.025
vn 0.065 0.997 -0.031
vn 0.137 0.991 -0.006
vn 0.050 0.999 -0.013
vn 0.012 0.991 -0.132
vn 0.005 0.977 0.215
vn -0.247 0.956 0.156
vn -0.105 0.994 -0.018
vn 0.025 0.976 -0.216
vn -0.033 0.982 -0.187
vn 0.061 0.983 -0.173
vn 0.082 0.992 -0.091
vn -0.028 0.994 -0.107
vn -0.336 0.941 -0.037
vn -0.362 0.816 0.450
vn -0.006 0.838 0.545
vn 0.034 0.929 0.369
vn -0.050 0.994 -0.094
vn -0.341 0.940 0.011
vn 0.355 0.823 0.443
vn 0.010 0.948 0.318
vn 0.248 0.961 0.125
vn 0.336 0.917 0.215
vn -0.044 0.999 0.029
vn -0.017 1.000 0.008
vn 0.040 0.999 0.002
vn -0.074 0.997 0.016
vn -0.142 0.978 -0.153
vn 0.054 0.997 0.046
vn -0.177 0.914 -0.366
vn -0.371 0.881 -0.293
vn -0.199 0.936 -0.290
vn -0.183 0.943 -0.278
vn -0.288 0.940 -0.180
vn 0.008 0.997 -0.078
vn 0.089 0.961 -0.261
vn 0.234 0.968 0.094
vn 0.313 0.939 0.145
vn 0.394 0.918 0.045
vn 0.118 0.992 -0.040
vn -0.039 0.994 0.102
vn 0.039 0.996 0.082
vn -0.027 0.996 0.080
vn -0.055 0.991 0.120
vn -0.057 0.991 0.120
vn 0.072 0.989 0.131
vn -0.012 0.981 0.196
vn -0.021 0.997 0.077
vn -0.010 0.998 0.070
vn 0.075 0.996 -0.052
vn -0.035 0.997 -0.065
vn 0.056 0.998 0.007
vn 0.111 0.993 -0.043
vn 0.063 0.998 0.026
vn 0.141 0.986 -0.087
vn -0.065 0.988 0.138
vn -0.199 0.979 -0.033
vn -0.203 0.979 0.020
vn 0.040 0.995 -0.089
vn 0.133 0.972 -0.194
vn -0.009 0.960 -0.279
vn -0.096 0.978 0.183
vn -0.087 0.983 0.165
vn 0.052 0.996 -0.065
vn 0.184 0.957 0.226
vn -0.134 0.869 0.476
vn -0.087 0.996 -0.021
vn 0.122 0.985 -0.119
vn -0.249 0.843 0.477
vn 0.034 0.909 0.416
vn -0.006 0.979 -0.206
vn -0.342 0.923 -0.179
vn -0.389 0.904 -0.177
vn -0.239 0.961 -0.140
vn 0.279 0.943 0.181
vn 0.404 0.905 0.134
vn 0.415 0.879 0.234
vn -0.069 0.995 -0.076
vn 0.307 0.928 0.212
vn -0.041 0.999 -0.013
vn 0.233 0.965 0.120
vn -0.010 1.000 -0.017
vn 0.006 1.000 0.008
vn -0.024 1.000 -0.001
vn -0.006 0.999 -0.046
vn -0.110 0.993 -0.048
vn -0.045 0.986 -0.158
vn -0.020 0.993 -0.113
vn -0.140 0.986 0.089
vn -0.021 0.995 0.101
vn 0.018 0.993 0.112
vn -0.033 0.993 0.112
vn 0.020 1.000 -0.008
vn -0.017 0.995 -0.101
vn 0.004 0.997 -0.072
vn 0.066 0.998 -0.001
vn 0.049 0.999 -0.024
vn -0.014 1.000 -0.028
vn 0.027 0.997 0.068
vn 0.009 0.994 -0.105
vn 0.122 0.952 -0.281
vn 0.008 0.995 -0.099
vn 0.036 0.998 -0.047
vn 0.090 0.990 -0.109
vn -0.072 0.983 -0.166
vn -0.140 0.942 0.306
vn -0.245 0.967 0.072
vn -0.152 0.930 0.336
vn -0.127 0.865 0.486
vn -0.019 0.803 0.596
vn 0.017 0.993 0.121
vn -0.335 0.908 0.250
vn -0.264 0.809 0.525
vn -0.168 0.926 0.337
vn 0.004 0.997 0.071
vn -0.257 0.951 0.169
vn 0.011 0.862 0.507
vn -0.032 0.998 -0.047
vn 0.269 0.922 0.280
vn 0.168 0.762 0.626
vn 0.111 0.964 0.243
vn -0.270 0.740 0.616
vn -0.020 0.896 0.444
vn 0.004 0.997 -0.079
vn 0.017 0.890 0.455
vn -0.013 0.985 -0.172
vn -0.008 0.901 0.433
vn -0.148 0.935 0.322
vn -0.093 0.964 0.250
vn -0.237 0.757 0.608
vn -0.020 0.999 -0.040
vn -0.100 0.995 0.021
vn -0.344 0.828 0.444
vn 0.027 0.993 -0.112
vn -0.020 0.989 -0.145
vn -0.260 0.938 -0.229
vn -0.155 0.935 -0.319
vn 0.093 0.924 -0.371
vn -0.118 0.948 -0.295
vn -0.388 0.915 -0.114
vn -0.077 0.997 -0.031
vn 0.203 0.977 0.072
vn 0.391 0.918 0.062
vn 0.030 0.993 -0.112
vn -0.042 0.998 -0.055
vn -0.023 1.000 0.008
vn -0.024 0.998 0.057
vn -0.009 0.992 0.124
vn -0.014 0.993 0.118
vn -0.117 0.986 0.119
vn -0.145 0.986 0.084
vn -0.018 1.000 0.002
vn 0.056 0.996 -0.073
vn 0.258 0.896 -0.362
vn 0.114 0.957 -0.266
vn 0.073 0.997 0.020
vn 0.002 0.985 -0.172
vn 0.006 0.993 0.115
vn -0.044 0.998 0.038
vn 0.030 0.974 -0.224
vn 0.043 0.986 -0.163
vn -0.008 0.935 -0.354
vn 0.068 0.988 -0.140
vn -0.062 0.971 -0.230
vn 0.027 0.916 -0.400
vn -0.019 0.978 -0.207
vn 0.076 0.958 -0.277
vn 0.157 0.987 -0.041
vn 0.299 0.892 -0.338
vn 0.403 0.853 -0.332
vn 0.164 0.896 -0.413
vn -0.035 0.995 -0.091
vn 0.178 0.972 -0.154
vn -0.098 0.994 -0.039
vn 0.096 0.987 -0.130
vn 0.104 0.993 -0.058
vn -0.101 0.907 0.409
vn -0.044 0.972 0.232
vn -0.572 0.818 0.070
vn -0.399 0.777 0.487
vn -0.516 0.838 -0.181
vn 0.067 0.973 0.221
vn -0.506 0.853 0.128
vn -0.142 0.989 -0.044
vn -0.333 0.871 0.362
vn -0.061 0.996 0.063
vn -0.016 1.000 0.021
vn -0.010 1.000 0.021
vn -0.064 0.996 -0.067
vn -0.039 0.998 0.051
vn 0.075 0.997 -0.016
vn 0.063 0.998 0.025
vn -0.068 0.994 -0.085
vn 0.029 1.000 -0.010
vn -0.036 0.999 -0.013
vn -0.382 0.886 -0.263
vn -0.460 0.867 0.189
vn -0.699 0.667 -0.257
vn -0.423 0.874 0.239
vn 0.128 0.980 -0.152
vn -0.088 0.977 -0.192
vn 0.209 0.972 -0.110
vn -0.154 0.942 -0.299
vn -0.141 0.979 -0.147
vn -0.015 0.943 -0.333
vn 0.301 0.951 -0.066
vn -0.005 1.000 -0.001
vn 0.414 0.860 0.297
vn -0.105 0.992 -0.066
vn -0.125 0.991 0.047
vn -0.135 0.974 0.185
vn -0.010 0.983 0.185
vn 0.013 0.985 0.173
vn -0.073 0.991 0.109
vn 0.045 0.999 -0.004
vn 0.165 0.960 -0.226
vn 0.147 0.925 -0.351
vn 0.055 0.974 -0.221
vn -0.195 0.949 -0.246
vn -0.049 0.950 0.308
vn -0.062 0.997 0.036
vn 0.251 0.944 -0.214
vn -0.313 0.929 0.196
vn -0.225 0.942 0.249
vn -0.263 0.893 0.365
vn -0.013 0.928 0.373
vn -0.067 0.926 0.371
vn -0.356 0.747 0.561
vn 0.012 0.917 0.400
vn -0.163 0.976 0.142
vn -0.023 0.973 0.228
vn 0.052 0.995 0.088
vn 0.040 0.963 0.265
vn -0.154 0.927 0.342
vn -0.038 0.997 0.074
vn -0.039 0.907 0.420
vn 0.104 0.808 0.580
vn 0.169 0.890 0.423
vn -0.081 0.945 0.318
vn 0.030 0.947 0.320
vn 0.010 0.995 0.097
vn 0.013 0.836 0.548
vn 0.128 0.731 0.670
vn 0.143 0.935 0.324
vn 0.121 0.988 0.092
vn 0.053 0.939 0.340
vn 0.201 0.946 0.254
vn 0.208 0.921 0.328
vn -0.012 0.999 0.030
vn 0.185 0.946 0.266
vn 0.070 0.932 -0.355
vn -0.366 0.915 0.170
vn -0.038 0.970 -0.242
vn -0.053 0.982 0.182
vn -0.328 0.785 0.526
vn 0.217 0.975 0.050
vn 0.050 0.955 0.293
vn 0.074 0.739 0.670
vn 0.183 0.925 0.334
vn -0.140 0.929 0.343
vn -0.578 0.780 0.240
vn 0.222 0.869 0.441
vn 0.253 0.936 0.244
vn 0.239 0.847 0.475
vn 0.032 0.916 0.400
vn -0.202 0.979 0.028
vn 0.169 0.917 0.362
vn -0.117 0.924 0.363
vn 0.168 0.884 0.435
vn -0.071 0.985 0.157
vn -0.206 0.938 0.278
vn -0.218 0.914 0.343
vn -0.267 0.829 0.492
vn -0.259 0.945 0.201
vn 0.039 0.998 -0.039
vn -0.098 0.961 0.257
vn 0.076 0.988 0.134
vn -0.010 0.842 0.540
vn -0.040 0.999 0.037
vn 0.031 1.000 -0.001
vn 0.167 0.975 -0.148
vn 0.018 0.975 -0.222
vn -0.075 0.902 -0.425
vn 0.005 0.984 -0.181
vn -0.132 0.989 0.073
vn 0.052 0.999 -0.017
vn -0.244 0.970 0.006
vn -0.549 0.836 0.018
vn -0.519 0.808 0.280
vn 0.042 0.999 0.032
vn -0.071 0.995 -0.063
vn 0.225 0.931 -0.288
vn 0.161 0.987 -0.019
vn -0.239 0.737 -0.632
vn -0.691 0.706 0.155
vn -0.624 0.777 0.083
vn -0.429 0.898 0.100
vn -0.103 0.984 -0.146
vn -0.705 0.634 -0.317
vn -0.657 0.712 -0.247
vn -0.216 0.974 0.070
vn 0.337 0.912 -0.232
vn 0.073 0.995 -0.062
vn -0.082 0.971 -0.225
vn 0.250 0.888 -0.387
vn -0.188 0.975 -0.114
vn -0.275 0.960 0.057
vn -0.117 0.992 0.051
vn 0.006 1.000 0.011
vn 0.009 0.999 0.043
vn 0.117 0.987 -0.108
vn -0.077 0.994 -0.082
vn 0.120 0.992 -0.037
vn 0.245 0.951 -0.190
vn 0.017 0.998 0.066
vn 0.377 0.870 -0.319
vn -0.031 0.892 0.451
vn -0.287 0.834 0.472
vn 0.016 0.995 0.100
vn -0.472 0.845 0.252
vn -0.277 0.948 0.158
vn -0.600 0.717 0.355
vn -0.151 0.969 0.197
vn -0.300 0.829 0.472
vn 0.068 0.942 0.329
vn -0.007 0.999 0.039
vn -0.080 0.934 0.349
vn -0.002 1.000 -0.001
vn 0.011 0.995 0.102
vn -0.018 1.000 -0.001
vn -0.012 1.000 0.028
vn 0.106 0.994 -0.040
vn 0.045 0.997 -0.062
vn 0.035 0.998 -0.054
vn 0.111 0.980 0.168
vn 0.061 0.998 -0.020
vn 0.190 0.932 0.308
vn 0.197 0.899 0.390
vn -0.020 0.990 0.137
vn -0.288 0.895 0.341
vn -0.228 0.973 0.040
vn -0.573 0.812 -0.110
vn 0.030 0.997 -0.068
vn -0.004 0.998 -0.062
vn 0.094 0.940 0.326
vn 0.034 0.997 -0.074
vn 0.047 0.949 0.311
vn -0.034 0.989 0.143
vn 0.015 0.999 -0.050
vn -0.043 0.999 0.009
vn -0.037 0.999 0.010
vn 0.113 0.992 -0.049
vn 0.116 0.992 0.044
vn 0.095 0.995 0.044
vn -0.074 0.997 -0.031
vn -0.134 0.991 0.003
vn 0.063 0.971 -0.230
vn 0.082 0.996 0.029
vn 0.018 1.000 0.009
vn -0.320 0.947 0.038
vn -0.608 0.777 0.165
vn 0.087 0.990 -0.112
vn -0.240 0.963 -0.118
vn 0.075 0.989 0.130
vn -0.488 0.872 0.041
vn 0.089 0.988 0.128
vn 0.223 0.962 -0.156
vn 0.081 0.986 0.144
vn 0.265 0.956 -0.126
vn -0.017 0.991 -0.136
vn -0.309 0.947 -0.084
vn -0.305 0.952 -0.036
vn -0.036 0.991 -0.126
vn -0.062 0.996 -0.070
vn 0.072 0.997 0.004
vn 0.102 0.992 -0.071
vn -0.276 0.951 0.142
vn -0.209 0.967 0.148
vn -0.213 0.886 0.411
vn -0.474 0.858 0.199
vn -0.145 0.979 0.142
vn -0.263 0.825 0.500
vn 0.035 0.999 -0.027
vn 0.066 0.981 -0.184
vn 0.004 0.971 -0.239
vn -0.105 0.986 -0.126
vn 0.019 0.997 -0.076
vn 0.123 0.987 -0.103
vn -0.003 0.992 -0.126
vn 0.037 0.999 0.032
vn 0.015 0.999 -0.036
vn 0.045 0.998 -0.037
vn 0.005 1.000 -0.010
vn -0.013 1.000 -0.002
vn 0.023 0.999 -0.025
vn -0.016 1.000 -0.000
vn -0.055 0.998 -0.023
vn 0.006 0.999 -0.053
vn 0.067 0.998 -0.015
vn 0.127 0.992 -0.026
vn 0.093 0.996 -0.000
vn -0.113 0.993 -0.038
vn 0.188 0.981 0.057
vn 0.000 0.975 0.221
vn -0.301 0.901 0.311
vn -0.546 0.830 -0.113
vn -0.125 0.988 0.085
vn 0.017 0.986 0.166
vn 0.006 0.999 -0.034
vn 0.440 0.859 -0.262
vn 0.002 0.998 -0.063
vn 0.168 0.977 -0.130
vn 0.561 0.787 0.256
vn -0.114 0.993 0.005
vn -0.330 0.944 0.007
vn -0.175 0.971 -0.163
vn -0.093 0.980 -0.176
vn -0.183 0.983 -0.030
vn 0.134 0.988 -0.081
vn 0.350 0.936 -0.050
vn -0.145 0.956 0.255
vn 0.059 0.998 0.032
vn -0.545 0.824 0.156
vn 0.463 0.870 -0.169
vn -0.182 0.983 0.001
vn -0.421 0.838 0.348
vn -0.439 0.892 0.109
vn 0.042 0.999 -0.007
vn 0.348 0.887 -0.304
vn 0.221 0.915 -0.336
vn 0.138 0.976 -0.167
vn 0.171 0.977 -0.125
vn -0.076 0.993 -0.087
vn -0.256 0.955 -0.152
vn 0.097 0.972 -0.213
vn 0.080 0.990 -0.120
vn 0.077 0.992 0.098
vn -0.068 0.940 -0.335
vn 0.007 0.973 -0.230
vn 0.050 0.951 -0.304
vn -0.015 0.976 -0.218
vn -0.137 0.969 -0.205
vn -0.072 0.997 0.014
vn 0.047 0.999 0.021
vn 0.023 0.999 -0.030
vn 0.005 1.000 -0.014
vn -0.002 1.000 -0.012
vn 0.001 0.999 -0.051
vn 0.012 0.994 -0.107
vn 0.003 0.999 -0.046
vn 0.022 0.996 0.083
vn 0.360 0.926 -0.118
vn 0.132 0.991 -0.034
vn -0.030 0.999 -0.041
vn 0.126 0.991 0.044
vn -0.005 0.987 -0.158
vn 0.001 0.999 0.035
vn -0.020 0.699 0.715
vn 0.052 0.918 -0.394
vn -0.101 0.991 0.084
vn -0.024 0.880 0.474
vn 0.123 0.981 0.149
vn 0.022 0.994 -0.104
vn -0.103 0.989 -0.110
vn -0.047 0.989 -0.142
vn 0.050 0.968 -0.245
vn 0.082 0.852 -0.517
vn -0.286 0.771 -0.570
vn 0.217 0.969 -0.118
vn -0.047 0.959 0.278
vn -0.513 0.838 0.187
vn -0.044 0.975 -0.216
vn -0.254 0.914 0.316
vn 0.539 0.825 -0.172
vn 0.269 0.963 -0.019
vn 0.116 0.991 -0.066
vn -0.609 0.787 0.101
vn 0.613 0.788 0.057
vn 0.694 0.719 0.042
vn 0.090 0.994 -0.057
vn 0.197 0.968 0.153
vn 0.458 0.828 -0.324
vn 0.299 0.848 -0.438
vn -0.033 0.996 0.080
vn -0.129 0.989 0.068
vn -0.191 0.981 -0.031
vn -0.057 0.975 -0.214
vn -0.280 0.960 -0.029
vn -0.191 0.981 0.032
vn 0.280 0.956 -0.081
vn -0.094 0.993 -0.069
vn -0.419 0.908 0.020
vn -0.360 0.931 0.061
vn -0.478 0.865 0.153
vn -0.319 0.935 0.154
vn -0.047 0.996 0.077
vn 0.235 0.971 -0.049
vn 0.408 0.865 -0.292
vn -0.003 1.000 -0.028
vn -0.022 1.000 -0.017
vn -0.113 0.992 0.056
vn 0.320 0.939 0.127
vn -0.031 0.944 0.327
vn 0.172 0.977 0.123
vn 0.178 0.967 -0.184
vn -0.001 0.995 -0.103
vn -0.077 0.995 0.061
vn -0.087 0.990 -0.108
vn 0.143 0.979 -0.145
vn -0.030 0.970 -0.241
vn 0.035 0.999 -0.017
vn -0.022 0.949 -0.314
vn 0.091 0.995 0.045
vn 0.086 0.984 0.158
vn 0.094 0.995 0.023
vn -0.030 0.999 -0.015
vn -0.089 0.993 -0.078
vn -0.156 0.979 -0.134
vn 0.033 0.997 -0.067
vn 0.009 1.000 0.006
vn -0.016 1.000 0.023
vn 0.036 0.999 -0.018
vn 0.022 1.000 0.005
vn -0.021 0.998 0.054
vn -0.023 0.999 0.022
vn 0.022 0.996 -0.081
vn 0.255 0.967 0.028
vn 0.242 0.967 -0.080
vn 0.269 0.951 0.150
vn -0.088 0.986 0.144
vn -0.010 0.995 -0.100
vn -0.211 0.976 0.052
vn 0.140 0.973 -0.185
vn 0.089 0.996 -0.014
vn -0.063 0.987 0.145
vn -0.060 0.997 0.051
vn 0.170 0.957 0.234
vn 0.267 0.964 0.009
vn -0.406 0.899 0.161
vn -0.237 0.699 0.675
vn -0.257 0.943 0.210
vn 0.419 0.892 -0.172
vn 0.676 0.712 -0.190
vn 0.057 0.998 0.012
vn 0.296 0.923 -0.245
vn -0.207 0.911 0.356
vn -0.110 0.991 0.082
vn 0.446 0.659 -0.606
vn 0.108 0.989 -0.098
vn -0.025 0.999 -0.047
vn 0.246 0.803 -0.543
vn -0.045 0.999 -0.011
vn -0.130 0.991 0.004
vn -0.032 0.998 -0.058
vn -0.181 0.983 0.012
vn -0.388 0.921 -0.028
vn -0.054 0.996 -0.064
vn 0.088 0.992 -0.085
vn -0.543 0.839 0.015
vn -0.578 0.785 0.225
vn -0.476 0.865 -0.160
vn -0.002 0.999 0.035
vn -0.450 0.876 0.177
vn -0.271 0.958 -0.098
vn -0.529 0.832 -0.168
vn -0.033 0.999 -0.031
vn 0.142 0.987 0.081
vn 0.288 0.957 -0.027
vn 0.271 0.929 -0.253
vn 0.531 0.819 0.216
vn 0.093 0.986 -0.142
vn 0.127 0.992 0.016
vn 0.036 0.756 -0.653
vn 0.395 0.908 0.140
vn 0.254 0.643 0.723
vn 0.067 0.997 -0.037
vn 0.232 0.838 0.494
vn 0.370 0.917 0.146
vn 0.469 0.621 0.628
vn 0.310 0.891 -0.331
vn -0.022 0.944 -0.330
vn 0.025 0.985 -0.170
vn 0.133 0.960 -0.247
vn 0.218 0.953 -0.209
vn -0.052 0.938 0.342
vn 0.389 0.857 0.337
vn -0.013 0.902 0.432
vn 0.071 0.797 0.599
vn -0.261 0.955 -0.139
vn -0.046 0.911 -0.410
vn -0.290 0.867 -0.405
vn 0.133 0.959 -0.250
vn 0.068 0.997 0.028
vn 0.008 0.915 -0.403
vn -0.156 0.986 0.050
vn -0.439 0.898 0.038
vn 0.091 0.988 -0.126
vn 0.259 0.964 -0.057
vn -0.002 0.989 -0.148
vn -0.166 0.984 -0.069
vn 0.000 1.000 0.027
vn 0.008 0.998 0.056
vn -0.223 0.959 -0.175
vn -0.167 0.983 0.078
vn -0.108 0.959 0.261
vn -0.029 0.998 0.059
vn 0.002 1.000 -0.013
vn 0.016 1.000 -0.021
vn -0.004 1.000 0.005
vn -0.034 0.998 0.056
vn -0.027 0.996 0.083
vn 0.124 0.991 -0.051
vn 0.011 0.996 -0.093
vn 0.282 0.954 -0.099
vn 0.069 0.985 -0.158
vn 0.212 0.905 -0.370
vn 0.513 0.725 -0.459
vn 0.245 0.948 -0.205
vn 0.132 0.991 -0.038
vn 0.184 0.982 -0.045
vn -0.118 0.964 -0.237
vn 0.167 0.971 0.173
vn -0.319 0.887 0.335
vn 0.288 0.957 0.028
vn 0.097 0.995 0.038
vn -0.257 0.962 -0.089
vn -0.310 0.931 0.193
vn -0.440 0.889 0.122
vn -0.222 0.887 0.404
vn -0.094 0.967 -0.237
vn -0.308 0.936 -0.171
vn 0.010 0.999 -0.054
vn 0.046 0.991 -0.123
vn 0.019 0.971 -0.239
vn 0.150 0.978 -0.143
vn 0.317 0.896 -0.311
vn 0.469 0.787 -0.401
vn 0.430 0.789 -0.439
vn 0.431 0.827 -0.361
vn 0.499 0.740 -0.452
vn -0.009 1.000 0.020
vn -0.064 0.998 -0.008
vn -0.142 0.988 0.054
vn -0.091 0.990 0.111
vn -0.096 0.986 0.137
vn -0.287 0.956 0.062
vn -0.283 0.959 0.019
vn -0.041 0.998 0.037
vn 0.143 0.985 0.093
vn -0.471 0.880 0.051
vn -0.236 0.970 0.063
vn -0.569 0.811 -0.135
vn -0.172 0.978 -0.114
vn -0.422 0.896 -0.140
vn -0.005 0.998 -0.066
vn 0.015 0.911 -0.411
vn 0.010 1.000 -0.014
vn -0.343 0.930 -0.133
vn 0.145 0.968 -0.207
vn 0.072 0.985 -0.155
vn 0.264 0.941 0.211
vn 0.002 1.000 0.012
vn 0.010 0.998 0.056
vn 0.166 0.925 0.343
vn 0.011 0.787 0.616
vn 0.303 0.693 0.654
vn 0.318 0.945 0.074
vn 0.383 0.840 0.386
vn 0.327 0.884 0.334
vn 0.135 0.973 0.188
vn -0.382 0.921 -0.075
vn -0.318 0.946 0.058
vn -0.222 0.975 0.015
vn -0.273 0.946 -0.177
vn -0.036 0.997 0.075
vn 0.525 0.846 -0.095
vn 0.520 0.853 -0.051
vn 0.303 0.953 0.015
vn 0.520 0.847 0.113
vn -0.107 0.935 -0.337
vn 0.196 0.977 0.083
vn 0.254 0.947 0.196
vn -0.146 0.877 0.459
vn 0.096 0.951 0.295
vn -0.093 0.979 0.180
vn -0.112 0.953 0.283
vn -0.004 0.878 0.479
vn -0.051 0.967 0.249
vn 0.115 0.987 0.115
vn 0.009 0.941 0.337
vn -0.243 0.958 0.152
vn 0.225 0.956 -0.191
vn 0.311 0.867 -0.390
vn -0.121 0.990 0.076
vn -0.479 0.721 0.501
vn -0.312 0.932 0.182
vn -0.224 0.958 -0.178
vn -0.118 0.986 -0.116
vn -0.067 0.995 0.074
vn -0.016 1.000 0.007
vn 0.101 0.983 0.151
vn -0.326 0.789 0.521
vn 0.102 0.908 0.406
vn -0.086 0.988 0.127
vn 0.064 0.998 -0.029
vn -0.002 1.000 0.000
vn 0.010 1.000 -0.003
vn -0.047 0.998 0.046
vn -0.039 0.999 0.008
vn 0.078 0.993 -0.090
vn 0.340 0.900 -0.272
vn -0.012 0.979 -0.201
vn -0.174 0.975 -0.137
vn 0.157 0.982 0.106
vn 0.001 0.958 -0.288
vn 0.149 0.987 0.051
vn 0.094 0.978 0.187
vn 0.134 0.991 0.010
vn -0.098 0.993 -0.058
vn -0.024 1.000 0.005
vn -0.074 0.995 0.060
vn 0.282 0.946 -0.157
vn 0.231 0.888 -0.398
vn -0.021 1.000 0.022
vn 0.023 1.000 -0.005
vn -0.132 0.990 0.043
vn -0.144 0.989 0.026
vn -0.114 0.991 0.064
vn -0.160 0.972 0.171
vn -0.220 0.971 0.090
vn -0.092 0.996 0.018
vn 0.131 0.989 0.070
vn -0.282 0.955 0.096
vn -0.237 0.972 -0.009
vn -0.323 0.937 -0.133
vn -0.022 0.991 -0.131
vn 0.150 0.847 0.510
vn 0.030 0.994 0.104
vn -0.212 0.908 0.362
vn -0.407 0.750 0.521
vn -0.120 0.993 0.018
vn 0.010 1.000 -0.003
vn 0.012 0.984 0.176
vn 0.208 0.978 -0.027
vn 0.451 0.892 -0.023
vn 0.329 0.904 -0.272
vn 0.155 0.967 -0.200
vn -0.065 0.982 -0.175
vn -0.011 0.998 -0.058
vn 0.317 0.939 0.133
vn -0.049 0.999 -0.013
vn 0.346 0.876 0.336
vn 0.049 0.828 0.558
vn -0.027 0.940 0.340
vn 0.088 0.911 0.403
vn -0.180 0.975 0.126
vn -0.276 0.945 0.176
vn -0.030 0.952 0.306
vn 0.012 0.951 0.309
vn 0.046 0.998 0.033
vn -0.055 0.880 0.471
vn 0.098 0.986 0.133
vn -0.052 0.968 0.244
vn -0.318 0.948 0.015
vn -0.072 0.908 0.412
vn -0.320 0.930 -0.182
vn -0.340 0.941 -0.003
vn -0.073 0.927 0.369
vn -0.171 0.969 0.179
vn 0.044 0.984 0.171
vn 0.045 0.998 -0.034
vn 0.018 0.986 0.168
vn 0.108 0.919 -0.380
vn 0.057 0.994 0.096
vn 0.135 0.989 -0.055
vn -0.021 0.903 0.428
vn -0.073 0.992 -0.105
vn 0.020 1.000 0.007
vn 0.005 1.000 0.020
vn -0.044 0.997 0.058
vn 0.008 1.000 0.020
vn 0.110 0.974 -0.197
vn 0.043 0.961 -0.274
vn 0.311 0.946 -0.090
vn 0.006 0.965 0.260
vn 0.354 0.935 0.016
vn -0.049 0.997 0.054
vn 0.086 0.976 0.198
vn -0.054 0.972 0.228
vn 0.035 0.990 0.134
vn 0.033 0.998 -0.048
vt 0.000000 0.000000
vt 0.000000 0.031250
vt 0.015625 0.015625
vt 0.015625 0.000000
vt 0.023438 0.007813
vt 0.031250 0.000000
vt 0.023438 0.000000
vt 0.031250 0.031250
vt 0.031250 0.015625
vt 0.046875 0.015625
vt 0.062500 0.000000
vt 0.062500 0.031250
vt 0.093750 0.000000
vt 0.093750 0.031250
vt 0.125000 0.000000
vt 0.125000 0.031250
vt 0.156250 0.000000
vt 0.156250 0.031250
vt 0.187500 0.000000
vt 0.187500 0.031250
vt 0.218750 0.000000
vt 0.218750 0.031250
vt 0.250000 0.000000
vt 0.250000 0.031250
vt 0.281250 0.000000
vt 0.281250 0.031250
vt 0.312500 0.000000
vt 0.312500 0.031250
vt 0.343750 0.000000
vt 0.343750 0.031250
vt 0.375000 0.000000
vt 0.375000 0.031250
vt 0.406250 0.000000
vt 0.406250 0.031250
vt 0.437500 0.000000
vt 0.437500 0.031250
vt 0.468750 0.000000
vt 0.468750 0.031250
vt 0.500000 0.000000
vt 0.500000 0.031250
vt 0.531250 0.000000
vt 0.531250 0.031250
vt 0.562500 0.000000
vt 0.562500 0.031250
vt 0.578125 0.015625
vt 0.593750 0.000000
vt 0.578125 0.000000
vt 0.593750 0.031250
vt 0.625000 0.000000
vt 0.625000 0.031250
vt 0.640625 0.015625
vt 0.656250 0.000000
vt 0.656250 0.031250
vt 0.640625 0.031250
vt 0.687500 0.000000
vt 0.687500 0.031250
vt 0.718750 0.000000
vt 0.718750 0.031250
vt 0.750000 0.000000
vt 0.750000 0.031250
vt 0.781250 0.000000
vt 0.781250 0.031250
vt 0.812500 0.000000
vt 0.812500 0.031250
vt 0.843750 0.000000
vt 0.843750 0.031250
vt 0.859375 0.015625
vt 0.875000 0.000000
vt 0.875000 0.031250
vt 0.875000 0.015625
vt 0.890625 0.015625
vt 0.906250 0.000000
vt 0.906250 0.031250
vt 0.906250 0.015625
vt 0.921875 0.015625
vt 0.914063 0.023438
vt 0.937500 0.000000
vt 0.937500 0.031250
vt 0.921875 0.031250
vt 0.968750 0.000000
vt 0.968750 0.031250
vt 1.000000 0.000000
vt 1.000000 0.031250
vt 0.000000 0.062500
vt 0.031250 0.062500
vt 0.062500 0.062500
vt 0.093750 0.062500
vt 0.125000 0.062500
vt 0.156250 0.062500
vt 0.171875 0.046875
vt 0.187500 0.062500
vt 0.171875 0.062500
vt 0.218750 0.062500
vt 0.250000 0.062500
vt 0.281250 0.062500
vt 0.312500 0.062500
vt 0.343750 0.062500
vt 0.375000 0.062500
vt 0.406250 0.062500
vt 0.437500 0.062500
vt 0.468750 0.062500
vt 0.500000 0.062500
vt 0.531250 0.062500
vt 0.562500 0.062500
vt 0.578125 0.046875
vt 0.593750 0.062500
vt 0.593750 0.046875
vt 0.609375 0.046875
vt 0.625000 0.062500
vt 0.640625 0.046875
vt 0.656250 0.062500
vt 0.687500 0.062500
vt 0.718750 0.062500
vt 0.750000 0.062500
vt 0.781250 0.062500
vt 0.812500 0.062500
vt 0.843750 0.062500
vt 0.875000 0.062500
vt 0.906250 0.062500
vt 0.921875 0.046875
vt 0.937500 0.062500
vt 0.968750 0.062500
vt 1.000000 0.062500
vt 0.000000 0.093750
vt 0.031250 0.093750
vt 0.046875 0.078125
vt 0.062500 0.093750
vt 0.062500 0.078125
vt 0.078125 0.078125
vt 0.070313 0.085938
vt 0.093750 0.093750
vt 0.078125 0.093750
vt 0.125000 0.093750
vt 0.156250 0.093750
vt 0.171875 0.078125
vt 0.187500 0.093750
vt 0.218750 0.093750
vt 0.250000 0.093750
vt 0.281250 0.093750
vt 0.312500 0.093750
vt 0.343750 0.093750
vt 0.375000 0.093750
vt 0.406250 0.093750
vt 0.437500 0.093750
vt 0.468750 0.093750
vt 0.500000 0.093750
vt 0.531250 0.093750
vt 0.562500 0.093750
vt 0.593750 0.093750
vt 0.609375 0.078125
vt 0.625000 0.093750
vt 0.625000 0.078125
vt 0.640625 0.078125
vt 0.656250 0.093750
vt 0.687500 0.093750
vt 0.718750 0.093750
vt 0.750000 0.093750
vt 0.765625 0.078125
vt 0.781250 0.078125
vt 0.773438 0.085938
vt 0.781250 0.093750
vt 0.765625 0.093750
vt 0.796875 0.078125
vt 0.812500 0.093750
vt 0.843750 0.093750
vt 0.875000 0.093750
vt 0.906250 0.093750
vt 0.937500 0.093750
vt 0.968750 0.093750
vt 1.000000 0.093750
vt 0.000000 0.125000
vt 0.031250 0.125000
vt 0.062500 0.125000
vt 0.078125 0.109375
vt 0.093750 0.125000
vt 0.125000 0.125000
vt 0.156250 0.125000
vt 0.187500 0.125000
vt 0.218750 0.125000
vt 0.250000 0.125000
vt 0.281250 0.125000
vt 0.312500 0.125000
vt 0.343750 0.125000
vt 0.375000 0.125000
vt 0.406250 0.125000
vt 0.421875 0.109375
vt 0.437500 0.125000
vt 0.437500 0.109375
vt 0.453125 0.109375
vt 0.468750 0.125000
vt 0.500000 0.125000
vt 0.531250 0.125000
vt 0.562500 0.125000
vt 0.593750 0.125000
vt 0.625000 0.125000
vt 0.656250 0.125000
vt 0.687500 0.125000
vt 0.718750 0.125000
vt 0.750000 0.125000
vt 0.765625 0.109375
vt 0.781250 0.125000
vt 0.812500 0.125000
vt 0.843750 0.125000
vt 0.875000 0.125000
vt 0.906250 0.125000
vt 0.921875 0.109375
vt 0.937500 0.125000
vt 0.968750 0.125000
vt 1.000000 0.125000
vt 0.000000 0.156250
vt 0.031250 0.156250
vt 0.062500 0.156250
vt 0.093750 0.156250
vt 0.109375 0.140625
vt 0.125000 0.156250
vt 0.109375 0.156250
vt 0.156250 0.156250
vt 0.187500 0.156250
vt 0.218750 0.156250
vt 0.250000 0.156250
vt 0.281250 0.156250
vt 0.312500 0.156250
vt 0.343750 0.156250
vt 0.375000 0.156250
vt 0.406250 0.156250
vt 0.437500 0.156250
vt 0.468750 0.156250
vt 0.500000 0.156250
vt 0.531250 0.156250
vt 0.562500 0.156250
vt 0.593750 0.156250
vt 0.625000 0.156250
vt 0.656250 0.156250
vt 0.687500 0.156250
vt 0.718750 0.156250
vt 0.750000 0.156250
vt 0.781250 0.156250
vt 0.812500 0.156250
vt 0.843750 0.156250
vt 0.875000 0.156250
vt 0.906250 0.156250
vt 0.937500 0.156250
vt 0.968750 0.156250
vt 1.000000 0.156250
vt 0.000000 0.187500
vt 0.031250 0.187500
vt 0.062500 0.187500
vt 0.093750 0.187500
vt 0.109375 0.171875
vt 0.125000 0.187500
vt 0.156250 0.187500
vt 0.187500 0.187500
vt 0.218750 0.187500
vt 0.250000 0.187500
vt 0.281250 0.187500
vt 0.312500 0.187500
vt 0.343750 0.187500
vt 0.375000 0.187500
vt 0.406250 0.187500
vt 0.437500 0.187500
vt 0.468750 0.187500
vt 0.500000 0.187500
vt 0.531250 0.187500
vt 0.562500 0.187500
vt 0.593750 0.187500
vt 0.625000 0.187500
vt 0.656250 0.187500
vt 0.671875 0.171875
vt 0.687500 0.171875
vt 0.679687 0.179687
vt 0.687500 0.187500
vt 0.671875 0.187500
vt 0.703125 0.171875
vt 0.718750 0.187500
vt 0.734375 0.171875
vt 0.750000 0.187500
vt 0.750000 0.171875
vt 0.734375 0.187500
vt 0.765625 0.171875
vt 0.781250 0.187500
vt 0.812500 0.187500
vt 0.843750 0.187500
vt 0.875000 0.187500
vt 0.906250 0.187500
vt 0.937500 0.187500
vt 0.953125 0.171875
vt 0.968750 0.187500
vt 0.968750 0.171875
vt 0.984375 0.171875
vt 0.976562 0.179687
vt 1.000000 0.171875
vt 0.992188 0.179687
vt 1.000000 0.187500
vt 0.984375 0.187500
vt 0.000000 0.218750
vt 0.031250 0.218750
vt 0.062500 0.218750
vt 0.093750 0.218750
vt 0.125000 0.218750
vt 0.156250 0.218750
vt 0.171875 0.203125
vt 0.187500 0.218750
vt 0.218750 0.218750
vt 0.250000 0.218750
vt 0.281250 0.218750
vt 0.312500 0.218750
vt 0.343750 0.218750
vt 0.375000 0.218750
vt 0.406250 0.218750
vt 0.437500 0.218750
vt 0.468750 0.218750
vt 0.500000 0.218750
vt 0.531250 0.218750
vt 0.562500 0.218750
vt 0.593750 0.218750
vt 0.625000 0.218750
vt 0.656250 0.218750
vt 0.671875 0.203125
vt 0.687500 0.218750
vt 0.703125 0.203125
vt 0.718750 0.218750
vt 0.718750 0.203125
vt 0.734375 0.203125
vt 0.726562 0.195313
vt 0.750000 0.218750
vt 0.781250 0.218750
vt 0.812500 0.218750
vt 0.843750 0.218750
vt 0.875000 0.218750
vt 0.906250 0.218750
vt 0.921875 0.203125
vt 0.937500 0.218750
vt 0.937500 0.203125
vt 0.953125 0.203125
vt 0.945313 0.210937
vt 0.968750 0.218750
vt 0.953125 0.218750
vt 0.984375 0.203125
vt 1.000000 0.218750
vt 0.000000 0.250000
vt 0.031250 0.250000
vt 0.062500 0.250000
vt 0.093750 0.250000
vt 0.125000 0.250000
vt 0.156250 0.250000
vt 0.187500 0.250000
vt 0.218750 0.250000
vt 0.250000 0.250000
vt 0.281250 0.250000
vt 0.312500 0.250000
vt 0.343750 0.250000
vt 0.375000 0.250000
vt 0.406250 0.250000
vt 0.437500 0.250000
vt 0.468750 0.250000
vt 0.500000 0.250000
vt 0.531250 0.250000
vt 0.562500 0.250000
vt 0.593750 0.250000
vt 0.625000 0.250000
vt 0.656250 0.250000
vt 0.671875 0.234375
vt 0.687500 0.250000
vt 0.671875 0.250000
vt 0.703125 0.234375
vt 0.718750 0.250000
vt 0.750000 0.250000
vt 0.765625 0.234375
vt 0.781250 0.250000
vt 0.781250 0.234375
vt 0.796875 0.234375
vt 0.812500 0.250000
vt 0.843750 0.250000
vt 0.875000 0.250000
vt 0.906250 0.250000
vt 0.937500 0.250000
vt 0.953125 0.234375
vt 0.968750 0.250000
vt 1.000000 0.250000
vt 0.000000 0.281250
vt 0.031250 0.281250
vt 0.062500 0.281250
vt 0.093750 0.281250
vt 0.125000 0.281250
vt 0.156250 0.281250
vt 0.187500 0.281250
vt 0.218750 0.281250
vt 0.234375 0.265625
vt 0.250000 0.281250
vt 0.234375 0.281250
vt 0.281250 0.281250
vt 0.296875 0.265625
vt 0.312500 0.281250
vt 0.312500 0.265625
vt 0.328125 0.265625
vt 0.320313 0.273438
vt 0.343750 0.281250
vt 0.328125 0.281250
vt 0.375000 0.281250
vt 0.406250 0.281250
vt 0.421875 0.265625
vt 0.437500 0.281250
vt 0.468750 0.281250
vt 0.500000 0.281250
vt 0.531250 0.281250
vt 0.562500 0.281250
vt 0.593750 0.281250
vt 0.625000 0.281250
vt 0.656250 0.281250
vt 0.671875 0.265625
vt 0.679687 0.257813
vt 0.687500 0.281250
vt 0.687500 0.265625
vt 0.703125 0.265625
vt 0.718750 0.281250
vt 0.734375 0.265625
vt 0.750000 0.281250
vt 0.734375 0.281250
vt 0.781250 0.281250
vt 0.812500 0.281250
vt 0.843750 0.281250
vt 0.875000 0.281250
vt 0.906250 0.281250
vt 0.937500 0.281250
vt 0.968750 0.281250
vt 1.000000 0.281250
vt 0.000000 0.312500
vt 0.031250 0.312500
vt 0.062500 0.312500
vt 0.078125 0.296875
vt 0.093750 0.312500
vt 0.125000 0.312500
vt 0.156250 0.312500
vt 0.187500 0.312500
vt 0.218750 0.312500
vt 0.234375 0.296875
vt 0.242187 0.289063
vt 0.250000 0.312500
vt 0.250000 0.296875
vt 0.265625 0.296875
vt 0.281250 0.312500
vt 0.312500 0.312500
vt 0.328125 0.296875
vt 0.343750 0.312500
vt 0.375000 0.312500
vt 0.406250 0.312500
vt 0.437500 0.312500
vt 0.468750 0.312500
vt 0.500000 0.312500
vt 0.531250 0.312500
vt 0.562500 0.312500
vt 0.593750 0.312500
vt 0.625000 0.312500
vt 0.640625 0.296875
vt 0.656250 0.312500
vt 0.656250 0.296875
vt 0.671875 0.296875
vt 0.664063 0.304688
vt 0.687500 0.312500
vt 0.671875 0.312500
vt 0.664063 0.312500
vt 0.718750 0.312500
vt 0.734375 0.296875
vt 0.742188 0.289063
vt 0.750000 0.312500
vt 0.750000 0.296875
vt 0.765625 0.296875
vt 0.781250 0.312500
vt 0.765625 0.312500
vt 0.812500 0.312500
vt 0.828125 0.296875
vt 0.843750 0.296875
vt 0.835938 0.304688
vt 0.843750 0.312500
vt 0.843750 0.304688
vt 0.828125 0.312500
vt 0.859375 0.296875
vt 0.851562 0.304688
vt 0.875000 0.296875
vt 0.867188 0.304688
vt 0.875000 0.312500
vt 0.875000 0.304688
vt 0.859375 0.312500
vt 0.859375 0.304688
vt 0.890625 0.296875
vt 0.882813 0.304688
vt 0.906250 0.296875
vt 0.898438 0.304688
vt 0.906250 0.312500
vt 0.890625 0.312500
vt 0.898438 0.312500
vt 0.921875 0.296875
vt 0.937500 0.312500
vt 0.968750 0.312500
vt 1.000000 0.312500
vt 0.000000 0.343750
vt 0.031250 0.343750
vt 0.062500 0.343750
vt 0.093750 0.343750
vt 0.125000 0.343750
vt 0.156250 0.343750
vt 0.187500 0.343750
vt 0.218750 0.343750
vt 0.250000 0.343750
vt 0.281250 0.343750
vt 0.312500 0.343750
vt 0.343750 0.343750
vt 0.375000 0.343750
vt 0.406250 0.343750
vt 0.437500 0.343750
vt 0.468750 0.343750
vt 0.500000 0.343750
vt 0.531250 0.343750
vt 0.562500 0.343750
vt 0.593750 0.343750
vt 0.625000 0.343750
vt 0.640625 0.328125
vt 0.656250 0.343750
vt 0.656250 0.328125
vt 0.671875 0.328125
vt 0.664063 0.320313
vt 0.679687 0.320313
vt 0.687500 0.328125
vt 0.679687 0.335938
vt 0.687500 0.343750
vt 0.671875 0.343750
vt 0.679687 0.343750
vt 0.703125 0.328125
vt 0.718750 0.343750
vt 0.750000 0.343750
vt 0.765625 0.328125
vt 0.773438 0.320313
vt 0.781250 0.343750
vt 0.781250 0.328125
vt 0.796875 0.328125
vt 0.812500 0.343750
vt 0.812500 0.328125
vt 0.828125 0.328125
vt 0.820313 0.335938
vt 0.843750 0.328125
vt 0.835938 0.335938
vt 0.843750 0.343750
vt 0.828125 0.343750
vt 0.828125 0.335938
vt 0.859375 0.328125
vt 0.867188 0.320313
vt 0.875000 0.343750
vt 0.875000 0.328125
vt 0.875000 0.320313
vt 0.890625 0.328125
vt 0.882813 0.320313
vt 0.890625 0.320313
vt 0.898438 0.320313
vt 0.894531 0.316406
vt 0.906250 0.343750
vt 0.906250 0.328125
vt 0.921875 0.328125
vt 0.937500 0.343750
vt 0.968750 0.343750
vt 1.000000 0.343750
vt 0.000000 0.375000
vt 0.031250 0.375000
vt 0.062500 0.375000
vt 0.093750 0.375000
vt 0.125000 0.375000
vt 0.156250 0.375000
vt 0.187500 0.375000
vt 0.218750 0.375000
vt 0.250000 0.375000
vt 0.281250 0.375000
vt 0.312500 0.375000
vt 0.343750 0.375000
vt 0.375000 0.375000
vt 0.406250 0.375000
vt 0.437500 0.375000
vt 0.468750 0.375000
vt 0.500000 0.375000
vt 0.531250 0.375000
vt 0.562500 0.375000
vt 0.593750 0.375000
vt 0.625000 0.375000
vt 0.656250 0.375000
vt 0.671875 0.359375
vt 0.679687 0.351563
vt 0.687500 0.375000
vt 0.687500 0.359375
vt 0.703125 0.359375
vt 0.718750 0.375000
vt 0.703125 0.375000
vt 0.750000 0.375000
vt 0.781250 0.375000
vt 0.812500 0.375000
vt 0.828125 0.359375
vt 0.843750 0.375000
vt 0.875000 0.375000
vt 0.906250 0.375000
vt 0.937500 0.375000
vt 0.968750 0.375000
vt 1.000000 0.375000
vt 0.000000 0.406250
vt 0.031250 0.406250
vt 0.062500 0.406250
vt 0.093750 0.406250
vt 0.125000 0.406250
vt 0.156250 0.406250
vt 0.187500 0.406250
vt 0.218750 0.406250
vt 0.250000 0.406250
vt 0.281250 0.406250
vt 0.312500 0.406250
vt 0.343750 0.406250
vt 0.375000 0.406250
vt 0.406250 0.406250
vt 0.421875 0.390625
vt 0.437500 0.406250
vt 0.421875 0.406250
vt 0.468750 0.406250
vt 0.500000 0.406250
vt 0.531250 0.406250
vt 0.562500 0.406250
vt 0.593750 0.406250
vt 0.625000 0.406250
vt 0.656250 0.406250
vt 0.671875 0.390625
vt 0.687500 0.406250
vt 0.687500 0.390625
vt 0.695313 0.382813
vt 0.695313 0.390625
vt 0.703125 0.390625
vt 0.695313 0.398438
vt 0.718750 0.406250
vt 0.703125 0.406250
vt 0.695313 0.406250
vt 0.750000 0.406250
vt 0.781250 0.406250
vt 0.812500 0.406250
vt 0.843750 0.406250
vt 0.859375 0.390625
vt 0.875000 0.406250
vt 0.906250 0.406250
vt 0.937500 0.406250
vt 0.953125 0.390625
vt 0.968750 0.406250
vt 0.968750 0.390625
vt 0.984375 0.390625
vt 1.000000 0.406250
vt 0.000000 0.437500
vt 0.031250 0.437500
vt 0.062500 0.437500
vt 0.093750 0.437500
vt 0.125000 0.437500
vt 0.156250 0.437500
vt 0.187500 0.437500
vt 0.218750 0.437500
vt 0.250000 0.437500
vt 0.281250 0.437500
vt 0.312500 0.437500
vt 0.343750 0.437500
vt 0.375000 0.437500
vt 0.390625 0.421875
vt 0.406250 0.437500
vt 0.406250 0.421875
vt 0.421875 0.421875
vt 0.414063 0.414063
vt 0.437500 0.437500
vt 0.468750 0.437500
vt 0.500000 0.437500
vt 0.531250 0.437500
vt 0.562500 0.437500
vt 0.593750 0.437500
vt 0.625000 0.437500
vt 0.656250 0.437500
vt 0.671875 0.421875
vt 0.687500 0.437500
vt 0.687500 0.421875
vt 0.703125 0.421875
vt 0.695313 0.414063
vt 0.718750 0.437500
vt 0.703125 0.437500
vt 0.750000 0.437500
vt 0.781250 0.437500
vt 0.812500 0.437500
vt 0.843750 0.437500
vt 0.859375 0.421875
vt 0.875000 0.437500
vt 0.875000 0.421875
vt 0.890625 0.421875
vt 0.906250 0.437500
vt 0.937500 0.437500
vt 0.968750 0.437500
vt 1.000000 0.437500
vt 0.000000 0.468750
vt 0.031250 0.468750
vt 0.062500 0.468750
vt 0.093750 0.468750
vt 0.125000 0.468750
vt 0.156250 0.468750
vt 0.187500 0.468750
vt 0.218750 0.468750
vt 0.250000 0.468750
vt 0.281250 0.468750
vt 0.312500 0.468750
vt 0.343750 0.468750
vt 0.375000 0.468750
vt 0.406250 0.468750
vt 0.421875 0.453125
vt 0.437500 0.468750
vt 0.421875 0.468750
vt 0.468750 0.468750
vt 0.500000 0.468750
vt 0.531250 0.468750
vt 0.562500 0.468750
vt 0.593750 0.468750
vt 0.625000 0.468750
vt 0.656250 0.468750
vt 0.687500 0.468750
vt 0.703125 0.453125
vt 0.718750 0.468750
vt 0.750000 0.468750
vt 0.781250 0.468750
vt 0.812500 0.468750
vt 0.843750 0.468750
vt 0.859375 0.453125
vt 0.875000 0.468750
vt 0.875000 0.453125
vt 0.890625 0.453125
vt 0.906250 0.468750
vt 0.906250 0.453125
vt 0.921875 0.453125
vt 0.937500 0.468750
vt 0.968750 0.468750
vt 1.000000 0.468750
vt 0.000000 0.500000
vt 0.031250 0.500000
vt 0.062500 0.500000
vt 0.093750 0.500000
vt 0.125000 0.500000
vt 0.156250 0.500000
vt 0.187500 0.500000
vt 0.218750 0.500000
vt 0.250000 0.500000
vt 0.281250 0.500000
vt 0.312500 0.500000
vt 0.343750 0.500000
vt 0.375000 0.500000
vt 0.390625 0.484375
vt 0.406250 0.500000
vt 0.406250 0.484375
vt 0.421875 0.484375
vt 0.414063 0.476563
vt 0.437500 0.500000
vt 0.468750 0.500000
vt 0.500000 0.500000
vt 0.531250 0.500000
vt 0.562500 0.500000
vt 0.593750 0.500000
vt 0.625000 0.500000
vt 0.656250 0.500000
vt 0.687500 0.500000
vt 0.703125 0.484375
vt 0.718750 0.500000
vt 0.718750 0.484375
vt 0.734375 0.484375
vt 0.726562 0.492188
vt 0.750000 0.500000
vt 0.734375 0.500000
vt 0.765625 0.484375
vt 0.781250 0.500000
vt 0.781250 0.484375
vt 0.796875 0.484375
vt 0.812500 0.500000
vt 0.843750 0.500000
vt 0.875000 0.500000
vt 0.906250 0.500000
vt 0.937500 0.500000
vt 0.968750 0.500000
vt 1.000000 0.500000
vt 0.000000 0.531250
vt 0.031250 0.531250
vt 0.062500 0.531250
vt 0.093750 0.531250
vt 0.125000 0.531250
vt 0.156250 0.531250
vt 0.187500 0.531250
vt 0.218750 0.531250
vt 0.250000 0.531250
vt 0.281250 0.531250
vt 0.312500 0.531250
vt 0.343750 0.531250
vt 0.375000 0.531250
vt 0.406250 0.531250
vt 0.437500 0.531250
vt 0.468750 0.531250
vt 0.500000 0.531250
vt 0.531250 0.531250
vt 0.562500 0.531250
vt 0.593750 0.531250
vt 0.625000 0.531250
vt 0.656250 0.531250
vt 0.687500 0.531250
vt 0.718750 0.531250
vt 0.734375 0.515625
vt 0.750000 0.531250
vt 0.781250 0.531250
vt 0.812500 0.531250
vt 0.843750 0.531250
vt 0.875000 0.531250
vt 0.906250 0.531250
vt 0.937500 0.531250
vt 0.968750 0.531250
vt 1.000000 0.531250
vt 0.000000 0.562500
vt 0.031250 0.562500
vt 0.062500 0.562500
vt 0.093750 0.562500
vt 0.125000 0.562500
vt 0.156250 0.562500
vt 0.187500 0.562500
vt 0.218750 0.562500
vt 0.234375 0.546875
vt 0.250000 0.562500
vt 0.250000 0.546875
vt 0.265625 0.546875
vt 0.257813 0.554688
vt 0.281250 0.562500
vt 0.265625 0.562500
vt 0.312500 0.562500
vt 0.343750 0.562500
vt 0.375000 0.562500
vt 0.406250 0.562500
vt 0.437500 0.562500
vt 0.468750 0.562500
vt 0.500000 0.562500
vt 0.531250 0.562500
vt 0.562500 0.562500
vt 0.593750 0.562500
vt 0.625000 0.562500
vt 0.656250 0.562500
vt 0.687500 0.562500
vt 0.718750 0.562500
vt 0.750000 0.562500
vt 0.781250 0.562500
vt 0.812500 0.562500
vt 0.843750 0.562500
vt 0.875000 0.562500
vt 0.906250 0.562500
vt 0.937500 0.562500
vt 0.968750 0.562500
vt 1.000000 0.562500
vt 0.000000 0.593750
vt 0.031250 0.593750
vt 0.062500 0.593750
vt 0.093750 0.593750
vt 0.125000 0.593750
vt 0.156250 0.593750
vt 0.187500 0.593750
vt 0.203125 0.578125
vt 0.218750 0.593750
vt 0.218750 0.578125
vt 0.234375 0.578125
vt 0.250000 0.593750
vt 0.265625 0.578125
vt 0.281250 0.593750
vt 0.312500 0.593750
vt 0.343750 0.593750
vt 0.375000 0.593750
vt 0.406250 0.593750
vt 0.437500 0.593750
vt 0.468750 0.593750
vt 0.500000 0.593750
vt 0.531250 0.593750
vt 0.562500 0.593750
vt 0.593750 0.593750
vt 0.625000 0.593750
vt 0.656250 0.593750
vt 0.687500 0.593750
vt 0.718750 0.593750
vt 0.750000 0.593750
vt 0.781250 0.593750
vt 0.812500 0.593750
vt 0.843750 0.593750
vt 0.859375 0.578125
vt 0.875000 0.593750
vt 0.906250 0.593750
vt 0.937500 0.593750
vt 0.968750 0.593750
vt 1.000000 0.593750
vt 0.000000 0.625000
vt 0.031250 0.625000
vt 0.062500 0.625000
vt 0.093750 0.625000
vt 0.125000 0.625000
vt 0.156250 0.625000
vt 0.187500 0.625000
vt 0.218750 0.625000
vt 0.234375 0.609375
vt 0.250000 0.625000
vt 0.234375 0.625000
vt 0.265625 0.609375
vt 0.281250 0.625000
vt 0.265625 0.625000
vt 0.312500 0.625000
vt 0.343750 0.625000
vt 0.375000 0.625000
vt 0.406250 0.625000
vt 0.437500 0.625000
vt 0.468750 0.625000
vt 0.500000 0.625000
vt 0.531250 0.625000
vt 0.562500 0.625000
vt 0.593750 0.625000
vt 0.625000 0.625000
vt 0.656250 0.625000
vt 0.687500 0.625000
vt 0.718750 0.625000
vt 0.750000 0.625000
vt 0.781250 0.625000
vt 0.812500 0.625000
vt 0.843750 0.625000
vt 0.875000 0.625000
vt 0.906250 0.625000
vt 0.937500 0.625000
vt 0.968750 0.625000
vt 1.000000 0.625000
vt 0.000000 0.656250
vt 0.031250 0.656250
vt 0.062500 0.656250
vt 0.093750 0.656250
vt 0.125000 0.656250
vt 0.156250 0.656250
vt 0.187500 0.656250
vt 0.203125 0.640625
vt 0.218750 0.656250
vt 0.218750 0.640625
vt 0.234375 0.640625
vt 0.242187 0.632813
vt 0.250000 0.656250
vt 0.250000 0.640625
vt 0.250000 0.632813
vt 0.265625 0.640625
vt 0.257813 0.632813
vt 0.257813 0.648438
vt 0.281250 0.656250
vt 0.265625 0.656250
vt 0.296875 0.640625
vt 0.312500 0.640625
vt 0.304688 0.648438
vt 0.312500 0.656250
vt 0.312500 0.648438
vt 0.296875 0.656250
vt 0.328125 0.640625
vt 0.320313 0.648438
vt 0.316406 0.652344
vt 0.343750 0.656250
vt 0.328125 0.656250
vt 0.320313 0.656250
vt 0.375000 0.656250
vt 0.406250 0.656250
vt 0.437500 0.656250
vt 0.468750 0.656250
vt 0.500000 0.656250
vt 0.531250 0.656250
vt 0.562500 0.656250
vt 0.593750 0.656250
vt 0.625000 0.656250
vt 0.656250 0.656250
vt 0.687500 0.656250
vt 0.718750 0.656250
vt 0.750000 0.656250
vt 0.781250 0.656250
vt 0.812500 0.656250
vt 0.843750 0.656250
vt 0.859375 0.640625
vt 0.875000 0.656250
vt 0.906250 0.656250
vt 0.937500 0.656250
vt 0.968750 0.656250
vt 1.000000 0.656250
vt 0.000000 0.687500
vt 0.031250 0.687500
vt 0.046875 0.671875
vt 0.062500 0.671875
vt 0.054688 0.679688
vt 0.062500 0.687500
vt 0.046875 0.687500
vt 0.078125 0.671875
vt 0.070313 0.679688
vt 0.093750 0.687500
vt 0.078125 0.687500
vt 0.125000 0.687500
vt 0.156250 0.687500
vt 0.187500 0.687500
vt 0.218750 0.687500
vt 0.234375 0.671875
vt 0.250000 0.687500
vt 0.250000 0.671875
vt 0.265625 0.671875
vt 0.257813 0.679688
vt 0.281250 0.687500
vt 0.265625 0.687500
vt 0.296875 0.671875
vt 0.312500 0.687500
vt 0.312500 0.671875
vt 0.328125 0.671875
vt 0.320313 0.664063
vt 0.343750 0.687500
vt 0.375000 0.687500
vt 0.406250 0.687500
vt 0.437500 0.687500
vt 0.468750 0.687500
vt 0.500000 0.687500
vt 0.531250 0.687500
vt 0.562500 0.687500
vt 0.593750 0.687500
vt 0.625000 0.687500
vt 0.656250 0.687500
vt 0.687500 0.687500
vt 0.718750 0.687500
vt 0.750000 0.687500
vt 0.781250 0.687500
vt 0.796875 0.671875
vt 0.812500 0.687500
vt 0.812500 0.671875
vt 0.828125 0.671875
vt 0.843750 0.687500
vt 0.875000 0.687500
vt 0.890625 0.671875
vt 0.906250 0.687500
vt 0.890625 0.687500
vt 0.921875 0.671875
vt 0.937500 0.687500
vt 0.921875 0.687500
vt 0.968750 0.687500
vt 0.984375 0.671875
vt 1.000000 0.687500
vt 0.984375 0.687500
vt 0.000000 0.718750
vt 0.031250 0.718750
vt 0.046875 0.703125
vt 0.062500 0.718750
vt 0.078125 0.703125
vt 0.093750 0.718750
vt 0.093750 0.703125
vt 0.109375 0.703125
vt 0.101563 0.710938
vt 0.125000 0.718750
vt 0.109375 0.718750
vt 0.156250 0.718750
vt 0.187500 0.718750
vt 0.218750 0.718750
vt 0.250000 0.718750
vt 0.265625 0.703125
vt 0.281250 0.718750
vt 0.312500 0.718750
vt 0.343750 0.718750
vt 0.375000 0.718750
vt 0.406250 0.718750
vt 0.437500 0.718750
vt 0.468750 0.718750
vt 0.500000 0.718750
vt 0.531250 0.718750
vt 0.562500 0.718750
vt 0.593750 0.718750
vt 0.625000 0.718750
vt 0.656250 0.718750
vt 0.687500 0.718750
vt 0.718750 0.718750
vt 0.750000 0.718750
vt 0.781250 0.718750
vt 0.812500 0.718750
vt 0.828125 0.703125
vt 0.843750 0.718750
vt 0.828125 0.718750
vt 0.859375 0.703125
vt 0.875000 0.703125
vt 0.867188 0.710938
vt 0.875000 0.718750
vt 0.859375 0.718750
vt 0.890625 0.703125
vt 0.882813 0.695313
vt 0.906250 0.718750
vt 0.921875 0.703125
vt 0.929687 0.695313
vt 0.937500 0.718750
vt 0.937500 0.703125
vt 0.953125 0.703125
vt 0.945313 0.710938
vt 0.968750 0.703125
vt 0.960938 0.710938
vt 0.968750 0.718750
vt 0.968750 0.710938
vt 0.953125 0.718750
vt 0.953125 0.710938
vt 0.984375 0.703125
vt 0.976562 0.710938
vt 0.992188 0.695313
vt 1.000000 0.718750
vt 1.000000 0.703125
vt 1.000000 0.695313
vt 0.984375 0.718750
vt 0.000000 0.750000
vt 0.031250 0.750000
vt 0.062500 0.750000
vt 0.078125 0.734375
vt 0.093750 0.734375
vt 0.085938 0.742188
vt 0.093750 0.750000
vt 0.078125 0.750000
vt 0.109375 0.734375
vt 0.125000 0.750000
vt 0.156250 0.750000
vt 0.187500 0.750000
vt 0.218750 0.750000
vt 0.250000 0.750000
vt 0.281250 0.750000
vt 0.312500 0.750000
vt 0.343750 0.750000
vt 0.375000 0.750000
vt 0.406250 0.750000
vt 0.437500 0.750000
vt 0.453125 0.734375
vt 0.468750 0.750000
vt 0.453125 0.750000
vt 0.500000 0.750000
vt 0.531250 0.750000
vt 0.546875 0.734375
vt 0.562500 0.750000
vt 0.546875 0.750000
vt 0.578125 0.734375
vt 0.593750 0.750000
vt 0.578125 0.750000
vt 0.625000 0.750000
vt 0.656250 0.750000
vt 0.671875 0.734375
vt 0.687500 0.750000
vt 0.671875 0.750000
vt 0.703125 0.734375
vt 0.718750 0.750000
vt 0.703125 0.750000
vt 0.750000 0.750000
vt 0.781250 0.750000
vt 0.796875 0.734375
vt 0.812500 0.750000
vt 0.796875 0.750000
vt 0.828125 0.734375
vt 0.835938 0.726563
vt 0.835938 0.742188
vt 0.843750 0.734375
vt 0.835938 0.734375
vt 0.843750 0.750000
vt 0.828125 0.750000
vt 0.859375 0.734375
vt 0.875000 0.750000
vt 0.906250 0.750000
vt 0.937500 0.750000
vt 0.953125 0.734375
vt 0.968750 0.750000
vt 0.984375 0.734375
vt 1.000000 0.750000
vt 0.000000 0.781250
vt 0.031250 0.781250
vt 0.046875 0.765625
vt 0.062500 0.781250
vt 0.062500 0.765625
vt 0.046875 0.781250
vt 0.070313 0.757813
vt 0.070313 0.765625
vt 0.078125 0.765625
vt 0.070313 0.773438
vt 0.093750 0.781250
vt 0.078125 0.781250
vt 0.109375 0.765625
vt 0.125000 0.781250
vt 0.109375 0.781250
vt 0.156250 0.781250
vt 0.187500 0.781250
vt 0.218750 0.781250
vt 0.250000 0.781250
vt 0.281250 0.781250
vt 0.312500 0.781250
vt 0.343750 0.781250
vt 0.375000 0.781250
vt 0.390625 0.765625
vt 0.406250 0.765625
vt 0.398438 0.773438
vt 0.406250 0.781250
vt 0.390625 0.781250
vt 0.421875 0.765625
vt 0.437500 0.765625
vt 0.429688 0.773438
vt 0.437500 0.781250
vt 0.421875 0.781250
vt 0.445313 0.757813
vt 0.445313 0.765625
vt 0.453125 0.765625
vt 0.445313 0.773438
vt 0.468750 0.781250
vt 0.453125 0.781250
vt 0.500000 0.781250
vt 0.515625 0.765625
vt 0.531250 0.781250
vt 0.531250 0.765625
vt 0.546875 0.765625
vt 0.539063 0.757813
vt 0.554687 0.757813
vt 0.546875 0.757813
vt 0.562500 0.781250
vt 0.562500 0.765625
vt 0.578125 0.765625
vt 0.570313 0.757813
vt 0.585938 0.757813
vt 0.578125 0.757813
vt 0.593750 0.781250
vt 0.593750 0.765625
vt 0.609375 0.765625
vt 0.625000 0.781250
vt 0.640625 0.765625
vt 0.656250 0.781250
vt 0.656250 0.765625
vt 0.671875 0.765625
vt 0.664063 0.773438
vt 0.679687 0.757813
vt 0.687500 0.781250
vt 0.687500 0.765625
vt 0.687500 0.757813
vt 0.671875 0.781250
vt 0.664063 0.781250
vt 0.703125 0.765625
vt 0.695313 0.757813
vt 0.718750 0.781250
vt 0.718750 0.765625
vt 0.734375 0.765625
vt 0.726562 0.773438
vt 0.750000 0.781250
vt 0.734375 0.781250
vt 0.765625 0.765625
vt 0.781250 0.781250
vt 0.781250 0.765625
vt 0.796875 0.765625
vt 0.789063 0.757813
vt 0.812500 0.781250
vt 0.812500 0.765625
vt 0.828125 0.765625
vt 0.820313 0.757813
vt 0.843750 0.781250
vt 0.875000 0.781250
vt 0.906250 0.781250
vt 0.937500 0.781250
vt 0.953125 0.765625
vt 0.968750 0.781250
vt 1.000000 0.781250
vt 0.000000 0.812500
vt 0.031250 0.812500
vt 0.046875 0.796875
vt 0.054688 0.789063
vt 0.062500 0.812500
vt 0.062500 0.796875
vt 0.078125 0.796875
vt 0.070313 0.789063
vt 0.085938 0.789063
vt 0.085938 0.804688
vt 0.093750 0.796875
vt 0.085938 0.796875
vt 0.093750 0.812500
vt 0.093750 0.789063
vt 0.089844 0.792969
vt 0.078125 0.812500
vt 0.109375 0.796875
vt 0.101563 0.789063
vt 0.125000 0.812500
vt 0.109375 0.812500
vt 0.156250 0.812500
vt 0.187500 0.812500
vt 0.218750 0.812500
vt 0.250000 0.812500
vt 0.281250 0.812500
vt 0.312500 0.812500
vt 0.328125 0.796875
vt 0.343750 0.812500
vt 0.343750 0.796875
vt 0.359375 0.796875
vt 0.351563 0.804688
vt 0.375000 0.796875
vt 0.367188 0.804688
vt 0.375000 0.812500
vt 0.359375 0.804688
vt 0.355469 0.808594
vt 0.359375 0.812500
vt 0.351563 0.812500
vt 0.390625 0.796875
vt 0.382813 0.789063
vt 0.406250 0.812500
vt 0.421875 0.796875
vt 0.437500 0.812500
vt 0.453125 0.796875
vt 0.468750 0.812500
vt 0.500000 0.812500
vt 0.531250 0.812500
vt 0.562500 0.812500
vt 0.593750 0.812500
vt 0.609375 0.796875
vt 0.625000 0.812500
vt 0.625000 0.796875
vt 0.640625 0.796875
vt 0.656250 0.812500
vt 0.656250 0.796875
vt 0.671875 0.796875
vt 0.664063 0.789063
vt 0.687500 0.812500
vt 0.718750 0.812500
vt 0.734375 0.796875
vt 0.750000 0.812500
vt 0.750000 0.796875
vt 0.765625 0.796875
vt 0.781250 0.812500
vt 0.812500 0.812500
vt 0.843750 0.812500
vt 0.875000 0.812500
vt 0.906250 0.812500
vt 0.937500 0.812500
vt 0.968750 0.812500
vt 0.984375 0.796875
vt 1.000000 0.812500
vt 1.000000 0.796875
vt 0.000000 0.843750
vt 0.031250 0.843750
vt 0.046875 0.828125
vt 0.062500 0.828125
vt 0.054688 0.835938
vt 0.062500 0.843750
vt 0.046875 0.843750
vt 0.078125 0.828125
vt 0.093750 0.843750
vt 0.078125 0.843750
vt 0.109375 0.828125
vt 0.125000 0.843750
vt 0.156250 0.843750
vt 0.187500 0.843750
vt 0.218750 0.843750
vt 0.250000 0.843750
vt 0.281250 0.843750
vt 0.312500 0.843750
vt 0.328125 0.828125
vt 0.343750 0.843750
vt 0.343750 0.828125
vt 0.328125 0.843750
vt 0.359375 0.828125
vt 0.351563 0.820313
vt 0.375000 0.843750
vt 0.406250 0.843750
vt 0.437500 0.843750
vt 0.468750 0.843750
vt 0.500000 0.843750
vt 0.531250 0.843750
vt 0.562500 0.843750
vt 0.593750 0.843750
vt 0.625000 0.843750
vt 0.656250 0.843750
vt 0.687500 0.843750
vt 0.718750 0.843750
vt 0.750000 0.843750
vt 0.781250 0.843750
vt 0.812500 0.843750
vt 0.843750 0.843750
vt 0.875000 0.843750
vt 0.906250 0.843750
vt 0.937500 0.843750
vt 0.968750 0.843750
vt 1.000000 0.843750
vt 0.000000 0.875000
vt 0.031250 0.875000
vt 0.046875 0.859375
vt 0.054688 0.851563
vt 0.062500 0.875000
vt 0.062500 0.859375
vt 0.078125 0.859375
vt 0.070313 0.851563
vt 0.093750 0.875000
vt 0.078125 0.875000
vt 0.125000 0.875000
vt 0.156250 0.875000
vt 0.187500 0.875000
vt 0.218750 0.875000
vt 0.250000 0.875000
vt 0.281250 0.875000
vt 0.296875 0.859375
vt 0.312500 0.859375
vt 0.304688 0.867188
vt 0.312500 0.875000
vt 0.296875 0.875000
vt 0.304688 0.875000
vt 0.328125 0.859375
vt 0.320313 0.851563
vt 0.343750 0.875000
vt 0.375000 0.875000
vt 0.390625 0.859375
vt 0.406250 0.875000
vt 0.390625 0.875000
vt 0.437500 0.875000
vt 0.468750 0.875000
vt 0.500000 0.875000
vt 0.531250 0.875000
vt 0.562500 0.875000
vt 0.578125 0.859375
vt 0.593750 0.875000
vt 0.593750 0.859375
vt 0.609375 0.859375
vt 0.625000 0.875000
vt 0.656250 0.875000
vt 0.687500 0.875000
vt 0.718750 0.875000
vt 0.750000 0.875000
vt 0.781250 0.875000
vt 0.812500 0.875000
vt 0.843750 0.875000
vt 0.875000 0.875000
vt 0.906250 0.875000
vt 0.937500 0.875000
vt 0.953125 0.859375
vt 0.968750 0.875000
vt 0.953125 0.875000
vt 0.984375 0.859375
vt 1.000000 0.875000
vt 0.000000 0.890625
vt 0.000000 0.906250
vt 0.000000 0.898438
vt 0.015625 0.890625
vt 0.007813 0.898438
vt 0.031250 0.906250
vt 0.015625 0.906250
vt 0.046875 0.890625
vt 0.062500 0.890625
vt 0.054688 0.898438
vt 0.062500 0.898438
vt 0.058594 0.902344
vt 0.062500 0.906250
vt 0.062500 0.902344
vt 0.046875 0.906250
vt 0.054688 0.906250
vt 0.078125 0.890625
vt 0.070313 0.882813
vt 0.070313 0.898438
vt 0.066406 0.902344
vt 0.085938 0.882813
vt 0.078125 0.882813
vt 0.093750 0.906250
vt 0.093750 0.890625
vt 0.078125 0.906250
vt 0.070313 0.906250
vt 0.109375 0.890625
vt 0.125000 0.906250
vt 0.156250 0.906250
vt 0.187500 0.906250
vt 0.218750 0.906250
vt 0.250000 0.906250
vt 0.281250 0.906250
vt 0.296875 0.890625
vt 0.304688 0.882813
vt 0.312500 0.906250
vt 0.312500 0.890625
vt 0.296875 0.906250
vt 0.328125 0.890625
vt 0.343750 0.906250
vt 0.359375 0.890625
vt 0.375000 0.890625
vt 0.367188 0.898438
vt 0.375000 0.906250
vt 0.359375 0.906250
vt 0.390625 0.890625
vt 0.382813 0.882813
vt 0.406250 0.906250
vt 0.437500 0.906250
vt 0.453125 0.890625
vt 0.468750 0.906250
vt 0.500000 0.906250
vt 0.531250 0.906250
vt 0.546875 0.890625
vt 0.562500 0.906250
vt 0.562500 0.890625
vt 0.578125 0.890625
vt 0.593750 0.906250
vt 0.609375 0.890625
vt 0.625000 0.906250
vt 0.656250 0.906250
vt 0.687500 0.906250
vt 0.718750 0.906250
vt 0.750000 0.906250
vt 0.781250 0.906250
vt 0.812500 0.906250
vt 0.843750 0.906250
vt 0.875000 0.906250
vt 0.906250 0.906250
vt 0.921875 0.890625
vt 0.937500 0.906250
vt 0.937500 0.890625
vt 0.953125 0.890625
vt 0.945313 0.882813
vt 0.968750 0.906250
vt 0.953125 0.906250
vt 1.000000 0.906250
vt 0.000000 0.937500
vt 0.015625 0.921875
vt 0.031250 0.937500
vt 0.031250 0.921875
vt 0.046875 0.921875
vt 0.039063 0.929688
vt 0.054688 0.914063
vt 0.054688 0.929688
vt 0.062500 0.921875
vt 0.054688 0.921875
vt 0.062500 0.937500
vt 0.046875 0.929688
vt 0.042969 0.933594
vt 0.046875 0.937500
vt 0.039063 0.937500
vt 0.078125 0.921875
vt 0.070313 0.914063
vt 0.093750 0.937500
vt 0.125000 0.937500
vt 0.156250 0.937500
vt 0.187500 0.937500
vt 0.218750 0.937500
vt 0.250000 0.937500
vt 0.281250 0.937500
vt 0.296875 0.921875
vt 0.304688 0.914063
vt 0.304688 0.929688
vt 0.312500 0.921875
vt 0.304688 0.921875
vt 0.312500 0.937500
vt 0.296875 0.937500
vt 0.328125 0.921875
vt 0.343750 0.937500
vt 0.343750 0.921875
vt 0.359375 0.921875
vt 0.351563 0.929688
vt 0.375000 0.921875
vt 0.367188 0.929688
vt 0.375000 0.929688
vt 0.371094 0.933594
vt 0.375000 0.937500
vt 0.375000 0.933594
vt 0.359375 0.937500
vt 0.359375 0.929688
vt 0.367188 0.937500
vt 0.390625 0.921875
vt 0.382813 0.929688
vt 0.378906 0.933594
vt 0.406250 0.921875
vt 0.398438 0.929688
vt 0.406250 0.937500
vt 0.390625 0.937500
vt 0.382813 0.937500
vt 0.398438 0.937500
vt 0.421875 0.921875
vt 0.437500 0.921875
vt 0.429688 0.929688
vt 0.437500 0.937500
vt 0.421875 0.937500
vt 0.453125 0.921875
vt 0.468750 0.937500
vt 0.453125 0.937500
vt 0.484375 0.921875
vt 0.500000 0.937500
vt 0.531250 0.937500
vt 0.562500 0.937500
vt 0.593750 0.937500
vt 0.625000 0.937500
vt 0.640625 0.921875
vt 0.656250 0.937500
vt 0.640625 0.937500
vt 0.687500 0.937500
vt 0.718750 0.937500
vt 0.750000 0.937500
vt 0.781250 0.937500
vt 0.812500 0.937500
vt 0.843750 0.937500
vt 0.875000 0.937500
vt 0.890625 0.921875
vt 0.906250 0.937500
vt 0.906250 0.921875
vt 0.921875 0.921875
vt 0.914063 0.929688
vt 0.937500 0.921875
vt 0.929687 0.929688
vt 0.937500 0.937500
vt 0.921875 0.929688
vt 0.917969 0.933594
vt 0.921875 0.937500
vt 0.914063 0.937500
vt 0.953125 0.921875
vt 0.960938 0.914063
vt 0.960938 0.929688
vt 0.968750 0.921875
vt 0.960938 0.921875
vt 0.968750 0.937500
vt 0.953125 0.937500
vt 0.984375 0.921875
vt 1.000000 0.937500
vt 0.000000 0.968750
vt 0.015625 0.953125
vt 0.031250 0.968750
vt 0.031250 0.953125
vt 0.015625 0.968750
vt 0.046875 0.953125
vt 0.039063 0.945313
vt 0.062500 0.968750
vt 0.093750 0.968750
vt 0.125000 0.968750
vt 0.156250 0.968750
vt 0.187500 0.968750
vt 0.203125 0.953125
vt 0.218750 0.968750
vt 0.250000 0.968750
vt 0.281250 0.968750
vt 0.296875 0.953125
vt 0.312500 0.953125
vt 0.304688 0.960938
vt 0.312500 0.968750
vt 0.296875 0.968750
vt 0.328125 0.953125
vt 0.320313 0.960938
vt 0.343750 0.968750
vt 0.328125 0.968750
vt 0.320313 0.968750
vt 0.359375 0.953125
vt 0.367188 0.945313
vt 0.375000 0.968750
vt 0.375000 0.953125
vt 0.390625 0.953125
vt 0.382813 0.945313
vt 0.398438 0.945313
vt 0.406250 0.968750
vt 0.406250 0.953125
vt 0.421875 0.953125
vt 0.437500 0.968750
vt 0.453125 0.953125
vt 0.460938 0.945313
vt 0.468750 0.968750
vt 0.468750 0.953125
vt 0.484375 0.953125
vt 0.500000 0.953125
vt 0.492188 0.960938
vt 0.500000 0.968750
vt 0.500000 0.960938
vt 0.484375 0.968750
vt 0.515625 0.953125
vt 0.507813 0.960938
vt 0.531250 0.968750
vt 0.515625 0.968750
vt 0.546875 0.953125
vt 0.562500 0.968750
vt 0.546875 0.968750
vt 0.593750 0.968750
vt 0.609375 0.953125
vt 0.625000 0.968750
vt 0.625000 0.953125
vt 0.640625 0.953125
vt 0.632813 0.960938
vt 0.648438 0.945313
vt 0.648438 0.960938
vt 0.656250 0.953125
vt 0.648438 0.953125
vt 0.644531 0.957031
vt 0.656250 0.968750
vt 0.640625 0.960938
vt 0.636719 0.964844
vt 0.640625 0.968750
vt 0.632813 0.968750
vt 0.671875 0.953125
vt 0.687500 0.968750
vt 0.718750 0.968750
vt 0.750000 0.968750
vt 0.781250 0.968750
vt 0.812500 0.968750
vt 0.843750 0.968750
vt 0.875000 0.968750
vt 0.890625 0.953125
vt 0.906250 0.968750
vt 0.906250 0.953125
vt 0.890625 0.968750
vt 0.921875 0.953125
vt 0.914063 0.945313
vt 0.937500 0.968750
vt 0.953125 0.953125
vt 0.968750 0.968750
vt 1.000000 0.968750
vt 0.000000 1.000000
vt 0.015625 0.984375
vt 0.031250 1.000000
vt 0.062500 1.000000
vt 0.093750 1.000000
vt 0.125000 1.000000
vt 0.156250 1.000000
vt 0.187500 1.000000
vt 0.218750 1.000000
vt 0.250000 1.000000
vt 0.281250 1.000000
vt 0.296875 0.984375
vt 0.312500 1.000000
vt 0.312500 0.984375
vt 0.328125 0.984375
vt 0.320313 0.976563
vt 0.335938 0.976563
vt 0.328125 0.976563
vt 0.324219 0.972656
vt 0.343750 1.000000
vt 0.343750 0.984375
vt 0.359375 0.984375
vt 0.375000 0.984375
vt 0.367188 0.992188
vt 0.375000 1.000000
vt 0.359375 1.000000
vt 0.390625 0.984375
vt 0.406250 1.000000
vt 0.421875 0.984375
vt 0.437500 0.984375
vt 0.429688 0.992188
vt 0.437500 1.000000
vt 0.437500 0.992188
vt 0.421875 1.000000
vt 0.453125 0.984375
vt 0.445313 0.992188
vt 0.468750 1.000000
vt 0.453125 1.000000
vt 0.484375 0.984375
vt 0.500000 1.000000
vt 0.500000 0.984375
vt 0.515625 0.984375
vt 0.523438 0.976563
vt 0.531250 1.000000
vt 0.531250 0.984375
vt 0.531250 0.976563
vt 0.546875 0.984375
vt 0.539063 0.976563
vt 0.562500 1.000000
vt 0.593750 1.000000
vt 0.609375 0.984375
vt 0.625000 1.000000
vt 0.625000 0.984375
vt 0.640625 0.984375
vt 0.632813 0.976563
vt 0.656250 1.000000
vt 0.687500 1.000000
vt 0.718750 1.000000
vt 0.750000 1.000000
vt 0.781250 1.000000
vt 0.812500 1.000000
vt 0.843750 1.000000
vt 0.859375 0.984375
vt 0.875000 1.000000
vt 0.875000 0.984375
vt 0.890625 0.984375
vt 0.906250 1.000000
vt 0.937500 1.000000
vt 0.968750 1.000000
vt 1.000000 1.000000
g terrain_g
usemtl terrain_mtl
f 1/1/1 3/3/3 2/2/2
f 4/4/4 5/5/5 3/3/3
f 5/5/5 7/7/7 6/6/6
f 4/4/4 7/7/7 5/5/5
f 1/1/1 4/4/4 3/3/3
f 3/3/3 9/9/9 8/8/8
f 9/9/9 5/5/5 6/6/6
f 3/3/3 5/5/5 9/9/9
f 2/2/2 3/3/3 8/8/8
f 10/10/10 9/9/9 6/6/6
f 8/8/8 9/9/9 10/10/10
f 11/11/11 10/10/10 6/6/6
f 12/12/12 10/10/10 11/11/11
f 8/8/8 10/10/10 12/12/12
f 12/12/12 11/11/11 13/13/13
f 13/13/13 14/14/14 12/12/12
f 14/14/14 13/13/13 15/15/15
f 15/15/15 16/16/16 14/14/14
f 16/16/16 15/15/15 17/17/17
f 17/17/17 18/18/18 16/16/16
f 18/18/18 17/17/17 19/19/19
f 19/19/19 20/20/20 18/18/18
f 20/20/20 19/19/19 21/21/21
f 21/21/21 22/22/22 20/20/20
f 22/22/22 21/21/21 23/23/23
f 23/23/23 24/24/24 22/22/22
f 24/24/24 23/23/23 25/25/25
f 25/25/25 26/26/26 24/24/24
f 26/26/26 25/25/25 27/27/27
f 27/27/27 28/28/28 26/26/26
f 28/28/28 27/27/27 29/29/29
f 29/29/29 30/30/30 28/28/28
f 30/30/30 29/29/29 31/31/31
f 31/31/31 32/32/32 30/30/30
f 32/32/32 31/31/31 33/33/33
f 33/33/33 34/34/34 32/32/32
f 34/34/34 33/33/33 35/35/35
f 35/35/35 36/36/36 34/34/34
f 36/36/36 35/35/35 37/37/37
f 37/37/37 38/38/38 36/36/36
f 38/38/38 37/37/37 39/39/39
f 39/39/39 40/40/40 38/38/38
f 40/40/40 39/39/39 41/41/41
f 41/41/41 42/42/42 40/40/40
f 42/42/42 41/41/41 43/43/43
f 43/43/43 44/44/44 42/42/42
f 43/43/43 45/45/45 44/44/44
f 45/45/45 47/47/47 46/46/46
f 43/43/43 47/47/47 45/45/45
f 48/48/48 45/45/45 46/46/46
f 44/44/44 45/45/45 48/48/48
f 48/48/48 46/46/46 49/49/49
f 49/49/49 50/50/50 48/48/48
f 49/49/49 51/51/51 50/50/50
f 52/52/52 51/51/51 49/49/49
f 53/53/53 51/51/51 52/52/52
f 51/51/51 54/54/54 50/50/50
f 53/53/53 54/54/54 51/51/51
f 53/53/53 52/52/52 55/55/55
f 55/55/55 56/56/56 53/53/53
f 56/56/56 55/55/55 57/57/57
f 57/57/57 58/58/58 56/56/56
f 58/58/58 57/57/57 59/59/59
f 59/59/59 60/60/60 58/58/58
f 60/60/60 59/59/59 61/61/61
f 61/61/61 62/62/62 60/60/60
f 62/62/62 61/61/61 63/63/63
f 63/63/63 64/64/64 62/62/62
f 64/64/64 63/63/63 65/65/65
f 65/65/65 66/66/66 64/64/64
f 65/65/65 67/67/67 66/66/66
f 68/68/68 67/67/67 65/65/65
f 67/67/67 70/70/70 69/69/69
f 68/68/68 70/70/70 67/67/67
f 66/66/66 67/67/67 69/69/69
f 71/71/71 70/70/70 68/68/68
f 69/69/69 70/70/70 71/71/71
f 72/72/72 71/71/71 68/68/68
f 71/71/71 74/74/74 73/73/73
f 72/72/72 74/74/74 71/71/71
f 69/69/69 71/71/71 73/73/73
f 75/75/75 74/74/74 72/72/72
f 74/74/74 76/76/76 73/73/73
f 75/75/75 76/76/76 74/74/74
f 77/77/77 75/75/75 72/72/72
f 78/78/78 75/75/75 77/77/77
f 79/79/79 76/76/76 75/75/75
f 73/73/73 76/76/76 79/79/79
f 78/78/78 79/79/79 75/75/75
f 78/78/78 77/77/77 80/80/80
f 80/80/80 81/81/81 78/78/78
f 81/81/81 80/80/80 82/82/82
f 82/82/82 83/83/83 81/81/81
f 84/84/84 2/2/2 8/8/8
f 8/8/8 85/85/85 84/84/84
f 85/85/85 8/8/8 12/12/12
f 12/12/12 86/86/86 85/85/85
f 86/86/86 12/12/12 14/14/14
f 14/14/14 87/87/87 86/86/86
f 87/87/87 14/14/14 16/16/16
f 16/16/16 88/88/88 87/87/87
f 88/88/88 16/16/16 18/18/18
f 18/18/18 89/89/89 88/88/88
f 18/18/18 90/90/90 89/89/89
f 20/20/20 90/90/90 18/18/18
f 91/91/91 90/90/90 20/20/20
f 90/90/90 92/92/92 89/89/89
f 91/91/91 92/92/92 90/90/90
f 91/91/91 20/20/20 22/22/22
f 22/22/22 93/93/93 91/91/91
f 93/93/93 22/22/22 24/24/24
f 24/24/24 94/94/94 93/93/93
f 94/94/94 24/24/24 26/26/26
f 26/26/26 95/95/95 94/94/94
f 95/95/95 26/26/26 28/28/28
f 28/28/28 96/96/96 95/95/95
f 96/96/96 28/28/28 30/30/30
f 30/30/30 97/97/97 96/96/96
f 97/97/97 30/30/30 32/32/32
f 32/32/32 98/98/98 97/97/97
f 98/98/98 32/32/32 34/34/34
f 34/34/34 99/99/99 98/98/98
f 99/99/99 34/34/34 36/36/36
f 36/36/36 100/100/100 99/99/99
f 100/100/100 36/36/36 38/38/38
f 38/38/38 101/101/101 100/100/100
f 101/101/101 38/38/38 40/40/40
f 40/40/40 102/102/102 101/101/101
f 102/102/102 40/40/40 42/42/42
f 42/42/42 103/103/103 102/102/102
f 103/103/103 42/42/42 44/44/44
f 44/44/44 104/104/104 103/103/103
f 44/44/44 105/105/105 104/104/104
f 48/48/48 105/105/105 44/44/44
f 105/105/105 107/107/107 106/106/106
f 48/48/48 107/107/107 105/105/105
f 104/104/104 105/105/105 106/106/106
f 108/108/108 107/107/107 48/48/48
f 106/106/106 107/107/107 108/108/108
f 50/50/50 108/108/108 48/48/48
f 109/109/109 108/108/108 50/50/50
f 106/106/106 108/108/108 109/109/109
f 50/50/50 110/110/110 109/109/109
f 110/110/110 54/54/54 53/53/53
f 50/50/50 54/54/54 110/110/110
f 111/111/111 110/110/110 53/53/53
f 109/109/109 110/110/110 111/111/111
f 111/111/111 53/53/53 56/56/56
f 56/56/56 112/112/112 111/111/111
f 112/112/112 56/56/56 58/58/58
f 58/58/58 113/113/113 112/112/112
f 113/113/113 58/58/58 60/60/60
f 60/60/60 114/114/114 113/113/113
f 114/114/114 60/60/60 62/62/62
f 62/62/62 115/115/115 114/114/114
f 115/115/115 62/62/62 64/64/64
f 64/64/64 116/116/116 115/115/115
f 116/116/116 64/64/64 66/66/66
f 66/66/66 117/117/117 116/116/116
f 117/117/117 66/66/66 69/69/69
f 69/69/69 118/118/118 117/117/117
f 118/118/118 69/69/69 73/73/73
f 73/73/73 119/119/119 118/118/118
f 73/73/73 120/120/120 119/119/119
f 120/120/120 79/79/79 78/78/78
f 73/73/73 79/79/79 120/120/120
f 121/121/121 120/120/120 78/78/78
f 119/119/119 120/120/120 121/121/121
f 121/121/121 78/78/78 81/81/81
f 81/81/81 122/122/122 121/121/121
f 122/122/122 81/81/81 83/83/83
f 83/83/83 123/123/123 122/122/122
f 124/124/124 84/84/84 85/85/85
f 85/85/85 125/125/125 124/124/124
f 85/85/85 126/126/126 125/125/125
f 86/86/86 126/126/126 85/85/85
f 126/126/126 128/128/128 127/127/127
f 86/86/86 128/128/128 126/126/126
f 125/125/125 126/126/126 127/127/127
f 129/129/129 128/128/128 86/86/86
f 128/128/128 130/130/130 127/127/127
f 129/129/129 130/130/130 128/128/128
f 87/87/87 129/129/129 86/86/86
f 131/131/131 129/129/129 87/87/87
f 132/132/132 130/130/130 129/129/129
f 127/127/127 130/130/130 132/132/132
f 131/131/131 132/132/132 129/129/129
f 131/131/131 87/87/87 88/88/88
f 88/88/88 133/133/133 131/131/131
f 133/133/133 88/88/88 89/89/89
f 89/89/89 134/134/134 133/133/133
f 89/89/89 135/135/135 134/134/134
f 135/135/135 92/92/92 91/91/91
f 89/89/89 92/92/92 135/135/135
f 136/136/136 135/135/135 91/91/91
f 134/134/134 135/135/135 136/136/136
f 136/136/136 91/91/91 93/93/93
f 93/93/93 137/137/137 136/136/136
f 137/137/137 93/93/93 94/94/94
f 94/94/94 138/138/138 137/137/137
f 138/138/138 94/94/94 95/95/95
f 95/95/95 139/139/139 138/138/138
f 139/139/139 95/95/95 96/96/96
f 96/96/96 140/140/140 139/139/139
f 140/140/140 96/96/96 97/97/97
f 97/97/97 141/141/141 140/140/140
f 141/141/141 97/97/97 98/98/98
f 98/98/98 142/142/142 141/141/141
f 142/142/142 98/98/98 99/99/99
f 99/99/99 143/143/143 142/142/142
f 143/143/143 99/99/99 100/100/100
f 100/100/100 144/144/144 143/143/143
f 144/144/144 100/100/100 101/101/101
f 101/101/101 145/145/145 144/144/144
f 145/145/145 101/101/101 102/102/102
f 102/102/102 146/146/146 145/145/145
f 146/146/146 102/102/102 103/103/103
f 103/103/103 147/147/147 146/146/146
f 147/147/147 103/103/103 104/104/104
f 104/104/104 148/148/148 147/147/147
f 148/148/148 104/104/104 106/106/106
f 106/106/106 149/149/149 148/148/148
f 106/106/106 150/150/150 149/149/149
f 109/109/109 150/150/150 106/106/106
f 150/150/150 152/152/152 151/151/151
f 109/109/109 152/152/152 150/150/150
f 149/149/149 150/150/150 151/151/151
f 153/153/153 152/152/152 109/109/109
f 151/151/151 152/152/152 153/153/153
f 111/111/111 153/153/153 109/109/109
f 154/154/154 153/153/153 111/111/111
f 151/151/151 153/153/153 154/154/154
f 154/154/154 111/111/111 112/112/112
f 112/112/112 155/155/155 154/154/154
f 155/155/155 112/112/112 113/113/113
f 113/113/113 156/156/156 155/155/155
f 156/156/156 113/113/113 114/114/114
f 114/114/114 157/157/157 156/156/156
f 114/114/114 158/158/158 157/157/157
f 115/115/115 158/158/158 114/114/114
f 159/159/159 160/160/160 158/158/158
f 161/161/161 160/160/160 159/159/159
f 115/115/115 159/159/159 158/158/158
f 158/158/158 162/162/162 157/157/157
f 162/162/162 160/160/160 161/161/161
f 158/158/158 160/160/160 162/162/162
f 163/163/163 159/159/159 115/115/115
f 161/161/161 159/159/159 163/163/163
f 116/116/116 163/163/163 115/115/115
f 164/164/164 163/163/163 116/116/116
f 161/161/161 163/163/163 164/164/164
f 164/164/164 116/116/116 117/117/117
f 117/117/117 165/165/165 164/164/164
f 165/165/165 117/117/117 118/118/118
f 118/118/118 166/166/166 165/165/165
f 166/166/166 118/118/118 119/119/119
f 119/119/119 167/167/167 166/166/166
f 167/167/167 119/119/119 121/121/121
f 121/121/121 168/168/168 167/167/167
f 168/168/168 121/121/121 122/122/122
f 122/122/122 169/169/169 168/168/168
f 169/169/169 122/122/122 123/123/123
f 123/123/123 170/170/170 169/169/169
f 171/171/171 124/124/124 125/125/125
f 125/125/125 172/172/172 171/171/171
f 172/172/172 125/125/125 127/127/127
f 127/127/127 173/173/173 172/172/172
f 127/127/127 174/174/174 173/173/173
f 174/174/174 132/132/132 131/131/131
f 127/127/127 132/132/132 174/174/174
f 175/175/175 174/174/174 131/131/131
f 173/173/173 174/174/174 175/175/175
f 175/175/175 131/131/131 133/133/133
f 133/133/133 176/176/176 175/175/175
f 176/176/176 133/133/133 134/134/134
f 134/134/134 177/177/177 176/176/176
f 177/177/177 134/134/134 136/136/136
f 136/136/136 178/178/178 177/177/177
f 178/178/178 136/136/136 137/137/137
f 137/137/137 179/179/179 178/178/178
f 179/179/179 137/137/137 138/138/138
f 138/138/138 180/180/180 179/179/179
f 180/180/180 138/138/138 139/139/139
f 139/139/139 181/181/181 180/180/180
f 181/181/181 139/139/139 140/140/140
f 140/140/140 182/182/182 181/181/181
f 182/182/182 140/140/140 141/141/141
f 141/141/141 183/183/183 182/182/182
f 183/183/183 141/141/141 142/142/142
f 142/142/142 184/184/184 183/183/183
f 184/184/184 142/142/142 143/143/143
f 143/143/143 185/185/185 184/184/184
f 143/143/143 186/186/186 185/185/185
f 144/144/144 186/186/186 143/143/143
f 186/186/186 188/188/188 187/187/187
f 144/144/144 188/188/188 186/186/186
f 185/185/185 186/186/186 187/187/187
f 189/189/189 188/188/188 144/144/144
f 187/187/187 188/188/188 189/189/189
f 145/145/145 189/189/189 144/144/144
f 190/190/190 189/189/189 145/145/145
f 187/187/187 189/189/189 190/190/190
f 190/190/190 145/145/145 146/146/146
f 146/146/146 191/191/191 190/190/190
f 191/191/191 146/146/146 147/147/147
f 147/147/147 192/192/192 191/191/191
f 192/192/192 147/147/147 148/148/148
f 148/148/148 193/193/193 192/192/192
f 193/193/193 148/148/148 149/149/149
f 149/149/149 194/194/194 193/193/193
f 194/194/194 149/149/149 151/151/151
f 151/151/151 195/195/195 194/194/194
f 195/195/195 151/151/151 154/154/154
f 154/154/154 196/196/196 195/195/195
f 196/196/196 154/154/154 155/155/155
f 155/155/155 197/197/197 196/196/196
f 197/197/197 155/155/155 156/156/156
f 156/156/156 198/198/198 197/197/197
f 198/198/198 156/156/156 157/157/157
f 157/157/157 199/199/199 198/198/198
f 157/157/157 200/200/200 199/199/199
f 200/200/200 162/162/162 161/161/161
f 157/157/157 162/162/162 200/200/200
f 201/201/201 200/200/200 161/161/161
f 199/199/199 200/200/200 201/201/201
f 201/201/201 161/161/161 164/164/164
f 164/164/164 202/202/202 201/201/201
f 202/202/202 164/164/164 165/165/165
f 165/165/165 203/203/203 202/202/202
f 203/203/203 165/165/165 166/166/166
f 166/166/166 204/204/204 203/203/203
f 204/204/204 166/166/166 167/167/167
f 167/167/167 205/205/205 204/204/204
f 167/167/167 206/206/206 205/205/205
f 168/168/168 206/206/206 167/167/167
f 207/207/207 206/206/206 168/168/168
f 205/205/205 206/206/206 207/207/207
f 207/207/207 168/168/168 169/169/169
f 169/169/169 208/208/208 207/207/207
f 208/208/208 169/169/169 170/170/170
f 170/170/170 209/209/209 208/208/208
f 210/210/210 171/171/171 172/172/172
f 172/172/172 211/211/211 210/210/210
f 211/211/211 172/172/172 173/173/173
f 173/173/173 212/212/212 211/211/211
f 212/212/212 173/173/173 175/175/175
f 175/175/175 213/213/213 212/212/212
f 175/175/175 214/214/214 213/213/213
f 176/176/176 214/214/214 175/175/175
f 215/215/215 214/214/214 176/176/176
f 214/214/214 216/216/216 213/213/213
f 215/215/215 216/216/216 214/214/214
f 215/215/215 176/176/176 177/177/177
f 177/177/177 217/217/217 215/215/215
f 217/217/217 177/177/177 178/178/178
f 178/178/178 218/218/218 217/217/217
f 218/218/218 178/178/178 179/179/179
f 179/179/179 219/219/219 218/218/218
f 219/219/219 179/179/179 180/180/180
f 180/180/180 220/220/220 219/219/219
f 220/220/220 180/180/180 181/181/181
f 181/181/181 221/221/221 220/220/220
f 221/221/221 181/181/181 182/182/182
f 182/182/182 222/222/222 221/221/221
f 222/222/222 182/182/182 183/183/183
f 183/183/183 223/223/223 222/222/222
f 223/223/223 183/183/183 184/184/184
f 184/184/184 224/224/224 223/223/223
f 224/224/224 184/184/184 185/185/185
f 185/185/185 225/225/225 224/224/224
f 225/225/225 185/185/185 187/187/187
f 187/187/187 226/226/226 225/225/225
f 226/226/226 187/187/187 190/190/190
f 190/190/190 227/227/227 226/226/226
f 227/227/227 190/190/190 191/191/191
f 191/191/191 228/228/228 227/227/227
f 228/228/228 191/191/191 192/192/192
f 192/192/192 229/229/229 228/228/228
f 229/229/229 192/192/192 193/193/193
f 193/193/193 230/230/230 229/229/229
f 230/230/230 193/193/193 194/194/194
f 194/194/194 231/231/231 230/230/230
f 231/231/231 194/194/194 195/195/195
f 195/195/195 232/232/232 231/231/231
f 232/232/232 195/195/195 196/196/196
f 196/196/196 233/233/233 232/232/232
f 233/233/233 196/196/196 197/197/197
f 197/197/197 234/234/234 233/233/233
f 234/234/234 197/197/197 198/198/198
f 198/198/198 235/235/235 234/234/234
f 235/235/235 198/198/198 199/199/199
f 199/199/199 236/236/236 235/235/235
f 236/236/236 199/199/199 201/201/201
f 201/201/201 237/237/237 236/236/236
f 237/237/237 201/201/201 202/202/202
f 202/202/202 238/238/238 237/237/237
f 238/238/238 202/202/202 203/203/203
f 203/203/203 239/239/239 238/238/238
f 239/239/239 203/203/203 204/204/204
f 204/204/204 240/240/240 239/239/239
f 240/240/240 204/204/204 205/205/205
f 205/205/205 241/241/241 240/240/240
f 241/241/241 205/205/205 207/207/207
f 207/207/207 242/242/242 241/241/241
f 242/242/242 207/207/207 208/208/208
f 208/208/208 243/243/243 242/242/242
f 243/243/243 208/208/208 209/209/209
f 209/209/209 244/244/244 243/243/243
f 245/245/245 210/210/210 211/211/211
f 211/211/211 246/246/246 245/245/245
f 246/246/246 211/211/211 212/212/212
f 212/212/212 247/247/247 246/246/246
f 247/247/247 212/212/212 213/213/213
f 213/213/213 248/248/248 247/247/247
f 213/213/213 249/249/249 248/248/248
f 249/249/249 216/216/216 215/215/215
f 213/213/213 216/216/216 249/249/249
f 250/250/250 249/249/249 215/215/215
f 248/248/248 249/249/249 250/250/250
f 250/250/250 215/215/215 217/217/217
f 217/217/217 251/251/251 250/250/250
f 251/251/251 217/217/217 218/218/218
f 218/218/218 252/252/252 251/251/251
f 252/252/252 218/218/218 219/219/219
f 219/219/219 253/253/253 252/252/252
f 253/253/253 219/219/219 220/220/220
f 220/220/220 254/254/254 253/253/253
f 254/254/254 220/220/220 221/221/221
f 221/221/221 255/255/255 254/254/254
f 255/255/255 221/221/221 222/222/222
f 222/222/222 256/256/256 255/255/255
f 256/256/256 222/222/222 223/223/223
f 223/223/223 257/257/257 256/256/256
f 257/257/257 223/223/223 224/224/224
f 224/224/224 258/258/258 257/257/257
f 258/258/258 224/224/224 225/225/225
f 225/225/225 259/259/259 258/258/258
f 259/259/259 225/225/225 226/226/226
f 226/226/226 260/260/260 259/259/259
f 260/260/260 226/226/226 227/227/227
f 227/227/227 261/261/261 260/260/260
f 261/261/261 227/227/227 228/228/228
f 228/228/228 262/262/262 261/261/261
f 262/262/262 228/228/228 229/229/229
f 229/229/229 263/263/263 262/262/262
f 263/263/263 229/229/229 230/230/230
f 230/230/230 264/264/264 263/263/263
f 264/264/264 230/230/230 231/231/231
f 231/231/231 265/265/265 264/264/264
f 265/265/265 231/231/231 232/232/232
f 232/232/232 266/266/266 265/265/265
f 266/266/266 232/232/232 233/233/233
f 233/233/233 267/267/267 266/266/266
f 233/233/233 268/268/268 267/267/267
f 234/234/234 268/268/268 233/233/233
f 269/269/269 270/270/270 268/268/268
f 271/271/271 270/270/270 269/269/269
f 234/234/234 269/269/269 268/268/268
f 268/268/268 272/272/272 267/267/267
f 272/272/272 270/270/270 271/271/271
f 268/268/268 270/270/270 272/272/272
f 273/273/273 269/269/269 234/234/234
f 271/271/271 269/269/269 273/273/273
f 235/235/235 273/273/273 234/234/234
f 274/274/274 273/273/273 235/235/235
f 271/271/271 273/273/273 274/274/274
f 235/235/235 275/275/275 274/274/274
f 236/236/236 275/275/275 235/235/235
f 275/275/275 277/277/277 276/276/276
f 236/236/236 277/277/277 275/275/275
f 275/275/275 278/278/278 274/274/274
f 276/276/276 278/278/278 275/275/275
f 279/279/279 277/277/277 236/236/236
f 276/276/276 277/277/277 279/279/279
f 237/237/237 279/279/279 236/236/236
f 280/280/280 279/279/279 237/237/237
f 276/276/276 279/279/279 280/280/280
f 280/280/280 237/237/237 238/238/238
f 238/238/238 281/281/281 280/280/280
f 281/281/281 238/238/238 239/239/239
f 239/239/239 282/282/282 281/281/281
f 282/282/282 239/239/239 240/240/240
f 240/240/240 283/283/283 282/282/282
f 283/283/283 240/240/240 241/241/241
f 241/241/241 284/284/284 283/283/283
f 284/284/284 241/241/241 242/242/242
f 242/242/242 285/285/285 284/284/284
f 242/242/242 286/286/286 285/285/285
f 243/243/243 286/286/286 242/242/242
f 286/286/286 288/288/288 287/287/287
f 243/243/243 288/288/288 286/286/286
f 285/285/285 286/286/286 287/287/287
f 289/289/289 288/288/288 243/243/243
f 288/288/288 290/290/290 287/287/287
f 289/289/289 290/290/290 288/288/288
f 244/244/244 289/289/289 243/243/243
f 291/291/291 292/292/292 289/289/289
f 293/293/293 292/292/292 291/291/291
f 244/244/244 291/291/291 289/289/289
f 294/294/294 290/290/290 289/289/289
f 287/287/287 290/290/290 294/294/294
f 294/294/294 292/292/292 293/293/293
f 289/289/289 292/292/292 294/294/294
f 295/295/295 245/245/245 246/246/246
f 246/246/246 296/296/296 295/295/295
f 296/296/296 246/246/246 247/247/247
f 247/247/247 297/297/297 296/296/296
f 297/297/297 247/247/247 248/248/248
f 248/248/248 298/298/298 297/297/297
f 298/298/298 248/248/248 250/250/250
f 250/250/250 299/299/299 298/298/298
f 299/299/299 250/250/250 251/251/251
f 251/251/251 300/300/300 299/299/299
f 251/251/251 301/301/301 300/300/300
f 252/252/252 301/301/301 251/251/251
f 302/302/302 301/301/301 252/252/252
f 300/300/300 301/301/301 302/302/302
f 302/302/302 252/252/252 253/253/253
f 253/253/253 303/303/303 302/302/302
f 303/303/303 253/253/253 254/254/254
f 254/254/254 304/304/304 303/303/303
f 304/304/304 254/254/254 255/255/255
f 255/255/255 305/305/305 304/304/304
f 305/305/305 255/255/255 256/256/256
f 256/256/256 306/306/306 305/305/305
f 306/306/306 256/256/256 257/257/257
f 257/257/257 307/307/307 306/306/306
f 307/307/307 257/257/257 258/258/258
f 258/258/258 308/308/308 307/307/307
f 308/308/308 258/258/258 259/259/259
f 259/259/259 309/309/309 308/308/308
f 309/309/309 259/259/259 260/260/260
f 260/260/260 310/310/310 309/309/309
f 310/310/310 260/260/260 261/261/261
f 261/261/261 311/311/311 310/310/310
f 311/311/311 261/261/261 262/262/262
f 262/262/262 312/312/312 311/311/311
f 312/312/312 262/262/262 263/263/263
f 263/263/263 313/313/313 312/312/312
f 313/313/313 263/263/263 264/264/264
f 264/264/264 314/314/314 313/313/313
f 314/314/314 264/264/264 265/265/265
f 265/265/265 315/315/315 314/314/314
f 315/315/315 265/265/265 266/266/266
f 266/266/266 316/316/316 315/315/315
f 316/316/316 266/266/266 267/267/267
f 267/267/267 317/317/317 316/316/316
f 267/267/267 318/318/318 317/317/317
f 318/318/318 272/272/272 271/271/271
f 267/267/267 272/272/272 318/318/318
f 319/319/319 318/318/318 271/271/271
f 317/317/317 318/318/318 319/319/319
f 271/271/271 320/320/320 319/319/319
f 274/274/274 320/320/320 271/271/271
f 320/320/320 322/322/322 321/321/321
f 274/274/274 322/322/322 320/320/320
f 319/319/319 320/320/320 321/321/321
f 322/322/322 324/324/324 323/323/323
f 274/274/274 324/324/324 322/322/322
f 321/321/321 322/322/322 323/323/323
f 323/323/323 278/278/278 276/276/276
f 278/278/278 324/324/324 274/274/274
f 323/323/323 324/324/324 278/278/278
f 325/325/325 323/323/323 276/276/276
f 321/321/321 323/323/323 325/325/325
f 325/325/325 276/276/276 280/280/280
f 280/280/280 326/326/326 325/325/325
f 326/326/326 280/280/280 281/281/281
f 281/281/281 327/327/327 326/326/326
f 327/327/327 281/281/281 282/282/282
f 282/282/282 328/328/328 327/327/327
f 328/328/328 282/282/282 283/283/283
f 283/283/283 329/329/329 328/328/328
f 329/329/329 283/283/283 284/284/284
f 284/284/284 330/330/330 329/329/329
f 284/284/284 331/331/331 330/330/330
f 285/285/285 331/331/331 284/284/284
f 331/331/331 333/333/333 332/332/332
f 285/285/285 333/333/333 331/331/331
f 330/330/330 331/331/331 332/332/332
f 334/334/334 333/333/333 285/285/285
f 333/333/333 335/335/335 332/332/332
f 334/334/334 335/335/335 333/333/333
f 287/287/287 334/334/334 285/285/285
f 336/336/336 334/334/334 287/287/287
f 337/337/337 335/335/335 334/334/334
f 332/332/332 335/335/335 337/337/337
f 336/336/336 337/337/337 334/334/334
f 287/287/287 338/338/338 336/336/336
f 338/338/338 294/294/294 293/293/293
f 287/287/287 294/294/294 338/338/338
f 339/339/339 338/338/338 293/293/293
f 336/336/336 338/338/338 339/339/339
f 340/340/340 295/295/295 296/296/296
f 296/296/296 341/341/341 340/340/340
f 341/341/341 296/296/296 297/297/297
f 297/297/297 342/342/342 341/341/341
f 342/342/342 297/297/297 298/298/298
f 298/298/298 343/343/343 342/342/342
f 343/343/343 298/298/298 299/299/299
f 299/299/299 344/344/344 343/343/343
f 344/344/344 299/299/299 300/300/300
f 300/300/300 345/345/345 344/344/344
f 345/345/345 300/300/300 302/302/302
f 302/302/302 346/346/346 345/345/345
f 346/346/346 302/302/302 303/303/303
f 303/303/303 347/347/347 346/346/346
f 347/347/347 303/303/303 304/304/304
f 304/304/304 348/348/348 347/347/347
f 348/348/348 304/304/304 305/305/305
f 305/305/305 349/349/349 348/348/348
f 349/349/349 305/305/305 306/306/306
f 306/306/306 350/350/350 349/349/349
f 350/350/350 306/306/306 307/307/307
f 307/307/307 351/351/351 350/350/350
f 351/351/351 307/307/307 308/308/308
f 308/308/308 352/352/352 351/351/351
f 352/352/352 308/308/308 309/309/309
f 309/309/309 353/353/353 352/352/352
f 353/353/353 309/309/309 310/310/310
f 310/310/310 354/354/354 353/353/353
f 354/354/354 310/310/310 311/311/311
f 311/311/311 355/355/355 354/354/354
f 355/355/355 311/311/311 312/312/312
f 312/312/312 356/356/356 355/355/355
f 356/356/356 312/312/312 313/313/313
f 313/313/313 357/357/357 356/356/356
f 357/357/357 313/313/313 314/314/314
f 314/314/314 358/358/358 357/357/357
f 358/358/358 314/314/314 315/315/315
f 315/315/315 359/359/359 358/358/358
f 359/359/359 315/315/315 316/316/316
f 316/316/316 360/360/360 359/359/359
f 360/360/360 316/316/316 317/317/317
f 317/317/317 361/361/361 360/360/360
f 317/317/317 362/362/362 361/361/361
f 319/319/319 362/362/362 317/317/317
f 363/363/363 362/362/362 319/319/319
f 362/362/362 364/364/364 361/361/361
f 363/363/363 364/364/364 362/362/362
f 319/319/319 365/365/365 363/363/363
f 321/321/321 365/365/365 319/319/319
f 366/366/366 365/365/365 321/321/321
f 363/363/363 365/365/365 366/366/366
f 366/366/366 321/321/321 325/325/325
f 325/325/325 367/367/367 366/366/366
f 325/325/325 368/368/368 367/367/367
f 326/326/326 368/368/368 325/325/325
f 368/368/368 370/370/370 369/369/369
f 326/326/326 370/370/370 368/368/368
f 367/367/367 368/368/368 369/369/369
f 371/371/371 370/370/370 326/326/326
f 369/369/369 370/370/370 371/371/371
f 327/327/327 371/371/371 326/326/326
f 372/372/372 371/371/371 327/327/327
f 369/369/369 371/371/371 372/372/372
f 372/372/372 327/327/327 328/328/328
f 328/328/328 373/373/373 372/372/372
f 373/373/373 328/328/328 329/329/329
f 329/329/329 374/374/374 373/373/373
f 374/374/374 329/329/329 330/330/330
f 330/330/330 375/375/375 374/374/374
f 375/375/375 330/330/330 332/332/332
f 332/332/332 376/376/376 375/375/375
f 332/332/332 377/377/377 376/376/376
f 377/377/377 337/337/337 336/336/336
f 332/332/332 337/337/337 377/377/377
f 378/378/378 377/377/377 336/336/336
f 376/376/376 377/377/377 378/378/378
f 378/378/378 336/336/336 339/339/339
f 339/339/339 379/379/379 378/378/378
f 380/380/380 340/340/340 341/341/341
f 341/341/341 381/381/381 380/380/380
f 381/381/381 341/341/341 342/342/342
f 342/342/342 382/382/382 381/381/381
f 382/382/382 342/342/342 343/343/343
f 343/343/343 383/383/383 382/382/382
f 383/383/383 343/343/343 344/344/344
f 344/344/344 384/384/384 383/383/383
f 384/384/384 344/344/344 345/345/345
f 345/345/345 385/385/385 384/384/384
f 385/385/385 345/345/345 346/346/346
f 346/346/346 386/386/386 385/385/385
f 386/386/386 346/346/346 347/347/347
f 347/347/347 387/387/387 386/386/386
f 347/347/347 388/388/388 387/387/387
f 348/348/348 388/388/388 347/347/347
f 389/389/389 388/388/388 348/348/348
f 388/388/388 390/390/390 387/387/387
f 389/389/389 390/390/390 388/388/388
f 389/389/389 348/348/348 349/349/349
f 349/349/349 391/391/391 389/389/389
f 349/349/349 392/392/392 391/391/391
f 350/350/350 392/392/392 349/349/349
f 392/392/392 394/394/394 393/393/393
f 350/350/350 394/394/394 392/392/392
f 391/391/391 392/392/392 393/393/393
f 395/395/395 394/394/394 350/350/350
f 394/394/394 396/396/396 393/393/393
f 395/395/395 396/396/396 394/394/394
f 351/351/351 395/395/395 350/350/350
f 397/397/397 395/395/395 351/351/351
f 398/398/398 396/396/396 395/395/395
f 393/393/393 396/396/396 398/398/398
f 397/397/397 398/398/398 395/395/395
f 397/397/397 351/351/351 352/352/352
f 352/352/352 399/399/399 397/397/397
f 399/399/399 352/352/352 353/353/353
f 353/353/353 400/400/400 399/399/399
f 353/353/353 401/401/401 400/400/400
f 354/354/354 401/401/401 353/353/353
f 402/402/402 401/401/401 354/354/354
f 400/400/400 401/401/401 402/402/402
f 402/402/402 354/354/354 355/355/355
f 355/355/355 403/403/403 402/402/402
f 403/403/403 355/355/355 356/356/356
f 356/356/356 404/404/404 403/403/403
f 404/404/404 356/356/356 357/357/357
f 357/357/357 405/405/405 404/404/404
f 405/405/405 357/357/357 358/358/358
f 358/358/358 406/406/406 405/405/405
f 406/406/406 358/358/358 359/359/359
f 359/359/359 407/407/407 406/406/406
f 407/407/407 359/359/359 360/360/360
f 360/360/360 408/408/408 407/407/407
f 408/408/408 360/360/360 361/361/361
f 361/361/361 409/409/409 408/408/408
f 361/361/361 410/410/410 409/409/409
f 364/364/364 411/411/411 410/410/410
f 363/363/363 411/411/411 364/364/364
f 361/361/361 364/364/364 410/410/410
f 410/410/410 413/413/413 412/412/412
f 413/413/413 411/411/411 363/363/363
f 410/410/410 411/411/411 413/413/413
f 409/409/409 410/410/410 412/412/412
f 414/414/414 413/413/413 363/363/363
f 412/412/412 413/413/413 414/414/414
f 366/366/366 414/414/414 363/363/363
f 415/415/415 414/414/414 366/366/366
f 412/412/412 414/414/414 415/415/415
f 366/366/366 416/416/416 415/415/415
f 367/367/367 416/416/416 366/366/366
f 417/417/417 416/416/416 367/367/367
f 416/416/416 418/418/418 415/415/415
f 417/417/417 418/418/418 416/416/416
f 417/417/417 367/367/367 369/369/369
f 369/369/369 419/419/419 417/417/417
f 419/419/419 369/369/369 372/372/372
f 372/372/372 420/420/420 419/419/419
f 420/420/420 372/372/372 373/373/373
f 373/373/373 421/421/421 420/420/420
f 421/421/421 373/373/373 374/374/374
f 374/374/374 422/422/422 421/421/421
f 422/422/422 374/374/374 375/375/375
f 375/375/375 423/423/423 422/422/422
f 423/423/423 375/375/375 376/376/376
f 376/376/376 424/424/424 423/423/423
f 424/424/424 376/376/376 378/378/378
f 378/378/378 425/425/425 424/424/424
f 425/425/425 378/378/378 379/379/379
f 379/379/379 426/426/426 425/425/425
f 427/427/427 380/380/380 381/381/381
f 381/381/381 428/428/428 427/427/427
f 428/428/428 381/381/381 382/382/382
f 382/382/382 429/429/429 428/428/428
f 382/382/382 430/430/430 429/429/429
f 383/383/383 430/430/430 382/382/382
f 431/431/431 430/430/430 383/383/383
f 429/429/429 430/430/430 431/431/431
f 431/431/431 383/383/383 384/384/384
f 384/384/384 432/432/432 431/431/431
f 432/432/432 384/384/384 385/385/385
f 385/385/385 433/433/433 432/432/432
f 433/433/433 385/385/385 386/386/386
f 386/386/386 434/434/434 433/433/433
f 434/434/434 386/386/386 387/387/387
f 387/387/387 435/435/435 434/434/434
f 387/387/387 436/436/436 435/435/435
f 390/390/390 437/437/437 436/436/436
f 389/389/389 437/437/437 390/390/390
f 387/387/387 390/390/390 436/436/436
f 436/436/436 439/439/439 438/438/438
f 439/439/439 437/437/437 389/389/389
f 436/436/436 437/437/437 439/439/439
f 435/435/435 436/436/436 438/438/438
f 440/440/440 439/439/439 389/389/389
f 438/438/438 439/439/439 440/440/440
f 391/391/391 440/440/440 389/389/389
f 441/441/441 440/440/440 391/391/391
f 438/438/438 440/440/440 441/441/441
f 441/441/441 391/391/391 393/393/393
f 393/393/393 442/442/442 441/441/441
f 393/393/393 443/443/443 442/442/442
f 443/443/443 398/398/398 397/397/397
f 393/393/393 398/398/398 443/443/443
f 444/444/444 443/443/443 397/397/397
f 442/442/442 443/443/443 444/444/444
f 444/444/444 397/397/397 399/399/399
f 399/399/399 445/445/445 444/444/444
f 445/445/445 399/399/399 400/400/400
f 400/400/400 446/446/446 445/445/445
f 446/446/446 400/400/400 402/402/402
f 402/402/402 447/447/447 446/446/446
f 447/447/447 402/402/402 403/403/403
f 403/403/403 448/448/448 447/447/447
f 448/448/448 403/403/403 404/404/404
f 404/404/404 449/449/449 448/448/448
f 449/449/449 404/404/404 405/405/405
f 405/405/405 450/450/450 449/449/449
f 450/450/450 405/405/405 406/406/406
f 406/406/406 451/451/451 450/450/450
f 451/451/451 406/406/406 407/407/407
f 407/407/407 452/452/452 451/451/451
f 452/452/452 407/407/407 408/408/408
f 408/408/408 453/453/453 452/452/452
f 408/408/408 454/454/454 453/453/453
f 409/409/409 454/454/454 408/408/408
f 454/454/454 456/456/456 455/455/455
f 409/409/409 456/456/456 454/454/454
f 453/453/453 454/454/454 455/455/455
f 457/457/457 456/456/456 409/409/409
f 456/456/456 458/458/458 455/455/455
f 457/457/457 458/458/458 456/456/456
f 412/412/412 457/457/457 409/409/409
f 459/459/459 457/457/457 412/412/412
f 460/460/460 458/458/458 457/457/457
f 458/458/458 461/461/461 455/455/455
f 460/460/460 461/461/461 458/458/458
f 459/459/459 460/460/460 457/457/457
f 459/459/459 412/412/412 415/415/415
f 415/415/415 462/462/462 459/459/459
f 415/415/415 463/463/463 462/462/462
f 418/418/418 464/464/464 463/463/463
f 417/417/417 464/464/464 418/418/418
f 415/415/415 418/418/418 463/463/463
f 463/463/463 466/466/466 465/465/465
f 466/466/466 464/464/464 417/417/417
f 463/463/463 464/464/464 466/466/466
f 462/462/462 463/463/463 465/465/465
f 467/467/467 466/466/466 417/417/417
f 465/465/465 466/466/466 467/467/467
f 419/419/419 467/467/467 417/417/417
f 468/468/468 467/467/467 419/419/419
f 467/467/467 469/469/469 465/465/465
f 468/468/468 469/469/469 467/467/467
f 468/468/468 419/419/419 420/420/420
f 420/420/420 470/470/470 468/468/468
f 420/420/420 471/471/471 470/470/470
f 421/421/421 471/471/471 420/420/420
f 472/472/472 473/473/473 471/471/471
f 473/473/473 475/475/475 474/474/474
f 472/472/472 475/475/475 473/473/473
f 421/421/421 472/472/472 471/471/471
f 471/471/471 476/476/476 470/470/470
f 476/476/476 473/473/473 474/474/474
f 471/471/471 473/473/473 476/476/476
f 477/477/477 472/472/472 421/421/421
f 478/478/478 475/475/475 472/472/472
f 474/474/474 475/475/475 478/478/478
f 477/477/477 478/478/478 472/472/472
f 422/422/422 477/477/477 421/421/421
f 479/479/479 480/480/480 477/477/477
f 480/480/480 482/482/482 481/481/481
f 479/479/479 482/482/482 480/480/480
f 422/422/422 479/479/479 477/477/477
f 478/478/478 484/484/484 483/483/483
f 477/477/477 484/484/484 478/478/478
f 474/474/474 478/478/478 483/483/483
f 483/483/483 480/480/480 481/481/481
f 480/480/480 484/484/484 477/477/477
f 483/483/483 484/484/484 480/480/480
f 485/485/485 479/479/479 422/422/422
f 486/486/486 482/482/482 479/479/479
f 481/481/481 482/482/482 486/486/486
f 485/485/485 486/486/486 479/479/479
f 423/423/423 485/485/485 422/422/422
f 487/487/487 488/488/488 485/485/485
f 489/489/489 488/488/488 487/487/487
f 423/423/423 487/487/487 485/485/485
f 490/490/490 486/486/486 485/485/485
f 481/481/481 486/486/486 490/490/490
f 488/488/488 491/491/491 490/490/490
f 489/489/489 491/491/491 488/488/488
f 485/485/485 488/488/488 490/490/490
f 492/492/492 487/487/487 423/423/423
f 489/489/489 487/487/487 492/492/492
f 424/424/424 492/492/492 423/423/423
f 493/493/493 492/492/492 424/424/424
f 489/489/489 492/492/492 493/493/493
f 493/493/493 424/424/424 425/425/425
f 425/425/425 494/494/494 493/493/493
f 494/494/494 425/425/425 426/426/426
f 426/426/426 495/495/495 494/494/494
f 496/496/496 427/427/427 428/428/428
f 428/428/428 497/497/497 496/496/496
f 497/497/497 428/428/428 429/429/429
f 429/429/429 498/498/498 497/497/497
f 498/498/498 429/429/429 431/431/431
f 431/431/431 499/499/499 498/498/498
f 499/499/499 431/431/431 432/432/432
f 432/432/432 500/500/500 499/499/499
f 500/500/500 432/432/432 433/433/433
f 433/433/433 501/501/501 500/500/500
f 501/501/501 433/433/433 434/434/434
f 434/434/434 502/502/502 501/501/501
f 502/502/502 434/434/434 435/435/435
f 435/435/435 503/503/503 502/502/502
f 503/503/503 435/435/435 438/438/438
f 438/438/438 504/504/504 503/503/503
f 504/504/504 438/438/438 441/441/441
f 441/441/441 505/505/505 504/504/504
f 505/505/505 441/441/441 442/442/442
f 442/442/442 506/506/506 505/505/505
f 506/506/506 442/442/442 444/444/444
f 444/444/444 507/507/507 506/506/506
f 507/507/507 444/444/444 445/445/445
f 445/445/445 508/508/508 507/507/507
f 508/508/508 445/445/445 446/446/446
f 446/446/446 509/509/509 508/508/508
f 509/509/509 446/446/446 447/447/447
f 447/447/447 510/510/510 509/509/509
f 510/510/510 447/447/447 448/448/448
f 448/448/448 511/511/511 510/510/510
f 511/511/511 448/448/448 449/449/449
f 449/449/449 512/512/512 511/511/511
f 512/512/512 449/449/449 450/450/450
f 450/450/450 513/513/513 512/512/512
f 513/513/513 450/450/450 451/451/451
f 451/451/451 514/514/514 513/513/513
f 514/514/514 451/451/451 452/452/452
f 452/452/452 515/515/515 514/514/514
f 515/515/515 452/452/452 453/453/453
f 453/453/453 516/516/516 515/515/515
f 453/453/453 517/517/517 516/516/516
f 455/455/455 517/517/517 453/453/453
f 517/517/517 519/519/519 518/518/518
f 455/455/455 519/519/519 517/517/517
f 516/516/516 517/517/517 518/518/518
f 519/519/519 521/521/521 520/520/520
f 455/455/455 521/521/521 519/519/519
f 518/518/518 519/519/519 520/520/520
f 460/460/460 522/522/522 520/520/520
f 459/459/459 522/522/522 460/460/460
f 521/521/521 461/461/461 460/460/460
f 455/455/455 461/461/461 521/521/521
f 520/520/520 521/521/521 460/460/460
f 523/523/523 524/524/524 520/520/520
f 525/525/525 524/524/524 523/523/523
f 523/523/523 522/522/522 459/459/459
f 520/520/520 522/522/522 523/523/523
f 520/520/520 526/526/526 518/518/518
f 524/524/524 527/527/527 526/526/526
f 525/525/525 527/527/527 524/524/524
f 520/520/520 524/524/524 526/526/526
f 528/528/528 523/523/523 459/459/459
f 525/525/525 523/523/523 528/528/528
f 462/462/462 528/528/528 459/459/459
f 529/529/529 528/528/528 462/462/462
f 525/525/525 528/528/528 529/529/529
f 529/529/529 462/462/462 465/465/465
f 465/465/465 530/530/530 529/529/529
f 465/465/465 531/531/531 530/530/530
f 469/469/469 532/532/532 531/531/531
f 468/468/468 532/532/532 469/469/469
f 465/465/465 469/469/469 531/531/531
f 531/531/531 534/534/534 533/533/533
f 534/534/534 532/532/532 468/468/468
f 531/531/531 532/532/532 534/534/534
f 530/530/530 531/531/531 533/533/533
f 535/535/535 534/534/534 468/468/468
f 533/533/533 534/534/534 535/535/535
f 470/470/470 535/535/535 468/468/468
f 535/535/535 537/537/537 536/536/536
f 470/470/470 537/537/537 535/535/535
f 533/533/533 535/535/535 536/536/536
f 538/538/538 537/537/537 470/470/470
f 537/537/537 539/539/539 536/536/536
f 538/538/538 539/539/539 537/537/537
f 538/538/538 476/476/476 474/474/474
f 470/470/470 476/476/476 538/538/538
f 540/540/540 541/541/541 538/538/538
f 542/542/542 541/541/541 540/540/540
f 474/474/474 540/540/540 538/538/538
f 539/539/539 544/544/544 543/543/543
f 538/538/538 544/544/544 539/539/539
f 536/536/536 539/539/539 543/543/543
f 543/543/543 541/541/541 542/542/542
f 541/541/541 544/544/544 538/538/538
f 543/543/543 544/544/544 541/541/541
f 545/545/545 540/540/540 474/474/474
f 542/542/542 540/540/540 545/545/545
f 483/483/483 546/546/546 545/545/545
f 481/481/481 546/546/546 483/483/483
f 474/474/474 483/483/483 545/545/545
f 545/545/545 548/548/548 547/547/547
f 546/546/546 549/549/549 548/548/548
f 481/481/481 549/549/549 546/546/546
f 545/545/545 546/546/546 548/548/548
f 542/542/542 545/545/545 547/547/547
f 548/548/548 551/551/551 550/550/550
f 551/551/551 549/549/549 481/481/481
f 548/548/548 549/549/549 551/551/551
f 547/547/547 548/548/548 550/550/550
f 552/552/552 554/554/554 553/553/553
f 490/490/490 554/554/554 552/552/552
f 550/550/550 552/552/552 553/553/553
f 553/553/553 491/491/491 489/489/489
f 491/491/491 554/554/554 490/490/490
f 553/553/553 554/554/554 491/491/491
f 490/490/490 551/551/551 481/481/481
f 551/551/551 552/552/552 550/550/550
f 490/490/490 552/552/552 551/551/551
f 550/550/550 556/556/556 555/555/555
f 556/556/556 553/553/553 489/489/489
f 550/550/550 553/553/553 556/556/556
f 547/547/547 550/550/550 555/555/555
f 557/557/557 556/556/556 489/489/489
f 555/555/555 556/556/556 557/557/557
f 493/493/493 557/557/557 489/489/489
f 558/558/558 557/557/557 493/493/493
f 555/555/555 557/557/557 558/558/558
f 558/558/558 493/493/493 494/494/494
f 494/494/494 559/559/559 558/558/558
f 559/559/559 494/494/494 495/495/495
f 495/495/495 560/560/560 559/559/559
f 561/561/561 496/496/496 497/497/497
f 497/497/497 562/562/562 561/561/561
f 562/562/562 497/497/497 498/498/498
f 498/498/498 563/563/563 562/562/562
f 563/563/563 498/498/498 499/499/499
f 499/499/499 564/564/564 563/563/563
f 564/564/564 499/499/499 500/500/500
f 500/500/500 565/565/565 564/564/564
f 565/565/565 500/500/500 501/501/501
f 501/501/501 566/566/566 565/565/565
f 566/566/566 501/501/501 502/502/502
f 502/502/502 567/567/567 566/566/566
f 567/567/567 502/502/502 503/503/503
f 503/503/503 568/568/568 567/567/567
f 568/568/568 503/503/503 504/504/504
f 504/504/504 569/569/569 568/568/568
f 569/569/569 504/504/504 505/505/505
f 505/505/505 570/570/570 569/569/569
f 570/570/570 505/505/505 506/506/506
f 506/506/506 571/571/571 570/570/570
f 571/571/571 506/506/506 507/507/507
f 507/507/507 572/572/572 571/571/571
f 572/572/572 507/507/507 508/508/508
f 508/508/508 573/573/573 572/572/572
f 573/573/573 508/508/508 509/509/509
f 509/509/509 574/574/574 573/573/573
f 574/574/574 509/509/509 510/510/510
f 510/510/510 575/575/575 574/574/574
f 575/575/575 510/510/510 511/511/511
f 511/511/511 576/576/576 575/575/575
f 576/576/576 511/511/511 512/512/512
f 512/512/512 577/577/577 576/576/576
f 577/577/577 512/512/512 513/513/513
f 513/513/513 578/578/578 577/577/577
f 578/578/578 513/513/513 514/514/514
f 514/514/514 579/579/579 578/578/578
f 579/579/579 514/514/514 515/515/515
f 515/515/515 580/580/580 579/579/579
f 580/580/580 515/515/515 516/516/516
f 516/516/516 581/581/581 580/580/580
f 581/581/581 516/516/516 518/518/518
f 518/518/518 582/582/582 581/581/581
f 518/518/518 583/583/583 582/582/582
f 526/526/526 584/584/584 583/583/583
f 584/584/584 527/527/527 525/525/525
f 526/526/526 527/527/527 584/584/584
f 518/518/518 526/526/526 583/583/583
f 583/583/583 586/586/586 585/585/585
f 586/586/586 584/584/584 525/525/525
f 583/583/583 584/584/584 586/586/586
f 582/582/582 583/583/583 585/585/585
f 587/587/587 586/586/586 525/525/525
f 585/585/585 586/586/586 587/587/587
f 529/529/529 587/587/587 525/525/525
f 588/588/588 587/587/587 529/529/529
f 587/587/587 589/589/589 585/585/585
f 588/588/588 589/589/589 587/587/587
f 588/588/588 529/529/529 530/530/530
f 530/530/530 590/590/590 588/588/588
f 590/590/590 530/530/530 533/533/533
f 533/533/533 591/591/591 590/590/590
f 591/591/591 533/533/533 536/536/536
f 536/536/536 592/592/592 591/591/591
f 536/536/536 593/593/593 592/592/592
f 593/593/593 543/543/543 542/542/542
f 536/536/536 543/543/543 593/593/593
f 594/594/594 593/593/593 542/542/542
f 592/592/592 593/593/593 594/594/594
f 594/594/594 542/542/542 547/547/547
f 547/547/547 595/595/595 594/594/594
f 595/595/595 547/547/547 555/555/555
f 555/555/555 596/596/596 595/595/595
f 596/596/596 555/555/555 558/558/558
f 558/558/558 597/597/597 596/596/596
f 597/597/597 558/558/558 559/559/559
f 559/559/559 598/598/598 597/597/597
f 598/598/598 559/559/559 560/560/560
f 560/560/560 599/599/599 598/598/598
f 600/600/600 561/561/561 562/562/562
f 562/562/562 601/601/601 600/600/600
f 601/601/601 562/562/562 563/563/563
f 563/563/563 602/602/602 601/601/601
f 602/602/602 563/563/563 564/564/564
f 564/564/564 603/603/603 602/602/602
f 603/603/603 564/564/564 565/565/565
f 565/565/565 604/604/604 603/603/603
f 604/604/604 565/565/565 566/566/566
f 566/566/566 605/605/605 604/604/604
f 605/605/605 566/566/566 567/567/567
f 567/567/567 606/606/606 605/605/605
f 606/606/606 567/567/567 568/568/568
f 568/568/568 607/607/607 606/606/606
f 607/607/607 568/568/568 569/569/569
f 569/569/569 608/608/608 607/607/607
f 608/608/608 569/569/569 570/570/570
f 570/570/570 609/609/609 608/608/608
f 609/609/609 570/570/570 571/571/571
f 571/571/571 610/610/610 609/609/609
f 610/610/610 571/571/571 572/572/572
f 572/572/572 611/611/611 610/610/610
f 611/611/611 572/572/572 573/573/573
f 573/573/573 612/612/612 611/611/611
f 612/612/612 573/573/573 574/574/574
f 574/574/574 613/613/613 612/612/612
f 574/574/574 614/614/614 613/613/613
f 575/575/575 614/614/614 574/574/574
f 615/615/615 614/614/614 575/575/575
f 614/614/614 616/616/616 613/613/613
f 615/615/615 616/616/616 614/614/614
f 615/615/615 575/575/575 576/576/576
f 576/576/576 617/617/617 615/615/615
f 617/617/617 576/576/576 577/577/577
f 577/577/577 618/618/618 617/617/617
f 618/618/618 577/577/577 578/578/578
f 578/578/578 619/619/619 618/618/618
f 619/619/619 578/578/578 579/579/579
f 579/579/579 620/620/620 619/619/619
f 620/620/620 579/579/579 580/580/580
f 580/580/580 621/621/621 620/620/620
f 621/621/621 580/580/580 581/581/581
f 581/581/581 622/622/622 621/621/621
f 622/622/622 581/581/581 582/582/582
f 582/582/582 623/623/623 622/622/622
f 582/582/582 624/624/624 623/623/623
f 585/585/585 624/624/624 582/582/582
f 624/624/624 626/626/626 625/625/625
f 585/585/585 626/626/626 624/624/624
f 623/623/623 624/624/624 625/625/625
f 627/627/627 628/628/628 626/626/626
f 629/629/629 628/628/628 627/627/627
f 585/585/585 627/627/627 626/626/626
f 626/626/626 630/630/630 625/625/625
f 630/630/630 628/628/628 629/629/629
f 626/626/626 628/628/628 630/630/630
f 629/629/629 589/589/589 588/588/588
f 589/589/589 627/627/627 585/585/585
f 629/629/629 627/627/627 589/589/589
f 631/631/631 629/629/629 588/588/588
f 632/632/632 630/630/630 629/629/629
f 630/630/630 633/633/633 625/625/625
f 632/632/632 633/633/633 630/630/630
f 631/631/631 632/632/632 629/629/629
f 631/631/631 588/588/588 590/590/590
f 590/590/590 634/634/634 631/631/631
f 634/634/634 590/590/590 591/591/591
f 591/591/591 635/635/635 634/634/634
f 635/635/635 591/591/591 592/592/592
f 592/592/592 636/636/636 635/635/635
f 636/636/636 592/592/592 594/594/594
f 594/594/594 637/637/637 636/636/636
f 594/594/594 638/638/638 637/637/637
f 595/595/595 638/638/638 594/594/594
f 639/639/639 638/638/638 595/595/595
f 637/637/637 638/638/638 639/639/639
f 639/639/639 595/595/595 596/596/596
f 596/596/596 640/640/640 639/639/639
f 640/640/640 596/596/596 597/597/597
f 597/597/597 641/641/641 640/640/640
f 597/597/597 642/642/642 641/641/641
f 598/598/598 642/642/642 597/597/597
f 642/642/642 644/644/644 643/643/643
f 598/598/598 644/644/644 642/642/642
f 641/641/641 642/642/642 643/643/643
f 645/645/645 644/644/644 598/598/598
f 643/643/643 644/644/644 645/645/645
f 599/599/599 645/645/645 598/598/598
f 646/646/646 645/645/645 599/599/599
f 643/643/643 645/645/645 646/646/646
f 647/647/647 600/600/600 601/601/601
f 601/601/601 648/648/648 647/647/647
f 648/648/648 601/601/601 602/602/602
f 602/602/602 649/649/649 648/648/648
f 649/649/649 602/602/602 603/603/603
f 603/603/603 650/650/650 649/649/649
f 650/650/650 603/603/603 604/604/604
f 604/604/604 651/651/651 650/650/650
f 651/651/651 604/604/604 605/605/605
f 605/605/605 652/652/652 651/651/651
f 652/652/652 605/605/605 606/606/606
f 606/606/606 653/653/653 652/652/652
f 653/653/653 606/606/606 607/607/607
f 607/607/607 654/654/654 653/653/653
f 654/654/654 607/607/607 608/608/608
f 608/608/608 655/655/655 654/654/654
f 655/655/655 608/608/608 609/609/609
f 609/609/609 656/656/656 655/655/655
f 656/656/656 609/609/609 610/610/610
f 610/610/610 657/657/657 656/656/656
f 657/657/657 610/610/610 611/611/611
f 611/611/611 658/658/658 657/657/657
f 658/658/658 611/611/611 612/612/612
f 612/612/612 659/659/659 658/658/658
f 612/612/612 660/660/660 659/659/659
f 613/613/613 660/660/660 612/612/612
f 660/660/660 662/662/662 661/661/661
f 613/613/613 662/662/662 660/660/660
f 659/659/659 660/660/660 661/661/661
f 662/662/662 664/664/664 663/663/663
f 613/613/613 664/664/664 662/662/662
f 661/661/661 662/662/662 663/663/663
f 663/663/663 616/616/616 615/615/615
f 616/616/616 664/664/664 613/613/613
f 663/663/663 664/664/664 616/616/616
f 665/665/665 663/663/663 615/615/615
f 661/661/661 663/663/663 665/665/665
f 665/665/665 615/615/615 617/617/617
f 617/617/617 666/666/666 665/665/665
f 666/666/666 617/617/617 618/618/618
f 618/618/618 667/667/667 666/666/666
f 667/667/667 618/618/618 619/619/619
f 619/619/619 668/668/668 667/667/667
f 668/668/668 619/619/619 620/620/620
f 620/620/620 669/669/669 668/668/668
f 669/669/669 620/620/620 621/621/621
f 621/621/621 670/670/670 669/669/669
f 670/670/670 621/621/621 622/622/622
f 622/622/622 671/671/671 670/670/670
f 671/671/671 622/622/622 623/623/623
f 623/623/623 672/672/672 671/671/671
f 623/623/623 673/673/673 672/672/672
f 625/625/625 673/673/673 623/623/623
f 673/673/673 675/675/675 674/674/674
f 625/625/625 675/675/675 673/673/673
f 672/672/672 673/673/673 674/674/674
f 675/675/675 677/677/677 676/676/676
f 625/625/625 677/677/677 675/675/675
f 674/674/674 675/675/675 676/676/676
f 676/676/676 632/632/632 631/631/631
f 677/677/677 633/633/633 632/632/632
f 625/625/625 633/633/633 677/677/677
f 676/676/676 677/677/677 632/632/632
f 678/678/678 676/676/676 631/631/631
f 676/676/676 679/679/679 674/674/674
f 678/678/678 679/679/679 676/676/676
f 678/678/678 631/631/631 634/634/634
f 634/634/634 680/680/680 678/678/678
f 680/680/680 634/634/634 635/635/635
f 635/635/635 681/681/681 680/680/680
f 681/681/681 635/635/635 636/636/636
f 636/636/636 682/682/682 681/681/681
f 682/682/682 636/636/636 637/637/637
f 637/637/637 683/683/683 682/682/682
f 637/637/637 684/684/684 683/683/683
f 639/639/639 684/684/684 637/637/637
f 684/684/684 686/686/686 685/685/685
f 639/639/639 686/686/686 684/684/684
f 683/683/683 684/684/684 685/685/685
f 687/687/687 686/686/686 639/639/639
f 685/685/685 686/686/686 687/687/687
f 640/640/640 687/687/687 639/639/639
f 688/688/688 687/687/687 640/640/640
f 685/685/685 687/687/687 688/688/688
f 688/688/688 640/640/640 641/641/641
f 641/641/641 689/689/689 688/688/688
f 689/689/689 641/641/641 643/643/643
f 643/643/643 690/690/690 689/689/689
f 690/690/690 643/643/643 646/646/646
f 646/646/646 691/691/691 690/690/690
f 692/692/692 647/647/647 648/648/648
f 648/648/648 693/693/693 692/692/692
f 693/693/693 648/648/648 649/649/649
f 649/649/649 694/694/694 693/693/693
f 694/694/694 649/649/649 650/650/650
f 650/650/650 695/695/695 694/694/694
f 695/695/695 650/650/650 651/651/651
f 651/651/651 696/696/696 695/695/695
f 696/696/696 651/651/651 652/652/652
f 652/652/652 697/697/697 696/696/696
f 697/697/697 652/652/652 653/653/653
f 653/653/653 698/698/698 697/697/697
f 698/698/698 653/653/653 654/654/654
f 654/654/654 699/699/699 698/698/698
f 699/699/699 654/654/654 655/655/655
f 655/655/655 700/700/700 699/699/699
f 700/700/700 655/655/655 656/656/656
f 656/656/656 701/701/701 700/700/700
f 701/701/701 656/656/656 657/657/657
f 657/657/657 702/702/702 701/701/701
f 702/702/702 657/657/657 658/658/658
f 658/658/658 703/703/703 702/702/702
f 703/703/703 658/658/658 659/659/659
f 659/659/659 704/704/704 703/703/703
f 704/704/704 659/659/659 661/661/661
f 661/661/661 705/705/705 704/704/704
f 661/661/661 706/706/706 705/705/705
f 665/665/665 706/706/706 661/661/661
f 707/707/707 706/706/706 665/665/665
f 706/706/706 708/708/708 705/705/705
f 707/707/707 708/708/708 706/706/706
f 707/707/707 665/665/665 666/666/666
f 666/666/666 709/709/709 707/707/707
f 709/709/709 666/666/666 667/667/667
f 667/667/667 710/710/710 709/709/709
f 710/710/710 667/667/667 668/668/668
f 668/668/668 711/711/711 710/710/710
f 711/711/711 668/668/668 669/669/669
f 669/669/669 712/712/712 711/711/711
f 712/712/712 669/669/669 670/670/670
f 670/670/670 713/713/713 712/712/712
f 713/713/713 670/670/670 671/671/671
f 671/671/671 714/714/714 713/713/713
f 714/714/714 671/671/671 672/672/672
f 672/672/672 715/715/715 714/714/714
f 715/715/715 672/672/672 674/674/674
f 674/674/674 716/716/716 715/715/715
f 674/674/674 717/717/717 716/716/716
f 717/717/717 679/679/679 678/678/678
f 674/674/674 679/679/679 717/717/717
f 718/718/718 717/717/717 678/678/678
f 716/716/716 717/717/717 718/718/718
f 718/718/718 678/678/678 680/680/680
f 680/680/680 719/719/719 718/718/718
f 719/719/719 680/680/680 681/681/681
f 681/681/681 720/720/720 719/719/719
f 720/720/720 681/681/681 682/682/682
f 682/682/682 721/721/721 720/720/720
f 721/721/721 682/682/682 683/683/683
f 683/683/683 722/722/722 721/721/721
f 683/683/683 723/723/723 722/722/722
f 685/685/685 723/723/723 683/683/683
f 723/723/723 725/725/725 724/724/724
f 685/685/685 725/725/725 723/723/723
f 722/722/722 723/723/723 724/724/724
f 726/726/726 725/725/725 685/685/685
f 724/724/724 725/725/725 726/726/726
f 688/688/688 726/726/726 685/685/685
f 726/726/726 728/728/728 727/727/727
f 688/688/688 728/728/728 726/726/726
f 724/724/724 726/726/726 727/727/727
f 729/729/729 728/728/728 688/688/688
f 727/727/727 728/728/728 729/729/729
f 689/689/689 729/729/729 688/688/688
f 730/730/730 729/729/729 689/689/689
f 727/727/727 729/729/729 730/730/730
f 730/730/730 689/689/689 690/690/690
f 690/690/690 731/731/731 730/730/730
f 731/731/731 690/690/690 691/691/691
f 691/691/691 732/732/732 731/731/731
f 733/733/733 692/692/692 693/693/693
f 693/693/693 734/734/734 733/733/733
f 734/734/734 693/693/693 694/694/694
f 694/694/694 735/735/735 734/734/734
f 735/735/735 694/694/694 695/695/695
f 695/695/695 736/736/736 735/735/735
f 736/736/736 695/695/695 696/696/696
f 696/696/696 737/737/737 736/736/736
f 737/737/737 696/696/696 697/697/697
f 697/697/697 738/738/738 737/737/737
f 738/738/738 697/697/697 698/698/698
f 698/698/698 739/739/739 738/738/738
f 739/739/739 698/698/698 699/699/699
f 699/699/699 740/740/740 739/739/739
f 740/740/740 699/699/699 700/700/700
f 700/700/700 741/741/741 740/740/740
f 741/741/741 700/700/700 701/701/701
f 701/701/701 742/742/742 741/741/741
f 742/742/742 701/701/701 702/702/702
f 702/702/702 743/743/743 742/742/742
f 743/743/743 702/702/702 703/703/703
f 703/703/703 744/744/744 743/743/743
f 744/744/744 703/703/703 704/704/704
f 704/704/704 745/745/745 744/744/744
f 704/704/704 746/746/746 745/745/745
f 705/705/705 746/746/746 704/704/704
f 746/746/746 748/748/748 747/747/747
f 705/705/705 748/748/748 746/746/746
f 745/745/745 746/746/746 747/747/747
f 748/748/748 750/750/750 749/749/749
f 705/705/705 750/750/750 748/748/748
f 747/747/747 748/748/748 749/749/749
f 749/749/749 708/708/708 707/707/707
f 708/708/708 750/750/750 705/705/705
f 749/749/749 750/750/750 708/708/708
f 751/751/751 749/749/749 707/707/707
f 747/747/747 749/749/749 751/751/751
f 751/751/751 707/707/707 709/709/709
f 709/709/709 752/752/752 751/751/751
f 752/752/752 709/709/709 710/710/710
f 710/710/710 753/753/753 752/752/752
f 753/753/753 710/710/710 711/711/711
f 711/711/711 754/754/754 753/753/753
f 754/754/754 711/711/711 712/712/712
f 712/712/712 755/755/755 754/754/754
f 755/755/755 712/712/712 713/713/713
f 713/713/713 756/756/756 755/755/755
f 756/756/756 713/713/713 714/714/714
f 714/714/714 757/757/757 756/756/756
f 757/757/757 714/714/714 715/715/715
f 715/715/715 758/758/758 757/757/757
f 758/758/758 715/715/715 716/716/716
f 716/716/716 759/759/759 758/758/758
f 716/716/716 760/760/760 759/759/759
f 718/718/718 760/760/760 716/716/716
f 760/760/760 762/762/762 761/761/761
f 718/718/718 762/762/762 760/760/760
f 759/759/759 760/760/760 761/761/761
f 763/763/763 762/762/762 718/718/718
f 762/762/762 764/764/764 761/761/761
f 763/763/763 764/764/764 762/762/762
f 719/719/719 763/763/763 718/718/718
f 765/765/765 763/763/763 719/719/719
f 766/766/766 764/764/764 763/763/763
f 761/761/761 764/764/764 766/766/766
f 765/765/765 766/766/766 763/763/763
f 719/719/719 767/767/767 765/765/765
f 720/720/720 767/767/767 719/719/719
f 767/767/767 769/769/769 768/768/768
f 720/720/720 769/769/769 767/767/767
f 765/765/765 767/767/767 768/768/768
f 770/770/770 769/769/769 720/720/720
f 768/768/768 769/769/769 770/770/770
f 721/721/721 770/770/770 720/720/720
f 771/771/771 770/770/770 721/721/721
f 768/768/768 770/770/770 771/771/771
f 771/771/771 721/721/721 722/722/722
f 722/722/722 772/772/772 771/771/771
f 772/772/772 722/722/722 724/724/724
f 724/724/724 773/773/773 772/772/772
f 773/773/773 724/724/724 727/727/727
f 727/727/727 774/774/774 773/773/773
f 774/774/774 727/727/727 730/730/730
f 730/730/730 775/775/775 774/774/774
f 775/775/775 730/730/730 731/731/731
f 731/731/731 776/776/776 775/775/775
f 776/776/776 731/731/731 732/732/732
f 732/732/732 777/777/777 776/776/776
f 778/778/778 733/733/733 734/734/734
f 734/734/734 779/779/779 778/778/778
f 779/779/779 734/734/734 735/735/735
f 735/735/735 780/780/780 779/779/779
f 780/780/780 735/735/735 736/736/736
f 736/736/736 781/781/781 780/780/780
f 781/781/781 736/736/736 737/737/737
f 737/737/737 782/782/782 781/781/781
f 782/782/782 737/737/737 738/738/738
f 738/738/738 783/783/783 782/782/782
f 783/783/783 738/738/738 739/739/739
f 739/739/739 784/784/784 783/783/783
f 784/784/784 739/739/739 740/740/740
f 740/740/740 785/785/785 784/784/784
f 785/785/785 740/740/740 741/741/741
f 741/741/741 786/786/786 785/785/785
f 786/786/786 741/741/741 742/742/742
f 742/742/742 787/787/787 786/786/786
f 787/787/787 742/742/742 743/743/743
f 743/743/743 788/788/788 787/787/787
f 788/788/788 743/743/743 744/744/744
f 744/744/744 789/789/789 788/788/788
f 789/789/789 744/744/744 745/745/745
f 745/745/745 790/790/790 789/789/789
f 790/790/790 745/745/745 747/747/747
f 747/747/747 791/791/791 790/790/790
f 791/791/791 747/747/747 751/751/751
f 751/751/751 792/792/792 791/791/791
f 792/792/792 751/751/751 752/752/752
f 752/752/752 793/793/793 792/792/792
f 793/793/793 752/752/752 753/753/753
f 753/753/753 794/794/794 793/793/793
f 794/794/794 753/753/753 754/754/754
f 754/754/754 795/795/795 794/794/794
f 795/795/795 754/754/754 755/755/755
f 755/755/755 796/796/796 795/795/795
f 796/796/796 755/755/755 756/756/756
f 756/756/756 797/797/797 796/796/796
f 797/797/797 756/756/756 757/757/757
f 757/757/757 798/798/798 797/797/797
f 798/798/798 757/757/757 758/758/758
f 758/758/758 799/799/799 798/798/798
f 799/799/799 758/758/758 759/759/759
f 759/759/759 800/800/800 799/799/799
f 800/800/800 759/759/759 761/761/761
f 761/761/761 801/801/801 800/800/800
f 761/761/761 802/802/802 801/801/801
f 802/802/802 766/766/766 765/765/765
f 761/761/761 766/766/766 802/802/802
f 803/803/803 802/802/802 765/765/765
f 801/801/801 802/802/802 803/803/803
f 803/803/803 765/765/765 768/768/768
f 768/768/768 804/804/804 803/803/803
f 804/804/804 768/768/768 771/771/771
f 771/771/771 805/805/805 804/804/804
f 805/805/805 771/771/771 772/772/772
f 772/772/772 806/806/806 805/805/805
f 806/806/806 772/772/772 773/773/773
f 773/773/773 807/807/807 806/806/806
f 807/807/807 773/773/773 774/774/774
f 774/774/774 808/808/808 807/807/807
f 808/808/808 774/774/774 775/775/775
f 775/775/775 809/809/809 808/808/808
f 809/809/809 775/775/775 776/776/776
f 776/776/776 810/810/810 809/809/809
f 810/810/810 776/776/776 777/777/777
f 777/777/777 811/811/811 810/810/810
f 812/812/812 778/778/778 779/779/779
f 779/779/779 813/813/813 812/812/812
f 813/813/813 779/779/779 780/780/780
f 780/780/780 814/814/814 813/813/813
f 814/814/814 780/780/780 781/781/781
f 781/781/781 815/815/815 814/814/814
f 815/815/815 781/781/781 782/782/782
f 782/782/782 816/816/816 815/815/815
f 816/816/816 782/782/782 783/783/783
f 783/783/783 817/817/817 816/816/816
f 817/817/817 783/783/783 784/784/784
f 784/784/784 818/818/818 817/817/817
f 818/818/818 784/784/784 785/785/785
f 785/785/785 819/819/819 818/818/818
f 785/785/785 820/820/820 819/819/819
f 786/786/786 820/820/820 785/785/785
f 820/820/820 822/822/822 821/821/821
f 786/786/786 822/822/822 820/820/820
f 819/819/819 820/820/820 821/821/821
f 823/823/823 822/822/822 786/786/786
f 822/822/822 824/824/824 821/821/821
f 823/823/823 824/824/824 822/822/822
f 787/787/787 823/823/823 786/786/786
f 825/825/825 823/823/823 787/787/787
f 826/826/826 824/824/824 823/823/823
f 821/821/821 824/824/824 826/826/826
f 825/825/825 826/826/826 823/823/823
f 825/825/825 787/787/787 788/788/788
f 788/788/788 827/827/827 825/825/825
f 827/827/827 788/788/788 789/789/789
f 789/789/789 828/828/828 827/827/827
f 828/828/828 789/789/789 790/790/790
f 790/790/790 829/829/829 828/828/828
f 829/829/829 790/790/790 791/791/791
f 791/791/791 830/830/830 829/829/829
f 830/830/830 791/791/791 792/792/792
f 792/792/792 831/831/831 830/830/830
f 831/831/831 792/792/792 793/793/793
f 793/793/793 832/832/832 831/831/831
f 832/832/832 793/793/793 794/794/794
f 794/794/794 833/833/833 832/832/832
f 833/833/833 794/794/794 795/795/795
f 795/795/795 834/834/834 833/833/833
f 834/834/834 795/795/795 796/796/796
f 796/796/796 835/835/835 834/834/834
f 835/835/835 796/796/796 797/797/797
f 797/797/797 836/836/836 835/835/835
f 836/836/836 797/797/797 798/798/798
f 798/798/798 837/837/837 836/836/836
f 837/837/837 798/798/798 799/799/799
f 799/799/799 838/838/838 837/837/837
f 838/838/838 799/799/799 800/800/800
f 800/800/800 839/839/839 838/838/838
f 839/839/839 800/800/800 801/801/801
f 801/801/801 840/840/840 839/839/839
f 840/840/840 801/801/801 803/803/803
f 803/803/803 841/841/841 840/840/840
f 841/841/841 803/803/803 804/804/804
f 804/804/804 842/842/842 841/841/841
f 842/842/842 804/804/804 805/805/805
f 805/805/805 843/843/843 842/842/842
f 843/843/843 805/805/805 806/806/806
f 806/806/806 844/844/844 843/843/843
f 844/844/844 806/806/806 807/807/807
f 807/807/807 845/845/845 844/844/844
f 845/845/845 807/807/807 808/808/808
f 808/808/808 846/846/846 845/845/845
f 846/846/846 808/808/808 809/809/809
f 809/809/809 847/847/847 846/846/846
f 847/847/847 809/809/809 810/810/810
f 810/810/810 848/848/848 847/847/847
f 848/848/848 810/810/810 811/811/811
f 811/811/811 849/849/849 848/848/848
f 850/850/850 812/812/812 813/813/813
f 813/813/813 851/851/851 850/850/850
f 851/851/851 813/813/813 814/814/814
f 814/814/814 852/852/852 851/851/851
f 852/852/852 814/814/814 815/815/815
f 815/815/815 853/853/853 852/852/852
f 853/853/853 815/815/815 816/816/816
f 816/816/816 854/854/854 853/853/853
f 854/854/854 816/816/816 817/817/817
f 817/817/817 855/855/855 854/854/854
f 855/855/855 817/817/817 818/818/818
f 818/818/818 856/856/856 855/855/855
f 818/818/818 857/857/857 856/856/856
f 819/819/819 857/857/857 818/818/818
f 857/857/857 859/859/859 858/858/858
f 819/819/819 859/859/859 857/857/857
f 856/856/856 857/857/857 858/858/858
f 860/860/860 859/859/859 819/819/819
f 858/858/858 859/859/859 860/860/860
f 821/821/821 860/860/860 819/819/819
f 861/861/861 860/860/860 821/821/821
f 858/858/858 860/860/860 861/861/861
f 821/821/821 862/862/862 861/861/861
f 862/862/862 826/826/826 825/825/825
f 821/821/821 826/826/826 862/862/862
f 863/863/863 862/862/862 825/825/825
f 861/861/861 862/862/862 863/863/863
f 863/863/863 825/825/825 827/827/827
f 827/827/827 864/864/864 863/863/863
f 864/864/864 827/827/827 828/828/828
f 828/828/828 865/865/865 864/864/864
f 865/865/865 828/828/828 829/829/829
f 829/829/829 866/866/866 865/865/865
f 866/866/866 829/829/829 830/830/830
f 830/830/830 867/867/867 866/866/866
f 867/867/867 830/830/830 831/831/831
f 831/831/831 868/868/868 867/867/867
f 868/868/868 831/831/831 832/832/832
f 832/832/832 869/869/869 868/868/868
f 869/869/869 832/832/832 833/833/833
f 833/833/833 870/870/870 869/869/869
f 870/870/870 833/833/833 834/834/834
f 834/834/834 871/871/871 870/870/870
f 871/871/871 834/834/834 835/835/835
f 835/835/835 872/872/872 871/871/871
f 872/872/872 835/835/835 836/836/836
f 836/836/836 873/873/873 872/872/872
f 873/873/873 836/836/836 837/837/837
f 837/837/837 874/874/874 873/873/873
f 874/874/874 837/837/837 838/838/838
f 838/838/838 875/875/875 874/874/874
f 875/875/875 838/838/838 839/839/839
f 839/839/839 876/876/876 875/875/875
f 876/876/876 839/839/839 840/840/840
f 840/840/840 877/877/877 876/876/876
f 877/877/877 840/840/840 841/841/841
f 841/841/841 878/878/878 877/877/877
f 878/878/878 841/841/841 842/842/842
f 842/842/842 879/879/879 878/878/878
f 879/879/879 842/842/842 843/843/843
f 843/843/843 880/880/880 879/879/879
f 880/880/880 843/843/843 844/844/844
f 844/844/844 881/881/881 880/880/880
f 844/844/844 882/882/882 881/881/881
f 845/845/845 882/882/882 844/844/844
f 883/883/883 882/882/882 845/845/845
f 881/881/881 882/882/882 883/883/883
f 883/883/883 845/845/845 846/846/846
f 846/846/846 884/884/884 883/883/883
f 884/884/884 846/846/846 847/847/847
f 847/847/847 885/885/885 884/884/884
f 885/885/885 847/847/847 848/848/848
f 848/848/848 886/886/886 885/885/885
f 886/886/886 848/848/848 849/849/849
f 849/849/849 887/887/887 886/886/886
f 888/888/888 850/850/850 851/851/851
f 851/851/851 889/889/889 888/888/888
f 889/889/889 851/851/851 852/852/852
f 852/852/852 890/890/890 889/889/889
f 890/890/890 852/852/852 853/853/853
f 853/853/853 891/891/891 890/890/890
f 891/891/891 853/853/853 854/854/854
f 854/854/854 892/892/892 891/891/891
f 892/892/892 854/854/854 855/855/855
f 855/855/855 893/893/893 892/892/892
f 893/893/893 855/855/855 856/856/856
f 856/856/856 894/894/894 893/893/893
f 894/894/894 856/856/856 858/858/858
f 858/858/858 895/895/895 894/894/894
f 858/858/858 896/896/896 895/895/895
f 861/861/861 896/896/896 858/858/858
f 897/897/897 896/896/896 861/861/861
f 896/896/896 898/898/898 895/895/895
f 897/897/897 898/898/898 896/896/896
f 861/861/861 899/899/899 897/897/897
f 863/863/863 899/899/899 861/861/861
f 900/900/900 899/899/899 863/863/863
f 899/899/899 901/901/901 897/897/897
f 900/900/900 901/901/901 899/899/899
f 900/900/900 863/863/863 864/864/864
f 864/864/864 902/902/902 900/900/900
f 902/902/902 864/864/864 865/865/865
f 865/865/865 903/903/903 902/902/902
f 903/903/903 865/865/865 866/866/866
f 866/866/866 904/904/904 903/903/903
f 904/904/904 866/866/866 867/867/867
f 867/867/867 905/905/905 904/904/904
f 905/905/905 867/867/867 868/868/868
f 868/868/868 906/906/906 905/905/905
f 906/906/906 868/868/868 869/869/869
f 869/869/869 907/907/907 906/906/906
f 907/907/907 869/869/869 870/870/870
f 870/870/870 908/908/908 907/907/907
f 908/908/908 870/870/870 871/871/871
f 871/871/871 909/909/909 908/908/908
f 909/909/909 871/871/871 872/872/872
f 872/872/872 910/910/910 909/909/909
f 910/910/910 872/872/872 873/873/873
f 873/873/873 911/911/911 910/910/910
f 911/911/911 873/873/873 874/874/874
f 874/874/874 912/912/912 911/911/911
f 912/912/912 874/874/874 875/875/875
f 875/875/875 913/913/913 912/912/912
f 913/913/913 875/875/875 876/876/876
f 876/876/876 914/914/914 913/913/913
f 914/914/914 876/876/876 877/877/877
f 877/877/877 915/915/915 914/914/914
f 915/915/915 877/877/877 878/878/878
f 878/878/878 916/916/916 915/915/915
f 916/916/916 878/878/878 879/879/879
f 879/879/879 917/917/917 916/916/916
f 917/917/917 879/879/879 880/880/880
f 880/880/880 918/918/918 917/917/917
f 918/918/918 880/880/880 881/881/881
f 881/881/881 919/919/919 918/918/918
f 919/919/919 881/881/881 883/883/883
f 883/883/883 920/920/920 919/919/919
f 920/920/920 883/883/883 884/884/884
f 884/884/884 921/921/921 920/920/920
f 921/921/921 884/884/884 885/885/885
f 885/885/885 922/922/922 921/921/921
f 922/922/922 885/885/885 886/886/886
f 886/886/886 923/923/923 922/922/922
f 923/923/923 886/886/886 887/887/887
f 887/887/887 924/924/924 923/923/923
f 925/925/925 888/888/888 889/889/889
f 889/889/889 926/926/926 925/925/925
f 926/926/926 889/889/889 890/890/890
f 890/890/890 927/927/927 926/926/926
f 927/927/927 890/890/890 891/891/891
f 891/891/891 928/928/928 927/927/927
f 928/928/928 891/891/891 892/892/892
f 892/892/892 929/929/929 928/928/928
f 929/929/929 892/892/892 893/893/893
f 893/893/893 930/930/930 929/929/929
f 930/930/930 893/893/893 894/894/894
f 894/894/894 931/931/931 930/930/930
f 894/894/894 932/932/932 931/931/931
f 895/895/895 932/932/932 894/894/894
f 932/932/932 934/934/934 933/933/933
f 895/895/895 934/934/934 932/932/932
f 931/931/931 932/932/932 933/933/933
f 935/935/935 934/934/934 895/895/895
f 933/933/933 934/934/934 935/935/935
f 898/898/898 936/936/936 935/935/935
f 897/897/897 936/936/936 898/898/898
f 895/895/895 898/898/898 935/935/935
f 935/935/935 938/938/938 937/937/937
f 936/936/936 939/939/939 938/938/938
f 897/897/897 939/939/939 936/936/936
f 935/935/935 936/936/936 938/938/938
f 933/933/933 935/935/935 937/937/937
f 938/938/938 941/941/941 940/940/940
f 941/941/941 939/939/939 897/897/897
f 938/938/938 939/939/939 941/941/941
f 938/938/938 942/942/942 937/937/937
f 940/940/940 942/942/942 938/938/938
f 940/940/940 901/901/901 900/900/900
f 901/901/901 941/941/941 897/897/897
f 940/940/940 941/941/941 901/901/901
f 943/943/943 940/940/940 900/900/900
f 944/944/944 942/942/942 940/940/940
f 937/937/937 942/942/942 944/944/944
f 943/943/943 944/944/944 940/940/940
f 900/900/900 945/945/945 943/943/943
f 902/902/902 945/945/945 900/900/900
f 946/946/946 947/947/947 945/945/945
f 947/947/947 949/949/949 948/948/948
f 946/946/946 949/949/949 947/947/947
f 902/902/902 946/946/946 945/945/945
f 945/945/945 950/950/950 943/943/943
f 950/950/950 947/947/947 948/948/948
f 945/945/945 947/947/947 950/950/950
f 951/951/951 946/946/946 902/902/902
f 952/952/952 949/949/949 946/946/946
f 949/949/949 953/953/953 948/948/948
f 952/952/952 953/953/953 949/949/949
f 951/951/951 952/952/952 946/946/946
f 903/903/903 951/951/951 902/902/902
f 954/954/954 951/951/951 903/903/903
f 955/955/955 952/952/952 951/951/951
f 956/956/956 953/953/953 952/952/952
f 948/948/948 953/953/953 956/956/956
f 955/955/955 956/956/956 952/952/952
f 954/954/954 955/955/955 951/951/951
f 954/954/954 903/903/903 904/904/904
f 904/904/904 957/957/957 954/954/954
f 957/957/957 904/904/904 905/905/905
f 905/905/905 958/958/958 957/957/957
f 958/958/958 905/905/905 906/906/906
f 906/906/906 959/959/959 958/958/958
f 959/959/959 906/906/906 907/907/907
f 907/907/907 960/960/960 959/959/959
f 960/960/960 907/907/907 908/908/908
f 908/908/908 961/961/961 960/960/960
f 961/961/961 908/908/908 909/909/909
f 909/909/909 962/962/962 961/961/961
f 962/962/962 909/909/909 910/910/910
f 910/910/910 963/963/963 962/962/962
f 963/963/963 910/910/910 911/911/911
f 911/911/911 964/964/964 963/963/963
f 964/964/964 911/911/911 912/912/912
f 912/912/912 965/965/965 964/964/964
f 965/965/965 912/912/912 913/913/913
f 913/913/913 966/966/966 965/965/965
f 966/966/966 913/913/913 914/914/914
f 914/914/914 967/967/967 966/966/966
f 967/967/967 914/914/914 915/915/915
f 915/915/915 968/968/968 967/967/967
f 968/968/968 915/915/915 916/916/916
f 916/916/916 969/969/969 968/968/968
f 969/969/969 916/916/916 917/917/917
f 917/917/917 970/970/970 969/969/969
f 970/970/970 917/917/917 918/918/918
f 918/918/918 971/971/971 970/970/970
f 971/971/971 918/918/918 919/919/919
f 919/919/919 972/972/972 971/971/971
f 919/919/919 973/973/973 972/972/972
f 920/920/920 973/973/973 919/919/919
f 974/974/974 973/973/973 920/920/920
f 972/972/972 973/973/973 974/974/974
f 974/974/974 920/920/920 921/921/921
f 921/921/921 975/975/975 974/974/974
f 975/975/975 921/921/921 922/922/922
f 922/922/922 976/976/976 975/975/975
f 976/976/976 922/922/922 923/923/923
f 923/923/923 977/977/977 976/976/976
f 977/977/977 923/923/923 924/924/924
f 924/924/924 978/978/978 977/977/977
f 979/979/979 925/925/925 926/926/926
f 926/926/926 980/980/980 979/979/979
f 926/926/926 981/981/981 980/980/980
f 927/927/927 981/981/981 926/926/926
f 982/982/982 983/983/983 981/981/981
f 984/984/984 983/983/983 982/982/982
f 927/927/927 982/982/982 981/981/981
f 981/981/981 985/985/985 980/980/980
f 985/985/985 983/983/983 984/984/984
f 981/981/981 983/983/983 985/985/985
f 986/986/986 982/982/982 927/927/927
f 982/982/982 987/987/987 984/984/984
f 986/986/986 987/987/987 982/982/982
f 928/928/928 986/986/986 927/927/927
f 988/988/988 986/986/986 928/928/928
f 989/989/989 987/987/987 986/986/986
f 984/984/984 987/987/987 989/989/989
f 988/988/988 989/989/989 986/986/986
f 988/988/988 928/928/928 929/929/929
f 929/929/929 990/990/990 988/988/988
f 990/990/990 929/929/929 930/930/930
f 930/930/930 991/991/991 990/990/990
f 991/991/991 930/930/930 931/931/931
f 931/931/931 992/992/992 991/991/991
f 992/992/992 931/931/931 933/933/933
f 933/933/933 993/993/993 992/992/992
f 933/933/933 994/994/994 993/993/993
f 937/937/937 994/994/994 933/933/933
f 994/994/994 996/996/996 995/995/995
f 937/937/937 996/996/996 994/994/994
f 993/993/993 994/994/994 995/995/995
f 997/997/997 996/996/996 937/937/937
f 996/996/996 998/998/998 995/995/995
f 997/997/997 998/998/998 996/996/996
f 997/997/997 944/944/944 943/943/943
f 937/937/937 944/944/944 997/997/997
f 999/999/999 997/997/997 943/943/943
f 1000/1000/1000 998/998/998 997/997/997
f 995/995/995 998/998/998 1000/1000/1000
f 999/999/999 1000/1000/1000 997/997/997
f 943/943/943 1001/1001/1001 999/999/999
f 1001/1001/1001 950/950/950 948/948/948
f 943/943/943 950/950/950 1001/1001/1001
f 1001/1001/1001 1003/1003/1003 1002/1002/1002
f 948/948/948 1003/1003/1003 1001/1001/1001
f 999/999/999 1001/1001/1001 1002/1002/1002
f 1003/1003/1003 1005/1005/1005 1004/1004/1004
f 948/948/948 1005/1005/1005 1003/1003/1003
f 1002/1002/1002 1003/1003/1003 1004/1004/1004
f 1004/1004/1004 955/955/955 954/954/954
f 1005/1005/1005 956/956/956 955/955/955
f 948/948/948 956/956/956 1005/1005/1005
f 1004/1004/1004 1005/1005/1005 955/955/955
f 1006/1006/1006 1004/1004/1004 954/954/954
f 1002/1002/1002 1004/1004/1004 1006/1006/1006
f 1006/1006/1006 954/954/954 957/957/957
f 957/957/957 1007/1007/1007 1006/1006/1006
f 1007/1007/1007 957/957/957 958/958/958
f 958/958/958 1008/1008/1008 1007/1007/1007
f 1008/1008/1008 958/958/958 959/959/959
f 959/959/959 1009/1009/1009 1008/1008/1008
f 1009/1009/1009 959/959/959 960/960/960
f 960/960/960 1010/1010/1010 1009/1009/1009
f 1010/1010/1010 960/960/960 961/961/961
f 961/961/961 1011/1011/1011 1010/1010/1010
f 1011/1011/1011 961/961/961 962/962/962
f 962/962/962 1012/1012/1012 1011/1011/1011
f 1012/1012/1012 962/962/962 963/963/963
f 963/963/963 1013/1013/1013 1012/1012/1012
f 1013/1013/1013 963/963/963 964/964/964
f 964/964/964 1014/1014/1014 1013/1013/1013
f 1014/1014/1014 964/964/964 965/965/965
f 965/965/965 1015/1015/1015 1014/1014/1014
f 1015/1015/1015 965/965/965 966/966/966
f 966/966/966 1016/1016/1016 1015/1015/1015
f 1016/1016/1016 966/966/966 967/967/967
f 967/967/967 1017/1017/1017 1016/1016/1016
f 1017/1017/1017 967/967/967 968/968/968
f 968/968/968 1018/1018/1018 1017/1017/1017
f 1018/1018/1018 968/968/968 969/969/969
f 969/969/969 1019/1019/1019 1018/1018/1018
f 1019/1019/1019 969/969/969 970/970/970
f 970/970/970 1020/1020/1020 1019/1019/1019
f 970/970/970 1021/1021/1021 1020/1020/1020
f 971/971/971 1021/1021/1021 970/970/970
f 1021/1021/1021 1023/1023/1023 1022/1022/1022
f 971/971/971 1023/1023/1023 1021/1021/1021
f 1020/1020/1020 1021/1021/1021 1022/1022/1022
f 1024/1024/1024 1023/1023/1023 971/971/971
f 1022/1022/1022 1023/1023/1023 1024/1024/1024
f 972/972/972 1024/1024/1024 971/971/971
f 1025/1025/1025 1024/1024/1024 972/972/972
f 1022/1022/1022 1024/1024/1024 1025/1025/1025
f 1025/1025/1025 972/972/972 974/974/974
f 974/974/974 1026/1026/1026 1025/1025/1025
f 974/974/974 1027/1027/1027 1026/1026/1026
f 975/975/975 1027/1027/1027 974/974/974
f 1028/1028/1028 1027/1027/1027 975/975/975
f 1027/1027/1027 1029/1029/1029 1026/1026/1026
f 1028/1028/1028 1029/1029/1029 1027/1027/1027
f 975/975/975 1030/1030/1030 1028/1028/1028
f 976/976/976 1030/1030/1030 975/975/975
f 1031/1031/1031 1030/1030/1030 976/976/976
f 1030/1030/1030 1032/1032/1032 1028/1028/1028
f 1031/1031/1031 1032/1032/1032 1030/1030/1030
f 1031/1031/1031 976/976/976 977/977/977
f 977/977/977 1033/1033/1033 1031/1031/1031
f 977/977/977 1034/1034/1034 1033/1033/1033
f 978/978/978 1034/1034/1034 977/977/977
f 1035/1035/1035 1034/1034/1034 978/978/978
f 1034/1034/1034 1036/1036/1036 1033/1033/1033
f 1035/1035/1035 1036/1036/1036 1034/1034/1034
f 1037/1037/1037 979/979/979 980/980/980
f 980/980/980 1038/1038/1038 1037/1037/1037
f 980/980/980 1039/1039/1039 1038/1038/1038
f 1039/1039/1039 985/985/985 984/984/984
f 980/980/980 985/985/985 1039/1039/1039
f 1040/1040/1040 1039/1039/1039 984/984/984
f 1038/1038/1038 1039/1039/1039 1040/1040/1040
f 984/984/984 1041/1041/1041 1040/1040/1040
f 1041/1041/1041 989/989/989 988/988/988
f 984/984/984 989/989/989 1041/1041/1041
f 1041/1041/1041 1043/1043/1043 1042/1042/1042
f 988/988/988 1043/1043/1043 1041/1041/1041
f 1040/1040/1040 1041/1041/1041 1042/1042/1042
f 1044/1044/1044 1043/1043/1043 988/988/988
f 1043/1043/1043 1045/1045/1045 1042/1042/1042
f 1044/1044/1044 1045/1045/1045 1043/1043/1043
f 990/990/990 1044/1044/1044 988/988/988
f 1046/1046/1046 1044/1044/1044 990/990/990
f 1047/1047/1047 1045/1045/1045 1044/1044/1044
f 1042/1042/1042 1045/1045/1045 1047/1047/1047
f 1046/1046/1046 1047/1047/1047 1044/1044/1044
f 1046/1046/1046 990/990/990 991/991/991
f 991/991/991 1048/1048/1048 1046/1046/1046
f 1048/1048/1048 991/991/991 992/992/992
f 992/992/992 1049/1049/1049 1048/1048/1048
f 1049/1049/1049 992/992/992 993/993/993
f 993/993/993 1050/1050/1050 1049/1049/1049
f 1050/1050/1050 993/993/993 995/995/995
f 995/995/995 1051/1051/1051 1050/1050/1050
f 995/995/995 1052/1052/1052 1051/1051/1051
f 1052/1052/1052 1000/1000/1000 999/999/999
f 995/995/995 1000/1000/1000 1052/1052/1052
f 1053/1053/1053 1052/1052/1052 999/999/999
f 1051/1051/1051 1052/1052/1052 1053/1053/1053
f 1053/1053/1053 999/999/999 1002/1002/1002
f 1002/1002/1002 1054/1054/1054 1053/1053/1053
f 1054/1054/1054 1002/1002/1002 1006/1006/1006
f 1006/1006/1006 1055/1055/1055 1054/1054/1054
f 1055/1055/1055 1006/1006/1006 1007/1007/1007
f 1007/1007/1007 1056/1056/1056 1055/1055/1055
f 1056/1056/1056 1007/1007/1007 1008/1008/1008
f 1008/1008/1008 1057/1057/1057 1056/1056/1056
f 1057/1057/1057 1008/1008/1008 1009/1009/1009
f 1009/1009/1009 1058/1058/1058 1057/1057/1057
f 1058/1058/1058 1009/1009/1009 1010/1010/1010
f 1010/1010/1010 1059/1059/1059 1058/1058/1058
f 1059/1059/1059 1010/1010/1010 1011/1011/1011
f 1011/1011/1011 1060/1060/1060 1059/1059/1059
f 1060/1060/1060 1011/1011/1011 1012/1012/1012
f 1012/1012/1012 1061/1061/1061 1060/1060/1060
f 1061/1061/1061 1012/1012/1012 1013/1013/1013
f 1013/1013/1013 1062/1062/1062 1061/1061/1061
f 1062/1062/1062 1013/1013/1013 1014/1014/1014
f 1014/1014/1014 1063/1063/1063 1062/1062/1062
f 1063/1063/1063 1014/1014/1014 1015/1015/1015
f 1015/1015/1015 1064/1064/1064 1063/1063/1063
f 1064/1064/1064 1015/1015/1015 1016/1016/1016
f 1016/1016/1016 1065/1065/1065 1064/1064/1064
f 1065/1065/1065 1016/1016/1016 1017/1017/1017
f 1017/1017/1017 1066/1066/1066 1065/1065/1065
f 1066/1066/1066 1017/1017/1017 1018/1018/1018
f 1018/1018/1018 1067/1067/1067 1066/1066/1066
f 1067/1067/1067 1018/1018/1018 1019/1019/1019
f 1019/1019/1019 1068/1068/1068 1067/1067/1067
f 1068/1068/1068 1019/1019/1019 1020/1020/1020
f 1020/1020/1020 1069/1069/1069 1068/1068/1068
f 1069/1069/1069 1020/1020/1020 1022/1022/1022
f 1022/1022/1022 1070/1070/1070 1069/1069/1069
f 1022/1022/1022 1071/1071/1071 1070/1070/1070
f 1025/1025/1025 1071/1071/1071 1022/1022/1022
f 1072/1072/1072 1071/1071/1071 1025/1025/1025
f 1071/1071/1071 1073/1073/1073 1070/1070/1070
f 1072/1072/1072 1073/1073/1073 1071/1071/1071
f 1025/1025/1025 1074/1074/1074 1072/1072/1072
f 1026/1026/1026 1074/1074/1074 1025/1025/1025
f 1075/1075/1075 1076/1076/1076 1074/1074/1074
f 1077/1077/1077 1076/1076/1076 1075/1075/1075
f 1026/1026/1026 1075/1075/1075 1074/1074/1074
f 1074/1074/1074 1078/1078/1078 1072/1072/1072
f 1078/1078/1078 1076/1076/1076 1077/1077/1077
f 1074/1074/1074 1076/1076/1076 1078/1078/1078
f 1075/1075/1075 1080/1080/1080 1079/1079/1079
f 1026/1026/1026 1080/1080/1080 1075/1075/1075
f 1077/1077/1077 1075/1075/1075 1079/1079/1079
f 1079/1079/1079 1029/1029/1029 1028/1028/1028
f 1029/1029/1029 1080/1080/1080 1026/1026/1026
f 1079/1079/1079 1080/1080/1080 1029/1029/1029
f 1081/1081/1081 1079/1079/1079 1028/1028/1028
f 1077/1077/1077 1079/1079/1079 1081/1081/1081
f 1028/1028/1028 1082/1082/1082 1081/1081/1081
f 1032/1032/1032 1083/1083/1083 1082/1082/1082
f 1031/1031/1031 1083/1083/1083 1032/1032/1032
f 1028/1028/1028 1032/1032/1032 1082/1082/1082
f 1082/1082/1082 1085/1085/1085 1084/1084/1084
f 1085/1085/1085 1083/1083/1083 1031/1031/1031
f 1082/1082/1082 1083/1083/1083 1085/1085/1085
f 1081/1081/1081 1082/1082/1082 1084/1084/1084
f 1086/1086/1086 1085/1085/1085 1031/1031/1031
f 1085/1085/1085 1087/1087/1087 1084/1084/1084
f 1086/1086/1086 1087/1087/1087 1085/1085/1085
f 1033/1033/1033 1086/1086/1086 1031/1031/1031
f 1088/1088/1088 1089/1089/1089 1086/1086/1086
f 1089/1089/1089 1091/1091/1091 1090/1090/1090
f 1088/1088/1088 1091/1091/1091 1089/1089/1089
f 1033/1033/1033 1088/1088/1088 1086/1086/1086
f 1087/1087/1087 1093/1093/1093 1092/1092/1092
f 1086/1086/1086 1093/1093/1093 1087/1087/1087
f 1084/1084/1084 1087/1087/1087 1092/1092/1092
f 1092/1092/1092 1089/1089/1089 1090/1090/1090
f 1089/1089/1089 1093/1093/1093 1086/1086/1086
f 1092/1092/1092 1093/1093/1093 1089/1089/1089
f 1094/1094/1094 1088/1088/1088 1033/1033/1033
f 1095/1095/1095 1091/1091/1091 1088/1088/1088
f 1090/1090/1090 1091/1091/1091 1095/1095/1095
f 1094/1094/1094 1095/1095/1095 1088/1088/1088
f 1036/1036/1036 1096/1096/1096 1094/1094/1094
f 1035/1035/1035 1096/1096/1096 1036/1036/1036
f 1033/1033/1033 1036/1036/1036 1094/1094/1094
f 1094/1094/1094 1098/1098/1098 1097/1097/1097
f 1096/1096/1096 1099/1099/1099 1098/1098/1098
f 1035/1035/1035 1099/1099/1099 1096/1096/1096
f 1094/1094/1094 1096/1096/1096 1098/1098/1098
f 1100/1100/1100 1095/1095/1095 1094/1094/1094
f 1090/1090/1090 1095/1095/1095 1100/1100/1100
f 1097/1097/1097 1100/1100/1100 1094/1094/1094
f 1101/1101/1101 1037/1037/1037 1038/1038/1038
f 1038/1038/1038 1102/1102/1102 1101/1101/1101
f 1102/1102/1102 1038/1038/1038 1040/1040/1040
f 1040/1040/1040 1103/1103/1103 1102/1102/1102
f 1040/1040/1040 1104/1104/1104 1103/1103/1103
f 1042/1042/1042 1104/1104/1104 1040/1040/1040
f 1105/1105/1105 1106/1106/1106 1104/1104/1104
f 1107/1107/1107 1106/1106/1106 1105/1105/1105
f 1042/1042/1042 1105/1105/1105 1104/1104/1104
f 1104/1104/1104 1108/1108/1108 1103/1103/1103
f 1108/1108/1108 1106/1106/1106 1107/1107/1107
f 1104/1104/1104 1106/1106/1106 1108/1108/1108
f 1109/1109/1109 1105/1105/1105 1042/1042/1042
f 1107/1107/1107 1105/1105/1105 1109/1109/1109
f 1109/1109/1109 1047/1047/1047 1046/1046/1046
f 1042/1042/1042 1047/1047/1047 1109/1109/1109
f 1110/1110/1110 1109/1109/1109 1046/1046/1046
f 1107/1107/1107 1109/1109/1109 1110/1110/1110
f 1110/1110/1110 1046/1046/1046 1048/1048/1048
f 1048/1048/1048 1111/1111/1111 1110/1110/1110
f 1111/1111/1111 1048/1048/1048 1049/1049/1049
f 1049/1049/1049 1112/1112/1112 1111/1111/1111
f 1112/1112/1112 1049/1049/1049 1050/1050/1050
f 1050/1050/1050 1113/1113/1113 1112/1112/1112
f 1113/1113/1113 1050/1050/1050 1051/1051/1051
f 1051/1051/1051 1114/1114/1114 1113/1113/1113
f 1114/1114/1114 1051/1051/1051 1053/1053/1053
f 1053/1053/1053 1115/1115/1115 1114/1114/1114
f 1115/1115/1115 1053/1053/1053 1054/1054/1054
f 1054/1054/1054 1116/1116/1116 1115/1115/1115
f 1116/1116/1116 1054/1054/1054 1055/1055/1055
f 1055/1055/1055 1117/1117/1117 1116/1116/1116
f 1117/1117/1117 1055/1055/1055 1056/1056/1056
f 1056/1056/1056 1118/1118/1118 1117/1117/1117
f 1118/1118/1118 1056/1056/1056 1057/1057/1057
f 1057/1057/1057 1119/1119/1119 1118/1118/1118
f 1119/1119/1119 1057/1057/1057 1058/1058/1058
f 1058/1058/1058 1120/1120/1120 1119/1119/1119
f 1058/1058/1058 1121/1121/1121 1120/1120/1120
f 1059/1059/1059 1121/1121/1121 1058/1058/1058
f 1122/1122/1122 1121/1121/1121 1059/1059/1059
f 1121/1121/1121 1123/1123/1123 1120/1120/1120
f 1122/1122/1122 1123/1123/1123 1121/1121/1121
f 1122/1122/1122 1059/1059/1059 1060/1060/1060
f 1060/1060/1060 1124/1124/1124 1122/1122/1122
f 1124/1124/1124 1060/1060/1060 1061/1061/1061
f 1061/1061/1061 1125/1125/1125 1124/1124/1124
f 1061/1061/1061 1126/1126/1126 1125/1125/1125
f 1062/1062/1062 1126/1126/1126 1061/1061/1061
f 1127/1127/1127 1126/1126/1126 1062/1062/1062
f 1126/1126/1126 1128/1128/1128 1125/1125/1125
f 1127/1127/1127 1128/1128/1128 1126/1126/1126
f 1062/1062/1062 1129/1129/1129 1127/1127/1127
f 1063/1063/1063 1129/1129/1129 1062/1062/1062
f 1130/1130/1130 1129/1129/1129 1063/1063/1063
f 1129/1129/1129 1131/1131/1131 1127/1127/1127
f 1130/1130/1130 1131/1131/1131 1129/1129/1129
f 1130/1130/1130 1063/1063/1063 1064/1064/1064
f 1064/1064/1064 1132/1132/1132 1130/1130/1130
f 1132/1132/1132 1064/1064/1064 1065/1065/1065
f 1065/1065/1065 1133/1133/1133 1132/1132/1132
f 1065/1065/1065 1134/1134/1134 1133/1133/1133
f 1066/1066/1066 1134/1134/1134 1065/1065/1065
f 1135/1135/1135 1134/1134/1134 1066/1066/1066
f 1134/1134/1134 1136/1136/1136 1133/1133/1133
f 1135/1135/1135 1136/1136/1136 1134/1134/1134
f 1066/1066/1066 1137/1137/1137 1135/1135/1135
f 1067/1067/1067 1137/1137/1137 1066/1066/1066
f 1138/1138/1138 1137/1137/1137 1067/1067/1067
f 1137/1137/1137 1139/1139/1139 1135/1135/1135
f 1138/1138/1138 1139/1139/1139 1137/1137/1137
f 1138/1138/1138 1067/1067/1067 1068/1068/1068
f 1068/1068/1068 1140/1140/1140 1138/1138/1138
f 1140/1140/1140 1068/1068/1068 1069/1069/1069
f 1069/1069/1069 1141/1141/1141 1140/1140/1140
f 1069/1069/1069 1142/1142/1142 1141/1141/1141
f 1070/1070/1070 1142/1142/1142 1069/1069/1069
f 1143/1143/1143 1142/1142/1142 1070/1070/1070
f 1142/1142/1142 1144/1144/1144 1141/1141/1141
f 1143/1143/1143 1144/1144/1144 1142/1142/1142
f 1070/1070/1070 1145/1145/1145 1143/1143/1143
f 1073/1073/1073 1146/1146/1146 1145/1145/1145
f 1072/1072/1072 1146/1146/1146 1073/1073/1073
f 1070/1070/1070 1073/1073/1073 1145/1145/1145
f 1147/1147/1147 1149/1149/1149 1148/1148/1148
f 1145/1145/1145 1149/1149/1149 1147/1147/1147
f 1150/1150/1150 1147/1147/1147 1148/1148/1148
f 1148/1148/1148 1146/1146/1146 1072/1072/1072
f 1146/1146/1146 1149/1149/1149 1145/1145/1145
f 1148/1148/1148 1149/1149/1149 1146/1146/1146
f 1145/1145/1145 1151/1151/1151 1143/1143/1143
f 1151/1151/1151 1147/1147/1147 1150/1150/1150
f 1145/1145/1145 1147/1147/1147 1151/1151/1151
f 1152/1152/1152 1148/1148/1148 1072/1072/1072
f 1150/1150/1150 1148/1148/1148 1152/1152/1152
f 1152/1152/1152 1078/1078/1078 1077/1077/1077
f 1072/1072/1072 1078/1078/1078 1152/1152/1152
f 1153/1153/1153 1152/1152/1152 1077/1077/1077
f 1150/1150/1150 1152/1152/1152 1153/1153/1153
f 1153/1153/1153 1077/1077/1077 1081/1081/1081
f 1081/1081/1081 1154/1154/1154 1153/1153/1153
f 1154/1154/1154 1081/1081/1081 1084/1084/1084
f 1084/1084/1084 1155/1155/1155 1154/1154/1154
f 1084/1084/1084 1156/1156/1156 1155/1155/1155
f 1156/1156/1156 1092/1092/1092 1090/1090/1090
f 1084/1084/1084 1092/1092/1092 1156/1156/1156
f 1157/1157/1157 1156/1156/1156 1090/1090/1090
f 1155/1155/1155 1156/1156/1156 1157/1157/1157
f 1090/1090/1090 1158/1158/1158 1157/1157/1157
f 1158/1158/1158 1100/1100/1100 1097/1097/1097
f 1090/1090/1090 1100/1100/1100 1158/1158/1158
f 1159/1159/1159 1158/1158/1158 1097/1097/1097
f 1157/1157/1157 1158/1158/1158 1159/1159/1159
f 1160/1160/1160 1101/1101/1101 1102/1102/1102
f 1102/1102/1102 1161/1161/1161 1160/1160/1160
f 1102/1102/1102 1162/1162/1162 1161/1161/1161
f 1103/1103/1103 1162/1162/1162 1102/1102/1102
f 1162/1162/1162 1164/1164/1164 1163/1163/1163
f 1103/1103/1103 1164/1164/1164 1162/1162/1162
f 1162/1162/1162 1165/1165/1165 1161/1161/1161
f 1163/1163/1163 1165/1165/1165 1162/1162/1162
f 1166/1166/1166 1167/1167/1167 1164/1164/1164
f 1168/1168/1168 1167/1167/1167 1166/1166/1166
f 1103/1103/1103 1166/1166/1166 1164/1164/1164
f 1164/1164/1164 1169/1169/1169 1163/1163/1163
f 1169/1169/1169 1167/1167/1167 1168/1168/1168
f 1164/1164/1164 1167/1167/1167 1169/1169/1169
f 1168/1168/1168 1108/1108/1108 1107/1107/1107
f 1108/1108/1108 1166/1166/1166 1103/1103/1103
f 1168/1168/1168 1166/1166/1166 1108/1108/1108
f 1170/1170/1170 1168/1168/1168 1107/1107/1107
f 1171/1171/1171 1169/1169/1169 1168/1168/1168
f 1163/1163/1163 1169/1169/1169 1171/1171/1171
f 1170/1170/1170 1171/1171/1171 1168/1168/1168
f 1107/1107/1107 1172/1172/1172 1170/1170/1170
f 1110/1110/1110 1172/1172/1172 1107/1107/1107
f 1173/1173/1173 1172/1172/1172 1110/1110/1110
f 1172/1172/1172 1174/1174/1174 1170/1170/1170
f 1173/1173/1173 1174/1174/1174 1172/1172/1172
f 1173/1173/1173 1110/1110/1110 1111/1111/1111
f 1111/1111/1111 1175/1175/1175 1173/1173/1173
f 1175/1175/1175 1111/1111/1111 1112/1112/1112
f 1112/1112/1112 1176/1176/1176 1175/1175/1175
f 1176/1176/1176 1112/1112/1112 1113/1113/1113
f 1113/1113/1113 1177/1177/1177 1176/1176/1176
f 1177/1177/1177 1113/1113/1113 1114/1114/1114
f 1114/1114/1114 1178/1178/1178 1177/1177/1177
f 1178/1178/1178 1114/1114/1114 1115/1115/1115
f 1115/1115/1115 1179/1179/1179 1178/1178/1178
f 1179/1179/1179 1115/1115/1115 1116/1116/1116
f 1116/1116/1116 1180/1180/1180 1179/1179/1179
f 1180/1180/1180 1116/1116/1116 1117/1117/1117
f 1117/1117/1117 1181/1181/1181 1180/1180/1180
f 1181/1181/1181 1117/1117/1117 1118/1118/1118
f 1118/1118/1118 1182/1182/1182 1181/1181/1181
f 1118/1118/1118 1183/1183/1183 1182/1182/1182
f 1119/1119/1119 1183/1183/1183 1118/1118/1118
f 1184/1184/1184 1185/1185/1185 1183/1183/1183
f 1186/1186/1186 1185/1185/1185 1184/1184/1184
f 1119/1119/1119 1184/1184/1184 1183/1183/1183
f 1183/1183/1183 1187/1187/1187 1182/1182/1182
f 1187/1187/1187 1185/1185/1185 1186/1186/1186
f 1183/1183/1183 1185/1185/1185 1187/1187/1187
f 1188/1188/1188 1184/1184/1184 1119/1119/1119
f 1186/1186/1186 1184/1184/1184 1188/1188/1188
f 1120/1120/1120 1188/1188/1188 1119/1119/1119
f 1189/1189/1189 1190/1190/1190 1188/1188/1188
f 1191/1191/1191 1190/1190/1190 1189/1189/1189
f 1120/1120/1120 1189/1189/1189 1188/1188/1188
f 1188/1188/1188 1192/1192/1192 1186/1186/1186
f 1192/1192/1192 1190/1190/1190 1191/1191/1191
f 1188/1188/1188 1190/1190/1190 1192/1192/1192
f 1193/1193/1193 1194/1194/1194 1189/1189/1189
f 1195/1195/1195 1194/1194/1194 1193/1193/1193
f 1120/1120/1120 1193/1193/1193 1189/1189/1189
f 1189/1189/1189 1196/1196/1196 1191/1191/1191
f 1196/1196/1196 1194/1194/1194 1195/1195/1195
f 1189/1189/1189 1194/1194/1194 1196/1196/1196
f 1195/1195/1195 1123/1123/1123 1122/1122/1122
f 1123/1123/1123 1193/1193/1193 1120/1120/1120
f 1195/1195/1195 1193/1193/1193 1123/1123/1123
f 1197/1197/1197 1195/1195/1195 1122/1122/1122
f 1198/1198/1198 1196/1196/1196 1195/1195/1195
f 1191/1191/1191 1196/1196/1196 1198/1198/1198
f 1197/1197/1197 1198/1198/1198 1195/1195/1195
f 1197/1197/1197 1122/1122/1122 1124/1124/1124
f 1124/1124/1124 1199/1199/1199 1197/1197/1197
f 1124/1124/1124 1200/1200/1200 1199/1199/1199
f 1125/1125/1125 1200/1200/1200 1124/1124/1124
f 1200/1200/1200 1202/1202/1202 1201/1201/1201
f 1125/1125/1125 1202/1202/1202 1200/1200/1200
f 1199/1199/1199 1200/1200/1200 1201/1201/1201
f 1202/1202/1202 1204/1204/1204 1203/1203/1203
f 1125/1125/1125 1204/1204/1204 1202/1202/1202
f 1201/1201/1201 1202/1202/1202 1203/1203/1203
f 1205/1205/1205 1206/1206/1206 1128/1128/1128
f 1203/1203/1203 1206/1206/1206 1205/1205/1205
f 1127/1127/1127 1205/1205/1205 1128/1128/1128
f 1128/1128/1128 1204/1204/1204 1125/1125/1125
f 1204/1204/1204 1206/1206/1206 1203/1203/1203
f 1128/1128/1128 1206/1206/1206 1204/1204/1204
f 1203/1203/1203 1208/1208/1208 1207/1207/1207
f 1208/1208/1208 1205/1205/1205 1127/1127/1127
f 1203/1203/1203 1205/1205/1205 1208/1208/1208
f 1201/1201/1201 1203/1203/1203 1207/1207/1207
f 1208/1208/1208 1210/1210/1210 1209/1209/1209
f 1127/1127/1127 1210/1210/1210 1208/1208/1208
f 1207/1207/1207 1208/1208/1208 1209/1209/1209
f 1211/1211/1211 1212/1212/1212 1131/1131/1131
f 1209/1209/1209 1212/1212/1212 1211/1211/1211
f 1130/1130/1130 1211/1211/1211 1131/1131/1131
f 1131/1131/1131 1210/1210/1210 1127/1127/1127
f 1210/1210/1210 1212/1212/1212 1209/1209/1209
f 1131/1131/1131 1212/1212/1212 1210/1210/1210
f 1209/1209/1209 1214/1214/1214 1213/1213/1213
f 1214/1214/1214 1211/1211/1211 1130/1130/1130
f 1209/1209/1209 1211/1211/1211 1214/1214/1214
f 1207/1207/1207 1209/1209/1209 1213/1213/1213
f 1215/1215/1215 1214/1214/1214 1130/1130/1130
f 1213/1213/1213 1214/1214/1214 1215/1215/1215
f 1132/1132/1132 1215/1215/1215 1130/1130/1130
f 1216/1216/1216 1215/1215/1215 1132/1132/1132
f 1213/1213/1213 1215/1215/1215 1216/1216/1216
f 1132/1132/1132 1217/1217/1217 1216/1216/1216
f 1133/1133/1133 1217/1217/1217 1132/1132/1132
f 1217/1217/1217 1219/1219/1219 1218/1218/1218
f 1133/1133/1133 1219/1219/1219 1217/1217/1217
f 1216/1216/1216 1217/1217/1217 1218/1218/1218
f 1220/1220/1220 1219/1219/1219 1133/1133/1133
f 1219/1219/1219 1221/1221/1221 1218/1218/1218
f 1220/1220/1220 1221/1221/1221 1219/1219/1219
f 1136/1136/1136 1222/1222/1222 1220/1220/1220
f 1135/1135/1135 1222/1222/1222 1136/1136/1136
f 1133/1133/1133 1136/1136/1136 1220/1220/1220
f 1220/1220/1220 1224/1224/1224 1223/1223/1223
f 1222/1222/1222 1225/1225/1225 1224/1224/1224
f 1135/1135/1135 1225/1225/1225 1222/1222/1222
f 1220/1220/1220 1222/1222/1222 1224/1224/1224
f 1226/1226/1226 1221/1221/1221 1220/1220/1220
f 1221/1221/1221 1227/1227/1227 1218/1218/1218
f 1226/1226/1226 1227/1227/1227 1221/1221/1221
f 1223/1223/1223 1226/1226/1226 1220/1220/1220
f 1224/1224/1224 1229/1229/1229 1228/1228/1228
f 1229/1229/1229 1225/1225/1225 1135/1135/1135
f 1224/1224/1224 1225/1225/1225 1229/1229/1229
f 1223/1223/1223 1224/1224/1224 1228/1228/1228
f 1228/1228/1228 1139/1139/1139 1138/1138/1138
f 1139/1139/1139 1229/1229/1229 1135/1135/1135
f 1228/1228/1228 1229/1229/1229 1139/1139/1139
f 1228/1228/1228 1231/1231/1231 1230/1230/1230
f 1138/1138/1138 1231/1231/1231 1228/1228/1228
f 1223/1223/1223 1228/1228/1228 1230/1230/1230
f 1232/1232/1232 1231/1231/1231 1138/1138/1138
f 1231/1231/1231 1233/1233/1233 1230/1230/1230
f 1232/1232/1232 1233/1233/1233 1231/1231/1231
f 1140/1140/1140 1232/1232/1232 1138/1138/1138
f 1234/1234/1234 1232/1232/1232 1140/1140/1140
f 1235/1235/1235 1233/1233/1233 1232/1232/1232
f 1230/1230/1230 1233/1233/1233 1235/1235/1235
f 1234/1234/1234 1235/1235/1235 1232/1232/1232
f 1140/1140/1140 1236/1236/1236 1234/1234/1234
f 1141/1141/1141 1236/1236/1236 1140/1140/1140
f 1236/1236/1236 1238/1238/1238 1237/1237/1237
f 1141/1141/1141 1238/1238/1238 1236/1236/1236
f 1234/1234/1234 1236/1236/1236 1237/1237/1237
f 1238/1238/1238 1240/1240/1240 1239/1239/1239
f 1141/1141/1141 1240/1240/1240 1238/1238/1238
f 1237/1237/1237 1238/1238/1238 1239/1239/1239
f 1239/1239/1239 1144/1144/1144 1143/1143/1143
f 1144/1144/1144 1240/1240/1240 1141/1141/1141
f 1239/1239/1239 1240/1240/1240 1144/1144/1144
f 1239/1239/1239 1242/1242/1242 1241/1241/1241
f 1143/1143/1143 1242/1242/1242 1239/1239/1239
f 1237/1237/1237 1239/1239/1239 1241/1241/1241
f 1242/1242/1242 1244/1244/1244 1243/1243/1243
f 1143/1143/1143 1244/1244/1244 1242/1242/1242
f 1241/1241/1241 1242/1242/1242 1243/1243/1243
f 1243/1243/1243 1151/1151/1151 1150/1150/1150
f 1151/1151/1151 1244/1244/1244 1143/1143/1143
f 1243/1243/1243 1244/1244/1244 1151/1151/1151
f 1245/1245/1245 1243/1243/1243 1150/1150/1150
f 1241/1241/1241 1243/1243/1243 1245/1245/1245
f 1245/1245/1245 1150/1150/1150 1153/1153/1153
f 1153/1153/1153 1246/1246/1246 1245/1245/1245
f 1246/1246/1246 1153/1153/1153 1154/1154/1154
f 1154/1154/1154 1247/1247/1247 1246/1246/1246
f 1247/1247/1247 1154/1154/1154 1155/1155/1155
f 1155/1155/1155 1248/1248/1248 1247/1247/1247
f 1155/1155/1155 1249/1249/1249 1248/1248/1248
f 1157/1157/1157 1249/1249/1249 1155/1155/1155
f 1250/1250/1250 1249/1249/1249 1157/1157/1157
f 1248/1248/1248 1249/1249/1249 1250/1250/1250
f 1250/1250/1250 1157/1157/1157 1159/1159/1159
f 1159/1159/1159 1251/1251/1251 1250/1250/1250
f 1252/1252/1252 1160/1160/1160 1161/1161/1161
f 1161/1161/1161 1253/1253/1253 1252/1252/1252
f 1161/1161/1161 1254/1254/1254 1253/1253/1253
f 1165/1165/1165 1255/1255/1255 1254/1254/1254
f 1163/1163/1163 1255/1255/1255 1165/1165/1165
f 1161/1161/1161 1165/1165/1165 1254/1254/1254
f 1254/1254/1254 1257/1257/1257 1256/1256/1256
f 1257/1257/1257 1255/1255/1255 1163/1163/1163
f 1254/1254/1254 1255/1255/1255 1257/1257/1257
f 1253/1253/1253 1254/1254/1254 1256/1256/1256
f 1257/1257/1257 1259/1259/1259 1258/1258/1258
f 1163/1163/1163 1259/1259/1259 1257/1257/1257
f 1256/1256/1256 1257/1257/1257 1258/1258/1258
f 1171/1171/1171 1260/1260/1260 1258/1258/1258
f 1170/1170/1170 1260/1260/1260 1171/1171/1171
f 1171/1171/1171 1259/1259/1259 1163/1163/1163
f 1258/1258/1258 1259/1259/1259 1171/1171/1171
f 1261/1261/1261 1263/1263/1263 1262/1262/1262
f 1258/1258/1258 1263/1263/1263 1261/1261/1261
f 1264/1264/1264 1261/1261/1261 1262/1262/1262
f 1265/1265/1265 1266/1266/1266 1260/1260/1260
f 1262/1262/1262 1266/1266/1266 1265/1265/1265
f 1170/1170/1170 1265/1265/1265 1260/1260/1260
f 1260/1260/1260 1263/1263/1263 1258/1258/1258
f 1263/1263/1263 1266/1266/1266 1262/1262/1262
f 1260/1260/1260 1266/1266/1266 1263/1263/1263
f 1258/1258/1258 1267/1267/1267 1256/1256/1256
f 1267/1267/1267 1261/1261/1261 1264/1264/1264
f 1258/1258/1258 1261/1261/1261 1267/1267/1267
f 1262/1262/1262 1269/1269/1269 1268/1268/1268
f 1269/1269/1269 1265/1265/1265 1170/1170/1170
f 1262/1262/1262 1265/1265/1265 1269/1269/1269
f 1264/1264/1264 1262/1262/1262 1268/1268/1268
f 1268/1268/1268 1174/1174/1174 1173/1173/1173
f 1174/1174/1174 1269/1269/1269 1170/1170/1170
f 1268/1268/1268 1269/1269/1269 1174/1174/1174
f 1270/1270/1270 1268/1268/1268 1173/1173/1173
f 1268/1268/1268 1271/1271/1271 1264/1264/1264
f 1270/1270/1270 1271/1271/1271 1268/1268/1268
f 1270/1270/1270 1173/1173/1173 1175/1175/1175
f 1175/1175/1175 1272/1272/1272 1270/1270/1270
f 1272/1272/1272 1175/1175/1175 1176/1176/1176
f 1176/1176/1176 1273/1273/1273 1272/1272/1272
f 1273/1273/1273 1176/1176/1176 1177/1177/1177
f 1177/1177/1177 1274/1274/1274 1273/1273/1273
f 1274/1274/1274 1177/1177/1177 1178/1178/1178
f 1178/1178/1178 1275/1275/1275 1274/1274/1274
f 1275/1275/1275 1178/1178/1178 1179/1179/1179
f 1179/1179/1179 1276/1276/1276 1275/1275/1275
f 1276/1276/1276 1179/1179/1179 1180/1180/1180
f 1180/1180/1180 1277/1277/1277 1276/1276/1276
f 1180/1180/1180 1278/1278/1278 1277/1277/1277
f 1181/1181/1181 1278/1278/1278 1180/1180/1180
f 1278/1278/1278 1280/1280/1280 1279/1279/1279
f 1181/1181/1181 1280/1280/1280 1278/1278/1278
f 1277/1277/1277 1278/1278/1278 1279/1279/1279
f 1281/1281/1281 1280/1280/1280 1181/1181/1181
f 1280/1280/1280 1282/1282/1282 1279/1279/1279
f 1281/1281/1281 1282/1282/1282 1280/1280/1280
f 1182/1182/1182 1281/1281/1281 1181/1181/1181
f 1283/1283/1283 1284/1284/1284 1281/1281/1281
f 1285/1285/1285 1284/1284/1284 1283/1283/1283
f 1182/1182/1182 1283/1283/1283 1281/1281/1281
f 1286/1286/1286 1287/1287/1287 1282/1282/1282
f 1288/1288/1288 1287/1287/1287 1286/1286/1286
f 1281/1281/1281 1286/1286/1286 1282/1282/1282
f 1282/1282/1282 1289/1289/1289 1279/1279/1279
f 1289/1289/1289 1287/1287/1287 1288/1288/1288
f 1282/1282/1282 1287/1287/1287 1289/1289/1289
f 1288/1288/1288 1284/1284/1284 1285/1285/1285
f 1284/1284/1284 1286/1286/1286 1281/1281/1281
f 1288/1288/1288 1286/1286/1286 1284/1284/1284
f 1283/1283/1283 1291/1291/1291 1290/1290/1290
f 1182/1182/1182 1291/1291/1291 1283/1283/1283
f 1285/1285/1285 1283/1283/1283 1290/1290/1290
f 1290/1290/1290 1187/1187/1187 1186/1186/1186
f 1187/1187/1187 1291/1291/1291 1182/1182/1182
f 1290/1290/1290 1291/1291/1291 1187/1187/1187
f 1292/1292/1292 1290/1290/1290 1186/1186/1186
f 1285/1285/1285 1290/1290/1290 1292/1292/1292
f 1186/1186/1186 1293/1293/1293 1292/1292/1292
f 1293/1293/1293 1192/1192/1192 1191/1191/1191
f 1186/1186/1186 1192/1192/1192 1293/1293/1293
f 1294/1294/1294 1293/1293/1293 1191/1191/1191
f 1292/1292/1292 1293/1293/1293 1294/1294/1294
f 1191/1191/1191 1295/1295/1295 1294/1294/1294
f 1295/1295/1295 1198/1198/1198 1197/1197/1197
f 1191/1191/1191 1198/1198/1198 1295/1295/1295
f 1296/1296/1296 1295/1295/1295 1197/1197/1197
f 1294/1294/1294 1295/1295/1295 1296/1296/1296
f 1296/1296/1296 1197/1197/1197 1199/1199/1199
f 1199/1199/1199 1297/1297/1297 1296/1296/1296
f 1297/1297/1297 1199/1199/1199 1201/1201/1201
f 1201/1201/1201 1298/1298/1298 1297/1297/1297
f 1298/1298/1298 1201/1201/1201 1207/1207/1207
f 1207/1207/1207 1299/1299/1299 1298/1298/1298
f 1299/1299/1299 1207/1207/1207 1213/1213/1213
f 1213/1213/1213 1300/1300/1300 1299/1299/1299
f 1213/1213/1213 1301/1301/1301 1300/1300/1300
f 1216/1216/1216 1301/1301/1301 1213/1213/1213
f 1301/1301/1301 1303/1303/1303 1302/1302/1302
f 1216/1216/1216 1303/1303/1303 1301/1301/1301
f 1300/1300/1300 1301/1301/1301 1302/1302/1302
f 1304/1304/1304 1303/1303/1303 1216/1216/1216
f 1302/1302/1302 1303/1303/1303 1304/1304/1304
f 1218/1218/1218 1304/1304/1304 1216/1216/1216
f 1304/1304/1304 1306/1306/1306 1305/1305/1305
f 1218/1218/1218 1306/1306/1306 1304/1304/1304
f 1302/1302/1302 1304/1304/1304 1305/1305/1305
f 1306/1306/1306 1308/1308/1308 1307/1307/1307
f 1218/1218/1218 1308/1308/1308 1306/1306/1306
f 1305/1305/1305 1306/1306/1306 1307/1307/1307
f 1307/1307/1307 1226/1226/1226 1223/1223/1223
f 1308/1308/1308 1227/1227/1227 1226/1226/1226
f 1218/1218/1218 1227/1227/1227 1308/1308/1308
f 1307/1307/1307 1308/1308/1308 1226/1226/1226
f 1309/1309/1309 1307/1307/1307 1223/1223/1223
f 1305/1305/1305 1307/1307/1307 1309/1309/1309
f 1309/1309/1309 1223/1223/1223 1230/1230/1230
f 1230/1230/1230 1310/1310/1310 1309/1309/1309
f 1230/1230/1230 1311/1311/1311 1310/1310/1310
f 1311/1311/1311 1235/1235/1235 1234/1234/1234
f 1230/1230/1230 1235/1235/1235 1311/1311/1311
f 1311/1311/1311 1313/1313/1313 1312/1312/1312
f 1234/1234/1234 1313/1313/1313 1311/1311/1311
f 1310/1310/1310 1311/1311/1311 1312/1312/1312
f 1314/1314/1314 1313/1313/1313 1234/1234/1234
f 1312/1312/1312 1313/1313/1313 1314/1314/1314
f 1237/1237/1237 1314/1314/1314 1234/1234/1234
f 1315/1315/1315 1314/1314/1314 1237/1237/1237
f 1312/1312/1312 1314/1314/1314 1315/1315/1315
f 1315/1315/1315 1237/1237/1237 1241/1241/1241
f 1241/1241/1241 1316/1316/1316 1315/1315/1315
f 1316/1316/1316 1241/1241/1241 1245/1245/1245
f 1245/1245/1245 1317/1317/1317 1316/1316/1316
f 1317/1317/1317 1245/1245/1245 1246/1246/1246
f 1246/1246/1246 1318/1318/1318 1317/1317/1317
f 1318/1318/1318 1246/1246/1246 1247/1247/1247
f 1247/1247/1247 1319/1319/1319 1318/1318/1318
f 1319/1319/1319 1247/1247/1247 1248/1248/1248
f 1248/1248/1248 1320/1320/1320 1319/1319/1319
f 1320/1320/1320 1248/1248/1248 1250/1250/1250
f 1250/1250/1250 1321/1321/1321 1320/1320/1320
f 1250/1250/1250 1322/1322/1322 1321/1321/1321
f 1251/1251/1251 1322/1322/1322 1250/1250/1250
f 1322/1322/1322 1324/1324/1324 1323/1323/1323
f 1251/1251/1251 1324/1324/1324 1322/1322/1322
f 1321/1321/1321 1322/1322/1322 1323/1323/1323
f 1325/1325/1325 1252/1252/1252 1253/1253/1253
f 1253/1253/1253 1326/1326/1326 1325/1325/1325
f 1253/1253/1253 1327/1327/1327 1326/1326/1326
f 1256/1256/1256 1327/1327/1327 1253/1253/1253
f 1328/1328/1328 1329/1329/1329 1327/1327/1327
f 1330/1330/1330 1329/1329/1329 1328/1328/1328
f 1256/1256/1256 1328/1328/1328 1327/1327/1327
f 1327/1327/1327 1331/1331/1331 1326/1326/1326
f 1331/1331/1331 1329/1329/1329 1330/1330/1330
f 1327/1327/1327 1329/1329/1329 1331/1331/1331
f 1332/1332/1332 1328/1328/1328 1256/1256/1256
f 1330/1330/1330 1328/1328/1328 1332/1332/1332
f 1332/1332/1332 1267/1267/1267 1264/1264/1264
f 1256/1256/1256 1267/1267/1267 1332/1332/1332
f 1333/1333/1333 1332/1332/1332 1264/1264/1264
f 1332/1332/1332 1334/1334/1334 1330/1330/1330
f 1333/1333/1333 1334/1334/1334 1332/1332/1332
f 1264/1264/1264 1335/1335/1335 1333/1333/1333
f 1335/1335/1335 1271/1271/1271 1270/1270/1270
f 1264/1264/1264 1271/1271/1271 1335/1335/1335
f 1336/1336/1336 1335/1335/1335 1270/1270/1270
f 1333/1333/1333 1335/1335/1335 1336/1336/1336
f 1336/1336/1336 1270/1270/1270 1272/1272/1272
f 1272/1272/1272 1337/1337/1337 1336/1336/1336
f 1337/1337/1337 1272/1272/1272 1273/1273/1273
f 1273/1273/1273 1338/1338/1338 1337/1337/1337
f 1338/1338/1338 1273/1273/1273 1274/1274/1274
f 1274/1274/1274 1339/1339/1339 1338/1338/1338
f 1339/1339/1339 1274/1274/1274 1275/1275/1275
f 1275/1275/1275 1340/1340/1340 1339/1339/1339
f 1340/1340/1340 1275/1275/1275 1276/1276/1276
f 1276/1276/1276 1341/1341/1341 1340/1340/1340
f 1341/1341/1341 1276/1276/1276 1277/1277/1277
f 1277/1277/1277 1342/1342/1342 1341/1341/1341
f 1277/1277/1277 1343/1343/1343 1342/1342/1342
f 1279/1279/1279 1343/1343/1343 1277/1277/1277
f 1343/1343/1343 1345/1345/1345 1344/1344/1344
f 1279/1279/1279 1345/1345/1345 1343/1343/1343
f 1343/1343/1343 1346/1346/1346 1342/1342/1342
f 1344/1344/1344 1346/1346/1346 1343/1343/1343
f 1345/1345/1345 1348/1348/1348 1347/1347/1347
f 1279/1279/1279 1348/1348/1348 1345/1345/1345
f 1344/1344/1344 1345/1345/1345 1347/1347/1347
f 1347/1347/1347 1288/1288/1288 1285/1285/1285
f 1348/1348/1348 1289/1289/1289 1288/1288/1288
f 1279/1279/1279 1289/1289/1289 1348/1348/1348
f 1347/1347/1347 1348/1348/1348 1288/1288/1288
f 1349/1349/1349 1347/1347/1347 1285/1285/1285
f 1344/1344/1344 1347/1347/1347 1349/1349/1349
f 1349/1349/1349 1285/1285/1285 1292/1292/1292
f 1292/1292/1292 1350/1350/1350 1349/1349/1349
f 1350/1350/1350 1292/1292/1292 1294/1294/1294
f 1294/1294/1294 1351/1351/1351 1350/1350/1350
f 1351/1351/1351 1294/1294/1294 1296/1296/1296
f 1296/1296/1296 1352/1352/1352 1351/1351/1351
f 1352/1352/1352 1296/1296/1296 1297/1297/1297
f 1297/1297/1297 1353/1353/1353 1352/1352/1352
f 1353/1353/1353 1297/1297/1297 1298/1298/1298
f 1298/1298/1298 1354/1354/1354 1353/1353/1353
f 1354/1354/1354 1298/1298/1298 1299/1299/1299
f 1299/1299/1299 1355/1355/1355 1354/1354/1354
f 1355/1355/1355 1299/1299/1299 1300/1300/1300
f 1300/1300/1300 1356/1356/1356 1355/1355/1355
f 1356/1356/1356 1300/1300/1300 1302/1302/1302
f 1302/1302/1302 1357/1357/1357 1356/1356/1356
f 1357/1357/1357 1302/1302/1302 1305/1305/1305
f 1305/1305/1305 1358/1358/1358 1357/1357/1357
f 1358/1358/1358 1305/1305/1305 1309/1309/1309
f 1309/1309/1309 1359/1359/1359 1358/1358/1358
f 1359/1359/1359 1309/1309/1309 1310/1310/1310
f 1310/1310/1310 1360/1360/1360 1359/1359/1359
f 1360/1360/1360 1310/1310/1310 1312/1312/1312
f 1312/1312/1312 1361/1361/1361 1360/1360/1360
f 1361/1361/1361 1312/1312/1312 1315/1315/1315
f 1315/1315/1315 1362/1362/1362 1361/1361/1361
f 1362/1362/1362 1315/1315/1315 1316/1316/1316
f 1316/1316/1316 1363/1363/1363 1362/1362/1362
f 1363/1363/1363 1316/1316/1316 1317/1317/1317
f 1317/1317/1317 1364/1364/1364 1363/1363/1363
f 1364/1364/1364 1317/1317/1317 1318/1318/1318
f 1318/1318/1318 1365/1365/1365 1364/1364/1364
f 1365/1365/1365 1318/1318/1318 1319/1319/1319
f 1319/1319/1319 1366/1366/1366 1365/1365/1365
f 1366/1366/1366 1319/1319/1319 1320/1320/1320
f 1320/1320/1320 1367/1367/1367 1366/1366/1366
f 1367/1367/1367 1320/1320/1320 1321/1321/1321
f 1321/1321/1321 1368/1368/1368 1367/1367/1367
f 1368/1368/1368 1321/1321/1321 1323/1323/1323
f 1323/1323/1323 1369/1369/1369 1368/1368/1368
f 1370/1370/1370 1325/1325/1325 1326/1326/1326
f 1326/1326/1326 1371/1371/1371 1370/1370/1370
f 1326/1326/1326 1372/1372/1372 1371/1371/1371
f 1331/1331/1331 1373/1373/1373 1372/1372/1372
f 1330/1330/1330 1373/1373/1373 1331/1331/1331
f 1326/1326/1326 1331/1331/1331 1372/1372/1372
f 1372/1372/1372 1375/1375/1375 1374/1374/1374
f 1375/1375/1375 1373/1373/1373 1330/1330/1330
f 1372/1372/1372 1373/1373/1373 1375/1375/1375
f 1371/1371/1371 1372/1372/1372 1374/1374/1374
f 1375/1375/1375 1377/1377/1377 1376/1376/1376
f 1330/1330/1330 1377/1377/1377 1375/1375/1375
f 1374/1374/1374 1375/1375/1375 1376/1376/1376
f 1376/1376/1376 1334/1334/1334 1333/1333/1333
f 1334/1334/1334 1377/1377/1377 1330/1330/1330
f 1376/1376/1376 1377/1377/1377 1334/1334/1334
f 1378/1378/1378 1376/1376/1376 1333/1333/1333
f 1376/1376/1376 1379/1379/1379 1374/1374/1374
f 1378/1378/1378 1379/1379/1379 1376/1376/1376
f 1378/1378/1378 1333/1333/1333 1336/1336/1336
f 1336/1336/1336 1380/1380/1380 1378/1378/1378
f 1380/1380/1380 1336/1336/1336 1337/1337/1337
f 1337/1337/1337 1381/1381/1381 1380/1380/1380
f 1381/1381/1381 1337/1337/1337 1338/1338/1338
f 1338/1338/1338 1382/1382/1382 1381/1381/1381
f 1382/1382/1382 1338/1338/1338 1339/1339/1339
f 1339/1339/1339 1383/1383/1383 1382/1382/1382
f 1383/1383/1383 1339/1339/1339 1340/1340/1340
f 1340/1340/1340 1384/1384/1384 1383/1383/1383
f 1384/1384/1384 1340/1340/1340 1341/1341/1341
f 1341/1341/1341 1385/1385/1385 1384/1384/1384
f 1341/1341/1341 1386/1386/1386 1385/1385/1385
f 1342/1342/1342 1386/1386/1386 1341/1341/1341
f 1387/1387/1387 1388/1388/1388 1386/1386/1386
f 1389/1389/1389 1388/1388/1388 1387/1387/1387
f 1342/1342/1342 1387/1387/1387 1386/1386/1386
f 1386/1386/1386 1390/1390/1390 1385/1385/1385
f 1388/1388/1388 1391/1391/1391 1390/1390/1390
f 1389/1389/1389 1391/1391/1391 1388/1388/1388
f 1386/1386/1386 1388/1388/1388 1390/1390/1390
f 1387/1387/1387 1393/1393/1393 1392/1392/1392
f 1342/1342/1342 1393/1393/1393 1387/1387/1387
f 1389/1389/1389 1387/1387/1387 1392/1392/1392
f 1392/1392/1392 1346/1346/1346 1344/1344/1344
f 1346/1346/1346 1393/1393/1393 1342/1342/1342
f 1392/1392/1392 1393/1393/1393 1346/1346/1346
f 1394/1394/1394 1392/1392/1392 1344/1344/1344
f 1389/1389/1389 1392/1392/1392 1394/1394/1394
f 1394/1394/1394 1344/1344/1344 1349/1349/1349
f 1349/1349/1349 1395/1395/1395 1394/1394/1394
f 1349/1349/1349 1396/1396/1396 1395/1395/1395
f 1350/1350/1350 1396/1396/1396 1349/1349/1349
f 1397/1397/1397 1396/1396/1396 1350/1350/1350
f 1396/1396/1396 1398/1398/1398 1395/1395/1395
f 1397/1397/1397 1398/1398/1398 1396/1396/1396
f 1397/1397/1397 1350/1350/1350 1351/1351/1351
f 1351/1351/1351 1399/1399/1399 1397/1397/1397
f 1399/1399/1399 1351/1351/1351 1352/1352/1352
f 1352/1352/1352 1400/1400/1400 1399/1399/1399
f 1400/1400/1400 1352/1352/1352 1353/1353/1353
f 1353/1353/1353 1401/1401/1401 1400/1400/1400
f 1401/1401/1401 1353/1353/1353 1354/1354/1354
f 1354/1354/1354 1402/1402/1402 1401/1401/1401
f 1402/1402/1402 1354/1354/1354 1355/1355/1355
f 1355/1355/1355 1403/1403/1403 1402/1402/1402
f 1355/1355/1355 1404/1404/1404 1403/1403/1403
f 1356/1356/1356 1404/1404/1404 1355/1355/1355
f 1404/1404/1404 1406/1406/1406 1405/1405/1405
f 1356/1356/1356 1406/1406/1406 1404/1404/1404
f 1403/1403/1403 1404/1404/1404 1405/1405/1405
f 1407/1407/1407 1406/1406/1406 1356/1356/1356
f 1405/1405/1405 1406/1406/1406 1407/1407/1407
f 1357/1357/1357 1407/1407/1407 1356/1356/1356
f 1408/1408/1408 1407/1407/1407 1357/1357/1357
f 1405/1405/1405 1407/1407/1407 1408/1408/1408
f 1408/1408/1408 1357/1357/1357 1358/1358/1358
f 1358/1358/1358 1409/1409/1409 1408/1408/1408
f 1409/1409/1409 1358/1358/1358 1359/1359/1359
f 1359/1359/1359 1410/1410/1410 1409/1409/1409
f 1410/1410/1410 1359/1359/1359 1360/1360/1360
f 1360/1360/1360 1411/1411/1411 1410/1410/1410
f 1411/1411/1411 1360/1360/1360 1361/1361/1361
f 1361/1361/1361 1412/1412/1412 1411/1411/1411
f 1412/1412/1412 1361/1361/1361 1362/1362/1362
f 1362/1362/1362 1413/1413/1413 1412/1412/1412
f 1413/1413/1413 1362/1362/1362 1363/1363/1363
f 1363/1363/1363 1414/1414/1414 1413/1413/1413
f 1414/1414/1414 1363/1363/1363 1364/1364/1364
f 1364/1364/1364 1415/1415/1415 1414/1414/1414
f 1415/1415/1415 1364/1364/1364 1365/1365/1365
f 1365/1365/1365 1416/1416/1416 1415/1415/1415
f 1416/1416/1416 1365/1365/1365 1366/1366/1366
f 1366/1366/1366 1417/1417/1417 1416/1416/1416
f 1417/1417/1417 1366/1366/1366 1367/1367/1367
f 1367/1367/1367 1418/1418/1418 1417/1417/1417
f 1367/1367/1367 1419/1419/1419 1418/1418/1418
f 1368/1368/1368 1419/1419/1419 1367/1367/1367
f 1420/1420/1420 1419/1419/1419 1368/1368/1368
f 1419/1419/1419 1421/1421/1421 1418/1418/1418
f 1420/1420/1420 1421/1421/1421 1419/1419/1419
f 1368/1368/1368 1422/1422/1422 1420/1420/1420
f 1369/1369/1369 1422/1422/1422 1368/1368/1368
f 1423/1423/1423 1422/1422/1422 1369/1369/1369
f 1420/1420/1420 1422/1422/1422 1423/1423/1423
f 1427/1427/1427 1424/1424/1424 1370/1370/1370
f 1428/1428/1428 1426/1426/1426 1424/1424/1424
f 1425/1425/1425 1426/1426/1426 1428/1428/1428
f 1427/1427/1427 1428/1428/1428 1424/1424/1424
f 1371/1371/1371 1427/1427/1427 1370/1370/1370
f 1429/1429/1429 1427/1427/1427 1371/1371/1371
f 1430/1430/1430 1428/1428/1428 1427/1427/1427
f 1425/1425/1425 1428/1428/1428 1430/1430/1430
f 1429/1429/1429 1430/1430/1430 1427/1427/1427
f 1371/1371/1371 1431/1431/1431 1429/1429/1429
f 1374/1374/1374 1431/1431/1431 1371/1371/1371
f 1432/1432/1432 1433/1433/1433 1431/1431/1431
f 1434/1434/1434 1435/1435/1435 1433/1433/1433
f 1435/1435/1435 1437/1437/1437 1436/1436/1436
f 1434/1434/1434 1437/1437/1437 1435/1435/1435
f 1432/1432/1432 1434/1434/1434 1433/1433/1433
f 1374/1374/1374 1432/1432/1432 1431/1431/1431
f 1431/1431/1431 1438/1438/1438 1429/1429/1429
f 1433/1433/1433 1439/1439/1439 1438/1438/1438
f 1439/1439/1439 1435/1435/1435 1436/1436/1436
f 1433/1433/1433 1435/1435/1435 1439/1439/1439
f 1431/1431/1431 1433/1433/1433 1438/1438/1438
f 1432/1432/1432 1441/1441/1441 1440/1440/1440
f 1374/1374/1374 1441/1441/1441 1432/1432/1432
f 1442/1442/1442 1434/1434/1434 1432/1432/1432
f 1443/1443/1443 1437/1437/1437 1434/1434/1434
f 1436/1436/1436 1437/1437/1437 1443/1443/1443
f 1442/1442/1442 1443/1443/1443 1434/1434/1434
f 1440/1440/1440 1442/1442/1442 1432/1432/1432
f 1444/1444/1444 1445/1445/1445 1379/1379/1379
f 1440/1440/1440 1445/1445/1445 1444/1444/1444
f 1378/1378/1378 1444/1444/1444 1379/1379/1379
f 1379/1379/1379 1441/1441/1441 1374/1374/1374
f 1441/1441/1441 1445/1445/1445 1440/1440/1440
f 1379/1379/1379 1445/1445/1445 1441/1441/1441
f 1440/1440/1440 1447/1447/1447 1446/1446/1446
f 1447/1447/1447 1444/1444/1444 1378/1378/1378
f 1440/1440/1440 1444/1444/1444 1447/1447/1447
f 1448/1448/1448 1442/1442/1442 1440/1440/1440
f 1449/1449/1449 1443/1443/1443 1442/1442/1442
f 1436/1436/1436 1443/1443/1443 1449/1449/1449
f 1448/1448/1448 1449/1449/1449 1442/1442/1442
f 1446/1446/1446 1448/1448/1448 1440/1440/1440
f 1450/1450/1450 1447/1447/1447 1378/1378/1378
f 1446/1446/1446 1447/1447/1447 1450/1450/1450
f 1380/1380/1380 1450/1450/1450 1378/1378/1378
f 1451/1451/1451 1450/1450/1450 1380/1380/1380
f 1446/1446/1446 1450/1450/1450 1451/1451/1451
f 1451/1451/1451 1380/1380/1380 1381/1381/1381
f 1381/1381/1381 1452/1452/1452 1451/1451/1451
f 1452/1452/1452 1381/1381/1381 1382/1382/1382
f 1382/1382/1382 1453/1453/1453 1452/1452/1452
f 1453/1453/1453 1382/1382/1382 1383/1383/1383
f 1383/1383/1383 1454/1454/1454 1453/1453/1453
f 1454/1454/1454 1383/1383/1383 1384/1384/1384
f 1384/1384/1384 1455/1455/1455 1454/1454/1454
f 1455/1455/1455 1384/1384/1384 1385/1385/1385
f 1385/1385/1385 1456/1456/1456 1455/1455/1455
f 1385/1385/1385 1457/1457/1457 1456/1456/1456
f 1390/1390/1390 1458/1458/1458 1457/1457/1457
f 1458/1458/1458 1391/1391/1391 1389/1389/1389
f 1390/1390/1390 1391/1391/1391 1458/1458/1458
f 1385/1385/1385 1390/1390/1390 1457/1457/1457
f 1457/1457/1457 1460/1460/1460 1459/1459/1459
f 1460/1460/1460 1458/1458/1458 1389/1389/1389
f 1457/1457/1457 1458/1458/1458 1460/1460/1460
f 1457/1457/1457 1461/1461/1461 1456/1456/1456
f 1459/1459/1459 1461/1461/1461 1457/1457/1457
f 1462/1462/1462 1460/1460/1460 1389/1389/1389
f 1459/1459/1459 1460/1460/1460 1462/1462/1462
f 1394/1394/1394 1462/1462/1462 1389/1389/1389
f 1463/1463/1463 1462/1462/1462 1394/1394/1394
f 1459/1459/1459 1462/1462/1462 1463/1463/1463
f 1394/1394/1394 1464/1464/1464 1463/1463/1463
f 1395/1395/1395 1464/1464/1464 1394/1394/1394
f 1465/1465/1465 1466/1466/1466 1464/1464/1464
f 1467/1467/1467 1466/1466/1466 1465/1465/1465
f 1395/1395/1395 1465/1465/1465 1464/1464/1464
f 1464/1464/1464 1468/1468/1468 1463/1463/1463
f 1468/1468/1468 1466/1466/1466 1467/1467/1467
f 1464/1464/1464 1466/1466/1466 1468/1468/1468
f 1465/1465/1465 1470/1470/1470 1469/1469/1469
f 1395/1395/1395 1470/1470/1470 1465/1465/1465
f 1467/1467/1467 1465/1465/1465 1469/1469/1469
f 1469/1469/1469 1398/1398/1398 1397/1397/1397
f 1398/1398/1398 1470/1470/1470 1395/1395/1395
f 1469/1469/1469 1470/1470/1470 1398/1398/1398
f 1471/1471/1471 1469/1469/1469 1397/1397/1397
f 1467/1467/1467 1469/1469/1469 1471/1471/1471
f 1471/1471/1471 1397/1397/1397 1399/1399/1399
f 1399/1399/1399 1472/1472/1472 1471/1471/1471
f 1399/1399/1399 1473/1473/1473 1472/1472/1472
f 1400/1400/1400 1473/1473/1473 1399/1399/1399
f 1474/1474/1474 1473/1473/1473 1400/1400/1400
f 1472/1472/1472 1473/1473/1473 1474/1474/1474
f 1474/1474/1474 1400/1400/1400 1401/1401/1401
f 1401/1401/1401 1475/1475/1475 1474/1474/1474
f 1475/1475/1475 1401/1401/1401 1402/1402/1402
f 1402/1402/1402 1476/1476/1476 1475/1475/1475
f 1402/1402/1402 1477/1477/1477 1476/1476/1476
f 1403/1403/1403 1477/1477/1477 1402/1402/1402
f 1477/1477/1477 1479/1479/1479 1478/1478/1478
f 1403/1403/1403 1479/1479/1479 1477/1477/1477
f 1476/1476/1476 1477/1477/1477 1478/1478/1478
f 1480/1480/1480 1479/1479/1479 1403/1403/1403
f 1478/1478/1478 1479/1479/1479 1480/1480/1480
f 1405/1405/1405 1480/1480/1480 1403/1403/1403
f 1481/1481/1481 1480/1480/1480 1405/1405/1405
f 1478/1478/1478 1480/1480/1480 1481/1481/1481
f 1405/1405/1405 1482/1482/1482 1481/1481/1481
f 1408/1408/1408 1482/1482/1482 1405/1405/1405
f 1483/1483/1483 1482/1482/1482 1408/1408/1408
f 1481/1481/1481 1482/1482/1482 1483/1483/1483
f 1483/1483/1483 1408/1408/1408 1409/1409/1409
f 1409/1409/1409 1484/1484/1484 1483/1483/1483
f 1484/1484/1484 1409/1409/1409 1410/1410/1410
f 1410/1410/1410 1485/1485/1485 1484/1484/1484
f 1485/1485/1485 1410/1410/1410 1411/1411/1411
f 1411/1411/1411 1486/1486/1486 1485/1485/1485
f 1486/1486/1486 1411/1411/1411 1412/1412/1412
f 1412/1412/1412 1487/1487/1487 1486/1486/1486
f 1487/1487/1487 1412/1412/1412 1413/1413/1413
f 1413/1413/1413 1488/1488/1488 1487/1487/1487
f 1488/1488/1488 1413/1413/1413 1414/1414/1414
f 1414/1414/1414 1489/1489/1489 1488/1488/1488
f 1489/1489/1489 1414/1414/1414 1415/1415/1415
f 1415/1415/1415 1490/1490/1490 1489/1489/1489
f 1490/1490/1490 1415/1415/1415 1416/1416/1416
f 1416/1416/1416 1491/1491/1491 1490/1490/1490
f 1491/1491/1491 1416/1416/1416 1417/1417/1417
f 1417/1417/1417 1492/1492/1492 1491/1491/1491
f 1417/1417/1417 1493/1493/1493 1492/1492/1492
f 1418/1418/1418 1493/1493/1493 1417/1417/1417
f 1493/1493/1493 1495/1495/1495 1494/1494/1494
f 1418/1418/1418 1495/1495/1495 1493/1493/1493
f 1492/1492/1492 1493/1493/1493 1494/1494/1494
f 1495/1495/1495 1497/1497/1497 1496/1496/1496
f 1418/1418/1418 1497/1497/1497 1495/1495/1495
f 1494/1494/1494 1495/1495/1495 1496/1496/1496
f 1496/1496/1496 1421/1421/1421 1420/1420/1420
f 1421/1421/1421 1497/1497/1497 1418/1418/1418
f 1496/1496/1496 1497/1497/1497 1421/1421/1421
f 1498/1498/1498 1496/1496/1496 1420/1420/1420
f 1496/1496/1496 1499/1499/1499 1494/1494/1494
f 1498/1498/1498 1499/1499/1499 1496/1496/1496
f 1498/1498/1498 1420/1420/1420 1423/1423/1423
f 1423/1423/1423 1500/1500/1500 1498/1498/1498
f 1425/1425/1425 1502/1502/1502 1501/1501/1501
f 1502/1502/1502 1430/1430/1430 1429/1429/1429
f 1425/1425/1425 1430/1430/1430 1502/1502/1502
f 1502/1502/1502 1504/1504/1504 1503/1503/1503
f 1429/1429/1429 1504/1504/1504 1502/1502/1502
f 1501/1501/1501 1502/1502/1502 1503/1503/1503
f 1505/1505/1505 1504/1504/1504 1429/1429/1429
f 1504/1504/1504 1506/1506/1506 1503/1503/1503
f 1505/1505/1505 1506/1506/1506 1504/1504/1504
f 1438/1438/1438 1507/1507/1507 1505/1505/1505
f 1507/1507/1507 1439/1439/1439 1436/1436/1436
f 1438/1438/1438 1439/1439/1439 1507/1507/1507
f 1429/1429/1429 1438/1438/1438 1505/1505/1505
f 1508/1508/1508 1510/1510/1510 1509/1509/1509
f 1505/1505/1505 1510/1510/1510 1508/1508/1508
f 1511/1511/1511 1508/1508/1508 1509/1509/1509
f 1509/1509/1509 1507/1507/1507 1436/1436/1436
f 1507/1507/1507 1510/1510/1510 1505/1505/1505
f 1509/1509/1509 1510/1510/1510 1507/1507/1507
f 1512/1512/1512 1513/1513/1513 1506/1506/1506
f 1514/1514/1514 1513/1513/1513 1512/1512/1512
f 1505/1505/1505 1512/1512/1512 1506/1506/1506
f 1506/1506/1506 1515/1515/1515 1503/1503/1503
f 1515/1515/1515 1513/1513/1513 1514/1514/1514
f 1506/1506/1506 1513/1513/1513 1515/1515/1515
f 1514/1514/1514 1508/1508/1508 1511/1511/1511
f 1508/1508/1508 1512/1512/1512 1505/1505/1505
f 1514/1514/1514 1512/1512/1512 1508/1508/1508
f 1509/1509/1509 1517/1517/1517 1516/1516/1516
f 1436/1436/1436 1517/1517/1517 1509/1509/1509
f 1511/1511/1511 1509/1509/1509 1516/1516/1516
f 1516/1516/1516 1448/1448/1448 1446/1446/1446
f 1517/1517/1517 1449/1449/1449 1448/1448/1448
f 1436/1436/1436 1449/1449/1449 1517/1517/1517
f 1516/1516/1516 1517/1517/1517 1448/1448/1448
f 1518/1518/1518 1516/1516/1516 1446/1446/1446
f 1511/1511/1511 1516/1516/1516 1518/1518/1518
f 1518/1518/1518 1446/1446/1446 1451/1451/1451
f 1451/1451/1451 1519/1519/1519 1518/1518/1518
f 1519/1519/1519 1451/1451/1451 1452/1452/1452
f 1452/1452/1452 1520/1520/1520 1519/1519/1519
f 1520/1520/1520 1452/1452/1452 1453/1453/1453
f 1453/1453/1453 1521/1521/1521 1520/1520/1520
f 1521/1521/1521 1453/1453/1453 1454/1454/1454
f 1454/1454/1454 1522/1522/1522 1521/1521/1521
f 1522/1522/1522 1454/1454/1454 1455/1455/1455
f 1455/1455/1455 1523/1523/1523 1522/1522/1522
f 1523/1523/1523 1455/1455/1455 1456/1456/1456
f 1456/1456/1456 1524/1524/1524 1523/1523/1523
f 1456/1456/1456 1525/1525/1525 1524/1524/1524
f 1461/1461/1461 1526/1526/1526 1525/1525/1525
f 1459/1459/1459 1526/1526/1526 1461/1461/1461
f 1456/1456/1456 1461/1461/1461 1525/1525/1525
f 1527/1527/1527 1529/1529/1529 1528/1528/1528
f 1525/1525/1525 1529/1529/1529 1527/1527/1527
f 1530/1530/1530 1527/1527/1527 1528/1528/1528
f 1528/1528/1528 1526/1526/1526 1459/1459/1459
f 1526/1526/1526 1529/1529/1529 1525/1525/1525
f 1528/1528/1528 1529/1529/1529 1526/1526/1526
f 1525/1525/1525 1531/1531/1531 1524/1524/1524
f 1531/1531/1531 1527/1527/1527 1530/1530/1530
f 1525/1525/1525 1527/1527/1527 1531/1531/1531
f 1532/1532/1532 1528/1528/1528 1459/1459/1459
f 1530/1530/1530 1528/1528/1528 1532/1532/1532
f 1463/1463/1463 1532/1532/1532 1459/1459/1459
f 1532/1532/1532 1534/1534/1534 1533/1533/1533
f 1463/1463/1463 1534/1534/1534 1532/1532/1532
f 1530/1530/1530 1532/1532/1532 1533/1533/1533
f 1535/1535/1535 1534/1534/1534 1463/1463/1463
f 1534/1534/1534 1536/1536/1536 1533/1533/1533
f 1535/1535/1535 1536/1536/1536 1534/1534/1534
f 1535/1535/1535 1468/1468/1468 1467/1467/1467
f 1463/1463/1463 1468/1468/1468 1535/1535/1535
f 1537/1537/1537 1538/1538/1538 1535/1535/1535
f 1539/1539/1539 1540/1540/1540 1538/1538/1538
f 1540/1540/1540 1542/1542/1542 1541/1541/1541
f 1539/1539/1539 1542/1542/1542 1540/1540/1540
f 1537/1537/1537 1539/1539/1539 1538/1538/1538
f 1467/1467/1467 1537/1537/1537 1535/1535/1535
f 1536/1536/1536 1544/1544/1544 1543/1543/1543
f 1535/1535/1535 1544/1544/1544 1536/1536/1536
f 1533/1533/1533 1536/1536/1536 1543/1543/1543
f 1538/1538/1538 1545/1545/1545 1543/1543/1543
f 1545/1545/1545 1540/1540/1540 1541/1541/1541
f 1538/1538/1538 1540/1540/1540 1545/1545/1545
f 1538/1538/1538 1544/1544/1544 1535/1535/1535
f 1543/1543/1543 1544/1544/1544 1538/1538/1538
f 1546/1546/1546 1537/1537/1537 1467/1467/1467
f 1547/1547/1547 1539/1539/1539 1537/1537/1537
f 1548/1548/1548 1542/1542/1542 1539/1539/1539
f 1541/1541/1541 1542/1542/1542 1548/1548/1548
f 1547/1547/1547 1548/1548/1548 1539/1539/1539
f 1546/1546/1546 1547/1547/1547 1537/1537/1537
f 1471/1471/1471 1546/1546/1546 1467/1467/1467
f 1549/1549/1549 1550/1550/1550 1546/1546/1546
f 1551/1551/1551 1550/1550/1550 1549/1549/1549
f 1471/1471/1471 1549/1549/1549 1546/1546/1546
f 1552/1552/1552 1547/1547/1547 1546/1546/1546
f 1553/1553/1553 1548/1548/1548 1547/1547/1547
f 1541/1541/1541 1548/1548/1548 1553/1553/1553
f 1552/1552/1552 1553/1553/1553 1547/1547/1547
f 1550/1550/1550 1554/1554/1554 1552/1552/1552
f 1551/1551/1551 1554/1554/1554 1550/1550/1550
f 1546/1546/1546 1550/1550/1550 1552/1552/1552
f 1555/1555/1555 1549/1549/1549 1471/1471/1471
f 1551/1551/1551 1549/1549/1549 1555/1555/1555
f 1472/1472/1472 1555/1555/1555 1471/1471/1471
f 1556/1556/1556 1557/1557/1557 1555/1555/1555
f 1558/1558/1558 1557/1557/1557 1556/1556/1556
f 1472/1472/1472 1556/1556/1556 1555/1555/1555
f 1555/1555/1555 1559/1559/1559 1551/1551/1551
f 1559/1559/1559 1557/1557/1557 1558/1558/1558
f 1555/1555/1555 1557/1557/1557 1559/1559/1559
f 1560/1560/1560 1556/1556/1556 1472/1472/1472
f 1558/1558/1558 1556/1556/1556 1560/1560/1560
f 1474/1474/1474 1560/1560/1560 1472/1472/1472
f 1561/1561/1561 1560/1560/1560 1474/1474/1474
f 1560/1560/1560 1562/1562/1562 1558/1558/1558
f 1561/1561/1561 1562/1562/1562 1560/1560/1560
f 1474/1474/1474 1563/1563/1563 1561/1561/1561
f 1475/1475/1475 1563/1563/1563 1474/1474/1474
f 1564/1564/1564 1563/1563/1563 1475/1475/1475
f 1561/1561/1561 1563/1563/1563 1564/1564/1564
f 1564/1564/1564 1475/1475/1475 1476/1476/1476
f 1476/1476/1476 1565/1565/1565 1564/1564/1564
f 1565/1565/1565 1476/1476/1476 1478/1478/1478
f 1478/1478/1478 1566/1566/1566 1565/1565/1565
f 1566/1566/1566 1478/1478/1478 1481/1481/1481
f 1481/1481/1481 1567/1567/1567 1566/1566/1566
f 1567/1567/1567 1481/1481/1481 1483/1483/1483
f 1483/1483/1483 1568/1568/1568 1567/1567/1567
f 1483/1483/1483 1569/1569/1569 1568/1568/1568
f 1484/1484/1484 1569/1569/1569 1483/1483/1483
f 1570/1570/1570 1569/1569/1569 1484/1484/1484
f 1569/1569/1569 1571/1571/1571 1568/1568/1568
f 1570/1570/1570 1571/1571/1571 1569/1569/1569
f 1570/1570/1570 1484/1484/1484 1485/1485/1485
f 1485/1485/1485 1572/1572/1572 1570/1570/1570
f 1572/1572/1572 1485/1485/1485 1486/1486/1486
f 1486/1486/1486 1573/1573/1573 1572/1572/1572
f 1573/1573/1573 1486/1486/1486 1487/1487/1487
f 1487/1487/1487 1574/1574/1574 1573/1573/1573
f 1574/1574/1574 1487/1487/1487 1488/1488/1488
f 1488/1488/1488 1575/1575/1575 1574/1574/1574
f 1575/1575/1575 1488/1488/1488 1489/1489/1489
f 1489/1489/1489 1576/1576/1576 1575/1575/1575
f 1576/1576/1576 1489/1489/1489 1490/1490/1490
f 1490/1490/1490 1577/1577/1577 1576/1576/1576
f 1577/1577/1577 1490/1490/1490 1491/1491/1491
f 1491/1491/1491 1578/1578/1578 1577/1577/1577
f 1491/1491/1491 1579/1579/1579 1578/1578/1578
f 1492/1492/1492 1579/1579/1579 1491/1491/1491
f 1579/1579/1579 1581/1581/1581 1580/1580/1580
f 1492/1492/1492 1581/1581/1581 1579/1579/1579
f 1578/1578/1578 1579/1579/1579 1580/1580/1580
f 1582/1582/1582 1581/1581/1581 1492/1492/1492
f 1581/1581/1581 1583/1583/1583 1580/1580/1580
f 1582/1582/1582 1583/1583/1583 1581/1581/1581
f 1494/1494/1494 1582/1582/1582 1492/1492/1492
f 1584/1584/1584 1585/1585/1585 1582/1582/1582
f 1586/1586/1586 1585/1585/1585 1584/1584/1584
f 1494/1494/1494 1584/1584/1584 1582/1582/1582
f 1587/1587/1587 1588/1588/1588 1583/1583/1583
f 1589/1589/1589 1588/1588/1588 1587/1587/1587
f 1582/1582/1582 1587/1587/1587 1583/1583/1583
f 1583/1583/1583 1590/1590/1590 1580/1580/1580
f 1590/1590/1590 1588/1588/1588 1589/1589/1589
f 1583/1583/1583 1588/1588/1588 1590/1590/1590
f 1589/1589/1589 1585/1585/1585 1586/1586/1586
f 1585/1585/1585 1587/1587/1587 1582/1582/1582
f 1589/1589/1589 1587/1587/1587 1585/1585/1585
f 1591/1591/1591 1584/1584/1584 1494/1494/1494
f 1586/1586/1586 1584/1584/1584 1591/1591/1591
f 1499/1499/1499 1592/1592/1592 1591/1591/1591
f 1498/1498/1498 1592/1592/1592 1499/1499/1499
f 1494/1494/1494 1499/1499/1499 1591/1591/1591
f 1593/1593/1593 1595/1595/1595 1594/1594/1594
f 1591/1591/1591 1595/1595/1595 1593/1593/1593
f 1596/1596/1596 1593/1593/1593 1594/1594/1594
f 1594/1594/1594 1592/1592/1592 1498/1498/1498
f 1592/1592/1592 1595/1595/1595 1591/1591/1591
f 1594/1594/1594 1595/1595/1595 1592/1592/1592
f 1591/1591/1591 1597/1597/1597 1586/1586/1586
f 1597/1597/1597 1593/1593/1593 1596/1596/1596
f 1591/1591/1591 1593/1593/1593 1597/1597/1597
f 1598/1598/1598 1594/1594/1594 1498/1498/1498
f 1596/1596/1596 1594/1594/1594 1598/1598/1598
f 1500/1500/1500 1598/1598/1598 1498/1498/1498
f 1599/1599/1599 1598/1598/1598 1500/1500/1500
f 1596/1596/1596 1598/1598/1598 1599/1599/1599
f 1501/1501/1501 1601/1601/1601 1600/1600/1600
f 1503/1503/1503 1601/1601/1601 1501/1501/1501
f 1601/1601/1601 1603/1603/1603 1602/1602/1602
f 1503/1503/1503 1603/1603/1603 1601/1601/1601
f 1601/1601/1601 1604/1604/1604 1600/1600/1600
f 1602/1602/1602 1604/1604/1604 1601/1601/1601
f 1603/1603/1603 1606/1606/1606 1605/1605/1605
f 1503/1503/1503 1606/1606/1606 1603/1603/1603
f 1602/1602/1602 1603/1603/1603 1605/1605/1605
f 1605/1605/1605 1514/1514/1514 1511/1511/1511
f 1606/1606/1606 1515/1515/1515 1514/1514/1514
f 1503/1503/1503 1515/1515/1515 1606/1606/1606
f 1605/1605/1605 1606/1606/1606 1514/1514/1514
f 1607/1607/1607 1605/1605/1605 1511/1511/1511
f 1602/1602/1602 1605/1605/1605 1607/1607/1607
f 1607/1607/1607 1511/1511/1511 1518/1518/1518
f 1518/1518/1518 1608/1608/1608 1607/1607/1607
f 1608/1608/1608 1518/1518/1518 1519/1519/1519
f 1519/1519/1519 1609/1609/1609 1608/1608/1608
f 1609/1609/1609 1519/1519/1519 1520/1520/1520
f 1520/1520/1520 1610/1610/1610 1609/1609/1609
f 1610/1610/1610 1520/1520/1520 1521/1521/1521
f 1521/1521/1521 1611/1611/1611 1610/1610/1610
f 1521/1521/1521 1612/1612/1612 1611/1611/1611
f 1522/1522/1522 1612/1612/1612 1521/1521/1521
f 1613/1613/1613 1612/1612/1612 1522/1522/1522
f 1611/1611/1611 1612/1612/1612 1613/1613/1613
f 1613/1613/1613 1522/1522/1522 1523/1523/1523
f 1523/1523/1523 1614/1614/1614 1613/1613/1613
f 1614/1614/1614 1523/1523/1523 1524/1524/1524
f 1524/1524/1524 1615/1615/1615 1614/1614/1614
f 1524/1524/1524 1616/1616/1616 1615/1615/1615
f 1616/1616/1616 1531/1531/1531 1530/1530/1530
f 1524/1524/1524 1531/1531/1531 1616/1616/1616
f 1617/1617/1617 1618/1618/1618 1616/1616/1616
f 1619/1619/1619 1618/1618/1618 1617/1617/1617
f 1530/1530/1530 1617/1617/1617 1616/1616/1616
f 1616/1616/1616 1620/1620/1620 1615/1615/1615
f 1620/1620/1620 1618/1618/1618 1619/1619/1619
f 1616/1616/1616 1618/1618/1618 1620/1620/1620
f 1621/1621/1621 1617/1617/1617 1530/1530/1530
f 1617/1617/1617 1622/1622/1622 1619/1619/1619
f 1621/1621/1621 1622/1622/1622 1617/1617/1617
f 1533/1533/1533 1621/1621/1621 1530/1530/1530
f 1623/1623/1623 1621/1621/1621 1533/1533/1533
f 1624/1624/1624 1622/1622/1622 1621/1621/1621
f 1622/1622/1622 1625/1625/1625 1619/1619/1619
f 1624/1624/1624 1625/1625/1625 1622/1622/1622
f 1623/1623/1623 1624/1624/1624 1621/1621/1621
f 1533/1533/1533 1626/1626/1626 1623/1623/1623
f 1543/1543/1543 1627/1627/1627 1626/1626/1626
f 1627/1627/1627 1545/1545/1545 1541/1541/1541
f 1543/1543/1543 1545/1545/1545 1627/1627/1627
f 1533/1533/1533 1543/1543/1543 1626/1626/1626
f 1626/1626/1626 1629/1629/1629 1628/1628/1628
f 1629/1629/1629 1627/1627/1627 1541/1541/1541
f 1626/1626/1626 1627/1627/1627 1629/1629/1629
f 1623/1623/1623 1626/1626/1626 1628/1628/1628
f 1629/1629/1629 1631/1631/1631 1630/1630/1630
f 1541/1541/1541 1631/1631/1631 1629/1629/1629
f 1628/1628/1628 1629/1629/1629 1630/1630/1630
f 1552/1552/1552 1632/1632/1632 1630/1630/1630
f 1632/1632/1632 1554/1554/1554 1551/1551/1551
f 1552/1552/1552 1554/1554/1554 1632/1632/1632
f 1631/1631/1631 1553/1553/1553 1552/1552/1552
f 1541/1541/1541 1553/1553/1553 1631/1631/1631
f 1630/1630/1630 1631/1631/1631 1552/1552/1552
f 1630/1630/1630 1634/1634/1634 1633/1633/1633
f 1634/1634/1634 1632/1632/1632 1551/1551/1551
f 1630/1630/1630 1632/1632/1632 1634/1634/1634
f 1628/1628/1628 1630/1630/1630 1633/1633/1633
f 1635/1635/1635 1634/1634/1634 1551/1551/1551
f 1633/1633/1633 1634/1634/1634 1635/1635/1635
f 1635/1635/1635 1559/1559/1559 1558/1558/1558
f 1551/1551/1551 1559/1559/1559 1635/1635/1635
f 1636/1636/1636 1635/1635/1635 1558/1558/1558
f 1633/1633/1633 1635/1635/1635 1636/1636/1636
f 1558/1558/1558 1637/1637/1637 1636/1636/1636
f 1562/1562/1562 1638/1638/1638 1637/1637/1637
f 1561/1561/1561 1638/1638/1638 1562/1562/1562
f 1558/1558/1558 1562/1562/1562 1637/1637/1637
f 1637/1637/1637 1640/1640/1640 1639/1639/1639
f 1640/1640/1640 1638/1638/1638 1561/1561/1561
f 1637/1637/1637 1638/1638/1638 1640/1640/1640
f 1636/1636/1636 1637/1637/1637 1639/1639/1639
f 1641/1641/1641 1640/1640/1640 1561/1561/1561
f 1639/1639/1639 1640/1640/1640 1641/1641/1641
f 1564/1564/1564 1641/1641/1641 1561/1561/1561
f 1642/1642/1642 1643/1643/1643 1641/1641/1641
f 1643/1643/1643 1645/1645/1645 1644/1644/1644
f 1642/1642/1642 1645/1645/1645 1643/1643/1643
f 1564/1564/1564 1642/1642/1642 1641/1641/1641
f 1641/1641/1641 1646/1646/1646 1639/1639/1639
f 1646/1646/1646 1643/1643/1643 1644/1644/1644
f 1641/1641/1641 1643/1643/1643 1646/1646/1646
f 1647/1647/1647 1642/1642/1642 1564/1564/1564
f 1648/1648/1648 1645/1645/1645 1642/1642/1642
f 1644/1644/1644 1645/1645/1645 1648/1648/1648
f 1647/1647/1647 1648/1648/1648 1642/1642/1642
f 1565/1565/1565 1647/1647/1647 1564/1564/1564
f 1649/1649/1649 1647/1647/1647 1565/1565/1565
f 1650/1650/1650 1648/1648/1648 1647/1647/1647
f 1644/1644/1644 1648/1648/1648 1650/1650/1650
f 1649/1649/1649 1650/1650/1650 1647/1647/1647
f 1565/1565/1565 1651/1651/1651 1649/1649/1649
f 1566/1566/1566 1651/1651/1651 1565/1565/1565
f 1652/1652/1652 1651/1651/1651 1566/1566/1566
f 1651/1651/1651 1653/1653/1653 1649/1649/1649
f 1652/1652/1652 1653/1653/1653 1651/1651/1651
f 1652/1652/1652 1566/1566/1566 1567/1567/1567
f 1567/1567/1567 1654/1654/1654 1652/1652/1652
f 1567/1567/1567 1655/1655/1655 1654/1654/1654
f 1568/1568/1568 1655/1655/1655 1567/1567/1567
f 1655/1655/1655 1657/1657/1657 1656/1656/1656
f 1568/1568/1568 1657/1657/1657 1655/1655/1655
f 1654/1654/1654 1655/1655/1655 1656/1656/1656
f 1658/1658/1658 1657/1657/1657 1568/1568/1568
f 1657/1657/1657 1659/1659/1659 1656/1656/1656
f 1658/1658/1658 1659/1659/1659 1657/1657/1657
f 1571/1571/1571 1660/1660/1660 1658/1658/1658
f 1570/1570/1570 1660/1660/1660 1571/1571/1571
f 1568/1568/1568 1571/1571/1571 1658/1658/1658
f 1661/1661/1661 1663/1663/1663 1662/1662/1662
f 1663/1663/1663 1664/1664/1664 1658/1658/1658
f 1661/1661/1661 1664/1664/1664 1663/1663/1663
f 1665/1665/1665 1661/1661/1661 1662/1662/1662
f 1662/1662/1662 1660/1660/1660 1570/1570/1570
f 1660/1660/1660 1663/1663/1663 1658/1658/1658
f 1662/1662/1662 1663/1663/1663 1660/1660/1660
f 1666/1666/1666 1667/1667/1667 1659/1659/1659
f 1668/1668/1668 1667/1667/1667 1666/1666/1666
f 1658/1658/1658 1666/1666/1666 1659/1659/1659
f 1659/1659/1659 1669/1669/1669 1656/1656/1656
f 1669/1669/1669 1667/1667/1667 1668/1668/1668
f 1659/1659/1659 1667/1667/1667 1669/1669/1669
f 1668/1668/1668 1661/1661/1661 1665/1665/1665
f 1666/1666/1666 1664/1664/1664 1661/1661/1661
f 1658/1658/1658 1664/1664/1664 1666/1666/1666
f 1668/1668/1668 1666/1666/1666 1661/1661/1661
f 1670/1670/1670 1662/1662/1662 1570/1570/1570
f 1665/1665/1665 1662/1662/1662 1670/1670/1670
f 1572/1572/1572 1670/1670/1670 1570/1570/1570
f 1671/1671/1671 1670/1670/1670 1572/1572/1572
f 1665/1665/1665 1670/1670/1670 1671/1671/1671
f 1671/1671/1671 1572/1572/1572 1573/1573/1573
f 1573/1573/1573 1672/1672/1672 1671/1671/1671
f 1672/1672/1672 1573/1573/1573 1574/1574/1574
f 1574/1574/1574 1673/1673/1673 1672/1672/1672
f 1673/1673/1673 1574/1574/1574 1575/1575/1575
f 1575/1575/1575 1674/1674/1674 1673/1673/1673
f 1674/1674/1674 1575/1575/1575 1576/1576/1576
f 1576/1576/1576 1675/1675/1675 1674/1674/1674
f 1675/1675/1675 1576/1576/1576 1577/1577/1577
f 1577/1577/1577 1676/1676/1676 1675/1675/1675
f 1676/1676/1676 1577/1577/1577 1578/1578/1578
f 1578/1578/1578 1677/1677/1677 1676/1676/1676
f 1578/1578/1578 1678/1678/1678 1677/1677/1677
f 1580/1580/1580 1678/1678/1678 1578/1578/1578
f 1678/1678/1678 1680/1680/1680 1679/1679/1679
f 1580/1580/1580 1680/1680/1680 1678/1678/1678
f 1678/1678/1678 1681/1681/1681 1677/1677/1677
f 1679/1679/1679 1681/1681/1681 1678/1678/1678
f 1680/1680/1680 1683/1683/1683 1682/1682/1682
f 1580/1580/1580 1683/1683/1683 1680/1680/1680
f 1679/1679/1679 1680/1680/1680 1682/1682/1682
f 1682/1682/1682 1589/1589/1589 1586/1586/1586
f 1683/1683/1683 1590/1590/1590 1589/1589/1589
f 1580/1580/1580 1590/1590/1590 1683/1683/1683
f 1682/1682/1682 1683/1683/1683 1589/1589/1589
f 1684/1684/1684 1682/1682/1682 1586/1586/1586
f 1679/1679/1679 1682/1682/1682 1684/1684/1684
f 1586/1586/1586 1685/1685/1685 1684/1684/1684
f 1685/1685/1685 1597/1597/1597 1596/1596/1596
f 1586/1586/1586 1597/1597/1597 1685/1685/1685
f 1686/1686/1686 1685/1685/1685 1596/1596/1596
f 1684/1684/1684 1685/1685/1685 1686/1686/1686
f 1686/1686/1686 1596/1596/1596 1599/1599/1599
f 1599/1599/1599 1687/1687/1687 1686/1686/1686
f 1600/1600/1600 1689/1689/1689 1688/1688/1688
f 1689/1689/1689 1604/1604/1604 1602/1602/1602
f 1600/1600/1600 1604/1604/1604 1689/1689/1689
f 1690/1690/1690 1689/1689/1689 1602/1602/1602
f 1688/1688/1688 1689/1689/1689 1690/1690/1690
f 1690/1690/1690 1602/1602/1602 1607/1607/1607
f 1607/1607/1607 1691/1691/1691 1690/1690/1690
f 1691/1691/1691 1607/1607/1607 1608/1608/1608
f 1608/1608/1608 1692/1692/1692 1691/1691/1691
f 1692/1692/1692 1608/1608/1608 1609/1609/1609
f 1609/1609/1609 1693/1693/1693 1692/1692/1692
f 1693/1693/1693 1609/1609/1609 1610/1610/1610
f 1610/1610/1610 1694/1694/1694 1693/1693/1693
f 1694/1694/1694 1610/1610/1610 1611/1611/1611
f 1611/1611/1611 1695/1695/1695 1694/1694/1694
f 1695/1695/1695 1611/1611/1611 1613/1613/1613
f 1613/1613/1613 1696/1696/1696 1695/1695/1695
f 1696/1696/1696 1613/1613/1613 1614/1614/1614
f 1614/1614/1614 1697/1697/1697 1696/1696/1696
f 1697/1697/1697 1614/1614/1614 1615/1615/1615
f 1615/1615/1615 1698/1698/1698 1697/1697/1697
f 1615/1615/1615 1699/1699/1699 1698/1698/1698
f 1699/1699/1699 1620/1620/1620 1619/1619/1619
f 1615/1615/1615 1620/1620/1620 1699/1699/1699
f 1699/1699/1699 1701/1701/1701 1700/1700/1700
f 1619/1619/1619 1701/1701/1701 1699/1699/1699
f 1698/1698/1698 1699/1699/1699 1700/1700/1700
f 1701/1701/1701 1703/1703/1703 1702/1702/1702
f 1619/1619/1619 1703/1703/1703 1701/1701/1701
f 1700/1700/1700 1701/1701/1701 1702/1702/1702
f 1704/1704/1704 1705/1705/1705 1624/1624/1624
f 1702/1702/1702 1705/1705/1705 1704/1704/1704
f 1623/1623/1623 1704/1704/1704 1624/1624/1624
f 1625/1625/1625 1706/1706/1706 1703/1703/1703
f 1624/1624/1624 1706/1706/1706 1625/1625/1625
f 1619/1619/1619 1625/1625/1625 1703/1703/1703
f 1703/1703/1703 1705/1705/1705 1702/1702/1702
f 1705/1705/1705 1706/1706/1706 1624/1624/1624
f 1703/1703/1703 1706/1706/1706 1705/1705/1705
f 1702/1702/1702 1708/1708/1708 1707/1707/1707
f 1708/1708/1708 1704/1704/1704 1623/1623/1623
f 1702/1702/1702 1704/1704/1704 1708/1708/1708
f 1700/1700/1700 1702/1702/1702 1707/1707/1707
f 1709/1709/1709 1708/1708/1708 1623/1623/1623
f 1707/1707/1707 1708/1708/1708 1709/1709/1709
f 1628/1628/1628 1709/1709/1709 1623/1623/1623
f 1710/1710/1710 1711/1711/1711 1709/1709/1709
f 1712/1712/1712 1711/1711/1711 1710/1710/1710
f 1628/1628/1628 1710/1710/1710 1709/1709/1709
f 1709/1709/1709 1713/1713/1713 1707/1707/1707
f 1713/1713/1713 1711/1711/1711 1712/1712/1712
f 1709/1709/1709 1711/1711/1711 1713/1713/1713
f 1714/1714/1714 1710/1710/1710 1628/1628/1628
f 1712/1712/1712 1710/1710/1710 1714/1714/1714
f 1633/1633/1633 1714/1714/1714 1628/1628/1628
f 1715/1715/1715 1714/1714/1714 1633/1633/1633
f 1712/1712/1712 1714/1714/1714 1715/1715/1715
f 1633/1633/1633 1716/1716/1716 1715/1715/1715
f 1636/1636/1636 1716/1716/1716 1633/1633/1633
f 1717/1717/1717 1718/1718/1718 1716/1716/1716
f 1718/1718/1718 1720/1720/1720 1719/1719/1719
f 1717/1717/1717 1720/1720/1720 1718/1718/1718
f 1636/1636/1636 1717/1717/1717 1716/1716/1716
f 1716/1716/1716 1721/1721/1721 1715/1715/1715
f 1721/1721/1721 1718/1718/1718 1719/1719/1719
f 1716/1716/1716 1718/1718/1718 1721/1721/1721
f 1722/1722/1722 1717/1717/1717 1636/1636/1636
f 1723/1723/1723 1720/1720/1720 1717/1717/1717
f 1719/1719/1719 1720/1720/1720 1723/1723/1723
f 1722/1722/1722 1723/1723/1723 1717/1717/1717
f 1639/1639/1639 1722/1722/1722 1636/1636/1636
f 1724/1724/1724 1722/1722/1722 1639/1639/1639
f 1725/1725/1725 1723/1723/1723 1722/1722/1722
f 1719/1719/1719 1723/1723/1723 1725/1725/1725
f 1724/1724/1724 1725/1725/1725 1722/1722/1722
f 1639/1639/1639 1726/1726/1726 1724/1724/1724
f 1726/1726/1726 1646/1646/1646 1644/1644/1644
f 1639/1639/1639 1646/1646/1646 1726/1726/1726
f 1726/1726/1726 1728/1728/1728 1727/1727/1727
f 1644/1644/1644 1728/1728/1728 1726/1726/1726
f 1724/1724/1724 1726/1726/1726 1727/1727/1727
f 1729/1729/1729 1728/1728/1728 1644/1644/1644
f 1727/1727/1727 1728/1728/1728 1729/1729/1729
f 1650/1650/1650 1730/1730/1730 1729/1729/1729
f 1649/1649/1649 1730/1730/1730 1650/1650/1650
f 1644/1644/1644 1650/1650/1650 1729/1729/1729
f 1729/1729/1729 1732/1732/1732 1731/1731/1731
f 1730/1730/1730 1733/1733/1733 1732/1732/1732
f 1649/1649/1649 1733/1733/1733 1730/1730/1730
f 1729/1729/1729 1730/1730/1730 1732/1732/1732
f 1727/1727/1727 1729/1729/1729 1731/1731/1731
f 1732/1732/1732 1735/1735/1735 1734/1734/1734
f 1735/1735/1735 1733/1733/1733 1649/1649/1649
f 1732/1732/1732 1733/1733/1733 1735/1735/1735
f 1731/1731/1731 1732/1732/1732 1734/1734/1734
f 1734/1734/1734 1653/1653/1653 1652/1652/1652
f 1653/1653/1653 1735/1735/1735 1649/1649/1649
f 1734/1734/1734 1735/1735/1735 1653/1653/1653
f 1736/1736/1736 1734/1734/1734 1652/1652/1652
f 1731/1731/1731 1734/1734/1734 1736/1736/1736
f 1736/1736/1736 1652/1652/1652 1654/1654/1654
f 1654/1654/1654 1737/1737/1737 1736/1736/1736
f 1654/1654/1654 1738/1738/1738 1737/1737/1737
f 1656/1656/1656 1738/1738/1738 1654/1654/1654
f 1738/1738/1738 1740/1740/1740 1739/1739/1739
f 1656/1656/1656 1740/1740/1740 1738/1738/1738
f 1737/1737/1737 1738/1738/1738 1739/1739/1739
f 1740/1740/1740 1742/1742/1742 1741/1741/1741
f 1656/1656/1656 1742/1742/1742 1740/1740/1740
f 1739/1739/1739 1740/1740/1740 1741/1741/1741
f 1741/1741/1741 1668/1668/1668 1665/1665/1665
f 1742/1742/1742 1669/1669/1669 1668/1668/1668
f 1656/1656/1656 1669/1669/1669 1742/1742/1742
f 1741/1741/1741 1742/1742/1742 1668/1668/1668
f 1743/1743/1743 1741/1741/1741 1665/1665/1665
f 1739/1739/1739 1741/1741/1741 1743/1743/1743
f 1743/1743/1743 1665/1665/1665 1671/1671/1671
f 1671/1671/1671 1744/1744/1744 1743/1743/1743
f 1744/1744/1744 1671/1671/1671 1672/1672/1672
f 1672/1672/1672 1745/1745/1745 1744/1744/1744
f 1745/1745/1745 1672/1672/1672 1673/1673/1673
f 1673/1673/1673 1746/1746/1746 1745/1745/1745
f 1746/1746/1746 1673/1673/1673 1674/1674/1674
f 1674/1674/1674 1747/1747/1747 1746/1746/1746
f 1747/1747/1747 1674/1674/1674 1675/1675/1675
f 1675/1675/1675 1748/1748/1748 1747/1747/1747
f 1748/1748/1748 1675/1675/1675 1676/1676/1676
f 1676/1676/1676 1749/1749/1749 1748/1748/1748
f 1676/1676/1676 1750/1750/1750 1749/1749/1749
f 1677/1677/1677 1750/1750/1750 1676/1676/1676
f 1750/1750/1750 1752/1752/1752 1751/1751/1751
f 1677/1677/1677 1752/1752/1752 1750/1750/1750
f 1749/1749/1749 1750/1750/1750 1751/1751/1751
f 1753/1753/1753 1752/1752/1752 1677/1677/1677
f 1751/1751/1751 1752/1752/1752 1753/1753/1753
f 1753/1753/1753 1681/1681/1681 1679/1679/1679
f 1677/1677/1677 1681/1681/1681 1753/1753/1753
f 1754/1754/1754 1753/1753/1753 1679/1679/1679
f 1751/1751/1751 1753/1753/1753 1754/1754/1754
f 1754/1754/1754 1679/1679/1679 1684/1684/1684
f 1684/1684/1684 1755/1755/1755 1754/1754/1754
f 1755/1755/1755 1684/1684/1684 1686/1686/1686
f 1686/1686/1686 1756/1756/1756 1755/1755/1755
f 1756/1756/1756 1686/1686/1686 1687/1687/1687
f 1687/1687/1687 1757/1757/1757 1756/1756/1756
