# L3DT terrain export, using atMeshDecimator
# 1945 vertices, 3752 polygons
mtllib Lava_Tile_x3y3.mtl
o terrain_o
v 3999.511719 188.615326 -4001.464600
v 4124.496582 202.308273 -4001.464600
v 4062.004150 147.833740 -4001.464600
v 4249.481445 158.257034 -4001.464600
v 4186.988770 210.730133 -4001.464600
v 4374.465820 155.443146 -4001.464600
v 4499.450684 142.840088 -4001.464600
v 4624.435547 151.301575 -4001.464600
v 4749.419922 148.487686 -4001.464600
v 4874.404785 146.763672 -4001.464600
v 4999.389648 169.631485 -4001.464600
v 5124.374512 180.153839 -4001.464600
v 5249.359375 177.835358 -4001.464600
v 5374.343750 146.724045 -4001.464600
v 5499.328613 144.326294 -4001.464600
v 5624.313477 170.245789 -4001.464600
v 5749.297852 169.096451 -4001.464600
v 5874.282715 158.910965 -4001.464600
v 5999.267578 161.685211 -4001.464600
v 6124.252441 150.905243 -4001.464600
v 6249.236816 114.067070 -4001.464600
v 6374.221680 130.415375 -4001.464600
v 6499.206543 164.023514 -4001.464600
v 6624.191406 135.131607 -4001.464600
v 6749.175781 120.527122 -4001.464600
v 6874.160645 114.205780 -4001.464600
v 6999.145508 122.231316 -4001.464600
v 7124.130371 145.713425 -4001.464600
v 7249.114746 147.417603 -4001.464600
v 7374.099609 129.384933 -4001.464600
v 7499.084473 140.046005 -4001.464600
v 7624.069336 162.160812 -4001.464600
v 7749.053711 129.781250 -4001.464600
v 7874.038574 181.144653 -4001.464600
v 7997.070313 176.428421 -4001.464600
v 3999.511719 217.427979 -4126.449707
v 4062.004150 206.291321 -4063.957031
v 4124.496582 189.645767 -4126.449707
v 4186.988770 182.551605 -4063.957031
v 4218.234863 211.602036 -4032.710693
v 4249.481445 188.674774 -4126.449707
v 4249.481445 215.030228 -4063.957031
v 4311.973633 175.615952 -4063.957031
v 4374.465820 210.908478 -4126.449707
v 4436.958496 185.068253 -4063.957031
v 4499.450684 145.356735 -4126.449707
v 4499.450684 183.324432 -4063.957031
v 4436.958496 183.403687 -4126.449707
v 4561.942871 143.335480 -4063.957031
v 4624.435547 146.089920 -4126.449707
v 4749.419922 158.395737 -4126.449707
v 4874.404785 147.774292 -4126.449707
v 4999.389648 150.667450 -4126.449707
v 5124.374512 188.159561 -4126.449707
v 5249.359375 187.129120 -4126.449707
v 5374.343750 185.603287 -4126.449707
v 5499.328613 140.719757 -4126.449707
v 5624.313477 167.075211 -4126.449707
v 5749.297852 172.722794 -4126.449707
v 5874.282715 171.276230 -4126.449707
v 5999.267578 147.278900 -4126.449707
v 6124.252441 154.412704 -4126.449707
v 6249.236816 123.796783 -4126.449707
v 6374.221680 120.011909 -4126.449707
v 6499.206543 135.032532 -4126.449707
v 6624.191406 125.857666 -4126.449707
v 6749.175781 103.069122 -4126.449707
v 6874.160645 94.270760 -4126.449707
v 6999.145508 92.566574 -4126.449707
v 7124.130371 105.268707 -4126.449707
v 7249.114746 115.394753 -4126.449707
v 7374.099609 124.153481 -4126.449707
v 7499.084473 161.546509 -4126.449707
v 7624.069336 147.080734 -4126.449707
v 7749.053711 151.955505 -4126.449707
v 7874.038574 141.908722 -4126.449707
v 7935.554688 182.977646 -4063.957031
v 7997.070313 175.378159 -4126.449707
v 7935.554688 119.377792 -4126.449707
v 3999.511719 155.601669 -4251.434570
v 3999.511719 219.825729 -4188.941895
v 4062.004150 189.903381 -4188.941895
v 4124.496582 180.867233 -4251.434570
v 4249.481445 215.664337 -4251.434570
v 4311.973633 189.962830 -4188.941895
v 4374.465820 175.100739 -4251.434570
v 4374.465820 212.295609 -4188.941895
v 4436.958496 178.390213 -4188.941895
v 4405.711914 185.226776 -4157.695801
v 4468.204590 147.536499 -4157.695801
v 4436.958496 142.067261 -4157.695801
v 4499.450684 160.516068 -4251.434570
v 4499.450684 157.464386 -4188.941895
v 4561.942871 156.255600 -4188.941895
v 4624.435547 155.958359 -4251.434570
v 4749.419922 151.658264 -4251.434570
v 4874.404785 160.595337 -4251.434570
v 4999.389648 150.152237 -4251.434570
v 5124.374512 175.893387 -4251.434570
v 5249.359375 166.480713 -4251.434570
v 5374.343750 185.524017 -4251.434570
v 5499.328613 171.474380 -4251.434570
v 5624.313477 170.305237 -4251.434570
v 5749.297852 154.412704 -4251.434570
v 5874.282715 152.312195 -4251.434570
v 5999.267578 171.395126 -4251.434570
v 6124.252441 151.361023 -4251.434570
v 6249.236816 118.188820 -4251.434570
v 6374.221680 130.296478 -4251.434570
v 6499.206543 136.578186 -4251.434570
v 6624.191406 121.319771 -4251.434570
v 6749.175781 89.336548 -4251.434570
v 6874.160645 88.008865 -4251.434570
v 6999.145508 85.571480 -4251.434570
v 7124.130371 82.737778 -4251.434570
v 7249.114746 102.395370 -4251.434570
v 7374.099609 146.387177 -4251.434570
v 7499.084473 170.622284 -4251.434570
v 7624.069336 167.907486 -4251.434570
v 7686.561523 156.632111 -4188.941895
v 7749.053711 159.862137 -4251.434570
v 7686.561523 129.583099 -4251.434570
v 7874.038574 149.062347 -4251.434570
v 7935.554688 120.299240 -4188.941895
v 7966.312500 112.030968 -4157.695801
v 7997.070313 131.346725 -4188.941895
v 7966.312500 114.973663 -4220.187988
v 7997.070313 184.354858 -4251.434570
v 7935.554688 125.976563 -4251.434570
v 7966.312500 120.284378 -4251.434570
v 3999.511719 158.375931 -4376.418945
v 4124.496582 163.884811 -4376.418945
v 4249.481445 148.983078 -4376.418945
v 4374.465820 154.214539 -4376.418945
v 4499.450684 153.540787 -4376.418945
v 4624.435547 159.703598 -4376.418945
v 4749.419922 151.361023 -4376.418945
v 4874.404785 162.438232 -4376.418945
v 4999.389648 144.544266 -4376.418945
v 5124.374512 179.143219 -4376.418945
v 5249.359375 186.415741 -4376.418945
v 5374.343750 154.056015 -4376.418945
v 5499.328613 176.626572 -4376.418945
v 5624.313477 176.765289 -4376.418945
v 5749.297852 156.493393 -4376.418945
v 5874.282715 160.416992 -4376.418945
v 5999.267578 172.702988 -4376.418945
v 6124.252441 155.997986 -4376.418945
v 6249.236816 141.591675 -4376.418945
v 6374.221680 138.520172 -4376.418945
v 6499.206543 118.882385 -4376.418945
v 6624.191406 105.466873 -4376.418945
v 6749.175781 124.490349 -4376.418945
v 6874.160645 75.306732 -4376.418945
v 6999.145508 65.160873 -4376.418945
v 7124.130371 68.807037 -4376.418945
v 7249.114746 93.002525 -4376.418945
v 7374.099609 130.772064 -4376.418945
v 7499.084473 165.787155 -4376.418945
v 7624.069336 124.787590 -4376.418945
v 7686.561523 140.680130 -4313.926758
v 7749.053711 146.327728 -4376.418945
v 7874.038574 124.351639 -4376.418945
v 7935.554688 124.272377 -4313.926758
v 7966.312500 120.254654 -4282.680664
v 7997.070313 179.836792 -4376.418945
v 7997.070313 184.097260 -4313.926758
v 7935.554688 184.830444 -4376.418945
v 3999.511719 156.275421 -4501.403809
v 4124.496582 150.825989 -4501.403809
v 4249.481445 160.575516 -4501.403809
v 4374.465820 154.313614 -4501.403809
v 4499.450684 161.288895 -4501.403809
v 4624.435547 160.080109 -4501.403809
v 4749.419922 135.726089 -4501.403809
v 4874.404785 154.888290 -4501.403809
v 4999.389648 177.617386 -4501.403809
v 5124.374512 188.516251 -4501.403809
v 5249.359375 189.863754 -4501.403809
v 5374.343750 174.922394 -4501.403809
v 5499.328613 168.224533 -4501.403809
v 5624.313477 160.476440 -4501.403809
v 5749.297852 162.259888 -4501.403809
v 5874.282715 154.491959 -4501.403809
v 5999.267578 145.475632 -4501.403809
v 6061.759766 157.266220 -4438.911621
v 6124.252441 142.305054 -4501.403809
v 6061.759766 164.875610 -4501.403809
v 6249.236816 165.787155 -4501.403809
v 6374.221680 132.555511 -4501.403809
v 6499.206543 110.123657 -4501.403809
v 6624.191406 122.627632 -4501.403809
v 6749.175781 111.986374 -4501.403809
v 6874.160645 96.866676 -4501.403809
v 6999.145508 76.376801 -4501.403809
v 7124.130371 68.925934 -4501.403809
v 7249.114746 80.260757 -4501.403809
v 7374.099609 115.592911 -4501.403809
v 7499.084473 147.576141 -4501.403809
v 7624.069336 168.363251 -4501.403809
v 7749.053711 161.526688 -4501.403809
v 7811.546387 145.515259 -4438.911621
v 7874.038574 125.461342 -4501.403809
v 7874.038574 122.072784 -4438.911621
v 7935.554688 185.375397 -4438.911621
v 7904.796875 119.793930 -4407.665039
v 7997.070313 176.230255 -4501.403809
v 7935.554688 184.186432 -4501.403809
v 3999.511719 161.348343 -4626.388672
v 4124.496582 152.728333 -4626.388672
v 4249.481445 150.290939 -4626.388672
v 4374.465820 156.176331 -4626.388672
v 4499.450684 155.621490 -4626.388672
v 4624.435547 153.520981 -4626.388672
v 4749.419922 152.549988 -4626.388672
v 4874.404785 159.029861 -4626.388672
v 4999.389648 176.349152 -4626.388672
v 5124.374512 188.734222 -4626.388672
v 5249.359375 186.812057 -4626.388672
v 5374.343750 177.419220 -4626.388672
v 5499.328613 146.942017 -4626.388672
v 5624.313477 167.669693 -4626.388672
v 5749.297852 181.164474 -4626.388672
v 5874.282715 158.534454 -4626.388672
v 5936.775391 137.945496 -4563.895996
v 5999.267578 114.443573 -4563.895996
v 5968.021484 113.016815 -4595.142578
v 5999.267578 159.802689 -4626.388672
v 5936.775391 161.348343 -4626.388672
v 6030.513672 129.048065 -4532.649902
v 6030.513672 105.526321 -4563.895996
v 6061.759766 163.349777 -4563.895996
v 6030.513672 140.046005 -4595.142578
v 6124.252441 177.577744 -4626.388672
v 6061.759766 171.890518 -4626.388672
v 6186.744629 168.264175 -4563.895996
v 6249.236816 150.350388 -4626.388672
v 6249.236816 175.675400 -4563.895996
v 6311.729492 126.531410 -4563.895996
v 6280.483398 172.108505 -4595.142578
v 6374.221680 153.580429 -4626.388672
v 6311.729492 167.095016 -4626.388672
v 6499.206543 144.524460 -4626.388672
v 6624.191406 98.808655 -4626.388672
v 6749.175781 104.872391 -4626.388672
v 6874.160645 104.872391 -4626.388672
v 6999.145508 103.049301 -4626.388672
v 7124.130371 112.600677 -4626.388672
v 7249.114746 117.554710 -4626.388672
v 7374.099609 120.725288 -4626.388672
v 7499.084473 141.452957 -4626.388672
v 7624.069336 160.000854 -4626.388672
v 7749.053711 164.241501 -4626.388672
v 7874.038574 147.873383 -4626.388672
v 7935.554688 146.416901 -4563.895996
v 7997.070313 178.429840 -4626.388672
v 7935.554688 124.470535 -4626.388672
v 3999.511719 177.815536 -4751.373047
v 4124.496582 158.574081 -4751.373047
v 4249.481445 181.540970 -4751.373047
v 4374.465820 186.871506 -4751.373047
v 4499.450684 149.121796 -4751.373047
v 4624.435547 151.598816 -4751.373047
v 4749.419922 147.972458 -4751.373047
v 4874.404785 146.763672 -4751.373047
v 4999.389648 170.245789 -4751.373047
v 5124.374512 188.337906 -4751.373047
v 5249.359375 176.705841 -4751.373047
v 5374.343750 182.254349 -4751.373047
v 5499.328613 169.730560 -4751.373047
v 5624.313477 147.972458 -4751.373047
v 5749.297852 145.138748 -4751.373047
v 5874.282715 169.136078 -4751.373047
v 5936.775391 154.729752 -4688.880859
v 5999.267578 164.023514 -4751.373047
v 6061.759766 180.887039 -4688.880859
v 6124.252441 150.707092 -4751.373047
v 6249.236816 142.681549 -4751.373047
v 6311.729492 140.818832 -4688.880859
v 6374.221680 146.902390 -4751.373047
v 6499.206543 116.385559 -4751.373047
v 6624.191406 108.181679 -4751.373047
v 6749.175781 101.721626 -4751.373047
v 6874.160645 106.675652 -4751.373047
v 6999.145508 104.832756 -4751.373047
v 7124.130371 112.303436 -4751.373047
v 7249.114746 124.371452 -4751.373047
v 7374.099609 132.852753 -4751.373047
v 7499.084473 147.496872 -4751.373047
v 7624.069336 140.501785 -4751.373047
v 7686.561523 175.675400 -4688.880859
v 7749.053711 174.426987 -4751.373047
v 7749.053711 132.674408 -4688.880859
v 7811.546387 150.627823 -4688.880859
v 7874.038574 167.709320 -4751.373047
v 7935.554688 128.285141 -4688.880859
v 7997.070313 135.864807 -4751.373047
v 7997.070313 121.498116 -4688.880859
v 3999.511719 150.627823 -4876.357910
v 4124.496582 194.619614 -4876.357910
v 4249.481445 182.234543 -4876.357910
v 4311.973633 144.128128 -4813.865723
v 4374.465820 170.701553 -4876.357910
v 4311.973633 149.399216 -4876.357910
v 4499.450684 172.385925 -4876.357910
v 4624.435547 153.798401 -4876.357910
v 4749.419922 153.203918 -4876.357910
v 4874.404785 149.399216 -4876.357910
v 4999.389648 152.153656 -4876.357910
v 5124.374512 170.840271 -4876.357910
v 5249.359375 185.603287 -4876.357910
v 5374.343750 186.633713 -4876.357910
v 5499.328613 150.072968 -4876.357910
v 5624.313477 147.239258 -4876.357910
v 5749.297852 156.017807 -4876.357910
v 5874.282715 145.931396 -4876.357910
v 5999.267578 146.684418 -4876.357910
v 6124.252441 138.619247 -4876.357910
v 6249.236816 153.203918 -4876.357910
v 6374.221680 145.673782 -4876.357910
v 6499.206543 139.154282 -4876.357910
v 6624.191406 110.004761 -4876.357910
v 6749.175781 101.364937 -4876.357910
v 6874.160645 110.044395 -4876.357910
v 6999.145508 103.742867 -4876.357910
v 7124.130371 114.621918 -4876.357910
v 7249.114746 135.309952 -4876.357910
v 7374.099609 132.733856 -4876.357910
v 7499.084473 176.071732 -4876.357910
v 7624.069336 136.399841 -4876.357910
v 7749.053711 137.172668 -4876.357910
v 7874.038574 167.491348 -4876.357910
v 7997.070313 166.361816 -4876.357910
v 3999.511719 188.436981 -5001.342773
v 4124.496582 165.271942 -5001.342773
v 4186.988770 190.418594 -4938.850586
v 4249.481445 189.566513 -5001.342773
v 4249.481445 185.424942 -4938.850586
v 4311.973633 181.739136 -4938.850586
v 4280.727539 145.891769 -4907.604492
v 4374.465820 182.650681 -5001.342773
v 4499.450684 181.184280 -5001.342773
v 4624.435547 182.234543 -5001.342773
v 4749.419922 146.783493 -5001.342773
v 4874.404785 154.392883 -5001.342773
v 4999.389648 156.176331 -5001.342773
v 5124.374512 146.882568 -5001.342773
v 5249.359375 149.260513 -5001.342773
v 5374.343750 147.913010 -5001.342773
v 5499.328613 168.343430 -5001.342773
v 5624.313477 143.394928 -5001.342773
v 5749.297852 151.083588 -5001.342773
v 5874.282715 145.812500 -5001.342773
v 5999.267578 151.341202 -5001.342773
v 6124.252441 148.249878 -5001.342773
v 6249.236816 153.025574 -5001.342773
v 6374.221680 141.670929 -5001.342773
v 6499.206543 152.748138 -5001.342773
v 6561.698730 171.038422 -4938.850586
v 6624.191406 165.113403 -5001.342773
v 6749.175781 126.174721 -5001.342773
v 6874.160645 123.796783 -5001.342773
v 6999.145508 125.203735 -5001.342773
v 7124.130371 124.926308 -5001.342773
v 7249.114746 146.545700 -5001.342773
v 7374.099609 146.268280 -5001.342773
v 7436.592285 136.498917 -4938.850586
v 7499.084473 202.486618 -5001.342773
v 7499.084473 139.530792 -4938.850586
v 7436.592285 139.035385 -5001.342773
v 7561.576660 145.594528 -4938.850586
v 7624.069336 200.881516 -5001.342773
v 7749.053711 98.392517 -5001.342773
v 7874.038574 105.724480 -5001.342773
v 7935.554688 180.629425 -4938.850586
v 7997.070313 157.662552 -5001.342773
v 3999.511719 159.267654 -5126.327637
v 4124.496582 170.701553 -5126.327637
v 4249.481445 139.728958 -5126.327637
v 4374.465820 167.689499 -5126.327637
v 4499.450684 148.527313 -5126.327637
v 4624.435547 151.202484 -5126.327637
v 4686.927734 183.740570 -5063.834961
v 4749.419922 160.971832 -5126.327637
v 4874.404785 152.867035 -5126.327637
v 4999.389648 146.743866 -5126.327637
v 5124.374512 179.598999 -5126.327637
v 5249.359375 136.756531 -5126.327637
v 5374.343750 142.503204 -5126.327637
v 5499.328613 136.023331 -5126.327637
v 5624.313477 120.784737 -5126.327637
v 5749.297852 150.152237 -5126.327637
v 5874.282715 148.844376 -5126.327637
v 5999.267578 149.042526 -5126.327637
v 6124.252441 150.271133 -5126.327637
v 6249.236816 152.807587 -5126.327637
v 6374.221680 147.516693 -5126.327637
v 6499.206543 153.976746 -5126.327637
v 6561.698730 181.778763 -5063.834961
v 6624.191406 180.233109 -5126.327637
v 6624.191406 207.955872 -5063.834961
v 6686.683594 198.741379 -5063.834961
v 6749.175781 147.318527 -5126.327637
v 6874.160645 136.776352 -5126.327637
v 6999.145508 136.043152 -5126.327637
v 7124.130371 135.944077 -5126.327637
v 7186.622559 151.341202 -5063.834961
v 7249.114746 194.480911 -5126.327637
v 7249.114746 159.763062 -5063.834961
v 7311.607422 176.388779 -5063.834961
v 7280.361328 201.951584 -5095.081055
v 7374.099609 201.733612 -5063.834961
v 7342.853516 204.785294 -5095.081055
v 7374.099609 204.131363 -5126.327637
v 7311.607422 164.320770 -5126.327637
v 7311.607422 205.023087 -5095.081055
v 7436.592285 204.230438 -5063.834961
v 7499.084473 176.864365 -5126.327637
v 7561.576660 162.101364 -5063.834961
v 7624.069336 157.682358 -5063.834961
v 7592.823242 141.591675 -5095.081055
v 7624.069336 188.040665 -5126.327637
v 7561.576660 167.035568 -5126.327637
v 7686.561523 172.940781 -5063.834961
v 7749.053711 167.570602 -5126.327637
v 7811.546387 85.393135 -5063.834961
v 7874.038574 88.524086 -5126.327637
v 7997.070313 98.729385 -5126.327637
v 3999.511719 137.311386 -5251.312500
v 3999.511719 142.305054 -5188.819824
v 4062.004150 147.100555 -5188.819824
v 4124.496582 166.262741 -5251.312500
v 4249.481445 163.191238 -5251.312500
v 4374.465820 176.012283 -5251.312500
v 4499.450684 171.276230 -5251.312500
v 4624.435547 152.728333 -5251.312500
v 4749.419922 173.238022 -5251.312500
v 4874.404785 142.859894 -5251.312500
v 4999.389648 150.152237 -5251.312500
v 5124.374512 149.101974 -5251.312500
v 5249.359375 138.995758 -5251.312500
v 5374.343750 133.407608 -5251.312500
v 5499.328613 140.977371 -5251.312500
v 5624.313477 131.346725 -5251.312500
v 5749.297852 143.553467 -5251.312500
v 5874.282715 141.829468 -5251.312500
v 5999.267578 138.579620 -5251.312500
v 6124.252441 142.423950 -5251.312500
v 6249.236816 144.029053 -5251.312500
v 6374.221680 142.582474 -5251.312500
v 6499.206543 150.746719 -5251.312500
v 6624.191406 141.175522 -5251.312500
v 6749.175781 151.420471 -5251.312500
v 6874.160645 152.153656 -5251.312500
v 6999.145508 147.952637 -5251.312500
v 7124.130371 198.087433 -5251.312500
v 7186.622559 182.947922 -5188.819824
v 7249.114746 178.073151 -5251.312500
v 7249.114746 157.167145 -5188.819824
v 7311.607422 178.291138 -5188.819824
v 7280.361328 140.719757 -5157.573730
v 7280.361328 143.434570 -5220.065918
v 7374.099609 198.404495 -5251.312500
v 7311.607422 186.732803 -5251.312500
v 7499.084473 189.586319 -5251.312500
v 7561.576660 180.768143 -5188.819824
v 7624.069336 174.724228 -5251.312500
v 7561.576660 173.673981 -5251.312500
v 7686.561523 148.071533 -5188.819824
v 7749.053711 153.342636 -5251.312500
v 7749.053711 104.872391 -5188.819824
v 7811.546387 166.342010 -5188.819824
v 7874.038574 87.671989 -5251.312500
v 7811.546387 166.936493 -5251.312500
v 7997.070313 93.715912 -5251.312500
v 3999.511719 169.195526 -5376.296875
v 4124.496582 137.033966 -5376.296875
v 4249.481445 174.050476 -5376.296875
v 4374.465820 168.739761 -5376.296875
v 4499.450684 180.986130 -5376.296875
v 4624.435547 169.413513 -5376.296875
v 4749.419922 158.613724 -5376.296875
v 4874.404785 139.312820 -5376.296875
v 4999.389648 138.579620 -5376.296875
v 5124.374512 157.999420 -5376.296875
v 5249.359375 153.639877 -5376.296875
v 5374.343750 157.484207 -5376.296875
v 5499.328613 150.687271 -5376.296875
v 5624.313477 155.126083 -5376.296875
v 5749.297852 151.737518 -5376.296875
v 5874.282715 160.416992 -5376.296875
v 5999.267578 162.933640 -5376.296875
v 6124.252441 160.654785 -5376.296875
v 6249.236816 164.954880 -5376.296875
v 6374.221680 148.210251 -5376.296875
v 6499.206543 142.978790 -5376.296875
v 6624.191406 149.101974 -5376.296875
v 6749.175781 144.524460 -5376.296875
v 6874.160645 152.193298 -5376.296875
v 6999.145508 176.349152 -5376.296875
v 7124.130371 200.386108 -5376.296875
v 7249.114746 177.835358 -5376.296875
v 7311.607422 166.401459 -5313.804688
v 7374.099609 176.804916 -5376.296875
v 7499.084473 171.989609 -5376.296875
v 7561.576660 175.893387 -5313.804688
v 7592.823242 138.341827 -5282.558594
v 7624.069336 154.056015 -5376.296875
v 7624.069336 162.101364 -5313.804688
v 7561.576660 159.465805 -5376.296875
v 7686.561523 164.479294 -5313.804688
v 7749.053711 188.139740 -5376.296875
v 7811.546387 192.459656 -5313.804688
v 7874.038574 116.028862 -5376.296875
v 7997.070313 119.813744 -5376.296875
v 3999.511719 156.790634 -5501.281738
v 4124.496582 159.247833 -5501.281738
v 4249.481445 171.256409 -5501.281738
v 4374.465820 159.089310 -5501.281738
v 4499.450684 144.048874 -5501.281738
v 4624.435547 156.077255 -5501.281738
v 4749.419922 133.685028 -5501.281738
v 4874.404785 120.646027 -5501.281738
v 4999.389648 130.415375 -5501.281738
v 5124.374512 152.946304 -5501.281738
v 5249.359375 160.734039 -5501.281738
v 5374.343750 115.236221 -5501.281738
v 5436.836426 88.821327 -5438.789551
v 5499.328613 78.318779 -5501.281738
v 5624.313477 80.201309 -5501.281738
v 5686.805664 168.145279 -5438.789551
v 5749.297852 172.742615 -5501.281738
v 5874.282715 169.829651 -5501.281738
v 5999.267578 138.837219 -5501.281738
v 6124.252441 142.483398 -5501.281738
v 6249.236816 174.327911 -5501.281738
v 6374.221680 162.576950 -5501.281738
v 6499.206543 149.676651 -5501.281738
v 6624.191406 138.282379 -5501.281738
v 6749.175781 125.243362 -5501.281738
v 6874.160645 150.152237 -5501.281738
v 6999.145508 207.123596 -5501.281738
v 7061.637695 207.896423 -5438.789551
v 7124.130371 203.001846 -5501.281738
v 7061.637695 183.324432 -5501.281738
v 7249.114746 181.124832 -5501.281738
v 7374.099609 197.393875 -5501.281738
v 7499.084473 189.982651 -5501.281738
v 7561.576660 173.198380 -5438.789551
v 7592.823242 118.287903 -5407.542969
v 7624.069336 164.598190 -5501.281738
v 7624.069336 141.670929 -5438.789551
v 7686.561523 188.199188 -5438.789551
v 7749.053711 153.897476 -5438.789551
v 7717.807617 189.764664 -5470.035645
v 7749.053711 153.342636 -5501.281738
v 7749.053711 189.824112 -5470.035645
v 7686.561523 156.830261 -5501.281738
v 7811.546387 178.905426 -5438.789551
v 7780.300293 190.160995 -5470.035645
v 7874.038574 141.135895 -5501.281738
v 7811.546387 188.119934 -5501.281738
v 7997.070313 132.654602 -5501.281738
v 3999.511719 180.233109 -5626.266602
v 4124.496582 162.814743 -5626.266602
v 4249.481445 165.886230 -5626.266602
v 4374.465820 176.983261 -5626.266602
v 4499.450684 139.629868 -5626.266602
v 4624.435547 140.620682 -5626.266602
v 4749.419922 137.232117 -5626.266602
v 4874.404785 134.497498 -5626.266602
v 4999.389648 129.404755 -5626.266602
v 5124.374512 162.636398 -5626.266602
v 5186.866699 154.333435 -5563.773926
v 5249.359375 139.372269 -5626.266602
v 5186.866699 117.198021 -5626.266602
v 5311.851563 112.739388 -5563.773926
v 5374.343750 133.447235 -5626.266602
v 5374.343750 89.732864 -5563.773926
v 5436.836426 78.358414 -5563.773926
v 5499.328613 109.588623 -5626.266602
v 5624.313477 90.644409 -5626.266602
v 5686.805664 108.597816 -5563.773926
v 5749.297852 120.784737 -5626.266602
v 5686.805664 95.638077 -5626.266602
v 5874.282715 161.962646 -5626.266602
v 5999.267578 165.113403 -5626.266602
v 6124.252441 160.932205 -5626.266602
v 6249.236816 171.989609 -5626.266602
v 6374.221680 166.401459 -5626.266602
v 6499.206543 180.490723 -5626.266602
v 6624.191406 165.311569 -5626.266602
v 6749.175781 162.715652 -5626.266602
v 6874.160645 138.797592 -5626.266602
v 6936.653320 143.811066 -5563.773926
v 6999.145508 144.682983 -5626.266602
v 6999.145508 138.817413 -5563.773926
v 7030.391602 194.262924 -5532.527832
v 7030.391602 201.852509 -5563.773926
v 7061.637695 180.768143 -5563.773926
v 7030.391602 155.482773 -5595.020508
v 7046.014648 201.456177 -5579.397461
v 7124.130371 199.712357 -5563.773926
v 7092.884277 185.662735 -5595.020508
v 7124.130371 206.410217 -5626.266602
v 7061.637695 179.757523 -5626.266602
v 7061.637695 202.446991 -5595.020508
v 7186.622559 201.218384 -5563.773926
v 7249.114746 205.300507 -5626.266602
v 7249.114746 185.821259 -5563.773926
v 7311.607422 206.350769 -5563.773926
v 7280.361328 158.078690 -5595.020508
v 7374.099609 160.634964 -5626.266602
v 7311.607422 194.659256 -5626.266602
v 7499.084473 202.129929 -5626.266602
v 7624.069336 173.475815 -5626.266602
v 7686.561523 167.986740 -5563.773926
v 7749.053711 203.913376 -5626.266602
v 7749.053711 166.956314 -5563.773926
v 7811.546387 167.273361 -5563.773926
v 7780.300293 194.817780 -5532.527832
v 7874.038574 147.873383 -5626.266602
v 7997.070313 152.153656 -5626.266602
v 3999.511719 164.419846 -5751.250977
v 4124.496582 155.363876 -5751.250977
v 4249.481445 149.101974 -5751.250977
v 4311.973633 173.396545 -5688.758789
v 4374.465820 178.826172 -5751.250977
v 4311.973633 129.959595 -5751.250977
v 4499.450684 140.779205 -5751.250977
v 4624.435547 136.300766 -5751.250977
v 4749.419922 133.506683 -5751.250977
v 4874.404785 132.654602 -5751.250977
v 4999.389648 133.308533 -5751.250977
v 5124.374512 162.002274 -5751.250977
v 5186.866699 121.141426 -5688.758789
v 5249.359375 119.556137 -5751.250977
v 5374.343750 125.699135 -5751.250977
v 5499.328613 117.435814 -5751.250977
v 5561.820801 93.696091 -5688.758789
v 5624.313477 112.798836 -5751.250977
v 5624.313477 89.277100 -5688.758789
v 5686.805664 140.640488 -5688.758789
v 5655.559570 81.608253 -5657.512695
v 5749.297852 127.878906 -5751.250977
v 5874.282715 169.472961 -5751.250977
v 5999.267578 143.454376 -5751.250977
v 6124.252441 139.986557 -5751.250977
v 6249.236816 126.927734 -5751.250977
v 6374.221680 157.603104 -5751.250977
v 6436.714355 151.816788 -5688.758789
v 6499.206543 164.300949 -5751.250977
v 6499.206543 138.302185 -5688.758789
v 6561.698730 172.960587 -5688.758789
v 6624.191406 172.881332 -5751.250977
v 6749.175781 177.538116 -5751.250977
v 6874.160645 139.748764 -5751.250977
v 6999.145508 149.854996 -5751.250977
v 7061.637695 139.015564 -5688.758789
v 7124.130371 137.390656 -5751.250977
v 7186.622559 206.212051 -5688.758789
v 7249.114746 181.620239 -5751.250977
v 7311.607422 185.940155 -5688.758789
v 7374.099609 177.795731 -5751.250977
v 7499.084473 203.100922 -5751.250977
v 7624.069336 194.084579 -5751.250977
v 7749.053711 212.473953 -5751.250977
v 7874.038574 148.586761 -5751.250977
v 7997.070313 141.869095 -5751.250977
v 3999.511719 145.990845 -5876.235840
v 4124.496582 178.112793 -5876.235840
v 4249.481445 174.228821 -5876.235840
v 4311.973633 168.700119 -5813.743652
v 4374.465820 158.019241 -5876.235840
v 4499.450684 158.296661 -5876.235840
v 4624.435547 160.852936 -5876.235840
v 4749.419922 151.856415 -5876.235840
v 4874.404785 169.453140 -5876.235840
v 4999.389648 163.032715 -5876.235840
v 5124.374512 159.327103 -5876.235840
v 5249.359375 138.421082 -5876.235840
v 5374.343750 130.554092 -5876.235840
v 5499.328613 135.349594 -5876.235840
v 5624.313477 115.038063 -5876.235840
v 5749.297852 156.889709 -5876.235840
v 5874.282715 148.547134 -5876.235840
v 5999.267578 125.917114 -5876.235840
v 6124.252441 119.912827 -5876.235840
v 6249.236816 123.261749 -5876.235840
v 6374.221680 123.380646 -5876.235840
v 6499.206543 146.406982 -5876.235840
v 6624.191406 155.740387 -5876.235840
v 6686.683594 130.692795 -5813.743652
v 6749.175781 160.694412 -5876.235840
v 6749.175781 132.832947 -5813.743652
v 6811.668457 170.543030 -5813.743652
v 6874.160645 145.297287 -5876.235840
v 6874.160645 164.776535 -5813.743652
v 6936.653320 142.324860 -5813.743652
v 6905.406738 177.399399 -5844.989746
v 6999.145508 161.724854 -5876.235840
v 6936.653320 174.327911 -5876.235840
v 7124.130371 143.612915 -5876.235840
v 7249.114746 180.193481 -5876.235840
v 7374.099609 206.271500 -5876.235840
v 7499.084473 191.647202 -5876.235840
v 7624.069336 183.760376 -5876.235840
v 7749.053711 148.111176 -5876.235840
v 7874.038574 151.915863 -5876.235840
v 7997.070313 156.850082 -5876.235840
v 3999.511719 158.197586 -6001.220703
v 4124.496582 177.993896 -6001.220703
v 4249.481445 179.896240 -6001.220703
v 4374.465820 168.462326 -6001.220703
v 4499.450684 138.559799 -6001.220703
v 4624.435547 167.630051 -6001.220703
v 4686.927734 171.276230 -5938.728516
v 4749.419922 164.994507 -5938.728516
v 4718.173828 128.929169 -5969.974609
v 4749.419922 153.897476 -6001.220703
v 4686.927734 145.812500 -6001.220703
v 4811.912598 165.549362 -5938.728516
v 4874.404785 150.033340 -6001.220703
v 4999.389648 141.770020 -6001.220703
v 5124.374512 155.938538 -6001.220703
v 5249.359375 127.125893 -6001.220703
v 5374.343750 130.633347 -6001.220703
v 5499.328613 147.041107 -6001.220703
v 5624.313477 154.234360 -6001.220703
v 5749.297852 160.218826 -6001.220703
v 5874.282715 128.513031 -6001.220703
v 5999.267578 113.908539 -6001.220703
v 6061.759766 121.735909 -5938.728516
v 6124.252441 118.783310 -6001.220703
v 6061.759766 122.627632 -6001.220703
v 6186.744629 122.627632 -5938.728516
v 6249.236816 125.421707 -6001.220703
v 6186.744629 117.118752 -6001.220703
v 6374.221680 148.547134 -6001.220703
v 6436.714355 116.781876 -5938.728516
v 6499.206543 174.922394 -6001.220703
v 6499.206543 117.931213 -5938.728516
v 6561.698730 145.634155 -5938.728516
v 6530.452637 119.932640 -5969.974609
v 6624.191406 126.135086 -6001.220703
v 6561.698730 129.067871 -6001.220703
v 6686.683594 170.186340 -5938.728516
v 6749.175781 148.586761 -6001.220703
v 6686.683594 146.288086 -6001.220703
v 6874.160645 169.790009 -6001.220703
v 6936.653320 145.634155 -5938.728516
v 6999.145508 166.579803 -6001.220703
v 7124.130371 143.176956 -6001.220703
v 7249.114746 153.679504 -6001.220703
v 7311.607422 180.490723 -5938.728516
v 7374.099609 149.478485 -6001.220703
v 7374.099609 141.809647 -5938.728516
v 7436.592285 182.987549 -5938.728516
v 7499.084473 143.573273 -6001.220703
v 7499.084473 209.878036 -5938.728516
v 7561.576660 182.928101 -5938.728516
v 7624.069336 155.562042 -6001.220703
v 7749.053711 151.796967 -6001.220703
v 7874.038574 154.491959 -6001.220703
v 7997.070313 145.336914 -6001.220703
v 3999.511719 181.243729 -6126.205566
v 4124.496582 152.906677 -6126.205566
v 4249.481445 147.576141 -6126.205566
v 4374.465820 155.383698 -6126.205566
v 4499.450684 158.811874 -6126.205566
v 4624.435547 144.920776 -6126.205566
v 4686.927734 162.973267 -6063.712891
v 4749.419922 166.421265 -6126.205566
v 4874.404785 148.646210 -6126.205566
v 4999.389648 145.257645 -6126.205566
v 5124.374512 158.673172 -6126.205566
v 5249.359375 148.745285 -6126.205566
v 5374.343750 146.169189 -6126.205566
v 5499.328613 115.295670 -6126.205566
v 5624.313477 112.481781 -6126.205566
v 5749.297852 136.855606 -6126.205566
v 5874.282715 115.196587 -6126.205566
v 5936.775391 118.466248 -6063.712891
v 5999.267578 176.586945 -6126.205566
v 5936.775391 114.998428 -6126.205566
v 6061.759766 177.716461 -6063.712891
v 6093.006348 152.926498 -6032.466797
v 6124.252441 173.812683 -6126.205566
v 6124.252441 173.911774 -6063.712891
v 6124.252441 102.771881 -6032.466797
v 6186.744629 179.262115 -6063.712891
v 6155.498535 151.995132 -6032.466797
v 6249.236816 179.281937 -6126.205566
v 6374.221680 176.586945 -6126.205566
v 6499.206543 172.603897 -6126.205566
v 6561.698730 174.010849 -6063.712891
v 6592.945313 174.862946 -6032.466797
v 6624.191406 170.562836 -6126.205566
v 6624.191406 181.005936 -6063.712891
v 6624.191406 119.675034 -6032.466797
v 6686.683594 123.757156 -6063.712891
v 6655.437500 121.379219 -6032.466797
v 6749.175781 180.015137 -6126.205566
v 6749.175781 121.716095 -6063.712891
v 6811.668457 122.171867 -6063.712891
v 6874.160645 114.859711 -6126.205566
v 6874.160645 132.198822 -6063.712891
v 6811.668457 126.253990 -6126.205566
v 6936.653320 152.886856 -6063.712891
v 6905.406738 121.260323 -6094.959473
v 6999.145508 157.167145 -6126.205566
v 6936.653320 119.397606 -6126.205566
v 6905.406738 113.472588 -6126.205566
v 7061.637695 161.348343 -6063.712891
v 7124.130371 156.334869 -6126.205566
v 7061.637695 165.747528 -6126.205566
v 7249.114746 183.582031 -6126.205566
v 7374.099609 169.037003 -6126.205566
v 7499.084473 170.582657 -6126.205566
v 7624.069336 172.049057 -6126.205566
v 7749.053711 161.328522 -6126.205566
v 7874.038574 150.290939 -6126.205566
v 7997.070313 151.796967 -6126.205566
v 3999.511719 181.263550 -6251.189941
v 4124.496582 171.672546 -6251.189941
v 4249.481445 143.593094 -6251.189941
v 4374.465820 149.637009 -6251.189941
v 4499.450684 154.472153 -6251.189941
v 4624.435547 153.104843 -6251.189941
v 4749.419922 165.073776 -6251.189941
v 4874.404785 118.089745 -6251.189941
v 4999.389648 109.588623 -6251.189941
v 5124.374512 114.245415 -6251.189941
v 5249.359375 93.141243 -6251.189941
v 5374.343750 96.093842 -6251.189941
v 5436.836426 90.327354 -6188.697754
v 5499.328613 138.658875 -6251.189941
v 5499.328613 86.066887 -6188.697754
v 5561.820801 151.479919 -6188.697754
v 5530.574707 111.431526 -6219.943848
v 5624.313477 152.411270 -6251.189941
v 5624.313477 138.678696 -6188.697754
v 5561.820801 139.491165 -6251.189941
v 5686.805664 112.164719 -6188.697754
v 5655.559570 158.811874 -6219.943848
v 5749.297852 107.507935 -6251.189941
v 5686.805664 105.922646 -6251.189941
v 5655.559570 166.956314 -6251.189941
v 5874.282715 137.053772 -6251.189941
v 5936.775391 116.167580 -6188.697754
v 5968.021484 143.295853 -6157.451660
v 5968.021484 116.484634 -6219.943848
v 5999.267578 176.388779 -6188.697754
v 5968.021484 112.937553 -6188.697754
v 5999.267578 164.954880 -6251.189941
v 5936.775391 110.302002 -6251.189941
v 5968.021484 111.510788 -6251.189941
v 6061.759766 171.949966 -6188.697754
v 6124.252441 170.840271 -6251.189941
v 6061.759766 168.501968 -6251.189941
v 6249.236816 173.455994 -6251.189941
v 6374.221680 174.308090 -6251.189941
v 6499.206543 172.623718 -6251.189941
v 6624.191406 171.355484 -6251.189941
v 6749.175781 174.704407 -6251.189941
v 6811.668457 176.170807 -6188.697754
v 6842.914551 182.690308 -6157.451660
v 6874.160645 182.987549 -6251.189941
v 6874.160645 178.211868 -6188.697754
v 6874.160645 181.739136 -6157.451660
v 6936.653320 176.349152 -6188.697754
v 6905.406738 175.279083 -6157.451660
v 6967.899414 125.461342 -6157.451660
v 6936.653320 156.770813 -6157.451660
v 6921.030273 113.472588 -6141.828613
v 6999.145508 183.899094 -6251.189941
v 6999.145508 159.961212 -6188.697754
v 6999.145508 125.461342 -6157.451660
v 7061.637695 151.143036 -6188.697754
v 7030.391602 157.186951 -6157.451660
v 7124.130371 157.345490 -6251.189941
v 7061.637695 128.354492 -6251.189941
v 7249.114746 145.495438 -6251.189941
v 7374.099609 171.117691 -6251.189941
v 7499.084473 179.955688 -6251.189941
v 7624.069336 177.637192 -6251.189941
v 7749.053711 173.059677 -6251.189941
v 7874.038574 148.507492 -6251.189941
v 7997.070313 153.263367 -6251.189941
v 3999.511719 180.946487 -6376.174805
v 4124.496582 179.539551 -6376.174805
v 4249.481445 172.167953 -6376.174805
v 4374.465820 136.855606 -6376.174805
v 4499.450684 157.464386 -6376.174805
v 4624.435547 152.351822 -6376.174805
v 4749.419922 146.644775 -6376.174805
v 4811.912598 123.142853 -6313.682617
v 4874.404785 117.356544 -6376.174805
v 4874.404785 112.699760 -6313.682617
v 4936.897461 116.127945 -6313.682617
v 4905.651367 114.304863 -6344.928711
v 4999.389648 176.091537 -6313.682617
v 4968.143555 176.626572 -6344.928711
v 4999.389648 169.710754 -6376.174805
v 4936.897461 174.288269 -6376.174805
v 4905.651367 112.184540 -6376.174805
v 5061.881836 174.070297 -6313.682617
v 5124.374512 169.076630 -6376.174805
v 5124.374512 111.510788 -6313.682617
v 5186.866699 104.416618 -6313.682617
v 5155.620605 99.046448 -6344.928711
v 5249.359375 97.381889 -6376.174805
v 5186.866699 157.622910 -6376.174805
v 5311.851563 100.374130 -6313.682617
v 5374.343750 148.012085 -6376.174805
v 5374.343750 156.394318 -6313.682617
v 5436.836426 135.567566 -6313.682617
v 5499.328613 170.800629 -6376.174805
v 5561.820801 124.767776 -6313.682617
v 5624.313477 176.864365 -6376.174805
v 5624.313477 141.552032 -6313.682617
v 5686.805664 165.608810 -6313.682617
v 5655.559570 160.952026 -6282.436523
v 5749.297852 163.111984 -6376.174805
v 5749.297852 169.413513 -6313.682617
v 5811.790527 168.561417 -6313.682617
v 5874.282715 166.024948 -6376.174805
v 5936.775391 171.514023 -6313.682617
v 5968.021484 149.101974 -6282.436523
v 5983.644531 109.965134 -6266.813477
v 5999.267578 167.392258 -6376.174805
v 5999.267578 168.838837 -6313.682617
v 5999.267578 126.769203 -6282.436523
v 6061.759766 172.088684 -6313.682617
v 6030.513672 174.030670 -6282.436523
v 6124.252441 165.628632 -6376.174805
v 6186.744629 174.763855 -6313.682617
v 6249.236816 114.344498 -6376.174805
v 6186.744629 167.649872 -6376.174805
v 6311.729492 174.744049 -6313.682617
v 6374.221680 177.835358 -6376.174805
v 6311.729492 163.666824 -6376.174805
v 6499.206543 171.533829 -6376.174805
v 6624.191406 172.366104 -6376.174805
v 6749.175781 195.313187 -6376.174805
v 6874.160645 173.753235 -6376.174805
v 6999.145508 188.159561 -6376.174805
v 7061.637695 189.804306 -6313.682617
v 7092.884277 125.461342 -6282.436523
v 7124.130371 156.077255 -6376.174805
v 7124.130371 131.842133 -6313.682617
v 7186.622559 177.260696 -6313.682617
v 7249.114746 180.292557 -6376.174805
v 7186.622559 137.430283 -6376.174805
v 7374.099609 148.388596 -6376.174805
v 7436.592285 121.755730 -6313.682617
v 7499.084473 176.725662 -6376.174805
v 7499.084473 140.065826 -6313.682617
v 7436.592285 125.065018 -6376.174805
v 7561.576660 177.161606 -6313.682617
v 7624.069336 178.112793 -6376.174805
v 7749.053711 184.374680 -6376.174805
v 7874.038574 171.771622 -6376.174805
v 7997.070313 151.578995 -6376.174805
v 3999.511719 167.748947 -6501.159668
v 4124.496582 173.317276 -6501.159668
v 4249.481445 171.593277 -6501.159668
v 4374.465820 168.541595 -6501.159668
v 4499.450684 153.877670 -6501.159668
v 4624.435547 159.941406 -6501.159668
v 4749.419922 145.693604 -6501.159668
v 4811.912598 145.990845 -6438.667480
v 4874.404785 140.145096 -6501.159668
v 4874.404785 117.039490 -6438.667480
v 4811.912598 115.870338 -6501.159668
v 4936.897461 176.091537 -6438.667480
v 4905.651367 115.553276 -6407.420898
v 4905.651367 119.873192 -6469.913574
v 4999.389648 168.145279 -6501.159668
v 4936.897461 174.486435 -6501.159668
v 5124.374512 170.067444 -6501.159668
v 5186.866699 162.616577 -6438.667480
v 5249.359375 168.145279 -6501.159668
v 5374.343750 156.770813 -6501.159668
v 5436.836426 153.164291 -6438.667480
v 5499.328613 131.762863 -6501.159668
v 5499.328613 137.687897 -6438.667480
v 5436.836426 144.029053 -6501.159668
v 5561.820801 95.598442 -6438.667480
v 5530.574707 133.942642 -6469.913574
v 5624.313477 142.582474 -6438.667480
v 5593.067383 128.077072 -6469.913574
v 5624.313477 130.811691 -6501.159668
v 5561.820801 111.114464 -6501.159668
v 5561.820801 137.351013 -6469.913574
v 5686.805664 166.262741 -6438.667480
v 5749.297852 156.850082 -6501.159668
v 5686.805664 152.252747 -6501.159668
v 5874.282715 152.708511 -6501.159668
v 5936.775391 170.919525 -6438.667480
v 5999.267578 168.898285 -6501.159668
v 5936.775391 149.835175 -6501.159668
v 6061.759766 166.936493 -6438.667480
v 6124.252441 173.238022 -6501.159668
v 6124.252441 172.584091 -6438.667480
v 6186.744629 174.803497 -6438.667480
v 6155.498535 137.133041 -6407.420898
v 6217.990723 124.609245 -6407.420898
v 6186.744629 119.397606 -6407.420898
v 6249.236816 168.283981 -6501.159668
v 6249.236816 173.614532 -6438.667480
v 6311.729492 170.483582 -6438.667480
v 6280.483398 174.189194 -6469.913574
v 6342.975586 176.864365 -6407.420898
v 6358.598633 124.886673 -6454.290527
v 6342.975586 153.223740 -6438.667480
v 6342.975586 125.520790 -6454.290527
v 6342.975586 170.245789 -6469.913574
v 6374.221680 123.994949 -6438.667480
v 6327.352539 154.709946 -6454.290527
v 6374.221680 175.061096 -6501.159668
v 6374.221680 176.408600 -6469.913574
v 6311.729492 170.225967 -6501.159668
v 6311.729492 176.190628 -6469.913574
v 6436.714355 176.943634 -6438.667480
v 6405.467773 174.823303 -6469.913574
v 6499.206543 178.528931 -6501.159668
v 6436.714355 175.001648 -6501.159668
v 6561.698730 178.449661 -6438.667480
v 6624.191406 178.291138 -6501.159668
v 6561.698730 146.169189 -6501.159668
v 6749.175781 179.797150 -6501.159668
v 6874.160645 158.752426 -6501.159668
v 6999.145508 187.604706 -6501.159668
v 7124.130371 182.393066 -6501.159668
v 7186.622559 186.812057 -6438.667480
v 7217.868652 137.985138 -6407.420898
v 7249.114746 194.976303 -6501.159668
v 7249.114746 138.421082 -6438.667480
v 7311.607422 181.164474 -6438.667480
v 7280.361328 140.838654 -6469.913574
v 7374.099609 183.958542 -6501.159668
v 7311.607422 138.024765 -6501.159668
v 7436.592285 135.508118 -6438.667480
v 7499.084473 157.920151 -6501.159668
v 7624.069336 152.787781 -6501.159668
v 7749.053711 180.391647 -6501.159668
v 7874.038574 186.851700 -6501.159668
v 7997.070313 158.811874 -6501.159668
v 3999.511719 170.642105 -6626.144531
v 4124.496582 166.342010 -6626.144531
v 4249.481445 169.651306 -6626.144531
v 4374.465820 173.753235 -6626.144531
v 4499.450684 149.577560 -6626.144531
v 4624.435547 147.853561 -6626.144531
v 4686.927734 146.030472 -6563.651855
v 4749.419922 96.292007 -6626.144531
v 4749.419922 119.278709 -6563.651855
v 4811.912598 148.269699 -6563.651855
v 4780.666504 116.702614 -6532.405762
v 4843.158691 175.992462 -6532.405762
v 4811.912598 165.945679 -6532.405762
v 4874.404785 168.204727 -6626.144531
v 4874.404785 172.385925 -6563.651855
v 4811.912598 170.840271 -6626.144531
v 4936.897461 173.020035 -6563.651855
v 4999.389648 166.223114 -6626.144531
v 5124.374512 172.068863 -6626.144531
v 5249.359375 147.080734 -6626.144531
v 5311.851563 184.731369 -6563.651855
v 5374.343750 116.762062 -6626.144531
v 5374.343750 183.463135 -6563.651855
v 5436.836426 109.806602 -6563.651855
v 5468.082520 138.421082 -6532.405762
v 5468.082520 136.340393 -6594.898438
v 5499.328613 113.928360 -6563.651855
v 5468.082520 147.080734 -6563.651855
v 5499.328613 122.429474 -6626.144531
v 5436.836426 143.077881 -6626.144531
v 5561.820801 124.371452 -6563.651855
v 5624.313477 126.590858 -6626.144531
v 5686.805664 139.530792 -6563.651855
v 5718.051758 108.181679 -6532.405762
v 5749.297852 123.241936 -6626.144531
v 5749.297852 138.282379 -6563.651855
v 5811.790527 121.399033 -6563.651855
v 5874.282715 119.833565 -6626.144531
v 5874.282715 138.341827 -6563.651855
v 5936.775391 146.089920 -6563.651855
v 5905.529297 134.596573 -6532.405762
v 5968.021484 116.028862 -6532.405762
v 5936.775391 110.064209 -6532.405762
v 5999.267578 125.877480 -6626.144531
v 5999.267578 145.138748 -6563.651855
v 6061.759766 146.961838 -6563.651855
v 6124.252441 150.806168 -6563.651855
v 6093.006348 158.296661 -6594.898438
v 6124.252441 154.987366 -6626.144531
v 6124.252441 129.285858 -6594.898438
v 6061.759766 130.157761 -6626.144531
v 6186.744629 174.882751 -6563.651855
v 6155.498535 153.382263 -6594.898438
v 6139.875488 119.021103 -6610.521484
v 6249.236816 159.267654 -6626.144531
v 6186.744629 124.965935 -6626.144531
v 6155.498535 112.997002 -6626.144531
v 6311.729492 173.693787 -6563.651855
v 6374.221680 172.128311 -6626.144531
v 6436.714355 178.370392 -6563.651855
v 6467.960449 176.844559 -6532.405762
v 6499.206543 174.565704 -6626.144531
v 6499.206543 179.737701 -6563.651855
v 6499.206543 142.681549 -6532.405762
v 6561.698730 117.515076 -6563.651855
v 6530.452637 118.882385 -6532.405762
v 6624.191406 181.144653 -6626.144531
v 6749.175781 180.391647 -6626.144531
v 6874.160645 187.049866 -6626.144531
v 6999.145508 187.981216 -6626.144531
v 7124.130371 185.246597 -6626.144531
v 7249.114746 195.531158 -6626.144531
v 7311.607422 185.028610 -6563.651855
v 7342.853516 140.600861 -6532.405762
v 7374.099609 141.175522 -6626.144531
v 7374.099609 155.542221 -6563.651855
v 7436.592285 180.213303 -6563.651855
v 7499.084473 180.054764 -6626.144531
v 7624.069336 143.494019 -6626.144531
v 7686.561523 157.781448 -6563.651855
v 7749.053711 163.845169 -6626.144531
v 7686.561523 179.579178 -6626.144531
v 7874.038574 164.578369 -6626.144531
v 7997.070313 181.481522 -6626.144531
v 3999.511719 174.426987 -6751.128906
v 4124.496582 164.102783 -6751.128906
v 4249.481445 167.095016 -6751.128906
v 4374.465820 151.301575 -6751.128906
v 4436.958496 151.658264 -6688.636719
v 4499.450684 121.636826 -6751.128906
v 4499.450684 136.875427 -6688.636719
v 4561.942871 125.164101 -6688.636719
v 4530.696777 122.726715 -6719.882813
v 4624.435547 123.123039 -6688.636719
v 4593.189453 121.656647 -6719.882813
v 4624.435547 179.916046 -6751.128906
v 4624.435547 118.129372 -6719.882813
v 4561.942871 182.036377 -6751.128906
v 4561.942871 119.734482 -6719.882813
v 4686.927734 135.151428 -6688.636719
v 4655.681641 114.899345 -6719.882813
v 4749.419922 166.559982 -6751.128906
v 4749.419922 166.956314 -6688.636719
v 4686.927734 176.864365 -6751.128906
v 4811.912598 163.805542 -6688.636719
v 4874.404785 174.625153 -6751.128906
v 4999.389648 168.918106 -6751.128906
v 5061.881836 184.235962 -6688.636719
v 5124.374512 110.024582 -6751.128906
v 5061.881836 178.786530 -6751.128906
v 5249.359375 123.321198 -6751.128906
v 5311.851563 118.228455 -6688.636719
v 5374.343750 141.928543 -6688.636719
v 5343.097656 148.765106 -6719.882813
v 5374.343750 110.757774 -6751.128906
v 5311.851563 140.818832 -6751.128906
v 5436.836426 154.016373 -6688.636719
v 5499.328613 127.125893 -6751.128906
v 5624.313477 100.354309 -6751.128906
v 5749.297852 115.077690 -6751.128906
v 5874.282715 118.248268 -6751.128906
v 5999.267578 130.910782 -6751.128906
v 6061.759766 116.920593 -6688.636719
v 6124.252441 131.465622 -6751.128906
v 6124.252441 122.231316 -6688.636719
v 6186.744629 158.653351 -6688.636719
v 6155.498535 156.176331 -6657.390625
v 6217.990723 131.980850 -6657.390625
v 6217.990723 122.905060 -6719.882813
v 6249.236816 158.970413 -6688.636719
v 6217.990723 124.034584 -6688.636719
v 6249.236816 118.109558 -6751.128906
v 6186.744629 156.533020 -6751.128906
v 6311.729492 190.299698 -6688.636719
v 6374.221680 141.968170 -6751.128906
v 6436.714355 194.005325 -6688.636719
v 6499.206543 175.536682 -6751.128906
v 6624.191406 179.044144 -6751.128906
v 6749.175781 185.068253 -6751.128906
v 6874.160645 184.949356 -6751.128906
v 6999.145508 192.122787 -6751.128906
v 7124.130371 190.676208 -6751.128906
v 7249.114746 177.557938 -6751.128906
v 7311.607422 183.284790 -6688.636719
v 7374.099609 135.944077 -6751.128906
v 7311.607422 193.192856 -6751.128906
v 7499.084473 169.671112 -6751.128906
v 7561.576660 180.986130 -6688.636719
v 7624.069336 163.448853 -6751.128906
v 7624.069336 152.807587 -6688.636719
v 7686.561523 153.263367 -6688.636719
v 7655.315430 182.888474 -6657.390625
v 7749.053711 148.269699 -6751.128906
v 7874.038574 158.633530 -6751.128906
v 7997.070313 146.525879 -6751.128906
v 3999.511719 168.145279 -6876.113770
v 4124.496582 169.968353 -6876.113770
v 4249.481445 175.516876 -6876.113770
v 4374.465820 126.471962 -6876.113770
v 4436.958496 129.087692 -6813.621582
v 4499.450684 182.036377 -6876.113770
v 4499.450684 181.204102 -6813.621582
v 4436.958496 183.185715 -6876.113770
v 4561.942871 176.329330 -6813.621582
v 4530.696777 182.313797 -6782.375488
v 4624.435547 194.044952 -6876.113770
v 4686.927734 167.372452 -6813.621582
v 4749.419922 187.208389 -6876.113770
v 4686.927734 189.744858 -6876.113770
v 4874.404785 189.447617 -6876.113770
v 4999.389648 137.509552 -6876.113770
v 5061.881836 156.830261 -6813.621582
v 5124.374512 109.786789 -6813.621582
v 5093.127930 115.315483 -6844.867676
v 5124.374512 153.560608 -6876.113770
v 5061.881836 115.038063 -6876.113770
v 5186.866699 116.445007 -6813.621582
v 5249.359375 143.038239 -6876.113770
v 5311.851563 151.578995 -6813.621582
v 5374.343750 126.293617 -6876.113770
v 5499.328613 113.115898 -6876.113770
v 5624.313477 127.839279 -6876.113770
v 5749.297852 153.639877 -6876.113770
v 5874.282715 110.044395 -6876.113770
v 5999.267578 128.215790 -6876.113770
v 6061.759766 133.149994 -6813.621582
v 6124.252441 119.080551 -6876.113770
v 6061.759766 159.426178 -6876.113770
v 6186.744629 128.948975 -6813.621582
v 6217.990723 159.842316 -6782.375488
v 6249.236816 136.498917 -6876.113770
v 6249.236816 153.065201 -6813.621582
v 6311.729492 142.602295 -6813.621582
v 6374.221680 129.741623 -6876.113770
v 6499.206543 139.154282 -6876.113770
v 6561.698730 188.040665 -6813.621582
v 6624.191406 200.088867 -6876.113770
v 6561.698730 134.556946 -6876.113770
v 6749.175781 178.845978 -6876.113770
v 6874.160645 187.366913 -6876.113770
v 6999.145508 191.013077 -6876.113770
v 7124.130371 173.931580 -6876.113770
v 7249.114746 174.248642 -6876.113770
v 7311.607422 191.013077 -6813.621582
v 7374.099609 201.357101 -6876.113770
v 7374.099609 139.352448 -6813.621582
v 7436.592285 145.356735 -6813.621582
v 7405.345703 133.130188 -6844.867676
v 7499.084473 169.869278 -6876.113770
v 7436.592285 140.957550 -6876.113770
v 7624.069336 185.563644 -6876.113770
v 7749.053711 166.203293 -6876.113770
v 7874.038574 164.816162 -6876.113770
v 7997.070313 149.637009 -6876.113770
v 3999.511719 141.928543 -7001.098633
v 4124.496582 160.159378 -7001.098633
v 4249.481445 150.707092 -7001.098633
v 4311.973633 128.096893 -6938.606445
v 4374.465820 186.851700 -6938.606445
v 4343.219727 186.812057 -6969.852539
v 4374.465820 180.867233 -7001.098633
v 4311.973633 125.540604 -7001.098633
v 4343.219727 185.246597 -7001.098633
v 4436.958496 177.518295 -6938.606445
v 4405.711914 186.534637 -6907.359863
v 4499.450684 162.061722 -7001.098633
v 4561.942871 171.870712 -6938.606445
v 4624.435547 160.496246 -7001.098633
v 4624.435547 127.026817 -6938.606445
v 4655.681641 159.743240 -6907.359863
v 4655.681641 124.054398 -6938.606445
v 4686.927734 151.598816 -6938.606445
v 4671.304688 119.813744 -6922.983398
v 4655.681641 165.569183 -6969.852539
v 4718.173828 161.843750 -6907.359863
v 4686.927734 152.926498 -6907.359863
v 4749.419922 129.028244 -7001.098633
v 4749.419922 151.876236 -6938.606445
v 4686.927734 133.784119 -7001.098633
v 4811.912598 150.449478 -6938.606445
v 4874.404785 123.856232 -7001.098633
v 4999.389648 127.324059 -7001.098633
v 5061.881836 130.653168 -6938.606445
v 5124.374512 127.839279 -7001.098633
v 5249.359375 108.280762 -7001.098633
v 5374.343750 82.539612 -7001.098633
v 5499.328613 96.470352 -7001.098633
v 5624.313477 107.706093 -7001.098633
v 5749.297852 125.263184 -7001.098633
v 5874.282715 129.384933 -7001.098633
v 5999.267578 123.301384 -7001.098633
v 6061.759766 139.550613 -6938.606445
v 6124.252441 121.240509 -7001.098633
v 6061.759766 137.806793 -7001.098633
v 6249.236816 128.572479 -7001.098633
v 6311.729492 162.616577 -6938.606445
v 6374.221680 155.938538 -7001.098633
v 6499.206543 131.188202 -7001.098633
v 6561.698730 154.709946 -6938.606445
v 6624.191406 165.985321 -7001.098633
v 6624.191406 141.948364 -6938.606445
v 6686.683594 173.376740 -6938.606445
v 6655.437500 134.576752 -6969.852539
v 6749.175781 154.967545 -7001.098633
v 6749.175781 205.122162 -6938.606445
v 6686.683594 136.974503 -7001.098633
v 6811.668457 190.141174 -6938.606445
v 6874.160645 194.461090 -7001.098633
v 6999.145508 190.081726 -7001.098633
v 7124.130371 197.156082 -7001.098633
v 7249.114746 195.015945 -7001.098633
v 7374.099609 198.761185 -7001.098633
v 7436.592285 145.594528 -6938.606445
v 7499.084473 141.631302 -7001.098633
v 7436.592285 172.603897 -7001.098633
v 7624.069336 185.147507 -7001.098633
v 7749.053711 186.851700 -7001.098633
v 7874.038574 173.515442 -7001.098633
v 7997.070313 180.470901 -7001.098633
v 3999.511719 133.724670 -7126.083496
v 4124.496582 136.796158 -7126.083496
v 4186.988770 158.673172 -7063.590820
v 4249.481445 125.619873 -7126.083496
v 4249.481445 135.527939 -7063.590820
v 4280.727539 127.383507 -7032.344727
v 4280.727539 125.699135 -7063.590820
v 4311.973633 186.138321 -7063.590820
v 4280.727539 141.116074 -7094.837402
v 4311.973633 181.501343 -7032.344727
v 4343.219727 180.510544 -7032.344727
v 4327.596680 186.177948 -7016.721680
v 4374.465820 183.383881 -7126.083496
v 4374.465820 185.583466 -7063.590820
v 4311.973633 182.928101 -7126.083496
v 4436.958496 175.080917 -7063.590820
v 4499.450684 141.849274 -7126.083496
v 4436.958496 144.524460 -7126.083496
v 4624.435547 138.163483 -7126.083496
v 4686.927734 138.282379 -7063.590820
v 4749.419922 111.074837 -7126.083496
v 4874.404785 121.656647 -7126.083496
v 4999.389648 126.927734 -7126.083496
v 5124.374512 149.419037 -7126.083496
v 5249.359375 117.515076 -7126.083496
v 5374.343750 123.519363 -7126.083496
v 5499.328613 112.243988 -7126.083496
v 5624.313477 106.398232 -7126.083496
v 5749.297852 128.473389 -7126.083496
v 5874.282715 135.032532 -7126.083496
v 5999.267578 128.096893 -7126.083496
v 6061.759766 115.810890 -7063.590820
v 6093.006348 161.209625 -7032.344727
v 6124.252441 160.020660 -7126.083496
v 6124.252441 139.312820 -7063.590820
v 6186.744629 125.302811 -7063.590820
v 6249.236816 111.748581 -7126.083496
v 6374.221680 139.709137 -7126.083496
v 6499.206543 125.758583 -7126.083496
v 6561.698730 122.449287 -7063.590820
v 6624.191406 125.699135 -7126.083496
v 6624.191406 144.247025 -7063.590820
v 6655.437500 163.389404 -7032.344727
v 6655.437500 125.362259 -7063.590820
v 6686.683594 172.861511 -7063.590820
v 6655.437500 144.088501 -7094.837402
v 6749.175781 151.757339 -7126.083496
v 6749.175781 153.104843 -7063.590820
v 6686.683594 147.813934 -7126.083496
v 6811.668457 168.026382 -7063.590820
v 6780.422363 135.151428 -7094.837402
v 6874.160645 208.054947 -7063.590820
v 6842.914551 167.709320 -7094.837402
v 6874.160645 177.359772 -7126.083496
v 6811.668457 175.972641 -7126.083496
v 6811.668457 133.348160 -7094.837402
v 6936.653320 205.300507 -7063.590820
v 6905.406738 178.271317 -7094.837402
v 6999.145508 187.921768 -7063.590820
v 6967.899414 206.667816 -7094.837402
v 6999.145508 189.388168 -7126.083496
v 6936.653320 181.640060 -7094.837402
v 6921.030273 141.829468 -7110.460449
v 6936.653320 172.603897 -7126.083496
v 6905.406738 175.397980 -7126.083496
v 7061.637695 191.013077 -7063.590820
v 7124.130371 188.754044 -7126.083496
v 7061.637695 198.860275 -7126.083496
v 7249.114746 192.994690 -7126.083496
v 7311.607422 194.243118 -7063.590820
v 7374.099609 195.015945 -7126.083496
v 7374.099609 201.515625 -7063.590820
v 7436.592285 165.569183 -7063.590820
v 7405.345703 175.100739 -7032.344727
v 7467.838379 135.884628 -7032.344727
v 7436.592285 124.034584 -7032.344727
v 7499.084473 149.537933 -7126.083496
v 7499.084473 139.768585 -7063.590820
v 7561.576660 145.416183 -7063.590820
v 7624.069336 166.500534 -7126.083496
v 7749.053711 170.364685 -7126.083496
v 7874.038574 178.588379 -7126.083496
v 7997.070313 171.553650 -7126.083496
v 3999.511719 132.654602 -7251.067871
v 4124.496582 131.287277 -7251.067871
v 4186.988770 123.578812 -7188.575684
v 4249.481445 185.127701 -7251.067871
v 4249.481445 187.584900 -7188.575684
v 4311.973633 180.352005 -7188.575684
v 4280.727539 187.109314 -7157.329590
v 4374.465820 184.572845 -7251.067871
v 4374.465820 182.373245 -7188.575684
v 4436.958496 156.968979 -7188.575684
v 4405.711914 179.876419 -7157.329590
v 4468.204590 153.124649 -7157.329590
v 4436.958496 132.060104 -7157.329590
v 4452.581543 121.418854 -7172.952637
v 4468.204590 139.847855 -7219.821777
v 4499.450684 165.450287 -7188.575684
v 4468.204590 129.563278 -7188.575684
v 4499.450684 165.985321 -7251.067871
v 4436.958496 166.896866 -7251.067871
v 4561.942871 125.342445 -7188.575684
v 4530.696777 133.982269 -7219.821777
v 4624.435547 161.070923 -7251.067871
v 4561.942871 162.061722 -7251.067871
v 4530.696777 127.363686 -7251.067871
v 4749.419922 162.814743 -7251.067871
v 4811.912598 108.736534 -7188.575684
v 4874.404785 155.780014 -7251.067871
v 4999.389648 125.065018 -7251.067871
v 5124.374512 116.167580 -7251.067871
v 5186.866699 155.581848 -7188.575684
v 5249.359375 154.075821 -7251.067871
v 5311.851563 94.944511 -7188.575684
v 5374.343750 106.873817 -7251.067871
v 5499.328613 144.702805 -7251.067871
v 5624.313477 144.782059 -7251.067871
v 5749.297852 156.968979 -7251.067871
v 5811.790527 117.495262 -7188.575684
v 5874.282715 131.604340 -7251.067871
v 5811.790527 149.537933 -7251.067871
v 5999.267578 133.922821 -7251.067871
v 6124.252441 149.597382 -7251.067871
v 6249.236816 119.932640 -7251.067871
v 6374.221680 127.423141 -7251.067871
v 6499.206543 116.286476 -7251.067871
v 6624.191406 125.639687 -7251.067871
v 6686.683594 122.627632 -7188.575684
v 6749.175781 130.078491 -7251.067871
v 6811.668457 142.027618 -7188.575684
v 6874.160645 157.206772 -7251.067871
v 6874.160645 143.850708 -7188.575684
v 6936.653320 128.810272 -7188.575684
v 6905.406738 153.124649 -7157.329590
v 6999.145508 142.245605 -7251.067871
v 7061.637695 162.497681 -7188.575684
v 7092.884277 210.254547 -7157.329590
v 7124.130371 155.522400 -7251.067871
v 7124.130371 206.648010 -7188.575684
v 7186.622559 212.989166 -7188.575684
v 7249.114746 145.455811 -7251.067871
v 7249.114746 207.024506 -7188.575684
v 7311.607422 211.304794 -7188.575684
v 7374.099609 212.890091 -7251.067871
v 7311.607422 181.798584 -7251.067871
v 7499.084473 197.175903 -7251.067871
v 7561.576660 138.718323 -7188.575684
v 7624.069336 141.670929 -7251.067871
v 7749.053711 138.460724 -7251.067871
v 7874.038574 169.314423 -7251.067871
v 7997.070313 175.615952 -7251.067871
v 3999.511719 156.136703 -7376.052734
v 4062.004150 132.099747 -7313.560547
v 4124.496582 126.471962 -7313.560547
v 4093.250244 128.988617 -7344.806641
v 4124.496582 189.289078 -7376.052734
v 4062.004150 132.595154 -7376.052734
v 4093.250244 125.818031 -7376.052734
v 4186.988770 185.563644 -7313.560547
v 4249.481445 187.089493 -7376.052734
v 4374.465820 185.068253 -7376.052734
v 4436.958496 197.710938 -7313.560547
v 4499.450684 198.067627 -7376.052734
v 4499.450684 146.486252 -7313.560547
v 4561.942871 139.411896 -7313.560547
v 4530.696777 160.773682 -7282.314453
v 4624.435547 196.006744 -7376.052734
v 4749.419922 185.999603 -7376.052734
v 4811.912598 126.789024 -7313.560547
v 4874.404785 156.632111 -7376.052734
v 4874.404785 119.199448 -7313.560547
v 4936.897461 116.009048 -7313.560547
v 4999.389648 136.736710 -7376.052734
v 5124.374512 157.504013 -7376.052734
v 5249.359375 150.271133 -7376.052734
v 5311.851563 126.036011 -7313.560547
v 5374.343750 163.151611 -7376.052734
v 5311.851563 157.444565 -7376.052734
v 5436.836426 97.936745 -7313.560547
v 5499.328613 134.576752 -7376.052734
v 5499.328613 106.239700 -7313.560547
v 5561.820801 115.909966 -7313.560547
v 5624.313477 128.433762 -7376.052734
v 5686.805664 117.475441 -7313.560547
v 5749.297852 140.046005 -7376.052734
v 5749.297852 113.611298 -7313.560547
v 5811.790527 122.033150 -7313.560547
v 5843.036621 160.932205 -7282.314453
v 5874.282715 139.491165 -7376.052734
v 5874.282715 142.760818 -7313.560547
v 5936.775391 132.139374 -7313.560547
v 5999.267578 141.274612 -7376.052734
v 6061.759766 143.434570 -7313.560547
v 6124.252441 136.954697 -7376.052734
v 6061.759766 141.116074 -7376.052734
v 6249.236816 101.979233 -7376.052734
v 6374.221680 122.944695 -7376.052734
v 6499.206543 140.363068 -7376.052734
v 6624.191406 143.811066 -7376.052734
v 6749.175781 145.455811 -7376.052734
v 6874.160645 145.336914 -7376.052734
v 6936.653320 177.676834 -7313.560547
v 6999.145508 147.774292 -7376.052734
v 7124.130371 150.508926 -7376.052734
v 7186.622559 154.729752 -7313.560547
v 7249.114746 160.694412 -7376.052734
v 7249.114746 156.671738 -7313.560547
v 7311.607422 179.083771 -7313.560547
v 7280.361328 178.310944 -7282.314453
v 7342.853516 183.126266 -7282.314453
v 7311.607422 166.024948 -7282.314453
v 7327.230469 147.358154 -7297.937500
v 7342.853516 182.373245 -7344.806641
v 7374.099609 182.670502 -7313.560547
v 7342.853516 151.420471 -7313.560547
v 7374.099609 179.123413 -7376.052734
v 7311.607422 151.737518 -7376.052734
v 7436.592285 198.444138 -7313.560547
v 7499.084473 195.214096 -7376.052734
v 7499.084473 200.326660 -7313.560547
v 7561.576660 138.698517 -7313.560547
v 7530.330566 201.158936 -7344.806641
v 7624.069336 197.988358 -7376.052734
v 7624.069336 135.210876 -7313.560547
v 7561.576660 194.579987 -7376.052734
v 7686.561523 137.549179 -7313.560547
v 7749.053711 139.689316 -7376.052734
v 7874.038574 177.577744 -7376.052734
v 7997.070313 177.855179 -7376.052734
v 3999.511719 164.875610 -7501.037598
v 4062.004150 131.782684 -7438.545410
v 4093.250244 127.383507 -7407.298828
v 4124.496582 125.837845 -7501.037598
v 4124.496582 190.022278 -7438.545410
v 4186.988770 183.264984 -7438.545410
v 4155.742676 189.685410 -7469.791504
v 4249.481445 183.661301 -7501.037598
v 4186.988770 190.180801 -7501.037598
v 4374.465820 180.906860 -7501.037598
v 4499.450684 175.061096 -7501.037598
v 4624.435547 176.864365 -7501.037598
v 4749.419922 181.679688 -7501.037598
v 4874.404785 189.962830 -7501.037598
v 4999.389648 192.657822 -7501.037598
v 5061.881836 165.628632 -7438.545410
v 5124.374512 187.307465 -7501.037598
v 5124.374512 134.200256 -7438.545410
v 5186.866699 145.000046 -7438.545410
v 5155.620605 129.345306 -7469.791504
v 5249.359375 136.459290 -7501.037598
v 5249.359375 144.881149 -7438.545410
v 5186.866699 150.489105 -7501.037598
v 5311.851563 159.366730 -7438.545410
v 5280.605469 121.498116 -7407.298828
v 5280.605469 156.315048 -7469.791504
v 5374.343750 130.078491 -7438.545410
v 5343.097656 123.994949 -7469.791504
v 5374.343750 167.669693 -7501.037598
v 5311.851563 131.366547 -7469.791504
v 5296.228516 122.251129 -7485.414551
v 5311.851563 157.622910 -7501.037598
v 5280.605469 155.918732 -7501.037598
v 5436.836426 146.942017 -7438.545410
v 5405.589844 121.973701 -7469.791504
v 5499.328613 161.269073 -7438.545410
v 5468.082520 118.386986 -7469.791504
v 5499.328613 159.287460 -7501.037598
v 5436.836426 164.875610 -7501.037598
v 5561.820801 138.004944 -7438.545410
v 5624.313477 143.632721 -7501.037598
v 5749.297852 166.718521 -7501.037598
v 5874.282715 170.206146 -7501.037598
v 5936.775391 154.313614 -7438.545410
v 5999.267578 132.674408 -7501.037598
v 5999.267578 158.990219 -7438.545410
v 6030.513672 170.899719 -7407.298828
v 6030.513672 131.604340 -7438.545410
v 6061.759766 171.969788 -7438.545410
v 6030.513672 125.322632 -7469.791504
v 6124.252441 132.159195 -7501.037598
v 6061.759766 164.518921 -7501.037598
v 6249.236816 109.152672 -7501.037598
v 6374.221680 132.238449 -7501.037598
v 6499.206543 120.943268 -7501.037598
v 6624.191406 152.728333 -7501.037598
v 6749.175781 142.840088 -7501.037598
v 6874.160645 147.457245 -7501.037598
v 6999.145508 140.521591 -7501.037598
v 7124.130371 129.801071 -7501.037598
v 7186.622559 141.175522 -7438.545410
v 7249.114746 182.056198 -7501.037598
v 7186.622559 158.197586 -7501.037598
v 7311.607422 187.664154 -7438.545410
v 7374.099609 213.761993 -7501.037598
v 7311.607422 177.042709 -7501.037598
v 7499.084473 188.813492 -7501.037598
v 7561.576660 183.027191 -7438.545410
v 7624.069336 196.303986 -7501.037598
v 7749.053711 132.278091 -7501.037598
v 7874.038574 167.154465 -7501.037598
v 7997.070313 168.739761 -7501.037598
v 3999.511719 135.488297 -7626.022461
v 4124.496582 193.291931 -7626.022461
v 4186.988770 191.171616 -7563.529785
v 4249.481445 189.804306 -7626.022461
v 4374.465820 185.088058 -7626.022461
v 4499.450684 184.711563 -7626.022461
v 4624.435547 177.855179 -7626.022461
v 4749.419922 180.213303 -7626.022461
v 4874.404785 175.259262 -7626.022461
v 4999.389648 174.763855 -7626.022461
v 5124.374512 168.442520 -7626.022461
v 5186.866699 175.100739 -7563.529785
v 5249.359375 172.841690 -7626.022461
v 5249.359375 191.984070 -7563.529785
v 5311.851563 195.293365 -7563.529785
v 5280.605469 178.469482 -7532.283691
v 5374.343750 177.419220 -7626.022461
v 5436.836426 182.353439 -7563.529785
v 5499.328613 183.463135 -7626.022461
v 5624.313477 179.440460 -7626.022461
v 5749.297852 175.893387 -7626.022461
v 5874.282715 202.308273 -7626.022461
v 5936.775391 171.731995 -7563.529785
v 5999.267578 171.613098 -7626.022461
v 5999.267578 166.124023 -7563.529785
v 6030.513672 131.069305 -7532.283691
v 6030.513672 113.353691 -7563.529785
v 6061.759766 157.603104 -7563.529785
v 6030.513672 127.522217 -7594.776367
v 6124.252441 170.206146 -7563.529785
v 6093.006348 123.638260 -7594.776367
v 6124.252441 169.512589 -7626.022461
v 6061.759766 166.124023 -7626.022461
v 6061.759766 108.181679 -7594.776367
v 6186.744629 173.495636 -7563.529785
v 6155.498535 149.319962 -7594.776367
v 6249.236816 136.974503 -7563.529785
v 6217.990723 162.358963 -7594.776367
v 6249.236816 163.369583 -7626.022461
v 6186.744629 173.158752 -7626.022461
v 6186.744629 138.084213 -7594.776367
v 6217.990723 153.124649 -7626.022461
v 6202.367676 134.398407 -7610.399414
v 6311.729492 142.681549 -7563.529785
v 6374.221680 133.407608 -7626.022461
v 6311.729492 147.734665 -7626.022461
v 6499.206543 133.130188 -7626.022461
v 6624.191406 163.191238 -7626.022461
v 6749.175781 156.295227 -7626.022461
v 6874.160645 137.588806 -7626.022461
v 6999.145508 134.061539 -7626.022461
v 7061.637695 151.460098 -7563.529785
v 7124.130371 147.695038 -7626.022461
v 7061.637695 108.221313 -7626.022461
v 7186.622559 157.286041 -7563.529785
v 7217.868652 151.143036 -7532.283691
v 7249.114746 140.263992 -7626.022461
v 7249.114746 153.005753 -7563.529785
v 7249.114746 189.685410 -7532.283691
v 7280.361328 187.783051 -7563.529785
v 7280.361328 154.571228 -7532.283691
v 7264.738281 188.635147 -7547.906738
v 7311.607422 181.441895 -7563.529785
v 7280.361328 183.482956 -7594.776367
v 7374.099609 216.199371 -7626.022461
v 7311.607422 153.402084 -7626.022461
v 7280.361328 183.998169 -7626.022461
v 7499.084473 197.710938 -7626.022461
v 7624.069336 199.098068 -7626.022461
v 7686.561523 201.040039 -7563.529785
v 7749.053711 141.651123 -7626.022461
v 7874.038574 141.512405 -7626.022461
v 7997.070313 166.976120 -7626.022461
v 3999.511719 178.410034 -7751.006836
v 4062.004150 128.532837 -7688.514648
v 4124.496582 130.554092 -7751.006836
v 4249.481445 125.441528 -7751.006836
v 4311.973633 188.238831 -7688.514648
v 4374.465820 127.839279 -7688.514648
v 4343.219727 125.837845 -7719.760742
v 4374.465820 151.876236 -7751.006836
v 4311.973633 130.316299 -7751.006836
v 4436.958496 123.895866 -7688.514648
v 4499.450684 140.660309 -7751.006836
v 4499.450684 124.906487 -7688.514648
v 4561.942871 128.552658 -7688.514648
v 4624.435547 119.417419 -7751.006836
v 4686.927734 182.928101 -7688.514648
v 4749.419922 182.868652 -7751.006836
v 4749.419922 164.677460 -7688.514648
v 4686.927734 182.432709 -7751.006836
v 4811.912598 142.780640 -7688.514648
v 4780.666504 119.060730 -7719.760742
v 4874.404785 116.464821 -7751.006836
v 4874.404785 180.847412 -7688.514648
v 4811.912598 118.426620 -7751.006836
v 4936.897461 176.923813 -7688.514648
v 4905.651367 180.312378 -7719.760742
v 4999.389648 180.966309 -7751.006836
v 4936.897461 173.198380 -7751.006836
v 5124.374512 181.422073 -7751.006836
v 5186.866699 174.862946 -7688.514648
v 5249.359375 122.508736 -7751.006836
v 5186.866699 145.495438 -7751.006836
v 5374.343750 124.212929 -7751.006836
v 5436.836426 118.783310 -7688.514648
v 5499.328613 126.967369 -7751.006836
v 5499.328613 122.132233 -7688.514648
v 5561.820801 122.290764 -7688.514648
v 5624.313477 128.096893 -7751.006836
v 5749.297852 129.721802 -7751.006836
v 5811.790527 181.461716 -7688.514648
v 5874.282715 185.484390 -7751.006836
v 5811.790527 190.914001 -7751.006836
v 5999.267578 185.325851 -7751.006836
v 6061.759766 189.843933 -7688.514648
v 6124.252441 185.444748 -7751.006836
v 6186.744629 203.754852 -7688.514648
v 6217.990723 175.100739 -7657.268555
v 6249.236816 185.325851 -7751.006836
v 6249.236816 193.688263 -7688.514648
v 6311.729492 139.649689 -7688.514648
v 6280.483398 167.233734 -7657.268555
v 6280.483398 198.483765 -7719.760742
v 6342.975586 143.355301 -7657.268555
v 6311.729492 175.774490 -7657.268555
v 6327.352539 176.032089 -7672.891602
v 6342.975586 179.836792 -7719.760742
v 6374.221680 175.913193 -7688.514648
v 6342.975586 169.809830 -7688.514648
v 6374.221680 201.495819 -7751.006836
v 6311.729492 204.745651 -7751.006836
v 6436.714355 168.957733 -7688.514648
v 6405.467773 152.034760 -7719.760742
v 6499.206543 165.787155 -7751.006836
v 6436.714355 176.884186 -7751.006836
v 6624.191406 172.584091 -7751.006836
v 6686.683594 175.397980 -7688.514648
v 6749.175781 159.525253 -7688.514648
v 6717.929688 185.920334 -7719.760742
v 6749.175781 146.446625 -7751.006836
v 6686.683594 159.485626 -7751.006836
v 6717.929688 188.219009 -7751.006836
v 6811.668457 141.393509 -7688.514648
v 6874.160645 146.307907 -7751.006836
v 6999.145508 155.621490 -7751.006836
v 7061.637695 150.132416 -7688.514648
v 7092.884277 114.324677 -7657.268555
v 7124.130371 153.302994 -7751.006836
v 7124.130371 158.019241 -7688.514648
v 7186.622559 172.108505 -7688.514648
v 7249.114746 209.897858 -7751.006836
v 7249.114746 168.977554 -7688.514648
v 7280.361328 172.049057 -7657.268555
v 7280.361328 153.302994 -7688.514648
v 7311.607422 190.359146 -7688.514648
v 7295.984375 144.365921 -7672.891602
v 7280.361328 205.023087 -7719.760742
v 7342.853516 196.363434 -7657.268555
v 7311.607422 166.758148 -7657.268555
v 7374.099609 196.938110 -7751.006836
v 7374.099609 203.259445 -7688.514648
v 7311.607422 202.209198 -7751.006836
v 7436.592285 196.957916 -7688.514648
v 7499.084473 139.986557 -7751.006836
v 7561.576660 153.085022 -7688.514648
v 7624.069336 134.636200 -7751.006836
v 7624.069336 201.753418 -7688.514648
v 7686.561523 140.402695 -7688.514648
v 7749.053711 136.201675 -7751.006836
v 7686.561523 129.701996 -7751.006836
v 7811.546387 135.131607 -7688.514648
v 7874.038574 136.736710 -7751.006836
v 7811.546387 137.152863 -7751.006836
v 7997.070313 168.462326 -7751.006836
v 3999.511719 178.707275 -7875.991699
v 4124.496582 164.776535 -7875.991699
v 4249.481445 162.358963 -7875.991699
v 4311.973633 152.054581 -7813.499512
v 4374.465820 172.663345 -7875.991699
v 4499.450684 157.543655 -7875.991699
v 4561.942871 130.375748 -7813.499512
v 4624.435547 119.219261 -7875.991699
v 4624.435547 121.359406 -7813.499512
v 4686.927734 183.740570 -7813.499512
v 4655.681641 184.830460 -7782.253418
v 4749.419922 184.335052 -7875.991699
v 4811.912598 157.821075 -7813.499512
v 4874.404785 123.182487 -7875.991699
v 4811.912598 126.253990 -7875.991699
v 4936.897461 123.241936 -7813.499512
v 4999.389648 145.118942 -7875.991699
v 4999.389648 115.989235 -7813.499512
v 5061.881836 134.556946 -7813.499512
v 5124.374512 131.505264 -7875.991699
v 5124.374512 118.684227 -7813.499512
v 5186.866699 131.703415 -7813.499512
v 5155.620605 118.505882 -7782.253418
v 5249.359375 129.919968 -7875.991699
v 5374.343750 128.968796 -7875.991699
v 5499.328613 133.883194 -7875.991699
v 5624.313477 135.230698 -7875.991699
v 5749.297852 126.135086 -7875.991699
v 5811.790527 180.530350 -7813.499512
v 5874.282715 192.439850 -7875.991699
v 5999.267578 192.836166 -7875.991699
v 6061.759766 186.495010 -7813.499512
v 6124.252441 190.279892 -7875.991699
v 6061.759766 190.180801 -7875.991699
v 6249.236816 192.360580 -7875.991699
v 6311.729492 188.060486 -7813.499512
v 6374.221680 188.258636 -7875.991699
v 6436.714355 190.993271 -7813.499512
v 6499.206543 196.066193 -7875.991699
v 6561.698730 206.489471 -7813.499512
v 6624.191406 196.720123 -7875.991699
v 6624.191406 185.226776 -7813.499512
v 6686.683594 143.692169 -7813.499512
v 6655.437500 210.135651 -7844.745605
v 6717.929688 182.452515 -7782.253418
v 6749.175781 174.288269 -7813.499512
v 6717.929688 189.011658 -7844.745605
v 6749.175781 181.957108 -7875.991699
v 6749.175781 153.104843 -7844.745605
v 6686.683594 217.210007 -7875.991699
v 6811.668457 158.475006 -7813.499512
v 6780.422363 179.301758 -7844.745605
v 6764.799316 145.753052 -7860.368652
v 6874.160645 188.714417 -7875.991699
v 6811.668457 179.381012 -7875.991699
v 6780.422363 150.944885 -7875.991699
v 6936.653320 162.200439 -7813.499512
v 6999.145508 183.839645 -7875.991699
v 6936.653320 176.586945 -7875.991699
v 7061.637695 159.604523 -7813.499512
v 7124.130371 196.779572 -7875.991699
v 7061.637695 142.523026 -7875.991699
v 7249.114746 196.561600 -7875.991699
v 7311.607422 197.671295 -7813.499512
v 7374.099609 201.693970 -7813.499512
v 7342.853516 201.812866 -7844.745605
v 7374.099609 135.012711 -7875.991699
v 7311.607422 200.425735 -7875.991699
v 7436.592285 138.183289 -7813.499512
v 7499.084473 138.322006 -7875.991699
v 7624.069336 190.478043 -7875.991699
v 7686.561523 193.906235 -7813.499512
v 7717.807617 190.795105 -7782.253418
v 7749.053711 192.360580 -7875.991699
v 7749.053711 194.956497 -7813.499512
v 7749.053711 198.860275 -7782.253418
v 7811.546387 197.156082 -7813.499512
v 7780.300293 198.285599 -7782.253418
v 7874.038574 198.880081 -7875.991699
v 7935.554688 138.213013 -7813.499512
v 7997.070313 131.881760 -7875.991699
v 3999.511719 166.777969 -7999.023438
v 4124.496582 165.707886 -7999.023438
v 4249.481445 169.512589 -7999.023438
v 4374.465820 171.949966 -7999.023438
v 4499.450684 172.722794 -7999.023438
v 4624.435547 127.740196 -7999.023438
v 4686.927734 133.843567 -7937.507813
v 4749.419922 125.738770 -7999.023438
v 4749.419922 121.200874 -7937.507813
v 4811.912598 125.530701 -7937.507813
v 4780.666504 119.897964 -7906.750000
v 4874.404785 169.730560 -7999.023438
v 4999.389648 165.311569 -7999.023438
v 5124.374512 171.910339 -7999.023438
v 5249.359375 154.472153 -7999.023438
v 5374.343750 155.066635 -7999.023438
v 5499.328613 157.504013 -7999.023438
v 5624.313477 134.636200 -7999.023438
v 5749.297852 133.169815 -7999.023438
v 5874.282715 131.980850 -7999.023438
v 5936.775391 129.771347 -7937.507813
v 5999.267578 136.796158 -7999.023438
v 5999.267578 128.513031 -7937.507813
v 6061.759766 127.284424 -7937.507813
v 6093.006348 190.428497 -7906.750000
v 6124.252441 134.457855 -7999.023438
v 6124.252441 161.179901 -7937.507813
v 6186.744629 176.487854 -7937.507813
v 6249.236816 191.389587 -7999.023438
v 6374.221680 196.680496 -7999.023438
v 6499.206543 197.829834 -7999.023438
v 6624.191406 198.364868 -7999.023438
v 6686.683594 202.863129 -7937.507813
v 6749.175781 197.413696 -7999.023438
v 6749.175781 200.782440 -7937.507813
v 6811.668457 214.148407 -7937.507813
v 6780.422363 192.682587 -7906.750000
v 6842.914551 171.122650 -7906.750000
v 6874.160645 201.733612 -7999.023438
v 6874.160645 204.309692 -7937.507813
v 6936.653320 189.061188 -7937.507813
v 6905.406738 156.126801 -7906.750000
v 6967.899414 158.945648 -7906.750000
v 6999.145508 195.095200 -7999.023438
v 6999.145508 190.755463 -7937.507813
v 6999.145508 144.603729 -7906.750000
v 7061.637695 190.299713 -7937.507813
v 7030.391602 161.843750 -7906.750000
v 7124.130371 210.036560 -7999.023438
v 7249.114746 194.916855 -7999.023438
v 7311.607422 201.069763 -7937.507813
v 7374.099609 135.607193 -7999.023438
v 7499.084473 132.278091 -7999.023438
v 7624.069336 195.015945 -7999.023438
v 7749.053711 189.388168 -7999.023438
v 7874.038574 183.403687 -7999.023438
v 7935.554688 190.829773 -7937.507813
v 7997.070313 128.255417 -7999.023438
v 7935.554688 195.689697 -7999.023438
vn 0.083 0.964 0.251
vn -0.138 0.948 0.287
vn -0.071 0.940 0.334
vn 0.249 0.887 0.388
vn 0.110 0.952 0.286
vn 0.032 0.974 0.226
vn 0.059 0.977 0.206
vn -0.035 0.996 -0.083
vn -0.015 0.997 -0.070
vn -0.040 0.997 -0.067
vn -0.063 0.998 -0.025
vn -0.088 0.992 0.086
vn 0.070 0.997 0.028
vn 0.112 0.994 0.005
vn -0.016 1.000 -0.008
vn -0.100 0.995 -0.016
vn 0.040 0.999 0.003
vn 0.003 1.000 0.027
vn 0.065 0.996 -0.065
vn 0.117 0.988 -0.098
vn 0.099 0.988 -0.116
vn -0.137 0.988 -0.075
vn 0.028 0.998 -0.062
vn 0.123 0.992 -0.008
vn 0.056 0.995 -0.088
vn 0.025 0.988 -0.151
vn -0.063 0.995 -0.077
vn -0.121 0.991 -0.057
vn 0.017 0.988 -0.156
vn -0.001 0.990 -0.142
vn -0.144 0.990 -0.007
vn 0.087 0.996 -0.028
vn -0.040 0.995 0.087
vn -0.203 0.979 -0.016
vn 0.064 0.998 -0.001
vn -0.032 0.999 -0.022
vn 0.050 0.956 0.290
vn 0.128 0.989 -0.070
vn -0.206 0.944 -0.258
vn 0.071 0.988 0.139
vn -0.044 0.999 -0.005
vn 0.149 0.988 0.042
vn 0.150 0.944 0.293
vn 0.085 0.992 0.096
vn 0.190 0.968 0.162
vn 0.188 0.976 -0.113
vn 0.300 0.954 0.014
vn 0.421 0.814 -0.401
vn 0.175 0.985 -0.009
vn -0.027 0.998 0.051
vn 0.004 1.000 0.023
vn -0.021 1.000 0.003
vn -0.105 0.994 -0.024
vn -0.125 0.992 0.000
vn 0.060 0.998 0.003
vn 0.098 0.993 0.069
vn 0.030 0.997 0.068
vn -0.080 0.996 0.044
vn 0.023 1.000 -0.018
vn 0.066 0.996 -0.060
vn 0.034 0.999 0.005
vn 0.136 0.990 0.046
vn 0.112 0.994 -0.007
vn -0.089 0.995 -0.045
vn 0.014 0.997 -0.070
vn 0.124 0.991 -0.057
vn 0.133 0.985 -0.114
vn 0.019 0.992 -0.126
vn -0.056 0.986 -0.156
vn -0.058 0.975 -0.213
vn -0.053 0.987 -0.154
vn -0.189 0.981 0.052
vn -0.119 0.989 0.089
vn 0.063 0.996 0.066
vn -0.049 0.998 0.047
vn 0.137 0.977 -0.166
vn -0.102 0.935 -0.341
vn -0.469 0.755 -0.458
vn -0.051 0.890 -0.453
vn -0.060 0.957 -0.282
vn -0.087 0.919 -0.385
vn 0.181 0.947 -0.266
vn -0.128 0.989 -0.073
vn 0.062 0.993 -0.100
vn -0.066 0.995 -0.071
vn 0.135 0.953 -0.273
vn 0.209 0.967 -0.149
vn 0.351 0.902 0.252
vn 0.632 0.774 -0.020
vn 0.105 0.992 0.067
vn 0.445 0.895 -0.037
vn 0.093 0.995 -0.045
vn 0.104 0.973 0.207
vn 0.030 0.994 0.103
vn 0.011 1.000 0.020
vn 0.013 1.000 0.003
vn -0.015 0.999 0.038
vn -0.065 0.997 -0.030
vn -0.086 0.995 -0.059
vn -0.033 0.999 0.002
vn 0.086 0.996 -0.015
vn -0.024 0.998 0.057
vn 0.037 0.999 0.009
vn 0.076 0.995 -0.059
vn -0.019 1.000 0.006
vn -0.023 0.997 0.074
vn 0.200 0.980 -0.001
vn 0.079 0.995 0.067
vn -0.064 0.995 0.082
vn 0.062 0.997 -0.037
vn 0.170 0.981 -0.094
vn 0.075 0.997 0.026
vn 0.074 0.997 -0.014
vn 0.010 0.993 -0.119
vn -0.062 0.988 -0.140
vn -0.206 0.977 -0.049
vn -0.270 0.963 0.016
vn -0.083 0.996 0.019
vn 0.218 0.973 -0.082
vn 0.015 0.997 -0.080
vn -0.114 0.993 -0.035
vn 0.050 0.992 -0.118
vn 0.234 0.971 -0.046
vn 0.186 0.981 0.049
vn -0.358 0.914 -0.189
vn -0.525 0.850 0.038
vn -0.333 0.936 0.109
vn -0.876 0.465 0.131
vn 0.247 0.968 0.048
vn -0.454 0.888 0.075
vn -0.023 0.999 -0.029
vn -0.015 0.987 -0.163
vn 0.058 0.983 -0.174
vn 0.015 0.999 -0.049
vn -0.018 1.000 0.007
vn 0.013 1.000 0.021
vn 0.013 0.999 -0.039
vn 0.007 0.999 -0.043
vn -0.105 0.992 0.064
vn -0.110 0.989 0.102
vn 0.037 0.999 0.035
vn 0.063 0.998 -0.015
vn -0.049 0.998 0.027
vn 0.084 0.996 -0.034
vn 0.043 0.999 0.010
vn -0.058 0.998 0.015
vn 0.047 0.996 -0.076
vn 0.147 0.989 -0.012
vn -0.000 0.993 0.118
vn 0.095 0.995 0.015
vn 0.136 0.986 -0.098
vn 0.011 0.999 0.038
vn 0.092 0.994 0.067
vn 0.174 0.984 -0.019
vn 0.048 0.999 -0.014
vn -0.089 0.995 -0.034
vn -0.230 0.970 -0.077
vn -0.262 0.960 -0.101
vn -0.027 0.990 -0.135
vn 0.036 0.999 -0.036
vn -0.041 0.998 -0.044
vn 0.011 0.999 0.031
vn -0.022 0.998 -0.058
vn -0.183 0.944 0.274
vn -0.504 0.851 0.146
vn -0.125 0.976 0.179
vn -0.765 0.611 0.201
vn -0.492 0.854 0.170
vn 0.017 1.000 -0.008
vn 0.020 1.000 -0.007
vn -0.013 1.000 0.006
vn -0.009 1.000 0.002
vn -0.023 1.000 0.008
vn 0.081 0.996 -0.044
vn -0.000 1.000 -0.015
vn -0.095 0.994 0.056
vn -0.155 0.983 0.098
vn -0.059 0.998 0.028
vn 0.081 0.996 0.029
vn 0.041 0.998 0.046
vn 0.077 0.992 -0.096
vn 0.015 0.999 -0.044
vn -0.007 0.998 0.067
vn 0.091 0.995 -0.041
vn -0.002 0.955 -0.298
vn 0.068 0.997 -0.042
vn 0.062 0.992 0.106
vn -0.139 0.985 -0.101
vn 0.100 0.992 0.075
vn 0.129 0.991 -0.029
vn 0.056 0.992 0.117
vn 0.028 1.000 0.012
vn 0.122 0.991 -0.055
vn 0.107 0.991 0.083
vn 0.071 0.991 0.110
vn -0.054 0.990 0.130
vn -0.177 0.979 0.099
vn -0.223 0.975 -0.003
vn -0.115 0.993 -0.001
vn -0.088 0.991 0.100
vn 0.128 0.991 0.031
vn 0.258 0.965 0.053
vn -0.166 0.986 0.002
vn -0.114 0.982 0.148
vn -0.427 0.899 0.099
vn -0.603 0.798 -0.016
vn -0.024 0.989 -0.145
vn -0.307 0.913 -0.268
vn 0.058 0.992 0.108
vn 0.042 0.999 0.029
vn -0.030 0.997 0.064
vn -0.030 0.993 0.118
vn 0.057 0.998 -0.001
vn 0.037 0.999 -0.009
vn -0.035 0.999 0.035
vn -0.091 0.995 -0.029
vn -0.124 0.992 -0.035
vn -0.054 0.998 -0.013
vn 0.065 0.997 -0.032
vn 0.106 0.994 -0.021
vn 0.052 0.998 0.020
vn -0.065 0.998 0.022
vn 0.038 0.997 -0.064
vn 0.074 0.997 0.030
vn 0.309 0.949 -0.065
vn 0.086 0.996 -0.001
vn 0.181 0.900 0.396
vn -0.178 0.915 0.361
vn 0.159 0.947 0.280
vn -0.358 0.812 -0.461
vn -0.458 0.883 0.103
vn -0.462 0.881 0.102
vn -0.329 0.759 0.561
vn 0.062 0.997 0.050
vn -0.247 0.938 0.242
vn -0.067 0.997 0.042
vn -0.035 0.969 -0.243
vn 0.156 0.988 0.002
vn 0.350 0.900 0.260
vn 0.188 0.981 0.053
vn 0.044 0.994 0.096
vn 0.108 0.994 -0.036
vn 0.164 0.986 -0.021
vn 0.124 0.989 -0.081
vn 0.013 1.000 -0.004
vn 0.025 0.998 0.057
vn -0.008 0.991 0.133
vn -0.063 0.985 0.161
vn -0.082 0.989 0.119
vn -0.116 0.992 0.047
vn -0.150 0.989 0.005
vn -0.091 0.996 -0.022
vn 0.113 0.991 -0.072
vn 0.165 0.985 0.045
vn -0.266 0.933 -0.241
vn -0.458 0.856 -0.238
vn -0.178 0.974 -0.137
vn 0.134 0.989 -0.067
vn -0.060 0.992 0.113
vn 0.022 0.997 0.071
vn 0.004 0.998 -0.062
vn 0.092 0.996 0.021
vn 0.029 0.999 0.025
vn 0.005 1.000 -0.012
vn -0.076 0.997 -0.027
vn -0.130 0.990 -0.061
vn -0.039 0.996 -0.085
vn 0.009 1.000 -0.020
vn 0.057 0.996 0.066
vn 0.111 0.994 -0.011
vn 0.050 0.991 -0.126
vn -0.039 0.998 -0.051
vn -0.012 1.000 0.013
vn 0.010 1.000 0.019
vn -0.018 0.997 -0.081
vn -0.045 0.998 -0.050
vn 0.123 0.978 -0.165
vn 0.006 1.000 0.002
vn -0.028 0.986 -0.166
vn 0.056 0.998 -0.028
vn 0.168 0.986 0.000
vn 0.069 0.996 0.056
vn 0.016 1.000 -0.005
vn -0.017 1.000 0.016
vn -0.019 1.000 0.006
vn -0.073 0.997 0.013
vn -0.086 0.994 0.066
vn -0.085 0.995 0.054
vn -0.100 0.993 0.064
vn -0.082 0.994 -0.071
vn 0.084 0.996 -0.024
vn -0.024 0.997 0.073
vn 0.168 0.984 0.063
vn -0.089 0.991 0.104
vn 0.100 0.990 0.099
vn 0.105 0.994 0.026
vn 0.152 0.967 0.203
vn 0.106 0.962 -0.253
vn -0.070 0.993 0.090
vn -0.089 0.994 0.059
vn 0.369 0.928 -0.044
vn 0.032 0.993 -0.112
vn -0.113 0.989 0.099
vn -0.054 0.992 0.118
vn 0.043 0.994 0.104
vn 0.054 0.994 0.099
vn 0.059 0.998 0.038
vn -0.038 0.999 -0.012
vn -0.083 0.995 -0.053
vn -0.061 0.994 -0.092
vn -0.053 0.994 -0.096
vn 0.109 0.981 -0.160
vn 0.103 0.993 -0.052
vn 0.021 0.999 0.027
vn -0.039 0.999 -0.020
vn 0.038 0.995 -0.091
vn 0.030 0.998 -0.050
vn -0.002 1.000 0.014
vn -0.031 0.999 0.039
vn 0.092 0.996 0.016
vn 0.018 0.986 0.168
vn 0.180 0.954 0.239
vn 0.042 0.990 0.137
vn -0.001 0.997 0.077
vn -0.024 0.997 0.075
vn -0.099 0.992 0.076
vn -0.087 0.994 0.072
vn -0.097 0.995 0.037
vn -0.016 0.987 -0.158
vn 0.003 0.998 0.069
vn 0.035 0.993 -0.116
vn -0.120 0.988 -0.100
vn 0.104 0.986 0.131
vn -0.028 0.999 -0.043
vn -0.047 0.990 -0.134
vn -0.018 0.998 -0.056
vn 0.013 0.995 -0.101
vn 0.229 0.948 0.219
vn -0.098 0.939 0.329
vn 0.242 0.941 0.237
vn -0.003 0.999 -0.040
vn 0.051 0.998 -0.044
vn 0.037 0.999 -0.007
vn 0.149 0.986 0.075
vn -0.018 0.999 0.033
vn 0.003 0.999 -0.048
vn -0.043 0.998 -0.040
vn 0.051 0.989 -0.136
vn -0.013 0.994 -0.106
vn 0.023 0.999 -0.048
vn 0.053 0.992 -0.118
vn -0.031 0.998 -0.046
vn 0.000 1.000 0.013
vn 0.004 1.000 0.023
vn -0.025 0.999 0.028
vn 0.024 1.000 -0.004
vn 0.017 1.000 0.023
vn -0.175 0.983 0.062
vn 0.043 0.970 0.238
vn 0.084 0.922 0.377
vn 0.211 0.945 0.249
vn 0.025 0.992 0.127
vn -0.016 0.993 0.116
vn -0.117 0.987 0.108
vn -0.100 0.975 0.197
vn -0.011 0.912 0.409
vn -0.179 0.984 0.023
vn -0.117 0.953 0.279
vn -0.072 0.989 0.130
vn -0.318 0.859 0.402
vn -0.036 0.962 0.270
vn 0.122 0.993 -0.008
vn 0.317 0.948 -0.020
vn -0.265 0.906 -0.331
vn -0.156 0.961 -0.227
vn -0.130 0.938 -0.321
vn -0.075 0.968 -0.239
vn -0.039 0.994 -0.107
vn 0.019 0.996 -0.090
vn -0.038 0.999 -0.029
vn 0.049 0.997 -0.055
vn -0.051 0.992 -0.116
vn 0.098 0.993 -0.068
vn 0.028 1.000 0.001
vn 0.075 0.997 -0.027
vn -0.066 0.998 0.012
vn 0.022 1.000 -0.005
vn 0.108 0.992 -0.072
vn -0.018 0.997 -0.078
vn 0.079 0.991 -0.112
vn -0.034 0.999 -0.027
vn -0.082 0.997 -0.002
vn -0.002 1.000 -0.022
vn 0.005 0.999 -0.041
vn -0.022 0.999 -0.030
vn 0.020 0.999 -0.027
vn -0.016 1.000 -0.008
vn -0.167 0.985 -0.050
vn -0.299 0.952 0.061
vn -0.013 0.951 -0.310
vn -0.126 0.988 0.093
vn 0.329 0.939 0.101
vn 0.193 0.980 -0.047
vn 0.027 0.995 0.095
vn 0.008 0.995 0.095
vn -0.249 0.941 0.229
vn -0.233 0.941 0.245
vn 0.027 0.991 -0.132
vn -0.260 0.870 0.419
vn -0.166 0.816 0.554
vn -0.145 0.981 0.129
vn -0.136 0.914 0.382
vn -0.186 0.982 -0.036
vn -0.138 0.987 -0.080
vn -0.187 0.834 -0.519
vn -0.045 0.995 -0.087
vn -0.026 0.950 0.311
vn 0.185 0.983 -0.018
vn 0.227 0.929 -0.294
vn -0.227 0.952 -0.207
vn -0.076 0.976 0.204
vn -0.092 0.982 0.164
vn 0.082 0.955 0.286
vn 0.197 0.969 0.150
vn 0.335 0.942 0.034
vn 0.221 0.964 0.145
vn 0.166 0.985 0.044
vn -0.070 0.985 -0.160
vn 0.195 0.981 0.006
vn 0.198 0.980 -0.026
vn -0.160 0.980 -0.117
vn -0.035 0.999 -0.003
vn -0.111 0.992 0.063
vn 0.011 0.999 0.047
vn 0.042 0.996 0.078
vn -0.003 0.997 0.077
vn 0.051 0.999 0.003
vn 0.093 0.994 -0.050
vn -0.059 0.996 -0.067
vn 0.058 0.996 -0.067
vn 0.040 0.998 0.045
vn -0.002 0.998 0.065
vn 0.035 0.996 0.085
vn -0.051 0.994 0.095
vn -0.021 0.999 0.026
vn 0.002 1.000 0.027
vn -0.007 0.999 0.050
vn -0.015 0.999 0.048
vn 0.001 0.999 0.049
vn -0.004 1.000 0.025
vn -0.024 0.997 -0.072
vn 0.031 0.996 -0.083
vn -0.009 1.000 0.023
vn -0.000 0.999 0.048
vn -0.140 0.974 0.177
vn -0.139 0.969 0.204
vn 0.050 0.990 0.129
vn 0.192 0.970 0.151
vn 0.307 0.950 -0.054
vn -0.476 0.875 0.087
vn 0.017 0.993 -0.120
vn -0.185 0.966 0.182
vn -0.098 0.993 -0.072
vn -0.312 0.946 0.088
vn 0.113 0.992 -0.046
vn 0.017 0.999 0.032
vn 0.005 0.987 -0.160
vn 0.272 0.940 -0.204
vn 0.384 0.919 -0.085
vn -0.085 0.952 0.295
vn -0.104 0.992 -0.077
vn 0.152 0.984 0.088
vn 0.481 0.872 0.089
vn 0.338 0.922 0.188
vn -0.043 0.991 0.129
vn 0.061 0.993 -0.098
vn -0.012 1.000 -0.020
vn -0.114 0.993 0.040
vn 0.004 0.999 -0.036
vn 0.042 0.997 -0.060
vn 0.016 0.998 -0.059
vn 0.147 0.981 -0.125
vn 0.060 0.992 -0.107
vn -0.061 0.996 -0.066
vn -0.056 0.998 0.019
vn -0.002 0.997 0.083
vn 0.137 0.983 -0.120
vn -0.042 0.969 -0.245
vn -0.107 0.987 -0.120
vn 0.004 0.990 0.140
vn -0.021 0.991 0.134
vn 0.034 0.999 0.039
vn -0.012 1.000 -0.004
vn -0.006 0.998 0.064
vn 0.063 0.996 0.055
vn 0.027 0.999 0.027
vn -0.003 1.000 -0.008
vn 0.008 0.996 -0.084
vn -0.111 0.994 0.006
vn -0.254 0.952 0.169
vn 0.041 0.997 0.063
vn 0.122 0.992 0.040
vn -0.089 0.988 -0.125
vn -0.041 0.999 0.007
vn 0.104 0.994 0.019
vn 0.268 0.963 -0.003
vn 0.079 0.995 -0.067
vn -0.204 0.964 -0.170
vn -0.090 0.996 0.022
vn 0.310 0.926 -0.217
vn -0.054 0.998 0.010
vn 0.011 1.000 -0.021
vn 0.369 0.921 0.125
vn 0.355 0.927 0.122
vn 0.003 0.986 0.168
vn -0.018 0.991 0.131
vn -0.063 0.994 0.095
vn 0.003 1.000 -0.030
vn 0.041 0.999 -0.033
vn 0.071 0.992 -0.102
vn 0.039 0.993 -0.115
vn 0.123 0.987 -0.100
vn 0.013 1.000 -0.019
vn -0.104 0.994 -0.013
vn -0.093 0.996 0.012
vn 0.158 0.978 -0.133
vn 0.332 0.906 -0.263
vn 0.161 0.912 -0.377
vn -0.012 0.984 -0.180
vn -0.299 0.935 -0.193
vn -0.275 0.951 -0.141
vn -0.237 0.959 -0.157
vn 0.033 0.995 -0.093
vn 0.070 0.997 -0.028
vn -0.093 0.995 0.047
vn -0.044 0.997 0.062
vn 0.080 0.995 0.054
vn 0.038 0.995 0.089
vn 0.091 0.994 0.057
vn -0.038 0.996 0.079
vn -0.172 0.985 -0.024
vn -0.114 0.949 -0.295
vn -0.059 0.998 -0.032
vn -0.036 0.999 -0.037
vn 0.101 0.980 -0.171
vn 0.004 0.994 0.111
vn 0.050 0.998 0.032
vn 0.055 0.998 0.043
vn 0.373 0.882 0.286
vn 0.200 0.980 -0.021
vn 0.097 0.992 0.083
vn -0.277 0.925 0.258
vn -0.152 0.985 -0.075
vn 0.045 0.936 0.349
vn 0.005 0.982 -0.189
vn -0.226 0.940 -0.255
vn -0.006 1.000 -0.004
vn -0.026 0.961 -0.276
vn 0.243 0.955 0.172
vn -0.140 0.988 0.062
vn 0.338 0.939 0.063
vn 0.204 0.978 -0.040
vn 0.034 0.994 0.103
vn 0.073 0.997 0.014
vn 0.034 0.999 -0.038
vn -0.047 0.998 -0.034
vn 0.075 0.996 0.052
vn 0.127 0.991 -0.027
vn 0.042 0.998 -0.046
vn 0.037 0.999 0.012
vn 0.009 1.000 0.026
vn -0.103 0.994 0.018
vn 0.155 0.987 -0.033
vn 0.064 0.972 -0.226
vn -0.014 0.994 -0.107
vn 0.143 0.961 -0.236
vn 0.324 0.946 0.010
vn 0.124 0.956 0.266
vn 0.262 0.959 0.109
vn 0.113 0.981 0.160
vn 0.098 0.985 0.140
vn 0.019 0.997 -0.078
vn -0.383 0.906 -0.179
vn -0.235 0.971 -0.047
vn -0.341 0.939 0.054
vn -0.128 0.991 0.044
vn 0.032 0.998 0.047
vn -0.055 0.998 -0.039
vn 0.017 0.990 -0.143
vn -0.015 0.997 -0.074
vn -0.020 0.994 -0.108
vn 0.074 0.988 0.139
vn 0.032 0.991 0.131
vn 0.098 0.995 -0.014
vn -0.059 0.963 -0.263
vn -0.167 0.986 -0.010
vn -0.472 0.813 -0.340
vn -0.011 0.993 -0.115
vn -0.400 0.907 -0.135
vn 0.196 0.960 0.202
vn -0.677 0.646 -0.352
vn -0.140 0.983 -0.121
vn -0.227 0.974 -0.009
vn -0.083 0.996 0.036
vn -0.276 0.954 -0.120
vn -0.384 0.876 -0.292
vn -0.050 0.986 -0.158
vn 0.101 0.989 0.107
vn 0.217 0.969 0.118
vn 0.170 0.985 -0.030
vn -0.116 0.975 -0.191
vn -0.061 0.997 0.052
vn 0.156 0.985 -0.073
vn 0.105 0.992 0.068
vn -0.031 0.997 0.069
vn 0.013 0.991 0.132
vn -0.000 0.969 0.246
vn 0.033 0.965 0.262
vn -0.169 0.971 0.168
vn 0.330 0.939 -0.096
vn -0.222 0.972 -0.079
vn 0.236 0.970 0.067
vn -0.005 1.000 0.026
vn 0.110 0.988 -0.110
vn -0.005 1.000 -0.008
vn 0.042 0.998 0.041
vn -0.151 0.959 -0.241
vn -0.047 0.998 -0.052
vn -0.194 0.981 -0.028
vn 0.108 0.994 0.018
vn 0.021 0.997 0.071
vn 0.025 0.997 0.068
vn -0.015 0.993 0.119
vn -0.111 0.985 0.135
vn 0.135 0.988 0.081
vn 0.214 0.975 0.052
vn 0.090 0.996 0.028
vn 0.048 0.998 0.028
vn 0.079 0.988 0.129
vn 0.127 0.984 0.125
vn -0.083 0.989 0.125
vn -0.158 0.949 0.274
vn -0.372 0.874 0.312
vn -0.300 0.931 0.209
vn -0.181 0.982 0.045
vn -0.031 0.999 -0.028
vn 0.111 0.981 -0.157
vn 0.036 0.982 -0.188
vn -0.044 0.986 -0.163
vn -0.072 0.993 -0.093
vn 0.080 0.993 -0.091
vn -0.102 0.994 0.037
vn -0.150 0.984 -0.102
vn -0.164 0.986 -0.038
vn 0.036 0.994 -0.105
vn 0.035 0.979 -0.199
vn 0.113 0.984 0.135
vn -0.007 0.999 0.051
vn -0.206 0.935 -0.288
vn -0.172 0.968 -0.183
vn -0.133 0.939 -0.317
vn -0.076 0.985 -0.152
vn 0.213 0.973 -0.084
vn -0.086 0.993 0.087
vn 0.015 0.999 0.036
vn -0.054 0.998 0.023
vn 0.219 0.965 -0.143
vn 0.158 0.985 -0.075
vn 0.023 1.000 0.021
vn 0.023 0.999 0.030
vn -0.091 0.990 0.108
vn 0.033 0.997 0.074
vn -0.061 0.977 0.205
vn 0.092 0.996 -0.002
vn 0.037 0.998 0.042
vn -0.031 0.994 0.103
vn -0.005 0.983 0.185
vn -0.015 0.995 0.096
vn 0.001 1.000 -0.009
vn 0.101 0.995 -0.020
vn 0.106 0.994 0.022
vn 0.015 1.000 0.022
vn 0.025 0.996 0.082
vn -0.080 0.984 0.159
vn -0.144 0.984 0.103
vn 0.156 0.980 -0.125
vn 0.081 0.990 -0.115
vn 0.019 0.998 -0.052
vn -0.054 0.998 -0.046
vn -0.044 0.996 -0.080
vn -0.139 0.964 -0.229
vn -0.014 0.999 -0.029
vn 0.079 0.991 -0.108
vn -0.017 0.991 0.136
vn -0.287 0.953 -0.100
vn -0.065 0.997 -0.034
vn -0.132 0.974 -0.183
vn 0.046 0.984 0.174
vn 0.169 0.931 0.324
vn -0.059 0.994 0.090
vn 0.037 0.998 0.052
vn 0.017 0.995 -0.095
vn -0.073 0.997 0.020
vn -0.177 0.982 -0.060
vn -0.062 0.972 -0.225
vn 0.063 0.998 -0.010
vn 0.119 0.975 -0.189
vn 0.156 0.973 -0.171
vn -0.018 0.999 0.041
vn -0.002 1.000 0.016
vn -0.061 0.996 0.063
vn -0.016 0.999 -0.028
vn 0.054 0.995 -0.088
vn 0.097 0.992 -0.074
vn -0.006 1.000 -0.007
vn 0.010 0.999 -0.030
vn 0.204 0.963 -0.175
vn -0.126 0.980 -0.154
vn -0.027 0.976 -0.218
vn -0.127 0.989 0.077
vn 0.239 0.966 0.096
vn -0.007 0.999 -0.052
vn 0.068 0.994 -0.087
vn -0.006 0.999 -0.053
vn 0.048 0.999 -0.012
vn 0.090 0.995 0.031
vn -0.056 0.995 0.085
vn 0.004 1.000 0.021
vn -0.085 0.995 -0.047
vn 0.046 0.990 -0.132
vn 0.160 0.980 -0.120
vn -0.125 0.973 0.193
vn -0.004 1.000 -0.019
vn 0.022 0.991 0.130
vn -0.044 0.896 0.442
vn -0.042 0.999 -0.030
vn -0.035 0.970 0.242
vn -0.021 0.900 0.435
vn -0.070 0.950 0.305
vn -0.019 0.985 0.170
vn 0.158 0.888 0.432
vn -0.064 0.997 0.030
vn -0.204 0.944 -0.260
vn 0.043 0.976 0.216
vn -0.004 0.990 -0.138
vn 0.010 0.910 0.414
vn -0.113 0.979 -0.171
vn 0.001 0.966 -0.257
vn -0.206 0.911 -0.357
vn -0.075 0.984 -0.159
vn -0.062 0.997 -0.050
vn 0.018 1.000 0.016
vn 0.017 1.000 0.016
vn -0.089 0.995 -0.046
vn 0.119 0.946 -0.302
vn 0.038 0.999 -0.028
vn -0.014 0.936 -0.351
vn -0.276 0.904 -0.325
vn -0.016 0.958 -0.286
vn 0.000 0.962 -0.273
vn 0.184 0.948 -0.260
vn 0.051 0.997 -0.059
vn 0.012 0.998 0.060
vn 0.026 1.000 -0.007
vn 0.045 0.999 -0.025
vn -0.006 0.998 0.061
vn 0.099 0.993 -0.058
vn 0.045 0.995 -0.088
vn 0.001 1.000 -0.028
vn -0.017 1.000 0.004
vn -0.036 0.997 -0.063
vn -0.007 0.998 0.066
vn -0.011 1.000 0.017
vn 0.126 0.989 -0.079
vn -0.034 0.992 -0.119
vn 0.023 0.992 -0.125
vn 0.055 0.992 -0.118
vn 0.111 0.963 -0.246
vn -0.033 0.969 -0.246
vn 0.026 0.999 0.039
vn 0.008 0.982 -0.188
vn 0.047 0.999 -0.020
vn -0.192 0.981 0.038
vn -0.381 0.921 0.086
vn -0.443 0.896 -0.026
vn -0.082 0.911 0.405
vn 0.330 0.737 0.589
vn -0.011 1.000 -0.027
vn -0.007 0.841 0.542
vn 0.006 0.859 0.512
vn 0.029 0.906 0.421
vn -0.314 0.724 0.614
vn 0.020 0.993 0.120
vn -0.017 0.998 0.056
vn 0.018 1.000 -0.016
vn -0.040 0.987 0.159
vn 0.235 0.814 0.531
vn 0.072 0.996 0.050
vn 0.331 0.851 0.409
vn 0.476 0.766 0.432
vn 0.141 0.981 0.130
vn -0.051 0.988 0.145
vn 0.152 0.925 0.347
vn 0.012 0.985 0.171
vn 0.063 0.988 -0.144
vn 0.054 0.888 0.456
vn -0.154 0.893 -0.424
vn 0.209 0.845 0.493
vn -0.260 0.888 -0.379
vn -0.148 0.923 -0.354
vn -0.261 0.916 -0.303
vn -0.333 0.940 -0.074
vn 0.096 0.967 0.236
vn 0.078 0.995 0.054
vn -0.017 0.999 0.043
vn -0.003 0.996 -0.091
vn -0.013 1.000 0.007
vn 0.008 0.999 0.045
vn -0.035 0.992 0.120
vn 0.033 0.996 0.084
vn 0.060 0.996 0.058
vn 0.070 0.998 0.008
vn -0.021 1.000 0.016
vn 0.071 0.997 0.021
vn 0.108 0.992 0.065
vn 0.057 0.996 0.067
vn 0.012 1.000 -0.017
vn -0.018 1.000 -0.010
vn -0.050 0.999 0.022
vn 0.167 0.979 -0.116
vn 0.138 0.977 -0.165
vn -0.094 0.975 0.201
vn 0.183 0.981 -0.068
vn 0.052 0.988 -0.149
vn -0.091 0.973 0.213
vn 0.102 0.993 -0.064
vn -0.057 0.923 0.381
vn -0.316 0.943 0.099
vn -0.321 0.946 0.054
vn -0.426 0.853 0.303
vn -0.269 0.963 -0.034
vn 0.136 0.909 0.393
vn -0.258 0.966 -0.023
vn 0.219 0.971 0.096
vn 0.318 0.895 0.312
vn -0.066 0.945 0.319
vn 0.614 0.754 0.233
vn 0.332 0.943 0.031
vn 0.059 0.953 0.298
vn -0.006 0.996 -0.088
vn -0.635 0.730 -0.253
vn -0.516 0.855 -0.050
vn -0.616 0.779 -0.120
vn -0.495 0.817 -0.297
vn -0.583 0.765 -0.275
vn 0.064 0.938 0.341
vn -0.291 0.946 0.142
vn 0.010 0.998 -0.062
vn -0.026 1.000 -0.017
vn -0.014 0.999 0.047
vn -0.005 0.992 -0.125
vn 0.004 1.000 0.006
vn 0.019 1.000 0.003
vn -0.019 1.000 -0.004
vn -0.058 0.997 0.048
vn -0.032 0.985 0.171
vn -0.130 0.858 0.496
vn 0.003 0.999 0.047
vn 0.038 0.999 -0.030
vn 0.102 0.866 0.489
vn 0.237 0.906 0.351
vn 0.273 0.712 0.647
vn 0.197 0.913 0.357
vn 0.262 0.641 0.721
vn -0.022 0.719 0.695
vn 0.184 0.971 0.155
vn 0.018 0.856 0.517
vn -0.416 0.909 0.022
vn 0.081 0.991 -0.111
vn -0.277 0.957 -0.090
vn -0.261 0.949 -0.174
vn 0.273 0.962 0.033
vn 0.019 0.998 0.060
vn 0.035 0.995 -0.093
vn -0.120 0.966 -0.227
vn 0.031 0.999 0.027
vn 0.083 0.995 0.059
vn 0.066 0.995 0.073
vn 0.029 0.998 0.061
vn 0.022 0.999 -0.040
vn 0.053 0.998 0.024
vn 0.106 0.993 0.049
vn 0.035 0.998 0.053
vn -0.019 0.999 0.038
vn 0.005 1.000 -0.011
vn 0.162 0.987 0.017
vn 0.276 0.960 -0.055
vn 0.181 0.981 0.067
vn 0.049 0.999 -0.005
vn -0.375 0.855 0.358
vn -0.315 0.941 0.123
vn -0.219 0.891 0.398
vn -0.284 0.924 0.257
vn 0.060 0.996 -0.060
vn -0.624 0.763 0.171
vn -0.454 0.891 0.018
vn 0.257 0.904 0.342
vn 0.236 0.932 0.276
vn 0.500 0.852 0.154
vn 0.098 0.984 0.146
vn 0.090 0.838 0.539
vn 0.168 0.938 0.303
vn 0.230 0.828 0.511
vn -0.360 0.911 0.200
vn -0.176 0.976 0.127
vn -0.204 0.925 0.320
vn -0.047 0.952 0.304
vn 0.066 0.997 -0.045
vn -0.057 0.990 0.129
vn -0.187 0.982 -0.010
vn -0.329 0.940 0.086
vn -0.029 0.934 0.357
vn 0.058 0.998 -0.009
vn 0.032 0.998 -0.051
vn -0.022 0.942 0.334
vn 0.015 0.957 0.290
vn -0.033 0.999 0.013
vn -0.022 0.930 0.368
vn 0.209 0.646 0.734
vn -0.277 0.946 0.170
vn 0.008 1.000 -0.014
vn -0.059 0.939 0.339
vn -0.498 0.772 0.395
vn 0.009 1.000 -0.026
vn -0.330 0.943 0.051
vn 0.074 0.992 -0.104
vn 0.191 0.973 -0.126
vn -0.059 0.998 0.004
vn 0.263 0.797 -0.544
vn -0.265 0.954 -0.137
vn -0.048 0.989 -0.138
vn -0.405 0.914 0.014
vn 0.011 0.999 0.035
vn -0.058 0.996 0.063
vn -0.017 1.000 0.009
vn 0.045 0.996 -0.079
vn -0.004 0.998 -0.055
vn 0.467 0.816 0.342
vn 0.094 0.984 0.149
vn 0.119 0.986 0.113
vn -0.118 0.981 0.154
vn -0.211 0.975 -0.071
vn -0.212 0.959 -0.188
vn -0.002 0.996 -0.090
vn 0.342 0.935 0.094
vn -0.062 0.987 -0.148
vn -0.373 0.919 0.127
vn -0.400 0.916 -0.018
vn -0.166 0.980 0.108
vn -0.197 0.980 -0.011
vn -0.008 0.998 -0.064
vn 0.013 1.000 0.017
vn 0.073 0.993 0.094
vn 0.182 0.982 0.054
vn 0.004 1.000 -0.027
vn 0.005 0.999 -0.032
vn 0.054 0.998 0.025
vn 0.015 0.996 0.089
vn 0.061 0.998 -0.004
vn 0.045 0.998 -0.032
vn 0.267 0.934 -0.238
vn 0.201 0.978 -0.053
vn -0.032 0.922 0.385
vn -0.003 0.990 0.142
vn -0.132 0.954 0.269
vn -0.452 0.892 0.009
vn -0.512 0.840 0.180
vn -0.498 0.851 0.169
vn 0.055 0.998 -0.014
vn -0.347 0.926 0.150
vn 0.011 1.000 0.023
vn 0.291 0.945 0.148
vn 0.008 0.989 0.150
vn 0.200 0.977 0.080
vn 0.111 0.983 -0.147
vn 0.196 0.972 -0.127
vn 0.323 0.937 -0.136
vn 0.094 0.964 -0.250
vn -0.008 0.991 0.132
vn 0.167 0.985 0.031
vn -0.430 0.879 -0.206
vn -0.183 0.983 -0.001
vn -0.263 0.959 -0.105
vn 0.028 0.963 -0.267
vn 0.091 0.989 0.117
vn -0.145 0.969 -0.200
vn -0.068 0.952 -0.299
vn 0.003 0.931 -0.364
vn 0.005 0.960 -0.279
vn -0.078 0.988 -0.133
vn -0.172 0.948 -0.267
vn -0.009 0.798 -0.602
vn -0.036 0.998 0.041
vn -0.066 0.991 -0.119
vn 0.106 0.970 0.217
vn 0.033 0.850 0.525
vn 0.372 0.927 0.057
vn 0.010 0.933 0.361
vn 0.190 0.981 0.034
vn -0.006 0.999 -0.052
vn -0.075 0.919 0.386
vn 0.108 0.993 0.048
vn -0.042 0.998 -0.036
vn 0.240 0.922 -0.305
vn -0.037 0.881 0.472
vn 0.476 0.638 -0.605
vn 0.640 0.759 0.122
vn 0.091 0.802 0.590
vn -0.001 1.000 -0.023
vn 0.669 0.722 0.176
vn -0.046 0.999 0.008
vn -0.201 0.785 0.586
vn -0.016 0.998 -0.057
vn 0.216 0.964 0.156
vn -0.205 0.979 -0.002
vn -0.117 0.948 0.296
vn 0.226 0.914 -0.338
vn -0.025 1.000 0.009
vn -0.002 0.991 -0.135
vn -0.258 0.959 -0.119
vn -0.106 0.846 -0.523
vn 0.081 0.995 -0.055
vn -0.048 0.998 0.034
vn -0.021 0.997 0.071
vn -0.061 0.995 0.081
vn 0.255 0.855 0.451
vn 0.017 0.999 0.033
vn 0.287 0.907 0.309
vn 0.012 0.998 0.065
vn -0.288 0.919 -0.271
vn 0.055 0.997 0.049
vn -0.149 0.986 -0.077
vn 0.037 0.999 0.018
vn -0.030 0.979 0.201
vn 0.026 0.997 0.074
vn -0.039 0.996 -0.078
vn -0.110 0.992 -0.057
vn 0.084 0.996 -0.031
vn 0.105 0.994 0.021
vn 0.006 1.000 -0.010
vn 0.019 1.000 -0.022
vn -0.020 1.000 -0.008
vn 0.104 0.992 -0.069
vn 0.110 0.982 -0.153
vn 0.110 0.971 -0.211
vn 0.272 0.930 -0.248
vn -0.175 0.975 0.134
vn 0.089 0.974 -0.209
vn -0.453 0.888 -0.078
vn -0.283 0.959 0.021
vn -0.129 0.942 0.310
vn -0.619 0.748 0.238
vn -0.055 0.998 0.016
vn -0.048 0.996 0.069
vn -0.406 0.908 0.108
vn -0.051 0.998 0.042
vn -0.025 0.999 0.028
vn 0.144 0.982 -0.125
vn 0.081 0.953 -0.293
vn -0.022 0.983 -0.185
vn -0.029 0.992 -0.126
vn 0.442 0.874 -0.202
vn -0.151 0.986 -0.065
vn 0.069 0.994 -0.081
vn 0.126 0.992 0.004
vn 0.376 0.925 -0.058
vn -0.031 0.999 -0.032
vn 0.194 0.979 0.056
vn -0.082 0.967 0.240
vn -0.071 0.997 0.039
vn -0.007 0.995 -0.096
vn 0.064 0.998 -0.021
vn -0.013 0.985 -0.172
vn 0.038 0.988 -0.147
vn -0.056 0.997 -0.052
vn 0.009 0.968 -0.252
vn -0.063 0.988 -0.144
vn -0.088 0.984 -0.157
vn 0.013 0.971 0.239
vn 0.278 0.953 -0.118
vn -0.348 0.931 -0.108
vn 0.262 0.965 -0.027
vn -0.020 0.985 -0.170
vn -0.189 0.976 -0.113
vn -0.117 0.966 -0.229
vn -0.138 0.946 -0.295
vn 0.070 0.995 -0.074
vn 0.249 0.963 0.099
vn 0.307 0.924 -0.228
vn -0.276 0.923 -0.267
vn -0.139 0.937 -0.319
vn -0.335 0.704 -0.626
vn 0.252 0.939 -0.237
vn -0.287 0.952 -0.102
vn -0.110 0.988 -0.105
vn 0.139 0.976 0.168
vn -0.073 0.997 -0.022
vn -0.046 0.999 0.002
vn -0.024 1.000 -0.001
vn 0.256 0.966 0.033
vn 0.131 0.983 0.125
vn 0.430 0.835 0.342
vn 0.677 0.736 0.008
vn -0.052 0.994 0.100
vn 0.401 0.900 -0.170
vn -0.126 0.986 0.109
vn 0.004 0.999 0.048
vn -0.057 0.996 0.074
vn 0.002 1.000 0.013
vn -0.035 0.999 0.028
vn 0.137 0.990 -0.038
vn 0.429 0.875 0.224
vn -0.132 0.981 0.141
vn 0.131 0.983 -0.125
vn -0.147 0.983 -0.114
vn -0.129 0.984 -0.121
vn -0.023 1.000 0.009
vn -0.137 0.972 0.190
vn -0.176 0.983 0.057
vn 0.019 0.994 -0.109
vn -0.003 0.996 0.092
vn -0.025 0.998 -0.066
vn -0.060 0.997 -0.047
vn 0.020 1.000 0.013
vn 0.013 1.000 -0.002
vn 0.021 1.000 -0.006
vn 0.199 0.969 -0.144
vn 0.206 0.958 -0.197
vn -0.210 0.951 0.226
vn 0.202 0.954 -0.221
vn 0.067 0.971 -0.229
vn -0.016 0.980 0.198
vn -0.012 0.966 -0.259
vn 0.025 0.886 0.463
vn 0.052 0.849 0.526
vn 0.096 0.886 0.454
vn -0.167 0.770 0.615
vn 0.015 0.892 0.451
vn -0.230 0.957 0.178
vn -0.197 0.884 0.424
vn -0.057 0.991 0.123
vn -0.194 0.893 0.406
vn -0.091 0.924 0.371
vn -0.153 0.979 0.133
vn -0.023 0.996 0.090
vn -0.022 0.994 -0.107
vn 0.182 0.981 -0.060
vn 0.336 0.925 -0.179
vn 0.329 0.923 -0.200
vn -0.149 0.987 0.062
vn -0.165 0.967 0.195
vn -0.105 0.990 0.092
vn 0.029 0.999 -0.046
vn 0.218 0.948 -0.232
vn -0.053 0.995 0.089
vn -0.020 0.999 -0.037
vn 0.099 0.989 -0.106
vn 0.016 1.000 -0.026
vn -0.076 0.991 0.111
vn 0.005 1.000 0.031
vn -0.033 0.999 0.033
vn -0.072 0.994 -0.079
vn -0.162 0.987 -0.010
vn -0.333 0.918 -0.214
vn 0.237 0.970 0.059
vn -0.037 0.955 0.293
vn -0.221 0.974 -0.040
vn 0.229 0.972 -0.057
vn -0.583 0.785 -0.210
vn -0.002 0.990 -0.143
vn 0.086 0.995 0.043
vn 0.106 0.994 0.020
vn -0.140 0.961 -0.240
vn -0.115 0.963 -0.245
vn -0.125 0.987 -0.099
vn -0.105 0.987 -0.122
vn -0.028 0.996 0.084
vn 0.003 1.000 0.021
vn -0.031 1.000 -0.002
vn -0.016 1.000 0.019
vn 0.047 0.997 -0.055
vn -0.067 0.996 -0.051
vn 0.314 0.947 0.066
vn 0.232 0.973 -0.011
vn 0.246 0.967 0.059
vn -0.149 0.985 -0.084
vn 0.215 0.975 0.055
vn 0.090 0.993 0.071
vn 0.015 0.999 -0.032
vn 0.129 0.963 -0.237
vn -0.239 0.961 -0.140
vn 0.025 0.999 0.029
vn -0.016 1.000 -0.021
vn 0.106 0.992 -0.065
vn 0.040 0.991 -0.128
vn -0.048 0.998 -0.034
vn 0.191 0.974 -0.120
vn -0.246 0.926 0.285
vn -0.260 0.921 0.291
vn -0.084 0.996 0.028
vn -0.360 0.901 0.242
vn -0.202 0.906 0.371
vn 0.005 1.000 0.002
vn -0.284 0.920 0.271
vn 0.073 0.970 -0.231
vn 0.079 0.991 0.111
vn -0.050 0.982 -0.185
vn 0.027 0.903 -0.430
vn 0.114 0.962 -0.248
vn 0.192 0.960 -0.206
vn 0.374 0.861 -0.344
vn 0.134 0.978 0.161
vn 0.056 0.998 0.027
vn -0.227 0.932 0.283
vn 0.029 0.999 -0.031
vn -0.100 0.965 0.242
vn 0.004 0.999 -0.036
vn 0.102 0.992 0.068
vn 0.145 0.977 -0.156
vn 0.012 0.995 -0.102
vn -0.141 0.989 0.046
vn 0.017 1.000 -0.011
vn 0.040 0.999 -0.009
vn -0.200 0.980 0.016
vn 0.033 0.991 0.128
vn 0.170 0.985 -0.016
vn 0.057 0.997 0.046
vn -0.283 0.920 -0.271
vn 0.080 0.997 0.025
vn -0.111 0.993 -0.044
vn 0.047 0.999 -0.023
vn 0.059 0.998 0.037
vn 0.015 0.999 0.031
vn -0.085 0.989 -0.122
vn -0.235 0.942 -0.241
vn -0.184 0.956 -0.227
vn -0.368 0.909 -0.194
vn -0.002 0.997 0.077
vn -0.044 0.998 0.042
vn 0.043 0.999 -0.018
vn 0.053 0.999 0.011
vn -0.109 0.992 0.068
vn 0.218 0.971 0.099
vn 0.373 0.885 0.280
vn 0.372 0.901 0.223
vn -0.259 0.963 -0.080
vn 0.241 0.934 0.265
vn -0.227 0.973 -0.038
vn 0.018 0.987 0.159
vn -0.026 0.999 0.045
vn 0.039 0.993 0.110
vn 0.079 0.994 0.071
vn 0.064 0.992 0.112
vn -0.042 0.994 -0.103
vn -0.053 0.993 -0.105
vn 0.311 0.937 -0.159
vn -0.183 0.974 0.133
vn -0.255 0.928 0.271
vn -0.513 0.854 0.092
vn 0.112 0.993 -0.035
vn -0.597 0.741 0.307
vn -0.272 0.959 0.079
vn 0.123 0.986 -0.111
vn -0.227 0.932 0.281
vn 0.109 0.987 -0.120
vn 0.201 0.962 -0.186
vn 0.135 0.990 -0.040
vn 0.142 0.981 -0.131
vn 0.180 0.616 -0.767
vn -0.056 0.956 0.288
vn -0.238 0.971 0.024
vn -0.295 0.873 -0.387
vn -0.004 0.945 0.327
vn -0.134 0.874 -0.468
vn -0.276 0.747 -0.605
vn 0.076 0.972 -0.221
vn -0.036 0.917 -0.397
vn 0.306 0.936 -0.175
vn -0.005 0.900 -0.437
vn 0.029 0.974 -0.223
vn -0.013 0.999 -0.039
vn -0.067 0.998 0.023
vn 0.007 0.998 -0.056
vn 0.182 0.979 -0.092
vn 0.040 0.999 -0.016
vn -0.071 0.997 0.024
vn -0.102 0.992 -0.072
vn -0.033 0.999 -0.040
vn -0.027 0.998 0.064
vn -0.050 0.998 -0.045
vn 0.037 0.993 -0.109
vn 0.185 0.971 0.151
vn -0.169 0.985 0.021
vn -0.150 0.982 -0.116
vn -0.079 0.994 0.071
vn -0.003 0.999 -0.052
vn -0.032 0.992 -0.118
vn -0.165 0.986 0.009
vn 0.056 0.997 0.047
vn 0.028 0.955 -0.295
vn -0.323 0.857 -0.401
vn 0.003 0.997 -0.076
vn -0.164 0.962 -0.219
vn -0.120 0.983 -0.142
vn 0.005 0.987 0.161
vn 0.006 0.998 -0.065
vn -0.136 0.990 0.048
vn 0.045 0.998 0.038
vn -0.019 0.998 0.059
vn -0.039 0.999 0.023
vn 0.281 0.960 0.011
vn 0.292 0.949 0.117
vn -0.050 0.991 -0.124
vn 0.400 0.862 -0.311
vn -0.164 0.984 -0.067
vn 0.028 1.000 -0.002
vn 0.026 0.998 0.055
vn -0.018 0.997 0.070
vn -0.005 0.998 -0.062
vn 0.020 0.990 -0.142
vn 0.140 0.973 -0.185
vn -0.320 0.929 0.185
vn 0.244 0.968 -0.063
vn -0.307 0.951 0.035
vn -0.391 0.901 0.189
vn -0.493 0.867 0.068
vn -0.548 0.818 0.177
vn -0.540 0.788 0.296
vn 0.055 0.998 -0.037
vn -0.384 0.880 0.279
vn 0.157 0.987 -0.024
vn 0.053 0.997 0.050
vn -0.350 0.926 0.142
vn 0.233 0.961 -0.151
vn 0.132 0.991 -0.026
vn 0.270 0.954 -0.131
vn 0.050 0.996 -0.076
vn 0.228 0.971 -0.077
vn 0.122 0.992 0.037
vn -0.119 0.991 0.058
vn -0.034 0.997 0.067
vn 0.003 0.999 0.033
vn 0.212 0.968 0.136
vn -0.056 0.998 0.019
vn -0.017 0.995 0.102
vn -0.066 0.988 0.142
vn -0.030 0.996 0.087
vn -0.032 0.999 -0.025
vn -0.038 0.995 0.092
vn -0.301 0.948 -0.100
vn -0.036 0.999 -0.014
vn -0.002 0.987 0.158
vn 0.126 0.988 0.088
vn 0.163 0.979 0.125
vn 0.056 0.998 -0.027
vn -0.014 0.997 -0.072
vn 0.068 0.997 -0.047
vn -0.161 0.967 -0.195
vn -0.160 0.976 -0.146
vn -0.062 0.959 -0.276
vn 0.013 0.978 -0.209
vn -0.270 0.941 -0.205
vn -0.215 0.977 -0.005
vn -0.325 0.946 -0.013
vn -0.031 0.991 -0.128
vn 0.145 0.977 -0.155
vn -0.241 0.911 -0.335
vn -0.356 0.856 -0.375
vn 0.028 0.999 0.021
vn -0.217 0.931 -0.293
vn -0.535 0.837 -0.117
vn 0.007 0.938 -0.347
vn -0.237 0.922 0.305
vn -0.420 0.906 0.056
vn 0.002 0.984 -0.180
vn 0.247 0.809 -0.534
vn 0.191 0.980 0.056
vn -0.144 0.958 -0.249
vn -0.092 0.951 -0.295
vn -0.495 0.682 -0.538
vn 0.002 0.994 -0.110
vn -0.326 0.887 -0.328
vn 0.310 0.945 -0.106
vn -0.030 0.999 0.021
vn 0.062 0.984 0.167
vn -0.139 0.989 -0.041
vn -0.011 0.989 0.145
vn -0.056 0.998 -0.024
vn 0.169 0.983 0.066
vn 0.294 0.955 0.024
vn 0.397 0.851 0.343
vn 0.648 0.761 -0.022
vn 0.039 0.998 -0.040
vn 0.434 0.900 -0.048
vn 0.168 0.975 0.145
vn 0.081 0.986 0.143
vn -0.218 0.976 -0.015
vn -0.146 0.981 -0.130
vn -0.010 0.988 -0.153
vn -0.052 0.997 -0.064
vn 0.021 0.999 -0.038
vn 0.050 0.996 0.078
vn -0.174 0.980 0.094
vn -0.320 0.928 0.190
vn -0.201 0.971 0.132
vn -0.383 0.895 0.229
vn 0.048 0.999 -0.019
vn -0.240 0.921 0.308
vn 0.088 0.992 0.095
vn 0.158 0.986 -0.052
vn 0.566 0.788 0.242
vn 0.563 0.824 0.062
vn -0.446 0.860 -0.250
vn 0.442 0.886 -0.143
vn 0.059 0.998 -0.017
vn -0.039 0.948 0.315
vn -0.061 0.998 0.027
vn -0.320 0.942 0.096
vn 0.313 0.937 0.157
vn 0.232 0.897 0.376
vn 0.086 0.980 0.178
vn 0.267 0.963 -0.019
vn -0.101 0.972 0.212
vn -0.258 0.954 0.155
vn 0.030 0.938 0.346
vn 0.175 0.957 0.233
vn -0.021 0.954 0.300
vn 0.034 0.995 -0.099
vn 0.033 0.996 -0.079
vn -0.158 0.987 -0.016
vn -0.023 1.000 0.014
vn 0.186 0.976 0.115
vn 0.139 0.989 0.057
vn 0.034 0.994 0.105
vn -0.116 0.980 -0.165
vn -0.056 0.997 -0.050
vn 0.054 0.982 -0.178
vn 0.090 0.979 0.182
vn 0.134 0.977 0.168
vn 0.024 0.986 0.164
vn -0.102 0.995 0.020
vn 0.098 0.994 -0.046
vn 0.067 0.996 -0.059
vn 0.001 0.997 -0.081
vn -0.018 0.999 0.032
vn -0.033 0.995 0.093
vn -0.131 0.977 -0.167
vn -0.116 0.993 0.023
vn -0.109 0.966 -0.234
vn -0.050 0.989 0.142
vn 0.126 0.969 -0.211
vn -0.016 0.966 -0.258
vn 0.121 0.837 -0.534
vn 0.006 1.000 -0.011
vn -0.311 0.838 -0.449
vn -0.191 0.979 -0.072
vn -0.091 0.956 -0.279
vn -0.183 0.940 -0.287
vn 0.002 0.972 -0.233
vn -0.213 0.944 -0.253
vn 0.013 0.961 -0.275
vn -0.165 0.974 -0.156
vn -0.101 0.984 -0.146
vn -0.340 0.894 -0.292
vn 0.325 0.941 0.100
vn 0.130 0.989 0.068
vn 0.071 0.991 -0.115
vn -0.087 0.991 -0.099
vn -0.137 0.991 0.004
vn -0.035 0.999 0.039
vn 0.233 0.969 0.086
vn 0.141 0.990 0.019
vn -0.371 0.897 0.240
vn -0.249 0.962 0.108
vn -0.544 0.821 0.170
vn 0.232 0.973 -0.010
vn -0.436 0.900 -0.023
vn -0.350 0.912 0.211
vn 0.004 1.000 -0.008
vn -0.059 0.998 -0.031
vn 0.206 0.958 0.201
vn 0.078 0.973 0.216
vn 0.288 0.957 0.036
vn -0.003 0.997 0.076
vn 0.077 0.997 0.007
vn -0.055 0.989 0.134
vn 0.200 0.973 0.119
vn 0.242 0.968 0.061
vn 0.116 0.923 0.368
vn 0.086 0.996 0.005
vn 0.049 0.998 0.040
vn -0.027 0.957 0.290
vn -0.032 0.999 0.009
vn 0.151 0.984 -0.098
vn 0.090 0.962 0.256
vn 0.102 0.986 0.134
vn -0.262 0.964 0.053
vn 0.036 0.993 0.114
vn 0.046 0.944 0.326
vn -0.142 0.988 -0.063
vn -0.116 0.989 -0.089
vn -0.011 0.996 0.087
vn 0.049 0.992 -0.113
vn -0.060 0.962 0.265
vn -0.036 0.994 -0.103
vn -0.202 0.956 -0.213
vn 0.001 0.995 -0.100
vn -0.024 0.988 0.153
vn 0.085 0.991 -0.099
vn 0.043 0.997 0.061
vn -0.106 0.972 0.211
vn -0.029 0.999 -0.018
vn 0.208 0.978 -0.000
vn 0.109 0.944 0.311
vn 0.056 0.998 -0.041
vn -0.117 0.992 0.054
vn -0.053 0.997 0.048
vn -0.061 0.996 0.067
vn -0.026 0.999 0.030
vn -0.078 0.991 -0.105
vn 0.046 0.999 -0.024
vn 0.049 0.996 -0.074
vn -0.023 0.995 -0.097
vn -0.018 0.998 0.057
vn -0.126 0.991 0.043
vn -0.288 0.957 0.028
vn 0.196 0.972 0.132
vn -0.181 0.983 0.035
vn -0.473 0.696 -0.540
vn 0.213 0.933 -0.290
vn 0.185 0.956 -0.230
vn -0.206 0.975 0.079
vn -0.370 0.911 -0.179
vn -0.259 0.938 0.233
vn -0.196 0.980 0.040
vn -0.210 0.976 -0.056
vn -0.090 0.987 -0.134
vn -0.004 0.998 -0.070
vn 0.248 0.962 0.114
vn 0.389 0.859 0.334
vn 0.324 0.915 0.241
vn 0.080 0.928 0.364
vn 0.009 0.942 0.336
vn 0.129 0.981 0.143
vn 0.070 0.975 0.213
vn 0.064 0.996 0.057
vn -0.152 0.988 -0.012
vn -0.006 0.999 -0.046
vn 0.255 0.966 -0.032
vn 0.027 0.998 0.052
vn -0.490 0.855 0.170
vn -0.403 0.905 -0.137
vn -0.488 0.868 -0.095
vn 0.066 0.997 0.037
vn -0.283 0.917 -0.281
vn 0.044 0.999 0.019
vn -0.230 0.970 -0.076
vn 0.012 1.000 -0.022
vn 0.014 0.998 -0.055
vn 0.005 0.999 -0.041
vn 0.000 1.000 0.029
vn 0.003 0.993 0.115
vn 0.005 0.991 0.135
vn 0.142 0.946 0.291
vn 0.273 0.917 0.291
vn 0.257 0.966 0.036
vn -0.081 0.989 -0.126
vn 0.089 0.943 0.322
vn -0.210 0.938 0.275
vn -0.035 0.996 0.078
vn 0.165 0.922 0.351
vn 0.030 0.979 -0.204
vn -0.129 0.991 -0.026
vn 0.142 0.946 -0.290
vn 0.065 0.975 -0.211
vn 0.014 0.983 0.181
vn 0.007 0.883 0.469
vn 0.164 0.949 -0.268
vn 0.278 0.914 0.295
vn -0.123 0.736 0.666
vn -0.036 0.848 0.528
vn -0.100 0.981 -0.164
vn -0.113 0.939 0.326
vn -0.122 0.993 -0.009
vn -0.058 0.994 0.093
vn 0.016 0.965 0.261
vn 0.047 0.864 0.501
vn 0.178 0.971 0.158
vn -0.020 0.980 0.200
vn -0.063 0.982 0.180
vn 0.078 0.979 0.188
vn 0.029 0.998 0.062
vn 0.112 0.991 0.077
vn 0.195 0.958 -0.212
vn -0.089 0.996 0.009
vn -0.098 0.831 -0.547
vn -0.155 0.988 -0.017
vn -0.225 0.974 -0.034
vn 0.244 0.950 0.197
vn -0.284 0.958 -0.051
vn 0.029 0.957 0.289
vn -0.026 0.998 0.058
vn -0.057 0.998 -0.006
vn -0.098 0.993 0.064
vn 0.023 0.999 0.045
vn 0.028 1.000 -0.012
vn 0.009 1.000 -0.030
vn -0.112 0.992 0.064
vn -0.264 0.963 0.052
vn -0.182 0.981 -0.061
vn -0.271 0.963 -0.007
vn -0.185 0.964 0.192
vn -0.203 0.977 0.065
vn -0.324 0.929 -0.179
vn 0.094 0.995 0.035
vn -0.037 0.998 -0.056
vn 0.115 0.990 0.086
vn 0.141 0.987 0.075
vn -0.095 0.991 -0.095
vn -0.077 0.992 -0.097
vn 0.076 0.996 0.039
vn -0.286 0.955 -0.081
vn -0.200 0.973 0.112
vn -0.018 0.988 -0.153
vn 0.119 0.953 -0.279
vn 0.005 0.918 -0.398
vn -0.106 0.973 -0.206
vn 0.083 0.985 -0.151
vn -0.059 0.993 -0.099
vn 0.023 0.998 -0.051
vn 0.010 1.000 -0.007
vn 0.045 0.987 0.152
vn -0.010 0.972 -0.236
vn -0.195 0.947 0.256
vn 0.023 0.985 0.170
vn -0.166 0.818 0.550
vn 0.059 0.962 -0.266
vn 0.019 0.988 0.156
vn 0.031 0.952 -0.305
vn -0.089 0.985 -0.145
vn -0.117 0.986 -0.115
vn 0.015 0.998 0.059
vn 0.181 0.946 0.269
vn 0.180 0.959 0.220
vn 0.579 0.795 0.183
vn -0.170 0.965 -0.201
vn 0.047 0.998 -0.053
vn -0.341 0.870 -0.357
vn 0.392 0.846 0.360
vn -0.144 0.987 -0.077
vn -0.474 0.880 0.021
vn -0.094 0.934 0.346
vn 0.019 0.702 0.712
vn 0.057 0.997 0.042
vn 0.147 0.988 -0.050
vn 0.239 0.971 -0.006
vn 0.236 0.904 0.356
vn -0.260 0.933 -0.248
vn 0.050 0.950 0.308
vn 0.290 0.736 0.612
vn 0.064 0.969 -0.240
vn -0.164 0.907 0.389
vn -0.151 0.950 0.273
vn 0.048 0.974 0.220
vn 0.065 0.967 0.245
vn 0.237 0.919 0.316
vn -0.071 0.974 0.216
vn -0.064 0.989 0.131
vn 0.129 0.990 0.056
vn 0.067 0.997 -0.026
vn 0.050 0.998 0.045
vn -0.018 0.987 -0.157
vn -0.268 0.963 -0.016
vn 0.013 0.996 -0.089
vn -0.051 0.998 -0.030
vn -0.337 0.921 -0.194
vn -0.376 0.924 0.066
vn -0.513 0.786 -0.345
vn -0.213 0.971 -0.111
vn -0.112 0.985 0.134
vn 0.341 0.882 0.325
vn 0.023 0.999 -0.038
vn -0.258 0.966 0.008
vn -0.217 0.964 -0.155
vn -0.225 0.972 -0.067
vn -0.013 1.000 0.003
vn -0.090 0.980 -0.176
vn 0.121 0.971 -0.206
vn 0.126 0.970 -0.209
vn 0.400 0.916 0.036
vn 0.173 0.974 -0.143
vn -0.080 0.992 -0.100
vn -0.218 0.976 -0.013
vn 0.185 0.970 0.159
vn -0.022 0.998 -0.062
vn 0.074 0.995 -0.066
vn -0.089 0.994 -0.064
vn 0.253 0.814 -0.523
vn 0.216 0.934 -0.285
vn 0.168 0.977 -0.129
vn -0.135 0.943 0.305
vn -0.030 0.999 -0.038
vn 0.032 0.975 -0.219
vn 0.106 0.981 0.161
vn -0.036 0.966 -0.255
vn -0.037 0.946 -0.324
vn -0.357 0.934 -0.016
vn -0.118 0.992 -0.054
vn 0.379 0.904 0.197
vn 0.439 0.882 -0.174
vn -0.275 0.951 0.142
vn -0.097 0.899 -0.427
vn 0.458 0.881 -0.118
vn -0.234 0.917 -0.323
vn -0.309 0.921 -0.236
vn 0.240 0.950 0.198
vn 0.026 1.000 0.016
vn -0.249 0.900 -0.359
vn -0.042 0.940 -0.339
vn -0.253 0.873 -0.417
vn 0.243 0.860 -0.449
vn 0.235 0.951 -0.202
vn 0.156 0.959 -0.237
vn 0.199 0.879 -0.433
vn 0.063 0.994 -0.087
vn 0.061 0.936 -0.346
vn -0.022 0.997 0.071
vn -0.026 0.939 -0.342
vn -0.090 0.935 -0.344
vn -0.067 0.990 -0.121
vn -0.368 0.924 -0.103
vn -0.297 0.953 -0.066
vn 0.012 1.000 -0.008
vn -0.339 0.941 -0.007
vn -0.020 0.999 0.049
vn 0.009 0.984 0.177
vn -0.031 1.000 -0.003
vn 0.038 0.977 0.209
vn 0.124 0.843 0.523
vn -0.090 0.991 -0.095
vn 0.223 0.932 0.285
vn -0.089 0.996 0.022
vn 0.202 0.966 0.162
vn 0.138 0.943 0.304
vn 0.311 0.787 0.532
vn 0.068 0.988 0.139
vn 0.076 0.991 -0.112
vn -0.261 0.847 0.464
vn 0.008 0.937 0.350
vn -0.222 0.942 0.254
vn 0.159 0.958 0.239
vn -0.030 0.965 0.259
vn 0.018 0.983 0.184
vn 0.173 0.967 0.186
vn 0.012 0.970 0.241
vn 0.087 0.948 0.307
vn 0.158 0.984 0.081
vn 0.017 0.997 0.073
vn 0.366 0.929 0.054
vn 0.149 0.987 0.064
vn 0.460 0.884 0.083
vn -0.393 0.903 -0.175
vn 0.093 0.994 -0.055
vn 0.140 0.990 -0.017
vn -0.023 0.984 0.175
vn -0.022 0.987 0.158
vn 0.077 0.930 0.360
vn -0.312 0.889 0.335
vn -0.196 0.974 0.112
vn -0.314 0.928 0.200
vn -0.122 0.953 0.277
vn -0.108 0.980 0.166
vn -0.020 0.903 0.430
vn 0.151 0.950 -0.272
vn 0.104 0.878 0.468
vn -0.375 0.849 0.373
vn -0.282 0.956 -0.078
vn -0.063 0.847 0.528
vn -0.536 0.824 0.181
vn -0.505 0.847 0.166
vn 0.197 0.975 -0.099
vn -0.121 0.986 -0.117
vn 0.136 0.989 0.051
vn 0.225 0.942 -0.250
vn 0.211 0.938 -0.273
vn -0.182 0.894 -0.409
vn -0.072 0.997 -0.033
vn 0.059 0.912 -0.407
vn 0.298 0.922 -0.247
vn -0.029 0.866 0.498
vn -0.134 0.886 0.443
vn -0.002 1.000 -0.024
vn 0.005 0.985 0.171
vn 0.130 0.855 0.503
vn -0.227 0.960 -0.162
vn 0.051 0.998 -0.023
vn 0.051 0.991 0.123
vn -0.047 0.987 0.156
vn -0.150 0.952 0.266
vn -0.002 0.994 0.107
vn 0.185 0.977 0.104
vn 0.207 0.977 0.051
vn -0.093 0.994 -0.048
vn -0.451 0.881 -0.144
vn -0.303 0.936 -0.179
vn -0.611 0.792 0.016
vn 0.204 0.883 -0.423
vn 0.424 0.905 0.036
vn -0.011 0.997 0.075
vn 0.236 0.915 -0.326
vn -0.138 0.962 -0.233
vn -0.035 0.967 0.252
vn -0.086 0.979 -0.185
vn 0.012 0.966 -0.259
vn 0.034 0.984 0.177
vn 0.141 0.977 -0.160
vn -0.087 0.996 0.011
vn 0.050 0.907 -0.417
vn 0.036 0.992 0.121
vn -0.015 0.992 0.124
vn -0.021 0.992 0.126
vn 0.049 0.998 0.044
vn -0.248 0.968 -0.042
vn -0.391 0.913 -0.114
vn -0.085 0.972 -0.221
vn 0.021 0.906 -0.423
vn 0.012 0.999 0.047
vn 0.015 0.994 -0.110
vn -0.114 0.958 -0.264
vn -0.033 0.999 -0.017
vn -0.061 0.993 -0.105
vn -0.021 1.000 -0.004
vn 0.139 0.983 0.116
vn -0.052 0.997 0.059
vn 0.045 0.979 0.198
vn -0.119 0.993 -0.014
vn 0.229 0.916 0.328
vn 0.009 0.941 0.338
vn 0.015 0.888 0.459
vn -0.107 0.978 -0.177
vn 0.079 0.995 0.064
vn 0.325 0.831 0.451
vn 0.458 0.785 0.418
vn 0.328 0.926 -0.187
vn 0.139 0.962 0.237
vn 0.081 0.943 0.322
vn -0.362 0.874 -0.323
vn 0.047 0.999 -0.021
vn 0.024 0.997 0.072
vn -0.096 0.969 0.226
vn -0.231 0.909 0.347
vn -0.007 0.972 0.234
vn 0.128 0.961 -0.245
vn 0.016 0.996 -0.091
vn -0.035 0.998 0.044
vn -0.310 0.938 0.158
vn -0.060 0.984 0.168
vn 0.000 1.000 -0.011
vn 0.002 1.000 -0.003
vn 0.406 0.884 -0.230
vn 0.296 0.902 -0.314
vn 0.505 0.813 -0.290
vn 0.248 0.962 -0.113
vn 0.359 0.907 -0.219
vn -0.109 0.993 0.035
vn -0.283 0.951 0.127
vn -0.174 0.933 0.315
vn -0.226 0.804 0.550
vn -0.020 1.000 -0.023
vn -0.056 0.997 -0.047
vn -0.103 0.875 0.474
vn 0.158 0.946 0.282
vn 0.138 0.842 0.522
vn 0.216 0.963 0.161
vn 0.116 0.990 0.076
vn 0.392 0.913 0.111
vn -0.017 0.998 -0.062
vn -0.001 1.000 0.024
vn -0.044 0.998 0.037
vn 0.032 0.999 0.037
vn 0.210 0.972 0.103
vn 0.065 0.998 0.006
vn -0.056 0.978 -0.203
vn -0.044 0.995 0.091
vn 0.179 0.956 -0.233
vn -0.151 0.979 0.140
vn 0.251 0.910 -0.330
vn -0.188 0.936 0.297
vn 0.031 0.977 0.213
vn 0.033 0.961 0.274
vn 0.046 0.979 0.199
vn -0.021 0.979 0.201
vn 0.051 0.991 0.125
vn 0.088 0.996 0.016
vn -0.158 0.980 -0.118
vn 0.138 0.953 -0.270
vn 0.092 0.928 -0.361
vn 0.005 0.993 0.119
vn 0.019 0.944 -0.331
vn -0.200 0.859 -0.472
vn -0.138 0.848 -0.511
vn -0.274 0.938 -0.211
vn -0.166 0.848 -0.504
vn -0.224 0.941 -0.254
vn -0.167 0.985 -0.037
vn -0.038 0.998 0.050
vn -0.006 1.000 0.014
vn -0.027 0.999 -0.018
vn 0.029 0.999 -0.043
vn -0.051 0.993 -0.106
vn -0.077 0.980 0.185
vn 0.046 0.959 0.281
vn -0.068 0.818 0.571
vn -0.024 0.950 0.311
vn 0.104 0.994 -0.041
vn 0.161 0.916 0.368
vn 0.056 0.944 0.324
vn 0.155 0.975 0.161
vn 0.279 0.955 0.098
vn -0.021 0.992 0.122
vn -0.014 0.820 0.572
vn -0.043 0.998 0.044
vn -0.175 0.906 0.384
vn -0.047 0.935 0.352
vn -0.050 0.994 0.099
vn 0.145 0.974 -0.172
vn 0.372 0.923 -0.101
vn 0.299 0.944 -0.137
vn -0.275 0.961 -0.021
vn -0.143 0.990 0.016
vn 0.013 0.998 -0.058
vn -0.048 0.997 -0.058
vn 0.376 0.924 0.072
vn 0.721 0.693 0.016
vn 0.311 0.947 0.075
vt 0.000000 0.000000
vt 0.031265 0.000000
vt 0.015633 0.000000
vt 0.062531 0.000000
vt 0.046898 0.000000
vt 0.093796 0.000000
vt 0.125061 0.000000
vt 0.156326 0.000000
vt 0.187592 0.000000
vt 0.218857 0.000000
vt 0.250122 0.000000
vt 0.281387 0.000000
vt 0.312653 0.000000
vt 0.343918 0.000000
vt 0.375183 0.000000
vt 0.406448 0.000000
vt 0.437714 0.000000
vt 0.468979 0.000000
vt 0.500244 0.000000
vt 0.531510 0.000000
vt 0.562775 0.000000
vt 0.594040 0.000000
vt 0.625305 0.000000
vt 0.656571 0.000000
vt 0.687836 0.000000
vt 0.719101 0.000000
vt 0.750366 0.000000
vt 0.781632 0.000000
vt 0.812897 0.000000
vt 0.844162 0.000000
vt 0.875427 0.000000
vt 0.906693 0.000000
vt 0.937958 0.000000
vt 0.969223 0.000000
vt 1.000000 0.000000
vt 0.000000 0.031265
vt 0.015633 0.015633
vt 0.031265 0.031265
vt 0.046898 0.015633
vt 0.054714 0.007816
vt 0.062531 0.031265
vt 0.062531 0.015633
vt 0.078163 0.015633
vt 0.093796 0.031265
vt 0.109428 0.015633
vt 0.125061 0.031265
vt 0.125061 0.015633
vt 0.109428 0.031265
vt 0.140694 0.015633
vt 0.156326 0.031265
vt 0.187592 0.031265
vt 0.218857 0.031265
vt 0.250122 0.031265
vt 0.281387 0.031265
vt 0.312653 0.031265
vt 0.343918 0.031265
vt 0.375183 0.031265
vt 0.406448 0.031265
vt 0.437714 0.031265
vt 0.468979 0.031265
vt 0.500244 0.031265
vt 0.531510 0.031265
vt 0.562775 0.031265
vt 0.594040 0.031265
vt 0.625305 0.031265
vt 0.656571 0.031265
vt 0.687836 0.031265
vt 0.719101 0.031265
vt 0.750366 0.031265
vt 0.781632 0.031265
vt 0.812897 0.031265
vt 0.844162 0.031265
vt 0.875427 0.031265
vt 0.906693 0.031265
vt 0.937958 0.031265
vt 0.969223 0.031265
vt 0.984612 0.015633
vt 1.000000 0.031265
vt 0.984612 0.031265
vt 0.000000 0.062531
vt 0.000000 0.046898
vt 0.015633 0.046898
vt 0.031265 0.062531
vt 0.062531 0.062531
vt 0.078163 0.046898
vt 0.093796 0.062531
vt 0.093796 0.046898
vt 0.109428 0.046898
vt 0.101612 0.039082
vt 0.117245 0.039082
vt 0.109428 0.039082
vt 0.125061 0.062531
vt 0.125061 0.046898
vt 0.140694 0.046898
vt 0.156326 0.062531
vt 0.187592 0.062531
vt 0.218857 0.062531
vt 0.250122 0.062531
vt 0.281387 0.062531
vt 0.312653 0.062531
vt 0.343918 0.062531
vt 0.375183 0.062531
vt 0.406448 0.062531
vt 0.437714 0.062531
vt 0.468979 0.062531
vt 0.500244 0.062531
vt 0.531510 0.062531
vt 0.562775 0.062531
vt 0.594040 0.062531
vt 0.625305 0.062531
vt 0.656571 0.062531
vt 0.687836 0.062531
vt 0.719101 0.062531
vt 0.750366 0.062531
vt 0.781632 0.062531
vt 0.812897 0.062531
vt 0.844162 0.062531
vt 0.875427 0.062531
vt 0.906693 0.062531
vt 0.922325 0.046898
vt 0.937958 0.062531
vt 0.922325 0.062531
vt 0.969223 0.062531
vt 0.984612 0.046898
vt 0.992306 0.039082
vt 1.000000 0.046898
vt 0.992306 0.054714
vt 1.000000 0.062531
vt 0.984612 0.062531
vt 0.992306 0.062531
vt 0.000000 0.093796
vt 0.031265 0.093796
vt 0.062531 0.093796
vt 0.093796 0.093796
vt 0.125061 0.093796
vt 0.156326 0.093796
vt 0.187592 0.093796
vt 0.218857 0.093796
vt 0.250122 0.093796
vt 0.281387 0.093796
vt 0.312653 0.093796
vt 0.343918 0.093796
vt 0.375183 0.093796
vt 0.406448 0.093796
vt 0.437714 0.093796
vt 0.468979 0.093796
vt 0.500244 0.093796
vt 0.531510 0.093796
vt 0.562775 0.093796
vt 0.594040 0.093796
vt 0.625305 0.093796
vt 0.656571 0.093796
vt 0.687836 0.093796
vt 0.719101 0.093796
vt 0.750366 0.093796
vt 0.781632 0.093796
vt 0.812897 0.093796
vt 0.844162 0.093796
vt 0.875427 0.093796
vt 0.906693 0.093796
vt 0.922325 0.078163
vt 0.937958 0.093796
vt 0.969223 0.093796
vt 0.984612 0.078163
vt 0.992306 0.070347
vt 1.000000 0.093796
vt 1.000000 0.078163
vt 0.984612 0.093796
vt 0.000000 0.125061
vt 0.031265 0.125061
vt 0.062531 0.125061
vt 0.093796 0.125061
vt 0.125061 0.125061
vt 0.156326 0.125061
vt 0.187592 0.125061
vt 0.218857 0.125061
vt 0.250122 0.125061
vt 0.281387 0.125061
vt 0.312653 0.125061
vt 0.343918 0.125061
vt 0.375183 0.125061
vt 0.406448 0.125061
vt 0.437714 0.125061
vt 0.468979 0.125061
vt 0.500244 0.125061
vt 0.515877 0.109428
vt 0.531510 0.125061
vt 0.515877 0.125061
vt 0.562775 0.125061
vt 0.594040 0.125061
vt 0.625305 0.125061
vt 0.656571 0.125061
vt 0.687836 0.125061
vt 0.719101 0.125061
vt 0.750366 0.125061
vt 0.781632 0.125061
vt 0.812897 0.125061
vt 0.844162 0.125061
vt 0.875427 0.125061
vt 0.906693 0.125061
vt 0.937958 0.125061
vt 0.953591 0.109428
vt 0.969223 0.125061
vt 0.969223 0.109428
vt 0.984612 0.109428
vt 0.976918 0.101612
vt 1.000000 0.125061
vt 0.984612 0.125061
vt 0.000000 0.156326
vt 0.031265 0.156326
vt 0.062531 0.156326
vt 0.093796 0.156326
vt 0.125061 0.156326
vt 0.156326 0.156326
vt 0.187592 0.156326
vt 0.218857 0.156326
vt 0.250122 0.156326
vt 0.281387 0.156326
vt 0.312653 0.156326
vt 0.343918 0.156326
vt 0.375183 0.156326
vt 0.406448 0.156326
vt 0.437714 0.156326
vt 0.468979 0.156326
vt 0.484612 0.140694
vt 0.500244 0.140694
vt 0.492428 0.148510
vt 0.500244 0.156326
vt 0.484612 0.156326
vt 0.508061 0.132877
vt 0.508061 0.140694
vt 0.515877 0.140694
vt 0.508061 0.148510
vt 0.531510 0.156326
vt 0.515877 0.156326
vt 0.547142 0.140694
vt 0.562775 0.156326
vt 0.562775 0.140694
vt 0.578407 0.140694
vt 0.570591 0.148510
vt 0.594040 0.156326
vt 0.578407 0.156326
vt 0.625305 0.156326
vt 0.656571 0.156326
vt 0.687836 0.156326
vt 0.719101 0.156326
vt 0.750366 0.156326
vt 0.781632 0.156326
vt 0.812897 0.156326
vt 0.844162 0.156326
vt 0.875427 0.156326
vt 0.906693 0.156326
vt 0.937958 0.156326
vt 0.969223 0.156326
vt 0.984612 0.140694
vt 1.000000 0.156326
vt 0.984612 0.156326
vt 0.000000 0.187592
vt 0.031265 0.187592
vt 0.062531 0.187592
vt 0.093796 0.187592
vt 0.125061 0.187592
vt 0.156326 0.187592
vt 0.187592 0.187592
vt 0.218857 0.187592
vt 0.250122 0.187592
vt 0.281387 0.187592
vt 0.312653 0.187592
vt 0.343918 0.187592
vt 0.375183 0.187592
vt 0.406448 0.187592
vt 0.437714 0.187592
vt 0.468979 0.187592
vt 0.484612 0.171959
vt 0.500244 0.187592
vt 0.515877 0.171959
vt 0.531510 0.187592
vt 0.562775 0.187592
vt 0.578407 0.171959
vt 0.594040 0.187592
vt 0.625305 0.187592
vt 0.656571 0.187592
vt 0.687836 0.187592
vt 0.719101 0.187592
vt 0.750366 0.187592
vt 0.781632 0.187592
vt 0.812897 0.187592
vt 0.844162 0.187592
vt 0.875427 0.187592
vt 0.906693 0.187592
vt 0.922325 0.171959
vt 0.937958 0.187592
vt 0.937958 0.171959
vt 0.953591 0.171959
vt 0.969223 0.187592
vt 0.984612 0.171959
vt 1.000000 0.187592
vt 1.000000 0.171959
vt 0.000000 0.218857
vt 0.031265 0.218857
vt 0.062531 0.218857
vt 0.078163 0.203224
vt 0.093796 0.218857
vt 0.078163 0.218857
vt 0.125061 0.218857
vt 0.156326 0.218857
vt 0.187592 0.218857
vt 0.218857 0.218857
vt 0.250122 0.218857
vt 0.281387 0.218857
vt 0.312653 0.218857
vt 0.343918 0.218857
vt 0.375183 0.218857
vt 0.406448 0.218857
vt 0.437714 0.218857
vt 0.468979 0.218857
vt 0.500244 0.218857
vt 0.531510 0.218857
vt 0.562775 0.218857
vt 0.594040 0.218857
vt 0.625305 0.218857
vt 0.656571 0.218857
vt 0.687836 0.218857
vt 0.719101 0.218857
vt 0.750366 0.218857
vt 0.781632 0.218857
vt 0.812897 0.218857
vt 0.844162 0.218857
vt 0.875427 0.218857
vt 0.906693 0.218857
vt 0.937958 0.218857
vt 0.969223 0.218857
vt 1.000000 0.218857
vt 0.000000 0.250122
vt 0.031265 0.250122
vt 0.046898 0.234490
vt 0.062531 0.250122
vt 0.062531 0.234490
vt 0.078163 0.234490
vt 0.070347 0.226673
vt 0.093796 0.250122
vt 0.125061 0.250122
vt 0.156326 0.250122
vt 0.187592 0.250122
vt 0.218857 0.250122
vt 0.250122 0.250122
vt 0.281387 0.250122
vt 0.312653 0.250122
vt 0.343918 0.250122
vt 0.375183 0.250122
vt 0.406448 0.250122
vt 0.437714 0.250122
vt 0.468979 0.250122
vt 0.500244 0.250122
vt 0.531510 0.250122
vt 0.562775 0.250122
vt 0.594040 0.250122
vt 0.625305 0.250122
vt 0.640938 0.234490
vt 0.656571 0.250122
vt 0.687836 0.250122
vt 0.719101 0.250122
vt 0.750366 0.250122
vt 0.781632 0.250122
vt 0.812897 0.250122
vt 0.844162 0.250122
vt 0.859795 0.234490
vt 0.875427 0.250122
vt 0.875427 0.234490
vt 0.859795 0.250122
vt 0.891060 0.234490
vt 0.906693 0.250122
vt 0.937958 0.250122
vt 0.969223 0.250122
vt 0.984612 0.234490
vt 1.000000 0.250122
vt 0.000000 0.281387
vt 0.031265 0.281387
vt 0.062531 0.281387
vt 0.093796 0.281387
vt 0.125061 0.281387
vt 0.156326 0.281387
vt 0.171959 0.265755
vt 0.187592 0.281387
vt 0.218857 0.281387
vt 0.250122 0.281387
vt 0.281387 0.281387
vt 0.312653 0.281387
vt 0.343918 0.281387
vt 0.375183 0.281387
vt 0.406448 0.281387
vt 0.437714 0.281387
vt 0.468979 0.281387
vt 0.500244 0.281387
vt 0.531510 0.281387
vt 0.562775 0.281387
vt 0.594040 0.281387
vt 0.625305 0.281387
vt 0.640938 0.265755
vt 0.656571 0.281387
vt 0.656571 0.265755
vt 0.672203 0.265755
vt 0.687836 0.281387
vt 0.719101 0.281387
vt 0.750366 0.281387
vt 0.781632 0.281387
vt 0.797264 0.265755
vt 0.812897 0.281387
vt 0.812897 0.265755
vt 0.828530 0.265755
vt 0.820713 0.273571
vt 0.844162 0.265755
vt 0.836346 0.273571
vt 0.844162 0.281387
vt 0.828530 0.281387
vt 0.828530 0.273571
vt 0.859795 0.265755
vt 0.875427 0.281387
vt 0.891060 0.265755
vt 0.906693 0.265755
vt 0.898876 0.273571
vt 0.906693 0.281387
vt 0.891060 0.281387
vt 0.922325 0.265755
vt 0.937958 0.281387
vt 0.953591 0.265755
vt 0.969223 0.281387
vt 1.000000 0.281387
vt 0.000000 0.312653
vt 0.000000 0.297020
vt 0.015633 0.297020
vt 0.031265 0.312653
vt 0.062531 0.312653
vt 0.093796 0.312653
vt 0.125061 0.312653
vt 0.156326 0.312653
vt 0.187592 0.312653
vt 0.218857 0.312653
vt 0.250122 0.312653
vt 0.281387 0.312653
vt 0.312653 0.312653
vt 0.343918 0.312653
vt 0.375183 0.312653
vt 0.406448 0.312653
vt 0.437714 0.312653
vt 0.468979 0.312653
vt 0.500244 0.312653
vt 0.531510 0.312653
vt 0.562775 0.312653
vt 0.594040 0.312653
vt 0.625305 0.312653
vt 0.656571 0.312653
vt 0.687836 0.312653
vt 0.719101 0.312653
vt 0.750366 0.312653
vt 0.781632 0.312653
vt 0.797264 0.297020
vt 0.812897 0.312653
vt 0.812897 0.297020
vt 0.828530 0.297020
vt 0.820713 0.289204
vt 0.820713 0.304836
vt 0.844162 0.312653
vt 0.828530 0.312653
vt 0.875427 0.312653
vt 0.891060 0.297020
vt 0.906693 0.312653
vt 0.891060 0.312653
vt 0.922325 0.297020
vt 0.937958 0.312653
vt 0.937958 0.297020
vt 0.953591 0.297020
vt 0.969223 0.312653
vt 0.953591 0.312653
vt 1.000000 0.312653
vt 0.000000 0.343918
vt 0.031265 0.343918
vt 0.062531 0.343918
vt 0.093796 0.343918
vt 0.125061 0.343918
vt 0.156326 0.343918
vt 0.187592 0.343918
vt 0.218857 0.343918
vt 0.250122 0.343918
vt 0.281387 0.343918
vt 0.312653 0.343918
vt 0.343918 0.343918
vt 0.375183 0.343918
vt 0.406448 0.343918
vt 0.437714 0.343918
vt 0.468979 0.343918
vt 0.500244 0.343918
vt 0.531510 0.343918
vt 0.562775 0.343918
vt 0.594040 0.343918
vt 0.625305 0.343918
vt 0.656571 0.343918
vt 0.687836 0.343918
vt 0.719101 0.343918
vt 0.750366 0.343918
vt 0.781632 0.343918
vt 0.812897 0.343918
vt 0.828530 0.328285
vt 0.844162 0.343918
vt 0.875427 0.343918
vt 0.891060 0.328285
vt 0.898876 0.320469
vt 0.906693 0.343918
vt 0.906693 0.328285
vt 0.891060 0.343918
vt 0.922325 0.328285
vt 0.937958 0.343918
vt 0.953591 0.328285
vt 0.969223 0.343918
vt 1.000000 0.343918
vt 0.000000 0.375183
vt 0.031265 0.375183
vt 0.062531 0.375183
vt 0.093796 0.375183
vt 0.125061 0.375183
vt 0.156326 0.375183
vt 0.187592 0.375183
vt 0.218857 0.375183
vt 0.250122 0.375183
vt 0.281387 0.375183
vt 0.312653 0.375183
vt 0.343918 0.375183
vt 0.359551 0.359551
vt 0.375183 0.375183
vt 0.406448 0.375183
vt 0.422081 0.359551
vt 0.437714 0.375183
vt 0.468979 0.375183
vt 0.500244 0.375183
vt 0.531510 0.375183
vt 0.562775 0.375183
vt 0.594040 0.375183
vt 0.625305 0.375183
vt 0.656571 0.375183
vt 0.687836 0.375183
vt 0.719101 0.375183
vt 0.750366 0.375183
vt 0.765999 0.359551
vt 0.781632 0.375183
vt 0.765999 0.375183
vt 0.812897 0.375183
vt 0.844162 0.375183
vt 0.875427 0.375183
vt 0.891060 0.359551
vt 0.898876 0.351734
vt 0.906693 0.375183
vt 0.906693 0.359551
vt 0.922325 0.359551
vt 0.937958 0.359551
vt 0.930142 0.367367
vt 0.937958 0.375183
vt 0.937958 0.367367
vt 0.922325 0.375183
vt 0.953591 0.359551
vt 0.945774 0.367367
vt 0.969223 0.375183
vt 0.953591 0.375183
vt 1.000000 0.375183
vt 0.000000 0.406448
vt 0.031265 0.406448
vt 0.062531 0.406448
vt 0.093796 0.406448
vt 0.125061 0.406448
vt 0.156326 0.406448
vt 0.187592 0.406448
vt 0.218857 0.406448
vt 0.250122 0.406448
vt 0.281387 0.406448
vt 0.297020 0.390816
vt 0.312653 0.406448
vt 0.297020 0.406448
vt 0.328285 0.390816
vt 0.343918 0.406448
vt 0.343918 0.390816
vt 0.359551 0.390816
vt 0.375183 0.406448
vt 0.406448 0.406448
vt 0.422081 0.390816
vt 0.437714 0.406448
vt 0.422081 0.406448
vt 0.468979 0.406448
vt 0.500244 0.406448
vt 0.531510 0.406448
vt 0.562775 0.406448
vt 0.594040 0.406448
vt 0.625305 0.406448
vt 0.656571 0.406448
vt 0.687836 0.406448
vt 0.719101 0.406448
vt 0.734734 0.390816
vt 0.750366 0.406448
vt 0.750366 0.390816
vt 0.758183 0.383000
vt 0.758183 0.390816
vt 0.765999 0.390816
vt 0.758183 0.398632
vt 0.762091 0.394724
vt 0.781632 0.390816
vt 0.773815 0.398632
vt 0.781632 0.406448
vt 0.765999 0.406448
vt 0.765999 0.398632
vt 0.797264 0.390816
vt 0.812897 0.406448
vt 0.812897 0.390816
vt 0.828530 0.390816
vt 0.820713 0.398632
vt 0.844162 0.406448
vt 0.828530 0.406448
vt 0.875427 0.406448
vt 0.906693 0.406448
vt 0.922325 0.390816
vt 0.937958 0.406448
vt 0.937958 0.390816
vt 0.953591 0.390816
vt 0.945774 0.383000
vt 0.969223 0.406448
vt 1.000000 0.406448
vt 0.000000 0.437714
vt 0.031265 0.437714
vt 0.062531 0.437714
vt 0.078163 0.422081
vt 0.093796 0.437714
vt 0.078163 0.437714
vt 0.125061 0.437714
vt 0.156326 0.437714
vt 0.187592 0.437714
vt 0.218857 0.437714
vt 0.250122 0.437714
vt 0.281387 0.437714
vt 0.297020 0.422081
vt 0.312653 0.437714
vt 0.343918 0.437714
vt 0.375183 0.437714
vt 0.390816 0.422081
vt 0.406448 0.437714
vt 0.406448 0.422081
vt 0.422081 0.422081
vt 0.414265 0.414265
vt 0.437714 0.437714
vt 0.468979 0.437714
vt 0.500244 0.437714
vt 0.531510 0.437714
vt 0.562775 0.437714
vt 0.594040 0.437714
vt 0.609673 0.422081
vt 0.625305 0.437714
vt 0.625305 0.422081
vt 0.640938 0.422081
vt 0.656571 0.437714
vt 0.687836 0.437714
vt 0.719101 0.437714
vt 0.750366 0.437714
vt 0.765999 0.422081
vt 0.781632 0.437714
vt 0.797264 0.422081
vt 0.812897 0.437714
vt 0.828530 0.422081
vt 0.844162 0.437714
vt 0.875427 0.437714
vt 0.906693 0.437714
vt 0.937958 0.437714
vt 0.969223 0.437714
vt 1.000000 0.437714
vt 0.000000 0.468979
vt 0.031265 0.468979
vt 0.062531 0.468979
vt 0.078163 0.453346
vt 0.093796 0.468979
vt 0.125061 0.468979
vt 0.156326 0.468979
vt 0.187592 0.468979
vt 0.218857 0.468979
vt 0.250122 0.468979
vt 0.281387 0.468979
vt 0.312653 0.468979
vt 0.343918 0.468979
vt 0.375183 0.468979
vt 0.406448 0.468979
vt 0.437714 0.468979
vt 0.468979 0.468979
vt 0.500244 0.468979
vt 0.531510 0.468979
vt 0.562775 0.468979
vt 0.594040 0.468979
vt 0.625305 0.468979
vt 0.656571 0.468979
vt 0.672203 0.453346
vt 0.687836 0.468979
vt 0.687836 0.453346
vt 0.703469 0.453346
vt 0.719101 0.468979
vt 0.719101 0.453346
vt 0.734734 0.453346
vt 0.726917 0.461163
vt 0.750366 0.468979
vt 0.734734 0.468979
vt 0.781632 0.468979
vt 0.812897 0.468979
vt 0.844162 0.468979
vt 0.875427 0.468979
vt 0.906693 0.468979
vt 0.937958 0.468979
vt 0.969223 0.468979
vt 1.000000 0.468979
vt 0.000000 0.500244
vt 0.031265 0.500244
vt 0.062531 0.500244
vt 0.093796 0.500244
vt 0.125061 0.500244
vt 0.156326 0.500244
vt 0.171959 0.484612
vt 0.187592 0.484612
vt 0.179775 0.492428
vt 0.187592 0.500244
vt 0.171959 0.500244
vt 0.203224 0.484612
vt 0.218857 0.500244
vt 0.250122 0.500244
vt 0.281387 0.500244
vt 0.312653 0.500244
vt 0.343918 0.500244
vt 0.375183 0.500244
vt 0.406448 0.500244
vt 0.437714 0.500244
vt 0.468979 0.500244
vt 0.500244 0.500244
vt 0.515877 0.484612
vt 0.531510 0.500244
vt 0.515877 0.500244
vt 0.547142 0.484612
vt 0.562775 0.500244
vt 0.547142 0.500244
vt 0.594040 0.500244
vt 0.609673 0.484612
vt 0.625305 0.500244
vt 0.625305 0.484612
vt 0.640938 0.484612
vt 0.633122 0.492428
vt 0.656571 0.500244
vt 0.640938 0.500244
vt 0.672203 0.484612
vt 0.687836 0.500244
vt 0.672203 0.500244
vt 0.719101 0.500244
vt 0.734734 0.484612
vt 0.750366 0.500244
vt 0.781632 0.500244
vt 0.812897 0.500244
vt 0.828530 0.484612
vt 0.844162 0.500244
vt 0.844162 0.484612
vt 0.859795 0.484612
vt 0.875427 0.500244
vt 0.875427 0.484612
vt 0.891060 0.484612
vt 0.906693 0.500244
vt 0.937958 0.500244
vt 0.969223 0.500244
vt 1.000000 0.500244
vt 0.000000 0.531510
vt 0.031265 0.531510
vt 0.062531 0.531510
vt 0.093796 0.531510
vt 0.125061 0.531510
vt 0.156326 0.531510
vt 0.171959 0.515877
vt 0.187592 0.531510
vt 0.218857 0.531510
vt 0.250122 0.531510
vt 0.281387 0.531510
vt 0.312653 0.531510
vt 0.343918 0.531510
vt 0.375183 0.531510
vt 0.406448 0.531510
vt 0.437714 0.531510
vt 0.468979 0.531510
vt 0.484612 0.515877
vt 0.500244 0.531510
vt 0.484612 0.531510
vt 0.515877 0.515877
vt 0.523693 0.508061
vt 0.531510 0.531510
vt 0.531510 0.515877
vt 0.531510 0.508061
vt 0.547142 0.515877
vt 0.539326 0.508061
vt 0.562775 0.531510
vt 0.594040 0.531510
vt 0.625305 0.531510
vt 0.640938 0.515877
vt 0.648754 0.508061
vt 0.656571 0.531510
vt 0.656571 0.515877
vt 0.656571 0.508061
vt 0.672203 0.515877
vt 0.664387 0.508061
vt 0.687836 0.531510
vt 0.687836 0.515877
vt 0.703469 0.515877
vt 0.719101 0.531510
vt 0.719101 0.515877
vt 0.703469 0.531510
vt 0.734734 0.515877
vt 0.726917 0.523693
vt 0.750366 0.531510
vt 0.734734 0.531510
vt 0.726917 0.531510
vt 0.765999 0.515877
vt 0.781632 0.531510
vt 0.765999 0.531510
vt 0.812897 0.531510
vt 0.844162 0.531510
vt 0.875427 0.531510
vt 0.906693 0.531510
vt 0.937958 0.531510
vt 0.969223 0.531510
vt 1.000000 0.531510
vt 0.000000 0.562775
vt 0.031265 0.562775
vt 0.062531 0.562775
vt 0.093796 0.562775
vt 0.125061 0.562775
vt 0.156326 0.562775
vt 0.187592 0.562775
vt 0.218857 0.562775
vt 0.250122 0.562775
vt 0.281387 0.562775
vt 0.312653 0.562775
vt 0.343918 0.562775
vt 0.359551 0.547142
vt 0.375183 0.562775
vt 0.375183 0.547142
vt 0.390816 0.547142
vt 0.383000 0.554958
vt 0.406448 0.562775
vt 0.406448 0.547142
vt 0.390816 0.562775
vt 0.422081 0.547142
vt 0.414265 0.554958
vt 0.437714 0.562775
vt 0.422081 0.562775
vt 0.414265 0.562775
vt 0.468979 0.562775
vt 0.484612 0.547142
vt 0.492428 0.539326
vt 0.492428 0.554958
vt 0.500244 0.547142
vt 0.492428 0.547142
vt 0.500244 0.562775
vt 0.484612 0.562775
vt 0.492428 0.562775
vt 0.515877 0.547142
vt 0.531510 0.562775
vt 0.515877 0.562775
vt 0.562775 0.562775
vt 0.594040 0.562775
vt 0.625305 0.562775
vt 0.656571 0.562775
vt 0.687836 0.562775
vt 0.703469 0.547142
vt 0.711285 0.539326
vt 0.719101 0.562775
vt 0.719101 0.547142
vt 0.719101 0.539326
vt 0.734734 0.547142
vt 0.726917 0.539326
vt 0.742550 0.539326
vt 0.734734 0.539326
vt 0.730826 0.535418
vt 0.750366 0.562775
vt 0.750366 0.547142
vt 0.750366 0.539326
vt 0.765999 0.547142
vt 0.758183 0.539326
vt 0.781632 0.562775
vt 0.765999 0.562775
vt 0.812897 0.562775
vt 0.844162 0.562775
vt 0.875427 0.562775
vt 0.906693 0.562775
vt 0.937958 0.562775
vt 0.969223 0.562775
vt 1.000000 0.562775
vt 0.000000 0.594040
vt 0.031265 0.594040
vt 0.062531 0.594040
vt 0.093796 0.594040
vt 0.125061 0.594040
vt 0.156326 0.594040
vt 0.187592 0.594040
vt 0.203224 0.578407
vt 0.218857 0.594040
vt 0.218857 0.578407
vt 0.234490 0.578407
vt 0.226673 0.586224
vt 0.250122 0.578407
vt 0.242306 0.586224
vt 0.250122 0.594040
vt 0.234490 0.594040
vt 0.226673 0.594040
vt 0.265755 0.578407
vt 0.281387 0.594040
vt 0.281387 0.578407
vt 0.297020 0.578407
vt 0.289204 0.586224
vt 0.312653 0.594040
vt 0.297020 0.594040
vt 0.328285 0.578407
vt 0.343918 0.594040
vt 0.343918 0.578407
vt 0.359551 0.578407
vt 0.375183 0.594040
vt 0.390816 0.578407
vt 0.406448 0.594040
vt 0.406448 0.578407
vt 0.422081 0.578407
vt 0.414265 0.570591
vt 0.437714 0.594040
vt 0.437714 0.578407
vt 0.453346 0.578407
vt 0.468979 0.594040
vt 0.484612 0.578407
vt 0.492428 0.570591
vt 0.496336 0.566683
vt 0.500244 0.594040
vt 0.500244 0.578407
vt 0.500244 0.570591
vt 0.515877 0.578407
vt 0.508061 0.570591
vt 0.531510 0.594040
vt 0.547142 0.578407
vt 0.562775 0.594040
vt 0.547142 0.594040
vt 0.578407 0.578407
vt 0.594040 0.594040
vt 0.578407 0.594040
vt 0.625305 0.594040
vt 0.656571 0.594040
vt 0.687836 0.594040
vt 0.719101 0.594040
vt 0.750366 0.594040
vt 0.765999 0.578407
vt 0.773815 0.570591
vt 0.781632 0.594040
vt 0.781632 0.578407
vt 0.797264 0.578407
vt 0.812897 0.594040
vt 0.797264 0.594040
vt 0.844162 0.594040
vt 0.859795 0.578407
vt 0.875427 0.594040
vt 0.875427 0.578407
vt 0.859795 0.594040
vt 0.891060 0.578407
vt 0.906693 0.594040
vt 0.937958 0.594040
vt 0.969223 0.594040
vt 1.000000 0.594040
vt 0.000000 0.625305
vt 0.031265 0.625305
vt 0.062531 0.625305
vt 0.093796 0.625305
vt 0.125061 0.625305
vt 0.156326 0.625305
vt 0.187592 0.625305
vt 0.203224 0.609673
vt 0.218857 0.625305
vt 0.218857 0.609673
vt 0.203224 0.625305
vt 0.234490 0.609673
vt 0.226673 0.601856
vt 0.226673 0.617489
vt 0.250122 0.625305
vt 0.234490 0.625305
vt 0.281387 0.625305
vt 0.297020 0.609673
vt 0.312653 0.625305
vt 0.343918 0.625305
vt 0.359551 0.609673
vt 0.375183 0.625305
vt 0.375183 0.609673
vt 0.359551 0.625305
vt 0.390816 0.609673
vt 0.383000 0.617489
vt 0.406448 0.609673
vt 0.398632 0.617489
vt 0.406448 0.625305
vt 0.390816 0.625305
vt 0.390816 0.617489
vt 0.422081 0.609673
vt 0.437714 0.625305
vt 0.422081 0.625305
vt 0.468979 0.625305
vt 0.484612 0.609673
vt 0.500244 0.625305
vt 0.484612 0.625305
vt 0.515877 0.609673
vt 0.531510 0.625305
vt 0.531510 0.609673
vt 0.547142 0.609673
vt 0.539326 0.601856
vt 0.554958 0.601856
vt 0.547142 0.601856
vt 0.562775 0.625305
vt 0.562775 0.609673
vt 0.578407 0.609673
vt 0.570591 0.617489
vt 0.586224 0.601856
vt 0.590132 0.613581
vt 0.586224 0.609673
vt 0.586224 0.613581
vt 0.586224 0.617489
vt 0.594040 0.609673
vt 0.582316 0.613581
vt 0.594040 0.625305
vt 0.594040 0.617489
vt 0.578407 0.625305
vt 0.578407 0.617489
vt 0.609673 0.609673
vt 0.601856 0.617489
vt 0.625305 0.625305
vt 0.609673 0.625305
vt 0.640938 0.609673
vt 0.656571 0.625305
vt 0.640938 0.625305
vt 0.687836 0.625305
vt 0.719101 0.625305
vt 0.750366 0.625305
vt 0.781632 0.625305
vt 0.797264 0.609673
vt 0.805081 0.601856
vt 0.812897 0.625305
vt 0.812897 0.609673
vt 0.828530 0.609673
vt 0.820713 0.617489
vt 0.844162 0.625305
vt 0.828530 0.625305
vt 0.859795 0.609673
vt 0.875427 0.625305
vt 0.906693 0.625305
vt 0.937958 0.625305
vt 0.969223 0.625305
vt 1.000000 0.625305
vt 0.000000 0.656571
vt 0.031265 0.656571
vt 0.062531 0.656571
vt 0.093796 0.656571
vt 0.125061 0.656571
vt 0.156326 0.656571
vt 0.171959 0.640938
vt 0.187592 0.656571
vt 0.187592 0.640938
vt 0.203224 0.640938
vt 0.195408 0.633122
vt 0.211041 0.633122
vt 0.203224 0.633122
vt 0.218857 0.656571
vt 0.218857 0.640938
vt 0.203224 0.656571
vt 0.234490 0.640938
vt 0.250122 0.656571
vt 0.281387 0.656571
vt 0.312653 0.656571
vt 0.328285 0.640938
vt 0.343918 0.656571
vt 0.343918 0.640938
vt 0.359551 0.640938
vt 0.367367 0.633122
vt 0.367367 0.648754
vt 0.375183 0.640938
vt 0.367367 0.640938
vt 0.375183 0.656571
vt 0.359551 0.656571
vt 0.390816 0.640938
vt 0.406448 0.656571
vt 0.422081 0.640938
vt 0.429897 0.633122
vt 0.437714 0.656571
vt 0.437714 0.640938
vt 0.453346 0.640938
vt 0.468979 0.656571
vt 0.468979 0.640938
vt 0.484612 0.640938
vt 0.476795 0.633122
vt 0.492428 0.633122
vt 0.484612 0.633122
vt 0.500244 0.656571
vt 0.500244 0.640938
vt 0.515877 0.640938
vt 0.531510 0.640938
vt 0.523693 0.648754
vt 0.531510 0.656571
vt 0.531510 0.648754
vt 0.515877 0.656571
vt 0.547142 0.640938
vt 0.539326 0.648754
vt 0.535418 0.652662
vt 0.562775 0.656571
vt 0.547142 0.656571
vt 0.539326 0.656571
vt 0.578407 0.640938
vt 0.594040 0.656571
vt 0.609673 0.640938
vt 0.617489 0.633122
vt 0.625305 0.656571
vt 0.625305 0.640938
vt 0.625305 0.633122
vt 0.640938 0.640938
vt 0.633122 0.633122
vt 0.656571 0.656571
vt 0.687836 0.656571
vt 0.719101 0.656571
vt 0.750366 0.656571
vt 0.781632 0.656571
vt 0.812897 0.656571
vt 0.828530 0.640938
vt 0.836346 0.633122
vt 0.844162 0.656571
vt 0.844162 0.640938
vt 0.859795 0.640938
vt 0.875427 0.656571
vt 0.906693 0.656571
vt 0.922325 0.640938
vt 0.937958 0.656571
vt 0.922325 0.656571
vt 0.969223 0.656571
vt 1.000000 0.656571
vt 0.000000 0.687836
vt 0.031265 0.687836
vt 0.062531 0.687836
vt 0.093796 0.687836
vt 0.109428 0.672203
vt 0.125061 0.687836
vt 0.125061 0.672203
vt 0.140694 0.672203
vt 0.132877 0.680019
vt 0.156326 0.672203
vt 0.148510 0.680019
vt 0.156326 0.687836
vt 0.156326 0.680019
vt 0.140694 0.687836
vt 0.140694 0.680019
vt 0.171959 0.672203
vt 0.164143 0.680019
vt 0.187592 0.687836
vt 0.187592 0.672203
vt 0.171959 0.687836
vt 0.203224 0.672203
vt 0.218857 0.687836
vt 0.250122 0.687836
vt 0.265755 0.672203
vt 0.281387 0.687836
vt 0.265755 0.687836
vt 0.312653 0.687836
vt 0.328285 0.672203
vt 0.343918 0.672203
vt 0.336102 0.680019
vt 0.343918 0.687836
vt 0.328285 0.687836
vt 0.359551 0.672203
vt 0.375183 0.687836
vt 0.406448 0.687836
vt 0.437714 0.687836
vt 0.468979 0.687836
vt 0.500244 0.687836
vt 0.515877 0.672203
vt 0.531510 0.687836
vt 0.531510 0.672203
vt 0.547142 0.672203
vt 0.539326 0.664387
vt 0.554958 0.664387
vt 0.554958 0.680019
vt 0.562775 0.672203
vt 0.554958 0.672203
vt 0.562775 0.687836
vt 0.547142 0.687836
vt 0.578407 0.672203
vt 0.594040 0.687836
vt 0.609673 0.672203
vt 0.625305 0.687836
vt 0.656571 0.687836
vt 0.687836 0.687836
vt 0.719101 0.687836
vt 0.750366 0.687836
vt 0.781632 0.687836
vt 0.812897 0.687836
vt 0.828530 0.672203
vt 0.844162 0.687836
vt 0.828530 0.687836
vt 0.875427 0.687836
vt 0.891060 0.672203
vt 0.906693 0.687836
vt 0.906693 0.672203
vt 0.922325 0.672203
vt 0.914509 0.664387
vt 0.937958 0.687836
vt 0.969223 0.687836
vt 1.000000 0.687836
vt 0.000000 0.719101
vt 0.031265 0.719101
vt 0.062531 0.719101
vt 0.093796 0.719101
vt 0.109428 0.703469
vt 0.125061 0.719101
vt 0.125061 0.703469
vt 0.109428 0.719101
vt 0.140694 0.703469
vt 0.132877 0.695652
vt 0.156326 0.719101
vt 0.171959 0.703469
vt 0.187592 0.719101
vt 0.171959 0.719101
vt 0.218857 0.719101
vt 0.250122 0.719101
vt 0.265755 0.703469
vt 0.281387 0.703469
vt 0.273571 0.711285
vt 0.281387 0.719101
vt 0.265755 0.719101
vt 0.297020 0.703469
vt 0.312653 0.719101
vt 0.328285 0.703469
vt 0.343918 0.719101
vt 0.375183 0.719101
vt 0.406448 0.719101
vt 0.437714 0.719101
vt 0.468979 0.719101
vt 0.500244 0.719101
vt 0.515877 0.703469
vt 0.531510 0.719101
vt 0.515877 0.719101
vt 0.547142 0.703469
vt 0.554958 0.695652
vt 0.562775 0.719101
vt 0.562775 0.703469
vt 0.578407 0.703469
vt 0.594040 0.719101
vt 0.625305 0.719101
vt 0.640938 0.703469
vt 0.656571 0.719101
vt 0.640938 0.719101
vt 0.687836 0.719101
vt 0.719101 0.719101
vt 0.750366 0.719101
vt 0.781632 0.719101
vt 0.812897 0.719101
vt 0.828530 0.703469
vt 0.844162 0.719101
vt 0.844162 0.703469
vt 0.859795 0.703469
vt 0.851978 0.711285
vt 0.875427 0.719101
vt 0.859795 0.719101
vt 0.906693 0.719101
vt 0.937958 0.719101
vt 0.969223 0.719101
vt 1.000000 0.719101
vt 0.000000 0.750366
vt 0.031265 0.750366
vt 0.062531 0.750366
vt 0.078163 0.734734
vt 0.093796 0.734734
vt 0.085979 0.742550
vt 0.093796 0.750366
vt 0.078163 0.750366
vt 0.085979 0.750366
vt 0.109428 0.734734
vt 0.101612 0.726917
vt 0.125061 0.750366
vt 0.140694 0.734734
vt 0.156326 0.750366
vt 0.156326 0.734734
vt 0.164143 0.726917
vt 0.164143 0.734734
vt 0.171959 0.734734
vt 0.168051 0.730826
vt 0.164143 0.742550
vt 0.179775 0.726917
vt 0.171959 0.726917
vt 0.187592 0.750366
vt 0.187592 0.734734
vt 0.171959 0.750366
vt 0.203224 0.734734
vt 0.218857 0.750366
vt 0.250122 0.750366
vt 0.265755 0.734734
vt 0.281387 0.750366
vt 0.312653 0.750366
vt 0.343918 0.750366
vt 0.375183 0.750366
vt 0.406448 0.750366
vt 0.437714 0.750366
vt 0.468979 0.750366
vt 0.500244 0.750366
vt 0.515877 0.734734
vt 0.531510 0.750366
vt 0.515877 0.750366
vt 0.562775 0.750366
vt 0.578407 0.734734
vt 0.594040 0.750366
vt 0.625305 0.750366
vt 0.640938 0.734734
vt 0.656571 0.750366
vt 0.656571 0.734734
vt 0.672203 0.734734
vt 0.664387 0.742550
vt 0.687836 0.750366
vt 0.687836 0.734734
vt 0.672203 0.750366
vt 0.703469 0.734734
vt 0.719101 0.750366
vt 0.750366 0.750366
vt 0.781632 0.750366
vt 0.812897 0.750366
vt 0.844162 0.750366
vt 0.859795 0.734734
vt 0.875427 0.750366
vt 0.859795 0.750366
vt 0.906693 0.750366
vt 0.937958 0.750366
vt 0.969223 0.750366
vt 1.000000 0.750366
vt 0.000000 0.781632
vt 0.031265 0.781632
vt 0.046898 0.765999
vt 0.062531 0.781632
vt 0.062531 0.765999
vt 0.070347 0.758183
vt 0.070347 0.765999
vt 0.078163 0.765999
vt 0.070347 0.773815
vt 0.078163 0.758183
vt 0.085979 0.758183
vt 0.082071 0.754275
vt 0.093796 0.781632
vt 0.093796 0.765999
vt 0.078163 0.781632
vt 0.109428 0.765999
vt 0.125061 0.781632
vt 0.109428 0.781632
vt 0.156326 0.781632
vt 0.171959 0.765999
vt 0.187592 0.781632
vt 0.218857 0.781632
vt 0.250122 0.781632
vt 0.281387 0.781632
vt 0.312653 0.781632
vt 0.343918 0.781632
vt 0.375183 0.781632
vt 0.406448 0.781632
vt 0.437714 0.781632
vt 0.468979 0.781632
vt 0.500244 0.781632
vt 0.515877 0.765999
vt 0.523693 0.758183
vt 0.531510 0.781632
vt 0.531510 0.765999
vt 0.547142 0.765999
vt 0.562775 0.781632
vt 0.594040 0.781632
vt 0.625305 0.781632
vt 0.640938 0.765999
vt 0.656571 0.781632
vt 0.656571 0.765999
vt 0.664387 0.758183
vt 0.664387 0.765999
vt 0.672203 0.765999
vt 0.664387 0.773815
vt 0.687836 0.781632
vt 0.687836 0.765999
vt 0.672203 0.781632
vt 0.703469 0.765999
vt 0.695652 0.773815
vt 0.719101 0.765999
vt 0.711285 0.773815
vt 0.719101 0.781632
vt 0.703469 0.781632
vt 0.703469 0.773815
vt 0.734734 0.765999
vt 0.726917 0.773815
vt 0.750366 0.765999
vt 0.742550 0.773815
vt 0.750366 0.781632
vt 0.734734 0.773815
vt 0.730826 0.777724
vt 0.734734 0.781632
vt 0.726917 0.781632
vt 0.765999 0.765999
vt 0.781632 0.781632
vt 0.765999 0.781632
vt 0.812897 0.781632
vt 0.828530 0.765999
vt 0.844162 0.781632
vt 0.844162 0.765999
vt 0.859795 0.765999
vt 0.851978 0.758183
vt 0.867611 0.758183
vt 0.859795 0.758183
vt 0.875427 0.781632
vt 0.875427 0.765999
vt 0.891060 0.765999
vt 0.906693 0.781632
vt 0.937958 0.781632
vt 0.969223 0.781632
vt 1.000000 0.781632
vt 0.000000 0.812897
vt 0.031265 0.812897
vt 0.046898 0.797264
vt 0.062531 0.812897
vt 0.062531 0.797264
vt 0.078163 0.797264
vt 0.070347 0.789448
vt 0.093796 0.812897
vt 0.093796 0.797264
vt 0.109428 0.797264
vt 0.101612 0.789448
vt 0.117245 0.789448
vt 0.109428 0.789448
vt 0.113337 0.793356
vt 0.117245 0.805081
vt 0.125061 0.797264
vt 0.117245 0.797264
vt 0.125061 0.812897
vt 0.109428 0.812897
vt 0.140694 0.797264
vt 0.132877 0.805081
vt 0.156326 0.812897
vt 0.140694 0.812897
vt 0.132877 0.812897
vt 0.187592 0.812897
vt 0.203224 0.797264
vt 0.218857 0.812897
vt 0.250122 0.812897
vt 0.281387 0.812897
vt 0.297020 0.797264
vt 0.312653 0.812897
vt 0.328285 0.797264
vt 0.343918 0.812897
vt 0.375183 0.812897
vt 0.406448 0.812897
vt 0.437714 0.812897
vt 0.453346 0.797264
vt 0.468979 0.812897
vt 0.453346 0.812897
vt 0.500244 0.812897
vt 0.531510 0.812897
vt 0.562775 0.812897
vt 0.594040 0.812897
vt 0.625305 0.812897
vt 0.656571 0.812897
vt 0.672203 0.797264
vt 0.687836 0.812897
vt 0.703469 0.797264
vt 0.719101 0.812897
vt 0.719101 0.797264
vt 0.734734 0.797264
vt 0.726917 0.789448
vt 0.750366 0.812897
vt 0.765999 0.797264
vt 0.773815 0.789448
vt 0.781632 0.812897
vt 0.781632 0.797264
vt 0.797264 0.797264
vt 0.812897 0.812897
vt 0.812897 0.797264
vt 0.828530 0.797264
vt 0.844162 0.812897
vt 0.828530 0.812897
vt 0.875427 0.812897
vt 0.891060 0.797264
vt 0.906693 0.812897
vt 0.937958 0.812897
vt 0.969223 0.812897
vt 1.000000 0.812897
vt 0.000000 0.844162
vt 0.015633 0.828530
vt 0.031265 0.828530
vt 0.023449 0.836346
vt 0.031265 0.844162
vt 0.015633 0.844162
vt 0.023449 0.844162
vt 0.046898 0.828530
vt 0.062531 0.844162
vt 0.093796 0.844162
vt 0.109428 0.828530
vt 0.125061 0.844162
vt 0.125061 0.828530
vt 0.140694 0.828530
vt 0.132877 0.820713
vt 0.156326 0.844162
vt 0.187592 0.844162
vt 0.203224 0.828530
vt 0.218857 0.844162
vt 0.218857 0.828530
vt 0.234490 0.828530
vt 0.250122 0.844162
vt 0.281387 0.844162
vt 0.312653 0.844162
vt 0.328285 0.828530
vt 0.343918 0.844162
vt 0.328285 0.844162
vt 0.359551 0.828530
vt 0.375183 0.844162
vt 0.375183 0.828530
vt 0.390816 0.828530
vt 0.406448 0.844162
vt 0.422081 0.828530
vt 0.437714 0.844162
vt 0.437714 0.828530
vt 0.453346 0.828530
vt 0.461163 0.820713
vt 0.468979 0.844162
vt 0.468979 0.828530
vt 0.484612 0.828530
vt 0.500244 0.844162
vt 0.515877 0.828530
vt 0.531510 0.844162
vt 0.515877 0.844162
vt 0.562775 0.844162
vt 0.594040 0.844162
vt 0.625305 0.844162
vt 0.656571 0.844162
vt 0.687836 0.844162
vt 0.719101 0.844162
vt 0.734734 0.828530
vt 0.750366 0.844162
vt 0.781632 0.844162
vt 0.797264 0.828530
vt 0.812897 0.844162
vt 0.812897 0.828530
vt 0.828530 0.828530
vt 0.820713 0.820713
vt 0.836346 0.820713
vt 0.828530 0.820713
vt 0.832438 0.824621
vt 0.836346 0.836346
vt 0.844162 0.828530
vt 0.836346 0.828530
vt 0.844162 0.844162
vt 0.828530 0.844162
vt 0.859795 0.828530
vt 0.875427 0.844162
vt 0.875427 0.828530
vt 0.891060 0.828530
vt 0.883244 0.836346
vt 0.906693 0.844162
vt 0.906693 0.828530
vt 0.891060 0.844162
vt 0.922325 0.828530
vt 0.937958 0.844162
vt 0.969223 0.844162
vt 1.000000 0.844162
vt 0.000000 0.875427
vt 0.015633 0.859795
vt 0.023449 0.851978
vt 0.031265 0.875427
vt 0.031265 0.859795
vt 0.046898 0.859795
vt 0.039082 0.867611
vt 0.062531 0.875427
vt 0.046898 0.875427
vt 0.093796 0.875427
vt 0.125061 0.875427
vt 0.156326 0.875427
vt 0.187592 0.875427
vt 0.218857 0.875427
vt 0.250122 0.875427
vt 0.265755 0.859795
vt 0.281387 0.875427
vt 0.281387 0.859795
vt 0.297020 0.859795
vt 0.289204 0.867611
vt 0.312653 0.875427
vt 0.312653 0.859795
vt 0.297020 0.875427
vt 0.328285 0.859795
vt 0.320469 0.851978
vt 0.320469 0.867611
vt 0.343918 0.859795
vt 0.336102 0.867611
vt 0.343918 0.875427
vt 0.328285 0.867611
vt 0.324377 0.871519
vt 0.328285 0.875427
vt 0.320469 0.875427
vt 0.359551 0.859795
vt 0.351734 0.867611
vt 0.375183 0.859795
vt 0.367367 0.867611
vt 0.375183 0.875427
vt 0.359551 0.875427
vt 0.390816 0.859795
vt 0.406448 0.875427
vt 0.437714 0.875427
vt 0.468979 0.875427
vt 0.484612 0.859795
vt 0.500244 0.875427
vt 0.500244 0.859795
vt 0.508061 0.851978
vt 0.508061 0.859795
vt 0.515877 0.859795
vt 0.508061 0.867611
vt 0.531510 0.875427
vt 0.515877 0.875427
vt 0.562775 0.875427
vt 0.594040 0.875427
vt 0.625305 0.875427
vt 0.656571 0.875427
vt 0.687836 0.875427
vt 0.719101 0.875427
vt 0.750366 0.875427
vt 0.781632 0.875427
vt 0.797264 0.859795
vt 0.812897 0.875427
vt 0.797264 0.875427
vt 0.828530 0.859795
vt 0.844162 0.875427
vt 0.828530 0.875427
vt 0.875427 0.875427
vt 0.891060 0.859795
vt 0.906693 0.875427
vt 0.937958 0.875427
vt 0.969223 0.875427
vt 1.000000 0.875427
vt 0.000000 0.906693
vt 0.031265 0.906693
vt 0.046898 0.891060
vt 0.062531 0.906693
vt 0.093796 0.906693
vt 0.125061 0.906693
vt 0.156326 0.906693
vt 0.187592 0.906693
vt 0.218857 0.906693
vt 0.250122 0.906693
vt 0.281387 0.906693
vt 0.297020 0.891060
vt 0.312653 0.906693
vt 0.312653 0.891060
vt 0.328285 0.891060
vt 0.320469 0.883244
vt 0.343918 0.906693
vt 0.359551 0.891060
vt 0.375183 0.906693
vt 0.406448 0.906693
vt 0.437714 0.906693
vt 0.468979 0.906693
vt 0.484612 0.891060
vt 0.500244 0.906693
vt 0.500244 0.891060
vt 0.508061 0.883244
vt 0.508061 0.891060
vt 0.515877 0.891060
vt 0.508061 0.898876
vt 0.531510 0.891060
vt 0.523693 0.898876
vt 0.531510 0.906693
vt 0.515877 0.906693
vt 0.515877 0.898876
vt 0.547142 0.891060
vt 0.539326 0.898876
vt 0.562775 0.891060
vt 0.554958 0.898876
vt 0.562775 0.906693
vt 0.547142 0.906693
vt 0.547142 0.898876
vt 0.554958 0.906693
vt 0.551050 0.902785
vt 0.578407 0.891060
vt 0.594040 0.906693
vt 0.578407 0.906693
vt 0.625305 0.906693
vt 0.656571 0.906693
vt 0.687836 0.906693
vt 0.719101 0.906693
vt 0.750366 0.906693
vt 0.765999 0.891060
vt 0.781632 0.906693
vt 0.765999 0.906693
vt 0.797264 0.891060
vt 0.805081 0.883244
vt 0.812897 0.906693
vt 0.812897 0.891060
vt 0.812897 0.883244
vt 0.820713 0.891060
vt 0.820713 0.883244
vt 0.816805 0.887152
vt 0.828530 0.891060
vt 0.820713 0.898876
vt 0.844162 0.906693
vt 0.828530 0.906693
vt 0.820713 0.906693
vt 0.875427 0.906693
vt 0.906693 0.906693
vt 0.922325 0.891060
vt 0.937958 0.906693
vt 0.969223 0.906693
vt 1.000000 0.906693
vt 0.000000 0.937958
vt 0.015633 0.922325
vt 0.031265 0.937958
vt 0.062531 0.937958
vt 0.078163 0.922325
vt 0.093796 0.922325
vt 0.085979 0.930142
vt 0.093796 0.937958
vt 0.078163 0.937958
vt 0.109428 0.922325
vt 0.125061 0.937958
vt 0.125061 0.922325
vt 0.140694 0.922325
vt 0.156326 0.937958
vt 0.171959 0.922325
vt 0.187592 0.937958
vt 0.187592 0.922325
vt 0.171959 0.937958
vt 0.203224 0.922325
vt 0.195408 0.930142
vt 0.218857 0.937958
vt 0.218857 0.922325
vt 0.203224 0.937958
vt 0.234490 0.922325
vt 0.226673 0.930142
vt 0.250122 0.937958
vt 0.234490 0.937958
vt 0.281387 0.937958
vt 0.297020 0.922325
vt 0.312653 0.937958
vt 0.297020 0.937958
vt 0.343918 0.937958
vt 0.359551 0.922325
vt 0.375183 0.937958
vt 0.375183 0.922325
vt 0.390816 0.922325
vt 0.406448 0.937958
vt 0.437714 0.937958
vt 0.453346 0.922325
vt 0.468979 0.937958
vt 0.453346 0.937958
vt 0.500244 0.937958
vt 0.515877 0.922325
vt 0.531510 0.937958
vt 0.547142 0.922325
vt 0.554958 0.914509
vt 0.562775 0.937958
vt 0.562775 0.922325
vt 0.578407 0.922325
vt 0.570591 0.914509
vt 0.570591 0.930142
vt 0.586224 0.914509
vt 0.578407 0.914509
vt 0.582316 0.918417
vt 0.586224 0.930142
vt 0.594040 0.922325
vt 0.586224 0.922325
vt 0.594040 0.937958
vt 0.578407 0.937958
vt 0.609673 0.922325
vt 0.601856 0.930142
vt 0.625305 0.937958
vt 0.609673 0.937958
vt 0.656571 0.937958
vt 0.672203 0.922325
vt 0.687836 0.922325
vt 0.680019 0.930142
vt 0.687836 0.937958
vt 0.672203 0.937958
vt 0.680019 0.937958
vt 0.703469 0.922325
vt 0.719101 0.937958
vt 0.750366 0.937958
vt 0.765999 0.922325
vt 0.773815 0.914509
vt 0.781632 0.937958
vt 0.781632 0.922325
vt 0.797264 0.922325
vt 0.812897 0.937958
vt 0.812897 0.922325
vt 0.820713 0.914509
vt 0.820713 0.922325
vt 0.828530 0.922325
vt 0.824621 0.918417
vt 0.820713 0.930142
vt 0.836346 0.914509
vt 0.828530 0.914509
vt 0.844162 0.937958
vt 0.844162 0.922325
vt 0.828530 0.937958
vt 0.859795 0.922325
vt 0.875427 0.937958
vt 0.891060 0.922325
vt 0.906693 0.937958
vt 0.906693 0.922325
vt 0.922325 0.922325
vt 0.937958 0.937958
vt 0.922325 0.937958
vt 0.953591 0.922325
vt 0.969223 0.937958
vt 0.953591 0.937958
vt 1.000000 0.937958
vt 0.000000 0.969223
vt 0.031265 0.969223
vt 0.062531 0.969223
vt 0.078163 0.953591
vt 0.093796 0.969223
vt 0.125061 0.969223
vt 0.140694 0.953591
vt 0.156326 0.969223
vt 0.156326 0.953591
vt 0.171959 0.953591
vt 0.164143 0.945774
vt 0.187592 0.969223
vt 0.203224 0.953591
vt 0.218857 0.969223
vt 0.203224 0.969223
vt 0.234490 0.953591
vt 0.250122 0.969223
vt 0.250122 0.953591
vt 0.265755 0.953591
vt 0.281387 0.969223
vt 0.281387 0.953591
vt 0.297020 0.953591
vt 0.289204 0.945774
vt 0.312653 0.969223
vt 0.343918 0.969223
vt 0.375183 0.969223
vt 0.406448 0.969223
vt 0.437714 0.969223
vt 0.453346 0.953591
vt 0.468979 0.969223
vt 0.500244 0.969223
vt 0.515877 0.953591
vt 0.531510 0.969223
vt 0.515877 0.969223
vt 0.562775 0.969223
vt 0.578407 0.953591
vt 0.594040 0.969223
vt 0.609673 0.953591
vt 0.625305 0.969223
vt 0.640938 0.953591
vt 0.656571 0.969223
vt 0.656571 0.953591
vt 0.672203 0.953591
vt 0.664387 0.961407
vt 0.680019 0.945774
vt 0.687836 0.953591
vt 0.680019 0.961407
vt 0.687836 0.969223
vt 0.687836 0.961407
vt 0.672203 0.969223
vt 0.703469 0.953591
vt 0.695652 0.961407
vt 0.691744 0.965315
vt 0.719101 0.969223
vt 0.703469 0.969223
vt 0.695652 0.969223
vt 0.734734 0.953591
vt 0.750366 0.969223
vt 0.734734 0.969223
vt 0.765999 0.953591
vt 0.781632 0.969223
vt 0.765999 0.969223
vt 0.812897 0.969223
vt 0.828530 0.953591
vt 0.844162 0.953591
vt 0.836346 0.961407
vt 0.844162 0.969223
vt 0.828530 0.969223
vt 0.859795 0.953591
vt 0.875427 0.969223
vt 0.906693 0.969223
vt 0.922325 0.953591
vt 0.930142 0.945774
vt 0.937958 0.969223
vt 0.937958 0.953591
vt 0.937958 0.945774
vt 0.953591 0.953591
vt 0.945774 0.945774
vt 0.969223 0.969223
vt 0.984612 0.953591
vt 1.000000 0.969223
vt 0.000000 1.000000
vt 0.031265 1.000000
vt 0.062531 1.000000
vt 0.093796 1.000000
vt 0.125061 1.000000
vt 0.156326 1.000000
vt 0.171959 0.984612
vt 0.187592 1.000000
vt 0.187592 0.984612
vt 0.203224 0.984612
vt 0.195408 0.976918
vt 0.218857 1.000000
vt 0.250122 1.000000
vt 0.281387 1.000000
vt 0.312653 1.000000
vt 0.343918 1.000000
vt 0.375183 1.000000
vt 0.406448 1.000000
vt 0.437714 1.000000
vt 0.468979 1.000000
vt 0.484612 0.984612
vt 0.500244 1.000000
vt 0.500244 0.984612
vt 0.515877 0.984612
vt 0.523693 0.976918
vt 0.531510 1.000000
vt 0.531510 0.984612
vt 0.547142 0.984612
vt 0.562775 1.000000
vt 0.594040 1.000000
vt 0.625305 1.000000
vt 0.656571 1.000000
vt 0.672203 0.984612
vt 0.687836 1.000000
vt 0.687836 0.984612
vt 0.703469 0.984612
vt 0.695652 0.976918
vt 0.711285 0.976918
vt 0.719101 1.000000
vt 0.719101 0.984612
vt 0.734734 0.984612
vt 0.726917 0.976918
vt 0.742550 0.976918
vt 0.750366 1.000000
vt 0.750366 0.984612
vt 0.750366 0.976918
vt 0.765999 0.984612
vt 0.758183 0.976918
vt 0.781632 1.000000
vt 0.812897 1.000000
vt 0.828530 0.984612
vt 0.844162 1.000000
vt 0.875427 1.000000
vt 0.906693 1.000000
vt 0.937958 1.000000
vt 0.969223 1.000000
vt 0.984612 0.984612
vt 1.000000 1.000000
vt 0.984612 1.000000
g terrain_g
usemtl terrain_mtl
f 1/1/1 37/37/37 36/36/36
f 37/37/37 3/3/3 2/2/2
f 1/1/1 3/3/3 37/37/37
f 38/38/38 37/37/37 2/2/2
f 36/36/36 37/37/37 38/38/38
f 2/2/2 39/39/39 38/38/38
f 5/5/5 40/40/40 39/39/39
f 4/4/4 40/40/40 5/5/5
f 2/2/2 5/5/5 39/39/39
f 39/39/39 42/42/42 41/41/41
f 42/42/42 40/40/40 4/4/4
f 39/39/39 40/40/40 42/42/42
f 38/38/38 39/39/39 41/41/41
f 43/43/43 42/42/42 4/4/4
f 41/41/41 42/42/42 43/43/43
f 6/6/6 43/43/43 4/4/4
f 44/44/44 43/43/43 6/6/6
f 41/41/41 43/43/43 44/44/44
f 6/6/6 45/45/45 44/44/44
f 7/7/7 45/45/45 6/6/6
f 45/45/45 47/47/47 46/46/46
f 7/7/7 47/47/47 45/45/45
f 45/45/45 48/48/48 44/44/44
f 46/46/46 48/48/48 45/45/45
f 49/49/49 47/47/47 7/7/7
f 46/46/46 47/47/47 49/49/49
f 8/8/8 49/49/49 7/7/7
f 50/50/50 49/49/49 8/8/8
f 46/46/46 49/49/49 50/50/50
f 50/50/50 8/8/8 9/9/9
f 9/9/9 51/51/51 50/50/50
f 51/51/51 9/9/9 10/10/10
f 10/10/10 52/52/52 51/51/51
f 52/52/52 10/10/10 11/11/11
f 11/11/11 53/53/53 52/52/52
f 53/53/53 11/11/11 12/12/12
f 12/12/12 54/54/54 53/53/53
f 54/54/54 12/12/12 13/13/13
f 13/13/13 55/55/55 54/54/54
f 55/55/55 13/13/13 14/14/14
f 14/14/14 56/56/56 55/55/55
f 56/56/56 14/14/14 15/15/15
f 15/15/15 57/57/57 56/56/56
f 57/57/57 15/15/15 16/16/16
f 16/16/16 58/58/58 57/57/57
f 58/58/58 16/16/16 17/17/17
f 17/17/17 59/59/59 58/58/58
f 59/59/59 17/17/17 18/18/18
f 18/18/18 60/60/60 59/59/59
f 60/60/60 18/18/18 19/19/19
f 19/19/19 61/61/61 60/60/60
f 61/61/61 19/19/19 20/20/20
f 20/20/20 62/62/62 61/61/61
f 62/62/62 20/20/20 21/21/21
f 21/21/21 63/63/63 62/62/62
f 63/63/63 21/21/21 22/22/22
f 22/22/22 64/64/64 63/63/63
f 64/64/64 22/22/22 23/23/23
f 23/23/23 65/65/65 64/64/64
f 65/65/65 23/23/23 24/24/24
f 24/24/24 66/66/66 65/65/65
f 66/66/66 24/24/24 25/25/25
f 25/25/25 67/67/67 66/66/66
f 67/67/67 25/25/25 26/26/26
f 26/26/26 68/68/68 67/67/67
f 68/68/68 26/26/26 27/27/27
f 27/27/27 69/69/69 68/68/68
f 69/69/69 27/27/27 28/28/28
f 28/28/28 70/70/70 69/69/69
f 70/70/70 28/28/28 29/29/29
f 29/29/29 71/71/71 70/70/70
f 71/71/71 29/29/29 30/30/30
f 30/30/30 72/72/72 71/71/71
f 72/72/72 30/30/30 31/31/31
f 31/31/31 73/73/73 72/72/72
f 73/73/73 31/31/31 32/32/32
f 32/32/32 74/74/74 73/73/73
f 74/74/74 32/32/32 33/33/33
f 33/33/33 75/75/75 74/74/74
f 75/75/75 33/33/33 34/34/34
f 34/34/34 76/76/76 75/75/75
f 34/34/34 77/77/77 76/76/76
f 35/35/35 77/77/77 34/34/34
f 78/78/78 77/77/77 35/35/35
f 77/77/77 79/79/79 76/76/76
f 78/78/78 79/79/79 77/77/77
f 82/82/82 81/81/81 36/36/36
f 80/80/80 81/81/81 82/82/82
f 38/38/38 82/82/82 36/36/36
f 83/83/83 82/82/82 38/38/38
f 80/80/80 82/82/82 83/83/83
f 83/83/83 38/38/38 41/41/41
f 41/41/41 84/84/84 83/83/83
f 41/41/41 85/85/85 84/84/84
f 44/44/44 85/85/85 41/41/41
f 85/85/85 87/87/87 86/86/86
f 44/44/44 87/87/87 85/85/85
f 84/84/84 85/85/85 86/86/86
f 87/87/87 89/89/89 88/88/88
f 44/44/44 89/89/89 87/87/87
f 86/86/86 87/87/87 88/88/88
f 90/90/90 91/91/91 48/48/48
f 88/88/88 91/91/91 90/90/90
f 46/46/46 90/90/90 48/48/48
f 48/48/48 89/89/89 44/44/44
f 89/89/89 91/91/91 88/88/88
f 48/48/48 91/91/91 89/89/89
f 88/88/88 93/93/93 92/92/92
f 93/93/93 90/90/90 46/46/46
f 88/88/88 90/90/90 93/93/93
f 86/86/86 88/88/88 92/92/92
f 94/94/94 93/93/93 46/46/46
f 92/92/92 93/93/93 94/94/94
f 50/50/50 94/94/94 46/46/46
f 95/95/95 94/94/94 50/50/50
f 92/92/92 94/94/94 95/95/95
f 95/95/95 50/50/50 51/51/51
f 51/51/51 96/96/96 95/95/95
f 96/96/96 51/51/51 52/52/52
f 52/52/52 97/97/97 96/96/96
f 97/97/97 52/52/52 53/53/53
f 53/53/53 98/98/98 97/97/97
f 98/98/98 53/53/53 54/54/54
f 54/54/54 99/99/99 98/98/98
f 99/99/99 54/54/54 55/55/55
f 55/55/55 100/100/100 99/99/99
f 100/100/100 55/55/55 56/56/56
f 56/56/56 101/101/101 100/100/100
f 101/101/101 56/56/56 57/57/57
f 57/57/57 102/102/102 101/101/101
f 102/102/102 57/57/57 58/58/58
f 58/58/58 103/103/103 102/102/102
f 103/103/103 58/58/58 59/59/59
f 59/59/59 104/104/104 103/103/103
f 104/104/104 59/59/59 60/60/60
f 60/60/60 105/105/105 104/104/104
f 105/105/105 60/60/60 61/61/61
f 61/61/61 106/106/106 105/105/105
f 106/106/106 61/61/61 62/62/62
f 62/62/62 107/107/107 106/106/106
f 107/107/107 62/62/62 63/63/63
f 63/63/63 108/108/108 107/107/107
f 108/108/108 63/63/63 64/64/64
f 64/64/64 109/109/109 108/108/108
f 109/109/109 64/64/64 65/65/65
f 65/65/65 110/110/110 109/109/109
f 110/110/110 65/65/65 66/66/66
f 66/66/66 111/111/111 110/110/110
f 111/111/111 66/66/66 67/67/67
f 67/67/67 112/112/112 111/111/111
f 112/112/112 67/67/67 68/68/68
f 68/68/68 113/113/113 112/112/112
f 113/113/113 68/68/68 69/69/69
f 69/69/69 114/114/114 113/113/113
f 114/114/114 69/69/69 70/70/70
f 70/70/70 115/115/115 114/114/114
f 115/115/115 70/70/70 71/71/71
f 71/71/71 116/116/116 115/115/115
f 116/116/116 71/71/71 72/72/72
f 72/72/72 117/117/117 116/116/116
f 117/117/117 72/72/72 73/73/73
f 73/73/73 118/118/118 117/117/117
f 118/118/118 73/73/73 74/74/74
f 74/74/74 119/119/119 118/118/118
f 74/74/74 120/120/120 119/119/119
f 75/75/75 120/120/120 74/74/74
f 121/121/121 120/120/120 75/75/75
f 120/120/120 122/122/122 119/119/119
f 121/121/121 122/122/122 120/120/120
f 121/121/121 75/75/75 76/76/76
f 76/76/76 123/123/123 121/121/121
f 76/76/76 124/124/124 123/123/123
f 79/79/79 125/125/125 124/124/124
f 78/78/78 125/125/125 79/79/79
f 76/76/76 79/79/79 124/124/124
f 126/126/126 127/127/127 124/124/124
f 128/128/128 127/127/127 126/126/126
f 126/126/126 125/125/125 78/78/78
f 124/124/124 125/125/125 126/126/126
f 124/124/124 129/129/129 123/123/123
f 127/127/127 130/130/130 129/129/129
f 128/128/128 130/130/130 127/127/127
f 124/124/124 127/127/127 129/129/129
f 131/131/131 80/80/80 83/83/83
f 83/83/83 132/132/132 131/131/131
f 132/132/132 83/83/83 84/84/84
f 84/84/84 133/133/133 132/132/132
f 133/133/133 84/84/84 86/86/86
f 86/86/86 134/134/134 133/133/133
f 134/134/134 86/86/86 92/92/92
f 92/92/92 135/135/135 134/134/134
f 135/135/135 92/92/92 95/95/95
f 95/95/95 136/136/136 135/135/135
f 136/136/136 95/95/95 96/96/96
f 96/96/96 137/137/137 136/136/136
f 137/137/137 96/96/96 97/97/97
f 97/97/97 138/138/138 137/137/137
f 138/138/138 97/97/97 98/98/98
f 98/98/98 139/139/139 138/138/138
f 139/139/139 98/98/98 99/99/99
f 99/99/99 140/140/140 139/139/139
f 140/140/140 99/99/99 100/100/100
f 100/100/100 141/141/141 140/140/140
f 141/141/141 100/100/100 101/101/101
f 101/101/101 142/142/142 141/141/141
f 142/142/142 101/101/101 102/102/102
f 102/102/102 143/143/143 142/142/142
f 143/143/143 102/102/102 103/103/103
f 103/103/103 144/144/144 143/143/143
f 144/144/144 103/103/103 104/104/104
f 104/104/104 145/145/145 144/144/144
f 145/145/145 104/104/104 105/105/105
f 105/105/105 146/146/146 145/145/145
f 146/146/146 105/105/105 106/106/106
f 106/106/106 147/147/147 146/146/146
f 147/147/147 106/106/106 107/107/107
f 107/107/107 148/148/148 147/147/147
f 148/148/148 107/107/107 108/108/108
f 108/108/108 149/149/149 148/148/148
f 149/149/149 108/108/108 109/109/109
f 109/109/109 150/150/150 149/149/149
f 150/150/150 109/109/109 110/110/110
f 110/110/110 151/151/151 150/150/150
f 151/151/151 110/110/110 111/111/111
f 111/111/111 152/152/152 151/151/151
f 152/152/152 111/111/111 112/112/112
f 112/112/112 153/153/153 152/152/152
f 153/153/153 112/112/112 113/113/113
f 113/113/113 154/154/154 153/153/153
f 154/154/154 113/113/113 114/114/114
f 114/114/114 155/155/155 154/154/154
f 155/155/155 114/114/114 115/115/115
f 115/115/115 156/156/156 155/155/155
f 156/156/156 115/115/115 116/116/116
f 116/116/116 157/157/157 156/156/156
f 157/157/157 116/116/116 117/117/117
f 117/117/117 158/158/158 157/157/157
f 158/158/158 117/117/117 118/118/118
f 118/118/118 159/159/159 158/158/158
f 159/159/159 118/118/118 119/119/119
f 119/119/119 160/160/160 159/159/159
f 119/119/119 161/161/161 160/160/160
f 161/161/161 122/122/122 121/121/121
f 119/119/119 122/122/122 161/161/161
f 162/162/162 161/161/161 121/121/121
f 160/160/160 161/161/161 162/162/162
f 162/162/162 121/121/121 123/123/123
f 123/123/123 163/163/163 162/162/162
f 123/123/123 164/164/164 163/163/163
f 129/129/129 165/165/165 164/164/164
f 165/165/165 130/130/130 128/128/128
f 129/129/129 130/130/130 165/165/165
f 123/123/123 129/129/129 164/164/164
f 164/164/164 167/167/167 166/166/166
f 167/167/167 165/165/165 128/128/128
f 164/164/164 165/165/165 167/167/167
f 164/164/164 168/168/168 163/163/163
f 166/166/166 168/168/168 164/164/164
f 169/169/169 131/131/131 132/132/132
f 132/132/132 170/170/170 169/169/169
f 170/170/170 132/132/132 133/133/133
f 133/133/133 171/171/171 170/170/170
f 171/171/171 133/133/133 134/134/134
f 134/134/134 172/172/172 171/171/171
f 172/172/172 134/134/134 135/135/135
f 135/135/135 173/173/173 172/172/172
f 173/173/173 135/135/135 136/136/136
f 136/136/136 174/174/174 173/173/173
f 174/174/174 136/136/136 137/137/137
f 137/137/137 175/175/175 174/174/174
f 175/175/175 137/137/137 138/138/138
f 138/138/138 176/176/176 175/175/175
f 176/176/176 138/138/138 139/139/139
f 139/139/139 177/177/177 176/176/176
f 177/177/177 139/139/139 140/140/140
f 140/140/140 178/178/178 177/177/177
f 178/178/178 140/140/140 141/141/141
f 141/141/141 179/179/179 178/178/178
f 179/179/179 141/141/141 142/142/142
f 142/142/142 180/180/180 179/179/179
f 180/180/180 142/142/142 143/143/143
f 143/143/143 181/181/181 180/180/180
f 181/181/181 143/143/143 144/144/144
f 144/144/144 182/182/182 181/181/181
f 182/182/182 144/144/144 145/145/145
f 145/145/145 183/183/183 182/182/182
f 183/183/183 145/145/145 146/146/146
f 146/146/146 184/184/184 183/183/183
f 184/184/184 146/146/146 147/147/147
f 147/147/147 185/185/185 184/184/184
f 147/147/147 186/186/186 185/185/185
f 148/148/148 186/186/186 147/147/147
f 187/187/187 186/186/186 148/148/148
f 186/186/186 188/188/188 185/185/185
f 187/187/187 188/188/188 186/186/186
f 187/187/187 148/148/148 149/149/149
f 149/149/149 189/189/189 187/187/187
f 189/189/189 149/149/149 150/150/150
f 150/150/150 190/190/190 189/189/189
f 190/190/190 150/150/150 151/151/151
f 151/151/151 191/191/191 190/190/190
f 191/191/191 151/151/151 152/152/152
f 152/152/152 192/192/192 191/191/191
f 192/192/192 152/152/152 153/153/153
f 153/153/153 193/193/193 192/192/192
f 193/193/193 153/153/153 154/154/154
f 154/154/154 194/194/194 193/193/193
f 194/194/194 154/154/154 155/155/155
f 155/155/155 195/195/195 194/194/194
f 195/195/195 155/155/155 156/156/156
f 156/156/156 196/196/196 195/195/195
f 196/196/196 156/156/156 157/157/157
f 157/157/157 197/197/197 196/196/196
f 197/197/197 157/157/157 158/158/158
f 158/158/158 198/198/198 197/197/197
f 198/198/198 158/158/158 159/159/159
f 159/159/159 199/199/199 198/198/198
f 199/199/199 159/159/159 160/160/160
f 160/160/160 200/200/200 199/199/199
f 200/200/200 160/160/160 162/162/162
f 162/162/162 201/201/201 200/200/200
f 162/162/162 202/202/202 201/201/201
f 163/163/163 202/202/202 162/162/162
f 202/202/202 204/204/204 203/203/203
f 163/163/163 204/204/204 202/202/202
f 201/201/201 202/202/202 203/203/203
f 204/204/204 206/206/206 205/205/205
f 163/163/163 206/206/206 204/204/204
f 203/203/203 204/204/204 205/205/205
f 205/205/205 168/168/168 166/166/166
f 168/168/168 206/206/206 163/163/163
f 205/205/205 206/206/206 168/168/168
f 207/207/207 205/205/205 166/166/166
f 205/205/205 208/208/208 203/203/203
f 207/207/207 208/208/208 205/205/205
f 209/209/209 169/169/169 170/170/170
f 170/170/170 210/210/210 209/209/209
f 210/210/210 170/170/170 171/171/171
f 171/171/171 211/211/211 210/210/210
f 211/211/211 171/171/171 172/172/172
f 172/172/172 212/212/212 211/211/211
f 212/212/212 172/172/172 173/173/173
f 173/173/173 213/213/213 212/212/212
f 213/213/213 173/173/173 174/174/174
f 174/174/174 214/214/214 213/213/213
f 214/214/214 174/174/174 175/175/175
f 175/175/175 215/215/215 214/214/214
f 215/215/215 175/175/175 176/176/176
f 176/176/176 216/216/216 215/215/215
f 216/216/216 176/176/176 177/177/177
f 177/177/177 217/217/217 216/216/216
f 217/217/217 177/177/177 178/178/178
f 178/178/178 218/218/218 217/217/217
f 218/218/218 178/178/178 179/179/179
f 179/179/179 219/219/219 218/218/218
f 219/219/219 179/179/179 180/180/180
f 180/180/180 220/220/220 219/219/219
f 220/220/220 180/180/180 181/181/181
f 181/181/181 221/221/221 220/220/220
f 221/221/221 181/181/181 182/182/182
f 182/182/182 222/222/222 221/221/221
f 222/222/222 182/182/182 183/183/183
f 183/183/183 223/223/223 222/222/222
f 223/223/223 183/183/183 184/184/184
f 184/184/184 224/224/224 223/223/223
f 184/184/184 225/225/225 224/224/224
f 185/185/185 225/225/225 184/184/184
f 226/226/226 227/227/227 225/225/225
f 228/228/228 227/227/227 226/226/226
f 185/185/185 226/226/226 225/225/225
f 225/225/225 229/229/229 224/224/224
f 229/229/229 227/227/227 228/228/228
f 225/225/225 227/227/227 229/229/229
f 230/230/230 231/231/231 226/226/226
f 232/232/232 231/231/231 230/230/230
f 185/185/185 230/230/230 226/226/226
f 226/226/226 233/233/233 228/228/228
f 233/233/233 231/231/231 232/232/232
f 226/226/226 231/231/231 233/233/233
f 232/232/232 188/188/188 187/187/187
f 188/188/188 230/230/230 185/185/185
f 232/232/232 230/230/230 188/188/188
f 234/234/234 232/232/232 187/187/187
f 235/235/235 233/233/233 232/232/232
f 228/228/228 233/233/233 235/235/235
f 234/234/234 235/235/235 232/232/232
f 187/187/187 236/236/236 234/234/234
f 189/189/189 236/236/236 187/187/187
f 236/236/236 238/238/238 237/237/237
f 189/189/189 238/238/238 236/236/236
f 234/234/234 236/236/236 237/237/237
f 239/239/239 238/238/238 189/189/189
f 238/238/238 240/240/240 237/237/237
f 239/239/239 240/240/240 238/238/238
f 190/190/190 239/239/239 189/189/189
f 241/241/241 239/239/239 190/190/190
f 242/242/242 240/240/240 239/239/239
f 237/237/237 240/240/240 242/242/242
f 241/241/241 242/242/242 239/239/239
f 241/241/241 190/190/190 191/191/191
f 191/191/191 243/243/243 241/241/241
f 243/243/243 191/191/191 192/192/192
f 192/192/192 244/244/244 243/243/243
f 244/244/244 192/192/192 193/193/193
f 193/193/193 245/245/245 244/244/244
f 245/245/245 193/193/193 194/194/194
f 194/194/194 246/246/246 245/245/245
f 246/246/246 194/194/194 195/195/195
f 195/195/195 247/247/247 246/246/246
f 247/247/247 195/195/195 196/196/196
f 196/196/196 248/248/248 247/247/247
f 248/248/248 196/196/196 197/197/197
f 197/197/197 249/249/249 248/248/248
f 249/249/249 197/197/197 198/198/198
f 198/198/198 250/250/250 249/249/249
f 250/250/250 198/198/198 199/199/199
f 199/199/199 251/251/251 250/250/250
f 251/251/251 199/199/199 200/200/200
f 200/200/200 252/252/252 251/251/251
f 252/252/252 200/200/200 201/201/201
f 201/201/201 253/253/253 252/252/252
f 253/253/253 201/201/201 203/203/203
f 203/203/203 254/254/254 253/253/253
f 203/203/203 255/255/255 254/254/254
f 255/255/255 208/208/208 207/207/207
f 203/203/203 208/208/208 255/255/255
f 256/256/256 255/255/255 207/207/207
f 255/255/255 257/257/257 254/254/254
f 256/256/256 257/257/257 255/255/255
f 258/258/258 209/209/209 210/210/210
f 210/210/210 259/259/259 258/258/258
f 259/259/259 210/210/210 211/211/211
f 211/211/211 260/260/260 259/259/259
f 260/260/260 211/211/211 212/212/212
f 212/212/212 261/261/261 260/260/260
f 261/261/261 212/212/212 213/213/213
f 213/213/213 262/262/262 261/261/261
f 262/262/262 213/213/213 214/214/214
f 214/214/214 263/263/263 262/262/262
f 263/263/263 214/214/214 215/215/215
f 215/215/215 264/264/264 263/263/263
f 264/264/264 215/215/215 216/216/216
f 216/216/216 265/265/265 264/264/264
f 265/265/265 216/216/216 217/217/217
f 217/217/217 266/266/266 265/265/265
f 266/266/266 217/217/217 218/218/218
f 218/218/218 267/267/267 266/266/266
f 267/267/267 218/218/218 219/219/219
f 219/219/219 268/268/268 267/267/267
f 268/268/268 219/219/219 220/220/220
f 220/220/220 269/269/269 268/268/268
f 269/269/269 220/220/220 221/221/221
f 221/221/221 270/270/270 269/269/269
f 270/270/270 221/221/221 222/222/222
f 222/222/222 271/271/271 270/270/270
f 271/271/271 222/222/222 223/223/223
f 223/223/223 272/272/272 271/271/271
f 272/272/272 223/223/223 224/224/224
f 224/224/224 273/273/273 272/272/272
f 224/224/224 274/274/274 273/273/273
f 274/274/274 229/229/229 228/228/228
f 224/224/224 229/229/229 274/274/274
f 275/275/275 274/274/274 228/228/228
f 273/273/273 274/274/274 275/275/275
f 228/228/228 276/276/276 275/275/275
f 276/276/276 235/235/235 234/234/234
f 228/228/228 235/235/235 276/276/276
f 277/277/277 276/276/276 234/234/234
f 275/275/275 276/276/276 277/277/277
f 277/277/277 234/234/234 237/237/237
f 237/237/237 278/278/278 277/277/277
f 237/237/237 279/279/279 278/278/278
f 279/279/279 242/242/242 241/241/241
f 237/237/237 242/242/242 279/279/279
f 280/280/280 279/279/279 241/241/241
f 278/278/278 279/279/279 280/280/280
f 280/280/280 241/241/241 243/243/243
f 243/243/243 281/281/281 280/280/280
f 281/281/281 243/243/243 244/244/244
f 244/244/244 282/282/282 281/281/281
f 282/282/282 244/244/244 245/245/245
f 245/245/245 283/283/283 282/282/282
f 283/283/283 245/245/245 246/246/246
f 246/246/246 284/284/284 283/283/283
f 284/284/284 246/246/246 247/247/247
f 247/247/247 285/285/285 284/284/284
f 285/285/285 247/247/247 248/248/248
f 248/248/248 286/286/286 285/285/285
f 286/286/286 248/248/248 249/249/249
f 249/249/249 287/287/287 286/286/286
f 287/287/287 249/249/249 250/250/250
f 250/250/250 288/288/288 287/287/287
f 288/288/288 250/250/250 251/251/251
f 251/251/251 289/289/289 288/288/288
f 289/289/289 251/251/251 252/252/252
f 252/252/252 290/290/290 289/289/289
f 252/252/252 291/291/291 290/290/290
f 253/253/253 291/291/291 252/252/252
f 291/291/291 293/293/293 292/292/292
f 253/253/253 293/293/293 291/291/291
f 290/290/290 291/291/291 292/292/292
f 294/294/294 293/293/293 253/253/253
f 292/292/292 293/293/293 294/294/294
f 254/254/254 294/294/294 253/253/253
f 295/295/295 294/294/294 254/254/254
f 292/292/292 294/294/294 295/295/295
f 254/254/254 296/296/296 295/295/295
f 296/296/296 257/257/257 256/256/256
f 254/254/254 257/257/257 296/296/296
f 296/296/296 298/298/298 297/297/297
f 256/256/256 298/298/298 296/296/296
f 295/295/295 296/296/296 297/297/297
f 299/299/299 258/258/258 259/259/259
f 259/259/259 300/300/300 299/299/299
f 300/300/300 259/259/259 260/260/260
f 260/260/260 301/301/301 300/300/300
f 260/260/260 302/302/302 301/301/301
f 261/261/261 302/302/302 260/260/260
f 303/303/303 302/302/302 261/261/261
f 302/302/302 304/304/304 301/301/301
f 303/303/303 304/304/304 302/302/302
f 303/303/303 261/261/261 262/262/262
f 262/262/262 305/305/305 303/303/303
f 305/305/305 262/262/262 263/263/263
f 263/263/263 306/306/306 305/305/305
f 306/306/306 263/263/263 264/264/264
f 264/264/264 307/307/307 306/306/306
f 307/307/307 264/264/264 265/265/265
f 265/265/265 308/308/308 307/307/307
f 308/308/308 265/265/265 266/266/266
f 266/266/266 309/309/309 308/308/308
f 309/309/309 266/266/266 267/267/267
f 267/267/267 310/310/310 309/309/309
f 310/310/310 267/267/267 268/268/268
f 268/268/268 311/311/311 310/310/310
f 311/311/311 268/268/268 269/269/269
f 269/269/269 312/312/312 311/311/311
f 312/312/312 269/269/269 270/270/270
f 270/270/270 313/313/313 312/312/312
f 313/313/313 270/270/270 271/271/271
f 271/271/271 314/314/314 313/313/313
f 314/314/314 271/271/271 272/272/272
f 272/272/272 315/315/315 314/314/314
f 315/315/315 272/272/272 273/273/273
f 273/273/273 316/316/316 315/315/315
f 316/316/316 273/273/273 275/275/275
f 275/275/275 317/317/317 316/316/316
f 317/317/317 275/275/275 277/277/277
f 277/277/277 318/318/318 317/317/317
f 318/318/318 277/277/277 278/278/278
f 278/278/278 319/319/319 318/318/318
f 319/319/319 278/278/278 280/280/280
f 280/280/280 320/320/320 319/319/319
f 320/320/320 280/280/280 281/281/281
f 281/281/281 321/321/321 320/320/320
f 321/321/321 281/281/281 282/282/282
f 282/282/282 322/322/322 321/321/321
f 322/322/322 282/282/282 283/283/283
f 283/283/283 323/323/323 322/322/322
f 323/323/323 283/283/283 284/284/284
f 284/284/284 324/324/324 323/323/323
f 324/324/324 284/284/284 285/285/285
f 285/285/285 325/325/325 324/324/324
f 325/325/325 285/285/285 286/286/286
f 286/286/286 326/326/326 325/325/325
f 326/326/326 286/286/286 287/287/287
f 287/287/287 327/327/327 326/326/326
f 327/327/327 287/287/287 288/288/288
f 288/288/288 328/328/328 327/327/327
f 328/328/328 288/288/288 289/289/289
f 289/289/289 329/329/329 328/328/328
f 329/329/329 289/289/289 290/290/290
f 290/290/290 330/330/330 329/329/329
f 330/330/330 290/290/290 292/292/292
f 292/292/292 331/331/331 330/330/330
f 331/331/331 292/292/292 295/295/295
f 295/295/295 332/332/332 331/331/331
f 332/332/332 295/295/295 297/297/297
f 297/297/297 333/333/333 332/332/332
f 334/334/334 299/299/299 300/300/300
f 300/300/300 335/335/335 334/334/334
f 300/300/300 336/336/336 335/335/335
f 301/301/301 336/336/336 300/300/300
f 336/336/336 338/338/338 337/337/337
f 301/301/301 338/338/338 336/336/336
f 335/335/335 336/336/336 337/337/337
f 338/338/338 340/340/340 339/339/339
f 301/301/301 340/340/340 338/338/338
f 337/337/337 338/338/338 339/339/339
f 339/339/339 304/304/304 303/303/303
f 304/304/304 340/340/340 301/301/301
f 339/339/339 340/340/340 304/304/304
f 341/341/341 339/339/339 303/303/303
f 337/337/337 339/339/339 341/341/341
f 341/341/341 303/303/303 305/305/305
f 305/305/305 342/342/342 341/341/341
f 342/342/342 305/305/305 306/306/306
f 306/306/306 343/343/343 342/342/342
f 343/343/343 306/306/306 307/307/307
f 307/307/307 344/344/344 343/343/343
f 344/344/344 307/307/307 308/308/308
f 308/308/308 345/345/345 344/344/344
f 345/345/345 308/308/308 309/309/309
f 309/309/309 346/346/346 345/345/345
f 346/346/346 309/309/309 310/310/310
f 310/310/310 347/347/347 346/346/346
f 347/347/347 310/310/310 311/311/311
f 311/311/311 348/348/348 347/347/347
f 348/348/348 311/311/311 312/312/312
f 312/312/312 349/349/349 348/348/348
f 349/349/349 312/312/312 313/313/313
f 313/313/313 350/350/350 349/349/349
f 350/350/350 313/313/313 314/314/314
f 314/314/314 351/351/351 350/350/350
f 351/351/351 314/314/314 315/315/315
f 315/315/315 352/352/352 351/351/351
f 352/352/352 315/315/315 316/316/316
f 316/316/316 353/353/353 352/352/352
f 353/353/353 316/316/316 317/317/317
f 317/317/317 354/354/354 353/353/353
f 354/354/354 317/317/317 318/318/318
f 318/318/318 355/355/355 354/354/354
f 355/355/355 318/318/318 319/319/319
f 319/319/319 356/356/356 355/355/355
f 356/356/356 319/319/319 320/320/320
f 320/320/320 357/357/357 356/356/356
f 357/357/357 320/320/320 321/321/321
f 321/321/321 358/358/358 357/357/357
f 321/321/321 359/359/359 358/358/358
f 322/322/322 359/359/359 321/321/321
f 360/360/360 359/359/359 322/322/322
f 358/358/358 359/359/359 360/360/360
f 360/360/360 322/322/322 323/323/323
f 323/323/323 361/361/361 360/360/360
f 361/361/361 323/323/323 324/324/324
f 324/324/324 362/362/362 361/361/361
f 362/362/362 324/324/324 325/325/325
f 325/325/325 363/363/363 362/362/362
f 363/363/363 325/325/325 326/326/326
f 326/326/326 364/364/364 363/363/363
f 364/364/364 326/326/326 327/327/327
f 327/327/327 365/365/365 364/364/364
f 365/365/365 327/327/327 328/328/328
f 328/328/328 366/366/366 365/365/365
f 328/328/328 367/367/367 366/366/366
f 329/329/329 367/367/367 328/328/328
f 367/367/367 369/369/369 368/368/368
f 329/329/329 369/369/369 367/367/367
f 367/367/367 370/370/370 366/366/366
f 368/368/368 370/370/370 367/367/367
f 371/371/371 369/369/369 329/329/329
f 368/368/368 369/369/369 371/371/371
f 330/330/330 371/371/371 329/329/329
f 372/372/372 371/371/371 330/330/330
f 368/368/368 371/371/371 372/372/372
f 372/372/372 330/330/330 331/331/331
f 331/331/331 373/373/373 372/372/372
f 373/373/373 331/331/331 332/332/332
f 332/332/332 374/374/374 373/373/373
f 332/332/332 375/375/375 374/374/374
f 333/333/333 375/375/375 332/332/332
f 376/376/376 375/375/375 333/333/333
f 374/374/374 375/375/375 376/376/376
f 377/377/377 334/334/334 335/335/335
f 335/335/335 378/378/378 377/377/377
f 378/378/378 335/335/335 337/337/337
f 337/337/337 379/379/379 378/378/378
f 379/379/379 337/337/337 341/341/341
f 341/341/341 380/380/380 379/379/379
f 380/380/380 341/341/341 342/342/342
f 342/342/342 381/381/381 380/380/380
f 381/381/381 342/342/342 343/343/343
f 343/343/343 382/382/382 381/381/381
f 343/343/343 383/383/383 382/382/382
f 344/344/344 383/383/383 343/343/343
f 384/384/384 383/383/383 344/344/344
f 382/382/382 383/383/383 384/384/384
f 384/384/384 344/344/344 345/345/345
f 345/345/345 385/385/385 384/384/384
f 385/385/385 345/345/345 346/346/346
f 346/346/346 386/386/386 385/385/385
f 386/386/386 346/346/346 347/347/347
f 347/347/347 387/387/387 386/386/386
f 387/387/387 347/347/347 348/348/348
f 348/348/348 388/388/388 387/387/387
f 388/388/388 348/348/348 349/349/349
f 349/349/349 389/389/389 388/388/388
f 389/389/389 349/349/349 350/350/350
f 350/350/350 390/390/390 389/389/389
f 390/390/390 350/350/350 351/351/351
f 351/351/351 391/391/391 390/390/390
f 391/391/391 351/351/351 352/352/352
f 352/352/352 392/392/392 391/391/391
f 392/392/392 352/352/352 353/353/353
f 353/353/353 393/393/393 392/392/392
f 393/393/393 353/353/353 354/354/354
f 354/354/354 394/394/394 393/393/393
f 394/394/394 354/354/354 355/355/355
f 355/355/355 395/395/395 394/394/394
f 395/395/395 355/355/355 356/356/356
f 356/356/356 396/396/396 395/395/395
f 396/396/396 356/356/356 357/357/357
f 357/357/357 397/397/397 396/396/396
f 397/397/397 357/357/357 358/358/358
f 358/358/358 398/398/398 397/397/397
f 358/358/358 399/399/399 398/398/398
f 360/360/360 399/399/399 358/358/358
f 399/399/399 401/401/401 400/400/400
f 360/360/360 401/401/401 399/399/399
f 398/398/398 399/399/399 400/400/400
f 402/402/402 401/401/401 360/360/360
f 400/400/400 401/401/401 402/402/402
f 361/361/361 402/402/402 360/360/360
f 403/403/403 402/402/402 361/361/361
f 400/400/400 402/402/402 403/403/403
f 403/403/403 361/361/361 362/362/362
f 362/362/362 404/404/404 403/403/403
f 404/404/404 362/362/362 363/363/363
f 363/363/363 405/405/405 404/404/404
f 405/405/405 363/363/363 364/364/364
f 364/364/364 406/406/406 405/405/405
f 364/364/364 407/407/407 406/406/406
f 365/365/365 407/407/407 364/364/364
f 407/407/407 409/409/409 408/408/408
f 365/365/365 409/409/409 407/407/407
f 406/406/406 407/407/407 408/408/408
f 410/410/410 409/409/409 365/365/365
f 409/409/409 411/411/411 408/408/408
f 410/410/410 411/411/411 409/409/409
f 366/366/366 410/410/410 365/365/365
f 412/412/412 413/413/413 410/410/410
f 414/414/414 413/413/413 412/412/412
f 366/366/366 412/412/412 410/410/410
f 411/411/411 416/416/416 415/415/415
f 410/410/410 416/416/416 411/411/411
f 408/408/408 411/411/411 415/415/415
f 415/415/415 413/413/413 414/414/414
f 413/413/413 416/416/416 410/410/410
f 415/415/415 416/416/416 413/413/413
f 417/417/417 412/412/412 366/366/366
f 414/414/414 412/412/412 417/417/417
f 417/417/417 370/370/370 368/368/368
f 366/366/366 370/370/370 417/417/417
f 418/418/418 417/417/417 368/368/368
f 414/414/414 417/417/417 418/418/418
f 368/368/368 419/419/419 418/418/418
f 372/372/372 419/419/419 368/368/368
f 420/420/420 421/421/421 419/419/419
f 422/422/422 421/421/421 420/420/420
f 372/372/372 420/420/420 419/419/419
f 419/419/419 423/423/423 418/418/418
f 423/423/423 421/421/421 422/422/422
f 419/419/419 421/421/421 423/423/423
f 424/424/424 420/420/420 372/372/372
f 422/422/422 420/420/420 424/424/424
f 373/373/373 424/424/424 372/372/372
f 425/425/425 424/424/424 373/373/373
f 422/422/422 424/424/424 425/425/425
f 373/373/373 426/426/426 425/425/425
f 374/374/374 426/426/426 373/373/373
f 427/427/427 426/426/426 374/374/374
f 425/425/425 426/426/426 427/427/427
f 427/427/427 374/374/374 376/376/376
f 376/376/376 428/428/428 427/427/427
f 431/431/431 430/430/430 377/377/377
f 429/429/429 430/430/430 431/431/431
f 378/378/378 431/431/431 377/377/377
f 432/432/432 431/431/431 378/378/378
f 429/429/429 431/431/431 432/432/432
f 432/432/432 378/378/378 379/379/379
f 379/379/379 433/433/433 432/432/432
f 433/433/433 379/379/379 380/380/380
f 380/380/380 434/434/434 433/433/433
f 434/434/434 380/380/380 381/381/381
f 381/381/381 435/435/435 434/434/434
f 435/435/435 381/381/381 382/382/382
f 382/382/382 436/436/436 435/435/435
f 436/436/436 382/382/382 384/384/384
f 384/384/384 437/437/437 436/436/436
f 437/437/437 384/384/384 385/385/385
f 385/385/385 438/438/438 437/437/437
f 438/438/438 385/385/385 386/386/386
f 386/386/386 439/439/439 438/438/438
f 439/439/439 386/386/386 387/387/387
f 387/387/387 440/440/440 439/439/439
f 440/440/440 387/387/387 388/388/388
f 388/388/388 441/441/441 440/440/440
f 441/441/441 388/388/388 389/389/389
f 389/389/389 442/442/442 441/441/441
f 442/442/442 389/389/389 390/390/390
f 390/390/390 443/443/443 442/442/442
f 443/443/443 390/390/390 391/391/391
f 391/391/391 444/444/444 443/443/443
f 444/444/444 391/391/391 392/392/392
f 392/392/392 445/445/445 444/444/444
f 445/445/445 392/392/392 393/393/393
f 393/393/393 446/446/446 445/445/445
f 446/446/446 393/393/393 394/394/394
f 394/394/394 447/447/447 446/446/446
f 447/447/447 394/394/394 395/395/395
f 395/395/395 448/448/448 447/447/447
f 448/448/448 395/395/395 396/396/396
f 396/396/396 449/449/449 448/448/448
f 449/449/449 396/396/396 397/397/397
f 397/397/397 450/450/450 449/449/449
f 450/450/450 397/397/397 398/398/398
f 398/398/398 451/451/451 450/450/450
f 451/451/451 398/398/398 400/400/400
f 400/400/400 452/452/452 451/451/451
f 452/452/452 400/400/400 403/403/403
f 403/403/403 453/453/453 452/452/452
f 453/453/453 403/403/403 404/404/404
f 404/404/404 454/454/454 453/453/453
f 454/454/454 404/404/404 405/405/405
f 405/405/405 455/455/455 454/454/454
f 455/455/455 405/405/405 406/406/406
f 406/406/406 456/456/456 455/455/455
f 406/406/406 457/457/457 456/456/456
f 408/408/408 457/457/457 406/406/406
f 457/457/457 459/459/459 458/458/458
f 408/408/408 459/459/459 457/457/457
f 456/456/456 457/457/457 458/458/458
f 459/459/459 461/461/461 460/460/460
f 408/408/408 461/461/461 459/459/459
f 459/459/459 462/462/462 458/458/458
f 460/460/460 462/462/462 459/459/459
f 460/460/460 415/415/415 414/414/414
f 415/415/415 461/461/461 408/408/408
f 460/460/460 461/461/461 415/415/415
f 463/463/463 460/460/460 414/414/414
f 464/464/464 462/462/462 460/460/460
f 458/458/458 462/462/462 464/464/464
f 463/463/463 464/464/464 460/460/460
f 463/463/463 414/414/414 418/418/418
f 418/418/418 465/465/465 463/463/463
f 418/418/418 466/466/466 465/465/465
f 466/466/466 423/423/423 422/422/422
f 418/418/418 423/423/423 466/466/466
f 467/467/467 466/466/466 422/422/422
f 466/466/466 468/468/468 465/465/465
f 467/467/467 468/468/468 466/466/466
f 422/422/422 469/469/469 467/467/467
f 425/425/425 469/469/469 422/422/422
f 469/469/469 471/471/471 470/470/470
f 425/425/425 471/471/471 469/469/469
f 467/467/467 469/469/469 470/470/470
f 472/472/472 471/471/471 425/425/425
f 470/470/470 471/471/471 472/472/472
f 427/427/427 472/472/472 425/425/425
f 473/473/473 472/472/472 427/427/427
f 472/472/472 474/474/474 470/470/470
f 473/473/473 474/474/474 472/472/472
f 473/473/473 427/427/427 428/428/428
f 428/428/428 475/475/475 473/473/473
f 476/476/476 429/429/429 432/432/432
f 432/432/432 477/477/477 476/476/476
f 477/477/477 432/432/432 433/433/433
f 433/433/433 478/478/478 477/477/477
f 478/478/478 433/433/433 434/434/434
f 434/434/434 479/479/479 478/478/478
f 479/479/479 434/434/434 435/435/435
f 435/435/435 480/480/480 479/479/479
f 480/480/480 435/435/435 436/436/436
f 436/436/436 481/481/481 480/480/480
f 481/481/481 436/436/436 437/437/437
f 437/437/437 482/482/482 481/481/481
f 482/482/482 437/437/437 438/438/438
f 438/438/438 483/483/483 482/482/482
f 483/483/483 438/438/438 439/439/439
f 439/439/439 484/484/484 483/483/483
f 484/484/484 439/439/439 440/440/440
f 440/440/440 485/485/485 484/484/484
f 485/485/485 440/440/440 441/441/441
f 441/441/441 486/486/486 485/485/485
f 486/486/486 441/441/441 442/442/442
f 442/442/442 487/487/487 486/486/486
f 487/487/487 442/442/442 443/443/443
f 443/443/443 488/488/488 487/487/487
f 488/488/488 443/443/443 444/444/444
f 444/444/444 489/489/489 488/488/488
f 489/489/489 444/444/444 445/445/445
f 445/445/445 490/490/490 489/489/489
f 490/490/490 445/445/445 446/446/446
f 446/446/446 491/491/491 490/490/490
f 491/491/491 446/446/446 447/447/447
f 447/447/447 492/492/492 491/491/491
f 492/492/492 447/447/447 448/448/448
f 448/448/448 493/493/493 492/492/492
f 493/493/493 448/448/448 449/449/449
f 449/449/449 494/494/494 493/493/493
f 494/494/494 449/449/449 450/450/450
f 450/450/450 495/495/495 494/494/494
f 495/495/495 450/450/450 451/451/451
f 451/451/451 496/496/496 495/495/495
f 496/496/496 451/451/451 452/452/452
f 452/452/452 497/497/497 496/496/496
f 497/497/497 452/452/452 453/453/453
f 453/453/453 498/498/498 497/497/497
f 498/498/498 453/453/453 454/454/454
f 454/454/454 499/499/499 498/498/498
f 499/499/499 454/454/454 455/455/455
f 455/455/455 500/500/500 499/499/499
f 500/500/500 455/455/455 456/456/456
f 456/456/456 501/501/501 500/500/500
f 501/501/501 456/456/456 458/458/458
f 458/458/458 502/502/502 501/501/501
f 458/458/458 503/503/503 502/502/502
f 503/503/503 464/464/464 463/463/463
f 458/458/458 464/464/464 503/503/503
f 504/504/504 503/503/503 463/463/463
f 502/502/502 503/503/503 504/504/504
f 504/504/504 463/463/463 465/465/465
f 465/465/465 505/505/505 504/504/504
f 465/465/465 506/506/506 505/505/505
f 468/468/468 507/507/507 506/506/506
f 467/467/467 507/507/507 468/468/468
f 465/465/465 468/468/468 506/506/506
f 506/506/506 509/509/509 508/508/508
f 509/509/509 507/507/507 467/467/467
f 506/506/506 507/507/507 509/509/509
f 506/506/506 510/510/510 505/505/505
f 508/508/508 510/510/510 506/506/506
f 511/511/511 509/509/509 467/467/467
f 508/508/508 509/509/509 511/511/511
f 470/470/470 511/511/511 467/467/467
f 512/512/512 511/511/511 470/470/470
f 508/508/508 511/511/511 512/512/512
f 470/470/470 513/513/513 512/512/512
f 513/513/513 474/474/474 473/473/473
f 470/470/470 474/474/474 513/513/513
f 514/514/514 513/513/513 473/473/473
f 512/512/512 513/513/513 514/514/514
f 514/514/514 473/473/473 475/475/475
f 475/475/475 515/515/515 514/514/514
f 516/516/516 476/476/476 477/477/477
f 477/477/477 517/517/517 516/516/516
f 517/517/517 477/477/477 478/478/478
f 478/478/478 518/518/518 517/517/517
f 518/518/518 478/478/478 479/479/479
f 479/479/479 519/519/519 518/518/518
f 519/519/519 479/479/479 480/480/480
f 480/480/480 520/520/520 519/519/519
f 520/520/520 480/480/480 481/481/481
f 481/481/481 521/521/521 520/520/520
f 521/521/521 481/481/481 482/482/482
f 482/482/482 522/522/522 521/521/521
f 522/522/522 482/482/482 483/483/483
f 483/483/483 523/523/523 522/522/522
f 523/523/523 483/483/483 484/484/484
f 484/484/484 524/524/524 523/523/523
f 524/524/524 484/484/484 485/485/485
f 485/485/485 525/525/525 524/524/524
f 525/525/525 485/485/485 486/486/486
f 486/486/486 526/526/526 525/525/525
f 526/526/526 486/486/486 487/487/487
f 487/487/487 527/527/527 526/526/526
f 487/487/487 528/528/528 527/527/527
f 488/488/488 528/528/528 487/487/487
f 529/529/529 528/528/528 488/488/488
f 527/527/527 528/528/528 529/529/529
f 529/529/529 488/488/488 489/489/489
f 489/489/489 530/530/530 529/529/529
f 489/489/489 531/531/531 530/530/530
f 490/490/490 531/531/531 489/489/489
f 532/532/532 531/531/531 490/490/490
f 530/530/530 531/531/531 532/532/532
f 532/532/532 490/490/490 491/491/491
f 491/491/491 533/533/533 532/532/532
f 533/533/533 491/491/491 492/492/492
f 492/492/492 534/534/534 533/533/533
f 534/534/534 492/492/492 493/493/493
f 493/493/493 535/535/535 534/534/534
f 535/535/535 493/493/493 494/494/494
f 494/494/494 536/536/536 535/535/535
f 536/536/536 494/494/494 495/495/495
f 495/495/495 537/537/537 536/536/536
f 537/537/537 495/495/495 496/496/496
f 496/496/496 538/538/538 537/537/537
f 538/538/538 496/496/496 497/497/497
f 497/497/497 539/539/539 538/538/538
f 539/539/539 497/497/497 498/498/498
f 498/498/498 540/540/540 539/539/539
f 540/540/540 498/498/498 499/499/499
f 499/499/499 541/541/541 540/540/540
f 541/541/541 499/499/499 500/500/500
f 500/500/500 542/542/542 541/541/541
f 500/500/500 543/543/543 542/542/542
f 501/501/501 543/543/543 500/500/500
f 544/544/544 543/543/543 501/501/501
f 543/543/543 545/545/545 542/542/542
f 544/544/544 545/545/545 543/543/543
f 544/544/544 501/501/501 502/502/502
f 502/502/502 546/546/546 544/544/544
f 546/546/546 502/502/502 504/504/504
f 504/504/504 547/547/547 546/546/546
f 547/547/547 504/504/504 505/505/505
f 505/505/505 548/548/548 547/547/547
f 505/505/505 549/549/549 548/548/548
f 510/510/510 550/550/550 549/549/549
f 508/508/508 550/550/550 510/510/510
f 505/505/505 510/510/510 549/549/549
f 549/549/549 552/552/552 551/551/551
f 552/552/552 550/550/550 508/508/508
f 549/549/549 550/550/550 552/552/552
f 548/548/548 549/549/549 551/551/551
f 553/553/553 552/552/552 508/508/508
f 551/551/551 552/552/552 553/553/553
f 512/512/512 553/553/553 508/508/508
f 554/554/554 555/555/555 553/553/553
f 555/555/555 557/557/557 556/556/556
f 554/554/554 557/557/557 555/555/555
f 512/512/512 554/554/554 553/553/553
f 553/553/553 558/558/558 551/551/551
f 558/558/558 555/555/555 556/556/556
f 553/553/553 555/555/555 558/558/558
f 559/559/559 554/554/554 512/512/512
f 560/560/560 557/557/557 554/554/554
f 556/556/556 557/557/557 560/560/560
f 559/559/559 560/560/560 554/554/554
f 514/514/514 559/559/559 512/512/512
f 561/561/561 559/559/559 514/514/514
f 562/562/562 560/560/560 559/559/559
f 556/556/556 560/560/560 562/562/562
f 561/561/561 562/562/562 559/559/559
f 561/561/561 514/514/514 515/515/515
f 515/515/515 563/563/563 561/561/561
f 564/564/564 516/516/516 517/517/517
f 517/517/517 565/565/565 564/564/564
f 565/565/565 517/517/517 518/518/518
f 518/518/518 566/566/566 565/565/565
f 566/566/566 518/518/518 519/519/519
f 519/519/519 567/567/567 566/566/566
f 567/567/567 519/519/519 520/520/520
f 520/520/520 568/568/568 567/567/567
f 568/568/568 520/520/520 521/521/521
f 521/521/521 569/569/569 568/568/568
f 569/569/569 521/521/521 522/522/522
f 522/522/522 570/570/570 569/569/569
f 570/570/570 522/522/522 523/523/523
f 523/523/523 571/571/571 570/570/570
f 571/571/571 523/523/523 524/524/524
f 524/524/524 572/572/572 571/571/571
f 572/572/572 524/524/524 525/525/525
f 525/525/525 573/573/573 572/572/572
f 525/525/525 574/574/574 573/573/573
f 526/526/526 574/574/574 525/525/525
f 575/575/575 574/574/574 526/526/526
f 574/574/574 576/576/576 573/573/573
f 575/575/575 576/576/576 574/574/574
f 526/526/526 577/577/577 575/575/575
f 527/527/527 577/577/577 526/526/526
f 577/577/577 579/579/579 578/578/578
f 527/527/527 579/579/579 577/577/577
f 575/575/575 577/577/577 578/578/578
f 580/580/580 579/579/579 527/527/527
f 578/578/578 579/579/579 580/580/580
f 529/529/529 580/580/580 527/527/527
f 581/581/581 580/580/580 529/529/529
f 578/578/578 580/580/580 581/581/581
f 581/581/581 529/529/529 530/530/530
f 530/530/530 582/582/582 581/581/581
f 530/530/530 583/583/583 582/582/582
f 532/532/532 583/583/583 530/530/530
f 584/584/584 583/583/583 532/532/532
f 583/583/583 585/585/585 582/582/582
f 584/584/584 585/585/585 583/583/583
f 584/584/584 532/532/532 533/533/533
f 533/533/533 586/586/586 584/584/584
f 586/586/586 533/533/533 534/534/534
f 534/534/534 587/587/587 586/586/586
f 587/587/587 534/534/534 535/535/535
f 535/535/535 588/588/588 587/587/587
f 588/588/588 535/535/535 536/536/536
f 536/536/536 589/589/589 588/588/588
f 589/589/589 536/536/536 537/537/537
f 537/537/537 590/590/590 589/589/589
f 590/590/590 537/537/537 538/538/538
f 538/538/538 591/591/591 590/590/590
f 591/591/591 538/538/538 539/539/539
f 539/539/539 592/592/592 591/591/591
f 592/592/592 539/539/539 540/540/540
f 540/540/540 593/593/593 592/592/592
f 593/593/593 540/540/540 541/541/541
f 541/541/541 594/594/594 593/593/593
f 541/541/541 595/595/595 594/594/594
f 542/542/542 595/595/595 541/541/541
f 595/595/595 597/597/597 596/596/596
f 542/542/542 597/597/597 595/595/595
f 594/594/594 595/595/595 596/596/596
f 598/598/598 599/599/599 597/597/597
f 600/600/600 599/599/599 598/598/598
f 542/542/542 598/598/598 597/597/597
f 597/597/597 601/601/601 596/596/596
f 599/599/599 602/602/602 601/601/601
f 600/600/600 602/602/602 599/599/599
f 597/597/597 599/599/599 601/601/601
f 600/600/600 545/545/545 544/544/544
f 545/545/545 598/598/598 542/542/542
f 600/600/600 598/598/598 545/545/545
f 603/603/603 604/604/604 600/600/600
f 605/605/605 604/604/604 603/603/603
f 544/544/544 603/603/603 600/600/600
f 601/601/601 607/607/607 606/606/606
f 607/607/607 602/602/602 600/600/600
f 601/601/601 602/602/602 607/607/607
f 596/596/596 601/601/601 606/606/606
f 606/606/606 604/604/604 605/605/605
f 604/604/604 607/607/607 600/600/600
f 606/606/606 607/607/607 604/604/604
f 608/608/608 603/603/603 544/544/544
f 605/605/605 603/603/603 608/608/608
f 546/546/546 608/608/608 544/544/544
f 608/608/608 610/610/610 609/609/609
f 546/546/546 610/610/610 608/608/608
f 605/605/605 608/608/608 609/609/609
f 611/611/611 610/610/610 546/546/546
f 610/610/610 612/612/612 609/609/609
f 611/611/611 612/612/612 610/610/610
f 547/547/547 611/611/611 546/546/546
f 613/613/613 611/611/611 547/547/547
f 614/614/614 612/612/612 611/611/611
f 609/609/609 612/612/612 614/614/614
f 613/613/613 614/614/614 611/611/611
f 613/613/613 547/547/547 548/548/548
f 548/548/548 615/615/615 613/613/613
f 615/615/615 548/548/548 551/551/551
f 551/551/551 616/616/616 615/615/615
f 551/551/551 617/617/617 616/616/616
f 617/617/617 558/558/558 556/556/556
f 551/551/551 558/558/558 617/617/617
f 617/617/617 619/619/619 618/618/618
f 556/556/556 619/619/619 617/617/617
f 616/616/616 617/617/617 618/618/618
f 619/619/619 621/621/621 620/620/620
f 556/556/556 621/621/621 619/619/619
f 618/618/618 619/619/619 620/620/620
f 620/620/620 562/562/562 561/561/561
f 562/562/562 621/621/621 556/556/556
f 620/620/620 621/621/621 562/562/562
f 622/622/622 620/620/620 561/561/561
f 618/618/618 620/620/620 622/622/622
f 622/622/622 561/561/561 563/563/563
f 563/563/563 623/623/623 622/622/622
f 624/624/624 564/564/564 565/565/565
f 565/565/565 625/625/625 624/624/624
f 625/625/625 565/565/565 566/566/566
f 566/566/566 626/626/626 625/625/625
f 566/566/566 627/627/627 626/626/626
f 567/567/567 627/627/627 566/566/566
f 628/628/628 627/627/627 567/567/567
f 627/627/627 629/629/629 626/626/626
f 628/628/628 629/629/629 627/627/627
f 628/628/628 567/567/567 568/568/568
f 568/568/568 630/630/630 628/628/628
f 630/630/630 568/568/568 569/569/569
f 569/569/569 631/631/631 630/630/630
f 631/631/631 569/569/569 570/570/570
f 570/570/570 632/632/632 631/631/631
f 632/632/632 570/570/570 571/571/571
f 571/571/571 633/633/633 632/632/632
f 633/633/633 571/571/571 572/572/572
f 572/572/572 634/634/634 633/633/633
f 634/634/634 572/572/572 573/573/573
f 573/573/573 635/635/635 634/634/634
f 573/573/573 636/636/636 635/635/635
f 636/636/636 576/576/576 575/575/575
f 573/573/573 576/576/576 636/636/636
f 637/637/637 636/636/636 575/575/575
f 635/635/635 636/636/636 637/637/637
f 637/637/637 575/575/575 578/578/578
f 578/578/578 638/638/638 637/637/637
f 638/638/638 578/578/578 581/581/581
f 581/581/581 639/639/639 638/638/638
f 581/581/581 640/640/640 639/639/639
f 582/582/582 640/640/640 581/581/581
f 640/640/640 642/642/642 641/641/641
f 582/582/582 642/642/642 640/640/640
f 639/639/639 640/640/640 641/641/641
f 642/642/642 644/644/644 643/643/643
f 582/582/582 644/644/644 642/642/642
f 641/641/641 642/642/642 643/643/643
f 643/643/643 585/585/585 584/584/584
f 585/585/585 644/644/644 582/582/582
f 643/643/643 644/644/644 585/585/585
f 645/645/645 643/643/643 584/584/584
f 641/641/641 643/643/643 645/645/645
f 645/645/645 584/584/584 586/586/586
f 586/586/586 646/646/646 645/645/645
f 646/646/646 586/586/586 587/587/587
f 587/587/587 647/647/647 646/646/646
f 647/647/647 587/587/587 588/588/588
f 588/588/588 648/648/648 647/647/647
f 648/648/648 588/588/588 589/589/589
f 589/589/589 649/649/649 648/648/648
f 649/649/649 589/589/589 590/590/590
f 590/590/590 650/650/650 649/649/649
f 590/590/590 651/651/651 650/650/650
f 591/591/591 651/651/651 590/590/590
f 651/651/651 653/653/653 652/652/652
f 591/591/591 653/653/653 651/651/651
f 650/650/650 651/651/651 652/652/652
f 654/654/654 653/653/653 591/591/591
f 652/652/652 653/653/653 654/654/654
f 592/592/592 654/654/654 591/591/591
f 655/655/655 654/654/654 592/592/592
f 652/652/652 654/654/654 655/655/655
f 655/655/655 592/592/592 593/593/593
f 593/593/593 656/656/656 655/655/655
f 656/656/656 593/593/593 594/594/594
f 594/594/594 657/657/657 656/656/656
f 657/657/657 594/594/594 596/596/596
f 596/596/596 658/658/658 657/657/657
f 596/596/596 659/659/659 658/658/658
f 659/659/659 606/606/606 605/605/605
f 596/596/596 606/606/606 659/659/659
f 660/660/660 659/659/659 605/605/605
f 658/658/658 659/659/659 660/660/660
f 605/605/605 661/661/661 660/660/660
f 609/609/609 661/661/661 605/605/605
f 662/662/662 661/661/661 609/609/609
f 660/660/660 661/661/661 662/662/662
f 609/609/609 663/663/663 662/662/662
f 663/663/663 614/614/614 613/613/613
f 609/609/609 614/614/614 663/663/663
f 664/664/664 663/663/663 613/613/613
f 662/662/662 663/663/663 664/664/664
f 664/664/664 613/613/613 615/615/615
f 615/615/615 665/665/665 664/664/664
f 665/665/665 615/615/615 616/616/616
f 616/616/616 666/666/666 665/665/665
f 666/666/666 616/616/616 618/618/618
f 618/618/618 667/667/667 666/666/666
f 667/667/667 618/618/618 622/622/622
f 622/622/622 668/668/668 667/667/667
f 668/668/668 622/622/622 623/623/623
f 623/623/623 669/669/669 668/668/668
f 670/670/670 624/624/624 625/625/625
f 625/625/625 671/671/671 670/670/670
f 671/671/671 625/625/625 626/626/626
f 626/626/626 672/672/672 671/671/671
f 626/626/626 673/673/673 672/672/672
f 673/673/673 629/629/629 628/628/628
f 626/626/626 629/629/629 673/673/673
f 674/674/674 673/673/673 628/628/628
f 672/672/672 673/673/673 674/674/674
f 674/674/674 628/628/628 630/630/630
f 630/630/630 675/675/675 674/674/674
f 675/675/675 630/630/630 631/631/631
f 631/631/631 676/676/676 675/675/675
f 676/676/676 631/631/631 632/632/632
f 632/632/632 677/677/677 676/676/676
f 677/677/677 632/632/632 633/633/633
f 633/633/633 678/678/678 677/677/677
f 678/678/678 633/633/633 634/634/634
f 634/634/634 679/679/679 678/678/678
f 679/679/679 634/634/634 635/635/635
f 635/635/635 680/680/680 679/679/679
f 680/680/680 635/635/635 637/637/637
f 637/637/637 681/681/681 680/680/680
f 681/681/681 637/637/637 638/638/638
f 638/638/638 682/682/682 681/681/681
f 682/682/682 638/638/638 639/639/639
f 639/639/639 683/683/683 682/682/682
f 683/683/683 639/639/639 641/641/641
f 641/641/641 684/684/684 683/683/683
f 684/684/684 641/641/641 645/645/645
f 645/645/645 685/685/685 684/684/684
f 685/685/685 645/645/645 646/646/646
f 646/646/646 686/686/686 685/685/685
f 686/686/686 646/646/646 647/647/647
f 647/647/647 687/687/687 686/686/686
f 687/687/687 647/647/647 648/648/648
f 648/648/648 688/688/688 687/687/687
f 688/688/688 648/648/648 649/649/649
f 649/649/649 689/689/689 688/688/688
f 689/689/689 649/649/649 650/650/650
f 650/650/650 690/690/690 689/689/689
f 690/690/690 650/650/650 652/652/652
f 652/652/652 691/691/691 690/690/690
f 691/691/691 652/652/652 655/655/655
f 655/655/655 692/692/692 691/691/691
f 655/655/655 693/693/693 692/692/692
f 656/656/656 693/693/693 655/655/655
f 693/693/693 695/695/695 694/694/694
f 656/656/656 695/695/695 693/693/693
f 692/692/692 693/693/693 694/694/694
f 696/696/696 695/695/695 656/656/656
f 694/694/694 695/695/695 696/696/696
f 657/657/657 696/696/696 656/656/656
f 696/696/696 698/698/698 697/697/697
f 657/657/657 698/698/698 696/696/696
f 694/694/694 696/696/696 697/697/697
f 699/699/699 698/698/698 657/657/657
f 698/698/698 700/700/700 697/697/697
f 699/699/699 700/700/700 698/698/698
f 658/658/658 699/699/699 657/657/657
f 701/701/701 699/699/699 658/658/658
f 702/702/702 700/700/700 699/699/699
f 697/697/697 700/700/700 702/702/702
f 701/701/701 702/702/702 699/699/699
f 701/701/701 658/658/658 660/660/660
f 660/660/660 703/703/703 701/701/701
f 703/703/703 660/660/660 662/662/662
f 662/662/662 704/704/704 703/703/703
f 704/704/704 662/662/662 664/664/664
f 664/664/664 705/705/705 704/704/704
f 705/705/705 664/664/664 665/665/665
f 665/665/665 706/706/706 705/705/705
f 706/706/706 665/665/665 666/666/666
f 666/666/666 707/707/707 706/706/706
f 707/707/707 666/666/666 667/667/667
f 667/667/667 708/708/708 707/707/707
f 708/708/708 667/667/667 668/668/668
f 668/668/668 709/709/709 708/708/708
f 709/709/709 668/668/668 669/669/669
f 669/669/669 710/710/710 709/709/709
f 711/711/711 670/670/670 671/671/671
f 671/671/671 712/712/712 711/711/711
f 712/712/712 671/671/671 672/672/672
f 672/672/672 713/713/713 712/712/712
f 713/713/713 672/672/672 674/674/674
f 674/674/674 714/714/714 713/713/713
f 714/714/714 674/674/674 675/675/675
f 675/675/675 715/715/715 714/714/714
f 715/715/715 675/675/675 676/676/676
f 676/676/676 716/716/716 715/715/715
f 676/676/676 717/717/717 716/716/716
f 677/677/677 717/717/717 676/676/676
f 718/718/718 719/719/719 717/717/717
f 720/720/720 719/719/719 718/718/718
f 677/677/677 718/718/718 717/717/717
f 717/717/717 721/721/721 716/716/716
f 721/721/721 719/719/719 720/720/720
f 717/717/717 719/719/719 721/721/721
f 722/722/722 718/718/718 677/677/677
f 720/720/720 718/718/718 722/722/722
f 678/678/678 722/722/722 677/677/677
f 723/723/723 722/722/722 678/678/678
f 720/720/720 722/722/722 723/723/723
f 723/723/723 678/678/678 679/679/679
f 679/679/679 724/724/724 723/723/723
f 724/724/724 679/679/679 680/680/680
f 680/680/680 725/725/725 724/724/724
f 725/725/725 680/680/680 681/681/681
f 681/681/681 726/726/726 725/725/725
f 726/726/726 681/681/681 682/682/682
f 682/682/682 727/727/727 726/726/726
f 727/727/727 682/682/682 683/683/683
f 683/683/683 728/728/728 727/727/727
f 728/728/728 683/683/683 684/684/684
f 684/684/684 729/729/729 728/728/728
f 729/729/729 684/684/684 685/685/685
f 685/685/685 730/730/730 729/729/729
f 730/730/730 685/685/685 686/686/686
f 686/686/686 731/731/731 730/730/730
f 731/731/731 686/686/686 687/687/687
f 687/687/687 732/732/732 731/731/731
f 687/687/687 733/733/733 732/732/732
f 688/688/688 733/733/733 687/687/687
f 734/734/734 733/733/733 688/688/688
f 733/733/733 735/735/735 732/732/732
f 734/734/734 735/735/735 733/733/733
f 688/688/688 736/736/736 734/734/734
f 689/689/689 736/736/736 688/688/688
f 737/737/737 736/736/736 689/689/689
f 736/736/736 738/738/738 734/734/734
f 737/737/737 738/738/738 736/736/736
f 737/737/737 689/689/689 690/690/690
f 690/690/690 739/739/739 737/737/737
f 690/690/690 740/740/740 739/739/739
f 691/691/691 740/740/740 690/690/690
f 740/740/740 742/742/742 741/741/741
f 691/691/691 742/742/742 740/740/740
f 739/739/739 740/740/740 741/741/741
f 743/743/743 742/742/742 691/691/691
f 742/742/742 744/744/744 741/741/741
f 743/743/743 744/744/744 742/742/742
f 692/692/692 743/743/743 691/691/691
f 745/745/745 743/743/743 692/692/692
f 746/746/746 744/744/744 743/743/743
f 741/741/741 744/744/744 746/746/746
f 745/745/745 746/746/746 743/743/743
f 692/692/692 747/747/747 745/745/745
f 694/694/694 747/747/747 692/692/692
f 748/748/748 747/747/747 694/694/694
f 747/747/747 749/749/749 745/745/745
f 748/748/748 749/749/749 747/747/747
f 748/748/748 694/694/694 697/697/697
f 697/697/697 750/750/750 748/748/748
f 697/697/697 751/751/751 750/750/750
f 751/751/751 702/702/702 701/701/701
f 697/697/697 702/702/702 751/751/751
f 752/752/752 751/751/751 701/701/701
f 750/750/750 751/751/751 752/752/752
f 752/752/752 701/701/701 703/703/703
f 703/703/703 753/753/753 752/752/752
f 753/753/753 703/703/703 704/704/704
f 704/704/704 754/754/754 753/753/753
f 704/704/704 755/755/755 754/754/754
f 705/705/705 755/755/755 704/704/704
f 755/755/755 757/757/757 756/756/756
f 705/705/705 757/757/757 755/755/755
f 754/754/754 755/755/755 756/756/756
f 758/758/758 757/757/757 705/705/705
f 756/756/756 757/757/757 758/758/758
f 706/706/706 758/758/758 705/705/705
f 758/758/758 760/760/760 759/759/759
f 706/706/706 760/760/760 758/758/758
f 756/756/756 758/758/758 759/759/759
f 761/761/761 760/760/760 706/706/706
f 759/759/759 760/760/760 761/761/761
f 707/707/707 761/761/761 706/706/706
f 762/762/762 761/761/761 707/707/707
f 759/759/759 761/761/761 762/762/762
f 762/762/762 707/707/707 708/708/708
f 708/708/708 763/763/763 762/762/762
f 763/763/763 708/708/708 709/709/709
f 709/709/709 764/764/764 763/763/763
f 764/764/764 709/709/709 710/710/710
f 710/710/710 765/765/765 764/764/764
f 766/766/766 711/711/711 712/712/712
f 712/712/712 767/767/767 766/766/766
f 767/767/767 712/712/712 713/713/713
f 713/713/713 768/768/768 767/767/767
f 768/768/768 713/713/713 714/714/714
f 714/714/714 769/769/769 768/768/768
f 769/769/769 714/714/714 715/715/715
f 715/715/715 770/770/770 769/769/769
f 770/770/770 715/715/715 716/716/716
f 716/716/716 771/771/771 770/770/770
f 716/716/716 772/772/772 771/771/771
f 772/772/772 721/721/721 720/720/720
f 716/716/716 721/721/721 772/772/772
f 773/773/773 772/772/772 720/720/720
f 771/771/771 772/772/772 773/773/773
f 773/773/773 720/720/720 723/723/723
f 723/723/723 774/774/774 773/773/773
f 774/774/774 723/723/723 724/724/724
f 724/724/724 775/775/775 774/774/774
f 775/775/775 724/724/724 725/725/725
f 725/725/725 776/776/776 775/775/775
f 776/776/776 725/725/725 726/726/726
f 726/726/726 777/777/777 776/776/776
f 777/777/777 726/726/726 727/727/727
f 727/727/727 778/778/778 777/777/777
f 778/778/778 727/727/727 728/728/728
f 728/728/728 779/779/779 778/778/778
f 779/779/779 728/728/728 729/729/729
f 729/729/729 780/780/780 779/779/779
f 780/780/780 729/729/729 730/730/730
f 730/730/730 781/781/781 780/780/780
f 781/781/781 730/730/730 731/731/731
f 731/731/731 782/782/782 781/781/781
f 731/731/731 783/783/783 782/782/782
f 732/732/732 783/783/783 731/731/731
f 784/784/784 783/783/783 732/732/732
f 783/783/783 785/785/785 782/782/782
f 784/784/784 785/785/785 783/783/783
f 732/732/732 786/786/786 784/784/784
f 735/735/735 787/787/787 786/786/786
f 734/734/734 787/787/787 735/735/735
f 732/732/732 735/735/735 786/786/786
f 786/786/786 789/789/789 788/788/788
f 787/787/787 790/790/790 789/789/789
f 734/734/734 790/790/790 787/787/787
f 786/786/786 787/787/787 789/789/789
f 784/784/784 786/786/786 788/788/788
f 789/789/789 792/792/792 791/791/791
f 792/792/792 790/790/790 734/734/734
f 789/789/789 790/790/790 792/792/792
f 788/788/788 789/789/789 791/791/791
f 791/791/791 738/738/738 737/737/737
f 738/738/738 792/792/792 734/734/734
f 791/791/791 792/792/792 738/738/738
f 793/793/793 791/791/791 737/737/737
f 788/788/788 791/791/791 793/793/793
f 793/793/793 737/737/737 739/739/739
f 739/739/739 794/794/794 793/793/793
f 794/794/794 739/739/739 741/741/741
f 741/741/741 795/795/795 794/794/794
f 741/741/741 796/796/796 795/795/795
f 746/746/746 797/797/797 796/796/796
f 745/745/745 797/797/797 746/746/746
f 741/741/741 746/746/746 796/796/796
f 796/796/796 799/799/799 798/798/798
f 797/797/797 800/800/800 799/799/799
f 745/745/745 800/800/800 797/797/797
f 796/796/796 797/797/797 799/799/799
f 795/795/795 796/796/796 798/798/798
f 799/799/799 802/802/802 801/801/801
f 802/802/802 800/800/800 745/745/745
f 799/799/799 800/800/800 802/802/802
f 798/798/798 799/799/799 801/801/801
f 801/801/801 749/749/749 748/748/748
f 749/749/749 802/802/802 745/745/745
f 801/801/801 802/802/802 749/749/749
f 801/801/801 804/804/804 803/803/803
f 748/748/748 804/804/804 801/801/801
f 798/798/798 801/801/801 803/803/803
f 805/805/805 804/804/804 748/748/748
f 803/803/803 804/804/804 805/805/805
f 750/750/750 805/805/805 748/748/748
f 805/805/805 807/807/807 806/806/806
f 750/750/750 807/807/807 805/805/805
f 805/805/805 808/808/808 803/803/803
f 806/806/806 808/808/808 805/805/805
f 809/809/809 807/807/807 750/750/750
f 807/807/807 810/810/810 806/806/806
f 809/809/809 810/810/810 807/807/807
f 752/752/752 809/809/809 750/750/750
f 811/811/811 809/809/809 752/752/752
f 812/812/812 810/810/810 809/809/809
f 810/810/810 813/813/813 806/806/806
f 812/812/812 813/813/813 810/810/810
f 811/811/811 812/812/812 809/809/809
f 752/752/752 814/814/814 811/811/811
f 753/753/753 814/814/814 752/752/752
f 815/815/815 814/814/814 753/753/753
f 814/814/814 816/816/816 811/811/811
f 815/815/815 816/816/816 814/814/814
f 815/815/815 753/753/753 754/754/754
f 754/754/754 817/817/817 815/815/815
f 817/817/817 754/754/754 756/756/756
f 756/756/756 818/818/818 817/817/817
f 818/818/818 756/756/756 759/759/759
f 759/759/759 819/819/819 818/818/818
f 819/819/819 759/759/759 762/762/762
f 762/762/762 820/820/820 819/819/819
f 820/820/820 762/762/762 763/763/763
f 763/763/763 821/821/821 820/820/820
f 821/821/821 763/763/763 764/764/764
f 764/764/764 822/822/822 821/821/821
f 822/822/822 764/764/764 765/765/765
f 765/765/765 823/823/823 822/822/822
f 824/824/824 766/766/766 767/767/767
f 767/767/767 825/825/825 824/824/824
f 825/825/825 767/767/767 768/768/768
f 768/768/768 826/826/826 825/825/825
f 826/826/826 768/768/768 769/769/769
f 769/769/769 827/827/827 826/826/826
f 827/827/827 769/769/769 770/770/770
f 770/770/770 828/828/828 827/827/827
f 828/828/828 770/770/770 771/771/771
f 771/771/771 829/829/829 828/828/828
f 829/829/829 771/771/771 773/773/773
f 773/773/773 830/830/830 829/829/829
f 830/830/830 773/773/773 774/774/774
f 774/774/774 831/831/831 830/830/830
f 831/831/831 774/774/774 775/775/775
f 775/775/775 832/832/832 831/831/831
f 832/832/832 775/775/775 776/776/776
f 776/776/776 833/833/833 832/832/832
f 833/833/833 776/776/776 777/777/777
f 777/777/777 834/834/834 833/833/833
f 834/834/834 777/777/777 778/778/778
f 778/778/778 835/835/835 834/834/834
f 778/778/778 836/836/836 835/835/835
f 779/779/779 836/836/836 778/778/778
f 836/836/836 838/838/838 837/837/837
f 779/779/779 838/838/838 836/836/836
f 835/835/835 836/836/836 837/837/837
f 839/839/839 838/838/838 779/779/779
f 838/838/838 840/840/840 837/837/837
f 839/839/839 840/840/840 838/838/838
f 780/780/780 839/839/839 779/779/779
f 839/839/839 842/842/842 841/841/841
f 780/780/780 842/842/842 839/839/839
f 843/843/843 840/840/840 839/839/839
f 837/837/837 840/840/840 843/843/843
f 841/841/841 843/843/843 839/839/839
f 844/844/844 842/842/842 780/780/780
f 842/842/842 845/845/845 841/841/841
f 844/844/844 845/845/845 842/842/842
f 781/781/781 844/844/844 780/780/780
f 846/846/846 844/844/844 781/781/781
f 847/847/847 845/845/845 844/844/844
f 845/845/845 848/848/848 841/841/841
f 847/847/847 848/848/848 845/845/845
f 846/846/846 847/847/847 844/844/844
f 846/846/846 781/781/781 782/782/782
f 782/782/782 849/849/849 846/846/846
f 782/782/782 850/850/850 849/849/849
f 785/785/785 851/851/851 850/850/850
f 784/784/784 851/851/851 785/785/785
f 782/782/782 785/785/785 850/850/850
f 852/852/852 854/854/854 853/853/853
f 850/850/850 854/854/854 852/852/852
f 855/855/855 852/852/852 853/853/853
f 853/853/853 851/851/851 784/784/784
f 851/851/851 854/854/854 850/850/850
f 853/853/853 854/854/854 851/851/851
f 850/850/850 856/856/856 849/849/849
f 852/852/852 857/857/857 856/856/856
f 855/855/855 857/857/857 852/852/852
f 850/850/850 852/852/852 856/856/856
f 858/858/858 853/853/853 784/784/784
f 855/855/855 853/853/853 858/858/858
f 788/788/788 858/858/858 784/784/784
f 859/859/859 858/858/858 788/788/788
f 858/858/858 860/860/860 855/855/855
f 859/859/859 860/860/860 858/858/858
f 859/859/859 788/788/788 793/793/793
f 793/793/793 861/861/861 859/859/859
f 861/861/861 793/793/793 794/794/794
f 794/794/794 862/862/862 861/861/861
f 862/862/862 794/794/794 795/795/795
f 795/795/795 863/863/863 862/862/862
f 863/863/863 795/795/795 798/798/798
f 798/798/798 864/864/864 863/863/863
f 864/864/864 798/798/798 803/803/803
f 803/803/803 865/865/865 864/864/864
f 803/803/803 866/866/866 865/865/865
f 808/808/808 867/867/867 866/866/866
f 806/806/806 867/867/867 808/808/808
f 803/803/803 808/808/808 866/866/866
f 866/866/866 869/869/869 868/868/868
f 867/867/867 870/870/870 869/869/869
f 806/806/806 870/870/870 867/867/867
f 866/866/866 867/867/867 869/869/869
f 865/865/865 866/866/866 868/868/868
f 869/869/869 872/872/872 871/871/871
f 872/872/872 870/870/870 806/806/806
f 869/869/869 870/870/870 872/872/872
f 868/868/868 869/869/869 871/871/871
f 873/873/873 874/874/874 812/812/812
f 871/871/871 874/874/874 873/873/873
f 811/811/811 873/873/873 812/812/812
f 813/813/813 875/875/875 872/872/872
f 812/812/812 875/875/875 813/813/813
f 806/806/806 813/813/813 872/872/872
f 872/872/872 874/874/874 871/871/871
f 874/874/874 875/875/875 812/812/812
f 872/872/872 875/875/875 874/874/874
f 871/871/871 877/877/877 876/876/876
f 873/873/873 878/878/878 877/877/877
f 811/811/811 878/878/878 873/873/873
f 871/871/871 873/873/873 877/877/877
f 868/868/868 871/871/871 876/876/876
f 877/877/877 880/880/880 879/879/879
f 880/880/880 878/878/878 811/811/811
f 877/877/877 878/878/878 880/880/880
f 876/876/876 877/877/877 879/879/879
f 879/879/879 816/816/816 815/815/815
f 816/816/816 880/880/880 811/811/811
f 879/879/879 880/880/880 816/816/816
f 881/881/881 879/879/879 815/815/815
f 879/879/879 882/882/882 876/876/876
f 881/881/881 882/882/882 879/879/879
f 881/881/881 815/815/815 817/817/817
f 817/817/817 883/883/883 881/881/881
f 883/883/883 817/817/817 818/818/818
f 818/818/818 884/884/884 883/883/883
f 884/884/884 818/818/818 819/819/819
f 819/819/819 885/885/885 884/884/884
f 885/885/885 819/819/819 820/820/820
f 820/820/820 886/886/886 885/885/885
f 886/886/886 820/820/820 821/821/821
f 821/821/821 887/887/887 886/886/886
f 887/887/887 821/821/821 822/822/822
f 822/822/822 888/888/888 887/887/887
f 888/888/888 822/822/822 823/823/823
f 823/823/823 889/889/889 888/888/888
f 890/890/890 824/824/824 825/825/825
f 825/825/825 891/891/891 890/890/890
f 891/891/891 825/825/825 826/826/826
f 826/826/826 892/892/892 891/891/891
f 892/892/892 826/826/826 827/827/827
f 827/827/827 893/893/893 892/892/892
f 893/893/893 827/827/827 828/828/828
f 828/828/828 894/894/894 893/893/893
f 894/894/894 828/828/828 829/829/829
f 829/829/829 895/895/895 894/894/894
f 895/895/895 829/829/829 830/830/830
f 830/830/830 896/896/896 895/895/895
f 830/830/830 897/897/897 896/896/896
f 831/831/831 897/897/897 830/830/830
f 897/897/897 899/899/899 898/898/898
f 831/831/831 899/899/899 897/897/897
f 896/896/896 897/897/897 898/898/898
f 900/900/900 899/899/899 831/831/831
f 899/899/899 901/901/901 898/898/898
f 900/900/900 901/901/901 899/899/899
f 832/832/832 900/900/900 831/831/831
f 902/902/902 903/903/903 900/900/900
f 904/904/904 903/903/903 902/902/902
f 832/832/832 902/902/902 900/900/900
f 905/905/905 901/901/901 900/900/900
f 901/901/901 906/906/906 898/898/898
f 905/905/905 906/906/906 901/901/901
f 905/905/905 903/903/903 904/904/904
f 900/900/900 903/903/903 905/905/905
f 907/907/907 902/902/902 832/832/832
f 904/904/904 902/902/902 907/907/907
f 833/833/833 907/907/907 832/832/832
f 907/907/907 909/909/909 908/908/908
f 833/833/833 909/909/909 907/907/907
f 904/904/904 907/907/907 908/908/908
f 910/910/910 909/909/909 833/833/833
f 909/909/909 911/911/911 908/908/908
f 910/910/910 911/911/911 909/909/909
f 834/834/834 910/910/910 833/833/833
f 912/912/912 910/910/910 834/834/834
f 913/913/913 911/911/911 910/910/910
f 908/908/908 911/911/911 913/913/913
f 912/912/912 913/913/913 910/910/910
f 834/834/834 914/914/914 912/912/912
f 835/835/835 914/914/914 834/834/834
f 914/914/914 916/916/916 915/915/915
f 835/835/835 916/916/916 914/914/914
f 912/912/912 914/914/914 915/915/915
f 917/917/917 916/916/916 835/835/835
f 915/915/915 916/916/916 917/917/917
f 837/837/837 917/917/917 835/835/835
f 918/918/918 917/917/917 837/837/837
f 915/915/915 917/917/917 918/918/918
f 837/837/837 919/919/919 918/918/918
f 919/919/919 843/843/843 841/841/841
f 837/837/837 843/843/843 919/919/919
f 919/919/919 921/921/921 920/920/920
f 841/841/841 921/921/921 919/919/919
f 918/918/918 919/919/919 920/920/920
f 921/921/921 923/923/923 922/922/922
f 841/841/841 923/923/923 921/921/921
f 920/920/920 921/921/921 922/922/922
f 922/922/922 847/847/847 846/846/846
f 923/923/923 848/848/848 847/847/847
f 841/841/841 848/848/848 923/923/923
f 922/922/922 923/923/923 847/847/847
f 922/922/922 925/925/925 924/924/924
f 846/846/846 925/925/925 922/922/922
f 920/920/920 922/922/922 924/924/924
f 926/926/926 925/925/925 846/846/846
f 924/924/924 925/925/925 926/926/926
f 849/849/849 926/926/926 846/846/846
f 927/927/927 926/926/926 849/849/849
f 924/924/924 926/926/926 927/927/927
f 849/849/849 928/928/928 927/927/927
f 856/856/856 929/929/929 928/928/928
f 857/857/857 930/930/930 929/929/929
f 855/855/855 930/930/930 857/857/857
f 856/856/856 857/857/857 929/929/929
f 849/849/849 856/856/856 928/928/928
f 928/928/928 932/932/932 931/931/931
f 929/929/929 933/933/933 932/932/932
f 933/933/933 930/930/930 855/855/855
f 929/929/929 930/930/930 933/933/933
f 928/928/928 929/929/929 932/932/932
f 927/927/927 928/928/928 931/931/931
f 932/932/932 935/935/935 934/934/934
f 935/935/935 933/933/933 855/855/855
f 932/932/932 933/933/933 935/935/935
f 931/931/931 932/932/932 934/934/934
f 934/934/934 860/860/860 859/859/859
f 860/860/860 935/935/935 855/855/855
f 934/934/934 935/935/935 860/860/860
f 936/936/936 934/934/934 859/859/859
f 931/931/931 934/934/934 936/936/936
f 859/859/859 937/937/937 936/936/936
f 861/861/861 937/937/937 859/859/859
f 938/938/938 937/937/937 861/861/861
f 937/937/937 939/939/939 936/936/936
f 938/938/938 939/939/939 937/937/937
f 861/861/861 940/940/940 938/938/938
f 862/862/862 940/940/940 861/861/861
f 941/941/941 940/940/940 862/862/862
f 940/940/940 942/942/942 938/938/938
f 941/941/941 942/942/942 940/940/940
f 941/941/941 862/862/862 863/863/863
f 863/863/863 943/943/943 941/941/941
f 943/943/943 863/863/863 864/864/864
f 864/864/864 944/944/944 943/943/943
f 944/944/944 864/864/864 865/865/865
f 865/865/865 945/945/945 944/944/944
f 945/945/945 865/865/865 868/868/868
f 868/868/868 946/946/946 945/945/945
f 946/946/946 868/868/868 876/876/876
f 876/876/876 947/947/947 946/946/946
f 876/876/876 948/948/948 947/947/947
f 882/882/882 949/949/949 948/948/948
f 881/881/881 949/949/949 882/882/882
f 876/876/876 882/882/882 948/948/948
f 948/948/948 951/951/951 950/950/950
f 951/951/951 949/949/949 881/881/881
f 948/948/948 949/949/949 951/951/951
f 947/947/947 948/948/948 950/950/950
f 952/952/952 951/951/951 881/881/881
f 950/950/950 951/951/951 952/952/952
f 883/883/883 952/952/952 881/881/881
f 953/953/953 952/952/952 883/883/883
f 952/952/952 954/954/954 950/950/950
f 953/953/953 954/954/954 952/952/952
f 953/953/953 883/883/883 884/884/884
f 884/884/884 955/955/955 953/953/953
f 884/884/884 956/956/956 955/955/955
f 885/885/885 956/956/956 884/884/884
f 956/956/956 958/958/958 957/957/957
f 885/885/885 958/958/958 956/956/956
f 956/956/956 959/959/959 955/955/955
f 957/957/957 959/959/959 956/956/956
f 960/960/960 958/958/958 885/885/885
f 957/957/957 958/958/958 960/960/960
f 886/886/886 960/960/960 885/885/885
f 961/961/961 960/960/960 886/886/886
f 957/957/957 960/960/960 961/961/961
f 961/961/961 886/886/886 887/887/887
f 887/887/887 962/962/962 961/961/961
f 962/962/962 887/887/887 888/888/888
f 888/888/888 963/963/963 962/962/962
f 963/963/963 888/888/888 889/889/889
f 889/889/889 964/964/964 963/963/963
f 965/965/965 890/890/890 891/891/891
f 891/891/891 966/966/966 965/965/965
f 966/966/966 891/891/891 892/892/892
f 892/892/892 967/967/967 966/966/966
f 967/967/967 892/892/892 893/893/893
f 893/893/893 968/968/968 967/967/967
f 968/968/968 893/893/893 894/894/894
f 894/894/894 969/969/969 968/968/968
f 969/969/969 894/894/894 895/895/895
f 895/895/895 970/970/970 969/969/969
f 970/970/970 895/895/895 896/896/896
f 896/896/896 971/971/971 970/970/970
f 896/896/896 972/972/972 971/971/971
f 898/898/898 972/972/972 896/896/896
f 972/972/972 974/974/974 973/973/973
f 898/898/898 974/974/974 972/972/972
f 972/972/972 975/975/975 971/971/971
f 973/973/973 975/975/975 972/972/972
f 974/974/974 977/977/977 976/976/976
f 898/898/898 977/977/977 974/974/974
f 974/974/974 978/978/978 973/973/973
f 976/976/976 978/978/978 974/974/974
f 976/976/976 905/905/905 904/904/904
f 977/977/977 906/906/906 905/905/905
f 898/898/898 906/906/906 977/977/977
f 976/976/976 977/977/977 905/905/905
f 979/979/979 976/976/976 904/904/904
f 980/980/980 978/978/978 976/976/976
f 973/973/973 978/978/978 980/980/980
f 979/979/979 980/980/980 976/976/976
f 979/979/979 904/904/904 908/908/908
f 908/908/908 981/981/981 979/979/979
f 908/908/908 982/982/982 981/981/981
f 982/982/982 913/913/913 912/912/912
f 908/908/908 913/913/913 982/982/982
f 983/983/983 982/982/982 912/912/912
f 981/981/981 982/982/982 983/983/983
f 983/983/983 912/912/912 915/915/915
f 915/915/915 984/984/984 983/983/983
f 915/915/915 985/985/985 984/984/984
f 918/918/918 985/985/985 915/915/915
f 985/985/985 987/987/987 986/986/986
f 918/918/918 987/987/987 985/985/985
f 985/985/985 988/988/988 984/984/984
f 986/986/986 988/988/988 985/985/985
f 989/989/989 987/987/987 918/918/918
f 987/987/987 990/990/990 986/986/986
f 989/989/989 990/990/990 987/987/987
f 920/920/920 989/989/989 918/918/918
f 991/991/991 992/992/992 989/989/989
f 993/993/993 992/992/992 991/991/991
f 920/920/920 991/991/991 989/989/989
f 990/990/990 995/995/995 994/994/994
f 989/989/989 995/995/995 990/990/990
f 986/986/986 990/990/990 994/994/994
f 994/994/994 992/992/992 993/993/993
f 992/992/992 995/995/995 989/989/989
f 994/994/994 995/995/995 992/992/992
f 996/996/996 991/991/991 920/920/920
f 993/993/993 991/991/991 996/996/996
f 924/924/924 996/996/996 920/920/920
f 997/997/997 996/996/996 924/924/924
f 996/996/996 998/998/998 993/993/993
f 997/997/997 998/998/998 996/996/996
f 997/997/997 924/924/924 927/927/927
f 927/927/927 999/999/999 997/997/997
f 927/927/927 1000/1000/1000 999/999/999
f 931/931/931 1000/1000/1000 927/927/927
f 1001/1001/1001 1000/1000/1000 931/931/931
f 1000/1000/1000 1002/1002/1002 999/999/999
f 1001/1001/1001 1002/1002/1002 1000/1000/1000
f 931/931/931 1003/1003/1003 1001/1001/1001
f 936/936/936 1003/1003/1003 931/931/931
f 1003/1003/1003 1005/1005/1005 1004/1004/1004
f 936/936/936 1005/1005/1005 1003/1003/1003
f 1001/1001/1001 1003/1003/1003 1004/1004/1004
f 1005/1005/1005 1007/1007/1007 1006/1006/1006
f 936/936/936 1007/1007/1007 1005/1005/1005
f 1004/1004/1004 1005/1005/1005 1006/1006/1006
f 1008/1008/1008 1009/1009/1009 939/939/939
f 1006/1006/1006 1009/1009/1009 1008/1008/1008
f 938/938/938 1008/1008/1008 939/939/939
f 939/939/939 1007/1007/1007 936/936/936
f 1007/1007/1007 1009/1009/1009 1006/1006/1006
f 939/939/939 1009/1009/1009 1007/1007/1007
f 1006/1006/1006 1011/1011/1011 1010/1010/1010
f 1011/1011/1011 1008/1008/1008 938/938/938
f 1006/1006/1006 1008/1008/1008 1011/1011/1011
f 1004/1004/1004 1006/1006/1006 1010/1010/1010
f 1012/1012/1012 1011/1011/1011 938/938/938
f 1011/1011/1011 1013/1013/1013 1010/1010/1010
f 1012/1012/1012 1013/1013/1013 1011/1011/1011
f 942/942/942 1014/1014/1014 1012/1012/1012
f 941/941/941 1014/1014/1014 942/942/942
f 938/938/938 942/942/942 1012/1012/1012
f 1015/1015/1015 1017/1017/1017 1016/1016/1016
f 1018/1018/1018 1017/1017/1017 1015/1015/1015
f 1019/1019/1019 1015/1015/1015 1016/1016/1016
f 1016/1016/1016 1020/1020/1020 1012/1012/1012
f 1020/1020/1020 1017/1017/1017 1018/1018/1018
f 1016/1016/1016 1017/1017/1017 1020/1020/1020
f 1018/1018/1018 1022/1022/1022 1021/1021/1021
f 1022/1022/1022 1015/1015/1015 1019/1019/1019
f 1018/1018/1018 1015/1015/1015 1022/1022/1022
f 1019/1019/1019 1014/1014/1014 941/941/941
f 1014/1014/1014 1016/1016/1016 1012/1012/1012
f 1019/1019/1019 1016/1016/1016 1014/1014/1014
f 1013/1013/1013 1024/1024/1024 1023/1023/1023
f 1012/1012/1012 1024/1024/1024 1013/1013/1013
f 1010/1010/1010 1013/1013/1013 1023/1023/1023
f 1023/1023/1023 1018/1018/1018 1021/1021/1021
f 1024/1024/1024 1020/1020/1020 1018/1018/1018
f 1012/1012/1012 1020/1020/1020 1024/1024/1024
f 1023/1023/1023 1024/1024/1024 1018/1018/1018
f 1025/1025/1025 1019/1019/1019 941/941/941
f 1026/1026/1026 1022/1022/1022 1019/1019/1019
f 1021/1021/1021 1022/1022/1022 1026/1026/1026
f 1025/1025/1025 1026/1026/1026 1019/1019/1019
f 943/943/943 1025/1025/1025 941/941/941
f 1027/1027/1027 1025/1025/1025 943/943/943
f 1028/1028/1028 1026/1026/1026 1025/1025/1025
f 1021/1021/1021 1026/1026/1026 1028/1028/1028
f 1027/1027/1027 1028/1028/1028 1025/1025/1025
f 943/943/943 1029/1029/1029 1027/1027/1027
f 944/944/944 1029/1029/1029 943/943/943
f 1030/1030/1030 1029/1029/1029 944/944/944
f 1029/1029/1029 1031/1031/1031 1027/1027/1027
f 1030/1030/1030 1031/1031/1031 1029/1029/1029
f 1030/1030/1030 944/944/944 945/945/945
f 945/945/945 1032/1032/1032 1030/1030/1030
f 1032/1032/1032 945/945/945 946/946/946
f 946/946/946 1033/1033/1033 1032/1032/1032
f 1033/1033/1033 946/946/946 947/947/947
f 947/947/947 1034/1034/1034 1033/1033/1033
f 1034/1034/1034 947/947/947 950/950/950
f 950/950/950 1035/1035/1035 1034/1034/1034
f 950/950/950 1036/1036/1036 1035/1035/1035
f 954/954/954 1037/1037/1037 1036/1036/1036
f 953/953/953 1037/1037/1037 954/954/954
f 950/950/950 954/954/954 1036/1036/1036
f 1036/1036/1036 1039/1039/1039 1038/1038/1038
f 1039/1039/1039 1037/1037/1037 953/953/953
f 1036/1036/1036 1037/1037/1037 1039/1039/1039
f 1035/1035/1035 1036/1036/1036 1038/1038/1038
f 1040/1040/1040 1039/1039/1039 953/953/953
f 1039/1039/1039 1041/1041/1041 1038/1038/1038
f 1040/1040/1040 1041/1041/1041 1039/1039/1039
f 955/955/955 1040/1040/1040 953/953/953
f 1042/1042/1042 1040/1040/1040 955/955/955
f 1043/1043/1043 1041/1041/1041 1040/1040/1040
f 1038/1038/1038 1041/1041/1041 1043/1043/1043
f 1042/1042/1042 1043/1043/1043 1040/1040/1040
f 955/955/955 1044/1044/1044 1042/1042/1042
f 1044/1044/1044 959/959/959 957/957/957
f 955/955/955 959/959/959 1044/1044/1044
f 1045/1045/1045 1044/1044/1044 957/957/957
f 1042/1042/1042 1044/1044/1044 1045/1045/1045
f 1045/1045/1045 957/957/957 961/961/961
f 961/961/961 1046/1046/1046 1045/1045/1045
f 1046/1046/1046 961/961/961 962/962/962
f 962/962/962 1047/1047/1047 1046/1046/1046
f 1047/1047/1047 962/962/962 963/963/963
f 963/963/963 1048/1048/1048 1047/1047/1047
f 1048/1048/1048 963/963/963 964/964/964
f 964/964/964 1049/1049/1049 1048/1048/1048
f 1050/1050/1050 965/965/965 966/966/966
f 966/966/966 1051/1051/1051 1050/1050/1050
f 1051/1051/1051 966/966/966 967/967/967
f 967/967/967 1052/1052/1052 1051/1051/1051
f 1052/1052/1052 967/967/967 968/968/968
f 968/968/968 1053/1053/1053 1052/1052/1052
f 1053/1053/1053 968/968/968 969/969/969
f 969/969/969 1054/1054/1054 1053/1053/1053
f 1054/1054/1054 969/969/969 970/970/970
f 970/970/970 1055/1055/1055 1054/1054/1054
f 970/970/970 1056/1056/1056 1055/1055/1055
f 971/971/971 1056/1056/1056 970/970/970
f 1056/1056/1056 1058/1058/1058 1057/1057/1057
f 971/971/971 1058/1058/1058 1056/1056/1056
f 1055/1055/1055 1056/1056/1056 1057/1057/1057
f 1058/1058/1058 1060/1060/1060 1059/1059/1059
f 971/971/971 1060/1060/1060 1058/1058/1058
f 1057/1057/1057 1058/1058/1058 1059/1059/1059
f 1061/1061/1061 1062/1062/1062 975/975/975
f 1059/1059/1059 1062/1062/1062 1061/1061/1061
f 973/973/973 1061/1061/1061 975/975/975
f 975/975/975 1060/1060/1060 971/971/971
f 1060/1060/1060 1062/1062/1062 1059/1059/1059
f 975/975/975 1062/1062/1062 1060/1060/1060
f 1059/1059/1059 1064/1064/1064 1063/1063/1063
f 1064/1064/1064 1061/1061/1061 973/973/973
f 1059/1059/1059 1061/1061/1061 1064/1064/1064
f 1059/1059/1059 1065/1065/1065 1057/1057/1057
f 1063/1063/1063 1065/1065/1065 1059/1059/1059
f 1066/1066/1066 1064/1064/1064 973/973/973
f 1063/1063/1063 1064/1064/1064 1066/1066/1066
f 1066/1066/1066 980/980/980 979/979/979
f 973/973/973 980/980/980 1066/1066/1066
f 1067/1067/1067 1066/1066/1066 979/979/979
f 1063/1063/1063 1066/1066/1066 1067/1067/1067
f 1067/1067/1067 979/979/979 981/981/981
f 981/981/981 1068/1068/1068 1067/1067/1067
f 1068/1068/1068 981/981/981 983/983/983
f 983/983/983 1069/1069/1069 1068/1068/1068
f 983/983/983 1070/1070/1070 1069/1069/1069
f 984/984/984 1070/1070/1070 983/983/983
f 1070/1070/1070 1072/1072/1072 1071/1071/1071
f 984/984/984 1072/1072/1072 1070/1070/1070
f 1069/1069/1069 1070/1070/1070 1071/1071/1071
f 1073/1073/1073 1072/1072/1072 984/984/984
f 1071/1071/1071 1072/1072/1072 1073/1073/1073
f 988/988/988 1074/1074/1074 1073/1073/1073
f 986/986/986 1074/1074/1074 988/988/988
f 984/984/984 988/988/988 1073/1073/1073
f 1075/1075/1075 1077/1077/1077 1076/1076/1076
f 1073/1073/1073 1077/1077/1077 1075/1075/1075
f 1078/1078/1078 1075/1075/1075 1076/1076/1076
f 1076/1076/1076 1074/1074/1074 986/986/986
f 1074/1074/1074 1077/1077/1077 1073/1073/1073
f 1076/1076/1076 1077/1077/1077 1074/1074/1074
f 1073/1073/1073 1079/1079/1079 1071/1071/1071
f 1079/1079/1079 1075/1075/1075 1078/1078/1078
f 1073/1073/1073 1075/1075/1075 1079/1079/1079
f 1080/1080/1080 1076/1076/1076 986/986/986
f 1078/1078/1078 1076/1076/1076 1080/1080/1080
f 1080/1080/1080 994/994/994 993/993/993
f 986/986/986 994/994/994 1080/1080/1080
f 1081/1081/1081 1080/1080/1080 993/993/993
f 1078/1078/1078 1080/1080/1080 1081/1081/1081
f 993/993/993 1082/1082/1082 1081/1081/1081
f 998/998/998 1083/1083/1083 1082/1082/1082
f 997/997/997 1083/1083/1083 998/998/998
f 993/993/993 998/998/998 1082/1082/1082
f 1082/1082/1082 1085/1085/1085 1084/1084/1084
f 1085/1085/1085 1083/1083/1083 997/997/997
f 1082/1082/1082 1083/1083/1083 1085/1085/1085
f 1081/1081/1081 1082/1082/1082 1084/1084/1084
f 1086/1086/1086 1085/1085/1085 997/997/997
f 1084/1084/1084 1085/1085/1085 1086/1086/1086
f 999/999/999 1086/1086/1086 997/997/997
f 1086/1086/1086 1088/1088/1088 1087/1087/1087
f 999/999/999 1088/1088/1088 1086/1086/1086
f 1084/1084/1084 1086/1086/1086 1087/1087/1087
f 1088/1088/1088 1090/1090/1090 1089/1089/1089
f 999/999/999 1090/1090/1090 1088/1088/1088
f 1087/1087/1087 1088/1088/1088 1089/1089/1089
f 1091/1091/1091 1092/1092/1092 1002/1002/1002
f 1089/1089/1089 1092/1092/1092 1091/1091/1091
f 1001/1001/1001 1091/1091/1091 1002/1002/1002
f 1002/1002/1002 1090/1090/1090 999/999/999
f 1090/1090/1090 1092/1092/1092 1089/1089/1089
f 1002/1002/1002 1092/1092/1092 1090/1090/1090
f 1089/1089/1089 1094/1094/1094 1093/1093/1093
f 1094/1094/1094 1091/1091/1091 1001/1001/1001
f 1089/1089/1089 1091/1091/1091 1094/1094/1094
f 1087/1087/1087 1089/1089/1089 1093/1093/1093
f 1095/1095/1095 1094/1094/1094 1001/1001/1001
f 1093/1093/1093 1094/1094/1094 1095/1095/1095
f 1004/1004/1004 1095/1095/1095 1001/1001/1001
f 1096/1096/1096 1097/1097/1097 1095/1095/1095
f 1097/1097/1097 1099/1099/1099 1098/1098/1098
f 1096/1096/1096 1099/1099/1099 1097/1097/1097
f 1004/1004/1004 1096/1096/1096 1095/1095/1095
f 1095/1095/1095 1100/1100/1100 1093/1093/1093
f 1100/1100/1100 1097/1097/1097 1098/1098/1098
f 1095/1095/1095 1097/1097/1097 1100/1100/1100
f 1101/1101/1101 1096/1096/1096 1004/1004/1004
f 1102/1102/1102 1099/1099/1099 1096/1096/1096
f 1099/1099/1099 1103/1103/1103 1098/1098/1098
f 1102/1102/1102 1103/1103/1103 1099/1099/1099
f 1101/1101/1101 1102/1102/1102 1096/1096/1096
f 1010/1010/1010 1101/1101/1101 1004/1004/1004
f 1104/1104/1104 1101/1101/1101 1010/1010/1010
f 1105/1105/1105 1102/1102/1102 1101/1101/1101
f 1106/1106/1106 1103/1103/1103 1102/1102/1102
f 1098/1098/1098 1103/1103/1103 1106/1106/1106
f 1105/1105/1105 1106/1106/1106 1102/1102/1102
f 1104/1104/1104 1105/1105/1105 1101/1101/1101
f 1010/1010/1010 1107/1107/1107 1104/1104/1104
f 1107/1107/1107 1023/1023/1023 1021/1021/1021
f 1010/1010/1010 1023/1023/1023 1107/1107/1107
f 1108/1108/1108 1107/1107/1107 1021/1021/1021
f 1104/1104/1104 1107/1107/1107 1108/1108/1108
f 1021/1021/1021 1109/1109/1109 1108/1108/1108
f 1028/1028/1028 1110/1110/1110 1109/1109/1109
f 1027/1027/1027 1110/1110/1110 1028/1028/1028
f 1021/1021/1021 1028/1028/1028 1109/1109/1109
f 1109/1109/1109 1112/1112/1112 1111/1111/1111
f 1110/1110/1110 1113/1113/1113 1112/1112/1112
f 1027/1027/1027 1113/1113/1113 1110/1110/1110
f 1109/1109/1109 1110/1110/1110 1112/1112/1112
f 1108/1108/1108 1109/1109/1109 1111/1111/1111
f 1112/1112/1112 1115/1115/1115 1114/1114/1114
f 1115/1115/1115 1113/1113/1113 1027/1027/1027
f 1112/1112/1112 1113/1113/1113 1115/1115/1115
f 1111/1111/1111 1112/1112/1112 1114/1114/1114
f 1114/1114/1114 1031/1031/1031 1030/1030/1030
f 1031/1031/1031 1115/1115/1115 1027/1027/1027
f 1114/1114/1114 1115/1115/1115 1031/1031/1031
f 1116/1116/1116 1114/1114/1114 1030/1030/1030
f 1111/1111/1111 1114/1114/1114 1116/1116/1116
f 1116/1116/1116 1030/1030/1030 1032/1032/1032
f 1032/1032/1032 1117/1117/1117 1116/1116/1116
f 1117/1117/1117 1032/1032/1032 1033/1033/1033
f 1033/1033/1033 1118/1118/1118 1117/1117/1117
f 1118/1118/1118 1033/1033/1033 1034/1034/1034
f 1034/1034/1034 1119/1119/1119 1118/1118/1118
f 1119/1119/1119 1034/1034/1034 1035/1035/1035
f 1035/1035/1035 1120/1120/1120 1119/1119/1119
f 1120/1120/1120 1035/1035/1035 1038/1038/1038
f 1038/1038/1038 1121/1121/1121 1120/1120/1120
f 1038/1038/1038 1122/1122/1122 1121/1121/1121
f 1043/1043/1043 1123/1123/1123 1122/1122/1122
f 1042/1042/1042 1123/1123/1123 1043/1043/1043
f 1038/1038/1038 1043/1043/1043 1122/1122/1122
f 1122/1122/1122 1125/1125/1125 1124/1124/1124
f 1125/1125/1125 1123/1123/1123 1042/1042/1042
f 1122/1122/1122 1123/1123/1123 1125/1125/1125
f 1121/1121/1121 1122/1122/1122 1124/1124/1124
f 1126/1126/1126 1125/1125/1125 1042/1042/1042
f 1124/1124/1124 1125/1125/1125 1126/1126/1126
f 1045/1045/1045 1126/1126/1126 1042/1042/1042
f 1127/1127/1127 1126/1126/1126 1045/1045/1045
f 1124/1124/1124 1126/1126/1126 1127/1127/1127
f 1127/1127/1127 1045/1045/1045 1046/1046/1046
f 1046/1046/1046 1128/1128/1128 1127/1127/1127
f 1046/1046/1046 1129/1129/1129 1128/1128/1128
f 1047/1047/1047 1129/1129/1129 1046/1046/1046
f 1130/1130/1130 1129/1129/1129 1047/1047/1047
f 1129/1129/1129 1131/1131/1131 1128/1128/1128
f 1130/1130/1130 1131/1131/1131 1129/1129/1129
f 1130/1130/1130 1047/1047/1047 1048/1048/1048
f 1048/1048/1048 1132/1132/1132 1130/1130/1130
f 1132/1132/1132 1048/1048/1048 1049/1049/1049
f 1049/1049/1049 1133/1133/1133 1132/1132/1132
f 1134/1134/1134 1050/1050/1050 1051/1051/1051
f 1051/1051/1051 1135/1135/1135 1134/1134/1134
f 1135/1135/1135 1051/1051/1051 1052/1052/1052
f 1052/1052/1052 1136/1136/1136 1135/1135/1135
f 1136/1136/1136 1052/1052/1052 1053/1053/1053
f 1053/1053/1053 1137/1137/1137 1136/1136/1136
f 1053/1053/1053 1138/1138/1138 1137/1137/1137
f 1054/1054/1054 1138/1138/1138 1053/1053/1053
f 1138/1138/1138 1140/1140/1140 1139/1139/1139
f 1054/1054/1054 1140/1140/1140 1138/1138/1138
f 1137/1137/1137 1138/1138/1138 1139/1139/1139
f 1141/1141/1141 1140/1140/1140 1054/1054/1054
f 1140/1140/1140 1142/1142/1142 1139/1139/1139
f 1141/1141/1141 1142/1142/1142 1140/1140/1140
f 1055/1055/1055 1141/1141/1141 1054/1054/1054
f 1143/1143/1143 1144/1144/1144 1141/1141/1141
f 1144/1144/1144 1146/1146/1146 1145/1145/1145
f 1143/1143/1143 1146/1146/1146 1144/1144/1144
f 1055/1055/1055 1143/1143/1143 1141/1141/1141
f 1142/1142/1142 1148/1148/1148 1147/1147/1147
f 1141/1141/1141 1148/1148/1148 1142/1142/1142
f 1139/1139/1139 1142/1142/1142 1147/1147/1147
f 1147/1147/1147 1144/1144/1144 1145/1145/1145
f 1144/1144/1144 1148/1148/1148 1141/1141/1141
f 1147/1147/1147 1148/1148/1148 1144/1144/1144
f 1149/1149/1149 1143/1143/1143 1055/1055/1055
f 1150/1150/1150 1146/1146/1146 1143/1143/1143
f 1145/1145/1145 1146/1146/1146 1150/1150/1150
f 1149/1149/1149 1150/1150/1150 1143/1143/1143
f 1057/1057/1057 1149/1149/1149 1055/1055/1055
f 1149/1149/1149 1152/1152/1152 1151/1151/1151
f 1057/1057/1057 1152/1152/1152 1149/1149/1149
f 1153/1153/1153 1150/1150/1150 1149/1149/1149
f 1145/1145/1145 1150/1150/1150 1153/1153/1153
f 1151/1151/1151 1153/1153/1153 1149/1149/1149
f 1154/1154/1154 1152/1152/1152 1057/1057/1057
f 1151/1151/1151 1152/1152/1152 1154/1154/1154
f 1154/1154/1154 1065/1065/1065 1063/1063/1063
f 1057/1057/1057 1065/1065/1065 1154/1154/1154
f 1155/1155/1155 1154/1154/1154 1063/1063/1063
f 1151/1151/1151 1154/1154/1154 1155/1155/1155
f 1155/1155/1155 1063/1063/1063 1067/1067/1067
f 1067/1067/1067 1156/1156/1156 1155/1155/1155
f 1067/1067/1067 1157/1157/1157 1156/1156/1156
f 1068/1068/1068 1157/1157/1157 1067/1067/1067
f 1158/1158/1158 1157/1157/1157 1068/1068/1068
f 1157/1157/1157 1159/1159/1159 1156/1156/1156
f 1158/1158/1158 1159/1159/1159 1157/1157/1157
f 1158/1158/1158 1068/1068/1068 1069/1069/1069
f 1069/1069/1069 1160/1160/1160 1158/1158/1158
f 1069/1069/1069 1161/1161/1161 1160/1160/1160
f 1071/1071/1071 1161/1161/1161 1069/1069/1069
f 1162/1162/1162 1163/1163/1163 1161/1161/1161
f 1164/1164/1164 1163/1163/1163 1162/1162/1162
f 1071/1071/1071 1162/1162/1162 1161/1161/1161
f 1161/1161/1161 1165/1165/1165 1160/1160/1160
f 1165/1165/1165 1163/1163/1163 1164/1164/1164
f 1161/1161/1161 1163/1163/1163 1165/1165/1165
f 1166/1166/1166 1162/1162/1162 1071/1071/1071
f 1164/1164/1164 1162/1162/1162 1166/1166/1166
f 1166/1166/1166 1079/1079/1079 1078/1078/1078
f 1071/1071/1071 1079/1079/1079 1166/1166/1166
f 1167/1167/1167 1166/1166/1166 1078/1078/1078
f 1164/1164/1164 1166/1166/1166 1167/1167/1167
f 1167/1167/1167 1078/1078/1078 1081/1081/1081
f 1081/1081/1081 1168/1168/1168 1167/1167/1167
f 1168/1168/1168 1081/1081/1081 1084/1084/1084
f 1084/1084/1084 1169/1169/1169 1168/1168/1168
f 1169/1169/1169 1084/1084/1084 1087/1087/1087
f 1087/1087/1087 1170/1170/1170 1169/1169/1169
f 1170/1170/1170 1087/1087/1087 1093/1093/1093
f 1093/1093/1093 1171/1171/1171 1170/1170/1170
f 1093/1093/1093 1172/1172/1172 1171/1171/1171
f 1172/1172/1172 1100/1100/1100 1098/1098/1098
f 1093/1093/1093 1100/1100/1100 1172/1172/1172
f 1172/1172/1172 1174/1174/1174 1173/1173/1173
f 1098/1098/1098 1174/1174/1174 1172/1172/1172
f 1171/1171/1171 1172/1172/1172 1173/1173/1173
f 1174/1174/1174 1176/1176/1176 1175/1175/1175
f 1098/1098/1098 1176/1176/1176 1174/1174/1174
f 1173/1173/1173 1174/1174/1174 1175/1175/1175
f 1105/1105/1105 1177/1177/1177 1175/1175/1175
f 1104/1104/1104 1177/1177/1177 1105/1105/1105
f 1176/1176/1176 1106/1106/1106 1105/1105/1105
f 1098/1098/1098 1106/1106/1106 1176/1176/1176
f 1175/1175/1175 1176/1176/1176 1105/1105/1105
f 1178/1178/1178 1180/1180/1180 1179/1179/1179
f 1175/1175/1175 1180/1180/1180 1178/1178/1178
f 1181/1181/1181 1178/1178/1178 1179/1179/1179
f 1179/1179/1179 1177/1177/1177 1104/1104/1104
f 1177/1177/1177 1180/1180/1180 1175/1175/1175
f 1179/1179/1179 1180/1180/1180 1177/1177/1177
f 1175/1175/1175 1182/1182/1182 1173/1173/1173
f 1182/1182/1182 1178/1178/1178 1181/1181/1181
f 1175/1175/1175 1178/1178/1178 1182/1182/1182
f 1183/1183/1183 1179/1179/1179 1104/1104/1104
f 1181/1181/1181 1179/1179/1179 1183/1183/1183
f 1108/1108/1108 1183/1183/1183 1104/1104/1104
f 1184/1184/1184 1183/1183/1183 1108/1108/1108
f 1181/1181/1181 1183/1183/1183 1184/1184/1184
f 1108/1108/1108 1185/1185/1185 1184/1184/1184
f 1111/1111/1111 1185/1185/1185 1108/1108/1108
f 1186/1186/1186 1185/1185/1185 1111/1111/1111
f 1184/1184/1184 1185/1185/1185 1186/1186/1186
f 1186/1186/1186 1111/1111/1111 1116/1116/1116
f 1116/1116/1116 1187/1187/1187 1186/1186/1186
f 1187/1187/1187 1116/1116/1116 1117/1117/1117
f 1117/1117/1117 1188/1188/1188 1187/1187/1187
f 1188/1188/1188 1117/1117/1117 1118/1118/1118
f 1118/1118/1118 1189/1189/1189 1188/1188/1188
f 1189/1189/1189 1118/1118/1118 1119/1119/1119
f 1119/1119/1119 1190/1190/1190 1189/1189/1189
f 1190/1190/1190 1119/1119/1119 1120/1120/1120
f 1120/1120/1120 1191/1191/1191 1190/1190/1190
f 1191/1191/1191 1120/1120/1120 1121/1121/1121
f 1121/1121/1121 1192/1192/1192 1191/1191/1191
f 1121/1121/1121 1193/1193/1193 1192/1192/1192
f 1124/1124/1124 1193/1193/1193 1121/1121/1121
f 1194/1194/1194 1193/1193/1193 1124/1124/1124
f 1193/1193/1193 1195/1195/1195 1192/1192/1192
f 1194/1194/1194 1195/1195/1195 1193/1193/1193
f 1194/1194/1194 1124/1124/1124 1127/1127/1127
f 1127/1127/1127 1196/1196/1196 1194/1194/1194
f 1127/1127/1127 1197/1197/1197 1196/1196/1196
f 1128/1128/1128 1197/1197/1197 1127/1127/1127
f 1197/1197/1197 1199/1199/1199 1198/1198/1198
f 1128/1128/1128 1199/1199/1199 1197/1197/1197
f 1196/1196/1196 1197/1197/1197 1198/1198/1198
f 1199/1199/1199 1201/1201/1201 1200/1200/1200
f 1128/1128/1128 1201/1201/1201 1199/1199/1199
f 1198/1198/1198 1199/1199/1199 1200/1200/1200
f 1200/1200/1200 1131/1131/1131 1130/1130/1130
f 1131/1131/1131 1201/1201/1201 1128/1128/1128
f 1200/1200/1200 1201/1201/1201 1131/1131/1131
f 1202/1202/1202 1200/1200/1200 1130/1130/1130
f 1198/1198/1198 1200/1200/1200 1202/1202/1202
f 1202/1202/1202 1130/1130/1130 1132/1132/1132
f 1132/1132/1132 1203/1203/1203 1202/1202/1202
f 1203/1203/1203 1132/1132/1132 1133/1133/1133
f 1133/1133/1133 1204/1204/1204 1203/1203/1203
f 1205/1205/1205 1134/1134/1134 1135/1135/1135
f 1135/1135/1135 1206/1206/1206 1205/1205/1205
f 1206/1206/1206 1135/1135/1135 1136/1136/1136
f 1136/1136/1136 1207/1207/1207 1206/1206/1206
f 1207/1207/1207 1136/1136/1136 1137/1137/1137
f 1137/1137/1137 1208/1208/1208 1207/1207/1207
f 1137/1137/1137 1209/1209/1209 1208/1208/1208
f 1139/1139/1139 1209/1209/1209 1137/1137/1137
f 1209/1209/1209 1211/1211/1211 1210/1210/1210
f 1139/1139/1139 1211/1211/1211 1209/1209/1209
f 1209/1209/1209 1212/1212/1212 1208/1208/1208
f 1210/1210/1210 1212/1212/1212 1209/1209/1209
f 1211/1211/1211 1214/1214/1214 1213/1213/1213
f 1139/1139/1139 1214/1214/1214 1211/1211/1211
f 1210/1210/1210 1211/1211/1211 1213/1213/1213
f 1213/1213/1213 1147/1147/1147 1145/1145/1145
f 1147/1147/1147 1214/1214/1214 1139/1139/1139
f 1213/1213/1213 1214/1214/1214 1147/1147/1147
f 1215/1215/1215 1213/1213/1213 1145/1145/1145
f 1210/1210/1210 1213/1213/1213 1215/1215/1215
f 1145/1145/1145 1216/1216/1216 1215/1215/1215
f 1216/1216/1216 1153/1153/1153 1151/1151/1151
f 1145/1145/1145 1153/1153/1153 1216/1216/1216
f 1217/1217/1217 1216/1216/1216 1151/1151/1151
f 1216/1216/1216 1218/1218/1218 1215/1215/1215
f 1217/1217/1217 1218/1218/1218 1216/1216/1216
f 1217/1217/1217 1151/1151/1151 1155/1155/1155
f 1155/1155/1155 1219/1219/1219 1217/1217/1217
f 1219/1219/1219 1155/1155/1155 1156/1156/1156
f 1156/1156/1156 1220/1220/1220 1219/1219/1219
f 1156/1156/1156 1221/1221/1221 1220/1220/1220
f 1221/1221/1221 1159/1159/1159 1158/1158/1158
f 1156/1156/1156 1159/1159/1159 1221/1221/1221
f 1222/1222/1222 1223/1223/1223 1221/1221/1221
f 1224/1224/1224 1223/1223/1223 1222/1222/1222
f 1158/1158/1158 1222/1222/1222 1221/1221/1221
f 1221/1221/1221 1225/1225/1225 1220/1220/1220
f 1225/1225/1225 1223/1223/1223 1224/1224/1224
f 1221/1221/1221 1223/1223/1223 1225/1225/1225
f 1226/1226/1226 1222/1222/1222 1158/1158/1158
f 1224/1224/1224 1222/1222/1222 1226/1226/1226
f 1160/1160/1160 1226/1226/1226 1158/1158/1158
f 1227/1227/1227 1226/1226/1226 1160/1160/1160
f 1224/1224/1224 1226/1226/1226 1227/1227/1227
f 1160/1160/1160 1228/1228/1228 1227/1227/1227
f 1228/1228/1228 1165/1165/1165 1164/1164/1164
f 1160/1160/1160 1165/1165/1165 1228/1228/1228
f 1229/1229/1229 1228/1228/1228 1164/1164/1164
f 1227/1227/1227 1228/1228/1228 1229/1229/1229
f 1229/1229/1229 1164/1164/1164 1167/1167/1167
f 1167/1167/1167 1230/1230/1230 1229/1229/1229
f 1230/1230/1230 1167/1167/1167 1168/1168/1168
f 1168/1168/1168 1231/1231/1231 1230/1230/1230
f 1231/1231/1231 1168/1168/1168 1169/1169/1169
f 1169/1169/1169 1232/1232/1232 1231/1231/1231
f 1232/1232/1232 1169/1169/1169 1170/1170/1170
f 1170/1170/1170 1233/1233/1233 1232/1232/1232
f 1233/1233/1233 1170/1170/1170 1171/1171/1171
f 1171/1171/1171 1234/1234/1234 1233/1233/1233
f 1171/1171/1171 1235/1235/1235 1234/1234/1234
f 1173/1173/1173 1235/1235/1235 1171/1171/1171
f 1236/1236/1236 1235/1235/1235 1173/1173/1173
f 1235/1235/1235 1237/1237/1237 1234/1234/1234
f 1236/1236/1236 1237/1237/1237 1235/1235/1235
f 1173/1173/1173 1238/1238/1238 1236/1236/1236
f 1182/1182/1182 1239/1239/1239 1238/1238/1238
f 1181/1181/1181 1239/1239/1239 1182/1182/1182
f 1173/1173/1173 1182/1182/1182 1238/1238/1238
f 1238/1238/1238 1241/1241/1241 1240/1240/1240
f 1241/1241/1241 1239/1239/1239 1181/1181/1181
f 1238/1238/1238 1239/1239/1239 1241/1241/1241
f 1236/1236/1236 1238/1238/1238 1240/1240/1240
f 1242/1242/1242 1241/1241/1241 1181/1181/1181
f 1240/1240/1240 1241/1241/1241 1242/1242/1242
f 1184/1184/1184 1242/1242/1242 1181/1181/1181
f 1243/1243/1243 1242/1242/1242 1184/1184/1184
f 1240/1240/1240 1242/1242/1242 1243/1243/1243
f 1243/1243/1243 1184/1184/1184 1186/1186/1186
f 1186/1186/1186 1244/1244/1244 1243/1243/1243
f 1186/1186/1186 1245/1245/1245 1244/1244/1244
f 1187/1187/1187 1245/1245/1245 1186/1186/1186
f 1246/1246/1246 1245/1245/1245 1187/1187/1187
f 1245/1245/1245 1247/1247/1247 1244/1244/1244
f 1246/1246/1246 1247/1247/1247 1245/1245/1245
f 1246/1246/1246 1187/1187/1187 1188/1188/1188
f 1188/1188/1188 1248/1248/1248 1246/1246/1246
f 1248/1248/1248 1188/1188/1188 1189/1189/1189
f 1189/1189/1189 1249/1249/1249 1248/1248/1248
f 1249/1249/1249 1189/1189/1189 1190/1190/1190
f 1190/1190/1190 1250/1250/1250 1249/1249/1249
f 1250/1250/1250 1190/1190/1190 1191/1191/1191
f 1191/1191/1191 1251/1251/1251 1250/1250/1250
f 1251/1251/1251 1191/1191/1191 1192/1192/1192
f 1192/1192/1192 1252/1252/1252 1251/1251/1251
f 1192/1192/1192 1253/1253/1253 1252/1252/1252
f 1253/1253/1253 1195/1195/1195 1194/1194/1194
f 1192/1192/1192 1195/1195/1195 1253/1253/1253
f 1253/1253/1253 1255/1255/1255 1254/1254/1254
f 1194/1194/1194 1255/1255/1255 1253/1253/1253
f 1252/1252/1252 1253/1253/1253 1254/1254/1254
f 1256/1256/1256 1255/1255/1255 1194/1194/1194
f 1255/1255/1255 1257/1257/1257 1254/1254/1254
f 1256/1256/1256 1257/1257/1257 1255/1255/1255
f 1196/1196/1196 1256/1256/1256 1194/1194/1194
f 1258/1258/1258 1256/1256/1256 1196/1196/1196
f 1259/1259/1259 1257/1257/1257 1256/1256/1256
f 1254/1254/1254 1257/1257/1257 1259/1259/1259
f 1258/1258/1258 1259/1259/1259 1256/1256/1256
f 1258/1258/1258 1196/1196/1196 1198/1198/1198
f 1198/1198/1198 1260/1260/1260 1258/1258/1258
f 1260/1260/1260 1198/1198/1198 1202/1202/1202
f 1202/1202/1202 1261/1261/1261 1260/1260/1260
f 1261/1261/1261 1202/1202/1202 1203/1203/1203
f 1203/1203/1203 1262/1262/1262 1261/1261/1261
f 1262/1262/1262 1203/1203/1203 1204/1204/1204
f 1204/1204/1204 1263/1263/1263 1262/1262/1262
f 1264/1264/1264 1205/1205/1205 1206/1206/1206
f 1206/1206/1206 1265/1265/1265 1264/1264/1264
f 1265/1265/1265 1206/1206/1206 1207/1207/1207
f 1207/1207/1207 1266/1266/1266 1265/1265/1265
f 1207/1207/1207 1267/1267/1267 1266/1266/1266
f 1208/1208/1208 1267/1267/1267 1207/1207/1207
f 1268/1268/1268 1269/1269/1269 1267/1267/1267
f 1270/1270/1270 1269/1269/1269 1268/1268/1268
f 1208/1208/1208 1268/1268/1268 1267/1267/1267
f 1267/1267/1267 1271/1271/1271 1266/1266/1266
f 1269/1269/1269 1272/1272/1272 1271/1271/1271
f 1270/1270/1270 1272/1272/1272 1269/1269/1269
f 1267/1267/1267 1269/1269/1269 1271/1271/1271
f 1268/1268/1268 1274/1274/1274 1273/1273/1273
f 1208/1208/1208 1274/1274/1274 1268/1268/1268
f 1270/1270/1270 1268/1268/1268 1273/1273/1273
f 1273/1273/1273 1212/1212/1212 1210/1210/1210
f 1212/1212/1212 1274/1274/1274 1208/1208/1208
f 1273/1273/1273 1274/1274/1274 1212/1212/1212
f 1275/1275/1275 1273/1273/1273 1210/1210/1210
f 1270/1270/1270 1273/1273/1273 1275/1275/1275
f 1210/1210/1210 1276/1276/1276 1275/1275/1275
f 1215/1215/1215 1276/1276/1276 1210/1210/1210
f 1276/1276/1276 1278/1278/1278 1277/1277/1277
f 1215/1215/1215 1278/1278/1278 1276/1276/1276
f 1275/1275/1275 1276/1276/1276 1277/1277/1277
f 1279/1279/1279 1280/1280/1280 1278/1278/1278
f 1280/1280/1280 1282/1282/1282 1281/1281/1281
f 1279/1279/1279 1282/1282/1282 1280/1280/1280
f 1215/1215/1215 1279/1279/1279 1278/1278/1278
f 1278/1278/1278 1283/1283/1283 1277/1277/1277
f 1283/1283/1283 1280/1280/1280 1281/1281/1281
f 1278/1278/1278 1280/1280/1280 1283/1283/1283
f 1284/1284/1284 1285/1285/1285 1218/1218/1218
f 1281/1281/1281 1285/1285/1285 1284/1284/1284
f 1217/1217/1217 1284/1284/1284 1218/1218/1218
f 1218/1218/1218 1279/1279/1279 1215/1215/1215
f 1285/1285/1285 1282/1282/1282 1279/1279/1279
f 1281/1281/1281 1282/1282/1282 1285/1285/1285
f 1218/1218/1218 1285/1285/1285 1279/1279/1279
f 1281/1281/1281 1287/1287/1287 1286/1286/1286
f 1287/1287/1287 1284/1284/1284 1217/1217/1217
f 1281/1281/1281 1284/1284/1284 1287/1287/1287
f 1288/1288/1288 1283/1283/1283 1281/1281/1281
f 1277/1277/1277 1283/1283/1283 1288/1288/1288
f 1286/1286/1286 1288/1288/1288 1281/1281/1281
f 1289/1289/1289 1287/1287/1287 1217/1217/1217
f 1286/1286/1286 1287/1287/1287 1289/1289/1289
f 1219/1219/1219 1289/1289/1289 1217/1217/1217
f 1290/1290/1290 1289/1289/1289 1219/1219/1219
f 1286/1286/1286 1289/1289/1289 1290/1290/1290
f 1290/1290/1290 1219/1219/1219 1220/1220/1220
f 1220/1220/1220 1291/1291/1291 1290/1290/1290
f 1220/1220/1220 1292/1292/1292 1291/1291/1291
f 1292/1292/1292 1225/1225/1225 1224/1224/1224
f 1220/1220/1220 1225/1225/1225 1292/1292/1292
f 1293/1293/1293 1292/1292/1292 1224/1224/1224
f 1291/1291/1291 1292/1292/1292 1293/1293/1293
f 1293/1293/1293 1224/1224/1224 1227/1227/1227
f 1227/1227/1227 1294/1294/1294 1293/1293/1293
f 1294/1294/1294 1227/1227/1227 1229/1229/1229
f 1229/1229/1229 1295/1295/1295 1294/1294/1294
f 1295/1295/1295 1229/1229/1229 1230/1230/1230
f 1230/1230/1230 1296/1296/1296 1295/1295/1295
f 1296/1296/1296 1230/1230/1230 1231/1231/1231
f 1231/1231/1231 1297/1297/1297 1296/1296/1296
f 1297/1297/1297 1231/1231/1231 1232/1232/1232
f 1232/1232/1232 1298/1298/1298 1297/1297/1297
f 1298/1298/1298 1232/1232/1232 1233/1233/1233
f 1233/1233/1233 1299/1299/1299 1298/1298/1298
f 1299/1299/1299 1233/1233/1233 1234/1234/1234
f 1234/1234/1234 1300/1300/1300 1299/1299/1299
f 1234/1234/1234 1301/1301/1301 1300/1300/1300
f 1301/1301/1301 1237/1237/1237 1236/1236/1236
f 1234/1234/1234 1237/1237/1237 1301/1301/1301
f 1302/1302/1302 1301/1301/1301 1236/1236/1236
f 1301/1301/1301 1303/1303/1303 1300/1300/1300
f 1302/1302/1302 1303/1303/1303 1301/1301/1301
f 1302/1302/1302 1236/1236/1236 1240/1240/1240
f 1240/1240/1240 1304/1304/1304 1302/1302/1302
f 1240/1240/1240 1305/1305/1305 1304/1304/1304
f 1243/1243/1243 1305/1305/1305 1240/1240/1240
f 1306/1306/1306 1305/1305/1305 1243/1243/1243
f 1304/1304/1304 1305/1305/1305 1306/1306/1306
f 1306/1306/1306 1243/1243/1243 1244/1244/1244
f 1244/1244/1244 1307/1307/1307 1306/1306/1306
f 1244/1244/1244 1308/1308/1308 1307/1307/1307
f 1308/1308/1308 1247/1247/1247 1246/1246/1246
f 1244/1244/1244 1247/1247/1247 1308/1308/1308
f 1308/1308/1308 1310/1310/1310 1309/1309/1309
f 1246/1246/1246 1310/1310/1310 1308/1308/1308
f 1307/1307/1307 1308/1308/1308 1309/1309/1309
f 1311/1311/1311 1310/1310/1310 1246/1246/1246
f 1310/1310/1310 1312/1312/1312 1309/1309/1309
f 1311/1311/1311 1312/1312/1312 1310/1310/1310
f 1248/1248/1248 1311/1311/1311 1246/1246/1246
f 1311/1311/1311 1314/1314/1314 1313/1313/1313
f 1248/1248/1248 1314/1314/1314 1311/1311/1311
f 1315/1315/1315 1312/1312/1312 1311/1311/1311
f 1309/1309/1309 1312/1312/1312 1315/1315/1315
f 1313/1313/1313 1315/1315/1315 1311/1311/1311
f 1316/1316/1316 1314/1314/1314 1248/1248/1248
f 1313/1313/1313 1314/1314/1314 1316/1316/1316
f 1249/1249/1249 1316/1316/1316 1248/1248/1248
f 1317/1317/1317 1316/1316/1316 1249/1249/1249
f 1313/1313/1313 1316/1316/1316 1317/1317/1317
f 1317/1317/1317 1249/1249/1249 1250/1250/1250
f 1250/1250/1250 1318/1318/1318 1317/1317/1317
f 1318/1318/1318 1250/1250/1250 1251/1251/1251
f 1251/1251/1251 1319/1319/1319 1318/1318/1318
f 1319/1319/1319 1251/1251/1251 1252/1252/1252
f 1252/1252/1252 1320/1320/1320 1319/1319/1319
f 1320/1320/1320 1252/1252/1252 1254/1254/1254
f 1254/1254/1254 1321/1321/1321 1320/1320/1320
f 1254/1254/1254 1322/1322/1322 1321/1321/1321
f 1322/1322/1322 1259/1259/1259 1258/1258/1258
f 1254/1254/1254 1259/1259/1259 1322/1322/1322
f 1323/1323/1323 1322/1322/1322 1258/1258/1258
f 1322/1322/1322 1324/1324/1324 1321/1321/1321
f 1323/1323/1323 1324/1324/1324 1322/1322/1322
f 1323/1323/1323 1258/1258/1258 1260/1260/1260
f 1260/1260/1260 1325/1325/1325 1323/1323/1323
f 1325/1325/1325 1260/1260/1260 1261/1261/1261
f 1261/1261/1261 1326/1326/1326 1325/1325/1325
f 1326/1326/1326 1261/1261/1261 1262/1262/1262
f 1262/1262/1262 1327/1327/1327 1326/1326/1326
f 1327/1327/1327 1262/1262/1262 1263/1263/1263
f 1263/1263/1263 1328/1328/1328 1327/1327/1327
f 1329/1329/1329 1264/1264/1264 1265/1265/1265
f 1265/1265/1265 1330/1330/1330 1329/1329/1329
f 1265/1265/1265 1331/1331/1331 1330/1330/1330
f 1266/1266/1266 1331/1331/1331 1265/1265/1265
f 1331/1331/1331 1333/1333/1333 1332/1332/1332
f 1266/1266/1266 1333/1333/1333 1331/1331/1331
f 1330/1330/1330 1331/1331/1331 1332/1332/1332
f 1334/1334/1334 1335/1335/1335 1333/1333/1333
f 1336/1336/1336 1335/1335/1335 1334/1334/1334
f 1266/1266/1266 1334/1334/1334 1333/1333/1333
f 1333/1333/1333 1337/1337/1337 1332/1332/1332
f 1337/1337/1337 1335/1335/1335 1336/1336/1336
f 1333/1333/1333 1335/1335/1335 1337/1337/1337
f 1338/1338/1338 1340/1340/1340 1339/1339/1339
f 1271/1271/1271 1340/1340/1340 1338/1338/1338
f 1336/1336/1336 1338/1338/1338 1339/1339/1339
f 1339/1339/1339 1272/1272/1272 1270/1270/1270
f 1272/1272/1272 1340/1340/1340 1271/1271/1271
f 1339/1339/1339 1340/1340/1340 1272/1272/1272
f 1271/1271/1271 1334/1334/1334 1266/1266/1266
f 1334/1334/1334 1338/1338/1338 1336/1336/1336
f 1271/1271/1271 1338/1338/1338 1334/1334/1334
f 1336/1336/1336 1342/1342/1342 1341/1341/1341
f 1342/1342/1342 1339/1339/1339 1270/1270/1270
f 1336/1336/1336 1339/1339/1339 1342/1342/1342
f 1343/1343/1343 1337/1337/1337 1336/1336/1336
f 1332/1332/1332 1337/1337/1337 1343/1343/1343
f 1341/1341/1341 1343/1343/1343 1336/1336/1336
f 1344/1344/1344 1342/1342/1342 1270/1270/1270
f 1341/1341/1341 1342/1342/1342 1344/1344/1344
f 1275/1275/1275 1344/1344/1344 1270/1270/1270
f 1345/1345/1345 1344/1344/1344 1275/1275/1275
f 1344/1344/1344 1346/1346/1346 1341/1341/1341
f 1345/1345/1345 1346/1346/1346 1344/1344/1344
f 1345/1345/1345 1275/1275/1275 1277/1277/1277
f 1277/1277/1277 1347/1347/1347 1345/1345/1345
f 1277/1277/1277 1348/1348/1348 1347/1347/1347
f 1348/1348/1348 1288/1288/1288 1286/1286/1286
f 1277/1277/1277 1288/1288/1288 1348/1348/1348
f 1349/1349/1349 1348/1348/1348 1286/1286/1286
f 1347/1347/1347 1348/1348/1348 1349/1349/1349
f 1349/1349/1349 1286/1286/1286 1290/1290/1290
f 1290/1290/1290 1350/1350/1350 1349/1349/1349
f 1350/1350/1350 1290/1290/1290 1291/1291/1291
f 1291/1291/1291 1351/1351/1351 1350/1350/1350
f 1351/1351/1351 1291/1291/1291 1293/1293/1293
f 1293/1293/1293 1352/1352/1352 1351/1351/1351
f 1352/1352/1352 1293/1293/1293 1294/1294/1294
f 1294/1294/1294 1353/1353/1353 1352/1352/1352
f 1353/1353/1353 1294/1294/1294 1295/1295/1295
f 1295/1295/1295 1354/1354/1354 1353/1353/1353
f 1354/1354/1354 1295/1295/1295 1296/1296/1296
f 1296/1296/1296 1355/1355/1355 1354/1354/1354
f 1355/1355/1355 1296/1296/1296 1297/1297/1297
f 1297/1297/1297 1356/1356/1356 1355/1355/1355
f 1356/1356/1356 1297/1297/1297 1298/1298/1298
f 1298/1298/1298 1357/1357/1357 1356/1356/1356
f 1357/1357/1357 1298/1298/1298 1299/1299/1299
f 1299/1299/1299 1358/1358/1358 1357/1357/1357
f 1358/1358/1358 1299/1299/1299 1300/1300/1300
f 1300/1300/1300 1359/1359/1359 1358/1358/1358
f 1300/1300/1300 1360/1360/1360 1359/1359/1359
f 1303/1303/1303 1361/1361/1361 1360/1360/1360
f 1302/1302/1302 1361/1361/1361 1303/1303/1303
f 1300/1300/1300 1303/1303/1303 1360/1360/1360
f 1360/1360/1360 1363/1363/1363 1362/1362/1362
f 1363/1363/1363 1361/1361/1361 1302/1302/1302
f 1360/1360/1360 1361/1361/1361 1363/1363/1363
f 1359/1359/1359 1360/1360/1360 1362/1362/1362
f 1364/1364/1364 1363/1363/1363 1302/1302/1302
f 1362/1362/1362 1363/1363/1363 1364/1364/1364
f 1304/1304/1304 1364/1364/1364 1302/1302/1302
f 1365/1365/1365 1364/1364/1364 1304/1304/1304
f 1362/1362/1362 1364/1364/1364 1365/1365/1365
f 1365/1365/1365 1304/1304/1304 1306/1306/1306
f 1306/1306/1306 1366/1366/1366 1365/1365/1365
f 1366/1366/1366 1306/1306/1306 1307/1307/1307
f 1307/1307/1307 1367/1367/1367 1366/1366/1366
f 1307/1307/1307 1368/1368/1368 1367/1367/1367
f 1309/1309/1309 1368/1368/1368 1307/1307/1307
f 1368/1368/1368 1370/1370/1370 1369/1369/1369
f 1309/1309/1309 1370/1370/1370 1368/1368/1368
f 1367/1367/1367 1368/1368/1368 1369/1369/1369
f 1371/1371/1371 1372/1372/1372 1370/1370/1370
f 1373/1373/1373 1372/1372/1372 1371/1371/1371
f 1309/1309/1309 1371/1371/1371 1370/1370/1370
f 1370/1370/1370 1374/1374/1374 1369/1369/1369
f 1374/1374/1374 1372/1372/1372 1373/1373/1373
f 1370/1370/1370 1372/1372/1372 1374/1374/1374
f 1373/1373/1373 1315/1315/1315 1313/1313/1313
f 1315/1315/1315 1371/1371/1371 1309/1309/1309
f 1373/1373/1373 1371/1371/1371 1315/1315/1315
f 1373/1373/1373 1376/1376/1376 1375/1375/1375
f 1313/1313/1313 1376/1376/1376 1373/1373/1373
f 1377/1377/1377 1374/1374/1374 1373/1373/1373
f 1369/1369/1369 1374/1374/1374 1377/1377/1377
f 1375/1375/1375 1377/1377/1377 1373/1373/1373
f 1378/1378/1378 1376/1376/1376 1313/1313/1313
f 1376/1376/1376 1379/1379/1379 1375/1375/1375
f 1378/1378/1378 1379/1379/1379 1376/1376/1376
f 1317/1317/1317 1378/1378/1378 1313/1313/1313
f 1380/1380/1380 1381/1381/1381 1378/1378/1378
f 1382/1382/1382 1381/1381/1381 1380/1380/1380
f 1317/1317/1317 1380/1380/1380 1378/1378/1378
f 1379/1379/1379 1384/1384/1384 1383/1383/1383
f 1378/1378/1378 1384/1384/1384 1379/1379/1379
f 1375/1375/1375 1379/1379/1379 1383/1383/1383
f 1383/1383/1383 1381/1381/1381 1382/1382/1382
f 1381/1381/1381 1384/1384/1384 1378/1378/1378
f 1383/1383/1383 1384/1384/1384 1381/1381/1381
f 1385/1385/1385 1380/1380/1380 1317/1317/1317
f 1380/1380/1380 1386/1386/1386 1382/1382/1382
f 1385/1385/1385 1386/1386/1386 1380/1380/1380
f 1318/1318/1318 1385/1385/1385 1317/1317/1317
f 1387/1387/1387 1388/1388/1388 1385/1385/1385
f 1389/1389/1389 1388/1388/1388 1387/1387/1387
f 1318/1318/1318 1387/1387/1387 1385/1385/1385
f 1390/1390/1390 1391/1391/1391 1386/1386/1386
f 1392/1392/1392 1391/1391/1391 1390/1390/1390
f 1385/1385/1385 1390/1390/1390 1386/1386/1386
f 1386/1386/1386 1393/1393/1393 1382/1382/1382
f 1393/1393/1393 1391/1391/1391 1392/1392/1392
f 1386/1386/1386 1391/1391/1391 1393/1393/1393
f 1392/1392/1392 1388/1388/1388 1389/1389/1389
f 1388/1388/1388 1390/1390/1390 1385/1385/1385
f 1392/1392/1392 1390/1390/1390 1388/1388/1388
f 1394/1394/1394 1387/1387/1387 1318/1318/1318
f 1389/1389/1389 1387/1387/1387 1394/1394/1394
f 1319/1319/1319 1394/1394/1394 1318/1318/1318
f 1395/1395/1395 1394/1394/1394 1319/1319/1319
f 1394/1394/1394 1396/1396/1396 1389/1389/1389
f 1395/1395/1395 1396/1396/1396 1394/1394/1394
f 1395/1395/1395 1319/1319/1319 1320/1320/1320
f 1320/1320/1320 1397/1397/1397 1395/1395/1395
f 1320/1320/1320 1398/1398/1398 1397/1397/1397
f 1321/1321/1321 1398/1398/1398 1320/1320/1320
f 1398/1398/1398 1400/1400/1400 1399/1399/1399
f 1321/1321/1321 1400/1400/1400 1398/1398/1398
f 1397/1397/1397 1398/1398/1398 1399/1399/1399
f 1400/1400/1400 1402/1402/1402 1401/1401/1401
f 1321/1321/1321 1402/1402/1402 1400/1400/1400
f 1399/1399/1399 1400/1400/1400 1401/1401/1401
f 1403/1403/1403 1404/1404/1404 1324/1324/1324
f 1401/1401/1401 1404/1404/1404 1403/1403/1403
f 1323/1323/1323 1403/1403/1403 1324/1324/1324
f 1324/1324/1324 1402/1402/1402 1321/1321/1321
f 1402/1402/1402 1404/1404/1404 1401/1401/1401
f 1324/1324/1324 1404/1404/1404 1402/1402/1402
f 1401/1401/1401 1406/1406/1406 1405/1405/1405
f 1406/1406/1406 1403/1403/1403 1323/1323/1323
f 1401/1401/1401 1403/1403/1403 1406/1406/1406
f 1399/1399/1399 1401/1401/1401 1405/1405/1405
f 1407/1407/1407 1406/1406/1406 1323/1323/1323
f 1405/1405/1405 1406/1406/1406 1407/1407/1407
f 1325/1325/1325 1407/1407/1407 1323/1323/1323
f 1408/1408/1408 1407/1407/1407 1325/1325/1325
f 1405/1405/1405 1407/1407/1407 1408/1408/1408
f 1408/1408/1408 1325/1325/1325 1326/1326/1326
f 1326/1326/1326 1409/1409/1409 1408/1408/1408
f 1409/1409/1409 1326/1326/1326 1327/1327/1327
f 1327/1327/1327 1410/1410/1410 1409/1409/1409
f 1410/1410/1410 1327/1327/1327 1328/1328/1328
f 1328/1328/1328 1411/1411/1411 1410/1410/1410
f 1412/1412/1412 1329/1329/1329 1330/1330/1330
f 1330/1330/1330 1413/1413/1413 1412/1412/1412
f 1330/1330/1330 1414/1414/1414 1413/1413/1413
f 1332/1332/1332 1414/1414/1414 1330/1330/1330
f 1414/1414/1414 1416/1416/1416 1415/1415/1415
f 1332/1332/1332 1416/1416/1416 1414/1414/1414
f 1413/1413/1413 1414/1414/1414 1415/1415/1415
f 1416/1416/1416 1418/1418/1418 1417/1417/1417
f 1332/1332/1332 1418/1418/1418 1416/1416/1416
f 1415/1415/1415 1416/1416/1416 1417/1417/1417
f 1417/1417/1417 1343/1343/1343 1341/1341/1341
f 1343/1343/1343 1418/1418/1418 1332/1332/1332
f 1417/1417/1417 1418/1418/1418 1343/1343/1343
f 1417/1417/1417 1420/1420/1420 1419/1419/1419
f 1341/1341/1341 1420/1420/1420 1417/1417/1417
f 1415/1415/1415 1417/1417/1417 1419/1419/1419
f 1420/1420/1420 1422/1422/1422 1421/1421/1421
f 1341/1341/1341 1422/1422/1422 1420/1420/1420
f 1419/1419/1419 1420/1420/1420 1421/1421/1421
f 1423/1423/1423 1424/1424/1424 1346/1346/1346
f 1424/1424/1424 1425/1425/1425 1421/1421/1421
f 1423/1423/1423 1425/1425/1425 1424/1424/1424
f 1345/1345/1345 1423/1423/1423 1346/1346/1346
f 1346/1346/1346 1422/1422/1422 1341/1341/1341
f 1422/1422/1422 1424/1424/1424 1421/1421/1421
f 1346/1346/1346 1424/1424/1424 1422/1422/1422
f 1426/1426/1426 1428/1428/1428 1427/1427/1427
f 1421/1421/1421 1428/1428/1428 1426/1426/1426
f 1429/1429/1429 1426/1426/1426 1427/1427/1427
f 1427/1427/1427 1423/1423/1423 1345/1345/1345
f 1428/1428/1428 1425/1425/1425 1423/1423/1423
f 1421/1421/1421 1425/1425/1425 1428/1428/1428
f 1427/1427/1427 1428/1428/1428 1423/1423/1423
f 1421/1421/1421 1430/1430/1430 1419/1419/1419
f 1430/1430/1430 1426/1426/1426 1429/1429/1429
f 1421/1421/1421 1426/1426/1426 1430/1430/1430
f 1431/1431/1431 1427/1427/1427 1345/1345/1345
f 1427/1427/1427 1432/1432/1432 1429/1429/1429
f 1431/1431/1431 1432/1432/1432 1427/1427/1427
f 1347/1347/1347 1431/1431/1431 1345/1345/1345
f 1433/1433/1433 1431/1431/1431 1347/1347/1347
f 1434/1434/1434 1432/1432/1432 1431/1431/1431
f 1432/1432/1432 1435/1435/1435 1429/1429/1429
f 1434/1434/1434 1435/1435/1435 1432/1432/1432
f 1433/1433/1433 1434/1434/1434 1431/1431/1431
f 1433/1433/1433 1347/1347/1347 1349/1349/1349
f 1349/1349/1349 1436/1436/1436 1433/1433/1433
f 1349/1349/1349 1437/1437/1437 1436/1436/1436
f 1350/1350/1350 1437/1437/1437 1349/1349/1349
f 1438/1438/1438 1437/1437/1437 1350/1350/1350
f 1436/1436/1436 1437/1437/1437 1438/1438/1438
f 1438/1438/1438 1350/1350/1350 1351/1351/1351
f 1351/1351/1351 1439/1439/1439 1438/1438/1438
f 1439/1439/1439 1351/1351/1351 1352/1352/1352
f 1352/1352/1352 1440/1440/1440 1439/1439/1439
f 1352/1352/1352 1441/1441/1441 1440/1440/1440
f 1353/1353/1353 1441/1441/1441 1352/1352/1352
f 1442/1442/1442 1441/1441/1441 1353/1353/1353
f 1440/1440/1440 1441/1441/1441 1442/1442/1442
f 1353/1353/1353 1443/1443/1443 1442/1442/1442
f 1354/1354/1354 1443/1443/1443 1353/1353/1353
f 1444/1444/1444 1443/1443/1443 1354/1354/1354
f 1442/1442/1442 1443/1443/1443 1444/1444/1444
f 1444/1444/1444 1354/1354/1354 1355/1355/1355
f 1355/1355/1355 1445/1445/1445 1444/1444/1444
f 1445/1445/1445 1355/1355/1355 1356/1356/1356
f 1356/1356/1356 1446/1446/1446 1445/1445/1445
f 1446/1446/1446 1356/1356/1356 1357/1357/1357
f 1357/1357/1357 1447/1447/1447 1446/1446/1446
f 1357/1357/1357 1448/1448/1448 1447/1447/1447
f 1358/1358/1358 1448/1448/1448 1357/1357/1357
f 1449/1449/1449 1448/1448/1448 1358/1358/1358
f 1448/1448/1448 1450/1450/1450 1447/1447/1447
f 1449/1449/1449 1450/1450/1450 1448/1448/1448
f 1449/1449/1449 1358/1358/1358 1359/1359/1359
f 1359/1359/1359 1451/1451/1451 1449/1449/1449
f 1451/1451/1451 1359/1359/1359 1362/1362/1362
f 1362/1362/1362 1452/1452/1452 1451/1451/1451
f 1452/1452/1452 1362/1362/1362 1365/1365/1365
f 1365/1365/1365 1453/1453/1453 1452/1452/1452
f 1453/1453/1453 1365/1365/1365 1366/1366/1366
f 1366/1366/1366 1454/1454/1454 1453/1453/1453
f 1454/1454/1454 1366/1366/1366 1367/1367/1367
f 1367/1367/1367 1455/1455/1455 1454/1454/1454
f 1455/1455/1455 1367/1367/1367 1369/1369/1369
f 1369/1369/1369 1456/1456/1456 1455/1455/1455
f 1369/1369/1369 1457/1457/1457 1456/1456/1456
f 1457/1457/1457 1377/1377/1377 1375/1375/1375
f 1369/1369/1369 1377/1377/1377 1457/1457/1457
f 1458/1458/1458 1457/1457/1457 1375/1375/1375
f 1456/1456/1456 1457/1457/1457 1458/1458/1458
f 1375/1375/1375 1459/1459/1459 1458/1458/1458
f 1459/1459/1459 1383/1383/1383 1382/1382/1382
f 1375/1375/1375 1383/1383/1383 1459/1459/1459
f 1459/1459/1459 1461/1461/1461 1460/1460/1460
f 1382/1382/1382 1461/1461/1461 1459/1459/1459
f 1458/1458/1458 1459/1459/1459 1460/1460/1460
f 1461/1461/1461 1463/1463/1463 1462/1462/1462
f 1382/1382/1382 1463/1463/1463 1461/1461/1461
f 1460/1460/1460 1461/1461/1461 1462/1462/1462
f 1462/1462/1462 1392/1392/1392 1389/1389/1389
f 1463/1463/1463 1393/1393/1393 1392/1392/1392
f 1382/1382/1382 1393/1393/1393 1463/1463/1463
f 1462/1462/1462 1463/1463/1463 1392/1392/1392
f 1464/1464/1464 1462/1462/1462 1389/1389/1389
f 1460/1460/1460 1462/1462/1462 1464/1464/1464
f 1389/1389/1389 1465/1465/1465 1464/1464/1464
f 1396/1396/1396 1466/1466/1466 1465/1465/1465
f 1395/1395/1395 1466/1466/1466 1396/1396/1396
f 1389/1389/1389 1396/1396/1396 1465/1465/1465
f 1465/1465/1465 1468/1468/1468 1467/1467/1467
f 1468/1468/1468 1466/1466/1466 1395/1395/1395
f 1465/1465/1465 1466/1466/1466 1468/1468/1468
f 1464/1464/1464 1465/1465/1465 1467/1467/1467
f 1469/1469/1469 1468/1468/1468 1395/1395/1395
f 1467/1467/1467 1468/1468/1468 1469/1469/1469
f 1397/1397/1397 1469/1469/1469 1395/1395/1395
f 1469/1469/1469 1471/1471/1471 1470/1470/1470
f 1397/1397/1397 1471/1471/1471 1469/1469/1469
f 1467/1467/1467 1469/1469/1469 1470/1470/1470
f 1472/1472/1472 1471/1471/1471 1397/1397/1397
f 1470/1470/1470 1471/1471/1471 1472/1472/1472
f 1399/1399/1399 1472/1472/1472 1397/1397/1397
f 1473/1473/1473 1472/1472/1472 1399/1399/1399
f 1472/1472/1472 1474/1474/1474 1470/1470/1470
f 1473/1473/1473 1474/1474/1474 1472/1472/1472
f 1473/1473/1473 1399/1399/1399 1405/1405/1405
f 1405/1405/1405 1475/1475/1475 1473/1473/1473
f 1405/1405/1405 1476/1476/1476 1475/1475/1475
f 1408/1408/1408 1476/1476/1476 1405/1405/1405
f 1477/1477/1477 1476/1476/1476 1408/1408/1408
f 1475/1475/1475 1476/1476/1476 1477/1477/1477
f 1477/1477/1477 1408/1408/1408 1409/1409/1409
f 1409/1409/1409 1478/1478/1478 1477/1477/1477
f 1478/1478/1478 1409/1409/1409 1410/1410/1410
f 1410/1410/1410 1479/1479/1479 1478/1478/1478
f 1479/1479/1479 1410/1410/1410 1411/1411/1411
f 1411/1411/1411 1480/1480/1480 1479/1479/1479
f 1412/1412/1412 1482/1482/1482 1481/1481/1481
f 1413/1413/1413 1482/1482/1482 1412/1412/1412
f 1483/1483/1483 1484/1484/1484 1482/1482/1482
f 1485/1485/1485 1484/1484/1484 1483/1483/1483
f 1413/1413/1413 1483/1483/1483 1482/1482/1482
f 1482/1482/1482 1486/1486/1486 1481/1481/1481
f 1484/1484/1484 1487/1487/1487 1486/1486/1486
f 1485/1485/1485 1487/1487/1487 1484/1484/1484
f 1482/1482/1482 1484/1484/1484 1486/1486/1486
f 1488/1488/1488 1483/1483/1483 1413/1413/1413
f 1485/1485/1485 1483/1483/1483 1488/1488/1488
f 1415/1415/1415 1488/1488/1488 1413/1413/1413
f 1489/1489/1489 1488/1488/1488 1415/1415/1415
f 1485/1485/1485 1488/1488/1488 1489/1489/1489
f 1489/1489/1489 1415/1415/1415 1419/1419/1419
f 1419/1419/1419 1490/1490/1490 1489/1489/1489
f 1419/1419/1419 1491/1491/1491 1490/1490/1490
f 1491/1491/1491 1430/1430/1430 1429/1429/1429
f 1419/1419/1419 1430/1430/1430 1491/1491/1491
f 1491/1491/1491 1493/1493/1493 1492/1492/1492
f 1429/1429/1429 1493/1493/1493 1491/1491/1491
f 1490/1490/1490 1491/1491/1491 1492/1492/1492
f 1493/1493/1493 1495/1495/1495 1494/1494/1494
f 1429/1429/1429 1495/1495/1495 1493/1493/1493
f 1492/1492/1492 1493/1493/1493 1494/1494/1494
f 1494/1494/1494 1434/1434/1434 1433/1433/1433
f 1495/1495/1495 1435/1435/1435 1434/1434/1434
f 1429/1429/1429 1435/1435/1435 1495/1495/1495
f 1494/1494/1494 1495/1495/1495 1434/1434/1434
f 1496/1496/1496 1494/1494/1494 1433/1433/1433
f 1492/1492/1492 1494/1494/1494 1496/1496/1496
f 1496/1496/1496 1433/1433/1433 1436/1436/1436
f 1436/1436/1436 1497/1497/1497 1496/1496/1496
f 1436/1436/1436 1498/1498/1498 1497/1497/1497
f 1438/1438/1438 1498/1498/1498 1436/1436/1436
f 1498/1498/1498 1500/1500/1500 1499/1499/1499
f 1438/1438/1438 1500/1500/1500 1498/1498/1498
f 1497/1497/1497 1498/1498/1498 1499/1499/1499
f 1501/1501/1501 1500/1500/1500 1438/1438/1438
f 1499/1499/1499 1500/1500/1500 1501/1501/1501
f 1439/1439/1439 1501/1501/1501 1438/1438/1438
f 1502/1502/1502 1501/1501/1501 1439/1439/1439
f 1499/1499/1499 1501/1501/1501 1502/1502/1502
f 1502/1502/1502 1439/1439/1439 1440/1440/1440
f 1440/1440/1440 1503/1503/1503 1502/1502/1502
f 1503/1503/1503 1440/1440/1440 1442/1442/1442
f 1442/1442/1442 1504/1504/1504 1503/1503/1503
f 1442/1442/1442 1505/1505/1505 1504/1504/1504
f 1444/1444/1444 1505/1505/1505 1442/1442/1442
f 1506/1506/1506 1505/1505/1505 1444/1444/1444
f 1505/1505/1505 1507/1507/1507 1504/1504/1504
f 1506/1506/1506 1507/1507/1507 1505/1505/1505
f 1444/1444/1444 1508/1508/1508 1506/1506/1506
f 1445/1445/1445 1508/1508/1508 1444/1444/1444
f 1508/1508/1508 1510/1510/1510 1509/1509/1509
f 1445/1445/1445 1510/1510/1510 1508/1508/1508
f 1506/1506/1506 1508/1508/1508 1509/1509/1509
f 1511/1511/1511 1510/1510/1510 1445/1445/1445
f 1509/1509/1509 1510/1510/1510 1511/1511/1511
f 1446/1446/1446 1511/1511/1511 1445/1445/1445
f 1512/1512/1512 1511/1511/1511 1446/1446/1446
f 1509/1509/1509 1511/1511/1511 1512/1512/1512
f 1446/1446/1446 1513/1513/1513 1512/1512/1512
f 1447/1447/1447 1513/1513/1513 1446/1446/1446
f 1513/1513/1513 1515/1515/1515 1514/1514/1514
f 1447/1447/1447 1515/1515/1515 1513/1513/1513
f 1512/1512/1512 1513/1513/1513 1514/1514/1514
f 1516/1516/1516 1515/1515/1515 1447/1447/1447
f 1514/1514/1514 1515/1515/1515 1516/1516/1516
f 1450/1450/1450 1517/1517/1517 1516/1516/1516
f 1449/1449/1449 1517/1517/1517 1450/1450/1450
f 1447/1447/1447 1450/1450/1450 1516/1516/1516
f 1516/1516/1516 1519/1519/1519 1518/1518/1518
f 1519/1519/1519 1517/1517/1517 1449/1449/1449
f 1516/1516/1516 1517/1517/1517 1519/1519/1519
f 1514/1514/1514 1516/1516/1516 1518/1518/1518
f 1520/1520/1520 1519/1519/1519 1449/1449/1449
f 1518/1518/1518 1519/1519/1519 1520/1520/1520
f 1451/1451/1451 1520/1520/1520 1449/1449/1449
f 1521/1521/1521 1520/1520/1520 1451/1451/1451
f 1518/1518/1518 1520/1520/1520 1521/1521/1521
f 1451/1451/1451 1522/1522/1522 1521/1521/1521
f 1452/1452/1452 1522/1522/1522 1451/1451/1451
f 1523/1523/1523 1522/1522/1522 1452/1452/1452
f 1522/1522/1522 1524/1524/1524 1521/1521/1521
f 1523/1523/1523 1524/1524/1524 1522/1522/1522
f 1523/1523/1523 1452/1452/1452 1453/1453/1453
f 1453/1453/1453 1525/1525/1525 1523/1523/1523
f 1525/1525/1525 1453/1453/1453 1454/1454/1454
f 1454/1454/1454 1526/1526/1526 1525/1525/1525
f 1526/1526/1526 1454/1454/1454 1455/1455/1455
f 1455/1455/1455 1527/1527/1527 1526/1526/1526
f 1527/1527/1527 1455/1455/1455 1456/1456/1456
f 1456/1456/1456 1528/1528/1528 1527/1527/1527
f 1528/1528/1528 1456/1456/1456 1458/1458/1458
f 1458/1458/1458 1529/1529/1529 1528/1528/1528
f 1529/1529/1529 1458/1458/1458 1460/1460/1460
f 1460/1460/1460 1530/1530/1530 1529/1529/1529
f 1460/1460/1460 1531/1531/1531 1530/1530/1530
f 1464/1464/1464 1531/1531/1531 1460/1460/1460
f 1532/1532/1532 1531/1531/1531 1464/1464/1464
f 1530/1530/1530 1531/1531/1531 1532/1532/1532
f 1532/1532/1532 1464/1464/1464 1467/1467/1467
f 1467/1467/1467 1533/1533/1533 1532/1532/1532
f 1467/1467/1467 1534/1534/1534 1533/1533/1533
f 1470/1470/1470 1534/1534/1534 1467/1467/1467
f 1534/1534/1534 1536/1536/1536 1535/1535/1535
f 1470/1470/1470 1536/1536/1536 1534/1534/1534
f 1533/1533/1533 1534/1534/1534 1535/1535/1535
f 1536/1536/1536 1538/1538/1538 1537/1537/1537
f 1470/1470/1470 1538/1538/1538 1536/1536/1536
f 1535/1535/1535 1536/1536/1536 1537/1537/1537
f 1539/1539/1539 1540/1540/1540 1474/1474/1474
f 1540/1540/1540 1541/1541/1541 1537/1537/1537
f 1539/1539/1539 1541/1541/1541 1540/1540/1540
f 1473/1473/1473 1539/1539/1539 1474/1474/1474
f 1474/1474/1474 1538/1538/1538 1470/1470/1470
f 1538/1538/1538 1540/1540/1540 1537/1537/1537
f 1474/1474/1474 1540/1540/1540 1538/1538/1538
f 1542/1542/1542 1544/1544/1544 1543/1543/1543
f 1537/1537/1537 1544/1544/1544 1542/1542/1542
f 1545/1545/1545 1542/1542/1542 1543/1543/1543
f 1543/1543/1543 1539/1539/1539 1473/1473/1473
f 1544/1544/1544 1541/1541/1541 1539/1539/1539
f 1537/1537/1537 1541/1541/1541 1544/1544/1544
f 1543/1543/1543 1544/1544/1544 1539/1539/1539
f 1537/1537/1537 1546/1546/1546 1535/1535/1535
f 1546/1546/1546 1542/1542/1542 1545/1545/1545
f 1537/1537/1537 1542/1542/1542 1546/1546/1546
f 1547/1547/1547 1543/1543/1543 1473/1473/1473
f 1545/1545/1545 1543/1543/1543 1547/1547/1547
f 1475/1475/1475 1547/1547/1547 1473/1473/1473
f 1547/1547/1547 1549/1549/1549 1548/1548/1548
f 1475/1475/1475 1549/1549/1549 1547/1547/1547
f 1545/1545/1545 1547/1547/1547 1548/1548/1548
f 1550/1550/1550 1549/1549/1549 1475/1475/1475
f 1549/1549/1549 1551/1551/1551 1548/1548/1548
f 1550/1550/1550 1551/1551/1551 1549/1549/1549
f 1477/1477/1477 1550/1550/1550 1475/1475/1475
f 1550/1550/1550 1553/1553/1553 1552/1552/1552
f 1477/1477/1477 1553/1553/1553 1550/1550/1550
f 1554/1554/1554 1551/1551/1551 1550/1550/1550
f 1548/1548/1548 1551/1551/1551 1554/1554/1554
f 1552/1552/1552 1554/1554/1554 1550/1550/1550
f 1555/1555/1555 1553/1553/1553 1477/1477/1477
f 1552/1552/1552 1553/1553/1553 1555/1555/1555
f 1478/1478/1478 1555/1555/1555 1477/1477/1477
f 1556/1556/1556 1555/1555/1555 1478/1478/1478
f 1552/1552/1552 1555/1555/1555 1556/1556/1556
f 1556/1556/1556 1478/1478/1478 1479/1479/1479
f 1479/1479/1479 1557/1557/1557 1556/1556/1556
f 1557/1557/1557 1479/1479/1479 1480/1480/1480
f 1480/1480/1480 1558/1558/1558 1557/1557/1557
f 1481/1481/1481 1560/1560/1560 1559/1559/1559
f 1486/1486/1486 1561/1561/1561 1560/1560/1560
f 1561/1561/1561 1487/1487/1487 1485/1485/1485
f 1486/1486/1486 1487/1487/1487 1561/1561/1561
f 1481/1481/1481 1486/1486/1486 1560/1560/1560
f 1560/1560/1560 1563/1563/1563 1562/1562/1562
f 1563/1563/1563 1561/1561/1561 1485/1485/1485
f 1560/1560/1560 1561/1561/1561 1563/1563/1563
f 1559/1559/1559 1560/1560/1560 1562/1562/1562
f 1564/1564/1564 1563/1563/1563 1485/1485/1485
f 1563/1563/1563 1565/1565/1565 1562/1562/1562
f 1564/1564/1564 1565/1565/1565 1563/1563/1563
f 1489/1489/1489 1564/1564/1564 1485/1485/1485
f 1566/1566/1566 1564/1564/1564 1489/1489/1489
f 1567/1567/1567 1565/1565/1565 1564/1564/1564
f 1562/1562/1562 1565/1565/1565 1567/1567/1567
f 1566/1566/1566 1567/1567/1567 1564/1564/1564
f 1566/1566/1566 1489/1489/1489 1490/1490/1490
f 1490/1490/1490 1568/1568/1568 1566/1566/1566
f 1568/1568/1568 1490/1490/1490 1492/1492/1492
f 1492/1492/1492 1569/1569/1569 1568/1568/1568
f 1569/1569/1569 1492/1492/1492 1496/1496/1496
f 1496/1496/1496 1570/1570/1570 1569/1569/1569
f 1570/1570/1570 1496/1496/1496 1497/1497/1497
f 1497/1497/1497 1571/1571/1571 1570/1570/1570
f 1571/1571/1571 1497/1497/1497 1499/1499/1499
f 1499/1499/1499 1572/1572/1572 1571/1571/1571
f 1572/1572/1572 1499/1499/1499 1502/1502/1502
f 1502/1502/1502 1573/1573/1573 1572/1572/1572
f 1502/1502/1502 1574/1574/1574 1573/1573/1573
f 1503/1503/1503 1574/1574/1574 1502/1502/1502
f 1574/1574/1574 1576/1576/1576 1575/1575/1575
f 1503/1503/1503 1576/1576/1576 1574/1574/1574
f 1573/1573/1573 1574/1574/1574 1575/1575/1575
f 1577/1577/1577 1576/1576/1576 1503/1503/1503
f 1576/1576/1576 1578/1578/1578 1575/1575/1575
f 1577/1577/1577 1578/1578/1578 1576/1576/1576
f 1504/1504/1504 1577/1577/1577 1503/1503/1503
f 1577/1577/1577 1580/1580/1580 1579/1579/1579
f 1504/1504/1504 1580/1580/1580 1577/1577/1577
f 1581/1581/1581 1578/1578/1578 1577/1577/1577
f 1575/1575/1575 1578/1578/1578 1581/1581/1581
f 1579/1579/1579 1581/1581/1581 1577/1577/1577
f 1580/1580/1580 1583/1583/1583 1582/1582/1582
f 1504/1504/1504 1583/1583/1583 1580/1580/1580
f 1580/1580/1580 1584/1584/1584 1579/1579/1579
f 1582/1582/1582 1584/1584/1584 1580/1580/1580
f 1582/1582/1582 1507/1507/1507 1506/1506/1506
f 1507/1507/1507 1583/1583/1583 1504/1504/1504
f 1582/1582/1582 1583/1583/1583 1507/1507/1507
f 1585/1585/1585 1586/1586/1586 1582/1582/1582
f 1587/1587/1587 1586/1586/1586 1585/1585/1585
f 1506/1506/1506 1585/1585/1585 1582/1582/1582
f 1588/1588/1588 1589/1589/1589 1584/1584/1584
f 1590/1590/1590 1589/1589/1589 1588/1588/1588
f 1582/1582/1582 1588/1588/1588 1584/1584/1584
f 1584/1584/1584 1591/1591/1591 1579/1579/1579
f 1591/1591/1591 1589/1589/1589 1590/1590/1590
f 1584/1584/1584 1589/1589/1589 1591/1591/1591
f 1590/1590/1590 1586/1586/1586 1587/1587/1587
f 1586/1586/1586 1588/1588/1588 1582/1582/1582
f 1590/1590/1590 1588/1588/1588 1586/1586/1586
f 1592/1592/1592 1585/1585/1585 1506/1506/1506
f 1585/1585/1585 1593/1593/1593 1587/1587/1587
f 1592/1592/1592 1593/1593/1593 1585/1585/1585
f 1509/1509/1509 1592/1592/1592 1506/1506/1506
f 1594/1594/1594 1595/1595/1595 1592/1592/1592
f 1596/1596/1596 1595/1595/1595 1594/1594/1594
f 1509/1509/1509 1594/1594/1594 1592/1592/1592
f 1597/1597/1597 1593/1593/1593 1592/1592/1592
f 1587/1587/1587 1593/1593/1593 1597/1597/1597
f 1597/1597/1597 1595/1595/1595 1596/1596/1596
f 1592/1592/1592 1595/1595/1595 1597/1597/1597
f 1598/1598/1598 1594/1594/1594 1509/1509/1509
f 1596/1596/1596 1594/1594/1594 1598/1598/1598
f 1512/1512/1512 1598/1598/1598 1509/1509/1509
f 1599/1599/1599 1598/1598/1598 1512/1512/1512
f 1596/1596/1596 1598/1598/1598 1599/1599/1599
f 1599/1599/1599 1512/1512/1512 1514/1514/1514
f 1514/1514/1514 1600/1600/1600 1599/1599/1599
f 1600/1600/1600 1514/1514/1514 1518/1518/1518
f 1518/1518/1518 1601/1601/1601 1600/1600/1600
f 1518/1518/1518 1602/1602/1602 1601/1601/1601
f 1521/1521/1521 1602/1602/1602 1518/1518/1518
f 1602/1602/1602 1604/1604/1604 1603/1603/1603
f 1521/1521/1521 1604/1604/1604 1602/1602/1602
f 1601/1601/1601 1602/1602/1602 1603/1603/1603
f 1605/1605/1605 1606/1606/1606 1604/1604/1604
f 1607/1607/1607 1606/1606/1606 1605/1605/1605
f 1521/1521/1521 1605/1605/1605 1604/1604/1604
f 1604/1604/1604 1608/1608/1608 1603/1603/1603
f 1608/1608/1608 1606/1606/1606 1607/1607/1607
f 1604/1604/1604 1606/1606/1606 1608/1608/1608
f 1607/1607/1607 1524/1524/1524 1523/1523/1523
f 1524/1524/1524 1605/1605/1605 1521/1521/1521
f 1607/1607/1607 1605/1605/1605 1524/1524/1524
f 1609/1609/1609 1607/1607/1607 1523/1523/1523
f 1610/1610/1610 1608/1608/1608 1607/1607/1607
f 1603/1603/1603 1608/1608/1608 1610/1610/1610
f 1609/1609/1609 1610/1610/1610 1607/1607/1607
f 1609/1609/1609 1523/1523/1523 1525/1525/1525
f 1525/1525/1525 1611/1611/1611 1609/1609/1609
f 1611/1611/1611 1525/1525/1525 1526/1526/1526
f 1526/1526/1526 1612/1612/1612 1611/1611/1611
f 1612/1612/1612 1526/1526/1526 1527/1527/1527
f 1527/1527/1527 1613/1613/1613 1612/1612/1612
f 1613/1613/1613 1527/1527/1527 1528/1528/1528
f 1528/1528/1528 1614/1614/1614 1613/1613/1613
f 1614/1614/1614 1528/1528/1528 1529/1529/1529
f 1529/1529/1529 1615/1615/1615 1614/1614/1614
f 1615/1615/1615 1529/1529/1529 1530/1530/1530
f 1530/1530/1530 1616/1616/1616 1615/1615/1615
f 1616/1616/1616 1530/1530/1530 1532/1532/1532
f 1532/1532/1532 1617/1617/1617 1616/1616/1616
f 1617/1617/1617 1532/1532/1532 1533/1533/1533
f 1533/1533/1533 1618/1618/1618 1617/1617/1617
f 1533/1533/1533 1619/1619/1619 1618/1618/1618
f 1535/1535/1535 1619/1619/1619 1533/1533/1533
f 1620/1620/1620 1619/1619/1619 1535/1535/1535
f 1619/1619/1619 1621/1621/1621 1618/1618/1618
f 1620/1620/1620 1621/1621/1621 1619/1619/1619
f 1535/1535/1535 1622/1622/1622 1620/1620/1620
f 1622/1622/1622 1546/1546/1546 1545/1545/1545
f 1535/1535/1535 1546/1546/1546 1622/1622/1622
f 1623/1623/1623 1622/1622/1622 1545/1545/1545
f 1622/1622/1622 1624/1624/1624 1620/1620/1620
f 1623/1623/1623 1624/1624/1624 1622/1622/1622
f 1623/1623/1623 1545/1545/1545 1548/1548/1548
f 1548/1548/1548 1625/1625/1625 1623/1623/1623
f 1548/1548/1548 1626/1626/1626 1625/1625/1625
f 1626/1626/1626 1554/1554/1554 1552/1552/1552
f 1548/1548/1548 1554/1554/1554 1626/1626/1626
f 1627/1627/1627 1626/1626/1626 1552/1552/1552
f 1625/1625/1625 1626/1626/1626 1627/1627/1627
f 1627/1627/1627 1552/1552/1552 1556/1556/1556
f 1556/1556/1556 1628/1628/1628 1627/1627/1627
f 1628/1628/1628 1556/1556/1556 1557/1557/1557
f 1557/1557/1557 1629/1629/1629 1628/1628/1628
f 1629/1629/1629 1557/1557/1557 1558/1558/1558
f 1558/1558/1558 1630/1630/1630 1629/1629/1629
f 1631/1631/1631 1559/1559/1559 1562/1562/1562
f 1562/1562/1562 1632/1632/1632 1631/1631/1631
f 1562/1562/1562 1633/1633/1633 1632/1632/1632
f 1633/1633/1633 1567/1567/1567 1566/1566/1566
f 1562/1562/1562 1567/1567/1567 1633/1633/1633
f 1634/1634/1634 1633/1633/1633 1566/1566/1566
f 1632/1632/1632 1633/1633/1633 1634/1634/1634
f 1634/1634/1634 1566/1566/1566 1568/1568/1568
f 1568/1568/1568 1635/1635/1635 1634/1634/1634
f 1635/1635/1635 1568/1568/1568 1569/1569/1569
f 1569/1569/1569 1636/1636/1636 1635/1635/1635
f 1636/1636/1636 1569/1569/1569 1570/1570/1570
f 1570/1570/1570 1637/1637/1637 1636/1636/1636
f 1637/1637/1637 1570/1570/1570 1571/1571/1571
f 1571/1571/1571 1638/1638/1638 1637/1637/1637
f 1638/1638/1638 1571/1571/1571 1572/1572/1572
f 1572/1572/1572 1639/1639/1639 1638/1638/1638
f 1639/1639/1639 1572/1572/1572 1573/1573/1573
f 1573/1573/1573 1640/1640/1640 1639/1639/1639
f 1640/1640/1640 1573/1573/1573 1575/1575/1575
f 1575/1575/1575 1641/1641/1641 1640/1640/1640
f 1575/1575/1575 1642/1642/1642 1641/1641/1641
f 1642/1642/1642 1581/1581/1581 1579/1579/1579
f 1575/1575/1575 1581/1581/1581 1642/1642/1642
f 1642/1642/1642 1644/1644/1644 1643/1643/1643
f 1579/1579/1579 1644/1644/1644 1642/1642/1642
f 1641/1641/1641 1642/1642/1642 1643/1643/1643
f 1644/1644/1644 1646/1646/1646 1645/1645/1645
f 1579/1579/1579 1646/1646/1646 1644/1644/1644
f 1643/1643/1643 1644/1644/1644 1645/1645/1645
f 1645/1645/1645 1590/1590/1590 1587/1587/1587
f 1646/1646/1646 1591/1591/1591 1590/1590/1590
f 1579/1579/1579 1591/1591/1591 1646/1646/1646
f 1645/1645/1645 1646/1646/1646 1590/1590/1590
f 1647/1647/1647 1645/1645/1645 1587/1587/1587
f 1643/1643/1643 1645/1645/1645 1647/1647/1647
f 1587/1587/1587 1648/1648/1648 1647/1647/1647
f 1648/1648/1648 1597/1597/1597 1596/1596/1596
f 1587/1587/1587 1597/1597/1597 1648/1648/1648
f 1649/1649/1649 1648/1648/1648 1596/1596/1596
f 1647/1647/1647 1648/1648/1648 1649/1649/1649
f 1649/1649/1649 1596/1596/1596 1599/1599/1599
f 1599/1599/1599 1650/1650/1650 1649/1649/1649
f 1650/1650/1650 1599/1599/1599 1600/1600/1600
f 1600/1600/1600 1651/1651/1651 1650/1650/1650
f 1651/1651/1651 1600/1600/1600 1601/1601/1601
f 1601/1601/1601 1652/1652/1652 1651/1651/1651
f 1601/1601/1601 1653/1653/1653 1652/1652/1652
f 1603/1603/1603 1653/1653/1653 1601/1601/1601
f 1653/1653/1653 1655/1655/1655 1654/1654/1654
f 1603/1603/1603 1655/1655/1655 1653/1653/1653
f 1652/1652/1652 1653/1653/1653 1654/1654/1654
f 1656/1656/1656 1657/1657/1657 1655/1655/1655
f 1658/1658/1658 1657/1657/1657 1656/1656/1656
f 1603/1603/1603 1656/1656/1656 1655/1655/1655
f 1655/1655/1655 1659/1659/1659 1654/1654/1654
f 1659/1659/1659 1657/1657/1657 1658/1658/1658
f 1655/1655/1655 1657/1657/1657 1659/1659/1659
f 1658/1658/1658 1610/1610/1610 1609/1609/1609
f 1610/1610/1610 1656/1656/1656 1603/1603/1603
f 1658/1658/1658 1656/1656/1656 1610/1610/1610
f 1660/1660/1660 1661/1661/1661 1658/1658/1658
f 1662/1662/1662 1661/1661/1661 1660/1660/1660
f 1609/1609/1609 1660/1660/1660 1658/1658/1658
f 1659/1659/1659 1664/1664/1664 1663/1663/1663
f 1658/1658/1658 1664/1664/1664 1659/1659/1659
f 1654/1654/1654 1659/1659/1659 1663/1663/1663
f 1663/1663/1663 1661/1661/1661 1662/1662/1662
f 1661/1661/1661 1664/1664/1664 1658/1658/1658
f 1663/1663/1663 1664/1664/1664 1661/1661/1661
f 1665/1665/1665 1660/1660/1660 1609/1609/1609
f 1660/1660/1660 1666/1666/1666 1662/1662/1662
f 1665/1665/1665 1666/1666/1666 1660/1660/1660
f 1611/1611/1611 1665/1665/1665 1609/1609/1609
f 1667/1667/1667 1668/1668/1668 1665/1665/1665
f 1669/1669/1669 1668/1668/1668 1667/1667/1667
f 1611/1611/1611 1667/1667/1667 1665/1665/1665
f 1666/1666/1666 1671/1671/1671 1670/1670/1670
f 1665/1665/1665 1671/1671/1671 1666/1666/1666
f 1662/1662/1662 1666/1666/1666 1670/1670/1670
f 1672/1672/1672 1673/1673/1673 1668/1668/1668
f 1670/1670/1670 1673/1673/1673 1672/1672/1672
f 1669/1669/1669 1672/1672/1672 1668/1668/1668
f 1668/1668/1668 1671/1671/1671 1665/1665/1665
f 1671/1671/1671 1673/1673/1673 1670/1670/1670
f 1668/1668/1668 1673/1673/1673 1671/1671/1671
f 1674/1674/1674 1667/1667/1667 1611/1611/1611
f 1669/1669/1669 1667/1667/1667 1674/1674/1674
f 1612/1612/1612 1674/1674/1674 1611/1611/1611
f 1675/1675/1675 1674/1674/1674 1612/1612/1612
f 1674/1674/1674 1676/1676/1676 1669/1669/1669
f 1675/1675/1675 1676/1676/1676 1674/1674/1674
f 1675/1675/1675 1612/1612/1612 1613/1613/1613
f 1613/1613/1613 1677/1677/1677 1675/1675/1675
f 1677/1677/1677 1613/1613/1613 1614/1614/1614
f 1614/1614/1614 1678/1678/1678 1677/1677/1677
f 1678/1678/1678 1614/1614/1614 1615/1615/1615
f 1615/1615/1615 1679/1679/1679 1678/1678/1678
f 1679/1679/1679 1615/1615/1615 1616/1616/1616
f 1616/1616/1616 1680/1680/1680 1679/1679/1679
f 1680/1680/1680 1616/1616/1616 1617/1617/1617
f 1617/1617/1617 1681/1681/1681 1680/1680/1680
f 1617/1617/1617 1682/1682/1682 1681/1681/1681
f 1618/1618/1618 1682/1682/1682 1617/1617/1617
f 1683/1683/1683 1682/1682/1682 1618/1618/1618
f 1682/1682/1682 1684/1684/1684 1681/1681/1681
f 1683/1683/1683 1684/1684/1684 1682/1682/1682
f 1618/1618/1618 1685/1685/1685 1683/1683/1683
f 1621/1621/1621 1686/1686/1686 1685/1685/1685
f 1620/1620/1620 1686/1686/1686 1621/1621/1621
f 1618/1618/1618 1621/1621/1621 1685/1685/1685
f 1685/1685/1685 1688/1688/1688 1687/1687/1687
f 1686/1686/1686 1689/1689/1689 1688/1688/1688
f 1620/1620/1620 1689/1689/1689 1686/1686/1686
f 1685/1685/1685 1686/1686/1686 1688/1688/1688
f 1683/1683/1683 1685/1685/1685 1687/1687/1687
f 1690/1690/1690 1692/1692/1692 1691/1691/1691
f 1688/1688/1688 1692/1692/1692 1690/1690/1690
f 1693/1693/1693 1690/1690/1690 1691/1691/1691
f 1691/1691/1691 1689/1689/1689 1620/1620/1620
f 1689/1689/1689 1692/1692/1692 1688/1688/1688
f 1691/1691/1691 1692/1692/1692 1689/1689/1689
f 1688/1688/1688 1694/1694/1694 1687/1687/1687
f 1694/1694/1694 1690/1690/1690 1693/1693/1693
f 1688/1688/1688 1690/1690/1690 1694/1694/1694
f 1693/1693/1693 1624/1624/1624 1623/1623/1623
f 1624/1624/1624 1691/1691/1691 1620/1620/1620
f 1693/1693/1693 1691/1691/1691 1624/1624/1624
f 1695/1695/1695 1693/1693/1693 1623/1623/1623
f 1696/1696/1696 1694/1694/1694 1693/1693/1693
f 1694/1694/1694 1697/1697/1697 1687/1687/1687
f 1696/1696/1696 1697/1697/1697 1694/1694/1694
f 1695/1695/1695 1696/1696/1696 1693/1693/1693
f 1695/1695/1695 1623/1623/1623 1625/1625/1625
f 1625/1625/1625 1698/1698/1698 1695/1695/1695
f 1698/1698/1698 1625/1625/1625 1627/1627/1627
f 1627/1627/1627 1699/1699/1699 1698/1698/1698
f 1627/1627/1627 1700/1700/1700 1699/1699/1699
f 1628/1628/1628 1700/1700/1700 1627/1627/1627
f 1701/1701/1701 1700/1700/1700 1628/1628/1628
f 1699/1699/1699 1700/1700/1700 1701/1701/1701
f 1701/1701/1701 1628/1628/1628 1629/1629/1629
f 1629/1629/1629 1702/1702/1702 1701/1701/1701
f 1702/1702/1702 1629/1629/1629 1630/1630/1630
f 1630/1630/1630 1703/1703/1703 1702/1702/1702
f 1631/1631/1631 1705/1705/1705 1704/1704/1704
f 1632/1632/1632 1705/1705/1705 1631/1631/1631
f 1706/1706/1706 1705/1705/1705 1632/1632/1632
f 1704/1704/1704 1705/1705/1705 1706/1706/1706
f 1706/1706/1706 1632/1632/1632 1634/1634/1634
f 1634/1634/1634 1707/1707/1707 1706/1706/1706
f 1634/1634/1634 1708/1708/1708 1707/1707/1707
f 1635/1635/1635 1708/1708/1708 1634/1634/1634
f 1709/1709/1709 1710/1710/1710 1708/1708/1708
f 1711/1711/1711 1710/1710/1710 1709/1709/1709
f 1635/1635/1635 1709/1709/1709 1708/1708/1708
f 1708/1708/1708 1712/1712/1712 1707/1707/1707
f 1712/1712/1712 1710/1710/1710 1711/1711/1711
f 1708/1708/1708 1710/1710/1710 1712/1712/1712
f 1713/1713/1713 1709/1709/1709 1635/1635/1635
f 1711/1711/1711 1709/1709/1709 1713/1713/1713
f 1636/1636/1636 1713/1713/1713 1635/1635/1635
f 1713/1713/1713 1715/1715/1715 1714/1714/1714
f 1636/1636/1636 1715/1715/1715 1713/1713/1713
f 1711/1711/1711 1713/1713/1713 1714/1714/1714
f 1716/1716/1716 1715/1715/1715 1636/1636/1636
f 1714/1714/1714 1715/1715/1715 1716/1716/1716
f 1637/1637/1637 1716/1716/1716 1636/1636/1636
f 1717/1717/1717 1716/1716/1716 1637/1637/1637
f 1714/1714/1714 1716/1716/1716 1717/1717/1717
f 1637/1637/1637 1718/1718/1718 1717/1717/1717
f 1638/1638/1638 1718/1718/1718 1637/1637/1637
f 1718/1718/1718 1720/1720/1720 1719/1719/1719
f 1638/1638/1638 1720/1720/1720 1718/1718/1718
f 1718/1718/1718 1721/1721/1721 1717/1717/1717
f 1719/1719/1719 1721/1721/1721 1718/1718/1718
f 1722/1722/1722 1720/1720/1720 1638/1638/1638
f 1720/1720/1720 1723/1723/1723 1719/1719/1719
f 1722/1722/1722 1723/1723/1723 1720/1720/1720
f 1639/1639/1639 1722/1722/1722 1638/1638/1638
f 1722/1722/1722 1725/1725/1725 1724/1724/1724
f 1639/1639/1639 1725/1725/1725 1722/1722/1722
f 1726/1726/1726 1723/1723/1723 1722/1722/1722
f 1719/1719/1719 1723/1723/1723 1726/1726/1726
f 1724/1724/1724 1726/1726/1726 1722/1722/1722
f 1727/1727/1727 1725/1725/1725 1639/1639/1639
f 1725/1725/1725 1728/1728/1728 1724/1724/1724
f 1727/1727/1727 1728/1728/1728 1725/1725/1725
f 1640/1640/1640 1727/1727/1727 1639/1639/1639
f 1729/1729/1729 1727/1727/1727 1640/1640/1640
f 1730/1730/1730 1728/1728/1728 1727/1727/1727
f 1724/1724/1724 1728/1728/1728 1730/1730/1730
f 1729/1729/1729 1730/1730/1730 1727/1727/1727
f 1729/1729/1729 1640/1640/1640 1641/1641/1641
f 1641/1641/1641 1731/1731/1731 1729/1729/1729
f 1641/1641/1641 1732/1732/1732 1731/1731/1731
f 1643/1643/1643 1732/1732/1732 1641/1641/1641
f 1733/1733/1733 1732/1732/1732 1643/1643/1643
f 1732/1732/1732 1734/1734/1734 1731/1731/1731
f 1733/1733/1733 1734/1734/1734 1732/1732/1732
f 1733/1733/1733 1643/1643/1643 1647/1647/1647
f 1647/1647/1647 1735/1735/1735 1733/1733/1733
f 1647/1647/1647 1736/1736/1736 1735/1735/1735
f 1649/1649/1649 1736/1736/1736 1647/1647/1647
f 1736/1736/1736 1738/1738/1738 1737/1737/1737
f 1649/1649/1649 1738/1738/1738 1736/1736/1736
f 1735/1735/1735 1736/1736/1736 1737/1737/1737
f 1739/1739/1739 1738/1738/1738 1649/1649/1649
f 1737/1737/1737 1738/1738/1738 1739/1739/1739
f 1650/1650/1650 1739/1739/1739 1649/1649/1649
f 1740/1740/1740 1739/1739/1739 1650/1650/1650
f 1737/1737/1737 1739/1739/1739 1740/1740/1740
f 1740/1740/1740 1650/1650/1650 1651/1651/1651
f 1651/1651/1651 1741/1741/1741 1740/1740/1740
f 1651/1651/1651 1742/1742/1742 1741/1741/1741
f 1652/1652/1652 1742/1742/1742 1651/1651/1651
f 1743/1743/1743 1742/1742/1742 1652/1652/1652
f 1742/1742/1742 1744/1744/1744 1741/1741/1741
f 1743/1743/1743 1744/1744/1744 1742/1742/1742
f 1743/1743/1743 1652/1652/1652 1654/1654/1654
f 1654/1654/1654 1745/1745/1745 1743/1743/1743
f 1654/1654/1654 1746/1746/1746 1745/1745/1745
f 1746/1746/1746 1663/1663/1663 1662/1662/1662
f 1654/1654/1654 1663/1663/1663 1746/1746/1746
f 1747/1747/1747 1746/1746/1746 1662/1662/1662
f 1745/1745/1745 1746/1746/1746 1747/1747/1747
f 1662/1662/1662 1748/1748/1748 1747/1747/1747
f 1670/1670/1670 1749/1749/1749 1748/1748/1748
f 1749/1749/1749 1672/1672/1672 1669/1669/1669
f 1670/1670/1670 1672/1672/1672 1749/1749/1749
f 1662/1662/1662 1670/1670/1670 1748/1748/1748
f 1748/1748/1748 1751/1751/1751 1750/1750/1750
f 1751/1751/1751 1749/1749/1749 1669/1669/1669
f 1748/1748/1748 1749/1749/1749 1751/1751/1751
f 1747/1747/1747 1748/1748/1748 1750/1750/1750
f 1751/1751/1751 1753/1753/1753 1752/1752/1752
f 1669/1669/1669 1753/1753/1753 1751/1751/1751
f 1751/1751/1751 1754/1754/1754 1750/1750/1750
f 1752/1752/1752 1754/1754/1754 1751/1751/1751
f 1755/1755/1755 1756/1756/1756 1676/1676/1676
f 1756/1756/1756 1757/1757/1757 1752/1752/1752
f 1755/1755/1755 1757/1757/1757 1756/1756/1756
f 1675/1675/1675 1755/1755/1755 1676/1676/1676
f 1676/1676/1676 1753/1753/1753 1669/1669/1669
f 1753/1753/1753 1756/1756/1756 1752/1752/1752
f 1676/1676/1676 1756/1756/1756 1753/1753/1753
f 1758/1758/1758 1760/1760/1760 1759/1759/1759
f 1752/1752/1752 1760/1760/1760 1758/1758/1758
f 1761/1761/1761 1758/1758/1758 1759/1759/1759
f 1759/1759/1759 1755/1755/1755 1675/1675/1675
f 1760/1760/1760 1757/1757/1757 1755/1755/1755
f 1752/1752/1752 1757/1757/1757 1760/1760/1760
f 1759/1759/1759 1760/1760/1760 1755/1755/1755
f 1762/1762/1762 1754/1754/1754 1752/1752/1752
f 1750/1750/1750 1754/1754/1754 1762/1762/1762
f 1762/1762/1762 1758/1758/1758 1761/1761/1761
f 1752/1752/1752 1758/1758/1758 1762/1762/1762
f 1763/1763/1763 1759/1759/1759 1675/1675/1675
f 1759/1759/1759 1764/1764/1764 1761/1761/1761
f 1763/1763/1763 1764/1764/1764 1759/1759/1759
f 1677/1677/1677 1763/1763/1763 1675/1675/1675
f 1765/1765/1765 1763/1763/1763 1677/1677/1677
f 1766/1766/1766 1764/1764/1764 1763/1763/1763
f 1761/1761/1761 1764/1764/1764 1766/1766/1766
f 1765/1765/1765 1766/1766/1766 1763/1763/1763
f 1765/1765/1765 1677/1677/1677 1678/1678/1678
f 1678/1678/1678 1767/1767/1767 1765/1765/1765
f 1678/1678/1678 1768/1768/1768 1767/1767/1767
f 1679/1679/1679 1768/1768/1768 1678/1678/1678
f 1769/1769/1769 1770/1770/1770 1768/1768/1768
f 1771/1771/1771 1770/1770/1770 1769/1769/1769
f 1679/1679/1679 1769/1769/1769 1768/1768/1768
f 1768/1768/1768 1772/1772/1772 1767/1767/1767
f 1770/1770/1770 1773/1773/1773 1772/1772/1772
f 1771/1771/1771 1773/1773/1773 1770/1770/1770
f 1768/1768/1768 1770/1770/1770 1772/1772/1772
f 1774/1774/1774 1769/1769/1769 1679/1679/1679
f 1771/1771/1771 1769/1769/1769 1774/1774/1774
f 1680/1680/1680 1774/1774/1774 1679/1679/1679
f 1775/1775/1775 1774/1774/1774 1680/1680/1680
f 1771/1771/1771 1774/1774/1774 1775/1775/1775
f 1775/1775/1775 1680/1680/1680 1681/1681/1681
f 1681/1681/1681 1776/1776/1776 1775/1775/1775
f 1681/1681/1681 1777/1777/1777 1776/1776/1776
f 1684/1684/1684 1778/1778/1778 1777/1777/1777
f 1683/1683/1683 1778/1778/1778 1684/1684/1684
f 1681/1681/1681 1684/1684/1684 1777/1777/1777
f 1777/1777/1777 1780/1780/1780 1779/1779/1779
f 1780/1780/1780 1778/1778/1778 1683/1683/1683
f 1777/1777/1777 1778/1778/1778 1780/1780/1780
f 1776/1776/1776 1777/1777/1777 1779/1779/1779
f 1781/1781/1781 1780/1780/1780 1683/1683/1683
f 1779/1779/1779 1780/1780/1780 1781/1781/1781
f 1687/1687/1687 1781/1781/1781 1683/1683/1683
f 1781/1781/1781 1783/1783/1783 1782/1782/1782
f 1687/1687/1687 1783/1783/1783 1781/1781/1781
f 1779/1779/1779 1781/1781/1781 1782/1782/1782
f 1784/1784/1784 1785/1785/1785 1783/1783/1783
f 1785/1785/1785 1787/1787/1787 1786/1786/1786
f 1784/1784/1784 1787/1787/1787 1785/1785/1785
f 1687/1687/1687 1784/1784/1784 1783/1783/1783
f 1783/1783/1783 1788/1788/1788 1782/1782/1782
f 1788/1788/1788 1785/1785/1785 1786/1786/1786
f 1783/1783/1783 1785/1785/1785 1788/1788/1788
f 1789/1789/1789 1790/1790/1790 1696/1696/1696
f 1786/1786/1786 1790/1790/1790 1789/1789/1789
f 1695/1695/1695 1789/1789/1789 1696/1696/1696
f 1784/1784/1784 1697/1697/1697 1696/1696/1696
f 1687/1687/1687 1697/1697/1697 1784/1784/1784
f 1790/1790/1790 1787/1787/1787 1784/1784/1784
f 1786/1786/1786 1787/1787/1787 1790/1790/1790
f 1696/1696/1696 1790/1790/1790 1784/1784/1784
f 1786/1786/1786 1792/1792/1792 1791/1791/1791
f 1792/1792/1792 1789/1789/1789 1695/1695/1695
f 1786/1786/1786 1789/1789/1789 1792/1792/1792
f 1793/1793/1793 1788/1788/1788 1786/1786/1786
f 1782/1782/1782 1788/1788/1788 1793/1793/1793
f 1791/1791/1791 1793/1793/1793 1786/1786/1786
f 1794/1794/1794 1792/1792/1792 1695/1695/1695
f 1791/1791/1791 1792/1792/1792 1794/1794/1794
f 1698/1698/1698 1794/1794/1794 1695/1695/1695
f 1795/1795/1795 1794/1794/1794 1698/1698/1698
f 1791/1791/1791 1794/1794/1794 1795/1795/1795
f 1698/1698/1698 1796/1796/1796 1795/1795/1795
f 1699/1699/1699 1796/1796/1796 1698/1698/1698
f 1796/1796/1796 1798/1798/1798 1797/1797/1797
f 1699/1699/1699 1798/1798/1798 1796/1796/1796
f 1795/1795/1795 1796/1796/1796 1797/1797/1797
f 1799/1799/1799 1798/1798/1798 1699/1699/1699
f 1797/1797/1797 1798/1798/1798 1799/1799/1799
f 1701/1701/1701 1799/1799/1799 1699/1699/1699
f 1800/1800/1800 1799/1799/1799 1701/1701/1701
f 1799/1799/1799 1801/1801/1801 1797/1797/1797
f 1800/1800/1800 1801/1801/1801 1799/1799/1799
f 1701/1701/1701 1802/1802/1802 1800/1800/1800
f 1702/1702/1702 1802/1802/1802 1701/1701/1701
f 1803/1803/1803 1802/1802/1802 1702/1702/1702
f 1802/1802/1802 1804/1804/1804 1800/1800/1800
f 1803/1803/1803 1804/1804/1804 1802/1802/1802
f 1803/1803/1803 1702/1702/1702 1703/1703/1703
f 1703/1703/1703 1805/1805/1805 1803/1803/1803
f 1806/1806/1806 1704/1704/1704 1706/1706/1706
f 1706/1706/1706 1807/1807/1807 1806/1806/1806
f 1807/1807/1807 1706/1706/1706 1707/1707/1707
f 1707/1707/1707 1808/1808/1808 1807/1807/1807
f 1707/1707/1707 1809/1809/1809 1808/1808/1808
f 1809/1809/1809 1712/1712/1712 1711/1711/1711
f 1707/1707/1707 1712/1712/1712 1809/1809/1809
f 1810/1810/1810 1809/1809/1809 1711/1711/1711
f 1808/1808/1808 1809/1809/1809 1810/1810/1810
f 1810/1810/1810 1711/1711/1711 1714/1714/1714
f 1714/1714/1714 1811/1811/1811 1810/1810/1810
f 1714/1714/1714 1812/1812/1812 1811/1811/1811
f 1717/1717/1717 1812/1812/1812 1714/1714/1714
f 1812/1812/1812 1814/1814/1814 1813/1813/1813
f 1717/1717/1717 1814/1814/1814 1812/1812/1812
f 1811/1811/1811 1812/1812/1812 1813/1813/1813
f 1814/1814/1814 1816/1816/1816 1815/1815/1815
f 1717/1717/1717 1816/1816/1816 1814/1814/1814
f 1813/1813/1813 1814/1814/1814 1815/1815/1815
f 1815/1815/1815 1721/1721/1721 1719/1719/1719
f 1721/1721/1721 1816/1816/1816 1717/1717/1717
f 1815/1815/1815 1816/1816/1816 1721/1721/1721
f 1817/1817/1817 1815/1815/1815 1719/1719/1719
f 1813/1813/1813 1815/1815/1815 1817/1817/1817
f 1719/1719/1719 1818/1818/1818 1817/1817/1817
f 1818/1818/1818 1726/1726/1726 1724/1724/1724
f 1719/1719/1719 1726/1726/1726 1818/1818/1818
f 1819/1819/1819 1818/1818/1818 1724/1724/1724
f 1818/1818/1818 1820/1820/1820 1817/1817/1817
f 1819/1819/1819 1820/1820/1820 1818/1818/1818
f 1724/1724/1724 1821/1821/1821 1819/1819/1819
f 1821/1821/1821 1730/1730/1730 1729/1729/1729
f 1724/1724/1724 1730/1730/1730 1821/1821/1821
f 1821/1821/1821 1823/1823/1823 1822/1822/1822
f 1729/1729/1729 1823/1823/1823 1821/1821/1821
f 1819/1819/1819 1821/1821/1821 1822/1822/1822
f 1824/1824/1824 1823/1823/1823 1729/1729/1729
f 1822/1822/1822 1823/1823/1823 1824/1824/1824
f 1731/1731/1731 1824/1824/1824 1729/1729/1729
f 1824/1824/1824 1826/1826/1826 1825/1825/1825
f 1731/1731/1731 1826/1826/1826 1824/1824/1824
f 1822/1822/1822 1824/1824/1824 1825/1825/1825
f 1826/1826/1826 1828/1828/1828 1827/1827/1827
f 1731/1731/1731 1828/1828/1828 1826/1826/1826
f 1825/1825/1825 1826/1826/1826 1827/1827/1827
f 1827/1827/1827 1734/1734/1734 1733/1733/1733
f 1734/1734/1734 1828/1828/1828 1731/1731/1731
f 1827/1827/1827 1828/1828/1828 1734/1734/1734
f 1829/1829/1829 1827/1827/1827 1733/1733/1733
f 1825/1825/1825 1827/1827/1827 1829/1829/1829
f 1829/1829/1829 1733/1733/1733 1735/1735/1735
f 1735/1735/1735 1830/1830/1830 1829/1829/1829
f 1830/1830/1830 1735/1735/1735 1737/1737/1737
f 1737/1737/1737 1831/1831/1831 1830/1830/1830
f 1831/1831/1831 1737/1737/1737 1740/1740/1740
f 1740/1740/1740 1832/1832/1832 1831/1831/1831
f 1832/1832/1832 1740/1740/1740 1741/1741/1741
f 1741/1741/1741 1833/1833/1833 1832/1832/1832
f 1741/1741/1741 1834/1834/1834 1833/1833/1833
f 1834/1834/1834 1744/1744/1744 1743/1743/1743
f 1741/1741/1741 1744/1744/1744 1834/1834/1834
f 1835/1835/1835 1834/1834/1834 1743/1743/1743
f 1833/1833/1833 1834/1834/1834 1835/1835/1835
f 1835/1835/1835 1743/1743/1743 1745/1745/1745
f 1745/1745/1745 1836/1836/1836 1835/1835/1835
f 1745/1745/1745 1837/1837/1837 1836/1836/1836
f 1747/1747/1747 1837/1837/1837 1745/1745/1745
f 1838/1838/1838 1837/1837/1837 1747/1747/1747
f 1837/1837/1837 1839/1839/1839 1836/1836/1836
f 1838/1838/1838 1839/1839/1839 1837/1837/1837
f 1838/1838/1838 1747/1747/1747 1750/1750/1750
f 1750/1750/1750 1840/1840/1840 1838/1838/1838
f 1750/1750/1750 1841/1841/1841 1840/1840/1840
f 1841/1841/1841 1762/1762/1762 1761/1761/1761
f 1750/1750/1750 1762/1762/1762 1841/1841/1841
f 1842/1842/1842 1841/1841/1841 1761/1761/1761
f 1840/1840/1840 1841/1841/1841 1842/1842/1842
f 1761/1761/1761 1843/1843/1843 1842/1842/1842
f 1843/1843/1843 1766/1766/1766 1765/1765/1765
f 1761/1761/1761 1766/1766/1766 1843/1843/1843
f 1844/1844/1844 1843/1843/1843 1765/1765/1765
f 1842/1842/1842 1843/1843/1843 1844/1844/1844
f 1765/1765/1765 1845/1845/1845 1844/1844/1844
f 1767/1767/1767 1845/1845/1845 1765/1765/1765
f 1845/1845/1845 1847/1847/1847 1846/1846/1846
f 1767/1767/1767 1847/1847/1847 1845/1845/1845
f 1844/1844/1844 1845/1845/1845 1846/1846/1846
f 1848/1848/1848 1847/1847/1847 1767/1767/1767
f 1847/1847/1847 1849/1849/1849 1846/1846/1846
f 1848/1848/1848 1849/1849/1849 1847/1847/1847
f 1772/1772/1772 1850/1850/1850 1848/1848/1848
f 1850/1850/1850 1773/1773/1773 1771/1771/1771
f 1772/1772/1772 1773/1773/1773 1850/1850/1850
f 1767/1767/1767 1772/1772/1772 1848/1848/1848
f 1851/1851/1851 1852/1852/1852 1848/1848/1848
f 1852/1852/1852 1854/1854/1854 1853/1853/1853
f 1851/1851/1851 1854/1854/1854 1852/1852/1852
f 1851/1851/1851 1850/1850/1850 1771/1771/1771
f 1848/1848/1848 1850/1850/1850 1851/1851/1851
f 1855/1855/1855 1849/1849/1849 1848/1848/1848
f 1846/1846/1846 1849/1849/1849 1855/1855/1855
f 1855/1855/1855 1852/1852/1852 1853/1853/1853
f 1848/1848/1848 1852/1852/1852 1855/1855/1855
f 1856/1856/1856 1851/1851/1851 1771/1771/1771
f 1857/1857/1857 1854/1854/1854 1851/1851/1851
f 1854/1854/1854 1858/1858/1858 1853/1853/1853
f 1857/1857/1857 1858/1858/1858 1854/1854/1854
f 1856/1856/1856 1857/1857/1857 1851/1851/1851
f 1775/1775/1775 1856/1856/1856 1771/1771/1771
f 1859/1859/1859 1856/1856/1856 1775/1775/1775
f 1860/1860/1860 1857/1857/1857 1856/1856/1856
f 1861/1861/1861 1858/1858/1858 1857/1857/1857
f 1853/1853/1853 1858/1858/1858 1861/1861/1861
f 1860/1860/1860 1861/1861/1861 1857/1857/1857
f 1859/1859/1859 1860/1860/1860 1856/1856/1856
f 1775/1775/1775 1862/1862/1862 1859/1859/1859
f 1776/1776/1776 1862/1862/1862 1775/1775/1775
f 1863/1863/1863 1862/1862/1862 1776/1776/1776
f 1862/1862/1862 1864/1864/1864 1859/1859/1859
f 1863/1863/1863 1864/1864/1864 1862/1862/1862
f 1776/1776/1776 1865/1865/1865 1863/1863/1863
f 1779/1779/1779 1865/1865/1865 1776/1776/1776
f 1866/1866/1866 1865/1865/1865 1779/1779/1779
f 1865/1865/1865 1867/1867/1867 1863/1863/1863
f 1866/1866/1866 1867/1867/1867 1865/1865/1865
f 1866/1866/1866 1779/1779/1779 1782/1782/1782
f 1782/1782/1782 1868/1868/1868 1866/1866/1866
f 1782/1782/1782 1869/1869/1869 1868/1868/1868
f 1869/1869/1869 1793/1793/1793 1791/1791/1791
f 1782/1782/1782 1793/1793/1793 1869/1869/1869
f 1870/1870/1870 1871/1871/1871 1869/1869/1869
f 1872/1872/1872 1871/1871/1871 1870/1870/1870
f 1791/1791/1791 1870/1870/1870 1869/1869/1869
f 1869/1869/1869 1873/1873/1873 1868/1868/1868
f 1873/1873/1873 1871/1871/1871 1872/1872/1872
f 1869/1869/1869 1871/1871/1871 1873/1873/1873
f 1874/1874/1874 1870/1870/1870 1791/1791/1791
f 1872/1872/1872 1870/1870/1870 1874/1874/1874
f 1795/1795/1795 1874/1874/1874 1791/1791/1791
f 1875/1875/1875 1874/1874/1874 1795/1795/1795
f 1872/1872/1872 1874/1874/1874 1875/1875/1875
f 1875/1875/1875 1795/1795/1795 1797/1797/1797
f 1797/1797/1797 1876/1876/1876 1875/1875/1875
f 1797/1797/1797 1877/1877/1877 1876/1876/1876
f 1801/1801/1801 1878/1878/1878 1877/1877/1877
f 1800/1800/1800 1878/1878/1878 1801/1801/1801
f 1797/1797/1797 1801/1801/1801 1877/1877/1877
f 1877/1877/1877 1880/1880/1880 1879/1879/1879
f 1878/1878/1878 1881/1881/1881 1880/1880/1880
f 1800/1800/1800 1881/1881/1881 1878/1878/1878
f 1877/1877/1877 1878/1878/1878 1880/1880/1880
f 1876/1876/1876 1877/1877/1877 1879/1879/1879
f 1880/1880/1880 1883/1883/1883 1882/1882/1882
f 1883/1883/1883 1881/1881/1881 1800/1800/1800
f 1880/1880/1880 1881/1881/1881 1883/1883/1883
f 1879/1879/1879 1880/1880/1880 1882/1882/1882
f 1882/1882/1882 1804/1804/1804 1803/1803/1803
f 1804/1804/1804 1883/1883/1883 1800/1800/1800
f 1882/1882/1882 1883/1883/1883 1804/1804/1804
f 1884/1884/1884 1882/1882/1882 1803/1803/1803
f 1879/1879/1879 1882/1882/1882 1884/1884/1884
f 1803/1803/1803 1885/1885/1885 1884/1884/1884
f 1805/1805/1805 1885/1885/1885 1803/1803/1803
f 1886/1886/1886 1885/1885/1885 1805/1805/1805
f 1884/1884/1884 1885/1885/1885 1886/1886/1886
f 1887/1887/1887 1806/1806/1806 1807/1807/1807
f 1807/1807/1807 1888/1888/1888 1887/1887/1887
f 1888/1888/1888 1807/1807/1807 1808/1808/1808
f 1808/1808/1808 1889/1889/1889 1888/1888/1888
f 1889/1889/1889 1808/1808/1808 1810/1810/1810
f 1810/1810/1810 1890/1890/1890 1889/1889/1889
f 1890/1890/1890 1810/1810/1810 1811/1811/1811
f 1811/1811/1811 1891/1891/1891 1890/1890/1890
f 1891/1891/1891 1811/1811/1811 1813/1813/1813
f 1813/1813/1813 1892/1892/1892 1891/1891/1891
f 1813/1813/1813 1893/1893/1893 1892/1892/1892
f 1817/1817/1817 1893/1893/1893 1813/1813/1813
f 1893/1893/1893 1895/1895/1895 1894/1894/1894
f 1817/1817/1817 1895/1895/1895 1893/1893/1893
f 1892/1892/1892 1893/1893/1893 1894/1894/1894
f 1895/1895/1895 1897/1897/1897 1896/1896/1896
f 1817/1817/1817 1897/1897/1897 1895/1895/1895
f 1894/1894/1894 1895/1895/1895 1896/1896/1896
f 1896/1896/1896 1820/1820/1820 1819/1819/1819
f 1820/1820/1820 1897/1897/1897 1817/1817/1817
f 1896/1896/1896 1897/1897/1897 1820/1820/1820
f 1898/1898/1898 1896/1896/1896 1819/1819/1819
f 1894/1894/1894 1896/1896/1896 1898/1898/1898
f 1898/1898/1898 1819/1819/1819 1822/1822/1822
f 1822/1822/1822 1899/1899/1899 1898/1898/1898
f 1899/1899/1899 1822/1822/1822 1825/1825/1825
f 1825/1825/1825 1900/1900/1900 1899/1899/1899
f 1900/1900/1900 1825/1825/1825 1829/1829/1829
f 1829/1829/1829 1901/1901/1901 1900/1900/1900
f 1901/1901/1901 1829/1829/1829 1830/1830/1830
f 1830/1830/1830 1902/1902/1902 1901/1901/1901
f 1902/1902/1902 1830/1830/1830 1831/1831/1831
f 1831/1831/1831 1903/1903/1903 1902/1902/1902
f 1903/1903/1903 1831/1831/1831 1832/1832/1832
f 1832/1832/1832 1904/1904/1904 1903/1903/1903
f 1904/1904/1904 1832/1832/1832 1833/1833/1833
f 1833/1833/1833 1905/1905/1905 1904/1904/1904
f 1905/1905/1905 1833/1833/1833 1835/1835/1835
f 1835/1835/1835 1906/1906/1906 1905/1905/1905
f 1835/1835/1835 1907/1907/1907 1906/1906/1906
f 1836/1836/1836 1907/1907/1907 1835/1835/1835
f 1907/1907/1907 1909/1909/1909 1908/1908/1908
f 1836/1836/1836 1909/1909/1909 1907/1907/1907
f 1906/1906/1906 1907/1907/1907 1908/1908/1908
f 1910/1910/1910 1909/1909/1909 1836/1836/1836
f 1908/1908/1908 1909/1909/1909 1910/1910/1910
f 1839/1839/1839 1911/1911/1911 1910/1910/1910
f 1838/1838/1838 1911/1911/1911 1839/1839/1839
f 1836/1836/1836 1839/1839/1839 1910/1910/1910
f 1910/1910/1910 1913/1913/1913 1912/1912/1912
f 1913/1913/1913 1911/1911/1911 1838/1838/1838
f 1910/1910/1910 1911/1911/1911 1913/1913/1913
f 1908/1908/1908 1910/1910/1910 1912/1912/1912
f 1914/1914/1914 1913/1913/1913 1838/1838/1838
f 1912/1912/1912 1913/1913/1913 1914/1914/1914
f 1840/1840/1840 1914/1914/1914 1838/1838/1838
f 1915/1915/1915 1914/1914/1914 1840/1840/1840
f 1912/1912/1912 1914/1914/1914 1915/1915/1915
f 1915/1915/1915 1840/1840/1840 1842/1842/1842
f 1842/1842/1842 1916/1916/1916 1915/1915/1915
f 1916/1916/1916 1842/1842/1842 1844/1844/1844
f 1844/1844/1844 1917/1917/1917 1916/1916/1916
f 1917/1917/1917 1844/1844/1844 1846/1846/1846
f 1846/1846/1846 1918/1918/1918 1917/1917/1917
f 1846/1846/1846 1919/1919/1919 1918/1918/1918
f 1919/1919/1919 1855/1855/1855 1853/1853/1853
f 1846/1846/1846 1855/1855/1855 1919/1919/1919
f 1919/1919/1919 1921/1921/1921 1920/1920/1920
f 1853/1853/1853 1921/1921/1921 1919/1919/1919
f 1918/1918/1918 1919/1919/1919 1920/1920/1920
f 1921/1921/1921 1923/1923/1923 1922/1922/1922
f 1853/1853/1853 1923/1923/1923 1921/1921/1921
f 1920/1920/1920 1921/1921/1921 1922/1922/1922
f 1860/1860/1860 1924/1924/1924 1922/1922/1922
f 1859/1859/1859 1924/1924/1924 1860/1860/1860
f 1923/1923/1923 1861/1861/1861 1860/1860/1860
f 1853/1853/1853 1861/1861/1861 1923/1923/1923
f 1922/1922/1922 1923/1923/1923 1860/1860/1860
f 1922/1922/1922 1926/1926/1926 1925/1925/1925
f 1926/1926/1926 1924/1924/1924 1859/1859/1859
f 1922/1922/1922 1924/1924/1924 1926/1926/1926
f 1920/1920/1920 1922/1922/1922 1925/1925/1925
f 1926/1926/1926 1928/1928/1928 1927/1927/1927
f 1859/1859/1859 1928/1928/1928 1926/1926/1926
f 1925/1925/1925 1926/1926/1926 1927/1927/1927
f 1864/1864/1864 1929/1929/1929 1927/1927/1927
f 1863/1863/1863 1929/1929/1929 1864/1864/1864
f 1864/1864/1864 1928/1928/1928 1859/1859/1859
f 1927/1927/1927 1928/1928/1928 1864/1864/1864
f 1927/1927/1927 1931/1931/1931 1930/1930/1930
f 1929/1929/1929 1932/1932/1932 1931/1931/1931
f 1863/1863/1863 1932/1932/1932 1929/1929/1929
f 1927/1927/1927 1929/1929/1929 1931/1931/1931
f 1925/1925/1925 1927/1927/1927 1930/1930/1930
f 1931/1931/1931 1934/1934/1934 1933/1933/1933
f 1934/1934/1934 1932/1932/1932 1863/1863/1863
f 1931/1931/1931 1932/1932/1932 1934/1934/1934
f 1930/1930/1930 1931/1931/1931 1933/1933/1933
f 1933/1933/1933 1867/1867/1867 1866/1866/1866
f 1867/1867/1867 1934/1934/1934 1863/1863/1863
f 1933/1933/1933 1934/1934/1934 1867/1867/1867
f 1935/1935/1935 1933/1933/1933 1866/1866/1866
f 1930/1930/1930 1933/1933/1933 1935/1935/1935
f 1935/1935/1935 1866/1866/1866 1868/1868/1868
f 1868/1868/1868 1936/1936/1936 1935/1935/1935
f 1868/1868/1868 1937/1937/1937 1936/1936/1936
f 1937/1937/1937 1873/1873/1873 1872/1872/1872
f 1868/1868/1868 1873/1873/1873 1937/1937/1937
f 1938/1938/1938 1937/1937/1937 1872/1872/1872
f 1936/1936/1936 1937/1937/1937 1938/1938/1938
f 1938/1938/1938 1872/1872/1872 1875/1875/1875
f 1875/1875/1875 1939/1939/1939 1938/1938/1938
f 1939/1939/1939 1875/1875/1875 1876/1876/1876
f 1876/1876/1876 1940/1940/1940 1939/1939/1939
f 1940/1940/1940 1876/1876/1876 1879/1879/1879
f 1879/1879/1879 1941/1941/1941 1940/1940/1940
f 1941/1941/1941 1879/1879/1879 1884/1884/1884
f 1884/1884/1884 1942/1942/1942 1941/1941/1941
f 1884/1884/1884 1943/1943/1943 1942/1942/1942
f 1886/1886/1886 1943/1943/1943 1884/1884/1884
f 1944/1944/1944 1943/1943/1943 1886/1886/1886
f 1943/1943/1943 1945/1945/1945 1942/1942/1942
f 1944/1944/1944 1945/1945/1945 1943/1943/1943
