# L3DT terrain export, using atMeshDecimator
# 2260 vertices, 4380 polygons
mtllib Lava_Tile_x3y2.mtl
o terrain_o
v 3999.511719 158.910965 -1.952887
v 4124.496582 163.765915 -1.952887
v 4249.481445 127.522217 -1.952887
v 4374.465820 110.519981 -1.952887
v 4499.450684 150.251312 -1.952887
v 4436.958496 117.475441 -1.952887
v 4624.435547 170.503387 -1.952887
v 4749.419922 179.143219 -1.952887
v 4874.404785 117.792503 -1.952887
v 4811.912598 170.661926 -1.952887
v 4999.389648 148.666031 -1.952887
v 4936.897461 117.277283 -1.952887
v 5124.374512 119.377792 -1.952887
v 5061.881836 130.970230 -1.952887
v 5249.359375 118.882385 -1.952887
v 5186.866699 120.091171 -1.952887
v 5374.343750 118.743675 -1.952887
v 5499.328613 123.816605 -1.952887
v 5624.313477 128.295044 -1.952887
v 5561.820801 125.798218 -1.952887
v 5749.297852 173.138931 -1.952887
v 5874.282715 168.977554 -1.952887
v 5999.267578 172.068863 -1.952887
v 6124.252441 169.988174 -1.952887
v 6249.236816 163.983887 -1.952887
v 6374.221680 158.930771 -1.952887
v 6499.206543 171.791443 -1.952887
v 6624.191406 142.067261 -1.952887
v 6749.175781 163.052536 -1.952887
v 6874.160645 140.640488 -1.952887
v 6999.145508 147.120361 -1.952887
v 7124.130371 141.710571 -1.952887
v 7249.114746 133.288712 -1.952887
v 7374.099609 126.590858 -1.952887
v 7499.084473 93.755539 -1.952887
v 7624.069336 98.729385 -1.952887
v 7749.053711 97.461159 -1.952887
v 7874.038574 88.583534 -1.952887
v 7997.070313 91.318161 -1.952887
v 3999.511719 164.915253 -126.937630
v 4124.496582 154.511780 -126.937630
v 4249.481445 121.339584 -126.937630
v 4374.465820 146.624969 -126.937630
v 4436.958496 118.723862 -64.445259
v 4499.450684 118.426620 -126.937630
v 4624.435547 111.590057 -126.937630
v 4749.419922 111.649506 -126.937630
v 4811.912598 113.650932 -64.445259
v 4874.404785 93.933884 -126.937630
v 4936.897461 119.040916 -64.445259
v 4999.389648 115.513649 -126.937630
v 5061.881836 119.496689 -64.445259
v 5124.374512 120.447861 -126.937630
v 5186.866699 128.889526 -64.445259
v 5249.359375 123.261749 -126.937630
v 5374.343750 151.935684 -126.937630
v 5499.328613 144.762253 -126.937630
v 5561.820801 141.829468 -64.445259
v 5624.313477 169.096451 -126.937630
v 5749.297852 157.147324 -126.937630
v 5874.282715 163.884811 -126.937630
v 5999.267578 131.346725 -126.937630
v 6124.252441 159.644150 -126.937630
v 6249.236816 163.250687 -126.937630
v 6374.221680 180.530350 -126.937630
v 6499.206543 176.824738 -126.937630
v 6624.191406 182.987549 -126.937630
v 6686.683594 170.919525 -64.445259
v 6749.175781 181.600418 -126.937630
v 6749.175781 135.983704 -64.445259
v 6811.668457 172.940781 -64.445259
v 6874.160645 165.232300 -126.937630
v 6999.145508 165.846603 -126.937630
v 7124.130371 157.801254 -126.937630
v 7249.114746 119.932640 -126.937630
v 7374.099609 93.597015 -126.937630
v 7499.084473 99.343689 -126.937630
v 7561.576660 88.940224 -64.445259
v 7624.069336 129.880341 -126.937630
v 7561.576660 89.178017 -126.937630
v 7749.053711 87.176590 -126.937630
v 7874.038574 128.988617 -126.937630
v 7997.070313 169.611664 -126.937630
v 3999.511719 166.203293 -251.922363
v 4124.496582 156.830261 -251.922363
v 4249.481445 115.434380 -251.922363
v 4311.973633 177.419220 -189.429993
v 4374.465820 177.161606 -251.922363
v 4499.450684 165.034149 -251.922363
v 4561.942871 176.408600 -189.429993
v 4624.435547 169.235168 -251.922363
v 4686.927734 175.833939 -189.429993
v 4749.419922 167.075211 -251.922363
v 4811.912598 165.608810 -189.429993
v 4874.404785 157.345490 -251.922363
v 4874.404785 161.566315 -189.429993
v 4936.897461 177.974075 -189.429993
v 4999.389648 175.041290 -251.922363
v 5061.881836 110.321823 -189.429993
v 5124.374512 115.117325 -251.922363
v 5249.359375 122.092598 -251.922363
v 5374.343750 130.990036 -251.922363
v 5499.328613 156.156525 -251.922363
v 5624.313477 171.018616 -251.922363
v 5749.297852 170.027802 -251.922363
v 5874.282715 169.968353 -251.922363
v 5999.267578 167.075211 -251.922363
v 6124.252441 171.177139 -251.922363
v 6249.236816 162.715652 -251.922363
v 6374.221680 183.700928 -251.922363
v 6499.206543 158.990219 -251.922363
v 6624.191406 178.429840 -251.922363
v 6749.175781 170.107071 -251.922363
v 6874.160645 142.423950 -251.922363
v 6999.145508 166.361816 -251.922363
v 7124.130371 156.850082 -251.922363
v 7249.114746 128.275238 -251.922363
v 7374.099609 111.768402 -251.922363
v 7436.592285 107.805176 -189.429993
v 7499.084473 98.214172 -251.922363
v 7499.084473 91.258713 -189.429993
v 7561.576660 148.348969 -189.429993
v 7530.330566 86.800079 -158.183807
v 7624.069336 129.642548 -251.922363
v 7624.069336 162.220261 -189.429993
v 7561.576660 167.412079 -251.922363
v 7686.561523 130.692795 -189.429993
v 7655.315430 168.184906 -220.676178
v 7749.053711 144.227219 -189.429993
v 7717.807617 167.610245 -220.676178
v 7749.053711 126.115273 -251.922363
v 7749.053711 169.056824 -220.676178
v 7686.561523 139.966751 -251.922363
v 7686.561523 169.631485 -220.676178
v 7811.546387 118.902206 -189.429993
v 7780.300293 166.896866 -220.676178
v 7874.038574 164.122604 -251.922363
v 7811.546387 168.046188 -251.922363
v 7997.070313 143.058060 -251.922363
v 3999.511719 166.837418 -376.907104
v 4124.496582 155.284607 -376.907104
v 4249.481445 116.801697 -376.907104
v 4311.973633 112.957367 -314.414734
v 4374.465820 128.909348 -376.907104
v 4499.450684 162.418411 -376.907104
v 4624.435547 184.453949 -376.907104
v 4749.419922 162.418411 -376.907104
v 4874.404785 188.555878 -376.907104
v 4999.389648 171.613098 -376.907104
v 5061.881836 173.257828 -314.414734
v 5124.374512 169.928726 -376.907104
v 5124.374512 175.952835 -314.414734
v 5186.866699 114.166153 -314.414734
v 5249.359375 120.586578 -314.414734
v 5218.112793 177.637192 -345.660919
v 5249.359375 172.881332 -376.907104
v 5249.359375 179.995316 -345.660919
v 5186.866699 168.105637 -376.907104
v 5311.851563 116.286476 -314.414734
v 5280.605469 179.737701 -345.660919
v 5374.343750 123.380646 -314.414734
v 5343.097656 166.540176 -345.660919
v 5374.343750 181.699509 -376.907104
v 5311.851563 174.288269 -376.907104
v 5311.851563 181.204102 -345.660919
v 5436.836426 116.861145 -314.414734
v 5499.328613 184.335052 -376.907104
v 5499.328613 116.286476 -314.414734
v 5561.820801 131.723236 -314.414734
v 5624.313477 173.713608 -376.907104
v 5624.313477 131.802505 -314.414734
v 5686.805664 149.438858 -314.414734
v 5655.559570 125.164101 -345.660919
v 5749.297852 128.988617 -376.907104
v 5686.805664 124.787590 -376.907104
v 5874.282715 143.672363 -376.907104
v 5999.267578 145.951218 -376.907104
v 6124.252441 156.374496 -376.907104
v 6249.236816 167.867844 -376.907104
v 6374.221680 174.268463 -376.907104
v 6499.206543 146.228638 -376.907104
v 6624.191406 179.519730 -376.907104
v 6749.175781 176.606766 -376.907104
v 6874.160645 150.370209 -376.907104
v 6999.145508 147.794113 -376.907104
v 7124.130371 139.253357 -376.907104
v 7249.114746 134.537125 -376.907104
v 7374.099609 117.039490 -376.907104
v 7499.084473 116.821510 -376.907104
v 7561.576660 134.556946 -314.414734
v 7624.069336 160.159378 -376.907104
v 7561.576660 96.945938 -376.907104
v 7686.561523 172.267029 -314.414734
v 7749.053711 143.375122 -376.907104
v 7749.053711 173.416367 -314.414734
v 7811.546387 169.889099 -314.414734
v 7874.038574 134.814560 -376.907104
v 7874.038574 167.154465 -314.414734
v 7811.546387 175.397980 -376.907104
v 7935.554688 168.303802 -314.414734
v 7904.796875 111.124374 -345.660919
v 7997.070313 171.949966 -376.907104
v 7935.554688 98.590675 -376.907104
v 3999.511719 156.196152 -501.891846
v 4124.496582 147.873383 -501.891846
v 4249.481445 139.292999 -501.891846
v 4311.973633 111.411705 -439.399475
v 4374.465820 109.984947 -501.891846
v 4374.465820 126.571045 -439.399475
v 4436.958496 169.968353 -439.399475
v 4405.711914 122.231316 -470.645630
v 4499.450684 164.717087 -501.891846
v 4436.958496 168.858658 -501.891846
v 4405.711914 104.832756 -501.891846
v 4624.435547 164.776535 -501.891846
v 4749.419922 164.261307 -501.891846
v 4874.404785 162.715652 -501.891846
v 4999.389648 162.061722 -501.891846
v 5124.374512 186.891327 -501.891846
v 5186.866699 167.887665 -439.399475
v 5249.359375 173.773056 -501.891846
v 5311.851563 172.128311 -439.399475
v 5374.343750 180.034943 -501.891846
v 5499.328613 170.503387 -501.891846
v 5624.313477 178.707275 -501.891846
v 5686.805664 187.089493 -439.399475
v 5718.051758 122.766350 -408.153320
v 5749.297852 185.900528 -501.891846
v 5749.297852 124.629066 -439.399475
v 5811.790527 127.284424 -439.399475
v 5780.544434 122.627632 -470.645630
v 5874.282715 175.021469 -501.891846
v 5811.790527 184.136887 -501.891846
v 5999.267578 129.107513 -501.891846
v 6124.252441 151.876236 -501.891846
v 6249.236816 161.724854 -501.891846
v 6374.221680 162.775101 -501.891846
v 6499.206543 149.716278 -501.891846
v 6624.191406 182.591232 -501.891846
v 6749.175781 186.891327 -501.891846
v 6874.160645 177.815536 -501.891846
v 6936.653320 124.133659 -439.399475
v 6999.145508 165.053955 -501.891846
v 7124.130371 152.450897 -501.891846
v 7249.114746 143.533646 -501.891846
v 7374.099609 147.477051 -501.891846
v 7499.084473 125.758583 -501.891846
v 7561.576660 106.893631 -439.399475
v 7624.069336 124.728142 -501.891846
v 7686.561523 149.537933 -439.399475
v 7749.053711 117.178200 -501.891846
v 7749.053711 180.946487 -439.399475
v 7811.546387 160.020660 -439.399475
v 7874.038574 182.492157 -439.399475
v 7842.792480 181.858032 -470.645630
v 7874.038574 113.769829 -501.891846
v 7811.546387 148.130981 -501.891846
v 7935.554688 178.400116 -439.399475
v 7904.796875 183.180756 -470.645630
v 7966.312500 124.673653 -408.153320
v 7997.070313 147.259079 -501.891846
v 7997.070313 138.401276 -439.399475
v 7935.554688 144.445190 -501.891846
v 3999.511719 154.095642 -626.876587
v 4124.496582 129.820892 -626.876587
v 4249.481445 153.263367 -626.876587
v 4311.973633 135.210876 -564.384216
v 4374.465820 122.370026 -626.876587
v 4374.465820 109.331017 -564.384216
v 4436.958496 138.639069 -564.384216
v 4405.711914 108.062782 -533.138062
v 4499.450684 163.924438 -626.876587
v 4436.958496 106.001907 -626.876587
v 4624.435547 153.620056 -626.876587
v 4749.419922 176.012283 -626.876587
v 4874.404785 147.794113 -626.876587
v 4999.389648 149.399216 -626.876587
v 5124.374512 114.106705 -626.876587
v 5186.866699 168.303802 -564.384216
v 5249.359375 159.208206 -564.384216
v 5218.112793 111.451340 -595.630371
v 5249.359375 143.652542 -626.876587
v 5186.866699 113.512215 -626.876587
v 5311.851563 164.578369 -564.384216
v 5280.605469 122.389839 -595.630371
v 5374.343750 184.097260 -564.384216
v 5343.097656 160.634964 -595.630371
v 5374.343750 156.453766 -626.876587
v 5311.851563 146.506073 -626.876587
v 5311.851563 118.585144 -595.630371
v 5343.097656 129.087692 -626.876587
v 5436.836426 180.827591 -564.384216
v 5499.328613 159.564896 -626.876587
v 5436.836426 123.757156 -626.876587
v 5624.313477 179.975494 -626.876587
v 5749.297852 185.068253 -626.876587
v 5811.790527 182.472336 -564.384216
v 5874.282715 188.020844 -626.876587
v 5999.267578 187.188568 -626.876587
v 6061.759766 129.404755 -564.384216
v 6124.252441 130.910782 -626.876587
v 6061.759766 122.052971 -626.876587
v 6249.236816 155.839462 -626.876587
v 6374.221680 172.366104 -626.876587
v 6499.206543 171.078064 -626.876587
v 6624.191406 172.445374 -626.876587
v 6749.175781 145.871948 -626.876587
v 6874.160645 147.477051 -626.876587
v 6999.145508 150.290939 -626.876587
v 7124.130371 187.148941 -626.876587
v 7249.114746 170.186340 -626.876587
v 7374.099609 171.216782 -626.876587
v 7499.084473 142.106888 -626.876587
v 7624.069336 161.447418 -626.876587
v 7749.053711 140.263992 -626.876587
v 7811.546387 135.072159 -564.384216
v 7874.038574 125.481155 -626.876587
v 7935.554688 125.530701 -564.384216
v 7997.070313 128.275238 -626.876587
v 3999.511719 149.201065 -751.861328
v 4124.496582 144.980225 -751.861328
v 4249.481445 132.832947 -751.861328
v 4374.465820 102.335922 -751.861328
v 4436.958496 104.000481 -689.368958
v 4499.450684 97.124283 -751.861328
v 4561.942871 160.456619 -689.368958
v 4624.435547 153.362442 -751.861328
v 4561.942871 160.575516 -751.861328
v 4749.419922 145.653976 -751.861328
v 4874.404785 169.790009 -751.861328
v 4999.389648 119.575951 -751.861328
v 5124.374512 144.742432 -751.861328
v 5186.866699 153.203918 -689.368958
v 5249.359375 123.043777 -751.861328
v 5311.851563 154.373062 -689.368958
v 5343.097656 151.400650 -658.122803
v 5358.720703 120.269516 -642.499695
v 5374.343750 131.188202 -751.861328
v 5374.343750 149.339767 -689.368958
v 5374.343750 141.968170 -658.122803
v 5436.836426 160.436798 -689.368958
v 5405.589844 146.724045 -658.122803
v 5468.082520 123.856232 -658.122803
v 5499.328613 159.545074 -751.861328
v 5499.328613 130.157761 -689.368958
v 5561.820801 172.940781 -689.368958
v 5530.574707 119.853378 -720.615112
v 5624.313477 134.120987 -751.861328
v 5561.820801 126.630493 -751.861328
v 5749.297852 140.442337 -751.861328
v 5874.282715 170.027802 -751.861328
v 5936.775391 176.349152 -689.368958
v 5999.267578 183.007370 -751.861328
v 5999.267578 179.598999 -689.368958
v 6061.759766 182.710129 -689.368958
v 6030.513672 184.057617 -658.122803
v 6093.006348 184.057617 -658.122803
v 6061.759766 188.159561 -658.122803
v 6124.252441 182.729950 -751.861328
v 6124.252441 181.263550 -689.368958
v 6186.744629 129.008423 -689.368958
v 6155.498535 189.328720 -720.615112
v 6249.236816 181.620239 -751.861328
v 6249.236816 132.119553 -689.368958
v 6186.744629 187.505630 -751.861328
v 6311.729492 135.983704 -689.368958
v 6374.221680 152.431091 -751.861328
v 6311.729492 131.505264 -751.861328
v 6499.206543 163.429031 -751.861328
v 6624.191406 146.367355 -751.861328
v 6749.175781 172.485001 -751.861328
v 6874.160645 165.053955 -751.861328
v 6999.145508 180.609619 -751.861328
v 7124.130371 178.469482 -751.861328
v 7249.114746 168.819031 -751.861328
v 7374.099609 169.552216 -751.861328
v 7499.084473 183.582031 -751.861328
v 7624.069336 173.119125 -751.861328
v 7749.053711 144.247025 -751.861328
v 7874.038574 170.582657 -751.861328
v 7997.070313 159.069489 -751.861328
v 3999.511719 147.655396 -876.846069
v 4124.496582 129.701996 -876.846069
v 4249.481445 146.446625 -876.846069
v 4374.465820 100.175964 -876.846069
v 4499.450684 100.473206 -876.846069
v 4561.942871 154.571228 -814.353699
v 4624.435547 151.618622 -876.846069
v 4749.419922 154.630676 -876.846069
v 4874.404785 150.033340 -876.846069
v 4999.389648 126.888100 -876.846069
v 5124.374512 136.835800 -876.846069
v 5249.359375 118.030296 -876.846069
v 5374.343750 119.120178 -876.846069
v 5436.836426 128.631927 -814.353699
v 5499.328613 145.118942 -876.846069
v 5499.328613 128.413940 -814.353699
v 5530.574707 146.109741 -783.107544
v 5530.574707 158.296661 -814.353699
v 5561.820801 117.079117 -814.353699
v 5530.574707 153.243546 -845.599854
v 5624.313477 147.813934 -876.846069
v 5561.820801 114.086884 -876.846069
v 5686.805664 101.880150 -814.353699
v 5749.297852 127.938354 -814.353699
v 5718.051758 89.713051 -845.599854
v 5749.297852 125.996376 -876.846069
v 5749.297852 90.188637 -845.599854
v 5686.805664 145.753052 -876.846069
v 5811.790527 124.965935 -814.353699
v 5780.544434 128.810272 -845.599854
v 5874.282715 169.314423 -814.353699
v 5843.036621 131.208023 -845.599854
v 5874.282715 164.756714 -876.846069
v 5811.790527 141.968170 -876.846069
v 5843.036621 120.091171 -876.846069
v 5936.775391 181.937302 -814.353699
v 5999.267578 181.640060 -876.846069
v 6124.252441 176.468048 -876.846069
v 6186.744629 184.117065 -814.353699
v 6249.236816 180.708694 -876.846069
v 6311.729492 189.447617 -814.353699
v 6342.975586 133.585953 -783.107544
v 6374.221680 130.633347 -876.846069
v 6374.221680 131.505264 -814.353699
v 6311.729492 190.894180 -876.846069
v 6436.714355 131.881760 -814.353699
v 6499.206543 130.772064 -876.846069
v 6436.714355 141.908722 -876.846069
v 6561.698730 129.543457 -814.353699
v 6624.191406 141.096268 -814.353699
v 6592.945313 164.618011 -845.599854
v 6624.191406 129.008423 -876.846069
v 6561.698730 127.205162 -876.846069
v 6686.683594 120.408226 -814.353699
v 6749.175781 135.191055 -814.353699
v 6717.929688 135.428848 -845.599854
v 6749.175781 145.971024 -876.846069
v 6686.683594 146.565521 -876.846069
v 6717.929688 186.296844 -876.846069
v 6811.668457 161.011475 -814.353699
v 6874.160645 156.572662 -876.846069
v 6999.145508 174.446808 -876.846069
v 7124.130371 144.702805 -876.846069
v 7249.114746 166.302368 -876.846069
v 7374.099609 183.621674 -876.846069
v 7499.084473 163.072342 -876.846069
v 7624.069336 149.161423 -876.846069
v 7749.053711 191.112167 -876.846069
v 7874.038574 175.239441 -876.846069
v 7997.070313 172.385925 -876.846069
v 3999.511719 120.685654 -1001.830811
v 4124.496582 146.743866 -1001.830811
v 4186.988770 124.767776 -939.338501
v 4249.481445 138.004944 -1001.830811
v 4186.988770 97.262993 -1001.830811
v 4374.465820 125.699135 -1001.830811
v 4499.450684 93.319588 -1001.830811
v 4624.435547 153.917297 -1001.830811
v 4749.419922 153.342636 -1001.830811
v 4874.404785 155.225159 -1001.830811
v 4936.897461 138.678696 -939.338501
v 4999.389648 128.354492 -939.338501
v 4968.143555 139.035385 -970.584595
v 4999.389648 109.271568 -970.584595
v 4983.766602 105.070549 -986.207764
v 4999.389648 140.442337 -1001.830811
v 4936.897461 167.768768 -1001.830811
v 4968.143555 135.547745 -1001.830811
v 5061.881836 100.790268 -939.338501
v 5030.635742 140.442337 -970.584595
v 5124.374512 114.621918 -1001.830811
v 5061.881836 100.037254 -1001.830811
v 5249.359375 142.087067 -1001.830811
v 5374.343750 130.197388 -1001.830811
v 5436.836426 145.515259 -939.338501
v 5499.328613 146.189011 -1001.830811
v 5499.328613 143.256226 -939.338501
v 5530.574707 110.995567 -908.092285
v 5530.574707 111.847664 -939.338501
v 5561.820801 149.082169 -939.338501
v 5530.574707 115.374931 -970.584595
v 5624.313477 156.275421 -1001.830811
v 5561.820801 119.595772 -1001.830811
v 5686.805664 147.992279 -939.338501
v 5749.297852 167.471527 -1001.830811
v 5811.790527 160.535889 -939.338501
v 5843.036621 147.377975 -908.092285
v 5874.282715 163.964066 -1001.830811
v 5874.282715 165.846603 -939.338501
v 5936.775391 185.920334 -939.338501
v 5999.267578 198.899902 -1001.830811
v 6124.252441 182.551605 -1001.830811
v 6249.236816 186.237396 -1001.830811
v 6311.729492 181.818405 -939.338501
v 6342.975586 190.953629 -908.092285
v 6374.221680 181.382446 -1001.830811
v 6374.221680 190.339340 -939.338501
v 6436.714355 186.990417 -939.338501
v 6405.467773 193.311752 -908.092285
v 6467.960449 192.023712 -908.092285
v 6499.206543 188.635147 -1001.830811
v 6499.206543 195.115021 -939.338501
v 6561.698730 158.475006 -939.338501
v 6624.191406 192.142609 -1001.830811
v 6686.683594 192.598373 -939.338501
v 6717.929688 194.540359 -908.092285
v 6749.175781 189.090912 -1001.830811
v 6749.175781 194.421463 -939.338501
v 6811.668457 138.639069 -939.338501
v 6874.160645 107.963699 -939.338501
v 6842.914551 136.479111 -970.584595
v 6874.160645 175.140366 -1001.830811
v 6874.160645 104.178825 -970.584595
v 6811.668457 183.740570 -1001.830811
v 6936.653320 109.350830 -939.338501
v 6905.406738 103.524887 -970.584595
v 6889.783691 103.306915 -986.207764
v 6999.145508 116.900772 -1001.830811
v 6936.653320 98.709572 -1001.830811
v 6905.406738 115.434380 -1001.830811
v 7124.130371 136.479111 -1001.830811
v 7249.114746 140.065826 -1001.830811
v 7374.099609 161.546509 -1001.830811
v 7499.084473 178.746902 -1001.830811
v 7624.069336 181.659866 -1001.830811
v 7749.053711 174.803497 -1001.830811
v 7874.038574 152.431091 -1001.830811
v 7997.070313 192.142609 -1001.830811
v 3999.511719 134.774918 -1126.815552
v 4124.496582 147.794113 -1126.815552
v 4186.988770 131.723236 -1064.323120
v 4249.481445 137.668076 -1126.815552
v 4374.465820 131.842133 -1126.815552
v 4499.450684 106.457680 -1126.815552
v 4624.435547 96.767593 -1126.815552
v 4749.419922 154.690125 -1126.815552
v 4874.404785 146.684418 -1126.815552
v 4936.897461 142.998611 -1064.323120
v 4968.143555 109.053589 -1033.077026
v 4968.143555 121.141426 -1095.569336
v 4999.389648 129.959595 -1064.323120
v 4968.143555 100.215599 -1064.323120
v 4999.389648 117.614159 -1126.815552
v 4936.897461 172.009415 -1126.815552
v 5061.881836 139.411896 -1064.323120
v 5030.635742 105.209259 -1033.077026
v 5124.374512 134.299332 -1126.815552
v 5186.866699 133.526505 -1064.323120
v 5249.359375 99.621117 -1126.815552
v 5186.866699 125.758583 -1126.815552
v 5374.343750 119.397606 -1126.815552
v 5499.328613 124.094032 -1126.815552
v 5561.820801 125.659500 -1064.323120
v 5624.313477 139.035385 -1126.815552
v 5686.805664 130.712616 -1064.323120
v 5749.297852 158.990219 -1126.815552
v 5749.297852 150.925064 -1064.323120
v 5811.790527 161.625763 -1064.323120
v 5780.544434 134.794739 -1095.569336
v 5874.282715 168.977554 -1064.323120
v 5843.036621 130.554092 -1095.569336
v 5874.282715 121.914253 -1126.815552
v 5811.790527 158.910965 -1126.815552
v 5811.790527 121.359406 -1095.569336
v 5936.775391 183.522583 -1064.323120
v 5999.267578 126.907921 -1126.815552
v 5936.775391 124.450722 -1126.815552
v 6124.252441 167.332809 -1126.815552
v 6249.236816 168.680313 -1126.815552
v 6374.221680 200.187943 -1126.815552
v 6499.206543 179.995316 -1126.815552
v 6624.191406 207.995499 -1126.815552
v 6749.175781 194.461090 -1126.815552
v 6811.668457 180.867233 -1064.323120
v 6874.160645 179.341385 -1126.815552
v 6874.160645 177.280502 -1064.323120
v 6936.653320 179.301758 -1064.323120
v 6905.406738 185.325851 -1033.077026
v 6967.899414 178.211868 -1033.077026
v 6936.653320 176.230255 -1033.077026
v 6999.145508 175.615952 -1126.815552
v 6999.145508 188.337906 -1064.323120
v 7061.637695 197.968536 -1064.323120
v 7124.130371 177.775909 -1126.815552
v 7124.130371 196.898468 -1064.323120
v 7186.622559 194.302567 -1064.323120
v 7249.114746 199.950150 -1126.815552
v 7249.114746 136.736710 -1064.323120
v 7311.607422 124.827225 -1064.323120
v 7374.099609 141.314240 -1126.815552
v 7311.607422 130.177582 -1126.815552
v 7499.084473 167.352631 -1126.815552
v 7624.069336 189.843933 -1126.815552
v 7749.053711 189.705215 -1126.815552
v 7874.038574 184.354858 -1126.815552
v 7997.070313 175.596130 -1126.815552
v 3999.511719 137.826599 -1251.800293
v 4124.496582 109.350830 -1251.800293
v 4249.481445 116.227028 -1251.800293
v 4374.465820 136.082779 -1251.800293
v 4499.450684 125.897293 -1251.800293
v 4624.435547 94.924690 -1251.800293
v 4749.419922 95.301201 -1251.800293
v 4811.912598 156.295227 -1189.307983
v 4874.404785 152.252747 -1251.800293
v 4936.897461 146.605148 -1189.307983
v 4968.143555 172.267029 -1158.061768
v 4999.389648 146.387177 -1251.800293
v 4999.389648 170.919525 -1189.307983
v 5061.881836 172.841690 -1189.307983
v 5124.374512 145.356735 -1251.800293
v 5186.866699 138.084213 -1189.307983
v 5218.112793 103.980659 -1158.061768
v 5218.112793 140.303619 -1220.554077
v 5249.359375 133.427429 -1189.307983
v 5218.112793 102.137764 -1189.307983
v 5249.359375 136.835800 -1251.800293
v 5186.866699 170.562836 -1251.800293
v 5311.851563 144.900955 -1189.307983
v 5374.343750 144.385742 -1251.800293
v 5311.851563 103.148384 -1251.800293
v 5499.328613 144.980225 -1251.800293
v 5624.313477 108.736534 -1251.800293
v 5749.297852 101.721626 -1251.800293
v 5811.790527 126.590858 -1189.307983
v 5843.036621 133.665222 -1158.061768
v 5874.282715 123.341019 -1251.800293
v 5874.282715 124.629066 -1189.307983
v 5874.282715 160.357544 -1158.061768
v 5936.775391 145.753052 -1189.307983
v 5905.529297 157.622910 -1158.061768
v 5999.267578 154.531601 -1251.800293
v 6061.759766 118.842758 -1189.307983
v 6124.252441 138.044586 -1251.800293
v 6249.236816 147.813934 -1251.800293
v 6311.729492 166.976120 -1189.307983
v 6374.221680 170.245789 -1251.800293
v 6374.221680 170.562836 -1189.307983
v 6311.729492 168.184906 -1251.800293
v 6436.714355 138.757965 -1189.307983
v 6405.467773 170.186340 -1220.554077
v 6499.206543 173.495636 -1189.307983
v 6467.960449 166.559982 -1220.554077
v 6499.206543 141.571854 -1251.800293
v 6436.714355 129.939789 -1251.800293
v 6436.714355 170.998795 -1220.554077
v 6561.698730 136.201675 -1189.307983
v 6530.452637 174.268463 -1220.554077
v 6624.191406 138.995758 -1189.307983
v 6592.945313 171.811264 -1220.554077
v 6624.191406 146.050293 -1251.800293
v 6561.698730 134.913635 -1251.800293
v 6561.698730 173.535263 -1220.554077
v 6686.683594 146.981659 -1189.307983
v 6655.437500 177.181427 -1220.554077
v 6749.175781 176.150986 -1189.307983
v 6717.929688 152.252747 -1220.554077
v 6749.175781 168.739761 -1251.800293
v 6686.683594 140.878281 -1251.800293
v 6686.683594 177.696640 -1220.554077
v 6811.668457 187.664154 -1189.307983
v 6780.422363 175.021469 -1220.554077
v 6874.160645 168.819031 -1251.800293
v 6811.668457 167.313004 -1251.800293
v 6780.422363 129.067871 -1251.800293
v 6936.653320 203.437790 -1189.307983
v 6999.145508 172.544449 -1189.307983
v 6967.899414 148.309326 -1220.554077
v 6999.145508 139.372269 -1251.800293
v 6999.145508 122.905060 -1220.554077
v 6936.653320 130.990036 -1251.800293
v 7061.637695 179.004517 -1189.307983
v 7030.391602 139.946930 -1220.554077
v 7014.768555 97.877296 -1236.177246
v 7124.130371 179.519730 -1251.800293
v 7061.637695 110.202927 -1251.800293
v 7030.391602 111.094650 -1251.800293
v 7186.622559 180.134033 -1189.307983
v 7249.114746 193.391022 -1251.800293
v 7249.114746 196.383255 -1189.307983
v 7280.361328 180.589798 -1158.061768
v 7280.361328 201.158936 -1189.307983
v 7311.607422 138.341827 -1189.307983
v 7280.361328 200.762619 -1220.554077
v 7374.099609 142.285233 -1189.307983
v 7342.853516 138.539978 -1220.554077
v 7374.099609 202.367722 -1251.800293
v 7374.099609 138.084213 -1220.554077
v 7311.607422 202.229004 -1251.800293
v 7436.592285 146.248459 -1189.307983
v 7405.345703 141.750198 -1220.554077
v 7499.084473 152.312195 -1189.307983
v 7467.838379 137.945496 -1220.554077
v 7499.084473 204.606949 -1251.800293
v 7499.084473 144.187576 -1220.554077
v 7436.592285 203.378342 -1251.800293
v 7561.576660 155.918732 -1189.307983
v 7530.330566 145.118942 -1220.554077
v 7624.069336 144.088501 -1189.307983
v 7592.823242 145.039673 -1220.554077
v 7624.069336 205.439224 -1251.800293
v 7624.069336 141.631302 -1220.554077
v 7561.576660 142.027618 -1251.800293
v 7686.561523 143.276031 -1189.307983
v 7655.315430 192.499298 -1220.554077
v 7749.053711 153.917297 -1251.800293
v 7749.053711 163.171432 -1189.307983
v 7686.561523 203.219818 -1251.800293
v 7811.546387 166.857224 -1189.307983
v 7780.300293 144.187576 -1220.554077
v 7874.038574 169.215347 -1189.307983
v 7842.792480 144.167770 -1220.554077
v 7874.038574 177.042709 -1251.800293
v 7811.546387 192.697449 -1251.800293
v 7811.546387 143.870529 -1220.554077
v 7935.554688 188.902664 -1189.307983
v 7997.070313 178.350586 -1251.800293
v 7935.554688 146.763672 -1251.800293
v 3999.511719 135.686462 -1376.785034
v 4124.496582 152.470718 -1376.785034
v 4249.481445 118.585144 -1376.785034
v 4374.465820 130.851334 -1376.785034
v 4499.450684 99.640930 -1376.785034
v 4561.942871 100.829895 -1314.292603
v 4624.435547 95.756973 -1376.785034
v 4561.942871 95.400276 -1376.785034
v 4749.419922 94.409470 -1376.785034
v 4811.912598 94.746346 -1314.292603
v 4874.404785 152.966125 -1314.292603
v 4843.158691 86.007439 -1345.538818
v 4874.404785 146.406982 -1376.785034
v 4811.912598 88.563713 -1376.785034
v 4936.897461 147.695038 -1314.292603
v 4999.389648 145.911575 -1376.785034
v 5124.374512 153.956924 -1376.785034
v 5186.866699 160.337723 -1314.292603
v 5249.359375 155.760193 -1376.785034
v 5311.851563 152.391449 -1314.292603
v 5374.343750 171.771622 -1376.785034
v 5436.836426 100.849716 -1314.292603
v 5499.328613 145.971024 -1376.785034
v 5624.313477 108.161865 -1376.785034
v 5749.297852 139.986557 -1376.785034
v 5811.790527 98.590675 -1314.292603
v 5874.282715 117.713234 -1376.785034
v 5999.267578 120.190254 -1376.785034
v 6061.759766 148.844376 -1314.292603
v 6124.252441 88.226845 -1376.785034
v 6124.252441 148.943451 -1314.292603
v 6186.744629 152.411270 -1314.292603
v 6249.236816 103.901398 -1376.785034
v 6311.729492 139.946930 -1314.292603
v 6342.975586 121.894440 -1283.046509
v 6374.221680 127.997803 -1376.785034
v 6374.221680 138.738144 -1314.292603
v 6436.714355 141.195343 -1314.292603
v 6499.206543 123.360832 -1376.785034
v 6561.698730 126.590858 -1314.292603
v 6624.191406 117.733055 -1376.785034
v 6686.683594 149.458664 -1314.292603
v 6749.175781 134.180435 -1376.785034
v 6749.175781 153.203918 -1314.292603
v 6811.668457 168.977554 -1314.292603
v 6780.422363 148.705658 -1283.046509
v 6842.914551 165.133224 -1283.046509
v 6874.160645 140.481964 -1376.785034
v 6874.160645 163.785721 -1314.292603
v 6874.160645 131.069305 -1283.046509
v 6936.653320 162.398605 -1314.292603
v 6905.406738 155.522400 -1283.046509
v 6999.145508 159.109116 -1314.292603
v 6967.899414 113.670746 -1345.538818
v 6999.145508 160.476440 -1376.785034
v 6936.653320 130.177582 -1376.785034
v 7061.637695 141.849274 -1314.292603
v 7030.391602 148.566940 -1283.046509
v 7124.130371 195.392441 -1376.785034
v 7061.637695 130.534271 -1376.785034
v 7249.114746 194.560165 -1376.785034
v 7311.607422 196.759766 -1314.292603
v 7374.099609 212.097443 -1376.785034
v 7436.592285 193.965683 -1314.292603
v 7499.084473 194.797958 -1376.785034
v 7561.576660 200.287033 -1314.292603
v 7624.069336 220.063522 -1376.785034
v 7686.561523 199.910522 -1314.292603
v 7749.053711 202.229004 -1376.785034
v 7811.546387 200.663544 -1314.292603
v 7874.038574 201.456177 -1376.785034
v 7935.554688 174.833221 -1314.292603
v 7966.312500 143.276031 -1283.046509
v 7997.070313 199.831253 -1376.785034
v 7997.070313 146.030472 -1314.292603
v 3999.511719 142.681549 -1501.769775
v 4124.496582 142.067261 -1501.769775
v 4186.988770 118.228455 -1439.277466
v 4249.481445 108.379845 -1501.769775
v 4186.988770 90.842567 -1501.769775
v 4374.465820 125.500977 -1501.769775
v 4499.450684 99.918358 -1501.769775
v 4561.942871 138.916489 -1439.277466
v 4593.189453 154.254166 -1408.031250
v 4624.435547 152.886856 -1501.769775
v 4624.435547 151.083588 -1439.277466
v 4561.942871 110.024582 -1501.769775
v 4686.927734 150.984512 -1439.277466
v 4749.419922 150.072968 -1501.769775
v 4811.912598 139.649689 -1439.277466
v 4874.404785 148.269699 -1501.769775
v 4999.389648 146.664597 -1501.769775
v 5124.374512 146.743866 -1501.769775
v 5249.359375 152.252747 -1501.769775
v 5374.343750 169.710754 -1501.769775
v 5499.328613 153.699326 -1501.769775
v 5624.313477 140.858475 -1501.769775
v 5686.805664 104.555328 -1439.277466
v 5749.297852 103.227646 -1501.769775
v 5811.790527 139.114655 -1439.277466
v 5874.282715 121.081978 -1501.769775
v 5811.790527 147.853561 -1501.769775
v 5999.267578 113.155525 -1501.769775
v 6124.252441 108.082596 -1501.769775
v 6249.236816 77.268524 -1501.769775
v 6374.221680 136.736710 -1501.769775
v 6499.206543 156.770813 -1501.769775
v 6624.191406 167.174286 -1501.769775
v 6749.175781 148.685837 -1501.769775
v 6874.160645 148.844376 -1501.769775
v 6936.653320 109.568810 -1439.277466
v 6999.145508 142.523026 -1501.769775
v 6999.145508 124.470535 -1439.277466
v 7061.637695 150.191864 -1439.277466
v 7030.391602 159.069489 -1408.031250
v 7030.391602 120.784737 -1470.523560
v 7092.884277 161.031281 -1408.031250
v 7061.637695 134.576752 -1408.031250
v 7077.260742 118.902206 -1423.654297
v 7092.884277 142.721191 -1470.523560
v 7124.130371 156.592468 -1439.277466
v 7092.884277 118.347351 -1439.277466
v 7124.130371 153.540787 -1501.769775
v 7124.130371 118.981468 -1470.523560
v 7061.637695 125.025383 -1501.769775
v 7061.637695 164.618011 -1470.523560
v 7092.884277 175.397980 -1501.769775
v 7077.260742 167.174286 -1486.146729
v 7186.622559 192.756897 -1439.277466
v 7155.376465 150.013519 -1470.523560
v 7249.114746 171.969788 -1501.769775
v 7186.622559 140.699936 -1501.769775
v 7374.099609 150.390030 -1501.769775
v 7499.084473 189.744858 -1501.769775
v 7624.069336 157.563461 -1501.769775
v 7686.561523 212.870270 -1439.277466
v 7749.053711 151.697891 -1501.769775
v 7749.053711 212.493759 -1439.277466
v 7811.546387 216.298462 -1439.277466
v 7874.038574 220.162598 -1501.769775
v 7997.070313 195.788773 -1501.769775
v 3999.511719 128.017624 -1626.754517
v 4124.496582 113.690559 -1626.754517
v 4186.988770 100.433578 -1564.262085
v 4249.481445 126.670128 -1626.754517
v 4374.465820 102.771881 -1626.754517
v 4436.958496 100.175964 -1564.262085
v 4499.450684 106.754921 -1564.262085
v 4468.204590 136.459290 -1595.508301
v 4499.450684 152.391449 -1626.754517
v 4499.450684 136.300766 -1595.508301
v 4436.958496 133.447235 -1626.754517
v 4561.942871 95.994766 -1564.262085
v 4530.696777 107.547562 -1595.508301
v 4515.073730 114.562469 -1611.131470
v 4593.189453 129.701996 -1533.015991
v 4593.189453 98.075455 -1564.262085
v 4593.189453 156.136703 -1595.508301
v 4608.812500 114.602104 -1579.885254
v 4624.435547 141.036819 -1564.262085
v 4624.435547 157.920151 -1626.754517
v 4624.435547 128.830078 -1595.508301
v 4561.942871 156.374496 -1626.754517
v 4530.696777 149.220871 -1626.754517
v 4515.073730 115.196587 -1626.754517
v 4686.927734 148.745285 -1564.262085
v 4655.681641 155.562042 -1595.508301
v 4749.419922 136.677261 -1626.754517
v 4686.927734 149.815353 -1626.754517
v 4874.404785 144.207397 -1626.754517
v 4999.389648 122.092598 -1626.754517
v 5124.374512 119.021103 -1626.754517
v 5249.359375 146.902390 -1626.754517
v 5374.343750 134.002090 -1626.754517
v 5499.328613 146.288086 -1626.754517
v 5624.313477 168.204727 -1626.754517
v 5749.297852 142.602295 -1626.754517
v 5811.790527 131.326920 -1564.262085
v 5874.282715 105.129997 -1626.754517
v 5936.775391 135.329773 -1564.262085
v 5999.267578 115.791069 -1626.754517
v 5936.775391 151.440277 -1626.754517
v 6124.252441 109.113037 -1626.754517
v 6249.236816 95.261566 -1626.754517
v 6374.221680 132.139374 -1626.754517
v 6499.206543 123.836418 -1626.754517
v 6624.191406 127.680748 -1626.754517
v 6749.175781 127.700562 -1626.754517
v 6811.668457 152.668884 -1564.262085
v 6874.160645 129.503830 -1626.754517
v 6811.668457 163.785721 -1626.754517
v 6999.145508 142.047440 -1626.754517
v 7061.637695 150.053146 -1564.262085
v 7092.884277 180.411453 -1533.015991
v 7124.130371 168.383072 -1626.754517
v 7124.130371 177.458847 -1564.262085
v 7186.622559 154.452332 -1564.262085
v 7217.868652 125.976563 -1533.015991
v 7217.868652 102.989853 -1595.508301
v 7249.114746 157.186951 -1564.262085
v 7217.868652 120.229881 -1564.262085
v 7249.114746 112.045822 -1626.754517
v 7186.622559 110.123657 -1626.754517
v 7311.607422 157.999420 -1564.262085
v 7374.099609 152.787781 -1626.754517
v 7311.607422 137.925690 -1626.754517
v 7499.084473 152.292374 -1626.754517
v 7561.576660 188.476624 -1564.262085
v 7624.069336 187.763245 -1626.754517
v 7686.561523 142.800446 -1564.262085
v 7749.053711 205.538300 -1626.754517
v 7686.561523 149.676651 -1626.754517
v 7874.038574 198.622482 -1626.754517
v 7997.070313 205.696838 -1626.754517
v 3999.511719 141.274612 -1751.739258
v 4124.496582 126.729576 -1751.739258
v 4249.481445 136.835800 -1751.739258
v 4311.973633 129.345306 -1689.246948
v 4374.465820 128.255417 -1751.739258
v 4374.465820 103.623970 -1689.246948
v 4436.958496 159.723419 -1689.246948
v 4405.711914 103.346542 -1720.493042
v 4468.204590 158.514633 -1658.000732
v 4499.450684 158.455185 -1689.246948
v 4468.204590 111.867477 -1720.493042
v 4499.450684 102.692612 -1751.739258
v 4499.450684 154.412704 -1658.000732
v 4436.958496 120.507309 -1751.739258
v 4436.958496 99.581482 -1720.493042
v 4561.942871 157.365295 -1689.246948
v 4530.696777 156.731186 -1658.000732
v 4515.073730 126.234169 -1642.377563
v 4624.435547 157.286041 -1751.739258
v 4686.927734 147.397797 -1689.246948
v 4749.419922 146.327728 -1751.739258
v 4874.404785 137.469910 -1751.739258
v 4999.389648 123.856232 -1751.739258
v 5124.374512 97.738579 -1751.739258
v 5249.359375 135.448669 -1751.739258
v 5374.343750 144.623535 -1751.739258
v 5436.836426 98.788834 -1689.246948
v 5499.328613 148.566940 -1751.739258
v 5624.313477 142.007813 -1751.739258
v 5749.297852 136.122421 -1751.739258
v 5811.790527 102.811508 -1689.246948
v 5874.282715 142.483398 -1689.246948
v 5843.036621 99.006813 -1720.493042
v 5874.282715 126.749390 -1751.739258
v 5811.790527 129.365112 -1751.739258
v 5843.036621 93.478119 -1751.739258
v 5936.775391 107.706093 -1689.246948
v 5905.529297 146.169189 -1658.000732
v 5905.529297 151.717712 -1720.493042
v 5999.267578 113.432953 -1751.739258
v 5936.775391 142.027618 -1751.739258
v 6124.252441 116.504456 -1751.739258
v 6249.236816 111.708954 -1751.739258
v 6374.221680 118.565331 -1751.739258
v 6499.206543 159.604523 -1751.739258
v 6624.191406 163.805542 -1751.739258
v 6749.175781 167.729141 -1751.739258
v 6811.668457 156.315048 -1689.246948
v 6874.160645 128.631927 -1751.739258
v 6999.145508 138.658875 -1751.739258
v 7061.637695 140.541412 -1689.246948
v 7124.130371 169.215347 -1751.739258
v 7124.130371 133.506683 -1689.246948
v 7155.376465 167.372452 -1658.000732
v 7155.376465 164.261307 -1689.246948
v 7186.622559 120.903633 -1689.246948
v 7155.376465 158.534454 -1720.493042
v 7249.114746 154.868469 -1689.246948
v 7217.868652 146.664597 -1720.493042
v 7249.114746 165.291748 -1751.739258
v 7186.622559 120.249702 -1720.493042
v 7170.999512 122.389839 -1736.116211
v 7186.622559 154.174911 -1751.739258
v 7155.376465 133.506683 -1751.739258
v 7311.607422 171.216782 -1689.246948
v 7280.361328 107.686279 -1658.000732
v 7342.853516 136.399841 -1658.000732
v 7311.607422 113.472588 -1658.000732
v 7374.099609 208.471085 -1751.739258
v 7374.099609 188.694595 -1689.246948
v 7436.592285 182.313797 -1689.246948
v 7499.084473 185.603287 -1751.739258
v 7561.576660 155.225159 -1689.246948
v 7624.069336 197.512772 -1751.739258
v 7624.069336 177.815536 -1689.246948
v 7686.561523 194.540359 -1689.246948
v 7655.315430 149.518112 -1658.000732
v 7749.053711 192.598373 -1751.739258
v 7874.038574 204.507858 -1751.739258
v 7997.070313 202.090302 -1751.739258
v 3999.511719 125.401894 -1876.723999
v 4124.496582 157.087875 -1876.723999
v 4249.481445 147.536499 -1876.723999
v 4374.465820 129.979416 -1876.723999
v 4436.958496 147.813934 -1814.231567
v 4499.450684 144.068680 -1876.723999
v 4561.942871 98.214172 -1814.231567
v 4624.435547 110.955940 -1876.723999
v 4686.927734 156.196152 -1814.231567
v 4749.419922 152.252747 -1814.231567
v 4718.173828 158.831696 -1845.477783
v 4749.419922 110.718147 -1876.723999
v 4686.927734 121.418854 -1876.723999
v 4718.173828 150.429657 -1876.723999
v 4811.912598 146.367355 -1814.231567
v 4874.404785 141.631302 -1876.723999
v 4811.912598 83.946556 -1876.723999
v 4999.389648 138.104034 -1876.723999
v 5124.374512 135.329773 -1876.723999
v 5249.359375 124.708328 -1876.723999
v 5374.343750 141.116074 -1876.723999
v 5499.328613 167.511154 -1876.723999
v 5624.313477 171.038422 -1876.723999
v 5749.297852 153.818222 -1876.723999
v 5811.790527 150.409836 -1814.231567
v 5843.036621 137.628448 -1782.985474
v 5874.282715 117.039490 -1814.231567
v 5843.036621 161.863556 -1845.477783
v 5874.282715 116.960220 -1876.723999
v 5874.282715 150.429657 -1845.477783
v 5811.790527 178.172241 -1876.723999
v 5936.775391 136.003525 -1814.231567
v 5905.529297 121.894440 -1845.477783
v 5999.267578 99.759827 -1876.723999
v 5936.775391 140.561234 -1876.723999
v 6124.252441 115.434380 -1876.723999
v 6249.236816 125.659500 -1876.723999
v 6374.221680 125.481155 -1876.723999
v 6499.206543 111.272995 -1876.723999
v 6624.191406 141.552032 -1876.723999
v 6749.175781 125.976563 -1876.723999
v 6874.160645 121.597198 -1876.723999
v 6999.145508 139.411896 -1876.723999
v 7061.637695 162.953445 -1814.231567
v 7124.130371 130.256851 -1814.231567
v 7092.884277 130.375748 -1845.477783
v 7124.130371 165.806976 -1876.723999
v 7061.637695 170.622284 -1876.723999
v 7186.622559 185.167328 -1814.231567
v 7155.376465 147.278900 -1782.985474
v 7249.114746 193.767517 -1876.723999
v 7374.099609 195.709503 -1876.723999
v 7499.084473 194.421463 -1876.723999
v 7624.069336 197.790192 -1876.723999
v 7749.053711 198.919724 -1876.723999
v 7874.038574 196.521973 -1876.723999
v 7997.070313 197.255157 -1876.723999
v 3999.511719 130.316299 -2001.708862
v 4124.496582 123.638260 -2001.708862
v 4249.481445 142.681549 -2001.708862
v 4374.465820 137.172668 -2001.708862
v 4499.450684 141.532211 -2001.708862
v 4624.435547 139.094833 -2001.708862
v 4686.927734 128.750824 -1939.216431
v 4718.173828 98.967178 -1907.970215
v 4749.419922 111.550423 -2001.708862
v 4749.419922 102.474640 -1939.216431
v 4811.912598 87.216217 -1939.216431
v 4874.404785 99.898537 -2001.708862
v 4999.389648 135.547745 -2001.708862
v 5061.881836 141.116074 -1939.216431
v 5124.374512 137.826599 -2001.708862
v 5061.881836 138.639069 -2001.708862
v 5249.359375 130.217209 -2001.708862
v 5374.343750 136.736710 -2001.708862
v 5499.328613 153.719131 -2001.708862
v 5624.313477 152.609436 -2001.708862
v 5749.297852 158.772247 -2001.708862
v 5811.790527 156.275421 -1939.216431
v 5874.282715 126.808838 -2001.708862
v 5874.282715 122.687080 -1939.216431
v 5936.775391 114.086884 -1939.216431
v 5905.529297 151.420471 -1907.970215
v 5999.267578 126.214355 -2001.708862
v 6124.252441 126.670128 -2001.708862
v 6249.236816 134.834366 -2001.708862
v 6374.221680 134.338959 -2001.708862
v 6499.206543 124.965935 -2001.708862
v 6624.191406 135.627014 -2001.708862
v 6749.175781 131.941208 -2001.708862
v 6811.668457 141.433136 -1939.216431
v 6874.160645 154.551407 -1939.216431
v 6842.914551 170.146698 -1970.462524
v 6874.160645 126.055824 -2001.708862
v 6811.668457 167.015762 -2001.708862
v 6936.653320 131.842133 -1939.216431
v 6905.406738 171.296036 -1970.462524
v 6999.145508 152.371643 -2001.708862
v 6936.653320 168.878479 -2001.708862
v 7061.637695 169.869278 -1939.216431
v 7092.884277 131.307098 -1907.970215
v 7092.884277 127.284424 -1970.462524
v 7124.130371 172.821884 -1939.216431
v 7092.884277 127.185341 -1939.216431
v 7124.130371 171.414932 -2001.708862
v 7061.637695 159.128937 -2001.708862
v 7092.884277 130.672989 -2001.708862
v 7186.622559 207.083954 -1939.216431
v 7249.114746 188.734222 -2001.708862
v 7374.099609 180.272751 -2001.708862
v 7499.084473 189.586319 -2001.708862
v 7624.069336 187.624527 -2001.708862
v 7749.053711 196.759766 -2001.708862
v 7874.038574 188.199188 -2001.708862
v 7997.070313 194.897049 -2001.708862
v 3999.511719 127.046631 -2126.693604
v 4124.496582 122.508736 -2126.693604
v 4249.481445 147.477051 -2126.693604
v 4374.465820 160.516068 -2126.693604
v 4499.450684 128.810272 -2126.693604
v 4624.435547 144.088501 -2126.693604
v 4749.419922 130.772064 -2126.693604
v 4811.912598 98.868103 -2064.200928
v 4874.404785 158.574081 -2126.693604
v 4811.912598 97.857475 -2126.693604
v 4999.389648 145.971024 -2126.693604
v 5061.881836 141.968170 -2064.200928
v 5093.127930 140.541412 -2032.954956
v 5093.127930 83.292625 -2095.447510
v 5124.374512 141.215164 -2064.200928
v 5093.127930 104.515694 -2064.200928
v 5124.374512 144.207397 -2126.693604
v 5061.881836 143.137329 -2126.693604
v 5093.127930 100.572289 -2126.693604
v 5186.866699 136.399841 -2064.200928
v 5249.359375 146.288086 -2126.693604
v 5374.343750 158.316483 -2126.693604
v 5436.836426 153.421890 -2064.200928
v 5499.328613 103.267281 -2126.693604
v 5436.836426 93.755539 -2126.693604
v 5561.820801 160.179199 -2064.200928
v 5624.313477 160.852936 -2126.693604
v 5561.820801 160.000854 -2126.693604
v 5749.297852 155.740387 -2126.693604
v 5874.282715 151.361023 -2126.693604
v 5999.267578 105.724480 -2126.693604
v 6124.252441 151.539368 -2126.693604
v 6249.236816 134.517303 -2126.693604
v 6374.221680 122.350212 -2126.693604
v 6499.206543 115.137138 -2126.693604
v 6624.191406 135.468491 -2126.693604
v 6749.175781 161.467239 -2126.693604
v 6811.668457 148.289520 -2064.200928
v 6874.160645 138.381454 -2064.200928
v 6842.914551 109.905685 -2095.447510
v 6874.160645 164.281128 -2126.693604
v 6811.668457 122.429474 -2126.693604
v 6936.653320 142.404129 -2064.200928
v 6905.406738 167.253555 -2032.954956
v 6999.145508 149.458664 -2126.693604
v 6999.145508 171.256409 -2064.200928
v 7030.391602 170.107071 -2032.954956
v 7030.391602 130.990036 -2064.200928
v 7061.637695 170.384491 -2064.200928
v 7030.391602 127.026817 -2095.447510
v 7092.884277 129.701996 -2032.954956
v 7124.130371 170.364685 -2126.693604
v 7124.130371 147.536499 -2064.200928
v 7061.637695 144.524460 -2126.693604
v 7186.622559 180.371826 -2064.200928
v 7155.376465 167.075211 -2095.447510
v 7249.114746 202.605515 -2126.693604
v 7186.622559 164.063156 -2126.693604
v 7155.376465 131.108932 -2126.693604
v 7374.099609 191.627380 -2126.693604
v 7499.084473 184.889908 -2126.693604
v 7624.069336 184.057617 -2126.693604
v 7749.053711 186.376114 -2126.693604
v 7874.038574 193.291931 -2126.693604
v 7997.070313 193.014511 -2126.693604
v 3999.511719 128.968796 -2251.677979
v 4124.496582 148.507492 -2251.677979
v 4249.481445 146.981659 -2251.677979
v 4374.465820 163.884811 -2251.677979
v 4499.450684 140.818832 -2251.677979
v 4624.435547 145.852127 -2251.677979
v 4749.419922 144.128128 -2251.677979
v 4811.912598 108.062782 -2189.185791
v 4843.158691 99.680565 -2157.939697
v 4874.404785 120.150620 -2251.677979
v 4874.404785 105.288528 -2189.185791
v 4936.897461 96.450531 -2189.185791
v 4999.389648 105.625397 -2251.677979
v 5061.881836 93.636642 -2189.185791
v 5093.127930 100.849716 -2157.939697
v 5124.374512 98.075455 -2251.677979
v 5124.374512 146.367355 -2189.185791
v 5186.866699 155.819641 -2189.185791
v 5249.359375 104.456245 -2251.677979
v 5374.343750 104.119377 -2251.677979
v 5436.836426 101.899971 -2189.185791
v 5499.328613 104.495880 -2251.677979
v 5499.328613 100.889343 -2189.185791
v 5561.820801 117.594337 -2189.185791
v 5530.574707 157.563461 -2157.939697
v 5624.313477 166.857224 -2189.185791
v 5593.067383 164.835983 -2220.431885
v 5624.313477 102.752060 -2251.677979
v 5561.820801 103.723053 -2251.677979
v 5686.805664 164.281128 -2189.185791
v 5749.297852 165.688080 -2251.677979
v 5811.790527 167.808395 -2189.185791
v 5874.282715 160.674591 -2251.677979
v 5874.282715 148.408417 -2189.185791
v 5936.775391 134.556946 -2189.185791
v 5905.529297 121.934074 -2220.431885
v 5999.267578 124.747963 -2251.677979
v 5936.775391 151.499725 -2251.677979
v 5905.529297 116.940407 -2251.677979
v 6061.759766 101.087509 -2189.185791
v 6124.252441 130.336105 -2251.677979
v 6249.236816 124.886673 -2251.677979
v 6374.221680 111.827850 -2251.677979
v 6436.714355 111.669319 -2189.185791
v 6499.206543 155.522400 -2251.677979
v 6436.714355 133.189636 -2251.677979
v 6624.191406 141.155716 -2251.677979
v 6686.683594 165.945679 -2189.185791
v 6749.175781 150.350388 -2189.185791
v 6717.929688 123.043777 -2220.431885
v 6749.175781 163.250687 -2251.677979
v 6749.175781 123.023956 -2220.431885
v 6686.683594 135.567566 -2251.677979
v 6811.668457 123.321198 -2189.185791
v 6780.422363 133.526505 -2220.431885
v 6874.160645 197.492950 -2251.677979
v 6811.668457 165.806976 -2251.677979
v 6999.145508 175.814117 -2251.677979
v 7061.637695 157.147324 -2189.185791
v 7124.130371 123.915680 -2189.185791
v 7092.884277 126.868286 -2220.431885
v 7124.130371 167.114838 -2251.677979
v 7061.637695 168.541595 -2251.677979
v 7186.622559 167.630051 -2189.185791
v 7155.376465 142.285233 -2157.939697
v 7249.114746 172.306656 -2251.677979
v 7311.607422 203.061295 -2189.185791
v 7374.099609 158.475006 -2251.677979
v 7374.099609 203.517059 -2189.185791
v 7311.607422 174.426987 -2251.677979
v 7436.592285 191.567932 -2189.185791
v 7405.345703 182.234543 -2220.431885
v 7499.084473 179.856598 -2251.677979
v 7436.592285 172.861511 -2251.677979
v 7405.345703 167.412079 -2251.677979
v 7624.069336 186.356293 -2251.677979
v 7749.053711 205.894989 -2251.677979
v 7874.038574 193.906235 -2251.677979
v 7997.070313 193.846786 -2251.677979
v 3999.511719 169.968353 -2376.662842
v 4124.496582 165.569183 -2376.662842
v 4249.481445 163.270508 -2376.662842
v 4374.465820 148.963272 -2376.662842
v 4499.450684 143.949783 -2376.662842
v 4624.435547 147.239258 -2376.662842
v 4749.419922 141.928543 -2376.662842
v 4874.404785 148.923630 -2376.662842
v 4999.389648 142.225784 -2376.662842
v 5124.374512 135.488297 -2376.662842
v 5249.359375 152.629242 -2376.662842
v 5374.343750 100.671371 -2376.662842
v 5499.328613 110.123657 -2376.662842
v 5561.820801 108.379845 -2314.170654
v 5624.313477 104.634590 -2376.662842
v 5749.297852 108.122231 -2376.662842
v 5811.790527 165.410645 -2314.170654
v 5874.282715 166.480713 -2376.662842
v 5874.282715 173.495636 -2314.170654
v 5936.775391 155.443146 -2314.170654
v 5905.529297 152.292374 -2282.924561
v 5968.021484 156.493393 -2282.924561
v 5936.775391 115.969414 -2282.924561
v 5921.152344 111.372078 -2267.301514
v 5999.267578 157.523834 -2314.170654
v 5968.021484 156.493393 -2345.416748
v 5999.267578 175.794296 -2376.662842
v 5999.267578 129.226410 -2345.416748
v 5936.775391 172.920959 -2376.662842
v 6061.759766 146.724045 -2314.170654
v 6030.513672 145.753052 -2345.416748
v 6124.252441 124.351639 -2376.662842
v 6061.759766 121.894440 -2376.662842
v 6186.744629 127.839279 -2314.170654
v 6249.236816 138.322006 -2376.662842
v 6186.744629 125.243362 -2376.662842
v 6374.221680 145.257645 -2376.662842
v 6436.714355 155.522400 -2314.170654
v 6467.960449 115.751442 -2282.924561
v 6499.206543 156.077255 -2376.662842
v 6499.206543 151.678070 -2314.170654
v 6561.698730 136.875427 -2314.170654
v 6624.191406 191.607574 -2376.662842
v 6686.683594 186.554459 -2314.170654
v 6749.175781 180.134033 -2376.662842
v 6811.668457 194.401642 -2314.170654
v 6874.160645 182.313797 -2376.662842
v 6999.145508 170.404312 -2376.662842
v 7061.637695 167.451706 -2314.170654
v 7124.130371 133.883194 -2376.662842
v 7061.637695 157.741806 -2376.662842
v 7186.622559 147.041107 -2314.170654
v 7249.114746 111.629684 -2376.662842
v 7249.114746 169.116272 -2314.170654
v 7311.607422 170.582657 -2314.170654
v 7280.361328 147.457245 -2282.924561
v 7342.853516 140.065826 -2282.924561
v 7311.607422 137.271759 -2282.924561
v 7374.099609 145.792679 -2376.662842
v 7374.099609 173.753235 -2314.170654
v 7436.592285 176.309525 -2314.170654
v 7405.345703 156.869904 -2282.924561
v 7467.838379 139.312820 -2282.924561
v 7436.592285 146.922211 -2282.924561
v 7420.969238 130.157761 -2267.301514
v 7499.084473 164.300949 -2376.662842
v 7499.084473 141.789825 -2314.170654
v 7561.576660 128.394135 -2314.170654
v 7624.069336 175.814117 -2376.662842
v 7624.069336 135.210876 -2314.170654
v 7686.561523 154.115463 -2314.170654
v 7749.053711 157.900345 -2376.662842
v 7749.053711 169.968353 -2314.170654
v 7811.546387 188.833313 -2314.170654
v 7780.300293 133.803925 -2345.416748
v 7874.038574 180.292557 -2376.662842
v 7811.546387 156.929352 -2376.662842
v 7997.070313 211.978546 -2376.662842
v 3999.511719 135.864807 -2501.647705
v 4124.496582 167.431900 -2501.647705
v 4249.481445 155.680939 -2501.647705
v 4374.465820 156.136703 -2501.647705
v 4499.450684 165.886230 -2501.647705
v 4624.435547 156.731186 -2501.647705
v 4749.419922 149.874802 -2501.647705
v 4874.404785 141.116074 -2501.647705
v 4999.389648 150.053146 -2501.647705
v 5124.374512 154.908096 -2501.647705
v 5249.359375 156.414124 -2501.647705
v 5374.343750 133.546326 -2501.647705
v 5499.328613 130.157761 -2501.647705
v 5624.313477 138.579620 -2501.647705
v 5749.297852 133.308533 -2501.647705
v 5811.790527 112.461960 -2439.155518
v 5874.282715 113.393318 -2501.647705
v 5874.282715 173.238022 -2439.155518
v 5936.775391 168.343430 -2439.155518
v 5999.267578 170.265594 -2501.647705
v 6061.759766 173.317276 -2439.155518
v 6124.252441 167.986740 -2501.647705
v 6124.252441 183.046997 -2439.155518
v 6186.744629 170.681732 -2439.155518
v 6155.498535 168.184906 -2407.908936
v 6217.990723 169.354065 -2407.908936
v 6186.744629 182.432709 -2407.908936
v 6249.236816 162.279709 -2501.647705
v 6249.236816 182.967743 -2439.155518
v 6311.729492 177.518295 -2439.155518
v 6374.221680 162.041916 -2501.647705
v 6499.206543 185.603287 -2501.647705
v 6624.191406 190.299698 -2501.647705
v 6749.175781 166.223114 -2501.647705
v 6874.160645 178.964874 -2501.647705
v 6936.653320 178.073151 -2439.155518
v 6999.145508 173.872131 -2501.647705
v 6999.145508 133.784119 -2439.155518
v 7061.637695 153.402084 -2439.155518
v 7030.391602 166.203293 -2470.401611
v 7092.884277 150.191864 -2407.908936
v 7092.884277 154.630676 -2470.401611
v 7124.130371 147.972458 -2439.155518
v 7092.884277 115.791069 -2439.155518
v 7077.260742 117.356544 -2454.778564
v 7124.130371 131.287277 -2501.647705
v 7061.637695 131.505264 -2501.647705
v 7061.637695 123.222122 -2470.401611
v 7186.622559 133.189636 -2439.155518
v 7249.114746 135.844986 -2501.647705
v 7374.099609 117.257469 -2501.647705
v 7499.084473 144.108322 -2501.647705
v 7624.069336 134.061539 -2501.647705
v 7749.053711 136.875427 -2501.647705
v 7811.546387 180.134033 -2439.155518
v 7874.038574 174.209015 -2501.647705
v 7997.070313 186.197769 -2501.647705
v 3999.511719 145.475632 -2626.632568
v 4124.496582 169.136078 -2626.632568
v 4186.988770 169.235168 -2564.139893
v 4249.481445 168.739761 -2626.632568
v 4249.481445 126.452148 -2564.139893
v 4311.973633 139.629868 -2564.139893
v 4374.465820 167.332809 -2626.632568
v 4499.450684 159.723419 -2626.632568
v 4561.942871 158.950592 -2564.139893
v 4624.435547 138.143661 -2626.632568
v 4561.942871 113.987808 -2626.632568
v 4749.419922 147.695038 -2626.632568
v 4874.404785 154.214539 -2626.632568
v 4999.389648 157.880524 -2626.632568
v 5124.374512 139.610062 -2626.632568
v 5249.359375 148.269699 -2626.632568
v 5374.343750 141.175522 -2626.632568
v 5499.328613 157.404938 -2626.632568
v 5624.313477 152.787781 -2626.632568
v 5749.297852 142.740997 -2626.632568
v 5874.282715 114.641739 -2626.632568
v 5999.267578 172.940781 -2626.632568
v 6124.252441 160.892578 -2626.632568
v 6249.236816 143.474197 -2626.632568
v 6374.221680 162.002274 -2626.632568
v 6499.206543 165.826782 -2626.632568
v 6624.191406 172.485001 -2626.632568
v 6749.175781 191.865173 -2626.632568
v 6874.160645 178.628006 -2626.632568
v 6999.145508 170.959167 -2626.632568
v 7061.637695 168.046188 -2564.139893
v 7124.130371 164.935059 -2626.632568
v 7186.622559 139.828033 -2564.139893
v 7249.114746 129.741623 -2626.632568
v 7186.622559 164.677460 -2626.632568
v 7311.607422 117.713234 -2564.139893
v 7374.099609 116.861145 -2626.632568
v 7311.607422 137.767151 -2626.632568
v 7499.084473 144.147949 -2626.632568
v 7624.069336 141.670929 -2626.632568
v 7749.053711 153.639877 -2626.632568
v 7874.038574 170.860077 -2626.632568
v 7997.070313 179.539551 -2626.632568
v 3999.511719 168.145279 -2751.616943
v 4124.496582 161.665405 -2751.616943
v 4249.481445 133.922821 -2751.616943
v 4374.465820 152.094208 -2751.616943
v 4499.450684 157.147324 -2751.616943
v 4561.942871 106.338783 -2689.124756
v 4624.435547 108.201500 -2751.616943
v 4749.419922 116.801697 -2751.616943
v 4874.404785 159.525253 -2751.616943
v 4999.389648 114.721001 -2751.616943
v 5124.374512 113.769829 -2751.616943
v 5249.359375 138.460724 -2751.616943
v 5374.343750 141.670929 -2751.616943
v 5499.328613 158.574081 -2751.616943
v 5624.313477 161.942825 -2751.616943
v 5749.297852 162.596756 -2751.616943
v 5874.282715 120.626205 -2751.616943
v 5999.267578 114.641739 -2751.616943
v 6061.759766 171.553650 -2689.124756
v 6124.252441 174.981842 -2751.616943
v 6249.236816 158.851517 -2751.616943
v 6374.221680 161.229446 -2751.616943
v 6499.206543 167.154465 -2751.616943
v 6561.698730 167.134659 -2689.124756
v 6624.191406 172.524643 -2751.616943
v 6561.698730 168.997375 -2751.616943
v 6749.175781 160.060303 -2751.616943
v 6811.668457 169.215347 -2689.124756
v 6874.160645 177.320145 -2751.616943
v 6811.668457 170.007996 -2751.616943
v 6999.145508 176.468048 -2751.616943
v 7124.130371 168.541595 -2751.616943
v 7186.622559 172.643539 -2689.124756
v 7217.868652 165.271942 -2657.878662
v 7249.114746 181.560791 -2751.616943
v 7249.114746 133.625580 -2689.124756
v 7249.114746 164.994507 -2657.878662
v 7311.607422 164.935059 -2689.124756
v 7280.361328 165.866425 -2657.878662
v 7374.099609 151.043961 -2689.124756
v 7342.853516 151.658264 -2720.370850
v 7374.099609 163.924438 -2720.370850
v 7358.476563 129.246216 -2735.993896
v 7374.099609 166.599625 -2751.616943
v 7374.099609 130.752243 -2735.993896
v 7311.607422 162.913818 -2751.616943
v 7342.853516 166.381638 -2751.616943
v 7436.592285 166.797775 -2689.124756
v 7405.345703 148.725479 -2720.370850
v 7389.722656 136.815979 -2735.993896
v 7499.084473 156.810455 -2751.616943
v 7499.084473 154.610855 -2689.124756
v 7436.592285 168.680313 -2751.616943
v 7405.345703 172.029236 -2751.616943
v 7561.576660 138.262558 -2689.124756
v 7530.330566 153.560608 -2720.370850
v 7624.069336 158.653351 -2689.124756
v 7592.823242 172.207581 -2720.370850
v 7624.069336 138.004944 -2751.616943
v 7561.576660 129.087692 -2751.616943
v 7561.576660 170.780823 -2720.370850
v 7686.561523 156.473572 -2689.124756
v 7749.053711 136.241318 -2751.616943
v 7749.053711 172.901138 -2689.124756
v 7811.546387 150.786346 -2689.124756
v 7780.300293 177.617386 -2720.370850
v 7874.038574 153.838028 -2751.616943
v 7811.546387 139.808212 -2751.616943
v 7935.554688 132.555511 -2689.124756
v 7997.070313 181.600418 -2751.616943
v 7935.554688 131.901581 -2751.616943
v 3999.511719 135.884628 -2876.601807
v 4124.496582 134.497498 -2876.601807
v 4249.481445 149.161423 -2876.601807
v 4374.465820 139.907303 -2876.601807
v 4499.450684 145.871948 -2876.601807
v 4624.435547 118.169006 -2876.601807
v 4749.419922 129.919968 -2876.601807
v 4874.404785 142.166336 -2876.601807
v 4999.389648 114.265228 -2876.601807
v 5124.374512 165.588989 -2876.601807
v 5186.866699 111.926926 -2814.109619
v 5249.359375 126.848473 -2876.601807
v 5374.343750 114.067070 -2876.601807
v 5499.328613 145.158569 -2876.601807
v 5624.313477 163.131790 -2876.601807
v 5749.297852 156.196152 -2876.601807
v 5874.282715 108.518555 -2876.601807
v 5999.267578 116.643166 -2876.601807
v 6124.252441 108.776161 -2876.601807
v 6186.744629 115.533463 -2814.109619
v 6249.236816 111.946747 -2876.601807
v 6249.236816 126.689941 -2814.109619
v 6311.729492 172.148132 -2814.109619
v 6280.483398 106.437859 -2845.355713
v 6374.221680 167.966934 -2814.109619
v 6342.975586 152.312195 -2845.355713
v 6374.221680 115.731621 -2876.601807
v 6311.729492 111.213547 -2876.601807
v 6311.729492 108.181679 -2845.355713
v 6436.714355 167.848038 -2814.109619
v 6499.206543 112.045822 -2876.601807
v 6499.206543 171.414932 -2814.109619
v 6561.698730 108.003334 -2814.109619
v 6530.452637 170.860077 -2782.863525
v 6624.191406 111.669319 -2876.601807
v 6686.683594 139.570419 -2814.109619
v 6749.175781 113.789642 -2876.601807
v 6749.175781 158.237213 -2814.109619
v 6780.422363 175.417786 -2782.863525
v 6780.422363 116.345924 -2814.109619
v 6811.668457 174.209015 -2814.109619
v 6780.422363 110.282188 -2845.355713
v 6874.160645 171.712173 -2814.109619
v 6842.914551 167.709320 -2845.355713
v 6874.160645 169.037003 -2876.601807
v 6811.668457 116.464821 -2876.601807
v 6811.668457 109.727341 -2845.355713
v 6936.653320 169.096451 -2814.109619
v 6905.406738 174.962021 -2845.355713
v 6999.145508 178.628006 -2876.601807
v 6936.653320 175.140366 -2876.601807
v 6905.406738 176.983261 -2876.601807
v 7061.637695 173.574890 -2814.109619
v 7124.130371 174.962021 -2814.109619
v 7092.884277 178.350586 -2845.355713
v 7124.130371 178.865799 -2876.601807
v 7061.637695 167.530975 -2876.601807
v 7092.884277 162.220261 -2876.601807
v 7186.622559 173.396545 -2814.109619
v 7249.114746 175.734848 -2876.601807
v 7311.607422 182.432709 -2814.109619
v 7342.853516 195.887848 -2782.863525
v 7374.099609 169.215347 -2876.601807
v 7374.099609 172.425552 -2814.109619
v 7436.592285 183.086639 -2814.109619
v 7405.345703 199.454758 -2782.863525
v 7499.084473 185.702362 -2876.601807
v 7561.576660 194.183670 -2814.109619
v 7624.069336 202.803680 -2876.601807
v 7749.053711 202.090302 -2876.601807
v 7811.546387 143.989426 -2814.109619
v 7874.038574 177.062531 -2876.601807
v 7874.038574 129.186768 -2814.109619
v 7935.554688 171.087967 -2814.109619
v 7997.070313 169.433319 -2876.601807
v 3999.511719 153.838028 -3001.586670
v 4124.496582 133.903015 -3001.586670
v 4249.481445 167.729141 -3001.586670
v 4374.465820 132.456436 -3001.586670
v 4499.450684 144.405563 -3001.586670
v 4624.435547 123.023956 -3001.586670
v 4749.419922 141.631302 -3001.586670
v 4874.404785 144.841507 -3001.586670
v 4999.389648 119.338158 -3001.586670
v 5124.374512 171.395126 -3001.586670
v 5249.359375 171.038422 -3001.586670
v 5311.851563 175.516876 -2939.094482
v 5374.343750 171.276230 -3001.586670
v 5374.343750 176.428421 -2939.094482
v 5436.836426 129.523651 -2939.094482
v 5499.328613 173.119125 -3001.586670
v 5499.328613 124.847038 -2939.094482
v 5561.820801 146.664597 -2939.094482
v 5530.574707 119.080551 -2970.340576
v 5624.313477 119.912827 -3001.586670
v 5561.820801 120.210068 -3001.586670
v 5749.297852 119.813744 -3001.586670
v 5874.282715 122.033150 -3001.586670
v 5999.267578 128.413940 -3001.586670
v 6124.252441 144.147949 -3001.586670
v 6249.236816 136.835800 -3001.586670
v 6311.729492 109.410278 -2939.094482
v 6374.221680 159.921585 -3001.586670
v 6499.206543 138.123840 -3001.586670
v 6624.191406 113.056450 -3001.586670
v 6749.175781 105.050735 -3001.586670
v 6811.668457 115.890152 -2939.094482
v 6842.914551 115.057877 -2907.847900
v 6874.160645 116.266663 -3001.586670
v 6874.160645 116.563904 -2939.094482
v 6874.160645 113.967987 -2907.847900
v 6936.653320 132.436615 -2939.094482
v 6905.406738 165.470093 -2907.847900
v 6889.783691 125.738770 -2892.224854
v 6905.406738 112.243988 -2970.340576
v 6967.899414 173.158752 -2907.847900
v 6967.899414 166.084396 -2970.340576
v 6999.145508 155.621490 -2939.094482
v 6967.899414 114.562469 -2939.094482
v 6952.276367 114.245415 -2954.717529
v 6999.145508 171.296036 -3001.586670
v 6999.145508 139.411896 -2907.847900
v 6983.522461 118.089745 -2923.471436
v 6936.653320 109.410278 -3001.586670
v 6936.653320 111.253181 -2970.340576
v 7061.637695 139.530792 -2939.094482
v 7030.391602 120.646027 -2907.847900
v 7061.637695 114.582291 -2907.847900
v 7092.884277 132.733856 -2907.847900
v 7077.260742 114.721001 -2892.224854
v 7124.130371 122.905060 -3001.586670
v 7124.130371 131.386368 -2939.094482
v 7186.622559 181.263550 -2939.094482
v 7249.114746 147.199631 -3001.586670
v 7311.607422 179.816971 -2939.094482
v 7374.099609 182.313797 -3001.586670
v 7311.607422 181.739136 -3001.586670
v 7436.592285 178.568558 -2939.094482
v 7499.084473 177.974075 -3001.586670
v 7436.592285 177.657013 -3001.586670
v 7624.069336 178.984695 -3001.586670
v 7749.053711 200.247391 -3001.586670
v 7874.038574 175.596130 -3001.586670
v 7997.070313 135.488297 -3001.586670
v 3999.511719 140.739578 -3126.571533
v 4124.496582 139.649689 -3126.571533
v 4249.481445 137.965317 -3126.571533
v 4311.973633 168.482147 -3064.078857
v 4374.465820 146.823120 -3126.571533
v 4499.450684 141.690750 -3126.571533
v 4624.435547 146.684418 -3126.571533
v 4749.419922 120.011909 -3126.571533
v 4874.404785 119.457054 -3126.571533
v 4936.897461 122.112419 -3064.078857
v 4999.389648 114.384125 -3126.571533
v 4936.897461 116.781876 -3126.571533
v 5061.881836 114.126518 -3064.078857
v 5124.374512 116.682800 -3126.571533
v 5061.881836 119.278709 -3126.571533
v 5186.866699 178.231689 -3064.078857
v 5249.359375 178.053345 -3126.571533
v 5311.851563 170.424133 -3064.078857
v 5374.343750 175.992462 -3126.571533
v 5311.851563 170.404312 -3126.571533
v 5436.836426 179.083771 -3064.078857
v 5499.328613 170.463760 -3126.571533
v 5499.328613 169.572037 -3064.078857
v 5561.820801 117.376366 -3064.078857
v 5530.574707 178.628006 -3032.832764
v 5624.313477 119.496689 -3126.571533
v 5749.297852 122.370026 -3126.571533
v 5874.282715 122.211494 -3126.571533
v 5999.267578 126.313438 -3126.571533
v 6124.252441 157.959793 -3126.571533
v 6249.236816 149.141617 -3126.571533
v 6374.221680 128.314865 -3126.571533
v 6436.714355 142.225784 -3064.078857
v 6499.206543 120.388412 -3126.571533
v 6436.714355 115.018242 -3126.571533
v 6624.191406 114.463394 -3126.571533
v 6686.683594 105.843376 -3064.078857
v 6749.175781 110.559616 -3064.078857
v 6717.929688 107.884438 -3095.325439
v 6749.175781 147.298706 -3126.571533
v 6686.683594 116.484634 -3126.571533
v 6717.929688 172.584091 -3126.571533
v 6811.668457 108.102417 -3064.078857
v 6874.160645 110.817223 -3126.571533
v 6811.668457 112.957367 -3126.571533
v 6936.653320 118.188820 -3064.078857
v 6999.145508 112.739388 -3126.571533
v 6999.145508 170.622284 -3064.078857
v 7061.637695 124.351639 -3064.078857
v 7030.391602 118.149193 -3095.325439
v 7124.130371 179.539551 -3064.078857
v 7092.884277 178.429840 -3095.325439
v 7124.130371 162.358963 -3126.571533
v 7061.637695 140.343246 -3126.571533
v 7061.637695 117.079117 -3095.325439
v 7092.884277 126.927734 -3126.571533
v 7077.260742 125.104652 -3110.948486
v 7186.622559 180.153839 -3064.078857
v 7249.114746 103.009674 -3126.571533
v 7249.114746 180.966309 -3064.078857
v 7311.607422 182.333618 -3064.078857
v 7342.853516 180.986130 -3032.832764
v 7342.853516 173.594711 -3064.078857
v 7342.853516 140.046005 -3095.325439
v 7358.476563 130.197388 -3079.701904
v 7374.099609 175.576324 -3064.078857
v 7358.476563 140.699936 -3064.078857
v 7374.099609 120.408226 -3126.571533
v 7374.099609 146.823120 -3095.325439
v 7374.099609 156.909531 -3032.832764
v 7358.476563 148.031906 -3048.455811
v 7311.607422 116.504456 -3126.571533
v 7436.592285 179.955688 -3064.078857
v 7405.345703 180.153839 -3032.832764
v 7405.345703 183.463135 -3095.325439
v 7499.084473 183.304611 -3126.571533
v 7436.592285 159.307281 -3126.571533
v 7624.069336 178.905426 -3126.571533
v 7749.053711 182.274170 -3126.571533
v 7874.038574 179.539551 -3126.571533
v 7997.070313 175.734848 -3126.571533
v 3999.511719 138.104034 -3251.555908
v 4124.496582 138.896667 -3251.555908
v 4249.481445 174.803497 -3251.555908
v 4374.465820 145.475632 -3251.555908
v 4499.450684 162.339157 -3251.555908
v 4624.435547 149.993698 -3251.555908
v 4749.419922 117.832130 -3251.555908
v 4874.404785 181.342819 -3251.555908
v 4936.897461 176.250076 -3189.063721
v 4968.143555 120.646027 -3157.817627
v 4999.389648 173.495636 -3251.555908
v 4999.389648 179.737701 -3189.063721
v 4999.389648 113.333870 -3157.817627
v 5061.881836 176.269882 -3189.063721
v 5030.635742 117.653786 -3157.817627
v 5124.374512 120.269516 -3189.063721
v 5093.127930 179.004517 -3220.309814
v 5124.374512 154.472153 -3251.555908
v 5124.374512 178.766724 -3220.309814
v 5061.881836 177.795731 -3251.555908
v 5186.866699 117.138565 -3189.063721
v 5155.620605 116.246841 -3220.309814
v 5249.359375 117.871765 -3251.555908
v 5249.359375 118.386986 -3189.063721
v 5186.866699 165.371017 -3251.555908
v 5155.620605 122.251129 -3251.555908
v 5280.605469 177.993896 -3157.817627
v 5280.605469 115.117325 -3189.063721
v 5311.851563 179.480103 -3189.063721
v 5280.605469 113.591484 -3220.309814
v 5374.343750 182.571411 -3251.555908
v 5311.851563 114.760635 -3251.555908
v 5499.328613 177.637192 -3251.555908
v 5624.313477 175.397980 -3251.555908
v 5686.805664 122.171867 -3189.063721
v 5749.297852 126.313438 -3251.555908
v 5686.805664 119.001282 -3251.555908
v 5874.282715 120.725288 -3251.555908
v 5999.267578 128.691376 -3251.555908
v 6124.252441 164.855804 -3251.555908
v 6249.236816 147.140182 -3251.555908
v 6311.729492 140.501785 -3189.063721
v 6374.221680 113.967987 -3251.555908
v 6374.221680 116.682800 -3189.063721
v 6311.729492 118.248268 -3251.555908
v 6436.714355 173.059677 -3189.063721
v 6405.467773 112.481781 -3157.817627
v 6499.206543 175.655594 -3251.555908
v 6436.714355 162.339157 -3251.555908
v 6561.698730 109.073402 -3189.063721
v 6624.191406 154.273987 -3251.555908
v 6624.191406 109.529175 -3189.063721
v 6561.698730 116.702614 -3251.555908
v 6686.683594 172.603897 -3189.063721
v 6655.437500 115.097511 -3220.309814
v 6717.929688 172.524643 -3157.817627
v 6749.175781 167.887665 -3251.555908
v 6749.175781 169.730560 -3189.063721
v 6686.683594 174.248642 -3251.555908
v 6655.437500 125.679321 -3251.555908
v 6811.668457 167.848038 -3189.063721
v 6780.422363 174.050476 -3157.817627
v 6842.914551 170.166519 -3157.817627
v 6811.668457 173.693787 -3157.817627
v 6874.160645 159.168564 -3251.555908
v 6874.160645 170.681732 -3189.063721
v 6936.653320 91.536133 -3189.063721
v 6905.406738 166.956314 -3220.309814
v 6999.145508 88.821327 -3189.063721
v 6967.899414 97.698952 -3220.309814
v 6999.145508 125.084831 -3251.555908
v 6936.653320 163.547928 -3251.555908
v 6936.653320 166.223114 -3220.309814
v 7061.637695 105.982094 -3189.063721
v 7092.884277 118.486069 -3157.817627
v 7124.130371 111.411705 -3251.555908
v 7124.130371 110.817223 -3189.063721
v 7186.622559 117.336731 -3189.063721
v 7249.114746 113.452766 -3251.555908
v 7311.607422 114.166153 -3189.063721
v 7374.099609 115.176773 -3251.555908
v 7374.099609 108.617638 -3189.063721
v 7436.592285 155.780014 -3189.063721
v 7405.345703 100.869530 -3157.817627
v 7499.084473 139.035385 -3251.555908
v 7624.069336 162.418411 -3251.555908
v 7749.053711 178.925247 -3251.555908
v 7874.038574 185.444748 -3251.555908
v 7997.070313 178.330765 -3251.555908
v 3999.511719 141.413315 -3376.540771
v 4124.496582 152.371643 -3376.540771
v 4249.481445 166.163666 -3376.540771
v 4374.465820 163.230881 -3376.540771
v 4499.450684 167.293182 -3376.540771
v 4624.435547 148.963272 -3376.540771
v 4749.419922 122.905060 -3376.540771
v 4874.404785 175.715042 -3376.540771
v 4999.389648 166.044769 -3376.540771
v 5061.881836 178.192047 -3314.048584
v 5124.374512 172.465195 -3376.540771
v 5124.374512 179.955688 -3314.048584
v 5186.866699 177.597565 -3314.048584
v 5155.620605 178.112793 -3282.802490
v 5218.112793 182.353439 -3282.802490
v 5249.359375 178.766724 -3376.540771
v 5249.359375 182.888474 -3314.048584
v 5311.851563 119.397606 -3314.048584
v 5343.097656 115.929787 -3282.802490
v 5374.343750 153.362442 -3376.540771
v 5374.343750 119.080551 -3314.048584
v 5436.836426 183.700928 -3314.048584
v 5405.589844 120.586578 -3345.294678
v 5499.328613 130.296478 -3376.540771
v 5436.836426 125.104652 -3376.540771
v 5561.820801 182.749756 -3314.048584
v 5624.313477 184.275604 -3376.540771
v 5624.313477 184.949356 -3314.048584
v 5561.820801 186.554459 -3376.540771
v 5686.805664 138.520172 -3314.048584
v 5655.559570 183.364059 -3282.802490
v 5718.051758 118.763489 -3282.802490
v 5686.805664 174.327911 -3282.802490
v 5749.297852 126.392700 -3376.540771
v 5749.297852 124.866859 -3314.048584
v 5811.790527 122.944695 -3314.048584
v 5874.282715 122.231316 -3376.540771
v 5999.267578 125.798218 -3376.540771
v 6124.252441 136.043152 -3376.540771
v 6249.236816 147.695038 -3376.540771
v 6311.729492 115.176773 -3314.048584
v 6342.975586 132.456436 -3282.802490
v 6374.221680 161.269073 -3314.048584
v 6342.975586 112.917732 -3345.294678
v 6374.221680 173.020035 -3376.540771
v 6374.221680 123.440094 -3345.294678
v 6374.221680 165.489914 -3282.802490
v 6311.729492 119.338158 -3376.540771
v 6405.467773 173.138931 -3314.048584
v 6405.467773 137.192490 -3282.802490
v 6389.844727 147.972458 -3298.425537
v 6389.844727 133.526505 -3314.048584
v 6436.714355 173.257828 -3314.048584
v 6405.467773 175.734848 -3345.294678
v 6389.844727 151.876236 -3329.671631
v 6499.206543 173.178574 -3376.540771
v 6436.714355 171.078064 -3376.540771
v 6561.698730 173.356918 -3314.048584
v 6624.191406 174.407166 -3376.540771
v 6624.191406 174.209015 -3314.048584
v 6686.683594 174.169373 -3314.048584
v 6655.437500 175.021469 -3282.802490
v 6749.175781 165.271942 -3376.540771
v 6874.160645 156.354675 -3376.540771
v 6936.653320 154.511780 -3314.048584
v 6999.145508 138.143661 -3376.540771
v 7124.130371 141.611481 -3376.540771
v 7249.114746 117.138565 -3376.540771
v 7374.099609 120.348778 -3376.540771
v 7499.084473 126.075638 -3376.540771
v 7561.576660 128.255417 -3314.048584
v 7624.069336 162.458054 -3376.540771
v 7624.069336 120.923447 -3314.048584
v 7686.561523 175.596130 -3314.048584
v 7655.315430 131.168381 -3345.294678
v 7749.053711 184.632294 -3376.540771
v 7686.561523 182.888474 -3376.540771
v 7874.038574 178.231689 -3376.540771
v 7997.070313 180.371826 -3376.540771
v 3999.511719 163.706467 -3501.525635
v 4124.496582 179.163040 -3501.525635
v 4249.481445 163.686646 -3501.525635
v 4374.465820 172.861511 -3501.525635
v 4499.450684 171.375305 -3501.525635
v 4624.435547 144.009232 -3501.525635
v 4686.927734 123.420280 -3439.033447
v 4749.419922 171.573471 -3501.525635
v 4749.419922 184.513397 -3439.033447
v 4686.927734 120.388412 -3501.525635
v 4811.912598 179.777344 -3439.033447
v 4874.404785 180.470901 -3501.525635
v 4999.389648 179.123413 -3501.525635
v 5061.881836 181.402267 -3439.033447
v 5124.374512 183.641479 -3501.525635
v 5061.881836 183.443329 -3501.525635
v 5249.359375 161.288895 -3501.525635
v 5374.343750 180.510544 -3501.525635
v 5436.836426 172.722794 -3439.033447
v 5468.082520 118.287903 -3407.786865
v 5499.328613 183.780197 -3501.525635
v 5499.328613 120.170433 -3439.033447
v 5561.820801 124.629066 -3439.033447
v 5530.574707 125.580238 -3470.279541
v 5593.067383 187.664154 -3407.786865
v 5608.690430 134.220062 -3454.656494
v 5593.067383 149.894623 -3439.033447
v 5593.067383 126.471962 -3454.656494
v 5593.067383 174.962021 -3470.279541
v 5624.313477 153.481339 -3439.033447
v 5577.444336 124.232742 -3454.656494
v 5624.313477 186.395920 -3501.525635
v 5624.313477 176.250076 -3470.279541
v 5561.820801 188.179382 -3501.525635
v 5561.820801 129.781250 -3470.279541
v 5686.805664 120.368599 -3439.033447
v 5655.559570 181.778763 -3470.279541
v 5749.297852 128.017624 -3501.525635
v 5686.805664 181.818405 -3501.525635
v 5874.282715 126.055824 -3501.525635
v 5999.267578 128.671555 -3501.525635
v 6124.252441 147.179810 -3501.525635
v 6249.236816 122.766350 -3501.525635
v 6311.729492 115.592911 -3439.033447
v 6342.975586 169.116272 -3407.786865
v 6342.975586 171.613098 -3470.279541
v 6374.221680 176.190628 -3439.033447
v 6342.975586 179.242310 -3439.033447
v 6374.221680 178.291138 -3501.525635
v 6311.729492 113.393318 -3501.525635
v 6436.714355 167.332809 -3439.033447
v 6499.206543 162.715652 -3501.525635
v 6624.191406 166.084396 -3501.525635
v 6749.175781 166.777969 -3501.525635
v 6811.668457 162.180618 -3439.033447
v 6874.160645 156.156525 -3501.525635
v 6811.668457 160.852936 -3501.525635
v 6936.653320 134.279510 -3439.033447
v 6999.145508 137.271759 -3501.525635
v 6936.653320 154.273987 -3501.525635
v 7061.637695 137.311386 -3439.033447
v 7124.130371 99.086082 -3501.525635
v 7061.637695 140.184723 -3501.525635
v 7186.622559 175.378159 -3439.033447
v 7249.114746 176.606766 -3501.525635
v 7186.622559 173.891953 -3501.525635
v 7374.099609 114.958794 -3501.525635
v 7436.592285 172.148132 -3439.033447
v 7499.084473 180.292557 -3501.525635
v 7436.592285 132.793304 -3501.525635
v 7561.576660 181.184280 -3439.033447
v 7624.069336 166.936493 -3439.033447
v 7592.823242 144.385742 -3470.279541
v 7624.069336 170.364685 -3501.525635
v 7624.069336 123.083405 -3470.279541
v 7561.576660 118.505882 -3501.525635
v 7686.561523 179.281937 -3439.033447
v 7655.315430 154.075821 -3470.279541
v 7639.692383 124.212929 -3485.902588
v 7749.053711 182.333618 -3501.525635
v 7686.561523 124.351639 -3501.525635
v 7655.315430 120.428047 -3501.525635
v 7874.038574 176.864365 -3501.525635
v 7997.070313 178.013702 -3501.525635
v 3999.511719 141.770020 -3626.510498
v 4124.496582 173.535263 -3626.510498
v 4249.481445 165.271942 -3626.510498
v 4374.465820 150.072968 -3626.510498
v 4499.450684 166.599625 -3626.510498
v 4624.435547 169.433319 -3626.510498
v 4686.927734 154.214539 -3564.017822
v 4718.173828 124.252556 -3532.771729
v 4749.419922 161.566315 -3626.510498
v 4749.419922 132.813126 -3564.017822
v 4811.912598 127.760010 -3564.017822
v 4874.404785 165.153046 -3626.510498
v 4874.404785 127.343872 -3564.017822
v 4936.897461 133.308533 -3564.017822
v 4999.389648 185.147507 -3564.017822
v 4968.143555 128.552658 -3595.264404
v 4999.389648 153.461533 -3626.510498
v 4999.389648 128.394135 -3595.264404
v 4936.897461 158.276840 -3626.510498
v 5061.881836 122.211494 -3564.017822
v 5030.635742 184.057617 -3532.771729
v 5030.635742 127.343872 -3595.264404
v 5124.374512 186.217575 -3564.017822
v 5093.127930 178.211868 -3595.264404
v 5124.374512 166.698700 -3626.510498
v 5061.881836 126.392700 -3626.510498
v 5186.866699 183.245163 -3564.017822
v 5249.359375 179.163040 -3564.017822
v 5218.112793 175.318710 -3595.264404
v 5249.359375 145.039673 -3626.510498
v 5186.866699 182.076004 -3626.510498
v 5218.112793 130.197388 -3626.510498
v 5311.851563 175.814117 -3564.017822
v 5374.343750 184.176514 -3626.510498
v 5499.328613 181.818405 -3626.510498
v 5561.820801 184.196335 -3564.017822
v 5624.313477 187.485809 -3626.510498
v 5686.805664 133.546326 -3564.017822
v 5749.297852 126.372887 -3626.510498
v 5686.805664 121.874626 -3626.510498
v 5874.282715 131.604340 -3626.510498
v 5999.267578 153.322815 -3626.510498
v 6124.252441 153.085022 -3626.510498
v 6249.236816 144.068680 -3626.510498
v 6311.729492 120.368599 -3564.017822
v 6342.975586 115.038063 -3532.771729
v 6374.221680 121.934074 -3626.510498
v 6374.221680 115.870338 -3564.017822
v 6436.714355 133.942642 -3564.017822
v 6499.206543 167.412079 -3564.017822
v 6467.960449 166.956314 -3595.264404
v 6499.206543 112.719574 -3626.510498
v 6499.206543 175.615952 -3595.264404
v 6436.714355 115.414566 -3626.510498
v 6561.698730 164.717087 -3564.017822
v 6530.452637 175.715042 -3595.264404
v 6624.191406 172.623718 -3564.017822
v 6592.945313 131.009857 -3595.264404
v 6624.191406 106.735100 -3626.510498
v 6561.698730 118.307724 -3626.510498
v 6561.698730 174.545883 -3595.264404
v 6686.683594 166.223114 -3564.017822
v 6655.437500 128.909348 -3595.264404
v 6749.175781 166.956314 -3564.017822
v 6717.929688 171.831070 -3595.264404
v 6749.175781 155.799835 -3626.510498
v 6686.683594 112.085457 -3626.510498
v 6686.683594 172.564270 -3595.264404
v 6811.668457 105.486687 -3564.017822
v 6780.422363 166.758148 -3595.264404
v 6842.914551 158.633530 -3532.771729
v 6874.160645 93.141243 -3626.510498
v 6874.160645 93.220505 -3564.017822
v 6874.160645 158.990219 -3532.771729
v 6811.668457 100.928978 -3626.510498
v 6936.653320 91.754112 -3564.017822
v 6905.406738 159.307281 -3532.771729
v 6967.899414 150.370209 -3532.771729
v 6999.145508 102.058495 -3626.510498
v 6999.145508 97.362076 -3564.017822
v 7061.637695 94.211311 -3564.017822
v 7030.391602 124.668694 -3532.771729
v 7092.884277 79.606827 -3532.771729
v 7061.637695 75.425629 -3532.771729
v 7124.130371 96.648697 -3626.510498
v 7124.130371 113.314056 -3564.017822
v 7155.376465 169.413513 -3532.771729
v 7155.376465 166.976120 -3564.017822
v 7186.622559 147.160004 -3564.017822
v 7155.376465 111.570236 -3595.264404
v 7249.114746 114.384125 -3564.017822
v 7217.868652 108.677086 -3595.264404
v 7249.114746 136.736710 -3626.510498
v 7186.622559 107.250320 -3626.510498
v 7311.607422 110.183105 -3564.017822
v 7374.099609 113.432953 -3626.510498
v 7436.592285 118.664413 -3564.017822
v 7467.838379 123.103226 -3532.771729
v 7499.084473 138.639069 -3626.510498
v 7499.084473 120.091171 -3564.017822
v 7499.084473 116.108131 -3532.771729
v 7561.576660 118.466248 -3564.017822
v 7530.330566 118.941833 -3532.771729
v 7592.823242 180.371826 -3532.771729
v 7624.069336 121.953888 -3626.510498
v 7624.069336 142.503204 -3564.017822
v 7686.561523 116.940407 -3564.017822
v 7655.315430 119.754295 -3532.771729
v 7749.053711 120.844185 -3626.510498
v 7811.546387 184.315231 -3564.017822
v 7874.038574 180.550171 -3626.510498
v 7997.070313 156.354675 -3626.510498
v 3999.511719 139.411896 -3751.494873
v 4124.496582 162.398605 -3751.494873
v 4249.481445 152.431091 -3751.494873
v 4374.465820 156.572662 -3751.494873
v 4499.450684 171.137512 -3751.494873
v 4561.942871 150.647629 -3689.002686
v 4624.435547 154.789200 -3689.002686
v 4593.189453 130.871140 -3720.248779
v 4624.435547 181.105026 -3751.494873
v 4561.942871 173.614532 -3751.494873
v 4686.927734 166.183472 -3689.002686
v 4749.419922 176.904007 -3751.494873
v 4874.404785 162.041916 -3751.494873
v 4936.897461 172.207581 -3689.002686
v 4999.389648 166.282562 -3751.494873
v 5061.881836 153.223740 -3689.002686
v 5093.127930 123.459915 -3657.756592
v 5124.374512 163.230881 -3751.494873
v 5124.374512 129.067871 -3689.002686
v 5186.866699 127.145714 -3689.002686
v 5218.112793 129.563278 -3657.756592
v 5249.359375 129.147141 -3751.494873
v 5249.359375 122.469109 -3689.002686
v 5311.851563 134.576752 -3689.002686
v 5374.343750 152.213104 -3751.494873
v 5311.851563 115.256035 -3751.494873
v 5436.836426 185.781631 -3689.002686
v 5499.328613 186.217575 -3751.494873
v 5436.836426 191.706650 -3751.494873
v 5561.820801 186.475189 -3689.002686
v 5624.313477 148.507492 -3689.002686
v 5593.067383 192.638000 -3720.248779
v 5624.313477 132.020477 -3751.494873
v 5561.820801 165.588989 -3751.494873
v 5686.805664 130.316299 -3689.002686
v 5655.559570 125.005569 -3657.756592
v 5749.297852 155.363876 -3751.494873
v 5874.282715 155.879089 -3751.494873
v 5999.267578 156.196152 -3751.494873
v 6124.252441 169.334244 -3751.494873
v 6249.236816 166.183472 -3751.494873
v 6374.221680 164.677460 -3751.494873
v 6436.714355 145.832321 -3689.002686
v 6499.206543 149.280319 -3751.494873
v 6561.698730 116.405373 -3689.002686
v 6624.191406 138.916489 -3751.494873
v 6686.683594 117.911400 -3689.002686
v 6749.175781 130.990036 -3751.494873
v 6811.668457 107.131424 -3689.002686
v 6874.160645 140.898102 -3751.494873
v 6999.145508 113.492401 -3751.494873
v 7124.130371 107.646645 -3751.494873
v 7186.622559 113.115898 -3689.002686
v 7249.114746 115.196587 -3751.494873
v 7374.099609 117.118752 -3751.494873
v 7499.084473 159.961212 -3751.494873
v 7624.069336 162.557129 -3751.494873
v 7749.053711 152.787781 -3751.494873
v 7811.546387 121.517929 -3689.002686
v 7874.038574 122.706902 -3751.494873
v 7874.038574 117.851952 -3689.002686
v 7935.554688 174.753952 -3689.002686
v 7997.070313 172.128311 -3751.494873
v 3999.511719 159.128937 -3876.479736
v 4124.496582 156.275421 -3876.479736
v 4249.481445 145.237839 -3876.479736
v 4374.465820 158.455185 -3876.479736
v 4499.450684 143.256226 -3876.479736
v 4561.942871 167.174286 -3813.987549
v 4624.435547 163.765915 -3876.479736
v 4749.419922 167.907486 -3876.479736
v 4874.404785 175.992462 -3876.479736
v 4999.389648 174.228821 -3876.479736
v 5124.374512 152.074402 -3876.479736
v 5186.866699 176.904007 -3813.987549
v 5249.359375 165.470093 -3876.479736
v 5311.851563 151.341202 -3813.987549
v 5343.097656 110.519981 -3782.741455
v 5374.343750 179.044144 -3876.479736
v 5374.343750 128.195969 -3813.987549
v 5436.836426 132.357346 -3813.987549
v 5468.082520 125.837845 -3782.741455
v 5499.328613 162.398605 -3876.479736
v 5499.328613 122.449287 -3813.987549
v 5561.820801 154.155090 -3813.987549
v 5530.574707 132.139374 -3782.741455
v 5624.313477 170.661926 -3876.479736
v 5749.297852 170.681732 -3876.479736
v 5874.282715 157.642731 -3876.479736
v 5999.267578 171.949966 -3876.479736
v 6124.252441 162.993088 -3876.479736
v 6249.236816 159.564896 -3876.479736
v 6374.221680 153.897476 -3876.479736
v 6499.206543 162.953445 -3876.479736
v 6624.191406 115.810890 -3876.479736
v 6749.175781 118.505882 -3876.479736
v 6874.160645 140.739578 -3876.479736
v 6999.145508 127.046631 -3876.479736
v 7124.130371 114.225601 -3876.479736
v 7249.114746 143.573273 -3876.479736
v 7374.099609 152.985947 -3876.479736
v 7499.084473 158.990219 -3876.479736
v 7624.069336 165.846603 -3876.479736
v 7749.053711 134.616394 -3876.479736
v 7811.546387 130.455002 -3813.987549
v 7874.038574 125.065018 -3813.987549
v 7842.792480 119.873192 -3845.233643
v 7874.038574 185.722183 -3876.479736
v 7811.546387 122.627632 -3876.479736
v 7935.554688 183.383881 -3813.987549
v 7997.070313 184.057617 -3876.479736
v 3999.511719 188.615326 -4001.464600
v 4062.004150 154.848648 -3938.972412
v 4124.496582 202.308273 -4001.464600
v 4124.496582 146.129562 -3938.972412
v 4062.004150 147.833740 -4001.464600
v 4186.988770 146.149384 -3938.972412
v 4249.481445 158.257034 -4001.464600
v 4186.988770 210.730133 -4001.464600
v 4374.465820 155.443146 -4001.464600
v 4499.450684 142.840088 -4001.464600
v 4624.435547 151.301575 -4001.464600
v 4749.419922 148.487686 -4001.464600
v 4874.404785 146.763672 -4001.464600
v 4999.389648 169.631485 -4001.464600
v 5124.374512 180.153839 -4001.464600
v 5249.359375 177.835358 -4001.464600
v 5374.343750 146.724045 -4001.464600
v 5499.328613 144.326294 -4001.464600
v 5624.313477 170.245789 -4001.464600
v 5749.297852 169.096451 -4001.464600
v 5874.282715 158.910965 -4001.464600
v 5999.267578 161.685211 -4001.464600
v 6124.252441 150.905243 -4001.464600
v 6249.236816 114.067070 -4001.464600
v 6374.221680 130.415375 -4001.464600
v 6499.206543 164.023514 -4001.464600
v 6624.191406 135.131607 -4001.464600
v 6749.175781 120.527122 -4001.464600
v 6874.160645 114.205780 -4001.464600
v 6999.145508 122.231316 -4001.464600
v 7124.130371 145.713425 -4001.464600
v 7249.114746 147.417603 -4001.464600
v 7374.099609 129.384933 -4001.464600
v 7499.084473 140.046005 -4001.464600
v 7624.069336 162.160812 -4001.464600
v 7749.053711 129.781250 -4001.464600
v 7811.546387 129.801071 -3938.972412
v 7874.038574 181.144653 -4001.464600
v 7997.070313 176.428421 -4001.464600
vn -0.053 0.999 -0.008
vn 0.105 0.991 0.082
vn 0.092 0.988 -0.121
vn -0.108 0.932 -0.347
vn -0.171 0.958 -0.232
vn -0.085 0.862 -0.499
vn -0.065 0.981 -0.183
vn 0.080 0.953 -0.292
vn 0.135 0.781 -0.610
vn 0.221 0.866 -0.449
vn 0.031 0.926 -0.377
vn -0.137 0.730 -0.670
vn 0.014 0.851 -0.526
vn 0.038 0.860 -0.509
vn 0.118 0.888 -0.444
vn 0.006 0.753 -0.658
vn -0.042 0.929 -0.369
vn -0.031 0.984 -0.177
vn -0.154 0.971 0.181
vn 0.120 0.987 -0.108
vn -0.141 0.969 0.203
vn 0.007 0.992 0.123
vn 0.042 0.999 0.030
vn -0.035 0.999 0.034
vn -0.013 0.996 -0.088
vn -0.020 0.997 0.075
vn 0.061 0.998 0.016
vn -0.007 0.996 0.091
vn -0.002 0.999 -0.045
vn 0.113 0.992 0.054
vn 0.018 0.996 0.090
vn 0.051 0.994 0.097
vn 0.157 0.986 0.060
vn 0.062 0.998 0.011
vn 0.101 0.980 -0.170
vn -0.067 0.996 -0.052
vn 0.083 0.992 -0.100
vn -0.040 0.998 -0.048
vn -0.111 0.974 0.198
vn -0.125 0.992 0.019
vn 0.173 0.985 -0.024
vn -0.012 0.994 0.106
vn 0.078 0.949 0.305
vn -0.094 0.994 0.059
vn -0.034 0.992 0.123
vn 0.005 0.989 0.145
vn 0.129 0.974 0.184
vn 0.272 0.863 -0.426
vn -0.036 0.949 0.312
vn -0.205 0.971 -0.123
vn 0.072 0.993 0.092
vn 0.120 0.985 -0.125
vn -0.056 0.997 -0.047
vn -0.007 0.999 0.042
vn -0.060 0.998 0.021
vn -0.074 0.996 0.057
vn -0.098 0.990 0.097
vn -0.096 0.966 0.241
vn -0.107 0.987 0.121
vn 0.021 1.000 -0.012
vn 0.061 0.998 -0.031
vn 0.017 1.000 -0.018
vn -0.080 0.996 0.048
vn -0.037 0.998 0.040
vn -0.080 0.994 0.071
vn 0.066 0.998 0.023
vn -0.060 0.993 0.099
vn 0.130 0.969 0.208
vn 0.050 0.986 0.159
vn -0.013 0.993 0.118
vn -0.070 0.986 0.155
vn 0.104 0.995 0.013
vn -0.005 0.999 0.042
vn 0.143 0.989 0.024
vn 0.212 0.976 -0.056
vn 0.089 0.996 0.011
vn 0.125 0.992 -0.030
vn -0.141 0.989 0.034
vn -0.067 0.950 0.304
vn -0.290 0.931 0.220
vn 0.033 0.953 0.300
vn -0.271 0.914 0.301
vn -0.146 0.968 0.202
vn -0.096 0.995 0.000
vn 0.189 0.982 -0.005
vn -0.082 0.986 -0.144
vn -0.294 0.950 0.101
vn -0.110 0.988 -0.111
vn -0.107 0.994 0.020
vn 0.002 0.938 0.347
vn -0.030 0.994 0.105
vn 0.008 0.928 0.372
vn 0.071 0.993 0.091
vn -0.016 0.928 0.373
vn -0.074 0.997 0.010
vn -0.090 0.925 0.370
vn -0.057 0.928 0.369
vn 0.203 0.956 0.213
vn 0.183 0.967 0.180
vn 0.149 0.953 0.265
vn -0.073 0.995 -0.067
vn -0.068 0.986 -0.149
vn -0.147 0.956 -0.255
vn -0.052 0.967 -0.251
vn -0.007 0.993 -0.117
vn 0.031 0.998 -0.060
vn -0.043 0.999 0.016
vn -0.007 0.999 -0.037
vn -0.071 0.997 -0.003
vn 0.006 0.999 -0.033
vn 0.042 0.994 -0.100
vn -0.071 0.997 -0.042
vn 0.120 0.992 -0.041
vn 0.043 0.999 -0.030
vn -0.024 0.999 -0.039
vn 0.160 0.985 -0.062
vn 0.159 0.987 0.040
vn 0.089 0.994 0.063
vn 0.100 0.994 0.053
vn -0.282 0.958 0.047
vn -0.102 0.986 0.131
vn -0.415 0.844 0.339
vn -0.218 0.944 0.249
vn -0.084 0.989 -0.122
vn -0.031 0.990 0.135
vn -0.154 0.983 -0.098
vn 0.119 0.772 0.625
vn -0.091 0.986 -0.139
vn 0.043 0.739 0.673
vn 0.004 0.999 -0.035
vn -0.111 0.976 -0.189
vn 0.011 0.991 -0.135
vn 0.019 0.920 -0.391
vn 0.009 0.998 0.068
vn 0.072 0.843 0.533
vn 0.106 0.979 0.173
vn -0.030 0.986 0.167
vn -0.105 0.978 0.179
vn 0.170 0.982 0.083
vn -0.098 0.995 -0.032
vn 0.193 0.980 -0.036
vn 0.112 0.993 0.042
vn -0.255 0.955 -0.153
vn -0.252 0.966 -0.056
vn -0.132 0.988 0.079
vn 0.003 1.000 -0.015
vn 0.004 1.000 0.007
vn -0.045 0.999 0.011
vn 0.050 0.996 -0.075
vn 0.073 0.978 0.196
vn 0.095 0.992 0.085
vn 0.353 0.879 0.322
vn 0.077 0.899 0.432
vn -0.016 0.739 0.674
vn -0.224 0.862 0.456
vn -0.041 0.993 -0.111
vn -0.030 0.908 0.418
vn -0.171 0.964 0.205
vn 0.006 0.834 0.552
vn -0.009 0.902 0.431
vn 0.072 0.897 0.435
vn 0.173 0.800 0.574
vn -0.002 0.932 0.362
vn 0.017 0.998 -0.057
vn 0.178 0.879 0.443
vn -0.001 0.975 0.222
vn 0.005 0.915 0.403
vn -0.116 0.985 0.130
vn -0.084 0.994 0.077
vn 0.209 0.904 0.374
vn 0.027 0.993 -0.116
vn -0.147 0.911 -0.387
vn 0.171 0.983 0.061
vn -0.067 0.977 -0.202
vn 0.236 0.956 0.176
vn -0.119 0.992 -0.044
vn 0.019 0.997 -0.079
vn -0.077 0.995 -0.067
vn -0.088 0.996 -0.021
vn 0.087 0.993 -0.080
vn -0.022 0.999 -0.039
vn -0.111 0.994 0.024
vn 0.107 0.993 0.059
vn 0.128 0.992 0.012
vn -0.036 0.995 -0.094
vn 0.089 0.996 0.020
vn 0.092 0.994 0.065
vn 0.060 0.990 0.130
vn 0.086 0.995 0.047
vn -0.232 0.940 -0.249
vn -0.306 0.947 -0.093
vn -0.244 0.951 -0.191
vn -0.046 0.982 0.183
vn -0.102 0.993 -0.053
vn 0.019 0.995 0.100
vn -0.032 0.999 -0.005
vn 0.371 0.911 0.178
vn 0.188 0.915 -0.357
vn 0.051 0.996 -0.077
vn -0.155 0.929 -0.335
vn 0.258 0.801 -0.539
vn -0.537 0.800 -0.268
vn -0.181 0.982 0.048
vn -0.056 0.998 -0.020
vn 0.126 0.991 -0.040
vn 0.120 0.986 0.114
vn -0.017 1.000 -0.019
vn 0.109 0.991 -0.071
vn -0.339 0.911 -0.237
vn -0.366 0.929 -0.048
vn -0.493 0.795 -0.354
vn -0.048 0.995 -0.086
vn -0.637 0.750 -0.178
vn -0.468 0.865 -0.182
vn 0.044 0.996 -0.080
vn -0.059 0.998 -0.013
vn 0.065 0.992 -0.104
vn -0.063 0.996 -0.057
vn -0.003 0.993 -0.122
vn 0.027 0.997 0.066
vn 0.012 0.998 -0.070
vn -0.062 0.998 0.000
vn -0.045 0.999 -0.005
vn 0.059 0.997 -0.044
vn -0.097 0.995 -0.011
vn 0.379 0.815 0.438
vn 0.286 0.915 0.284
vn 0.160 0.948 0.276
vn 0.297 0.910 0.288
vn -0.214 0.955 0.204
vn -0.015 0.810 0.586
vn 0.075 0.981 0.180
vn -0.076 0.876 0.476
vn 0.097 0.993 0.067
vn -0.132 0.986 -0.104
vn -0.070 0.995 -0.075
vn 0.047 0.999 -0.008
vn -0.092 0.992 0.082
vn -0.095 0.995 0.022
vn 0.081 0.995 -0.055
vn 0.151 0.988 0.039
vn 0.050 0.987 0.154
vn -0.005 0.997 0.075
vn 0.017 0.993 0.117
vn 0.058 0.982 0.178
vn 0.045 0.981 0.188
vn 0.135 0.980 0.145
vn -0.146 0.986 0.083
vn -0.092 0.996 0.007
vn -0.146 0.967 -0.207
vn -0.112 0.971 -0.210
vn -0.075 0.988 -0.134
vn -0.167 0.986 -0.006
vn -0.109 0.990 0.086
vn -0.039 0.905 -0.423
vn 0.031 0.880 -0.475
vn -0.185 0.917 -0.354
vn 0.320 0.895 0.311
vn -0.078 0.843 -0.533
vn -0.267 0.911 0.313
vn 0.071 0.974 -0.213
vn 0.132 0.971 0.198
vn -0.050 0.864 -0.500
vn 0.009 0.997 -0.075
vn 0.019 1.000 0.005
vn 0.065 0.998 0.010
vn 0.281 0.955 0.099
vn 0.168 0.983 -0.070
vn 0.001 0.986 0.168
vn -0.378 0.914 -0.147
vn -0.441 0.895 0.069
vn -0.305 0.936 -0.179
vn -0.241 0.938 -0.249
vn -0.012 1.000 -0.011
vn 0.026 0.997 -0.068
vn 0.039 0.999 -0.038
vn 0.112 0.980 -0.166
vn -0.042 0.989 -0.141
vn 0.119 0.838 -0.532
vn -0.006 0.876 -0.483
vn -0.183 0.902 -0.391
vn -0.144 0.978 0.150
vn -0.045 0.996 0.073
vn -0.204 0.855 -0.476
vn 0.207 0.967 -0.150
vn -0.155 0.963 -0.219
vn -0.404 0.798 -0.447
vn -0.203 0.858 -0.473
vn 0.008 0.948 0.319
vn -0.447 0.884 -0.136
vn 0.160 0.932 -0.325
vn 0.071 0.955 -0.289
vn -0.271 0.928 -0.255
vn 0.118 0.986 -0.118
vn -0.039 0.994 -0.105
vn -0.021 0.986 -0.164
vn 0.043 0.999 0.022
vn 0.018 1.000 -0.014
vn 0.263 0.955 0.137
vn 0.134 0.990 -0.032
vn 0.039 0.983 0.179
vn 0.231 0.743 0.628
vn -0.109 0.974 -0.197
vn -0.088 0.994 -0.067
vn -0.057 0.998 -0.005
vn 0.080 0.984 -0.157
vn 0.042 0.993 -0.111
vn 0.015 1.000 -0.017
vn -0.105 0.989 0.106
vn -0.034 0.990 0.140
vn 0.050 0.995 0.086
vn 0.101 0.992 0.077
vn 0.011 0.981 0.195
vn 0.030 0.978 0.209
vn 0.116 0.990 0.081
vn 0.063 0.998 -0.027
vn 0.020 0.992 0.127
vn -0.161 0.980 -0.120
vn -0.038 0.993 0.116
vn -0.071 0.997 0.005
vn 0.037 0.999 -0.030
vn 0.130 0.989 -0.064
vn 0.174 0.983 -0.052
vn -0.131 0.979 -0.157
vn -0.372 0.919 -0.133
vn -0.173 0.981 -0.089
vn 0.046 0.998 -0.052
vn -0.333 0.942 -0.044
vn -0.011 1.000 -0.029
vn 0.066 0.998 -0.018
vn 0.138 0.990 -0.041
vn -0.083 0.996 0.017
vn -0.056 0.982 0.180
vn 0.050 0.985 -0.168
vn -0.050 0.994 -0.097
vn 0.297 0.870 0.394
vn -0.206 0.968 0.144
vn -0.090 0.973 -0.211
vn -0.008 1.000 0.027
vn -0.182 0.968 0.171
vn 0.126 0.959 0.255
vn 0.028 0.986 0.162
vn -0.047 0.997 0.055
vn 0.194 0.981 -0.000
vn -0.027 0.999 -0.024
vn -0.289 0.857 -0.426
vn -0.024 0.997 -0.080
vn 0.008 0.962 -0.274
vn 0.130 0.981 -0.142
vn -0.128 0.943 -0.307
vn -0.203 0.975 -0.094
vn -0.032 0.997 -0.077
vn -0.044 0.999 0.025
vn -0.045 0.998 -0.045
vn -0.007 0.998 -0.060
vn 0.085 0.962 0.258
vn 0.172 0.850 0.498
vn -0.000 0.887 0.463
vn -0.048 0.998 -0.031
vn 0.268 0.911 0.313
vn 0.238 0.880 0.412
vn 0.227 0.920 0.318
vn 0.156 0.930 0.332
vn -0.055 0.987 0.153
vn 0.134 0.965 0.223
vn -0.057 0.995 -0.078
vn -0.181 0.960 -0.215
vn 0.253 0.948 0.192
vn 0.016 0.973 -0.229
vn 0.033 0.982 -0.188
vn -0.123 0.979 -0.165
vn -0.024 0.999 0.043
vn -0.106 0.994 0.038
vn 0.091 0.989 -0.120
vn -0.007 0.998 -0.056
vn -0.023 0.996 0.083
vn -0.006 0.996 0.087
vn 0.149 0.987 -0.053
vn -0.022 0.988 0.156
vn -0.017 0.974 0.226
vn 0.069 0.989 0.128
vn -0.016 0.996 -0.093
vn 0.018 0.999 -0.042
vn 0.069 0.997 -0.024
vn 0.140 0.989 0.056
vn -0.205 0.978 -0.045
vn -0.343 0.932 -0.119
vn -0.165 0.985 -0.054
vn -0.027 1.000 -0.003
vn 0.146 0.989 -0.024
vn 0.086 0.995 -0.051
vn -0.009 0.987 -0.162
vn 0.000 1.000 0.004
vn -0.101 0.993 0.062
vn -0.097 0.990 -0.100
vn 0.096 0.994 -0.048
vn -0.347 0.937 -0.046
vn 0.280 0.960 0.005
vn 0.083 0.991 0.109
vn 0.347 0.938 -0.019
vn 0.214 0.964 -0.156
vn -0.088 0.980 0.181
vn 0.028 0.998 -0.052
vn 0.102 0.994 -0.036
vn -0.226 0.879 -0.420
vn 0.155 0.969 0.191
vn -0.115 0.887 0.447
vn -0.482 0.876 -0.014
vn 0.266 0.869 0.417
vn -0.200 0.978 -0.065
vn -0.373 0.921 0.111
vn -0.473 0.874 -0.109
vn -0.363 0.918 -0.160
vn -0.481 0.876 0.030
vn 0.090 0.967 0.240
vn -0.197 0.958 0.208
vn -0.128 0.991 -0.029
vn -0.037 0.999 0.038
vn 0.012 1.000 0.008
vn -0.008 0.999 -0.051
vn -0.060 0.998 -0.011
vn 0.436 0.856 0.277
vn 0.175 0.969 0.175
vn 0.254 0.873 0.417
vn 0.230 0.973 -0.027
vn 0.184 0.980 0.075
vn -0.056 0.992 -0.112
vn 0.190 0.929 0.318
vn 0.003 0.815 0.579
vn -0.120 0.993 -0.016
vn 0.224 0.974 0.044
vn -0.083 0.993 -0.089
vn 0.004 0.984 0.177
vn -0.167 0.986 0.018
vn -0.045 0.998 -0.046
vn -0.276 0.957 -0.092
vn -0.101 0.856 0.507
vn 0.259 0.925 0.278
vn -0.426 0.767 0.480
vn 0.004 0.768 0.640
vn -0.153 0.978 -0.140
vn -0.025 0.949 -0.314
vn -0.046 0.947 -0.317
vn 0.003 0.983 -0.183
vn -0.108 0.992 -0.068
vn -0.039 0.996 -0.082
vn 0.082 0.994 -0.073
vn -0.033 0.994 0.101
vn -0.086 0.989 0.121
vn 0.095 0.994 -0.051
vn -0.088 0.996 0.026
vn -0.032 0.999 0.013
vn 0.170 0.983 0.072
vn -0.026 0.983 -0.180
vn -0.129 0.991 0.022
vn 0.049 0.998 0.048
vn 0.124 0.990 0.074
vn -0.097 0.995 0.027
vn -0.143 0.982 -0.125
vn -0.069 0.996 -0.064
vn 0.002 1.000 0.001
vn 0.159 0.971 0.180
vn 0.205 0.979 0.004
vn 0.619 0.777 -0.118
vn -0.242 0.963 -0.117
vn 0.314 0.890 0.330
vn -0.075 0.996 0.049
vn 0.433 0.898 -0.072
vn 0.572 0.814 -0.105
vn 0.166 0.986 -0.000
vn 0.108 0.990 0.090
vn -0.127 0.987 0.097
vn 0.203 0.979 0.031
vn -0.011 1.000 -0.016
vn -0.092 0.993 -0.074
vn -0.116 0.993 0.039
vn 0.175 0.984 0.011
vn 0.515 0.857 0.023
vn 0.156 0.988 -0.008
vn -0.042 0.997 0.070
vn -0.537 0.843 0.042
vn 0.133 0.989 0.073
vn -0.158 0.984 -0.086
vn -0.169 0.985 -0.028
vn 0.067 0.988 0.136
vn -0.099 0.995 -0.011
vn -0.078 0.969 0.233
vn -0.166 0.897 0.410
vn -0.153 0.988 0.010
vn -0.262 0.961 0.087
vn -0.218 0.975 0.051
vn -0.007 0.995 -0.104
vn -0.027 0.994 -0.102
vn 0.006 0.999 -0.047
vn -0.085 0.993 -0.084
vn 0.258 0.933 0.250
vn -0.052 0.998 -0.019
vn -0.037 0.994 0.104
vn -0.030 0.996 0.078
vn -0.012 0.839 0.544
vn -0.024 0.818 0.575
vn 0.055 0.998 0.036
vn 0.268 0.933 0.240
vn 0.150 0.895 0.419
vn -0.099 0.971 0.217
vn -0.218 0.946 0.240
vn -0.011 0.939 0.345
vn 0.147 0.986 0.075
vn 0.381 0.905 0.188
vn 0.417 0.891 0.180
vn 0.273 0.936 -0.223
vn 0.472 0.702 0.534
vn 0.341 0.735 0.586
vn 0.454 0.833 0.317
vn 0.201 0.896 0.395
vn -0.157 0.915 -0.373
vn 0.018 0.999 0.030
vn 0.290 0.780 0.554
vn -0.085 0.941 0.328
vn 0.059 0.763 0.643
vn 0.341 0.627 0.701
vn -0.069 0.917 0.392
vn 0.056 0.997 -0.061
vn -0.140 0.978 -0.155
vn -0.069 0.997 0.027
vn -0.072 0.995 0.068
vn 0.098 0.995 -0.023
vn -0.033 0.997 0.068
vn -0.182 0.979 0.087
vn -0.029 0.997 0.066
vn 0.069 0.996 -0.063
vn 0.065 0.974 0.219
vn 0.028 0.998 -0.060
vn 0.098 0.995 0.016
vn 0.033 0.999 0.021
vn -0.080 0.989 -0.123
vn -0.171 0.978 -0.119
vn -0.043 0.999 0.013
vn 0.468 0.883 0.042
vn 0.179 0.890 -0.419
vn 0.339 0.872 0.352
vn -0.276 0.960 0.050
vn 0.099 0.980 0.172
vn 0.174 0.929 0.326
vn 0.169 0.961 0.220
vn -0.130 0.955 0.265
vn 0.226 0.950 0.216
vn 0.081 0.989 0.122
vn 0.073 0.995 -0.066
vn 0.035 0.998 0.045
vn 0.350 0.936 -0.031
vn -0.050 0.994 0.092
vn -0.028 0.999 0.046
vn -0.088 0.996 -0.008
vn -0.050 0.998 -0.028
vn -0.122 0.988 -0.089
vn 0.005 0.998 -0.056
vn -0.081 0.980 -0.181
vn -0.061 0.875 -0.480
vn 0.244 0.969 0.036
vn -0.208 0.903 -0.377
vn -0.084 0.953 -0.292
vn -0.004 0.997 0.075
vn 0.230 0.947 0.223
vn 0.064 0.998 -0.018
vn -0.083 0.903 -0.421
vn 0.019 0.980 -0.198
vn 0.114 0.993 -0.011
vn -0.188 0.961 -0.205
vn -0.098 0.986 -0.138
vn 0.017 0.974 -0.227
vn -0.015 0.972 -0.235
vn -0.045 0.916 -0.399
vn 0.003 0.989 -0.150
vn 0.105 0.994 0.019
vn 0.014 0.999 0.047
vn -0.046 0.999 -0.018
vn -0.015 1.000 -0.007
vn 0.190 0.837 0.513
vn 0.030 0.768 0.640
vn 0.088 0.794 0.601
vn 0.010 0.998 -0.054
vn -0.013 0.961 0.276
vn -0.067 0.960 0.270
vn -0.043 0.990 -0.135
vn 0.029 0.972 0.234
vn 0.215 0.928 0.303
vn 0.296 0.935 0.197
vn 0.430 0.838 0.338
vn 0.067 0.996 0.052
vn -0.177 0.984 -0.035
vn 0.446 0.882 0.152
vn -0.133 0.980 -0.151
vn -0.019 0.959 -0.283
vn -0.012 0.984 -0.180
vn -0.061 0.997 -0.041
vn 0.111 0.994 0.011
vn 0.099 0.992 -0.077
vn 0.049 0.999 -0.020
vn -0.019 1.000 0.010
vn -0.009 1.000 0.026
vn 0.165 0.985 -0.043
vn 0.024 0.994 -0.102
vn -0.174 0.954 -0.246
vn -0.164 0.969 -0.183
vn -0.148 0.985 -0.092
vn -0.224 0.947 -0.231
vn 0.137 0.983 0.120
vn -0.034 0.986 -0.161
vn -0.041 0.999 0.025
vn 0.073 0.989 0.130
vn -0.057 0.998 0.025
vn 0.352 0.887 0.300
vn 0.191 0.979 0.068
vn 0.236 0.843 0.484
vn -0.321 0.898 0.300
vn 0.037 0.895 0.445
vn 0.247 0.965 0.092
vn 0.131 0.969 0.209
vn -0.067 0.997 0.040
vn -0.030 0.998 0.060
vn -0.049 0.998 0.043
vn -0.028 0.996 -0.083
vn 0.136 0.979 -0.150
vn -0.013 0.994 -0.107
vn 0.034 0.951 -0.308
vn -0.047 0.975 -0.218
vn -0.207 0.974 -0.096
vn -0.174 0.895 -0.410
vn -0.332 0.943 0.020
vn -0.041 0.999 0.022
vn 0.107 0.986 0.131
vn -0.003 1.000 0.024
vn -0.085 0.996 0.002
vn -0.057 0.997 0.044
vn -0.107 0.978 -0.177
vn -0.140 0.980 -0.139
vn 0.028 0.960 -0.278
vn 0.158 0.983 -0.091
vn 0.009 0.938 -0.346
vn 0.015 0.983 0.180
vn 0.219 0.975 -0.039
vn -0.034 0.998 -0.056
vn -0.043 0.969 -0.244
vn -0.012 0.939 -0.344
vn 0.150 0.867 -0.474
vn 0.058 0.997 -0.060
vn 0.153 0.959 0.240
vn 0.034 0.980 -0.198
vn -0.071 0.997 0.037
vn 0.174 0.984 0.031
vn -0.082 0.965 -0.248
vn -0.013 0.813 -0.582
vn 0.039 0.999 -0.008
vn -0.080 0.996 0.026
vn -0.228 0.974 0.005
vn -0.304 0.930 -0.207
vn -0.100 0.991 -0.092
vn 0.027 0.992 -0.120
vn -0.043 0.931 -0.363
vn 0.347 0.936 -0.048
vn -0.020 0.980 -0.200
vn -0.074 0.884 -0.461
vn 0.109 0.929 -0.355
vn -0.299 0.941 -0.158
vn 0.012 0.958 -0.286
vn 0.214 0.901 -0.377
vn 0.130 0.786 -0.605
vn 0.355 0.775 -0.523
vn 0.324 0.858 0.399
vn 0.395 0.739 -0.545
vn 0.253 0.955 -0.153
vn -0.164 0.907 -0.388
vn -0.254 0.605 -0.754
vn 0.156 0.975 -0.162
vn -0.336 0.942 0.013
vn -0.201 0.971 -0.132
vn 0.052 0.927 0.371
vn -0.163 0.986 -0.025
vn -0.122 0.993 -0.004
vn -0.084 0.995 0.059
vn 0.617 0.743 0.261
vn 0.465 0.848 0.255
vn 0.510 0.826 0.239
vn 0.239 0.965 0.105
vn -0.059 0.996 -0.062
vn 0.130 0.836 0.533
vn -0.004 0.853 0.523
vn -0.045 0.880 0.473
vn 0.173 0.916 0.363
vn -0.078 0.996 0.046
vn -0.206 0.835 0.510
vn -0.086 0.961 -0.264
vn 0.074 0.887 0.456
vn 0.145 0.838 0.526
vn -0.104 0.907 0.408
vn -0.002 0.844 0.536
vn 0.009 0.956 -0.294
vn 0.094 0.981 0.169
vn -0.083 0.988 -0.129
vn -0.034 0.970 0.243
vn -0.240 0.849 0.471
vn -0.420 0.760 0.496
vn -0.001 0.927 0.376
vn 0.064 0.995 0.071
vn -0.244 0.744 0.622
vn 0.041 0.967 0.251
vn -0.057 0.941 -0.335
vn 0.348 0.878 0.328
vn -0.019 0.880 -0.475
vn -0.009 0.999 0.049
vn -0.289 0.939 -0.184
vn -0.160 0.976 0.146
vn 0.087 0.977 0.195
vn -0.102 0.777 0.621
vn 0.000 0.983 0.183
vn -0.064 0.982 -0.178
vn -0.289 0.884 -0.368
vn 0.113 0.975 -0.191
vn -0.057 0.998 0.039
vn 0.094 0.995 0.046
vn 0.040 0.997 -0.072
vn 0.039 0.996 -0.076
vn 0.070 0.998 0.007
vn 0.115 0.988 -0.104
vn 0.097 0.922 0.375
vn -0.137 0.908 0.397
vn 0.050 0.953 0.299
vn -0.241 0.943 -0.231
vn -0.452 0.872 -0.187
vn -0.569 0.819 -0.068
vn -0.338 0.928 0.158
vn -0.182 0.916 0.357
vn 0.049 0.998 -0.029
vn -0.011 1.000 0.009
vn -0.054 0.998 -0.010
vn 0.028 0.999 -0.035
vn -0.029 0.999 0.039
vn -0.081 0.931 0.355
vn 0.083 0.980 0.179
vn 0.074 0.994 0.085
vn 0.117 0.986 0.122
vn 0.083 0.993 0.080
vn -0.051 0.998 0.049
vn -0.004 0.993 0.121
vn 0.003 0.999 0.044
vn 0.052 0.978 -0.203
vn 0.034 0.958 -0.284
vn 0.037 0.927 -0.372
vn -0.027 0.955 -0.295
vn 0.024 0.954 -0.299
vn -0.027 0.958 -0.287
vn 0.009 0.980 -0.197
vn 0.000 0.942 -0.336
vn -0.108 0.983 -0.147
vn -0.160 0.977 -0.140
vn 0.080 0.990 -0.119
vn 0.035 0.999 -0.006
vn -0.003 0.989 -0.145
vn -0.087 0.996 0.017
vn -0.142 0.979 -0.144
vn -0.073 0.990 -0.117
vn -0.047 0.988 -0.144
vn -0.119 0.988 -0.097
vn -0.098 0.969 0.225
vn 0.311 0.950 -0.019
vn 0.103 0.970 -0.218
vn 0.065 0.986 0.156
vn 0.110 0.993 -0.048
vn 0.158 0.984 -0.081
vn -0.037 0.980 0.195
vn -0.040 0.999 -0.028
vn -0.175 0.966 -0.192
vn -0.168 0.985 -0.049
vn 0.059 0.983 -0.174
vn -0.088 0.991 0.104
vn 0.291 0.834 0.469
vn -0.397 0.909 -0.126
vn -0.135 0.990 0.050
vn -0.027 0.999 -0.045
vn -0.098 0.995 0.003
vn 0.027 0.995 -0.097
vn 0.044 0.999 -0.031
vn -0.079 0.995 -0.061
vn -0.094 0.953 0.288
vn -0.028 0.999 -0.047
vn 0.270 0.956 0.111
vn 0.029 0.982 0.186
vn -0.089 0.982 0.164
vn 0.076 0.979 0.187
vn 0.311 0.861 0.403
vn -0.012 1.000 -0.024
vn 0.145 0.945 0.292
vn 0.097 0.957 0.273
vn -0.119 0.992 -0.027
vn 0.324 0.936 -0.135
vn 0.233 0.943 -0.238
vn -0.156 0.987 -0.024
vn 0.207 0.970 -0.129
vn 0.112 0.991 -0.070
vn -0.056 0.994 -0.091
vn -0.355 0.935 -0.006
vn -0.095 0.856 0.508
vn -0.239 0.966 -0.095
vn 0.051 0.974 0.222
vn -0.422 0.872 -0.249
vn 0.090 0.924 0.371
vn 0.044 0.994 0.100
vn -0.185 0.913 0.365
vn -0.018 1.000 0.002
vn 0.022 0.997 -0.077
vn -0.013 0.992 -0.129
vn -0.119 0.991 -0.062
vn 0.046 0.994 -0.095
vn 0.109 0.994 -0.003
vn 0.151 0.970 0.189
vn 0.023 1.000 -0.017
vn -0.142 0.988 0.057
vn 0.006 0.999 0.034
vn 0.146 0.989 -0.010
vn -0.108 0.992 -0.060
vn 0.130 0.990 0.062
vn 0.082 0.996 0.025
vn -0.080 0.997 -0.012
vn -0.240 0.968 0.076
vn -0.062 0.996 0.058
vn -0.004 1.000 -0.001
vn 0.001 0.999 -0.039
vn 0.137 0.988 0.067
vn -0.029 0.998 -0.048
vn 0.067 0.976 0.209
vn -0.212 0.942 -0.259
vn 0.290 0.930 0.226
vn 0.212 0.976 -0.041
vn -0.305 0.952 -0.037
vn -0.600 0.655 -0.459
vn 0.287 0.958 0.005
vn 0.186 0.940 -0.287
vn 0.400 0.778 0.485
vn -0.436 0.739 -0.514
vn -0.245 0.967 0.072
vn 0.284 0.873 0.397
vn -0.087 0.996 -0.028
vn -0.593 0.796 -0.117
vn -0.352 0.936 0.003
vn -0.075 0.944 0.323
vn -0.256 0.964 0.075
vn -0.255 0.865 -0.432
vn -0.412 0.856 -0.313
vn -0.156 0.928 -0.337
vn -0.024 0.952 -0.304
vn -0.009 0.987 -0.162
vn -0.088 0.988 -0.125
vn 0.139 0.976 -0.167
vn -0.031 0.935 -0.353
vn -0.217 0.922 -0.322
vn -0.026 0.954 -0.300
vn -0.100 0.987 -0.122
vn -0.054 0.998 -0.017
vn 0.111 0.993 -0.040
vn -0.018 0.999 -0.034
vn 0.092 0.995 0.032
vn 0.087 0.990 0.110
vn -0.035 0.993 0.114
vn -0.082 0.991 0.109
vn -0.120 0.963 0.243
vn 0.130 0.893 0.431
vn -0.174 0.838 0.517
vn 0.484 0.835 0.262
vn 0.484 0.789 0.380
vn -0.365 0.856 0.367
vn -0.234 0.951 0.202
vn 0.075 0.842 0.534
vn 0.378 0.896 0.233
vn -0.520 0.782 -0.343
vn -0.408 0.908 0.100
vn 0.128 0.691 0.712
vn -0.324 0.816 0.479
vn -0.560 0.806 -0.193
vn 0.051 0.987 0.150
vn -0.286 0.865 0.413
vn -0.215 0.908 0.360
vn -0.653 0.640 0.405
vn 0.018 0.939 0.345
vn 0.047 0.999 0.003
vn -0.215 0.968 0.131
vn 0.070 0.997 -0.016
vn 0.173 0.985 -0.019
vn 0.052 0.998 -0.048
vn 0.084 0.991 -0.105
vn -0.038 0.990 -0.133
vn -0.111 0.987 -0.118
vn 0.092 0.982 -0.163
vn -0.182 0.980 -0.075
vn 0.066 0.996 0.056
vn 0.204 0.979 -0.019
vn 0.055 0.995 -0.084
vn -0.232 0.965 0.121
vn -0.012 0.991 0.133
vn 0.189 0.981 -0.043
vn 0.047 0.997 -0.053
vn 0.091 0.995 0.043
vn -0.125 0.988 0.094
vn -0.110 0.991 -0.071
vn -0.054 0.996 -0.066
vn 0.008 1.000 0.011
vn -0.205 0.974 0.091
vn -0.007 1.000 0.012
vn 0.209 0.977 -0.040
vn -0.011 1.000 0.029
vn -0.117 0.993 -0.030
vn -0.299 0.954 0.018
vn -0.272 0.958 0.089
vn 0.058 0.981 -0.183
vn 0.072 0.997 -0.009
vn 0.546 0.831 -0.108
vn -0.160 0.957 -0.242
vn -0.022 0.933 -0.360
vn -0.528 0.778 -0.340
vn -0.019 0.940 -0.341
vn -0.189 0.980 -0.056
vn 0.507 0.861 0.027
vn -0.059 0.967 -0.248
vn -0.170 0.983 0.065
vn -0.305 0.856 -0.417
vn -0.056 0.998 -0.019
vn -0.011 1.000 -0.026
vn 0.211 0.973 -0.096
vn -0.034 0.991 0.128
vn -0.331 0.934 0.137
vn -0.202 0.963 0.178
vn 0.015 0.999 -0.045
vn -0.032 0.999 0.032
vn 0.017 0.999 0.027
vn -0.046 0.993 0.106
vn 0.015 0.995 0.103
vn 0.210 0.967 0.145
vn 0.119 0.965 0.235
vn -0.033 0.999 0.037
vn -0.323 0.868 -0.377
vn 0.015 1.000 0.002
vn -0.065 0.976 0.209
vn -0.047 0.956 -0.289
vn -0.156 0.876 -0.457
vn 0.015 0.987 -0.161
vn 0.240 0.926 0.291
vn 0.092 0.903 0.419
vn -0.126 0.958 -0.256
vn -0.066 0.983 -0.171
vn -0.223 0.937 0.270
vn -0.003 0.817 0.576
vn -0.157 0.973 -0.172
vn 0.136 0.991 0.013
vn 0.063 0.996 0.063
vn 0.107 0.994 0.007
vn 0.113 0.993 0.020
vn -0.062 0.997 0.045
vn -0.089 0.996 0.002
vn 0.037 0.993 0.110
vn -0.055 0.998 0.044
vn -0.143 0.984 0.106
vn 0.062 0.998 0.024
vn 0.125 0.979 0.164
vn 0.079 0.995 0.060
vn -0.338 0.941 0.011
vn -0.197 0.967 -0.162
vn -0.396 0.913 -0.095
vn 0.366 0.862 0.351
vn 0.021 0.896 0.443
vn 0.416 0.909 -0.024
vn -0.083 0.995 -0.060
vn 0.100 0.991 0.093
vn 0.165 0.986 0.026
vn 0.217 0.975 0.041
vn 0.002 1.000 0.020
vn -0.066 0.996 0.061
vn -0.111 0.993 0.045
vn -0.106 0.994 0.026
vn -0.062 0.998 0.027
vn 0.089 0.995 -0.054
vn 0.120 0.993 -0.008
vn 0.111 0.990 -0.085
vn -0.163 0.986 0.035
vn -0.052 0.999 -0.008
vn 0.196 0.980 0.019
vn -0.353 0.935 -0.029
vn 0.328 0.944 0.020
vn 0.085 0.987 -0.139
vn 0.284 0.949 0.137
vn 0.519 0.824 -0.226
vn -0.202 0.870 0.450
vn -0.452 0.843 0.292
vn -0.219 0.940 0.260
vn -0.086 0.974 0.209
vn 0.222 0.958 0.179
vn -0.411 0.745 0.525
vn 0.380 0.912 0.151
vn -0.237 0.741 0.628
vn -0.040 0.943 0.332
vn -0.480 0.824 0.300
vn -0.398 0.893 0.211
vn -0.068 0.985 0.157
vn -0.200 0.851 0.486
vn 0.114 0.932 0.344
vn 0.088 0.979 0.186
vn -0.171 0.975 0.142
vn -0.102 0.980 0.170
vn -0.084 0.964 0.253
vn -0.281 0.894 0.350
vn 0.175 0.956 0.234
vn -0.020 1.000 -0.007
vn -0.031 1.000 -0.002
vn 0.011 0.999 -0.044
vn -0.039 0.999 0.005
vn -0.062 0.998 0.012
vn 0.058 0.998 -0.025
vn -0.032 0.999 -0.011
vn 0.067 0.978 0.195
vn 0.140 0.982 0.126
vn -0.072 0.997 -0.006
vn -0.088 0.996 -0.023
vn -0.131 0.978 -0.165
vn 0.192 0.971 -0.144
vn 0.069 0.958 -0.277
vn 0.373 0.845 -0.384
vn -0.251 0.909 -0.332
vn 0.077 0.769 -0.635
vn 0.018 0.952 -0.304
vn -0.222 0.963 -0.154
vn -0.169 0.914 -0.369
vn -0.006 0.999 0.033
vn 0.001 0.995 0.100
vn -0.017 1.000 -0.015
vn -0.126 0.992 0.011
vn -0.093 0.995 0.046
vn 0.046 0.998 0.032
vn -0.081 0.996 0.042
vn 0.100 0.944 0.315
vn 0.248 0.902 0.354
vn 0.249 0.939 0.238
vn 0.397 0.900 0.179
vn 0.203 0.966 -0.160
vn 0.528 0.849 -0.001
vn 0.179 0.984 -0.019
vn 0.017 0.997 -0.069
vn -0.010 0.999 0.032
vn 0.187 0.982 -0.012
vn 0.108 0.993 0.047
vn -0.063 0.995 0.080
vn -0.047 0.995 0.085
vn -0.015 1.000 -0.006
vn -0.035 0.994 -0.104
vn -0.058 0.992 -0.110
vn 0.063 0.997 -0.052
vn -0.025 0.987 0.162
vn -0.304 0.952 0.047
vn 0.108 0.988 -0.112
vn -0.169 0.983 -0.074
vn 0.253 0.925 0.282
vn -0.385 0.902 0.195
vn 0.169 0.985 0.040
vn -0.368 0.886 0.281
vn -0.232 0.956 0.182
vn -0.064 0.994 0.083
vn 0.039 0.997 -0.070
vn -0.034 0.999 -0.010
vn -0.003 1.000 -0.024
vn -0.025 1.000 -0.013
vn 0.019 0.998 -0.053
vn -0.022 0.999 -0.041
vn -0.012 0.999 -0.034
vn -0.015 0.995 -0.101
vn -0.045 0.999 0.008
vn -0.033 0.996 0.084
vn 0.080 0.996 0.028
vn 0.049 0.997 0.061
vn 0.240 0.956 0.166
vn 0.233 0.928 -0.290
vn 0.211 0.973 0.092
vn 0.203 0.974 0.097
vn -0.033 0.999 0.019
vn -0.180 0.982 0.055
vn -0.089 0.993 0.080
vn -0.002 1.000 -0.002
vn 0.052 0.998 0.033
vn -0.016 1.000 0.020
vn -0.024 0.998 0.058
vn -0.110 0.992 0.060
vn -0.053 0.991 -0.121
vn 0.018 1.000 -0.001
vn 0.073 0.997 -0.018
vn 0.275 0.956 -0.105
vn 0.167 0.983 0.070
vn 0.111 0.988 -0.109
vn 0.248 0.954 -0.168
vn -0.111 0.984 -0.140
vn 0.035 0.996 0.084
vn -0.094 0.992 0.079
vn 0.003 0.998 0.068
vn 0.061 0.998 0.009
vn -0.033 0.999 -0.014
vn -0.025 0.999 -0.021
vn -0.192 0.977 0.094
vn -0.241 0.906 0.348
vn 0.042 0.950 0.309
vn 0.170 0.985 0.021
vn -0.096 0.977 -0.189
vn -0.090 0.992 -0.087
vn 0.165 0.909 0.383
vn -0.135 0.987 0.086
vn -0.130 0.980 0.148
vn 0.063 0.998 0.025
vn 0.393 0.918 -0.048
vn 0.013 0.963 -0.268
vn -0.053 0.999 0.007
vn -0.717 0.697 0.011
vn -0.016 0.998 -0.064
vn -0.567 0.813 -0.128
vn 0.445 0.892 0.077
vn -0.089 0.995 0.038
vn -0.224 0.975 0.008
vn -0.020 0.998 -0.055
vn 0.014 1.000 0.001
vn -0.015 1.000 -0.024
vn -0.019 0.999 -0.046
vn -0.001 0.999 -0.049
vn -0.006 1.000 -0.026
vn -0.035 0.999 0.002
vn 0.044 0.999 -0.010
vn -0.104 0.992 0.073
vn -0.090 0.993 0.076
vn 0.020 0.998 0.054
vn 0.076 0.997 0.009
vn 0.024 0.998 0.059
vn 0.278 0.956 0.093
vn -0.048 0.995 0.091
vn -0.339 0.914 -0.224
vn -0.061 0.996 -0.066
vn 0.042 0.966 -0.256
vn 0.361 0.923 -0.129
vn 0.011 0.970 -0.244
vn -0.000 0.999 -0.047
vn -0.397 0.903 -0.163
vn 0.005 0.743 -0.669
vn -0.481 0.870 0.105
vn 0.573 0.803 -0.165
vn -0.006 0.964 0.264
vn 0.034 0.996 0.082
vn 0.018 1.000 0.019
vn 0.230 0.954 -0.193
vn 0.140 0.945 -0.296
vn -0.360 0.926 -0.116
vn 0.318 0.896 -0.308
vn -0.223 0.974 -0.035
vn -0.068 0.997 -0.025
vn -0.203 0.970 -0.134
vn 0.049 0.995 0.089
vn 0.184 0.981 0.066
vn 0.081 0.997 -0.020
vn -0.174 0.983 -0.055
vn 0.085 0.994 -0.070
vn 0.082 0.993 -0.089
vn -0.106 0.993 0.055
vn -0.141 0.982 0.128
vn 0.191 0.982 0.011
vn 0.227 0.945 -0.234
vn -0.284 0.955 -0.090
vn -0.180 0.982 -0.047
vn -0.353 0.883 0.310
vn 0.169 0.985 0.013
vn -0.038 0.990 -0.134
vn -0.302 0.944 -0.133
vn 0.127 0.981 0.148
vn 0.233 0.961 -0.147
vn -0.045 0.995 -0.093
vn 0.006 0.848 -0.530
vn -0.157 0.988 -0.009
vn 0.033 0.999 -0.039
vn 0.062 0.989 0.136
vn 0.198 0.967 -0.159
vn -0.238 0.958 0.159
vn -0.282 0.958 0.062
vn -0.334 0.937 -0.101
vn -0.197 0.946 -0.257
vn -0.204 0.979 -0.029
vn -0.547 0.827 -0.134
vn 0.052 0.951 -0.306
vn 0.055 0.994 0.095
vn 0.047 0.999 -0.022
vn -0.025 0.999 -0.024
vn -0.039 0.999 0.034
vn -0.011 0.999 0.038
vn 0.002 1.000 -0.001
vn -0.054 0.982 0.179
vn -0.072 0.984 0.164
vn -0.055 0.996 0.069
vn 0.077 0.997 0.007
vn 0.034 0.999 0.023
vn 0.004 1.000 0.030
vn 0.146 0.985 0.091
vn 0.212 0.956 0.204
vn -0.311 0.929 -0.200
vn 0.103 0.971 0.216
vn -0.067 0.992 -0.111
vn 0.005 0.968 -0.250
vn 0.064 0.994 0.093
vn -0.041 0.956 -0.289
vn -0.303 0.952 -0.034
vn -0.096 0.987 -0.129
vn -0.510 0.848 -0.146
vn 0.021 0.955 -0.295
vn 0.019 0.994 -0.104
vn 0.137 0.988 -0.074
vn 0.177 0.984 -0.016
vn -0.040 0.999 0.009
vn -0.292 0.939 -0.182
vn -0.302 0.921 -0.245
vn -0.410 0.862 -0.298
vn -0.138 0.976 -0.169
vn -0.320 0.848 -0.423
vn -0.030 0.909 -0.417
vn -0.196 0.946 -0.258
vn -0.054 0.982 -0.183
vn -0.164 0.977 -0.140
vn 0.112 0.991 0.075
vn 0.397 0.905 0.155
vn 0.361 0.930 -0.062
vn 0.159 0.987 0.023
vn 0.118 0.988 -0.101
vn 0.218 0.918 0.330
vn -0.455 0.871 -0.185
vn 0.325 0.943 0.065
vn -0.184 0.983 0.003
vn -0.014 1.000 0.027
vn 0.055 0.998 -0.003
vn -0.112 0.981 0.158
vn -0.171 0.974 0.148
vn -0.193 0.981 0.002
vn -0.128 0.983 0.129
vn -0.112 0.986 0.126
vn 0.096 0.961 -0.261
vn 0.169 0.881 -0.441
vn 0.134 0.986 -0.096
vn -0.136 0.823 0.552
vn -0.163 0.982 0.097
vn 0.032 0.963 0.267
vn -0.097 0.980 0.172
vn -0.091 0.942 0.322
vn -0.148 0.968 0.204
vn -0.236 0.819 0.523
vn 0.121 0.991 0.053
vn 0.238 0.971 -0.004
vn -0.119 0.989 -0.087
vn 0.245 0.907 0.342
vn -0.097 0.986 0.138
vn 0.227 0.945 0.236
vn -0.443 0.893 0.085
vn -0.259 0.966 0.000
vn -0.054 0.966 -0.254
vn 0.006 0.971 -0.238
vn -0.067 0.935 -0.349
vn 0.067 0.962 -0.266
vn 0.087 0.783 -0.616
vn 0.077 0.987 -0.139
vn -0.054 0.899 -0.436
vn -0.060 0.928 -0.367
vn -0.165 0.795 -0.584
vn 0.038 0.842 -0.538
vn -0.108 0.931 -0.348
vn -0.093 0.973 -0.209
vn 0.037 0.997 -0.062
vn -0.083 0.996 0.013
vn -0.016 0.999 0.041
vn -0.022 0.999 0.028
vn 0.038 0.999 0.006
vn 0.081 0.996 -0.026
vn -0.015 0.997 0.078
vn 0.020 0.998 0.055
vn 0.037 0.997 0.066
vn 0.030 0.993 0.112
vn 0.033 0.988 0.153
vn -0.041 0.975 0.218
vn 0.086 0.984 0.156
vn 0.135 0.987 0.090
vn -0.009 0.994 0.108
vn 0.026 0.999 0.039
vn -0.060 0.997 0.041
vn -0.162 0.978 -0.133
vn -0.207 0.969 -0.134
vn -0.196 0.978 -0.074
vn 0.147 0.983 0.108
vn 0.079 0.955 0.286
vn 0.559 0.651 0.514
vn -0.150 0.957 0.250
vn -0.307 0.902 0.303
vn 0.018 1.000 -0.012
vn 0.137 0.987 -0.083
vn 0.271 0.936 0.224
vn 0.174 0.916 0.361
vn 0.139 0.979 0.148
vn -0.012 0.983 0.182
vn 0.152 0.988 -0.037
vn 0.127 0.989 -0.078
vn -0.033 0.946 0.323
vn 0.342 0.932 0.122
vn -0.049 0.999 -0.004
vn -0.014 0.927 0.374
vn -0.072 0.788 0.612
vn -0.053 0.978 0.204
vn -0.004 0.956 0.294
vn -0.122 0.985 0.122
vn -0.083 0.982 0.167
vn -0.049 0.981 0.189
vn -0.014 0.990 0.143
vn -0.156 0.966 0.206
vn -0.047 0.930 0.364
vn 0.033 0.999 -0.028
vn -0.157 0.980 0.125
vn 0.042 0.996 -0.079
vn 0.140 0.974 -0.179
vn 0.174 0.979 -0.104
vn 0.239 0.970 -0.037
vn 0.256 0.965 -0.061
vn -0.085 0.934 -0.346
vn -0.042 0.962 -0.269
vn -0.006 0.979 -0.205
vn -0.034 0.978 0.204
vn 0.256 0.966 -0.035
vn -0.165 0.984 0.065
vn 0.115 0.993 -0.028
vn -0.104 0.953 -0.286
vn -0.098 0.983 0.158
vn 0.175 0.935 0.310
vn 0.259 0.899 0.353
vn 0.055 0.981 -0.184
vn -0.017 0.940 0.340
vn 0.095 0.939 -0.332
vn 0.000 0.999 0.051
vn 0.181 0.983 0.038
vn 0.018 0.997 -0.075
vn -0.024 0.987 0.161
vn -0.200 0.978 -0.055
vn -0.172 0.963 -0.208
vn 0.037 0.999 0.028
vn -0.043 0.880 -0.474
vn -0.247 0.873 -0.420
vn -0.077 0.968 -0.237
vn -0.159 0.986 -0.041
vn -0.316 0.940 0.126
vn -0.200 0.979 -0.037
vn -0.034 0.995 -0.093
vn -0.070 0.997 0.028
vn 0.094 0.985 -0.145
vn -0.077 0.996 0.035
vn 0.013 0.998 0.054
vn 0.080 0.997 -0.019
vn 0.020 1.000 -0.020
vn -0.000 1.000 0.022
vn -0.033 0.996 0.085
vn -0.015 1.000 0.026
vn 0.110 0.994 0.010
vn 0.066 0.990 0.121
vn -0.027 0.984 0.178
vn -0.006 0.981 0.194
vn 0.101 0.985 0.138
vn -0.318 0.942 -0.106
vn -0.127 0.968 -0.218
vn -0.334 0.888 -0.315
vn -0.084 0.976 -0.200
vn -0.186 0.980 -0.069
vn 0.052 0.958 0.282
vn 0.038 0.994 -0.102
vn -0.047 0.966 0.255
vn 0.003 0.993 -0.120
vn -0.175 0.831 0.528
vn 0.108 0.867 0.487
vn -0.015 0.929 0.371
vn 0.019 0.982 -0.188
vn 0.001 0.986 0.167
vn 0.100 0.985 0.141
vn -0.035 0.999 0.014
vn -0.125 0.992 0.021
vn 0.057 0.994 -0.095
vn 0.001 1.000 0.002
vn 0.005 1.000 0.019
vn 0.262 0.965 0.001
vn 0.199 0.970 0.138
vn 0.053 0.986 0.159
vn 0.383 0.861 -0.335
vn 0.389 0.915 0.107
vn 0.209 0.953 -0.221
vn -0.418 0.859 0.294
vn 0.007 1.000 -0.003
vn -0.161 0.971 -0.174
vn 0.112 0.986 0.122
vn 0.134 0.991 0.005
vn 0.247 0.966 0.075
vn 0.333 0.943 0.014
vn 0.149 0.987 0.065
vn 0.057 0.998 0.003
vn -0.044 0.991 -0.126
vn -0.096 0.990 -0.107
vn 0.045 0.992 -0.114
vn -0.198 0.978 -0.059
vn -0.212 0.977 0.027
vn -0.157 0.984 -0.084
vn -0.088 0.992 -0.094
vn -0.125 0.983 0.137
vn -0.055 0.998 0.013
vn 0.238 0.970 0.056
vn 0.087 0.987 0.133
vn 0.202 0.976 0.080
vn -0.149 0.985 0.083
vn -0.060 0.998 0.004
vn 0.286 0.949 -0.130
vn 0.113 0.954 -0.277
vn -0.122 0.970 -0.212
vn 0.127 0.922 -0.366
vn -0.042 0.993 -0.108
vn -0.094 0.995 0.019
vn 0.086 0.991 -0.100
vn 0.023 0.985 -0.174
vn -0.006 0.997 -0.072
vn -0.024 0.999 0.044
vn -0.064 0.994 0.094
vn 0.041 0.996 0.076
vn 0.125 0.988 0.091
vn -0.090 0.995 0.050
vn -0.145 0.984 -0.107
vn 0.095 0.995 0.006
vn 0.019 1.000 0.010
vn -0.093 0.996 -0.008
vn -0.037 0.997 -0.067
vn -0.052 0.998 -0.019
vn 0.001 0.999 -0.050
vn 0.039 0.998 -0.050
vn 0.049 0.999 0.005
vn 0.193 0.950 0.244
vn 0.063 0.988 0.140
vn 0.138 0.969 0.207
vn 0.139 0.890 0.435
vn 0.209 0.934 0.290
vn 0.118 0.990 0.084
vn -0.003 0.961 0.276
vn 0.162 0.889 0.428
vn 0.023 0.993 0.118
vn -0.063 0.991 0.120
vn -0.098 0.989 0.112
vn -0.036 0.986 -0.163
vn -0.268 0.939 -0.217
vn 0.020 0.998 -0.064
vn 0.090 0.980 -0.177
vn 0.005 0.994 -0.106
vn -0.039 0.998 -0.056
vn 0.214 0.977 0.010
vn 0.217 0.976 -0.020
vn 0.068 0.997 -0.039
vn -0.157 0.987 -0.027
vn -0.020 0.997 -0.069
vn 0.174 0.971 -0.165
vn -0.062 0.998 0.002
vn -0.116 0.989 -0.092
vn -0.058 0.995 -0.085
vn -0.088 0.995 -0.056
vn -0.021 0.999 0.036
vn 0.152 0.987 0.045
vn 0.116 0.988 -0.100
vn -0.207 0.954 -0.216
vn -0.166 0.974 -0.151
vn -0.002 0.978 -0.210
vn -0.102 0.982 -0.161
vn -0.014 0.998 0.066
vn -0.039 0.998 0.048
vn -0.047 0.999 0.008
vn -0.073 0.957 -0.281
vn 0.099 0.963 -0.250
vn -0.114 0.989 -0.091
vn -0.042 0.994 -0.097
vn -0.027 0.999 -0.025
vn -0.088 0.992 0.095
vn 0.017 1.000 0.006
vn -0.025 0.999 0.042
vn 0.154 0.983 0.099
vn 0.259 0.963 0.074
vn 0.038 0.984 0.173
vn 0.035 0.973 -0.228
vn -0.010 1.000 0.029
vn 0.136 0.979 0.154
vn -0.037 0.982 0.183
vn 0.004 0.977 0.212
vn 0.175 0.984 -0.019
vn -0.007 0.802 -0.597
vn 0.267 0.955 0.128
vn -0.066 0.664 0.745
vn -0.235 0.972 0.015
vn 0.031 0.957 0.290
vn 0.154 0.728 0.668
vn -0.090 0.986 0.140
vn -0.160 0.985 0.066
vn -0.339 0.917 0.213
vn 0.154 0.976 0.153
vn 0.190 0.974 0.122
vn 0.112 0.943 0.314
vn -0.175 0.701 0.691
vn -0.066 0.918 0.392
vn 0.008 0.999 -0.033
vn 0.023 0.992 0.120
vn 0.054 0.987 -0.149
vn 0.135 0.991 -0.004
vn 0.036 0.956 -0.291
vn -0.279 0.958 -0.063
vn -0.085 0.994 -0.074
vn -0.071 0.994 -0.084
vn -0.089 0.996 0.017
vn 0.149 0.989 0.020
vn 0.145 0.944 -0.295
vn 0.017 0.997 -0.073
vn 0.043 0.975 -0.217
vn -0.124 0.979 -0.160
vn -0.498 0.862 0.092
vn -0.167 0.948 0.273
vn 0.060 0.996 -0.062
vn 0.027 0.999 -0.028
vn -0.082 0.994 0.072
vn 0.048 0.998 -0.043
vn 0.103 0.994 -0.030
vn 0.058 0.997 0.055
vn -0.143 0.989 0.049
vn 0.094 0.995 -0.023
vn -0.016 0.997 0.078
vn -0.033 0.971 0.236
vn 0.038 0.989 0.141
vn 0.003 0.982 0.191
vn 0.004 0.971 0.237
vn -0.150 0.980 -0.134
vn -0.018 0.991 -0.136
vn 0.191 0.965 -0.180
vn 0.103 0.994 -0.037
vn -0.086 0.996 -0.025
vn 0.053 0.997 -0.063
vn 0.020 0.924 -0.382
vn 0.059 0.998 0.035
vn -0.194 0.877 -0.440
vn -0.233 0.832 -0.503
vn -0.021 0.924 -0.382
vn 0.081 0.940 -0.332
vn -0.254 0.749 -0.611
vn -0.035 0.939 -0.343
vn -0.182 0.978 -0.098
vn -0.450 0.754 -0.478
vn -0.022 0.948 -0.317
vn 0.127 0.975 -0.180
vn 0.236 0.891 -0.387
vn 0.248 0.816 -0.522
vn 0.317 0.906 -0.282
vn -0.035 0.989 -0.141
vn -0.085 0.924 -0.374
vn 0.022 0.982 -0.190
vn 0.187 0.894 -0.408
vn -0.167 0.945 -0.282
vn -0.083 0.743 -0.664
vn -0.324 0.864 -0.385
vn 0.106 0.954 -0.282
vn -0.011 0.999 -0.048
vn -0.494 0.811 -0.313
vn -0.175 0.816 -0.551
vn -0.327 0.939 -0.104
vn -0.499 0.750 -0.434
vn -0.002 1.000 0.024
vn -0.041 0.997 0.066
vn 0.141 0.933 -0.330
vn -0.010 0.982 -0.190
vn -0.293 0.899 -0.326
vn 0.003 1.000 0.013
vn 0.010 0.996 0.092
vn -0.105 0.981 -0.163
vn -0.234 0.939 -0.253
vn 0.160 0.743 -0.650
vn -0.323 0.693 -0.644
vn -0.023 0.999 0.031
vn 0.004 0.998 -0.055
vn -0.003 0.999 -0.041
vn 0.029 0.956 0.294
vn -0.019 1.000 -0.001
vn -0.011 0.980 -0.198
vn 0.094 0.995 -0.015
vn -0.072 0.965 0.252
vn -0.108 0.994 0.035
vn 0.009 0.894 0.448
vn 0.010 0.990 0.140
vn 0.095 0.970 0.225
vn 0.113 0.961 0.253
vn 0.059 0.963 0.264
vn -0.187 0.972 0.142
vn -0.246 0.946 0.211
vn 0.089 0.993 -0.082
vn 0.068 0.998 -0.013
vn -0.053 0.998 0.020
vn -0.020 1.000 0.014
vn 0.122 0.991 0.062
vn 0.068 0.998 0.014
vn -0.015 0.996 0.087
vn -0.040 0.999 0.009
vn 0.105 0.990 -0.092
vn -0.088 0.993 -0.080
vn -0.198 0.976 -0.095
vn -0.036 0.993 0.115
vn -0.070 0.941 0.331
vn 0.054 0.996 0.068
vn 0.298 0.893 0.338
vn 0.180 0.945 0.271
vn 0.223 0.892 0.393
vn 0.030 0.999 0.011
vn -0.180 0.927 -0.330
vn 0.152 0.985 0.079
vn 0.015 0.980 -0.199
vn 0.327 0.942 0.076
vn 0.049 0.997 -0.068
vn -0.033 0.998 0.055
vn -0.053 0.996 0.071
vn -0.067 0.985 0.158
vn 0.013 0.978 0.207
vn -0.080 0.976 0.202
vn -0.023 0.993 0.115
vn 0.158 0.987 0.006
vn 0.097 0.995 -0.031
vn -0.027 0.999 -0.020
vn -0.037 0.999 -0.023
vn -0.105 0.947 -0.303
vn -0.000 1.000 -0.008
vn -0.176 0.971 -0.160
vn -0.341 0.880 -0.332
vn 0.075 0.786 -0.614
vn -0.522 0.801 -0.292
vn -0.540 0.620 -0.570
vn 0.014 0.980 -0.200
vn 0.250 0.660 -0.709
vn -0.667 0.664 0.338
vn -0.190 0.832 0.521
vn -0.190 0.981 -0.035
vn -0.219 0.969 0.117
vn -0.050 0.998 -0.023
vn 0.276 0.827 -0.490
vn -0.276 0.875 -0.399
vn -0.372 0.926 -0.065
vn -0.304 0.941 -0.151
vn 0.121 0.937 0.328
vn 0.322 0.928 -0.186
vn 0.011 0.999 0.037
vn -0.495 0.864 -0.090
vn -0.236 0.748 -0.621
vn -0.099 0.988 0.117
vn -0.310 0.913 -0.264
vn -0.220 0.928 -0.301
vn -0.181 0.980 0.077
vn -0.135 0.991 0.013
vn 0.022 0.992 -0.121
vn -0.197 0.980 0.009
vn -0.032 0.999 0.006
vn -0.032 0.999 -0.029
vn 0.036 0.999 0.010
vn -0.052 0.997 -0.058
vn 0.037 0.998 -0.055
vn 0.182 0.982 -0.059
vn 0.221 0.975 0.030
vn 0.039 0.999 -0.027
vn -0.038 0.999 -0.029
vn -0.106 0.993 -0.051
vn 0.101 0.993 -0.063
vn 0.074 0.997 0.011
vn 0.007 0.997 0.077
vn 0.049 0.996 0.071
vn 0.109 0.990 -0.092
vn -0.082 0.984 0.157
vn 0.104 0.988 -0.113
vn 0.017 1.000 0.005
vn 0.146 0.949 0.279
vn -0.156 0.978 -0.139
vn -0.126 0.987 -0.098
vn -0.144 0.941 0.307
vn -0.210 0.965 -0.158
vn -0.141 0.957 -0.253
vn 0.009 1.000 0.016
vn -0.032 0.999 0.033
vn 0.032 0.996 0.081
vn 0.049 0.999 0.002
vn 0.244 0.967 0.070
vn 0.265 0.950 -0.164
vn 0.446 0.893 -0.064
vn 0.534 0.845 -0.037
vn 0.130 0.978 0.163
vn -0.016 1.000 0.021
vn -0.012 1.000 -0.001
vn -0.125 0.992 0.017
vn -0.096 0.993 0.074
vn 0.079 0.997 0.000
vn 0.202 0.956 -0.213
vn 0.104 0.960 -0.259
vn 0.162 0.983 0.084
vn -0.084 0.996 0.039
vn -0.086 0.992 0.092
vn 0.019 0.998 0.062
vn -0.122 0.965 0.233
vn -0.182 0.836 0.518
vn 0.180 0.863 0.473
vn -0.388 0.809 0.441
vn -0.203 0.775 0.598
vn 0.071 0.991 0.114
vn 0.161 0.960 0.227
vn 0.168 0.718 0.675
vn -0.341 0.936 -0.091
vn -0.142 0.928 -0.343
vn 0.098 0.885 -0.456
vn -0.109 0.994 -0.033
vn 0.155 0.977 -0.146
vn -0.214 0.930 0.298
vn -0.651 0.668 -0.361
vn -0.106 0.867 -0.488
vn 0.054 0.991 0.119
vn -0.377 0.922 0.082
vn -0.324 0.873 -0.365
vn -0.349 0.935 -0.057
vn 0.034 0.999 0.024
vn 0.062 0.910 -0.410
vn -0.017 0.980 -0.199
vn 0.003 0.922 -0.386
vn 0.394 0.867 -0.305
vn 0.701 0.612 -0.366
vn 0.158 0.846 -0.509
vn -0.095 0.949 -0.300
vn -0.673 0.737 -0.065
vn -0.012 0.869 -0.495
vn -0.162 0.854 -0.495
vn -0.594 0.733 -0.331
vn -0.235 0.926 -0.294
vn 0.218 0.920 -0.325
vn -0.058 0.893 -0.445
vn -0.010 0.998 -0.054
vn -0.220 0.975 -0.033
vn -0.319 0.838 -0.443
vn -0.108 0.985 -0.137
vn -0.365 0.833 -0.416
vn -0.056 0.991 -0.124
vn 0.009 0.997 -0.073
vn 0.061 0.995 0.074
vn 0.040 0.991 0.126
vn 0.027 1.000 0.001
vn -0.106 0.991 0.084
vn -0.045 0.995 0.088
vn 0.043 0.997 0.060
vn -0.023 0.995 0.095
vn 0.175 0.984 0.010
vn -0.028 0.997 0.078
vn -0.259 0.956 0.138
vn 0.034 0.881 0.472
vn 0.195 0.797 0.571
vn -0.009 0.999 -0.039
vn 0.008 0.746 0.666
vn 0.040 0.850 0.525
vn 0.090 0.912 0.400
vn -0.194 0.814 0.547
vn 0.393 0.818 0.421
vn 0.210 0.968 0.136
vn 0.367 0.929 0.055
vn 0.590 0.776 0.223
vn 0.098 0.993 -0.062
vn -0.061 0.998 -0.013
vn 0.241 0.937 0.252
vn 0.320 0.878 0.355
vn -0.059 0.904 -0.423
vn -0.189 0.834 0.518
vn -0.074 0.769 0.636
vn -0.248 0.846 -0.472
vn -0.462 0.714 -0.527
vn -0.479 0.839 -0.259
vn -0.287 0.948 -0.136
vn -0.328 0.896 -0.299
vn -0.322 0.901 -0.290
vn 0.076 0.997 0.004
vn 0.220 0.935 0.279
vn 0.180 0.981 0.074
vn -0.045 0.999 -0.022
vn 0.356 0.845 0.400
vn -0.008 1.000 0.002
vn -0.160 0.987 0.010
vn -0.049 0.997 -0.064
vn 0.232 0.969 -0.088
vn 0.248 0.958 -0.143
vn -0.231 0.947 0.224
vn -0.047 0.998 0.046
vn 0.109 0.992 -0.059
vn -0.384 0.869 0.311
vn -0.195 0.956 0.221
vn 0.233 0.955 0.184
vn -0.483 0.876 -0.007
vn 0.132 0.976 0.173
vn 0.035 0.873 0.487
vn -0.233 0.965 0.119
vn 0.106 0.898 0.426
vn -0.387 0.917 0.094
vn -0.377 0.916 0.138
vn -0.095 0.972 0.213
vn 0.077 0.997 -0.021
vn 0.020 0.998 0.061
vn -0.427 0.887 0.174
vn -0.131 0.753 0.645
vn 0.023 0.992 -0.121
vn -0.018 0.921 0.390
vn 0.167 0.842 0.512
vn 0.056 0.896 0.440
vn 0.002 0.995 -0.102
vn 0.340 0.906 0.251
vn 0.370 0.831 0.415
vn 0.134 0.955 0.263
vn -0.141 0.984 0.111
vn 0.408 0.743 0.530
vn 0.145 0.936 0.320
vn 0.326 0.944 0.045
vn 0.525 0.691 0.497
vn -0.117 0.984 -0.138
vn -0.157 0.904 -0.396
vn -0.004 0.995 0.102
vn -0.157 0.935 -0.318
vn 0.077 0.981 -0.177
vn 0.026 0.998 0.055
vn -0.035 0.999 -0.012
vn -0.137 0.990 -0.016
vn -0.115 0.988 0.105
vn -0.480 0.877 -0.022
vn -0.450 0.887 -0.103
vn -0.094 0.972 -0.217
vn -0.171 0.958 -0.231
vn -0.074 0.997 0.027
vn 0.016 1.000 0.008
vn 0.033 0.999 -0.007
vn -0.031 0.995 0.095
vn -0.132 0.984 0.123
vn 0.031 0.999 0.029
vn -0.037 0.996 0.076
vn 0.056 0.998 0.036
vn 0.216 0.976 -0.030
vn -0.211 0.946 0.246
vn -0.087 0.995 0.059
vn -0.030 0.999 0.025
vn 0.007 1.000 0.012
vn -0.020 1.000 -0.006
vn -0.059 0.992 0.108
vn -0.038 0.999 0.016
vn -0.041 0.871 0.490
vn 0.173 0.892 0.417
vn 0.163 0.986 0.040
vn 0.395 0.889 0.232
vn 0.241 0.925 0.292
vn -0.341 0.898 -0.279
vn 0.162 0.913 0.375
vn -0.299 0.943 -0.146
vn -0.270 0.821 -0.503
vn -0.161 0.985 -0.066
vn -0.222 0.914 -0.339
vn 0.124 0.992 0.004
vn -0.190 0.982 0.004
vn 0.309 0.944 -0.119
vn 0.207 0.977 -0.045
vn -0.393 0.892 -0.224
vn 0.468 0.866 -0.176
vn 0.346 0.931 0.121
vn 0.330 0.939 0.101
vn 0.667 0.737 0.110
vn 0.146 0.989 -0.018
vn 0.053 0.996 0.077
vn 0.033 0.999 0.005
vn -0.002 1.000 0.014
vn -0.087 0.996 -0.032
vn -0.060 0.997 -0.041
vn 0.233 0.972 -0.041
vn -0.018 0.998 -0.059
vn -0.487 0.829 0.273
vn -0.025 0.929 -0.370
vn -0.345 0.936 0.062
vn -0.274 0.891 0.363
vn -0.650 0.759 -0.024
vn 0.176 0.918 0.355
vn -0.201 0.950 0.240
vn -0.589 0.730 0.347
vn -0.111 0.871 0.479
vn 0.324 0.942 -0.087
vn -0.119 0.988 0.102
vn -0.131 0.978 0.161
vn -0.440 0.891 0.107
vn -0.659 0.751 0.046
vn -0.014 0.999 -0.042
vn 0.022 0.998 -0.061
vn 0.027 0.963 0.268
vn 0.012 0.999 -0.039
vn -0.069 0.991 0.117
vn 0.054 0.998 -0.019
vn -0.116 0.909 0.400
vn 0.067 0.998 -0.019
vn 0.130 0.990 -0.049
vn 0.203 0.977 -0.063
vn 0.080 0.997 0.008
vn -0.018 0.997 0.076
vn 0.116 0.958 0.263
vn -0.083 0.985 0.149
vn -0.097 0.953 0.288
vn -0.040 0.998 -0.044
vn -0.084 0.928 0.362
vn -0.188 0.979 -0.075
vn -0.422 0.901 -0.097
vn -0.437 0.841 0.319
vn -0.024 1.000 0.008
vn -0.318 0.928 0.194
vn 0.028 0.999 -0.023
vn -0.015 1.000 -0.004
vn -0.078 0.997 0.026
vn -0.059 0.998 0.023
vn 0.032 0.999 0.003
vn -0.006 1.000 -0.027
vn 0.078 0.996 -0.038
vn 0.214 0.971 0.102
vn -0.199 0.980 0.023
vn -0.337 0.879 -0.337
vn -0.342 0.897 0.280
vn -0.044 0.995 0.084
vn -0.059 0.980 0.192
vn -0.010 0.948 -0.318
vn -0.145 0.989 -0.015
vn -0.042 0.995 0.090
vn -0.044 0.998 -0.053
vn 0.098 0.963 -0.251
vn 0.053 0.993 0.107
vn -0.091 0.989 0.118
vn 0.336 0.819 0.464
vn 0.255 0.950 0.180
vn 0.122 0.942 0.312
vn 0.230 0.924 0.306
vn -0.314 0.900 -0.303
vn 0.048 0.797 0.602
vn -0.142 0.827 -0.543
vn -0.495 0.836 0.236
vn -0.253 0.616 -0.746
vn -0.299 0.943 0.145
vn -0.216 0.578 0.787
vn 0.012 0.991 -0.131
vn -0.336 0.930 0.146
vn 0.079 0.995 0.053
vn -0.273 0.786 0.554
vn -0.132 0.833 0.537
vn -0.266 0.743 0.613
vn 0.420 0.879 0.226
vn 0.138 0.849 0.510
vn 0.180 0.983 0.019
vn 0.442 0.896 0.032
vn -0.013 1.000 0.027
vn -0.097 0.991 0.094
vn -0.000 0.999 0.046
vn 0.180 0.984 0.011
vn -0.491 0.869 -0.054
vn -0.546 0.809 0.218
vn -0.570 0.799 -0.190
vn 0.020 0.999 0.040
vn -0.496 0.868 0.033
vn -0.257 0.887 -0.384
vn -0.347 0.921 -0.178
vn 0.066 0.998 -0.012
vn -0.035 0.997 -0.070
vn -0.002 1.000 0.013
vn 0.138 0.985 -0.100
vn 0.079 0.997 -0.002
vn 0.077 0.994 0.075
vn -0.045 0.960 -0.278
vn 0.144 0.986 0.080
vn 0.115 0.986 -0.119
vn 0.135 0.989 -0.055
vn 0.152 0.987 -0.057
vn -0.404 0.912 -0.073
vn 0.263 0.806 -0.530
vn -0.220 0.961 0.167
vn 0.214 0.955 -0.206
vn -0.296 0.953 -0.061
vn -0.072 0.977 -0.202
vn -0.290 0.957 0.000
vn 0.016 0.840 -0.543
vn -0.299 0.852 -0.430
vn 0.095 0.972 -0.216
vn -0.020 0.875 -0.484
vn 0.104 0.917 -0.384
vn 0.470 0.806 0.359
vn 0.095 0.972 -0.216
vn -0.148 0.958 -0.245
vn -0.197 0.942 -0.273
vn -0.309 0.687 -0.658
vn 0.110 0.994 0.026
vn -0.278 0.942 -0.189
vn -0.265 0.878 -0.398
vn 0.243 0.940 -0.238
vn 0.023 1.000 0.016
vn 0.058 0.997 -0.053
vn -0.082 0.994 -0.071
vn -0.071 0.996 -0.046
vn 0.063 0.995 -0.074
vn -0.007 0.998 -0.066
vn 0.010 1.000 -0.003
vn -0.017 1.000 -0.020
vn 0.227 0.901 0.370
vn -0.177 0.984 0.019
vn 0.057 0.965 0.255
vn 0.028 0.996 0.091
vn 0.014 0.997 -0.070
vn 0.008 0.959 0.282
vn -0.044 0.996 -0.080
vn -0.130 0.986 -0.099
vn 0.001 0.811 -0.584
vn 0.003 0.999 0.039
vn 0.156 0.905 0.395
vn 0.019 0.981 -0.194
vn 0.164 0.915 0.368
vn -0.061 0.948 -0.312
vn 0.301 0.913 -0.276
vn 0.288 0.954 -0.089
vn -0.273 0.962 -0.012
vn -0.560 0.818 -0.133
vn -0.228 0.865 -0.447
vn -0.086 0.996 -0.001
vn 0.056 0.998 -0.005
vn 0.123 0.985 -0.121
vn 0.243 0.851 -0.465
vn -0.155 0.904 -0.398
vn 0.373 0.850 -0.371
vn 0.294 0.821 -0.489
vn -0.094 0.994 -0.056
vn -0.178 0.976 -0.123
vn -0.012 1.000 0.017
vn -0.031 0.999 -0.025
vn 0.426 0.882 -0.201
vn 0.370 0.891 -0.263
vn -0.039 0.997 0.060
vn 0.260 0.956 -0.134
vn -0.074 0.986 0.148
vn -0.080 0.991 0.111
vn 0.039 0.995 0.091
vn 0.119 0.979 0.167
vn 0.121 0.984 0.129
vn -0.307 0.913 -0.271
vn 0.039 0.984 0.175
vn -0.209 0.953 -0.221
vn -0.319 0.931 -0.175
vn -0.186 0.954 0.233
vn -0.411 0.851 -0.328
vn 0.040 0.908 -0.416
vn -0.125 0.901 -0.415
vn -0.138 0.984 -0.114
vn 0.112 0.993 0.031
vn 0.011 0.921 -0.390
vn 0.000 0.855 -0.518
vn 0.296 0.744 -0.599
vn 0.028 0.965 -0.262
vn 0.151 0.799 -0.583
vn 0.469 0.801 -0.371
vn -0.105 0.994 -0.033
vn -0.267 0.731 -0.628
vn 0.260 0.963 0.075
vn -0.017 0.942 -0.334
vn 0.065 0.955 -0.288
vn -0.322 0.790 -0.522
vn -0.432 0.790 -0.434
vn 0.345 0.900 -0.266
vn 0.572 0.814 -0.100
vn -0.088 0.839 -0.537
vn 0.026 0.992 0.120
vn 0.059 0.718 -0.693
vn -0.009 0.869 -0.495
vn 0.519 0.844 -0.138
vn -0.011 0.877 -0.480
vn 0.163 0.835 -0.526
vn 0.111 0.834 -0.541
vn 0.018 0.992 0.124
vn 0.081 0.892 -0.445
vn 0.052 0.993 0.111
vn 0.286 0.816 -0.502
vn -0.194 0.976 -0.102
vn 0.461 0.829 -0.317
vn -0.109 0.993 -0.045
vn -0.622 0.781 -0.056
vn -0.447 0.893 0.049
vn -0.242 0.783 -0.573
vn 0.249 0.818 -0.518
vn -0.245 0.786 -0.568
vn 0.097 0.947 -0.306
vn -0.003 0.994 -0.110
vn -0.160 0.976 0.148
vn -0.203 0.970 -0.136
vn 0.138 0.981 -0.135
vn -0.027 0.999 0.031
vn -0.085 0.996 -0.028
vn -0.020 0.914 -0.404
vn -0.065 0.982 0.178
vn 0.023 0.992 0.120
vn 0.057 0.876 -0.478
vn -0.208 0.972 -0.108
vn 0.115 0.943 -0.313
vn -0.391 0.899 -0.196
vn 0.042 0.997 0.069
vn 0.291 0.893 -0.342
vn -0.078 0.992 -0.100
vn 0.406 0.913 -0.033
vn -0.183 0.978 -0.103
vn -0.181 0.964 -0.195
vn -0.114 0.949 -0.295
vn 0.185 0.983 0.018
vn -0.099 0.995 0.031
vn -0.019 0.999 -0.037
vn 0.050 0.997 -0.053
vn -0.089 0.996 0.019
vn -0.009 1.000 -0.015
vn 0.145 0.986 -0.081
vn -0.268 0.960 -0.085
vn -0.062 0.959 0.275
vn -0.176 0.962 0.207
vn 0.097 0.955 0.280
vn -0.060 0.993 0.101
vn 0.028 0.999 0.020
vn -0.005 1.000 -0.004
vn 0.042 0.996 0.077
vn 0.042 0.997 0.071
vn 0.268 0.906 0.329
vn -0.086 0.995 -0.043
vn 0.100 0.969 0.224
vn 0.033 0.993 0.111
vn 0.128 0.978 -0.165
vn 0.211 0.943 -0.256
vn 0.147 0.965 0.216
vn -0.071 0.990 -0.126
vn -0.241 0.939 -0.246
vn -0.433 0.844 -0.316
vn 0.002 0.999 -0.042
vn -0.137 0.991 0.003
vn 0.074 0.891 -0.447
vn -0.045 0.880 -0.473
vn 0.123 0.989 -0.081
vn 0.572 0.819 -0.042
vn 0.387 0.897 -0.215
vn 0.264 0.960 -0.088
vn 0.028 0.877 -0.480
vn 0.014 0.989 0.148
vn 0.465 0.879 -0.104
vn -0.081 0.977 0.198
vn -0.013 0.996 0.092
vn -0.054 0.996 0.073
vn -0.002 0.997 0.076
vn 0.046 0.995 0.087
vn 0.046 0.994 0.101
vn 0.088 0.939 0.332
vn 0.112 0.977 0.182
vn 0.059 0.982 0.178
vn 0.089 0.987 0.136
vn -0.187 0.977 0.105
vn 0.011 1.000 -0.008
vn 0.229 0.959 0.168
vn -0.016 0.986 0.164
vn 0.112 0.990 0.080
vn -0.016 0.998 0.060
vn -0.207 0.978 0.014
vn -0.057 0.998 0.023
vn -0.158 0.974 0.165
vn -0.101 0.984 0.150
vn 0.011 0.988 0.153
vn 0.187 0.981 0.053
vn 0.036 0.992 -0.120
vn -0.200 0.978 0.059
vn -0.328 0.881 -0.340
vn -0.277 0.948 -0.158
vn -0.114 0.990 0.085
vn -0.039 0.993 0.111
vn 0.063 0.994 -0.085
vn -0.026 1.000 0.006
vn -0.011 1.000 -0.022
vn -0.023 0.993 -0.114
vn -0.111 0.982 -0.154
vn -0.072 0.991 -0.109
vn -0.009 0.997 -0.073
vn -0.020 0.998 -0.055
vn 0.037 0.998 -0.044
vn -0.040 0.999 -0.008
vn 0.070 0.994 0.087
vn -0.007 0.989 0.146
vn 0.190 0.856 0.481
vn -0.103 0.990 0.095
vn 0.076 0.962 0.261
vn -0.059 0.948 0.312
vn 0.092 0.995 0.040
vn 0.092 0.790 -0.606
vn -0.020 0.982 0.186
vn -0.136 0.991 0.002
vn -0.196 0.967 0.161
vn -0.148 0.886 -0.441
vn -0.068 0.992 0.109
vn 0.035 0.999 0.038
vn 0.010 1.000 0.027
vn -0.035 0.999 0.008
vn 0.051 0.996 -0.071
vn 0.071 0.984 -0.162
vn -0.010 0.991 -0.130
vn 0.066 0.998 -0.021
vn 0.161 0.987 -0.024
vn -0.060 0.998 -0.003
vn 0.022 0.999 -0.050
vn 0.067 0.998 -0.003
vn -0.081 0.988 0.129
vn -0.104 0.980 0.170
vn -0.071 0.997 0.033
vn -0.052 0.996 -0.079
vn 0.047 0.998 -0.050
vn 0.194 0.979 -0.057
vn 0.168 0.979 -0.118
vn -0.398 0.891 0.218
vn -0.276 0.931 0.240
vn -0.492 0.823 0.282
vn -0.161 0.978 0.131
vn -0.326 0.908 0.262
vn 0.038 0.999 0.005
vn 0.083 0.964 0.251
vn 0.083 0.992 0.095
vn -0.138 0.948 0.287
vn 0.066 0.957 0.282
vn -0.071 0.940 0.334
vn 0.076 0.934 0.350
vn 0.249 0.887 0.388
vn 0.110 0.952 0.286
vn 0.032 0.974 0.226
vn 0.059 0.977 0.206
vn -0.035 0.996 -0.083
vn -0.015 0.997 -0.070
vn -0.040 0.997 -0.067
vn -0.063 0.998 -0.025
vn -0.088 0.992 0.086
vn 0.070 0.997 0.028
vn 0.112 0.994 0.005
vn -0.016 1.000 -0.008
vn -0.100 0.995 -0.016
vn 0.040 0.999 0.003
vn 0.003 1.000 0.027
vn 0.065 0.996 -0.065
vn 0.117 0.988 -0.098
vn 0.099 0.988 -0.116
vn -0.137 0.988 -0.075
vn 0.028 0.998 -0.062
vn 0.123 0.992 -0.008
vn 0.056 0.995 -0.088
vn 0.025 0.988 -0.151
vn -0.063 0.995 -0.077
vn -0.121 0.991 -0.057
vn 0.017 0.988 -0.156
vn -0.001 0.990 -0.142
vn -0.144 0.990 -0.007
vn 0.087 0.996 -0.028
vn -0.040 0.995 0.087
vn -0.325 0.940 0.105
vn -0.203 0.979 -0.016
vn 0.064 0.998 -0.001
vt 0.000000 0.000000
vt 0.031265 0.000000
vt 0.062531 0.000000
vt 0.093796 0.000000
vt 0.125061 0.000000
vt 0.109428 0.000000
vt 0.156326 0.000000
vt 0.187592 0.000000
vt 0.218857 0.000000
vt 0.203224 0.000000
vt 0.250122 0.000000
vt 0.234490 0.000000
vt 0.281387 0.000000
vt 0.265755 0.000000
vt 0.312653 0.000000
vt 0.297020 0.000000
vt 0.343918 0.000000
vt 0.375183 0.000000
vt 0.406448 0.000000
vt 0.390816 0.000000
vt 0.437714 0.000000
vt 0.468979 0.000000
vt 0.500244 0.000000
vt 0.531510 0.000000
vt 0.562775 0.000000
vt 0.594040 0.000000
vt 0.625305 0.000000
vt 0.656571 0.000000
vt 0.687836 0.000000
vt 0.719101 0.000000
vt 0.750366 0.000000
vt 0.781632 0.000000
vt 0.812897 0.000000
vt 0.844162 0.000000
vt 0.875427 0.000000
vt 0.906693 0.000000
vt 0.937958 0.000000
vt 0.969223 0.000000
vt 1.000000 0.000000
vt 0.000000 0.031250
vt 0.031265 0.031250
vt 0.062531 0.031250
vt 0.093796 0.031250
vt 0.109428 0.015625
vt 0.125061 0.031250
vt 0.156326 0.031250
vt 0.187592 0.031250
vt 0.203224 0.015625
vt 0.218857 0.031250
vt 0.234490 0.015625
vt 0.250122 0.031250
vt 0.265755 0.015625
vt 0.281387 0.031250
vt 0.297020 0.015625
vt 0.312653 0.031250
vt 0.343918 0.031250
vt 0.375183 0.031250
vt 0.390816 0.015625
vt 0.406448 0.031250
vt 0.437714 0.031250
vt 0.468979 0.031250
vt 0.500244 0.031250
vt 0.531510 0.031250
vt 0.562775 0.031250
vt 0.594040 0.031250
vt 0.625305 0.031250
vt 0.656571 0.031250
vt 0.672203 0.015625
vt 0.687836 0.031250
vt 0.687836 0.015625
vt 0.703469 0.015625
vt 0.719101 0.031250
vt 0.750366 0.031250
vt 0.781632 0.031250
vt 0.812897 0.031250
vt 0.844162 0.031250
vt 0.875427 0.031250
vt 0.891060 0.015625
vt 0.906693 0.031250
vt 0.891060 0.031250
vt 0.937958 0.031250
vt 0.969223 0.031250
vt 1.000000 0.031250
vt 0.000000 0.062500
vt 0.031265 0.062500
vt 0.062531 0.062500
vt 0.078163 0.046875
vt 0.093796 0.062500
vt 0.125061 0.062500
vt 0.140694 0.046875
vt 0.156326 0.062500
vt 0.171959 0.046875
vt 0.187592 0.062500
vt 0.203224 0.046875
vt 0.218857 0.062500
vt 0.218857 0.046875
vt 0.234490 0.046875
vt 0.250122 0.062500
vt 0.265755 0.046875
vt 0.281387 0.062500
vt 0.312653 0.062500
vt 0.343918 0.062500
vt 0.375183 0.062500
vt 0.406448 0.062500
vt 0.437714 0.062500
vt 0.468979 0.062500
vt 0.500244 0.062500
vt 0.531510 0.062500
vt 0.562775 0.062500
vt 0.594040 0.062500
vt 0.625305 0.062500
vt 0.656571 0.062500
vt 0.687836 0.062500
vt 0.719101 0.062500
vt 0.750366 0.062500
vt 0.781632 0.062500
vt 0.812897 0.062500
vt 0.844162 0.062500
vt 0.859795 0.046875
vt 0.875427 0.062500
vt 0.875427 0.046875
vt 0.891060 0.046875
vt 0.883244 0.039063
vt 0.906693 0.062500
vt 0.906693 0.046875
vt 0.891060 0.062500
vt 0.922325 0.046875
vt 0.914509 0.054688
vt 0.937958 0.046875
vt 0.930142 0.054688
vt 0.937958 0.062500
vt 0.937958 0.054688
vt 0.922325 0.062500
vt 0.922325 0.054688
vt 0.953591 0.046875
vt 0.945774 0.054688
vt 0.969223 0.062500
vt 0.953591 0.062500
vt 1.000000 0.062500
vt 0.000000 0.093750
vt 0.031265 0.093750
vt 0.062531 0.093750
vt 0.078163 0.078125
vt 0.093796 0.093750
vt 0.125061 0.093750
vt 0.156326 0.093750
vt 0.187592 0.093750
vt 0.218857 0.093750
vt 0.250122 0.093750
vt 0.265755 0.078125
vt 0.281387 0.093750
vt 0.281387 0.078125
vt 0.297020 0.078125
vt 0.312653 0.078125
vt 0.304836 0.085938
vt 0.312653 0.093750
vt 0.312653 0.085938
vt 0.297020 0.093750
vt 0.328285 0.078125
vt 0.320469 0.085938
vt 0.343918 0.078125
vt 0.336102 0.085938
vt 0.343918 0.093750
vt 0.328285 0.093750
vt 0.328285 0.085938
vt 0.359551 0.078125
vt 0.375183 0.093750
vt 0.375183 0.078125
vt 0.390816 0.078125
vt 0.406448 0.093750
vt 0.406448 0.078125
vt 0.422081 0.078125
vt 0.414265 0.085938
vt 0.437714 0.093750
vt 0.422081 0.093750
vt 0.468979 0.093750
vt 0.500244 0.093750
vt 0.531510 0.093750
vt 0.562775 0.093750
vt 0.594040 0.093750
vt 0.625305 0.093750
vt 0.656571 0.093750
vt 0.687836 0.093750
vt 0.719101 0.093750
vt 0.750366 0.093750
vt 0.781632 0.093750
vt 0.812897 0.093750
vt 0.844162 0.093750
vt 0.875427 0.093750
vt 0.891060 0.078125
vt 0.906693 0.093750
vt 0.891060 0.093750
vt 0.922325 0.078125
vt 0.937958 0.093750
vt 0.937958 0.078125
vt 0.953591 0.078125
vt 0.969223 0.093750
vt 0.969223 0.078125
vt 0.953591 0.093750
vt 0.984612 0.078125
vt 0.976918 0.085938
vt 1.000000 0.093750
vt 0.984612 0.093750
vt 0.000000 0.125000
vt 0.031265 0.125000
vt 0.062531 0.125000
vt 0.078163 0.109375
vt 0.093796 0.125000
vt 0.093796 0.109375
vt 0.109428 0.109375
vt 0.101612 0.117187
vt 0.125061 0.125000
vt 0.109428 0.125000
vt 0.101612 0.125000
vt 0.156326 0.125000
vt 0.187592 0.125000
vt 0.218857 0.125000
vt 0.250122 0.125000
vt 0.281387 0.125000
vt 0.297020 0.109375
vt 0.312653 0.125000
vt 0.328285 0.109375
vt 0.343918 0.125000
vt 0.375183 0.125000
vt 0.406448 0.125000
vt 0.422081 0.109375
vt 0.429897 0.101563
vt 0.437714 0.125000
vt 0.437714 0.109375
vt 0.453346 0.109375
vt 0.445530 0.117187
vt 0.468979 0.125000
vt 0.453346 0.125000
vt 0.500244 0.125000
vt 0.531510 0.125000
vt 0.562775 0.125000
vt 0.594040 0.125000
vt 0.625305 0.125000
vt 0.656571 0.125000
vt 0.687836 0.125000
vt 0.719101 0.125000
vt 0.734734 0.109375
vt 0.750366 0.125000
vt 0.781632 0.125000
vt 0.812897 0.125000
vt 0.844162 0.125000
vt 0.875427 0.125000
vt 0.891060 0.109375
vt 0.906693 0.125000
vt 0.922325 0.109375
vt 0.937958 0.125000
vt 0.937958 0.109375
vt 0.953591 0.109375
vt 0.969223 0.109375
vt 0.961407 0.117187
vt 0.969223 0.125000
vt 0.953591 0.125000
vt 0.984612 0.109375
vt 0.976918 0.117187
vt 0.992306 0.101563
vt 1.000000 0.125000
vt 1.000000 0.109375
vt 0.984612 0.125000
vt 0.000000 0.156250
vt 0.031265 0.156250
vt 0.062531 0.156250
vt 0.078163 0.140625
vt 0.093796 0.156250
vt 0.093796 0.140625
vt 0.109428 0.140625
vt 0.101612 0.132813
vt 0.125061 0.156250
vt 0.109428 0.156250
vt 0.156326 0.156250
vt 0.187592 0.156250
vt 0.218857 0.156250
vt 0.250122 0.156250
vt 0.281387 0.156250
vt 0.297020 0.140625
vt 0.312653 0.140625
vt 0.304836 0.148437
vt 0.312653 0.156250
vt 0.297020 0.156250
vt 0.328285 0.140625
vt 0.320469 0.148437
vt 0.343918 0.140625
vt 0.336102 0.148437
vt 0.343918 0.156250
vt 0.328285 0.156250
vt 0.328285 0.148437
vt 0.336102 0.156250
vt 0.359551 0.140625
vt 0.375183 0.156250
vt 0.359551 0.156250
vt 0.406448 0.156250
vt 0.437714 0.156250
vt 0.453346 0.140625
vt 0.468979 0.156250
vt 0.500244 0.156250
vt 0.515877 0.140625
vt 0.531510 0.156250
vt 0.515877 0.156250
vt 0.562775 0.156250
vt 0.594040 0.156250
vt 0.625305 0.156250
vt 0.656571 0.156250
vt 0.687836 0.156250
vt 0.719101 0.156250
vt 0.750366 0.156250
vt 0.781632 0.156250
vt 0.812897 0.156250
vt 0.844162 0.156250
vt 0.875427 0.156250
vt 0.906693 0.156250
vt 0.937958 0.156250
vt 0.953591 0.140625
vt 0.969223 0.156250
vt 0.984612 0.140625
vt 1.000000 0.156250
vt 0.000000 0.187500
vt 0.031265 0.187500
vt 0.062531 0.187500
vt 0.093796 0.187500
vt 0.109428 0.171875
vt 0.125061 0.187500
vt 0.140694 0.171875
vt 0.156326 0.187500
vt 0.140694 0.187500
vt 0.187592 0.187500
vt 0.218857 0.187500
vt 0.250122 0.187500
vt 0.281387 0.187500
vt 0.297020 0.171875
vt 0.312653 0.187500
vt 0.328285 0.171875
vt 0.336102 0.164063
vt 0.340010 0.160156
vt 0.343918 0.187500
vt 0.343918 0.171875
vt 0.343918 0.164063
vt 0.359551 0.171875
vt 0.351734 0.164063
vt 0.367367 0.164063
vt 0.375183 0.187500
vt 0.375183 0.171875
vt 0.390816 0.171875
vt 0.383000 0.179687
vt 0.406448 0.187500
vt 0.390816 0.187500
vt 0.437714 0.187500
vt 0.468979 0.187500
vt 0.484612 0.171875
vt 0.500244 0.187500
vt 0.500244 0.171875
vt 0.515877 0.171875
vt 0.508061 0.164063
vt 0.523693 0.164063
vt 0.515877 0.164063
vt 0.531510 0.187500
vt 0.531510 0.171875
vt 0.547142 0.171875
vt 0.539326 0.179687
vt 0.562775 0.187500
vt 0.562775 0.171875
vt 0.547142 0.187500
vt 0.578407 0.171875
vt 0.594040 0.187500
vt 0.578407 0.187500
vt 0.625305 0.187500
vt 0.656571 0.187500
vt 0.687836 0.187500
vt 0.719101 0.187500
vt 0.750366 0.187500
vt 0.781632 0.187500
vt 0.812897 0.187500
vt 0.844162 0.187500
vt 0.875427 0.187500
vt 0.906693 0.187500
vt 0.937958 0.187500
vt 0.969223 0.187500
vt 1.000000 0.187500
vt 0.000000 0.218750
vt 0.031265 0.218750
vt 0.062531 0.218750
vt 0.093796 0.218750
vt 0.125061 0.218750
vt 0.140694 0.203125
vt 0.156326 0.218750
vt 0.187592 0.218750
vt 0.218857 0.218750
vt 0.250122 0.218750
vt 0.281387 0.218750
vt 0.312653 0.218750
vt 0.343918 0.218750
vt 0.359551 0.203125
vt 0.375183 0.218750
vt 0.375183 0.203125
vt 0.383000 0.195313
vt 0.383000 0.203125
vt 0.390816 0.203125
vt 0.383000 0.210937
vt 0.406448 0.218750
vt 0.390816 0.218750
vt 0.422081 0.203125
vt 0.437714 0.203125
vt 0.429897 0.210937
vt 0.437714 0.218750
vt 0.437714 0.210937
vt 0.422081 0.218750
vt 0.453346 0.203125
vt 0.445530 0.210937
vt 0.468979 0.203125
vt 0.461163 0.210937
vt 0.468979 0.218750
vt 0.453346 0.218750
vt 0.461163 0.218750
vt 0.484612 0.203125
vt 0.500244 0.218750
vt 0.531510 0.218750
vt 0.547142 0.203125
vt 0.562775 0.218750
vt 0.578407 0.203125
vt 0.586224 0.195313
vt 0.594040 0.218750
vt 0.594040 0.203125
vt 0.578407 0.218750
vt 0.609673 0.203125
vt 0.625305 0.218750
vt 0.609673 0.218750
vt 0.640938 0.203125
vt 0.656571 0.203125
vt 0.648754 0.210937
vt 0.656571 0.218750
vt 0.640938 0.218750
vt 0.672203 0.203125
vt 0.687836 0.203125
vt 0.680019 0.210937
vt 0.687836 0.218750
vt 0.672203 0.218750
vt 0.680019 0.218750
vt 0.703469 0.203125
vt 0.719101 0.218750
vt 0.750366 0.218750
vt 0.781632 0.218750
vt 0.812897 0.218750
vt 0.844162 0.218750
vt 0.875427 0.218750
vt 0.906693 0.218750
vt 0.937958 0.218750
vt 0.969223 0.218750
vt 1.000000 0.218750
vt 0.000000 0.250000
vt 0.031265 0.250000
vt 0.046898 0.234375
vt 0.062531 0.250000
vt 0.046898 0.250000
vt 0.093796 0.250000
vt 0.125061 0.250000
vt 0.156326 0.250000
vt 0.187592 0.250000
vt 0.218857 0.250000
vt 0.234490 0.234375
vt 0.250122 0.234375
vt 0.242306 0.242187
vt 0.250122 0.242187
vt 0.246214 0.246094
vt 0.250122 0.250000
vt 0.234490 0.250000
vt 0.242306 0.250000
vt 0.265755 0.234375
vt 0.257938 0.242187
vt 0.281387 0.250000
vt 0.265755 0.250000
vt 0.312653 0.250000
vt 0.343918 0.250000
vt 0.359551 0.234375
vt 0.375183 0.250000
vt 0.375183 0.234375
vt 0.383000 0.226563
vt 0.383000 0.234375
vt 0.390816 0.234375
vt 0.383000 0.242187
vt 0.406448 0.250000
vt 0.390816 0.250000
vt 0.422081 0.234375
vt 0.437714 0.250000
vt 0.453346 0.234375
vt 0.461163 0.226563
vt 0.468979 0.250000
vt 0.468979 0.234375
vt 0.484612 0.234375
vt 0.500244 0.250000
vt 0.531510 0.250000
vt 0.562775 0.250000
vt 0.578407 0.234375
vt 0.586224 0.226563
vt 0.594040 0.250000
vt 0.594040 0.234375
vt 0.609673 0.234375
vt 0.601856 0.226563
vt 0.617489 0.226563
vt 0.625305 0.250000
vt 0.625305 0.234375
vt 0.640938 0.234375
vt 0.656571 0.250000
vt 0.672203 0.234375
vt 0.680019 0.226563
vt 0.687836 0.250000
vt 0.687836 0.234375
vt 0.703469 0.234375
vt 0.719101 0.234375
vt 0.711285 0.242187
vt 0.719101 0.250000
vt 0.719101 0.242187
vt 0.703469 0.250000
vt 0.734734 0.234375
vt 0.726917 0.242187
vt 0.723009 0.246094
vt 0.750366 0.250000
vt 0.734734 0.250000
vt 0.726917 0.250000
vt 0.781632 0.250000
vt 0.812897 0.250000
vt 0.844162 0.250000
vt 0.875427 0.250000
vt 0.906693 0.250000
vt 0.937958 0.250000
vt 0.969223 0.250000
vt 1.000000 0.250000
vt 0.000000 0.281250
vt 0.031265 0.281250
vt 0.046898 0.265625
vt 0.062531 0.281250
vt 0.093796 0.281250
vt 0.125061 0.281250
vt 0.156326 0.281250
vt 0.187592 0.281250
vt 0.218857 0.281250
vt 0.234490 0.265625
vt 0.242306 0.257813
vt 0.242306 0.273438
vt 0.250122 0.265625
vt 0.242306 0.265625
vt 0.250122 0.281250
vt 0.234490 0.281250
vt 0.265755 0.265625
vt 0.257938 0.257813
vt 0.281387 0.281250
vt 0.297020 0.265625
vt 0.312653 0.281250
vt 0.297020 0.281250
vt 0.343918 0.281250
vt 0.375183 0.281250
vt 0.390816 0.265625
vt 0.406448 0.281250
vt 0.422081 0.265625
vt 0.437714 0.281250
vt 0.437714 0.265625
vt 0.453346 0.265625
vt 0.445530 0.273438
vt 0.468979 0.265625
vt 0.461163 0.273438
vt 0.468979 0.281250
vt 0.453346 0.281250
vt 0.453346 0.273438
vt 0.484612 0.265625
vt 0.500244 0.281250
vt 0.484612 0.281250
vt 0.531510 0.281250
vt 0.562775 0.281250
vt 0.594040 0.281250
vt 0.625305 0.281250
vt 0.656571 0.281250
vt 0.687836 0.281250
vt 0.703469 0.265625
vt 0.719101 0.281250
vt 0.719101 0.265625
vt 0.734734 0.265625
vt 0.726917 0.257813
vt 0.742550 0.257813
vt 0.734734 0.257813
vt 0.750366 0.281250
vt 0.750366 0.265625
vt 0.765999 0.265625
vt 0.781632 0.281250
vt 0.781632 0.265625
vt 0.797264 0.265625
vt 0.812897 0.281250
vt 0.812897 0.265625
vt 0.828530 0.265625
vt 0.844162 0.281250
vt 0.828530 0.281250
vt 0.875427 0.281250
vt 0.906693 0.281250
vt 0.937958 0.281250
vt 0.969223 0.281250
vt 1.000000 0.281250
vt 0.000000 0.312500
vt 0.031265 0.312500
vt 0.062531 0.312500
vt 0.093796 0.312500
vt 0.125061 0.312500
vt 0.156326 0.312500
vt 0.187592 0.312500
vt 0.203224 0.296875
vt 0.218857 0.312500
vt 0.234490 0.296875
vt 0.242306 0.289063
vt 0.250122 0.312500
vt 0.250122 0.296875
vt 0.265755 0.296875
vt 0.281387 0.312500
vt 0.297020 0.296875
vt 0.304836 0.289063
vt 0.304836 0.304688
vt 0.312653 0.296875
vt 0.304836 0.296875
vt 0.312653 0.312500
vt 0.297020 0.312500
vt 0.328285 0.296875
vt 0.343918 0.312500
vt 0.328285 0.312500
vt 0.375183 0.312500
vt 0.406448 0.312500
vt 0.437714 0.312500
vt 0.453346 0.296875
vt 0.461163 0.289063
vt 0.468979 0.312500
vt 0.468979 0.296875
vt 0.468979 0.289063
vt 0.484612 0.296875
vt 0.476795 0.289063
vt 0.500244 0.312500
vt 0.515877 0.296875
vt 0.531510 0.312500
vt 0.562775 0.312500
vt 0.578407 0.296875
vt 0.594040 0.312500
vt 0.594040 0.296875
vt 0.578407 0.312500
vt 0.609673 0.296875
vt 0.601856 0.304688
vt 0.625305 0.296875
vt 0.617489 0.304688
vt 0.625305 0.312500
vt 0.609673 0.312500
vt 0.609673 0.304688
vt 0.640938 0.296875
vt 0.633122 0.304688
vt 0.656571 0.296875
vt 0.648754 0.304688
vt 0.656571 0.312500
vt 0.640938 0.312500
vt 0.640938 0.304688
vt 0.672203 0.296875
vt 0.664387 0.304688
vt 0.687836 0.296875
vt 0.680019 0.304688
vt 0.687836 0.312500
vt 0.672203 0.312500
vt 0.672203 0.304688
vt 0.703469 0.296875
vt 0.695652 0.304688
vt 0.719101 0.312500
vt 0.703469 0.312500
vt 0.695652 0.312500
vt 0.734734 0.296875
vt 0.750366 0.296875
vt 0.742550 0.304688
vt 0.750366 0.312500
vt 0.750366 0.304688
vt 0.734734 0.312500
vt 0.765999 0.296875
vt 0.758183 0.304688
vt 0.754275 0.308594
vt 0.781632 0.312500
vt 0.765999 0.312500
vt 0.758183 0.312500
vt 0.797264 0.296875
vt 0.812897 0.312500
vt 0.812897 0.296875
vt 0.820713 0.289063
vt 0.820713 0.296875
vt 0.828530 0.296875
vt 0.820713 0.304688
vt 0.844162 0.296875
vt 0.836346 0.304688
vt 0.844162 0.312500
vt 0.844162 0.304688
vt 0.828530 0.312500
vt 0.859795 0.296875
vt 0.851978 0.304688
vt 0.875427 0.296875
vt 0.867611 0.304688
vt 0.875427 0.312500
vt 0.875427 0.304688
vt 0.859795 0.312500
vt 0.891060 0.296875
vt 0.883244 0.304688
vt 0.906693 0.296875
vt 0.898876 0.304688
vt 0.906693 0.312500
vt 0.906693 0.304688
vt 0.891060 0.312500
vt 0.922325 0.296875
vt 0.914509 0.304688
vt 0.937958 0.312500
vt 0.937958 0.296875
vt 0.922325 0.312500
vt 0.953591 0.296875
vt 0.945774 0.304688
vt 0.969223 0.296875
vt 0.961407 0.304688
vt 0.969223 0.312500
vt 0.953591 0.312500
vt 0.953591 0.304688
vt 0.984612 0.296875
vt 1.000000 0.312500
vt 0.984612 0.312500
vt 0.000000 0.343750
vt 0.031265 0.343750
vt 0.062531 0.343750
vt 0.093796 0.343750
vt 0.125061 0.343750
vt 0.140694 0.328125
vt 0.156326 0.343750
vt 0.140694 0.343750
vt 0.187592 0.343750
vt 0.203224 0.328125
vt 0.218857 0.328125
vt 0.211041 0.335938
vt 0.218857 0.343750
vt 0.203224 0.343750
vt 0.234490 0.328125
vt 0.250122 0.343750
vt 0.281387 0.343750
vt 0.297020 0.328125
vt 0.312653 0.343750
vt 0.328285 0.328125
vt 0.343918 0.343750
vt 0.359551 0.328125
vt 0.375183 0.343750
vt 0.406448 0.343750
vt 0.437714 0.343750
vt 0.453346 0.328125
vt 0.468979 0.343750
vt 0.500244 0.343750
vt 0.515877 0.328125
vt 0.531510 0.343750
vt 0.531510 0.328125
vt 0.547142 0.328125
vt 0.562775 0.343750
vt 0.578407 0.328125
vt 0.586224 0.320313
vt 0.594040 0.343750
vt 0.594040 0.328125
vt 0.609673 0.328125
vt 0.625305 0.343750
vt 0.640938 0.328125
vt 0.656571 0.343750
vt 0.672203 0.328125
vt 0.687836 0.343750
vt 0.687836 0.328125
vt 0.703469 0.328125
vt 0.695652 0.320313
vt 0.711285 0.320313
vt 0.719101 0.343750
vt 0.719101 0.328125
vt 0.719101 0.320313
vt 0.734734 0.328125
vt 0.726917 0.320313
vt 0.750366 0.328125
vt 0.742550 0.335938
vt 0.750366 0.343750
vt 0.734734 0.343750
vt 0.765999 0.328125
vt 0.758183 0.320313
vt 0.781632 0.343750
vt 0.765999 0.343750
vt 0.812897 0.343750
vt 0.828530 0.328125
vt 0.844162 0.343750
vt 0.859795 0.328125
vt 0.875427 0.343750
vt 0.891060 0.328125
vt 0.906693 0.343750
vt 0.922325 0.328125
vt 0.937958 0.343750
vt 0.953591 0.328125
vt 0.969223 0.343750
vt 0.984612 0.328125
vt 0.992306 0.320313
vt 1.000000 0.343750
vt 1.000000 0.328125
vt 0.000000 0.375000
vt 0.031265 0.375000
vt 0.046898 0.359375
vt 0.062531 0.375000
vt 0.046898 0.375000
vt 0.093796 0.375000
vt 0.125061 0.375000
vt 0.140694 0.359375
vt 0.148510 0.351563
vt 0.156326 0.375000
vt 0.156326 0.359375
vt 0.140694 0.375000
vt 0.171959 0.359375
vt 0.187592 0.375000
vt 0.203224 0.359375
vt 0.218857 0.375000
vt 0.250122 0.375000
vt 0.281387 0.375000
vt 0.312653 0.375000
vt 0.343918 0.375000
vt 0.375183 0.375000
vt 0.406448 0.375000
vt 0.422081 0.359375
vt 0.437714 0.375000
vt 0.453346 0.359375
vt 0.468979 0.375000
vt 0.453346 0.375000
vt 0.500244 0.375000
vt 0.531510 0.375000
vt 0.562775 0.375000
vt 0.594040 0.375000
vt 0.625305 0.375000
vt 0.656571 0.375000
vt 0.687836 0.375000
vt 0.719101 0.375000
vt 0.734734 0.359375
vt 0.750366 0.375000
vt 0.750366 0.359375
vt 0.765999 0.359375
vt 0.758183 0.351563
vt 0.758183 0.367188
vt 0.773815 0.351563
vt 0.765999 0.351563
vt 0.769907 0.355469
vt 0.773815 0.367188
vt 0.781632 0.359375
vt 0.773815 0.359375
vt 0.781632 0.375000
vt 0.781632 0.367188
vt 0.765999 0.375000
vt 0.765999 0.367188
vt 0.773815 0.375000
vt 0.769907 0.371094
vt 0.797264 0.359375
vt 0.789448 0.367188
vt 0.812897 0.375000
vt 0.797264 0.375000
vt 0.844162 0.375000
vt 0.875427 0.375000
vt 0.906693 0.375000
vt 0.922325 0.359375
vt 0.937958 0.375000
vt 0.937958 0.359375
vt 0.953591 0.359375
vt 0.969223 0.375000
vt 1.000000 0.375000
vt 0.000000 0.406250
vt 0.031265 0.406250
vt 0.046898 0.390625
vt 0.062531 0.406250
vt 0.093796 0.406250
vt 0.109428 0.390625
vt 0.125061 0.390625
vt 0.117245 0.398438
vt 0.125061 0.406250
vt 0.125061 0.398438
vt 0.109428 0.406250
vt 0.140694 0.390625
vt 0.132877 0.398438
vt 0.128969 0.402344
vt 0.148510 0.382813
vt 0.148510 0.390625
vt 0.148510 0.398438
vt 0.152418 0.394531
vt 0.156326 0.390625
vt 0.156326 0.406250
vt 0.156326 0.398438
vt 0.140694 0.406250
vt 0.132877 0.406250
vt 0.128969 0.406250
vt 0.171959 0.390625
vt 0.164143 0.398438
vt 0.187592 0.406250
vt 0.171959 0.406250
vt 0.218857 0.406250
vt 0.250122 0.406250
vt 0.281387 0.406250
vt 0.312653 0.406250
vt 0.343918 0.406250
vt 0.375183 0.406250
vt 0.406448 0.406250
vt 0.437714 0.406250
vt 0.453346 0.390625
vt 0.468979 0.406250
vt 0.484612 0.390625
vt 0.500244 0.406250
vt 0.484612 0.406250
vt 0.531510 0.406250
vt 0.562775 0.406250
vt 0.594040 0.406250
vt 0.625305 0.406250
vt 0.656571 0.406250
vt 0.687836 0.406250
vt 0.703469 0.390625
vt 0.719101 0.406250
vt 0.703469 0.406250
vt 0.750366 0.406250
vt 0.765999 0.390625
vt 0.773815 0.382813
vt 0.781632 0.406250
vt 0.781632 0.390625
vt 0.797264 0.390625
vt 0.805081 0.382813
vt 0.805081 0.398438
vt 0.812897 0.390625
vt 0.805081 0.390625
vt 0.812897 0.406250
vt 0.797264 0.406250
vt 0.828530 0.390625
vt 0.844162 0.406250
vt 0.828530 0.406250
vt 0.875427 0.406250
vt 0.891060 0.390625
vt 0.906693 0.406250
vt 0.922325 0.390625
vt 0.937958 0.406250
vt 0.922325 0.406250
vt 0.969223 0.406250
vt 1.000000 0.406250
vt 0.000000 0.437500
vt 0.031265 0.437500
vt 0.062531 0.437500
vt 0.078163 0.421875
vt 0.093796 0.437500
vt 0.093796 0.421875
vt 0.109428 0.421875
vt 0.101612 0.429688
vt 0.117245 0.414063
vt 0.125061 0.421875
vt 0.117245 0.429688
vt 0.125061 0.437500
vt 0.125061 0.414063
vt 0.109428 0.437500
vt 0.109428 0.429688
vt 0.140694 0.421875
vt 0.132877 0.414063
vt 0.128969 0.410156
vt 0.156326 0.437500
vt 0.171959 0.421875
vt 0.187592 0.437500
vt 0.218857 0.437500
vt 0.250122 0.437500
vt 0.281387 0.437500
vt 0.312653 0.437500
vt 0.343918 0.437500
vt 0.359551 0.421875
vt 0.375183 0.437500
vt 0.406448 0.437500
vt 0.437714 0.437500
vt 0.453346 0.421875
vt 0.468979 0.421875
vt 0.461163 0.429688
vt 0.468979 0.437500
vt 0.453346 0.437500
vt 0.461163 0.437500
vt 0.484612 0.421875
vt 0.476795 0.414063
vt 0.476795 0.429688
vt 0.500244 0.437500
vt 0.484612 0.437500
vt 0.531510 0.437500
vt 0.562775 0.437500
vt 0.594040 0.437500
vt 0.625305 0.437500
vt 0.656571 0.437500
vt 0.687836 0.437500
vt 0.703469 0.421875
vt 0.719101 0.437500
vt 0.750366 0.437500
vt 0.765999 0.421875
vt 0.781632 0.437500
vt 0.781632 0.421875
vt 0.789448 0.414063
vt 0.789448 0.421875
vt 0.797264 0.421875
vt 0.789448 0.429688
vt 0.812897 0.421875
vt 0.805081 0.429688
vt 0.812897 0.437500
vt 0.797264 0.429688
vt 0.793356 0.433594
vt 0.797264 0.437500
vt 0.789448 0.437500
vt 0.828530 0.421875
vt 0.820713 0.414063
vt 0.836346 0.414063
vt 0.828530 0.414063
vt 0.844162 0.437500
vt 0.844162 0.421875
vt 0.859795 0.421875
vt 0.875427 0.437500
vt 0.891060 0.421875
vt 0.906693 0.437500
vt 0.906693 0.421875
vt 0.922325 0.421875
vt 0.914509 0.414063
vt 0.937958 0.437500
vt 0.969223 0.437500
vt 1.000000 0.437500
vt 0.000000 0.468750
vt 0.031265 0.468750
vt 0.062531 0.468750
vt 0.093796 0.468750
vt 0.109428 0.453125
vt 0.125061 0.468750
vt 0.140694 0.453125
vt 0.156326 0.468750
vt 0.171959 0.453125
vt 0.187592 0.453125
vt 0.179775 0.460938
vt 0.187592 0.468750
vt 0.171959 0.468750
vt 0.179775 0.468750
vt 0.203224 0.453125
vt 0.218857 0.468750
vt 0.203224 0.468750
vt 0.250122 0.468750
vt 0.281387 0.468750
vt 0.312653 0.468750
vt 0.343918 0.468750
vt 0.375183 0.468750
vt 0.406448 0.468750
vt 0.437714 0.468750
vt 0.453346 0.453125
vt 0.461163 0.445313
vt 0.468979 0.453125
vt 0.461163 0.460938
vt 0.468979 0.468750
vt 0.468979 0.460938
vt 0.453346 0.468750
vt 0.484612 0.453125
vt 0.476795 0.460938
vt 0.500244 0.468750
vt 0.484612 0.468750
vt 0.531510 0.468750
vt 0.562775 0.468750
vt 0.594040 0.468750
vt 0.625305 0.468750
vt 0.656571 0.468750
vt 0.687836 0.468750
vt 0.719101 0.468750
vt 0.750366 0.468750
vt 0.765999 0.453125
vt 0.781632 0.453125
vt 0.773815 0.460938
vt 0.781632 0.468750
vt 0.765999 0.468750
vt 0.797264 0.453125
vt 0.789448 0.445313
vt 0.812897 0.468750
vt 0.844162 0.468750
vt 0.875427 0.468750
vt 0.906693 0.468750
vt 0.937958 0.468750
vt 0.969223 0.468750
vt 1.000000 0.468750
vt 0.000000 0.500000
vt 0.031265 0.500000
vt 0.062531 0.500000
vt 0.093796 0.500000
vt 0.125061 0.500000
vt 0.156326 0.500000
vt 0.171959 0.484375
vt 0.179775 0.476563
vt 0.187592 0.500000
vt 0.187592 0.484375
vt 0.203224 0.484375
vt 0.218857 0.500000
vt 0.250122 0.500000
vt 0.265755 0.484375
vt 0.281387 0.500000
vt 0.265755 0.500000
vt 0.312653 0.500000
vt 0.343918 0.500000
vt 0.375183 0.500000
vt 0.406448 0.500000
vt 0.437714 0.500000
vt 0.453346 0.484375
vt 0.468979 0.500000
vt 0.468979 0.484375
vt 0.484612 0.484375
vt 0.476795 0.476563
vt 0.500244 0.500000
vt 0.531510 0.500000
vt 0.562775 0.500000
vt 0.594040 0.500000
vt 0.625305 0.500000
vt 0.656571 0.500000
vt 0.687836 0.500000
vt 0.703469 0.484375
vt 0.719101 0.484375
vt 0.711285 0.492188
vt 0.719101 0.500000
vt 0.703469 0.500000
vt 0.734734 0.484375
vt 0.726917 0.492188
vt 0.750366 0.500000
vt 0.734734 0.500000
vt 0.765999 0.484375
vt 0.773815 0.476563
vt 0.773815 0.492188
vt 0.781632 0.484375
vt 0.773815 0.484375
vt 0.781632 0.500000
vt 0.765999 0.500000
vt 0.773815 0.500000
vt 0.797264 0.484375
vt 0.812897 0.500000
vt 0.844162 0.500000
vt 0.875427 0.500000
vt 0.906693 0.500000
vt 0.937958 0.500000
vt 0.969223 0.500000
vt 1.000000 0.500000
vt 0.000000 0.531250
vt 0.031265 0.531250
vt 0.062531 0.531250
vt 0.093796 0.531250
vt 0.125061 0.531250
vt 0.156326 0.531250
vt 0.187592 0.531250
vt 0.203224 0.515625
vt 0.218857 0.531250
vt 0.203224 0.531250
vt 0.250122 0.531250
vt 0.265755 0.515625
vt 0.273571 0.507813
vt 0.273571 0.523438
vt 0.281387 0.515625
vt 0.273571 0.515625
vt 0.281387 0.531250
vt 0.265755 0.531250
vt 0.273571 0.531250
vt 0.297020 0.515625
vt 0.312653 0.531250
vt 0.343918 0.531250
vt 0.359551 0.515625
vt 0.375183 0.531250
vt 0.359551 0.531250
vt 0.390816 0.515625
vt 0.406448 0.531250
vt 0.390816 0.531250
vt 0.437714 0.531250
vt 0.468979 0.531250
vt 0.500244 0.531250
vt 0.531510 0.531250
vt 0.562775 0.531250
vt 0.594040 0.531250
vt 0.625305 0.531250
vt 0.656571 0.531250
vt 0.687836 0.531250
vt 0.703469 0.515625
vt 0.719101 0.515625
vt 0.711285 0.523438
vt 0.719101 0.531250
vt 0.703469 0.531250
vt 0.734734 0.515625
vt 0.726917 0.507813
vt 0.750366 0.531250
vt 0.750366 0.515625
vt 0.758183 0.507813
vt 0.758183 0.515625
vt 0.765999 0.515625
vt 0.758183 0.523438
vt 0.773815 0.507813
vt 0.781632 0.531250
vt 0.781632 0.515625
vt 0.765999 0.531250
vt 0.797264 0.515625
vt 0.789448 0.523438
vt 0.812897 0.531250
vt 0.797264 0.531250
vt 0.789448 0.531250
vt 0.844162 0.531250
vt 0.875427 0.531250
vt 0.906693 0.531250
vt 0.937958 0.531250
vt 0.969223 0.531250
vt 1.000000 0.531250
vt 0.000000 0.562500
vt 0.031265 0.562500
vt 0.062531 0.562500
vt 0.093796 0.562500
vt 0.125061 0.562500
vt 0.156326 0.562500
vt 0.187592 0.562500
vt 0.203224 0.546875
vt 0.211041 0.539063
vt 0.218857 0.562500
vt 0.218857 0.546875
vt 0.234490 0.546875
vt 0.250122 0.562500
vt 0.265755 0.546875
vt 0.273571 0.539063
vt 0.281387 0.562500
vt 0.281387 0.546875
vt 0.297020 0.546875
vt 0.312653 0.562500
vt 0.343918 0.562500
vt 0.359551 0.546875
vt 0.375183 0.562500
vt 0.375183 0.546875
vt 0.390816 0.546875
vt 0.383000 0.539063
vt 0.406448 0.546875
vt 0.398632 0.554687
vt 0.406448 0.562500
vt 0.390816 0.562500
vt 0.422081 0.546875
vt 0.437714 0.562500
vt 0.453346 0.546875
vt 0.468979 0.562500
vt 0.468979 0.546875
vt 0.484612 0.546875
vt 0.476795 0.554687
vt 0.500244 0.562500
vt 0.484612 0.562500
vt 0.476795 0.562500
vt 0.515877 0.546875
vt 0.531510 0.562500
vt 0.562775 0.562500
vt 0.594040 0.562500
vt 0.609673 0.546875
vt 0.625305 0.562500
vt 0.609673 0.562500
vt 0.656571 0.562500
vt 0.672203 0.546875
vt 0.687836 0.546875
vt 0.680019 0.554687
vt 0.687836 0.562500
vt 0.687836 0.554687
vt 0.672203 0.562500
vt 0.703469 0.546875
vt 0.695652 0.554687
vt 0.719101 0.562500
vt 0.703469 0.562500
vt 0.750366 0.562500
vt 0.765999 0.546875
vt 0.781632 0.546875
vt 0.773815 0.554687
vt 0.781632 0.562500
vt 0.765999 0.562500
vt 0.797264 0.546875
vt 0.789448 0.539063
vt 0.812897 0.562500
vt 0.828530 0.546875
vt 0.844162 0.562500
vt 0.844162 0.546875
vt 0.828530 0.562500
vt 0.859795 0.546875
vt 0.851978 0.554687
vt 0.875427 0.562500
vt 0.859795 0.562500
vt 0.851978 0.562500
vt 0.906693 0.562500
vt 0.937958 0.562500
vt 0.969223 0.562500
vt 1.000000 0.562500
vt 0.000000 0.593750
vt 0.031265 0.593750
vt 0.062531 0.593750
vt 0.093796 0.593750
vt 0.125061 0.593750
vt 0.156326 0.593750
vt 0.187592 0.593750
vt 0.218857 0.593750
vt 0.250122 0.593750
vt 0.281387 0.593750
vt 0.312653 0.593750
vt 0.343918 0.593750
vt 0.375183 0.593750
vt 0.390816 0.578125
vt 0.406448 0.593750
vt 0.437714 0.593750
vt 0.453346 0.578125
vt 0.468979 0.593750
vt 0.468979 0.578125
vt 0.484612 0.578125
vt 0.476795 0.570313
vt 0.492428 0.570313
vt 0.484612 0.570313
vt 0.480703 0.566406
vt 0.500244 0.578125
vt 0.492428 0.585938
vt 0.500244 0.593750
vt 0.500244 0.585938
vt 0.484612 0.593750
vt 0.515877 0.578125
vt 0.508061 0.585938
vt 0.531510 0.593750
vt 0.515877 0.593750
vt 0.547142 0.578125
vt 0.562775 0.593750
vt 0.547142 0.593750
vt 0.594040 0.593750
vt 0.609673 0.578125
vt 0.617489 0.570313
vt 0.625305 0.593750
vt 0.625305 0.578125
vt 0.640938 0.578125
vt 0.656571 0.593750
vt 0.672203 0.578125
vt 0.687836 0.593750
vt 0.703469 0.578125
vt 0.719101 0.593750
vt 0.750366 0.593750
vt 0.765999 0.578125
vt 0.781632 0.593750
vt 0.765999 0.593750
vt 0.797264 0.578125
vt 0.812897 0.593750
vt 0.812897 0.578125
vt 0.828530 0.578125
vt 0.820713 0.570313
vt 0.836346 0.570313
vt 0.828530 0.570313
vt 0.844162 0.593750
vt 0.844162 0.578125
vt 0.859795 0.578125
vt 0.851978 0.570313
vt 0.867611 0.570313
vt 0.859795 0.570313
vt 0.855887 0.566406
vt 0.875427 0.593750
vt 0.875427 0.578125
vt 0.891060 0.578125
vt 0.906693 0.593750
vt 0.906693 0.578125
vt 0.922325 0.578125
vt 0.937958 0.593750
vt 0.937958 0.578125
vt 0.953591 0.578125
vt 0.945774 0.585938
vt 0.969223 0.593750
vt 0.953591 0.593750
vt 1.000000 0.593750
vt 0.000000 0.625000
vt 0.031265 0.625000
vt 0.062531 0.625000
vt 0.093796 0.625000
vt 0.125061 0.625000
vt 0.156326 0.625000
vt 0.187592 0.625000
vt 0.218857 0.625000
vt 0.250122 0.625000
vt 0.281387 0.625000
vt 0.312653 0.625000
vt 0.343918 0.625000
vt 0.375183 0.625000
vt 0.406448 0.625000
vt 0.437714 0.625000
vt 0.453346 0.609375
vt 0.468979 0.625000
vt 0.468979 0.609375
vt 0.484612 0.609375
vt 0.500244 0.625000
vt 0.515877 0.609375
vt 0.531510 0.625000
vt 0.531510 0.609375
vt 0.547142 0.609375
vt 0.539326 0.601562
vt 0.554958 0.601562
vt 0.547142 0.601562
vt 0.562775 0.625000
vt 0.562775 0.609375
vt 0.578407 0.609375
vt 0.594040 0.625000
vt 0.625305 0.625000
vt 0.656571 0.625000
vt 0.687836 0.625000
vt 0.719101 0.625000
vt 0.734734 0.609375
vt 0.750366 0.625000
vt 0.750366 0.609375
vt 0.765999 0.609375
vt 0.758183 0.617188
vt 0.773815 0.601562
vt 0.773815 0.617188
vt 0.781632 0.609375
vt 0.773815 0.609375
vt 0.769907 0.613281
vt 0.781632 0.625000
vt 0.765999 0.625000
vt 0.765999 0.617188
vt 0.797264 0.609375
vt 0.812897 0.625000
vt 0.844162 0.625000
vt 0.875427 0.625000
vt 0.906693 0.625000
vt 0.937958 0.625000
vt 0.953591 0.609375
vt 0.969223 0.625000
vt 1.000000 0.625000
vt 0.000000 0.656250
vt 0.031265 0.656250
vt 0.046898 0.640625
vt 0.062531 0.656250
vt 0.062531 0.640625
vt 0.078163 0.640625
vt 0.093796 0.656250
vt 0.125061 0.656250
vt 0.140694 0.640625
vt 0.156326 0.656250
vt 0.140694 0.656250
vt 0.187592 0.656250
vt 0.218857 0.656250
vt 0.250122 0.656250
vt 0.281387 0.656250
vt 0.312653 0.656250
vt 0.343918 0.656250
vt 0.375183 0.656250
vt 0.406448 0.656250
vt 0.437714 0.656250
vt 0.468979 0.656250
vt 0.500244 0.656250
vt 0.531510 0.656250
vt 0.562775 0.656250
vt 0.594040 0.656250
vt 0.625305 0.656250
vt 0.656571 0.656250
vt 0.687836 0.656250
vt 0.719101 0.656250
vt 0.750366 0.656250
vt 0.765999 0.640625
vt 0.781632 0.656250
vt 0.797264 0.640625
vt 0.812897 0.656250
vt 0.797264 0.656250
vt 0.828530 0.640625
vt 0.844162 0.656250
vt 0.828530 0.656250
vt 0.875427 0.656250
vt 0.906693 0.656250
vt 0.937958 0.656250
vt 0.969223 0.656250
vt 1.000000 0.656250
vt 0.000000 0.687500
vt 0.031265 0.687500
vt 0.062531 0.687500
vt 0.093796 0.687500
vt 0.125061 0.687500
vt 0.140694 0.671875
vt 0.156326 0.687500
vt 0.187592 0.687500
vt 0.218857 0.687500
vt 0.250122 0.687500
vt 0.281387 0.687500
vt 0.312653 0.687500
vt 0.343918 0.687500
vt 0.375183 0.687500
vt 0.406448 0.687500
vt 0.437714 0.687500
vt 0.468979 0.687500
vt 0.500244 0.687500
vt 0.515877 0.671875
vt 0.531510 0.687500
vt 0.562775 0.687500
vt 0.594040 0.687500
vt 0.625305 0.687500
vt 0.640938 0.671875
vt 0.656571 0.687500
vt 0.640938 0.687500
vt 0.687836 0.687500
vt 0.703469 0.671875
vt 0.719101 0.687500
vt 0.703469 0.687500
vt 0.750366 0.687500
vt 0.781632 0.687500
vt 0.797264 0.671875
vt 0.805081 0.664063
vt 0.812897 0.687500
vt 0.812897 0.671875
vt 0.812897 0.664063
vt 0.828530 0.671875
vt 0.820713 0.664063
vt 0.844162 0.671875
vt 0.836346 0.679687
vt 0.844162 0.679687
vt 0.840254 0.683594
vt 0.844162 0.687500
vt 0.844162 0.683594
vt 0.828530 0.687500
vt 0.836346 0.687500
vt 0.859795 0.671875
vt 0.851978 0.679687
vt 0.848070 0.683594
vt 0.875427 0.687500
vt 0.875427 0.671875
vt 0.859795 0.687500
vt 0.851978 0.687500
vt 0.891060 0.671875
vt 0.883244 0.679687
vt 0.906693 0.671875
vt 0.898876 0.679687
vt 0.906693 0.687500
vt 0.891060 0.687500
vt 0.891060 0.679687
vt 0.922325 0.671875
vt 0.937958 0.687500
vt 0.937958 0.671875
vt 0.953591 0.671875
vt 0.945774 0.679687
vt 0.969223 0.687500
vt 0.953591 0.687500
vt 0.984612 0.671875
vt 1.000000 0.687500
vt 0.984612 0.687500
vt 0.000000 0.718750
vt 0.031265 0.718750
vt 0.062531 0.718750
vt 0.093796 0.718750
vt 0.125061 0.718750
vt 0.156326 0.718750
vt 0.187592 0.718750
vt 0.218857 0.718750
vt 0.250122 0.718750
vt 0.281387 0.718750
vt 0.297020 0.703125
vt 0.312653 0.718750
vt 0.343918 0.718750
vt 0.375183 0.718750
vt 0.406448 0.718750
vt 0.437714 0.718750
vt 0.468979 0.718750
vt 0.500244 0.718750
vt 0.531510 0.718750
vt 0.547142 0.703125
vt 0.562775 0.718750
vt 0.562775 0.703125
vt 0.578407 0.703125
vt 0.570591 0.710938
vt 0.594040 0.703125
vt 0.586224 0.710938
vt 0.594040 0.718750
vt 0.578407 0.718750
vt 0.578407 0.710938
vt 0.609673 0.703125
vt 0.625305 0.718750
vt 0.625305 0.703125
vt 0.640938 0.703125
vt 0.633122 0.695313
vt 0.656571 0.718750
vt 0.672203 0.703125
vt 0.687836 0.718750
vt 0.687836 0.703125
vt 0.695652 0.695313
vt 0.695652 0.703125
vt 0.703469 0.703125
vt 0.695652 0.710938
vt 0.719101 0.703125
vt 0.711285 0.710938
vt 0.719101 0.718750
vt 0.703469 0.718750
vt 0.703469 0.710938
vt 0.734734 0.703125
vt 0.726917 0.710938
vt 0.750366 0.718750
vt 0.734734 0.718750
vt 0.726917 0.718750
vt 0.765999 0.703125
vt 0.781632 0.703125
vt 0.773815 0.710938
vt 0.781632 0.718750
vt 0.765999 0.718750
vt 0.773815 0.718750
vt 0.797264 0.703125
vt 0.812897 0.718750
vt 0.828530 0.703125
vt 0.836346 0.695313
vt 0.844162 0.718750
vt 0.844162 0.703125
vt 0.859795 0.703125
vt 0.851978 0.695313
vt 0.875427 0.718750
vt 0.891060 0.703125
vt 0.906693 0.718750
vt 0.937958 0.718750
vt 0.953591 0.703125
vt 0.969223 0.718750
vt 0.969223 0.703125
vt 0.984612 0.703125
vt 1.000000 0.718750
vt 0.000000 0.750000
vt 0.031265 0.750000
vt 0.062531 0.750000
vt 0.093796 0.750000
vt 0.125061 0.750000
vt 0.156326 0.750000
vt 0.187592 0.750000
vt 0.218857 0.750000
vt 0.250122 0.750000
vt 0.281387 0.750000
vt 0.312653 0.750000
vt 0.328285 0.734375
vt 0.343918 0.750000
vt 0.343918 0.734375
vt 0.359551 0.734375
vt 0.375183 0.750000
vt 0.375183 0.734375
vt 0.390816 0.734375
vt 0.383000 0.742188
vt 0.406448 0.750000
vt 0.390816 0.750000
vt 0.437714 0.750000
vt 0.468979 0.750000
vt 0.500244 0.750000
vt 0.531510 0.750000
vt 0.562775 0.750000
vt 0.578407 0.734375
vt 0.594040 0.750000
vt 0.625305 0.750000
vt 0.656571 0.750000
vt 0.687836 0.750000
vt 0.703469 0.734375
vt 0.711285 0.726562
vt 0.719101 0.750000
vt 0.719101 0.734375
vt 0.719101 0.726562
vt 0.734734 0.734375
vt 0.726917 0.726562
vt 0.723009 0.722656
vt 0.726917 0.742188
vt 0.742550 0.726562
vt 0.742550 0.742188
vt 0.750366 0.734375
vt 0.742550 0.734375
vt 0.738642 0.738281
vt 0.750366 0.750000
vt 0.750366 0.726562
vt 0.746458 0.730469
vt 0.734734 0.750000
vt 0.734734 0.742188
vt 0.765999 0.734375
vt 0.758183 0.726562
vt 0.765999 0.726562
vt 0.773815 0.726562
vt 0.769907 0.722656
vt 0.781632 0.750000
vt 0.781632 0.734375
vt 0.797264 0.734375
vt 0.812897 0.750000
vt 0.828530 0.734375
vt 0.844162 0.750000
vt 0.828530 0.750000
vt 0.859795 0.734375
vt 0.875427 0.750000
vt 0.859795 0.750000
vt 0.906693 0.750000
vt 0.937958 0.750000
vt 0.969223 0.750000
vt 1.000000 0.750000
vt 0.000000 0.781250
vt 0.031265 0.781250
vt 0.062531 0.781250
vt 0.078163 0.765625
vt 0.093796 0.781250
vt 0.125061 0.781250
vt 0.156326 0.781250
vt 0.187592 0.781250
vt 0.218857 0.781250
vt 0.234490 0.765625
vt 0.250122 0.781250
vt 0.234490 0.781250
vt 0.265755 0.765625
vt 0.281387 0.781250
vt 0.265755 0.781250
vt 0.297020 0.765625
vt 0.312653 0.781250
vt 0.328285 0.765625
vt 0.343918 0.781250
vt 0.328285 0.781250
vt 0.359551 0.765625
vt 0.375183 0.781250
vt 0.375183 0.765625
vt 0.390816 0.765625
vt 0.383000 0.757813
vt 0.406448 0.781250
vt 0.437714 0.781250
vt 0.468979 0.781250
vt 0.500244 0.781250
vt 0.531510 0.781250
vt 0.562775 0.781250
vt 0.594040 0.781250
vt 0.609673 0.765625
vt 0.625305 0.781250
vt 0.609673 0.781250
vt 0.656571 0.781250
vt 0.672203 0.765625
vt 0.687836 0.765625
vt 0.680019 0.773438
vt 0.687836 0.781250
vt 0.672203 0.781250
vt 0.680019 0.781250
vt 0.703469 0.765625
vt 0.719101 0.781250
vt 0.703469 0.781250
vt 0.734734 0.765625
vt 0.750366 0.781250
vt 0.750366 0.765625
vt 0.765999 0.765625
vt 0.758183 0.773438
vt 0.781632 0.765625
vt 0.773815 0.773438
vt 0.781632 0.781250
vt 0.765999 0.781250
vt 0.765999 0.773438
vt 0.773815 0.781250
vt 0.769907 0.777344
vt 0.797264 0.765625
vt 0.812897 0.781250
vt 0.812897 0.765625
vt 0.828530 0.765625
vt 0.836346 0.757813
vt 0.836346 0.765625
vt 0.836346 0.773438
vt 0.840254 0.769531
vt 0.844162 0.765625
vt 0.840254 0.765625
vt 0.844162 0.781250
vt 0.844162 0.773438
vt 0.844162 0.757813
vt 0.840254 0.761719
vt 0.828530 0.781250
vt 0.859795 0.765625
vt 0.851978 0.757813
vt 0.851978 0.773438
vt 0.875427 0.781250
vt 0.859795 0.781250
vt 0.906693 0.781250
vt 0.937958 0.781250
vt 0.969223 0.781250
vt 1.000000 0.781250
vt 0.000000 0.812500
vt 0.031265 0.812500
vt 0.062531 0.812500
vt 0.093796 0.812500
vt 0.125061 0.812500
vt 0.156326 0.812500
vt 0.187592 0.812500
vt 0.218857 0.812500
vt 0.234490 0.796875
vt 0.242306 0.789063
vt 0.250122 0.812500
vt 0.250122 0.796875
vt 0.250122 0.789063
vt 0.265755 0.796875
vt 0.257938 0.789063
vt 0.281387 0.796875
vt 0.273571 0.804687
vt 0.281387 0.812500
vt 0.281387 0.804687
vt 0.265755 0.812500
vt 0.297020 0.796875
vt 0.289204 0.804687
vt 0.312653 0.812500
vt 0.312653 0.796875
vt 0.297020 0.812500
vt 0.289204 0.812500
vt 0.320469 0.789063
vt 0.320469 0.796875
vt 0.328285 0.796875
vt 0.320469 0.804687
vt 0.343918 0.812500
vt 0.328285 0.812500
vt 0.375183 0.812500
vt 0.406448 0.812500
vt 0.422081 0.796875
vt 0.437714 0.812500
vt 0.422081 0.812500
vt 0.468979 0.812500
vt 0.500244 0.812500
vt 0.531510 0.812500
vt 0.562775 0.812500
vt 0.578407 0.796875
vt 0.594040 0.812500
vt 0.594040 0.796875
vt 0.578407 0.812500
vt 0.609673 0.796875
vt 0.601856 0.789063
vt 0.625305 0.812500
vt 0.609673 0.812500
vt 0.640938 0.796875
vt 0.656571 0.812500
vt 0.656571 0.796875
vt 0.640938 0.812500
vt 0.672203 0.796875
vt 0.664387 0.804687
vt 0.680019 0.789063
vt 0.687836 0.812500
vt 0.687836 0.796875
vt 0.672203 0.812500
vt 0.664387 0.812500
vt 0.703469 0.796875
vt 0.695652 0.789063
vt 0.711285 0.789063
vt 0.703469 0.789063
vt 0.719101 0.812500
vt 0.719101 0.796875
vt 0.734734 0.796875
vt 0.726917 0.804687
vt 0.750366 0.796875
vt 0.742550 0.804687
vt 0.750366 0.812500
vt 0.734734 0.812500
vt 0.734734 0.804687
vt 0.765999 0.796875
vt 0.773815 0.789063
vt 0.781632 0.812500
vt 0.781632 0.796875
vt 0.797264 0.796875
vt 0.812897 0.812500
vt 0.828530 0.796875
vt 0.844162 0.812500
vt 0.844162 0.796875
vt 0.859795 0.796875
vt 0.851978 0.789063
vt 0.875427 0.812500
vt 0.906693 0.812500
vt 0.937958 0.812500
vt 0.969223 0.812500
vt 1.000000 0.812500
vt 0.000000 0.843750
vt 0.031265 0.843750
vt 0.062531 0.843750
vt 0.093796 0.843750
vt 0.125061 0.843750
vt 0.156326 0.843750
vt 0.187592 0.843750
vt 0.218857 0.843750
vt 0.250122 0.843750
vt 0.265755 0.828125
vt 0.281387 0.843750
vt 0.281387 0.828125
vt 0.297020 0.828125
vt 0.289204 0.820313
vt 0.304836 0.820313
vt 0.312653 0.843750
vt 0.312653 0.828125
vt 0.328285 0.828125
vt 0.336102 0.820313
vt 0.343918 0.843750
vt 0.343918 0.828125
vt 0.359551 0.828125
vt 0.351734 0.835938
vt 0.375183 0.843750
vt 0.359551 0.843750
vt 0.390816 0.828125
vt 0.406448 0.843750
vt 0.406448 0.828125
vt 0.390816 0.843750
vt 0.422081 0.828125
vt 0.414265 0.820313
vt 0.429897 0.820313
vt 0.422081 0.820313
vt 0.437714 0.843750
vt 0.437714 0.828125
vt 0.453346 0.828125
vt 0.468979 0.843750
vt 0.500244 0.843750
vt 0.531510 0.843750
vt 0.562775 0.843750
vt 0.578407 0.828125
vt 0.586224 0.820313
vt 0.594040 0.828125
vt 0.586224 0.835938
vt 0.594040 0.843750
vt 0.594040 0.835938
vt 0.594040 0.820313
vt 0.578407 0.843750
vt 0.601856 0.828125
vt 0.601856 0.820313
vt 0.597948 0.824219
vt 0.597948 0.828125
vt 0.609673 0.828125
vt 0.601856 0.835938
vt 0.597948 0.832031
vt 0.625305 0.843750
vt 0.609673 0.843750
vt 0.640938 0.828125
vt 0.656571 0.843750
vt 0.656571 0.828125
vt 0.672203 0.828125
vt 0.664387 0.820313
vt 0.687836 0.843750
vt 0.719101 0.843750
vt 0.734734 0.828125
vt 0.750366 0.843750
vt 0.781632 0.843750
vt 0.812897 0.843750
vt 0.844162 0.843750
vt 0.875427 0.843750
vt 0.891060 0.828125
vt 0.906693 0.843750
vt 0.906693 0.828125
vt 0.922325 0.828125
vt 0.914509 0.835938
vt 0.937958 0.843750
vt 0.922325 0.843750
vt 0.969223 0.843750
vt 1.000000 0.843750
vt 0.000000 0.875000
vt 0.031265 0.875000
vt 0.062531 0.875000
vt 0.093796 0.875000
vt 0.125061 0.875000
vt 0.156326 0.875000
vt 0.171959 0.859375
vt 0.187592 0.875000
vt 0.187592 0.859375
vt 0.171959 0.875000
vt 0.203224 0.859375
vt 0.218857 0.875000
vt 0.250122 0.875000
vt 0.265755 0.859375
vt 0.281387 0.875000
vt 0.265755 0.875000
vt 0.312653 0.875000
vt 0.343918 0.875000
vt 0.359551 0.859375
vt 0.367367 0.851562
vt 0.375183 0.875000
vt 0.375183 0.859375
vt 0.390816 0.859375
vt 0.383000 0.867188
vt 0.398632 0.851562
vt 0.402540 0.863281
vt 0.398632 0.859375
vt 0.398632 0.863281
vt 0.398632 0.867188
vt 0.406448 0.859375
vt 0.394724 0.863281
vt 0.406448 0.875000
vt 0.406448 0.867188
vt 0.390816 0.875000
vt 0.390816 0.867188
vt 0.422081 0.859375
vt 0.414265 0.867188
vt 0.437714 0.875000
vt 0.422081 0.875000
vt 0.468979 0.875000
vt 0.500244 0.875000
vt 0.531510 0.875000
vt 0.562775 0.875000
vt 0.578407 0.859375
vt 0.586224 0.851562
vt 0.586224 0.867188
vt 0.594040 0.859375
vt 0.586224 0.859375
vt 0.594040 0.875000
vt 0.578407 0.875000
vt 0.609673 0.859375
vt 0.625305 0.875000
vt 0.656571 0.875000
vt 0.687836 0.875000
vt 0.703469 0.859375
vt 0.719101 0.875000
vt 0.703469 0.875000
vt 0.734734 0.859375
vt 0.750366 0.875000
vt 0.734734 0.875000
vt 0.765999 0.859375
vt 0.781632 0.875000
vt 0.765999 0.875000
vt 0.797264 0.859375
vt 0.812897 0.875000
vt 0.797264 0.875000
vt 0.844162 0.875000
vt 0.859795 0.859375
vt 0.875427 0.875000
vt 0.859795 0.875000
vt 0.891060 0.859375
vt 0.906693 0.859375
vt 0.898876 0.867188
vt 0.906693 0.875000
vt 0.906693 0.867188
vt 0.891060 0.875000
vt 0.922325 0.859375
vt 0.914509 0.867188
vt 0.910601 0.871094
vt 0.937958 0.875000
vt 0.922325 0.875000
vt 0.914509 0.875000
vt 0.969223 0.875000
vt 1.000000 0.875000
vt 0.000000 0.906250
vt 0.031265 0.906250
vt 0.062531 0.906250
vt 0.093796 0.906250
vt 0.125061 0.906250
vt 0.156326 0.906250
vt 0.171959 0.890625
vt 0.179775 0.882813
vt 0.187592 0.906250
vt 0.187592 0.890625
vt 0.203224 0.890625
vt 0.218857 0.906250
vt 0.218857 0.890625
vt 0.234490 0.890625
vt 0.250122 0.890625
vt 0.242306 0.898438
vt 0.250122 0.906250
vt 0.250122 0.898438
vt 0.234490 0.906250
vt 0.265755 0.890625
vt 0.257938 0.882813
vt 0.257938 0.898438
vt 0.281387 0.890625
vt 0.273571 0.898438
vt 0.281387 0.906250
vt 0.265755 0.906250
vt 0.297020 0.890625
vt 0.312653 0.890625
vt 0.304836 0.898438
vt 0.312653 0.906250
vt 0.297020 0.906250
vt 0.304836 0.906250
vt 0.328285 0.890625
vt 0.343918 0.906250
vt 0.375183 0.906250
vt 0.390816 0.890625
vt 0.406448 0.906250
vt 0.422081 0.890625
vt 0.437714 0.906250
vt 0.422081 0.906250
vt 0.468979 0.906250
vt 0.500244 0.906250
vt 0.531510 0.906250
vt 0.562775 0.906250
vt 0.578407 0.890625
vt 0.586224 0.882813
vt 0.594040 0.906250
vt 0.594040 0.890625
vt 0.609673 0.890625
vt 0.625305 0.890625
vt 0.617489 0.898438
vt 0.625305 0.906250
vt 0.625305 0.898438
vt 0.609673 0.906250
vt 0.640938 0.890625
vt 0.633122 0.898438
vt 0.656571 0.890625
vt 0.648754 0.898438
vt 0.656571 0.906250
vt 0.640938 0.906250
vt 0.640938 0.898438
vt 0.672203 0.890625
vt 0.664387 0.898438
vt 0.687836 0.890625
vt 0.680019 0.898438
vt 0.687836 0.906250
vt 0.672203 0.906250
vt 0.672203 0.898438
vt 0.703469 0.890625
vt 0.695652 0.898438
vt 0.711285 0.882813
vt 0.719101 0.906250
vt 0.719101 0.890625
vt 0.719101 0.882813
vt 0.703469 0.906250
vt 0.734734 0.890625
vt 0.726917 0.882813
vt 0.742550 0.882813
vt 0.750366 0.906250
vt 0.750366 0.890625
vt 0.765999 0.890625
vt 0.758183 0.882813
vt 0.773815 0.882813
vt 0.765999 0.882813
vt 0.781632 0.906250
vt 0.781632 0.890625
vt 0.789448 0.882813
vt 0.789448 0.890625
vt 0.797264 0.890625
vt 0.789448 0.898438
vt 0.812897 0.890625
vt 0.805081 0.898438
vt 0.812897 0.906250
vt 0.797264 0.906250
vt 0.828530 0.890625
vt 0.844162 0.906250
vt 0.859795 0.890625
vt 0.867611 0.882813
vt 0.875427 0.906250
vt 0.875427 0.890625
vt 0.875427 0.882813
vt 0.891060 0.890625
vt 0.883244 0.882813
vt 0.898876 0.882813
vt 0.906693 0.906250
vt 0.906693 0.890625
vt 0.922325 0.890625
vt 0.914509 0.882813
vt 0.937958 0.906250
vt 0.953591 0.890625
vt 0.969223 0.906250
vt 1.000000 0.906250
vt 0.000000 0.937500
vt 0.031265 0.937500
vt 0.062531 0.937500
vt 0.093796 0.937500
vt 0.125061 0.937500
vt 0.140694 0.921875
vt 0.156326 0.921875
vt 0.148510 0.929687
vt 0.156326 0.937500
vt 0.140694 0.937500
vt 0.171959 0.921875
vt 0.187592 0.937500
vt 0.218857 0.937500
vt 0.234490 0.921875
vt 0.250122 0.937500
vt 0.265755 0.921875
vt 0.273571 0.914063
vt 0.281387 0.937500
vt 0.281387 0.921875
vt 0.297020 0.921875
vt 0.304836 0.914063
vt 0.312653 0.937500
vt 0.312653 0.921875
vt 0.328285 0.921875
vt 0.343918 0.937500
vt 0.328285 0.937500
vt 0.359551 0.921875
vt 0.375183 0.937500
vt 0.359551 0.937500
vt 0.390816 0.921875
vt 0.406448 0.921875
vt 0.398632 0.929687
vt 0.406448 0.937500
vt 0.390816 0.937500
vt 0.422081 0.921875
vt 0.414265 0.914063
vt 0.437714 0.937500
vt 0.468979 0.937500
vt 0.500244 0.937500
vt 0.531510 0.937500
vt 0.562775 0.937500
vt 0.594040 0.937500
vt 0.609673 0.921875
vt 0.625305 0.937500
vt 0.640938 0.921875
vt 0.656571 0.937500
vt 0.672203 0.921875
vt 0.687836 0.937500
vt 0.703469 0.921875
vt 0.719101 0.937500
vt 0.750366 0.937500
vt 0.781632 0.937500
vt 0.797264 0.921875
vt 0.812897 0.937500
vt 0.844162 0.937500
vt 0.875427 0.937500
vt 0.906693 0.937500
vt 0.937958 0.937500
vt 0.953591 0.921875
vt 0.969223 0.937500
vt 0.969223 0.921875
vt 0.984612 0.921875
vt 1.000000 0.937500
vt 0.000000 0.968750
vt 0.031265 0.968750
vt 0.062531 0.968750
vt 0.093796 0.968750
vt 0.125061 0.968750
vt 0.140694 0.953125
vt 0.156326 0.968750
vt 0.187592 0.968750
vt 0.218857 0.968750
vt 0.250122 0.968750
vt 0.281387 0.968750
vt 0.297020 0.953125
vt 0.312653 0.968750
vt 0.328285 0.953125
vt 0.336102 0.945313
vt 0.343918 0.968750
vt 0.343918 0.953125
vt 0.359551 0.953125
vt 0.367367 0.945313
vt 0.375183 0.968750
vt 0.375183 0.953125
vt 0.390816 0.953125
vt 0.383000 0.945313
vt 0.406448 0.968750
vt 0.437714 0.968750
vt 0.468979 0.968750
vt 0.500244 0.968750
vt 0.531510 0.968750
vt 0.562775 0.968750
vt 0.594040 0.968750
vt 0.625305 0.968750
vt 0.656571 0.968750
vt 0.687836 0.968750
vt 0.719101 0.968750
vt 0.750366 0.968750
vt 0.781632 0.968750
vt 0.812897 0.968750
vt 0.844162 0.968750
vt 0.875427 0.968750
vt 0.906693 0.968750
vt 0.937958 0.968750
vt 0.953591 0.953125
vt 0.969223 0.953125
vt 0.961407 0.960938
vt 0.969223 0.968750
vt 0.953591 0.968750
vt 0.984612 0.953125
vt 1.000000 0.968750
vt 0.000000 1.000000
vt 0.015633 0.984375
vt 0.031265 1.000000
vt 0.031265 0.984375
vt 0.015633 1.000000
vt 0.046898 0.984375
vt 0.062531 1.000000
vt 0.046898 1.000000
vt 0.093796 1.000000
vt 0.125061 1.000000
vt 0.156326 1.000000
vt 0.187592 1.000000
vt 0.218857 1.000000
vt 0.250122 1.000000
vt 0.281387 1.000000
vt 0.312653 1.000000
vt 0.343918 1.000000
vt 0.375183 1.000000
vt 0.406448 1.000000
vt 0.437714 1.000000
vt 0.468979 1.000000
vt 0.500244 1.000000
vt 0.531510 1.000000
vt 0.562775 1.000000
vt 0.594040 1.000000
vt 0.625305 1.000000
vt 0.656571 1.000000
vt 0.687836 1.000000
vt 0.719101 1.000000
vt 0.750366 1.000000
vt 0.781632 1.000000
vt 0.812897 1.000000
vt 0.844162 1.000000
vt 0.875427 1.000000
vt 0.906693 1.000000
vt 0.937958 1.000000
vt 0.953591 0.984375
vt 0.969223 1.000000
vt 1.000000 1.000000
g terrain_g
usemtl terrain_mtl
f 40/40/40 1/1/1 2/2/2
f 2/2/2 41/41/41 40/40/40
f 41/41/41 2/2/2 3/3/3
f 3/3/3 42/42/42 41/41/41
f 42/42/42 3/3/3 4/4/4
f 4/4/4 43/43/43 42/42/42
f 4/4/4 44/44/44 43/43/43
f 44/44/44 6/6/6 5/5/5
f 4/4/4 6/6/6 44/44/44
f 45/45/45 44/44/44 5/5/5
f 43/43/43 44/44/44 45/45/45
f 45/45/45 5/5/5 7/7/7
f 7/7/7 46/46/46 45/45/45
f 46/46/46 7/7/7 8/8/8
f 8/8/8 47/47/47 46/46/46
f 8/8/8 48/48/48 47/47/47
f 48/48/48 10/10/10 9/9/9
f 8/8/8 10/10/10 48/48/48
f 49/49/49 48/48/48 9/9/9
f 47/47/47 48/48/48 49/49/49
f 9/9/9 50/50/50 49/49/49
f 50/50/50 12/12/12 11/11/11
f 9/9/9 12/12/12 50/50/50
f 51/51/51 50/50/50 11/11/11
f 49/49/49 50/50/50 51/51/51
f 11/11/11 52/52/52 51/51/51
f 52/52/52 14/14/14 13/13/13
f 11/11/11 14/14/14 52/52/52
f 53/53/53 52/52/52 13/13/13
f 51/51/51 52/52/52 53/53/53
f 13/13/13 54/54/54 53/53/53
f 54/54/54 16/16/16 15/15/15
f 13/13/13 16/16/16 54/54/54
f 55/55/55 54/54/54 15/15/15
f 53/53/53 54/54/54 55/55/55
f 55/55/55 15/15/15 17/17/17
f 17/17/17 56/56/56 55/55/55
f 56/56/56 17/17/17 18/18/18
f 18/18/18 57/57/57 56/56/56
f 18/18/18 58/58/58 57/57/57
f 58/58/58 20/20/20 19/19/19
f 18/18/18 20/20/20 58/58/58
f 59/59/59 58/58/58 19/19/19
f 57/57/57 58/58/58 59/59/59
f 59/59/59 19/19/19 21/21/21
f 21/21/21 60/60/60 59/59/59
f 60/60/60 21/21/21 22/22/22
f 22/22/22 61/61/61 60/60/60
f 61/61/61 22/22/22 23/23/23
f 23/23/23 62/62/62 61/61/61
f 62/62/62 23/23/23 24/24/24
f 24/24/24 63/63/63 62/62/62
f 63/63/63 24/24/24 25/25/25
f 25/25/25 64/64/64 63/63/63
f 64/64/64 25/25/25 26/26/26
f 26/26/26 65/65/65 64/64/64
f 65/65/65 26/26/26 27/27/27
f 27/27/27 66/66/66 65/65/65
f 66/66/66 27/27/27 28/28/28
f 28/28/28 67/67/67 66/66/66
f 28/28/28 68/68/68 67/67/67
f 29/29/29 68/68/68 28/28/28
f 68/68/68 70/70/70 69/69/69
f 29/29/29 70/70/70 68/68/68
f 67/67/67 68/68/68 69/69/69
f 71/71/71 70/70/70 29/29/29
f 69/69/69 70/70/70 71/71/71
f 30/30/30 71/71/71 29/29/29
f 72/72/72 71/71/71 30/30/30
f 69/69/69 71/71/71 72/72/72
f 72/72/72 30/30/30 31/31/31
f 31/31/31 73/73/73 72/72/72
f 73/73/73 31/31/31 32/32/32
f 32/32/32 74/74/74 73/73/73
f 74/74/74 32/32/32 33/33/33
f 33/33/33 75/75/75 74/74/74
f 75/75/75 33/33/33 34/34/34
f 34/34/34 76/76/76 75/75/75
f 76/76/76 34/34/34 35/35/35
f 35/35/35 77/77/77 76/76/76
f 35/35/35 78/78/78 77/77/77
f 36/36/36 78/78/78 35/35/35
f 79/79/79 78/78/78 36/36/36
f 78/78/78 80/80/80 77/77/77
f 79/79/79 80/80/80 78/78/78
f 79/79/79 36/36/36 37/37/37
f 37/37/37 81/81/81 79/79/79
f 81/81/81 37/37/37 38/38/38
f 38/38/38 82/82/82 81/81/81
f 82/82/82 38/38/38 39/39/39
f 39/39/39 83/83/83 82/82/82
f 84/84/84 40/40/40 41/41/41
f 41/41/41 85/85/85 84/84/84
f 85/85/85 41/41/41 42/42/42
f 42/42/42 86/86/86 85/85/85
f 42/42/42 87/87/87 86/86/86
f 43/43/43 87/87/87 42/42/42
f 88/88/88 87/87/87 43/43/43
f 86/86/86 87/87/87 88/88/88
f 88/88/88 43/43/43 45/45/45
f 45/45/45 89/89/89 88/88/88
f 45/45/45 90/90/90 89/89/89
f 46/46/46 90/90/90 45/45/45
f 91/91/91 90/90/90 46/46/46
f 89/89/89 90/90/90 91/91/91
f 46/46/46 92/92/92 91/91/91
f 47/47/47 92/92/92 46/46/46
f 93/93/93 92/92/92 47/47/47
f 91/91/91 92/92/92 93/93/93
f 47/47/47 94/94/94 93/93/93
f 49/49/49 94/94/94 47/47/47
f 94/94/94 96/96/96 95/95/95
f 49/49/49 96/96/96 94/94/94
f 93/93/93 94/94/94 95/95/95
f 97/97/97 96/96/96 49/49/49
f 95/95/95 96/96/96 97/97/97
f 51/51/51 97/97/97 49/49/49
f 98/98/98 97/97/97 51/51/51
f 95/95/95 97/97/97 98/98/98
f 51/51/51 99/99/99 98/98/98
f 53/53/53 99/99/99 51/51/51
f 100/100/100 99/99/99 53/53/53
f 98/98/98 99/99/99 100/100/100
f 100/100/100 53/53/53 55/55/55
f 55/55/55 101/101/101 100/100/100
f 101/101/101 55/55/55 56/56/56
f 56/56/56 102/102/102 101/101/101
f 102/102/102 56/56/56 57/57/57
f 57/57/57 103/103/103 102/102/102
f 103/103/103 57/57/57 59/59/59
f 59/59/59 104/104/104 103/103/103
f 104/104/104 59/59/59 60/60/60
f 60/60/60 105/105/105 104/104/104
f 105/105/105 60/60/60 61/61/61
f 61/61/61 106/106/106 105/105/105
f 106/106/106 61/61/61 62/62/62
f 62/62/62 107/107/107 106/106/106
f 107/107/107 62/62/62 63/63/63
f 63/63/63 108/108/108 107/107/107
f 108/108/108 63/63/63 64/64/64
f 64/64/64 109/109/109 108/108/108
f 109/109/109 64/64/64 65/65/65
f 65/65/65 110/110/110 109/109/109
f 110/110/110 65/65/65 66/66/66
f 66/66/66 111/111/111 110/110/110
f 111/111/111 66/66/66 67/67/67
f 67/67/67 112/112/112 111/111/111
f 112/112/112 67/67/67 69/69/69
f 69/69/69 113/113/113 112/112/112
f 113/113/113 69/69/69 72/72/72
f 72/72/72 114/114/114 113/113/113
f 114/114/114 72/72/72 73/73/73
f 73/73/73 115/115/115 114/114/114
f 115/115/115 73/73/73 74/74/74
f 74/74/74 116/116/116 115/115/115
f 116/116/116 74/74/74 75/75/75
f 75/75/75 117/117/117 116/116/116
f 117/117/117 75/75/75 76/76/76
f 76/76/76 118/118/118 117/117/117
f 76/76/76 119/119/119 118/118/118
f 77/77/77 119/119/119 76/76/76
f 119/119/119 121/121/121 120/120/120
f 77/77/77 121/121/121 119/119/119
f 118/118/118 119/119/119 120/120/120
f 121/121/121 123/123/123 122/122/122
f 77/77/77 123/123/123 121/121/121
f 120/120/120 121/121/121 122/122/122
f 122/122/122 80/80/80 79/79/79
f 80/80/80 123/123/123 77/77/77
f 122/122/122 123/123/123 80/80/80
f 122/122/122 125/125/125 124/124/124
f 79/79/79 125/125/125 122/122/122
f 122/122/122 126/126/126 120/120/120
f 124/124/124 126/126/126 122/122/122
f 127/127/127 125/125/125 79/79/79
f 125/125/125 128/128/128 124/124/124
f 127/127/127 128/128/128 125/125/125
f 81/81/81 127/127/127 79/79/79
f 129/129/129 130/130/130 127/127/127
f 130/130/130 132/132/132 131/131/131
f 129/129/129 132/132/132 130/130/130
f 81/81/81 129/129/129 127/127/127
f 128/128/128 134/134/134 133/133/133
f 127/127/127 134/134/134 128/128/128
f 124/124/124 128/128/128 133/133/133
f 133/133/133 130/130/130 131/131/131
f 130/130/130 134/134/134 127/127/127
f 133/133/133 134/134/134 130/130/130
f 135/135/135 129/129/129 81/81/81
f 136/136/136 132/132/132 129/129/129
f 131/131/131 132/132/132 136/136/136
f 135/135/135 136/136/136 129/129/129
f 82/82/82 135/135/135 81/81/81
f 137/137/137 135/135/135 82/82/82
f 138/138/138 136/136/136 135/135/135
f 131/131/131 136/136/136 138/138/138
f 137/137/137 138/138/138 135/135/135
f 137/137/137 82/82/82 83/83/83
f 83/83/83 139/139/139 137/137/137
f 140/140/140 84/84/84 85/85/85
f 85/85/85 141/141/141 140/140/140
f 141/141/141 85/85/85 86/86/86
f 86/86/86 142/142/142 141/141/141
f 86/86/86 143/143/143 142/142/142
f 88/88/88 143/143/143 86/86/86
f 144/144/144 143/143/143 88/88/88
f 142/142/142 143/143/143 144/144/144
f 144/144/144 88/88/88 89/89/89
f 89/89/89 145/145/145 144/144/144
f 145/145/145 89/89/89 91/91/91
f 91/91/91 146/146/146 145/145/145
f 146/146/146 91/91/91 93/93/93
f 93/93/93 147/147/147 146/146/146
f 147/147/147 93/93/93 95/95/95
f 95/95/95 148/148/148 147/147/147
f 148/148/148 95/95/95 98/98/98
f 98/98/98 149/149/149 148/148/148
f 98/98/98 150/150/150 149/149/149
f 100/100/100 150/150/150 98/98/98
f 150/150/150 152/152/152 151/151/151
f 100/100/100 152/152/152 150/150/150
f 149/149/149 150/150/150 151/151/151
f 153/153/153 152/152/152 100/100/100
f 151/151/151 152/152/152 153/153/153
f 101/101/101 153/153/153 100/100/100
f 154/154/154 155/155/155 153/153/153
f 155/155/155 157/157/157 156/156/156
f 154/154/154 157/157/157 155/155/155
f 101/101/101 154/154/154 153/153/153
f 153/153/153 158/158/158 151/151/151
f 158/158/158 155/155/155 156/156/156
f 153/153/153 155/155/155 158/158/158
f 159/159/159 154/154/154 101/101/101
f 160/160/160 157/157/157 154/154/154
f 156/156/156 157/157/157 160/160/160
f 159/159/159 160/160/160 154/154/154
f 102/102/102 159/159/159 101/101/101
f 161/161/161 162/162/162 159/159/159
f 163/163/163 162/162/162 161/161/161
f 102/102/102 161/161/161 159/159/159
f 160/160/160 165/165/165 164/164/164
f 159/159/159 165/165/165 160/160/160
f 156/156/156 160/160/160 164/164/164
f 164/164/164 162/162/162 163/163/163
f 162/162/162 165/165/165 159/159/159
f 164/164/164 165/165/165 162/162/162
f 166/166/166 161/161/161 102/102/102
f 163/163/163 161/161/161 166/166/166
f 103/103/103 166/166/166 102/102/102
f 166/166/166 168/168/168 167/167/167
f 103/103/103 168/168/168 166/166/166
f 163/163/163 166/166/166 167/167/167
f 169/169/169 168/168/168 103/103/103
f 167/167/167 168/168/168 169/169/169
f 104/104/104 169/169/169 103/103/103
f 169/169/169 171/171/171 170/170/170
f 104/104/104 171/171/171 169/169/169
f 167/167/167 169/169/169 170/170/170
f 172/172/172 171/171/171 104/104/104
f 171/171/171 173/173/173 170/170/170
f 172/172/172 173/173/173 171/171/171
f 105/105/105 172/172/172 104/104/104
f 174/174/174 172/172/172 105/105/105
f 175/175/175 173/173/173 172/172/172
f 170/170/170 173/173/173 175/175/175
f 174/174/174 175/175/175 172/172/172
f 174/174/174 105/105/105 106/106/106
f 106/106/106 176/176/176 174/174/174
f 176/176/176 106/106/106 107/107/107
f 107/107/107 177/177/177 176/176/176
f 177/177/177 107/107/107 108/108/108
f 108/108/108 178/178/178 177/177/177
f 178/178/178 108/108/108 109/109/109
f 109/109/109 179/179/179 178/178/178
f 179/179/179 109/109/109 110/110/110
f 110/110/110 180/180/180 179/179/179
f 180/180/180 110/110/110 111/111/111
f 111/111/111 181/181/181 180/180/180
f 181/181/181 111/111/111 112/112/112
f 112/112/112 182/182/182 181/181/181
f 182/182/182 112/112/112 113/113/113
f 113/113/113 183/183/183 182/182/182
f 183/183/183 113/113/113 114/114/114
f 114/114/114 184/184/184 183/183/183
f 184/184/184 114/114/114 115/115/115
f 115/115/115 185/185/185 184/184/184
f 185/185/185 115/115/115 116/116/116
f 116/116/116 186/186/186 185/185/185
f 186/186/186 116/116/116 117/117/117
f 117/117/117 187/187/187 186/186/186
f 187/187/187 117/117/117 118/118/118
f 118/118/118 188/188/188 187/187/187
f 188/188/188 118/118/118 120/120/120
f 120/120/120 189/189/189 188/188/188
f 120/120/120 190/190/190 189/189/189
f 190/190/190 126/126/126 124/124/124
f 120/120/120 126/126/126 190/190/190
f 191/191/191 190/190/190 124/124/124
f 190/190/190 192/192/192 189/189/189
f 191/191/191 192/192/192 190/190/190
f 124/124/124 193/193/193 191/191/191
f 193/193/193 133/133/133 131/131/131
f 124/124/124 133/133/133 193/193/193
f 193/193/193 195/195/195 194/194/194
f 131/131/131 195/195/195 193/193/193
f 191/191/191 193/193/193 194/194/194
f 196/196/196 195/195/195 131/131/131
f 194/194/194 195/195/195 196/196/196
f 196/196/196 138/138/138 137/137/137
f 131/131/131 138/138/138 196/196/196
f 196/196/196 198/198/198 197/197/197
f 137/137/137 198/198/198 196/196/196
f 196/196/196 199/199/199 194/194/194
f 197/197/197 199/199/199 196/196/196
f 200/200/200 198/198/198 137/137/137
f 198/198/198 201/201/201 197/197/197
f 200/200/200 201/201/201 198/198/198
f 139/139/139 200/200/200 137/137/137
f 202/202/202 200/200/200 139/139/139
f 203/203/203 201/201/201 200/200/200
f 197/197/197 201/201/201 203/203/203
f 202/202/202 203/203/203 200/200/200
f 204/204/204 140/140/140 141/141/141
f 141/141/141 205/205/205 204/204/204
f 205/205/205 141/141/141 142/142/142
f 142/142/142 206/206/206 205/205/205
f 142/142/142 207/207/207 206/206/206
f 144/144/144 207/207/207 142/142/142
f 207/207/207 209/209/209 208/208/208
f 144/144/144 209/209/209 207/207/207
f 206/206/206 207/207/207 208/208/208
f 210/210/210 209/209/209 144/144/144
f 209/209/209 211/211/211 208/208/208
f 210/210/210 211/211/211 209/209/209
f 145/145/145 210/210/210 144/144/144
f 212/212/212 210/210/210 145/145/145
f 213/213/213 211/211/211 210/210/210
f 211/211/211 214/214/214 208/208/208
f 213/213/213 214/214/214 211/211/211
f 212/212/212 213/213/213 210/210/210
f 212/212/212 145/145/145 146/146/146
f 146/146/146 215/215/215 212/212/212
f 215/215/215 146/146/146 147/147/147
f 147/147/147 216/216/216 215/215/215
f 216/216/216 147/147/147 148/148/148
f 148/148/148 217/217/217 216/216/216
f 217/217/217 148/148/148 149/149/149
f 149/149/149 218/218/218 217/217/217
f 218/218/218 149/149/149 151/151/151
f 151/151/151 219/219/219 218/218/218
f 151/151/151 220/220/220 219/219/219
f 220/220/220 158/158/158 156/156/156
f 151/151/151 158/158/158 220/220/220
f 221/221/221 220/220/220 156/156/156
f 219/219/219 220/220/220 221/221/221
f 156/156/156 222/222/222 221/221/221
f 222/222/222 164/164/164 163/163/163
f 156/156/156 164/164/164 222/222/222
f 223/223/223 222/222/222 163/163/163
f 221/221/221 222/222/222 223/223/223
f 223/223/223 163/163/163 167/167/167
f 167/167/167 224/224/224 223/223/223
f 224/224/224 167/167/167 170/170/170
f 170/170/170 225/225/225 224/224/224
f 170/170/170 226/226/226 225/225/225
f 175/175/175 227/227/227 226/226/226
f 174/174/174 227/227/227 175/175/175
f 170/170/170 175/175/175 226/226/226
f 226/226/226 229/229/229 228/228/228
f 229/229/229 227/227/227 174/174/174
f 226/226/226 227/227/227 229/229/229
f 225/225/225 226/226/226 228/228/228
f 230/230/230 229/229/229 174/174/174
f 229/229/229 231/231/231 228/228/228
f 230/230/230 231/231/231 229/229/229
f 176/176/176 230/230/230 174/174/174
f 232/232/232 230/230/230 176/176/176
f 233/233/233 231/231/231 230/230/230
f 228/228/228 231/231/231 233/233/233
f 232/232/232 233/233/233 230/230/230
f 232/232/232 176/176/176 177/177/177
f 177/177/177 234/234/234 232/232/232
f 234/234/234 177/177/177 178/178/178
f 178/178/178 235/235/235 234/234/234
f 235/235/235 178/178/178 179/179/179
f 179/179/179 236/236/236 235/235/235
f 236/236/236 179/179/179 180/180/180
f 180/180/180 237/237/237 236/236/236
f 237/237/237 180/180/180 181/181/181
f 181/181/181 238/238/238 237/237/237
f 238/238/238 181/181/181 182/182/182
f 182/182/182 239/239/239 238/238/238
f 239/239/239 182/182/182 183/183/183
f 183/183/183 240/240/240 239/239/239
f 240/240/240 183/183/183 184/184/184
f 184/184/184 241/241/241 240/240/240
f 184/184/184 242/242/242 241/241/241
f 185/185/185 242/242/242 184/184/184
f 243/243/243 242/242/242 185/185/185
f 241/241/241 242/242/242 243/243/243
f 243/243/243 185/185/185 186/186/186
f 186/186/186 244/244/244 243/243/243
f 244/244/244 186/186/186 187/187/187
f 187/187/187 245/245/245 244/244/244
f 245/245/245 187/187/187 188/188/188
f 188/188/188 246/246/246 245/245/245
f 246/246/246 188/188/188 189/189/189
f 189/189/189 247/247/247 246/246/246
f 189/189/189 248/248/248 247/247/247
f 248/248/248 192/192/192 191/191/191
f 189/189/189 192/192/192 248/248/248
f 249/249/249 248/248/248 191/191/191
f 247/247/247 248/248/248 249/249/249
f 191/191/191 250/250/250 249/249/249
f 194/194/194 250/250/250 191/191/191
f 250/250/250 252/252/252 251/251/251
f 194/194/194 252/252/252 250/250/250
f 249/249/249 250/250/250 251/251/251
f 253/253/253 252/252/252 194/194/194
f 251/251/251 252/252/252 253/253/253
f 253/253/253 199/199/199 197/197/197
f 194/194/194 199/199/199 253/253/253
f 254/254/254 255/255/255 253/253/253
f 256/256/256 255/255/255 254/254/254
f 197/197/197 254/254/254 253/253/253
f 253/253/253 257/257/257 251/251/251
f 257/257/257 255/255/255 256/256/256
f 253/253/253 255/255/255 257/257/257
f 258/258/258 254/254/254 197/197/197
f 254/254/254 259/259/259 256/256/256
f 258/258/258 259/259/259 254/254/254
f 203/203/203 260/260/260 258/258/258
f 202/202/202 260/260/260 203/203/203
f 197/197/197 203/203/203 258/258/258
f 258/258/258 262/262/262 261/261/261
f 262/262/262 260/260/260 202/202/202
f 258/258/258 260/260/260 262/262/262
f 263/263/263 259/259/259 258/258/258
f 256/256/256 259/259/259 263/263/263
f 261/261/261 263/263/263 258/258/258
f 264/264/264 204/204/204 205/205/205
f 205/205/205 265/265/265 264/264/264
f 265/265/265 205/205/205 206/206/206
f 206/206/206 266/266/266 265/265/265
f 206/206/206 267/267/267 266/266/266
f 208/208/208 267/267/267 206/206/206
f 267/267/267 269/269/269 268/268/268
f 208/208/208 269/269/269 267/267/267
f 266/266/266 267/267/267 268/268/268
f 269/269/269 271/271/271 270/270/270
f 208/208/208 271/271/271 269/269/269
f 268/268/268 269/269/269 270/270/270
f 270/270/270 213/213/213 212/212/212
f 271/271/271 214/214/214 213/213/213
f 208/208/208 214/214/214 271/271/271
f 270/270/270 271/271/271 213/213/213
f 272/272/272 270/270/270 212/212/212
f 270/270/270 273/273/273 268/268/268
f 272/272/272 273/273/273 270/270/270
f 272/272/272 212/212/212 215/215/215
f 215/215/215 274/274/274 272/272/272
f 274/274/274 215/215/215 216/216/216
f 216/216/216 275/275/275 274/274/274
f 275/275/275 216/216/216 217/217/217
f 217/217/217 276/276/276 275/275/275
f 276/276/276 217/217/217 218/218/218
f 218/218/218 277/277/277 276/276/276
f 277/277/277 218/218/218 219/219/219
f 219/219/219 278/278/278 277/277/277
f 219/219/219 279/279/279 278/278/278
f 221/221/221 279/279/279 219/219/219
f 280/280/280 281/281/281 279/279/279
f 282/282/282 281/281/281 280/280/280
f 221/221/221 280/280/280 279/279/279
f 279/279/279 283/283/283 278/278/278
f 283/283/283 281/281/281 282/282/282
f 279/279/279 281/281/281 283/283/283
f 284/284/284 280/280/280 221/221/221
f 280/280/280 285/285/285 282/282/282
f 284/284/284 285/285/285 280/280/280
f 223/223/223 284/284/284 221/221/221
f 286/286/286 287/287/287 284/284/284
f 288/288/288 287/287/287 286/286/286
f 223/223/223 286/286/286 284/284/284
f 285/285/285 290/290/290 289/289/289
f 284/284/284 290/290/290 285/285/285
f 282/282/282 285/285/285 289/289/289
f 287/287/287 291/291/291 289/289/289
f 288/288/288 291/291/291 287/287/287
f 287/287/287 290/290/290 284/284/284
f 289/289/289 290/290/290 287/287/287
f 292/292/292 286/286/286 223/223/223
f 288/288/288 286/286/286 292/292/292
f 224/224/224 292/292/292 223/223/223
f 293/293/293 292/292/292 224/224/224
f 292/292/292 294/294/294 288/288/288
f 293/293/293 294/294/294 292/292/292
f 293/293/293 224/224/224 225/225/225
f 225/225/225 295/295/295 293/293/293
f 295/295/295 225/225/225 228/228/228
f 228/228/228 296/296/296 295/295/295
f 228/228/228 297/297/297 296/296/296
f 297/297/297 233/233/233 232/232/232
f 228/228/228 233/233/233 297/297/297
f 298/298/298 297/297/297 232/232/232
f 296/296/296 297/297/297 298/298/298
f 298/298/298 232/232/232 234/234/234
f 234/234/234 299/299/299 298/298/298
f 234/234/234 300/300/300 299/299/299
f 235/235/235 300/300/300 234/234/234
f 301/301/301 300/300/300 235/235/235
f 300/300/300 302/302/302 299/299/299
f 301/301/301 302/302/302 300/300/300
f 301/301/301 235/235/235 236/236/236
f 236/236/236 303/303/303 301/301/301
f 303/303/303 236/236/236 237/237/237
f 237/237/237 304/304/304 303/303/303
f 304/304/304 237/237/237 238/238/238
f 238/238/238 305/305/305 304/304/304
f 305/305/305 238/238/238 239/239/239
f 239/239/239 306/306/306 305/305/305
f 306/306/306 239/239/239 240/240/240
f 240/240/240 307/307/307 306/306/306
f 307/307/307 240/240/240 241/241/241
f 241/241/241 308/308/308 307/307/307
f 308/308/308 241/241/241 243/243/243
f 243/243/243 309/309/309 308/308/308
f 309/309/309 243/243/243 244/244/244
f 244/244/244 310/310/310 309/309/309
f 310/310/310 244/244/244 245/245/245
f 245/245/245 311/311/311 310/310/310
f 311/311/311 245/245/245 246/246/246
f 246/246/246 312/312/312 311/311/311
f 312/312/312 246/246/246 247/247/247
f 247/247/247 313/313/313 312/312/312
f 313/313/313 247/247/247 249/249/249
f 249/249/249 314/314/314 313/313/313
f 314/314/314 249/249/249 251/251/251
f 251/251/251 315/315/315 314/314/314
f 251/251/251 316/316/316 315/315/315
f 316/316/316 257/257/257 256/256/256
f 251/251/251 257/257/257 316/316/316
f 317/317/317 316/316/316 256/256/256
f 315/315/315 316/316/316 317/317/317
f 256/256/256 318/318/318 317/317/317
f 318/318/318 263/263/263 261/261/261
f 256/256/256 263/263/263 318/318/318
f 319/319/319 318/318/318 261/261/261
f 317/317/317 318/318/318 319/319/319
f 320/320/320 264/264/264 265/265/265
f 265/265/265 321/321/321 320/320/320
f 321/321/321 265/265/265 266/266/266
f 266/266/266 322/322/322 321/321/321
f 322/322/322 266/266/266 268/268/268
f 268/268/268 323/323/323 322/322/322
f 268/268/268 324/324/324 323/323/323
f 324/324/324 273/273/273 272/272/272
f 268/268/268 273/273/273 324/324/324
f 325/325/325 324/324/324 272/272/272
f 323/323/323 324/324/324 325/325/325
f 272/272/272 326/326/326 325/325/325
f 274/274/274 326/326/326 272/272/272
f 327/327/327 326/326/326 274/274/274
f 326/326/326 328/328/328 325/325/325
f 327/327/327 328/328/328 326/326/326
f 327/327/327 274/274/274 275/275/275
f 275/275/275 329/329/329 327/327/327
f 329/329/329 275/275/275 276/276/276
f 276/276/276 330/330/330 329/329/329
f 330/330/330 276/276/276 277/277/277
f 277/277/277 331/331/331 330/330/330
f 331/331/331 277/277/277 278/278/278
f 278/278/278 332/332/332 331/331/331
f 278/278/278 333/333/333 332/332/332
f 333/333/333 283/283/283 282/282/282
f 278/278/278 283/283/283 333/333/333
f 334/334/334 333/333/333 282/282/282
f 332/332/332 333/333/333 334/334/334
f 282/282/282 335/335/335 334/334/334
f 289/289/289 336/336/336 335/335/335
f 291/291/291 337/337/337 336/336/336
f 288/288/288 337/337/337 291/291/291
f 289/289/289 291/291/291 336/336/336
f 282/282/282 289/289/289 335/335/335
f 335/335/335 339/339/339 338/338/338
f 336/336/336 340/340/340 339/339/339
f 340/340/340 337/337/337 288/288/288
f 336/336/336 337/337/337 340/340/340
f 335/335/335 336/336/336 339/339/339
f 334/334/334 335/335/335 338/338/338
f 339/339/339 342/342/342 341/341/341
f 342/342/342 340/340/340 288/288/288
f 339/339/339 340/340/340 342/342/342
f 338/338/338 339/339/339 341/341/341
f 294/294/294 343/343/343 341/341/341
f 293/293/293 343/343/343 294/294/294
f 294/294/294 342/342/342 288/288/288
f 341/341/341 342/342/342 294/294/294
f 341/341/341 345/345/345 344/344/344
f 345/345/345 343/343/343 293/293/293
f 341/341/341 343/343/343 345/345/345
f 338/338/338 341/341/341 344/344/344
f 346/346/346 345/345/345 293/293/293
f 345/345/345 347/347/347 344/344/344
f 346/346/346 347/347/347 345/345/345
f 295/295/295 346/346/346 293/293/293
f 348/348/348 346/346/346 295/295/295
f 349/349/349 347/347/347 346/346/346
f 344/344/344 347/347/347 349/349/349
f 348/348/348 349/349/349 346/346/346
f 348/348/348 295/295/295 296/296/296
f 296/296/296 350/350/350 348/348/348
f 350/350/350 296/296/296 298/298/298
f 298/298/298 351/351/351 350/350/350
f 298/298/298 352/352/352 351/351/351
f 299/299/299 352/352/352 298/298/298
f 352/352/352 354/354/354 353/353/353
f 299/299/299 354/354/354 352/352/352
f 351/351/351 352/352/352 353/353/353
f 354/354/354 356/356/356 355/355/355
f 299/299/299 356/356/356 354/354/354
f 353/353/353 354/354/354 355/355/355
f 357/357/357 358/358/358 302/302/302
f 355/355/355 358/358/358 357/357/357
f 301/301/301 357/357/357 302/302/302
f 302/302/302 356/356/356 299/299/299
f 356/356/356 358/358/358 355/355/355
f 302/302/302 358/358/358 356/356/356
f 355/355/355 360/360/360 359/359/359
f 360/360/360 357/357/357 301/301/301
f 355/355/355 357/357/357 360/360/360
f 353/353/353 355/355/355 359/359/359
f 361/361/361 360/360/360 301/301/301
f 360/360/360 362/362/362 359/359/359
f 361/361/361 362/362/362 360/360/360
f 303/303/303 361/361/361 301/301/301
f 361/361/361 364/364/364 363/363/363
f 303/303/303 364/364/364 361/361/361
f 365/365/365 362/362/362 361/361/361
f 359/359/359 362/362/362 365/365/365
f 363/363/363 365/365/365 361/361/361
f 366/366/366 364/364/364 303/303/303
f 363/363/363 364/364/364 366/366/366
f 304/304/304 366/366/366 303/303/303
f 367/367/367 366/366/366 304/304/304
f 366/366/366 368/368/368 363/363/363
f 367/367/367 368/368/368 366/366/366
f 367/367/367 304/304/304 305/305/305
f 305/305/305 369/369/369 367/367/367
f 369/369/369 305/305/305 306/306/306
f 306/306/306 370/370/370 369/369/369
f 370/370/370 306/306/306 307/307/307
f 307/307/307 371/371/371 370/370/370
f 371/371/371 307/307/307 308/308/308
f 308/308/308 372/372/372 371/371/371
f 372/372/372 308/308/308 309/309/309
f 309/309/309 373/373/373 372/372/372
f 373/373/373 309/309/309 310/310/310
f 310/310/310 374/374/374 373/373/373
f 374/374/374 310/310/310 311/311/311
f 311/311/311 375/375/375 374/374/374
f 375/375/375 311/311/311 312/312/312
f 312/312/312 376/376/376 375/375/375
f 376/376/376 312/312/312 313/313/313
f 313/313/313 377/377/377 376/376/376
f 377/377/377 313/313/313 314/314/314
f 314/314/314 378/378/378 377/377/377
f 378/378/378 314/314/314 315/315/315
f 315/315/315 379/379/379 378/378/378
f 379/379/379 315/315/315 317/317/317
f 317/317/317 380/380/380 379/379/379
f 380/380/380 317/317/317 319/319/319
f 319/319/319 381/381/381 380/380/380
f 382/382/382 320/320/320 321/321/321
f 321/321/321 383/383/383 382/382/382
f 383/383/383 321/321/321 322/322/322
f 322/322/322 384/384/384 383/383/383
f 384/384/384 322/322/322 323/323/323
f 323/323/323 385/385/385 384/384/384
f 385/385/385 323/323/323 325/325/325
f 325/325/325 386/386/386 385/385/385
f 325/325/325 387/387/387 386/386/386
f 387/387/387 328/328/328 327/327/327
f 325/325/325 328/328/328 387/387/387
f 388/388/388 387/387/387 327/327/327
f 386/386/386 387/387/387 388/388/388
f 388/388/388 327/327/327 329/329/329
f 329/329/329 389/389/389 388/388/388
f 389/389/389 329/329/329 330/330/330
f 330/330/330 390/390/390 389/389/389
f 390/390/390 330/330/330 331/331/331
f 331/331/331 391/391/391 390/390/390
f 391/391/391 331/331/331 332/332/332
f 332/332/332 392/392/392 391/391/391
f 392/392/392 332/332/332 334/334/334
f 334/334/334 393/393/393 392/392/392
f 393/393/393 334/334/334 338/338/338
f 338/338/338 394/394/394 393/393/393
f 338/338/338 395/395/395 394/394/394
f 344/344/344 395/395/395 338/338/338
f 395/395/395 397/397/397 396/396/396
f 344/344/344 397/397/397 395/395/395
f 394/394/394 395/395/395 396/396/396
f 398/398/398 399/399/399 397/397/397
f 400/400/400 399/399/399 398/398/398
f 344/344/344 398/398/398 397/397/397
f 397/397/397 401/401/401 396/396/396
f 401/401/401 399/399/399 400/400/400
f 397/397/397 399/399/399 401/401/401
f 400/400/400 349/349/349 348/348/348
f 349/349/349 398/398/398 344/344/344
f 400/400/400 398/398/398 349/349/349
f 402/402/402 400/400/400 348/348/348
f 403/403/403 401/401/401 400/400/400
f 396/396/396 401/401/401 403/403/403
f 402/402/402 403/403/403 400/400/400
f 348/348/348 404/404/404 402/402/402
f 350/350/350 404/404/404 348/348/348
f 405/405/405 406/406/406 404/404/404
f 406/406/406 408/408/408 407/407/407
f 405/405/405 408/408/408 406/406/406
f 350/350/350 405/405/405 404/404/404
f 404/404/404 409/409/409 402/402/402
f 409/409/409 406/406/406 407/407/407
f 404/404/404 406/406/406 409/409/409
f 410/410/410 405/405/405 350/350/350
f 411/411/411 408/408/408 405/405/405
f 407/407/407 408/408/408 411/411/411
f 410/410/410 411/411/411 405/405/405
f 351/351/351 410/410/410 350/350/350
f 412/412/412 413/413/413 410/410/410
f 414/414/414 413/413/413 412/412/412
f 351/351/351 412/412/412 410/410/410
f 415/415/415 411/411/411 410/410/410
f 407/407/407 411/411/411 415/415/415
f 413/413/413 416/416/416 415/415/415
f 414/414/414 416/416/416 413/413/413
f 410/410/410 413/413/413 415/415/415
f 417/417/417 412/412/412 351/351/351
f 414/414/414 412/412/412 417/417/417
f 353/353/353 417/417/417 351/351/351
f 418/418/418 417/417/417 353/353/353
f 414/414/414 417/417/417 418/418/418
f 418/418/418 353/353/353 359/359/359
f 359/359/359 419/419/419 418/418/418
f 359/359/359 420/420/420 419/419/419
f 420/420/420 365/365/365 363/363/363
f 359/359/359 365/365/365 420/420/420
f 421/421/421 420/420/420 363/363/363
f 419/419/419 420/420/420 421/421/421
f 363/363/363 422/422/422 421/421/421
f 368/368/368 423/423/423 422/422/422
f 367/367/367 423/423/423 368/368/368
f 363/363/363 368/368/368 422/422/422
f 422/422/422 425/425/425 424/424/424
f 425/425/425 423/423/423 367/367/367
f 422/422/422 423/423/423 425/425/425
f 422/422/422 426/426/426 421/421/421
f 424/424/424 426/426/426 422/422/422
f 427/427/427 425/425/425 367/367/367
f 424/424/424 425/425/425 427/427/427
f 369/369/369 427/427/427 367/367/367
f 428/428/428 427/427/427 369/369/369
f 427/427/427 429/429/429 424/424/424
f 428/428/428 429/429/429 427/427/427
f 369/369/369 430/430/430 428/428/428
f 370/370/370 430/430/430 369/369/369
f 431/431/431 432/432/432 430/430/430
f 433/433/433 432/432/432 431/431/431
f 370/370/370 431/431/431 430/430/430
f 430/430/430 434/434/434 428/428/428
f 434/434/434 432/432/432 433/433/433
f 430/430/430 432/432/432 434/434/434
f 435/435/435 431/431/431 370/370/370
f 433/433/433 431/431/431 435/435/435
f 371/371/371 435/435/435 370/370/370
f 436/436/436 437/437/437 435/435/435
f 438/438/438 437/437/437 436/436/436
f 371/371/371 436/436/436 435/435/435
f 435/435/435 439/439/439 433/433/433
f 437/437/437 440/440/440 439/439/439
f 438/438/438 440/440/440 437/437/437
f 435/435/435 437/437/437 439/439/439
f 441/441/441 436/436/436 371/371/371
f 438/438/438 436/436/436 441/441/441
f 372/372/372 441/441/441 371/371/371
f 442/442/442 441/441/441 372/372/372
f 438/438/438 441/441/441 442/442/442
f 442/442/442 372/372/372 373/373/373
f 373/373/373 443/443/443 442/442/442
f 443/443/443 373/373/373 374/374/374
f 374/374/374 444/444/444 443/443/443
f 444/444/444 374/374/374 375/375/375
f 375/375/375 445/445/445 444/444/444
f 445/445/445 375/375/375 376/376/376
f 376/376/376 446/446/446 445/445/445
f 446/446/446 376/376/376 377/377/377
f 377/377/377 447/447/447 446/446/446
f 447/447/447 377/377/377 378/378/378
f 378/378/378 448/448/448 447/447/447
f 448/448/448 378/378/378 379/379/379
f 379/379/379 449/449/449 448/448/448
f 449/449/449 379/379/379 380/380/380
f 380/380/380 450/450/450 449/449/449
f 450/450/450 380/380/380 381/381/381
f 381/381/381 451/451/451 450/450/450
f 452/452/452 382/382/382 383/383/383
f 383/383/383 453/453/453 452/452/452
f 383/383/383 454/454/454 453/453/453
f 384/384/384 454/454/454 383/383/383
f 455/455/455 454/454/454 384/384/384
f 454/454/454 456/456/456 453/453/453
f 455/455/455 456/456/456 454/454/454
f 455/455/455 384/384/384 385/385/385
f 385/385/385 457/457/457 455/455/455
f 457/457/457 385/385/385 386/386/386
f 386/386/386 458/458/458 457/457/457
f 458/458/458 386/386/386 388/388/388
f 388/388/388 459/459/459 458/458/458
f 459/459/459 388/388/388 389/389/389
f 389/389/389 460/460/460 459/459/459
f 460/460/460 389/389/389 390/390/390
f 390/390/390 461/461/461 460/460/460
f 390/390/390 462/462/462 461/461/461
f 391/391/391 462/462/462 390/390/390
f 463/463/463 464/464/464 462/462/462
f 465/465/465 466/466/466 464/464/464
f 467/467/467 466/466/466 465/465/465
f 463/463/463 465/465/465 464/464/464
f 391/391/391 463/463/463 462/462/462
f 462/462/462 468/468/468 461/461/461
f 464/464/464 469/469/469 468/468/468
f 469/469/469 466/466/466 467/467/467
f 464/464/464 466/466/466 469/469/469
f 462/462/462 464/464/464 468/468/468
f 470/470/470 463/463/463 391/391/391
f 471/471/471 465/465/465 463/463/463
f 467/467/467 465/465/465 471/471/471
f 470/470/470 471/471/471 463/463/463
f 392/392/392 470/470/470 391/391/391
f 472/472/472 470/470/470 392/392/392
f 473/473/473 471/471/471 470/470/470
f 467/467/467 471/471/471 473/473/473
f 472/472/472 473/473/473 470/470/470
f 472/472/472 392/392/392 393/393/393
f 393/393/393 474/474/474 472/472/472
f 474/474/474 393/393/393 394/394/394
f 394/394/394 475/475/475 474/474/474
f 394/394/394 476/476/476 475/475/475
f 396/396/396 476/476/476 394/394/394
f 476/476/476 478/478/478 477/477/477
f 396/396/396 478/478/478 476/476/476
f 475/475/475 476/476/476 477/477/477
f 479/479/479 480/480/480 478/478/478
f 481/481/481 480/480/480 479/479/479
f 396/396/396 479/479/479 478/478/478
f 478/478/478 482/482/482 477/477/477
f 482/482/482 480/480/480 481/481/481
f 478/478/478 480/480/480 482/482/482
f 481/481/481 403/403/403 402/402/402
f 403/403/403 479/479/479 396/396/396
f 481/481/481 479/479/479 403/403/403
f 483/483/483 481/481/481 402/402/402
f 484/484/484 482/482/482 481/481/481
f 477/477/477 482/482/482 484/484/484
f 483/483/483 484/484/484 481/481/481
f 402/402/402 485/485/485 483/483/483
f 485/485/485 409/409/409 407/407/407
f 402/402/402 409/409/409 485/485/485
f 486/486/486 485/485/485 407/407/407
f 483/483/483 485/485/485 486/486/486
f 407/407/407 487/487/487 486/486/486
f 415/415/415 488/488/488 487/487/487
f 488/488/488 416/416/416 414/414/414
f 415/415/415 416/416/416 488/488/488
f 407/407/407 415/415/415 487/487/487
f 487/487/487 490/490/490 489/489/489
f 490/490/490 488/488/488 414/414/414
f 487/487/487 488/488/488 490/490/490
f 486/486/486 487/487/487 489/489/489
f 491/491/491 490/490/490 414/414/414
f 489/489/489 490/490/490 491/491/491
f 418/418/418 491/491/491 414/414/414
f 492/492/492 491/491/491 418/418/418
f 489/489/489 491/491/491 492/492/492
f 492/492/492 418/418/418 419/419/419
f 419/419/419 493/493/493 492/492/492
f 493/493/493 419/419/419 421/421/421
f 421/421/421 494/494/494 493/493/493
f 421/421/421 495/495/495 494/494/494
f 426/426/426 496/496/496 495/495/495
f 424/424/424 496/496/496 426/426/426
f 421/421/421 426/426/426 495/495/495
f 495/495/495 498/498/498 497/497/497
f 498/498/498 496/496/496 424/424/424
f 495/495/495 496/496/496 498/498/498
f 494/494/494 495/495/495 497/497/497
f 498/498/498 500/500/500 499/499/499
f 424/424/424 500/500/500 498/498/498
f 497/497/497 498/498/498 499/499/499
f 429/429/429 501/501/501 499/499/499
f 428/428/428 501/501/501 429/429/429
f 429/429/429 500/500/500 424/424/424
f 499/499/499 500/500/500 429/429/429
f 499/499/499 503/503/503 502/502/502
f 503/503/503 501/501/501 428/428/428
f 499/499/499 501/501/501 503/503/503
f 497/497/497 499/499/499 502/502/502
f 504/504/504 503/503/503 428/428/428
f 502/502/502 503/503/503 504/504/504
f 504/504/504 434/434/434 433/433/433
f 428/428/428 434/434/434 504/504/504
f 505/505/505 504/504/504 433/433/433
f 502/502/502 504/504/504 505/505/505
f 433/433/433 506/506/506 505/505/505
f 439/439/439 507/507/507 506/506/506
f 507/507/507 440/440/440 438/438/438
f 439/439/439 440/440/440 507/507/507
f 433/433/433 439/439/439 506/506/506
f 506/506/506 509/509/509 508/508/508
f 509/509/509 507/507/507 438/438/438
f 506/506/506 507/507/507 509/509/509
f 505/505/505 506/506/506 508/508/508
f 510/510/510 509/509/509 438/438/438
f 508/508/508 509/509/509 510/510/510
f 442/442/442 510/510/510 438/438/438
f 511/511/511 512/512/512 510/510/510
f 512/512/512 514/514/514 513/513/513
f 511/511/511 514/514/514 512/512/512
f 442/442/442 511/511/511 510/510/510
f 510/510/510 515/515/515 508/508/508
f 515/515/515 512/512/512 513/513/513
f 510/510/510 512/512/512 515/515/515
f 516/516/516 511/511/511 442/442/442
f 517/517/517 514/514/514 511/511/511
f 514/514/514 518/518/518 513/513/513
f 517/517/517 518/518/518 514/514/514
f 516/516/516 517/517/517 511/511/511
f 443/443/443 516/516/516 442/442/442
f 519/519/519 516/516/516 443/443/443
f 520/520/520 517/517/517 516/516/516
f 521/521/521 518/518/518 517/517/517
f 513/513/513 518/518/518 521/521/521
f 520/520/520 521/521/521 517/517/517
f 519/519/519 520/520/520 516/516/516
f 519/519/519 443/443/443 444/444/444
f 444/444/444 522/522/522 519/519/519
f 522/522/522 444/444/444 445/445/445
f 445/445/445 523/523/523 522/522/522
f 523/523/523 445/445/445 446/446/446
f 446/446/446 524/524/524 523/523/523
f 524/524/524 446/446/446 447/447/447
f 447/447/447 525/525/525 524/524/524
f 525/525/525 447/447/447 448/448/448
f 448/448/448 526/526/526 525/525/525
f 526/526/526 448/448/448 449/449/449
f 449/449/449 527/527/527 526/526/526
f 527/527/527 449/449/449 450/450/450
f 450/450/450 528/528/528 527/527/527
f 528/528/528 450/450/450 451/451/451
f 451/451/451 529/529/529 528/528/528
f 530/530/530 452/452/452 453/453/453
f 453/453/453 531/531/531 530/530/530
f 453/453/453 532/532/532 531/531/531
f 532/532/532 456/456/456 455/455/455
f 453/453/453 456/456/456 532/532/532
f 533/533/533 532/532/532 455/455/455
f 531/531/531 532/532/532 533/533/533
f 533/533/533 455/455/455 457/457/457
f 457/457/457 534/534/534 533/533/533
f 534/534/534 457/457/457 458/458/458
f 458/458/458 535/535/535 534/534/534
f 535/535/535 458/458/458 459/459/459
f 459/459/459 536/536/536 535/535/535
f 536/536/536 459/459/459 460/460/460
f 460/460/460 537/537/537 536/536/536
f 537/537/537 460/460/460 461/461/461
f 461/461/461 538/538/538 537/537/537
f 461/461/461 539/539/539 538/538/538
f 468/468/468 540/540/540 539/539/539
f 540/540/540 469/469/469 467/467/467
f 468/468/468 469/469/469 540/540/540
f 461/461/461 468/468/468 539/539/539
f 541/541/541 543/543/543 542/542/542
f 539/539/539 543/543/543 541/541/541
f 544/544/544 541/541/541 542/542/542
f 542/542/542 540/540/540 467/467/467
f 540/540/540 543/543/543 539/539/539
f 542/542/542 543/543/543 540/540/540
f 539/539/539 545/545/545 538/538/538
f 545/545/545 541/541/541 544/544/544
f 539/539/539 541/541/541 545/545/545
f 542/542/542 547/547/547 546/546/546
f 467/467/467 547/547/547 542/542/542
f 544/544/544 542/542/542 546/546/546
f 546/546/546 473/473/473 472/472/472
f 473/473/473 547/547/547 467/467/467
f 546/546/546 547/547/547 473/473/473
f 548/548/548 546/546/546 472/472/472
f 544/544/544 546/546/546 548/548/548
f 472/472/472 549/549/549 548/548/548
f 474/474/474 549/549/549 472/472/472
f 550/550/550 549/549/549 474/474/474
f 549/549/549 551/551/551 548/548/548
f 550/550/550 551/551/551 549/549/549
f 550/550/550 474/474/474 475/475/475
f 475/475/475 552/552/552 550/550/550
f 552/552/552 475/475/475 477/477/477
f 477/477/477 553/553/553 552/552/552
f 477/477/477 554/554/554 553/553/553
f 554/554/554 484/484/484 483/483/483
f 477/477/477 484/484/484 554/554/554
f 555/555/555 554/554/554 483/483/483
f 553/553/553 554/554/554 555/555/555
f 483/483/483 556/556/556 555/555/555
f 486/486/486 556/556/556 483/483/483
f 556/556/556 558/558/558 557/557/557
f 486/486/486 558/558/558 556/556/556
f 555/555/555 556/556/556 557/557/557
f 559/559/559 558/558/558 486/486/486
f 558/558/558 560/560/560 557/557/557
f 559/559/559 560/560/560 558/558/558
f 489/489/489 559/559/559 486/486/486
f 561/561/561 562/562/562 559/559/559
f 563/563/563 562/562/562 561/561/561
f 489/489/489 561/561/561 559/559/559
f 560/560/560 565/565/565 564/564/564
f 559/559/559 565/565/565 560/560/560
f 557/557/557 560/560/560 564/564/564
f 564/564/564 562/562/562 563/563/563
f 562/562/562 565/565/565 559/559/559
f 564/564/564 565/565/565 562/562/562
f 566/566/566 561/561/561 489/489/489
f 563/563/563 561/561/561 566/566/566
f 492/492/492 566/566/566 489/489/489
f 567/567/567 566/566/566 492/492/492
f 566/566/566 568/568/568 563/563/563
f 567/567/567 568/568/568 566/566/566
f 567/567/567 492/492/492 493/493/493
f 493/493/493 569/569/569 567/567/567
f 569/569/569 493/493/493 494/494/494
f 494/494/494 570/570/570 569/569/569
f 570/570/570 494/494/494 497/497/497
f 497/497/497 571/571/571 570/570/570
f 571/571/571 497/497/497 502/502/502
f 502/502/502 572/572/572 571/571/571
f 572/572/572 502/502/502 505/505/505
f 505/505/505 573/573/573 572/572/572
f 573/573/573 505/505/505 508/508/508
f 508/508/508 574/574/574 573/573/573
f 508/508/508 575/575/575 574/574/574
f 575/575/575 515/515/515 513/513/513
f 508/508/508 515/515/515 575/575/575
f 575/575/575 577/577/577 576/576/576
f 513/513/513 577/577/577 575/575/575
f 574/574/574 575/575/575 576/576/576
f 577/577/577 579/579/579 578/578/578
f 513/513/513 579/579/579 577/577/577
f 576/576/576 577/577/577 578/578/578
f 580/580/580 581/581/581 520/520/520
f 578/578/578 581/581/581 580/580/580
f 519/519/519 580/580/580 520/520/520
f 579/579/579 521/521/521 520/520/520
f 513/513/513 521/521/521 579/579/579
f 579/579/579 581/581/581 578/578/578
f 520/520/520 581/581/581 579/579/579
f 578/578/578 583/583/583 582/582/582
f 583/583/583 580/580/580 519/519/519
f 578/578/578 580/580/580 583/583/583
f 576/576/576 578/578/578 582/582/582
f 584/584/584 583/583/583 519/519/519
f 582/582/582 583/583/583 584/584/584
f 522/522/522 584/584/584 519/519/519
f 584/584/584 586/586/586 585/585/585
f 522/522/522 586/586/586 584/584/584
f 582/582/582 584/584/584 585/585/585
f 587/587/587 586/586/586 522/522/522
f 585/585/585 586/586/586 587/587/587
f 523/523/523 587/587/587 522/522/522
f 587/587/587 589/589/589 588/588/588
f 523/523/523 589/589/589 587/587/587
f 585/585/585 587/587/587 588/588/588
f 590/590/590 589/589/589 523/523/523
f 588/588/588 589/589/589 590/590/590
f 524/524/524 590/590/590 523/523/523
f 591/591/591 590/590/590 524/524/524
f 590/590/590 592/592/592 588/588/588
f 591/591/591 592/592/592 590/590/590
f 591/591/591 524/524/524 525/525/525
f 525/525/525 593/593/593 591/591/591
f 593/593/593 525/525/525 526/526/526
f 526/526/526 594/594/594 593/593/593
f 594/594/594 526/526/526 527/527/527
f 527/527/527 595/595/595 594/594/594
f 595/595/595 527/527/527 528/528/528
f 528/528/528 596/596/596 595/595/595
f 596/596/596 528/528/528 529/529/529
f 529/529/529 597/597/597 596/596/596
f 598/598/598 530/530/530 531/531/531
f 531/531/531 599/599/599 598/598/598
f 599/599/599 531/531/531 533/533/533
f 533/533/533 600/600/600 599/599/599
f 600/600/600 533/533/533 534/534/534
f 534/534/534 601/601/601 600/600/600
f 601/601/601 534/534/534 535/535/535
f 535/535/535 602/602/602 601/601/601
f 602/602/602 535/535/535 536/536/536
f 536/536/536 603/603/603 602/602/602
f 603/603/603 536/536/536 537/537/537
f 537/537/537 604/604/604 603/603/603
f 537/537/537 605/605/605 604/604/604
f 538/538/538 605/605/605 537/537/537
f 606/606/606 605/605/605 538/538/538
f 604/604/604 605/605/605 606/606/606
f 538/538/538 607/607/607 606/606/606
f 545/545/545 608/608/608 607/607/607
f 544/544/544 608/608/608 545/545/545
f 538/538/538 545/545/545 607/607/607
f 607/607/607 610/610/610 609/609/609
f 610/610/610 608/608/608 544/544/544
f 607/607/607 608/608/608 610/610/610
f 606/606/606 607/607/607 609/609/609
f 611/611/611 610/610/610 544/544/544
f 609/609/609 610/610/610 611/611/611
f 548/548/548 611/611/611 544/544/544
f 612/612/612 611/611/611 548/548/548
f 609/609/609 611/611/611 612/612/612
f 548/548/548 613/613/613 612/612/612
f 551/551/551 614/614/614 613/613/613
f 550/550/550 614/614/614 551/551/551
f 548/548/548 551/551/551 613/613/613
f 615/615/615 617/617/617 616/616/616
f 613/613/613 617/617/617 615/615/615
f 618/618/618 615/615/615 616/616/616
f 616/616/616 614/614/614 550/550/550
f 614/614/614 617/617/617 613/613/613
f 616/616/616 617/617/617 614/614/614
f 613/613/613 619/619/619 612/612/612
f 619/619/619 615/615/615 618/618/618
f 613/613/613 615/615/615 619/619/619
f 620/620/620 616/616/616 550/550/550
f 618/618/618 616/616/616 620/620/620
f 552/552/552 620/620/620 550/550/550
f 621/621/621 620/620/620 552/552/552
f 620/620/620 622/622/622 618/618/618
f 621/621/621 622/622/622 620/620/620
f 621/621/621 552/552/552 553/553/553
f 553/553/553 623/623/623 621/621/621
f 623/623/623 553/553/553 555/555/555
f 555/555/555 624/624/624 623/623/623
f 624/624/624 555/555/555 557/557/557
f 557/557/557 625/625/625 624/624/624
f 557/557/557 626/626/626 625/625/625
f 564/564/564 627/627/627 626/626/626
f 563/563/563 627/627/627 564/564/564
f 557/557/557 564/564/564 626/626/626
f 626/626/626 629/629/629 628/628/628
f 627/627/627 630/630/630 629/629/629
f 563/563/563 630/630/630 627/627/627
f 626/626/626 627/627/627 629/629/629
f 625/625/625 626/626/626 628/628/628
f 629/629/629 632/632/632 631/631/631
f 632/632/632 630/630/630 563/563/563
f 629/629/629 630/630/630 632/632/632
f 628/628/628 629/629/629 631/631/631
f 631/631/631 568/568/568 567/567/567
f 568/568/568 632/632/632 563/563/563
f 631/631/631 632/632/632 568/568/568
f 633/633/633 631/631/631 567/567/567
f 628/628/628 631/631/631 633/633/633
f 567/567/567 634/634/634 633/633/633
f 569/569/569 634/634/634 567/567/567
f 635/635/635 634/634/634 569/569/569
f 633/633/633 634/634/634 635/635/635
f 635/635/635 569/569/569 570/570/570
f 570/570/570 636/636/636 635/635/635
f 570/570/570 637/637/637 636/636/636
f 571/571/571 637/637/637 570/570/570
f 637/637/637 639/639/639 638/638/638
f 571/571/571 639/639/639 637/637/637
f 637/637/637 640/640/640 636/636/636
f 638/638/638 640/640/640 637/637/637
f 641/641/641 639/639/639 571/571/571
f 639/639/639 642/642/642 638/638/638
f 641/641/641 642/642/642 639/639/639
f 572/572/572 641/641/641 571/571/571
f 643/643/643 644/644/644 641/641/641
f 645/645/645 644/644/644 643/643/643
f 572/572/572 643/643/643 641/641/641
f 642/642/642 647/647/647 646/646/646
f 641/641/641 647/647/647 642/642/642
f 638/638/638 642/642/642 646/646/646
f 646/646/646 644/644/644 645/645/645
f 644/644/644 647/647/647 641/641/641
f 646/646/646 647/647/647 644/644/644
f 648/648/648 643/643/643 572/572/572
f 643/643/643 649/649/649 645/645/645
f 648/648/648 649/649/649 643/643/643
f 573/573/573 648/648/648 572/572/572
f 650/650/650 651/651/651 648/648/648
f 652/652/652 651/651/651 650/650/650
f 573/573/573 650/650/650 648/648/648
f 649/649/649 654/654/654 653/653/653
f 648/648/648 654/654/654 649/649/649
f 645/645/645 649/649/649 653/653/653
f 653/653/653 651/651/651 652/652/652
f 651/651/651 654/654/654 648/648/648
f 653/653/653 654/654/654 651/651/651
f 655/655/655 650/650/650 573/573/573
f 650/650/650 656/656/656 652/652/652
f 655/655/655 656/656/656 650/650/650
f 574/574/574 655/655/655 573/573/573
f 657/657/657 658/658/658 655/655/655
f 659/659/659 658/658/658 657/657/657
f 574/574/574 657/657/657 655/655/655
f 656/656/656 661/661/661 660/660/660
f 655/655/655 661/661/661 656/656/656
f 652/652/652 656/656/656 660/660/660
f 660/660/660 658/658/658 659/659/659
f 658/658/658 661/661/661 655/655/655
f 660/660/660 661/661/661 658/658/658
f 662/662/662 657/657/657 574/574/574
f 657/657/657 663/663/663 659/659/659
f 662/662/662 663/663/663 657/657/657
f 576/576/576 662/662/662 574/574/574
f 664/664/664 662/662/662 576/576/576
f 665/665/665 663/663/663 662/662/662
f 663/663/663 666/666/666 659/659/659
f 665/665/665 666/666/666 663/663/663
f 664/664/664 665/665/665 662/662/662
f 576/576/576 667/667/667 664/664/664
f 582/582/582 667/667/667 576/576/576
f 668/668/668 669/669/669 667/667/667
f 669/669/669 671/671/671 670/670/670
f 668/668/668 671/671/671 669/669/669
f 582/582/582 668/668/668 667/667/667
f 667/667/667 672/672/672 664/664/664
f 672/672/672 669/669/669 670/670/670
f 667/667/667 669/669/669 672/672/672
f 673/673/673 668/668/668 582/582/582
f 674/674/674 671/671/671 668/668/668
f 671/671/671 675/675/675 670/670/670
f 674/674/674 675/675/675 671/671/671
f 673/673/673 674/674/674 668/668/668
f 585/585/585 673/673/673 582/582/582
f 676/676/676 673/673/673 585/585/585
f 677/677/677 674/674/674 673/673/673
f 678/678/678 675/675/675 674/674/674
f 670/670/670 675/675/675 678/678/678
f 677/677/677 678/678/678 674/674/674
f 676/676/676 677/677/677 673/673/673
f 585/585/585 679/679/679 676/676/676
f 588/588/588 679/679/679 585/585/585
f 679/679/679 681/681/681 680/680/680
f 588/588/588 681/681/681 679/679/679
f 676/676/676 679/679/679 680/680/680
f 682/682/682 683/683/683 681/681/681
f 684/684/684 683/683/683 682/682/682
f 588/588/588 682/682/682 681/681/681
f 681/681/681 685/685/685 680/680/680
f 685/685/685 683/683/683 684/684/684
f 681/681/681 683/683/683 685/685/685
f 684/684/684 592/592/592 591/591/591
f 592/592/592 682/682/682 588/588/588
f 684/684/684 682/682/682 592/592/592
f 686/686/686 687/687/687 684/684/684
f 687/687/687 689/689/689 688/688/688
f 686/686/686 689/689/689 687/687/687
f 591/591/591 686/686/686 684/684/684
f 690/690/690 685/685/685 684/684/684
f 680/680/680 685/685/685 690/690/690
f 690/690/690 687/687/687 688/688/688
f 684/684/684 687/687/687 690/690/690
f 691/691/691 686/686/686 591/591/591
f 692/692/692 689/689/689 686/686/686
f 688/688/688 689/689/689 692/692/692
f 691/691/691 692/692/692 686/686/686
f 593/593/593 691/691/691 591/591/591
f 693/693/693 694/694/694 691/691/691
f 694/694/694 696/696/696 695/695/695
f 693/693/693 696/696/696 694/694/694
f 593/593/593 693/693/693 691/691/691
f 697/697/697 692/692/692 691/691/691
f 688/688/688 692/692/692 697/697/697
f 697/697/697 694/694/694 695/695/695
f 691/691/691 694/694/694 697/697/697
f 698/698/698 693/693/693 593/593/593
f 699/699/699 696/696/696 693/693/693
f 695/695/695 696/696/696 699/699/699
f 698/698/698 699/699/699 693/693/693
f 594/594/594 698/698/698 593/593/593
f 700/700/700 701/701/701 698/698/698
f 701/701/701 703/703/703 702/702/702
f 700/700/700 703/703/703 701/701/701
f 594/594/594 700/700/700 698/698/698
f 704/704/704 699/699/699 698/698/698
f 695/695/695 699/699/699 704/704/704
f 704/704/704 701/701/701 702/702/702
f 698/698/698 701/701/701 704/704/704
f 705/705/705 700/700/700 594/594/594
f 706/706/706 703/703/703 700/700/700
f 702/702/702 703/703/703 706/706/706
f 705/705/705 706/706/706 700/700/700
f 595/595/595 705/705/705 594/594/594
f 705/705/705 708/708/708 707/707/707
f 595/595/595 708/708/708 705/705/705
f 709/709/709 706/706/706 705/705/705
f 702/702/702 706/706/706 709/709/709
f 707/707/707 709/709/709 705/705/705
f 710/710/710 708/708/708 595/595/595
f 708/708/708 711/711/711 707/707/707
f 710/710/710 711/711/711 708/708/708
f 596/596/596 710/710/710 595/595/595
f 712/712/712 713/713/713 710/710/710
f 714/714/714 713/713/713 712/712/712
f 596/596/596 712/712/712 710/710/710
f 711/711/711 716/716/716 715/715/715
f 710/710/710 716/716/716 711/711/711
f 707/707/707 711/711/711 715/715/715
f 715/715/715 713/713/713 714/714/714
f 713/713/713 716/716/716 710/710/710
f 715/715/715 716/716/716 713/713/713
f 717/717/717 712/712/712 596/596/596
f 714/714/714 712/712/712 717/717/717
f 597/597/597 717/717/717 596/596/596
f 718/718/718 717/717/717 597/597/597
f 717/717/717 719/719/719 714/714/714
f 718/718/718 719/719/719 717/717/717
f 720/720/720 598/598/598 599/599/599
f 599/599/599 721/721/721 720/720/720
f 721/721/721 599/599/599 600/600/600
f 600/600/600 722/722/722 721/721/721
f 722/722/722 600/600/600 601/601/601
f 601/601/601 723/723/723 722/722/722
f 723/723/723 601/601/601 602/602/602
f 602/602/602 724/724/724 723/723/723
f 602/602/602 725/725/725 724/724/724
f 603/603/603 725/725/725 602/602/602
f 726/726/726 725/725/725 603/603/603
f 725/725/725 727/727/727 724/724/724
f 726/726/726 727/727/727 725/725/725
f 726/726/726 603/603/603 604/604/604
f 604/604/604 728/728/728 726/726/726
f 604/604/604 729/729/729 728/728/728
f 606/606/606 729/729/729 604/604/604
f 730/730/730 731/731/731 729/729/729
f 732/732/732 731/731/731 730/730/730
f 606/606/606 730/730/730 729/729/729
f 729/729/729 733/733/733 728/728/728
f 733/733/733 731/731/731 732/732/732
f 729/729/729 731/731/731 733/733/733
f 734/734/734 730/730/730 606/606/606
f 732/732/732 730/730/730 734/734/734
f 609/609/609 734/734/734 606/606/606
f 735/735/735 734/734/734 609/609/609
f 732/732/732 734/734/734 735/735/735
f 735/735/735 609/609/609 612/612/612
f 612/612/612 736/736/736 735/735/735
f 612/612/612 737/737/737 736/736/736
f 737/737/737 619/619/619 618/618/618
f 612/612/612 619/619/619 737/737/737
f 738/738/738 737/737/737 618/618/618
f 736/736/736 737/737/737 738/738/738
f 618/618/618 739/739/739 738/738/738
f 739/739/739 622/622/622 621/621/621
f 618/618/618 622/622/622 739/739/739
f 740/740/740 739/739/739 621/621/621
f 738/738/738 739/739/739 740/740/740
f 621/621/621 741/741/741 740/740/740
f 623/623/623 741/741/741 621/621/621
f 742/742/742 741/741/741 623/623/623
f 740/740/740 741/741/741 742/742/742
f 742/742/742 623/623/623 624/624/624
f 624/624/624 743/743/743 742/742/742
f 743/743/743 624/624/624 625/625/625
f 625/625/625 744/744/744 743/743/743
f 625/625/625 745/745/745 744/744/744
f 628/628/628 745/745/745 625/625/625
f 746/746/746 745/745/745 628/628/628
f 744/744/744 745/745/745 746/746/746
f 746/746/746 628/628/628 633/633/633
f 633/633/633 747/747/747 746/746/746
f 633/633/633 748/748/748 747/747/747
f 635/635/635 748/748/748 633/633/633
f 748/748/748 750/750/750 749/749/749
f 635/635/635 750/750/750 748/748/748
f 747/747/747 748/748/748 749/749/749
f 751/751/751 750/750/750 635/635/635
f 749/749/749 750/750/750 751/751/751
f 636/636/636 751/751/751 635/635/635
f 752/752/752 751/751/751 636/636/636
f 749/749/749 751/751/751 752/752/752
f 636/636/636 753/753/753 752/752/752
f 640/640/640 754/754/754 753/753/753
f 638/638/638 754/754/754 640/640/640
f 636/636/636 640/640/640 753/753/753
f 753/753/753 756/756/756 755/755/755
f 756/756/756 754/754/754 638/638/638
f 753/753/753 754/754/754 756/756/756
f 752/752/752 753/753/753 755/755/755
f 757/757/757 756/756/756 638/638/638
f 755/755/755 756/756/756 757/757/757
f 757/757/757 646/646/646 645/645/645
f 638/638/638 646/646/646 757/757/757
f 758/758/758 757/757/757 645/645/645
f 755/755/755 757/757/757 758/758/758
f 645/645/645 759/759/759 758/758/758
f 759/759/759 653/653/653 652/652/652
f 645/645/645 653/653/653 759/759/759
f 760/760/760 759/759/759 652/652/652
f 758/758/758 759/759/759 760/760/760
f 652/652/652 761/761/761 760/760/760
f 761/761/761 660/660/660 659/659/659
f 652/652/652 660/660/660 761/761/761
f 761/761/761 763/763/763 762/762/762
f 659/659/659 763/763/763 761/761/761
f 760/760/760 761/761/761 762/762/762
f 763/763/763 765/765/765 764/764/764
f 659/659/659 765/765/765 763/763/763
f 762/762/762 763/763/763 764/764/764
f 665/665/665 766/766/766 764/764/764
f 664/664/664 766/766/766 665/665/665
f 765/765/765 666/666/666 665/665/665
f 659/659/659 666/666/666 765/765/765
f 764/764/764 765/765/765 665/665/665
f 764/764/764 768/768/768 767/767/767
f 766/766/766 769/769/769 768/768/768
f 664/664/664 769/769/769 766/766/766
f 764/764/764 766/766/766 768/768/768
f 762/762/762 764/764/764 767/767/767
f 768/768/768 771/771/771 770/770/770
f 771/771/771 769/769/769 664/664/664
f 768/768/768 769/769/769 771/771/771
f 767/767/767 768/768/768 770/770/770
f 770/770/770 672/672/672 670/670/670
f 672/672/672 771/771/771 664/664/664
f 770/770/770 771/771/771 672/672/672
f 772/772/772 773/773/773 770/770/770
f 774/774/774 773/773/773 772/772/772
f 670/670/670 772/772/772 770/770/770
f 770/770/770 775/775/775 767/767/767
f 775/775/775 773/773/773 774/774/774
f 770/770/770 773/773/773 775/775/775
f 772/772/772 777/777/777 776/776/776
f 670/670/670 777/777/777 772/772/772
f 774/774/774 772/772/772 776/776/776
f 776/776/776 677/677/677 676/676/676
f 777/777/777 678/678/678 677/677/677
f 670/670/670 678/678/678 777/777/777
f 776/776/776 777/777/777 677/677/677
f 778/778/778 776/776/776 676/676/676
f 776/776/776 779/779/779 774/774/774
f 778/778/778 779/779/779 776/776/776
f 778/778/778 676/676/676 680/680/680
f 680/680/680 780/780/780 778/778/778
f 680/680/680 781/781/781 780/780/780
f 781/781/781 690/690/690 688/688/688
f 680/680/680 690/690/690 781/781/781
f 782/782/782 781/781/781 688/688/688
f 780/780/780 781/781/781 782/782/782
f 688/688/688 783/783/783 782/782/782
f 783/783/783 697/697/697 695/695/695
f 688/688/688 697/697/697 783/783/783
f 784/784/784 783/783/783 695/695/695
f 782/782/782 783/783/783 784/784/784
f 695/695/695 785/785/785 784/784/784
f 785/785/785 704/704/704 702/702/702
f 695/695/695 704/704/704 785/785/785
f 786/786/786 785/785/785 702/702/702
f 784/784/784 785/785/785 786/786/786
f 702/702/702 787/787/787 786/786/786
f 787/787/787 709/709/709 707/707/707
f 702/702/702 709/709/709 787/787/787
f 788/788/788 787/787/787 707/707/707
f 786/786/786 787/787/787 788/788/788
f 707/707/707 789/789/789 788/788/788
f 789/789/789 715/715/715 714/714/714
f 707/707/707 715/715/715 789/789/789
f 790/790/790 789/789/789 714/714/714
f 788/788/788 789/789/789 790/790/790
f 714/714/714 791/791/791 790/790/790
f 719/719/719 792/792/792 791/791/791
f 718/718/718 792/792/792 719/719/719
f 714/714/714 719/719/719 791/791/791
f 791/791/791 794/794/794 793/793/793
f 794/794/794 792/792/792 718/718/718
f 791/791/791 792/792/792 794/794/794
f 790/790/790 791/791/791 793/793/793
f 795/795/795 720/720/720 721/721/721
f 721/721/721 796/796/796 795/795/795
f 721/721/721 797/797/797 796/796/796
f 722/722/722 797/797/797 721/721/721
f 798/798/798 797/797/797 722/722/722
f 797/797/797 799/799/799 796/796/796
f 798/798/798 799/799/799 797/797/797
f 798/798/798 722/722/722 723/723/723
f 723/723/723 800/800/800 798/798/798
f 800/800/800 723/723/723 724/724/724
f 724/724/724 801/801/801 800/800/800
f 724/724/724 802/802/802 801/801/801
f 727/727/727 803/803/803 802/802/802
f 726/726/726 803/803/803 727/727/727
f 724/724/724 727/727/727 802/802/802
f 802/802/802 805/805/805 804/804/804
f 805/805/805 803/803/803 726/726/726
f 802/802/802 803/803/803 805/805/805
f 802/802/802 806/806/806 801/801/801
f 804/804/804 806/806/806 802/802/802
f 807/807/807 805/805/805 726/726/726
f 804/804/804 805/805/805 807/807/807
f 728/728/728 807/807/807 726/726/726
f 808/808/808 807/807/807 728/728/728
f 804/804/804 807/807/807 808/808/808
f 728/728/728 809/809/809 808/808/808
f 809/809/809 733/733/733 732/732/732
f 728/728/728 733/733/733 809/809/809
f 810/810/810 809/809/809 732/732/732
f 808/808/808 809/809/809 810/810/810
f 810/810/810 732/732/732 735/735/735
f 735/735/735 811/811/811 810/810/810
f 811/811/811 735/735/735 736/736/736
f 736/736/736 812/812/812 811/811/811
f 812/812/812 736/736/736 738/738/738
f 738/738/738 813/813/813 812/812/812
f 813/813/813 738/738/738 740/740/740
f 740/740/740 814/814/814 813/813/813
f 814/814/814 740/740/740 742/742/742
f 742/742/742 815/815/815 814/814/814
f 815/815/815 742/742/742 743/743/743
f 743/743/743 816/816/816 815/815/815
f 743/743/743 817/817/817 816/816/816
f 744/744/744 817/817/817 743/743/743
f 818/818/818 817/817/817 744/744/744
f 816/816/816 817/817/817 818/818/818
f 744/744/744 819/819/819 818/818/818
f 746/746/746 819/819/819 744/744/744
f 820/820/820 819/819/819 746/746/746
f 819/819/819 821/821/821 818/818/818
f 820/820/820 821/821/821 819/819/819
f 820/820/820 746/746/746 747/747/747
f 747/747/747 822/822/822 820/820/820
f 822/822/822 747/747/747 749/749/749
f 749/749/749 823/823/823 822/822/822
f 823/823/823 749/749/749 752/752/752
f 752/752/752 824/824/824 823/823/823
f 824/824/824 752/752/752 755/755/755
f 755/755/755 825/825/825 824/824/824
f 825/825/825 755/755/755 758/758/758
f 758/758/758 826/826/826 825/825/825
f 826/826/826 758/758/758 760/760/760
f 760/760/760 827/827/827 826/826/826
f 827/827/827 760/760/760 762/762/762
f 762/762/762 828/828/828 827/827/827
f 828/828/828 762/762/762 767/767/767
f 767/767/767 829/829/829 828/828/828
f 767/767/767 830/830/830 829/829/829
f 830/830/830 775/775/775 774/774/774
f 767/767/767 775/775/775 830/830/830
f 830/830/830 832/832/832 831/831/831
f 774/774/774 832/832/832 830/830/830
f 829/829/829 830/830/830 831/831/831
f 832/832/832 834/834/834 833/833/833
f 774/774/774 834/834/834 832/832/832
f 832/832/832 835/835/835 831/831/831
f 833/833/833 835/835/835 832/832/832
f 836/836/836 837/837/837 779/779/779
f 837/837/837 838/838/838 833/833/833
f 836/836/836 838/838/838 837/837/837
f 778/778/778 836/836/836 779/779/779
f 779/779/779 834/834/834 774/774/774
f 834/834/834 837/837/837 833/833/833
f 779/779/779 837/837/837 834/834/834
f 839/839/839 841/841/841 840/840/840
f 833/833/833 841/841/841 839/839/839
f 839/839/839 843/843/843 842/842/842
f 840/840/840 843/843/843 839/839/839
f 840/840/840 836/836/836 778/778/778
f 841/841/841 838/838/838 836/836/836
f 833/833/833 838/838/838 841/841/841
f 840/840/840 841/841/841 836/836/836
f 835/835/835 845/845/845 844/844/844
f 833/833/833 845/845/845 835/835/835
f 831/831/831 835/835/835 844/844/844
f 846/846/846 847/847/847 839/839/839
f 844/844/844 847/847/847 846/846/846
f 842/842/842 846/846/846 839/839/839
f 839/839/839 845/845/845 833/833/833
f 845/845/845 847/847/847 844/844/844
f 839/839/839 847/847/847 845/845/845
f 848/848/848 840/840/840 778/778/778
f 849/849/849 843/843/843 840/840/840
f 842/842/842 843/843/843 849/849/849
f 848/848/848 849/849/849 840/840/840
f 780/780/780 848/848/848 778/778/778
f 850/850/850 848/848/848 780/780/780
f 851/851/851 849/849/849 848/848/848
f 842/842/842 849/849/849 851/851/851
f 850/850/850 851/851/851 848/848/848
f 850/850/850 780/780/780 782/782/782
f 782/782/782 852/852/852 850/850/850
f 852/852/852 782/782/782 784/784/784
f 784/784/784 853/853/853 852/852/852
f 853/853/853 784/784/784 786/786/786
f 786/786/786 854/854/854 853/853/853
f 786/786/786 855/855/855 854/854/854
f 788/788/788 855/855/855 786/786/786
f 855/855/855 857/857/857 856/856/856
f 788/788/788 857/857/857 855/855/855
f 854/854/854 855/855/855 856/856/856
f 858/858/858 857/857/857 788/788/788
f 856/856/856 857/857/857 858/858/858
f 790/790/790 858/858/858 788/788/788
f 859/859/859 858/858/858 790/790/790
f 856/856/856 858/858/858 859/859/859
f 859/859/859 790/790/790 793/793/793
f 793/793/793 860/860/860 859/859/859
f 861/861/861 795/795/795 796/796/796
f 796/796/796 862/862/862 861/861/861
f 796/796/796 863/863/863 862/862/862
f 863/863/863 799/799/799 798/798/798
f 796/796/796 799/799/799 863/863/863
f 864/864/864 863/863/863 798/798/798
f 862/862/862 863/863/863 864/864/864
f 864/864/864 798/798/798 800/800/800
f 800/800/800 865/865/865 864/864/864
f 800/800/800 866/866/866 865/865/865
f 801/801/801 866/866/866 800/800/800
f 867/867/867 868/868/868 866/866/866
f 868/868/868 870/870/870 869/869/869
f 867/867/867 870/870/870 868/868/868
f 801/801/801 867/867/867 866/866/866
f 866/866/866 871/871/871 865/865/865
f 871/871/871 868/868/868 869/869/869
f 866/866/866 868/868/868 871/871/871
f 872/872/872 867/867/867 801/801/801
f 873/873/873 870/870/870 867/867/867
f 870/870/870 874/874/874 869/869/869
f 873/873/873 874/874/874 870/870/870
f 872/872/872 873/873/873 867/867/867
f 806/806/806 875/875/875 872/872/872
f 804/804/804 875/875/875 806/806/806
f 801/801/801 806/806/806 872/872/872
f 876/876/876 878/878/878 877/877/877
f 879/879/879 878/878/878 876/876/876
f 872/872/872 876/876/876 877/877/877
f 877/877/877 881/881/881 880/880/880
f 881/881/881 878/878/878 879/879/879
f 877/877/877 878/878/878 881/881/881
f 879/879/879 875/875/875 804/804/804
f 875/875/875 876/876/876 872/872/872
f 879/879/879 876/876/876 875/875/875
f 882/882/882 873/873/873 872/872/872
f 883/883/883 874/874/874 873/873/873
f 874/874/874 884/884/884 869/869/869
f 883/883/883 884/884/884 874/874/874
f 882/882/882 883/883/883 873/873/873
f 882/882/882 877/877/877 880/880/880
f 872/872/872 877/877/877 882/882/882
f 885/885/885 879/879/879 804/804/804
f 886/886/886 881/881/881 879/879/879
f 880/880/880 881/881/881 886/886/886
f 885/885/885 886/886/886 879/879/879
f 808/808/808 885/885/885 804/804/804
f 887/887/887 885/885/885 808/808/808
f 888/888/888 886/886/886 885/885/885
f 880/880/880 886/886/886 888/888/888
f 887/887/887 888/888/888 885/885/885
f 887/887/887 808/808/808 810/810/810
f 810/810/810 889/889/889 887/887/887
f 889/889/889 810/810/810 811/811/811
f 811/811/811 890/890/890 889/889/889
f 890/890/890 811/811/811 812/812/812
f 812/812/812 891/891/891 890/890/890
f 891/891/891 812/812/812 813/813/813
f 813/813/813 892/892/892 891/891/891
f 892/892/892 813/813/813 814/814/814
f 814/814/814 893/893/893 892/892/892
f 893/893/893 814/814/814 815/815/815
f 815/815/815 894/894/894 893/893/893
f 894/894/894 815/815/815 816/816/816
f 816/816/816 895/895/895 894/894/894
f 895/895/895 816/816/816 818/818/818
f 818/818/818 896/896/896 895/895/895
f 818/818/818 897/897/897 896/896/896
f 897/897/897 821/821/821 820/820/820
f 818/818/818 821/821/821 897/897/897
f 898/898/898 897/897/897 820/820/820
f 896/896/896 897/897/897 898/898/898
f 820/820/820 899/899/899 898/898/898
f 822/822/822 899/899/899 820/820/820
f 900/900/900 899/899/899 822/822/822
f 899/899/899 901/901/901 898/898/898
f 900/900/900 901/901/901 899/899/899
f 900/900/900 822/822/822 823/823/823
f 823/823/823 902/902/902 900/900/900
f 902/902/902 823/823/823 824/824/824
f 824/824/824 903/903/903 902/902/902
f 903/903/903 824/824/824 825/825/825
f 825/825/825 904/904/904 903/903/903
f 904/904/904 825/825/825 826/826/826
f 826/826/826 905/905/905 904/904/904
f 905/905/905 826/826/826 827/827/827
f 827/827/827 906/906/906 905/905/905
f 906/906/906 827/827/827 828/828/828
f 828/828/828 907/907/907 906/906/906
f 828/828/828 908/908/908 907/907/907
f 829/829/829 908/908/908 828/828/828
f 909/909/909 908/908/908 829/829/829
f 908/908/908 910/910/910 907/907/907
f 909/909/909 910/910/910 908/908/908
f 909/909/909 829/829/829 831/831/831
f 831/831/831 911/911/911 909/909/909
f 831/831/831 912/912/912 911/911/911
f 844/844/844 913/913/913 912/912/912
f 913/913/913 846/846/846 842/842/842
f 844/844/844 846/846/846 913/913/913
f 831/831/831 844/844/844 912/912/912
f 912/912/912 915/915/915 914/914/914
f 915/915/915 913/913/913 842/842/842
f 912/912/912 913/913/913 915/915/915
f 911/911/911 912/912/912 914/914/914
f 916/916/916 915/915/915 842/842/842
f 914/914/914 915/915/915 916/916/916
f 851/851/851 917/917/917 916/916/916
f 850/850/850 917/917/917 851/851/851
f 842/842/842 851/851/851 916/916/916
f 918/918/918 920/920/920 919/919/919
f 916/916/916 920/920/920 918/918/918
f 921/921/921 918/918/918 919/919/919
f 919/919/919 917/917/917 850/850/850
f 917/917/917 920/920/920 916/916/916
f 919/919/919 920/920/920 917/917/917
f 916/916/916 922/922/922 914/914/914
f 922/922/922 918/918/918 921/921/921
f 916/916/916 918/918/918 922/922/922
f 923/923/923 919/919/919 850/850/850
f 921/921/921 919/919/919 923/923/923
f 852/852/852 923/923/923 850/850/850
f 924/924/924 923/923/923 852/852/852
f 923/923/923 925/925/925 921/921/921
f 924/924/924 925/925/925 923/923/923
f 924/924/924 852/852/852 853/853/853
f 853/853/853 926/926/926 924/924/924
f 853/853/853 927/927/927 926/926/926
f 854/854/854 927/927/927 853/853/853
f 928/928/928 927/927/927 854/854/854
f 926/926/926 927/927/927 928/928/928
f 854/854/854 929/929/929 928/928/928
f 856/856/856 929/929/929 854/854/854
f 930/930/930 929/929/929 856/856/856
f 929/929/929 931/931/931 928/928/928
f 930/930/930 931/931/931 929/929/929
f 930/930/930 856/856/856 859/859/859
f 859/859/859 932/932/932 930/930/930
f 932/932/932 859/859/859 860/860/860
f 860/860/860 933/933/933 932/932/932
f 934/934/934 861/861/861 862/862/862
f 862/862/862 935/935/935 934/934/934
f 935/935/935 862/862/862 864/864/864
f 864/864/864 936/936/936 935/935/935
f 864/864/864 937/937/937 936/936/936
f 865/865/865 937/937/937 864/864/864
f 937/937/937 939/939/939 938/938/938
f 865/865/865 939/939/939 937/937/937
f 936/936/936 937/937/937 938/938/938
f 940/940/940 939/939/939 865/865/865
f 939/939/939 941/941/941 938/938/938
f 940/940/940 941/941/941 939/939/939
f 871/871/871 942/942/942 940/940/940
f 869/869/869 942/942/942 871/871/871
f 865/865/865 871/871/871 940/940/940
f 943/943/943 944/944/944 940/940/940
f 945/945/945 944/944/944 943/943/943
f 942/942/942 946/946/946 943/943/943
f 869/869/869 946/946/946 942/942/942
f 940/940/940 942/942/942 943/943/943
f 941/941/941 948/948/948 947/947/947
f 940/940/940 948/948/948 941/941/941
f 938/938/938 941/941/941 947/947/947
f 947/947/947 944/944/944 945/945/945
f 944/944/944 948/948/948 940/940/940
f 947/947/947 948/948/948 944/944/944
f 943/943/943 950/950/950 949/949/949
f 946/946/946 951/951/951 950/950/950
f 869/869/869 951/951/951 946/946/946
f 943/943/943 946/946/946 950/950/950
f 945/945/945 943/943/943 949/949/949
f 949/949/949 882/882/882 880/880/880
f 950/950/950 883/883/883 882/882/882
f 951/951/951 884/884/884 883/883/883
f 869/869/869 884/884/884 951/951/951
f 950/950/950 951/951/951 883/883/883
f 949/949/949 950/950/950 882/882/882
f 952/952/952 949/949/949 880/880/880
f 945/945/945 949/949/949 952/952/952
f 880/880/880 953/953/953 952/952/952
f 953/953/953 888/888/888 887/887/887
f 880/880/880 888/888/888 953/953/953
f 954/954/954 953/953/953 887/887/887
f 952/952/952 953/953/953 954/954/954
f 954/954/954 887/887/887 889/889/889
f 889/889/889 955/955/955 954/954/954
f 955/955/955 889/889/889 890/890/890
f 890/890/890 956/956/956 955/955/955
f 956/956/956 890/890/890 891/891/891
f 891/891/891 957/957/957 956/956/956
f 957/957/957 891/891/891 892/892/892
f 892/892/892 958/958/958 957/957/957
f 958/958/958 892/892/892 893/893/893
f 893/893/893 959/959/959 958/958/958
f 893/893/893 960/960/960 959/959/959
f 894/894/894 960/960/960 893/893/893
f 961/961/961 960/960/960 894/894/894
f 959/959/959 960/960/960 961/961/961
f 961/961/961 894/894/894 895/895/895
f 895/895/895 962/962/962 961/961/961
f 962/962/962 895/895/895 896/896/896
f 896/896/896 963/963/963 962/962/962
f 896/896/896 964/964/964 963/963/963
f 898/898/898 964/964/964 896/896/896
f 965/965/965 966/966/966 964/964/964
f 967/967/967 966/966/966 965/965/965
f 898/898/898 965/965/965 964/964/964
f 964/964/964 968/968/968 963/963/963
f 966/966/966 969/969/969 968/968/968
f 967/967/967 969/969/969 966/966/966
f 964/964/964 966/966/966 968/968/968
f 965/965/965 971/971/971 970/970/970
f 898/898/898 971/971/971 965/965/965
f 965/965/965 972/972/972 967/967/967
f 970/970/970 972/972/972 965/965/965
f 970/970/970 901/901/901 900/900/900
f 901/901/901 971/971/971 898/898/898
f 970/970/970 971/971/971 901/901/901
f 973/973/973 970/970/970 900/900/900
f 974/974/974 972/972/972 970/970/970
f 967/967/967 972/972/972 974/974/974
f 973/973/973 974/974/974 970/970/970
f 973/973/973 900/900/900 902/902/902
f 902/902/902 975/975/975 973/973/973
f 975/975/975 902/902/902 903/903/903
f 903/903/903 976/976/976 975/975/975
f 976/976/976 903/903/903 904/904/904
f 904/904/904 977/977/977 976/976/976
f 977/977/977 904/904/904 905/905/905
f 905/905/905 978/978/978 977/977/977
f 978/978/978 905/905/905 906/906/906
f 906/906/906 979/979/979 978/978/978
f 979/979/979 906/906/906 907/907/907
f 907/907/907 980/980/980 979/979/979
f 907/907/907 981/981/981 980/980/980
f 981/981/981 910/910/910 909/909/909
f 907/907/907 910/910/910 981/981/981
f 982/982/982 981/981/981 909/909/909
f 980/980/980 981/981/981 982/982/982
f 982/982/982 909/909/909 911/911/911
f 911/911/911 983/983/983 982/982/982
f 911/911/911 984/984/984 983/983/983
f 914/914/914 984/984/984 911/911/911
f 984/984/984 986/986/986 985/985/985
f 914/914/914 986/986/986 984/984/984
f 983/983/983 984/984/984 985/985/985
f 987/987/987 988/988/988 986/986/986
f 989/989/989 988/988/988 987/987/987
f 914/914/914 987/987/987 986/986/986
f 986/986/986 990/990/990 985/985/985
f 990/990/990 988/988/988 989/989/989
f 986/986/986 988/988/988 990/990/990
f 989/989/989 922/922/922 921/921/921
f 922/922/922 987/987/987 914/914/914
f 989/989/989 987/987/987 922/922/922
f 991/991/991 992/992/992 989/989/989
f 993/993/993 992/992/992 991/991/991
f 921/921/921 991/991/991 989/989/989
f 994/994/994 995/995/995 990/990/990
f 996/996/996 995/995/995 994/994/994
f 989/989/989 994/994/994 990/990/990
f 990/990/990 997/997/997 985/985/985
f 997/997/997 995/995/995 996/996/996
f 990/990/990 995/995/995 997/997/997
f 996/996/996 992/992/992 993/993/993
f 992/992/992 994/994/994 989/989/989
f 996/996/996 994/994/994 992/992/992
f 991/991/991 999/999/999 998/998/998
f 921/921/921 999/999/999 991/991/991
f 993/993/993 991/991/991 998/998/998
f 1000/1000/1000 1001/1001/1001 925/925/925
f 998/998/998 1001/1001/1001 1000/1000/1000
f 924/924/924 1000/1000/1000 925/925/925
f 925/925/925 999/999/999 921/921/921
f 999/999/999 1001/1001/1001 998/998/998
f 925/925/925 1001/1001/1001 999/999/999
f 998/998/998 1003/1003/1003 1002/1002/1002
f 1003/1003/1003 1000/1000/1000 924/924/924
f 998/998/998 1000/1000/1000 1003/1003/1003
f 993/993/993 998/998/998 1002/1002/1002
f 1004/1004/1004 1003/1003/1003 924/924/924
f 1002/1002/1002 1003/1003/1003 1004/1004/1004
f 926/926/926 1004/1004/1004 924/924/924
f 1005/1005/1005 1004/1004/1004 926/926/926
f 1002/1002/1002 1004/1004/1004 1005/1005/1005
f 926/926/926 1006/1006/1006 1005/1005/1005
f 928/928/928 1006/1006/1006 926/926/926
f 1006/1006/1006 1008/1008/1008 1007/1007/1007
f 928/928/928 1008/1008/1008 1006/1006/1006
f 1005/1005/1005 1006/1006/1006 1007/1007/1007
f 1008/1008/1008 1010/1010/1010 1009/1009/1009
f 928/928/928 1010/1010/1010 1008/1008/1008
f 1007/1007/1007 1008/1008/1008 1009/1009/1009
f 1009/1009/1009 931/931/931 930/930/930
f 931/931/931 1010/1010/1010 928/928/928
f 1009/1009/1009 1010/1010/1010 931/931/931
f 1011/1011/1011 1009/1009/1009 930/930/930
f 1007/1007/1007 1009/1009/1009 1011/1011/1011
f 1011/1011/1011 930/930/930 932/932/932
f 932/932/932 1012/1012/1012 1011/1011/1011
f 1012/1012/1012 932/932/932 933/933/933
f 933/933/933 1013/1013/1013 1012/1012/1012
f 1014/1014/1014 934/934/934 935/935/935
f 935/935/935 1015/1015/1015 1014/1014/1014
f 1015/1015/1015 935/935/935 936/936/936
f 936/936/936 1016/1016/1016 1015/1015/1015
f 1016/1016/1016 936/936/936 938/938/938
f 938/938/938 1017/1017/1017 1016/1016/1016
f 938/938/938 1018/1018/1018 1017/1017/1017
f 1018/1018/1018 947/947/947 945/945/945
f 938/938/938 947/947/947 1018/1018/1018
f 1019/1019/1019 1018/1018/1018 945/945/945
f 1017/1017/1017 1018/1018/1018 1019/1019/1019
f 945/945/945 1020/1020/1020 1019/1019/1019
f 952/952/952 1020/1020/1020 945/945/945
f 1021/1021/1021 1020/1020/1020 952/952/952
f 1019/1019/1019 1020/1020/1020 1021/1021/1021
f 952/952/952 1022/1022/1022 1021/1021/1021
f 954/954/954 1022/1022/1022 952/952/952
f 1023/1023/1023 1024/1024/1024 1022/1022/1022
f 1025/1025/1025 1024/1024/1024 1023/1023/1023
f 954/954/954 1023/1023/1023 1022/1022/1022
f 1022/1022/1022 1026/1026/1026 1021/1021/1021
f 1024/1024/1024 1027/1027/1027 1026/1026/1026
f 1025/1025/1025 1027/1027/1027 1024/1024/1024
f 1022/1022/1022 1024/1024/1024 1026/1026/1026
f 1028/1028/1028 1023/1023/1023 954/954/954
f 1025/1025/1025 1023/1023/1023 1028/1028/1028
f 955/955/955 1028/1028/1028 954/954/954
f 1029/1029/1029 1028/1028/1028 955/955/955
f 1028/1028/1028 1030/1030/1030 1025/1025/1025
f 1029/1029/1029 1030/1030/1030 1028/1028/1028
f 1029/1029/1029 955/955/955 956/956/956
f 956/956/956 1031/1031/1031 1029/1029/1029
f 1031/1031/1031 956/956/956 957/957/957
f 957/957/957 1032/1032/1032 1031/1031/1031
f 1032/1032/1032 957/957/957 958/958/958
f 958/958/958 1033/1033/1033 1032/1032/1032
f 1033/1033/1033 958/958/958 959/959/959
f 959/959/959 1034/1034/1034 1033/1033/1033
f 1034/1034/1034 959/959/959 961/961/961
f 961/961/961 1035/1035/1035 1034/1034/1034
f 1035/1035/1035 961/961/961 962/962/962
f 962/962/962 1036/1036/1036 1035/1035/1035
f 1036/1036/1036 962/962/962 963/963/963
f 963/963/963 1037/1037/1037 1036/1036/1036
f 963/963/963 1038/1038/1038 1037/1037/1037
f 968/968/968 1039/1039/1039 1038/1038/1038
f 1039/1039/1039 969/969/969 967/967/967
f 968/968/968 969/969/969 1039/1039/1039
f 963/963/963 968/968/968 1038/1038/1038
f 1040/1040/1040 1041/1041/1041 1038/1038/1038
f 1041/1041/1041 1043/1043/1043 1042/1042/1042
f 1040/1040/1040 1043/1043/1043 1041/1041/1041
f 1040/1040/1040 1039/1039/1039 967/967/967
f 1038/1038/1038 1039/1039/1039 1040/1040/1040
f 1038/1038/1038 1044/1044/1044 1037/1037/1037
f 1044/1044/1044 1041/1041/1041 1042/1042/1042
f 1038/1038/1038 1041/1041/1041 1044/1044/1044
f 1045/1045/1045 1040/1040/1040 967/967/967
f 1046/1046/1046 1043/1043/1043 1040/1040/1040
f 1042/1042/1042 1043/1043/1043 1046/1046/1046
f 1045/1045/1045 1046/1046/1046 1040/1040/1040
f 1045/1045/1045 974/974/974 973/973/973
f 967/967/967 974/974/974 1045/1045/1045
f 1047/1047/1047 1045/1045/1045 973/973/973
f 1048/1048/1048 1046/1046/1046 1045/1045/1045
f 1042/1042/1042 1046/1046/1046 1048/1048/1048
f 1047/1047/1047 1048/1048/1048 1045/1045/1045
f 1047/1047/1047 973/973/973 975/975/975
f 975/975/975 1049/1049/1049 1047/1047/1047
f 1049/1049/1049 975/975/975 976/976/976
f 976/976/976 1050/1050/1050 1049/1049/1049
f 1050/1050/1050 976/976/976 977/977/977
f 977/977/977 1051/1051/1051 1050/1050/1050
f 1051/1051/1051 977/977/977 978/978/978
f 978/978/978 1052/1052/1052 1051/1051/1051
f 1052/1052/1052 978/978/978 979/979/979
f 979/979/979 1053/1053/1053 1052/1052/1052
f 1053/1053/1053 979/979/979 980/980/980
f 980/980/980 1054/1054/1054 1053/1053/1053
f 1054/1054/1054 980/980/980 982/982/982
f 982/982/982 1055/1055/1055 1054/1054/1054
f 1055/1055/1055 982/982/982 983/983/983
f 983/983/983 1056/1056/1056 1055/1055/1055
f 983/983/983 1057/1057/1057 1056/1056/1056
f 985/985/985 1057/1057/1057 983/983/983
f 1058/1058/1058 1059/1059/1059 1057/1057/1057
f 1060/1060/1060 1059/1059/1059 1058/1058/1058
f 985/985/985 1058/1058/1058 1057/1057/1057
f 1057/1057/1057 1061/1061/1061 1056/1056/1056
f 1061/1061/1061 1059/1059/1059 1060/1060/1060
f 1057/1057/1057 1059/1059/1059 1061/1061/1061
f 1058/1058/1058 1063/1063/1063 1062/1062/1062
f 985/985/985 1063/1063/1063 1058/1058/1058
f 1060/1060/1060 1058/1058/1058 1062/1062/1062
f 1062/1062/1062 996/996/996 993/993/993
f 1063/1063/1063 997/997/997 996/996/996
f 985/985/985 997/997/997 1063/1063/1063
f 1062/1062/1062 1063/1063/1063 996/996/996
f 1064/1064/1064 1062/1062/1062 993/993/993
f 1060/1060/1060 1062/1062/1062 1064/1064/1064
f 1064/1064/1064 993/993/993 1002/1002/1002
f 1002/1002/1002 1065/1065/1065 1064/1064/1064
f 1065/1065/1065 1002/1002/1002 1005/1005/1005
f 1005/1005/1005 1066/1066/1066 1065/1065/1065
f 1066/1066/1066 1005/1005/1005 1007/1007/1007
f 1007/1007/1007 1067/1067/1067 1066/1066/1066
f 1067/1067/1067 1007/1007/1007 1011/1011/1011
f 1011/1011/1011 1068/1068/1068 1067/1067/1067
f 1068/1068/1068 1011/1011/1011 1012/1012/1012
f 1012/1012/1012 1069/1069/1069 1068/1068/1068
f 1069/1069/1069 1012/1012/1012 1013/1013/1013
f 1013/1013/1013 1070/1070/1070 1069/1069/1069
f 1071/1071/1071 1014/1014/1014 1015/1015/1015
f 1015/1015/1015 1072/1072/1072 1071/1071/1071
f 1072/1072/1072 1015/1015/1015 1016/1016/1016
f 1016/1016/1016 1073/1073/1073 1072/1072/1072
f 1073/1073/1073 1016/1016/1016 1017/1017/1017
f 1017/1017/1017 1074/1074/1074 1073/1073/1073
f 1074/1074/1074 1017/1017/1017 1019/1019/1019
f 1019/1019/1019 1075/1075/1075 1074/1074/1074
f 1075/1075/1075 1019/1019/1019 1021/1021/1021
f 1021/1021/1021 1076/1076/1076 1075/1075/1075
f 1021/1021/1021 1077/1077/1077 1076/1076/1076
f 1026/1026/1026 1078/1078/1078 1077/1077/1077
f 1078/1078/1078 1027/1027/1027 1025/1025/1025
f 1026/1026/1026 1027/1027/1027 1078/1078/1078
f 1021/1021/1021 1026/1026/1026 1077/1077/1077
f 1077/1077/1077 1080/1080/1080 1079/1079/1079
f 1080/1080/1080 1078/1078/1078 1025/1025/1025
f 1077/1077/1077 1078/1078/1078 1080/1080/1080
f 1076/1076/1076 1077/1077/1077 1079/1079/1079
f 1081/1081/1081 1080/1080/1080 1025/1025/1025
f 1079/1079/1079 1080/1080/1080 1081/1081/1081
f 1081/1081/1081 1030/1030/1030 1029/1029/1029
f 1025/1025/1025 1030/1030/1030 1081/1081/1081
f 1082/1082/1082 1081/1081/1081 1029/1029/1029
f 1079/1079/1079 1081/1081/1081 1082/1082/1082
f 1082/1082/1082 1029/1029/1029 1031/1031/1031
f 1031/1031/1031 1083/1083/1083 1082/1082/1082
f 1031/1031/1031 1084/1084/1084 1083/1083/1083
f 1032/1032/1032 1084/1084/1084 1031/1031/1031
f 1085/1085/1085 1084/1084/1084 1032/1032/1032
f 1084/1084/1084 1086/1086/1086 1083/1083/1083
f 1085/1085/1085 1086/1086/1086 1084/1084/1084
f 1085/1085/1085 1032/1032/1032 1033/1033/1033
f 1033/1033/1033 1087/1087/1087 1085/1085/1085
f 1087/1087/1087 1033/1033/1033 1034/1034/1034
f 1034/1034/1034 1088/1088/1088 1087/1087/1087
f 1088/1088/1088 1034/1034/1034 1035/1035/1035
f 1035/1035/1035 1089/1089/1089 1088/1088/1088
f 1089/1089/1089 1035/1035/1035 1036/1036/1036
f 1036/1036/1036 1090/1090/1090 1089/1089/1089
f 1090/1090/1090 1036/1036/1036 1037/1037/1037
f 1037/1037/1037 1091/1091/1091 1090/1090/1090
f 1037/1037/1037 1092/1092/1092 1091/1091/1091
f 1092/1092/1092 1044/1044/1044 1042/1042/1042
f 1037/1037/1037 1044/1044/1044 1092/1092/1092
f 1092/1092/1092 1094/1094/1094 1093/1093/1093
f 1042/1042/1042 1094/1094/1094 1092/1092/1092
f 1091/1091/1091 1092/1092/1092 1093/1093/1093
f 1094/1094/1094 1096/1096/1096 1095/1095/1095
f 1042/1042/1042 1096/1096/1096 1094/1094/1094
f 1093/1093/1093 1094/1094/1094 1095/1095/1095
f 1095/1095/1095 1048/1048/1048 1047/1047/1047
f 1048/1048/1048 1096/1096/1096 1042/1042/1042
f 1095/1095/1095 1096/1096/1096 1048/1048/1048
f 1097/1097/1097 1095/1095/1095 1047/1047/1047
f 1093/1093/1093 1095/1095/1095 1097/1097/1097
f 1097/1097/1097 1047/1047/1047 1049/1049/1049
f 1049/1049/1049 1098/1098/1098 1097/1097/1097
f 1098/1098/1098 1049/1049/1049 1050/1050/1050
f 1050/1050/1050 1099/1099/1099 1098/1098/1098
f 1099/1099/1099 1050/1050/1050 1051/1051/1051
f 1051/1051/1051 1100/1100/1100 1099/1099/1099
f 1100/1100/1100 1051/1051/1051 1052/1052/1052
f 1052/1052/1052 1101/1101/1101 1100/1100/1100
f 1101/1101/1101 1052/1052/1052 1053/1053/1053
f 1053/1053/1053 1102/1102/1102 1101/1101/1101
f 1102/1102/1102 1053/1053/1053 1054/1054/1054
f 1054/1054/1054 1103/1103/1103 1102/1102/1102
f 1054/1054/1054 1104/1104/1104 1103/1103/1103
f 1055/1055/1055 1104/1104/1104 1054/1054/1054
f 1105/1105/1105 1106/1106/1106 1104/1104/1104
f 1107/1107/1107 1106/1106/1106 1105/1105/1105
f 1055/1055/1055 1105/1105/1105 1104/1104/1104
f 1104/1104/1104 1108/1108/1108 1103/1103/1103
f 1108/1108/1108 1106/1106/1106 1107/1107/1107
f 1104/1104/1104 1106/1106/1106 1108/1108/1108
f 1109/1109/1109 1105/1105/1105 1055/1055/1055
f 1105/1105/1105 1110/1110/1110 1107/1107/1107
f 1109/1109/1109 1110/1110/1110 1105/1105/1105
f 1056/1056/1056 1109/1109/1109 1055/1055/1055
f 1111/1111/1111 1109/1109/1109 1056/1056/1056
f 1112/1112/1112 1110/1110/1110 1109/1109/1109
f 1107/1107/1107 1110/1110/1110 1112/1112/1112
f 1111/1111/1111 1112/1112/1112 1109/1109/1109
f 1056/1056/1056 1113/1113/1113 1111/1111/1111
f 1061/1061/1061 1114/1114/1114 1113/1113/1113
f 1060/1060/1060 1114/1114/1114 1061/1061/1061
f 1056/1056/1056 1061/1061/1061 1113/1113/1113
f 1115/1115/1115 1117/1117/1117 1116/1116/1116
f 1113/1113/1113 1117/1117/1117 1115/1115/1115
f 1118/1118/1118 1115/1115/1115 1116/1116/1116
f 1116/1116/1116 1114/1114/1114 1060/1060/1060
f 1114/1114/1114 1117/1117/1117 1113/1113/1113
f 1116/1116/1116 1117/1117/1117 1114/1114/1114
f 1113/1113/1113 1119/1119/1119 1111/1111/1111
f 1115/1115/1115 1120/1120/1120 1119/1119/1119
f 1118/1118/1118 1120/1120/1120 1115/1115/1115
f 1113/1113/1113 1115/1115/1115 1119/1119/1119
f 1121/1121/1121 1116/1116/1116 1060/1060/1060
f 1118/1118/1118 1116/1116/1116 1121/1121/1121
f 1064/1064/1064 1121/1121/1121 1060/1060/1060
f 1122/1122/1122 1121/1121/1121 1064/1064/1064
f 1118/1118/1118 1121/1121/1121 1122/1122/1122
f 1122/1122/1122 1064/1064/1064 1065/1065/1065
f 1065/1065/1065 1123/1123/1123 1122/1122/1122
f 1123/1123/1123 1065/1065/1065 1066/1066/1066
f 1066/1066/1066 1124/1124/1124 1123/1123/1123
f 1124/1124/1124 1066/1066/1066 1067/1067/1067
f 1067/1067/1067 1125/1125/1125 1124/1124/1124
f 1125/1125/1125 1067/1067/1067 1068/1068/1068
f 1068/1068/1068 1126/1126/1126 1125/1125/1125
f 1126/1126/1126 1068/1068/1068 1069/1069/1069
f 1069/1069/1069 1127/1127/1127 1126/1126/1126
f 1127/1127/1127 1069/1069/1069 1070/1070/1070
f 1070/1070/1070 1128/1128/1128 1127/1127/1127
f 1129/1129/1129 1071/1071/1071 1072/1072/1072
f 1072/1072/1072 1130/1130/1130 1129/1129/1129
f 1130/1130/1130 1072/1072/1072 1073/1073/1073
f 1073/1073/1073 1131/1131/1131 1130/1130/1130
f 1131/1131/1131 1073/1073/1073 1074/1074/1074
f 1074/1074/1074 1132/1132/1132 1131/1131/1131
f 1132/1132/1132 1074/1074/1074 1075/1075/1075
f 1075/1075/1075 1133/1133/1133 1132/1132/1132
f 1133/1133/1133 1075/1075/1075 1076/1076/1076
f 1076/1076/1076 1134/1134/1134 1133/1133/1133
f 1134/1134/1134 1076/1076/1076 1079/1079/1079
f 1079/1079/1079 1135/1135/1135 1134/1134/1134
f 1079/1079/1079 1136/1136/1136 1135/1135/1135
f 1082/1082/1082 1136/1136/1136 1079/1079/1079
f 1137/1137/1137 1136/1136/1136 1082/1082/1082
f 1136/1136/1136 1138/1138/1138 1135/1135/1135
f 1137/1137/1137 1138/1138/1138 1136/1136/1136
f 1137/1137/1137 1082/1082/1082 1083/1083/1083
f 1083/1083/1083 1139/1139/1139 1137/1137/1137
f 1083/1083/1083 1140/1140/1140 1139/1139/1139
f 1086/1086/1086 1141/1141/1141 1140/1140/1140
f 1085/1085/1085 1141/1141/1141 1086/1086/1086
f 1083/1083/1083 1086/1086/1086 1140/1140/1140
f 1142/1142/1142 1144/1144/1144 1143/1143/1143
f 1140/1140/1140 1144/1144/1144 1142/1142/1142
f 1145/1145/1145 1142/1142/1142 1143/1143/1143
f 1143/1143/1143 1141/1141/1141 1085/1085/1085
f 1141/1141/1141 1144/1144/1144 1140/1140/1140
f 1143/1143/1143 1144/1144/1144 1141/1141/1141
f 1140/1140/1140 1146/1146/1146 1139/1139/1139
f 1142/1142/1142 1147/1147/1147 1146/1146/1146
f 1145/1145/1145 1147/1147/1147 1142/1142/1142
f 1140/1140/1140 1142/1142/1142 1146/1146/1146
f 1148/1148/1148 1143/1143/1143 1085/1085/1085
f 1145/1145/1145 1143/1143/1143 1148/1148/1148
f 1087/1087/1087 1148/1148/1148 1085/1085/1085
f 1149/1149/1149 1148/1148/1148 1087/1087/1087
f 1145/1145/1145 1148/1148/1148 1149/1149/1149
f 1149/1149/1149 1087/1087/1087 1088/1088/1088
f 1088/1088/1088 1150/1150/1150 1149/1149/1149
f 1088/1088/1088 1151/1151/1151 1150/1150/1150
f 1089/1089/1089 1151/1151/1151 1088/1088/1088
f 1152/1152/1152 1151/1151/1151 1089/1089/1089
f 1151/1151/1151 1153/1153/1153 1150/1150/1150
f 1152/1152/1152 1153/1153/1153 1151/1151/1151
f 1089/1089/1089 1154/1154/1154 1152/1152/1152
f 1090/1090/1090 1154/1154/1154 1089/1089/1089
f 1155/1155/1155 1154/1154/1154 1090/1090/1090
f 1154/1154/1154 1156/1156/1156 1152/1152/1152
f 1155/1155/1155 1156/1156/1156 1154/1154/1154
f 1155/1155/1155 1090/1090/1090 1091/1091/1091
f 1091/1091/1091 1157/1157/1157 1155/1155/1155
f 1157/1157/1157 1091/1091/1091 1093/1093/1093
f 1093/1093/1093 1158/1158/1158 1157/1157/1157
f 1158/1158/1158 1093/1093/1093 1097/1097/1097
f 1097/1097/1097 1159/1159/1159 1158/1158/1158
f 1159/1159/1159 1097/1097/1097 1098/1098/1098
f 1098/1098/1098 1160/1160/1160 1159/1159/1159
f 1160/1160/1160 1098/1098/1098 1099/1099/1099
f 1099/1099/1099 1161/1161/1161 1160/1160/1160
f 1161/1161/1161 1099/1099/1099 1100/1100/1100
f 1100/1100/1100 1162/1162/1162 1161/1161/1161
f 1162/1162/1162 1100/1100/1100 1101/1101/1101
f 1101/1101/1101 1163/1163/1163 1162/1162/1162
f 1163/1163/1163 1101/1101/1101 1102/1102/1102
f 1102/1102/1102 1164/1164/1164 1163/1163/1163
f 1164/1164/1164 1102/1102/1102 1103/1103/1103
f 1103/1103/1103 1165/1165/1165 1164/1164/1164
f 1103/1103/1103 1166/1166/1166 1165/1165/1165
f 1166/1166/1166 1108/1108/1108 1107/1107/1107
f 1103/1103/1103 1108/1108/1108 1166/1166/1166
f 1167/1167/1167 1168/1168/1168 1166/1166/1166
f 1169/1169/1169 1168/1168/1168 1167/1167/1167
f 1107/1107/1107 1167/1167/1167 1166/1166/1166
f 1166/1166/1166 1170/1170/1170 1165/1165/1165
f 1170/1170/1170 1168/1168/1168 1169/1169/1169
f 1166/1166/1166 1168/1168/1168 1170/1170/1170
f 1167/1167/1167 1172/1172/1172 1171/1171/1171
f 1107/1107/1107 1172/1172/1172 1167/1167/1167
f 1169/1169/1169 1167/1167/1167 1171/1171/1171
f 1171/1171/1171 1112/1112/1112 1111/1111/1111
f 1112/1112/1112 1172/1172/1172 1107/1107/1107
f 1171/1171/1171 1172/1172/1172 1112/1112/1112
f 1171/1171/1171 1174/1174/1174 1173/1173/1173
f 1111/1111/1111 1174/1174/1174 1171/1171/1171
f 1169/1169/1169 1171/1171/1171 1173/1173/1173
f 1175/1175/1175 1176/1176/1176 1174/1174/1174
f 1177/1177/1177 1176/1176/1176 1175/1175/1175
f 1111/1111/1111 1175/1175/1175 1174/1174/1174
f 1174/1174/1174 1178/1178/1178 1173/1173/1173
f 1178/1178/1178 1176/1176/1176 1177/1177/1177
f 1174/1174/1174 1176/1176/1176 1178/1178/1178
f 1119/1119/1119 1179/1179/1179 1177/1177/1177
f 1179/1179/1179 1120/1120/1120 1118/1118/1118
f 1119/1119/1119 1120/1120/1120 1179/1179/1179
f 1119/1119/1119 1175/1175/1175 1111/1111/1111
f 1177/1177/1177 1175/1175/1175 1119/1119/1119
f 1177/1177/1177 1181/1181/1181 1180/1180/1180
f 1181/1181/1181 1179/1179/1179 1118/1118/1118
f 1177/1177/1177 1179/1179/1179 1181/1181/1181
f 1182/1182/1182 1178/1178/1178 1177/1177/1177
f 1173/1173/1173 1178/1178/1178 1182/1182/1182
f 1180/1180/1180 1182/1182/1182 1177/1177/1177
f 1183/1183/1183 1181/1181/1181 1118/1118/1118
f 1181/1181/1181 1184/1184/1184 1180/1180/1180
f 1183/1183/1183 1184/1184/1184 1181/1181/1181
f 1122/1122/1122 1183/1183/1183 1118/1118/1118
f 1185/1185/1185 1183/1183/1183 1122/1122/1122
f 1186/1186/1186 1184/1184/1184 1183/1183/1183
f 1184/1184/1184 1187/1187/1187 1180/1180/1180
f 1186/1186/1186 1187/1187/1187 1184/1184/1184
f 1185/1185/1185 1186/1186/1186 1183/1183/1183
f 1185/1185/1185 1122/1122/1122 1123/1123/1123
f 1123/1123/1123 1188/1188/1188 1185/1185/1185
f 1188/1188/1188 1123/1123/1123 1124/1124/1124
f 1124/1124/1124 1189/1189/1189 1188/1188/1188
f 1189/1189/1189 1124/1124/1124 1125/1125/1125
f 1125/1125/1125 1190/1190/1190 1189/1189/1189
f 1190/1190/1190 1125/1125/1125 1126/1126/1126
f 1126/1126/1126 1191/1191/1191 1190/1190/1190
f 1191/1191/1191 1126/1126/1126 1127/1127/1127
f 1127/1127/1127 1192/1192/1192 1191/1191/1191
f 1192/1192/1192 1127/1127/1127 1128/1128/1128
f 1128/1128/1128 1193/1193/1193 1192/1192/1192
f 1194/1194/1194 1129/1129/1129 1130/1130/1130
f 1130/1130/1130 1195/1195/1195 1194/1194/1194
f 1195/1195/1195 1130/1130/1130 1131/1131/1131
f 1131/1131/1131 1196/1196/1196 1195/1195/1195
f 1196/1196/1196 1131/1131/1131 1132/1132/1132
f 1132/1132/1132 1197/1197/1197 1196/1196/1196
f 1197/1197/1197 1132/1132/1132 1133/1133/1133
f 1133/1133/1133 1198/1198/1198 1197/1197/1197
f 1198/1198/1198 1133/1133/1133 1134/1134/1134
f 1134/1134/1134 1199/1199/1199 1198/1198/1198
f 1199/1199/1199 1134/1134/1134 1135/1135/1135
f 1135/1135/1135 1200/1200/1200 1199/1199/1199
f 1135/1135/1135 1201/1201/1201 1200/1200/1200
f 1138/1138/1138 1202/1202/1202 1201/1201/1201
f 1137/1137/1137 1202/1202/1202 1138/1138/1138
f 1135/1135/1135 1138/1138/1138 1201/1201/1201
f 1201/1201/1201 1204/1204/1204 1203/1203/1203
f 1204/1204/1204 1202/1202/1202 1137/1137/1137
f 1201/1201/1201 1202/1202/1202 1204/1204/1204
f 1200/1200/1200 1201/1201/1201 1203/1203/1203
f 1205/1205/1205 1204/1204/1204 1137/1137/1137
f 1203/1203/1203 1204/1204/1204 1205/1205/1205
f 1139/1139/1139 1205/1205/1205 1137/1137/1137
f 1206/1206/1206 1205/1205/1205 1139/1139/1139
f 1203/1203/1203 1205/1205/1205 1206/1206/1206
f 1139/1139/1139 1207/1207/1207 1206/1206/1206
f 1146/1146/1146 1208/1208/1208 1207/1207/1207
f 1208/1208/1208 1147/1147/1147 1145/1145/1145
f 1146/1146/1146 1147/1147/1147 1208/1208/1208
f 1139/1139/1139 1146/1146/1146 1207/1207/1207
f 1207/1207/1207 1210/1210/1210 1209/1209/1209
f 1210/1210/1210 1208/1208/1208 1145/1145/1145
f 1207/1207/1207 1208/1208/1208 1210/1210/1210
f 1206/1206/1206 1207/1207/1207 1209/1209/1209
f 1211/1211/1211 1210/1210/1210 1145/1145/1145
f 1209/1209/1209 1210/1210/1210 1211/1211/1211
f 1149/1149/1149 1211/1211/1211 1145/1145/1145
f 1212/1212/1212 1211/1211/1211 1149/1149/1149
f 1209/1209/1209 1211/1211/1211 1212/1212/1212
f 1212/1212/1212 1149/1149/1149 1150/1150/1150
f 1150/1150/1150 1213/1213/1213 1212/1212/1212
f 1150/1150/1150 1214/1214/1214 1213/1213/1213
f 1214/1214/1214 1153/1153/1153 1152/1152/1152
f 1150/1150/1150 1153/1153/1153 1214/1214/1214
f 1214/1214/1214 1216/1216/1216 1215/1215/1215
f 1152/1152/1152 1216/1216/1216 1214/1214/1214
f 1213/1213/1213 1214/1214/1214 1215/1215/1215
f 1216/1216/1216 1218/1218/1218 1217/1217/1217
f 1152/1152/1152 1218/1218/1218 1216/1216/1216
f 1215/1215/1215 1216/1216/1216 1217/1217/1217
f 1217/1217/1217 1156/1156/1156 1155/1155/1155
f 1156/1156/1156 1218/1218/1218 1152/1152/1152
f 1217/1217/1217 1218/1218/1218 1156/1156/1156
f 1219/1219/1219 1220/1220/1220 1217/1217/1217
f 1221/1221/1221 1220/1220/1220 1219/1219/1219
f 1155/1155/1155 1219/1219/1219 1217/1217/1217
f 1217/1217/1217 1222/1222/1222 1215/1215/1215
f 1222/1222/1222 1220/1220/1220 1221/1221/1221
f 1217/1217/1217 1220/1220/1220 1222/1222/1222
f 1223/1223/1223 1219/1219/1219 1155/1155/1155
f 1221/1221/1221 1219/1219/1219 1223/1223/1223
f 1157/1157/1157 1223/1223/1223 1155/1155/1155
f 1224/1224/1224 1223/1223/1223 1157/1157/1157
f 1221/1221/1221 1223/1223/1223 1224/1224/1224
f 1157/1157/1157 1225/1225/1225 1224/1224/1224
f 1158/1158/1158 1225/1225/1225 1157/1157/1157
f 1225/1225/1225 1227/1227/1227 1226/1226/1226
f 1158/1158/1158 1227/1227/1227 1225/1225/1225
f 1224/1224/1224 1225/1225/1225 1226/1226/1226
f 1228/1228/1228 1227/1227/1227 1158/1158/1158
f 1227/1227/1227 1229/1229/1229 1226/1226/1226
f 1228/1228/1228 1229/1229/1229 1227/1227/1227
f 1159/1159/1159 1228/1228/1228 1158/1158/1158
f 1230/1230/1230 1228/1228/1228 1159/1159/1159
f 1231/1231/1231 1229/1229/1229 1228/1228/1228
f 1229/1229/1229 1232/1232/1232 1226/1226/1226
f 1231/1231/1231 1232/1232/1232 1229/1229/1229
f 1230/1230/1230 1231/1231/1231 1228/1228/1228
f 1159/1159/1159 1233/1233/1233 1230/1230/1230
f 1160/1160/1160 1233/1233/1233 1159/1159/1159
f 1234/1234/1234 1233/1233/1233 1160/1160/1160
f 1230/1230/1230 1233/1233/1233 1234/1234/1234
f 1234/1234/1234 1160/1160/1160 1161/1161/1161
f 1161/1161/1161 1235/1235/1235 1234/1234/1234
f 1235/1235/1235 1161/1161/1161 1162/1162/1162
f 1162/1162/1162 1236/1236/1236 1235/1235/1235
f 1162/1162/1162 1237/1237/1237 1236/1236/1236
f 1163/1163/1163 1237/1237/1237 1162/1162/1162
f 1238/1238/1238 1237/1237/1237 1163/1163/1163
f 1237/1237/1237 1239/1239/1239 1236/1236/1236
f 1238/1238/1238 1239/1239/1239 1237/1237/1237
f 1238/1238/1238 1163/1163/1163 1164/1164/1164
f 1164/1164/1164 1240/1240/1240 1238/1238/1238
f 1164/1164/1164 1241/1241/1241 1240/1240/1240
f 1165/1165/1165 1241/1241/1241 1164/1164/1164
f 1242/1242/1242 1243/1243/1243 1241/1241/1241
f 1243/1243/1243 1245/1245/1245 1244/1244/1244
f 1242/1242/1242 1245/1245/1245 1243/1243/1243
f 1165/1165/1165 1242/1242/1242 1241/1241/1241
f 1241/1241/1241 1246/1246/1246 1240/1240/1240
f 1246/1246/1246 1243/1243/1243 1244/1244/1244
f 1241/1241/1241 1243/1243/1243 1246/1246/1246
f 1247/1247/1247 1242/1242/1242 1165/1165/1165
f 1248/1248/1248 1245/1245/1245 1242/1242/1242
f 1244/1244/1244 1245/1245/1245 1248/1248/1248
f 1247/1247/1247 1248/1248/1248 1242/1242/1242
f 1247/1247/1247 1170/1170/1170 1169/1169/1169
f 1165/1165/1165 1170/1170/1170 1247/1247/1247
f 1249/1249/1249 1247/1247/1247 1169/1169/1169
f 1250/1250/1250 1248/1248/1248 1247/1247/1247
f 1244/1244/1244 1248/1248/1248 1250/1250/1250
f 1249/1249/1249 1250/1250/1250 1247/1247/1247
f 1249/1249/1249 1169/1169/1169 1173/1173/1173
f 1173/1173/1173 1251/1251/1251 1249/1249/1249
f 1173/1173/1173 1252/1252/1252 1251/1251/1251
f 1252/1252/1252 1182/1182/1182 1180/1180/1180
f 1173/1173/1173 1182/1182/1182 1252/1252/1252
f 1253/1253/1253 1254/1254/1254 1252/1252/1252
f 1255/1255/1255 1254/1254/1254 1253/1253/1253
f 1180/1180/1180 1253/1253/1253 1252/1252/1252
f 1252/1252/1252 1256/1256/1256 1251/1251/1251
f 1256/1256/1256 1254/1254/1254 1255/1255/1255
f 1252/1252/1252 1254/1254/1254 1256/1256/1256
f 1253/1253/1253 1258/1258/1258 1257/1257/1257
f 1180/1180/1180 1258/1258/1258 1253/1253/1253
f 1255/1255/1255 1253/1253/1253 1257/1257/1257
f 1257/1257/1257 1186/1186/1186 1185/1185/1185
f 1258/1258/1258 1187/1187/1187 1186/1186/1186
f 1180/1180/1180 1187/1187/1187 1258/1258/1258
f 1257/1257/1257 1258/1258/1258 1186/1186/1186
f 1259/1259/1259 1257/1257/1257 1185/1185/1185
f 1255/1255/1255 1257/1257/1257 1259/1259/1259
f 1185/1185/1185 1260/1260/1260 1259/1259/1259
f 1188/1188/1188 1260/1260/1260 1185/1185/1185
f 1260/1260/1260 1262/1262/1262 1261/1261/1261
f 1188/1188/1188 1262/1262/1262 1260/1260/1260
f 1260/1260/1260 1263/1263/1263 1259/1259/1259
f 1261/1261/1261 1263/1263/1263 1260/1260/1260
f 1264/1264/1264 1262/1262/1262 1188/1188/1188
f 1262/1262/1262 1265/1265/1265 1261/1261/1261
f 1264/1264/1264 1265/1265/1265 1262/1262/1262
f 1189/1189/1189 1264/1264/1264 1188/1188/1188
f 1266/1266/1266 1264/1264/1264 1189/1189/1189
f 1267/1267/1267 1265/1265/1265 1264/1264/1264
f 1265/1265/1265 1268/1268/1268 1261/1261/1261
f 1267/1267/1267 1268/1268/1268 1265/1265/1265
f 1266/1266/1266 1267/1267/1267 1264/1264/1264
f 1266/1266/1266 1189/1189/1189 1190/1190/1190
f 1190/1190/1190 1269/1269/1269 1266/1266/1266
f 1269/1269/1269 1190/1190/1190 1191/1191/1191
f 1191/1191/1191 1270/1270/1270 1269/1269/1269
f 1270/1270/1270 1191/1191/1191 1192/1192/1192
f 1192/1192/1192 1271/1271/1271 1270/1270/1270
f 1271/1271/1271 1192/1192/1192 1193/1193/1193
f 1193/1193/1193 1272/1272/1272 1271/1271/1271
f 1273/1273/1273 1194/1194/1194 1195/1195/1195
f 1195/1195/1195 1274/1274/1274 1273/1273/1273
f 1274/1274/1274 1195/1195/1195 1196/1196/1196
f 1196/1196/1196 1275/1275/1275 1274/1274/1274
f 1275/1275/1275 1196/1196/1196 1197/1197/1197
f 1197/1197/1197 1276/1276/1276 1275/1275/1275
f 1276/1276/1276 1197/1197/1197 1198/1198/1198
f 1198/1198/1198 1277/1277/1277 1276/1276/1276
f 1277/1277/1277 1198/1198/1198 1199/1199/1199
f 1199/1199/1199 1278/1278/1278 1277/1277/1277
f 1278/1278/1278 1199/1199/1199 1200/1200/1200
f 1200/1200/1200 1279/1279/1279 1278/1278/1278
f 1279/1279/1279 1200/1200/1200 1203/1203/1203
f 1203/1203/1203 1280/1280/1280 1279/1279/1279
f 1280/1280/1280 1203/1203/1203 1206/1206/1206
f 1206/1206/1206 1281/1281/1281 1280/1280/1280
f 1281/1281/1281 1206/1206/1206 1209/1209/1209
f 1209/1209/1209 1282/1282/1282 1281/1281/1281
f 1282/1282/1282 1209/1209/1209 1212/1212/1212
f 1212/1212/1212 1283/1283/1283 1282/1282/1282
f 1283/1283/1283 1212/1212/1212 1213/1213/1213
f 1213/1213/1213 1284/1284/1284 1283/1283/1283
f 1284/1284/1284 1213/1213/1213 1215/1215/1215
f 1215/1215/1215 1285/1285/1285 1284/1284/1284
f 1215/1215/1215 1286/1286/1286 1285/1285/1285
f 1286/1286/1286 1222/1222/1222 1221/1221/1221
f 1215/1215/1215 1222/1222/1222 1286/1286/1286
f 1287/1287/1287 1286/1286/1286 1221/1221/1221
f 1285/1285/1285 1286/1286/1286 1287/1287/1287
f 1287/1287/1287 1221/1221/1221 1224/1224/1224
f 1224/1224/1224 1288/1288/1288 1287/1287/1287
f 1224/1224/1224 1289/1289/1289 1288/1288/1288
f 1226/1226/1226 1289/1289/1289 1224/1224/1224
f 1289/1289/1289 1291/1291/1291 1290/1290/1290
f 1226/1226/1226 1291/1291/1291 1289/1289/1289
f 1288/1288/1288 1289/1289/1289 1290/1290/1290
f 1291/1291/1291 1293/1293/1293 1292/1292/1292
f 1226/1226/1226 1293/1293/1293 1291/1291/1291
f 1290/1290/1290 1291/1291/1291 1292/1292/1292
f 1294/1294/1294 1295/1295/1295 1231/1231/1231
f 1292/1292/1292 1295/1295/1295 1294/1294/1294
f 1230/1230/1230 1294/1294/1294 1231/1231/1231
f 1232/1232/1232 1296/1296/1296 1293/1293/1293
f 1231/1231/1231 1296/1296/1296 1232/1232/1232
f 1226/1226/1226 1232/1232/1232 1293/1293/1293
f 1293/1293/1293 1295/1295/1295 1292/1292/1292
f 1295/1295/1295 1296/1296/1296 1231/1231/1231
f 1293/1293/1293 1296/1296/1296 1295/1295/1295
f 1297/1297/1297 1298/1298/1298 1292/1292/1292
f 1298/1298/1298 1300/1300/1300 1299/1299/1299
f 1297/1297/1297 1300/1300/1300 1298/1298/1298
f 1297/1297/1297 1294/1294/1294 1230/1230/1230
f 1292/1292/1292 1294/1294/1294 1297/1297/1297
f 1292/1292/1292 1301/1301/1301 1290/1290/1290
f 1301/1301/1301 1298/1298/1298 1299/1299/1299
f 1292/1292/1292 1298/1298/1298 1301/1301/1301
f 1302/1302/1302 1297/1297/1297 1230/1230/1230
f 1303/1303/1303 1300/1300/1300 1297/1297/1297
f 1299/1299/1299 1300/1300/1300 1303/1303/1303
f 1302/1302/1302 1303/1303/1303 1297/1297/1297
f 1234/1234/1234 1302/1302/1302 1230/1230/1230
f 1304/1304/1304 1302/1302/1302 1234/1234/1234
f 1305/1305/1305 1303/1303/1303 1302/1302/1302
f 1299/1299/1299 1303/1303/1303 1305/1305/1305
f 1304/1304/1304 1305/1305/1305 1302/1302/1302
f 1234/1234/1234 1306/1306/1306 1304/1304/1304
f 1235/1235/1235 1306/1306/1306 1234/1234/1234
f 1307/1307/1307 1306/1306/1306 1235/1235/1235
f 1306/1306/1306 1308/1308/1308 1304/1304/1304
f 1307/1307/1307 1308/1308/1308 1306/1306/1306
f 1307/1307/1307 1235/1235/1235 1236/1236/1236
f 1236/1236/1236 1309/1309/1309 1307/1307/1307
f 1236/1236/1236 1310/1310/1310 1309/1309/1309
f 1239/1239/1239 1311/1311/1311 1310/1310/1310
f 1238/1238/1238 1311/1311/1311 1239/1239/1239
f 1236/1236/1236 1239/1239/1239 1310/1310/1310
f 1310/1310/1310 1313/1313/1313 1312/1312/1312
f 1313/1313/1313 1311/1311/1311 1238/1238/1238
f 1310/1310/1310 1311/1311/1311 1313/1313/1313
f 1309/1309/1309 1310/1310/1310 1312/1312/1312
f 1314/1314/1314 1313/1313/1313 1238/1238/1238
f 1312/1312/1312 1313/1313/1313 1314/1314/1314
f 1240/1240/1240 1314/1314/1314 1238/1238/1238
f 1315/1315/1315 1314/1314/1314 1240/1240/1240
f 1312/1312/1312 1314/1314/1314 1315/1315/1315
f 1240/1240/1240 1316/1316/1316 1315/1315/1315
f 1316/1316/1316 1246/1246/1246 1244/1244/1244
f 1240/1240/1240 1246/1246/1246 1316/1316/1316
f 1317/1317/1317 1316/1316/1316 1244/1244/1244
f 1315/1315/1315 1316/1316/1316 1317/1317/1317
f 1244/1244/1244 1318/1318/1318 1317/1317/1317
f 1318/1318/1318 1250/1250/1250 1249/1249/1249
f 1244/1244/1244 1250/1250/1250 1318/1318/1318
f 1319/1319/1319 1318/1318/1318 1249/1249/1249
f 1317/1317/1317 1318/1318/1318 1319/1319/1319
f 1319/1319/1319 1249/1249/1249 1251/1251/1251
f 1251/1251/1251 1320/1320/1320 1319/1319/1319
f 1251/1251/1251 1321/1321/1321 1320/1320/1320
f 1321/1321/1321 1256/1256/1256 1255/1255/1255
f 1251/1251/1251 1256/1256/1256 1321/1321/1321
f 1322/1322/1322 1321/1321/1321 1255/1255/1255
f 1321/1321/1321 1323/1323/1323 1320/1320/1320
f 1322/1322/1322 1323/1323/1323 1321/1321/1321
f 1255/1255/1255 1324/1324/1324 1322/1322/1322
f 1259/1259/1259 1324/1324/1324 1255/1255/1255
f 1324/1324/1324 1326/1326/1326 1325/1325/1325
f 1259/1259/1259 1326/1326/1326 1324/1324/1324
f 1322/1322/1322 1324/1324/1324 1325/1325/1325
f 1326/1326/1326 1328/1328/1328 1327/1327/1327
f 1259/1259/1259 1328/1328/1328 1326/1326/1326
f 1325/1325/1325 1326/1326/1326 1327/1327/1327
f 1329/1329/1329 1330/1330/1330 1263/1263/1263
f 1327/1327/1327 1330/1330/1330 1329/1329/1329
f 1261/1261/1261 1329/1329/1329 1263/1263/1263
f 1263/1263/1263 1328/1328/1328 1259/1259/1259
f 1328/1328/1328 1330/1330/1330 1327/1327/1327
f 1263/1263/1263 1330/1330/1330 1328/1328/1328
f 1327/1327/1327 1332/1332/1332 1331/1331/1331
f 1332/1332/1332 1329/1329/1329 1261/1261/1261
f 1327/1327/1327 1329/1329/1329 1332/1332/1332
f 1325/1325/1325 1327/1327/1327 1331/1331/1331
f 1332/1332/1332 1334/1334/1334 1333/1333/1333
f 1261/1261/1261 1334/1334/1334 1332/1332/1332
f 1331/1331/1331 1332/1332/1332 1333/1333/1333
f 1335/1335/1335 1336/1336/1336 1267/1267/1267
f 1333/1333/1333 1336/1336/1336 1335/1335/1335
f 1266/1266/1266 1335/1335/1335 1267/1267/1267
f 1268/1268/1268 1337/1337/1337 1334/1334/1334
f 1267/1267/1267 1337/1337/1337 1268/1268/1268
f 1261/1261/1261 1268/1268/1268 1334/1334/1334
f 1334/1334/1334 1336/1336/1336 1333/1333/1333
f 1336/1336/1336 1337/1337/1337 1267/1267/1267
f 1334/1334/1334 1337/1337/1337 1336/1336/1336
f 1333/1333/1333 1339/1339/1339 1338/1338/1338
f 1339/1339/1339 1335/1335/1335 1266/1266/1266
f 1333/1333/1333 1335/1335/1335 1339/1339/1339
f 1331/1331/1331 1333/1333/1333 1338/1338/1338
f 1340/1340/1340 1339/1339/1339 1266/1266/1266
f 1338/1338/1338 1339/1339/1339 1340/1340/1340
f 1269/1269/1269 1340/1340/1340 1266/1266/1266
f 1340/1340/1340 1342/1342/1342 1341/1341/1341
f 1269/1269/1269 1342/1342/1342 1340/1340/1340
f 1338/1338/1338 1340/1340/1340 1341/1341/1341
f 1343/1343/1343 1342/1342/1342 1269/1269/1269
f 1341/1341/1341 1342/1342/1342 1343/1343/1343
f 1270/1270/1270 1343/1343/1343 1269/1269/1269
f 1343/1343/1343 1345/1345/1345 1344/1344/1344
f 1270/1270/1270 1345/1345/1345 1343/1343/1343
f 1341/1341/1341 1343/1343/1343 1344/1344/1344
f 1346/1346/1346 1345/1345/1345 1270/1270/1270
f 1345/1345/1345 1347/1347/1347 1344/1344/1344
f 1346/1346/1346 1347/1347/1347 1345/1345/1345
f 1271/1271/1271 1346/1346/1346 1270/1270/1270
f 1348/1348/1348 1346/1346/1346 1271/1271/1271
f 1349/1349/1349 1347/1347/1347 1346/1346/1346
f 1344/1344/1344 1347/1347/1347 1349/1349/1349
f 1348/1348/1348 1349/1349/1349 1346/1346/1346
f 1348/1348/1348 1271/1271/1271 1272/1272/1272
f 1272/1272/1272 1350/1350/1350 1348/1348/1348
f 1351/1351/1351 1273/1273/1273 1274/1274/1274
f 1274/1274/1274 1352/1352/1352 1351/1351/1351
f 1352/1352/1352 1274/1274/1274 1275/1275/1275
f 1275/1275/1275 1353/1353/1353 1352/1352/1352
f 1353/1353/1353 1275/1275/1275 1276/1276/1276
f 1276/1276/1276 1354/1354/1354 1353/1353/1353
f 1354/1354/1354 1276/1276/1276 1277/1277/1277
f 1277/1277/1277 1355/1355/1355 1354/1354/1354
f 1355/1355/1355 1277/1277/1277 1278/1278/1278
f 1278/1278/1278 1356/1356/1356 1355/1355/1355
f 1356/1356/1356 1278/1278/1278 1279/1279/1279
f 1279/1279/1279 1357/1357/1357 1356/1356/1356
f 1357/1357/1357 1279/1279/1279 1280/1280/1280
f 1280/1280/1280 1358/1358/1358 1357/1357/1357
f 1358/1358/1358 1280/1280/1280 1281/1281/1281
f 1281/1281/1281 1359/1359/1359 1358/1358/1358
f 1359/1359/1359 1281/1281/1281 1282/1282/1282
f 1282/1282/1282 1360/1360/1360 1359/1359/1359
f 1360/1360/1360 1282/1282/1282 1283/1283/1283
f 1283/1283/1283 1361/1361/1361 1360/1360/1360
f 1361/1361/1361 1283/1283/1283 1284/1284/1284
f 1284/1284/1284 1362/1362/1362 1361/1361/1361
f 1362/1362/1362 1284/1284/1284 1285/1285/1285
f 1285/1285/1285 1363/1363/1363 1362/1362/1362
f 1363/1363/1363 1285/1285/1285 1287/1287/1287
f 1287/1287/1287 1364/1364/1364 1363/1363/1363
f 1364/1364/1364 1287/1287/1287 1288/1288/1288
f 1288/1288/1288 1365/1365/1365 1364/1364/1364
f 1288/1288/1288 1366/1366/1366 1365/1365/1365
f 1290/1290/1290 1366/1366/1366 1288/1288/1288
f 1366/1366/1366 1368/1368/1368 1367/1367/1367
f 1290/1290/1290 1368/1368/1368 1366/1366/1366
f 1365/1365/1365 1366/1366/1366 1367/1367/1367
f 1369/1369/1369 1368/1368/1368 1290/1290/1290
f 1367/1367/1367 1368/1368/1368 1369/1369/1369
f 1369/1369/1369 1301/1301/1301 1299/1299/1299
f 1290/1290/1290 1301/1301/1301 1369/1369/1369
f 1370/1370/1370 1369/1369/1369 1299/1299/1299
f 1367/1367/1367 1369/1369/1369 1370/1370/1370
f 1299/1299/1299 1371/1371/1371 1370/1370/1370
f 1371/1371/1371 1305/1305/1305 1304/1304/1304
f 1299/1299/1299 1305/1305/1305 1371/1371/1371
f 1371/1371/1371 1373/1373/1373 1372/1372/1372
f 1304/1304/1304 1373/1373/1373 1371/1371/1371
f 1370/1370/1370 1371/1371/1371 1372/1372/1372
f 1373/1373/1373 1375/1375/1375 1374/1374/1374
f 1304/1304/1304 1375/1375/1375 1373/1373/1373
f 1372/1372/1372 1373/1373/1373 1374/1374/1374
f 1376/1376/1376 1377/1377/1377 1308/1308/1308
f 1374/1374/1374 1377/1377/1377 1376/1376/1376
f 1307/1307/1307 1376/1376/1376 1308/1308/1308
f 1308/1308/1308 1375/1375/1375 1304/1304/1304
f 1375/1375/1375 1377/1377/1377 1374/1374/1374
f 1308/1308/1308 1377/1377/1377 1375/1375/1375
f 1374/1374/1374 1379/1379/1379 1378/1378/1378
f 1379/1379/1379 1376/1376/1376 1307/1307/1307
f 1374/1374/1374 1376/1376/1376 1379/1379/1379
f 1372/1372/1372 1374/1374/1374 1378/1378/1378
f 1380/1380/1380 1379/1379/1379 1307/1307/1307
f 1378/1378/1378 1379/1379/1379 1380/1380/1380
f 1309/1309/1309 1380/1380/1380 1307/1307/1307
f 1381/1381/1381 1380/1380/1380 1309/1309/1309
f 1378/1378/1378 1380/1380/1380 1381/1381/1381
f 1381/1381/1381 1309/1309/1309 1312/1312/1312
f 1312/1312/1312 1382/1382/1382 1381/1381/1381
f 1382/1382/1382 1312/1312/1312 1315/1315/1315
f 1315/1315/1315 1383/1383/1383 1382/1382/1382
f 1383/1383/1383 1315/1315/1315 1317/1317/1317
f 1317/1317/1317 1384/1384/1384 1383/1383/1383
f 1384/1384/1384 1317/1317/1317 1319/1319/1319
f 1319/1319/1319 1385/1385/1385 1384/1384/1384
f 1319/1319/1319 1386/1386/1386 1385/1385/1385
f 1320/1320/1320 1386/1386/1386 1319/1319/1319
f 1386/1386/1386 1388/1388/1388 1387/1387/1387
f 1320/1320/1320 1388/1388/1388 1386/1386/1386
f 1385/1385/1385 1386/1386/1386 1387/1387/1387
f 1389/1389/1389 1388/1388/1388 1320/1320/1320
f 1388/1388/1388 1390/1390/1390 1387/1387/1387
f 1389/1389/1389 1390/1390/1390 1388/1388/1388
f 1323/1323/1323 1391/1391/1391 1389/1389/1389
f 1322/1322/1322 1391/1391/1391 1323/1323/1323
f 1320/1320/1320 1323/1323/1323 1389/1389/1389
f 1392/1392/1392 1394/1394/1394 1393/1393/1393
f 1394/1394/1394 1395/1395/1395 1389/1389/1389
f 1392/1392/1392 1395/1395/1395 1394/1394/1394
f 1396/1396/1396 1392/1392/1392 1393/1393/1393
f 1393/1393/1393 1391/1391/1391 1322/1322/1322
f 1391/1391/1391 1394/1394/1394 1389/1389/1389
f 1393/1393/1393 1394/1394/1394 1391/1391/1391
f 1390/1390/1390 1398/1398/1398 1397/1397/1397
f 1389/1389/1389 1398/1398/1398 1390/1390/1390
f 1387/1387/1387 1390/1390/1390 1397/1397/1397
f 1397/1397/1397 1392/1392/1392 1396/1396/1396
f 1398/1398/1398 1395/1395/1395 1392/1392/1392
f 1389/1389/1389 1395/1395/1395 1398/1398/1398
f 1397/1397/1397 1398/1398/1398 1392/1392/1392
f 1399/1399/1399 1393/1393/1393 1322/1322/1322
f 1396/1396/1396 1393/1393/1393 1399/1399/1399
f 1325/1325/1325 1399/1399/1399 1322/1322/1322
f 1400/1400/1400 1399/1399/1399 1325/1325/1325
f 1396/1396/1396 1399/1399/1399 1400/1400/1400
f 1400/1400/1400 1325/1325/1325 1331/1331/1331
f 1331/1331/1331 1401/1401/1401 1400/1400/1400
f 1401/1401/1401 1331/1331/1331 1338/1338/1338
f 1338/1338/1338 1402/1402/1402 1401/1401/1401
f 1402/1402/1402 1338/1338/1338 1341/1341/1341
f 1341/1341/1341 1403/1403/1403 1402/1402/1402
f 1403/1403/1403 1341/1341/1341 1344/1344/1344
f 1344/1344/1344 1404/1404/1404 1403/1403/1403
f 1344/1344/1344 1405/1405/1405 1404/1404/1404
f 1405/1405/1405 1349/1349/1349 1348/1348/1348
f 1344/1344/1344 1349/1349/1349 1405/1405/1405
f 1406/1406/1406 1405/1405/1405 1348/1348/1348
f 1404/1404/1404 1405/1405/1405 1406/1406/1406
f 1406/1406/1406 1348/1348/1348 1350/1350/1350
f 1350/1350/1350 1407/1407/1407 1406/1406/1406
f 1408/1408/1408 1351/1351/1351 1352/1352/1352
f 1352/1352/1352 1409/1409/1409 1408/1408/1408
f 1352/1352/1352 1410/1410/1410 1409/1409/1409
f 1353/1353/1353 1410/1410/1410 1352/1352/1352
f 1410/1410/1410 1412/1412/1412 1411/1411/1411
f 1353/1353/1353 1412/1412/1412 1410/1410/1410
f 1409/1409/1409 1410/1410/1410 1411/1411/1411
f 1413/1413/1413 1412/1412/1412 1353/1353/1353
f 1411/1411/1411 1412/1412/1412 1413/1413/1413
f 1354/1354/1354 1413/1413/1413 1353/1353/1353
f 1414/1414/1414 1413/1413/1413 1354/1354/1354
f 1411/1411/1411 1413/1413/1413 1414/1414/1414
f 1414/1414/1414 1354/1354/1354 1355/1355/1355
f 1355/1355/1355 1415/1415/1415 1414/1414/1414
f 1355/1355/1355 1416/1416/1416 1415/1415/1415
f 1356/1356/1356 1416/1416/1416 1355/1355/1355
f 1417/1417/1417 1416/1416/1416 1356/1356/1356
f 1416/1416/1416 1418/1418/1418 1415/1415/1415
f 1417/1417/1417 1418/1418/1418 1416/1416/1416
f 1417/1417/1417 1356/1356/1356 1357/1357/1357
f 1357/1357/1357 1419/1419/1419 1417/1417/1417
f 1419/1419/1419 1357/1357/1357 1358/1358/1358
f 1358/1358/1358 1420/1420/1420 1419/1419/1419
f 1420/1420/1420 1358/1358/1358 1359/1359/1359
f 1359/1359/1359 1421/1421/1421 1420/1420/1420
f 1421/1421/1421 1359/1359/1359 1360/1360/1360
f 1360/1360/1360 1422/1422/1422 1421/1421/1421
f 1422/1422/1422 1360/1360/1360 1361/1361/1361
f 1361/1361/1361 1423/1423/1423 1422/1422/1422
f 1423/1423/1423 1361/1361/1361 1362/1362/1362
f 1362/1362/1362 1424/1424/1424 1423/1423/1423
f 1424/1424/1424 1362/1362/1362 1363/1363/1363
f 1363/1363/1363 1425/1425/1425 1424/1424/1424
f 1425/1425/1425 1363/1363/1363 1364/1364/1364
f 1364/1364/1364 1426/1426/1426 1425/1425/1425
f 1426/1426/1426 1364/1364/1364 1365/1365/1365
f 1365/1365/1365 1427/1427/1427 1426/1426/1426
f 1427/1427/1427 1365/1365/1365 1367/1367/1367
f 1367/1367/1367 1428/1428/1428 1427/1427/1427
f 1428/1428/1428 1367/1367/1367 1370/1370/1370
f 1370/1370/1370 1429/1429/1429 1428/1428/1428
f 1429/1429/1429 1370/1370/1370 1372/1372/1372
f 1372/1372/1372 1430/1430/1430 1429/1429/1429
f 1430/1430/1430 1372/1372/1372 1378/1378/1378
f 1378/1378/1378 1431/1431/1431 1430/1430/1430
f 1431/1431/1431 1378/1378/1378 1381/1381/1381
f 1381/1381/1381 1432/1432/1432 1431/1431/1431
f 1432/1432/1432 1381/1381/1381 1382/1382/1382
f 1382/1382/1382 1433/1433/1433 1432/1432/1432
f 1433/1433/1433 1382/1382/1382 1383/1383/1383
f 1383/1383/1383 1434/1434/1434 1433/1433/1433
f 1434/1434/1434 1383/1383/1383 1384/1384/1384
f 1384/1384/1384 1435/1435/1435 1434/1434/1434
f 1435/1435/1435 1384/1384/1384 1385/1385/1385
f 1385/1385/1385 1436/1436/1436 1435/1435/1435
f 1436/1436/1436 1385/1385/1385 1387/1387/1387
f 1387/1387/1387 1437/1437/1437 1436/1436/1436
f 1387/1387/1387 1438/1438/1438 1437/1437/1437
f 1438/1438/1438 1397/1397/1397 1396/1396/1396
f 1387/1387/1387 1397/1397/1397 1438/1438/1438
f 1439/1439/1439 1438/1438/1438 1396/1396/1396
f 1437/1437/1437 1438/1438/1438 1439/1439/1439
f 1396/1396/1396 1440/1440/1440 1439/1439/1439
f 1400/1400/1400 1440/1440/1440 1396/1396/1396
f 1441/1441/1441 1440/1440/1440 1400/1400/1400
f 1440/1440/1440 1442/1442/1442 1439/1439/1439
f 1441/1441/1441 1442/1442/1442 1440/1440/1440
f 1400/1400/1400 1443/1443/1443 1441/1441/1441
f 1401/1401/1401 1443/1443/1443 1400/1400/1400
f 1444/1444/1444 1443/1443/1443 1401/1401/1401
f 1443/1443/1443 1445/1445/1445 1441/1441/1441
f 1444/1444/1444 1445/1445/1445 1443/1443/1443
f 1444/1444/1444 1401/1401/1401 1402/1402/1402
f 1402/1402/1402 1446/1446/1446 1444/1444/1444
f 1446/1446/1446 1402/1402/1402 1403/1403/1403
f 1403/1403/1403 1447/1447/1447 1446/1446/1446
f 1447/1447/1447 1403/1403/1403 1404/1404/1404
f 1404/1404/1404 1448/1448/1448 1447/1447/1447
f 1448/1448/1448 1404/1404/1404 1406/1406/1406
f 1406/1406/1406 1449/1449/1449 1448/1448/1448
f 1449/1449/1449 1406/1406/1406 1407/1407/1407
f 1407/1407/1407 1450/1450/1450 1449/1449/1449
f 1451/1451/1451 1408/1408/1408 1409/1409/1409
f 1409/1409/1409 1452/1452/1452 1451/1451/1451
f 1452/1452/1452 1409/1409/1409 1411/1411/1411
f 1411/1411/1411 1453/1453/1453 1452/1452/1452
f 1453/1453/1453 1411/1411/1411 1414/1414/1414
f 1414/1414/1414 1454/1454/1454 1453/1453/1453
f 1454/1454/1454 1414/1414/1414 1415/1415/1415
f 1415/1415/1415 1455/1455/1455 1454/1454/1454
f 1415/1415/1415 1456/1456/1456 1455/1455/1455
f 1456/1456/1456 1418/1418/1418 1417/1417/1417
f 1415/1415/1415 1418/1418/1418 1456/1456/1456
f 1457/1457/1457 1456/1456/1456 1417/1417/1417
f 1455/1455/1455 1456/1456/1456 1457/1457/1457
f 1457/1457/1457 1417/1417/1417 1419/1419/1419
f 1419/1419/1419 1458/1458/1458 1457/1457/1457
f 1458/1458/1458 1419/1419/1419 1420/1420/1420
f 1420/1420/1420 1459/1459/1459 1458/1458/1458
f 1459/1459/1459 1420/1420/1420 1421/1421/1421
f 1421/1421/1421 1460/1460/1460 1459/1459/1459
f 1460/1460/1460 1421/1421/1421 1422/1422/1422
f 1422/1422/1422 1461/1461/1461 1460/1460/1460
f 1461/1461/1461 1422/1422/1422 1423/1423/1423
f 1423/1423/1423 1462/1462/1462 1461/1461/1461
f 1462/1462/1462 1423/1423/1423 1424/1424/1424
f 1424/1424/1424 1463/1463/1463 1462/1462/1462
f 1463/1463/1463 1424/1424/1424 1425/1425/1425
f 1425/1425/1425 1464/1464/1464 1463/1463/1463
f 1464/1464/1464 1425/1425/1425 1426/1426/1426
f 1426/1426/1426 1465/1465/1465 1464/1464/1464
f 1465/1465/1465 1426/1426/1426 1427/1427/1427
f 1427/1427/1427 1466/1466/1466 1465/1465/1465
f 1466/1466/1466 1427/1427/1427 1428/1428/1428
f 1428/1428/1428 1467/1467/1467 1466/1466/1466
f 1467/1467/1467 1428/1428/1428 1429/1429/1429
f 1429/1429/1429 1468/1468/1468 1467/1467/1467
f 1429/1429/1429 1469/1469/1469 1468/1468/1468
f 1430/1430/1430 1469/1469/1469 1429/1429/1429
f 1470/1470/1470 1469/1469/1469 1430/1430/1430
f 1468/1468/1468 1469/1469/1469 1470/1470/1470
f 1470/1470/1470 1430/1430/1430 1431/1431/1431
f 1431/1431/1431 1471/1471/1471 1470/1470/1470
f 1471/1471/1471 1431/1431/1431 1432/1432/1432
f 1432/1432/1432 1472/1472/1472 1471/1471/1471
f 1472/1472/1472 1432/1432/1432 1433/1433/1433
f 1433/1433/1433 1473/1473/1473 1472/1472/1472
f 1433/1433/1433 1474/1474/1474 1473/1473/1473
f 1434/1434/1434 1474/1474/1474 1433/1433/1433
f 1475/1475/1475 1474/1474/1474 1434/1434/1434
f 1474/1474/1474 1476/1476/1476 1473/1473/1473
f 1475/1475/1475 1476/1476/1476 1474/1474/1474
f 1475/1475/1475 1434/1434/1434 1435/1435/1435
f 1435/1435/1435 1477/1477/1477 1475/1475/1475
f 1435/1435/1435 1478/1478/1478 1477/1477/1477
f 1436/1436/1436 1478/1478/1478 1435/1435/1435
f 1479/1479/1479 1478/1478/1478 1436/1436/1436
f 1478/1478/1478 1480/1480/1480 1477/1477/1477
f 1479/1479/1479 1480/1480/1480 1478/1478/1478
f 1479/1479/1479 1436/1436/1436 1437/1437/1437
f 1437/1437/1437 1481/1481/1481 1479/1479/1479
f 1481/1481/1481 1437/1437/1437 1439/1439/1439
f 1439/1439/1439 1482/1482/1482 1481/1481/1481
f 1439/1439/1439 1483/1483/1483 1482/1482/1482
f 1442/1442/1442 1484/1484/1484 1483/1483/1483
f 1441/1441/1441 1484/1484/1484 1442/1442/1442
f 1439/1439/1439 1442/1442/1442 1483/1483/1483
f 1483/1483/1483 1486/1486/1486 1485/1485/1485
f 1484/1484/1484 1487/1487/1487 1486/1486/1486
f 1441/1441/1441 1487/1487/1487 1484/1484/1484
f 1483/1483/1483 1484/1484/1484 1486/1486/1486
f 1482/1482/1482 1483/1483/1483 1485/1485/1485
f 1486/1486/1486 1489/1489/1489 1488/1488/1488
f 1489/1489/1489 1487/1487/1487 1441/1441/1441
f 1486/1486/1486 1487/1487/1487 1489/1489/1489
f 1485/1485/1485 1486/1486/1486 1488/1488/1488
f 1488/1488/1488 1445/1445/1445 1444/1444/1444
f 1445/1445/1445 1489/1489/1489 1441/1441/1441
f 1488/1488/1488 1489/1489/1489 1445/1445/1445
f 1490/1490/1490 1491/1491/1491 1488/1488/1488
f 1492/1492/1492 1493/1493/1493 1491/1491/1491
f 1493/1493/1493 1495/1495/1495 1494/1494/1494
f 1492/1492/1492 1495/1495/1495 1493/1493/1493
f 1490/1490/1490 1492/1492/1492 1491/1491/1491
f 1444/1444/1444 1490/1490/1490 1488/1488/1488
f 1488/1488/1488 1496/1496/1496 1485/1485/1485
f 1491/1491/1491 1497/1497/1497 1496/1496/1496
f 1497/1497/1497 1493/1493/1493 1494/1494/1494
f 1491/1491/1491 1493/1493/1493 1497/1497/1497
f 1488/1488/1488 1491/1491/1491 1496/1496/1496
f 1498/1498/1498 1490/1490/1490 1444/1444/1444
f 1499/1499/1499 1492/1492/1492 1490/1490/1490
f 1500/1500/1500 1495/1495/1495 1492/1492/1492
f 1494/1494/1494 1495/1495/1495 1500/1500/1500
f 1499/1499/1499 1500/1500/1500 1492/1492/1492
f 1498/1498/1498 1499/1499/1499 1490/1490/1490
f 1446/1446/1446 1498/1498/1498 1444/1444/1444
f 1498/1498/1498 1502/1502/1502 1501/1501/1501
f 1446/1446/1446 1502/1502/1502 1498/1498/1498
f 1503/1503/1503 1499/1499/1499 1498/1498/1498
f 1504/1504/1504 1500/1500/1500 1499/1499/1499
f 1494/1494/1494 1500/1500/1500 1504/1504/1504
f 1503/1503/1503 1504/1504/1504 1499/1499/1499
f 1501/1501/1501 1503/1503/1503 1498/1498/1498
f 1505/1505/1505 1502/1502/1502 1446/1446/1446
f 1502/1502/1502 1506/1506/1506 1501/1501/1501
f 1505/1505/1505 1506/1506/1506 1502/1502/1502
f 1447/1447/1447 1505/1505/1505 1446/1446/1446
f 1507/1507/1507 1508/1508/1508 1505/1505/1505
f 1509/1509/1509 1508/1508/1508 1507/1507/1507
f 1447/1447/1447 1507/1507/1507 1505/1505/1505
f 1506/1506/1506 1511/1511/1511 1510/1510/1510
f 1505/1505/1505 1511/1511/1511 1506/1506/1506
f 1501/1501/1501 1506/1506/1506 1510/1510/1510
f 1510/1510/1510 1508/1508/1508 1509/1509/1509
f 1508/1508/1508 1511/1511/1511 1505/1505/1505
f 1510/1510/1510 1511/1511/1511 1508/1508/1508
f 1512/1512/1512 1507/1507/1507 1447/1447/1447
f 1509/1509/1509 1507/1507/1507 1512/1512/1512
f 1448/1448/1448 1512/1512/1512 1447/1447/1447
f 1512/1512/1512 1514/1514/1514 1513/1513/1513
f 1448/1448/1448 1514/1514/1514 1512/1512/1512
f 1509/1509/1509 1512/1512/1512 1513/1513/1513
f 1515/1515/1515 1514/1514/1514 1448/1448/1448
f 1514/1514/1514 1516/1516/1516 1513/1513/1513
f 1515/1515/1515 1516/1516/1516 1514/1514/1514
f 1449/1449/1449 1515/1515/1515 1448/1448/1448
f 1517/1517/1517 1515/1515/1515 1449/1449/1449
f 1518/1518/1518 1516/1516/1516 1515/1515/1515
f 1513/1513/1513 1516/1516/1516 1518/1518/1518
f 1517/1517/1517 1518/1518/1518 1515/1515/1515
f 1449/1449/1449 1519/1519/1519 1517/1517/1517
f 1450/1450/1450 1519/1519/1519 1449/1449/1449
f 1520/1520/1520 1519/1519/1519 1450/1450/1450
f 1519/1519/1519 1521/1521/1521 1517/1517/1517
f 1520/1520/1520 1521/1521/1521 1519/1519/1519
f 1522/1522/1522 1451/1451/1451 1452/1452/1452
f 1452/1452/1452 1523/1523/1523 1522/1522/1522
f 1523/1523/1523 1452/1452/1452 1453/1453/1453
f 1453/1453/1453 1524/1524/1524 1523/1523/1523
f 1524/1524/1524 1453/1453/1453 1454/1454/1454
f 1454/1454/1454 1525/1525/1525 1524/1524/1524
f 1525/1525/1525 1454/1454/1454 1455/1455/1455
f 1455/1455/1455 1526/1526/1526 1525/1525/1525
f 1526/1526/1526 1455/1455/1455 1457/1457/1457
f 1457/1457/1457 1527/1527/1527 1526/1526/1526
f 1527/1527/1527 1457/1457/1457 1458/1458/1458
f 1458/1458/1458 1528/1528/1528 1527/1527/1527
f 1528/1528/1528 1458/1458/1458 1459/1459/1459
f 1459/1459/1459 1529/1529/1529 1528/1528/1528
f 1529/1529/1529 1459/1459/1459 1460/1460/1460
f 1460/1460/1460 1530/1530/1530 1529/1529/1529
f 1530/1530/1530 1460/1460/1460 1461/1461/1461
f 1461/1461/1461 1531/1531/1531 1530/1530/1530
f 1461/1461/1461 1532/1532/1532 1531/1531/1531
f 1462/1462/1462 1532/1532/1532 1461/1461/1461
f 1533/1533/1533 1532/1532/1532 1462/1462/1462
f 1531/1531/1531 1532/1532/1532 1533/1533/1533
f 1533/1533/1533 1462/1462/1462 1463/1463/1463
f 1463/1463/1463 1534/1534/1534 1533/1533/1533
f 1534/1534/1534 1463/1463/1463 1464/1464/1464
f 1464/1464/1464 1535/1535/1535 1534/1534/1534
f 1535/1535/1535 1464/1464/1464 1465/1465/1465
f 1465/1465/1465 1536/1536/1536 1535/1535/1535
f 1536/1536/1536 1465/1465/1465 1466/1466/1466
f 1466/1466/1466 1537/1537/1537 1536/1536/1536
f 1537/1537/1537 1466/1466/1466 1467/1467/1467
f 1467/1467/1467 1538/1538/1538 1537/1537/1537
f 1538/1538/1538 1467/1467/1467 1468/1468/1468
f 1468/1468/1468 1539/1539/1539 1538/1538/1538
f 1539/1539/1539 1468/1468/1468 1470/1470/1470
f 1470/1470/1470 1540/1540/1540 1539/1539/1539
f 1470/1470/1470 1541/1541/1541 1540/1540/1540
f 1471/1471/1471 1541/1541/1541 1470/1470/1470
f 1541/1541/1541 1543/1543/1543 1542/1542/1542
f 1471/1471/1471 1543/1543/1543 1541/1541/1541
f 1540/1540/1540 1541/1541/1541 1542/1542/1542
f 1544/1544/1544 1543/1543/1543 1471/1471/1471
f 1543/1543/1543 1545/1545/1545 1542/1542/1542
f 1544/1544/1544 1545/1545/1545 1543/1543/1543
f 1472/1472/1472 1544/1544/1544 1471/1471/1471
f 1546/1546/1546 1547/1547/1547 1544/1544/1544
f 1548/1548/1548 1547/1547/1547 1546/1546/1546
f 1472/1472/1472 1546/1546/1546 1544/1544/1544
f 1545/1545/1545 1550/1550/1550 1549/1549/1549
f 1544/1544/1544 1550/1550/1550 1545/1545/1545
f 1542/1542/1542 1545/1545/1545 1549/1549/1549
f 1549/1549/1549 1547/1547/1547 1548/1548/1548
f 1547/1547/1547 1550/1550/1550 1544/1544/1544
f 1549/1549/1549 1550/1550/1550 1547/1547/1547
f 1551/1551/1551 1546/1546/1546 1472/1472/1472
f 1548/1548/1548 1546/1546/1546 1551/1551/1551
f 1473/1473/1473 1551/1551/1551 1472/1472/1472
f 1551/1551/1551 1553/1553/1553 1552/1552/1552
f 1473/1473/1473 1553/1553/1553 1551/1551/1551
f 1548/1548/1548 1551/1551/1551 1552/1552/1552
f 1553/1553/1553 1555/1555/1555 1554/1554/1554
f 1473/1473/1473 1555/1555/1555 1553/1553/1553
f 1552/1552/1552 1553/1553/1553 1554/1554/1554
f 1554/1554/1554 1476/1476/1476 1475/1475/1475
f 1476/1476/1476 1555/1555/1555 1473/1473/1473
f 1554/1554/1554 1555/1555/1555 1476/1476/1476
f 1556/1556/1556 1554/1554/1554 1475/1475/1475
f 1552/1552/1552 1554/1554/1554 1556/1556/1556
f 1475/1475/1475 1557/1557/1557 1556/1556/1556
f 1477/1477/1477 1557/1557/1557 1475/1475/1475
f 1557/1557/1557 1559/1559/1559 1558/1558/1558
f 1477/1477/1477 1559/1559/1559 1557/1557/1557
f 1556/1556/1556 1557/1557/1557 1558/1558/1558
f 1560/1560/1560 1561/1561/1561 1559/1559/1559
f 1562/1562/1562 1561/1561/1561 1560/1560/1560
f 1477/1477/1477 1560/1560/1560 1559/1559/1559
f 1559/1559/1559 1563/1563/1563 1558/1558/1558
f 1563/1563/1563 1561/1561/1561 1562/1562/1562
f 1559/1559/1559 1561/1561/1561 1563/1563/1563
f 1562/1562/1562 1480/1480/1480 1479/1479/1479
f 1480/1480/1480 1560/1560/1560 1477/1477/1477
f 1562/1562/1562 1560/1560/1560 1480/1480/1480
f 1564/1564/1564 1565/1565/1565 1562/1562/1562
f 1566/1566/1566 1565/1565/1565 1564/1564/1564
f 1479/1479/1479 1564/1564/1564 1562/1562/1562
f 1563/1563/1563 1568/1568/1568 1567/1567/1567
f 1562/1562/1562 1568/1568/1568 1563/1563/1563
f 1558/1558/1558 1563/1563/1563 1567/1567/1567
f 1567/1567/1567 1565/1565/1565 1566/1566/1566
f 1565/1565/1565 1568/1568/1568 1562/1562/1562
f 1567/1567/1567 1568/1568/1568 1565/1565/1565
f 1569/1569/1569 1564/1564/1564 1479/1479/1479
f 1564/1564/1564 1570/1570/1570 1566/1566/1566
f 1569/1569/1569 1570/1570/1570 1564/1564/1564
f 1481/1481/1481 1569/1569/1569 1479/1479/1479
f 1571/1571/1571 1569/1569/1569 1481/1481/1481
f 1572/1572/1572 1570/1570/1570 1569/1569/1569
f 1570/1570/1570 1573/1573/1573 1566/1566/1566
f 1572/1572/1572 1573/1573/1573 1570/1570/1570
f 1571/1571/1571 1572/1572/1572 1569/1569/1569
f 1481/1481/1481 1574/1574/1574 1571/1571/1571
f 1482/1482/1482 1574/1574/1574 1481/1481/1481
f 1575/1575/1575 1576/1576/1576 1574/1574/1574
f 1577/1577/1577 1576/1576/1576 1575/1575/1575
f 1482/1482/1482 1575/1575/1575 1574/1574/1574
f 1574/1574/1574 1578/1578/1578 1571/1571/1571
f 1576/1576/1576 1579/1579/1579 1578/1578/1578
f 1577/1577/1577 1579/1579/1579 1576/1576/1576
f 1574/1574/1574 1576/1576/1576 1578/1578/1578
f 1580/1580/1580 1575/1575/1575 1482/1482/1482
f 1577/1577/1577 1575/1575/1575 1580/1580/1580
f 1485/1485/1485 1580/1580/1580 1482/1482/1482
f 1581/1581/1581 1580/1580/1580 1485/1485/1485
f 1577/1577/1577 1580/1580/1580 1581/1581/1581
f 1485/1485/1485 1582/1582/1582 1581/1581/1581
f 1496/1496/1496 1583/1583/1583 1582/1582/1582
f 1583/1583/1583 1497/1497/1497 1494/1494/1494
f 1496/1496/1496 1497/1497/1497 1583/1583/1583
f 1485/1485/1485 1496/1496/1496 1582/1582/1582
f 1582/1582/1582 1585/1585/1585 1584/1584/1584
f 1585/1585/1585 1583/1583/1583 1494/1494/1494
f 1582/1582/1582 1583/1583/1583 1585/1585/1585
f 1581/1581/1581 1582/1582/1582 1584/1584/1584
f 1585/1585/1585 1587/1587/1587 1586/1586/1586
f 1494/1494/1494 1587/1587/1587 1585/1585/1585
f 1584/1584/1584 1585/1585/1585 1586/1586/1586
f 1586/1586/1586 1503/1503/1503 1501/1501/1501
f 1587/1587/1587 1504/1504/1504 1503/1503/1503
f 1494/1494/1494 1504/1504/1504 1587/1587/1587
f 1586/1586/1586 1587/1587/1587 1503/1503/1503
f 1588/1588/1588 1586/1586/1586 1501/1501/1501
f 1584/1584/1584 1586/1586/1586 1588/1588/1588
f 1501/1501/1501 1589/1589/1589 1588/1588/1588
f 1589/1589/1589 1510/1510/1510 1509/1509/1509
f 1501/1501/1501 1510/1510/1510 1589/1589/1589
f 1590/1590/1590 1589/1589/1589 1509/1509/1509
f 1588/1588/1588 1589/1589/1589 1590/1590/1590
f 1590/1590/1590 1509/1509/1509 1513/1513/1513
f 1513/1513/1513 1591/1591/1591 1590/1590/1590
f 1513/1513/1513 1592/1592/1592 1591/1591/1591
f 1592/1592/1592 1518/1518/1518 1517/1517/1517
f 1513/1513/1513 1518/1518/1518 1592/1592/1592
f 1592/1592/1592 1594/1594/1594 1593/1593/1593
f 1517/1517/1517 1594/1594/1594 1592/1592/1592
f 1591/1591/1591 1592/1592/1592 1593/1593/1593
f 1595/1595/1595 1594/1594/1594 1517/1517/1517
f 1593/1593/1593 1594/1594/1594 1595/1595/1595
f 1595/1595/1595 1521/1521/1521 1520/1520/1520
f 1517/1517/1517 1521/1521/1521 1595/1595/1595
f 1596/1596/1596 1595/1595/1595 1520/1520/1520
f 1593/1593/1593 1595/1595/1595 1596/1596/1596
f 1597/1597/1597 1522/1522/1522 1523/1523/1523
f 1523/1523/1523 1598/1598/1598 1597/1597/1597
f 1598/1598/1598 1523/1523/1523 1524/1524/1524
f 1524/1524/1524 1599/1599/1599 1598/1598/1598
f 1599/1599/1599 1524/1524/1524 1525/1525/1525
f 1525/1525/1525 1600/1600/1600 1599/1599/1599
f 1600/1600/1600 1525/1525/1525 1526/1526/1526
f 1526/1526/1526 1601/1601/1601 1600/1600/1600
f 1601/1601/1601 1526/1526/1526 1527/1527/1527
f 1527/1527/1527 1602/1602/1602 1601/1601/1601
f 1602/1602/1602 1527/1527/1527 1528/1528/1528
f 1528/1528/1528 1603/1603/1603 1602/1602/1602
f 1603/1603/1603 1528/1528/1528 1529/1529/1529
f 1529/1529/1529 1604/1604/1604 1603/1603/1603
f 1604/1604/1604 1529/1529/1529 1530/1530/1530
f 1530/1530/1530 1605/1605/1605 1604/1604/1604
f 1605/1605/1605 1530/1530/1530 1531/1531/1531
f 1531/1531/1531 1606/1606/1606 1605/1605/1605
f 1606/1606/1606 1531/1531/1531 1533/1533/1533
f 1533/1533/1533 1607/1607/1607 1606/1606/1606
f 1533/1533/1533 1608/1608/1608 1607/1607/1607
f 1534/1534/1534 1608/1608/1608 1533/1533/1533
f 1608/1608/1608 1610/1610/1610 1609/1609/1609
f 1534/1534/1534 1610/1610/1610 1608/1608/1608
f 1607/1607/1607 1608/1608/1608 1609/1609/1609
f 1611/1611/1611 1610/1610/1610 1534/1534/1534
f 1609/1609/1609 1610/1610/1610 1611/1611/1611
f 1535/1535/1535 1611/1611/1611 1534/1534/1534
f 1611/1611/1611 1613/1613/1613 1612/1612/1612
f 1535/1535/1535 1613/1613/1613 1611/1611/1611
f 1609/1609/1609 1611/1611/1611 1612/1612/1612
f 1614/1614/1614 1613/1613/1613 1535/1535/1535
f 1613/1613/1613 1615/1615/1615 1612/1612/1612
f 1614/1614/1614 1615/1615/1615 1613/1613/1613
f 1536/1536/1536 1614/1614/1614 1535/1535/1535
f 1616/1616/1616 1614/1614/1614 1536/1536/1536
f 1617/1617/1617 1615/1615/1615 1614/1614/1614
f 1612/1612/1612 1615/1615/1615 1617/1617/1617
f 1616/1616/1616 1617/1617/1617 1614/1614/1614
f 1616/1616/1616 1536/1536/1536 1537/1537/1537
f 1537/1537/1537 1618/1618/1618 1616/1616/1616
f 1618/1618/1618 1537/1537/1537 1538/1538/1538
f 1538/1538/1538 1619/1619/1619 1618/1618/1618
f 1619/1619/1619 1538/1538/1538 1539/1539/1539
f 1539/1539/1539 1620/1620/1620 1619/1619/1619
f 1620/1620/1620 1539/1539/1539 1540/1540/1540
f 1540/1540/1540 1621/1621/1621 1620/1620/1620
f 1621/1621/1621 1540/1540/1540 1542/1542/1542
f 1542/1542/1542 1622/1622/1622 1621/1621/1621
f 1542/1542/1542 1623/1623/1623 1622/1622/1622
f 1623/1623/1623 1549/1549/1549 1548/1548/1548
f 1542/1542/1542 1549/1549/1549 1623/1623/1623
f 1624/1624/1624 1623/1623/1623 1548/1548/1548
f 1622/1622/1622 1623/1623/1623 1624/1624/1624
f 1624/1624/1624 1548/1548/1548 1552/1552/1552
f 1552/1552/1552 1625/1625/1625 1624/1624/1624
f 1625/1625/1625 1552/1552/1552 1556/1556/1556
f 1556/1556/1556 1626/1626/1626 1625/1625/1625
f 1626/1626/1626 1556/1556/1556 1558/1558/1558
f 1558/1558/1558 1627/1627/1627 1626/1626/1626
f 1558/1558/1558 1628/1628/1628 1627/1627/1627
f 1567/1567/1567 1629/1629/1629 1628/1628/1628
f 1566/1566/1566 1629/1629/1629 1567/1567/1567
f 1558/1558/1558 1567/1567/1567 1628/1628/1628
f 1628/1628/1628 1631/1631/1631 1630/1630/1630
f 1629/1629/1629 1632/1632/1632 1631/1631/1631
f 1566/1566/1566 1632/1632/1632 1629/1629/1629
f 1628/1628/1628 1629/1629/1629 1631/1631/1631
f 1627/1627/1627 1628/1628/1628 1630/1630/1630
f 1631/1631/1631 1634/1634/1634 1633/1633/1633
f 1632/1632/1632 1635/1635/1635 1634/1634/1634
f 1566/1566/1566 1635/1635/1635 1632/1632/1632
f 1631/1631/1631 1632/1632/1632 1634/1634/1634
f 1631/1631/1631 1636/1636/1636 1630/1630/1630
f 1633/1633/1633 1636/1636/1636 1631/1631/1631
f 1572/1572/1572 1637/1637/1637 1633/1633/1633
f 1571/1571/1571 1637/1637/1637 1572/1572/1572
f 1634/1634/1634 1573/1573/1573 1572/1572/1572
f 1573/1573/1573 1635/1635/1635 1566/1566/1566
f 1634/1634/1634 1635/1635/1635 1573/1573/1573
f 1633/1633/1633 1634/1634/1634 1572/1572/1572
f 1638/1638/1638 1640/1640/1640 1639/1639/1639
f 1640/1640/1640 1641/1641/1641 1633/1633/1633
f 1638/1638/1638 1641/1641/1641 1640/1640/1640
f 1642/1642/1642 1638/1638/1638 1639/1639/1639
f 1643/1643/1643 1644/1644/1644 1637/1637/1637
f 1639/1639/1639 1644/1644/1644 1643/1643/1643
f 1571/1571/1571 1643/1643/1643 1637/1637/1637
f 1637/1637/1637 1640/1640/1640 1633/1633/1633
f 1640/1640/1640 1644/1644/1644 1639/1639/1639
f 1637/1637/1637 1644/1644/1644 1640/1640/1640
f 1636/1636/1636 1646/1646/1646 1645/1645/1645
f 1633/1633/1633 1646/1646/1646 1636/1636/1636
f 1630/1630/1630 1636/1636/1636 1645/1645/1645
f 1645/1645/1645 1638/1638/1638 1642/1642/1642
f 1646/1646/1646 1641/1641/1641 1638/1638/1638
f 1633/1633/1633 1641/1641/1641 1646/1646/1646
f 1645/1645/1645 1646/1646/1646 1638/1638/1638
f 1639/1639/1639 1648/1648/1648 1647/1647/1647
f 1648/1648/1648 1643/1643/1643 1571/1571/1571
f 1639/1639/1639 1643/1643/1643 1648/1648/1648
f 1642/1642/1642 1639/1639/1639 1647/1647/1647
f 1649/1649/1649 1651/1651/1651 1650/1650/1650
f 1578/1578/1578 1651/1651/1651 1649/1649/1649
f 1647/1647/1647 1649/1649/1649 1650/1650/1650
f 1650/1650/1650 1579/1579/1579 1577/1577/1577
f 1579/1579/1579 1651/1651/1651 1578/1578/1578
f 1650/1650/1650 1651/1651/1651 1579/1579/1579
f 1578/1578/1578 1648/1648/1648 1571/1571/1571
f 1648/1648/1648 1649/1649/1649 1647/1647/1647
f 1578/1578/1578 1649/1649/1649 1648/1648/1648
f 1647/1647/1647 1653/1653/1653 1652/1652/1652
f 1653/1653/1653 1650/1650/1650 1577/1577/1577
f 1647/1647/1647 1650/1650/1650 1653/1653/1653
f 1642/1642/1642 1647/1647/1647 1652/1652/1652
f 1654/1654/1654 1653/1653/1653 1577/1577/1577
f 1652/1652/1652 1653/1653/1653 1654/1654/1654
f 1581/1581/1581 1654/1654/1654 1577/1577/1577
f 1655/1655/1655 1654/1654/1654 1581/1581/1581
f 1652/1652/1652 1654/1654/1654 1655/1655/1655
f 1581/1581/1581 1656/1656/1656 1655/1655/1655
f 1584/1584/1584 1656/1656/1656 1581/1581/1581
f 1657/1657/1657 1656/1656/1656 1584/1584/1584
f 1656/1656/1656 1658/1658/1658 1655/1655/1655
f 1657/1657/1657 1658/1658/1658 1656/1656/1656
f 1584/1584/1584 1659/1659/1659 1657/1657/1657
f 1588/1588/1588 1659/1659/1659 1584/1584/1584
f 1660/1660/1660 1659/1659/1659 1588/1588/1588
f 1659/1659/1659 1661/1661/1661 1657/1657/1657
f 1660/1660/1660 1661/1661/1661 1659/1659/1659
f 1660/1660/1660 1588/1588/1588 1590/1590/1590
f 1590/1590/1590 1662/1662/1662 1660/1660/1660
f 1662/1662/1662 1590/1590/1590 1591/1591/1591
f 1591/1591/1591 1663/1663/1663 1662/1662/1662
f 1663/1663/1663 1591/1591/1591 1593/1593/1593
f 1593/1593/1593 1664/1664/1664 1663/1663/1663
f 1664/1664/1664 1593/1593/1593 1596/1596/1596
f 1596/1596/1596 1665/1665/1665 1664/1664/1664
f 1666/1666/1666 1597/1597/1597 1598/1598/1598
f 1598/1598/1598 1667/1667/1667 1666/1666/1666
f 1667/1667/1667 1598/1598/1598 1599/1599/1599
f 1599/1599/1599 1668/1668/1668 1667/1667/1667
f 1599/1599/1599 1669/1669/1669 1668/1668/1668
f 1600/1600/1600 1669/1669/1669 1599/1599/1599
f 1670/1670/1670 1669/1669/1669 1600/1600/1600
f 1668/1668/1668 1669/1669/1669 1670/1670/1670
f 1670/1670/1670 1600/1600/1600 1601/1601/1601
f 1601/1601/1601 1671/1671/1671 1670/1670/1670
f 1671/1671/1671 1601/1601/1601 1602/1602/1602
f 1602/1602/1602 1672/1672/1672 1671/1671/1671
f 1672/1672/1672 1602/1602/1602 1603/1603/1603
f 1603/1603/1603 1673/1673/1673 1672/1672/1672
f 1673/1673/1673 1603/1603/1603 1604/1604/1604
f 1604/1604/1604 1674/1674/1674 1673/1673/1673
f 1604/1604/1604 1675/1675/1675 1674/1674/1674
f 1605/1605/1605 1675/1675/1675 1604/1604/1604
f 1676/1676/1676 1675/1675/1675 1605/1605/1605
f 1675/1675/1675 1677/1677/1677 1674/1674/1674
f 1676/1676/1676 1677/1677/1677 1675/1675/1675
f 1605/1605/1605 1678/1678/1678 1676/1676/1676
f 1606/1606/1606 1678/1678/1678 1605/1605/1605
f 1679/1679/1679 1678/1678/1678 1606/1606/1606
f 1678/1678/1678 1680/1680/1680 1676/1676/1676
f 1679/1679/1679 1680/1680/1680 1678/1678/1678
f 1606/1606/1606 1681/1681/1681 1679/1679/1679
f 1607/1607/1607 1681/1681/1681 1606/1606/1606
f 1682/1682/1682 1681/1681/1681 1607/1607/1607
f 1679/1679/1679 1681/1681/1681 1682/1682/1682
f 1607/1607/1607 1683/1683/1683 1682/1682/1682
f 1609/1609/1609 1683/1683/1683 1607/1607/1607
f 1684/1684/1684 1683/1683/1683 1609/1609/1609
f 1683/1683/1683 1685/1685/1685 1682/1682/1682
f 1684/1684/1684 1685/1685/1685 1683/1683/1683
f 1609/1609/1609 1686/1686/1686 1684/1684/1684
f 1612/1612/1612 1686/1686/1686 1609/1609/1609
f 1686/1686/1686 1688/1688/1688 1687/1687/1687
f 1612/1612/1612 1688/1688/1688 1686/1686/1686
f 1684/1684/1684 1686/1686/1686 1687/1687/1687
f 1688/1688/1688 1690/1690/1690 1689/1689/1689
f 1612/1612/1612 1690/1690/1690 1688/1688/1688
f 1687/1687/1687 1688/1688/1688 1689/1689/1689
f 1689/1689/1689 1617/1617/1617 1616/1616/1616
f 1617/1617/1617 1690/1690/1690 1612/1612/1612
f 1689/1689/1689 1690/1690/1690 1617/1617/1617
f 1691/1691/1691 1689/1689/1689 1616/1616/1616
f 1687/1687/1687 1689/1689/1689 1691/1691/1691
f 1691/1691/1691 1616/1616/1616 1618/1618/1618
f 1618/1618/1618 1692/1692/1692 1691/1691/1691
f 1692/1692/1692 1618/1618/1618 1619/1619/1619
f 1619/1619/1619 1693/1693/1693 1692/1692/1692
f 1693/1693/1693 1619/1619/1619 1620/1620/1620
f 1620/1620/1620 1694/1694/1694 1693/1693/1693
f 1694/1694/1694 1620/1620/1620 1621/1621/1621
f 1621/1621/1621 1695/1695/1695 1694/1694/1694
f 1695/1695/1695 1621/1621/1621 1622/1622/1622
f 1622/1622/1622 1696/1696/1696 1695/1695/1695
f 1696/1696/1696 1622/1622/1622 1624/1624/1624
f 1624/1624/1624 1697/1697/1697 1696/1696/1696
f 1624/1624/1624 1698/1698/1698 1697/1697/1697
f 1625/1625/1625 1698/1698/1698 1624/1624/1624
f 1699/1699/1699 1698/1698/1698 1625/1625/1625
f 1698/1698/1698 1700/1700/1700 1697/1697/1697
f 1699/1699/1699 1700/1700/1700 1698/1698/1698
f 1699/1699/1699 1625/1625/1625 1626/1626/1626
f 1626/1626/1626 1701/1701/1701 1699/1699/1699
f 1626/1626/1626 1702/1702/1702 1701/1701/1701
f 1627/1627/1627 1702/1702/1702 1626/1626/1626
f 1703/1703/1703 1704/1704/1704 1702/1702/1702
f 1705/1705/1705 1704/1704/1704 1703/1703/1703
f 1627/1627/1627 1703/1703/1703 1702/1702/1702
f 1702/1702/1702 1706/1706/1706 1701/1701/1701
f 1704/1704/1704 1707/1707/1707 1706/1706/1706
f 1705/1705/1705 1707/1707/1707 1704/1704/1704
f 1702/1702/1702 1704/1704/1704 1706/1706/1706
f 1708/1708/1708 1703/1703/1703 1627/1627/1627
f 1705/1705/1705 1703/1703/1703 1708/1708/1708
f 1630/1630/1630 1708/1708/1708 1627/1627/1627
f 1709/1709/1709 1708/1708/1708 1630/1630/1630
f 1708/1708/1708 1710/1710/1710 1705/1705/1705
f 1709/1709/1709 1710/1710/1710 1708/1708/1708
f 1630/1630/1630 1711/1711/1711 1709/1709/1709
f 1711/1711/1711 1645/1645/1645 1642/1642/1642
f 1630/1630/1630 1645/1645/1645 1711/1711/1711
f 1711/1711/1711 1713/1713/1713 1712/1712/1712
f 1642/1642/1642 1713/1713/1713 1711/1711/1711
f 1709/1709/1709 1711/1711/1711 1712/1712/1712
f 1714/1714/1714 1713/1713/1713 1642/1642/1642
f 1713/1713/1713 1715/1715/1715 1712/1712/1712
f 1714/1714/1714 1715/1715/1715 1713/1713/1713
f 1652/1652/1652 1714/1714/1714 1642/1642/1642
f 1716/1716/1716 1717/1717/1717 1714/1714/1714
f 1718/1718/1718 1717/1717/1717 1716/1716/1716
f 1652/1652/1652 1716/1716/1716 1714/1714/1714
f 1715/1715/1715 1720/1720/1720 1719/1719/1719
f 1714/1714/1714 1720/1720/1720 1715/1715/1715
f 1712/1712/1712 1715/1715/1715 1719/1719/1719
f 1721/1721/1721 1722/1722/1722 1717/1717/1717
f 1719/1719/1719 1722/1722/1722 1721/1721/1721
f 1718/1718/1718 1721/1721/1721 1717/1717/1717
f 1717/1717/1717 1720/1720/1720 1714/1714/1714
f 1720/1720/1720 1722/1722/1722 1719/1719/1719
f 1717/1717/1717 1722/1722/1722 1720/1720/1720
f 1723/1723/1723 1716/1716/1716 1652/1652/1652
f 1718/1718/1718 1716/1716/1716 1723/1723/1723
f 1655/1655/1655 1723/1723/1723 1652/1652/1652
f 1723/1723/1723 1725/1725/1725 1724/1724/1724
f 1655/1655/1655 1725/1725/1725 1723/1723/1723
f 1718/1718/1718 1723/1723/1723 1724/1724/1724
f 1726/1726/1726 1725/1725/1725 1655/1655/1655
f 1724/1724/1724 1725/1725/1725 1726/1726/1726
f 1658/1658/1658 1727/1727/1727 1726/1726/1726
f 1657/1657/1657 1727/1727/1727 1658/1658/1658
f 1655/1655/1655 1658/1658/1658 1726/1726/1726
f 1728/1728/1728 1730/1730/1730 1729/1729/1729
f 1730/1730/1730 1732/1732/1732 1731/1731/1731
f 1728/1728/1728 1732/1732/1732 1730/1730/1730
f 1726/1726/1726 1728/1728/1728 1729/1729/1729
f 1729/1729/1729 1734/1734/1734 1733/1733/1733
f 1734/1734/1734 1730/1730/1730 1731/1731/1731
f 1729/1729/1729 1730/1730/1730 1734/1734/1734
f 1735/1735/1735 1736/1736/1736 1727/1727/1727
f 1731/1731/1731 1736/1736/1736 1735/1735/1735
f 1657/1657/1657 1735/1735/1735 1727/1727/1727
f 1727/1727/1727 1728/1728/1728 1726/1726/1726
f 1736/1736/1736 1732/1732/1732 1728/1728/1728
f 1731/1731/1731 1732/1732/1732 1736/1736/1736
f 1727/1727/1727 1736/1736/1736 1728/1728/1728
f 1726/1726/1726 1737/1737/1737 1724/1724/1724
f 1737/1737/1737 1729/1729/1729 1733/1733/1733
f 1726/1726/1726 1729/1729/1729 1737/1737/1737
f 1731/1731/1731 1739/1739/1739 1738/1738/1738
f 1739/1739/1739 1735/1735/1735 1657/1657/1657
f 1731/1731/1731 1735/1735/1735 1739/1739/1739
f 1740/1740/1740 1734/1734/1734 1731/1731/1731
f 1733/1733/1733 1734/1734/1734 1740/1740/1740
f 1738/1738/1738 1740/1740/1740 1731/1731/1731
f 1738/1738/1738 1661/1661/1661 1660/1660/1660
f 1661/1661/1661 1739/1739/1739 1657/1657/1657
f 1738/1738/1738 1739/1739/1739 1661/1661/1661
f 1741/1741/1741 1738/1738/1738 1660/1660/1660
f 1742/1742/1742 1740/1740/1740 1738/1738/1738
f 1733/1733/1733 1740/1740/1740 1742/1742/1742
f 1741/1741/1741 1742/1742/1742 1738/1738/1738
f 1741/1741/1741 1660/1660/1660 1662/1662/1662
f 1662/1662/1662 1743/1743/1743 1741/1741/1741
f 1743/1743/1743 1662/1662/1662 1663/1663/1663
f 1663/1663/1663 1744/1744/1744 1743/1743/1743
f 1744/1744/1744 1663/1663/1663 1664/1664/1664
f 1664/1664/1664 1745/1745/1745 1744/1744/1744
f 1745/1745/1745 1664/1664/1664 1665/1665/1665
f 1665/1665/1665 1746/1746/1746 1745/1745/1745
f 1747/1747/1747 1666/1666/1666 1667/1667/1667
f 1667/1667/1667 1748/1748/1748 1747/1747/1747
f 1748/1748/1748 1667/1667/1667 1668/1668/1668
f 1668/1668/1668 1749/1749/1749 1748/1748/1748
f 1749/1749/1749 1668/1668/1668 1670/1670/1670
f 1670/1670/1670 1750/1750/1750 1749/1749/1749
f 1750/1750/1750 1670/1670/1670 1671/1671/1671
f 1671/1671/1671 1751/1751/1751 1750/1750/1750
f 1751/1751/1751 1671/1671/1671 1672/1672/1672
f 1672/1672/1672 1752/1752/1752 1751/1751/1751
f 1752/1752/1752 1672/1672/1672 1673/1673/1673
f 1673/1673/1673 1753/1753/1753 1752/1752/1752
f 1753/1753/1753 1673/1673/1673 1674/1674/1674
f 1674/1674/1674 1754/1754/1754 1753/1753/1753
f 1674/1674/1674 1755/1755/1755 1754/1754/1754
f 1677/1677/1677 1756/1756/1756 1755/1755/1755
f 1676/1676/1676 1756/1756/1756 1677/1677/1677
f 1674/1674/1674 1677/1677/1677 1755/1755/1755
f 1755/1755/1755 1758/1758/1758 1757/1757/1757
f 1756/1756/1756 1759/1759/1759 1758/1758/1758
f 1676/1676/1676 1759/1759/1759 1756/1756/1756
f 1755/1755/1755 1756/1756/1756 1758/1758/1758
f 1754/1754/1754 1755/1755/1755 1757/1757/1757
f 1758/1758/1758 1761/1761/1761 1760/1760/1760
f 1761/1761/1761 1759/1759/1759 1676/1676/1676
f 1758/1758/1758 1759/1759/1759 1761/1761/1761
f 1757/1757/1757 1758/1758/1758 1760/1760/1760
f 1760/1760/1760 1680/1680/1680 1679/1679/1679
f 1680/1680/1680 1761/1761/1761 1676/1676/1676
f 1760/1760/1760 1761/1761/1761 1680/1680/1680
f 1762/1762/1762 1763/1763/1763 1760/1760/1760
f 1763/1763/1763 1765/1765/1765 1764/1764/1764
f 1762/1762/1762 1765/1765/1765 1763/1763/1763
f 1679/1679/1679 1762/1762/1762 1760/1760/1760
f 1760/1760/1760 1766/1766/1766 1757/1757/1757
f 1766/1766/1766 1763/1763/1763 1764/1764/1764
f 1760/1760/1760 1763/1763/1763 1766/1766/1766
f 1767/1767/1767 1762/1762/1762 1679/1679/1679
f 1768/1768/1768 1765/1765/1765 1762/1762/1762
f 1764/1764/1764 1765/1765/1765 1768/1768/1768
f 1767/1767/1767 1768/1768/1768 1762/1762/1762
f 1682/1682/1682 1767/1767/1767 1679/1679/1679
f 1767/1767/1767 1770/1770/1770 1769/1769/1769
f 1682/1682/1682 1770/1770/1770 1767/1767/1767
f 1771/1771/1771 1768/1768/1768 1767/1767/1767
f 1768/1768/1768 1772/1772/1772 1764/1764/1764
f 1771/1771/1771 1772/1772/1772 1768/1768/1768
f 1769/1769/1769 1771/1771/1771 1767/1767/1767
f 1773/1773/1773 1774/1774/1774 1770/1770/1770
f 1775/1775/1775 1774/1774/1774 1773/1773/1773
f 1682/1682/1682 1773/1773/1773 1770/1770/1770
f 1770/1770/1770 1776/1776/1776 1769/1769/1769
f 1776/1776/1776 1774/1774/1774 1775/1775/1775
f 1770/1770/1770 1774/1774/1774 1776/1776/1776
f 1775/1775/1775 1685/1685/1685 1684/1684/1684
f 1685/1685/1685 1773/1773/1773 1682/1682/1682
f 1775/1775/1775 1773/1773/1773 1685/1685/1685
f 1777/1777/1777 1775/1775/1775 1684/1684/1684
f 1778/1778/1778 1776/1776/1776 1775/1775/1775
f 1769/1769/1769 1776/1776/1776 1778/1778/1778
f 1777/1777/1777 1778/1778/1778 1775/1775/1775
f 1777/1777/1777 1684/1684/1684 1687/1687/1687
f 1687/1687/1687 1779/1779/1779 1777/1777/1777
f 1779/1779/1779 1687/1687/1687 1691/1691/1691
f 1691/1691/1691 1780/1780/1780 1779/1779/1779
f 1691/1691/1691 1781/1781/1781 1780/1780/1780
f 1692/1692/1692 1781/1781/1781 1691/1691/1691
f 1782/1782/1782 1781/1781/1781 1692/1692/1692
f 1781/1781/1781 1783/1783/1783 1780/1780/1780
f 1782/1782/1782 1783/1783/1783 1781/1781/1781
f 1782/1782/1782 1692/1692/1692 1693/1693/1693
f 1693/1693/1693 1784/1784/1784 1782/1782/1782
f 1784/1784/1784 1693/1693/1693 1694/1694/1694
f 1694/1694/1694 1785/1785/1785 1784/1784/1784
f 1785/1785/1785 1694/1694/1694 1695/1695/1695
f 1695/1695/1695 1786/1786/1786 1785/1785/1785
f 1786/1786/1786 1695/1695/1695 1696/1696/1696
f 1696/1696/1696 1787/1787/1787 1786/1786/1786
f 1696/1696/1696 1788/1788/1788 1787/1787/1787
f 1697/1697/1697 1788/1788/1788 1696/1696/1696
f 1788/1788/1788 1790/1790/1790 1789/1789/1789
f 1697/1697/1697 1790/1790/1790 1788/1788/1788
f 1788/1788/1788 1791/1791/1791 1787/1787/1787
f 1789/1789/1789 1791/1791/1791 1788/1788/1788
f 1790/1790/1790 1793/1793/1793 1792/1792/1792
f 1697/1697/1697 1793/1793/1793 1790/1790/1790
f 1789/1789/1789 1790/1790/1790 1792/1792/1792
f 1792/1792/1792 1700/1700/1700 1699/1699/1699
f 1700/1700/1700 1793/1793/1793 1697/1697/1697
f 1792/1792/1792 1793/1793/1793 1700/1700/1700
f 1794/1794/1794 1792/1792/1792 1699/1699/1699
f 1792/1792/1792 1795/1795/1795 1789/1789/1789
f 1794/1794/1794 1795/1795/1795 1792/1792/1792
f 1699/1699/1699 1796/1796/1796 1794/1794/1794
f 1701/1701/1701 1796/1796/1796 1699/1699/1699
f 1796/1796/1796 1798/1798/1798 1797/1797/1797
f 1701/1701/1701 1798/1798/1798 1796/1796/1796
f 1796/1796/1796 1799/1799/1799 1794/1794/1794
f 1797/1797/1797 1799/1799/1799 1796/1796/1796
f 1800/1800/1800 1798/1798/1798 1701/1701/1701
f 1798/1798/1798 1801/1801/1801 1797/1797/1797
f 1800/1800/1800 1801/1801/1801 1798/1798/1798
f 1706/1706/1706 1802/1802/1802 1800/1800/1800
f 1802/1802/1802 1707/1707/1707 1705/1705/1705
f 1706/1706/1706 1707/1707/1707 1802/1802/1802
f 1701/1701/1701 1706/1706/1706 1800/1800/1800
f 1800/1800/1800 1804/1804/1804 1803/1803/1803
f 1804/1804/1804 1802/1802/1802 1705/1705/1705
f 1800/1800/1800 1802/1802/1802 1804/1804/1804
f 1805/1805/1805 1801/1801/1801 1800/1800/1800
f 1801/1801/1801 1806/1806/1806 1797/1797/1797
f 1805/1805/1805 1806/1806/1806 1801/1801/1801
f 1803/1803/1803 1805/1805/1805 1800/1800/1800
f 1804/1804/1804 1808/1808/1808 1807/1807/1807
f 1705/1705/1705 1808/1808/1808 1804/1804/1804
f 1803/1803/1803 1804/1804/1804 1807/1807/1807
f 1809/1809/1809 1810/1810/1810 1710/1710/1710
f 1807/1807/1807 1810/1810/1810 1809/1809/1809
f 1709/1709/1709 1809/1809/1809 1710/1710/1710
f 1710/1710/1710 1808/1808/1808 1705/1705/1705
f 1808/1808/1808 1810/1810/1810 1807/1807/1807
f 1710/1710/1710 1810/1810/1810 1808/1808/1808
f 1807/1807/1807 1812/1812/1812 1811/1811/1811
f 1812/1812/1812 1809/1809/1809 1709/1709/1709
f 1807/1807/1807 1809/1809/1809 1812/1812/1812
f 1803/1803/1803 1807/1807/1807 1811/1811/1811
f 1813/1813/1813 1812/1812/1812 1709/1709/1709
f 1812/1812/1812 1814/1814/1814 1811/1811/1811
f 1813/1813/1813 1814/1814/1814 1812/1812/1812
f 1712/1712/1712 1813/1813/1813 1709/1709/1709
f 1815/1815/1815 1816/1816/1816 1813/1813/1813
f 1817/1817/1817 1816/1816/1816 1815/1815/1815
f 1712/1712/1712 1815/1815/1815 1813/1813/1813
f 1814/1814/1814 1819/1819/1819 1818/1818/1818
f 1813/1813/1813 1819/1819/1819 1814/1814/1814
f 1811/1811/1811 1814/1814/1814 1818/1818/1818
f 1818/1818/1818 1816/1816/1816 1817/1817/1817
f 1816/1816/1816 1819/1819/1819 1813/1813/1813
f 1818/1818/1818 1819/1819/1819 1816/1816/1816
f 1820/1820/1820 1815/1815/1815 1712/1712/1712
f 1817/1817/1817 1815/1815/1815 1820/1820/1820
f 1719/1719/1719 1821/1821/1821 1820/1820/1820
f 1821/1821/1821 1721/1721/1721 1718/1718/1718
f 1719/1719/1719 1721/1721/1721 1821/1821/1821
f 1712/1712/1712 1719/1719/1719 1820/1820/1820
f 1820/1820/1820 1823/1823/1823 1822/1822/1822
f 1823/1823/1823 1821/1821/1821 1718/1718/1718
f 1820/1820/1820 1821/1821/1821 1823/1823/1823
f 1817/1817/1817 1820/1820/1820 1822/1822/1822
f 1824/1824/1824 1823/1823/1823 1718/1718/1718
f 1822/1822/1822 1823/1823/1823 1824/1824/1824
f 1724/1724/1724 1824/1824/1824 1718/1718/1718
f 1825/1825/1825 1824/1824/1824 1724/1724/1724
f 1822/1822/1822 1824/1824/1824 1825/1825/1825
f 1724/1724/1724 1826/1826/1826 1825/1825/1825
f 1826/1826/1826 1737/1737/1737 1733/1733/1733
f 1724/1724/1724 1737/1737/1737 1826/1826/1826
f 1826/1826/1826 1828/1828/1828 1827/1827/1827
f 1733/1733/1733 1828/1828/1828 1826/1826/1826
f 1825/1825/1825 1826/1826/1826 1827/1827/1827
f 1828/1828/1828 1830/1830/1830 1829/1829/1829
f 1733/1733/1733 1830/1830/1830 1828/1828/1828
f 1827/1827/1827 1828/1828/1828 1829/1829/1829
f 1829/1829/1829 1742/1742/1742 1741/1741/1741
f 1742/1742/1742 1830/1830/1830 1733/1733/1733
f 1829/1829/1829 1830/1830/1830 1742/1742/1742
f 1831/1831/1831 1829/1829/1829 1741/1741/1741
f 1827/1827/1827 1829/1829/1829 1831/1831/1831
f 1831/1831/1831 1741/1741/1741 1743/1743/1743
f 1743/1743/1743 1832/1832/1832 1831/1831/1831
f 1832/1832/1832 1743/1743/1743 1744/1744/1744
f 1744/1744/1744 1833/1833/1833 1832/1832/1832
f 1833/1833/1833 1744/1744/1744 1745/1745/1745
f 1745/1745/1745 1834/1834/1834 1833/1833/1833
f 1834/1834/1834 1745/1745/1745 1746/1746/1746
f 1746/1746/1746 1835/1835/1835 1834/1834/1834
f 1836/1836/1836 1747/1747/1747 1748/1748/1748
f 1748/1748/1748 1837/1837/1837 1836/1836/1836
f 1837/1837/1837 1748/1748/1748 1749/1749/1749
f 1749/1749/1749 1838/1838/1838 1837/1837/1837
f 1838/1838/1838 1749/1749/1749 1750/1750/1750
f 1750/1750/1750 1839/1839/1839 1838/1838/1838
f 1839/1839/1839 1750/1750/1750 1751/1751/1751
f 1751/1751/1751 1840/1840/1840 1839/1839/1839
f 1840/1840/1840 1751/1751/1751 1752/1752/1752
f 1752/1752/1752 1841/1841/1841 1840/1840/1840
f 1841/1841/1841 1752/1752/1752 1753/1753/1753
f 1753/1753/1753 1842/1842/1842 1841/1841/1841
f 1842/1842/1842 1753/1753/1753 1754/1754/1754
f 1754/1754/1754 1843/1843/1843 1842/1842/1842
f 1843/1843/1843 1754/1754/1754 1757/1757/1757
f 1757/1757/1757 1844/1844/1844 1843/1843/1843
f 1757/1757/1757 1845/1845/1845 1844/1844/1844
f 1845/1845/1845 1766/1766/1766 1764/1764/1764
f 1757/1757/1757 1766/1766/1766 1845/1845/1845
f 1845/1845/1845 1847/1847/1847 1846/1846/1846
f 1764/1764/1764 1847/1847/1847 1845/1845/1845
f 1844/1844/1844 1845/1845/1845 1846/1846/1846
f 1847/1847/1847 1849/1849/1849 1848/1848/1848
f 1764/1764/1764 1849/1849/1849 1847/1847/1847
f 1846/1846/1846 1847/1847/1847 1848/1848/1848
f 1771/1771/1771 1850/1850/1850 1848/1848/1848
f 1769/1769/1769 1850/1850/1850 1771/1771/1771
f 1849/1849/1849 1772/1772/1772 1771/1771/1771
f 1764/1764/1764 1772/1772/1772 1849/1849/1849
f 1848/1848/1848 1849/1849/1849 1771/1771/1771
f 1848/1848/1848 1852/1852/1852 1851/1851/1851
f 1852/1852/1852 1850/1850/1850 1769/1769/1769
f 1848/1848/1848 1850/1850/1850 1852/1852/1852
f 1846/1846/1846 1848/1848/1848 1851/1851/1851
f 1853/1853/1853 1852/1852/1852 1769/1769/1769
f 1851/1851/1851 1852/1852/1852 1853/1853/1853
f 1778/1778/1778 1854/1854/1854 1853/1853/1853
f 1777/1777/1777 1854/1854/1854 1778/1778/1778
f 1769/1769/1769 1778/1778/1778 1853/1853/1853
f 1853/1853/1853 1856/1856/1856 1855/1855/1855
f 1856/1856/1856 1854/1854/1854 1777/1777/1777
f 1853/1853/1853 1854/1854/1854 1856/1856/1856
f 1851/1851/1851 1853/1853/1853 1855/1855/1855
f 1857/1857/1857 1856/1856/1856 1777/1777/1777
f 1856/1856/1856 1858/1858/1858 1855/1855/1855
f 1857/1857/1857 1858/1858/1858 1856/1856/1856
f 1779/1779/1779 1857/1857/1857 1777/1777/1777
f 1859/1859/1859 1857/1857/1857 1779/1779/1779
f 1860/1860/1860 1858/1858/1858 1857/1857/1857
f 1855/1855/1855 1858/1858/1858 1860/1860/1860
f 1859/1859/1859 1860/1860/1860 1857/1857/1857
f 1779/1779/1779 1861/1861/1861 1859/1859/1859
f 1780/1780/1780 1861/1861/1861 1779/1779/1779
f 1861/1861/1861 1863/1863/1863 1862/1862/1862
f 1780/1780/1780 1863/1863/1863 1861/1861/1861
f 1861/1861/1861 1864/1864/1864 1859/1859/1859
f 1862/1862/1862 1864/1864/1864 1861/1861/1861
f 1863/1863/1863 1866/1866/1866 1865/1865/1865
f 1780/1780/1780 1866/1866/1866 1863/1863/1863
f 1862/1862/1862 1863/1863/1863 1865/1865/1865
f 1867/1867/1867 1868/1868/1868 1783/1783/1783
f 1865/1865/1865 1868/1868/1868 1867/1867/1867
f 1782/1782/1782 1867/1867/1867 1783/1783/1783
f 1783/1783/1783 1866/1866/1866 1780/1780/1780
f 1866/1866/1866 1868/1868/1868 1865/1865/1865
f 1783/1783/1783 1868/1868/1868 1866/1866/1866
f 1865/1865/1865 1870/1870/1870 1869/1869/1869
f 1870/1870/1870 1867/1867/1867 1782/1782/1782
f 1865/1865/1865 1867/1867/1867 1870/1870/1870
f 1862/1862/1862 1865/1865/1865 1869/1869/1869
f 1871/1871/1871 1870/1870/1870 1782/1782/1782
f 1869/1869/1869 1870/1870/1870 1871/1871/1871
f 1784/1784/1784 1871/1871/1871 1782/1782/1782
f 1872/1872/1872 1871/1871/1871 1784/1784/1784
f 1869/1869/1869 1871/1871/1871 1872/1872/1872
f 1872/1872/1872 1784/1784/1784 1785/1785/1785
f 1785/1785/1785 1873/1873/1873 1872/1872/1872
f 1873/1873/1873 1785/1785/1785 1786/1786/1786
f 1786/1786/1786 1874/1874/1874 1873/1873/1873
f 1874/1874/1874 1786/1786/1786 1787/1787/1787
f 1787/1787/1787 1875/1875/1875 1874/1874/1874
f 1787/1787/1787 1876/1876/1876 1875/1875/1875
f 1791/1791/1791 1877/1877/1877 1876/1876/1876
f 1789/1789/1789 1877/1877/1877 1791/1791/1791
f 1787/1787/1787 1791/1791/1791 1876/1876/1876
f 1878/1878/1878 1879/1879/1879 1876/1876/1876
f 1879/1879/1879 1881/1881/1881 1880/1880/1880
f 1878/1878/1878 1881/1881/1881 1879/1879/1879
f 1877/1877/1877 1882/1882/1882 1878/1878/1878
f 1789/1789/1789 1882/1882/1882 1877/1877/1877
f 1876/1876/1876 1877/1877/1877 1878/1878/1878
f 1876/1876/1876 1883/1883/1883 1875/1875/1875
f 1883/1883/1883 1879/1879/1879 1880/1880/1880
f 1876/1876/1876 1879/1879/1879 1883/1883/1883
f 1884/1884/1884 1886/1886/1886 1885/1885/1885
f 1886/1886/1886 1887/1887/1887 1878/1878/1878
f 1884/1884/1884 1887/1887/1887 1886/1886/1886
f 1888/1888/1888 1884/1884/1884 1885/1885/1885
f 1885/1885/1885 1882/1882/1882 1789/1789/1789
f 1882/1882/1882 1886/1886/1886 1878/1878/1878
f 1885/1885/1885 1886/1886/1886 1882/1882/1882
f 1881/1881/1881 1890/1890/1890 1889/1889/1889
f 1878/1878/1878 1890/1890/1890 1881/1881/1881
f 1880/1880/1880 1881/1881/1881 1889/1889/1889
f 1889/1889/1889 1884/1884/1884 1888/1888/1888
f 1890/1890/1890 1887/1887/1887 1884/1884/1884
f 1878/1878/1878 1887/1887/1887 1890/1890/1890
f 1889/1889/1889 1890/1890/1890 1884/1884/1884
f 1888/1888/1888 1795/1795/1795 1794/1794/1794
f 1795/1795/1795 1885/1885/1885 1789/1789/1789
f 1888/1888/1888 1885/1885/1885 1795/1795/1795
f 1891/1891/1891 1888/1888/1888 1794/1794/1794
f 1892/1892/1892 1889/1889/1889 1888/1888/1888
f 1880/1880/1880 1889/1889/1889 1892/1892/1892
f 1891/1891/1891 1892/1892/1892 1888/1888/1888
f 1794/1794/1794 1893/1893/1893 1891/1891/1891
f 1893/1893/1893 1799/1799/1799 1797/1797/1797
f 1794/1794/1794 1799/1799/1799 1893/1893/1893
f 1893/1893/1893 1895/1895/1895 1894/1894/1894
f 1797/1797/1797 1895/1895/1895 1893/1893/1893
f 1891/1891/1891 1893/1893/1893 1894/1894/1894
f 1895/1895/1895 1897/1897/1897 1896/1896/1896
f 1797/1797/1797 1897/1897/1897 1895/1895/1895
f 1894/1894/1894 1895/1895/1895 1896/1896/1896
f 1896/1896/1896 1805/1805/1805 1803/1803/1803
f 1897/1897/1897 1806/1806/1806 1805/1805/1805
f 1797/1797/1797 1806/1806/1806 1897/1897/1897
f 1896/1896/1896 1897/1897/1897 1805/1805/1805
f 1898/1898/1898 1896/1896/1896 1803/1803/1803
f 1894/1894/1894 1896/1896/1896 1898/1898/1898
f 1898/1898/1898 1803/1803/1803 1811/1811/1811
f 1811/1811/1811 1899/1899/1899 1898/1898/1898
f 1811/1811/1811 1900/1900/1900 1899/1899/1899
f 1900/1900/1900 1818/1818/1818 1817/1817/1817
f 1811/1811/1811 1818/1818/1818 1900/1900/1900
f 1901/1901/1901 1900/1900/1900 1817/1817/1817
f 1899/1899/1899 1900/1900/1900 1901/1901/1901
f 1901/1901/1901 1817/1817/1817 1822/1822/1822
f 1822/1822/1822 1902/1902/1902 1901/1901/1901
f 1902/1902/1902 1822/1822/1822 1825/1825/1825
f 1825/1825/1825 1903/1903/1903 1902/1902/1902
f 1903/1903/1903 1825/1825/1825 1827/1827/1827
f 1827/1827/1827 1904/1904/1904 1903/1903/1903
f 1904/1904/1904 1827/1827/1827 1831/1831/1831
f 1831/1831/1831 1905/1905/1905 1904/1904/1904
f 1831/1831/1831 1906/1906/1906 1905/1905/1905
f 1832/1832/1832 1906/1906/1906 1831/1831/1831
f 1906/1906/1906 1908/1908/1908 1907/1907/1907
f 1832/1832/1832 1908/1908/1908 1906/1906/1906
f 1905/1905/1905 1906/1906/1906 1907/1907/1907
f 1909/1909/1909 1908/1908/1908 1832/1832/1832
f 1908/1908/1908 1910/1910/1910 1907/1907/1907
f 1909/1909/1909 1910/1910/1910 1908/1908/1908
f 1833/1833/1833 1909/1909/1909 1832/1832/1832
f 1911/1911/1911 1909/1909/1909 1833/1833/1833
f 1912/1912/1912 1910/1910/1910 1909/1909/1909
f 1907/1907/1907 1910/1910/1910 1912/1912/1912
f 1911/1911/1911 1912/1912/1912 1909/1909/1909
f 1911/1911/1911 1833/1833/1833 1834/1834/1834
f 1834/1834/1834 1913/1913/1913 1911/1911/1911
f 1913/1913/1913 1834/1834/1834 1835/1835/1835
f 1835/1835/1835 1914/1914/1914 1913/1913/1913
f 1915/1915/1915 1836/1836/1836 1837/1837/1837
f 1837/1837/1837 1916/1916/1916 1915/1915/1915
f 1916/1916/1916 1837/1837/1837 1838/1838/1838
f 1838/1838/1838 1917/1917/1917 1916/1916/1916
f 1917/1917/1917 1838/1838/1838 1839/1839/1839
f 1839/1839/1839 1918/1918/1918 1917/1917/1917
f 1918/1918/1918 1839/1839/1839 1840/1840/1840
f 1840/1840/1840 1919/1919/1919 1918/1918/1918
f 1919/1919/1919 1840/1840/1840 1841/1841/1841
f 1841/1841/1841 1920/1920/1920 1919/1919/1919
f 1841/1841/1841 1921/1921/1921 1920/1920/1920
f 1842/1842/1842 1921/1921/1921 1841/1841/1841
f 1921/1921/1921 1923/1923/1923 1922/1922/1922
f 1842/1842/1842 1923/1923/1923 1921/1921/1921
f 1921/1921/1921 1924/1924/1924 1920/1920/1920
f 1922/1922/1922 1924/1924/1924 1921/1921/1921
f 1925/1925/1925 1923/1923/1923 1842/1842/1842
f 1922/1922/1922 1923/1923/1923 1925/1925/1925
f 1843/1843/1843 1925/1925/1925 1842/1842/1842
f 1926/1926/1926 1925/1925/1925 1843/1843/1843
f 1922/1922/1922 1925/1925/1925 1926/1926/1926
f 1926/1926/1926 1843/1843/1843 1844/1844/1844
f 1844/1844/1844 1927/1927/1927 1926/1926/1926
f 1844/1844/1844 1928/1928/1928 1927/1927/1927
f 1846/1846/1846 1928/1928/1928 1844/1844/1844
f 1929/1929/1929 1928/1928/1928 1846/1846/1846
f 1928/1928/1928 1930/1930/1930 1927/1927/1927
f 1929/1929/1929 1930/1930/1930 1928/1928/1928
f 1929/1929/1929 1846/1846/1846 1851/1851/1851
f 1851/1851/1851 1931/1931/1931 1929/1929/1929
f 1931/1931/1931 1851/1851/1851 1855/1855/1855
f 1855/1855/1855 1932/1932/1932 1931/1931/1931
f 1855/1855/1855 1933/1933/1933 1932/1932/1932
f 1860/1860/1860 1934/1934/1934 1933/1933/1933
f 1859/1859/1859 1934/1934/1934 1860/1860/1860
f 1855/1855/1855 1860/1860/1860 1933/1933/1933
f 1933/1933/1933 1936/1936/1936 1935/1935/1935
f 1936/1936/1936 1934/1934/1934 1859/1859/1859
f 1933/1933/1933 1934/1934/1934 1936/1936/1936
f 1932/1932/1932 1933/1933/1933 1935/1935/1935
f 1937/1937/1937 1936/1936/1936 1859/1859/1859
f 1936/1936/1936 1938/1938/1938 1935/1935/1935
f 1937/1937/1937 1938/1938/1938 1936/1936/1936
f 1864/1864/1864 1939/1939/1939 1937/1937/1937
f 1862/1862/1862 1939/1939/1939 1864/1864/1864
f 1859/1859/1859 1864/1864/1864 1937/1937/1937
f 1940/1940/1940 1942/1942/1942 1941/1941/1941
f 1943/1943/1943 1942/1942/1942 1940/1940/1940
f 1944/1944/1944 1940/1940/1940 1941/1941/1941
f 1941/1941/1941 1945/1945/1945 1937/1937/1937
f 1945/1945/1945 1942/1942/1942 1943/1943/1943
f 1941/1941/1941 1942/1942/1942 1945/1945/1945
f 1943/1943/1943 1947/1947/1947 1946/1946/1946
f 1947/1947/1947 1940/1940/1940 1944/1944/1944
f 1943/1943/1943 1940/1940/1940 1947/1947/1947
f 1944/1944/1944 1939/1939/1939 1862/1862/1862
f 1939/1939/1939 1941/1941/1941 1937/1937/1937
f 1944/1944/1944 1941/1941/1941 1939/1939/1939
f 1938/1938/1938 1949/1949/1949 1948/1948/1948
f 1937/1937/1937 1949/1949/1949 1938/1938/1938
f 1935/1935/1935 1938/1938/1938 1948/1948/1948
f 1948/1948/1948 1943/1943/1943 1946/1946/1946
f 1949/1949/1949 1945/1945/1945 1943/1943/1943
f 1937/1937/1937 1945/1945/1945 1949/1949/1949
f 1948/1948/1948 1949/1949/1949 1943/1943/1943
f 1950/1950/1950 1944/1944/1944 1862/1862/1862
f 1951/1951/1951 1947/1947/1947 1944/1944/1944
f 1946/1946/1946 1947/1947/1947 1951/1951/1951
f 1950/1950/1950 1951/1951/1951 1944/1944/1944
f 1869/1869/1869 1950/1950/1950 1862/1862/1862
f 1952/1952/1952 1950/1950/1950 1869/1869/1869
f 1953/1953/1953 1951/1951/1951 1950/1950/1950
f 1946/1946/1946 1951/1951/1951 1953/1953/1953
f 1952/1952/1952 1953/1953/1953 1950/1950/1950
f 1952/1952/1952 1869/1869/1869 1872/1872/1872
f 1872/1872/1872 1954/1954/1954 1952/1952/1952
f 1954/1954/1954 1872/1872/1872 1873/1873/1873
f 1873/1873/1873 1955/1955/1955 1954/1954/1954
f 1955/1955/1955 1873/1873/1873 1874/1874/1874
f 1874/1874/1874 1956/1956/1956 1955/1955/1955
f 1956/1956/1956 1874/1874/1874 1875/1875/1875
f 1875/1875/1875 1957/1957/1957 1956/1956/1956
f 1875/1875/1875 1958/1958/1958 1957/1957/1957
f 1883/1883/1883 1959/1959/1959 1958/1958/1958
f 1880/1880/1880 1959/1959/1959 1883/1883/1883
f 1875/1875/1875 1883/1883/1883 1958/1958/1958
f 1960/1960/1960 1962/1962/1962 1961/1961/1961
f 1958/1958/1958 1962/1962/1962 1960/1960/1960
f 1963/1963/1963 1960/1960/1960 1961/1961/1961
f 1961/1961/1961 1959/1959/1959 1880/1880/1880
f 1959/1959/1959 1962/1962/1962 1958/1958/1958
f 1961/1961/1961 1962/1962/1962 1959/1959/1959
f 1958/1958/1958 1964/1964/1964 1957/1957/1957
f 1964/1964/1964 1960/1960/1960 1963/1963/1963
f 1958/1958/1958 1960/1960/1960 1964/1964/1964
f 1965/1965/1965 1961/1961/1961 1880/1880/1880
f 1963/1963/1963 1961/1961/1961 1965/1965/1965
f 1965/1965/1965 1892/1892/1892 1891/1891/1891
f 1880/1880/1880 1892/1892/1892 1965/1965/1965
f 1966/1966/1966 1965/1965/1965 1891/1891/1891
f 1963/1963/1963 1965/1965/1965 1966/1966/1966
f 1966/1966/1966 1891/1891/1891 1894/1894/1894
f 1894/1894/1894 1967/1967/1967 1966/1966/1966
f 1967/1967/1967 1894/1894/1894 1898/1898/1898
f 1898/1898/1898 1968/1968/1968 1967/1967/1967
f 1898/1898/1898 1969/1969/1969 1968/1968/1968
f 1899/1899/1899 1969/1969/1969 1898/1898/1898
f 1970/1970/1970 1969/1969/1969 1899/1899/1899
f 1969/1969/1969 1971/1971/1971 1968/1968/1968
f 1970/1970/1970 1971/1971/1971 1969/1969/1969
f 1899/1899/1899 1972/1972/1972 1970/1970/1970
f 1901/1901/1901 1972/1972/1972 1899/1899/1899
f 1973/1973/1973 1972/1972/1972 1901/1901/1901
f 1972/1972/1972 1974/1974/1974 1970/1970/1970
f 1973/1973/1973 1974/1974/1974 1972/1972/1972
f 1901/1901/1901 1975/1975/1975 1973/1973/1973
f 1902/1902/1902 1975/1975/1975 1901/1901/1901
f 1976/1976/1976 1975/1975/1975 1902/1902/1902
f 1975/1975/1975 1977/1977/1977 1973/1973/1973
f 1976/1976/1976 1977/1977/1977 1975/1975/1975
f 1902/1902/1902 1978/1978/1978 1976/1976/1976
f 1903/1903/1903 1978/1978/1978 1902/1902/1902
f 1979/1979/1979 1978/1978/1978 1903/1903/1903
f 1978/1978/1978 1980/1980/1980 1976/1976/1976
f 1979/1979/1979 1980/1980/1980 1978/1978/1978
f 1979/1979/1979 1903/1903/1903 1904/1904/1904
f 1904/1904/1904 1981/1981/1981 1979/1979/1979
f 1904/1904/1904 1982/1982/1982 1981/1981/1981
f 1905/1905/1905 1982/1982/1982 1904/1904/1904
f 1983/1983/1983 1982/1982/1982 1905/1905/1905
f 1982/1982/1982 1984/1984/1984 1981/1981/1981
f 1983/1983/1983 1984/1984/1984 1982/1982/1982
f 1905/1905/1905 1985/1985/1985 1983/1983/1983
f 1907/1907/1907 1985/1985/1985 1905/1905/1905
f 1986/1986/1986 1987/1987/1987 1985/1985/1985
f 1987/1987/1987 1989/1989/1989 1988/1988/1988
f 1986/1986/1986 1989/1989/1989 1987/1987/1987
f 1907/1907/1907 1986/1986/1986 1985/1985/1985
f 1985/1985/1985 1990/1990/1990 1983/1983/1983
f 1990/1990/1990 1987/1987/1987 1988/1988/1988
f 1985/1985/1985 1987/1987/1987 1990/1990/1990
f 1991/1991/1991 1986/1986/1986 1907/1907/1907
f 1992/1992/1992 1989/1989/1989 1986/1986/1986
f 1989/1989/1989 1993/1993/1993 1988/1988/1988
f 1992/1992/1992 1993/1993/1993 1989/1989/1989
f 1991/1991/1991 1992/1992/1992 1986/1986/1986
f 1991/1991/1991 1912/1912/1912 1911/1911/1911
f 1907/1907/1907 1912/1912/1912 1991/1991/1991
f 1994/1994/1994 1991/1991/1991 1911/1911/1911
f 1995/1995/1995 1992/1992/1992 1991/1991/1991
f 1996/1996/1996 1993/1993/1993 1992/1992/1992
f 1988/1988/1988 1993/1993/1993 1996/1996/1996
f 1995/1995/1995 1996/1996/1996 1992/1992/1992
f 1994/1994/1994 1995/1995/1995 1991/1991/1991
f 1994/1994/1994 1911/1911/1911 1913/1913/1913
f 1913/1913/1913 1997/1997/1997 1994/1994/1994
f 1997/1997/1997 1913/1913/1913 1914/1914/1914
f 1914/1914/1914 1998/1998/1998 1997/1997/1997
f 1999/1999/1999 1915/1915/1915 1916/1916/1916
f 1916/1916/1916 2000/2000/2000 1999/1999/1999
f 2000/2000/2000 1916/1916/1916 1917/1917/1917
f 1917/1917/1917 2001/2001/2001 2000/2000/2000
f 2001/2001/2001 1917/1917/1917 1918/1918/1918
f 1918/1918/1918 2002/2002/2002 2001/2001/2001
f 2002/2002/2002 1918/1918/1918 1919/1919/1919
f 1919/1919/1919 2003/2003/2003 2002/2002/2002
f 2003/2003/2003 1919/1919/1919 1920/1920/1920
f 1920/1920/1920 2004/2004/2004 2003/2003/2003
f 1920/1920/1920 2005/2005/2005 2004/2004/2004
f 1924/1924/1924 2006/2006/2006 2005/2005/2005
f 1922/1922/1922 2006/2006/2006 1924/1924/1924
f 1920/1920/1920 1924/1924/1924 2005/2005/2005
f 2005/2005/2005 2008/2008/2008 2007/2007/2007
f 2008/2008/2008 2006/2006/2006 1922/1922/1922
f 2005/2005/2005 2006/2006/2006 2008/2008/2008
f 2004/2004/2004 2005/2005/2005 2007/2007/2007
f 2009/2009/2009 2008/2008/2008 1922/1922/1922
f 2007/2007/2007 2008/2008/2008 2009/2009/2009
f 1926/1926/1926 2009/2009/2009 1922/1922/1922
f 2009/2009/2009 2011/2011/2011 2010/2010/2010
f 1926/1926/1926 2011/2011/2011 2009/2009/2009
f 2007/2007/2007 2009/2009/2009 2010/2010/2010
f 2012/2012/2012 2011/2011/2011 1926/1926/1926
f 2010/2010/2010 2011/2011/2011 2012/2012/2012
f 1927/1927/1927 2012/2012/2012 1926/1926/1926
f 2013/2013/2013 2014/2014/2014 2012/2012/2012
f 2014/2014/2014 2016/2016/2016 2015/2015/2015
f 2013/2013/2013 2016/2016/2016 2014/2014/2014
f 1927/1927/1927 2013/2013/2013 2012/2012/2012
f 2012/2012/2012 2017/2017/2017 2010/2010/2010
f 2017/2017/2017 2014/2014/2014 2015/2015/2015
f 2012/2012/2012 2014/2014/2014 2017/2017/2017
f 2013/2013/2013 2019/2019/2019 2018/2018/2018
f 1927/1927/1927 2019/2019/2019 2013/2013/2013
f 2020/2020/2020 2016/2016/2016 2013/2013/2013
f 2015/2015/2015 2016/2016/2016 2020/2020/2020
f 2018/2018/2018 2020/2020/2020 2013/2013/2013
f 2018/2018/2018 1930/1930/1930 1929/1929/1929
f 1930/1930/1930 2019/2019/2019 1927/1927/1927
f 2018/2018/2018 2019/2019/2019 1930/1930/1930
f 2021/2021/2021 2022/2022/2022 2018/2018/2018
f 2023/2023/2023 2022/2022/2022 2021/2021/2021
f 1929/1929/1929 2021/2021/2021 2018/2018/2018
f 2024/2024/2024 2020/2020/2020 2018/2018/2018
f 2015/2015/2015 2020/2020/2020 2024/2024/2024
f 2024/2024/2024 2022/2022/2022 2023/2023/2023
f 2018/2018/2018 2022/2022/2022 2024/2024/2024
f 2025/2025/2025 2021/2021/2021 1929/1929/1929
f 2023/2023/2023 2021/2021/2021 2025/2025/2025
f 1931/1931/1931 2025/2025/2025 1929/1929/1929
f 2026/2026/2026 2027/2027/2027 2025/2025/2025
f 2028/2028/2028 2027/2027/2027 2026/2026/2026
f 1931/1931/1931 2026/2026/2026 2025/2025/2025
f 2025/2025/2025 2029/2029/2029 2023/2023/2023
f 2027/2027/2027 2030/2030/2030 2029/2029/2029
f 2028/2028/2028 2030/2030/2030 2027/2027/2027
f 2025/2025/2025 2027/2027/2027 2029/2029/2029
f 2031/2031/2031 2026/2026/2026 1931/1931/1931
f 2028/2028/2028 2026/2026/2026 2031/2031/2031
f 1932/1932/1932 2031/2031/2031 1931/1931/1931
f 2032/2032/2032 2031/2031/2031 1932/1932/1932
f 2028/2028/2028 2031/2031/2031 2032/2032/2032
f 2032/2032/2032 1932/1932/1932 1935/1935/1935
f 1935/1935/1935 2033/2033/2033 2032/2032/2032
f 1935/1935/1935 2034/2034/2034 2033/2033/2033
f 2034/2034/2034 1948/1948/1948 1946/1946/1946
f 1935/1935/1935 1948/1948/1948 2034/2034/2034
f 2035/2035/2035 2034/2034/2034 1946/1946/1946
f 2033/2033/2033 2034/2034/2034 2035/2035/2035
f 1946/1946/1946 2036/2036/2036 2035/2035/2035
f 2036/2036/2036 1953/1953/1953 1952/1952/1952
f 1946/1946/1946 1953/1953/1953 2036/2036/2036
f 2037/2037/2037 2036/2036/2036 1952/1952/1952
f 2036/2036/2036 2038/2038/2038 2035/2035/2035
f 2037/2037/2037 2038/2038/2038 2036/2036/2036
f 2037/2037/2037 1952/1952/1952 1954/1954/1954
f 1954/1954/1954 2039/2039/2039 2037/2037/2037
f 2039/2039/2039 1954/1954/1954 1955/1955/1955
f 1955/1955/1955 2040/2040/2040 2039/2039/2039
f 2040/2040/2040 1955/1955/1955 1956/1956/1956
f 1956/1956/1956 2041/2041/2041 2040/2040/2040
f 2041/2041/2041 1956/1956/1956 1957/1957/1957
f 1957/1957/1957 2042/2042/2042 2041/2041/2041
f 1957/1957/1957 2043/2043/2043 2042/2042/2042
f 1964/1964/1964 2044/2044/2044 2043/2043/2043
f 1963/1963/1963 2044/2044/2044 1964/1964/1964
f 1957/1957/1957 1964/1964/1964 2043/2043/2043
f 2043/2043/2043 2046/2046/2046 2045/2045/2045
f 2046/2046/2046 2044/2044/2044 1963/1963/1963
f 2043/2043/2043 2044/2044/2044 2046/2046/2046
f 2042/2042/2042 2043/2043/2043 2045/2045/2045
f 2047/2047/2047 2046/2046/2046 1963/1963/1963
f 2045/2045/2045 2046/2046/2046 2047/2047/2047
f 1966/1966/1966 2047/2047/2047 1963/1963/1963
f 2048/2048/2048 2049/2049/2049 2047/2047/2047
f 2049/2049/2049 2051/2051/2051 2050/2050/2050
f 2048/2048/2048 2051/2051/2051 2049/2049/2049
f 1966/1966/1966 2048/2048/2048 2047/2047/2047
f 2047/2047/2047 2052/2052/2052 2045/2045/2045
f 2052/2052/2052 2049/2049/2049 2050/2050/2050
f 2047/2047/2047 2049/2049/2049 2052/2052/2052
f 2053/2053/2053 2048/2048/2048 1966/1966/1966
f 2054/2054/2054 2051/2051/2051 2048/2048/2048
f 2050/2050/2050 2051/2051/2051 2054/2054/2054
f 2053/2053/2053 2054/2054/2054 2048/2048/2048
f 1967/1967/1967 2053/2053/2053 1966/1966/1966
f 2055/2055/2055 2056/2056/2056 2053/2053/2053
f 2057/2057/2057 2056/2056/2056 2055/2055/2055
f 1967/1967/1967 2055/2055/2055 2053/2053/2053
f 2054/2054/2054 2059/2059/2059 2058/2058/2058
f 2053/2053/2053 2059/2059/2059 2054/2054/2054
f 2050/2050/2050 2054/2054/2054 2058/2058/2058
f 2058/2058/2058 2056/2056/2056 2057/2057/2057
f 2056/2056/2056 2059/2059/2059 2053/2053/2053
f 2058/2058/2058 2059/2059/2059 2056/2056/2056
f 2060/2060/2060 2055/2055/2055 1967/1967/1967
f 2055/2055/2055 2061/2061/2061 2057/2057/2057
f 2060/2060/2060 2061/2061/2061 2055/2055/2055
f 1968/1968/1968 2060/2060/2060 1967/1967/1967
f 2062/2062/2062 2063/2063/2063 2060/2060/2060
f 2064/2064/2064 2063/2063/2063 2062/2062/2062
f 1968/1968/1968 2062/2062/2062 2060/2060/2060
f 2061/2061/2061 2066/2066/2066 2065/2065/2065
f 2060/2060/2060 2066/2066/2066 2061/2061/2061
f 2057/2057/2057 2061/2061/2061 2065/2065/2065
f 2065/2065/2065 2063/2063/2063 2064/2064/2064
f 2063/2063/2063 2066/2066/2066 2060/2060/2060
f 2065/2065/2065 2066/2066/2066 2063/2063/2063
f 2067/2067/2067 2062/2062/2062 1968/1968/1968
f 2062/2062/2062 2068/2068/2068 2064/2064/2064
f 2067/2067/2067 2068/2068/2068 2062/2062/2062
f 1971/1971/1971 2069/2069/2069 2067/2067/2067
f 1970/1970/1970 2069/2069/2069 1971/1971/1971
f 1968/1968/1968 1971/1971/1971 2067/2067/2067
f 2067/2067/2067 2071/2071/2071 2070/2070/2070
f 2069/2069/2069 2072/2072/2072 2071/2071/2071
f 1970/1970/1970 2072/2072/2072 2069/2069/2069
f 2067/2067/2067 2069/2069/2069 2071/2071/2071
f 2073/2073/2073 2068/2068/2068 2067/2067/2067
f 2064/2064/2064 2068/2068/2068 2073/2073/2073
f 2070/2070/2070 2073/2073/2073 2067/2067/2067
f 2071/2071/2071 2075/2075/2075 2074/2074/2074
f 2075/2075/2075 2072/2072/2072 1970/1970/1970
f 2071/2071/2071 2072/2072/2072 2075/2075/2075
f 2070/2070/2070 2071/2071/2071 2074/2074/2074
f 1974/1974/1974 2076/2076/2076 2074/2074/2074
f 1973/1973/1973 2076/2076/2076 1974/1974/1974
f 1974/1974/1974 2075/2075/2075 1970/1970/1970
f 2074/2074/2074 2075/2075/2075 1974/1974/1974
f 2074/2074/2074 2078/2078/2078 2077/2077/2077
f 2078/2078/2078 2076/2076/2076 1973/1973/1973
f 2074/2074/2074 2076/2076/2076 2078/2078/2078
f 2070/2070/2070 2074/2074/2074 2077/2077/2077
f 2078/2078/2078 2080/2080/2080 2079/2079/2079
f 1973/1973/1973 2080/2080/2080 2078/2078/2078
f 2077/2077/2077 2078/2078/2078 2079/2079/2079
f 2081/2081/2081 2082/2082/2082 1977/1977/1977
f 2079/2079/2079 2082/2082/2082 2081/2081/2081
f 1976/1976/1976 2081/2081/2081 1977/1977/1977
f 1977/1977/1977 2080/2080/2080 1973/1973/1973
f 2080/2080/2080 2082/2082/2082 2079/2079/2079
f 1977/1977/1977 2082/2082/2082 2080/2080/2080
f 2079/2079/2079 2084/2084/2084 2083/2083/2083
f 2084/2084/2084 2081/2081/2081 1976/1976/1976
f 2079/2079/2079 2081/2081/2081 2084/2084/2084
f 2077/2077/2077 2079/2079/2079 2083/2083/2083
f 2085/2085/2085 2086/2086/2086 2084/2084/2084
f 2087/2087/2087 2086/2086/2086 2085/2085/2085
f 1976/1976/1976 2085/2085/2085 2084/2084/2084
f 2084/2084/2084 2088/2088/2088 2083/2083/2083
f 2088/2088/2088 2086/2086/2086 2087/2087/2087
f 2084/2084/2084 2086/2086/2086 2088/2088/2088
f 2087/2087/2087 1980/1980/1980 1979/1979/1979
f 1980/1980/1980 2085/2085/2085 1976/1976/1976
f 2087/2087/2087 2085/2085/2085 1980/1980/1980
f 2089/2089/2089 2090/2090/2090 2087/2087/2087
f 2091/2091/2091 2090/2090/2090 2089/2089/2089
f 1979/1979/1979 2089/2089/2089 2087/2087/2087
f 2092/2092/2092 2088/2088/2088 2087/2087/2087
f 2083/2083/2083 2088/2088/2088 2092/2092/2092
f 2092/2092/2092 2090/2090/2090 2091/2091/2091
f 2087/2087/2087 2090/2090/2090 2092/2092/2092
f 2093/2093/2093 2089/2089/2089 1979/1979/1979
f 2091/2091/2091 2089/2089/2089 2093/2093/2093
f 1981/1981/1981 2093/2093/2093 1979/1979/1979
f 2094/2094/2094 2093/2093/2093 1981/1981/1981
f 2091/2091/2091 2093/2093/2093 2094/2094/2094
f 1981/1981/1981 2095/2095/2095 2094/2094/2094
f 1984/1984/1984 2096/2096/2096 2095/2095/2095
f 1983/1983/1983 2096/2096/2096 1984/1984/1984
f 1981/1981/1981 1984/1984/1984 2095/2095/2095
f 2095/2095/2095 2098/2098/2098 2097/2097/2097
f 2096/2096/2096 2099/2099/2099 2098/2098/2098
f 1983/1983/1983 2099/2099/2099 2096/2096/2096
f 2095/2095/2095 2096/2096/2096 2098/2098/2098
f 2094/2094/2094 2095/2095/2095 2097/2097/2097
f 2098/2098/2098 2101/2101/2101 2100/2100/2100
f 2101/2101/2101 2099/2099/2099 1983/1983/1983
f 2098/2098/2098 2099/2099/2099 2101/2101/2101
f 2097/2097/2097 2098/2098/2098 2100/2100/2100
f 1990/1990/1990 2102/2102/2102 2100/2100/2100
f 1988/1988/1988 2102/2102/2102 1990/1990/1990
f 1990/1990/1990 2101/2101/2101 1983/1983/1983
f 2100/2100/2100 2101/2101/2101 1990/1990/1990
f 2100/2100/2100 2104/2104/2104 2103/2103/2103
f 2104/2104/2104 2102/2102/2102 1988/1988/1988
f 2100/2100/2100 2102/2102/2102 2104/2104/2104
f 2097/2097/2097 2100/2100/2100 2103/2103/2103
f 2104/2104/2104 2106/2106/2106 2105/2105/2105
f 1988/1988/1988 2106/2106/2106 2104/2104/2104
f 2103/2103/2103 2104/2104/2104 2105/2105/2105
f 2105/2105/2105 1995/1995/1995 1994/1994/1994
f 2106/2106/2106 1996/1996/1996 1995/1995/1995
f 1988/1988/1988 1996/1996/1996 2106/2106/2106
f 2105/2105/2105 2106/2106/2106 1995/1995/1995
f 2107/2107/2107 2105/2105/2105 1994/1994/1994
f 2103/2103/2103 2105/2105/2105 2107/2107/2107
f 1994/1994/1994 2108/2108/2108 2107/2107/2107
f 1997/1997/1997 2108/2108/2108 1994/1994/1994
f 2109/2109/2109 2108/2108/2108 1997/1997/1997
f 2107/2107/2107 2108/2108/2108 2109/2109/2109
f 2109/2109/2109 1997/1997/1997 1998/1998/1998
f 1998/1998/1998 2110/2110/2110 2109/2109/2109
f 2111/2111/2111 1999/1999/1999 2000/2000/2000
f 2000/2000/2000 2112/2112/2112 2111/2111/2111
f 2112/2112/2112 2000/2000/2000 2001/2001/2001
f 2001/2001/2001 2113/2113/2113 2112/2112/2112
f 2113/2113/2113 2001/2001/2001 2002/2002/2002
f 2002/2002/2002 2114/2114/2114 2113/2113/2113
f 2114/2114/2114 2002/2002/2002 2003/2003/2003
f 2003/2003/2003 2115/2115/2115 2114/2114/2114
f 2003/2003/2003 2116/2116/2116 2115/2115/2115
f 2004/2004/2004 2116/2116/2116 2003/2003/2003
f 2117/2117/2117 2118/2118/2118 2116/2116/2116
f 2119/2119/2119 2118/2118/2118 2117/2117/2117
f 2004/2004/2004 2117/2117/2117 2116/2116/2116
f 2116/2116/2116 2120/2120/2120 2115/2115/2115
f 2120/2120/2120 2118/2118/2118 2119/2119/2119
f 2116/2116/2116 2118/2118/2118 2120/2120/2120
f 2121/2121/2121 2117/2117/2117 2004/2004/2004
f 2119/2119/2119 2117/2117/2117 2121/2121/2121
f 2007/2007/2007 2121/2121/2121 2004/2004/2004
f 2122/2122/2122 2121/2121/2121 2007/2007/2007
f 2119/2119/2119 2121/2121/2121 2122/2122/2122
f 2122/2122/2122 2007/2007/2007 2010/2010/2010
f 2010/2010/2010 2123/2123/2123 2122/2122/2122
f 2010/2010/2010 2124/2124/2124 2123/2123/2123
f 2124/2124/2124 2017/2017/2017 2015/2015/2015
f 2010/2010/2010 2017/2017/2017 2124/2124/2124
f 2125/2125/2125 2124/2124/2124 2015/2015/2015
f 2123/2123/2123 2124/2124/2124 2125/2125/2125
f 2015/2015/2015 2126/2126/2126 2125/2125/2125
f 2024/2024/2024 2127/2127/2127 2126/2126/2126
f 2023/2023/2023 2127/2127/2127 2024/2024/2024
f 2015/2015/2015 2024/2024/2024 2126/2126/2126
f 2126/2126/2126 2129/2129/2129 2128/2128/2128
f 2129/2129/2129 2127/2127/2127 2023/2023/2023
f 2126/2126/2126 2127/2127/2127 2129/2129/2129
f 2125/2125/2125 2126/2126/2126 2128/2128/2128
f 2130/2130/2130 2129/2129/2129 2023/2023/2023
f 2128/2128/2128 2129/2129/2129 2130/2130/2130
f 2029/2029/2029 2131/2131/2131 2130/2130/2130
f 2131/2131/2131 2030/2030/2030 2028/2028/2028
f 2029/2029/2029 2030/2030/2030 2131/2131/2131
f 2023/2023/2023 2029/2029/2029 2130/2130/2130
f 2130/2130/2130 2133/2133/2133 2132/2132/2132
f 2133/2133/2133 2131/2131/2131 2028/2028/2028
f 2130/2130/2130 2131/2131/2131 2133/2133/2133
f 2128/2128/2128 2130/2130/2130 2132/2132/2132
f 2134/2134/2134 2133/2133/2133 2028/2028/2028
f 2132/2132/2132 2133/2133/2133 2134/2134/2134
f 2032/2032/2032 2134/2134/2134 2028/2028/2028
f 2135/2135/2135 2134/2134/2134 2032/2032/2032
f 2134/2134/2134 2136/2136/2136 2132/2132/2132
f 2135/2135/2135 2136/2136/2136 2134/2134/2134
f 2032/2032/2032 2137/2137/2137 2135/2135/2135
f 2033/2033/2033 2137/2137/2137 2032/2032/2032
f 2138/2138/2138 2137/2137/2137 2033/2033/2033
f 2137/2137/2137 2139/2139/2139 2135/2135/2135
f 2138/2138/2138 2139/2139/2139 2137/2137/2137
f 2033/2033/2033 2140/2140/2140 2138/2138/2138
f 2035/2035/2035 2140/2140/2140 2033/2033/2033
f 2141/2141/2141 2142/2142/2142 2140/2140/2140
f 2143/2143/2143 2142/2142/2142 2141/2141/2141
f 2035/2035/2035 2141/2141/2141 2140/2140/2140
f 2140/2140/2140 2144/2144/2144 2138/2138/2138
f 2144/2144/2144 2142/2142/2142 2143/2143/2143
f 2140/2140/2140 2142/2142/2142 2144/2144/2144
f 2141/2141/2141 2146/2146/2146 2145/2145/2145
f 2035/2035/2035 2146/2146/2146 2141/2141/2141
f 2143/2143/2143 2141/2141/2141 2145/2145/2145
f 2145/2145/2145 2038/2038/2038 2037/2037/2037
f 2038/2038/2038 2146/2146/2146 2035/2035/2035
f 2145/2145/2145 2146/2146/2146 2038/2038/2038
f 2147/2147/2147 2145/2145/2145 2037/2037/2037
f 2143/2143/2143 2145/2145/2145 2147/2147/2147
f 2147/2147/2147 2037/2037/2037 2039/2039/2039
f 2039/2039/2039 2148/2148/2148 2147/2147/2147
f 2148/2148/2148 2039/2039/2039 2040/2040/2040
f 2040/2040/2040 2149/2149/2149 2148/2148/2148
f 2149/2149/2149 2040/2040/2040 2041/2041/2041
f 2041/2041/2041 2150/2150/2150 2149/2149/2149
f 2150/2150/2150 2041/2041/2041 2042/2042/2042
f 2042/2042/2042 2151/2151/2151 2150/2150/2150
f 2151/2151/2151 2042/2042/2042 2045/2045/2045
f 2045/2045/2045 2152/2152/2152 2151/2151/2151
f 2045/2045/2045 2153/2153/2153 2152/2152/2152
f 2153/2153/2153 2052/2052/2052 2050/2050/2050
f 2045/2045/2045 2052/2052/2052 2153/2153/2153
f 2154/2154/2154 2153/2153/2153 2050/2050/2050
f 2152/2152/2152 2153/2153/2153 2154/2154/2154
f 2050/2050/2050 2155/2155/2155 2154/2154/2154
f 2155/2155/2155 2058/2058/2058 2057/2057/2057
f 2050/2050/2050 2058/2058/2058 2155/2155/2155
f 2156/2156/2156 2155/2155/2155 2057/2057/2057
f 2154/2154/2154 2155/2155/2155 2156/2156/2156
f 2057/2057/2057 2157/2157/2157 2156/2156/2156
f 2157/2157/2157 2065/2065/2065 2064/2064/2064
f 2057/2057/2057 2065/2065/2065 2157/2157/2157
f 2158/2158/2158 2157/2157/2157 2064/2064/2064
f 2156/2156/2156 2157/2157/2157 2158/2158/2158
f 2064/2064/2064 2159/2159/2159 2158/2158/2158
f 2159/2159/2159 2073/2073/2073 2070/2070/2070
f 2064/2064/2064 2073/2073/2073 2159/2159/2159
f 2160/2160/2160 2159/2159/2159 2070/2070/2070
f 2158/2158/2158 2159/2159/2159 2160/2160/2160
f 2160/2160/2160 2070/2070/2070 2077/2077/2077
f 2077/2077/2077 2161/2161/2161 2160/2160/2160
f 2161/2161/2161 2077/2077/2077 2083/2083/2083
f 2083/2083/2083 2162/2162/2162 2161/2161/2161
f 2083/2083/2083 2163/2163/2163 2162/2162/2162
f 2163/2163/2163 2092/2092/2092 2091/2091/2091
f 2083/2083/2083 2092/2092/2092 2163/2163/2163
f 2164/2164/2164 2163/2163/2163 2091/2091/2091
f 2162/2162/2162 2163/2163/2163 2164/2164/2164
f 2164/2164/2164 2091/2091/2091 2094/2094/2094
f 2094/2094/2094 2165/2165/2165 2164/2164/2164
f 2165/2165/2165 2094/2094/2094 2097/2097/2097
f 2097/2097/2097 2166/2166/2166 2165/2165/2165
f 2166/2166/2166 2097/2097/2097 2103/2103/2103
f 2103/2103/2103 2167/2167/2167 2166/2166/2166
f 2167/2167/2167 2103/2103/2103 2107/2107/2107
f 2107/2107/2107 2168/2168/2168 2167/2167/2167
f 2107/2107/2107 2169/2169/2169 2168/2168/2168
f 2109/2109/2109 2169/2169/2169 2107/2107/2107
f 2169/2169/2169 2171/2171/2171 2170/2170/2170
f 2109/2109/2109 2171/2171/2171 2169/2169/2169
f 2168/2168/2168 2169/2169/2169 2170/2170/2170
f 2172/2172/2172 2171/2171/2171 2109/2109/2109
f 2170/2170/2170 2171/2171/2171 2172/2172/2172
f 2110/2110/2110 2172/2172/2172 2109/2109/2109
f 2173/2173/2173 2172/2172/2172 2110/2110/2110
f 2170/2170/2170 2172/2172/2172 2173/2173/2173
f 2174/2174/2174 2111/2111/2111 2112/2112/2112
f 2112/2112/2112 2175/2175/2175 2174/2174/2174
f 2175/2175/2175 2112/2112/2112 2113/2113/2113
f 2113/2113/2113 2176/2176/2176 2175/2175/2175
f 2176/2176/2176 2113/2113/2113 2114/2114/2114
f 2114/2114/2114 2177/2177/2177 2176/2176/2176
f 2177/2177/2177 2114/2114/2114 2115/2115/2115
f 2115/2115/2115 2178/2178/2178 2177/2177/2177
f 2115/2115/2115 2179/2179/2179 2178/2178/2178
f 2179/2179/2179 2120/2120/2120 2119/2119/2119
f 2115/2115/2115 2120/2120/2120 2179/2179/2179
f 2180/2180/2180 2179/2179/2179 2119/2119/2119
f 2178/2178/2178 2179/2179/2179 2180/2180/2180
f 2180/2180/2180 2119/2119/2119 2122/2122/2122
f 2122/2122/2122 2181/2181/2181 2180/2180/2180
f 2181/2181/2181 2122/2122/2122 2123/2123/2123
f 2123/2123/2123 2182/2182/2182 2181/2181/2181
f 2182/2182/2182 2123/2123/2123 2125/2125/2125
f 2125/2125/2125 2183/2183/2183 2182/2182/2182
f 2183/2183/2183 2125/2125/2125 2128/2128/2128
f 2128/2128/2128 2184/2184/2184 2183/2183/2183
f 2128/2128/2128 2185/2185/2185 2184/2184/2184
f 2132/2132/2132 2185/2185/2185 2128/2128/2128
f 2186/2186/2186 2185/2185/2185 2132/2132/2132
f 2184/2184/2184 2185/2185/2185 2186/2186/2186
f 2132/2132/2132 2187/2187/2187 2186/2186/2186
f 2136/2136/2136 2188/2188/2188 2187/2187/2187
f 2135/2135/2135 2188/2188/2188 2136/2136/2136
f 2132/2132/2132 2136/2136/2136 2187/2187/2187
f 2187/2187/2187 2190/2190/2190 2189/2189/2189
f 2190/2190/2190 2188/2188/2188 2135/2135/2135
f 2187/2187/2187 2188/2188/2188 2190/2190/2190
f 2186/2186/2186 2187/2187/2187 2189/2189/2189
f 2191/2191/2191 2190/2190/2190 2135/2135/2135
f 2189/2189/2189 2190/2190/2190 2191/2191/2191
f 2139/2139/2139 2192/2192/2192 2191/2191/2191
f 2138/2138/2138 2192/2192/2192 2139/2139/2139
f 2135/2135/2135 2139/2139/2139 2191/2191/2191
f 2191/2191/2191 2194/2194/2194 2193/2193/2193
f 2194/2194/2194 2192/2192/2192 2138/2138/2138
f 2191/2191/2191 2192/2192/2192 2194/2194/2194
f 2189/2189/2189 2191/2191/2191 2193/2193/2193
f 2194/2194/2194 2196/2196/2196 2195/2195/2195
f 2138/2138/2138 2196/2196/2196 2194/2194/2194
f 2193/2193/2193 2194/2194/2194 2195/2195/2195
f 2195/2195/2195 2144/2144/2144 2143/2143/2143
f 2144/2144/2144 2196/2196/2196 2138/2138/2138
f 2195/2195/2195 2196/2196/2196 2144/2144/2144
f 2197/2197/2197 2195/2195/2195 2143/2143/2143
f 2193/2193/2193 2195/2195/2195 2197/2197/2197
f 2197/2197/2197 2143/2143/2143 2147/2147/2147
f 2147/2147/2147 2198/2198/2198 2197/2197/2197
f 2198/2198/2198 2147/2147/2147 2148/2148/2148
f 2148/2148/2148 2199/2199/2199 2198/2198/2198
f 2199/2199/2199 2148/2148/2148 2149/2149/2149
f 2149/2149/2149 2200/2200/2200 2199/2199/2199
f 2200/2200/2200 2149/2149/2149 2150/2150/2150
f 2150/2150/2150 2201/2201/2201 2200/2200/2200
f 2201/2201/2201 2150/2150/2150 2151/2151/2151
f 2151/2151/2151 2202/2202/2202 2201/2201/2201
f 2202/2202/2202 2151/2151/2151 2152/2152/2152
f 2152/2152/2152 2203/2203/2203 2202/2202/2202
f 2203/2203/2203 2152/2152/2152 2154/2154/2154
f 2154/2154/2154 2204/2204/2204 2203/2203/2203
f 2204/2204/2204 2154/2154/2154 2156/2156/2156
f 2156/2156/2156 2205/2205/2205 2204/2204/2204
f 2205/2205/2205 2156/2156/2156 2158/2158/2158
f 2158/2158/2158 2206/2206/2206 2205/2205/2205
f 2206/2206/2206 2158/2158/2158 2160/2160/2160
f 2160/2160/2160 2207/2207/2207 2206/2206/2206
f 2207/2207/2207 2160/2160/2160 2161/2161/2161
f 2161/2161/2161 2208/2208/2208 2207/2207/2207
f 2208/2208/2208 2161/2161/2161 2162/2162/2162
f 2162/2162/2162 2209/2209/2209 2208/2208/2208
f 2209/2209/2209 2162/2162/2162 2164/2164/2164
f 2164/2164/2164 2210/2210/2210 2209/2209/2209
f 2210/2210/2210 2164/2164/2164 2165/2165/2165
f 2165/2165/2165 2211/2211/2211 2210/2210/2210
f 2211/2211/2211 2165/2165/2165 2166/2166/2166
f 2166/2166/2166 2212/2212/2212 2211/2211/2211
f 2212/2212/2212 2166/2166/2166 2167/2167/2167
f 2167/2167/2167 2213/2213/2213 2212/2212/2212
f 2213/2213/2213 2167/2167/2167 2168/2168/2168
f 2168/2168/2168 2214/2214/2214 2213/2213/2213
f 2168/2168/2168 2215/2215/2215 2214/2214/2214
f 2170/2170/2170 2215/2215/2215 2168/2168/2168
f 2216/2216/2216 2217/2217/2217 2215/2215/2215
f 2218/2218/2218 2217/2217/2217 2216/2216/2216
f 2170/2170/2170 2216/2216/2216 2215/2215/2215
f 2215/2215/2215 2219/2219/2219 2214/2214/2214
f 2219/2219/2219 2217/2217/2217 2218/2218/2218
f 2215/2215/2215 2217/2217/2217 2219/2219/2219
f 2220/2220/2220 2216/2216/2216 2170/2170/2170
f 2218/2218/2218 2216/2216/2216 2220/2220/2220
f 2173/2173/2173 2220/2220/2220 2170/2170/2170
f 2221/2221/2221 2220/2220/2220 2173/2173/2173
f 2218/2218/2218 2220/2220/2220 2221/2221/2221
f 2174/2174/2174 2223/2223/2223 2222/2222/2222
f 2175/2175/2175 2223/2223/2223 2174/2174/2174
f 2223/2223/2223 2225/2225/2225 2224/2224/2224
f 2175/2175/2175 2225/2225/2225 2223/2223/2223
f 2223/2223/2223 2226/2226/2226 2222/2222/2222
f 2224/2224/2224 2226/2226/2226 2223/2223/2223
f 2227/2227/2227 2225/2225/2225 2175/2175/2175
f 2224/2224/2224 2225/2225/2225 2227/2227/2227
f 2176/2176/2176 2227/2227/2227 2175/2175/2175
f 2228/2228/2228 2227/2227/2227 2176/2176/2176
f 2227/2227/2227 2229/2229/2229 2224/2224/2224
f 2228/2228/2228 2229/2229/2229 2227/2227/2227
f 2228/2228/2228 2176/2176/2176 2177/2177/2177
f 2177/2177/2177 2230/2230/2230 2228/2228/2228
f 2230/2230/2230 2177/2177/2177 2178/2178/2178
f 2178/2178/2178 2231/2231/2231 2230/2230/2230
f 2231/2231/2231 2178/2178/2178 2180/2180/2180
f 2180/2180/2180 2232/2232/2232 2231/2231/2231
f 2232/2232/2232 2180/2180/2180 2181/2181/2181
f 2181/2181/2181 2233/2233/2233 2232/2232/2232
f 2233/2233/2233 2181/2181/2181 2182/2182/2182
f 2182/2182/2182 2234/2234/2234 2233/2233/2233
f 2234/2234/2234 2182/2182/2182 2183/2183/2183
f 2183/2183/2183 2235/2235/2235 2234/2234/2234
f 2235/2235/2235 2183/2183/2183 2184/2184/2184
f 2184/2184/2184 2236/2236/2236 2235/2235/2235
f 2236/2236/2236 2184/2184/2184 2186/2186/2186
f 2186/2186/2186 2237/2237/2237 2236/2236/2236
f 2237/2237/2237 2186/2186/2186 2189/2189/2189
f 2189/2189/2189 2238/2238/2238 2237/2237/2237
f 2238/2238/2238 2189/2189/2189 2193/2193/2193
f 2193/2193/2193 2239/2239/2239 2238/2238/2238
f 2239/2239/2239 2193/2193/2193 2197/2197/2197
f 2197/2197/2197 2240/2240/2240 2239/2239/2239
f 2240/2240/2240 2197/2197/2197 2198/2198/2198
f 2198/2198/2198 2241/2241/2241 2240/2240/2240
f 2241/2241/2241 2198/2198/2198 2199/2199/2199
f 2199/2199/2199 2242/2242/2242 2241/2241/2241
f 2242/2242/2242 2199/2199/2199 2200/2200/2200
f 2200/2200/2200 2243/2243/2243 2242/2242/2242
f 2243/2243/2243 2200/2200/2200 2201/2201/2201
f 2201/2201/2201 2244/2244/2244 2243/2243/2243
f 2244/2244/2244 2201/2201/2201 2202/2202/2202
f 2202/2202/2202 2245/2245/2245 2244/2244/2244
f 2245/2245/2245 2202/2202/2202 2203/2203/2203
f 2203/2203/2203 2246/2246/2246 2245/2245/2245
f 2246/2246/2246 2203/2203/2203 2204/2204/2204
f 2204/2204/2204 2247/2247/2247 2246/2246/2246
f 2247/2247/2247 2204/2204/2204 2205/2205/2205
f 2205/2205/2205 2248/2248/2248 2247/2247/2247
f 2248/2248/2248 2205/2205/2205 2206/2206/2206
f 2206/2206/2206 2249/2249/2249 2248/2248/2248
f 2249/2249/2249 2206/2206/2206 2207/2207/2207
f 2207/2207/2207 2250/2250/2250 2249/2249/2249
f 2250/2250/2250 2207/2207/2207 2208/2208/2208
f 2208/2208/2208 2251/2251/2251 2250/2250/2250
f 2251/2251/2251 2208/2208/2208 2209/2209/2209
f 2209/2209/2209 2252/2252/2252 2251/2251/2251
f 2252/2252/2252 2209/2209/2209 2210/2210/2210
f 2210/2210/2210 2253/2253/2253 2252/2252/2252
f 2253/2253/2253 2210/2210/2210 2211/2211/2211
f 2211/2211/2211 2254/2254/2254 2253/2253/2253
f 2254/2254/2254 2211/2211/2211 2212/2212/2212
f 2212/2212/2212 2255/2255/2255 2254/2254/2254
f 2255/2255/2255 2212/2212/2212 2213/2213/2213
f 2213/2213/2213 2256/2256/2256 2255/2255/2255
f 2256/2256/2256 2213/2213/2213 2214/2214/2214
f 2214/2214/2214 2257/2257/2257 2256/2256/2256
f 2214/2214/2214 2258/2258/2258 2257/2257/2257
f 2258/2258/2258 2219/2219/2219 2218/2218/2218
f 2214/2214/2214 2219/2219/2219 2258/2258/2258
f 2259/2259/2259 2258/2258/2258 2218/2218/2218
f 2257/2257/2257 2258/2258/2258 2259/2259/2259
f 2259/2259/2259 2218/2218/2218 2221/2221/2221
f 2221/2221/2221 2260/2260/2260 2259/2259/2259
