# L3DT terrain export, using atMeshDecimator
# 2220 vertices, 4288 polygons
mtllib Lava_Tile_x1y0.mtl
o terrain_o
v -3999.511719 92.982712 7997.070313
v -3999.511719 111.233360 7872.085449
v -3874.526855 109.053589 7997.070313
v -3874.526855 114.126518 7872.085449
v -3749.542236 153.560608 7997.070313
v -3749.542236 122.924881 7872.085449
v -3624.557617 167.313004 7997.070313
v -3624.557617 170.978973 7872.085449
v -3499.572754 126.531410 7997.070313
v -3499.572754 138.817413 7872.085449
v -3374.587891 118.446434 7997.070313
v -3374.587891 122.231316 7872.085449
v -3249.603271 118.446434 7997.070313
v -3249.603271 122.924881 7872.085449
v -3124.618652 120.249702 7997.070313
v -3124.618652 123.975128 7872.085449
v -2999.633789 128.671555 7997.070313
v -2999.633789 186.376114 7872.085449
v -2937.141602 188.536072 7934.578125
v -2937.141602 131.326920 7997.070313
v -2905.895264 161.744659 7965.824219
v -2874.648926 127.977989 7997.070313
v -2874.648926 187.525452 7872.085449
v -2874.648926 173.317276 7934.578125
v -2874.648926 151.816788 7965.824219
v -2843.402832 175.318710 7934.578125
v -2843.402832 179.638626 7965.824219
v -2859.025879 137.747345 7950.201172
v -2812.156738 192.003891 7934.578125
v -2843.402832 190.319519 7903.331543
v -2749.664307 129.464203 7997.070313
v -2812.156738 192.479477 7997.070313
v -2749.664307 189.863754 7872.085449
v -2812.156738 189.903381 7872.085449
v -2624.679688 125.798218 7997.070313
v -2624.679688 136.954697 7872.085449
v -2499.694824 132.654602 7997.070313
v -2499.694824 134.973083 7872.085449
v -2437.202637 134.477676 7934.578125
v -2374.709961 138.004944 7997.070313
v -2374.709961 136.974503 7934.578125
v -2405.956299 133.189636 7903.331543
v -2374.709961 200.306839 7872.085449
v -2437.202637 138.500351 7872.085449
v -2312.217773 198.681931 7934.578125
v -2249.725342 196.858841 7997.070313
v -2249.725342 193.014511 7872.085449
v -2124.740723 195.927475 7997.070313
v -2124.740723 185.959976 7872.085449
v -1999.755737 198.563034 7997.070313
v -1999.755737 193.945877 7872.085449
v -1874.770996 197.393875 7997.070313
v -1874.770996 195.352814 7872.085449
v -1812.278809 198.404495 7934.578125
v -1749.786621 170.007996 7997.070313
v -1749.786621 137.073593 7872.085449
v -1749.786621 137.489731 7934.578125
v -1687.293945 155.324249 7934.578125
v -1718.540039 156.374496 7965.824219
v -1718.540039 182.155273 7903.331543
v -1624.801758 156.394318 7997.070313
v -1687.293945 181.362625 7997.070313
v -1718.540039 138.282379 7997.070313
v -1624.801758 153.560608 7872.085449
v -1687.293945 151.440277 7872.085449
v -1718.540039 183.146088 7872.085449
v -1499.816895 162.438232 7997.070313
v -1499.816895 155.383698 7872.085449
v -1374.832031 151.143036 7997.070313
v -1374.832031 144.504639 7872.085449
v -1249.847656 149.181244 7997.070313
v -1249.847656 135.091980 7872.085449
v -1124.862793 129.266037 7997.070313
v -1124.862793 147.972458 7872.085449
v -999.877930 140.660309 7997.070313
v -999.877930 146.961838 7872.085449
v -874.893066 147.298706 7997.070313
v -874.893066 155.542221 7872.085449
v -749.908691 125.401894 7997.070313
v -749.908691 130.534271 7872.085449
v -624.923828 161.011475 7997.070313
v -624.923828 162.358963 7872.085449
v -562.431152 128.136520 7934.578125
v -499.938965 166.342010 7997.070313
v -499.938965 143.077881 7872.085449
v -499.938965 145.336914 7934.578125
v -437.446777 168.799210 7934.578125
v -468.692871 128.334686 7965.824219
v -374.954102 134.774918 7997.070313
v -437.446777 155.978180 7997.070313
v -374.954102 186.792252 7872.085449
v -437.446777 199.989792 7872.085449
v -249.969727 182.947922 7997.070313
v -249.969727 182.769577 7872.085449
v -124.984863 167.590424 7997.070313
v -124.984863 183.522583 7872.085449
v -62.492188 174.129745 7934.578125
v 0.000000 183.800018 7997.070313
v 0.000000 122.013336 7872.085449
v -62.492188 160.040482 7872.085449
v -3999.511719 136.598007 7747.100586
v -3874.526855 127.026817 7747.100586
v -3749.542236 152.966125 7747.100586
v -3624.557617 162.893997 7747.100586
v -3499.572754 168.244354 7747.100586
v -3374.587891 132.139374 7747.100586
v -3249.603271 124.391273 7747.100586
v -3124.618652 124.331825 7747.100586
v -3062.125977 120.289330 7809.593262
v -2999.633789 180.431274 7747.100586
v -2874.648926 164.261307 7747.100586
v -2812.156738 187.307465 7809.593262
v -2749.664307 192.935242 7747.100586
v -2812.156738 180.530350 7747.100586
v -2687.171875 142.285233 7809.593262
v -2624.679688 134.854187 7747.100586
v -2687.171875 144.742432 7747.100586
v -2499.694824 160.357544 7747.100586
v -2437.202637 174.902573 7809.593262
v -2405.956299 145.693604 7840.839355
v -2374.709961 194.401642 7747.100586
v -2374.709961 198.820633 7809.593262
v -2312.217773 197.235352 7809.593262
v -2249.725342 192.677643 7747.100586
v -2124.740723 196.918289 7747.100586
v -1999.755737 190.715836 7747.100586
v -1874.770996 197.215530 7747.100586
v -1812.278809 207.361389 7809.593262
v -1749.786621 202.169556 7747.100586
v -1749.786621 142.087067 7809.593262
v -1718.540039 166.124023 7840.839355
v -1718.540039 142.998611 7809.593262
v -1687.293945 178.172241 7809.593262
v -1718.540039 181.620239 7778.347168
v -1702.916992 139.550613 7793.970215
v -1624.801758 147.179810 7809.593262
v -1656.047852 178.310944 7778.347168
v -1624.801758 167.570602 7747.100586
v -1687.293945 168.779388 7747.100586
v -1687.293945 145.911575 7778.347168
v -1562.309082 145.515259 7809.593262
v -1499.816895 142.384308 7747.100586
v -1374.832031 177.498489 7747.100586
v -1249.847656 128.612106 7747.100586
v -1124.862793 149.914444 7747.100586
v -999.877930 156.414124 7747.100586
v -874.893066 159.763062 7747.100586
v -749.908691 111.867477 7747.100586
v -687.416016 131.128754 7809.593262
v -624.923828 167.332809 7747.100586
v -624.923828 131.069305 7809.593262
v -562.431152 148.804733 7809.593262
v -499.938965 199.216965 7747.100586
v -437.446777 183.364059 7809.593262
v -374.954102 182.848846 7747.100586
v -249.969727 127.660934 7747.100586
v -187.477051 137.390656 7809.593262
v -124.984863 152.966125 7747.100586
v -124.984863 127.106079 7809.593262
v -62.492188 131.287277 7809.593262
v -93.738770 121.220688 7840.839355
v 0.000000 172.564270 7747.100586
v -3999.511719 142.305054 7622.116211
v -3874.526855 123.162674 7622.116211
v -3812.034668 130.672989 7684.608398
v -3749.542236 164.003708 7622.116211
v -3749.542236 114.661552 7684.608398
v -3687.049805 151.123230 7684.608398
v -3624.557617 161.090729 7622.116211
v -3499.572754 160.357544 7622.116211
v -3374.587891 166.084396 7622.116211
v -3249.603271 121.399033 7622.116211
v -3187.110840 122.370026 7684.608398
v -3124.618652 116.583717 7684.608398
v -3155.864746 119.001282 7653.362305
v -3124.618652 181.778763 7622.116211
v -3187.110840 125.382080 7622.116211
v -3062.125977 141.631302 7684.608398
v -2999.633789 175.041290 7622.116211
v -2937.141602 176.844559 7684.608398
v -2874.648926 174.268463 7622.116211
v -2874.648926 166.500534 7684.608398
v -2812.156738 170.661926 7684.608398
v -2843.402832 165.331390 7715.854492
v -2780.910645 183.899094 7715.854492
v -2812.156738 171.969788 7715.854492
v -2796.533691 170.146698 7700.231445
v -2780.910645 185.088058 7653.362305
v -2749.664307 125.857666 7684.608398
v -2780.910645 173.099304 7684.608398
v -2749.664307 184.295410 7622.116211
v -2749.664307 167.095016 7715.854492
v -2765.287354 136.974503 7700.231445
v -2780.910645 144.682983 7700.231445
v -2812.156738 180.827591 7622.116211
v -2687.171875 129.424561 7684.608398
v -2718.417969 129.523651 7715.854492
v -2718.417969 122.548370 7653.362305
v -2624.679688 134.338959 7684.608398
v -2655.925781 127.641113 7653.362305
v -2624.679688 192.102966 7622.116211
v -2687.171875 187.287659 7622.116211
v -2687.171875 121.260323 7653.362305
v -2562.187012 132.634781 7684.608398
v -2499.694824 196.918289 7622.116211
v -2499.694824 144.782059 7684.608398
v -2437.202637 197.492950 7684.608398
v -2374.709961 192.677643 7622.116211
v -2249.725342 191.369766 7622.116211
v -2124.740723 208.272934 7622.116211
v -1999.755737 194.223297 7622.116211
v -1874.770996 198.840454 7622.116211
v -1749.786621 188.595520 7622.116211
v -1687.293945 174.050476 7684.608398
v -1656.047852 135.944077 7715.854492
v -1624.801758 205.994080 7622.116211
v -1624.801758 138.757965 7684.608398
v -1562.309082 158.296661 7684.608398
v -1499.816895 167.590424 7622.116211
v -1374.832031 149.260513 7622.116211
v -1249.847656 140.283798 7622.116211
v -1124.862793 122.350212 7622.116211
v -999.877930 130.276657 7622.116211
v -874.893066 123.499542 7622.116211
v -749.908691 145.614334 7622.116211
v -687.416016 166.381638 7684.608398
v -624.923828 200.069046 7622.116211
v -687.416016 127.185341 7622.116211
v -499.938965 177.855179 7622.116211
v -374.954102 125.580238 7622.116211
v -249.969727 143.593094 7622.116211
v -124.984863 162.913818 7622.116211
v 0.000000 159.822510 7622.116211
v -3999.511719 162.814743 7497.131348
v -3874.526855 160.516068 7497.131348
v -3749.542236 164.023514 7497.131348
v -3624.557617 156.077255 7497.131348
v -3499.572754 165.925873 7497.131348
v -3374.587891 146.565521 7497.131348
v -3312.095703 120.725288 7559.623535
v -3249.603271 178.013702 7497.131348
v -3312.095703 119.159813 7497.131348
v -3187.110840 177.974075 7559.623535
v -3124.618652 176.487869 7497.131348
v -2999.633789 194.837601 7497.131348
v -2874.648926 175.120544 7497.131348
v -2812.156738 176.745468 7559.623535
v -2749.664307 161.566315 7497.131348
v -2687.171875 188.040665 7559.623535
v -2624.679688 189.289078 7497.131348
v -2499.694824 183.403687 7497.131348
v -2374.709961 191.171616 7497.131348
v -2249.725342 206.430023 7497.131348
v -2124.740723 194.243118 7497.131348
v -1999.755737 190.022278 7497.131348
v -1874.770996 191.825546 7497.131348
v -1749.786621 193.133408 7497.131348
v -1624.801758 191.924622 7497.131348
v -1499.816895 185.405121 7497.131348
v -1374.832031 192.915436 7497.131348
v -1249.847656 157.900345 7497.131348
v -1187.354980 142.978790 7559.623535
v -1124.862793 140.343246 7497.131348
v -1187.354980 165.588989 7497.131348
v -1062.370117 128.711182 7559.623535
v -999.877930 134.556946 7497.131348
v -1062.370117 139.431717 7497.131348
v -874.893066 165.450287 7497.131348
v -812.400879 140.739578 7559.623535
v -749.908691 171.018616 7497.131348
v -812.400879 126.907921 7497.131348
v -687.416016 148.606583 7559.623535
v -624.923828 176.904007 7497.131348
v -562.431152 177.082352 7559.623535
v -499.938965 183.700928 7559.623535
v -531.185059 183.106445 7528.377441
v -499.938965 128.037445 7528.377441
v -515.562012 122.370026 7512.754395
v -499.938965 127.859093 7497.131348
v -562.431152 146.268280 7497.131348
v -531.185059 122.905060 7497.131348
v -437.446777 123.380646 7559.623535
v -468.692871 124.292191 7528.377441
v -374.954102 156.354675 7497.131348
v -437.446777 150.885437 7497.131348
v -249.969727 168.006561 7497.131348
v -124.984863 162.140991 7497.131348
v 0.000000 140.283798 7497.131348
v -3999.511719 159.901764 7372.146484
v -3874.526855 167.392258 7372.146484
v -3749.542236 131.743057 7372.146484
v -3624.557617 160.080109 7372.146484
v -3499.572754 158.078690 7372.146484
v -3437.080322 123.856232 7434.639160
v -3374.587891 128.948975 7372.146484
v -3374.587891 121.815178 7434.639160
v -3437.080322 122.845612 7372.146484
v -3312.095703 177.874985 7434.639160
v -3343.341797 121.815178 7465.885254
v -3249.603271 168.283981 7372.146484
v -3124.618652 191.191422 7372.146484
v -3062.125977 193.391022 7434.639160
v -2999.633789 151.618622 7372.146484
v -3062.125977 127.720383 7372.146484
v -2874.648926 161.348343 7372.146484
v -2749.664307 187.327286 7372.146484
v -2624.679688 210.016754 7372.146484
v -2499.694824 211.919098 7372.146484
v -2374.709961 205.795914 7372.146484
v -2249.725342 187.783051 7372.146484
v -2124.740723 198.820633 7372.146484
v -1999.755737 193.906235 7372.146484
v -1874.770996 196.403076 7372.146484
v -1812.278809 196.739944 7434.639160
v -1749.786621 189.368347 7372.146484
v -1812.278809 140.164902 7372.146484
v -1624.801758 194.738510 7372.146484
v -1499.816895 195.095200 7372.146484
v -1374.832031 191.825546 7372.146484
v -1312.339844 201.832687 7434.639160
v -1249.847656 200.762619 7372.146484
v -1249.847656 173.673981 7434.639160
v -1187.354980 159.029861 7434.639160
v -1218.601074 129.642548 7465.885254
v -1156.108887 131.525070 7465.885254
v -1187.354980 122.052971 7465.885254
v -1124.862793 167.788589 7372.146484
v -1124.862793 117.138565 7434.639160
v -1093.616699 165.291748 7465.885254
v -1093.616699 135.012711 7434.639160
v -1062.370117 153.719131 7434.639160
v -1093.616699 155.997986 7403.392578
v -1077.993164 119.060730 7419.015625
v -999.877930 170.305237 7434.639160
v -1031.124023 141.215164 7403.392578
v -999.877930 180.292557 7372.146484
v -1062.370117 168.739761 7372.146484
v -1062.370117 146.347534 7403.392578
v -937.385742 147.021286 7434.639160
v -874.893066 198.483765 7372.146484
v -812.400879 187.584900 7434.639160
v -749.908691 178.628006 7372.146484
v -749.908691 182.729950 7434.639160
v -687.416016 178.548737 7434.639160
v -718.662109 178.271317 7403.392578
v -624.923828 122.805977 7372.146484
v -687.416016 177.795731 7372.146484
v -718.662109 182.928101 7372.146484
v -562.431152 117.693420 7434.639160
v -531.185059 123.955315 7465.885254
v -499.938965 163.964066 7372.146484
v -499.938965 150.865616 7434.639160
v -437.446777 166.282562 7434.639160
v -374.954102 157.920151 7372.146484
v -249.969727 158.177765 7372.146484
v -124.984863 151.400650 7372.146484
v 0.000000 126.709755 7372.146484
v -3999.511719 146.525879 7247.162109
v -3874.526855 158.118317 7247.162109
v -3749.542236 123.360832 7247.162109
v -3624.557617 156.968979 7247.162109
v -3499.572754 148.666031 7247.162109
v -3437.080322 122.984329 7309.654297
v -3405.834229 123.123039 7340.900391
v -3405.834229 123.876053 7278.408203
v -3374.587891 183.879272 7309.654297
v -3405.834229 119.199448 7309.654297
v -3374.587891 120.348778 7247.162109
v -3437.080322 126.927734 7247.162109
v -3312.095703 173.356918 7309.654297
v -3343.341797 184.117065 7278.408203
v -3249.603271 180.867233 7247.162109
v -3312.095703 178.826172 7247.162109
v -3187.110840 195.689682 7309.654297
v -3124.618652 136.062973 7247.162109
v -3124.618652 168.957733 7309.654297
v -3187.110840 196.066193 7247.162109
v -3093.372314 142.166336 7340.900391
v -3093.372314 128.017624 7309.654297
v -3062.125977 161.784302 7309.654297
v -3093.372314 132.496063 7278.408203
v -2999.633789 145.158569 7247.162109
v -3062.125977 153.560608 7247.162109
v -2937.141602 168.739761 7309.654297
v -2874.648926 139.055206 7247.162109
v -2874.648926 171.831070 7309.654297
v -2812.156738 131.861954 7309.654297
v -2843.402832 169.433319 7278.408203
v -2749.664307 128.651733 7309.654297
v -2780.910645 160.377350 7278.408203
v -2749.664307 176.844559 7247.162109
v -2812.156738 143.731812 7247.162109
v -2812.156738 171.850891 7278.408203
v -2687.171875 174.565704 7309.654297
v -2624.679688 133.486877 7247.162109
v -2499.694824 180.649246 7247.162109
v -2437.202637 175.893387 7309.654297
v -2374.709961 168.561417 7309.654297
v -2405.956299 126.630493 7278.408203
v -2374.709961 173.951401 7247.162109
v -2437.202637 177.102158 7247.162109
v -2312.217773 161.665405 7309.654297
v -2249.725342 142.641922 7247.162109
v -2312.217773 175.397980 7247.162109
v -2124.740723 204.052094 7247.162109
v -1999.755737 196.502151 7247.162109
v -1874.770996 194.124222 7247.162109
v -1812.278809 144.742432 7309.654297
v -1749.786621 135.072159 7247.162109
v -1749.786621 127.997803 7309.654297
v -1812.278809 184.235962 7247.162109
v -1687.293945 192.459656 7309.654297
v -1624.801758 194.599808 7247.162109
v -1687.293945 168.918106 7247.162109
v -1499.816895 181.620239 7247.162109
v -1374.832031 152.985947 7247.162109
v -1249.847656 193.807159 7247.162109
v -1124.862793 202.367722 7247.162109
v -1062.370117 197.968536 7309.654297
v -999.877930 169.809830 7247.162109
v -874.893066 175.397980 7247.162109
v -812.400879 175.576324 7309.654297
v -749.908691 181.204102 7247.162109
v -749.908691 176.923813 7309.654297
v -687.416016 144.484818 7309.654297
v -718.662109 182.194901 7340.900391
v -656.169922 118.525696 7340.900391
v -687.416016 116.821510 7340.900391
v -703.039063 138.302185 7356.523438
v -624.923828 120.130806 7247.162109
v -624.923828 121.062164 7309.654297
v -562.431152 148.190430 7309.654297
v -499.938965 162.259888 7247.162109
v -374.954102 140.184723 7247.162109
v -312.461914 152.688690 7309.654297
v -249.969727 163.884811 7247.162109
v -249.969727 124.490349 7309.654297
v -187.477051 135.111801 7309.654297
v -124.984863 158.375931 7247.162109
v 0.000000 133.149994 7247.162109
v -3999.511719 134.200256 7122.177246
v -3874.526855 169.572037 7122.177246
v -3749.542236 130.534271 7122.177246
v -3687.049805 107.369217 7184.669434
v -3624.557617 122.231316 7122.177246
v -3499.572754 109.370651 7122.177246
v -3437.080322 125.322632 7184.669434
v -3374.587891 171.573471 7122.177246
v -3374.587891 153.758774 7184.669434
v -3312.095703 179.361206 7184.669434
v -3343.341797 184.731369 7215.915527
v -3249.603271 201.198578 7122.177246
v -3249.603271 183.344238 7184.669434
v -3187.110840 161.566315 7184.669434
v -3218.356934 175.021469 7153.423340
v -3155.864746 166.857224 7215.915527
v -3155.864746 167.788589 7153.423340
v -3124.618652 168.145279 7184.669434
v -3155.864746 130.791885 7184.669434
v -3171.487793 131.544891 7169.046387
v -3124.618652 145.079300 7122.177246
v -3187.110840 145.198196 7122.177246
v -3187.110840 135.151428 7153.423340
v -3062.125977 142.384308 7184.669434
v -2999.633789 135.369400 7122.177246
v -2874.648926 137.093414 7122.177246
v -2812.156738 141.611481 7184.669434
v -2749.664307 124.074211 7122.177246
v -2624.679688 148.309326 7122.177246
v -2499.694824 147.100555 7122.177246
v -2437.202637 165.133224 7184.669434
v -2374.709961 138.440903 7122.177246
v -2312.217773 151.975311 7184.669434
v -2280.971680 183.185715 7215.915527
v -2249.725342 131.703415 7122.177246
v -2249.725342 183.046997 7184.669434
v -2187.232910 156.156525 7184.669434
v -2124.740723 182.868652 7184.669434
v -2155.986816 166.005127 7153.423340
v -2124.740723 142.067261 7122.177246
v -2187.232910 149.359589 7122.177246
v -2155.986816 179.559357 7122.177246
v -2062.248047 201.357101 7184.669434
v -1999.755737 211.384064 7122.177246
v -1874.770996 195.095200 7122.177246
v -1812.278809 193.093781 7184.669434
v -1781.032715 120.903633 7215.915527
v -1749.786621 162.993088 7122.177246
v -1749.786621 132.991470 7184.669434
v -1687.293945 133.585953 7184.669434
v -1656.047852 178.291138 7215.915527
v -1656.047852 136.340393 7153.423340
v -1624.801758 199.018799 7184.669434
v -1656.047852 131.604340 7184.669434
v -1624.801758 144.247025 7122.177246
v -1687.293945 132.238449 7122.177246
v -1562.309082 190.735657 7184.669434
v -1499.816895 183.819824 7122.177246
v -1562.309082 195.293365 7122.177246
v -1374.832031 179.519730 7122.177246
v -1249.847656 182.274170 7122.177246
v -1124.862793 180.887039 7122.177246
v -999.877930 177.874985 7122.177246
v -874.893066 174.189194 7122.177246
v -749.908691 179.499908 7122.177246
v -687.416016 110.916306 7184.669434
v -624.923828 134.279510 7122.177246
v -687.416016 140.462143 7122.177246
v -499.938965 143.850708 7122.177246
v -374.954102 142.067261 7122.177246
v -249.969727 142.443756 7122.177246
v -124.984863 108.914879 7122.177246
v 0.000000 68.351265 7122.177246
v -3999.511719 170.860077 6997.192383
v -3874.526855 141.254791 6997.192383
v -3749.542236 147.992279 6997.192383
v -3624.557617 156.116882 6997.192383
v -3499.572754 139.946930 6997.192383
v -3437.080322 118.466248 7059.684570
v -3374.587891 183.621674 6997.192383
v -3437.080322 112.917732 6997.192383
v -3249.603271 188.417175 6997.192383
v -3187.110840 141.373688 7059.684570
v -3124.618652 144.286667 6997.192383
v -2999.633789 149.557755 6997.192383
v -2874.648926 138.282379 6997.192383
v -2749.664307 122.825798 6997.192383
v -2624.679688 138.718323 6997.192383
v -2499.694824 146.129562 6997.192383
v -2374.709961 157.325668 6997.192383
v -2249.725342 138.322006 6997.192383
v -2187.232910 154.868469 7059.684570
v -2155.986816 182.036377 7090.930664
v -2124.740723 127.185341 6997.192383
v -2124.740723 172.861511 7059.684570
v -2062.248047 181.818405 7059.684570
v -1999.755737 167.828217 6997.192383
v -1999.755737 147.556320 7059.684570
v -1937.263672 207.638809 7059.684570
v -1874.770996 210.175278 6997.192383
v -1937.263672 142.740997 6997.192383
v -1812.278809 185.979782 7059.684570
v -1749.786621 131.485443 7059.684570
v -1781.032715 172.802063 7028.438477
v -1749.786621 133.149994 6997.192383
v -1812.278809 190.814926 6997.192383
v -1781.032715 195.491531 6997.192383
v -1687.293945 135.131607 7059.684570
v -1624.801758 131.227829 6997.192383
v -1687.293945 132.951843 6997.192383
v -1562.309082 131.643967 7059.684570
v -1531.062988 196.700317 7090.930664
v -1531.062988 195.075394 7028.438477
v -1499.816895 193.014511 7059.684570
v -1531.062988 196.601227 7059.684570
v -1499.816895 192.459656 6997.192383
v -1562.309082 137.648254 6997.192383
v -1437.324707 182.511963 7059.684570
v -1374.832031 190.081726 6997.192383
v -1249.847656 188.734222 6997.192383
v -1124.862793 180.946487 6997.192383
v -999.877930 174.149567 6997.192383
v -874.893066 173.000229 6997.192383
v -812.400879 171.097885 7059.684570
v -749.908691 169.155899 6997.192383
v -749.908691 178.132599 7059.684570
v -687.416016 175.556503 7059.684570
v -718.662109 138.757965 7090.930664
v -624.923828 173.951401 6997.192383
v -624.923828 177.557938 7059.684570
v -562.431152 113.076263 7059.684570
v -593.677734 177.597565 7028.438477
v -499.938965 116.385559 6997.192383
v -562.431152 129.840698 6997.192383
v -374.954102 138.995758 6997.192383
v -249.969727 97.936745 6997.192383
v -187.477051 141.670929 7059.684570
v -124.984863 128.453583 6997.192383
v 0.000000 72.750450 6997.192383
v -3999.511719 168.581223 6872.207520
v -3874.526855 168.422699 6872.207520
v -3749.542236 147.595947 6872.207520
v -3687.049805 105.684845 6934.700195
v -3624.557617 106.556755 6872.207520
v -3562.065186 108.954506 6934.700195
v -3499.572754 120.467674 6872.207520
v -3499.572754 109.548996 6934.700195
v -3562.065186 94.211311 6872.207520
v -3437.080322 184.295410 6934.700195
v -3468.326660 110.302002 6965.946289
v -3374.587891 178.548737 6872.207520
v -3437.080322 185.226776 6872.207520
v -3249.603271 174.763855 6872.207520
v -3187.110840 147.120361 6934.700195
v -3124.618652 175.774490 6872.207520
v -3187.110840 138.916489 6872.207520
v -2999.633789 124.272377 6872.207520
v -2874.648926 142.582474 6872.207520
v -2749.664307 150.449478 6872.207520
v -2624.679688 159.049667 6872.207520
v -2499.694824 177.141800 6872.207520
v -2374.709961 164.142410 6872.207520
v -2249.725342 178.152420 6872.207520
v -2124.740723 180.371826 6872.207520
v -1999.755737 152.847229 6872.207520
v -1937.263672 172.623718 6934.700195
v -1906.017090 179.163040 6965.946289
v -1906.017090 146.942017 6934.700195
v -1906.017090 179.757523 6903.454102
v -1890.394043 137.628448 6919.077148
v -1874.770996 176.864365 6934.700195
v -1874.770996 179.202667 6872.207520
v -1874.770996 141.552032 6903.454102
v -1937.263672 144.920776 6872.207520
v -1812.278809 205.716644 6934.700195
v -1843.524902 148.844376 6903.454102
v -1781.032715 190.478043 6965.946289
v -1749.786621 186.296844 6872.207520
v -1749.786621 189.725037 6934.700195
v -1749.786621 194.461090 6965.946289
v -1812.278809 186.019424 6872.207520
v -1718.540039 194.679062 6934.700195
v -1718.540039 135.052353 6965.946289
v -1734.163086 195.848221 6950.323242
v -1687.293945 129.365112 6934.700195
v -1718.540039 191.706650 6903.454102
v -1624.801758 191.548126 6872.207520
v -1687.293945 193.490097 6872.207520
v -1562.309082 194.104401 6934.700195
v -1531.062988 156.433945 6965.946289
v -1499.816895 190.933823 6872.207520
v -1499.816895 190.616760 6934.700195
v -1562.309082 192.895615 6872.207520
v -1437.324707 189.407974 6934.700195
v -1374.832031 182.928101 6872.207520
v -1437.324707 171.236588 6872.207520
v -1249.847656 179.539551 6872.207520
v -1124.862793 180.926682 6872.207520
v -999.877930 175.695221 6872.207520
v -874.893066 184.017990 6872.207520
v -749.908691 181.838211 6872.207520
v -624.923828 162.913818 6872.207520
v -562.431152 175.952835 6934.700195
v -499.938965 109.231934 6934.700195
v -531.185059 128.731003 6903.454102
v -499.938965 113.967987 6872.207520
v -562.431152 173.277649 6872.207520
v -531.185059 110.163292 6872.207520
v -437.446777 146.129562 6934.700195
v -374.954102 141.928543 6872.207520
v -249.969727 110.480354 6872.207520
v -187.477051 106.338783 6934.700195
v -124.984863 125.164101 6934.700195
v -156.230957 100.116516 6903.454102
v -124.984863 122.825798 6872.207520
v -124.984863 89.812134 6903.454102
v -187.477051 103.544708 6872.207520
v -62.492188 139.629868 6934.700195
v -93.738770 131.425995 6903.454102
v 0.000000 133.467056 6872.207520
v -62.492188 135.508118 6872.207520
v -3999.511719 177.498489 6747.222656
v -3874.526855 168.501968 6747.222656
v -3749.542236 171.692368 6747.222656
v -3624.557617 129.028244 6747.222656
v -3562.065186 112.957367 6809.715332
v -3530.818848 114.582291 6840.961426
v -3530.818848 156.711365 6778.469238
v -3499.572754 179.301758 6809.715332
v -3530.818848 176.170807 6809.715332
v -3499.572754 190.834732 6747.222656
v -3499.572754 180.391647 6840.961426
v -3515.195801 180.887039 6825.338379
v -3562.065186 124.153481 6747.222656
v -3437.080322 181.957108 6809.715332
v -3468.326660 180.926682 6840.961426
v -3374.587891 191.092346 6747.222656
v -3249.603271 182.908295 6747.222656
v -3187.110840 128.889526 6809.715332
v -3124.618652 137.549179 6809.715332
v -3155.864746 170.067444 6778.469238
v -3124.618652 137.509552 6747.222656
v -3187.110840 173.317276 6747.222656
v -3062.125977 138.222931 6809.715332
v -2999.633789 151.578995 6747.222656
v -2874.648926 144.227219 6747.222656
v -2749.664307 171.989609 6747.222656
v -2624.679688 153.481339 6747.222656
v -2499.694824 169.790009 6747.222656
v -2374.709961 173.951401 6747.222656
v -2249.725342 139.887482 6747.222656
v -2124.740723 134.656021 6747.222656
v -2062.248047 180.034943 6809.715332
v -1999.755737 152.391449 6747.222656
v -1937.263672 138.718323 6809.715332
v -1874.770996 149.339767 6747.222656
v -1812.278809 147.358154 6809.715332
v -1781.032715 206.945251 6840.961426
v -1749.786621 206.548920 6747.222656
v -1749.786621 190.339340 6809.715332
v -1812.278809 142.641922 6747.222656
v -1687.293945 187.307465 6809.715332
v -1624.801758 190.220444 6747.222656
v -1624.801758 175.774490 6809.715332
v -1562.309082 125.996376 6809.715332
v -1593.555664 123.420280 6778.469238
v -1531.062988 164.538742 6840.961426
v -1499.816895 139.610062 6747.222656
v -1499.816895 130.256851 6809.715332
v -1499.816895 127.006996 6840.961426
v -1562.309082 130.256851 6747.222656
v -1593.555664 125.263184 6747.222656
v -1437.324707 125.600052 6809.715332
v -1468.570801 130.296478 6840.961426
v -1406.078125 188.119934 6840.961426
v -1374.832031 126.016190 6747.222656
v -1374.832031 188.952209 6809.715332
v -1312.339844 181.065384 6809.715332
v -1343.585938 188.199188 6778.469238
v -1249.847656 174.466614 6747.222656
v -1312.339844 180.867233 6747.222656
v -1343.585938 187.010223 6747.222656
v -1124.862793 182.393066 6747.222656
v -999.877930 179.737701 6747.222656
v -874.893066 166.223114 6747.222656
v -749.908691 167.610245 6747.222656
v -687.416016 168.442520 6809.715332
v -624.923828 169.690933 6809.715332
v -656.169922 173.812683 6778.469238
v -624.923828 114.859711 6747.222656
v -624.923828 176.408600 6778.469238
v -687.416016 174.407166 6747.222656
v -562.431152 171.414932 6809.715332
v -593.677734 175.675400 6778.469238
v -531.185059 118.822937 6840.961426
v -499.938965 126.927734 6809.715332
v -531.185059 108.677086 6778.469238
v -499.938965 138.995758 6747.222656
v -562.431152 112.679939 6747.222656
v -437.446777 147.833740 6809.715332
v -374.954102 110.916306 6747.222656
v -249.969727 133.268890 6747.222656
v -187.477051 122.112419 6809.715332
v -124.984863 107.230507 6747.222656
v -62.492188 117.277283 6809.715332
v 0.000000 114.047256 6747.222656
v -3999.511719 166.976120 6622.238281
v -3874.526855 149.379410 6622.238281
v -3749.542236 143.196777 6622.238281
v -3624.557617 94.686897 6622.238281
v -3562.065186 187.267838 6684.730469
v -3499.572754 192.003891 6622.238281
v -3562.065186 172.009415 6622.238281
v -3374.587891 194.084579 6622.238281
v -3249.603271 176.012283 6622.238281
v -3187.110840 150.925064 6684.730469
v -3124.618652 139.312820 6622.238281
v -2999.633789 171.196960 6622.238281
v -2874.648926 156.453766 6622.238281
v -2749.664307 159.981033 6622.238281
v -2624.679688 179.341385 6622.238281
v -2562.187012 131.584518 6684.730469
v -2499.694824 156.770813 6622.238281
v -2374.709961 141.413315 6622.238281
v -2249.725342 152.193298 6622.238281
v -2124.740723 151.935684 6622.238281
v -1999.755737 152.054581 6622.238281
v -1874.770996 147.437424 6622.238281
v -1812.278809 172.623718 6684.730469
v -1781.032715 144.841507 6715.976563
v -1749.786621 145.059494 6622.238281
v -1749.786621 170.107071 6684.730469
v -1812.278809 146.783493 6622.238281
v -1687.293945 189.685410 6684.730469
v -1718.540039 204.626755 6653.484375
v -1624.801758 182.472336 6622.238281
v -1624.801758 180.887039 6684.730469
v -1687.293945 200.069046 6622.238281
v -1562.309082 127.898727 6684.730469
v -1593.555664 127.958176 6715.976563
v -1499.816895 116.405373 6622.238281
v -1437.324707 124.866859 6684.730469
v -1374.832031 124.906487 6622.238281
v -1374.832031 121.200874 6684.730469
v -1312.339844 182.591232 6684.730469
v -1343.585938 186.138321 6715.976563
v -1249.847656 172.841690 6622.238281
v -1124.862793 170.503387 6622.238281
v -999.877930 166.896866 6622.238281
v -874.893066 170.840271 6622.238281
v -749.908691 169.235168 6622.238281
v -687.416016 174.763855 6684.730469
v -624.923828 114.522842 6684.730469
v -656.169922 113.036629 6653.484375
v -624.923828 120.051537 6622.238281
v -687.416016 134.656021 6622.238281
v -562.431152 122.330391 6684.730469
v -499.938965 157.444565 6622.238281
v -374.954102 121.953888 6622.238281
v -249.969727 132.060104 6622.238281
v -124.984863 105.704666 6622.238281
v 0.000000 92.249519 6622.238281
v -3999.511719 170.761002 6497.253418
v -3874.526855 139.808212 6497.253418
v -3749.542236 158.851517 6497.253418
v -3687.049805 119.377792 6559.746094
v -3624.557617 115.949600 6497.253418
v -3624.557617 87.751259 6559.746094
v -3562.065186 99.105896 6559.746094
v -3593.311279 153.045395 6590.992188
v -3530.818848 176.547318 6590.992188
v -3530.818848 133.189636 6528.499512
v -3499.572754 187.525452 6559.746094
v -3530.818848 178.548737 6559.746094
v -3499.572754 186.118500 6497.253418
v -3562.065186 118.664413 6497.253418
v -3437.080322 185.841080 6559.746094
v -3374.587891 204.408783 6497.253418
v -3437.080322 190.834732 6497.253418
v -3312.095703 166.936493 6559.746094
v -3249.603271 179.836792 6497.253418
v -3312.095703 161.526688 6497.253418
v -3124.618652 157.880524 6497.253418
v -2999.633789 165.311569 6497.253418
v -2874.648926 169.552216 6497.253418
v -2749.664307 175.814117 6497.253418
v -2624.679688 171.910339 6497.253418
v -2499.694824 157.008606 6497.253418
v -2374.709961 172.663345 6497.253418
v -2249.725342 157.068054 6497.253418
v -2124.740723 135.488297 6497.253418
v -1999.755737 143.751617 6497.253418
v -1874.770996 173.039856 6497.253418
v -1812.278809 125.936928 6559.746094
v -1781.032715 145.317093 6590.992188
v -1749.786621 169.611664 6559.746094
v -1781.032715 143.553467 6528.499512
v -1749.786621 162.537308 6497.253418
v -1749.786621 164.082962 6528.499512
v -1749.786621 161.249268 6590.992188
v -1812.278809 132.416794 6497.253418
v -1718.540039 146.406982 6559.746094
v -1718.540039 169.195526 6590.992188
v -1734.163086 132.753677 6575.369141
v -1687.293945 173.852325 6559.746094
v -1718.540039 165.371017 6528.499512
v -1734.163086 133.922821 6544.122559
v -1624.801758 182.868652 6497.253418
v -1687.293945 168.383072 6497.253418
v -1718.540039 129.266037 6497.253418
v -1562.309082 185.741989 6559.746094
v -1499.816895 161.883377 6497.253418
v -1499.816895 116.821510 6559.746094
v -1437.324707 183.641479 6559.746094
v -1468.570801 118.822937 6528.499512
v -1374.832031 141.809647 6559.746094
v -1406.078125 131.208023 6528.499512
v -1374.832031 177.478668 6497.253418
v -1437.324707 124.906487 6497.253418
v -1312.339844 178.172241 6559.746094
v -1249.847656 170.166519 6497.253418
v -1124.862793 180.649246 6497.253418
v -999.877930 192.657822 6497.253418
v -874.893066 168.937927 6497.253418
v -812.400879 169.849457 6559.746094
v -749.908691 111.966560 6497.253418
v -749.908691 173.376740 6559.746094
v -812.400879 173.911774 6497.253418
v -687.416016 115.434380 6559.746094
v -718.662109 175.397980 6590.992188
v -624.923828 123.499542 6497.253418
v -499.938965 155.403503 6497.253418
v -374.954102 147.714844 6497.253418
v -249.969727 134.517303 6497.253418
v -124.984863 130.316299 6497.253418
v 0.000000 92.962898 6497.253418
v -3999.511719 162.676025 6372.268555
v -3874.526855 171.097885 6372.268555
v -3749.542236 135.884628 6372.268555
v -3624.557617 160.991653 6372.268555
v -3562.065186 149.874802 6434.760742
v -3530.818848 123.281570 6466.007324
v -3499.572754 164.657639 6372.268555
v -3499.572754 134.358780 6434.760742
v -3499.572754 126.590858 6466.007324
v -3437.080322 195.947296 6434.760742
v -3468.326660 195.372635 6466.007324
v -3468.326660 136.201675 6403.514648
v -3374.587891 193.014511 6372.268555
v -3437.080322 139.411896 6372.268555
v -3312.095703 192.063339 6434.760742
v -3280.849609 135.409042 6466.007324
v -3249.603271 207.103775 6372.268555
v -3249.603271 158.494827 6434.760742
v -3187.110840 155.879089 6434.760742
v -3124.618652 182.809204 6372.268555
v -3124.618652 134.933456 6434.760742
v -3187.110840 158.712799 6372.268555
v -3062.125977 147.754486 6434.760742
v -2999.633789 159.901764 6372.268555
v -3062.125977 132.614960 6372.268555
v -2874.648926 179.460281 6372.268555
v -2749.664307 158.375931 6372.268555
v -2624.679688 138.064392 6372.268555
v -2499.694824 130.950409 6372.268555
v -2374.709961 154.729752 6372.268555
v -2249.725342 129.067871 6372.268555
v -2124.740723 126.729576 6372.268555
v -1999.755737 147.972458 6372.268555
v -1937.263672 137.786972 6434.760742
v -1874.770996 156.988800 6434.760742
v -1906.017090 169.611664 6403.514648
v -1874.770996 121.775543 6372.268555
v -1937.263672 167.887665 6372.268555
v -1812.278809 135.785538 6434.760742
v -1749.786621 163.666824 6372.268555
v -1749.786621 167.828217 6434.760742
v -1718.540039 124.529984 6466.007324
v -1718.540039 126.036011 6434.760742
v -1687.293945 168.581223 6434.760742
v -1718.540039 128.572479 6403.514648
v -1624.801758 191.567932 6372.268555
v -1687.293945 168.006561 6372.268555
v -1718.540039 134.715469 6372.268555
v -1499.816895 174.407166 6372.268555
v -1437.324707 174.922394 6434.760742
v -1374.832031 175.833939 6372.268555
v -1249.847656 167.451706 6372.268555
v -1124.862793 174.922394 6372.268555
v -999.877930 169.928726 6372.268555
v -874.893066 175.358337 6372.268555
v -812.400879 163.964066 6434.760742
v -749.908691 114.463394 6372.268555
v -624.923828 122.132233 6372.268555
v -499.938965 127.343872 6372.268555
v -374.954102 115.989235 6372.268555
v -249.969727 132.020477 6372.268555
v -124.984863 128.770630 6372.268555
v 0.000000 122.845612 6372.268555
v -3999.511719 164.518921 6247.284180
v -3874.526855 155.344055 6247.284180
v -3749.542236 140.442337 6247.284180
v -3624.557617 167.550797 6247.284180
v -3499.572754 183.661301 6247.284180
v -3437.080322 164.697266 6309.776367
v -3405.834229 136.538559 6341.022461
v -3374.587891 138.004944 6247.284180
v -3374.587891 134.973083 6309.776367
v -3312.095703 196.026566 6309.776367
v -3249.603271 193.311752 6247.284180
v -3187.110840 211.562408 6309.776367
v -3155.864746 147.338348 6341.022461
v -3155.864746 181.877853 6278.530273
v -3124.618652 177.815536 6309.776367
v -3155.864746 160.753860 6309.776367
v -3124.618652 180.986130 6247.284180
v -3187.110840 204.250259 6247.284180
v -3062.125977 152.470718 6309.776367
v -2999.633789 148.626389 6247.284180
v -3062.125977 158.415558 6247.284180
v -2874.648926 148.784927 6247.284180
v -2749.664307 173.039856 6247.284180
v -2624.679688 128.453583 6247.284180
v -2499.694824 129.008423 6247.284180
v -2374.709961 132.159195 6247.284180
v -2249.725342 131.168381 6247.284180
v -2124.740723 128.195969 6247.284180
v -1999.755737 172.465195 6247.284180
v -1937.263672 133.328339 6309.776367
v -1874.770996 134.002090 6247.284180
v -1812.278809 142.483398 6309.776367
v -1749.786621 90.525513 6247.284180
v -1749.786621 123.697708 6309.776367
v -1687.293945 134.338959 6309.776367
v -1718.540039 158.356110 6341.022461
v -1656.047852 172.901138 6341.022461
v -1687.293945 148.428238 6341.022461
v -1702.916992 127.423141 6356.645508
v -1624.801758 130.514450 6247.284180
v -1624.801758 181.699509 6309.776367
v -1562.309082 178.152420 6309.776367
v -1499.816895 192.142609 6247.284180
v -1374.832031 164.142410 6247.284180
v -1249.847656 164.875610 6247.284180
v -1124.862793 136.915054 6247.284180
v -1062.370117 157.999420 6309.776367
v -999.877930 90.069740 6247.284180
v -999.877930 171.375305 6309.776367
v -937.385742 138.123840 6309.776367
v -874.893066 109.747154 6247.284180
v -874.893066 107.864624 6309.776367
v -812.400879 109.826416 6309.776367
v -749.908691 171.890518 6247.284180
v -812.400879 113.076263 6247.284180
v -687.416016 113.750008 6309.776367
v -624.923828 109.291382 6247.284180
v -687.416016 121.498116 6247.284180
v -562.431152 108.815796 6309.776367
v -499.938965 163.845169 6247.284180
v -499.938965 108.260948 6309.776367
v -562.431152 105.684845 6247.284180
v -437.446777 107.488113 6309.776367
v -374.954102 109.469727 6247.284180
v -249.969727 115.216408 6247.284180
v -124.984863 155.898911 6247.284180
v 0.000000 126.967369 6247.284180
v -3999.511719 174.268463 6122.299316
v -3874.526855 156.850082 6122.299316
v -3749.542236 176.725662 6122.299316
v -3624.557617 165.430466 6122.299316
v -3499.572754 182.908295 6122.299316
v -3374.587891 143.890335 6122.299316
v -3312.095703 157.266220 6184.791504
v -3249.603271 197.136261 6122.299316
v -3312.095703 136.399841 6122.299316
v -3187.110840 191.131973 6184.791504
v -3155.864746 183.641479 6216.037598
v -3124.618652 212.236160 6122.299316
v -3124.618652 180.312378 6184.791504
v -3124.618652 143.018433 6216.037598
v -3062.125977 182.353439 6184.791504
v -3093.372314 184.810638 6216.037598
v -2999.633789 176.666214 6122.299316
v -2937.141602 125.104652 6184.791504
v -2874.648926 124.173294 6122.299316
v -2749.664307 167.748947 6122.299316
v -2624.679688 144.623535 6122.299316
v -2499.694824 133.526505 6122.299316
v -2374.709961 140.164902 6122.299316
v -2249.725342 146.565521 6122.299316
v -2124.740723 168.719940 6122.299316
v -1999.755737 129.206589 6122.299316
v -1874.770996 127.938354 6122.299316
v -1749.786621 124.292191 6122.299316
v -1687.293945 119.397606 6184.791504
v -1624.801758 140.263992 6122.299316
v -1687.293945 117.376366 6122.299316
v -1562.309082 161.209625 6184.791504
v -1499.816895 168.977554 6122.299316
v -1562.309082 160.060303 6122.299316
v -1374.832031 161.962646 6122.299316
v -1249.847656 139.550613 6122.299316
v -1124.862793 111.411705 6122.299316
v -1062.370117 127.660934 6184.791504
v -999.877930 127.859093 6122.299316
v -999.877930 102.613350 6184.791504
v -937.385742 78.794365 6184.791504
v -968.631836 68.807037 6153.545410
v -874.893066 80.657082 6122.299316
v -937.385742 68.747589 6122.299316
v -812.400879 104.971466 6184.791504
v -781.154785 114.503021 6216.037598
v -749.908691 172.326477 6122.299316
v -749.908691 167.015762 6184.791504
v -749.908691 134.596573 6216.037598
v -687.416016 170.959167 6184.791504
v -718.662109 166.896866 6216.037598
v -656.169922 106.695473 6216.037598
v -624.923828 171.474380 6122.299316
v -624.923828 164.142410 6184.791504
v -624.923828 95.499359 6216.037598
v -562.431152 166.777969 6184.791504
v -593.677734 125.481155 6216.037598
v -499.938965 171.514023 6122.299316
v -374.954102 107.824989 6122.299316
v -249.969727 136.439468 6122.299316
v -124.984863 141.036819 6122.299316
v 0.000000 150.944885 6122.299316
v -3999.511719 146.803314 5997.314453
v -3999.511719 179.202667 6059.806641
v -3937.019287 153.203918 6059.806641
v -3968.265625 183.364059 6028.560547
v -3874.526855 174.744049 5997.314453
v -3937.019287 180.807785 5997.314453
v -3749.542236 178.548737 5997.314453
v -3624.557617 175.417786 5997.314453
v -3499.572754 173.337097 5997.314453
v -3374.587891 164.241501 5997.314453
v -3312.095703 135.706284 6059.806641
v -3249.603271 134.220062 5997.314453
v -3249.603271 197.195709 6059.806641
v -3187.110840 192.023712 6059.806641
v -3218.356934 197.889282 6028.560547
v -3124.618652 194.698883 5997.314453
v -3187.110840 192.598373 5997.314453
v -3218.356934 196.700317 5997.314453
v -3062.125977 145.000046 6059.806641
v -2999.633789 163.429031 6059.806641
v -3030.879883 152.510345 6028.560547
v -2999.633789 180.054764 5997.314453
v -2999.633789 137.172668 6028.560547
v -3062.125977 187.466003 5997.314453
v -2937.141602 173.376740 6059.806641
v -2968.387695 163.429031 6028.560547
v -2874.648926 154.709946 5997.314453
v -2937.141602 150.548553 5997.314453
v -2749.664307 149.854996 5997.314453
v -2687.171875 151.103409 6059.806641
v -2624.679688 143.910156 5997.314453
v -2687.171875 164.816162 5997.314453
v -2499.694824 127.938354 5997.314453
v -2374.709961 125.045204 5997.314453
v -2249.725342 149.101974 5997.314453
v -2124.740723 163.409225 5997.314453
v -1999.755737 137.509552 5997.314453
v -1874.770996 139.946930 5997.314453
v -1812.278809 128.651733 6059.806641
v -1749.786621 117.415993 6059.806641
v -1781.032715 139.075012 6028.560547
v -1749.786621 136.003525 5997.314453
v -1749.786621 162.695847 6028.560547
v -1812.278809 162.061722 5997.314453
v -1687.293945 160.040482 6059.806641
v -1718.540039 108.558189 6091.052734
v -1718.540039 158.831696 6028.560547
v -1656.047852 146.406982 6091.052734
v -1656.047852 157.286041 6028.560547
v -1624.801758 152.530167 6059.806641
v -1656.047852 120.150620 6059.806641
v -1624.801758 185.088058 5997.314453
v -1624.801758 123.400467 6091.052734
v -1640.424805 116.048683 6075.429688
v -1687.293945 167.372452 5997.314453
v -1562.309082 147.813934 6059.806641
v -1593.555664 143.494019 6091.052734
v -1499.816895 173.158752 5997.314453
v -1374.832031 145.891769 5997.314453
v -1249.847656 143.355301 5997.314453
v -1124.862793 126.947548 5997.314453
v -999.877930 119.397606 5997.314453
v -937.385742 95.657890 6059.806641
v -874.893066 76.991096 5997.314453
v -812.400879 87.275665 6059.806641
v -749.908691 108.895058 5997.314453
v -687.416016 172.861511 6059.806641
v -624.923828 171.117691 5997.314453
v -687.416016 136.082779 5997.314453
v -562.431152 170.860077 6059.806641
v -499.938965 115.256035 5997.314453
v -562.431152 135.409042 5997.314453
v -374.954102 116.147766 5997.314453
v -249.969727 118.089745 5997.314453
v -124.984863 144.425369 5997.314453
v 0.000000 145.971024 5997.314453
v -3999.511719 135.844986 5872.329590
v -3937.019287 150.766541 5934.822266
v -3874.526855 118.941833 5872.329590
v -3749.542236 160.833130 5872.329590
v -3624.557617 179.995316 5872.329590
v -3562.065186 143.533646 5934.822266
v -3499.572754 174.545883 5872.329590
v -3562.065186 135.983704 5872.329590
v -3374.587891 172.861511 5872.329590
v -3312.095703 166.599625 5934.822266
v -3249.603271 160.773682 5872.329590
v -3249.603271 139.411896 5934.822266
v -3187.110840 198.543213 5934.822266
v -3218.356934 199.018799 5966.068359
v -3218.356934 137.271759 5903.576172
v -3124.618652 189.962830 5934.822266
v -3155.864746 196.482330 5903.576172
v -3124.618652 196.878662 5872.329590
v -3187.110840 125.045204 5872.329590
v -3187.110840 195.233917 5903.576172
v -3155.864746 197.651489 5872.329590
v -3171.487793 195.709503 5887.953125
v -3062.125977 197.532593 5934.822266
v -2999.633789 205.300507 5872.329590
v -2937.141602 180.312378 5934.822266
v -2874.648926 178.271317 5872.329590
v -2812.156738 149.815353 5934.822266
v -2749.664307 144.960403 5872.329590
v -2812.156738 159.445999 5872.329590
v -2687.171875 126.987183 5934.822266
v -2655.925781 173.634338 5966.068359
v -2624.679688 136.221497 5872.329590
v -2624.679688 156.572662 5934.822266
v -2562.187012 150.409836 5934.822266
v -2499.694824 148.745285 5872.329590
v -2374.709961 141.849274 5872.329590
v -2249.725342 152.034760 5872.329590
v -2124.740723 146.109741 5872.329590
v -1999.755737 137.886047 5872.329590
v -1937.263672 139.788406 5934.822266
v -1874.770996 144.821701 5872.329590
v -1937.263672 146.010666 5872.329590
v -1812.278809 136.280945 5934.822266
v -1749.786621 179.281937 5872.329590
v -1687.293945 163.825363 5934.822266
v -1624.801758 170.701553 5872.329590
v -1499.816895 166.124023 5872.329590
v -1374.832031 142.324860 5872.329590
v -1249.847656 141.175522 5872.329590
v -1124.862793 145.455811 5872.329590
v -1062.370117 149.260513 5934.822266
v -999.877930 113.631111 5872.329590
v -999.877930 150.132416 5934.822266
v -1062.370117 149.498306 5872.329590
v -937.385742 84.243797 5934.822266
v -874.893066 89.713051 5872.329590
v -749.908691 109.192299 5872.329590
v -687.416016 113.611298 5934.822266
v -656.169922 111.728767 5966.068359
v -624.923828 156.612289 5872.329590
v -624.923828 114.641739 5934.822266
v -624.923828 106.378410 5966.068359
v -562.431152 114.938980 5934.822266
v -593.677734 109.469727 5966.068359
v -499.938965 152.827408 5872.329590
v -374.954102 144.385742 5872.329590
v -249.969727 144.762253 5872.329590
v -124.984863 153.877670 5872.329590
v 0.000000 151.479919 5872.329590
v -3999.511719 139.847855 5747.344727
v -3874.526855 128.552658 5747.344727
v -3749.542236 160.654785 5747.344727
v -3624.557617 155.839462 5747.344727
v -3562.065186 148.071533 5809.837402
v -3499.572754 154.214539 5747.344727
v -3374.587891 169.591858 5747.344727
v -3249.603271 152.371643 5747.344727
v -3187.110840 137.014145 5809.837402
v -3155.864746 146.248459 5841.083496
v -3124.618652 131.643967 5747.344727
v -3124.618652 185.068253 5809.837402
v -3062.125977 192.657822 5809.837402
v -3093.372314 196.898468 5778.590820
v -2999.633789 188.972015 5747.344727
v -3062.125977 183.582031 5747.344727
v -2937.141602 210.036560 5809.837402
v -2874.648926 193.965683 5747.344727
v -2874.648926 207.480286 5809.837402
v -2812.156738 169.195526 5809.837402
v -2843.402832 178.033524 5841.083496
v -2780.910645 164.320770 5841.083496
v -2812.156738 140.997177 5841.083496
v -2796.533691 132.515884 5825.460449
v -2780.910645 157.444565 5778.590820
v -2749.664307 173.852325 5809.837402
v -2780.910645 150.132416 5809.837402
v -2749.664307 164.499115 5747.344727
v -2812.156738 208.530533 5747.344727
v -2687.171875 143.058060 5809.837402
v -2624.679688 155.918732 5747.344727
v -2687.171875 145.931396 5747.344727
v -2562.187012 140.283798 5809.837402
v -2499.694824 145.178391 5747.344727
v -2562.187012 142.919342 5747.344727
v -2374.709961 135.349594 5747.344727
v -2249.725342 118.545517 5747.344727
v -2124.740723 129.166962 5747.344727
v -2062.248047 131.980850 5809.837402
v -1999.755737 142.027618 5747.344727
v -1999.755737 134.854187 5809.837402
v -1968.509644 162.993088 5841.083496
v -1968.509644 166.500534 5809.837402
v -1937.263672 121.577377 5809.837402
v -1968.509644 164.320770 5778.590820
v -1874.770996 193.767517 5747.344727
v -1937.263672 161.724854 5747.344727
v -1749.786621 173.297470 5747.344727
v -1624.801758 163.151611 5747.344727
v -1499.816895 166.738327 5747.344727
v -1374.832031 159.862137 5747.344727
v -1249.847656 144.881149 5747.344727
v -1124.862793 146.367355 5747.344727
v -1062.370117 150.092789 5809.837402
v -1031.124023 110.202927 5841.083496
v -1031.124023 148.091354 5778.590820
v -999.877930 138.936310 5809.837402
v -1031.124023 103.465439 5809.837402
v -999.877930 147.536499 5747.344727
v -1062.370117 147.893188 5747.344727
v -937.385742 145.535080 5809.837402
v -874.893066 156.830261 5747.344727
v -749.908691 111.074837 5747.344727
v -624.923828 151.975311 5747.344727
v -499.938965 149.478485 5747.344727
v -374.954102 146.189011 5747.344727
v -249.969727 154.828842 5747.344727
v -124.984863 147.833740 5747.344727
v 0.000000 127.106079 5747.344727
v -3999.511719 144.029053 5622.360352
v -3874.526855 139.491165 5622.360352
v -3749.542236 177.538116 5622.360352
v -3624.557617 153.917297 5622.360352
v -3499.572754 159.525253 5622.360352
v -3374.587891 166.857224 5622.360352
v -3249.603271 161.823929 5622.360352
v -3187.110840 136.062973 5684.852539
v -3124.618652 135.290146 5622.360352
v -3124.618652 136.221497 5684.852539
v -3093.372314 138.718323 5716.098633
v -3093.372314 130.296478 5684.852539
v -3062.125977 195.214096 5684.852539
v -3093.372314 146.109741 5653.606445
v -2999.633789 189.467422 5622.360352
v -3062.125977 194.936676 5622.360352
v -2874.648926 184.097260 5622.360352
v -2812.156738 194.381821 5684.852539
v -2749.664307 182.829025 5622.360352
v -2687.171875 180.213303 5684.852539
v -2655.925781 144.108322 5716.098633
v -2624.679688 179.440460 5622.360352
v -2624.679688 171.553650 5684.852539
v -2624.679688 158.494827 5716.098633
v -2593.433350 130.474823 5684.852539
v -2593.433350 171.632919 5716.098633
v -2609.056641 137.331207 5700.475586
v -2562.187012 157.662552 5684.852539
v -2593.433350 169.651306 5653.606445
v -2499.694824 134.556946 5622.360352
v -2499.694824 148.487686 5684.852539
v -2562.187012 161.883377 5622.360352
v -2437.202637 142.800446 5684.852539
v -2468.448730 172.286850 5653.606445
v -2374.709961 155.482773 5622.360352
v -2437.202637 172.980408 5622.360352
v -2249.725342 133.645401 5622.360352
v -2187.232910 146.426804 5684.852539
v -2124.740723 133.883194 5622.360352
v -2124.740723 167.491348 5684.852539
v -2062.248047 161.150177 5684.852539
v -1999.755737 190.616760 5622.360352
v -1937.263672 196.918289 5684.852539
v -1874.770996 192.638000 5622.360352
v -1749.786621 170.463760 5622.360352
v -1624.801758 161.427612 5622.360352
v -1499.816895 184.156708 5622.360352
v -1374.832031 160.040482 5622.360352
v -1249.847656 152.252747 5622.360352
v -1124.862793 158.653351 5622.360352
v -1062.370117 150.172043 5684.852539
v -999.877930 165.371017 5622.360352
v -937.385742 160.634964 5684.852539
v -874.893066 112.521408 5622.360352
v -937.385742 166.143845 5622.360352
v -812.400879 159.287460 5684.852539
v -749.908691 128.909348 5622.360352
v -624.923828 152.847229 5622.360352
v -499.938965 120.130806 5622.360352
v -374.954102 152.827408 5622.360352
v -249.969727 157.821075 5622.360352
v -124.984863 160.377350 5622.360352
v 0.000000 164.875610 5622.360352
v -3999.511719 143.157135 5497.375488
v -3874.526855 143.137329 5497.375488
v -3749.542236 164.855804 5497.375488
v -3624.557617 173.594711 5497.375488
v -3499.572754 167.947113 5497.375488
v -3374.587891 155.879089 5497.375488
v -3249.603271 178.489288 5497.375488
v -3187.110840 150.786346 5559.868164
v -3124.618652 137.469910 5497.375488
v -3124.618652 134.556946 5559.868164
v -3062.125977 134.794739 5559.868164
v -3093.372314 132.991470 5591.114258
v -3030.879883 195.214096 5591.114258
v -3062.125977 131.782684 5591.114258
v -2999.633789 193.509918 5497.375488
v -2999.633789 195.214096 5559.868164
v -3062.125977 133.863373 5497.375488
v -2937.141602 187.010223 5559.868164
v -2874.648926 181.085205 5497.375488
v -2937.141602 187.148941 5497.375488
v -2749.664307 186.534637 5497.375488
v -2624.679688 185.603287 5497.375488
v -2562.187012 180.867233 5559.868164
v -2499.694824 185.841080 5497.375488
v -2437.202637 147.754486 5559.868164
v -2374.709961 152.985947 5497.375488
v -2249.725342 133.764297 5497.375488
v -2124.740723 171.434753 5497.375488
v -1999.755737 168.898285 5497.375488
v -1874.770996 181.838211 5497.375488
v -1749.786621 170.245789 5497.375488
v -1687.293945 189.190002 5559.868164
v -1624.801758 133.090546 5497.375488
v -1687.293945 189.229630 5497.375488
v -1499.816895 159.981033 5497.375488
v -1374.832031 160.000854 5497.375488
v -1249.847656 127.779831 5497.375488
v -1124.862793 135.171249 5497.375488
v -1062.370117 165.311569 5559.868164
v -999.877930 107.567383 5497.375488
v -1062.370117 157.048248 5497.375488
v -937.385742 107.527748 5559.868164
v -906.139160 161.863556 5591.114258
v -874.893066 135.290146 5497.375488
v -874.893066 110.995567 5559.868164
v -812.400879 127.878906 5559.868164
v -749.908691 143.117508 5497.375488
v -624.923828 132.416794 5497.375488
v -499.938965 112.858284 5497.375488
v -374.954102 136.875427 5497.375488
v -249.969727 166.817596 5497.375488
v -124.984863 137.886047 5497.375488
v 0.000000 125.520790 5497.375488
v -3999.511719 124.807411 5372.390625
v -3874.526855 160.872757 5372.390625
v -3749.542236 162.140991 5372.390625
v -3624.557617 172.267029 5372.390625
v -3562.065186 143.077881 5434.882813
v -3499.572754 167.293182 5372.390625
v -3562.065186 134.834366 5372.390625
v -3374.587891 172.901138 5372.390625
v -3249.603271 176.606766 5372.390625
v -3124.618652 150.825989 5372.390625
v -3062.125977 132.139374 5434.882813
v -3030.879883 130.772064 5466.129395
v -2999.633789 132.238449 5372.390625
v -2999.633789 130.950409 5434.882813
v -2999.633789 128.651733 5466.129395
v -2937.141602 188.337906 5434.882813
v -2968.387695 168.680313 5466.129395
v -2874.648926 193.708069 5434.882813
v -2905.895264 137.549179 5403.636719
v -2874.648926 155.284607 5372.390625
v -2937.141602 129.404755 5372.390625
v -2812.156738 191.924622 5434.882813
v -2749.664307 190.101547 5372.390625
v -2687.171875 186.435562 5434.882813
v -2624.679688 176.844559 5372.390625
v -2687.171875 186.871506 5372.390625
v -2499.694824 185.444748 5372.390625
v -2374.709961 190.279892 5372.390625
v -2249.725342 171.494202 5372.390625
v -2124.740723 187.366913 5372.390625
v -1999.755737 171.375305 5372.390625
v -1874.770996 176.012283 5372.390625
v -1749.786621 174.605331 5372.390625
v -1687.293945 186.871506 5434.882813
v -1624.801758 170.978973 5372.390625
v -1499.816895 175.952835 5372.390625
v -1374.832031 160.397171 5372.390625
v -1249.847656 157.801254 5372.390625
v -1124.862793 147.754486 5372.390625
v -1062.370117 104.594963 5434.882813
v -999.877930 102.534088 5372.390625
v -874.893066 116.544083 5372.390625
v -749.908691 149.696457 5372.390625
v -624.923828 154.690125 5372.390625
v -499.938965 151.697891 5372.390625
v -374.954102 143.593094 5372.390625
v -249.969727 159.148758 5372.390625
v -124.984863 131.227829 5372.390625
v 0.000000 131.762863 5372.390625
v -3999.511719 109.687706 5247.406250
v -3874.526855 146.585327 5247.406250
v -3749.542236 173.198380 5247.406250
v -3624.557617 166.460907 5247.406250
v -3562.065186 164.320770 5309.898438
v -3499.572754 168.779388 5247.406250
v -3374.587891 162.576950 5247.406250
v -3249.603271 165.925873 5247.406250
v -3124.618652 131.406174 5247.406250
v -2999.633789 124.629066 5247.406250
v -2937.141602 123.658073 5309.898438
v -2874.648926 127.383507 5247.406250
v -2812.156738 149.121796 5309.898438
v -2749.664307 127.502403 5247.406250
v -2749.664307 180.391647 5309.898438
v -2718.417969 189.566513 5341.144531
v -2718.417969 145.951218 5309.898438
v -2687.171875 184.315231 5309.898438
v -2718.417969 120.527122 5278.652344
v -2624.679688 186.395920 5247.406250
v -2687.171875 120.110985 5247.406250
v -2562.187012 181.085205 5309.898438
v -2499.694824 174.090118 5247.406250
v -2562.187012 182.789398 5247.406250
v -2374.709961 197.136261 5247.406250
v -2249.725342 172.346298 5247.406250
v -2124.740723 175.774490 5247.406250
v -1999.755737 181.263550 5247.406250
v -1874.770996 167.511154 5247.406250
v -1812.278809 187.604706 5309.898438
v -1749.786621 178.192047 5309.898438
v -1781.032715 158.692978 5278.652344
v -1749.786621 142.542847 5247.406250
v -1812.278809 159.604523 5247.406250
v -1781.032715 156.057434 5247.406250
v -1687.293945 161.804108 5309.898438
v -1718.540039 158.673172 5278.652344
v -1624.801758 157.979599 5247.406250
v -1687.293945 151.737518 5247.406250
v -1718.540039 155.839462 5247.406250
v -1499.816895 156.632111 5247.406250
v -1374.832031 126.967369 5247.406250
v -1249.847656 170.780823 5247.406250
v -1124.862793 155.403503 5247.406250
v -1062.370117 146.208832 5309.898438
v -999.877930 87.652176 5247.406250
v -1062.370117 78.972710 5247.406250
v -874.893066 119.536324 5247.406250
v -749.908691 143.494019 5247.406250
v -624.923828 141.175522 5247.406250
v -499.938965 124.034584 5247.406250
v -374.954102 127.403320 5247.406250
v -249.969727 96.034393 5247.406250
v -124.984863 105.149811 5247.406250
v 0.000000 120.883820 5247.406250
v -3999.511719 137.351013 5122.421387
v -3874.526855 158.157944 5122.421387
v -3749.542236 157.880524 5122.421387
v -3624.557617 168.521774 5122.421387
v -3499.572754 135.369400 5122.421387
v -3374.587891 128.413940 5122.421387
v -3249.603271 156.334869 5122.421387
v -3124.618652 156.552841 5122.421387
v -3062.125977 129.464203 5184.913574
v -2999.633789 122.528557 5122.421387
v -2999.633789 179.480103 5184.913574
v -2937.141602 190.398788 5184.913574
v -2874.648926 128.929169 5122.421387
v -2812.156738 130.217209 5184.913574
v -2749.664307 136.399841 5122.421387
v -2749.664307 169.968353 5184.913574
v -2687.171875 185.979782 5184.913574
v -2718.417969 127.760010 5153.667480
v -2655.925781 124.529984 5216.160156
v -2624.679688 184.988983 5184.913574
v -2655.925781 154.987366 5153.667480
v -2624.679688 181.640060 5122.421387
v -2624.679688 137.509552 5216.160156
v -2687.171875 128.314865 5122.421387
v -2655.925781 128.275238 5122.421387
v -2593.433350 185.187149 5184.913574
v -2593.433350 181.124832 5216.160156
v -2609.056641 148.448044 5200.536621
v -2562.187012 175.516876 5184.913574
v -2593.433350 182.274170 5153.667480
v -2499.694824 182.076004 5122.421387
v -2562.187012 177.557938 5122.421387
v -2374.709961 196.422882 5122.421387
v -2249.725342 150.112595 5122.421387
v -2124.740723 180.114212 5122.421387
v -1999.755737 133.724670 5122.421387
v -1874.770996 124.430901 5122.421387
v -1812.278809 149.002899 5184.913574
v -1781.032715 123.380646 5216.160156
v -1765.409668 113.096077 5231.783203
v -1749.786621 132.198822 5122.421387
v -1749.786621 117.594337 5184.913574
v -1749.786621 147.041107 5216.160156
v -1749.786621 110.698326 5231.783203
v -1718.540039 137.985138 5184.913574
v -1718.540039 121.339584 5216.160156
v -1734.163086 153.560608 5200.536621
v -1687.293945 156.830261 5184.913574
v -1734.163086 113.175346 5231.783203
v -1718.540039 126.907921 5153.667480
v -1624.801758 124.529984 5122.421387
v -1687.293945 129.583099 5122.421387
v -1499.816895 129.781250 5122.421387
v -1374.832031 116.464821 5122.421387
v -1249.847656 166.678879 5122.421387
v -1124.862793 146.189011 5122.421387
v -1062.370117 137.014145 5184.913574
v -1031.124023 77.387421 5216.160156
v -999.877930 77.248711 5184.913574
v -1031.124023 79.071793 5153.667480
v -999.877930 87.315300 5122.421387
v -1062.370117 113.175346 5122.421387
v -937.385742 95.479546 5184.913574
v -874.893066 115.156960 5122.421387
v -749.908691 106.834183 5122.421387
v -624.923828 110.163292 5122.421387
v -499.938965 108.181679 5122.421387
v -374.954102 105.744293 5122.421387
v -249.969727 110.401085 5122.421387
v -124.984863 108.974327 5122.421387
v 0.000000 93.279953 5122.421387
v -3999.511719 156.651917 4997.436523
v -3874.526855 152.926498 4997.436523
v -3749.542236 158.475006 4997.436523
v -3624.557617 155.205353 4997.436523
v -3562.065186 154.531601 5059.928711
v -3499.572754 127.205162 4997.436523
v -3499.572754 128.295044 5059.928711
v -3562.065186 127.006996 4997.436523
v -3437.080322 120.309151 5059.928711
v -3468.326660 162.933640 5028.682617
v -3374.587891 118.089745 5059.928711
v -3405.834229 184.513397 5028.682617
v -3374.587891 186.633713 4997.436523
v -3374.587891 185.543839 5028.682617
v -3437.080322 188.754044 4997.436523
v -3468.326660 124.886673 4997.436523
v -3312.095703 128.136520 5059.928711
v -3343.341797 152.589615 5028.682617
v -3249.603271 187.129120 4997.436523
v -3249.603271 120.487495 5059.928711
v -3312.095703 187.822693 4997.436523
v -3187.110840 131.346725 5059.928711
v -3218.356934 124.827225 5028.682617
v -3124.618652 152.292374 5059.928711
v -3155.864746 129.484009 5028.682617
v -3124.618652 128.136520 4997.436523
v -3187.110840 143.137329 4997.436523
v -3155.864746 122.092598 4997.436523
v -3062.125977 143.711990 5059.928711
v -2999.633789 106.576576 4997.436523
v -3062.125977 132.139374 4997.436523
v -2874.648926 124.034584 4997.436523
v -2812.156738 124.391273 5059.928711
v -2749.664307 119.179626 4997.436523
v -2812.156738 122.825798 4997.436523
v -2687.171875 118.307724 5059.928711
v -2655.925781 148.864182 5091.174805
v -2640.302734 130.395554 5106.797852
v -2624.679688 131.009857 4997.436523
v -2624.679688 115.791069 5059.928711
v -2624.679688 148.249878 5091.174805
v -2687.171875 156.176331 4997.436523
v -2562.187012 178.945068 5059.928711
v -2593.433350 181.917480 5091.174805
v -2499.694824 171.078064 4997.436523
v -2374.709961 178.865799 4997.436523
v -2249.725342 163.429031 4997.436523
v -2187.232910 157.781448 5059.928711
v -2124.740723 146.565521 4997.436523
v -2124.740723 138.222931 5059.928711
v -2062.248047 184.671921 5059.928711
v -2093.494385 125.164101 5028.682617
v -1999.755737 161.962646 4997.436523
v -2062.248047 136.934875 4997.436523
v -1874.770996 151.796967 4997.436523
v -1749.786621 132.396988 4997.436523
v -1687.293945 132.991470 5059.928711
v -1624.801758 127.581665 4997.436523
v -1562.309082 112.204353 5059.928711
v -1499.816895 105.684845 4997.436523
v -1562.309082 156.513214 4997.436523
v -1437.324707 153.937119 5059.928711
v -1374.832031 120.487495 4997.436523
v -1249.847656 160.397171 4997.436523
v -1124.862793 121.716095 4997.436523
v -1062.370117 81.707336 5059.928711
v -999.877930 83.926743 4997.436523
v -874.893066 73.285484 4997.436523
v -749.908691 62.346981 4997.436523
v -624.923828 76.852386 4997.436523
v -499.938965 67.162300 4997.436523
v -374.954102 74.910408 4997.436523
v -249.969727 83.292625 4997.436523
v -124.984863 72.631554 4997.436523
v 0.000000 64.764549 4997.436523
v -3999.511719 161.229446 4872.451660
v -3874.526855 167.689499 4872.451660
v -3749.542236 169.175720 4872.451660
v -3687.049805 153.461533 4934.944336
v -3624.557617 153.699326 4872.451660
v -3624.557617 127.799644 4934.944336
v -3562.065186 185.524017 4934.944336
v -3593.311279 127.977989 4966.190430
v -3499.572754 183.245163 4872.451660
v -3499.572754 187.446182 4934.944336
v -3437.080322 185.226776 4934.944336
v -3468.326660 168.799210 4966.190430
v -3374.587891 187.921768 4872.451660
v -3312.095703 182.947922 4934.944336
v -3249.603271 177.181427 4872.451660
v -3187.110840 183.800018 4934.944336
v -3155.864746 184.711563 4966.190430
v -3140.241699 122.270943 4981.813477
v -3124.618652 182.769577 4872.451660
v -3124.618652 187.901947 4934.944336
v -3124.618652 130.237030 4966.190430
v -3062.125977 113.254608 4934.944336
v -3093.372314 125.401894 4966.190430
v -3093.372314 187.565079 4903.698242
v -2999.633789 110.539803 4934.944336
v -3030.879883 115.038063 4903.698242
v -2999.633789 182.908295 4872.451660
v -3062.125977 186.911148 4872.451660
v -2937.141602 117.891579 4934.944336
v -2874.648926 128.691376 4934.944336
v -2905.895264 187.446182 4903.698242
v -2874.648926 182.967743 4872.451660
v -2937.141602 184.533203 4872.451660
v -2812.156738 186.990417 4934.944336
v -2843.402832 122.270943 4966.190430
v -2780.910645 147.298706 4966.190430
v -2749.664307 178.330765 4872.451660
v -2749.664307 181.976929 4934.944336
v -2749.664307 185.028610 4966.190430
v -2687.171875 178.390213 4934.944336
v -2718.417969 182.492157 4966.190430
v -2624.679688 176.170807 4872.451660
v -2499.694824 158.712799 4872.451660
v -2374.709961 180.451096 4872.451660
v -2312.217773 182.432709 4934.944336
v -2249.725342 143.652542 4872.451660
v -2312.217773 173.673981 4872.451660
v -2187.232910 154.016373 4934.944336
v -2124.740723 163.250687 4872.451660
v -2124.740723 164.320770 4934.944336
v -2187.232910 158.673172 4872.451660
v -2062.248047 145.000046 4934.944336
v -2093.494385 141.472763 4966.190430
v -2031.002075 153.738953 4966.190430
v -2062.248047 124.807411 4966.190430
v -2046.625122 116.326111 4950.567383
v -2031.002075 117.693420 4903.698242
v -1999.755737 115.850517 4934.944336
v -2031.002075 116.563904 4934.944336
v -1999.755737 149.696457 4872.451660
v -2062.248047 161.685211 4872.451660
v -1937.263672 126.174721 4934.944336
v -1968.509644 153.699326 4903.698242
v -1874.770996 141.710571 4934.944336
v -1906.017090 143.830887 4903.698242
v -1874.770996 135.191055 4872.451660
v -1937.263672 122.924881 4872.451660
v -1937.263672 157.603104 4903.698242
v -1812.278809 133.467056 4934.944336
v -1749.786621 101.781075 4872.451660
v -1624.801758 126.253990 4872.451660
v -1562.309082 151.123230 4934.944336
v -1499.816895 132.595154 4872.451660
v -1374.832031 134.715469 4872.451660
v -1249.847656 160.932205 4872.451660
v -1187.354980 151.757339 4934.944336
v -1124.862793 91.714478 4934.944336
v -1156.108887 140.937729 4903.698242
v -1124.862793 78.140434 4872.451660
v -1187.354980 140.323441 4872.451660
v -1156.108887 143.969604 4872.451660
v -1062.370117 62.228085 4934.944336
v -999.877930 81.370461 4872.451660
v -874.893066 58.839527 4872.451660
v -749.908691 85.868721 4872.451660
v -624.923828 70.154533 4872.451660
v -499.938965 60.940037 4872.451660
v -374.954102 88.464638 4872.451660
v -249.969727 88.385368 4872.451660
v -124.984863 68.034210 4872.451660
v 0.000000 59.414196 4872.451660
v -3999.511719 158.019241 4747.466797
v -3874.526855 166.956314 4747.466797
v -3749.542236 154.769394 4747.466797
v -3687.049805 125.263184 4809.959473
v -3624.557617 187.981216 4809.959473
v -3655.803711 187.703796 4778.712891
v -3624.557617 181.798584 4747.466797
v -3687.049805 142.998611 4747.466797
v -3562.065186 184.969162 4809.959473
v -3499.572754 181.917480 4747.466797
v -3374.587891 190.577133 4747.466797
v -3249.603271 193.708069 4747.466797
v -3124.618652 198.325241 4747.466797
v -3062.125977 183.304611 4809.959473
v -2999.633789 176.547318 4747.466797
v -2937.141602 179.063965 4809.959473
v -2874.648926 194.005325 4747.466797
v -2749.664307 199.751999 4747.466797
v -2624.679688 196.898468 4747.466797
v -2562.187012 183.720749 4809.959473
v -2499.694824 139.986557 4747.466797
v -2562.187012 154.075821 4747.466797
v -2437.202637 167.907486 4809.959473
v -2374.709961 174.783676 4809.959473
v -2405.956299 132.060104 4778.712891
v -2374.709961 162.695847 4747.466797
v -2437.202637 148.527313 4747.466797
v -2312.217773 159.069489 4809.959473
v -2280.971680 160.199005 4841.205566
v -2249.725342 154.908096 4747.466797
v -2249.725342 162.834549 4809.959473
v -2249.725342 118.684227 4841.205566
v -2187.232910 124.094032 4809.959473
v -2218.479004 121.735909 4841.205566
v -2155.986816 162.933640 4841.205566
v -2155.986816 163.944260 4778.712891
v -2124.740723 127.779831 4809.959473
v -2155.986816 164.380219 4809.959473
v -2124.740723 135.210876 4747.466797
v -2187.232910 128.195969 4747.466797
v -2062.248047 135.230698 4809.959473
v -1999.755737 137.014145 4747.466797
v -1937.263672 135.151428 4809.959473
v -1874.770996 119.278709 4747.466797
v -1749.786621 126.987183 4747.466797
v -1624.801758 113.631111 4747.466797
v -1562.309082 147.655396 4809.959473
v -1499.816895 99.026634 4809.959473
v -1531.062988 138.936310 4778.712891
v -1499.816895 105.407425 4747.466797
v -1562.309082 119.635399 4747.466797
v -1531.062988 141.056625 4747.466797
v -1437.324707 103.564522 4809.959473
v -1374.832031 140.105453 4747.466797
v -1437.324707 139.174103 4747.466797
v -1249.847656 139.927109 4747.466797
v -1187.354980 138.599426 4809.959473
v -1156.108887 143.137329 4841.205566
v -1124.862793 128.731003 4747.466797
v -1124.862793 96.846855 4809.959473
v -1187.354980 135.012711 4747.466797
v -1062.370117 64.150253 4809.959473
v -1093.616699 63.357605 4778.712891
v -999.877930 70.174355 4747.466797
v -1062.370117 55.232994 4747.466797
v -874.893066 66.964142 4747.466797
v -749.908691 89.594154 4747.466797
v -624.923828 59.751072 4747.466797
v -499.938965 76.634407 4747.466797
v -374.954102 93.478119 4747.466797
v -249.969727 95.875870 4747.466797
v -124.984863 80.934509 4747.466797
v 0.000000 60.504082 4747.466797
v -3999.511719 169.274796 4622.482422
v -3874.526855 154.075821 4622.482422
v -3749.542236 129.087692 4622.482422
v -3687.049805 120.784737 4684.974609
v -3655.803711 188.516251 4716.220703
v -3655.803711 182.412888 4653.728516
v -3624.557617 181.263550 4684.974609
v -3655.803711 188.139740 4684.974609
v -3624.557617 188.199188 4622.482422
v -3687.049805 117.455627 4622.482422
v -3562.065186 183.562225 4684.974609
v -3499.572754 187.644348 4622.482422
v -3437.080322 204.904190 4684.974609
v -3374.587891 175.160187 4622.482422
v -3437.080322 187.624527 4622.482422
v -3312.095703 174.050476 4684.974609
v -3249.603271 151.697891 4622.482422
v -3312.095703 173.594711 4622.482422
v -3124.618652 173.039856 4622.482422
v -3062.125977 181.877853 4684.974609
v -2999.633789 154.016373 4622.482422
v -2999.633789 200.366287 4684.974609
v -2937.141602 178.707275 4684.974609
v -2874.648926 130.355927 4684.974609
v -2905.895264 117.534889 4653.728516
v -2874.648926 148.269699 4622.482422
v -2937.141602 128.493210 4622.482422
v -2812.156738 113.730194 4684.974609
v -2749.664307 136.360214 4622.482422
v -2687.171875 176.983261 4684.974609
v -2624.679688 143.434570 4622.482422
v -2624.679688 160.416992 4684.974609
v -2562.187012 164.023514 4684.974609
v -2593.433350 144.900955 4716.220703
v -2499.694824 141.393509 4622.482422
v -2437.202637 136.796158 4684.974609
v -2374.709961 113.393318 4622.482422
v -2249.725342 133.031097 4622.482422
v -2187.232910 163.647018 4684.974609
v -2124.740723 117.435814 4622.482422
v -1999.755737 125.718948 4622.482422
v -1874.770996 156.988800 4622.482422
v -1749.786621 95.895683 4622.482422
v -1624.801758 80.657082 4622.482422
v -1562.309082 119.932640 4684.974609
v -1531.062988 111.074837 4716.220703
v -1515.439941 142.404129 4731.843750
v -1499.816895 114.899345 4622.482422
v -1499.816895 137.133041 4684.974609
v -1499.816895 131.961029 4716.220703
v -1468.570801 93.002525 4684.974609
v -1468.570801 134.636200 4716.220703
v -1484.193848 100.968613 4700.597656
v -1437.324707 135.587387 4684.974609
v -1468.570801 102.890778 4653.728516
v -1374.832031 152.946304 4622.482422
v -1437.324707 131.703415 4622.482422
v -1249.847656 132.773499 4622.482422
v -1187.354980 132.971649 4684.974609
v -1156.108887 140.303619 4716.220703
v -1156.108887 134.338959 4653.728516
v -1124.862793 77.843193 4684.974609
v -1156.108887 139.808212 4684.974609
v -1124.862793 72.710815 4622.482422
v -1187.354980 122.944695 4622.482422
v -1062.370117 60.008678 4684.974609
v -999.877930 84.858101 4622.482422
v -874.893066 63.516132 4622.482422
v -749.908691 89.931030 4622.482422
v -624.923828 76.574959 4622.482422
v -499.938965 72.948608 4622.482422
v -374.954102 94.746346 4622.482422
v -249.969727 88.880775 4622.482422
v -124.984863 60.603165 4622.482422
v 0.000000 65.834618 4622.482422
v -3999.511719 146.724045 4497.497559
v -3937.019287 152.787781 4559.990234
v -3874.526855 188.100113 4497.497559
v -3874.526855 125.045204 4559.990234
v -3937.019287 131.762863 4497.497559
v -3812.034668 128.235596 4559.990234
v -3749.542236 187.664154 4497.497559
v -3749.542236 139.907303 4559.990234
v -3687.049805 188.972015 4559.990234
v -3718.296143 125.124466 4591.236328
v -3624.557617 183.324432 4497.497559
v -3499.572754 199.811447 4497.497559
v -3437.080322 157.385117 4559.990234
v -3405.834229 164.598190 4591.236328
v -3374.587891 170.087250 4497.497559
v -3374.587891 169.235168 4559.990234
v -3374.587891 132.357346 4591.236328
v -3437.080322 144.722610 4497.497559
v -3312.095703 135.428848 4559.990234
v -3343.341797 158.197586 4591.236328
v -3249.603271 154.531601 4497.497559
v -3124.618652 141.809647 4497.497559
v -2999.633789 158.732620 4497.497559
v -2937.141602 155.780014 4559.990234
v -2874.648926 173.852325 4497.497559
v -2749.664307 142.344681 4497.497559
v -2624.679688 138.559799 4497.497559
v -2499.694824 138.084213 4497.497559
v -2374.709961 130.672989 4497.497559
v -2249.725342 119.120178 4497.497559
v -2124.740723 123.558990 4497.497559
v -1999.755737 120.923447 4497.497559
v -1874.770996 115.672173 4497.497559
v -1749.786621 102.375557 4497.497559
v -1624.801758 107.369217 4497.497559
v -1562.309082 99.442772 4559.990234
v -1499.816895 82.262192 4497.497559
v -1499.816895 128.354492 4559.990234
v -1437.324707 84.441963 4559.990234
v -1468.570801 117.990662 4528.743652
v -1374.832031 149.379410 4497.497559
v -1437.324707 124.807411 4497.497559
v -1249.847656 129.484009 4497.497559
v -1187.354980 69.996010 4559.990234
v -1124.862793 111.134285 4497.497559
v -1187.354980 66.211128 4497.497559
v -999.877930 95.638077 4497.497559
v -874.893066 85.274239 4497.497559
v -749.908691 78.675468 4497.497559
v -624.923828 79.032158 4497.497559
v -499.938965 80.518372 4497.497559
v -374.954102 78.655655 4497.497559
v -249.969727 64.288963 4497.497559
v -124.984863 64.784363 4497.497559
v 0.000000 61.911030 4497.497559
v -3999.511719 90.089561 4435.004883
v -3999.511719 116.900772 4372.512695
v -3937.019287 168.799210 4435.004883
v -3968.265625 108.914879 4466.251465
v -3874.526855 166.817596 4372.512695
v -3937.019287 150.746719 4372.512695
v -3749.542236 186.059052 4372.512695
v -3624.557617 175.933014 4372.512695
v -3562.065186 204.824921 4435.004883
v -3499.572754 175.457428 4372.512695
v -3562.065186 170.344864 4372.512695
v -3437.080322 147.219452 4435.004883
v -3374.587891 178.925247 4372.512695
v -3249.603271 149.319962 4372.512695
v -3124.618652 149.339767 4372.512695
v -2999.633789 147.239258 4372.512695
v -2874.648926 142.027618 4372.512695
v -2749.664307 115.394753 4372.512695
v -2624.679688 122.290764 4372.512695
v -2499.694824 88.167397 4372.512695
v -2374.709961 132.278091 4372.512695
v -2249.725342 137.053772 4372.512695
v -2124.740723 133.189636 4372.512695
v -1999.755737 124.232742 4372.512695
v -1874.770996 122.330391 4372.512695
v -1812.278809 99.621117 4435.004883
v -1749.786621 128.968796 4372.512695
v -1812.278809 90.129189 4372.512695
v -1624.801758 111.708954 4372.512695
v -1562.309082 82.499985 4435.004883
v -1499.816895 120.190254 4372.512695
v -1562.309082 78.675468 4372.512695
v -1437.324707 157.622910 4435.004883
v -1374.832031 125.936928 4372.512695
v -1437.324707 158.276840 4372.512695
v -1312.339844 123.479729 4435.004883
v -1249.847656 114.958794 4435.004883
v -1281.093750 129.860519 4403.758789
v -1249.847656 65.834618 4372.512695
v -1312.339844 125.243362 4372.512695
v -1218.601074 65.973335 4466.251465
v -1218.601074 66.052597 4435.004883
v -1187.354980 89.653603 4435.004883
v -1218.601074 67.261383 4403.758789
v -1124.862793 101.979233 4372.512695
v -1187.354980 85.829094 4372.512695
v -999.877930 85.789459 4372.512695
v -874.893066 95.241753 4372.512695
v -749.908691 82.064026 4372.512695
v -624.923828 100.750633 4372.512695
v -499.938965 69.302444 4372.512695
v -374.954102 69.817665 4372.512695
v -249.969727 64.863632 4372.512695
v -187.477051 66.389473 4435.004883
v -124.984863 135.032532 4372.512695
v -124.984863 61.613785 4435.004883
v -187.477051 60.405003 4372.512695
v -62.492188 95.083221 4435.004883
v 0.000000 81.231750 4435.004883
v -31.246094 133.130188 4403.758789
v 0.000000 98.907730 4372.512695
v 0.000000 138.738144 4403.758789
v -62.492188 135.111801 4372.512695
v -3999.511719 150.092789 4310.020508
v -3999.511719 168.006561 4247.528320
v -3999.511719 154.888290 4341.266602
v -3937.019287 134.477676 4310.020508
v -3968.265625 148.130981 4341.266602
v -3874.526855 180.015137 4247.528320
v -3812.034668 173.555084 4310.020508
v -3749.542236 152.014954 4247.528320
v -3749.542236 164.994507 4310.020508
v -3687.049805 129.543457 4310.020508
v -3718.296143 167.174286 4278.774414
v -3624.557617 168.184906 4310.020508
v -3655.803711 171.296036 4278.774414
v -3624.557617 145.871948 4247.528320
v -3687.049805 136.835800 4247.528320
v -3687.049805 174.347717 4278.774414
v -3562.065186 161.249268 4310.020508
v -3593.311279 130.197388 4341.266602
v -3499.572754 149.914444 4247.528320
v -3374.587891 141.452957 4247.528320
v -3249.603271 159.327103 4247.528320
v -3124.618652 172.029236 4247.528320
v -2999.633789 151.876236 4247.528320
v -2874.648926 167.491348 4247.528320
v -2749.664307 146.367355 4247.528320
v -2624.679688 140.164902 4247.528320
v -2499.694824 112.719574 4247.528320
v -2374.709961 142.265411 4247.528320
v -2249.725342 114.027435 4247.528320
v -2124.740723 137.945496 4247.528320
v -1999.755737 120.130806 4247.528320
v -1937.263672 120.249702 4310.020508
v -1874.770996 154.610855 4247.528320
v -1874.770996 121.973701 4310.020508
v -1812.278809 125.718948 4310.020508
v -1843.524902 115.691994 4341.266602
v -1781.032715 125.798218 4341.266602
v -1812.278809 97.322441 4341.266602
v -1796.655762 90.743492 4325.643555
v -1781.032715 130.157761 4278.774414
v -1749.786621 84.461777 4310.020508
v -1781.032715 90.882202 4310.020508
v -1749.786621 107.210693 4247.528320
v -1812.278809 141.413315 4247.528320
v -1687.293945 84.323067 4310.020508
v -1624.801758 79.012344 4247.528320
v -1687.293945 127.878906 4247.528320
v -1562.309082 93.240318 4310.020508
v -1499.816895 160.416992 4247.528320
v -1437.324707 138.876862 4310.020508
v -1374.832031 135.706284 4247.528320
v -1312.339844 120.606392 4310.020508
v -1249.847656 64.447495 4247.528320
v -1187.354980 65.656273 4310.020508
v -1124.862793 90.089561 4247.528320
v -999.877930 89.475258 4247.528320
v -874.893066 93.497932 4247.528320
v -749.908691 72.473022 4247.528320
v -624.923828 87.077507 4247.528320
v -499.938965 83.193550 4247.528320
v -374.954102 60.087944 4247.528320
v -249.969727 63.238708 4247.528320
v -187.477051 59.176403 4310.020508
v -124.984863 137.806793 4247.528320
v -187.477051 60.325737 4247.528320
v -62.492188 108.439293 4310.020508
v 0.000000 124.312004 4247.528320
v -3999.511719 156.334869 4185.035645
v -3999.511719 173.495636 4122.543457
v -3937.019287 167.748947 4185.035645
v -3874.526855 185.543839 4122.543457
v -3874.526855 178.766724 4185.035645
v -3812.034668 167.233734 4185.035645
v -3843.280762 145.574707 4153.789551
v -3749.542236 136.102600 4122.543457
v -3812.034668 163.924438 4122.543457
v -3843.280762 132.733856 4122.543457
v -3687.049805 130.970230 4185.035645
v -3624.557617 147.496872 4122.543457
v -3499.572754 163.944260 4122.543457
v -3437.080322 155.066635 4185.035645
v -3374.587891 120.170433 4122.543457
v -3374.587891 175.675400 4185.035645
v -3312.095703 160.654785 4185.035645
v -3249.603271 138.401276 4122.543457
v -3124.618652 128.631927 4122.543457
v -2999.633789 131.247650 4122.543457
v -2874.648926 147.120361 4122.543457
v -2812.156738 151.162857 4185.035645
v -2749.664307 142.384308 4122.543457
v -2749.664307 168.918106 4185.035645
v -2687.171875 126.571045 4185.035645
v -2718.417969 168.878479 4153.789551
v -2624.679688 123.796783 4122.543457
v -2687.171875 141.869095 4122.543457
v -2499.694824 141.690750 4122.543457
v -2374.709961 118.822937 4122.543457
v -2249.725342 116.048683 4122.543457
v -2124.740723 124.549797 4122.543457
v -1999.755737 127.561852 4122.543457
v -1874.770996 107.488113 4122.543457
v -1812.278809 134.457855 4185.035645
v -1749.786621 89.336548 4122.543457
v -1749.786621 141.294418 4185.035645
v -1812.278809 148.269699 4122.543457
v -1687.293945 121.339584 4185.035645
v -1718.540039 87.790886 4153.789551
v -1656.047852 109.152672 4216.282227
v -1656.047852 122.033150 4153.789551
v -1624.801758 126.452148 4185.035645
v -1656.047852 96.609062 4185.035645
v -1671.670898 86.938797 4169.412598
v -1624.801758 134.913635 4122.543457
v -1687.293945 93.379036 4122.543457
v -1687.293945 85.016632 4153.789551
v -1562.309082 161.764481 4185.035645
v -1499.816895 125.758583 4122.543457
v -1374.832031 124.113846 4122.543457
v -1249.847656 65.537376 4122.543457
v -1124.862793 89.376175 4122.543457
v -999.877930 109.331017 4122.543457
v -874.893066 102.078316 4122.543457
v -749.908691 82.817039 4122.543457
v -624.923828 98.551041 4122.543457
v -499.938965 62.426247 4122.543457
v -374.954102 62.188454 4122.543457
v -312.461914 66.448921 4185.035645
v -249.969727 96.113663 4122.543457
v -249.969727 63.952087 4185.035645
v -187.477051 138.064392 4185.035645
v -218.723145 63.397236 4216.282227
v -124.984863 138.460724 4122.543457
v -124.984863 99.779640 4185.035645
v -187.477051 96.430717 4122.543457
v -62.492188 107.924072 4185.035645
v -93.738770 106.754921 4153.789551
v 0.000000 139.471344 4122.543457
v -62.492188 136.835800 4122.543457
v -93.738770 84.858101 4122.543457
v -3999.511719 131.683609 3997.558838
v -3999.511719 186.098679 4060.051270
v -3937.019287 182.551605 4060.051270
v -3874.526855 186.752609 3997.558838
v -3874.526855 200.267212 4060.051270
v -3812.034668 172.980408 4060.051270
v -3843.280762 154.174911 4091.297363
v -3749.542236 134.854187 3997.558838
v -3624.557617 153.501160 3997.558838
v -3499.572754 141.433136 3997.558838
v -3374.587891 145.634155 3997.558838
v -3249.603271 142.820267 3997.558838
v -3124.618652 149.300140 3997.558838
v -2999.633789 126.392700 3997.558838
v -2874.648926 127.284424 3997.558838
v -2749.664307 134.695648 3997.558838
v -2687.171875 166.361816 4060.051270
v -2624.679688 164.380219 3997.558838
v -2499.694824 149.498306 3997.558838
v -2374.709961 158.257034 3997.558838
v -2249.725342 109.945313 3997.558838
v -2124.740723 163.250687 3997.558838
v -1999.755737 152.034760 3997.558838
v -1937.263672 134.101166 4060.051270
v -1874.770996 147.556320 3997.558838
v -1937.263672 153.164291 3997.558838
v -1812.278809 147.080734 4060.051270
v -1749.786621 94.627449 4060.051270
v -1781.032715 114.681366 4028.804932
v -1749.786621 157.920151 3997.558838
v -1812.278809 113.234795 3997.558838
v -1687.293945 157.722000 4060.051270
v -1624.801758 140.640488 3997.558838
v -1562.309082 133.348160 4060.051270
v -1499.816895 138.163483 3997.558838
v -1499.816895 135.884628 4060.051270
v -1437.324707 136.459290 4060.051270
v -1468.570801 136.518738 4028.804932
v -1374.832031 65.378853 4060.051270
v -1406.078125 65.378853 4028.804932
v -1374.832031 62.307350 3997.558838
v -1437.324707 88.841141 3997.558838
v -1437.324707 73.741257 4028.804932
v -1312.339844 64.526756 4060.051270
v -1249.847656 65.557198 3997.558838
v -1312.339844 62.307350 3997.558838
v -1187.354980 66.587631 4060.051270
v -1124.862793 66.468735 3997.558838
v -1187.354980 66.369659 3997.558838
v -1062.370117 88.464638 4060.051270
v -999.877930 82.797226 3997.558838
v -1062.370117 66.389473 3997.558838
v -874.893066 114.403946 3997.558838
v -749.908691 100.116516 3997.558838
v -624.923828 94.330208 3997.558838
v -499.938965 59.691624 3997.558838
v -374.954102 96.668510 3997.558838
v -312.461914 136.657455 4060.051270
v -249.969727 94.429291 3997.558838
v -249.969727 139.510971 4060.051270
v -312.461914 139.174103 3997.558838
v -187.477051 135.210876 4060.051270
v -156.230957 139.530792 4091.297363
v -124.984863 118.803123 3997.558838
v -124.984863 75.425629 4060.051270
v -124.984863 118.307724 4091.297363
v -187.477051 95.499359 3997.558838
v -93.738770 138.123840 4060.051270
v -93.738770 120.527122 4091.297363
v -109.361816 89.831947 4075.674316
v -62.492188 104.733673 4060.051270
v -109.361816 104.872391 4106.919922
v -109.361816 81.410095 4091.297363
v -93.738770 140.184723 4028.804932
v 0.000000 58.720631 3997.558838
v -62.492188 94.686897 3997.558838
vn -0.001 0.993 0.115
vn -0.015 0.987 0.160
vn -0.163 0.984 0.075
vn -0.075 0.996 0.042
vn -0.173 0.974 -0.148
vn -0.197 0.980 0.018
vn -0.054 0.997 -0.063
vn 0.003 0.999 0.042
vn 0.209 0.975 0.074
vn 0.131 0.986 0.104
vn 0.065 0.996 0.053
vn 0.088 0.993 0.080
vn -0.007 0.999 0.034
vn 0.003 0.999 0.034
vn -0.030 0.999 0.032
vn -0.125 0.992 0.002
vn -0.242 0.890 0.386
vn -0.354 0.935 0.038
vn -0.011 0.902 0.432
vn -0.012 0.724 0.689
vn 0.141 0.776 0.615
vn -0.262 0.755 0.602
vn -0.027 1.000 -0.013
vn 0.176 0.844 0.507
vn 0.093 0.933 0.347
vn -0.460 0.804 0.377
vn -0.657 0.753 -0.017
vn -0.303 0.926 0.224
vn -0.026 0.995 0.095
vn -0.176 0.965 0.197
vn 0.413 0.862 0.294
vn -0.139 0.976 0.165
vn 0.234 0.969 0.077
vn -0.019 0.999 -0.040
vn 0.124 0.970 0.209
vn 0.144 0.989 -0.024
vn -0.023 0.999 0.028
vn -0.099 0.985 0.141
vn -0.014 1.000 0.006
vn -0.314 0.944 0.099
vn -0.446 0.864 0.233
vn -0.316 0.887 0.338
vn -0.461 0.868 0.186
vn -0.171 0.953 0.250
vn -0.344 0.916 0.206
vn -0.112 0.986 0.123
vn 0.052 0.998 -0.024
vn 0.014 0.998 -0.063
vn -0.012 1.000 -0.004
vn -0.025 0.998 -0.051
vn -0.015 1.000 -0.009
vn 0.044 0.998 0.039
vn 0.070 0.997 0.009
vn 0.414 0.902 -0.123
vn 0.416 0.907 -0.060
vn -0.167 0.986 -0.014
vn 0.002 0.996 -0.084
vn 0.035 0.997 -0.067
vn -0.195 0.975 -0.105
vn -0.133 0.966 0.220
vn 0.104 0.985 -0.140
vn -0.308 0.937 -0.164
vn -0.076 0.863 0.500
vn 0.043 0.999 -0.013
vn 0.380 0.923 0.064
vn -0.095 0.966 -0.240
vn 0.009 0.999 -0.045
vn 0.030 0.996 -0.086
vn 0.064 0.996 -0.054
vn 0.013 0.999 0.031
vn 0.082 0.992 -0.092
vn 0.079 0.997 0.014
vn -0.012 0.998 0.062
vn -0.075 0.996 0.054
vn -0.045 0.996 0.083
vn -0.038 0.998 0.055
vn 0.017 0.998 0.061
vn 0.067 0.996 0.053
vn 0.032 0.998 0.049
vn -0.025 0.998 -0.058
vn -0.023 0.993 -0.117
vn 0.005 0.993 -0.122
vn 0.013 0.995 -0.102
vn 0.126 0.868 -0.480
vn -0.284 0.945 0.159
vn -0.116 0.993 0.007
vn -0.217 0.916 0.338
vn -0.086 0.994 -0.062
vn 0.034 0.945 0.325
vn -0.129 0.977 -0.168
vn 0.031 0.991 0.130
vn -0.268 0.958 0.100
vn -0.063 0.990 0.124
vn 0.120 0.975 -0.189
vn 0.003 0.998 0.057
vn 0.208 0.887 -0.411
vn 0.218 0.964 -0.151
vn 0.250 0.944 -0.214
vn 0.117 0.986 -0.120
vn 0.218 0.870 -0.443
vn 0.051 0.993 0.110
vn -0.037 0.999 0.040
vn -0.173 0.976 -0.129
vn -0.028 1.000 -0.006
vn 0.102 0.993 0.067
vn 0.106 0.989 0.107
vn 0.066 0.997 0.030
vn -0.148 0.989 0.001
vn -0.392 0.920 -0.015
vn -0.231 0.973 -0.000
vn -0.037 0.996 -0.078
vn -0.121 0.990 -0.075
vn 0.324 0.907 -0.268
vn -0.239 0.956 -0.171
vn 0.386 0.921 -0.047
vn -0.002 0.999 -0.036
vn 0.248 0.938 -0.244
vn -0.314 0.950 0.009
vn -0.180 0.920 0.347
vn -0.471 0.844 0.256
vn -0.110 0.994 0.016
vn -0.325 0.935 0.141
vn 0.039 0.999 -0.029
vn 0.014 1.000 -0.002
vn -0.028 0.998 0.053
vn 0.016 1.000 0.018
vn -0.066 0.998 -0.006
vn 0.334 0.914 0.231
vn 0.228 0.962 0.151
vn 0.094 0.934 0.343
vn -0.306 0.915 -0.264
vn -0.194 0.974 -0.115
vn -0.276 0.944 -0.181
vn 0.392 0.690 0.608
vn -0.033 0.998 0.059
vn 0.303 0.939 0.166
vn -0.070 0.996 0.062
vn 0.037 0.989 -0.145
vn 0.316 0.949 0.018
vn -0.254 0.951 0.178
vn 0.037 0.999 0.022
vn -0.007 0.996 0.092
vn 0.072 0.997 0.039
vn 0.061 0.998 -0.018
vn -0.049 0.998 -0.039
vn -0.048 0.996 -0.074
vn 0.152 0.978 -0.139
vn -0.141 0.988 0.066
vn -0.171 0.984 -0.043
vn -0.252 0.900 0.355
vn -0.138 0.990 0.031
vn -0.188 0.964 0.186
vn -0.077 0.978 0.195
vn -0.116 0.993 0.010
vn 0.202 0.961 -0.186
vn 0.083 0.985 -0.153
vn 0.071 0.960 -0.272
vn -0.110 0.969 0.223
vn 0.185 0.982 -0.043
vn -0.112 0.984 0.138
vn 0.057 0.887 -0.459
vn -0.078 0.984 0.162
vn 0.040 0.999 0.028
vn -0.064 0.987 0.146
vn -0.041 0.999 0.025
vn -0.122 0.954 0.275
vn -0.145 0.988 0.062
vn -0.238 0.971 0.034
vn -0.013 1.000 0.001
vn 0.020 0.999 0.032
vn 0.189 0.982 -0.010
vn -0.034 0.985 0.169
vn 0.047 0.999 -0.016
vn -0.230 0.944 0.238
vn -0.238 0.900 0.364
vn -0.290 0.841 0.457
vn -0.232 0.876 0.422
vn -0.328 0.924 0.196
vn -0.077 0.992 0.098
vn 0.095 0.995 0.030
vn 0.003 0.998 0.060
vn 0.039 0.996 0.084
vn -0.101 0.988 0.117
vn -0.146 0.986 -0.076
vn 0.069 0.748 -0.660
vn -0.205 0.957 -0.207
vn 0.221 0.967 -0.126
vn 0.228 0.933 0.278
vn 0.481 0.876 0.017
vn 0.442 0.740 0.508
vn 0.122 0.967 0.223
vn 0.329 0.592 -0.736
vn 0.364 0.806 -0.466
vn 0.709 0.701 -0.077
vn -0.121 0.992 0.021
vn -0.063 0.984 -0.168
vn 0.324 0.814 -0.483
vn 0.148 0.860 0.488
vn -0.168 0.958 0.235
vn -0.257 0.839 0.480
vn -0.136 0.884 0.448
vn -0.048 0.718 0.694
vn -0.073 0.902 0.425
vn -0.095 0.953 0.287
vn -0.101 0.962 0.252
vn -0.427 0.879 0.211
vn -0.292 0.947 0.130
vn 0.015 0.999 -0.030
vn -0.067 0.997 0.049
vn 0.017 1.000 0.018
vn 0.022 1.000 -0.018
vn 0.006 0.999 -0.038
vn 0.035 0.999 0.026
vn 0.399 0.872 0.282
vn 0.242 0.954 -0.177
vn 0.071 0.949 0.308
vn -0.037 0.958 0.286
vn 0.008 0.977 0.215
vn 0.101 0.989 0.110
vn 0.125 0.989 0.080
vn 0.089 0.990 0.110
vn 0.047 0.999 -0.019
vn -0.018 0.995 -0.098
vn -0.009 0.997 0.071
vn -0.069 0.991 0.118
vn -0.368 0.930 -0.013
vn -0.274 0.961 -0.050
vn -0.297 0.948 -0.116
vn 0.266 0.949 -0.170
vn 0.099 0.990 -0.104
vn -0.145 0.977 0.158
vn -0.061 0.997 0.039
vn 0.155 0.979 -0.135
vn -0.100 0.989 0.109
vn -0.064 0.992 0.109
vn 0.060 0.995 -0.080
vn -0.042 0.998 -0.037
vn 0.092 0.992 -0.089
vn 0.283 0.923 -0.262
vn 0.032 0.999 -0.029
vn -0.300 0.937 0.178
vn -0.253 0.946 0.202
vn -0.218 0.920 0.326
vn -0.070 0.997 0.042
vn 0.054 0.998 -0.034
vn 0.069 0.991 -0.111
vn -0.005 0.996 -0.087
vn -0.085 0.995 -0.057
vn -0.123 0.990 -0.074
vn -0.085 0.996 0.026
vn -0.002 0.998 0.064
vn -0.051 0.994 0.092
vn -0.007 1.000 -0.009
vn 0.047 0.997 -0.055
vn 0.007 1.000 -0.004
vn -0.004 1.000 0.014
vn -0.009 1.000 -0.005
vn 0.063 0.998 -0.011
vn 0.022 0.991 0.132
vn 0.050 0.982 0.180
vn 0.250 0.962 0.106
vn 0.134 0.965 0.227
vn 0.038 0.998 0.041
vn 0.088 0.893 -0.442
vn 0.002 0.994 0.111
vn -0.031 0.975 0.218
vn 0.142 0.947 0.287
vn -0.008 0.971 0.239
vn -0.096 0.994 0.054
vn -0.144 0.965 0.220
vn -0.032 0.956 0.292
vn -0.201 0.956 0.212
vn 0.162 0.968 -0.192
vn 0.003 0.985 -0.173
vn 0.363 0.852 -0.378
vn 0.336 0.673 -0.659
vn 0.272 0.780 -0.564
vn 0.263 0.875 -0.405
vn -0.234 0.953 0.192
vn 0.270 0.853 -0.447
vn 0.324 0.892 -0.316
vn 0.187 0.982 0.027
vn 0.023 0.986 -0.168
vn -0.088 0.977 0.192
vn -0.237 0.912 0.335
vn -0.041 0.998 0.039
vn 0.086 0.994 -0.069
vn 0.172 0.981 -0.088
vn -0.083 0.996 -0.021
vn 0.051 0.997 -0.065
vn 0.073 0.991 -0.113
vn -0.126 0.992 -0.019
vn 0.299 0.953 -0.043
vn 0.196 0.971 -0.140
vn -0.262 0.950 0.169
vn -0.192 0.981 0.009
vn 0.163 0.986 -0.024
vn -0.477 0.844 0.247
vn -0.117 0.980 0.159
vn -0.150 0.988 0.045
vn 0.309 0.936 -0.169
vn 0.073 0.946 -0.316
vn -0.053 0.991 -0.123
vn 0.159 0.968 -0.195
vn 0.011 1.000 -0.012
vn -0.214 0.942 -0.258
vn -0.051 0.987 -0.151
vn -0.006 0.991 -0.135
vn 0.064 0.957 -0.281
vn 0.023 0.970 -0.242
vn -0.085 0.996 -0.027
vn 0.014 0.999 0.030
vn 0.279 0.958 -0.069
vn 0.020 0.970 -0.243
vn -0.214 0.943 -0.254
vn 0.034 0.938 -0.346
vn -0.012 1.000 0.021
vn 0.015 1.000 -0.012
vn -0.004 0.991 -0.135
vn 0.170 0.968 0.183
vn 0.097 0.991 0.096
vn 0.398 0.826 0.400
vn 0.238 0.789 0.566
vn 0.327 0.944 0.045
vn 0.151 0.969 -0.197
vn -0.029 0.999 -0.041
vn 0.046 0.929 0.367
vn -0.145 0.983 0.114
vn -0.264 0.947 -0.184
vn -0.204 0.904 -0.375
vn -0.203 0.953 -0.225
vn 0.082 0.783 0.617
vn -0.126 0.980 0.156
vn -0.125 0.979 0.161
vn -0.193 0.968 0.158
vn -0.096 0.953 0.289
vn 0.010 0.852 0.523
vn -0.057 0.895 0.443
vn -0.040 0.955 0.295
vn -0.051 0.997 0.054
vn 0.032 0.953 0.301
vn 0.004 1.000 -0.031
vn 0.073 0.997 0.033
vn 0.200 0.979 -0.036
vn 0.035 0.999 0.028
vn 0.129 0.982 -0.139
vn 0.199 0.805 -0.559
vn 0.234 0.956 -0.178
vn -0.027 0.998 -0.062
vn -0.046 0.997 0.057
vn -0.211 0.972 0.104
vn -0.361 0.894 0.265
vn -0.118 0.980 0.159
vn 0.033 0.997 -0.065
vn 0.054 0.973 -0.226
vn 0.062 0.995 -0.080
vn 0.051 0.999 0.020
vn -0.028 0.997 -0.079
vn 0.060 0.998 -0.022
vn 0.063 0.996 -0.061
vn -0.136 0.973 -0.187
vn 0.201 0.969 -0.142
vn 0.222 0.975 0.012
vn -0.352 0.934 0.059
vn -0.281 0.956 -0.080
vn -0.600 0.799 0.031
vn -0.482 0.876 0.010
vn -0.486 0.870 -0.076
vn 0.182 0.983 0.013
vn 0.035 0.967 0.252
vn -0.214 0.933 -0.289
vn -0.075 0.997 -0.013
vn -0.136 0.990 0.038
vn 0.129 0.989 -0.074
vn 0.350 0.936 0.031
vn 0.613 0.743 -0.269
vn 0.287 0.936 -0.206
vn 0.378 0.908 -0.178
vn 0.050 0.988 -0.147
vn -0.342 0.937 0.073
vn -0.086 0.996 0.008
vn 0.042 0.989 -0.138
vn -0.188 0.981 -0.047
vn -0.091 0.989 -0.115
vn -0.068 0.960 -0.273
vn 0.129 0.991 -0.037
vn 0.202 0.935 0.291
vn -0.011 0.989 -0.148
vn -0.194 0.970 0.146
vn 0.061 0.932 0.356
vn -0.127 0.992 0.010
vn -0.158 0.913 -0.376
vn 0.140 0.986 0.089
vn -0.185 0.939 -0.289
vn -0.037 0.965 -0.260
vn -0.043 0.987 -0.153
vn 0.265 0.889 -0.374
vn -0.106 0.909 -0.404
vn 0.055 0.998 0.036
vn -0.069 0.998 0.016
vn 0.247 0.962 0.118
vn 0.126 0.980 -0.151
vn 0.095 0.987 0.126
vn 0.067 0.995 0.073
vn -0.201 0.974 -0.108
vn 0.016 0.999 0.046
vn 0.165 0.980 0.115
vn 0.311 0.947 0.085
vn -0.112 0.984 -0.135
vn -0.267 0.906 -0.329
vn 0.527 0.842 0.114
vn -0.396 0.896 -0.202
vn -0.123 0.991 -0.048
vn -0.450 0.834 -0.321
vn 0.134 0.988 -0.072
vn -0.037 0.999 -0.038
vn -0.089 0.996 0.030
vn 0.031 0.999 -0.014
vn 0.046 0.983 0.179
vn 0.092 0.992 -0.082
vn 0.004 0.999 -0.046
vn 0.049 0.997 -0.060
vn 0.250 0.968 -0.036
vn 0.143 0.985 -0.095
vn 0.444 0.881 0.165
vn 0.580 0.815 0.015
vn 0.180 0.976 -0.125
vn 0.485 0.861 -0.153
vn 0.599 0.571 -0.562
vn -0.018 0.999 -0.051
vn -0.050 0.997 0.067
vn -0.333 0.943 -0.017
vn -0.081 0.995 -0.066
vn -0.012 0.998 -0.068
vn 0.104 0.994 -0.039
vn -0.012 0.986 0.164
vn 0.130 0.991 0.035
vn -0.109 0.993 0.043
vn 0.090 0.995 -0.052
vn 0.170 0.949 -0.266
vn -0.129 0.991 0.048
vn 0.096 0.995 0.013
vn 0.164 0.983 0.079
vn -0.086 0.992 -0.095
vn -0.018 1.000 0.022
vn -0.059 0.998 0.007
vn -0.130 0.987 0.100
vn -0.408 0.907 0.101
vn -0.494 0.854 0.163
vn -0.136 0.990 0.033
vn -0.453 0.881 0.137
vn 0.261 0.963 0.062
vn 0.207 0.969 0.139
vn 0.441 0.800 -0.406
vn 0.623 0.782 0.002
vn 0.340 0.884 -0.321
vn -0.461 0.850 0.256
vn 0.041 0.998 0.047
vn -0.244 0.949 -0.199
vn 0.038 0.994 0.100
vn 0.116 0.973 -0.200
vn 0.293 0.954 -0.068
vn 0.280 0.959 0.037
vn 0.120 0.991 -0.062
vn 0.024 1.000 0.002
vn 0.035 0.999 -0.012
vn -0.129 0.983 -0.131
vn 0.018 0.992 -0.122
vn -0.142 0.989 -0.033
vn 0.013 0.987 -0.159
vn 0.058 0.967 -0.249
vn 0.051 0.991 -0.124
vn -0.204 0.903 -0.380
vn -0.015 0.994 0.106
vn -0.085 0.982 -0.166
vn 0.096 0.982 -0.160
vn -0.192 0.970 -0.150
vn -0.244 0.897 -0.368
vn -0.151 0.987 -0.045
vn 0.138 0.990 -0.034
vn -0.514 0.856 0.052
vn 0.055 0.968 0.245
vn -0.200 0.956 -0.217
vn -0.128 0.977 -0.170
vn 0.160 0.987 0.031
vn 0.470 0.861 0.193
vn 0.516 0.856 0.010
vn 0.351 0.936 -0.018
vn 0.173 0.931 0.322
vn -0.089 0.982 -0.167
vn -0.501 0.764 -0.406
vn -0.411 0.910 -0.058
vn -0.525 0.796 -0.302
vn -0.520 0.765 -0.379
vn -0.278 0.926 -0.254
vn 0.083 0.996 0.022
vn 0.002 0.997 -0.073
vn 0.150 0.983 0.105
vn -0.326 0.924 -0.201
vn -0.053 0.995 0.084
vn -0.013 1.000 -0.028
vn 0.064 0.997 -0.036
vn 0.019 1.000 0.010
vn -0.003 1.000 -0.025
vn 0.367 0.929 -0.044
vn 0.333 0.938 0.092
vn 0.011 0.975 0.222
vn 0.152 0.947 0.284
vn -0.034 0.983 -0.183
vn -0.057 0.996 -0.068
vn 0.077 0.983 -0.167
vn 0.279 0.954 -0.110
vn 0.208 0.966 -0.151
vn -0.089 0.992 0.093
vn 0.110 0.994 0.020
vn 0.087 0.996 0.023
vn 0.028 0.986 -0.166
vn 0.222 0.951 -0.214
vn -0.315 0.949 -0.031
vn -0.361 0.929 0.083
vn -0.329 0.929 0.167
vn 0.258 0.965 -0.053
vn 0.338 0.940 0.035
vn 0.056 0.994 0.098
vn 0.078 0.997 0.017
vn 0.064 0.998 -0.020
vn -0.043 0.997 0.062
vn -0.071 0.995 0.063
vn -0.061 0.990 0.130
vn 0.047 0.992 0.117
vn 0.010 0.997 0.074
vn -0.295 0.931 -0.214
vn -0.077 0.997 0.012
vn -0.120 0.982 -0.142
vn -0.032 0.978 -0.205
vn -0.036 0.982 -0.187
vn -0.021 1.000 -0.016
vn -0.142 0.955 -0.261
vn -0.276 0.915 -0.295
vn -0.170 0.977 -0.125
vn -0.333 0.936 -0.117
vn 0.431 0.901 0.058
vn 0.437 0.894 -0.100
vn 0.575 0.765 0.289
vn 0.482 0.826 0.293
vn 0.176 0.968 0.179
vn 0.475 0.854 0.214
vn 0.019 0.997 -0.075
vn -0.122 0.978 0.167
vn 0.037 0.999 -0.024
vn -0.633 0.748 -0.197
vn -0.237 0.970 -0.054
vn -0.516 0.844 -0.150
vn 0.148 0.988 0.036
vn -0.483 0.875 -0.023
vn -0.226 0.969 -0.104
vn -0.425 0.894 0.141
vn 0.070 0.995 0.075
vn 0.007 1.000 0.031
vn 0.031 0.999 -0.017
vn 0.041 0.999 -0.017
vn 0.033 0.999 -0.007
vn 0.009 1.000 0.028
vn -0.039 0.998 -0.053
vn -0.010 1.000 -0.008
vn 0.148 0.983 0.106
vn -0.065 0.948 0.312
vn 0.271 0.933 0.235
vn 0.113 0.993 -0.040
vn 0.252 0.908 0.334
vn 0.397 0.903 0.163
vn 0.566 0.824 0.030
vn 0.001 0.998 0.069
vn 0.512 0.832 0.214
vn 0.060 0.998 -0.008
vn 0.008 0.990 -0.141
vn 0.019 0.996 -0.092
vn 0.060 0.998 0.028
vn 0.140 0.948 0.284
vn -0.005 0.999 0.055
vn 0.059 0.995 0.083
vn 0.251 0.961 0.115
vn 0.128 0.975 -0.181
vn 0.177 0.984 0.026
vn 0.038 0.960 -0.278
vn -0.512 0.790 0.336
vn -0.253 0.967 0.011
vn -0.150 0.986 0.070
vn -0.518 0.798 0.309
vn -0.181 0.975 0.129
vn 0.034 0.999 -0.004
vn -0.270 0.958 0.101
vn 0.329 0.944 -0.036
vn 0.132 0.988 -0.080
vn -0.086 0.983 -0.160
vn -0.006 0.990 -0.144
vn 0.097 0.995 -0.016
vn -0.039 0.995 0.088
vn -0.100 0.983 0.157
vn -0.056 0.993 0.108
vn -0.049 0.997 0.063
vn 0.018 0.996 0.086
vn 0.015 0.996 0.087
vn -0.027 0.999 -0.016
vn 0.161 0.984 -0.079
vn 0.037 0.999 -0.016
vn -0.420 0.855 -0.305
vn 0.246 0.924 -0.292
vn 0.351 0.855 0.383
vn 0.095 0.993 -0.073
vn -0.422 0.650 -0.632
vn -0.116 0.989 0.097
vn 0.072 0.961 0.266
vn -0.254 0.922 -0.293
vn -0.067 0.985 -0.158
vn -0.427 0.902 -0.057
vn 0.210 0.958 0.193
vn 0.060 0.998 0.015
vn -0.043 0.996 -0.073
vn 0.237 0.821 0.519
vn -0.364 0.931 -0.014
vn 0.525 0.814 0.248
vn 0.549 0.656 0.519
vn 0.321 0.889 0.327
vn 0.338 0.858 0.387
vn 0.260 0.962 0.084
vn -0.006 0.999 0.033
vn 0.088 0.967 0.240
vn -0.028 0.925 0.380
vn -0.352 0.861 0.367
vn 0.143 0.857 -0.494
vn -0.139 0.977 0.162
vn -0.020 0.886 -0.464
vn 0.037 0.993 -0.111
vn -0.006 1.000 0.007
vn -0.203 0.898 -0.390
vn 0.026 0.999 -0.038
vn 0.009 1.000 -0.001
vn -0.003 0.999 0.031
vn 0.007 1.000 0.005
vn 0.055 0.997 -0.045
vn -0.028 1.000 -0.013
vn 0.439 0.893 0.096
vn 0.221 0.972 -0.083
vn 0.618 0.753 -0.226
vn -0.139 0.989 0.042
vn 0.623 0.781 -0.049
vn 0.493 0.861 -0.121
vn -0.273 0.962 -0.001
vn 0.116 0.992 -0.044
vn 0.071 0.994 0.082
vn -0.095 0.990 -0.099
vn -0.266 0.902 -0.341
vn 0.013 0.999 -0.032
vn -0.186 0.966 0.182
vn -0.362 0.932 -0.020
vn -0.039 0.984 0.174
vn 0.037 0.992 0.121
vn -0.444 0.895 -0.044
vn 0.154 0.988 0.004
vn -0.105 0.983 -0.153
vn -0.040 0.999 -0.017
vn 0.067 0.997 -0.033
vn 0.162 0.987 -0.008
vn 0.071 0.993 0.098
vn -0.391 0.888 0.241
vn -0.620 0.558 0.552
vn -0.679 0.725 -0.115
vn -0.134 0.988 -0.074
vn -0.642 0.763 0.076
vn -0.329 0.929 0.166
vn -0.331 0.778 0.533
vn -0.449 0.827 0.338
vn -0.451 0.816 0.363
vn -0.019 0.998 0.052
vn -0.176 0.936 0.305
vn 0.014 0.998 0.066
vn 0.239 0.970 0.042
vn 0.015 0.980 0.197
vn 0.121 0.990 -0.069
vn 0.211 0.933 0.293
vn 0.248 0.965 -0.084
vn 0.182 0.983 0.021
vn 0.052 0.995 -0.080
vn -0.070 0.990 0.124
vn -0.044 0.995 0.091
vn -0.040 0.999 0.033
vn 0.035 0.998 -0.044
vn -0.113 0.987 -0.114
vn 0.076 0.989 -0.124
vn 0.083 0.983 -0.166
vn -0.087 0.986 -0.139
vn 0.046 0.984 -0.170
vn 0.060 0.998 -0.028
vn -0.102 0.994 -0.045
vn -0.025 1.000 0.010
vn -0.351 0.892 -0.284
vn -0.214 0.965 -0.154
vn -0.372 0.919 -0.132
vn -0.082 0.996 -0.031
vn -0.186 0.982 0.038
vn 0.072 0.997 0.040
vn 0.586 0.810 0.030
vn 0.523 0.839 -0.149
vn 0.085 0.918 -0.387
vn 0.491 0.868 -0.076
vn 0.252 0.711 -0.657
vn -0.003 1.000 -0.006
vn 0.132 0.989 -0.070
vn 0.351 0.796 -0.494
vn -0.133 0.991 0.034
vn 0.463 0.884 0.064
vn -0.337 0.888 -0.313
vn -0.078 0.851 -0.520
vn -0.412 0.897 -0.163
vn -0.533 0.823 -0.197
vn -0.277 0.919 -0.281
vn 0.112 0.993 0.025
vn -0.223 0.966 -0.131
vn 0.039 0.999 -0.010
vn 0.159 0.987 -0.003
vn -0.436 0.899 -0.030
vn -0.004 1.000 -0.024
vn 0.036 0.997 -0.063
vn 0.030 0.997 -0.071
vn -0.033 0.999 -0.009
vn 0.004 0.999 0.046
vn -0.025 0.987 0.158
vn 0.086 0.967 -0.240
vn 0.286 0.831 -0.477
vn -0.027 0.902 -0.430
vn 0.219 0.972 -0.082
vn 0.420 0.895 -0.148
vn 0.160 0.859 -0.487
vn 0.481 0.830 0.282
vn -0.088 0.988 0.127
vn 0.021 0.972 -0.236
vn -0.247 0.960 0.133
vn 0.122 0.955 -0.271
vn -0.067 0.998 0.023
vn 0.134 0.990 -0.046
vn -0.004 0.998 0.067
vn 0.028 0.992 0.120
vn 0.084 0.995 -0.060
vn -0.071 0.980 -0.188
vn 0.023 0.998 -0.064
vn 0.010 1.000 -0.025
vn 0.099 0.989 -0.108
vn 0.211 0.975 -0.076
vn -0.367 0.928 -0.064
vn -0.476 0.868 0.144
vn -0.135 0.988 -0.076
vn -0.476 0.830 -0.291
vn 0.082 0.996 -0.036
vn 0.185 0.982 -0.037
vn 0.309 0.944 -0.116
vn 0.048 0.995 0.088
vn -0.043 0.996 0.076
vn -0.012 0.999 0.043
vn -0.044 0.997 0.061
vn 0.094 0.984 0.154
vn 0.019 0.999 0.044
vn 0.031 1.000 -0.000
vn 0.035 0.999 0.015
vn 0.000 0.994 0.109
vn 0.005 1.000 0.008
vn 0.005 0.999 -0.047
vn -0.003 0.998 -0.064
vn 0.030 0.998 0.054
vn -0.338 0.939 0.060
vn -0.366 0.923 -0.117
vn -0.418 0.908 -0.031
vn -0.039 0.958 -0.286
vn 0.072 0.997 0.027
vn -0.411 0.911 -0.022
vn 0.264 0.961 0.078
vn 0.518 0.851 0.082
vn -0.162 0.963 -0.213
vn 0.266 0.958 0.109
vn 0.511 0.849 0.134
vn 0.119 0.981 0.153
vn 0.041 0.996 -0.079
vn -0.194 0.967 0.164
vn -0.474 0.868 -0.146
vn -0.224 0.957 -0.185
vn -0.497 0.852 -0.164
vn -0.064 0.997 -0.032
vn 0.005 1.000 -0.025
vn 0.001 0.999 0.053
vn 0.020 0.999 0.037
vn 0.087 0.996 0.033
vn 0.465 0.855 -0.227
vn 0.199 0.975 -0.097
vn 0.412 0.901 -0.135
vn -0.074 0.993 0.088
vn 0.541 0.838 -0.065
vn -0.212 0.969 0.128
vn -0.064 0.994 0.090
vn 0.046 0.995 0.093
vn 0.095 0.995 0.035
vn 0.102 0.994 0.035
vn 0.014 0.999 -0.034
vn 0.087 0.996 -0.028
vn 0.029 0.997 0.067
vn 0.184 0.981 0.068
vn 0.405 0.904 0.133
vn 0.059 0.952 0.299
vn -0.076 0.995 -0.071
vn -0.496 0.821 -0.282
vn -0.482 0.749 -0.454
vn -0.562 0.812 -0.159
vn -0.737 0.657 -0.158
vn -0.310 0.935 -0.175
vn -0.657 0.663 -0.359
vn -0.476 0.852 -0.217
vn -0.327 0.912 0.247
vn -0.077 0.997 0.005
vn 0.131 0.990 0.058
vn -0.102 0.989 0.107
vn 0.151 0.986 -0.070
vn -0.096 0.978 -0.188
vn 0.344 0.937 -0.058
vn 0.013 0.992 -0.125
vn -0.050 0.998 -0.049
vn -0.058 0.995 0.075
vn -0.004 1.000 -0.001
vn 0.105 0.986 -0.130
vn 0.029 0.997 -0.072
vn -0.045 0.999 0.007
vn 0.131 0.986 -0.104
vn 0.037 0.993 -0.114
vn -0.084 0.996 -0.036
vn 0.180 0.983 -0.043
vn -0.129 0.990 -0.050
vn -0.351 0.933 0.083
vn 0.079 0.997 0.018
vn -0.506 0.862 -0.018
vn 0.028 0.996 -0.083
vn -0.070 0.984 0.161
vn -0.084 0.992 0.093
vn -0.044 0.995 0.088
vn -0.510 0.860 -0.020
vn -0.543 0.772 -0.329
vn 0.188 0.965 -0.183
vn -0.304 0.941 -0.149
vn -0.334 0.941 0.060
vn 0.241 0.953 0.183
vn -0.087 0.996 -0.021
vn -0.519 0.841 -0.153
vn -0.042 0.857 -0.513
vn 0.428 0.891 0.153
vn 0.316 0.903 0.290
vn 0.165 0.979 0.119
vn -0.119 0.950 -0.290
vn -0.135 0.991 -0.007
vn -0.154 0.974 0.165
vn -0.111 0.982 -0.155
vn -0.330 0.906 0.266
vn -0.110 0.966 0.234
vn -0.235 0.949 0.209
vn 0.020 1.000 -0.013
vn -0.065 0.997 0.042
vn 0.032 0.999 -0.002
vn 0.043 0.999 -0.028
vn 0.099 0.990 -0.099
vn 0.386 0.898 -0.209
vn 0.201 0.894 -0.401
vn 0.344 0.938 -0.044
vn 0.373 0.879 -0.295
vn 0.506 0.862 -0.041
vn -0.162 0.987 0.010
vn -0.024 0.999 -0.048
vn 0.057 0.997 -0.049
vn 0.060 0.998 -0.009
vn 0.130 0.990 0.058
vn 0.058 0.997 0.059
vn 0.018 0.999 0.032
vn 0.057 0.998 0.013
vn 0.103 0.995 -0.011
vn -0.139 0.976 0.170
vn 0.083 0.914 0.398
vn -0.071 0.995 -0.067
vn 0.158 0.947 0.278
vn -0.260 0.960 0.106
vn -0.585 0.715 -0.383
vn -0.396 0.852 -0.342
vn -0.547 0.814 -0.195
vn -0.167 0.982 -0.088
vn -0.325 0.886 -0.331
vn -0.125 0.984 -0.128
vn 0.367 0.854 0.370
vn 0.070 0.997 0.028
vn 0.150 0.963 0.225
vn 0.016 0.937 0.348
vn 0.170 0.983 0.069
vn 0.049 0.995 0.091
vn 0.061 0.986 0.153
vn 0.293 0.946 0.137
vn -0.077 0.994 -0.075
vn -0.201 0.979 -0.018
vn 0.135 0.990 0.035
vn -0.006 0.996 -0.092
vn 0.082 0.992 -0.092
vn 0.148 0.981 -0.128
vn -0.065 0.992 -0.110
vn 0.020 0.989 -0.146
vn 0.102 0.989 -0.108
vn -0.057 0.998 -0.011
vn -0.105 0.993 0.059
vn -0.240 0.958 0.155
vn 0.167 0.970 -0.178
vn 0.156 0.988 0.013
vn 0.170 0.962 -0.213
vn 0.016 0.988 -0.151
vn -0.083 0.993 -0.079
vn 0.127 0.990 -0.061
vn 0.470 0.883 0.021
vn -0.022 0.999 -0.024
vn -0.004 0.998 0.065
vn -0.613 0.790 0.020
vn -0.020 0.996 0.084
vn -0.115 0.992 -0.046
vn -0.636 0.735 -0.235
vn 0.230 0.962 0.146
vn 0.010 0.998 0.068
vn -0.061 0.963 0.261
vn 0.052 0.999 -0.013
vn -0.013 0.999 -0.037
vn 0.006 0.988 -0.158
vn 0.065 0.987 -0.144
vn 0.178 0.904 -0.390
vn 0.383 0.918 -0.099
vn 0.165 0.986 -0.000
vn -0.054 0.992 -0.110
vn 0.025 0.968 -0.248
vn -0.010 0.990 -0.140
vn -0.036 0.997 -0.062
vn 0.022 0.996 0.084
vn 0.055 0.987 0.150
vn 0.021 1.000 0.021
vn 0.132 0.991 -0.018
vn -0.089 0.989 0.116
vn -0.103 0.991 0.083
vn 0.076 0.996 0.036
vn 0.355 0.913 0.201
vn -0.084 0.984 -0.154
vn -0.043 0.997 -0.059
vn -0.257 0.950 -0.178
vn -0.393 0.888 -0.236
vn -0.232 0.964 -0.129
vn 0.520 0.827 0.213
vn 0.012 0.992 0.124
vn 0.334 0.906 0.258
vn -0.145 0.977 0.159
vn 0.254 0.848 0.465
vn 0.261 0.962 -0.080
vn 0.245 0.965 -0.098
vn 0.218 0.972 0.089
vn 0.120 0.993 0.010
vn 0.273 0.926 0.260
vn -0.067 0.980 -0.186
vn 0.022 1.000 -0.020
vn 0.152 0.988 0.009
vn -0.026 1.000 -0.001
vn 0.019 0.999 -0.029
vn 0.005 0.998 0.059
vn -0.159 0.975 0.157
vn 0.107 0.993 0.057
vn 0.228 0.971 -0.068
vn 0.158 0.986 -0.051
vn 0.055 0.958 -0.280
vn -0.001 0.989 -0.145
vn -0.029 0.839 -0.543
vn -0.291 0.833 -0.470
vn 0.289 0.956 0.044
vn -0.496 0.815 -0.300
vn -0.423 0.891 -0.163
vn -0.242 0.961 0.136
vn -0.338 0.920 -0.196
vn -0.293 0.872 -0.392
vn -0.058 0.977 -0.204
vn -0.123 0.991 -0.060
vn 0.091 0.993 -0.070
vn 0.089 0.988 -0.124
vn 0.176 0.959 -0.224
vn -0.008 0.919 -0.393
vn 0.178 0.925 -0.335
vn 0.128 0.890 -0.438
vn 0.248 0.864 -0.439
vn -0.049 0.984 -0.169
vn 0.195 0.902 -0.384
vn -0.163 0.978 -0.134
vn -0.184 0.978 -0.096
vn -0.332 0.931 -0.154
vn 0.236 0.968 0.090
vn 0.029 0.996 -0.080
vn 0.490 0.835 0.251
vn -0.100 0.995 -0.012
vn -0.077 0.917 0.392
vn 0.010 0.977 0.214
vn -0.307 0.874 0.376
vn 0.086 0.990 0.108
vn 0.137 0.990 0.028
vn -0.152 0.987 0.042
vn -0.026 0.998 0.064
vn 0.012 0.995 0.094
vn 0.117 0.992 0.038
vn -0.019 0.998 0.066
vn -0.061 0.991 0.119
vn -0.033 0.999 0.022
vn 0.116 0.993 -0.006
vn 0.136 0.991 0.001
vn -0.367 0.922 -0.126
vn -0.361 0.932 -0.023
vn -0.319 0.935 -0.158
vn 0.088 0.994 0.064
vn 0.500 0.861 -0.089
vn 0.122 0.992 0.036
vn 0.049 0.918 0.394
vn -0.011 1.000 -0.007
vn 0.179 0.953 0.244
vn -0.166 0.972 0.165
vn 0.217 0.976 0.033
vn 0.188 0.982 -0.001
vn 0.029 0.994 0.107
vn 0.031 0.999 -0.013
vn 0.108 0.994 0.033
vn 0.029 1.000 0.007
vn -0.030 1.000 -0.006
vn -0.102 0.992 0.079
vn -0.033 0.999 0.039
vn 0.186 0.978 -0.100
vn 0.068 0.995 0.067
vn 0.093 0.996 -0.007
vn -0.197 0.977 0.082
vn -0.250 0.966 -0.061
vn -0.233 0.953 0.192
vn -0.314 0.949 -0.028
vn -0.087 0.993 -0.075
vn -0.240 0.963 -0.123
vn 0.112 0.991 -0.075
vn 0.171 0.979 -0.109
vn 0.043 0.998 -0.042
vn 0.183 0.979 0.087
vn 0.360 0.915 0.181
vn 0.473 0.877 0.085
vn -0.015 0.977 -0.214
vn 0.464 0.886 0.025
vn -0.232 0.971 -0.061
vn 0.165 0.962 0.218
vn -0.411 0.910 0.052
vn -0.531 0.845 -0.070
vn -0.391 0.914 -0.106
vn -0.447 0.826 0.345
vn -0.637 0.770 -0.035
vn 0.194 0.917 0.349
vn -0.049 0.959 0.279
vn 0.361 0.838 0.409
vn 0.014 0.999 0.040
vn -0.025 0.725 0.689
vn -0.216 0.890 0.401
vn -0.160 0.893 0.420
vn -0.290 0.758 0.585
vn 0.243 0.966 -0.087
vn 0.067 0.998 -0.018
vn -0.142 0.990 -0.004
vn -0.036 0.999 -0.023
vn -0.053 0.997 0.055
vn -0.116 0.938 -0.327
vn 0.078 0.995 -0.058
vn 0.208 0.953 0.218
vn -0.045 0.999 -0.020
vn -0.027 0.996 -0.083
vn -0.059 0.990 -0.126
vn -0.040 0.994 -0.098
vn 0.040 0.997 -0.064
vn 0.006 0.997 -0.072
vn 0.133 0.982 0.134
vn -0.264 0.963 -0.047
vn -0.489 0.867 -0.092
vn -0.391 0.888 -0.243
vn 0.002 0.999 -0.036
vn -0.263 0.957 -0.124
vn 0.088 0.994 0.058
vn 0.080 0.996 0.041
vn -0.469 0.883 0.016
vn 0.153 0.988 0.026
vn -0.189 0.930 -0.314
vn 0.191 0.922 0.336
vn 0.153 0.885 0.440
vn -0.142 0.980 0.143
vn 0.156 0.886 0.438
vn 0.090 0.992 -0.092
vn -0.165 0.984 -0.064
vn 0.075 0.993 0.093
vn 0.162 0.986 0.042
vn 0.018 0.994 -0.103
vn 0.102 0.994 0.038
vn 0.222 0.962 0.159
vn -0.106 0.994 -0.001
vn 0.073 0.996 0.057
vn -0.055 0.998 0.035
vn -0.144 0.989 0.029
vn 0.089 0.995 -0.045
vn 0.059 0.998 0.017
vn -0.076 0.996 0.055
vn 0.056 0.968 0.243
vn -0.094 0.871 0.483
vn -0.047 0.938 0.342
vn -0.140 0.982 -0.130
vn -0.277 0.951 0.140
vn 0.067 0.992 0.109
vn -0.060 0.920 0.386
vn -0.183 0.966 0.184
vn -0.228 0.964 0.138
vn 0.395 0.891 -0.224
vn -0.061 0.848 0.526
vn -0.369 0.757 0.539
vn 0.299 0.900 0.317
vn -0.120 0.964 0.238
vn -0.199 0.972 -0.124
vn -0.082 0.996 -0.019
vn -0.237 0.969 0.075
vn -0.101 0.985 0.136
vn -0.322 0.947 0.007
vn 0.051 0.998 0.024
vn 0.139 0.989 -0.055
vn 0.088 0.996 0.020
vn 0.001 0.993 0.121
vn 0.279 0.952 0.129
vn 0.313 0.940 0.135
vn 0.042 0.999 0.009
vn -0.400 0.895 -0.199
vn -0.323 0.929 -0.179
vn -0.247 0.927 -0.281
vn 0.010 0.794 -0.607
vn -0.239 0.834 -0.497
vn 0.229 0.934 -0.274
vn 0.165 0.977 -0.139
vn 0.193 0.850 -0.490
vn -0.034 0.992 0.121
vn -0.081 0.995 0.063
vn -0.098 0.993 0.062
vn -0.007 1.000 0.013
vn 0.046 0.996 -0.078
vn -0.066 0.937 -0.343
vn -0.038 0.985 -0.166
vn -0.195 0.980 -0.028
vn 0.250 0.967 -0.037
vn 0.025 0.990 -0.138
vn -0.242 0.970 -0.025
vn 0.031 0.999 0.036
vn 0.022 1.000 -0.012
vn 0.231 0.962 0.144
vn 0.301 0.949 0.098
vn -0.197 0.975 -0.102
vn -0.244 0.956 -0.164
vn -0.518 0.851 -0.082
vn -0.341 0.902 -0.265
vn 0.026 0.999 0.028
vn 0.015 1.000 0.023
vn -0.147 0.980 -0.135
vn -0.447 0.784 -0.430
vn -0.543 0.749 -0.379
vn -0.377 0.784 -0.494
vn -0.459 0.794 -0.398
vn -0.000 0.995 0.102
vn 0.035 0.997 0.065
vn 0.192 0.940 0.280
vn 0.236 0.937 0.258
vn 0.170 0.982 0.080
vn 0.188 0.964 0.189
vn 0.225 0.974 0.026
vn -0.214 0.924 -0.317
vn -0.018 0.990 -0.142
vn -0.043 0.999 -0.024
vn 0.013 0.978 -0.210
vn 0.083 0.996 0.031
vn 0.002 0.999 0.035
vn -0.027 0.999 0.026
vn -0.009 0.994 -0.111
vn 0.062 0.989 -0.137
vn -0.126 0.990 0.063
vn -0.041 0.998 0.051
vn -0.149 0.981 0.126
vn 0.102 0.994 0.026
vn -0.090 0.996 0.000
vn -0.088 0.973 0.212
vn -0.199 0.978 0.059
vn 0.024 0.999 -0.040
vn 0.106 0.994 -0.032
vn 0.078 0.996 0.035
vn 0.033 0.998 0.052
vn -0.069 0.996 0.050
vn 0.047 0.995 0.085
vn 0.206 0.978 0.024
vn 0.401 0.915 -0.035
vn 0.348 0.931 -0.107
vn 0.410 0.912 0.023
vn 0.017 0.957 0.291
vn -0.125 0.983 0.136
vn -0.083 0.995 0.052
vn 0.065 0.917 -0.394
vn -0.146 0.948 0.282
vn 0.005 0.948 0.318
vn 0.032 0.907 -0.421
vn -0.074 0.982 0.176
vn -0.063 0.925 -0.374
vn -0.012 0.983 0.181
vn 0.023 0.994 0.109
vn -0.071 0.991 0.111
vn -0.011 1.000 0.030
vn 0.081 0.994 -0.079
vn 0.084 0.995 0.058
vn -0.101 0.993 0.060
vn -0.146 0.989 0.026
vn 0.099 0.995 -0.027
vn 0.025 0.999 0.020
vn -0.072 0.997 -0.023
vn 0.011 1.000 -0.020
vn 0.181 0.984 -0.003
vn -0.109 0.994 0.027
vn -0.626 0.742 -0.240
vn -0.292 0.912 -0.288
vn -0.528 0.838 -0.137
vn -0.032 0.996 -0.082
vn -0.296 0.901 -0.316
vn -0.061 0.996 -0.071
vn -0.348 0.912 -0.218
vn 0.009 1.000 0.016
vn 0.002 0.998 -0.069
vn 0.319 0.936 0.148
vn 0.504 0.758 0.413
vn 0.549 0.803 0.232
vn -0.408 0.892 -0.195
vn 0.358 0.918 -0.169
vn -0.102 0.982 0.158
vn 0.165 0.938 0.305
vn -0.102 0.992 0.072
vn -0.326 0.929 0.175
vn 0.255 0.958 0.129
vn 0.297 0.916 0.268
vn 0.173 0.981 0.093
vn -0.092 0.989 0.119
vn 0.149 0.975 0.165
vn 0.011 0.999 0.035
vn 0.034 0.999 0.039
vn 0.179 0.958 0.226
vn 0.050 0.999 -0.001
vn 0.001 1.000 0.012
vn -0.069 0.971 0.229
vn -0.008 0.999 -0.034
vn -0.253 0.948 0.191
vn -0.494 0.869 0.026
vn 0.003 0.994 0.108
vn 0.086 0.996 0.021
vn 0.345 0.931 0.119
vn -0.078 0.997 0.029
vn -0.192 0.953 0.235
vn -0.189 0.918 0.348
vn 0.121 0.992 -0.035
vn 0.036 0.999 -0.028
vn 0.010 0.998 0.069
vn 0.091 0.993 0.075
vn 0.040 0.999 0.031
vn -0.022 0.999 0.039
vn 0.355 0.932 0.076
vn 0.244 0.962 -0.120
vn 0.070 0.939 0.337
vn -0.328 0.901 0.283
vn 0.079 0.894 0.441
vn -0.032 0.994 0.102
vn -0.002 1.000 -0.002
vn 0.037 0.940 0.338
vn 0.095 0.988 0.123
vn 0.040 0.993 0.109
vn -0.125 0.992 0.008
vn 0.068 0.994 -0.081
vn -0.057 0.998 -0.003
vn -0.023 0.999 0.036
vn 0.073 0.997 -0.011
vn -0.010 0.996 0.088
vn 0.052 0.998 -0.019
vn -0.127 0.990 0.059
vn -0.058 0.998 0.013
vn 0.038 0.999 0.038
vn -0.047 0.997 0.059
vn 0.033 0.999 -0.013
vn 0.135 0.988 0.079
vn 0.138 0.989 0.046
vn -0.109 0.994 -0.003
vn -0.021 0.998 0.053
vn -0.533 0.834 -0.145
vn -0.468 0.879 0.094
vn -0.566 0.822 0.063
vn -0.570 0.786 0.238
vn 0.067 0.997 0.026
vn -0.460 0.833 -0.306
vn 0.015 0.998 -0.062
vn 0.123 0.987 -0.108
vn 0.035 0.999 0.023
vn 0.155 0.931 0.331
vn -0.090 0.948 0.306
vn 0.118 0.989 0.089
vn 0.366 0.827 0.427
vn -0.148 0.988 -0.040
vn -0.028 0.991 0.132
vn -0.182 0.928 -0.324
vn 0.371 0.851 -0.372
vn 0.084 0.995 0.054
vn 0.212 0.912 0.351
vn -0.037 0.999 -0.012
vn -0.056 0.995 0.086
vn 0.326 0.935 0.142
vn 0.143 0.944 0.299
vn -0.224 0.965 0.139
vn 0.122 0.990 0.067
vn -0.020 0.997 -0.075
vn 0.031 1.000 0.003
vn -0.205 0.977 0.065
vn -0.196 0.977 -0.086
vn -0.113 0.993 0.029
vn -0.090 0.980 0.175
vn -0.197 0.977 0.081
vn -0.220 0.944 0.244
vn 0.063 0.996 -0.067
vn 0.054 0.998 0.029
vn 0.054 0.999 0.009
vn -0.022 0.998 -0.054
vn 0.104 0.994 -0.021
vn 0.043 0.999 -0.028
vn -0.073 0.997 -0.017
vn -0.027 0.995 0.100
vn 0.065 0.991 -0.115
vn 0.184 0.983 0.025
vn 0.236 0.969 -0.078
vn 0.179 0.970 -0.164
vn 0.112 0.988 -0.103
vn -0.080 0.997 0.011
vn 0.039 0.997 -0.071
vn 0.029 0.993 -0.115
vn -0.141 0.990 -0.030
vn -0.050 0.998 0.027
vn 0.047 0.998 0.036
vn 0.052 0.996 -0.075
vn -0.077 0.993 -0.094
vn -0.153 0.988 0.014
vn -0.051 0.999 0.009
vn 0.037 0.999 -0.010
vn -0.025 0.998 -0.063
vn -0.028 0.999 0.037
vn 0.091 0.993 0.080
vn 0.263 0.963 0.061
vn 0.173 0.984 0.044
vn 0.112 0.993 0.025
vn -0.393 0.918 -0.054
vn -0.103 0.942 -0.318
vn -0.489 0.835 -0.252
vn -0.498 0.729 -0.470
vn -0.311 0.844 -0.437
vn -0.208 0.973 -0.099
vn -0.235 0.960 -0.154
vn 0.095 0.995 0.008
vn 0.016 0.998 0.066
vn -0.030 0.993 -0.113
vn 0.006 0.999 0.043
vn 0.020 1.000 0.007
vn 0.197 0.957 0.212
vn 0.132 0.979 0.155
vn 0.017 1.000 -0.004
vn 0.120 0.985 0.123
vn -0.020 0.981 0.193
vn -0.178 0.972 0.154
vn -0.009 0.999 -0.044
vn 0.019 0.999 -0.041
vn -0.130 0.991 -0.002
vn 0.158 0.987 0.036
vn 0.283 0.959 -0.012
vn 0.217 0.976 -0.018
vn -0.045 0.999 0.028
vn 0.114 0.993 -0.009
vn 0.060 0.998 -0.016
vn -0.061 0.992 -0.106
vn 0.075 0.984 -0.162
vn 0.232 0.951 -0.204
vn 0.159 0.901 -0.405
vn -0.083 0.917 -0.389
vn 0.330 0.870 -0.366
vn -0.140 0.984 0.113
vn 0.068 0.997 -0.047
vn -0.167 0.975 0.148
vn -0.076 0.997 0.028
vn 0.116 0.993 0.005
vn -0.050 0.995 0.090
vn -0.137 0.990 0.037
vn -0.028 0.999 -0.017
vn 0.138 0.981 -0.137
vn 0.057 0.994 -0.088
vn -0.211 0.975 -0.068
vn -0.173 0.985 -0.015
vn -0.077 0.997 0.001
vn 0.208 0.977 0.036
vn 0.035 0.989 -0.143
vn -0.193 0.979 0.062
vn 0.031 0.987 0.157
vn -0.046 0.999 0.017
vn 0.106 0.994 -0.030
vn 0.192 0.981 -0.005
vn 0.084 0.996 0.040
vn -0.085 0.938 -0.337
vn -0.021 0.993 -0.116
vn -0.370 0.929 -0.005
vn -0.377 0.777 -0.503
vn -0.212 0.924 -0.318
vn -0.539 0.770 -0.341
vn -0.186 0.928 -0.323
vn -0.212 0.824 -0.526
vn -0.306 0.919 -0.247
vn -0.054 0.952 -0.302
vn -0.040 0.995 -0.095
vn -0.115 0.988 -0.105
vn 0.066 0.998 -0.004
vn 0.039 0.999 -0.003
vn 0.109 0.994 -0.007
vn 0.011 1.000 0.017
vn 0.031 0.988 0.148
vn -0.007 0.992 0.129
vn -0.001 1.000 0.016
vn 0.005 1.000 0.010
vn -0.014 1.000 0.012
vn 0.037 0.999 -0.003
vn 0.143 0.990 0.001
vn 0.030 0.999 0.010
vn 0.030 0.999 -0.025
vn 0.129 0.989 -0.072
vn -0.032 0.996 0.087
vn 0.222 0.964 0.147
vn 0.248 0.950 -0.190
vn 0.127 0.992 0.025
vn -0.175 0.983 -0.053
vn -0.117 0.993 0.034
vn 0.023 0.998 0.064
vn 0.022 1.000 0.018
vn -0.064 0.995 -0.072
vn 0.105 0.974 -0.203
vn 0.073 0.985 -0.154
vn -0.031 0.998 -0.048
vn -0.200 0.977 0.075
vn -0.193 0.980 0.043
vn -0.065 0.998 -0.004
vn 0.011 1.000 -0.021
vn 0.011 0.986 0.167
vn 0.030 0.997 -0.072
vn 0.012 0.985 -0.173
vn 0.078 0.989 -0.124
vn 0.145 0.989 -0.003
vn -0.078 0.953 0.294
vn -0.112 0.990 -0.084
vn 0.034 0.999 0.009
vn -0.242 0.911 -0.335
vn -0.031 0.997 0.075
vn 0.176 0.843 -0.508
vn 0.000 0.934 -0.357
vn -0.026 0.680 -0.733
vn -0.352 0.855 -0.380
vn 0.035 0.864 -0.502
vn -0.272 0.888 -0.370
vn -0.257 0.964 -0.062
vn 0.031 0.999 0.008
vn -0.021 1.000 -0.013
vn 0.091 0.994 -0.057
vn 0.010 1.000 0.028
vn 0.093 0.993 -0.072
vn -0.042 0.998 -0.036
vn 0.071 0.993 -0.097
vn 0.033 0.968 -0.248
vn 0.097 0.972 -0.214
vn 0.133 0.939 -0.317
vn 0.204 0.917 -0.342
vn 0.001 0.740 -0.672
vn 0.270 0.904 -0.331
vn 0.347 0.784 -0.515
vn 0.075 0.986 -0.147
vn 0.018 0.970 -0.240
vn -0.003 0.991 -0.137
vn -0.118 0.975 -0.185
vn -0.252 0.801 -0.543
vn 0.093 0.974 -0.206
vn -0.014 0.991 -0.135
vn -0.122 0.992 0.020
vn 0.318 0.948 -0.018
vn 0.369 0.899 -0.237
vn -0.085 0.975 -0.207
vn 0.445 0.888 -0.112
vn -0.243 0.969 -0.033
vn -0.053 0.989 -0.135
vn 0.050 0.979 -0.199
vn 0.049 0.983 -0.175
vn 0.051 0.979 -0.196
vn 0.082 0.981 -0.177
vn -0.065 0.996 -0.054
vn -0.028 0.994 -0.107
vn -0.145 0.982 0.121
vn -0.084 0.996 0.021
vn -0.026 0.999 -0.043
vn 0.066 0.996 -0.056
vn 0.170 0.972 -0.163
vn -0.068 0.979 -0.191
vn -0.032 0.973 -0.228
vn 0.083 0.996 0.015
vn -0.116 0.990 0.084
vn 0.035 0.946 -0.321
vn -0.422 0.907 -0.009
vn 0.110 0.994 -0.002
vn 0.049 0.990 -0.134
vn -0.227 0.973 0.039
vn 0.043 0.987 -0.156
vn -0.194 0.968 -0.161
vn -0.044 0.999 0.000
vn 0.002 0.865 -0.502
vn -0.179 0.926 0.333
vn -0.074 0.903 0.423
vn -0.316 0.770 -0.555
vn -0.499 0.809 -0.310
vn -0.477 0.873 -0.102
vn -0.150 0.957 -0.248
vn -0.309 0.934 -0.178
vn -0.087 0.967 0.239
vn -0.384 0.895 -0.228
vn -0.481 0.706 0.520
vn 0.124 0.992 -0.010
vn 0.114 0.992 -0.058
vn -0.080 0.997 0.000
vn 0.047 0.999 0.016
vn 0.101 0.991 -0.091
vn 0.044 0.998 -0.050
vn -0.021 0.987 -0.161
vn 0.248 0.968 -0.039
vn 0.010 0.998 -0.055
vn 0.286 0.955 -0.081
vn 0.264 0.940 -0.216
vn 0.277 0.927 -0.254
vn 0.062 0.996 0.066
vn -0.222 0.937 -0.269
vn -0.148 0.767 0.625
vn -0.003 1.000 0.026
vn -0.277 0.942 -0.190
vn -0.033 0.976 0.214
vn 0.112 0.982 -0.153
vn -0.303 0.945 -0.119
vn -0.250 0.928 -0.278
vn -0.314 0.941 -0.124
vn 0.082 0.984 -0.159
vn -0.041 0.993 -0.110
vn -0.035 0.995 -0.097
vn -0.068 0.996 0.055
vn -0.104 0.994 -0.035
vn 0.342 0.922 -0.184
vn 0.633 0.770 0.079
vn 0.257 0.938 0.231
vn 0.067 0.998 0.003
vn 0.483 0.875 -0.019
vn -0.031 0.997 0.070
vn 0.516 0.837 -0.182
vn -0.271 0.962 -0.015
vn -0.109 0.985 -0.135
vn 0.029 0.954 -0.299
vn 0.000 0.970 -0.243
vn 0.019 0.976 -0.218
vn 0.024 0.985 -0.171
vn -0.032 0.997 -0.068
vn 0.037 0.987 -0.155
vn -0.006 0.979 -0.206
vn -0.155 0.987 0.048
vn -0.013 0.999 0.032
vn 0.004 1.000 0.020
vn 0.242 0.936 -0.256
vn 0.261 0.951 -0.165
vn -0.091 0.958 0.271
vn 0.055 0.990 0.128
vn 0.053 0.998 0.030
vn -0.009 0.898 0.440
vn -0.382 0.921 0.076
vn 0.034 0.794 0.607
vn -0.126 0.793 0.596
vn 0.103 0.989 0.106
vn 0.333 0.765 0.551
vn -0.423 0.871 0.251
vn -0.596 0.802 0.039
vn -0.069 0.945 0.321
vn 0.198 0.717 0.668
vn 0.215 0.881 0.421
vn 0.101 0.992 0.080
vn -0.030 0.902 0.431
vn -0.160 0.976 -0.145
vn 0.117 0.893 0.435
vn -0.136 0.960 -0.245
vn -0.001 0.979 -0.203
vn -0.119 0.979 -0.168
vn 0.190 0.870 0.456
vn 0.298 0.923 0.245
vn 0.214 0.967 -0.141
vn 0.098 0.993 -0.071
vn 0.142 0.966 -0.216
vn -0.035 0.999 0.007
vn -0.000 0.997 -0.071
vn -0.147 0.862 0.485
vn -0.052 0.937 0.344
vn -0.069 0.998 0.010
vn -0.039 0.998 0.058
vn -0.446 0.890 0.096
vn -0.032 0.971 0.236
vn -0.353 0.826 -0.440
vn -0.528 0.747 -0.404
vn 0.072 0.852 0.519
vn -0.271 0.949 -0.163
vn -0.364 0.846 -0.390
vn -0.093 0.992 -0.085
vn 0.036 0.999 -0.009
vn 0.131 0.991 0.004
vn 0.091 0.991 -0.098
vn 0.203 0.968 0.150
vn 0.016 0.937 -0.348
vn -0.234 0.912 -0.337
vn -0.164 0.969 -0.183
vn 0.039 0.979 -0.200
vn -0.214 0.961 -0.177
vn 0.042 0.997 -0.068
vn 0.104 0.989 -0.109
vn 0.052 0.998 0.017
vn -0.122 0.992 0.027
vn 0.065 0.988 0.141
vn 0.139 0.990 -0.014
vn 0.126 0.955 0.269
vn -0.001 0.998 -0.070
vn -0.110 0.994 -0.016
vn 0.011 1.000 -0.001
vn 0.422 0.891 -0.169
vn 0.348 0.926 -0.149
vn 0.015 0.995 -0.095
vn 0.096 0.974 -0.204
vn -0.050 0.992 -0.116
vn 0.011 0.992 -0.127
vn 0.020 0.985 -0.171
vn -0.085 0.992 -0.089
vn 0.008 0.996 -0.087
vn 0.096 0.986 -0.136
vn -0.020 0.989 -0.145
vn -0.135 0.989 0.058
vn -0.040 0.998 0.047
vn 0.143 0.988 -0.062
vn 0.212 0.977 0.029
vn -0.161 0.974 0.158
vn -0.035 0.992 0.117
vn -0.329 0.856 0.399
vn -0.122 0.983 0.134
vn -0.069 0.997 -0.023
vn -0.052 0.927 0.372
vn -0.082 0.995 0.058
vn -0.328 0.765 0.554
vn 0.009 1.000 0.007
vn 0.032 0.998 -0.046
vn 0.006 1.000 0.008
vn -0.034 0.990 0.138
vn 0.324 0.641 0.696
vn 0.222 0.868 0.444
vn -0.035 0.999 0.001
vn 0.311 0.847 0.430
vn 0.256 0.758 0.599
vn 0.436 0.858 0.272
vn 0.221 0.948 0.230
vn 0.323 0.895 0.309
vn -0.146 0.923 0.356
vn 0.031 0.737 0.675
vn -0.075 0.912 0.404
vn 0.233 0.891 0.389
vn -0.195 0.843 0.501
vn -0.121 0.831 0.544
vn -0.020 0.808 0.589
vn 0.001 0.989 0.148
vn -0.141 0.963 0.231
vn -0.223 0.834 0.505
vn -0.276 0.891 0.359
vn -0.223 0.718 0.659
vn 0.029 0.999 0.027
vn -0.084 0.993 0.079
vn -0.360 0.788 0.500
vn 0.216 0.967 0.135
vn 0.063 0.901 0.429
vn 0.056 0.985 0.163
vn 0.009 0.999 -0.035
vn -0.006 0.997 -0.079
vn 0.211 0.976 -0.044
vn 0.211 0.935 -0.285
vn 0.257 0.957 -0.136
vn -0.085 0.996 0.039
vn 0.049 0.991 -0.128
vn 0.135 0.974 0.180
vn -0.278 0.932 -0.234
vn 0.489 0.819 0.300
vn 0.354 0.920 0.166
vn -0.332 0.774 -0.539
vn 0.129 0.983 -0.131
vn 0.083 0.981 -0.173
vn 0.274 0.900 0.339
vn -0.136 0.989 -0.056
vn 0.180 0.962 -0.204
vn 0.020 0.994 0.110
vn 0.256 0.962 0.100
vn -0.075 0.975 0.210
vn -0.119 0.978 0.172
vn -0.008 0.999 -0.046
vn 0.083 0.994 -0.064
vn 0.084 0.987 -0.134
vn 0.108 0.922 -0.371
vn 0.150 0.988 -0.025
vn 0.182 0.968 -0.171
vn 0.052 0.997 -0.064
vn -0.168 0.986 -0.010
vn 0.056 0.996 -0.066
vn 0.096 0.989 -0.114
vn -0.210 0.977 -0.022
vn 0.079 0.994 -0.070
vn 0.389 0.921 -0.019
vn 0.636 0.760 -0.133
vn 0.569 0.820 0.060
vn 0.620 0.784 0.023
vn 0.074 0.996 -0.057
vn 0.485 0.874 0.031
vn 0.157 0.969 -0.189
vn -0.015 0.999 -0.044
vn 0.008 1.000 -0.001
vn -0.078 0.994 0.073
vn 0.118 0.992 -0.048
vn -0.080 0.996 0.028
vn -0.105 0.992 0.076
vn 0.065 0.997 0.034
vn 0.107 0.994 0.025
vn 0.029 1.000 -0.010
vn -0.067 0.997 0.046
vn 0.027 0.999 -0.040
vn 0.228 0.967 -0.112
vn -0.281 0.946 0.161
vn -0.241 0.930 0.277
vn -0.541 0.841 0.016
vn -0.074 0.997 -0.030
vn -0.465 0.885 -0.016
vn -0.020 0.993 0.118
vn -0.058 0.997 0.044
vn 0.054 0.998 -0.008
vn -0.025 0.996 -0.090
vn 0.041 0.997 -0.071
vn 0.068 0.998 0.004
vn 0.023 0.997 0.071
vn -0.056 0.998 -0.008
vn 0.028 0.967 -0.253
vn -0.119 0.967 -0.226
vn 0.306 0.907 -0.289
vn 0.294 0.950 -0.107
vn 0.100 0.986 -0.130
vn 0.221 0.942 -0.253
vn -0.025 0.958 -0.286
vn -0.103 0.952 -0.289
vn -0.131 0.973 -0.189
vn -0.129 0.987 -0.101
vn -0.008 0.998 -0.067
vn 0.104 0.987 -0.120
vn 0.440 0.898 0.014
vn 0.117 0.992 -0.056
vn 0.275 0.898 0.344
vn 0.448 0.881 0.152
vn -0.319 0.946 -0.051
vn -0.092 0.990 -0.110
vn -0.047 0.980 -0.191
vn -0.048 0.982 -0.182
vn 0.465 0.875 -0.135
vn -0.023 1.000 0.016
vn 0.147 0.988 -0.044
vn -0.052 0.995 0.086
vn -0.029 0.977 -0.213
vn 0.027 0.996 -0.089
vn 0.122 0.993 0.006
vn 0.045 0.998 0.047
vn 0.057 0.998 0.021
vn -0.087 0.977 -0.195
vn 0.085 0.989 -0.125
vn 0.404 0.912 -0.075
vn 0.341 0.940 0.032
vn 0.281 0.868 0.410
vn -0.195 0.949 -0.248
vn -0.084 0.987 -0.136
vn -0.197 0.980 0.033
vn -0.130 0.988 0.082
vn -0.209 0.947 0.245
vn 0.080 0.995 -0.062
vn 0.233 0.969 -0.076
vn 0.482 0.868 -0.116
vn 0.553 0.832 0.048
vn 0.650 0.760 0.011
vn 0.031 0.999 0.016
vn 0.096 0.985 -0.140
vn 0.574 0.817 0.056
vn -0.100 0.995 0.008
vn 0.250 0.965 0.083
vn -0.059 0.998 0.037
vn 0.004 1.000 -0.007
vn 0.064 0.997 0.039
vn -0.120 0.991 0.060
vn -0.080 0.997 0.022
vn 0.068 0.997 0.020
vn 0.142 0.990 -0.026
vn 0.052 0.999 -0.017
vn 0.047 0.997 -0.064
vn 0.152 0.962 -0.226
vn 0.171 0.985 -0.038
vn -0.527 0.836 -0.154
vn -0.444 0.891 0.097
vn -0.555 0.815 -0.168
vn 0.084 0.996 0.003
vn -0.444 0.892 -0.087
vn -0.207 0.977 0.046
vn -0.483 0.863 0.149
vn -0.018 0.999 0.049
vn 0.007 0.999 -0.052
vn 0.031 0.997 -0.066
vn 0.131 0.911 -0.390
vn 0.118 0.920 -0.374
vn 0.100 0.984 -0.149
vn -0.000 0.981 -0.193
vn 0.159 0.937 -0.311
vn 0.019 0.981 -0.191
vn -0.026 0.985 -0.172
vn 0.117 0.962 -0.248
vn 0.023 0.990 -0.140
vn 0.372 0.822 -0.432
vn 0.200 0.903 -0.379
vn 0.109 0.985 -0.137
vn -0.111 0.936 0.333
vn 0.200 0.978 0.059
vn -0.031 0.955 -0.293
vn -0.066 0.993 -0.096
vn 0.065 0.909 -0.412
vn 0.022 0.979 -0.202
vn 0.235 0.951 -0.200
vn 0.012 0.999 0.036
vn 0.211 0.970 -0.118
vn 0.128 0.989 -0.079
vn -0.018 0.984 -0.176
vn 0.033 0.992 -0.118
vn -0.049 0.986 -0.162
vn 0.131 0.991 0.034
vn 0.082 0.988 -0.131
vn -0.076 0.997 0.013
vn 0.064 0.997 -0.051
vn 0.221 0.963 -0.152
vn -0.109 0.993 -0.048
vn -0.159 0.985 -0.072
vn -0.387 0.884 -0.261
vn 0.168 0.979 -0.111
vn -0.068 0.994 -0.085
vn 0.372 0.918 0.137
vn 0.178 0.979 -0.103
vn -0.125 0.974 -0.186
vn -0.375 0.881 -0.289
vn 0.464 0.770 -0.438
vn -0.431 0.898 -0.087
vn -0.096 0.982 0.164
vn -0.180 0.980 -0.084
vn -0.386 0.907 -0.167
vn 0.226 0.963 -0.148
vn -0.077 0.993 -0.089
vn 0.303 0.951 -0.063
vn 0.453 0.848 -0.276
vn 0.703 0.671 -0.236
vn 0.430 0.899 -0.085
vn 0.286 0.954 -0.085
vn 0.230 0.851 -0.472
vn 0.124 0.992 -0.033
vn 0.004 0.990 0.138
vn -0.029 0.998 0.063
vn 0.014 1.000 0.022
vn 0.022 0.999 0.031
vn -0.072 0.997 0.015
vn -0.043 0.998 -0.039
vn 0.127 0.983 -0.130
vn 0.085 0.994 -0.067
vn 0.018 1.000 0.009
vn 0.216 0.881 -0.421
vn 0.086 0.990 -0.113
vn -0.192 0.927 0.323
vn 0.183 0.967 0.178
vn -0.408 0.904 -0.126
vn -0.041 0.956 0.292
vn -0.118 0.963 0.244
vn -0.220 0.856 0.468
vn -0.374 0.813 0.447
vn -0.139 0.880 0.454
vn -0.054 0.999 0.005
vn 0.361 0.933 -0.012
vn 0.099 0.979 -0.178
vn 0.313 0.919 -0.241
vn -0.094 0.994 0.062
vn 0.131 0.965 0.226
vn 0.077 0.996 -0.050
vn 0.168 0.983 -0.079
vn 0.215 0.967 -0.138
vn -0.081 0.949 -0.306
vn 0.033 0.999 0.027
vn 0.013 0.998 -0.062
vn -0.080 0.997 0.020
vn -0.025 0.970 0.240
vn 0.043 0.999 0.005
vn 0.117 0.988 -0.102
vn 0.005 0.995 -0.096
vn 0.100 0.986 -0.132
vn -0.032 0.999 -0.031
vn 0.033 0.999 0.021
vn -0.011 0.998 0.059
vn -0.008 0.999 -0.044
vn 0.150 0.985 -0.083
vn 0.002 0.995 0.097
vn 0.111 0.992 0.063
vn -0.196 0.980 -0.044
vn -0.318 0.941 -0.119
vn 0.011 0.993 -0.115
vn -0.011 0.998 0.055
vn 0.017 0.999 -0.039
vn -0.054 0.998 0.039
vn -0.303 0.891 0.339
vn 0.513 0.836 -0.194
vn 0.240 0.947 -0.214
vn -0.237 0.965 0.114
vn -0.051 0.999 -0.014
vn 0.118 0.993 0.019
vn -0.002 0.998 0.056
vn 0.052 0.999 -0.004
vn -0.024 0.997 0.078
vn 0.013 1.000 -0.002
vn 0.050 0.992 -0.113
vn 0.064 0.996 -0.054
vn -0.059 0.996 0.062
vn 0.000 0.975 0.221
vn -0.111 0.981 -0.159
vn -0.406 0.868 0.287
vn -0.576 0.811 0.108
vn -0.380 0.899 -0.219
vn -0.185 0.979 -0.091
vn -0.259 0.956 -0.135
vn 0.071 0.976 -0.204
vn 0.029 0.929 -0.368
vn -0.050 0.976 -0.212
vn 0.086 0.986 -0.143
vn -0.170 0.879 -0.445
vn 0.091 0.992 0.092
vn 0.028 0.999 -0.036
vn 0.070 0.997 -0.024
vn -0.034 0.996 0.078
vn 0.026 0.999 -0.030
vn 0.104 0.994 -0.045
vn 0.084 0.996 0.022
vn 0.078 0.997 -0.017
vn 0.020 0.999 -0.037
vn -0.148 0.985 0.086
vn 0.028 1.000 0.014
vn 0.006 1.000 0.012
vn 0.055 0.998 0.004
vn 0.205 0.978 0.025
vn 0.019 0.999 -0.034
vn -0.084 0.989 -0.125
vn -0.055 0.987 0.153
vn 0.217 0.969 -0.118
vn 0.051 0.999 0.004
vn -0.471 0.874 0.123
vn -0.050 0.995 0.084
vn -0.241 0.955 0.172
vn 0.221 0.973 -0.064
vn -0.035 0.989 -0.146
vn 0.080 0.996 -0.047
vn 0.642 0.751 -0.154
vn 0.357 0.909 -0.213
vn 0.367 0.896 -0.251
vn 0.241 0.958 -0.156
vn 0.379 0.920 -0.101
vn 0.177 0.984 0.020
vn -0.464 0.883 0.070
vn -0.026 0.997 -0.074
vn -0.118 0.987 -0.111
vn -0.334 0.938 -0.093
vn 0.032 0.999 -0.019
vn 0.013 0.999 0.031
vn 0.013 1.000 0.010
vn 0.011 1.000 -0.006
vn 0.088 0.996 -0.022
vn 0.061 0.998 -0.030
vn 0.035 0.999 -0.030
vn -0.113 0.988 0.110
vn -0.339 0.908 0.247
vn -0.193 0.898 0.396
vn -0.390 0.919 -0.053
vn -0.137 0.852 0.506
vn -0.020 0.699 0.715
vn -0.015 0.956 0.294
vn 0.052 0.918 -0.394
vn -0.101 0.991 0.084
vn 0.118 0.993 -0.029
vn 0.230 0.971 0.059
vn -0.041 0.998 -0.038
vn -0.253 0.869 0.426
vn -0.038 0.998 0.040
vn 0.071 0.989 0.129
vn -0.034 0.997 0.065
vn 0.066 0.991 -0.117
vn 0.165 0.969 -0.181
vn 0.198 0.974 -0.112
vn -0.015 0.953 0.304
vn 0.023 0.998 -0.064
vn 0.086 0.992 0.094
vn -0.011 0.993 -0.120
vn -0.008 0.970 -0.242
vn 0.018 0.847 -0.532
vn -0.065 0.997 0.043
vn -0.134 0.990 -0.046
vn 0.070 0.993 -0.094
vn -0.010 0.998 -0.065
vn 0.000 0.993 0.114
vn -0.050 0.998 0.029
vn 0.034 0.997 -0.073
vn 0.015 0.998 -0.064
vn 0.038 0.999 0.009
vn 0.098 0.986 0.133
vn 0.119 0.993 -0.008
vn -0.085 0.988 0.132
vn 0.020 0.999 -0.028
vn 0.019 0.997 -0.080
vn -0.015 1.000 -0.026
vn -0.040 0.999 0.034
vn -0.054 0.990 0.130
vn -0.013 0.996 0.089
vn 0.008 0.971 0.240
vn 0.333 0.813 0.478
vn 0.311 0.909 0.277
vn -0.349 0.838 -0.420
vn 0.133 0.966 0.221
vn 0.101 0.990 -0.102
vn 0.445 0.807 0.388
vn 0.306 0.946 -0.103
vn 0.271 0.936 0.224
vn 0.179 0.954 0.241
vn 0.301 0.953 0.023
vn 0.046 0.999 0.010
vn -0.033 0.950 0.310
vn 0.234 0.945 0.227
vn -0.260 0.952 0.163
vn -0.143 0.976 0.161
vn 0.061 0.998 0.001
vn 0.243 0.968 -0.061
vn 0.422 0.904 -0.070
vn 0.254 0.967 -0.027
vn -0.241 0.965 -0.105
vn -0.129 0.992 0.004
vn -0.048 0.997 0.059
vn 0.072 0.997 0.032
vn 0.018 1.000 -0.005
vn -0.009 1.000 0.027
vn 0.117 0.993 -0.014
vn 0.038 0.999 -0.031
vn 0.024 1.000 0.020
vn -0.399 0.917 -0.000
vn -0.192 0.980 -0.052
vn -0.438 0.844 0.309
vn 0.200 0.979 -0.039
vn -0.063 0.987 0.145
vn -0.584 0.811 -0.032
vn -0.434 0.869 0.236
vn -0.150 0.988 0.042
vn 0.381 0.915 0.134
vn 0.165 0.979 -0.117
vn 0.136 0.978 -0.157
vn 0.144 0.941 -0.307
vn 0.250 0.968 -0.001
vn -0.285 0.956 0.064
vn 0.146 0.982 0.121
vn -0.008 1.000 -0.025
vn -0.124 0.991 0.056
vn 0.088 0.995 -0.046
vn -0.022 0.999 -0.026
vn 0.044 0.963 -0.267
vn -0.042 0.992 -0.115
vn 0.066 0.988 -0.141
vn -0.002 0.993 -0.122
vn 0.036 0.996 -0.077
vn -0.039 0.997 -0.067
vn -0.014 0.991 -0.130
vn -0.044 0.995 -0.084
vn -0.132 0.974 -0.186
vn 0.036 0.996 0.086
vn 0.362 0.921 0.142
vn 0.275 0.954 -0.116
vn 0.105 0.980 0.170
vn 0.290 0.951 0.104
vn -0.004 0.993 0.118
vn 0.094 0.994 0.054
vn 0.014 1.000 0.023
vn -0.072 0.995 0.063
vn 0.024 0.994 0.103
vn -0.159 0.986 0.049
vn 0.099 0.993 -0.063
vn 0.267 0.964 -0.011
vn 0.213 0.941 -0.262
vn 0.089 0.991 0.099
vn 0.325 0.840 -0.434
vn 0.193 0.895 -0.402
vn 0.281 0.960 0.016
vn -0.627 0.726 0.282
vn -0.417 0.858 0.299
vn -0.302 0.946 -0.119
vn -0.181 0.968 -0.175
vn -0.167 0.985 0.053
vn -0.327 0.889 0.320
vn -0.199 0.973 -0.115
vn -0.241 0.965 0.106
vn 0.075 0.995 -0.066
vn 0.310 0.917 -0.250
vn 0.031 0.996 -0.084
vn -0.147 0.986 -0.079
vn -0.059 0.998 -0.034
vn 0.057 0.998 0.034
vn 0.009 0.994 0.105
vn 0.065 0.998 0.016
vn 0.169 0.984 -0.064
vn -0.222 0.954 0.200
vn -0.060 0.986 0.154
vn -0.159 0.910 0.384
vn -0.282 0.905 0.318
vn -0.366 0.909 0.200
vn -0.326 0.867 0.376
vn 0.465 0.883 -0.062
vn 0.235 0.972 0.019
vn -0.366 0.925 0.106
vn -0.172 0.985 0.026
vn -0.060 0.995 0.084
vn 0.019 0.971 -0.239
vn -0.418 0.909 0.011
vn 0.079 0.987 0.143
vn -0.099 0.994 -0.054
vn -0.371 0.895 -0.249
vn -0.163 0.978 -0.128
vn 0.029 0.993 -0.112
vn 0.218 0.963 0.156
vn 0.290 0.951 0.106
vn 0.216 0.865 0.454
vn 0.178 0.982 -0.064
vn -0.125 0.992 -0.030
vn 0.096 0.995 0.025
vn -0.013 0.997 0.079
vn -0.009 0.998 0.059
vn 0.064 0.998 0.019
vn 0.050 0.997 -0.067
vn -0.024 0.998 -0.058
vn -0.153 0.984 -0.096
vn -0.009 0.988 0.151
vn -0.004 0.998 -0.057
vn 0.038 0.998 -0.047
vn 0.074 0.996 0.042
vn 0.007 0.997 0.074
vn -0.127 0.986 0.108
vn 0.112 0.993 -0.037
vn 0.082 0.960 0.267
vn 0.108 0.959 -0.261
vn 0.105 0.958 -0.265
vn 0.329 0.937 -0.115
vn -0.071 0.939 0.336
vn 0.090 0.977 0.192
vn -0.224 0.905 0.362
vn -0.005 0.989 0.148
vn -0.258 0.890 0.376
vn 0.110 0.994 -0.000
vn 0.017 0.997 0.077
vn 0.273 0.940 -0.206
vn -0.017 0.997 0.081
vn 0.352 0.843 -0.406
vn 0.505 0.835 -0.220
vn 0.294 0.855 -0.428
vn 0.339 0.918 -0.204
vn 0.023 0.972 0.232
vn 0.553 0.833 -0.028
vn 0.639 0.703 -0.311
vn 0.060 0.975 -0.212
vn -0.022 0.998 -0.059
vn 0.109 0.964 0.244
vn -0.079 0.994 -0.071
vn -0.054 0.988 -0.143
vn -0.007 0.997 -0.079
vn -0.136 0.960 -0.243
vn -0.193 0.975 -0.109
vn -0.100 0.980 -0.172
vn -0.019 0.999 -0.042
vn -0.005 1.000 0.013
vn 0.155 0.988 0.023
vn 0.039 0.996 0.086
vn -0.442 0.897 0.015
vn -0.187 0.964 0.187
vn 0.207 0.949 -0.237
vn 0.012 1.000 -0.009
vn 0.012 1.000 0.010
vn 0.068 0.997 -0.043
vn 0.113 0.959 -0.261
vn -0.254 0.967 -0.018
vn -0.171 0.960 -0.222
vn 0.664 0.568 -0.486
vn 0.033 0.935 -0.352
vn -0.400 0.844 0.358
vn -0.563 0.794 0.231
vn -0.575 0.812 0.101
vn 0.440 0.873 -0.208
vn 0.569 0.778 -0.265
vn -0.017 0.922 -0.387
vn 0.043 0.992 -0.119
vn 0.282 0.946 -0.157
vn 0.593 0.804 -0.052
vt 0.000000 0.000000
vt 0.000000 0.031250
vt 0.031250 0.000000
vt 0.031250 0.031250
vt 0.062500 0.000000
vt 0.062500 0.031250
vt 0.093750 0.000000
vt 0.093750 0.031250
vt 0.125000 0.000000
vt 0.125000 0.031250
vt 0.156250 0.000000
vt 0.156250 0.031250
vt 0.187500 0.000000
vt 0.187500 0.031250
vt 0.218750 0.000000
vt 0.218750 0.031250
vt 0.250000 0.000000
vt 0.250000 0.031250
vt 0.265625 0.015625
vt 0.265625 0.000000
vt 0.273438 0.007813
vt 0.281250 0.000000
vt 0.281250 0.031250
vt 0.281250 0.015625
vt 0.281250 0.007813
vt 0.289063 0.015625
vt 0.289063 0.007813
vt 0.285156 0.011719
vt 0.296875 0.015625
vt 0.289063 0.023438
vt 0.312500 0.000000
vt 0.296875 0.000000
vt 0.312500 0.031250
vt 0.296875 0.031250
vt 0.343750 0.000000
vt 0.343750 0.031250
vt 0.375000 0.000000
vt 0.375000 0.031250
vt 0.390625 0.015625
vt 0.406250 0.000000
vt 0.406250 0.015625
vt 0.398438 0.023438
vt 0.406250 0.031250
vt 0.390625 0.031250
vt 0.421875 0.015625
vt 0.437500 0.000000
vt 0.437500 0.031250
vt 0.468750 0.000000
vt 0.468750 0.031250
vt 0.500000 0.000000
vt 0.500000 0.031250
vt 0.531250 0.000000
vt 0.531250 0.031250
vt 0.546875 0.015625
vt 0.562500 0.000000
vt 0.562500 0.031250
vt 0.562500 0.015625
vt 0.578125 0.015625
vt 0.570313 0.007813
vt 0.570313 0.023438
vt 0.593750 0.000000
vt 0.578125 0.000000
vt 0.570313 0.000000
vt 0.593750 0.031250
vt 0.578125 0.031250
vt 0.570313 0.031250
vt 0.625000 0.000000
vt 0.625000 0.031250
vt 0.656250 0.000000
vt 0.656250 0.031250
vt 0.687500 0.000000
vt 0.687500 0.031250
vt 0.718750 0.000000
vt 0.718750 0.031250
vt 0.750000 0.000000
vt 0.750000 0.031250
vt 0.781250 0.000000
vt 0.781250 0.031250
vt 0.812500 0.000000
vt 0.812500 0.031250
vt 0.843750 0.000000
vt 0.843750 0.031250
vt 0.859375 0.015625
vt 0.875000 0.000000
vt 0.875000 0.031250
vt 0.875000 0.015625
vt 0.890625 0.015625
vt 0.882813 0.007813
vt 0.906250 0.000000
vt 0.890625 0.000000
vt 0.906250 0.031250
vt 0.890625 0.031250
vt 0.937500 0.000000
vt 0.937500 0.031250
vt 0.968750 0.000000
vt 0.968750 0.031250
vt 0.984375 0.015625
vt 1.000000 0.000000
vt 1.000000 0.031250
vt 0.984375 0.031250
vt 0.000000 0.062500
vt 0.031250 0.062500
vt 0.062500 0.062500
vt 0.093750 0.062500
vt 0.125000 0.062500
vt 0.156250 0.062500
vt 0.187500 0.062500
vt 0.218750 0.062500
vt 0.234375 0.046875
vt 0.250000 0.062500
vt 0.281250 0.062500
vt 0.296875 0.046875
vt 0.312500 0.062500
vt 0.296875 0.062500
vt 0.328125 0.046875
vt 0.343750 0.062500
vt 0.328125 0.062500
vt 0.375000 0.062500
vt 0.390625 0.046875
vt 0.398438 0.039063
vt 0.406250 0.062500
vt 0.406250 0.046875
vt 0.421875 0.046875
vt 0.437500 0.062500
vt 0.468750 0.062500
vt 0.500000 0.062500
vt 0.531250 0.062500
vt 0.546875 0.046875
vt 0.562500 0.062500
vt 0.562500 0.046875
vt 0.570313 0.039063
vt 0.570313 0.046875
vt 0.578125 0.046875
vt 0.570313 0.054688
vt 0.574219 0.050781
vt 0.593750 0.046875
vt 0.585938 0.054688
vt 0.593750 0.062500
vt 0.578125 0.062500
vt 0.578125 0.054688
vt 0.609375 0.046875
vt 0.625000 0.062500
vt 0.656250 0.062500
vt 0.687500 0.062500
vt 0.718750 0.062500
vt 0.750000 0.062500
vt 0.781250 0.062500
vt 0.812500 0.062500
vt 0.828125 0.046875
vt 0.843750 0.062500
vt 0.843750 0.046875
vt 0.859375 0.046875
vt 0.875000 0.062500
vt 0.890625 0.046875
vt 0.906250 0.062500
vt 0.937500 0.062500
vt 0.953125 0.046875
vt 0.968750 0.062500
vt 0.968750 0.046875
vt 0.984375 0.046875
vt 0.976562 0.039063
vt 1.000000 0.062500
vt 0.000000 0.093750
vt 0.031250 0.093750
vt 0.046875 0.078125
vt 0.062500 0.093750
vt 0.062500 0.078125
vt 0.078125 0.078125
vt 0.093750 0.093750
vt 0.125000 0.093750
vt 0.156250 0.093750
vt 0.187500 0.093750
vt 0.203125 0.078125
vt 0.218750 0.078125
vt 0.210937 0.085938
vt 0.218750 0.093750
vt 0.203125 0.093750
vt 0.234375 0.078125
vt 0.250000 0.093750
vt 0.265625 0.078125
vt 0.281250 0.093750
vt 0.281250 0.078125
vt 0.296875 0.078125
vt 0.289063 0.070313
vt 0.304688 0.070313
vt 0.296875 0.070313
vt 0.300781 0.074219
vt 0.304688 0.085938
vt 0.312500 0.078125
vt 0.304688 0.078125
vt 0.312500 0.093750
vt 0.312500 0.070313
vt 0.308594 0.074219
vt 0.304688 0.074219
vt 0.296875 0.093750
vt 0.328125 0.078125
vt 0.320313 0.070313
vt 0.320313 0.085938
vt 0.343750 0.078125
vt 0.335938 0.085938
vt 0.343750 0.093750
vt 0.328125 0.093750
vt 0.328125 0.085938
vt 0.359375 0.078125
vt 0.375000 0.093750
vt 0.375000 0.078125
vt 0.390625 0.078125
vt 0.406250 0.093750
vt 0.437500 0.093750
vt 0.468750 0.093750
vt 0.500000 0.093750
vt 0.531250 0.093750
vt 0.562500 0.093750
vt 0.578125 0.078125
vt 0.585938 0.070313
vt 0.593750 0.093750
vt 0.593750 0.078125
vt 0.609375 0.078125
vt 0.625000 0.093750
vt 0.656250 0.093750
vt 0.687500 0.093750
vt 0.718750 0.093750
vt 0.750000 0.093750
vt 0.781250 0.093750
vt 0.812500 0.093750
vt 0.828125 0.078125
vt 0.843750 0.093750
vt 0.828125 0.093750
vt 0.875000 0.093750
vt 0.906250 0.093750
vt 0.937500 0.093750
vt 0.968750 0.093750
vt 1.000000 0.093750
vt 0.000000 0.125000
vt 0.031250 0.125000
vt 0.062500 0.125000
vt 0.093750 0.125000
vt 0.125000 0.125000
vt 0.156250 0.125000
vt 0.171875 0.109375
vt 0.187500 0.125000
vt 0.171875 0.125000
vt 0.203125 0.109375
vt 0.218750 0.125000
vt 0.250000 0.125000
vt 0.281250 0.125000
vt 0.296875 0.109375
vt 0.312500 0.125000
vt 0.328125 0.109375
vt 0.343750 0.125000
vt 0.375000 0.125000
vt 0.406250 0.125000
vt 0.437500 0.125000
vt 0.468750 0.125000
vt 0.500000 0.125000
vt 0.531250 0.125000
vt 0.562500 0.125000
vt 0.593750 0.125000
vt 0.625000 0.125000
vt 0.656250 0.125000
vt 0.687500 0.125000
vt 0.703125 0.109375
vt 0.718750 0.125000
vt 0.703125 0.125000
vt 0.734375 0.109375
vt 0.750000 0.125000
vt 0.734375 0.125000
vt 0.781250 0.125000
vt 0.796875 0.109375
vt 0.812500 0.125000
vt 0.796875 0.125000
vt 0.828125 0.109375
vt 0.843750 0.125000
vt 0.859375 0.109375
vt 0.875000 0.109375
vt 0.867188 0.117188
vt 0.875000 0.117188
vt 0.871094 0.121094
vt 0.875000 0.125000
vt 0.859375 0.125000
vt 0.867188 0.125000
vt 0.890625 0.109375
vt 0.882813 0.117188
vt 0.906250 0.125000
vt 0.890625 0.125000
vt 0.937500 0.125000
vt 0.968750 0.125000
vt 1.000000 0.125000
vt 0.000000 0.156250
vt 0.031250 0.156250
vt 0.062500 0.156250
vt 0.093750 0.156250
vt 0.125000 0.156250
vt 0.140625 0.140625
vt 0.156250 0.156250
vt 0.156250 0.140625
vt 0.140625 0.156250
vt 0.171875 0.140625
vt 0.164063 0.132813
vt 0.187500 0.156250
vt 0.218750 0.156250
vt 0.234375 0.140625
vt 0.250000 0.156250
vt 0.234375 0.156250
vt 0.281250 0.156250
vt 0.312500 0.156250
vt 0.343750 0.156250
vt 0.375000 0.156250
vt 0.406250 0.156250
vt 0.437500 0.156250
vt 0.468750 0.156250
vt 0.500000 0.156250
vt 0.531250 0.156250
vt 0.546875 0.140625
vt 0.562500 0.156250
vt 0.546875 0.156250
vt 0.593750 0.156250
vt 0.625000 0.156250
vt 0.656250 0.156250
vt 0.671875 0.140625
vt 0.687500 0.156250
vt 0.687500 0.140625
vt 0.703125 0.140625
vt 0.695313 0.132813
vt 0.710938 0.132813
vt 0.703125 0.132813
vt 0.718750 0.156250
vt 0.718750 0.140625
vt 0.726562 0.132813
vt 0.726562 0.140625
vt 0.734375 0.140625
vt 0.726562 0.148437
vt 0.730469 0.144531
vt 0.750000 0.140625
vt 0.742188 0.148437
vt 0.750000 0.156250
vt 0.734375 0.156250
vt 0.734375 0.148437
vt 0.765625 0.140625
vt 0.781250 0.156250
vt 0.796875 0.140625
vt 0.812500 0.156250
vt 0.812500 0.140625
vt 0.828125 0.140625
vt 0.820313 0.148437
vt 0.843750 0.156250
vt 0.828125 0.156250
vt 0.820313 0.156250
vt 0.859375 0.140625
vt 0.867188 0.132813
vt 0.875000 0.156250
vt 0.875000 0.140625
vt 0.890625 0.140625
vt 0.906250 0.156250
vt 0.937500 0.156250
vt 0.968750 0.156250
vt 1.000000 0.156250
vt 0.000000 0.187500
vt 0.031250 0.187500
vt 0.062500 0.187500
vt 0.093750 0.187500
vt 0.125000 0.187500
vt 0.140625 0.171875
vt 0.148437 0.164063
vt 0.148437 0.179687
vt 0.156250 0.171875
vt 0.148437 0.171875
vt 0.156250 0.187500
vt 0.140625 0.187500
vt 0.171875 0.171875
vt 0.164063 0.179687
vt 0.187500 0.187500
vt 0.171875 0.187500
vt 0.203125 0.171875
vt 0.218750 0.187500
vt 0.218750 0.171875
vt 0.203125 0.187500
vt 0.226563 0.164063
vt 0.226563 0.171875
vt 0.234375 0.171875
vt 0.226563 0.179687
vt 0.250000 0.187500
vt 0.234375 0.187500
vt 0.265625 0.171875
vt 0.281250 0.187500
vt 0.281250 0.171875
vt 0.296875 0.171875
vt 0.289063 0.179687
vt 0.312500 0.171875
vt 0.304688 0.179687
vt 0.312500 0.187500
vt 0.296875 0.187500
vt 0.296875 0.179687
vt 0.328125 0.171875
vt 0.343750 0.187500
vt 0.375000 0.187500
vt 0.390625 0.171875
vt 0.406250 0.171875
vt 0.398438 0.179687
vt 0.406250 0.187500
vt 0.390625 0.187500
vt 0.421875 0.171875
vt 0.437500 0.187500
vt 0.421875 0.187500
vt 0.468750 0.187500
vt 0.500000 0.187500
vt 0.531250 0.187500
vt 0.546875 0.171875
vt 0.562500 0.187500
vt 0.562500 0.171875
vt 0.546875 0.187500
vt 0.578125 0.171875
vt 0.593750 0.187500
vt 0.578125 0.187500
vt 0.625000 0.187500
vt 0.656250 0.187500
vt 0.687500 0.187500
vt 0.718750 0.187500
vt 0.734375 0.171875
vt 0.750000 0.187500
vt 0.781250 0.187500
vt 0.796875 0.171875
vt 0.812500 0.187500
vt 0.812500 0.171875
vt 0.828125 0.171875
vt 0.820313 0.164063
vt 0.835938 0.164063
vt 0.828125 0.164063
vt 0.824219 0.160156
vt 0.843750 0.187500
vt 0.843750 0.171875
vt 0.859375 0.171875
vt 0.875000 0.187500
vt 0.906250 0.187500
vt 0.921875 0.171875
vt 0.937500 0.187500
vt 0.937500 0.171875
vt 0.953125 0.171875
vt 0.968750 0.187500
vt 1.000000 0.187500
vt 0.000000 0.218750
vt 0.031250 0.218750
vt 0.062500 0.218750
vt 0.078125 0.203125
vt 0.093750 0.218750
vt 0.125000 0.218750
vt 0.140625 0.203125
vt 0.156250 0.218750
vt 0.156250 0.203125
vt 0.171875 0.203125
vt 0.164063 0.195313
vt 0.187500 0.218750
vt 0.187500 0.203125
vt 0.203125 0.203125
vt 0.195313 0.210937
vt 0.210937 0.195313
vt 0.210937 0.210937
vt 0.218750 0.203125
vt 0.210937 0.203125
vt 0.207031 0.207031
vt 0.218750 0.218750
vt 0.203125 0.218750
vt 0.203125 0.210937
vt 0.234375 0.203125
vt 0.250000 0.218750
vt 0.281250 0.218750
vt 0.296875 0.203125
vt 0.312500 0.218750
vt 0.343750 0.218750
vt 0.375000 0.218750
vt 0.390625 0.203125
vt 0.406250 0.218750
vt 0.421875 0.203125
vt 0.429688 0.195313
vt 0.437500 0.218750
vt 0.437500 0.203125
vt 0.453125 0.203125
vt 0.468750 0.203125
vt 0.460938 0.210937
vt 0.468750 0.218750
vt 0.453125 0.218750
vt 0.460938 0.218750
vt 0.484375 0.203125
vt 0.500000 0.218750
vt 0.531250 0.218750
vt 0.546875 0.203125
vt 0.554687 0.195313
vt 0.562500 0.218750
vt 0.562500 0.203125
vt 0.578125 0.203125
vt 0.585938 0.195313
vt 0.585938 0.210937
vt 0.593750 0.203125
vt 0.585938 0.203125
vt 0.593750 0.218750
vt 0.578125 0.218750
vt 0.609375 0.203125
vt 0.625000 0.218750
vt 0.609375 0.218750
vt 0.656250 0.218750
vt 0.687500 0.218750
vt 0.718750 0.218750
vt 0.750000 0.218750
vt 0.781250 0.218750
vt 0.812500 0.218750
vt 0.828125 0.203125
vt 0.843750 0.218750
vt 0.828125 0.218750
vt 0.875000 0.218750
vt 0.906250 0.218750
vt 0.937500 0.218750
vt 0.968750 0.218750
vt 1.000000 0.218750
vt 0.000000 0.250000
vt 0.031250 0.250000
vt 0.062500 0.250000
vt 0.093750 0.250000
vt 0.125000 0.250000
vt 0.140625 0.234375
vt 0.156250 0.250000
vt 0.140625 0.250000
vt 0.187500 0.250000
vt 0.203125 0.234375
vt 0.218750 0.250000
vt 0.250000 0.250000
vt 0.281250 0.250000
vt 0.312500 0.250000
vt 0.343750 0.250000
vt 0.375000 0.250000
vt 0.406250 0.250000
vt 0.437500 0.250000
vt 0.453125 0.234375
vt 0.460938 0.226563
vt 0.468750 0.250000
vt 0.468750 0.234375
vt 0.484375 0.234375
vt 0.500000 0.250000
vt 0.500000 0.234375
vt 0.515625 0.234375
vt 0.531250 0.250000
vt 0.515625 0.250000
vt 0.546875 0.234375
vt 0.562500 0.234375
vt 0.554687 0.242187
vt 0.562500 0.250000
vt 0.546875 0.250000
vt 0.554687 0.250000
vt 0.578125 0.234375
vt 0.593750 0.250000
vt 0.578125 0.250000
vt 0.609375 0.234375
vt 0.617188 0.226563
vt 0.617188 0.242187
vt 0.625000 0.234375
vt 0.617188 0.234375
vt 0.625000 0.250000
vt 0.609375 0.250000
vt 0.640625 0.234375
vt 0.656250 0.250000
vt 0.687500 0.250000
vt 0.718750 0.250000
vt 0.750000 0.250000
vt 0.781250 0.250000
vt 0.796875 0.234375
vt 0.812500 0.250000
vt 0.812500 0.234375
vt 0.828125 0.234375
vt 0.820313 0.226563
vt 0.843750 0.250000
vt 0.843750 0.234375
vt 0.859375 0.234375
vt 0.851562 0.242187
vt 0.875000 0.250000
vt 0.859375 0.250000
vt 0.906250 0.250000
vt 0.937500 0.250000
vt 0.953125 0.234375
vt 0.968750 0.250000
vt 1.000000 0.250000
vt 0.000000 0.281250
vt 0.031250 0.281250
vt 0.062500 0.281250
vt 0.078125 0.265625
vt 0.093750 0.281250
vt 0.109375 0.265625
vt 0.125000 0.281250
vt 0.125000 0.265625
vt 0.109375 0.281250
vt 0.140625 0.265625
vt 0.132813 0.257813
vt 0.156250 0.281250
vt 0.140625 0.281250
vt 0.187500 0.281250
vt 0.203125 0.265625
vt 0.218750 0.281250
vt 0.203125 0.281250
vt 0.250000 0.281250
vt 0.281250 0.281250
vt 0.312500 0.281250
vt 0.343750 0.281250
vt 0.375000 0.281250
vt 0.406250 0.281250
vt 0.437500 0.281250
vt 0.468750 0.281250
vt 0.500000 0.281250
vt 0.515625 0.265625
vt 0.523438 0.257813
vt 0.523438 0.265625
vt 0.523438 0.273438
vt 0.527344 0.269531
vt 0.531250 0.265625
vt 0.531250 0.281250
vt 0.531250 0.273438
vt 0.515625 0.281250
vt 0.546875 0.265625
vt 0.539063 0.273438
vt 0.554687 0.257813
vt 0.562500 0.281250
vt 0.562500 0.265625
vt 0.562500 0.257813
vt 0.546875 0.281250
vt 0.570313 0.265625
vt 0.570313 0.257813
vt 0.566406 0.261719
vt 0.578125 0.265625
vt 0.570313 0.273438
vt 0.593750 0.281250
vt 0.578125 0.281250
vt 0.609375 0.265625
vt 0.617188 0.257813
vt 0.625000 0.281250
vt 0.625000 0.265625
vt 0.609375 0.281250
vt 0.640625 0.265625
vt 0.656250 0.281250
vt 0.640625 0.281250
vt 0.687500 0.281250
vt 0.718750 0.281250
vt 0.750000 0.281250
vt 0.781250 0.281250
vt 0.812500 0.281250
vt 0.843750 0.281250
vt 0.859375 0.265625
vt 0.875000 0.265625
vt 0.867188 0.273438
vt 0.875000 0.281250
vt 0.859375 0.281250
vt 0.867188 0.281250
vt 0.890625 0.265625
vt 0.906250 0.281250
vt 0.937500 0.281250
vt 0.953125 0.265625
vt 0.968750 0.265625
vt 0.960938 0.273438
vt 0.968750 0.281250
vt 0.968750 0.273438
vt 0.953125 0.281250
vt 0.984375 0.265625
vt 0.976562 0.273438
vt 1.000000 0.281250
vt 0.984375 0.281250
vt 0.000000 0.312500
vt 0.031250 0.312500
vt 0.062500 0.312500
vt 0.093750 0.312500
vt 0.109375 0.296875
vt 0.117187 0.289063
vt 0.117187 0.304688
vt 0.125000 0.296875
vt 0.117187 0.296875
vt 0.125000 0.312500
vt 0.125000 0.289063
vt 0.121094 0.292969
vt 0.109375 0.312500
vt 0.140625 0.296875
vt 0.132813 0.289063
vt 0.156250 0.312500
vt 0.187500 0.312500
vt 0.203125 0.296875
vt 0.218750 0.296875
vt 0.210937 0.304688
vt 0.218750 0.312500
vt 0.203125 0.312500
vt 0.234375 0.296875
vt 0.250000 0.312500
vt 0.281250 0.312500
vt 0.312500 0.312500
vt 0.343750 0.312500
vt 0.375000 0.312500
vt 0.406250 0.312500
vt 0.437500 0.312500
vt 0.468750 0.312500
vt 0.484375 0.296875
vt 0.500000 0.312500
vt 0.515625 0.296875
vt 0.531250 0.312500
vt 0.546875 0.296875
vt 0.554687 0.289063
vt 0.562500 0.312500
vt 0.562500 0.296875
vt 0.546875 0.312500
vt 0.578125 0.296875
vt 0.593750 0.312500
vt 0.593750 0.296875
vt 0.609375 0.296875
vt 0.601562 0.304688
vt 0.617188 0.289063
vt 0.625000 0.312500
vt 0.625000 0.296875
vt 0.625000 0.289063
vt 0.609375 0.312500
vt 0.601562 0.312500
vt 0.640625 0.296875
vt 0.632813 0.289063
vt 0.648438 0.289063
vt 0.656250 0.312500
vt 0.656250 0.296875
vt 0.671875 0.296875
vt 0.664063 0.304688
vt 0.687500 0.312500
vt 0.671875 0.312500
vt 0.664063 0.312500
vt 0.718750 0.312500
vt 0.750000 0.312500
vt 0.781250 0.312500
vt 0.812500 0.312500
vt 0.828125 0.296875
vt 0.843750 0.296875
vt 0.835938 0.304688
vt 0.843750 0.312500
vt 0.843750 0.304688
vt 0.828125 0.312500
vt 0.859375 0.296875
vt 0.851562 0.304688
vt 0.867188 0.289063
vt 0.875000 0.296875
vt 0.867188 0.304688
vt 0.875000 0.312500
vt 0.859375 0.312500
vt 0.890625 0.296875
vt 0.906250 0.312500
vt 0.937500 0.312500
vt 0.953125 0.296875
vt 0.968750 0.312500
vt 0.984375 0.296875
vt 1.000000 0.312500
vt 0.000000 0.343750
vt 0.031250 0.343750
vt 0.062500 0.343750
vt 0.093750 0.343750
vt 0.109375 0.328125
vt 0.125000 0.343750
vt 0.109375 0.343750
vt 0.156250 0.343750
vt 0.187500 0.343750
vt 0.203125 0.328125
vt 0.218750 0.343750
vt 0.250000 0.343750
vt 0.281250 0.343750
vt 0.312500 0.343750
vt 0.343750 0.343750
vt 0.359375 0.328125
vt 0.375000 0.343750
vt 0.406250 0.343750
vt 0.437500 0.343750
vt 0.468750 0.343750
vt 0.500000 0.343750
vt 0.531250 0.343750
vt 0.546875 0.328125
vt 0.554687 0.320313
vt 0.562500 0.343750
vt 0.562500 0.328125
vt 0.546875 0.343750
vt 0.578125 0.328125
vt 0.570313 0.335938
vt 0.593750 0.343750
vt 0.593750 0.328125
vt 0.578125 0.343750
vt 0.609375 0.328125
vt 0.601562 0.320313
vt 0.625000 0.343750
vt 0.640625 0.328125
vt 0.656250 0.343750
vt 0.656250 0.328125
vt 0.671875 0.328125
vt 0.664063 0.320313
vt 0.687500 0.343750
vt 0.718750 0.343750
vt 0.750000 0.343750
vt 0.781250 0.343750
vt 0.812500 0.343750
vt 0.828125 0.328125
vt 0.843750 0.328125
vt 0.835938 0.335938
vt 0.843750 0.343750
vt 0.828125 0.343750
vt 0.859375 0.328125
vt 0.875000 0.343750
vt 0.906250 0.343750
vt 0.937500 0.343750
vt 0.968750 0.343750
vt 1.000000 0.343750
vt 0.000000 0.375000
vt 0.031250 0.375000
vt 0.062500 0.375000
vt 0.078125 0.359375
vt 0.093750 0.375000
vt 0.093750 0.359375
vt 0.109375 0.359375
vt 0.101563 0.351563
vt 0.117187 0.351563
vt 0.117187 0.367188
vt 0.125000 0.359375
vt 0.117187 0.359375
vt 0.125000 0.375000
vt 0.109375 0.375000
vt 0.140625 0.359375
vt 0.156250 0.375000
vt 0.140625 0.375000
vt 0.171875 0.359375
vt 0.187500 0.375000
vt 0.171875 0.375000
vt 0.218750 0.375000
vt 0.250000 0.375000
vt 0.281250 0.375000
vt 0.312500 0.375000
vt 0.343750 0.375000
vt 0.375000 0.375000
vt 0.406250 0.375000
vt 0.437500 0.375000
vt 0.468750 0.375000
vt 0.500000 0.375000
vt 0.531250 0.375000
vt 0.546875 0.359375
vt 0.554687 0.351563
vt 0.562500 0.359375
vt 0.554687 0.367188
vt 0.562500 0.375000
vt 0.562500 0.367188
vt 0.562500 0.351563
vt 0.546875 0.375000
vt 0.570313 0.359375
vt 0.570313 0.351563
vt 0.566406 0.355469
vt 0.578125 0.359375
vt 0.570313 0.367188
vt 0.566406 0.363281
vt 0.593750 0.375000
vt 0.578125 0.375000
vt 0.570313 0.375000
vt 0.609375 0.359375
vt 0.625000 0.375000
vt 0.625000 0.359375
vt 0.640625 0.359375
vt 0.632813 0.367188
vt 0.656250 0.359375
vt 0.648438 0.367188
vt 0.656250 0.375000
vt 0.640625 0.375000
vt 0.671875 0.359375
vt 0.687500 0.375000
vt 0.718750 0.375000
vt 0.750000 0.375000
vt 0.781250 0.375000
vt 0.796875 0.359375
vt 0.812500 0.375000
vt 0.812500 0.359375
vt 0.796875 0.375000
vt 0.828125 0.359375
vt 0.820313 0.351563
vt 0.843750 0.375000
vt 0.875000 0.375000
vt 0.906250 0.375000
vt 0.937500 0.375000
vt 0.968750 0.375000
vt 1.000000 0.375000
vt 0.000000 0.406250
vt 0.031250 0.406250
vt 0.062500 0.406250
vt 0.093750 0.406250
vt 0.109375 0.390625
vt 0.117187 0.382813
vt 0.125000 0.406250
vt 0.125000 0.390625
vt 0.125000 0.382813
vt 0.140625 0.390625
vt 0.132813 0.382813
vt 0.132813 0.398438
vt 0.156250 0.406250
vt 0.140625 0.406250
vt 0.171875 0.390625
vt 0.179687 0.382813
vt 0.187500 0.406250
vt 0.187500 0.390625
vt 0.203125 0.390625
vt 0.218750 0.406250
vt 0.218750 0.390625
vt 0.203125 0.406250
vt 0.234375 0.390625
vt 0.250000 0.406250
vt 0.234375 0.406250
vt 0.281250 0.406250
vt 0.312500 0.406250
vt 0.343750 0.406250
vt 0.375000 0.406250
vt 0.406250 0.406250
vt 0.437500 0.406250
vt 0.468750 0.406250
vt 0.500000 0.406250
vt 0.515625 0.390625
vt 0.531250 0.390625
vt 0.523438 0.398438
vt 0.531250 0.406250
vt 0.515625 0.406250
vt 0.546875 0.390625
vt 0.562500 0.406250
vt 0.562500 0.390625
vt 0.570313 0.382813
vt 0.570313 0.390625
vt 0.578125 0.390625
vt 0.570313 0.398438
vt 0.593750 0.406250
vt 0.578125 0.406250
vt 0.570313 0.406250
vt 0.625000 0.406250
vt 0.640625 0.390625
vt 0.656250 0.406250
vt 0.687500 0.406250
vt 0.718750 0.406250
vt 0.750000 0.406250
vt 0.781250 0.406250
vt 0.796875 0.390625
vt 0.812500 0.406250
vt 0.843750 0.406250
vt 0.875000 0.406250
vt 0.906250 0.406250
vt 0.937500 0.406250
vt 0.968750 0.406250
vt 1.000000 0.406250
vt 0.000000 0.437500
vt 0.031250 0.437500
vt 0.062500 0.437500
vt 0.093750 0.437500
vt 0.125000 0.437500
vt 0.140625 0.421875
vt 0.148437 0.414063
vt 0.156250 0.437500
vt 0.156250 0.421875
vt 0.171875 0.421875
vt 0.187500 0.437500
vt 0.203125 0.421875
vt 0.210937 0.414063
vt 0.210937 0.429688
vt 0.218750 0.421875
vt 0.210937 0.421875
vt 0.218750 0.437500
vt 0.203125 0.437500
vt 0.234375 0.421875
vt 0.250000 0.437500
vt 0.234375 0.437500
vt 0.281250 0.437500
vt 0.312500 0.437500
vt 0.343750 0.437500
vt 0.375000 0.437500
vt 0.406250 0.437500
vt 0.437500 0.437500
vt 0.468750 0.437500
vt 0.500000 0.437500
vt 0.515625 0.421875
vt 0.531250 0.437500
vt 0.546875 0.421875
vt 0.562500 0.437500
vt 0.562500 0.421875
vt 0.578125 0.421875
vt 0.570313 0.414063
vt 0.585938 0.414063
vt 0.578125 0.414063
vt 0.574219 0.410156
vt 0.593750 0.437500
vt 0.593750 0.421875
vt 0.609375 0.421875
vt 0.625000 0.437500
vt 0.656250 0.437500
vt 0.687500 0.437500
vt 0.718750 0.437500
vt 0.734375 0.421875
vt 0.750000 0.437500
vt 0.750000 0.421875
vt 0.765625 0.421875
vt 0.781250 0.437500
vt 0.781250 0.421875
vt 0.796875 0.421875
vt 0.812500 0.437500
vt 0.796875 0.437500
vt 0.828125 0.421875
vt 0.843750 0.437500
vt 0.828125 0.437500
vt 0.859375 0.421875
vt 0.875000 0.437500
vt 0.875000 0.421875
vt 0.859375 0.437500
vt 0.890625 0.421875
vt 0.906250 0.437500
vt 0.937500 0.437500
vt 0.968750 0.437500
vt 1.000000 0.437500
vt 0.000000 0.468750
vt 0.031250 0.468750
vt 0.062500 0.468750
vt 0.093750 0.468750
vt 0.125000 0.468750
vt 0.156250 0.468750
vt 0.171875 0.453125
vt 0.187500 0.468750
vt 0.171875 0.468750
vt 0.203125 0.453125
vt 0.210937 0.445313
vt 0.218750 0.468750
vt 0.218750 0.453125
vt 0.218750 0.445313
vt 0.234375 0.453125
vt 0.226563 0.445313
vt 0.250000 0.468750
vt 0.265625 0.453125
vt 0.281250 0.468750
vt 0.312500 0.468750
vt 0.343750 0.468750
vt 0.375000 0.468750
vt 0.406250 0.468750
vt 0.437500 0.468750
vt 0.468750 0.468750
vt 0.500000 0.468750
vt 0.531250 0.468750
vt 0.562500 0.468750
vt 0.578125 0.453125
vt 0.593750 0.468750
vt 0.578125 0.468750
vt 0.609375 0.453125
vt 0.625000 0.468750
vt 0.609375 0.468750
vt 0.656250 0.468750
vt 0.687500 0.468750
vt 0.718750 0.468750
vt 0.734375 0.453125
vt 0.750000 0.468750
vt 0.750000 0.453125
vt 0.765625 0.453125
vt 0.757813 0.460938
vt 0.781250 0.468750
vt 0.765625 0.468750
vt 0.796875 0.453125
vt 0.804687 0.445313
vt 0.812500 0.468750
vt 0.812500 0.453125
vt 0.812500 0.445313
vt 0.828125 0.453125
vt 0.820313 0.445313
vt 0.835938 0.445313
vt 0.843750 0.468750
vt 0.843750 0.453125
vt 0.843750 0.445313
vt 0.859375 0.453125
vt 0.851562 0.445313
vt 0.875000 0.468750
vt 0.906250 0.468750
vt 0.937500 0.468750
vt 0.968750 0.468750
vt 1.000000 0.468750
vt 0.000000 0.500000
vt 0.000000 0.484375
vt 0.015625 0.484375
vt 0.007813 0.492188
vt 0.031250 0.500000
vt 0.015625 0.500000
vt 0.062500 0.500000
vt 0.093750 0.500000
vt 0.125000 0.500000
vt 0.156250 0.500000
vt 0.171875 0.484375
vt 0.187500 0.500000
vt 0.187500 0.484375
vt 0.203125 0.484375
vt 0.195313 0.492188
vt 0.218750 0.500000
vt 0.203125 0.500000
vt 0.195313 0.500000
vt 0.234375 0.484375
vt 0.250000 0.484375
vt 0.242187 0.492188
vt 0.250000 0.500000
vt 0.250000 0.492188
vt 0.234375 0.500000
vt 0.265625 0.484375
vt 0.257813 0.492188
vt 0.281250 0.500000
vt 0.265625 0.500000
vt 0.312500 0.500000
vt 0.328125 0.484375
vt 0.343750 0.500000
vt 0.328125 0.500000
vt 0.375000 0.500000
vt 0.406250 0.500000
vt 0.437500 0.500000
vt 0.468750 0.500000
vt 0.500000 0.500000
vt 0.531250 0.500000
vt 0.546875 0.484375
vt 0.562500 0.484375
vt 0.554687 0.492188
vt 0.562500 0.500000
vt 0.562500 0.492188
vt 0.546875 0.500000
vt 0.578125 0.484375
vt 0.570313 0.476563
vt 0.570313 0.492188
vt 0.585938 0.476563
vt 0.585938 0.492188
vt 0.593750 0.484375
vt 0.585938 0.484375
vt 0.593750 0.500000
vt 0.593750 0.476563
vt 0.589844 0.480469
vt 0.578125 0.500000
vt 0.609375 0.484375
vt 0.601562 0.476563
vt 0.625000 0.500000
vt 0.656250 0.500000
vt 0.687500 0.500000
vt 0.718750 0.500000
vt 0.750000 0.500000
vt 0.765625 0.484375
vt 0.781250 0.500000
vt 0.796875 0.484375
vt 0.812500 0.500000
vt 0.828125 0.484375
vt 0.843750 0.500000
vt 0.828125 0.500000
vt 0.859375 0.484375
vt 0.875000 0.500000
vt 0.859375 0.500000
vt 0.906250 0.500000
vt 0.937500 0.500000
vt 0.968750 0.500000
vt 1.000000 0.500000
vt 0.000000 0.531250
vt 0.015625 0.515625
vt 0.031250 0.531250
vt 0.062500 0.531250
vt 0.093750 0.531250
vt 0.109375 0.515625
vt 0.125000 0.531250
vt 0.109375 0.531250
vt 0.156250 0.531250
vt 0.171875 0.515625
vt 0.187500 0.531250
vt 0.187500 0.515625
vt 0.203125 0.515625
vt 0.195313 0.507813
vt 0.195313 0.523438
vt 0.218750 0.515625
vt 0.210937 0.523438
vt 0.218750 0.531250
vt 0.203125 0.531250
vt 0.203125 0.523438
vt 0.210937 0.531250
vt 0.207031 0.527344
vt 0.234375 0.515625
vt 0.250000 0.531250
vt 0.265625 0.515625
vt 0.281250 0.531250
vt 0.296875 0.515625
vt 0.312500 0.531250
vt 0.296875 0.531250
vt 0.328125 0.515625
vt 0.335938 0.507813
vt 0.343750 0.531250
vt 0.343750 0.515625
vt 0.359375 0.515625
vt 0.375000 0.531250
vt 0.406250 0.531250
vt 0.437500 0.531250
vt 0.468750 0.531250
vt 0.500000 0.531250
vt 0.515625 0.515625
vt 0.531250 0.531250
vt 0.515625 0.531250
vt 0.546875 0.515625
vt 0.562500 0.531250
vt 0.578125 0.515625
vt 0.593750 0.531250
vt 0.625000 0.531250
vt 0.656250 0.531250
vt 0.687500 0.531250
vt 0.718750 0.531250
vt 0.734375 0.515625
vt 0.750000 0.531250
vt 0.750000 0.515625
vt 0.734375 0.531250
vt 0.765625 0.515625
vt 0.781250 0.531250
vt 0.812500 0.531250
vt 0.828125 0.515625
vt 0.835938 0.507813
vt 0.843750 0.531250
vt 0.843750 0.515625
vt 0.843750 0.507813
vt 0.859375 0.515625
vt 0.851562 0.507813
vt 0.875000 0.531250
vt 0.906250 0.531250
vt 0.937500 0.531250
vt 0.968750 0.531250
vt 1.000000 0.531250
vt 0.000000 0.562500
vt 0.031250 0.562500
vt 0.062500 0.562500
vt 0.093750 0.562500
vt 0.109375 0.546875
vt 0.125000 0.562500
vt 0.156250 0.562500
vt 0.187500 0.562500
vt 0.203125 0.546875
vt 0.210937 0.539063
vt 0.218750 0.562500
vt 0.218750 0.546875
vt 0.234375 0.546875
vt 0.226563 0.554688
vt 0.250000 0.562500
vt 0.234375 0.562500
vt 0.265625 0.546875
vt 0.281250 0.562500
vt 0.281250 0.546875
vt 0.296875 0.546875
vt 0.289063 0.539063
vt 0.304688 0.539063
vt 0.296875 0.539063
vt 0.300781 0.542969
vt 0.304688 0.554688
vt 0.312500 0.546875
vt 0.304688 0.546875
vt 0.312500 0.562500
vt 0.296875 0.562500
vt 0.328125 0.546875
vt 0.343750 0.562500
vt 0.328125 0.562500
vt 0.359375 0.546875
vt 0.375000 0.562500
vt 0.359375 0.562500
vt 0.406250 0.562500
vt 0.437500 0.562500
vt 0.468750 0.562500
vt 0.484375 0.546875
vt 0.500000 0.562500
vt 0.500000 0.546875
vt 0.507813 0.539063
vt 0.507813 0.546875
vt 0.515625 0.546875
vt 0.507813 0.554688
vt 0.531250 0.562500
vt 0.515625 0.562500
vt 0.562500 0.562500
vt 0.593750 0.562500
vt 0.625000 0.562500
vt 0.656250 0.562500
vt 0.687500 0.562500
vt 0.718750 0.562500
vt 0.734375 0.546875
vt 0.742188 0.539063
vt 0.742188 0.554688
vt 0.750000 0.546875
vt 0.742188 0.546875
vt 0.750000 0.562500
vt 0.734375 0.562500
vt 0.765625 0.546875
vt 0.781250 0.562500
vt 0.812500 0.562500
vt 0.843750 0.562500
vt 0.875000 0.562500
vt 0.906250 0.562500
vt 0.937500 0.562500
vt 0.968750 0.562500
vt 1.000000 0.562500
vt 0.000000 0.593750
vt 0.031250 0.593750
vt 0.062500 0.593750
vt 0.093750 0.593750
vt 0.125000 0.593750
vt 0.156250 0.593750
vt 0.187500 0.593750
vt 0.203125 0.578125
vt 0.218750 0.593750
vt 0.218750 0.578125
vt 0.226563 0.570313
vt 0.226563 0.578125
vt 0.234375 0.578125
vt 0.226563 0.585938
vt 0.250000 0.593750
vt 0.234375 0.593750
vt 0.281250 0.593750
vt 0.296875 0.578125
vt 0.312500 0.593750
vt 0.328125 0.578125
vt 0.335938 0.570313
vt 0.343750 0.593750
vt 0.343750 0.578125
vt 0.343750 0.570313
vt 0.351563 0.578125
vt 0.351563 0.570313
vt 0.347656 0.574219
vt 0.359375 0.578125
vt 0.351563 0.585938
vt 0.375000 0.593750
vt 0.375000 0.578125
vt 0.359375 0.593750
vt 0.390625 0.578125
vt 0.382813 0.585938
vt 0.406250 0.593750
vt 0.390625 0.593750
vt 0.437500 0.593750
vt 0.453125 0.578125
vt 0.468750 0.593750
vt 0.468750 0.578125
vt 0.484375 0.578125
vt 0.500000 0.593750
vt 0.515625 0.578125
vt 0.531250 0.593750
vt 0.562500 0.593750
vt 0.593750 0.593750
vt 0.625000 0.593750
vt 0.656250 0.593750
vt 0.687500 0.593750
vt 0.718750 0.593750
vt 0.734375 0.578125
vt 0.750000 0.593750
vt 0.765625 0.578125
vt 0.781250 0.593750
vt 0.765625 0.593750
vt 0.796875 0.578125
vt 0.812500 0.593750
vt 0.843750 0.593750
vt 0.875000 0.593750
vt 0.906250 0.593750
vt 0.937500 0.593750
vt 0.968750 0.593750
vt 1.000000 0.593750
vt 0.000000 0.625000
vt 0.031250 0.625000
vt 0.062500 0.625000
vt 0.093750 0.625000
vt 0.125000 0.625000
vt 0.156250 0.625000
vt 0.187500 0.625000
vt 0.203125 0.609375
vt 0.218750 0.625000
vt 0.218750 0.609375
vt 0.234375 0.609375
vt 0.226563 0.601563
vt 0.242187 0.601563
vt 0.234375 0.601563
vt 0.250000 0.625000
vt 0.250000 0.609375
vt 0.234375 0.625000
vt 0.265625 0.609375
vt 0.281250 0.625000
vt 0.265625 0.625000
vt 0.312500 0.625000
vt 0.343750 0.625000
vt 0.359375 0.609375
vt 0.375000 0.625000
vt 0.390625 0.609375
vt 0.406250 0.625000
vt 0.437500 0.625000
vt 0.468750 0.625000
vt 0.500000 0.625000
vt 0.531250 0.625000
vt 0.562500 0.625000
vt 0.578125 0.609375
vt 0.593750 0.625000
vt 0.578125 0.625000
vt 0.625000 0.625000
vt 0.656250 0.625000
vt 0.687500 0.625000
vt 0.718750 0.625000
vt 0.734375 0.609375
vt 0.750000 0.625000
vt 0.734375 0.625000
vt 0.765625 0.609375
vt 0.773438 0.601563
vt 0.781250 0.625000
vt 0.781250 0.609375
vt 0.796875 0.609375
vt 0.812500 0.625000
vt 0.843750 0.625000
vt 0.875000 0.625000
vt 0.906250 0.625000
vt 0.937500 0.625000
vt 0.968750 0.625000
vt 1.000000 0.625000
vt 0.000000 0.656250
vt 0.031250 0.656250
vt 0.062500 0.656250
vt 0.093750 0.656250
vt 0.109375 0.640625
vt 0.125000 0.656250
vt 0.109375 0.656250
vt 0.156250 0.656250
vt 0.187500 0.656250
vt 0.218750 0.656250
vt 0.234375 0.640625
vt 0.242187 0.632813
vt 0.250000 0.656250
vt 0.250000 0.640625
vt 0.250000 0.632813
vt 0.265625 0.640625
vt 0.257813 0.632813
vt 0.281250 0.640625
vt 0.273438 0.648438
vt 0.281250 0.656250
vt 0.265625 0.656250
vt 0.296875 0.640625
vt 0.312500 0.656250
vt 0.328125 0.640625
vt 0.343750 0.656250
vt 0.328125 0.656250
vt 0.375000 0.656250
vt 0.406250 0.656250
vt 0.437500 0.656250
vt 0.468750 0.656250
vt 0.500000 0.656250
vt 0.531250 0.656250
vt 0.562500 0.656250
vt 0.578125 0.640625
vt 0.593750 0.656250
vt 0.625000 0.656250
vt 0.656250 0.656250
vt 0.687500 0.656250
vt 0.718750 0.656250
vt 0.734375 0.640625
vt 0.750000 0.656250
vt 0.781250 0.656250
vt 0.812500 0.656250
vt 0.843750 0.656250
vt 0.875000 0.656250
vt 0.906250 0.656250
vt 0.937500 0.656250
vt 0.968750 0.656250
vt 1.000000 0.656250
vt 0.000000 0.687500
vt 0.031250 0.687500
vt 0.062500 0.687500
vt 0.093750 0.687500
vt 0.109375 0.671875
vt 0.125000 0.687500
vt 0.156250 0.687500
vt 0.187500 0.687500
vt 0.218750 0.687500
vt 0.250000 0.687500
vt 0.265625 0.671875
vt 0.281250 0.687500
vt 0.296875 0.671875
vt 0.312500 0.687500
vt 0.312500 0.671875
vt 0.320313 0.664063
vt 0.320313 0.671875
vt 0.328125 0.671875
vt 0.320313 0.679688
vt 0.343750 0.687500
vt 0.328125 0.687500
vt 0.359375 0.671875
vt 0.375000 0.687500
vt 0.359375 0.687500
vt 0.406250 0.687500
vt 0.437500 0.687500
vt 0.468750 0.687500
vt 0.500000 0.687500
vt 0.531250 0.687500
vt 0.546875 0.671875
vt 0.562500 0.671875
vt 0.554687 0.679688
vt 0.562500 0.687500
vt 0.546875 0.687500
vt 0.554687 0.687500
vt 0.578125 0.671875
vt 0.570313 0.679688
vt 0.593750 0.687500
vt 0.578125 0.687500
vt 0.570313 0.687500
vt 0.625000 0.687500
vt 0.656250 0.687500
vt 0.687500 0.687500
vt 0.718750 0.687500
vt 0.734375 0.671875
vt 0.750000 0.687500
vt 0.734375 0.687500
vt 0.781250 0.687500
vt 0.812500 0.687500
vt 0.843750 0.687500
vt 0.875000 0.687500
vt 0.906250 0.687500
vt 0.937500 0.687500
vt 0.968750 0.687500
vt 1.000000 0.687500
vt 0.000000 0.718750
vt 0.031250 0.718750
vt 0.062500 0.718750
vt 0.093750 0.718750
vt 0.125000 0.718750
vt 0.156250 0.718750
vt 0.187500 0.718750
vt 0.218750 0.718750
vt 0.234375 0.703125
vt 0.250000 0.718750
vt 0.250000 0.703125
vt 0.265625 0.703125
vt 0.281250 0.718750
vt 0.296875 0.703125
vt 0.312500 0.718750
vt 0.312500 0.703125
vt 0.328125 0.703125
vt 0.320313 0.710938
vt 0.335938 0.695313
vt 0.343750 0.703125
vt 0.335938 0.710938
vt 0.343750 0.718750
vt 0.343750 0.695313
vt 0.328125 0.718750
vt 0.335938 0.718750
vt 0.351563 0.703125
vt 0.351563 0.695313
vt 0.347656 0.699219
vt 0.359375 0.703125
vt 0.351563 0.710938
vt 0.375000 0.718750
vt 0.359375 0.718750
vt 0.406250 0.718750
vt 0.437500 0.718750
vt 0.468750 0.718750
vt 0.500000 0.718750
vt 0.531250 0.718750
vt 0.546875 0.703125
vt 0.554687 0.695313
vt 0.558594 0.691406
vt 0.562500 0.718750
vt 0.562500 0.703125
vt 0.562500 0.695313
vt 0.562500 0.691406
vt 0.570313 0.703125
vt 0.570313 0.695313
vt 0.566406 0.699219
vt 0.578125 0.703125
vt 0.566406 0.691406
vt 0.570313 0.710938
vt 0.593750 0.718750
vt 0.578125 0.718750
vt 0.625000 0.718750
vt 0.656250 0.718750
vt 0.687500 0.718750
vt 0.718750 0.718750
vt 0.734375 0.703125
vt 0.742188 0.695313
vt 0.750000 0.703125
vt 0.742188 0.710938
vt 0.750000 0.718750
vt 0.734375 0.718750
vt 0.765625 0.703125
vt 0.781250 0.718750
vt 0.812500 0.718750
vt 0.843750 0.718750
vt 0.875000 0.718750
vt 0.906250 0.718750
vt 0.937500 0.718750
vt 0.968750 0.718750
vt 1.000000 0.718750
vt 0.000000 0.750000
vt 0.031250 0.750000
vt 0.062500 0.750000
vt 0.093750 0.750000
vt 0.109375 0.734375
vt 0.125000 0.750000
vt 0.125000 0.734375
vt 0.109375 0.750000
vt 0.140625 0.734375
vt 0.132813 0.742188
vt 0.156250 0.734375
vt 0.148437 0.742188
vt 0.156250 0.750000
vt 0.156250 0.742188
vt 0.140625 0.750000
vt 0.132813 0.750000
vt 0.171875 0.734375
vt 0.164063 0.742188
vt 0.187500 0.750000
vt 0.187500 0.734375
vt 0.171875 0.750000
vt 0.203125 0.734375
vt 0.195313 0.742188
vt 0.218750 0.734375
vt 0.210937 0.742188
vt 0.218750 0.750000
vt 0.203125 0.750000
vt 0.210937 0.750000
vt 0.234375 0.734375
vt 0.250000 0.750000
vt 0.234375 0.750000
vt 0.281250 0.750000
vt 0.296875 0.734375
vt 0.312500 0.750000
vt 0.296875 0.750000
vt 0.328125 0.734375
vt 0.335938 0.726563
vt 0.339844 0.722656
vt 0.343750 0.750000
vt 0.343750 0.734375
vt 0.343750 0.726563
vt 0.328125 0.750000
vt 0.359375 0.734375
vt 0.351563 0.726563
vt 0.375000 0.750000
vt 0.406250 0.750000
vt 0.437500 0.750000
vt 0.453125 0.734375
vt 0.468750 0.750000
vt 0.468750 0.734375
vt 0.484375 0.734375
vt 0.476563 0.742188
vt 0.500000 0.750000
vt 0.484375 0.750000
vt 0.531250 0.750000
vt 0.562500 0.750000
vt 0.578125 0.734375
vt 0.593750 0.750000
vt 0.609375 0.734375
vt 0.625000 0.750000
vt 0.609375 0.750000
vt 0.640625 0.734375
vt 0.656250 0.750000
vt 0.687500 0.750000
vt 0.718750 0.750000
vt 0.734375 0.734375
vt 0.750000 0.750000
vt 0.781250 0.750000
vt 0.812500 0.750000
vt 0.843750 0.750000
vt 0.875000 0.750000
vt 0.906250 0.750000
vt 0.937500 0.750000
vt 0.968750 0.750000
vt 1.000000 0.750000
vt 0.000000 0.781250
vt 0.031250 0.781250
vt 0.062500 0.781250
vt 0.078125 0.765625
vt 0.093750 0.781250
vt 0.093750 0.765625
vt 0.109375 0.765625
vt 0.101563 0.757813
vt 0.125000 0.781250
vt 0.125000 0.765625
vt 0.140625 0.765625
vt 0.132813 0.757813
vt 0.156250 0.781250
vt 0.171875 0.765625
vt 0.187500 0.781250
vt 0.203125 0.765625
vt 0.210937 0.757813
vt 0.214844 0.753906
vt 0.218750 0.781250
vt 0.218750 0.765625
vt 0.218750 0.757813
vt 0.234375 0.765625
vt 0.226563 0.757813
vt 0.226563 0.773438
vt 0.250000 0.765625
vt 0.242187 0.773438
vt 0.250000 0.781250
vt 0.234375 0.781250
vt 0.265625 0.765625
vt 0.281250 0.765625
vt 0.273438 0.773438
vt 0.281250 0.781250
vt 0.265625 0.781250
vt 0.296875 0.765625
vt 0.289063 0.757813
vt 0.304688 0.757813
vt 0.312500 0.781250
vt 0.312500 0.765625
vt 0.312500 0.757813
vt 0.328125 0.765625
vt 0.320313 0.757813
vt 0.343750 0.781250
vt 0.375000 0.781250
vt 0.406250 0.781250
vt 0.421875 0.765625
vt 0.437500 0.781250
vt 0.421875 0.781250
vt 0.453125 0.765625
vt 0.468750 0.781250
vt 0.468750 0.765625
vt 0.453125 0.781250
vt 0.484375 0.765625
vt 0.476563 0.757813
vt 0.492188 0.757813
vt 0.484375 0.757813
vt 0.488281 0.761719
vt 0.492188 0.773438
vt 0.500000 0.765625
vt 0.492188 0.765625
vt 0.500000 0.781250
vt 0.484375 0.781250
vt 0.515625 0.765625
vt 0.507813 0.773438
vt 0.531250 0.765625
vt 0.523438 0.773438
vt 0.531250 0.781250
vt 0.515625 0.781250
vt 0.515625 0.773438
vt 0.546875 0.765625
vt 0.562500 0.781250
vt 0.593750 0.781250
vt 0.609375 0.765625
vt 0.625000 0.781250
vt 0.656250 0.781250
vt 0.687500 0.781250
vt 0.703125 0.765625
vt 0.718750 0.765625
vt 0.710938 0.773438
vt 0.718750 0.781250
vt 0.703125 0.781250
vt 0.710938 0.781250
vt 0.734375 0.765625
vt 0.750000 0.781250
vt 0.781250 0.781250
vt 0.812500 0.781250
vt 0.843750 0.781250
vt 0.875000 0.781250
vt 0.906250 0.781250
vt 0.937500 0.781250
vt 0.968750 0.781250
vt 1.000000 0.781250
vt 0.000000 0.812500
vt 0.031250 0.812500
vt 0.062500 0.812500
vt 0.078125 0.796875
vt 0.093750 0.796875
vt 0.085938 0.804688
vt 0.093750 0.812500
vt 0.078125 0.812500
vt 0.109375 0.796875
vt 0.125000 0.812500
vt 0.156250 0.812500
vt 0.187500 0.812500
vt 0.218750 0.812500
vt 0.234375 0.796875
vt 0.250000 0.812500
vt 0.265625 0.796875
vt 0.281250 0.812500
vt 0.312500 0.812500
vt 0.343750 0.812500
vt 0.359375 0.796875
vt 0.375000 0.812500
vt 0.359375 0.812500
vt 0.390625 0.796875
vt 0.406250 0.796875
vt 0.398438 0.804688
vt 0.406250 0.812500
vt 0.390625 0.812500
vt 0.421875 0.796875
vt 0.429688 0.789063
vt 0.437500 0.812500
vt 0.437500 0.796875
vt 0.437500 0.789063
vt 0.453125 0.796875
vt 0.445313 0.789063
vt 0.460938 0.789063
vt 0.460938 0.804688
vt 0.468750 0.796875
vt 0.460938 0.796875
vt 0.468750 0.812500
vt 0.453125 0.812500
vt 0.484375 0.796875
vt 0.500000 0.812500
vt 0.515625 0.796875
vt 0.531250 0.812500
vt 0.562500 0.812500
vt 0.593750 0.812500
vt 0.609375 0.796875
vt 0.625000 0.796875
vt 0.617188 0.804688
vt 0.625000 0.812500
vt 0.609375 0.812500
vt 0.617188 0.812500
vt 0.640625 0.796875
vt 0.656250 0.812500
vt 0.640625 0.812500
vt 0.687500 0.812500
vt 0.703125 0.796875
vt 0.710938 0.789063
vt 0.718750 0.812500
vt 0.718750 0.796875
vt 0.703125 0.812500
vt 0.734375 0.796875
vt 0.726562 0.804688
vt 0.750000 0.812500
vt 0.734375 0.812500
vt 0.781250 0.812500
vt 0.812500 0.812500
vt 0.843750 0.812500
vt 0.875000 0.812500
vt 0.906250 0.812500
vt 0.937500 0.812500
vt 0.968750 0.812500
vt 1.000000 0.812500
vt 0.000000 0.843750
vt 0.031250 0.843750
vt 0.062500 0.843750
vt 0.078125 0.828125
vt 0.085938 0.820313
vt 0.085938 0.835938
vt 0.093750 0.828125
vt 0.085938 0.828125
vt 0.093750 0.843750
vt 0.078125 0.843750
vt 0.109375 0.828125
vt 0.125000 0.843750
vt 0.140625 0.828125
vt 0.156250 0.843750
vt 0.140625 0.843750
vt 0.171875 0.828125
vt 0.187500 0.843750
vt 0.171875 0.843750
vt 0.218750 0.843750
vt 0.234375 0.828125
vt 0.250000 0.843750
vt 0.250000 0.828125
vt 0.265625 0.828125
vt 0.281250 0.828125
vt 0.273438 0.835938
vt 0.281250 0.843750
vt 0.265625 0.843750
vt 0.296875 0.828125
vt 0.312500 0.843750
vt 0.328125 0.828125
vt 0.343750 0.843750
vt 0.343750 0.828125
vt 0.359375 0.828125
vt 0.351563 0.820313
vt 0.375000 0.843750
vt 0.390625 0.828125
vt 0.406250 0.843750
vt 0.437500 0.843750
vt 0.453125 0.828125
vt 0.468750 0.843750
vt 0.500000 0.843750
vt 0.531250 0.843750
vt 0.562500 0.843750
vt 0.593750 0.843750
vt 0.609375 0.828125
vt 0.617188 0.820313
vt 0.621094 0.816406
vt 0.625000 0.843750
vt 0.625000 0.828125
vt 0.625000 0.820313
vt 0.632813 0.828125
vt 0.632813 0.820313
vt 0.628906 0.824219
vt 0.640625 0.828125
vt 0.632813 0.835938
vt 0.656250 0.843750
vt 0.640625 0.843750
vt 0.687500 0.843750
vt 0.703125 0.828125
vt 0.710938 0.820313
vt 0.710938 0.835938
vt 0.718750 0.828125
vt 0.710938 0.828125
vt 0.718750 0.843750
vt 0.703125 0.843750
vt 0.734375 0.828125
vt 0.750000 0.843750
vt 0.781250 0.843750
vt 0.812500 0.843750
vt 0.843750 0.843750
vt 0.875000 0.843750
vt 0.906250 0.843750
vt 0.937500 0.843750
vt 0.968750 0.843750
vt 1.000000 0.843750
vt 0.000000 0.875000
vt 0.015625 0.859375
vt 0.031250 0.875000
vt 0.031250 0.859375
vt 0.015625 0.875000
vt 0.046875 0.859375
vt 0.062500 0.875000
vt 0.062500 0.859375
vt 0.078125 0.859375
vt 0.070313 0.851563
vt 0.093750 0.875000
vt 0.125000 0.875000
vt 0.140625 0.859375
vt 0.148437 0.851563
vt 0.156250 0.875000
vt 0.156250 0.859375
vt 0.156250 0.851563
vt 0.140625 0.875000
vt 0.171875 0.859375
vt 0.164063 0.851563
vt 0.187500 0.875000
vt 0.218750 0.875000
vt 0.250000 0.875000
vt 0.265625 0.859375
vt 0.281250 0.875000
vt 0.312500 0.875000
vt 0.343750 0.875000
vt 0.375000 0.875000
vt 0.406250 0.875000
vt 0.437500 0.875000
vt 0.468750 0.875000
vt 0.500000 0.875000
vt 0.531250 0.875000
vt 0.562500 0.875000
vt 0.593750 0.875000
vt 0.609375 0.859375
vt 0.625000 0.875000
vt 0.625000 0.859375
vt 0.640625 0.859375
vt 0.632813 0.867188
vt 0.656250 0.875000
vt 0.640625 0.875000
vt 0.687500 0.875000
vt 0.703125 0.859375
vt 0.718750 0.875000
vt 0.703125 0.875000
vt 0.750000 0.875000
vt 0.781250 0.875000
vt 0.812500 0.875000
vt 0.843750 0.875000
vt 0.875000 0.875000
vt 0.906250 0.875000
vt 0.937500 0.875000
vt 0.968750 0.875000
vt 1.000000 0.875000
vt 0.000000 0.890625
vt 0.000000 0.906250
vt 0.015625 0.890625
vt 0.007813 0.882813
vt 0.031250 0.906250
vt 0.015625 0.906250
vt 0.062500 0.906250
vt 0.093750 0.906250
vt 0.109375 0.890625
vt 0.125000 0.906250
vt 0.109375 0.906250
vt 0.140625 0.890625
vt 0.156250 0.906250
vt 0.187500 0.906250
vt 0.218750 0.906250
vt 0.250000 0.906250
vt 0.281250 0.906250
vt 0.312500 0.906250
vt 0.343750 0.906250
vt 0.375000 0.906250
vt 0.406250 0.906250
vt 0.437500 0.906250
vt 0.468750 0.906250
vt 0.500000 0.906250
vt 0.531250 0.906250
vt 0.546875 0.890625
vt 0.562500 0.906250
vt 0.546875 0.906250
vt 0.593750 0.906250
vt 0.609375 0.890625
vt 0.625000 0.906250
vt 0.609375 0.906250
vt 0.640625 0.890625
vt 0.656250 0.906250
vt 0.640625 0.906250
vt 0.671875 0.890625
vt 0.687500 0.890625
vt 0.679687 0.898438
vt 0.687500 0.906250
vt 0.671875 0.906250
vt 0.695313 0.882813
vt 0.695313 0.890625
vt 0.703125 0.890625
vt 0.695313 0.898438
vt 0.718750 0.906250
vt 0.703125 0.906250
vt 0.750000 0.906250
vt 0.781250 0.906250
vt 0.812500 0.906250
vt 0.843750 0.906250
vt 0.875000 0.906250
vt 0.906250 0.906250
vt 0.937500 0.906250
vt 0.953125 0.890625
vt 0.968750 0.906250
vt 0.968750 0.890625
vt 0.953125 0.906250
vt 0.984375 0.890625
vt 1.000000 0.890625
vt 0.992188 0.898438
vt 1.000000 0.906250
vt 1.000000 0.898438
vt 0.984375 0.906250
vt 0.000000 0.921875
vt 0.000000 0.937500
vt 0.000000 0.914063
vt 0.015625 0.921875
vt 0.007813 0.914063
vt 0.031250 0.937500
vt 0.046875 0.921875
vt 0.062500 0.937500
vt 0.062500 0.921875
vt 0.078125 0.921875
vt 0.070313 0.929688
vt 0.093750 0.921875
vt 0.085938 0.929688
vt 0.093750 0.937500
vt 0.078125 0.937500
vt 0.078125 0.929688
vt 0.109375 0.921875
vt 0.101563 0.914063
vt 0.125000 0.937500
vt 0.156250 0.937500
vt 0.187500 0.937500
vt 0.218750 0.937500
vt 0.250000 0.937500
vt 0.281250 0.937500
vt 0.312500 0.937500
vt 0.343750 0.937500
vt 0.375000 0.937500
vt 0.406250 0.937500
vt 0.437500 0.937500
vt 0.468750 0.937500
vt 0.500000 0.937500
vt 0.515625 0.921875
vt 0.531250 0.937500
vt 0.531250 0.921875
vt 0.546875 0.921875
vt 0.539063 0.914063
vt 0.554687 0.914063
vt 0.546875 0.914063
vt 0.550781 0.917969
vt 0.554687 0.929688
vt 0.562500 0.921875
vt 0.554687 0.921875
vt 0.562500 0.937500
vt 0.546875 0.937500
vt 0.578125 0.921875
vt 0.593750 0.937500
vt 0.578125 0.937500
vt 0.609375 0.921875
vt 0.625000 0.937500
vt 0.640625 0.921875
vt 0.656250 0.937500
vt 0.671875 0.921875
vt 0.687500 0.937500
vt 0.703125 0.921875
vt 0.718750 0.937500
vt 0.750000 0.937500
vt 0.781250 0.937500
vt 0.812500 0.937500
vt 0.843750 0.937500
vt 0.875000 0.937500
vt 0.906250 0.937500
vt 0.937500 0.937500
vt 0.953125 0.921875
vt 0.968750 0.937500
vt 0.953125 0.937500
vt 0.984375 0.921875
vt 1.000000 0.937500
vt 0.000000 0.953125
vt 0.000000 0.968750
vt 0.015625 0.953125
vt 0.031250 0.968750
vt 0.031250 0.953125
vt 0.046875 0.953125
vt 0.039063 0.960938
vt 0.062500 0.968750
vt 0.046875 0.968750
vt 0.039063 0.968750
vt 0.078125 0.953125
vt 0.093750 0.968750
vt 0.125000 0.968750
vt 0.140625 0.953125
vt 0.156250 0.968750
vt 0.156250 0.953125
vt 0.171875 0.953125
vt 0.187500 0.968750
vt 0.218750 0.968750
vt 0.250000 0.968750
vt 0.281250 0.968750
vt 0.296875 0.953125
vt 0.312500 0.968750
vt 0.312500 0.953125
vt 0.328125 0.953125
vt 0.320313 0.960938
vt 0.343750 0.968750
vt 0.328125 0.968750
vt 0.375000 0.968750
vt 0.406250 0.968750
vt 0.437500 0.968750
vt 0.468750 0.968750
vt 0.500000 0.968750
vt 0.531250 0.968750
vt 0.546875 0.953125
vt 0.562500 0.968750
vt 0.562500 0.953125
vt 0.546875 0.968750
vt 0.578125 0.953125
vt 0.570313 0.960938
vt 0.585938 0.945313
vt 0.585938 0.960938
vt 0.593750 0.953125
vt 0.585938 0.953125
vt 0.582031 0.957031
vt 0.593750 0.968750
vt 0.578125 0.968750
vt 0.578125 0.960938
vt 0.609375 0.953125
vt 0.625000 0.968750
vt 0.656250 0.968750
vt 0.687500 0.968750
vt 0.718750 0.968750
vt 0.750000 0.968750
vt 0.781250 0.968750
vt 0.812500 0.968750
vt 0.843750 0.968750
vt 0.875000 0.968750
vt 0.906250 0.968750
vt 0.921875 0.953125
vt 0.937500 0.968750
vt 0.937500 0.953125
vt 0.953125 0.953125
vt 0.945313 0.945313
vt 0.968750 0.968750
vt 0.968750 0.953125
vt 0.953125 0.968750
vt 0.984375 0.953125
vt 0.976562 0.960938
vt 1.000000 0.968750
vt 0.984375 0.968750
vt 0.976562 0.968750
vt 0.000000 1.000000
vt 0.000000 0.984375
vt 0.015625 0.984375
vt 0.031250 1.000000
vt 0.031250 0.984375
vt 0.046875 0.984375
vt 0.039063 0.976563
vt 0.062500 1.000000
vt 0.093750 1.000000
vt 0.125000 1.000000
vt 0.156250 1.000000
vt 0.187500 1.000000
vt 0.218750 1.000000
vt 0.250000 1.000000
vt 0.281250 1.000000
vt 0.312500 1.000000
vt 0.328125 0.984375
vt 0.343750 1.000000
vt 0.375000 1.000000
vt 0.406250 1.000000
vt 0.437500 1.000000
vt 0.468750 1.000000
vt 0.500000 1.000000
vt 0.515625 0.984375
vt 0.531250 1.000000
vt 0.515625 1.000000
vt 0.546875 0.984375
vt 0.562500 0.984375
vt 0.554687 0.992188
vt 0.562500 1.000000
vt 0.546875 1.000000
vt 0.578125 0.984375
vt 0.593750 1.000000
vt 0.609375 0.984375
vt 0.625000 1.000000
vt 0.625000 0.984375
vt 0.640625 0.984375
vt 0.632813 0.992188
vt 0.656250 0.984375
vt 0.648438 0.992188
vt 0.656250 1.000000
vt 0.640625 1.000000
vt 0.640625 0.992188
vt 0.671875 0.984375
vt 0.687500 1.000000
vt 0.671875 1.000000
vt 0.703125 0.984375
vt 0.718750 1.000000
vt 0.703125 1.000000
vt 0.734375 0.984375
vt 0.750000 1.000000
vt 0.734375 1.000000
vt 0.781250 1.000000
vt 0.812500 1.000000
vt 0.843750 1.000000
vt 0.875000 1.000000
vt 0.906250 1.000000
vt 0.921875 0.984375
vt 0.937500 1.000000
vt 0.937500 0.984375
vt 0.921875 1.000000
vt 0.953125 0.984375
vt 0.960938 0.976563
vt 0.968750 1.000000
vt 0.968750 0.984375
vt 0.968750 0.976563
vt 0.953125 1.000000
vt 0.976562 0.984375
vt 0.976562 0.976563
vt 0.972656 0.980469
vt 0.984375 0.984375
vt 0.972656 0.972656
vt 0.972656 0.976563
vt 0.976562 0.992188
vt 1.000000 1.000000
vt 0.984375 1.000000
g terrain_g
usemtl terrain_mtl
f 2/2/2 1/1/1 3/3/3
f 3/3/3 4/4/4 2/2/2
f 4/4/4 3/3/3 5/5/5
f 5/5/5 6/6/6 4/4/4
f 6/6/6 5/5/5 7/7/7
f 7/7/7 8/8/8 6/6/6
f 8/8/8 7/7/7 9/9/9
f 9/9/9 10/10/10 8/8/8
f 10/10/10 9/9/9 11/11/11
f 11/11/11 12/12/12 10/10/10
f 12/12/12 11/11/11 13/13/13
f 13/13/13 14/14/14 12/12/12
f 14/14/14 13/13/13 15/15/15
f 15/15/15 16/16/16 14/14/14
f 16/16/16 15/15/15 17/17/17
f 17/17/17 18/18/18 16/16/16
f 17/17/17 19/19/19 18/18/18
f 20/20/20 21/21/21 19/19/19
f 22/22/22 21/21/21 20/20/20
f 17/17/17 20/20/20 19/19/19
f 19/19/19 24/24/24 23/23/23
f 21/21/21 25/25/25 24/24/24
f 22/22/22 25/25/25 21/21/21
f 19/19/19 21/21/21 24/24/24
f 18/18/18 19/19/19 23/23/23
f 26/26/26 28/28/28 27/27/27
f 24/24/24 28/28/28 26/26/26
f 29/29/29 26/26/26 27/27/27
f 27/27/27 25/25/25 22/22/22
f 25/25/25 28/28/28 24/24/24
f 27/27/27 28/28/28 25/25/25
f 24/24/24 30/30/30 23/23/23
f 30/30/30 26/26/26 29/29/29
f 24/24/24 26/26/26 30/30/30
f 29/29/29 32/32/32 31/31/31
f 32/32/32 27/27/27 22/22/22
f 29/29/29 27/27/27 32/32/32
f 33/33/33 29/29/29 31/31/31
f 34/34/34 30/30/30 29/29/29
f 23/23/23 30/30/30 34/34/34
f 33/33/33 34/34/34 29/29/29
f 33/33/33 31/31/31 35/35/35
f 35/35/35 36/36/36 33/33/33
f 36/36/36 35/35/35 37/37/37
f 37/37/37 38/38/38 36/36/36
f 37/37/37 39/39/39 38/38/38
f 40/40/40 39/39/39 37/37/37
f 41/41/41 42/42/42 39/39/39
f 43/43/43 42/42/42 41/41/41
f 40/40/40 41/41/41 39/39/39
f 39/39/39 44/44/44 38/38/38
f 44/44/44 42/42/42 43/43/43
f 39/39/39 42/42/42 44/44/44
f 45/45/45 41/41/41 40/40/40
f 43/43/43 41/41/41 45/45/45
f 46/46/46 45/45/45 40/40/40
f 47/47/47 45/45/45 46/46/46
f 43/43/43 45/45/45 47/47/47
f 47/47/47 46/46/46 48/48/48
f 48/48/48 49/49/49 47/47/47
f 49/49/49 48/48/48 50/50/50
f 50/50/50 51/51/51 49/49/49
f 51/51/51 50/50/50 52/52/52
f 52/52/52 53/53/53 51/51/51
f 52/52/52 54/54/54 53/53/53
f 55/55/55 54/54/54 52/52/52
f 54/54/54 57/57/57 56/56/56
f 55/55/55 57/57/57 54/54/54
f 53/53/53 54/54/54 56/56/56
f 57/57/57 59/59/59 58/58/58
f 55/55/55 59/59/59 57/57/57
f 57/57/57 60/60/60 56/56/56
f 58/58/58 60/60/60 57/57/57
f 58/58/58 62/62/62 61/61/61
f 59/59/59 63/63/63 62/62/62
f 55/55/55 63/63/63 59/59/59
f 58/58/58 59/59/59 62/62/62
f 64/64/64 58/58/58 61/61/61
f 65/65/65 60/60/60 58/58/58
f 60/60/60 66/66/66 56/56/56
f 65/65/65 66/66/66 60/60/60
f 64/64/64 65/65/65 58/58/58
f 64/64/64 61/61/61 67/67/67
f 67/67/67 68/68/68 64/64/64
f 68/68/68 67/67/67 69/69/69
f 69/69/69 70/70/70 68/68/68
f 70/70/70 69/69/69 71/71/71
f 71/71/71 72/72/72 70/70/70
f 72/72/72 71/71/71 73/73/73
f 73/73/73 74/74/74 72/72/72
f 74/74/74 73/73/73 75/75/75
f 75/75/75 76/76/76 74/74/74
f 76/76/76 75/75/75 77/77/77
f 77/77/77 78/78/78 76/76/76
f 78/78/78 77/77/77 79/79/79
f 79/79/79 80/80/80 78/78/78
f 80/80/80 79/79/79 81/81/81
f 81/81/81 82/82/82 80/80/80
f 81/81/81 83/83/83 82/82/82
f 84/84/84 83/83/83 81/81/81
f 83/83/83 86/86/86 85/85/85
f 84/84/84 86/86/86 83/83/83
f 82/82/82 83/83/83 85/85/85
f 86/86/86 88/88/88 87/87/87
f 84/84/84 88/88/88 86/86/86
f 85/85/85 86/86/86 87/87/87
f 87/87/87 90/90/90 89/89/89
f 90/90/90 88/88/88 84/84/84
f 87/87/87 88/88/88 90/90/90
f 91/91/91 87/87/87 89/89/89
f 87/87/87 92/92/92 85/85/85
f 91/91/91 92/92/92 87/87/87
f 91/91/91 89/89/89 93/93/93
f 93/93/93 94/94/94 91/91/91
f 94/94/94 93/93/93 95/95/95
f 95/95/95 96/96/96 94/94/94
f 95/95/95 97/97/97 96/96/96
f 98/98/98 97/97/97 95/95/95
f 99/99/99 97/97/97 98/98/98
f 97/97/97 100/100/100 96/96/96
f 99/99/99 100/100/100 97/97/97
f 101/101/101 2/2/2 4/4/4
f 4/4/4 102/102/102 101/101/101
f 102/102/102 4/4/4 6/6/6
f 6/6/6 103/103/103 102/102/102
f 103/103/103 6/6/6 8/8/8
f 8/8/8 104/104/104 103/103/103
f 104/104/104 8/8/8 10/10/10
f 10/10/10 105/105/105 104/104/104
f 105/105/105 10/10/10 12/12/12
f 12/12/12 106/106/106 105/105/105
f 106/106/106 12/12/12 14/14/14
f 14/14/14 107/107/107 106/106/106
f 107/107/107 14/14/14 16/16/16
f 16/16/16 108/108/108 107/107/107
f 16/16/16 109/109/109 108/108/108
f 18/18/18 109/109/109 16/16/16
f 110/110/110 109/109/109 18/18/18
f 108/108/108 109/109/109 110/110/110
f 110/110/110 18/18/18 23/23/23
f 23/23/23 111/111/111 110/110/110
f 23/23/23 112/112/112 111/111/111
f 112/112/112 34/34/34 33/33/33
f 23/23/23 34/34/34 112/112/112
f 113/113/113 112/112/112 33/33/33
f 112/112/112 114/114/114 111/111/111
f 113/113/113 114/114/114 112/112/112
f 33/33/33 115/115/115 113/113/113
f 36/36/36 115/115/115 33/33/33
f 116/116/116 115/115/115 36/36/36
f 115/115/115 117/117/117 113/113/113
f 116/116/116 117/117/117 115/115/115
f 116/116/116 36/36/36 38/38/38
f 38/38/38 118/118/118 116/116/116
f 38/38/38 119/119/119 118/118/118
f 44/44/44 120/120/120 119/119/119
f 43/43/43 120/120/120 44/44/44
f 38/38/38 44/44/44 119/119/119
f 119/119/119 122/122/122 121/121/121
f 122/122/122 120/120/120 43/43/43
f 119/119/119 120/120/120 122/122/122
f 118/118/118 119/119/119 121/121/121
f 123/123/123 122/122/122 43/43/43
f 121/121/121 122/122/122 123/123/123
f 47/47/47 123/123/123 43/43/43
f 124/124/124 123/123/123 47/47/47
f 121/121/121 123/123/123 124/124/124
f 124/124/124 47/47/47 49/49/49
f 49/49/49 125/125/125 124/124/124
f 125/125/125 49/49/49 51/51/51
f 51/51/51 126/126/126 125/125/125
f 126/126/126 51/51/51 53/53/53
f 53/53/53 127/127/127 126/126/126
f 53/53/53 128/128/128 127/127/127
f 56/56/56 128/128/128 53/53/53
f 128/128/128 130/130/130 129/129/129
f 56/56/56 130/130/130 128/128/128
f 127/127/127 128/128/128 129/129/129
f 131/131/131 132/132/132 130/130/130
f 133/133/133 132/132/132 131/131/131
f 56/56/56 131/131/131 130/130/130
f 130/130/130 134/134/134 129/129/129
f 132/132/132 135/135/135 134/134/134
f 133/133/133 135/135/135 132/132/132
f 130/130/130 132/132/132 134/134/134
f 133/133/133 65/65/65 64/64/64
f 131/131/131 66/66/66 65/65/65
f 56/56/56 66/66/66 131/131/131
f 133/133/133 131/131/131 65/65/65
f 136/136/136 137/137/137 133/133/133
f 138/138/138 137/137/137 136/136/136
f 64/64/64 136/136/136 133/133/133
f 134/134/134 140/140/140 139/139/139
f 140/140/140 135/135/135 133/133/133
f 134/134/134 135/135/135 140/140/140
f 129/129/129 134/134/134 139/139/139
f 139/139/139 137/137/137 138/138/138
f 137/137/137 140/140/140 133/133/133
f 139/139/139 140/140/140 137/137/137
f 141/141/141 136/136/136 64/64/64
f 138/138/138 136/136/136 141/141/141
f 68/68/68 141/141/141 64/64/64
f 142/142/142 141/141/141 68/68/68
f 138/138/138 141/141/141 142/142/142
f 142/142/142 68/68/68 70/70/70
f 70/70/70 143/143/143 142/142/142
f 143/143/143 70/70/70 72/72/72
f 72/72/72 144/144/144 143/143/143
f 144/144/144 72/72/72 74/74/74
f 74/74/74 145/145/145 144/144/144
f 145/145/145 74/74/74 76/76/76
f 76/76/76 146/146/146 145/145/145
f 146/146/146 76/76/76 78/78/78
f 78/78/78 147/147/147 146/146/146
f 147/147/147 78/78/78 80/80/80
f 80/80/80 148/148/148 147/147/147
f 80/80/80 149/149/149 148/148/148
f 82/82/82 149/149/149 80/80/80
f 149/149/149 151/151/151 150/150/150
f 82/82/82 151/151/151 149/149/149
f 148/148/148 149/149/149 150/150/150
f 152/152/152 151/151/151 82/82/82
f 150/150/150 151/151/151 152/152/152
f 85/85/85 152/152/152 82/82/82
f 153/153/153 152/152/152 85/85/85
f 150/150/150 152/152/152 153/153/153
f 85/85/85 154/154/154 153/153/153
f 154/154/154 92/92/92 91/91/91
f 85/85/85 92/92/92 154/154/154
f 155/155/155 154/154/154 91/91/91
f 153/153/153 154/154/154 155/155/155
f 155/155/155 91/91/91 94/94/94
f 94/94/94 156/156/156 155/155/155
f 94/94/94 157/157/157 156/156/156
f 96/96/96 157/157/157 94/94/94
f 157/157/157 159/159/159 158/158/158
f 96/96/96 159/159/159 157/157/157
f 156/156/156 157/157/157 158/158/158
f 159/159/159 161/161/161 160/160/160
f 96/96/96 161/161/161 159/159/159
f 158/158/158 159/159/159 160/160/160
f 160/160/160 100/100/100 99/99/99
f 100/100/100 161/161/161 96/96/96
f 160/160/160 161/161/161 100/100/100
f 162/162/162 160/160/160 99/99/99
f 158/158/158 160/160/160 162/162/162
f 163/163/163 101/101/101 102/102/102
f 102/102/102 164/164/164 163/163/163
f 102/102/102 165/165/165 164/164/164
f 103/103/103 165/165/165 102/102/102
f 165/165/165 167/167/167 166/166/166
f 103/103/103 167/167/167 165/165/165
f 164/164/164 165/165/165 166/166/166
f 168/168/168 167/167/167 103/103/103
f 166/166/166 167/167/167 168/168/168
f 104/104/104 168/168/168 103/103/103
f 169/169/169 168/168/168 104/104/104
f 166/166/166 168/168/168 169/169/169
f 169/169/169 104/104/104 105/105/105
f 105/105/105 170/170/170 169/169/169
f 170/170/170 105/105/105 106/106/106
f 106/106/106 171/171/171 170/170/170
f 171/171/171 106/106/106 107/107/107
f 107/107/107 172/172/172 171/171/171
f 107/107/107 173/173/173 172/172/172
f 108/108/108 173/173/173 107/107/107
f 174/174/174 175/175/175 173/173/173
f 176/176/176 175/175/175 174/174/174
f 108/108/108 174/174/174 173/173/173
f 173/173/173 177/177/177 172/172/172
f 177/177/177 175/175/175 176/176/176
f 173/173/173 175/175/175 177/177/177
f 178/178/178 174/174/174 108/108/108
f 176/176/176 174/174/174 178/178/178
f 110/110/110 178/178/178 108/108/108
f 179/179/179 178/178/178 110/110/110
f 176/176/176 178/178/178 179/179/179
f 110/110/110 180/180/180 179/179/179
f 111/111/111 180/180/180 110/110/110
f 180/180/180 182/182/182 181/181/181
f 111/111/111 182/182/182 180/180/180
f 179/179/179 180/180/180 181/181/181
f 182/182/182 184/184/184 183/183/183
f 111/111/111 184/184/184 182/182/182
f 181/181/181 182/182/182 183/183/183
f 185/185/185 186/186/186 114/114/114
f 186/186/186 187/187/187 183/183/183
f 185/185/185 187/187/187 186/186/186
f 113/113/113 185/185/185 114/114/114
f 114/114/114 184/184/184 111/111/111
f 184/184/184 186/186/186 183/183/183
f 114/114/114 186/186/186 184/184/184
f 188/188/188 190/190/190 189/189/189
f 183/183/183 190/190/190 188/188/188
f 191/191/191 188/188/188 189/189/189
f 192/192/192 193/193/193 185/185/185
f 189/189/189 193/193/193 192/192/192
f 113/113/113 192/192/192 185/185/185
f 187/187/187 194/194/194 190/190/190
f 185/185/185 194/194/194 187/187/187
f 183/183/183 187/187/187 190/190/190
f 190/190/190 193/193/193 189/189/189
f 193/193/193 194/194/194 185/185/185
f 190/190/190 194/194/194 193/193/193
f 183/183/183 195/195/195 181/181/181
f 195/195/195 188/188/188 191/191/191
f 183/183/183 188/188/188 195/195/195
f 189/189/189 197/197/197 196/196/196
f 197/197/197 192/192/192 113/113/113
f 189/189/189 192/192/192 197/197/197
f 189/189/189 198/198/198 191/191/191
f 196/196/196 198/198/198 189/189/189
f 196/196/196 117/117/117 116/116/116
f 117/117/117 197/197/197 113/113/113
f 196/196/196 197/197/197 117/117/117
f 199/199/199 200/200/200 196/196/196
f 201/201/201 200/200/200 199/199/199
f 116/116/116 199/199/199 196/196/196
f 198/198/198 203/203/203 202/202/202
f 196/196/196 203/203/203 198/198/198
f 191/191/191 198/198/198 202/202/202
f 202/202/202 200/200/200 201/201/201
f 200/200/200 203/203/203 196/196/196
f 202/202/202 203/203/203 200/200/200
f 204/204/204 199/199/199 116/116/116
f 201/201/201 199/199/199 204/204/204
f 118/118/118 204/204/204 116/116/116
f 204/204/204 206/206/206 205/205/205
f 118/118/118 206/206/206 204/204/204
f 201/201/201 204/204/204 205/205/205
f 207/207/207 206/206/206 118/118/118
f 205/205/205 206/206/206 207/207/207
f 121/121/121 207/207/207 118/118/118
f 208/208/208 207/207/207 121/121/121
f 205/205/205 207/207/207 208/208/208
f 208/208/208 121/121/121 124/124/124
f 124/124/124 209/209/209 208/208/208
f 209/209/209 124/124/124 125/125/125
f 125/125/125 210/210/210 209/209/209
f 210/210/210 125/125/125 126/126/126
f 126/126/126 211/211/211 210/210/210
f 211/211/211 126/126/126 127/127/127
f 127/127/127 212/212/212 211/211/211
f 212/212/212 127/127/127 129/129/129
f 129/129/129 213/213/213 212/212/212
f 129/129/129 214/214/214 213/213/213
f 139/139/139 215/215/215 214/214/214
f 138/138/138 215/215/215 139/139/139
f 129/129/129 139/139/139 214/214/214
f 214/214/214 217/217/217 216/216/216
f 217/217/217 215/215/215 138/138/138
f 214/214/214 215/215/215 217/217/217
f 213/213/213 214/214/214 216/216/216
f 218/218/218 217/217/217 138/138/138
f 216/216/216 217/217/217 218/218/218
f 142/142/142 218/218/218 138/138/138
f 219/219/219 218/218/218 142/142/142
f 216/216/216 218/218/218 219/219/219
f 219/219/219 142/142/142 143/143/143
f 143/143/143 220/220/220 219/219/219
f 220/220/220 143/143/143 144/144/144
f 144/144/144 221/221/221 220/220/220
f 221/221/221 144/144/144 145/145/145
f 145/145/145 222/222/222 221/221/221
f 222/222/222 145/145/145 146/146/146
f 146/146/146 223/223/223 222/222/222
f 223/223/223 146/146/146 147/147/147
f 147/147/147 224/224/224 223/223/223
f 224/224/224 147/147/147 148/148/148
f 148/148/148 225/225/225 224/224/224
f 148/148/148 226/226/226 225/225/225
f 150/150/150 226/226/226 148/148/148
f 227/227/227 226/226/226 150/150/150
f 226/226/226 228/228/228 225/225/225
f 227/227/227 228/228/228 226/226/226
f 227/227/227 150/150/150 153/153/153
f 153/153/153 229/229/229 227/227/227
f 229/229/229 153/153/153 155/155/155
f 155/155/155 230/230/230 229/229/229
f 230/230/230 155/155/155 156/156/156
f 156/156/156 231/231/231 230/230/230
f 231/231/231 156/156/156 158/158/158
f 158/158/158 232/232/232 231/231/231
f 232/232/232 158/158/158 162/162/162
f 162/162/162 233/233/233 232/232/232
f 234/234/234 163/163/163 164/164/164
f 164/164/164 235/235/235 234/234/234
f 235/235/235 164/164/164 166/166/166
f 166/166/166 236/236/236 235/235/235
f 236/236/236 166/166/166 169/169/169
f 169/169/169 237/237/237 236/236/236
f 237/237/237 169/169/169 170/170/170
f 170/170/170 238/238/238 237/237/237
f 238/238/238 170/170/170 171/171/171
f 171/171/171 239/239/239 238/238/238
f 171/171/171 240/240/240 239/239/239
f 172/172/172 240/240/240 171/171/171
f 241/241/241 240/240/240 172/172/172
f 240/240/240 242/242/242 239/239/239
f 241/241/241 242/242/242 240/240/240
f 172/172/172 243/243/243 241/241/241
f 243/243/243 177/177/177 176/176/176
f 172/172/172 177/177/177 243/243/243
f 244/244/244 243/243/243 176/176/176
f 241/241/241 243/243/243 244/244/244
f 244/244/244 176/176/176 179/179/179
f 179/179/179 245/245/245 244/244/244
f 245/245/245 179/179/179 181/181/181
f 181/181/181 246/246/246 245/245/245
f 181/181/181 247/247/247 246/246/246
f 247/247/247 195/195/195 191/191/191
f 181/181/181 195/195/195 247/247/247
f 248/248/248 247/247/247 191/191/191
f 246/246/246 247/247/247 248/248/248
f 191/191/191 249/249/249 248/248/248
f 249/249/249 202/202/202 201/201/201
f 191/191/191 202/202/202 249/249/249
f 250/250/250 249/249/249 201/201/201
f 248/248/248 249/249/249 250/250/250
f 250/250/250 201/201/201 205/205/205
f 205/205/205 251/251/251 250/250/250
f 251/251/251 205/205/205 208/208/208
f 208/208/208 252/252/252 251/251/251
f 252/252/252 208/208/208 209/209/209
f 209/209/209 253/253/253 252/252/252
f 253/253/253 209/209/209 210/210/210
f 210/210/210 254/254/254 253/253/253
f 254/254/254 210/210/210 211/211/211
f 211/211/211 255/255/255 254/254/254
f 255/255/255 211/211/211 212/212/212
f 212/212/212 256/256/256 255/255/255
f 256/256/256 212/212/212 213/213/213
f 213/213/213 257/257/257 256/256/256
f 257/257/257 213/213/213 216/216/216
f 216/216/216 258/258/258 257/257/257
f 258/258/258 216/216/216 219/219/219
f 219/219/219 259/259/259 258/258/258
f 259/259/259 219/219/219 220/220/220
f 220/220/220 260/260/260 259/259/259
f 260/260/260 220/220/220 221/221/221
f 221/221/221 261/261/261 260/260/260
f 221/221/221 262/262/262 261/261/261
f 222/222/222 262/262/262 221/221/221
f 263/263/263 262/262/262 222/222/222
f 262/262/262 264/264/264 261/261/261
f 263/263/263 264/264/264 262/262/262
f 222/222/222 265/265/265 263/263/263
f 223/223/223 265/265/265 222/222/222
f 266/266/266 265/265/265 223/223/223
f 265/265/265 267/267/267 263/263/263
f 266/266/266 267/267/267 265/265/265
f 266/266/266 223/223/223 224/224/224
f 224/224/224 268/268/268 266/266/266
f 224/224/224 269/269/269 268/268/268
f 225/225/225 269/269/269 224/224/224
f 270/270/270 269/269/269 225/225/225
f 269/269/269 271/271/271 268/268/268
f 270/270/270 271/271/271 269/269/269
f 225/225/225 272/272/272 270/270/270
f 272/272/272 228/228/228 227/227/227
f 225/225/225 228/228/228 272/272/272
f 273/273/273 272/272/272 227/227/227
f 270/270/270 272/272/272 273/273/273
f 227/227/227 274/274/274 273/273/273
f 229/229/229 274/274/274 227/227/227
f 275/275/275 276/276/276 274/274/274
f 277/277/277 278/278/278 276/276/276
f 279/279/279 278/278/278 277/277/277
f 275/275/275 277/277/277 276/276/276
f 229/229/229 275/275/275 274/274/274
f 274/274/274 280/280/280 273/273/273
f 276/276/276 281/281/281 280/280/280
f 281/281/281 278/278/278 279/279/279
f 276/276/276 278/278/278 281/281/281
f 274/274/274 276/276/276 280/280/280
f 282/282/282 275/275/275 229/229/229
f 283/283/283 277/277/277 275/275/275
f 279/279/279 277/277/277 283/283/283
f 282/282/282 283/283/283 275/275/275
f 230/230/230 282/282/282 229/229/229
f 284/284/284 282/282/282 230/230/230
f 285/285/285 283/283/283 282/282/282
f 279/279/279 283/283/283 285/285/285
f 284/284/284 285/285/285 282/282/282
f 284/284/284 230/230/230 231/231/231
f 231/231/231 286/286/286 284/284/284
f 286/286/286 231/231/231 232/232/232
f 232/232/232 287/287/287 286/286/286
f 287/287/287 232/232/232 233/233/233
f 233/233/233 288/288/288 287/287/287
f 289/289/289 234/234/234 235/235/235
f 235/235/235 290/290/290 289/289/289
f 290/290/290 235/235/235 236/236/236
f 236/236/236 291/291/291 290/290/290
f 291/291/291 236/236/236 237/237/237
f 237/237/237 292/292/292 291/291/291
f 292/292/292 237/237/237 238/238/238
f 238/238/238 293/293/293 292/292/292
f 238/238/238 294/294/294 293/293/293
f 239/239/239 294/294/294 238/238/238
f 294/294/294 296/296/296 295/295/295
f 239/239/239 296/296/296 294/294/294
f 294/294/294 297/297/297 293/293/293
f 295/295/295 297/297/297 294/294/294
f 296/296/296 299/299/299 298/298/298
f 239/239/239 299/299/299 296/296/296
f 295/295/295 296/296/296 298/298/298
f 298/298/298 242/242/242 241/241/241
f 242/242/242 299/299/299 239/239/239
f 298/298/298 299/299/299 242/242/242
f 300/300/300 298/298/298 241/241/241
f 295/295/295 298/298/298 300/300/300
f 300/300/300 241/241/241 244/244/244
f 244/244/244 301/301/301 300/300/300
f 244/244/244 302/302/302 301/301/301
f 245/245/245 302/302/302 244/244/244
f 303/303/303 302/302/302 245/245/245
f 302/302/302 304/304/304 301/301/301
f 303/303/303 304/304/304 302/302/302
f 303/303/303 245/245/245 246/246/246
f 246/246/246 305/305/305 303/303/303
f 305/305/305 246/246/246 248/248/248
f 248/248/248 306/306/306 305/305/305
f 306/306/306 248/248/248 250/250/250
f 250/250/250 307/307/307 306/306/306
f 307/307/307 250/250/250 251/251/251
f 251/251/251 308/308/308 307/307/307
f 308/308/308 251/251/251 252/252/252
f 252/252/252 309/309/309 308/308/308
f 309/309/309 252/252/252 253/253/253
f 253/253/253 310/310/310 309/309/309
f 310/310/310 253/253/253 254/254/254
f 254/254/254 311/311/311 310/310/310
f 311/311/311 254/254/254 255/255/255
f 255/255/255 312/312/312 311/311/311
f 312/312/312 255/255/255 256/256/256
f 256/256/256 313/313/313 312/312/312
f 256/256/256 314/314/314 313/313/313
f 257/257/257 314/314/314 256/256/256
f 315/315/315 314/314/314 257/257/257
f 314/314/314 316/316/316 313/313/313
f 315/315/315 316/316/316 314/314/314
f 315/315/315 257/257/257 258/258/258
f 258/258/258 317/317/317 315/315/315
f 317/317/317 258/258/258 259/259/259
f 259/259/259 318/318/318 317/317/317
f 318/318/318 259/259/259 260/260/260
f 260/260/260 319/319/319 318/318/318
f 260/260/260 320/320/320 319/319/319
f 261/261/261 320/320/320 260/260/260
f 320/320/320 322/322/322 321/321/321
f 261/261/261 322/322/322 320/320/320
f 319/319/319 320/320/320 321/321/321
f 322/322/322 324/324/324 323/323/323
f 261/261/261 324/324/324 322/322/322
f 321/321/321 322/322/322 323/323/323
f 325/325/325 326/326/326 264/264/264
f 323/323/323 326/326/326 325/325/325
f 263/263/263 325/325/325 264/264/264
f 264/264/264 324/324/324 261/261/261
f 324/324/324 326/326/326 323/323/323
f 264/264/264 326/326/326 324/324/324
f 323/323/323 328/328/328 327/327/327
f 328/328/328 325/325/325 263/263/263
f 323/323/323 325/325/325 328/328/328
f 321/321/321 323/323/323 327/327/327
f 329/329/329 330/330/330 328/328/328
f 331/331/331 330/330/330 329/329/329
f 263/263/263 329/329/329 328/328/328
f 328/328/328 332/332/332 327/327/327
f 330/330/330 333/333/333 332/332/332
f 331/331/331 333/333/333 330/330/330
f 328/328/328 330/330/330 332/332/332
f 331/331/331 267/267/267 266/266/266
f 267/267/267 329/329/329 263/263/263
f 331/331/331 329/329/329 267/267/267
f 334/334/334 335/335/335 331/331/331
f 336/336/336 335/335/335 334/334/334
f 266/266/266 334/334/334 331/331/331
f 332/332/332 338/338/338 337/337/337
f 338/338/338 333/333/333 331/331/331
f 332/332/332 333/333/333 338/338/338
f 327/327/327 332/332/332 337/337/337
f 337/337/337 335/335/335 336/336/336
f 335/335/335 338/338/338 331/331/331
f 337/337/337 338/338/338 335/335/335
f 339/339/339 334/334/334 266/266/266
f 336/336/336 334/334/334 339/339/339
f 268/268/268 339/339/339 266/266/266
f 340/340/340 339/339/339 268/268/268
f 336/336/336 339/339/339 340/340/340
f 268/268/268 341/341/341 340/340/340
f 341/341/341 271/271/271 270/270/270
f 268/268/268 271/271/271 341/341/341
f 341/341/341 343/343/343 342/342/342
f 270/270/270 343/343/343 341/341/341
f 340/340/340 341/341/341 342/342/342
f 344/344/344 343/343/343 270/270/270
f 343/343/343 345/345/345 342/342/342
f 344/344/344 345/345/345 343/343/343
f 273/273/273 344/344/344 270/270/270
f 346/346/346 344/344/344 273/273/273
f 347/347/347 345/345/345 344/344/344
f 345/345/345 348/348/348 342/342/342
f 347/347/347 348/348/348 345/345/345
f 346/346/346 347/347/347 344/344/344
f 273/273/273 349/349/349 346/346/346
f 280/280/280 350/350/350 349/349/349
f 350/350/350 281/281/281 279/279/279
f 280/280/280 281/281/281 350/350/350
f 273/273/273 280/280/280 349/349/349
f 349/349/349 352/352/352 351/351/351
f 352/352/352 350/350/350 279/279/279
f 349/349/349 350/350/350 352/352/352
f 346/346/346 349/349/349 351/351/351
f 353/353/353 352/352/352 279/279/279
f 351/351/351 352/352/352 353/353/353
f 353/353/353 285/285/285 284/284/284
f 279/279/279 285/285/285 353/353/353
f 354/354/354 353/353/353 284/284/284
f 351/351/351 353/353/353 354/354/354
f 354/354/354 284/284/284 286/286/286
f 286/286/286 355/355/355 354/354/354
f 355/355/355 286/286/286 287/287/287
f 287/287/287 356/356/356 355/355/355
f 356/356/356 287/287/287 288/288/288
f 288/288/288 357/357/357 356/356/356
f 358/358/358 289/289/289 290/290/290
f 290/290/290 359/359/359 358/358/358
f 359/359/359 290/290/290 291/291/291
f 291/291/291 360/360/360 359/359/359
f 360/360/360 291/291/291 292/292/292
f 292/292/292 361/361/361 360/360/360
f 361/361/361 292/292/292 293/293/293
f 293/293/293 362/362/362 361/361/361
f 293/293/293 363/363/363 362/362/362
f 297/297/297 364/364/364 363/363/363
f 295/295/295 364/364/364 297/297/297
f 293/293/293 297/297/297 363/363/363
f 365/365/365 367/367/367 366/366/366
f 363/363/363 367/367/367 365/365/365
f 368/368/368 365/365/365 366/366/366
f 366/366/366 364/364/364 295/295/295
f 364/364/364 367/367/367 363/363/363
f 366/366/366 367/367/367 364/364/364
f 363/363/363 369/369/369 362/362/362
f 369/369/369 365/365/365 368/368/368
f 363/363/363 365/365/365 369/369/369
f 370/370/370 366/366/366 295/295/295
f 366/366/366 371/371/371 368/368/368
f 370/370/370 371/371/371 366/366/366
f 300/300/300 370/370/370 295/295/295
f 372/372/372 370/370/370 300/300/300
f 373/373/373 371/371/371 370/370/370
f 368/368/368 371/371/371 373/373/373
f 372/372/372 373/373/373 370/370/370
f 300/300/300 374/374/374 372/372/372
f 301/301/301 374/374/374 300/300/300
f 374/374/374 376/376/376 375/375/375
f 301/301/301 376/376/376 374/374/374
f 374/374/374 377/377/377 372/372/372
f 375/375/375 377/377/377 374/374/374
f 378/378/378 379/379/379 376/376/376
f 380/380/380 379/379/379 378/378/378
f 301/301/301 378/378/378 376/376/376
f 376/376/376 381/381/381 375/375/375
f 381/381/381 379/379/379 380/380/380
f 376/376/376 379/379/379 381/381/381
f 380/380/380 304/304/304 303/303/303
f 304/304/304 378/378/378 301/301/301
f 380/380/380 378/378/378 304/304/304
f 382/382/382 380/380/380 303/303/303
f 383/383/383 381/381/381 380/380/380
f 375/375/375 381/381/381 383/383/383
f 382/382/382 383/383/383 380/380/380
f 303/303/303 384/384/384 382/382/382
f 305/305/305 384/384/384 303/303/303
f 384/384/384 386/386/386 385/385/385
f 305/305/305 386/386/386 384/384/384
f 382/382/382 384/384/384 385/385/385
f 387/387/387 386/386/386 305/305/305
f 386/386/386 388/388/388 385/385/385
f 387/387/387 388/388/388 386/386/386
f 306/306/306 387/387/387 305/305/305
f 389/389/389 390/390/390 387/387/387
f 391/391/391 390/390/390 389/389/389
f 306/306/306 389/389/389 387/387/387
f 388/388/388 393/393/393 392/392/392
f 387/387/387 393/393/393 388/388/388
f 385/385/385 388/388/388 392/392/392
f 392/392/392 390/390/390 391/391/391
f 390/390/390 393/393/393 387/387/387
f 392/392/392 393/393/393 390/390/390
f 394/394/394 389/389/389 306/306/306
f 391/391/391 389/389/389 394/394/394
f 307/307/307 394/394/394 306/306/306
f 395/395/395 394/394/394 307/307/307
f 391/391/391 394/394/394 395/395/395
f 395/395/395 307/307/307 308/308/308
f 308/308/308 396/396/396 395/395/395
f 308/308/308 397/397/397 396/396/396
f 309/309/309 397/397/397 308/308/308
f 398/398/398 399/399/399 397/397/397
f 400/400/400 399/399/399 398/398/398
f 309/309/309 398/398/398 397/397/397
f 397/397/397 401/401/401 396/396/396
f 401/401/401 399/399/399 400/400/400
f 397/397/397 399/399/399 401/401/401
f 402/402/402 398/398/398 309/309/309
f 400/400/400 398/398/398 402/402/402
f 310/310/310 402/402/402 309/309/309
f 403/403/403 402/402/402 310/310/310
f 402/402/402 404/404/404 400/400/400
f 403/403/403 404/404/404 402/402/402
f 403/403/403 310/310/310 311/311/311
f 311/311/311 405/405/405 403/403/403
f 405/405/405 311/311/311 312/312/312
f 312/312/312 406/406/406 405/405/405
f 406/406/406 312/312/312 313/313/313
f 313/313/313 407/407/407 406/406/406
f 313/313/313 408/408/408 407/407/407
f 408/408/408 316/316/316 315/315/315
f 313/313/313 316/316/316 408/408/408
f 408/408/408 410/410/410 409/409/409
f 315/315/315 410/410/410 408/408/408
f 408/408/408 411/411/411 407/407/407
f 409/409/409 411/411/411 408/408/408
f 412/412/412 410/410/410 315/315/315
f 409/409/409 410/410/410 412/412/412
f 317/317/317 412/412/412 315/315/315
f 413/413/413 412/412/412 317/317/317
f 412/412/412 414/414/414 409/409/409
f 413/413/413 414/414/414 412/412/412
f 413/413/413 317/317/317 318/318/318
f 318/318/318 415/415/415 413/413/413
f 415/415/415 318/318/318 319/319/319
f 319/319/319 416/416/416 415/415/415
f 416/416/416 319/319/319 321/321/321
f 321/321/321 417/417/417 416/416/416
f 417/417/417 321/321/321 327/327/327
f 327/327/327 418/418/418 417/417/417
f 327/327/327 419/419/419 418/418/418
f 419/419/419 337/337/337 336/336/336
f 327/327/327 337/337/337 419/419/419
f 420/420/420 419/419/419 336/336/336
f 418/418/418 419/419/419 420/420/420
f 420/420/420 336/336/336 340/340/340
f 340/340/340 421/421/421 420/420/420
f 340/340/340 422/422/422 421/421/421
f 342/342/342 422/422/422 340/340/340
f 422/422/422 424/424/424 423/423/423
f 342/342/342 424/424/424 422/422/422
f 421/421/421 422/422/422 423/423/423
f 424/424/424 426/426/426 425/425/425
f 342/342/342 426/426/426 424/424/424
f 423/423/423 424/424/424 425/425/425
f 427/427/427 428/428/428 347/347/347
f 425/425/425 428/428/428 427/427/427
f 346/346/346 427/427/427 347/347/347
f 348/348/348 429/429/429 426/426/426
f 347/347/347 429/429/429 348/348/348
f 342/342/342 348/348/348 426/426/426
f 426/426/426 428/428/428 425/425/425
f 428/428/428 429/429/429 347/347/347
f 426/426/426 429/429/429 428/428/428
f 425/425/425 431/431/431 430/430/430
f 431/431/431 427/427/427 346/346/346
f 425/425/425 427/427/427 431/431/431
f 423/423/423 425/425/425 430/430/430
f 432/432/432 431/431/431 346/346/346
f 430/430/430 431/431/431 432/432/432
f 351/351/351 432/432/432 346/346/346
f 433/433/433 432/432/432 351/351/351
f 430/430/430 432/432/432 433/433/433
f 433/433/433 351/351/351 354/354/354
f 354/354/354 434/434/434 433/433/433
f 354/354/354 435/435/435 434/434/434
f 355/355/355 435/435/435 354/354/354
f 435/435/435 437/437/437 436/436/436
f 355/355/355 437/437/437 435/435/435
f 434/434/434 435/435/435 436/436/436
f 438/438/438 437/437/437 355/355/355
f 436/436/436 437/437/437 438/438/438
f 356/356/356 438/438/438 355/355/355
f 439/439/439 438/438/438 356/356/356
f 436/436/436 438/438/438 439/439/439
f 439/439/439 356/356/356 357/357/357
f 357/357/357 440/440/440 439/439/439
f 441/441/441 358/358/358 359/359/359
f 359/359/359 442/442/442 441/441/441
f 442/442/442 359/359/359 360/360/360
f 360/360/360 443/443/443 442/442/442
f 360/360/360 444/444/444 443/443/443
f 361/361/361 444/444/444 360/360/360
f 445/445/445 444/444/444 361/361/361
f 443/443/443 444/444/444 445/445/445
f 445/445/445 361/361/361 362/362/362
f 362/362/362 446/446/446 445/445/445
f 362/362/362 447/447/447 446/446/446
f 447/447/447 369/369/369 368/368/368
f 362/362/362 369/369/369 447/447/447
f 447/447/447 449/449/449 448/448/448
f 368/368/368 449/449/449 447/447/447
f 446/446/446 447/447/447 448/448/448
f 449/449/449 451/451/451 450/450/450
f 368/368/368 451/451/451 449/449/449
f 448/448/448 449/449/449 450/450/450
f 450/450/450 373/373/373 372/372/372
f 373/373/373 451/451/451 368/368/368
f 450/450/450 451/451/451 373/373/373
f 450/450/450 453/453/453 452/452/452
f 372/372/372 453/453/453 450/450/450
f 448/448/448 450/450/450 452/452/452
f 454/454/454 453/453/453 372/372/372
f 453/453/453 455/455/455 452/452/452
f 454/454/454 455/455/455 453/453/453
f 377/377/377 456/456/456 454/454/454
f 375/375/375 456/456/456 377/377/377
f 372/372/372 377/377/377 454/454/454
f 457/457/457 459/459/459 458/458/458
f 459/459/459 460/460/460 454/454/454
f 457/457/457 460/460/460 459/459/459
f 461/461/461 457/457/457 458/458/458
f 458/458/458 456/456/456 375/375/375
f 456/456/456 459/459/459 454/454/454
f 458/458/458 459/459/459 456/456/456
f 455/455/455 463/463/463 462/462/462
f 454/454/454 463/463/463 455/455/455
f 452/452/452 455/455/455 462/462/462
f 462/462/462 457/457/457 461/461/461
f 463/463/463 460/460/460 457/457/457
f 454/454/454 460/460/460 463/463/463
f 462/462/462 463/463/463 457/457/457
f 464/464/464 458/458/458 375/375/375
f 461/461/461 458/458/458 464/464/464
f 464/464/464 383/383/383 382/382/382
f 375/375/375 383/383/383 464/464/464
f 465/465/465 464/464/464 382/382/382
f 461/461/461 464/464/464 465/465/465
f 465/465/465 382/382/382 385/385/385
f 385/385/385 466/466/466 465/465/465
f 385/385/385 467/467/467 466/466/466
f 467/467/467 392/392/392 391/391/391
f 385/385/385 392/392/392 467/467/467
f 468/468/468 467/467/467 391/391/391
f 466/466/466 467/467/467 468/468/468
f 468/468/468 391/391/391 395/395/395
f 395/395/395 469/469/469 468/468/468
f 469/469/469 395/395/395 396/396/396
f 396/396/396 470/470/470 469/469/469
f 396/396/396 471/471/471 470/470/470
f 471/471/471 401/401/401 400/400/400
f 396/396/396 401/401/401 471/471/471
f 472/472/472 471/471/471 400/400/400
f 470/470/470 471/471/471 472/472/472
f 400/400/400 473/473/473 472/472/472
f 404/404/404 474/474/474 473/473/473
f 403/403/403 474/474/474 404/404/404
f 400/400/400 404/404/404 473/473/473
f 473/473/473 476/476/476 475/475/475
f 476/476/476 474/474/474 403/403/403
f 473/473/473 474/474/474 476/476/476
f 472/472/472 473/473/473 475/475/475
f 477/477/477 476/476/476 403/403/403
f 475/475/475 476/476/476 477/477/477
f 405/405/405 477/477/477 403/403/403
f 478/478/478 479/479/479 477/477/477
f 480/480/480 479/479/479 478/478/478
f 405/405/405 478/478/478 477/477/477
f 477/477/477 481/481/481 475/475/475
f 479/479/479 482/482/482 481/481/481
f 480/480/480 482/482/482 479/479/479
f 477/477/477 479/479/479 481/481/481
f 483/483/483 478/478/478 405/405/405
f 480/480/480 478/478/478 483/483/483
f 406/406/406 483/483/483 405/405/405
f 484/484/484 483/483/483 406/406/406
f 480/480/480 483/483/483 484/484/484
f 484/484/484 406/406/406 407/407/407
f 407/407/407 485/485/485 484/484/484
f 407/407/407 486/486/486 485/485/485
f 411/411/411 487/487/487 486/486/486
f 409/409/409 487/487/487 411/411/411
f 407/407/407 411/411/411 486/486/486
f 486/486/486 489/489/489 488/488/488
f 489/489/489 487/487/487 409/409/409
f 486/486/486 487/487/487 489/489/489
f 485/485/485 486/486/486 488/488/488
f 490/490/490 489/489/489 409/409/409
f 488/488/488 489/489/489 490/490/490
f 414/414/414 491/491/491 490/490/490
f 413/413/413 491/491/491 414/414/414
f 409/409/409 414/414/414 490/490/490
f 492/492/492 494/494/494 493/493/493
f 490/490/490 494/494/494 492/492/492
f 495/495/495 492/492/492 493/493/493
f 493/493/493 491/491/491 413/413/413
f 491/491/491 494/494/494 490/490/490
f 493/493/493 494/494/494 491/491/491
f 490/490/490 496/496/496 488/488/488
f 496/496/496 492/492/492 495/495/495
f 490/490/490 492/492/492 496/496/496
f 497/497/497 493/493/493 413/413/413
f 495/495/495 493/493/493 497/497/497
f 415/415/415 497/497/497 413/413/413
f 498/498/498 497/497/497 415/415/415
f 497/497/497 499/499/499 495/495/495
f 498/498/498 499/499/499 497/497/497
f 498/498/498 415/415/415 416/416/416
f 416/416/416 500/500/500 498/498/498
f 500/500/500 416/416/416 417/417/417
f 417/417/417 501/501/501 500/500/500
f 501/501/501 417/417/417 418/418/418
f 418/418/418 502/502/502 501/501/501
f 502/502/502 418/418/418 420/420/420
f 420/420/420 503/503/503 502/502/502
f 503/503/503 420/420/420 421/421/421
f 421/421/421 504/504/504 503/503/503
f 504/504/504 421/421/421 423/423/423
f 423/423/423 505/505/505 504/504/504
f 423/423/423 506/506/506 505/505/505
f 430/430/430 506/506/506 423/423/423
f 507/507/507 506/506/506 430/430/430
f 506/506/506 508/508/508 505/505/505
f 507/507/507 508/508/508 506/506/506
f 507/507/507 430/430/430 433/433/433
f 433/433/433 509/509/509 507/507/507
f 509/509/509 433/433/433 434/434/434
f 434/434/434 510/510/510 509/509/509
f 510/510/510 434/434/434 436/436/436
f 436/436/436 511/511/511 510/510/510
f 511/511/511 436/436/436 439/439/439
f 439/439/439 512/512/512 511/511/511
f 512/512/512 439/439/439 440/440/440
f 440/440/440 513/513/513 512/512/512
f 514/514/514 441/441/441 442/442/442
f 442/442/442 515/515/515 514/514/514
f 515/515/515 442/442/442 443/443/443
f 443/443/443 516/516/516 515/515/515
f 516/516/516 443/443/443 445/445/445
f 445/445/445 517/517/517 516/516/516
f 517/517/517 445/445/445 446/446/446
f 446/446/446 518/518/518 517/517/517
f 446/446/446 519/519/519 518/518/518
f 448/448/448 519/519/519 446/446/446
f 520/520/520 519/519/519 448/448/448
f 519/519/519 521/521/521 518/518/518
f 520/520/520 521/521/521 519/519/519
f 520/520/520 448/448/448 452/452/452
f 452/452/452 522/522/522 520/520/520
f 452/452/452 523/523/523 522/522/522
f 523/523/523 462/462/462 461/461/461
f 452/452/452 462/462/462 523/523/523
f 524/524/524 523/523/523 461/461/461
f 522/522/522 523/523/523 524/524/524
f 524/524/524 461/461/461 465/465/465
f 465/465/465 525/525/525 524/524/524
f 525/525/525 465/465/465 466/466/466
f 466/466/466 526/526/526 525/525/525
f 526/526/526 466/466/466 468/468/468
f 468/468/468 527/527/527 526/526/526
f 527/527/527 468/468/468 469/469/469
f 469/469/469 528/528/528 527/527/527
f 528/528/528 469/469/469 470/470/470
f 470/470/470 529/529/529 528/528/528
f 529/529/529 470/470/470 472/472/472
f 472/472/472 530/530/530 529/529/529
f 530/530/530 472/472/472 475/475/475
f 475/475/475 531/531/531 530/530/530
f 475/475/475 532/532/532 531/531/531
f 481/481/481 533/533/533 532/532/532
f 533/533/533 482/482/482 480/480/480
f 481/481/481 482/482/482 533/533/533
f 475/475/475 481/481/481 532/532/532
f 532/532/532 535/535/535 534/534/534
f 535/535/535 533/533/533 480/480/480
f 532/532/532 533/533/533 535/535/535
f 531/531/531 532/532/532 534/534/534
f 536/536/536 535/535/535 480/480/480
f 534/534/534 535/535/535 536/536/536
f 484/484/484 536/536/536 480/480/480
f 536/536/536 538/538/538 537/537/537
f 484/484/484 538/538/538 536/536/536
f 534/534/534 536/536/536 537/537/537
f 539/539/539 538/538/538 484/484/484
f 537/537/537 538/538/538 539/539/539
f 485/485/485 539/539/539 484/484/484
f 540/540/540 539/539/539 485/485/485
f 539/539/539 541/541/541 537/537/537
f 540/540/540 541/541/541 539/539/539
f 485/485/485 542/542/542 540/540/540
f 488/488/488 542/542/542 485/485/485
f 543/543/543 544/544/544 542/542/542
f 545/545/545 544/544/544 543/543/543
f 488/488/488 543/543/543 542/542/542
f 542/542/542 546/546/546 540/540/540
f 544/544/544 547/547/547 546/546/546
f 545/545/545 547/547/547 544/544/544
f 542/542/542 544/544/544 546/546/546
f 548/548/548 543/543/543 488/488/488
f 545/545/545 543/543/543 548/548/548
f 548/548/548 496/496/496 495/495/495
f 488/488/488 496/496/496 548/548/548
f 549/549/549 548/548/548 495/495/495
f 548/548/548 550/550/550 545/545/545
f 549/549/549 550/550/550 548/548/548
f 495/495/495 551/551/551 549/549/549
f 499/499/499 552/552/552 551/551/551
f 498/498/498 552/552/552 499/499/499
f 495/495/495 499/499/499 551/551/551
f 553/553/553 555/555/555 554/554/554
f 551/551/551 555/555/555 553/553/553
f 556/556/556 553/553/553 554/554/554
f 554/554/554 552/552/552 498/498/498
f 552/552/552 555/555/555 551/551/551
f 554/554/554 555/555/555 552/552/552
f 551/551/551 557/557/557 549/549/549
f 557/557/557 553/553/553 556/556/556
f 551/551/551 553/553/553 557/557/557
f 558/558/558 554/554/554 498/498/498
f 556/556/556 554/554/554 558/558/558
f 500/500/500 558/558/558 498/498/498
f 559/559/559 558/558/558 500/500/500
f 556/556/556 558/558/558 559/559/559
f 559/559/559 500/500/500 501/501/501
f 501/501/501 560/560/560 559/559/559
f 560/560/560 501/501/501 502/502/502
f 502/502/502 561/561/561 560/560/560
f 561/561/561 502/502/502 503/503/503
f 503/503/503 562/562/562 561/561/561
f 562/562/562 503/503/503 504/504/504
f 504/504/504 563/563/563 562/562/562
f 504/504/504 564/564/564 563/563/563
f 505/505/505 564/564/564 504/504/504
f 564/564/564 566/566/566 565/565/565
f 505/505/505 566/566/566 564/564/564
f 563/563/563 564/564/564 565/565/565
f 566/566/566 568/568/568 567/567/567
f 505/505/505 568/568/568 566/566/566
f 565/565/565 566/566/566 567/567/567
f 567/567/567 508/508/508 507/507/507
f 508/508/508 568/568/568 505/505/505
f 567/567/567 568/568/568 508/508/508
f 567/567/567 570/570/570 569/569/569
f 507/507/507 570/570/570 567/567/567
f 565/565/565 567/567/567 569/569/569
f 571/571/571 570/570/570 507/507/507
f 570/570/570 572/572/572 569/569/569
f 571/571/571 572/572/572 570/570/570
f 509/509/509 571/571/571 507/507/507
f 573/573/573 571/571/571 509/509/509
f 574/574/574 572/572/572 571/571/571
f 569/569/569 572/572/572 574/574/574
f 573/573/573 574/574/574 571/571/571
f 573/573/573 509/509/509 510/510/510
f 510/510/510 575/575/575 573/573/573
f 575/575/575 510/510/510 511/511/511
f 511/511/511 576/576/576 575/575/575
f 511/511/511 577/577/577 576/576/576
f 512/512/512 577/577/577 511/511/511
f 578/578/578 577/577/577 512/512/512
f 576/576/576 577/577/577 578/578/578
f 578/578/578 512/512/512 513/513/513
f 513/513/513 579/579/579 578/578/578
f 580/580/580 514/514/514 515/515/515
f 515/515/515 581/581/581 580/580/580
f 581/581/581 515/515/515 516/516/516
f 516/516/516 582/582/582 581/581/581
f 516/516/516 583/583/583 582/582/582
f 517/517/517 583/583/583 516/516/516
f 584/584/584 583/583/583 517/517/517
f 582/582/582 583/583/583 584/584/584
f 517/517/517 585/585/585 584/584/584
f 518/518/518 585/585/585 517/517/517
f 585/585/585 587/587/587 586/586/586
f 518/518/518 587/587/587 585/585/585
f 585/585/585 588/588/588 584/584/584
f 586/586/586 588/588/588 585/585/585
f 587/587/587 590/590/590 589/589/589
f 518/518/518 590/590/590 587/587/587
f 586/586/586 587/587/587 589/589/589
f 589/589/589 521/521/521 520/520/520
f 521/521/521 590/590/590 518/518/518
f 589/589/589 590/590/590 521/521/521
f 591/591/591 589/589/589 520/520/520
f 589/589/589 592/592/592 586/586/586
f 591/591/591 592/592/592 589/589/589
f 591/591/591 520/520/520 522/522/522
f 522/522/522 593/593/593 591/591/591
f 522/522/522 594/594/594 593/593/593
f 524/524/524 594/594/594 522/522/522
f 595/595/595 594/594/594 524/524/524
f 594/594/594 596/596/596 593/593/593
f 595/595/595 596/596/596 594/594/594
f 595/595/595 524/524/524 525/525/525
f 525/525/525 597/597/597 595/595/595
f 597/597/597 525/525/525 526/526/526
f 526/526/526 598/598/598 597/597/597
f 598/598/598 526/526/526 527/527/527
f 527/527/527 599/599/599 598/598/598
f 599/599/599 527/527/527 528/528/528
f 528/528/528 600/600/600 599/599/599
f 600/600/600 528/528/528 529/529/529
f 529/529/529 601/601/601 600/600/600
f 601/601/601 529/529/529 530/530/530
f 530/530/530 602/602/602 601/601/601
f 602/602/602 530/530/530 531/531/531
f 531/531/531 603/603/603 602/602/602
f 603/603/603 531/531/531 534/534/534
f 534/534/534 604/604/604 603/603/603
f 604/604/604 534/534/534 537/537/537
f 537/537/537 605/605/605 604/604/604
f 537/537/537 606/606/606 605/605/605
f 541/541/541 607/607/607 606/606/606
f 540/540/540 607/607/607 541/541/541
f 537/537/537 541/541/541 606/606/606
f 608/608/608 610/610/610 609/609/609
f 611/611/611 610/610/610 608/608/608
f 606/606/606 608/608/608 609/609/609
f 609/609/609 613/613/613 612/612/612
f 613/613/613 610/610/610 611/611/611
f 609/609/609 610/610/610 613/613/613
f 611/611/611 607/607/607 540/540/540
f 607/607/607 608/608/608 606/606/606
f 611/611/611 608/608/608 607/607/607
f 606/606/606 614/614/614 605/605/605
f 614/614/614 609/609/609 612/612/612
f 606/606/606 609/609/609 614/614/614
f 615/615/615 611/611/611 540/540/540
f 616/616/616 613/613/613 611/611/611
f 612/612/612 613/613/613 616/616/616
f 615/615/615 616/616/616 611/611/611
f 546/546/546 617/617/617 615/615/615
f 617/617/617 547/547/547 545/545/545
f 546/546/546 547/547/547 617/617/617
f 540/540/540 546/546/546 615/615/615
f 615/615/615 619/619/619 618/618/618
f 617/617/617 620/620/620 619/619/619
f 545/545/545 620/620/620 617/617/617
f 615/615/615 617/617/617 619/619/619
f 621/621/621 616/616/616 615/615/615
f 612/612/612 616/616/616 621/621/621
f 618/618/618 621/621/621 615/615/615
f 622/622/622 624/624/624 623/623/623
f 619/619/619 624/624/624 622/622/622
f 625/625/625 622/622/622 623/623/623
f 623/623/623 620/620/620 545/545/545
f 620/620/620 624/624/624 619/619/619
f 623/623/623 624/624/624 620/620/620
f 619/619/619 626/626/626 618/618/618
f 626/626/626 622/622/622 625/625/625
f 619/619/619 622/622/622 626/626/626
f 625/625/625 550/550/550 549/549/549
f 550/550/550 623/623/623 545/545/545
f 625/625/625 623/623/623 550/550/550
f 627/627/627 625/625/625 549/549/549
f 628/628/628 626/626/626 625/625/625
f 618/618/618 626/626/626 628/628/628
f 627/627/627 628/628/628 625/625/625
f 549/549/549 629/629/629 627/627/627
f 557/557/557 630/630/630 629/629/629
f 556/556/556 630/630/630 557/557/557
f 549/549/549 557/557/557 629/629/629
f 629/629/629 632/632/632 631/631/631
f 632/632/632 630/630/630 556/556/556
f 629/629/629 630/630/630 632/632/632
f 629/629/629 633/633/633 627/627/627
f 631/631/631 633/633/633 629/629/629
f 634/634/634 632/632/632 556/556/556
f 631/631/631 632/632/632 634/634/634
f 559/559/559 634/634/634 556/556/556
f 635/635/635 634/634/634 559/559/559
f 634/634/634 636/636/636 631/631/631
f 635/635/635 636/636/636 634/634/634
f 635/635/635 559/559/559 560/560/560
f 560/560/560 637/637/637 635/635/635
f 637/637/637 560/560/560 561/561/561
f 561/561/561 638/638/638 637/637/637
f 638/638/638 561/561/561 562/562/562
f 562/562/562 639/639/639 638/638/638
f 639/639/639 562/562/562 563/563/563
f 563/563/563 640/640/640 639/639/639
f 640/640/640 563/563/563 565/565/565
f 565/565/565 641/641/641 640/640/640
f 641/641/641 565/565/565 569/569/569
f 569/569/569 642/642/642 641/641/641
f 569/569/569 643/643/643 642/642/642
f 643/643/643 574/574/574 573/573/573
f 569/569/569 574/574/574 643/643/643
f 644/644/644 645/645/645 643/643/643
f 646/646/646 645/645/645 644/644/644
f 573/573/573 644/644/644 643/643/643
f 643/643/643 647/647/647 642/642/642
f 645/645/645 648/648/648 647/647/647
f 646/646/646 648/648/648 645/645/645
f 643/643/643 645/645/645 647/647/647
f 649/649/649 644/644/644 573/573/573
f 646/646/646 644/644/644 649/649/649
f 575/575/575 649/649/649 573/573/573
f 650/650/650 649/649/649 575/575/575
f 646/646/646 649/649/649 650/650/650
f 650/650/650 575/575/575 576/576/576
f 576/576/576 651/651/651 650/650/650
f 576/576/576 652/652/652 651/651/651
f 578/578/578 652/652/652 576/576/576
f 653/653/653 654/654/654 652/652/652
f 654/654/654 656/656/656 655/655/655
f 653/653/653 656/656/656 654/654/654
f 578/578/578 653/653/653 652/652/652
f 652/652/652 657/657/657 651/651/651
f 657/657/657 654/654/654 655/655/655
f 652/652/652 654/654/654 657/657/657
f 658/658/658 653/653/653 578/578/578
f 659/659/659 656/656/656 653/653/653
f 655/655/655 656/656/656 659/659/659
f 658/658/658 659/659/659 653/653/653
f 579/579/579 658/658/658 578/578/578
f 660/660/660 658/658/658 579/579/579
f 661/661/661 659/659/659 658/658/658
f 655/655/655 659/659/659 661/661/661
f 660/660/660 661/661/661 658/658/658
f 662/662/662 580/580/580 581/581/581
f 581/581/581 663/663/663 662/662/662
f 663/663/663 581/581/581 582/582/582
f 582/582/582 664/664/664 663/663/663
f 664/664/664 582/582/582 584/584/584
f 584/584/584 665/665/665 664/664/664
f 584/584/584 666/666/666 665/665/665
f 588/588/588 667/667/667 666/666/666
f 586/586/586 667/667/667 588/588/588
f 584/584/584 588/588/588 666/666/666
f 668/668/668 670/670/670 669/669/669
f 666/666/666 670/670/670 668/668/668
f 671/671/671 668/668/668 669/669/669
f 672/672/672 673/673/673 667/667/667
f 669/669/669 673/673/673 672/672/672
f 586/586/586 672/672/672 667/667/667
f 667/667/667 670/670/670 666/666/666
f 670/670/670 673/673/673 669/669/669
f 667/667/667 673/673/673 670/670/670
f 666/666/666 674/674/674 665/665/665
f 674/674/674 668/668/668 671/671/671
f 666/666/666 668/668/668 674/674/674
f 669/669/669 676/676/676 675/675/675
f 676/676/676 672/672/672 586/586/586
f 669/669/669 672/672/672 676/676/676
f 671/671/671 669/669/669 675/675/675
f 675/675/675 592/592/592 591/591/591
f 592/592/592 676/676/676 586/586/586
f 675/675/675 676/676/676 592/592/592
f 677/677/677 675/675/675 591/591/591
f 671/671/671 675/675/675 677/677/677
f 677/677/677 591/591/591 593/593/593
f 593/593/593 678/678/678 677/677/677
f 593/593/593 679/679/679 678/678/678
f 679/679/679 596/596/596 595/595/595
f 593/593/593 596/596/596 679/679/679
f 680/680/680 681/681/681 679/679/679
f 682/682/682 681/681/681 680/680/680
f 595/595/595 680/680/680 679/679/679
f 679/679/679 683/683/683 678/678/678
f 683/683/683 681/681/681 682/682/682
f 679/679/679 681/681/681 683/683/683
f 684/684/684 680/680/680 595/595/595
f 682/682/682 680/680/680 684/684/684
f 597/597/597 684/684/684 595/595/595
f 685/685/685 684/684/684 597/597/597
f 682/682/682 684/684/684 685/685/685
f 685/685/685 597/597/597 598/598/598
f 598/598/598 686/686/686 685/685/685
f 686/686/686 598/598/598 599/599/599
f 599/599/599 687/687/687 686/686/686
f 687/687/687 599/599/599 600/600/600
f 600/600/600 688/688/688 687/687/687
f 688/688/688 600/600/600 601/601/601
f 601/601/601 689/689/689 688/688/688
f 689/689/689 601/601/601 602/602/602
f 602/602/602 690/690/690 689/689/689
f 690/690/690 602/602/602 603/603/603
f 603/603/603 691/691/691 690/690/690
f 691/691/691 603/603/603 604/604/604
f 604/604/604 692/692/692 691/691/691
f 604/604/604 693/693/693 692/692/692
f 605/605/605 693/693/693 604/604/604
f 694/694/694 693/693/693 605/605/605
f 692/692/692 693/693/693 694/694/694
f 605/605/605 695/695/695 694/694/694
f 695/695/695 614/614/614 612/612/612
f 605/605/605 614/614/614 695/695/695
f 696/696/696 695/695/695 612/612/612
f 694/694/694 695/695/695 696/696/696
f 612/612/612 697/697/697 696/696/696
f 621/621/621 698/698/698 697/697/697
f 618/618/618 698/698/698 621/621/621
f 612/612/612 621/621/621 697/697/697
f 697/697/697 700/700/700 699/699/699
f 700/700/700 698/698/698 618/618/618
f 697/697/697 698/698/698 700/700/700
f 697/697/697 701/701/701 696/696/696
f 699/699/699 701/701/701 697/697/697
f 702/702/702 700/700/700 618/618/618
f 699/699/699 700/700/700 702/702/702
f 702/702/702 628/628/628 627/627/627
f 618/618/618 628/628/628 702/702/702
f 702/702/702 704/704/704 703/703/703
f 627/627/627 704/704/704 702/702/702
f 699/699/699 702/702/702 703/703/703
f 705/705/705 704/704/704 627/627/627
f 704/704/704 706/706/706 703/703/703
f 705/705/705 706/706/706 704/704/704
f 633/633/633 707/707/707 705/705/705
f 631/631/631 707/707/707 633/633/633
f 627/627/627 633/633/633 705/705/705
f 705/705/705 709/709/709 708/708/708
f 707/707/707 710/710/710 709/709/709
f 631/631/631 710/710/710 707/707/707
f 705/705/705 707/707/707 709/709/709
f 711/711/711 706/706/706 705/705/705
f 706/706/706 712/712/712 703/703/703
f 711/711/711 712/712/712 706/706/706
f 708/708/708 711/711/711 705/705/705
f 709/709/709 714/714/714 713/713/713
f 714/714/714 710/710/710 631/631/631
f 709/709/709 710/710/710 714/714/714
f 708/708/708 709/709/709 713/713/713
f 636/636/636 715/715/715 713/713/713
f 635/635/635 715/715/715 636/636/636
f 636/636/636 714/714/714 631/631/631
f 713/713/713 714/714/714 636/636/636
f 713/713/713 717/717/717 716/716/716
f 717/717/717 715/715/715 635/635/635
f 713/713/713 715/715/715 717/717/717
f 708/708/708 713/713/713 716/716/716
f 718/718/718 717/717/717 635/635/635
f 717/717/717 719/719/719 716/716/716
f 718/718/718 719/719/719 717/717/717
f 637/637/637 718/718/718 635/635/635
f 720/720/720 718/718/718 637/637/637
f 721/721/721 719/719/719 718/718/718
f 719/719/719 722/722/722 716/716/716
f 721/721/721 722/722/722 719/719/719
f 720/720/720 721/721/721 718/718/718
f 720/720/720 637/637/637 638/638/638
f 638/638/638 723/723/723 720/720/720
f 723/723/723 638/638/638 639/639/639
f 639/639/639 724/724/724 723/723/723
f 724/724/724 639/639/639 640/640/640
f 640/640/640 725/725/725 724/724/724
f 725/725/725 640/640/640 641/641/641
f 641/641/641 726/726/726 725/725/725
f 641/641/641 727/727/727 726/726/726
f 642/642/642 727/727/727 641/641/641
f 728/728/728 729/729/729 727/727/727
f 729/729/729 731/731/731 730/730/730
f 728/728/728 731/731/731 729/729/729
f 642/642/642 728/728/728 727/727/727
f 727/727/727 732/732/732 726/726/726
f 732/732/732 729/729/729 730/730/730
f 727/727/727 729/729/729 732/732/732
f 733/733/733 728/728/728 642/642/642
f 734/734/734 731/731/731 728/728/728
f 730/730/730 731/731/731 734/734/734
f 733/733/733 734/734/734 728/728/728
f 647/647/647 735/735/735 733/733/733
f 735/735/735 648/648/648 646/646/646
f 647/647/647 648/648/648 735/735/735
f 642/642/642 647/647/647 733/733/733
f 736/736/736 737/737/737 733/733/733
f 738/738/738 737/737/737 736/736/736
f 736/736/736 735/735/735 646/646/646
f 733/733/733 735/735/735 736/736/736
f 739/739/739 734/734/734 733/733/733
f 730/730/730 734/734/734 739/739/739
f 739/739/739 737/737/737 738/738/738
f 733/733/733 737/737/737 739/739/739
f 740/740/740 736/736/736 646/646/646
f 738/738/738 736/736/736 740/740/740
f 650/650/650 740/740/740 646/646/646
f 741/741/741 740/740/740 650/650/650
f 738/738/738 740/740/740 741/741/741
f 741/741/741 650/650/650 651/651/651
f 651/651/651 742/742/742 741/741/741
f 651/651/651 743/743/743 742/742/742
f 743/743/743 657/657/657 655/655/655
f 651/651/651 657/657/657 743/743/743
f 744/744/744 743/743/743 655/655/655
f 742/742/742 743/743/743 744/744/744
f 655/655/655 745/745/745 744/744/744
f 745/745/745 661/661/661 660/660/660
f 655/655/655 661/661/661 745/745/745
f 746/746/746 745/745/745 660/660/660
f 744/744/744 745/745/745 746/746/746
f 747/747/747 662/662/662 663/663/663
f 663/663/663 748/748/748 747/747/747
f 748/748/748 663/663/663 664/664/664
f 664/664/664 749/749/749 748/748/748
f 749/749/749 664/664/664 665/665/665
f 665/665/665 750/750/750 749/749/749
f 665/665/665 751/751/751 750/750/750
f 751/751/751 674/674/674 671/671/671
f 665/665/665 674/674/674 751/751/751
f 752/752/752 751/751/751 671/671/671
f 751/751/751 753/753/753 750/750/750
f 752/752/752 753/753/753 751/751/751
f 752/752/752 671/671/671 677/677/677
f 677/677/677 754/754/754 752/752/752
f 754/754/754 677/677/677 678/678/678
f 678/678/678 755/755/755 754/754/754
f 678/678/678 756/756/756 755/755/755
f 756/756/756 683/683/683 682/682/682
f 678/678/678 683/683/683 756/756/756
f 757/757/757 756/756/756 682/682/682
f 755/755/755 756/756/756 757/757/757
f 757/757/757 682/682/682 685/685/685
f 685/685/685 758/758/758 757/757/757
f 758/758/758 685/685/685 686/686/686
f 686/686/686 759/759/759 758/758/758
f 759/759/759 686/686/686 687/687/687
f 687/687/687 760/760/760 759/759/759
f 760/760/760 687/687/687 688/688/688
f 688/688/688 761/761/761 760/760/760
f 688/688/688 762/762/762 761/761/761
f 689/689/689 762/762/762 688/688/688
f 763/763/763 762/762/762 689/689/689
f 761/761/761 762/762/762 763/763/763
f 763/763/763 689/689/689 690/690/690
f 690/690/690 764/764/764 763/763/763
f 764/764/764 690/690/690 691/691/691
f 691/691/691 765/765/765 764/764/764
f 765/765/765 691/691/691 692/692/692
f 692/692/692 766/766/766 765/765/765
f 766/766/766 692/692/692 694/694/694
f 694/694/694 767/767/767 766/766/766
f 767/767/767 694/694/694 696/696/696
f 696/696/696 768/768/768 767/767/767
f 696/696/696 769/769/769 768/768/768
f 701/701/701 770/770/770 769/769/769
f 699/699/699 770/770/770 701/701/701
f 696/696/696 701/701/701 769/769/769
f 769/769/769 772/772/772 771/771/771
f 772/772/772 770/770/770 699/699/699
f 769/769/769 770/770/770 772/772/772
f 769/769/769 773/773/773 768/768/768
f 771/771/771 773/773/773 769/769/769
f 774/774/774 772/772/772 699/699/699
f 772/772/772 775/775/775 771/771/771
f 774/774/774 775/775/775 772/772/772
f 703/703/703 774/774/774 699/699/699
f 774/774/774 777/777/777 776/776/776
f 703/703/703 777/777/777 774/774/774
f 778/778/778 775/775/775 774/774/774
f 771/771/771 775/775/775 778/778/778
f 776/776/776 778/778/778 774/774/774
f 777/777/777 780/780/780 779/779/779
f 703/703/703 780/780/780 777/777/777
f 776/776/776 777/777/777 779/779/779
f 779/779/779 711/711/711 708/708/708
f 780/780/780 712/712/712 711/711/711
f 703/703/703 712/712/712 780/780/780
f 779/779/779 780/780/780 711/711/711
f 781/781/781 779/779/779 708/708/708
f 776/776/776 779/779/779 781/781/781
f 708/708/708 782/782/782 781/781/781
f 716/716/716 782/782/782 708/708/708
f 782/782/782 784/784/784 783/783/783
f 716/716/716 784/784/784 782/782/782
f 781/781/781 782/782/782 783/783/783
f 784/784/784 786/786/786 785/785/785
f 716/716/716 786/786/786 784/784/784
f 783/783/783 784/784/784 785/785/785
f 785/785/785 721/721/721 720/720/720
f 786/786/786 722/722/722 721/721/721
f 716/716/716 722/722/722 786/786/786
f 785/785/785 786/786/786 721/721/721
f 787/787/787 785/785/785 720/720/720
f 783/783/783 785/785/785 787/787/787
f 787/787/787 720/720/720 723/723/723
f 723/723/723 788/788/788 787/787/787
f 788/788/788 723/723/723 724/724/724
f 724/724/724 789/789/789 788/788/788
f 789/789/789 724/724/724 725/725/725
f 725/725/725 790/790/790 789/789/789
f 790/790/790 725/725/725 726/726/726
f 726/726/726 791/791/791 790/790/790
f 726/726/726 792/792/792 791/791/791
f 792/792/792 732/732/732 730/730/730
f 726/726/726 732/732/732 792/792/792
f 793/793/793 794/794/794 792/792/792
f 795/795/795 794/794/794 793/793/793
f 730/730/730 793/793/793 792/792/792
f 792/792/792 796/796/796 791/791/791
f 796/796/796 794/794/794 795/795/795
f 792/792/792 794/794/794 796/796/796
f 797/797/797 793/793/793 730/730/730
f 795/795/795 793/793/793 797/797/797
f 797/797/797 739/739/739 738/738/738
f 730/730/730 739/739/739 797/797/797
f 798/798/798 797/797/797 738/738/738
f 795/795/795 797/797/797 798/798/798
f 798/798/798 738/738/738 741/741/741
f 741/741/741 799/799/799 798/798/798
f 799/799/799 741/741/741 742/742/742
f 742/742/742 800/800/800 799/799/799
f 800/800/800 742/742/742 744/744/744
f 744/744/744 801/801/801 800/800/800
f 801/801/801 744/744/744 746/746/746
f 746/746/746 802/802/802 801/801/801
f 803/803/803 747/747/747 748/748/748
f 748/748/748 804/804/804 803/803/803
f 804/804/804 748/748/748 749/749/749
f 749/749/749 805/805/805 804/804/804
f 749/749/749 806/806/806 805/805/805
f 750/750/750 806/806/806 749/749/749
f 806/806/806 808/808/808 807/807/807
f 750/750/750 808/808/808 806/806/806
f 805/805/805 806/806/806 807/807/807
f 808/808/808 810/810/810 809/809/809
f 750/750/750 810/810/810 808/808/808
f 807/807/807 808/808/808 809/809/809
f 753/753/753 811/811/811 809/809/809
f 752/752/752 811/811/811 753/753/753
f 753/753/753 810/810/810 750/750/750
f 809/809/809 810/810/810 753/753/753
f 812/812/812 814/814/814 813/813/813
f 809/809/809 814/814/814 812/812/812
f 815/815/815 812/812/812 813/813/813
f 813/813/813 811/811/811 752/752/752
f 811/811/811 814/814/814 809/809/809
f 813/813/813 814/814/814 811/811/811
f 809/809/809 816/816/816 807/807/807
f 816/816/816 812/812/812 815/815/815
f 809/809/809 812/812/812 816/816/816
f 817/817/817 813/813/813 752/752/752
f 815/815/815 813/813/813 817/817/817
f 754/754/754 817/817/817 752/752/752
f 818/818/818 817/817/817 754/754/754
f 817/817/817 819/819/819 815/815/815
f 818/818/818 819/819/819 817/817/817
f 754/754/754 820/820/820 818/818/818
f 755/755/755 820/820/820 754/754/754
f 821/821/821 820/820/820 755/755/755
f 820/820/820 822/822/822 818/818/818
f 821/821/821 822/822/822 820/820/820
f 821/821/821 755/755/755 757/757/757
f 757/757/757 823/823/823 821/821/821
f 823/823/823 757/757/757 758/758/758
f 758/758/758 824/824/824 823/823/823
f 824/824/824 758/758/758 759/759/759
f 759/759/759 825/825/825 824/824/824
f 825/825/825 759/759/759 760/760/760
f 760/760/760 826/826/826 825/825/825
f 826/826/826 760/760/760 761/761/761
f 761/761/761 827/827/827 826/826/826
f 827/827/827 761/761/761 763/763/763
f 763/763/763 828/828/828 827/827/827
f 828/828/828 763/763/763 764/764/764
f 764/764/764 829/829/829 828/828/828
f 829/829/829 764/764/764 765/765/765
f 765/765/765 830/830/830 829/829/829
f 830/830/830 765/765/765 766/766/766
f 766/766/766 831/831/831 830/830/830
f 831/831/831 766/766/766 767/767/767
f 767/767/767 832/832/832 831/831/831
f 832/832/832 767/767/767 768/768/768
f 768/768/768 833/833/833 832/832/832
f 768/768/768 834/834/834 833/833/833
f 773/773/773 835/835/835 834/834/834
f 771/771/771 835/835/835 773/773/773
f 768/768/768 773/773/773 834/834/834
f 836/836/836 837/837/837 834/834/834
f 837/837/837 839/839/839 838/838/838
f 836/836/836 839/839/839 837/837/837
f 835/835/835 840/840/840 836/836/836
f 771/771/771 840/840/840 835/835/835
f 834/834/834 835/835/835 836/836/836
f 834/834/834 841/841/841 833/833/833
f 841/841/841 837/837/837 838/838/838
f 834/834/834 837/837/837 841/841/841
f 842/842/842 844/844/844 843/843/843
f 836/836/836 844/844/844 842/842/842
f 845/845/845 842/842/842 843/843/843
f 843/843/843 840/840/840 771/771/771
f 840/840/840 844/844/844 836/836/836
f 843/843/843 844/844/844 840/840/840
f 839/839/839 847/847/847 846/846/846
f 836/836/836 847/847/847 839/839/839
f 838/838/838 839/839/839 846/846/846
f 846/846/846 842/842/842 845/845/845
f 842/842/842 847/847/847 836/836/836
f 846/846/846 847/847/847 842/842/842
f 845/845/845 778/778/778 776/776/776
f 778/778/778 843/843/843 771/771/771
f 845/845/845 843/843/843 778/778/778
f 848/848/848 845/845/845 776/776/776
f 849/849/849 846/846/846 845/845/845
f 846/846/846 850/850/850 838/838/838
f 849/849/849 850/850/850 846/846/846
f 848/848/848 849/849/849 845/845/845
f 776/776/776 851/851/851 848/848/848
f 781/781/781 851/851/851 776/776/776
f 851/851/851 853/853/853 852/852/852
f 781/781/781 853/853/853 851/851/851
f 848/848/848 851/851/851 852/852/852
f 854/854/854 853/853/853 781/781/781
f 853/853/853 855/855/855 852/852/852
f 854/854/854 855/855/855 853/853/853
f 783/783/783 854/854/854 781/781/781
f 856/856/856 857/857/857 854/854/854
f 858/858/858 857/857/857 856/856/856
f 783/783/783 856/856/856 854/854/854
f 859/859/859 855/855/855 854/854/854
f 852/852/852 855/855/855 859/859/859
f 859/859/859 857/857/857 858/858/858
f 854/854/854 857/857/857 859/859/859
f 860/860/860 856/856/856 783/783/783
f 858/858/858 856/856/856 860/860/860
f 787/787/787 860/860/860 783/783/783
f 861/861/861 860/860/860 787/787/787
f 858/858/858 860/860/860 861/861/861
f 861/861/861 787/787/787 788/788/788
f 788/788/788 862/862/862 861/861/861
f 862/862/862 788/788/788 789/789/789
f 789/789/789 863/863/863 862/862/862
f 863/863/863 789/789/789 790/790/790
f 790/790/790 864/864/864 863/863/863
f 790/790/790 865/865/865 864/864/864
f 791/791/791 865/865/865 790/790/790
f 865/865/865 867/867/867 866/866/866
f 791/791/791 867/867/867 865/865/865
f 865/865/865 868/868/868 864/864/864
f 866/866/866 868/868/868 865/865/865
f 867/867/867 870/870/870 869/869/869
f 791/791/791 870/870/870 867/867/867
f 866/866/866 867/867/867 869/869/869
f 869/869/869 796/796/796 795/795/795
f 796/796/796 870/870/870 791/791/791
f 869/869/869 870/870/870 796/796/796
f 871/871/871 869/869/869 795/795/795
f 866/866/866 869/869/869 871/871/871
f 871/871/871 795/795/795 798/798/798
f 798/798/798 872/872/872 871/871/871
f 872/872/872 798/798/798 799/799/799
f 799/799/799 873/873/873 872/872/872
f 873/873/873 799/799/799 800/800/800
f 800/800/800 874/874/874 873/873/873
f 874/874/874 800/800/800 801/801/801
f 801/801/801 875/875/875 874/874/874
f 875/875/875 801/801/801 802/802/802
f 802/802/802 876/876/876 875/875/875
f 877/877/877 803/803/803 804/804/804
f 804/804/804 878/878/878 877/877/877
f 878/878/878 804/804/804 805/805/805
f 805/805/805 879/879/879 878/878/878
f 879/879/879 805/805/805 807/807/807
f 807/807/807 880/880/880 879/879/879
f 807/807/807 881/881/881 880/880/880
f 816/816/816 882/882/882 881/881/881
f 815/815/815 882/882/882 816/816/816
f 807/807/807 816/816/816 881/881/881
f 881/881/881 884/884/884 883/883/883
f 882/882/882 885/885/885 884/884/884
f 815/815/815 885/885/885 882/882/882
f 881/881/881 882/882/882 884/884/884
f 880/880/880 881/881/881 883/883/883
f 884/884/884 887/887/887 886/886/886
f 887/887/887 885/885/885 815/815/815
f 884/884/884 885/885/885 887/887/887
f 884/884/884 888/888/888 883/883/883
f 886/886/886 888/888/888 884/884/884
f 886/886/886 819/819/819 818/818/818
f 819/819/819 887/887/887 815/815/815
f 886/886/886 887/887/887 819/819/819
f 889/889/889 886/886/886 818/818/818
f 890/890/890 888/888/888 886/886/886
f 883/883/883 888/888/888 890/890/890
f 889/889/889 890/890/890 886/886/886
f 818/818/818 891/891/891 889/889/889
f 822/822/822 892/892/892 891/891/891
f 821/821/821 892/892/892 822/822/822
f 818/818/818 822/822/822 891/891/891
f 891/891/891 894/894/894 893/893/893
f 894/894/894 892/892/892 821/821/821
f 891/891/891 892/892/892 894/894/894
f 889/889/889 891/891/891 893/893/893
f 895/895/895 894/894/894 821/821/821
f 893/893/893 894/894/894 895/895/895
f 823/823/823 895/895/895 821/821/821
f 895/895/895 897/897/897 896/896/896
f 823/823/823 897/897/897 895/895/895
f 895/895/895 898/898/898 893/893/893
f 896/896/896 898/898/898 895/895/895
f 899/899/899 897/897/897 823/823/823
f 896/896/896 897/897/897 899/899/899
f 824/824/824 899/899/899 823/823/823
f 900/900/900 899/899/899 824/824/824
f 899/899/899 901/901/901 896/896/896
f 900/900/900 901/901/901 899/899/899
f 900/900/900 824/824/824 825/825/825
f 825/825/825 902/902/902 900/900/900
f 902/902/902 825/825/825 826/826/826
f 826/826/826 903/903/903 902/902/902
f 903/903/903 826/826/826 827/827/827
f 827/827/827 904/904/904 903/903/903
f 904/904/904 827/827/827 828/828/828
f 828/828/828 905/905/905 904/904/904
f 905/905/905 828/828/828 829/829/829
f 829/829/829 906/906/906 905/905/905
f 906/906/906 829/829/829 830/830/830
f 830/830/830 907/907/907 906/906/906
f 907/907/907 830/830/830 831/831/831
f 831/831/831 908/908/908 907/907/907
f 908/908/908 831/831/831 832/832/832
f 832/832/832 909/909/909 908/908/908
f 832/832/832 910/910/910 909/909/909
f 833/833/833 910/910/910 832/832/832
f 911/911/911 912/912/912 910/910/910
f 913/913/913 912/912/912 911/911/911
f 833/833/833 911/911/911 910/910/910
f 910/910/910 914/914/914 909/909/909
f 914/914/914 912/912/912 913/913/913
f 910/910/910 912/912/912 914/914/914
f 915/915/915 911/911/911 833/833/833
f 913/913/913 911/911/911 915/915/915
f 915/915/915 841/841/841 838/838/838
f 833/833/833 841/841/841 915/915/915
f 915/915/915 917/917/917 916/916/916
f 838/838/838 917/917/917 915/915/915
f 913/913/913 915/915/915 916/916/916
f 918/918/918 919/919/919 917/917/917
f 920/920/920 919/919/919 918/918/918
f 838/838/838 918/918/918 917/917/917
f 917/917/917 921/921/921 916/916/916
f 921/921/921 919/919/919 920/920/920
f 917/917/917 919/919/919 921/921/921
f 920/920/920 849/849/849 848/848/848
f 918/918/918 850/850/850 849/849/849
f 838/838/838 850/850/850 918/918/918
f 920/920/920 918/918/918 849/849/849
f 922/922/922 920/920/920 848/848/848
f 923/923/923 921/921/921 920/920/920
f 921/921/921 924/924/924 916/916/916
f 923/923/923 924/924/924 921/921/921
f 922/922/922 923/923/923 920/920/920
f 922/922/922 848/848/848 852/852/852
f 852/852/852 925/925/925 922/922/922
f 852/852/852 926/926/926 925/925/925
f 926/926/926 859/859/859 858/858/858
f 852/852/852 859/859/859 926/926/926
f 927/927/927 926/926/926 858/858/858
f 925/925/925 926/926/926 927/927/927
f 927/927/927 858/858/858 861/861/861
f 861/861/861 928/928/928 927/927/927
f 928/928/928 861/861/861 862/862/862
f 862/862/862 929/929/929 928/928/928
f 929/929/929 862/862/862 863/863/863
f 863/863/863 930/930/930 929/929/929
f 930/930/930 863/863/863 864/864/864
f 864/864/864 931/931/931 930/930/930
f 864/864/864 932/932/932 931/931/931
f 932/932/932 868/868/868 866/866/866
f 864/864/864 868/868/868 932/932/932
f 933/933/933 932/932/932 866/866/866
f 931/931/931 932/932/932 933/933/933
f 933/933/933 866/866/866 871/871/871
f 871/871/871 934/934/934 933/933/933
f 934/934/934 871/871/871 872/872/872
f 872/872/872 935/935/935 934/934/934
f 935/935/935 872/872/872 873/873/873
f 873/873/873 936/936/936 935/935/935
f 936/936/936 873/873/873 874/874/874
f 874/874/874 937/937/937 936/936/936
f 937/937/937 874/874/874 875/875/875
f 875/875/875 938/938/938 937/937/937
f 938/938/938 875/875/875 876/876/876
f 876/876/876 939/939/939 938/938/938
f 940/940/940 877/877/877 878/878/878
f 878/878/878 941/941/941 940/940/940
f 941/941/941 878/878/878 879/879/879
f 879/879/879 942/942/942 941/941/941
f 942/942/942 879/879/879 880/880/880
f 880/880/880 943/943/943 942/942/942
f 943/943/943 880/880/880 883/883/883
f 883/883/883 944/944/944 943/943/943
f 883/883/883 945/945/945 944/944/944
f 890/890/890 946/946/946 945/945/945
f 889/889/889 946/946/946 890/890/890
f 883/883/883 890/890/890 945/945/945
f 945/945/945 948/948/948 947/947/947
f 948/948/948 946/946/946 889/889/889
f 945/945/945 946/946/946 948/948/948
f 944/944/944 945/945/945 947/947/947
f 949/949/949 948/948/948 889/889/889
f 947/947/947 948/948/948 949/949/949
f 893/893/893 949/949/949 889/889/889
f 950/950/950 949/949/949 893/893/893
f 947/947/947 949/949/949 950/950/950
f 893/893/893 951/951/951 950/950/950
f 898/898/898 952/952/952 951/951/951
f 896/896/896 952/952/952 898/898/898
f 893/893/893 898/898/898 951/951/951
f 953/953/953 955/955/955 954/954/954
f 951/951/951 955/955/955 953/953/953
f 956/956/956 953/953/953 954/954/954
f 954/954/954 952/952/952 896/896/896
f 952/952/952 955/955/955 951/951/951
f 954/954/954 955/955/955 952/952/952
f 951/951/951 957/957/957 950/950/950
f 957/957/957 953/953/953 956/956/956
f 951/951/951 953/953/953 957/957/957
f 958/958/958 954/954/954 896/896/896
f 956/956/956 954/954/954 958/958/958
f 958/958/958 901/901/901 900/900/900
f 896/896/896 901/901/901 958/958/958
f 959/959/959 958/958/958 900/900/900
f 958/958/958 960/960/960 956/956/956
f 959/959/959 960/960/960 958/958/958
f 959/959/959 900/900/900 902/902/902
f 902/902/902 961/961/961 959/959/959
f 961/961/961 902/902/902 903/903/903
f 903/903/903 962/962/962 961/961/961
f 962/962/962 903/903/903 904/904/904
f 904/904/904 963/963/963 962/962/962
f 963/963/963 904/904/904 905/905/905
f 905/905/905 964/964/964 963/963/963
f 964/964/964 905/905/905 906/906/906
f 906/906/906 965/965/965 964/964/964
f 965/965/965 906/906/906 907/907/907
f 907/907/907 966/966/966 965/965/965
f 966/966/966 907/907/907 908/908/908
f 908/908/908 967/967/967 966/966/966
f 967/967/967 908/908/908 909/909/909
f 909/909/909 968/968/968 967/967/967
f 909/909/909 969/969/969 968/968/968
f 969/969/969 914/914/914 913/913/913
f 909/909/909 914/914/914 969/969/969
f 970/970/970 969/969/969 913/913/913
f 968/968/968 969/969/969 970/970/970
f 913/913/913 971/971/971 970/970/970
f 916/916/916 971/971/971 913/913/913
f 971/971/971 973/973/973 972/972/972
f 916/916/916 973/973/973 971/971/971
f 970/970/970 971/971/971 972/972/972
f 973/973/973 975/975/975 974/974/974
f 916/916/916 975/975/975 973/973/973
f 972/972/972 973/973/973 974/974/974
f 976/976/976 977/977/977 923/923/923
f 974/974/974 977/977/977 976/976/976
f 922/922/922 976/976/976 923/923/923
f 924/924/924 978/978/978 975/975/975
f 923/923/923 978/978/978 924/924/924
f 916/916/916 924/924/924 975/975/975
f 975/975/975 977/977/977 974/974/974
f 977/977/977 978/978/978 923/923/923
f 975/975/975 978/978/978 977/977/977
f 974/974/974 980/980/980 979/979/979
f 980/980/980 976/976/976 922/922/922
f 974/974/974 976/976/976 980/980/980
f 972/972/972 974/974/974 979/979/979
f 981/981/981 980/980/980 922/922/922
f 979/979/979 980/980/980 981/981/981
f 925/925/925 981/981/981 922/922/922
f 982/982/982 981/981/981 925/925/925
f 979/979/979 981/981/981 982/982/982
f 982/982/982 925/925/925 927/927/927
f 927/927/927 983/983/983 982/982/982
f 983/983/983 927/927/927 928/928/928
f 928/928/928 984/984/984 983/983/983
f 984/984/984 928/928/928 929/929/929
f 929/929/929 985/985/985 984/984/984
f 929/929/929 986/986/986 985/985/985
f 930/930/930 986/986/986 929/929/929
f 986/986/986 988/988/988 987/987/987
f 930/930/930 988/988/988 986/986/986
f 985/985/985 986/986/986 987/987/987
f 989/989/989 988/988/988 930/930/930
f 987/987/987 988/988/988 989/989/989
f 931/931/931 989/989/989 930/930/930
f 989/989/989 991/991/991 990/990/990
f 931/931/931 991/991/991 989/989/989
f 987/987/987 989/989/989 990/990/990
f 992/992/992 991/991/991 931/931/931
f 990/990/990 991/991/991 992/992/992
f 933/933/933 992/992/992 931/931/931
f 993/993/993 992/992/992 933/933/933
f 992/992/992 994/994/994 990/990/990
f 993/993/993 994/994/994 992/992/992
f 933/933/933 995/995/995 993/993/993
f 934/934/934 995/995/995 933/933/933
f 996/996/996 995/995/995 934/934/934
f 995/995/995 997/997/997 993/993/993
f 996/996/996 997/997/997 995/995/995
f 934/934/934 998/998/998 996/996/996
f 935/935/935 998/998/998 934/934/934
f 998/998/998 1000/1000/1000 999/999/999
f 935/935/935 1000/1000/1000 998/998/998
f 998/998/998 1001/1001/1001 996/996/996
f 999/999/999 1001/1001/1001 998/998/998
f 1002/1002/1002 1000/1000/1000 935/935/935
f 999/999/999 1000/1000/1000 1002/1002/1002
f 936/936/936 1002/1002/1002 935/935/935
f 1003/1003/1003 1002/1002/1002 936/936/936
f 999/999/999 1002/1002/1002 1003/1003/1003
f 1003/1003/1003 936/936/936 937/937/937
f 937/937/937 1004/1004/1004 1003/1003/1003
f 1004/1004/1004 937/937/937 938/938/938
f 938/938/938 1005/1005/1005 1004/1004/1004
f 1005/1005/1005 938/938/938 939/939/939
f 939/939/939 1006/1006/1006 1005/1005/1005
f 1007/1007/1007 940/940/940 941/941/941
f 941/941/941 1008/1008/1008 1007/1007/1007
f 1008/1008/1008 941/941/941 942/942/942
f 942/942/942 1009/1009/1009 1008/1008/1008
f 1009/1009/1009 942/942/942 943/943/943
f 943/943/943 1010/1010/1010 1009/1009/1009
f 1010/1010/1010 943/943/943 944/944/944
f 944/944/944 1011/1011/1011 1010/1010/1010
f 1011/1011/1011 944/944/944 947/947/947
f 947/947/947 1012/1012/1012 1011/1011/1011
f 947/947/947 1013/1013/1013 1012/1012/1012
f 950/950/950 1013/1013/1013 947/947/947
f 1014/1014/1014 1013/1013/1013 950/950/950
f 1013/1013/1013 1015/1015/1015 1012/1012/1012
f 1014/1014/1014 1015/1015/1015 1013/1013/1013
f 950/950/950 1016/1016/1016 1014/1014/1014
f 957/957/957 1017/1017/1017 1016/1016/1016
f 956/956/956 1017/1017/1017 957/957/957
f 950/950/950 957/957/957 1016/1016/1016
f 1016/1016/1016 1019/1019/1019 1018/1018/1018
f 1017/1017/1017 1020/1020/1020 1019/1019/1019
f 956/956/956 1020/1020/1020 1017/1017/1017
f 1016/1016/1016 1017/1017/1017 1019/1019/1019
f 1014/1014/1014 1016/1016/1016 1018/1018/1018
f 1019/1019/1019 1022/1022/1022 1021/1021/1021
f 1022/1022/1022 1020/1020/1020 956/956/956
f 1019/1019/1019 1020/1020/1020 1022/1022/1022
f 1018/1018/1018 1019/1019/1019 1021/1021/1021
f 1021/1021/1021 960/960/960 959/959/959
f 960/960/960 1022/1022/1022 956/956/956
f 1021/1021/1021 1022/1022/1022 960/960/960
f 1023/1023/1023 1021/1021/1021 959/959/959
f 1018/1018/1018 1021/1021/1021 1023/1023/1023
f 959/959/959 1024/1024/1024 1023/1023/1023
f 961/961/961 1024/1024/1024 959/959/959
f 1025/1025/1025 1024/1024/1024 961/961/961
f 1023/1023/1023 1024/1024/1024 1025/1025/1025
f 1025/1025/1025 961/961/961 962/962/962
f 962/962/962 1026/1026/1026 1025/1025/1025
f 1026/1026/1026 962/962/962 963/963/963
f 963/963/963 1027/1027/1027 1026/1026/1026
f 1027/1027/1027 963/963/963 964/964/964
f 964/964/964 1028/1028/1028 1027/1027/1027
f 1028/1028/1028 964/964/964 965/965/965
f 965/965/965 1029/1029/1029 1028/1028/1028
f 1029/1029/1029 965/965/965 966/966/966
f 966/966/966 1030/1030/1030 1029/1029/1029
f 1030/1030/1030 966/966/966 967/967/967
f 967/967/967 1031/1031/1031 1030/1030/1030
f 1031/1031/1031 967/967/967 968/968/968
f 968/968/968 1032/1032/1032 1031/1031/1031
f 1032/1032/1032 968/968/968 970/970/970
f 970/970/970 1033/1033/1033 1032/1032/1032
f 1033/1033/1033 970/970/970 972/972/972
f 972/972/972 1034/1034/1034 1033/1033/1033
f 972/972/972 1035/1035/1035 1034/1034/1034
f 979/979/979 1035/1035/1035 972/972/972
f 1036/1036/1036 1035/1035/1035 979/979/979
f 1035/1035/1035 1037/1037/1037 1034/1034/1034
f 1036/1036/1036 1037/1037/1037 1035/1035/1035
f 979/979/979 1038/1038/1038 1036/1036/1036
f 982/982/982 1038/1038/1038 979/979/979
f 1039/1039/1039 1038/1038/1038 982/982/982
f 1038/1038/1038 1040/1040/1040 1036/1036/1036
f 1039/1039/1039 1040/1040/1040 1038/1038/1038
f 1039/1039/1039 982/982/982 983/983/983
f 983/983/983 1041/1041/1041 1039/1039/1039
f 1041/1041/1041 983/983/983 984/984/984
f 984/984/984 1042/1042/1042 1041/1041/1041
f 1042/1042/1042 984/984/984 985/985/985
f 985/985/985 1043/1043/1043 1042/1042/1042
f 985/985/985 1044/1044/1044 1043/1043/1043
f 987/987/987 1044/1044/1044 985/985/985
f 1044/1044/1044 1046/1046/1046 1045/1045/1045
f 987/987/987 1046/1046/1046 1044/1044/1044
f 1043/1043/1043 1044/1044/1044 1045/1045/1045
f 1047/1047/1047 1046/1046/1046 987/987/987
f 1046/1046/1046 1048/1048/1048 1045/1045/1045
f 1047/1047/1047 1048/1048/1048 1046/1046/1046
f 990/990/990 1047/1047/1047 987/987/987
f 1049/1049/1049 1047/1047/1047 990/990/990
f 1050/1050/1050 1048/1048/1048 1047/1047/1047
f 1045/1045/1045 1048/1048/1048 1050/1050/1050
f 1049/1049/1049 1050/1050/1050 1047/1047/1047
f 990/990/990 1051/1051/1051 1049/1049/1049
f 994/994/994 1052/1052/1052 1051/1051/1051
f 993/993/993 1052/1052/1052 994/994/994
f 990/990/990 994/994/994 1051/1051/1051
f 1051/1051/1051 1054/1054/1054 1053/1053/1053
f 1052/1052/1052 1055/1055/1055 1054/1054/1054
f 993/993/993 1055/1055/1055 1052/1052/1052
f 1051/1051/1051 1052/1052/1052 1054/1054/1054
f 1049/1049/1049 1051/1051/1051 1053/1053/1053
f 1054/1054/1054 1057/1057/1057 1056/1056/1056
f 1057/1057/1057 1055/1055/1055 993/993/993
f 1054/1054/1054 1055/1055/1055 1057/1057/1057
f 1053/1053/1053 1054/1054/1054 1056/1056/1056
f 997/997/997 1058/1058/1058 1056/1056/1056
f 996/996/996 1058/1058/1058 997/997/997
f 997/997/997 1057/1057/1057 993/993/993
f 1056/1056/1056 1057/1057/1057 997/997/997
f 1056/1056/1056 1060/1060/1060 1059/1059/1059
f 1058/1058/1058 1061/1061/1061 1060/1060/1060
f 996/996/996 1061/1061/1061 1058/1058/1058
f 1056/1056/1056 1058/1058/1058 1060/1060/1060
f 1053/1053/1053 1056/1056/1056 1059/1059/1059
f 1060/1060/1060 1063/1063/1063 1062/1062/1062
f 1063/1063/1063 1061/1061/1061 996/996/996
f 1060/1060/1060 1061/1061/1061 1063/1063/1063
f 1059/1059/1059 1060/1060/1060 1062/1062/1062
f 1062/1062/1062 1001/1001/1001 999/999/999
f 1001/1001/1001 1063/1063/1063 996/996/996
f 1062/1062/1062 1063/1063/1063 1001/1001/1001
f 1064/1064/1064 1062/1062/1062 999/999/999
f 1059/1059/1059 1062/1062/1062 1064/1064/1064
f 1064/1064/1064 999/999/999 1003/1003/1003
f 1003/1003/1003 1065/1065/1065 1064/1064/1064
f 1065/1065/1065 1003/1003/1003 1004/1004/1004
f 1004/1004/1004 1066/1066/1066 1065/1065/1065
f 1066/1066/1066 1004/1004/1004 1005/1005/1005
f 1005/1005/1005 1067/1067/1067 1066/1066/1066
f 1067/1067/1067 1005/1005/1005 1006/1006/1006
f 1006/1006/1006 1068/1068/1068 1067/1067/1067
f 1071/1071/1071 1070/1070/1070 1007/1007/1007
f 1070/1070/1070 1072/1072/1072 1069/1069/1069
f 1071/1071/1071 1072/1072/1072 1070/1070/1070
f 1008/1008/1008 1071/1071/1071 1007/1007/1007
f 1073/1073/1073 1071/1071/1071 1008/1008/1008
f 1074/1074/1074 1072/1072/1072 1071/1071/1071
f 1069/1069/1069 1072/1072/1072 1074/1074/1074
f 1073/1073/1073 1074/1074/1074 1071/1071/1071
f 1073/1073/1073 1008/1008/1008 1009/1009/1009
f 1009/1009/1009 1075/1075/1075 1073/1073/1073
f 1075/1075/1075 1009/1009/1009 1010/1010/1010
f 1010/1010/1010 1076/1076/1076 1075/1075/1075
f 1076/1076/1076 1010/1010/1010 1011/1011/1011
f 1011/1011/1011 1077/1077/1077 1076/1076/1076
f 1077/1077/1077 1011/1011/1011 1012/1012/1012
f 1012/1012/1012 1078/1078/1078 1077/1077/1077
f 1012/1012/1012 1079/1079/1079 1078/1078/1078
f 1079/1079/1079 1015/1015/1015 1014/1014/1014
f 1012/1012/1012 1015/1015/1015 1079/1079/1079
f 1079/1079/1079 1081/1081/1081 1080/1080/1080
f 1014/1014/1014 1081/1081/1081 1079/1079/1079
f 1078/1078/1078 1079/1079/1079 1080/1080/1080
f 1082/1082/1082 1081/1081/1081 1014/1014/1014
f 1081/1081/1081 1083/1083/1083 1080/1080/1080
f 1082/1082/1082 1083/1083/1083 1081/1081/1081
f 1018/1018/1018 1082/1082/1082 1014/1014/1014
f 1084/1084/1084 1082/1082/1082 1018/1018/1018
f 1085/1085/1085 1083/1083/1083 1082/1082/1082
f 1083/1083/1083 1086/1086/1086 1080/1080/1080
f 1085/1085/1085 1086/1086/1086 1083/1083/1083
f 1084/1084/1084 1085/1085/1085 1082/1082/1082
f 1018/1018/1018 1087/1087/1087 1084/1084/1084
f 1023/1023/1023 1087/1087/1087 1018/1018/1018
f 1088/1088/1088 1089/1089/1089 1087/1087/1087
f 1089/1089/1089 1091/1091/1091 1090/1090/1090
f 1088/1088/1088 1091/1091/1091 1089/1089/1089
f 1023/1023/1023 1088/1088/1088 1087/1087/1087
f 1087/1087/1087 1092/1092/1092 1084/1084/1084
f 1092/1092/1092 1089/1089/1089 1090/1090/1090
f 1087/1087/1087 1089/1089/1089 1092/1092/1092
f 1093/1093/1093 1088/1088/1088 1023/1023/1023
f 1094/1094/1094 1091/1091/1091 1088/1088/1088
f 1090/1090/1090 1091/1091/1091 1094/1094/1094
f 1093/1093/1093 1094/1094/1094 1088/1088/1088
f 1025/1025/1025 1093/1093/1093 1023/1023/1023
f 1095/1095/1095 1093/1093/1093 1025/1025/1025
f 1096/1096/1096 1094/1094/1094 1093/1093/1093
f 1090/1090/1090 1094/1094/1094 1096/1096/1096
f 1095/1095/1095 1096/1096/1096 1093/1093/1093
f 1095/1095/1095 1025/1025/1025 1026/1026/1026
f 1026/1026/1026 1097/1097/1097 1095/1095/1095
f 1026/1026/1026 1098/1098/1098 1097/1097/1097
f 1027/1027/1027 1098/1098/1098 1026/1026/1026
f 1099/1099/1099 1098/1098/1098 1027/1027/1027
f 1098/1098/1098 1100/1100/1100 1097/1097/1097
f 1099/1099/1099 1100/1100/1100 1098/1098/1098
f 1099/1099/1099 1027/1027/1027 1028/1028/1028
f 1028/1028/1028 1101/1101/1101 1099/1099/1099
f 1101/1101/1101 1028/1028/1028 1029/1029/1029
f 1029/1029/1029 1102/1102/1102 1101/1101/1101
f 1102/1102/1102 1029/1029/1029 1030/1030/1030
f 1030/1030/1030 1103/1103/1103 1102/1102/1102
f 1103/1103/1103 1030/1030/1030 1031/1031/1031
f 1031/1031/1031 1104/1104/1104 1103/1103/1103
f 1104/1104/1104 1031/1031/1031 1032/1032/1032
f 1032/1032/1032 1105/1105/1105 1104/1104/1104
f 1105/1105/1105 1032/1032/1032 1033/1033/1033
f 1033/1033/1033 1106/1106/1106 1105/1105/1105
f 1033/1033/1033 1107/1107/1107 1106/1106/1106
f 1034/1034/1034 1107/1107/1107 1033/1033/1033
f 1108/1108/1108 1109/1109/1109 1107/1107/1107
f 1109/1109/1109 1111/1111/1111 1110/1110/1110
f 1108/1108/1108 1111/1111/1111 1109/1109/1109
f 1034/1034/1034 1108/1108/1108 1107/1107/1107
f 1107/1107/1107 1112/1112/1112 1106/1106/1106
f 1112/1112/1112 1109/1109/1109 1110/1110/1110
f 1107/1107/1107 1109/1109/1109 1112/1112/1112
f 1108/1108/1108 1114/1114/1114 1113/1113/1113
f 1034/1034/1034 1114/1114/1114 1108/1108/1108
f 1115/1115/1115 1111/1111/1111 1108/1108/1108
f 1110/1110/1110 1111/1111/1111 1115/1115/1115
f 1113/1113/1113 1115/1115/1115 1108/1108/1108
f 1037/1037/1037 1116/1116/1116 1113/1113/1113
f 1036/1036/1036 1116/1116/1116 1037/1037/1037
f 1037/1037/1037 1114/1114/1114 1034/1034/1034
f 1113/1113/1113 1114/1114/1114 1037/1037/1037
f 1117/1117/1117 1119/1119/1119 1118/1118/1118
f 1113/1113/1113 1119/1119/1119 1117/1117/1117
f 1120/1120/1120 1117/1117/1117 1118/1118/1118
f 1121/1121/1121 1122/1122/1122 1116/1116/1116
f 1118/1118/1118 1122/1122/1122 1121/1121/1121
f 1036/1036/1036 1121/1121/1121 1116/1116/1116
f 1116/1116/1116 1119/1119/1119 1113/1113/1113
f 1119/1119/1119 1122/1122/1122 1118/1118/1118
f 1116/1116/1116 1122/1122/1122 1119/1119/1119
f 1123/1123/1123 1115/1115/1115 1113/1113/1113
f 1110/1110/1110 1115/1115/1115 1123/1123/1123
f 1123/1123/1123 1117/1117/1117 1120/1120/1120
f 1113/1113/1113 1117/1117/1117 1123/1123/1123
f 1118/1118/1118 1125/1125/1125 1124/1124/1124
f 1125/1125/1125 1121/1121/1121 1036/1036/1036
f 1118/1118/1118 1121/1121/1121 1125/1125/1125
f 1120/1120/1120 1118/1118/1118 1124/1124/1124
f 1124/1124/1124 1040/1040/1040 1039/1039/1039
f 1040/1040/1040 1125/1125/1125 1036/1036/1036
f 1124/1124/1124 1125/1125/1125 1040/1040/1040
f 1126/1126/1126 1124/1124/1124 1039/1039/1039
f 1120/1120/1120 1124/1124/1124 1126/1126/1126
f 1126/1126/1126 1039/1039/1039 1041/1041/1041
f 1041/1041/1041 1127/1127/1127 1126/1126/1126
f 1127/1127/1127 1041/1041/1041 1042/1042/1042
f 1042/1042/1042 1128/1128/1128 1127/1127/1127
f 1128/1128/1128 1042/1042/1042 1043/1043/1043
f 1043/1043/1043 1129/1129/1129 1128/1128/1128
f 1129/1129/1129 1043/1043/1043 1045/1045/1045
f 1045/1045/1045 1130/1130/1130 1129/1129/1129
f 1045/1045/1045 1131/1131/1131 1130/1130/1130
f 1131/1131/1131 1050/1050/1050 1049/1049/1049
f 1045/1045/1045 1050/1050/1050 1131/1131/1131
f 1132/1132/1132 1131/1131/1131 1049/1049/1049
f 1130/1130/1130 1131/1131/1131 1132/1132/1132
f 1049/1049/1049 1133/1133/1133 1132/1132/1132
f 1053/1053/1053 1133/1133/1133 1049/1049/1049
f 1134/1134/1134 1133/1133/1133 1053/1053/1053
f 1132/1132/1132 1133/1133/1133 1134/1134/1134
f 1053/1053/1053 1135/1135/1135 1134/1134/1134
f 1059/1059/1059 1135/1135/1135 1053/1053/1053
f 1136/1136/1136 1135/1135/1135 1059/1059/1059
f 1135/1135/1135 1137/1137/1137 1134/1134/1134
f 1136/1136/1136 1137/1137/1137 1135/1135/1135
f 1059/1059/1059 1138/1138/1138 1136/1136/1136
f 1064/1064/1064 1138/1138/1138 1059/1059/1059
f 1139/1139/1139 1138/1138/1138 1064/1064/1064
f 1138/1138/1138 1140/1140/1140 1136/1136/1136
f 1139/1139/1139 1140/1140/1140 1138/1138/1138
f 1139/1139/1139 1064/1064/1064 1065/1065/1065
f 1065/1065/1065 1141/1141/1141 1139/1139/1139
f 1141/1141/1141 1065/1065/1065 1066/1066/1066
f 1066/1066/1066 1142/1142/1142 1141/1141/1141
f 1142/1142/1142 1066/1066/1066 1067/1067/1067
f 1067/1067/1067 1143/1143/1143 1142/1142/1142
f 1143/1143/1143 1067/1067/1067 1068/1068/1068
f 1068/1068/1068 1144/1144/1144 1143/1143/1143
f 1069/1069/1069 1146/1146/1146 1145/1145/1145
f 1146/1146/1146 1074/1074/1074 1073/1073/1073
f 1069/1069/1069 1074/1074/1074 1146/1146/1146
f 1147/1147/1147 1146/1146/1146 1073/1073/1073
f 1145/1145/1145 1146/1146/1146 1147/1147/1147
f 1147/1147/1147 1073/1073/1073 1075/1075/1075
f 1075/1075/1075 1148/1148/1148 1147/1147/1147
f 1148/1148/1148 1075/1075/1075 1076/1076/1076
f 1076/1076/1076 1149/1149/1149 1148/1148/1148
f 1076/1076/1076 1150/1150/1150 1149/1149/1149
f 1077/1077/1077 1150/1150/1150 1076/1076/1076
f 1151/1151/1151 1150/1150/1150 1077/1077/1077
f 1150/1150/1150 1152/1152/1152 1149/1149/1149
f 1151/1151/1151 1152/1152/1152 1150/1150/1150
f 1151/1151/1151 1077/1077/1077 1078/1078/1078
f 1078/1078/1078 1153/1153/1153 1151/1151/1151
f 1078/1078/1078 1154/1154/1154 1153/1153/1153
f 1080/1080/1080 1154/1154/1154 1078/1078/1078
f 1154/1154/1154 1156/1156/1156 1155/1155/1155
f 1080/1080/1080 1156/1156/1156 1154/1154/1154
f 1153/1153/1153 1154/1154/1154 1155/1155/1155
f 1156/1156/1156 1158/1158/1158 1157/1157/1157
f 1080/1080/1080 1158/1158/1158 1156/1156/1156
f 1156/1156/1156 1159/1159/1159 1155/1155/1155
f 1157/1157/1157 1159/1159/1159 1156/1156/1156
f 1157/1157/1157 1085/1085/1085 1084/1084/1084
f 1158/1158/1158 1086/1086/1086 1085/1085/1085
f 1080/1080/1080 1086/1086/1086 1158/1158/1158
f 1157/1157/1157 1158/1158/1158 1085/1085/1085
f 1160/1160/1160 1161/1161/1161 1157/1157/1157
f 1162/1162/1162 1161/1161/1161 1160/1160/1160
f 1084/1084/1084 1160/1160/1160 1157/1157/1157
f 1159/1159/1159 1164/1164/1164 1163/1163/1163
f 1157/1157/1157 1164/1164/1164 1159/1159/1159
f 1155/1155/1155 1159/1159/1159 1163/1163/1163
f 1165/1165/1165 1166/1166/1166 1161/1161/1161
f 1163/1163/1163 1166/1166/1166 1165/1165/1165
f 1162/1162/1162 1165/1165/1165 1161/1161/1161
f 1161/1161/1161 1164/1164/1164 1157/1157/1157
f 1164/1164/1164 1166/1166/1166 1163/1163/1163
f 1161/1161/1161 1166/1166/1166 1164/1164/1164
f 1167/1167/1167 1160/1160/1160 1084/1084/1084
f 1162/1162/1162 1160/1160/1160 1167/1167/1167
f 1167/1167/1167 1092/1092/1092 1090/1090/1090
f 1084/1084/1084 1092/1092/1092 1167/1167/1167
f 1168/1168/1168 1167/1167/1167 1090/1090/1090
f 1162/1162/1162 1167/1167/1167 1168/1168/1168
f 1090/1090/1090 1169/1169/1169 1168/1168/1168
f 1169/1169/1169 1096/1096/1096 1095/1095/1095
f 1090/1090/1090 1096/1096/1096 1169/1169/1169
f 1170/1170/1170 1169/1169/1169 1095/1095/1095
f 1168/1168/1168 1169/1169/1169 1170/1170/1170
f 1095/1095/1095 1171/1171/1171 1170/1170/1170
f 1097/1097/1097 1171/1171/1171 1095/1095/1095
f 1172/1172/1172 1171/1171/1171 1097/1097/1097
f 1171/1171/1171 1173/1173/1173 1170/1170/1170
f 1172/1172/1172 1173/1173/1173 1171/1171/1171
f 1097/1097/1097 1174/1174/1174 1172/1172/1172
f 1100/1100/1100 1175/1175/1175 1174/1174/1174
f 1099/1099/1099 1175/1175/1175 1100/1100/1100
f 1097/1097/1097 1100/1100/1100 1174/1174/1174
f 1174/1174/1174 1177/1177/1177 1176/1176/1176
f 1177/1177/1177 1175/1175/1175 1099/1099/1099
f 1174/1174/1174 1175/1175/1175 1177/1177/1177
f 1172/1172/1172 1174/1174/1174 1176/1176/1176
f 1178/1178/1178 1177/1177/1177 1099/1099/1099
f 1176/1176/1176 1177/1177/1177 1178/1178/1178
f 1101/1101/1101 1178/1178/1178 1099/1099/1099
f 1179/1179/1179 1178/1178/1178 1101/1101/1101
f 1176/1176/1176 1178/1178/1178 1179/1179/1179
f 1179/1179/1179 1101/1101/1101 1102/1102/1102
f 1102/1102/1102 1180/1180/1180 1179/1179/1179
f 1180/1180/1180 1102/1102/1102 1103/1103/1103
f 1103/1103/1103 1181/1181/1181 1180/1180/1180
f 1181/1181/1181 1103/1103/1103 1104/1104/1104
f 1104/1104/1104 1182/1182/1182 1181/1181/1181
f 1182/1182/1182 1104/1104/1104 1105/1105/1105
f 1105/1105/1105 1183/1183/1183 1182/1182/1182
f 1105/1105/1105 1184/1184/1184 1183/1183/1183
f 1106/1106/1106 1184/1184/1184 1105/1105/1105
f 1185/1185/1185 1184/1184/1184 1106/1106/1106
f 1184/1184/1184 1186/1186/1186 1183/1183/1183
f 1185/1185/1185 1186/1186/1186 1184/1184/1184
f 1106/1106/1106 1187/1187/1187 1185/1185/1185
f 1187/1187/1187 1112/1112/1112 1110/1110/1110
f 1106/1106/1106 1112/1112/1112 1187/1187/1187
f 1188/1188/1188 1187/1187/1187 1110/1110/1110
f 1185/1185/1185 1187/1187/1187 1188/1188/1188
f 1110/1110/1110 1189/1189/1189 1188/1188/1188
f 1189/1189/1189 1123/1123/1123 1120/1120/1120
f 1110/1110/1110 1123/1123/1123 1189/1189/1189
f 1190/1190/1190 1189/1189/1189 1120/1120/1120
f 1188/1188/1188 1189/1189/1189 1190/1190/1190
f 1190/1190/1190 1120/1120/1120 1126/1126/1126
f 1126/1126/1126 1191/1191/1191 1190/1190/1190
f 1191/1191/1191 1126/1126/1126 1127/1127/1127
f 1127/1127/1127 1192/1192/1192 1191/1191/1191
f 1192/1192/1192 1127/1127/1127 1128/1128/1128
f 1128/1128/1128 1193/1193/1193 1192/1192/1192
f 1193/1193/1193 1128/1128/1128 1129/1129/1129
f 1129/1129/1129 1194/1194/1194 1193/1193/1193
f 1129/1129/1129 1195/1195/1195 1194/1194/1194
f 1130/1130/1130 1195/1195/1195 1129/1129/1129
f 1195/1195/1195 1197/1197/1197 1196/1196/1196
f 1130/1130/1130 1197/1197/1197 1195/1195/1195
f 1195/1195/1195 1198/1198/1198 1194/1194/1194
f 1196/1196/1196 1198/1198/1198 1195/1195/1195
f 1199/1199/1199 1197/1197/1197 1130/1130/1130
f 1196/1196/1196 1197/1197/1197 1199/1199/1199
f 1132/1132/1132 1199/1199/1199 1130/1130/1130
f 1200/1200/1200 1199/1199/1199 1132/1132/1132
f 1196/1196/1196 1199/1199/1199 1200/1200/1200
f 1200/1200/1200 1132/1132/1132 1134/1134/1134
f 1134/1134/1134 1201/1201/1201 1200/1200/1200
f 1134/1134/1134 1202/1202/1202 1201/1201/1201
f 1137/1137/1137 1203/1203/1203 1202/1202/1202
f 1136/1136/1136 1203/1203/1203 1137/1137/1137
f 1134/1134/1134 1137/1137/1137 1202/1202/1202
f 1202/1202/1202 1205/1205/1205 1204/1204/1204
f 1203/1203/1203 1206/1206/1206 1205/1205/1205
f 1136/1136/1136 1206/1206/1206 1203/1203/1203
f 1202/1202/1202 1203/1203/1203 1205/1205/1205
f 1201/1201/1201 1202/1202/1202 1204/1204/1204
f 1205/1205/1205 1208/1208/1208 1207/1207/1207
f 1208/1208/1208 1206/1206/1206 1136/1136/1136
f 1205/1205/1205 1206/1206/1206 1208/1208/1208
f 1204/1204/1204 1205/1205/1205 1207/1207/1207
f 1207/1207/1207 1140/1140/1140 1139/1139/1139
f 1140/1140/1140 1208/1208/1208 1136/1136/1136
f 1207/1207/1207 1208/1208/1208 1140/1140/1140
f 1209/1209/1209 1207/1207/1207 1139/1139/1139
f 1204/1204/1204 1207/1207/1207 1209/1209/1209
f 1209/1209/1209 1139/1139/1139 1141/1141/1141
f 1141/1141/1141 1210/1210/1210 1209/1209/1209
f 1210/1210/1210 1141/1141/1141 1142/1142/1142
f 1142/1142/1142 1211/1211/1211 1210/1210/1210
f 1211/1211/1211 1142/1142/1142 1143/1143/1143
f 1143/1143/1143 1212/1212/1212 1211/1211/1211
f 1212/1212/1212 1143/1143/1143 1144/1144/1144
f 1144/1144/1144 1213/1213/1213 1212/1212/1212
f 1214/1214/1214 1145/1145/1145 1147/1147/1147
f 1147/1147/1147 1215/1215/1215 1214/1214/1214
f 1215/1215/1215 1147/1147/1147 1148/1148/1148
f 1148/1148/1148 1216/1216/1216 1215/1215/1215
f 1216/1216/1216 1148/1148/1148 1149/1149/1149
f 1149/1149/1149 1217/1217/1217 1216/1216/1216
f 1149/1149/1149 1218/1218/1218 1217/1217/1217
f 1218/1218/1218 1152/1152/1152 1151/1151/1151
f 1149/1149/1149 1152/1152/1152 1218/1218/1218
f 1219/1219/1219 1218/1218/1218 1151/1151/1151
f 1217/1217/1217 1218/1218/1218 1219/1219/1219
f 1219/1219/1219 1151/1151/1151 1153/1153/1153
f 1153/1153/1153 1220/1220/1220 1219/1219/1219
f 1220/1220/1220 1153/1153/1153 1155/1155/1155
f 1155/1155/1155 1221/1221/1221 1220/1220/1220
f 1155/1155/1155 1222/1222/1222 1221/1221/1221
f 1163/1163/1163 1223/1223/1223 1222/1222/1222
f 1223/1223/1223 1165/1165/1165 1162/1162/1162
f 1163/1163/1163 1165/1165/1165 1223/1223/1223
f 1155/1155/1155 1163/1163/1163 1222/1222/1222
f 1222/1222/1222 1225/1225/1225 1224/1224/1224
f 1225/1225/1225 1223/1223/1223 1162/1162/1162
f 1222/1222/1222 1223/1223/1223 1225/1225/1225
f 1221/1221/1221 1222/1222/1222 1224/1224/1224
f 1226/1226/1226 1225/1225/1225 1162/1162/1162
f 1225/1225/1225 1227/1227/1227 1224/1224/1224
f 1226/1226/1226 1227/1227/1227 1225/1225/1225
f 1168/1168/1168 1226/1226/1226 1162/1162/1162
f 1228/1228/1228 1226/1226/1226 1168/1168/1168
f 1229/1229/1229 1227/1227/1227 1226/1226/1226
f 1224/1224/1224 1227/1227/1227 1229/1229/1229
f 1228/1228/1228 1229/1229/1229 1226/1226/1226
f 1168/1168/1168 1230/1230/1230 1228/1228/1228
f 1170/1170/1170 1230/1230/1230 1168/1168/1168
f 1230/1230/1230 1232/1232/1232 1231/1231/1231
f 1170/1170/1170 1232/1232/1232 1230/1230/1230
f 1228/1228/1228 1230/1230/1230 1231/1231/1231
f 1232/1232/1232 1234/1234/1234 1233/1233/1233
f 1170/1170/1170 1234/1234/1234 1232/1232/1232
f 1231/1231/1231 1232/1232/1232 1233/1233/1233
f 1235/1235/1235 1236/1236/1236 1173/1173/1173
f 1236/1236/1236 1237/1237/1237 1233/1233/1233
f 1235/1235/1235 1237/1237/1237 1236/1236/1236
f 1172/1172/1172 1235/1235/1235 1173/1173/1173
f 1173/1173/1173 1234/1234/1234 1170/1170/1170
f 1234/1234/1234 1236/1236/1236 1233/1233/1233
f 1173/1173/1173 1236/1236/1236 1234/1234/1234
f 1238/1238/1238 1240/1240/1240 1239/1239/1239
f 1233/1233/1233 1240/1240/1240 1238/1238/1238
f 1241/1241/1241 1238/1238/1238 1239/1239/1239
f 1239/1239/1239 1235/1235/1235 1172/1172/1172
f 1240/1240/1240 1237/1237/1237 1235/1235/1235
f 1233/1233/1233 1237/1237/1237 1240/1240/1240
f 1239/1239/1239 1240/1240/1240 1235/1235/1235
f 1233/1233/1233 1242/1242/1242 1231/1231/1231
f 1242/1242/1242 1238/1238/1238 1241/1241/1241
f 1233/1233/1233 1238/1238/1238 1242/1242/1242
f 1243/1243/1243 1239/1239/1239 1172/1172/1172
f 1241/1241/1241 1239/1239/1239 1243/1243/1243
f 1176/1176/1176 1243/1243/1243 1172/1172/1172
f 1244/1244/1244 1243/1243/1243 1176/1176/1176
f 1243/1243/1243 1245/1245/1245 1241/1241/1241
f 1244/1244/1244 1245/1245/1245 1243/1243/1243
f 1176/1176/1176 1246/1246/1246 1244/1244/1244
f 1179/1179/1179 1246/1246/1246 1176/1176/1176
f 1247/1247/1247 1246/1246/1246 1179/1179/1179
f 1246/1246/1246 1248/1248/1248 1244/1244/1244
f 1247/1247/1247 1248/1248/1248 1246/1246/1246
f 1247/1247/1247 1179/1179/1179 1180/1180/1180
f 1180/1180/1180 1249/1249/1249 1247/1247/1247
f 1249/1249/1249 1180/1180/1180 1181/1181/1181
f 1181/1181/1181 1250/1250/1250 1249/1249/1249
f 1250/1250/1250 1181/1181/1181 1182/1182/1182
f 1182/1182/1182 1251/1251/1251 1250/1250/1250
f 1182/1182/1182 1252/1252/1252 1251/1251/1251
f 1183/1183/1183 1252/1252/1252 1182/1182/1182
f 1252/1252/1252 1254/1254/1254 1253/1253/1253
f 1183/1183/1183 1254/1254/1254 1252/1252/1252
f 1251/1251/1251 1252/1252/1252 1253/1253/1253
f 1255/1255/1255 1256/1256/1256 1254/1254/1254
f 1257/1257/1257 1256/1256/1256 1255/1255/1255
f 1183/1183/1183 1255/1255/1255 1254/1254/1254
f 1254/1254/1254 1258/1258/1258 1253/1253/1253
f 1258/1258/1258 1256/1256/1256 1257/1257/1257
f 1254/1254/1254 1256/1256/1256 1258/1258/1258
f 1257/1257/1257 1186/1186/1186 1185/1185/1185
f 1186/1186/1186 1255/1255/1255 1183/1183/1183
f 1257/1257/1257 1255/1255/1255 1186/1186/1186
f 1259/1259/1259 1257/1257/1257 1185/1185/1185
f 1260/1260/1260 1258/1258/1258 1257/1257/1257
f 1253/1253/1253 1258/1258/1258 1260/1260/1260
f 1259/1259/1259 1260/1260/1260 1257/1257/1257
f 1259/1259/1259 1185/1185/1185 1188/1188/1188
f 1188/1188/1188 1261/1261/1261 1259/1259/1259
f 1261/1261/1261 1188/1188/1188 1190/1190/1190
f 1190/1190/1190 1262/1262/1262 1261/1261/1261
f 1262/1262/1262 1190/1190/1190 1191/1191/1191
f 1191/1191/1191 1263/1263/1263 1262/1262/1262
f 1263/1263/1263 1191/1191/1191 1192/1192/1192
f 1192/1192/1192 1264/1264/1264 1263/1263/1263
f 1264/1264/1264 1192/1192/1192 1193/1193/1193
f 1193/1193/1193 1265/1265/1265 1264/1264/1264
f 1265/1265/1265 1193/1193/1193 1194/1194/1194
f 1194/1194/1194 1266/1266/1266 1265/1265/1265
f 1194/1194/1194 1267/1267/1267 1266/1266/1266
f 1198/1198/1198 1268/1268/1268 1267/1267/1267
f 1196/1196/1196 1268/1268/1268 1198/1198/1198
f 1194/1194/1194 1198/1198/1198 1267/1267/1267
f 1269/1269/1269 1271/1271/1271 1270/1270/1270
f 1267/1267/1267 1271/1271/1271 1269/1269/1269
f 1272/1272/1272 1269/1269/1269 1270/1270/1270
f 1270/1270/1270 1268/1268/1268 1196/1196/1196
f 1268/1268/1268 1271/1271/1271 1267/1267/1267
f 1270/1270/1270 1271/1271/1271 1268/1268/1268
f 1267/1267/1267 1273/1273/1273 1266/1266/1266
f 1273/1273/1273 1269/1269/1269 1272/1272/1272
f 1267/1267/1267 1269/1269/1269 1273/1273/1273
f 1274/1274/1274 1270/1270/1270 1196/1196/1196
f 1272/1272/1272 1270/1270/1270 1274/1274/1274
f 1200/1200/1200 1274/1274/1274 1196/1196/1196
f 1275/1275/1275 1274/1274/1274 1200/1200/1200
f 1272/1272/1272 1274/1274/1274 1275/1275/1275
f 1275/1275/1275 1200/1200/1200 1201/1201/1201
f 1201/1201/1201 1276/1276/1276 1275/1275/1275
f 1276/1276/1276 1201/1201/1201 1204/1204/1204
f 1204/1204/1204 1277/1277/1277 1276/1276/1276
f 1277/1277/1277 1204/1204/1204 1209/1209/1209
f 1209/1209/1209 1278/1278/1278 1277/1277/1277
f 1278/1278/1278 1209/1209/1209 1210/1210/1210
f 1210/1210/1210 1279/1279/1279 1278/1278/1278
f 1279/1279/1279 1210/1210/1210 1211/1211/1211
f 1211/1211/1211 1280/1280/1280 1279/1279/1279
f 1280/1280/1280 1211/1211/1211 1212/1212/1212
f 1212/1212/1212 1281/1281/1281 1280/1280/1280
f 1281/1281/1281 1212/1212/1212 1213/1213/1213
f 1213/1213/1213 1282/1282/1282 1281/1281/1281
f 1283/1283/1283 1214/1214/1214 1215/1215/1215
f 1215/1215/1215 1284/1284/1284 1283/1283/1283
f 1284/1284/1284 1215/1215/1215 1216/1216/1216
f 1216/1216/1216 1285/1285/1285 1284/1284/1284
f 1285/1285/1285 1216/1216/1216 1217/1217/1217
f 1217/1217/1217 1286/1286/1286 1285/1285/1285
f 1286/1286/1286 1217/1217/1217 1219/1219/1219
f 1219/1219/1219 1287/1287/1287 1286/1286/1286
f 1287/1287/1287 1219/1219/1219 1220/1220/1220
f 1220/1220/1220 1288/1288/1288 1287/1287/1287
f 1288/1288/1288 1220/1220/1220 1221/1221/1221
f 1221/1221/1221 1289/1289/1289 1288/1288/1288
f 1221/1221/1221 1290/1290/1290 1289/1289/1289
f 1224/1224/1224 1290/1290/1290 1221/1221/1221
f 1290/1290/1290 1292/1292/1292 1291/1291/1291
f 1224/1224/1224 1292/1292/1292 1290/1290/1290
f 1289/1289/1289 1290/1290/1290 1291/1291/1291
f 1293/1293/1293 1294/1294/1294 1292/1292/1292
f 1295/1295/1295 1294/1294/1294 1293/1293/1293
f 1224/1224/1224 1293/1293/1293 1292/1292/1292
f 1292/1292/1292 1296/1296/1296 1291/1291/1291
f 1296/1296/1296 1294/1294/1294 1295/1295/1295
f 1292/1292/1292 1294/1294/1294 1296/1296/1296
f 1295/1295/1295 1229/1229/1229 1228/1228/1228
f 1229/1229/1229 1293/1293/1293 1224/1224/1224
f 1295/1295/1295 1293/1293/1293 1229/1229/1229
f 1297/1297/1297 1295/1295/1295 1228/1228/1228
f 1298/1298/1298 1296/1296/1296 1295/1295/1295
f 1291/1291/1291 1296/1296/1296 1298/1298/1298
f 1297/1297/1297 1298/1298/1298 1295/1295/1295
f 1297/1297/1297 1228/1228/1228 1231/1231/1231
f 1231/1231/1231 1299/1299/1299 1297/1297/1297
f 1231/1231/1231 1300/1300/1300 1299/1299/1299
f 1300/1300/1300 1242/1242/1242 1241/1241/1241
f 1231/1231/1231 1242/1242/1242 1300/1300/1300
f 1301/1301/1301 1300/1300/1300 1241/1241/1241
f 1299/1299/1299 1300/1300/1300 1301/1301/1301
f 1241/1241/1241 1302/1302/1302 1301/1301/1301
f 1245/1245/1245 1303/1303/1303 1302/1302/1302
f 1244/1244/1244 1303/1303/1303 1245/1245/1245
f 1241/1241/1241 1245/1245/1245 1302/1302/1302
f 1302/1302/1302 1305/1305/1305 1304/1304/1304
f 1303/1303/1303 1306/1306/1306 1305/1305/1305
f 1244/1244/1244 1306/1306/1306 1303/1303/1303
f 1302/1302/1302 1303/1303/1303 1305/1305/1305
f 1301/1301/1301 1302/1302/1302 1304/1304/1304
f 1307/1307/1307 1309/1309/1309 1308/1308/1308
f 1305/1305/1305 1309/1309/1309 1307/1307/1307
f 1310/1310/1310 1307/1307/1307 1308/1308/1308
f 1308/1308/1308 1306/1306/1306 1244/1244/1244
f 1306/1306/1306 1309/1309/1309 1305/1305/1305
f 1308/1308/1308 1309/1309/1309 1306/1306/1306
f 1305/1305/1305 1311/1311/1311 1304/1304/1304
f 1311/1311/1311 1307/1307/1307 1310/1310/1310
f 1305/1305/1305 1307/1307/1307 1311/1311/1311
f 1310/1310/1310 1248/1248/1248 1247/1247/1247
f 1248/1248/1248 1308/1308/1308 1244/1244/1244
f 1310/1310/1310 1308/1308/1308 1248/1248/1248
f 1310/1310/1310 1313/1313/1313 1312/1312/1312
f 1247/1247/1247 1313/1313/1313 1310/1310/1310
f 1314/1314/1314 1311/1311/1311 1310/1310/1310
f 1304/1304/1304 1311/1311/1311 1314/1314/1314
f 1312/1312/1312 1314/1314/1314 1310/1310/1310
f 1315/1315/1315 1313/1313/1313 1247/1247/1247
f 1313/1313/1313 1316/1316/1316 1312/1312/1312
f 1315/1315/1315 1316/1316/1316 1313/1313/1313
f 1249/1249/1249 1315/1315/1315 1247/1247/1247
f 1317/1317/1317 1315/1315/1315 1249/1249/1249
f 1318/1318/1318 1316/1316/1316 1315/1315/1315
f 1312/1312/1312 1316/1316/1316 1318/1318/1318
f 1317/1317/1317 1318/1318/1318 1315/1315/1315
f 1317/1317/1317 1249/1249/1249 1250/1250/1250
f 1250/1250/1250 1319/1319/1319 1317/1317/1317
f 1250/1250/1250 1320/1320/1320 1319/1319/1319
f 1251/1251/1251 1320/1320/1320 1250/1250/1250
f 1320/1320/1320 1322/1322/1322 1321/1321/1321
f 1251/1251/1251 1322/1322/1322 1320/1320/1320
f 1319/1319/1319 1320/1320/1320 1321/1321/1321
f 1323/1323/1323 1322/1322/1322 1251/1251/1251
f 1321/1321/1321 1322/1322/1322 1323/1323/1323
f 1253/1253/1253 1323/1323/1323 1251/1251/1251
f 1324/1324/1324 1323/1323/1323 1253/1253/1253
f 1321/1321/1321 1323/1323/1323 1324/1324/1324
f 1253/1253/1253 1325/1325/1325 1324/1324/1324
f 1325/1325/1325 1260/1260/1260 1259/1259/1259
f 1253/1253/1253 1260/1260/1260 1325/1325/1325
f 1326/1326/1326 1325/1325/1325 1259/1259/1259
f 1324/1324/1324 1325/1325/1325 1326/1326/1326
f 1326/1326/1326 1259/1259/1259 1261/1261/1261
f 1261/1261/1261 1327/1327/1327 1326/1326/1326
f 1327/1327/1327 1261/1261/1261 1262/1262/1262
f 1262/1262/1262 1328/1328/1328 1327/1327/1327
f 1328/1328/1328 1262/1262/1262 1263/1263/1263
f 1263/1263/1263 1329/1329/1329 1328/1328/1328
f 1329/1329/1329 1263/1263/1263 1264/1264/1264
f 1264/1264/1264 1330/1330/1330 1329/1329/1329
f 1330/1330/1330 1264/1264/1264 1265/1265/1265
f 1265/1265/1265 1331/1331/1331 1330/1330/1330
f 1331/1331/1331 1265/1265/1265 1266/1266/1266
f 1266/1266/1266 1332/1332/1332 1331/1331/1331
f 1266/1266/1266 1333/1333/1333 1332/1332/1332
f 1333/1333/1333 1273/1273/1273 1272/1272/1272
f 1266/1266/1266 1273/1273/1273 1333/1333/1333
f 1334/1334/1334 1333/1333/1333 1272/1272/1272
f 1332/1332/1332 1333/1333/1333 1334/1334/1334
f 1272/1272/1272 1335/1335/1335 1334/1334/1334
f 1275/1275/1275 1335/1335/1335 1272/1272/1272
f 1336/1336/1336 1335/1335/1335 1275/1275/1275
f 1335/1335/1335 1337/1337/1337 1334/1334/1334
f 1336/1336/1336 1337/1337/1337 1335/1335/1335
f 1275/1275/1275 1338/1338/1338 1336/1336/1336
f 1276/1276/1276 1338/1338/1338 1275/1275/1275
f 1339/1339/1339 1338/1338/1338 1276/1276/1276
f 1336/1336/1336 1338/1338/1338 1339/1339/1339
f 1339/1339/1339 1276/1276/1276 1277/1277/1277
f 1277/1277/1277 1340/1340/1340 1339/1339/1339
f 1340/1340/1340 1277/1277/1277 1278/1278/1278
f 1278/1278/1278 1341/1341/1341 1340/1340/1340
f 1341/1341/1341 1278/1278/1278 1279/1279/1279
f 1279/1279/1279 1342/1342/1342 1341/1341/1341
f 1342/1342/1342 1279/1279/1279 1280/1280/1280
f 1280/1280/1280 1343/1343/1343 1342/1342/1342
f 1343/1343/1343 1280/1280/1280 1281/1281/1281
f 1281/1281/1281 1344/1344/1344 1343/1343/1343
f 1344/1344/1344 1281/1281/1281 1282/1282/1282
f 1282/1282/1282 1345/1345/1345 1344/1344/1344
f 1346/1346/1346 1283/1283/1283 1284/1284/1284
f 1284/1284/1284 1347/1347/1347 1346/1346/1346
f 1347/1347/1347 1284/1284/1284 1285/1285/1285
f 1285/1285/1285 1348/1348/1348 1347/1347/1347
f 1348/1348/1348 1285/1285/1285 1286/1286/1286
f 1286/1286/1286 1349/1349/1349 1348/1348/1348
f 1349/1349/1349 1286/1286/1286 1287/1287/1287
f 1287/1287/1287 1350/1350/1350 1349/1349/1349
f 1350/1350/1350 1287/1287/1287 1288/1288/1288
f 1288/1288/1288 1351/1351/1351 1350/1350/1350
f 1351/1351/1351 1288/1288/1288 1289/1289/1289
f 1289/1289/1289 1352/1352/1352 1351/1351/1351
f 1289/1289/1289 1353/1353/1353 1352/1352/1352
f 1291/1291/1291 1353/1353/1353 1289/1289/1289
f 1353/1353/1353 1355/1355/1355 1354/1354/1354
f 1291/1291/1291 1355/1355/1355 1353/1353/1353
f 1352/1352/1352 1353/1353/1353 1354/1354/1354
f 1355/1355/1355 1357/1357/1357 1356/1356/1356
f 1291/1291/1291 1357/1357/1357 1355/1355/1355
f 1354/1354/1354 1355/1355/1355 1356/1356/1356
f 1358/1358/1358 1359/1359/1359 1298/1298/1298
f 1356/1356/1356 1359/1359/1359 1358/1358/1358
f 1297/1297/1297 1358/1358/1358 1298/1298/1298
f 1298/1298/1298 1357/1357/1357 1291/1291/1291
f 1357/1357/1357 1359/1359/1359 1356/1356/1356
f 1298/1298/1298 1359/1359/1359 1357/1357/1357
f 1356/1356/1356 1361/1361/1361 1360/1360/1360
f 1361/1361/1361 1358/1358/1358 1297/1297/1297
f 1356/1356/1356 1358/1358/1358 1361/1361/1361
f 1356/1356/1356 1362/1362/1362 1354/1354/1354
f 1360/1360/1360 1362/1362/1362 1356/1356/1356
f 1363/1363/1363 1361/1361/1361 1297/1297/1297
f 1360/1360/1360 1361/1361/1361 1363/1363/1363
f 1299/1299/1299 1363/1363/1363 1297/1297/1297
f 1364/1364/1364 1363/1363/1363 1299/1299/1299
f 1363/1363/1363 1365/1365/1365 1360/1360/1360
f 1364/1364/1364 1365/1365/1365 1363/1363/1363
f 1364/1364/1364 1299/1299/1299 1301/1301/1301
f 1301/1301/1301 1366/1366/1366 1364/1364/1364
f 1366/1366/1366 1301/1301/1301 1304/1304/1304
f 1304/1304/1304 1367/1367/1367 1366/1366/1366
f 1304/1304/1304 1368/1368/1368 1367/1367/1367
f 1368/1368/1368 1314/1314/1314 1312/1312/1312
f 1304/1304/1304 1314/1314/1314 1368/1368/1368
f 1369/1369/1369 1368/1368/1368 1312/1312/1312
f 1367/1367/1367 1368/1368/1368 1369/1369/1369
f 1312/1312/1312 1370/1370/1370 1369/1369/1369
f 1370/1370/1370 1318/1318/1318 1317/1317/1317
f 1312/1312/1312 1318/1318/1318 1370/1370/1370
f 1371/1371/1371 1370/1370/1370 1317/1317/1317
f 1369/1369/1369 1370/1370/1370 1371/1371/1371
f 1371/1371/1371 1317/1317/1317 1319/1319/1319
f 1319/1319/1319 1372/1372/1372 1371/1371/1371
f 1372/1372/1372 1319/1319/1319 1321/1321/1321
f 1321/1321/1321 1373/1373/1373 1372/1372/1372
f 1373/1373/1373 1321/1321/1321 1324/1324/1324
f 1324/1324/1324 1374/1374/1374 1373/1373/1373
f 1374/1374/1374 1324/1324/1324 1326/1326/1326
f 1326/1326/1326 1375/1375/1375 1374/1374/1374
f 1375/1375/1375 1326/1326/1326 1327/1327/1327
f 1327/1327/1327 1376/1376/1376 1375/1375/1375
f 1327/1327/1327 1377/1377/1377 1376/1376/1376
f 1328/1328/1328 1377/1377/1377 1327/1327/1327
f 1378/1378/1378 1377/1377/1377 1328/1328/1328
f 1377/1377/1377 1379/1379/1379 1376/1376/1376
f 1378/1378/1378 1379/1379/1379 1377/1377/1377
f 1378/1378/1378 1328/1328/1328 1329/1329/1329
f 1329/1329/1329 1380/1380/1380 1378/1378/1378
f 1380/1380/1380 1329/1329/1329 1330/1330/1330
f 1330/1330/1330 1381/1381/1381 1380/1380/1380
f 1381/1381/1381 1330/1330/1330 1331/1331/1331
f 1331/1331/1331 1382/1382/1382 1381/1381/1381
f 1382/1382/1382 1331/1331/1331 1332/1332/1332
f 1332/1332/1332 1383/1383/1383 1382/1382/1382
f 1332/1332/1332 1384/1384/1384 1383/1383/1383
f 1334/1334/1334 1384/1384/1384 1332/1332/1332
f 1385/1385/1385 1384/1384/1384 1334/1334/1334
f 1384/1384/1384 1386/1386/1386 1383/1383/1383
f 1385/1385/1385 1386/1386/1386 1384/1384/1384
f 1334/1334/1334 1387/1387/1387 1385/1385/1385
f 1337/1337/1337 1388/1388/1388 1387/1387/1387
f 1336/1336/1336 1388/1388/1388 1337/1337/1337
f 1334/1334/1334 1337/1337/1337 1387/1387/1387
f 1387/1387/1387 1390/1390/1390 1389/1389/1389
f 1390/1390/1390 1388/1388/1388 1336/1336/1336
f 1387/1387/1387 1388/1388/1388 1390/1390/1390
f 1385/1385/1385 1387/1387/1387 1389/1389/1389
f 1391/1391/1391 1390/1390/1390 1336/1336/1336
f 1389/1389/1389 1390/1390/1390 1391/1391/1391
f 1339/1339/1339 1391/1391/1391 1336/1336/1336
f 1392/1392/1392 1391/1391/1391 1339/1339/1339
f 1389/1389/1389 1391/1391/1391 1392/1392/1392
f 1392/1392/1392 1339/1339/1339 1340/1340/1340
f 1340/1340/1340 1393/1393/1393 1392/1392/1392
f 1393/1393/1393 1340/1340/1340 1341/1341/1341
f 1341/1341/1341 1394/1394/1394 1393/1393/1393
f 1394/1394/1394 1341/1341/1341 1342/1342/1342
f 1342/1342/1342 1395/1395/1395 1394/1394/1394
f 1395/1395/1395 1342/1342/1342 1343/1343/1343
f 1343/1343/1343 1396/1396/1396 1395/1395/1395
f 1396/1396/1396 1343/1343/1343 1344/1344/1344
f 1344/1344/1344 1397/1397/1397 1396/1396/1396
f 1397/1397/1397 1344/1344/1344 1345/1345/1345
f 1345/1345/1345 1398/1398/1398 1397/1397/1397
f 1399/1399/1399 1346/1346/1346 1347/1347/1347
f 1347/1347/1347 1400/1400/1400 1399/1399/1399
f 1400/1400/1400 1347/1347/1347 1348/1348/1348
f 1348/1348/1348 1401/1401/1401 1400/1400/1400
f 1401/1401/1401 1348/1348/1348 1349/1349/1349
f 1349/1349/1349 1402/1402/1402 1401/1401/1401
f 1349/1349/1349 1403/1403/1403 1402/1402/1402
f 1350/1350/1350 1403/1403/1403 1349/1349/1349
f 1404/1404/1404 1403/1403/1403 1350/1350/1350
f 1403/1403/1403 1405/1405/1405 1402/1402/1402
f 1404/1404/1404 1405/1405/1405 1403/1403/1403
f 1404/1404/1404 1350/1350/1350 1351/1351/1351
f 1351/1351/1351 1406/1406/1406 1404/1404/1404
f 1406/1406/1406 1351/1351/1351 1352/1352/1352
f 1352/1352/1352 1407/1407/1407 1406/1406/1406
f 1407/1407/1407 1352/1352/1352 1354/1354/1354
f 1354/1354/1354 1408/1408/1408 1407/1407/1407
f 1354/1354/1354 1409/1409/1409 1408/1408/1408
f 1362/1362/1362 1410/1410/1410 1409/1409/1409
f 1360/1360/1360 1410/1410/1410 1362/1362/1362
f 1354/1354/1354 1362/1362/1362 1409/1409/1409
f 1409/1409/1409 1412/1412/1412 1411/1411/1411
f 1410/1410/1410 1413/1413/1413 1412/1412/1412
f 1360/1360/1360 1413/1413/1413 1410/1410/1410
f 1409/1409/1409 1410/1410/1410 1412/1412/1412
f 1408/1408/1408 1409/1409/1409 1411/1411/1411
f 1412/1412/1412 1415/1415/1415 1414/1414/1414
f 1415/1415/1415 1413/1413/1413 1360/1360/1360
f 1412/1412/1412 1413/1413/1413 1415/1415/1415
f 1411/1411/1411 1412/1412/1412 1414/1414/1414
f 1414/1414/1414 1365/1365/1365 1364/1364/1364
f 1365/1365/1365 1415/1415/1415 1360/1360/1360
f 1414/1414/1414 1415/1415/1415 1365/1365/1365
f 1416/1416/1416 1417/1417/1417 1414/1414/1414
f 1418/1418/1418 1417/1417/1417 1416/1416/1416
f 1364/1364/1364 1416/1416/1416 1414/1414/1414
f 1414/1414/1414 1419/1419/1419 1411/1411/1411
f 1419/1419/1419 1417/1417/1417 1418/1418/1418
f 1414/1414/1414 1417/1417/1417 1419/1419/1419
f 1420/1420/1420 1416/1416/1416 1364/1364/1364
f 1418/1418/1418 1416/1416/1416 1420/1420/1420
f 1366/1366/1366 1420/1420/1420 1364/1364/1364
f 1421/1421/1421 1420/1420/1420 1366/1366/1366
f 1418/1418/1418 1420/1420/1420 1421/1421/1421
f 1366/1366/1366 1422/1422/1422 1421/1421/1421
f 1367/1367/1367 1422/1422/1422 1366/1366/1366
f 1423/1423/1423 1422/1422/1422 1367/1367/1367
f 1422/1422/1422 1424/1424/1424 1421/1421/1421
f 1423/1423/1423 1424/1424/1424 1422/1422/1422
f 1423/1423/1423 1367/1367/1367 1369/1369/1369
f 1369/1369/1369 1425/1425/1425 1423/1423/1423
f 1425/1425/1425 1369/1369/1369 1371/1371/1371
f 1371/1371/1371 1426/1426/1426 1425/1425/1425
f 1426/1426/1426 1371/1371/1371 1372/1372/1372
f 1372/1372/1372 1427/1427/1427 1426/1426/1426
f 1427/1427/1427 1372/1372/1372 1373/1373/1373
f 1373/1373/1373 1428/1428/1428 1427/1427/1427
f 1428/1428/1428 1373/1373/1373 1374/1374/1374
f 1374/1374/1374 1429/1429/1429 1428/1428/1428
f 1429/1429/1429 1374/1374/1374 1375/1375/1375
f 1375/1375/1375 1430/1430/1430 1429/1429/1429
f 1430/1430/1430 1375/1375/1375 1376/1376/1376
f 1376/1376/1376 1431/1431/1431 1430/1430/1430
f 1376/1376/1376 1432/1432/1432 1431/1431/1431
f 1432/1432/1432 1379/1379/1379 1378/1378/1378
f 1376/1376/1376 1379/1379/1379 1432/1432/1432
f 1433/1433/1433 1432/1432/1432 1378/1378/1378
f 1431/1431/1431 1432/1432/1432 1433/1433/1433
f 1433/1433/1433 1378/1378/1378 1380/1380/1380
f 1380/1380/1380 1434/1434/1434 1433/1433/1433
f 1434/1434/1434 1380/1380/1380 1381/1381/1381
f 1381/1381/1381 1435/1435/1435 1434/1434/1434
f 1435/1435/1435 1381/1381/1381 1382/1382/1382
f 1382/1382/1382 1436/1436/1436 1435/1435/1435
f 1436/1436/1436 1382/1382/1382 1383/1383/1383
f 1383/1383/1383 1437/1437/1437 1436/1436/1436
f 1383/1383/1383 1438/1438/1438 1437/1437/1437
f 1438/1438/1438 1386/1386/1386 1385/1385/1385
f 1383/1383/1383 1386/1386/1386 1438/1438/1438
f 1439/1439/1439 1438/1438/1438 1385/1385/1385
f 1437/1437/1437 1438/1438/1438 1439/1439/1439
f 1439/1439/1439 1385/1385/1385 1389/1389/1389
f 1389/1389/1389 1440/1440/1440 1439/1439/1439
f 1440/1440/1440 1389/1389/1389 1392/1392/1392
f 1392/1392/1392 1441/1441/1441 1440/1440/1440
f 1441/1441/1441 1392/1392/1392 1393/1393/1393
f 1393/1393/1393 1442/1442/1442 1441/1441/1441
f 1442/1442/1442 1393/1393/1393 1394/1394/1394
f 1394/1394/1394 1443/1443/1443 1442/1442/1442
f 1443/1443/1443 1394/1394/1394 1395/1395/1395
f 1395/1395/1395 1444/1444/1444 1443/1443/1443
f 1444/1444/1444 1395/1395/1395 1396/1396/1396
f 1396/1396/1396 1445/1445/1445 1444/1444/1444
f 1445/1445/1445 1396/1396/1396 1397/1397/1397
f 1397/1397/1397 1446/1446/1446 1445/1445/1445
f 1446/1446/1446 1397/1397/1397 1398/1398/1398
f 1398/1398/1398 1447/1447/1447 1446/1446/1446
f 1448/1448/1448 1399/1399/1399 1400/1400/1400
f 1400/1400/1400 1449/1449/1449 1448/1448/1448
f 1449/1449/1449 1400/1400/1400 1401/1401/1401
f 1401/1401/1401 1450/1450/1450 1449/1449/1449
f 1450/1450/1450 1401/1401/1401 1402/1402/1402
f 1402/1402/1402 1451/1451/1451 1450/1450/1450
f 1402/1402/1402 1452/1452/1452 1451/1451/1451
f 1452/1452/1452 1405/1405/1405 1404/1404/1404
f 1402/1402/1402 1405/1405/1405 1452/1452/1452
f 1453/1453/1453 1452/1452/1452 1404/1404/1404
f 1451/1451/1451 1452/1452/1452 1453/1453/1453
f 1453/1453/1453 1404/1404/1404 1406/1406/1406
f 1406/1406/1406 1454/1454/1454 1453/1453/1453
f 1454/1454/1454 1406/1406/1406 1407/1407/1407
f 1407/1407/1407 1455/1455/1455 1454/1454/1454
f 1455/1455/1455 1407/1407/1407 1408/1408/1408
f 1408/1408/1408 1456/1456/1456 1455/1455/1455
f 1456/1456/1456 1408/1408/1408 1411/1411/1411
f 1411/1411/1411 1457/1457/1457 1456/1456/1456
f 1411/1411/1411 1458/1458/1458 1457/1457/1457
f 1458/1458/1458 1419/1419/1419 1418/1418/1418
f 1411/1411/1411 1419/1419/1419 1458/1458/1458
f 1459/1459/1459 1458/1458/1458 1418/1418/1418
f 1457/1457/1457 1458/1458/1458 1459/1459/1459
f 1418/1418/1418 1460/1460/1460 1459/1459/1459
f 1421/1421/1421 1460/1460/1460 1418/1418/1418
f 1460/1460/1460 1462/1462/1462 1461/1461/1461
f 1421/1421/1421 1462/1462/1462 1460/1460/1460
f 1459/1459/1459 1460/1460/1460 1461/1461/1461
f 1463/1463/1463 1464/1464/1464 1462/1462/1462
f 1465/1465/1465 1464/1464/1464 1463/1463/1463
f 1421/1421/1421 1463/1463/1463 1462/1462/1462
f 1462/1462/1462 1466/1466/1466 1461/1461/1461
f 1466/1466/1466 1464/1464/1464 1465/1465/1465
f 1462/1462/1462 1464/1464/1464 1466/1466/1466
f 1465/1465/1465 1424/1424/1424 1423/1423/1423
f 1424/1424/1424 1463/1463/1463 1421/1421/1421
f 1465/1465/1465 1463/1463/1463 1424/1424/1424
f 1467/1467/1467 1465/1465/1465 1423/1423/1423
f 1468/1468/1468 1466/1466/1466 1465/1465/1465
f 1461/1461/1461 1466/1466/1466 1468/1468/1468
f 1467/1467/1467 1468/1468/1468 1465/1465/1465
f 1423/1423/1423 1469/1469/1469 1467/1467/1467
f 1425/1425/1425 1469/1469/1469 1423/1423/1423
f 1470/1470/1470 1469/1469/1469 1425/1425/1425
f 1469/1469/1469 1471/1471/1471 1467/1467/1467
f 1470/1470/1470 1471/1471/1471 1469/1469/1469
f 1470/1470/1470 1425/1425/1425 1426/1426/1426
f 1426/1426/1426 1472/1472/1472 1470/1470/1470
f 1472/1472/1472 1426/1426/1426 1427/1427/1427
f 1427/1427/1427 1473/1473/1473 1472/1472/1472
f 1473/1473/1473 1427/1427/1427 1428/1428/1428
f 1428/1428/1428 1474/1474/1474 1473/1473/1473
f 1474/1474/1474 1428/1428/1428 1429/1429/1429
f 1429/1429/1429 1475/1475/1475 1474/1474/1474
f 1475/1475/1475 1429/1429/1429 1430/1430/1430
f 1430/1430/1430 1476/1476/1476 1475/1475/1475
f 1430/1430/1430 1477/1477/1477 1476/1476/1476
f 1431/1431/1431 1477/1477/1477 1430/1430/1430
f 1478/1478/1478 1479/1479/1479 1477/1477/1477
f 1480/1480/1480 1479/1479/1479 1478/1478/1478
f 1431/1431/1431 1478/1478/1478 1477/1477/1477
f 1477/1477/1477 1481/1481/1481 1476/1476/1476
f 1479/1479/1479 1482/1482/1482 1481/1481/1481
f 1480/1480/1480 1482/1482/1482 1479/1479/1479
f 1477/1477/1477 1479/1479/1479 1481/1481/1481
f 1483/1483/1483 1478/1478/1478 1431/1431/1431
f 1478/1478/1478 1484/1484/1484 1480/1480/1480
f 1483/1483/1483 1484/1484/1484 1478/1478/1478
f 1433/1433/1433 1483/1483/1483 1431/1431/1431
f 1485/1485/1485 1483/1483/1483 1433/1433/1433
f 1486/1486/1486 1484/1484/1484 1483/1483/1483
f 1484/1484/1484 1487/1487/1487 1480/1480/1480
f 1486/1486/1486 1487/1487/1487 1484/1484/1484
f 1485/1485/1485 1486/1486/1486 1483/1483/1483
f 1485/1485/1485 1433/1433/1433 1434/1434/1434
f 1434/1434/1434 1488/1488/1488 1485/1485/1485
f 1488/1488/1488 1434/1434/1434 1435/1435/1435
f 1435/1435/1435 1489/1489/1489 1488/1488/1488
f 1489/1489/1489 1435/1435/1435 1436/1436/1436
f 1436/1436/1436 1490/1490/1490 1489/1489/1489
f 1490/1490/1490 1436/1436/1436 1437/1437/1437
f 1437/1437/1437 1491/1491/1491 1490/1490/1490
f 1437/1437/1437 1492/1492/1492 1491/1491/1491
f 1439/1439/1439 1492/1492/1492 1437/1437/1437
f 1493/1493/1493 1492/1492/1492 1439/1439/1439
f 1492/1492/1492 1494/1494/1494 1491/1491/1491
f 1493/1493/1493 1494/1494/1494 1492/1492/1492
f 1493/1493/1493 1439/1439/1439 1440/1440/1440
f 1440/1440/1440 1495/1495/1495 1493/1493/1493
f 1495/1495/1495 1440/1440/1440 1441/1441/1441
f 1441/1441/1441 1496/1496/1496 1495/1495/1495
f 1496/1496/1496 1441/1441/1441 1442/1442/1442
f 1442/1442/1442 1497/1497/1497 1496/1496/1496
f 1497/1497/1497 1442/1442/1442 1443/1443/1443
f 1443/1443/1443 1498/1498/1498 1497/1497/1497
f 1498/1498/1498 1443/1443/1443 1444/1444/1444
f 1444/1444/1444 1499/1499/1499 1498/1498/1498
f 1499/1499/1499 1444/1444/1444 1445/1445/1445
f 1445/1445/1445 1500/1500/1500 1499/1499/1499
f 1500/1500/1500 1445/1445/1445 1446/1446/1446
f 1446/1446/1446 1501/1501/1501 1500/1500/1500
f 1501/1501/1501 1446/1446/1446 1447/1447/1447
f 1447/1447/1447 1502/1502/1502 1501/1501/1501
f 1503/1503/1503 1448/1448/1448 1449/1449/1449
f 1449/1449/1449 1504/1504/1504 1503/1503/1503
f 1504/1504/1504 1449/1449/1449 1450/1450/1450
f 1450/1450/1450 1505/1505/1505 1504/1504/1504
f 1505/1505/1505 1450/1450/1450 1451/1451/1451
f 1451/1451/1451 1506/1506/1506 1505/1505/1505
f 1506/1506/1506 1451/1451/1451 1453/1453/1453
f 1453/1453/1453 1507/1507/1507 1506/1506/1506
f 1507/1507/1507 1453/1453/1453 1454/1454/1454
f 1454/1454/1454 1508/1508/1508 1507/1507/1507
f 1508/1508/1508 1454/1454/1454 1455/1455/1455
f 1455/1455/1455 1509/1509/1509 1508/1508/1508
f 1509/1509/1509 1455/1455/1455 1456/1456/1456
f 1456/1456/1456 1510/1510/1510 1509/1509/1509
f 1456/1456/1456 1511/1511/1511 1510/1510/1510
f 1457/1457/1457 1511/1511/1511 1456/1456/1456
f 1511/1511/1511 1513/1513/1513 1512/1512/1512
f 1457/1457/1457 1513/1513/1513 1511/1511/1511
f 1510/1510/1510 1511/1511/1511 1512/1512/1512
f 1514/1514/1514 1513/1513/1513 1457/1457/1457
f 1512/1512/1512 1513/1513/1513 1514/1514/1514
f 1459/1459/1459 1514/1514/1514 1457/1457/1457
f 1515/1515/1515 1514/1514/1514 1459/1459/1459
f 1512/1512/1512 1514/1514/1514 1515/1515/1515
f 1459/1459/1459 1516/1516/1516 1515/1515/1515
f 1461/1461/1461 1516/1516/1516 1459/1459/1459
f 1516/1516/1516 1518/1518/1518 1517/1517/1517
f 1461/1461/1461 1518/1518/1518 1516/1516/1516
f 1515/1515/1515 1516/1516/1516 1517/1517/1517
f 1519/1519/1519 1518/1518/1518 1461/1461/1461
f 1518/1518/1518 1520/1520/1520 1517/1517/1517
f 1519/1519/1519 1520/1520/1520 1518/1518/1518
f 1468/1468/1468 1521/1521/1521 1519/1519/1519
f 1467/1467/1467 1521/1521/1521 1468/1468/1468
f 1461/1461/1461 1468/1468/1468 1519/1519/1519
f 1522/1522/1522 1523/1523/1523 1519/1519/1519
f 1524/1524/1524 1523/1523/1523 1522/1522/1522
f 1521/1521/1521 1525/1525/1525 1522/1522/1522
f 1467/1467/1467 1525/1525/1525 1521/1521/1521
f 1519/1519/1519 1521/1521/1521 1522/1522/1522
f 1526/1526/1526 1520/1520/1520 1519/1519/1519
f 1517/1517/1517 1520/1520/1520 1526/1526/1526
f 1523/1523/1523 1527/1527/1527 1526/1526/1526
f 1524/1524/1524 1527/1527/1527 1523/1523/1523
f 1519/1519/1519 1523/1523/1523 1526/1526/1526
f 1528/1528/1528 1530/1530/1530 1529/1529/1529
f 1522/1522/1522 1530/1530/1530 1528/1528/1528
f 1531/1531/1531 1528/1528/1528 1529/1529/1529
f 1529/1529/1529 1525/1525/1525 1467/1467/1467
f 1525/1525/1525 1530/1530/1530 1522/1522/1522
f 1529/1529/1529 1530/1530/1530 1525/1525/1525
f 1522/1522/1522 1532/1532/1532 1524/1524/1524
f 1532/1532/1532 1528/1528/1528 1531/1531/1531
f 1522/1522/1522 1528/1528/1528 1532/1532/1532
f 1531/1531/1531 1471/1471/1471 1470/1470/1470
f 1471/1471/1471 1529/1529/1529 1467/1467/1467
f 1531/1531/1531 1529/1529/1529 1471/1471/1471
f 1533/1533/1533 1531/1531/1531 1470/1470/1470
f 1534/1534/1534 1532/1532/1532 1531/1531/1531
f 1524/1524/1524 1532/1532/1532 1534/1534/1534
f 1533/1533/1533 1534/1534/1534 1531/1531/1531
f 1533/1533/1533 1470/1470/1470 1472/1472/1472
f 1472/1472/1472 1535/1535/1535 1533/1533/1533
f 1535/1535/1535 1472/1472/1472 1473/1473/1473
f 1473/1473/1473 1536/1536/1536 1535/1535/1535
f 1536/1536/1536 1473/1473/1473 1474/1474/1474
f 1474/1474/1474 1537/1537/1537 1536/1536/1536
f 1537/1537/1537 1474/1474/1474 1475/1475/1475
f 1475/1475/1475 1538/1538/1538 1537/1537/1537
f 1538/1538/1538 1475/1475/1475 1476/1476/1476
f 1476/1476/1476 1539/1539/1539 1538/1538/1538
f 1476/1476/1476 1540/1540/1540 1539/1539/1539
f 1481/1481/1481 1541/1541/1541 1540/1540/1540
f 1482/1482/1482 1542/1542/1542 1541/1541/1541
f 1480/1480/1480 1542/1542/1542 1482/1482/1482
f 1481/1481/1481 1482/1482/1482 1541/1541/1541
f 1476/1476/1476 1481/1481/1481 1540/1540/1540
f 1540/1540/1540 1544/1544/1544 1543/1543/1543
f 1541/1541/1541 1545/1545/1545 1544/1544/1544
f 1542/1542/1542 1546/1546/1546 1545/1545/1545
f 1480/1480/1480 1546/1546/1546 1542/1542/1542
f 1541/1541/1541 1542/1542/1542 1545/1545/1545
f 1540/1540/1540 1541/1541/1541 1544/1544/1544
f 1539/1539/1539 1540/1540/1540 1543/1543/1543
f 1547/1547/1547 1549/1549/1549 1548/1548/1548
f 1544/1544/1544 1549/1549/1549 1547/1547/1547
f 1550/1550/1550 1547/1547/1547 1548/1548/1548
f 1545/1545/1545 1551/1551/1551 1548/1548/1548
f 1551/1551/1551 1546/1546/1546 1480/1480/1480
f 1545/1545/1545 1546/1546/1546 1551/1551/1551
f 1545/1545/1545 1549/1549/1549 1544/1544/1544
f 1548/1548/1548 1549/1549/1549 1545/1545/1545
f 1544/1544/1544 1552/1552/1552 1543/1543/1543
f 1552/1552/1552 1547/1547/1547 1550/1550/1550
f 1544/1544/1544 1547/1547/1547 1552/1552/1552
f 1550/1550/1550 1486/1486/1486 1485/1485/1485
f 1548/1548/1548 1487/1487/1487 1486/1486/1486
f 1487/1487/1487 1551/1551/1551 1480/1480/1480
f 1548/1548/1548 1551/1551/1551 1487/1487/1487
f 1550/1550/1550 1548/1548/1548 1486/1486/1486
f 1553/1553/1553 1550/1550/1550 1485/1485/1485
f 1554/1554/1554 1552/1552/1552 1550/1550/1550
f 1543/1543/1543 1552/1552/1552 1554/1554/1554
f 1553/1553/1553 1554/1554/1554 1550/1550/1550
f 1553/1553/1553 1485/1485/1485 1488/1488/1488
f 1488/1488/1488 1555/1555/1555 1553/1553/1553
f 1555/1555/1555 1488/1488/1488 1489/1489/1489
f 1489/1489/1489 1556/1556/1556 1555/1555/1555
f 1556/1556/1556 1489/1489/1489 1490/1490/1490
f 1490/1490/1490 1557/1557/1557 1556/1556/1556
f 1557/1557/1557 1490/1490/1490 1491/1491/1491
f 1491/1491/1491 1558/1558/1558 1557/1557/1557
f 1491/1491/1491 1559/1559/1559 1558/1558/1558
f 1494/1494/1494 1560/1560/1560 1559/1559/1559
f 1493/1493/1493 1560/1560/1560 1494/1494/1494
f 1491/1491/1491 1494/1494/1494 1559/1559/1559
f 1561/1561/1561 1562/1562/1562 1559/1559/1559
f 1563/1563/1563 1562/1562/1562 1561/1561/1561
f 1561/1561/1561 1560/1560/1560 1493/1493/1493
f 1559/1559/1559 1560/1560/1560 1561/1561/1561
f 1559/1559/1559 1564/1564/1564 1558/1558/1558
f 1564/1564/1564 1562/1562/1562 1563/1563/1563
f 1559/1559/1559 1562/1562/1562 1564/1564/1564
f 1565/1565/1565 1561/1561/1561 1493/1493/1493
f 1563/1563/1563 1561/1561/1561 1565/1565/1565
f 1495/1495/1495 1565/1565/1565 1493/1493/1493
f 1566/1566/1566 1565/1565/1565 1495/1495/1495
f 1563/1563/1563 1565/1565/1565 1566/1566/1566
f 1566/1566/1566 1495/1495/1495 1496/1496/1496
f 1496/1496/1496 1567/1567/1567 1566/1566/1566
f 1567/1567/1567 1496/1496/1496 1497/1497/1497
f 1497/1497/1497 1568/1568/1568 1567/1567/1567
f 1568/1568/1568 1497/1497/1497 1498/1498/1498
f 1498/1498/1498 1569/1569/1569 1568/1568/1568
f 1569/1569/1569 1498/1498/1498 1499/1499/1499
f 1499/1499/1499 1570/1570/1570 1569/1569/1569
f 1570/1570/1570 1499/1499/1499 1500/1500/1500
f 1500/1500/1500 1571/1571/1571 1570/1570/1570
f 1571/1571/1571 1500/1500/1500 1501/1501/1501
f 1501/1501/1501 1572/1572/1572 1571/1571/1571
f 1572/1572/1572 1501/1501/1501 1502/1502/1502
f 1502/1502/1502 1573/1573/1573 1572/1572/1572
f 1574/1574/1574 1503/1503/1503 1504/1504/1504
f 1504/1504/1504 1575/1575/1575 1574/1574/1574
f 1575/1575/1575 1504/1504/1504 1505/1505/1505
f 1505/1505/1505 1576/1576/1576 1575/1575/1575
f 1576/1576/1576 1505/1505/1505 1506/1506/1506
f 1506/1506/1506 1577/1577/1577 1576/1576/1576
f 1506/1506/1506 1578/1578/1578 1577/1577/1577
f 1507/1507/1507 1578/1578/1578 1506/1506/1506
f 1578/1578/1578 1580/1580/1580 1579/1579/1579
f 1507/1507/1507 1580/1580/1580 1578/1578/1578
f 1578/1578/1578 1581/1581/1581 1577/1577/1577
f 1579/1579/1579 1581/1581/1581 1578/1578/1578
f 1582/1582/1582 1580/1580/1580 1507/1507/1507
f 1580/1580/1580 1583/1583/1583 1579/1579/1579
f 1582/1582/1582 1583/1583/1583 1580/1580/1580
f 1508/1508/1508 1582/1582/1582 1507/1507/1507
f 1584/1584/1584 1585/1585/1585 1582/1582/1582
f 1585/1585/1585 1587/1587/1587 1586/1586/1586
f 1584/1584/1584 1587/1587/1587 1585/1585/1585
f 1508/1508/1508 1584/1584/1584 1582/1582/1582
f 1588/1588/1588 1583/1583/1583 1582/1582/1582
f 1583/1583/1583 1589/1589/1589 1579/1579/1579
f 1588/1588/1588 1589/1589/1589 1583/1583/1583
f 1588/1588/1588 1585/1585/1585 1586/1586/1586
f 1582/1582/1582 1585/1585/1585 1588/1588/1588
f 1590/1590/1590 1584/1584/1584 1508/1508/1508
f 1591/1591/1591 1587/1587/1587 1584/1584/1584
f 1586/1586/1586 1587/1587/1587 1591/1591/1591
f 1590/1590/1590 1591/1591/1591 1584/1584/1584
f 1509/1509/1509 1590/1590/1590 1508/1508/1508
f 1590/1590/1590 1593/1593/1593 1592/1592/1592
f 1509/1509/1509 1593/1593/1593 1590/1590/1590
f 1594/1594/1594 1591/1591/1591 1590/1590/1590
f 1586/1586/1586 1591/1591/1591 1594/1594/1594
f 1592/1592/1592 1594/1594/1594 1590/1590/1590
f 1595/1595/1595 1593/1593/1593 1509/1509/1509
f 1593/1593/1593 1596/1596/1596 1592/1592/1592
f 1595/1595/1595 1596/1596/1596 1593/1593/1593
f 1510/1510/1510 1595/1595/1595 1509/1509/1509
f 1597/1597/1597 1598/1598/1598 1595/1595/1595
f 1599/1599/1599 1598/1598/1598 1597/1597/1597
f 1510/1510/1510 1597/1597/1597 1595/1595/1595
f 1600/1600/1600 1596/1596/1596 1595/1595/1595
f 1592/1592/1592 1596/1596/1596 1600/1600/1600
f 1598/1598/1598 1601/1601/1601 1600/1600/1600
f 1599/1599/1599 1601/1601/1601 1598/1598/1598
f 1595/1595/1595 1598/1598/1598 1600/1600/1600
f 1602/1602/1602 1597/1597/1597 1510/1510/1510
f 1599/1599/1599 1597/1597/1597 1602/1602/1602
f 1512/1512/1512 1602/1602/1602 1510/1510/1510
f 1603/1603/1603 1602/1602/1602 1512/1512/1512
f 1602/1602/1602 1604/1604/1604 1599/1599/1599
f 1603/1603/1603 1604/1604/1604 1602/1602/1602
f 1603/1603/1603 1512/1512/1512 1515/1515/1515
f 1515/1515/1515 1605/1605/1605 1603/1603/1603
f 1515/1515/1515 1606/1606/1606 1605/1605/1605
f 1517/1517/1517 1606/1606/1606 1515/1515/1515
f 1607/1607/1607 1606/1606/1606 1517/1517/1517
f 1606/1606/1606 1608/1608/1608 1605/1605/1605
f 1607/1607/1607 1608/1608/1608 1606/1606/1606
f 1517/1517/1517 1609/1609/1609 1607/1607/1607
f 1526/1526/1526 1610/1610/1610 1609/1609/1609
f 1527/1527/1527 1611/1611/1611 1610/1610/1610
f 1524/1524/1524 1611/1611/1611 1527/1527/1527
f 1526/1526/1526 1527/1527/1527 1610/1610/1610
f 1517/1517/1517 1526/1526/1526 1609/1609/1609
f 1609/1609/1609 1613/1613/1613 1612/1612/1612
f 1610/1610/1610 1614/1614/1614 1613/1613/1613
f 1614/1614/1614 1611/1611/1611 1524/1524/1524
f 1610/1610/1610 1611/1611/1611 1614/1614/1614
f 1609/1609/1609 1610/1610/1610 1613/1613/1613
f 1609/1609/1609 1615/1615/1615 1607/1607/1607
f 1612/1612/1612 1615/1615/1615 1609/1609/1609
f 1613/1613/1613 1617/1617/1617 1616/1616/1616
f 1617/1617/1617 1614/1614/1614 1524/1524/1524
f 1613/1613/1613 1614/1614/1614 1617/1617/1617
f 1612/1612/1612 1613/1613/1613 1616/1616/1616
f 1616/1616/1616 1534/1534/1534 1533/1533/1533
f 1534/1534/1534 1617/1617/1617 1524/1524/1524
f 1616/1616/1616 1617/1617/1617 1534/1534/1534
f 1618/1618/1618 1616/1616/1616 1533/1533/1533
f 1612/1612/1612 1616/1616/1616 1618/1618/1618
f 1618/1618/1618 1533/1533/1533 1535/1535/1535
f 1535/1535/1535 1619/1619/1619 1618/1618/1618
f 1619/1619/1619 1535/1535/1535 1536/1536/1536
f 1536/1536/1536 1620/1620/1620 1619/1619/1619
f 1536/1536/1536 1621/1621/1621 1620/1620/1620
f 1537/1537/1537 1621/1621/1621 1536/1536/1536
f 1621/1621/1621 1623/1623/1623 1622/1622/1622
f 1537/1537/1537 1623/1623/1623 1621/1621/1621
f 1620/1620/1620 1621/1621/1621 1622/1622/1622
f 1624/1624/1624 1623/1623/1623 1537/1537/1537
f 1623/1623/1623 1625/1625/1625 1622/1622/1622
f 1624/1624/1624 1625/1625/1625 1623/1623/1623
f 1538/1538/1538 1624/1624/1624 1537/1537/1537
f 1626/1626/1626 1624/1624/1624 1538/1538/1538
f 1627/1627/1627 1625/1625/1625 1624/1624/1624
f 1622/1622/1622 1625/1625/1625 1627/1627/1627
f 1626/1626/1626 1627/1627/1627 1624/1624/1624
f 1626/1626/1626 1538/1538/1538 1539/1539/1539
f 1539/1539/1539 1628/1628/1628 1626/1626/1626
f 1628/1628/1628 1539/1539/1539 1543/1543/1543
f 1543/1543/1543 1629/1629/1629 1628/1628/1628
f 1543/1543/1543 1630/1630/1630 1629/1629/1629
f 1630/1630/1630 1554/1554/1554 1553/1553/1553
f 1543/1543/1543 1554/1554/1554 1630/1630/1630
f 1631/1631/1631 1630/1630/1630 1553/1553/1553
f 1629/1629/1629 1630/1630/1630 1631/1631/1631
f 1553/1553/1553 1632/1632/1632 1631/1631/1631
f 1555/1555/1555 1632/1632/1632 1553/1553/1553
f 1633/1633/1633 1632/1632/1632 1555/1555/1555
f 1632/1632/1632 1634/1634/1634 1631/1631/1631
f 1633/1633/1633 1634/1634/1634 1632/1632/1632
f 1555/1555/1555 1635/1635/1635 1633/1633/1633
f 1556/1556/1556 1635/1635/1635 1555/1555/1555
f 1636/1636/1636 1635/1635/1635 1556/1556/1556
f 1633/1633/1633 1635/1635/1635 1636/1636/1636
f 1636/1636/1636 1556/1556/1556 1557/1557/1557
f 1557/1557/1557 1637/1637/1637 1636/1636/1636
f 1637/1637/1637 1557/1557/1557 1558/1558/1558
f 1558/1558/1558 1638/1638/1638 1637/1637/1637
f 1558/1558/1558 1639/1639/1639 1638/1638/1638
f 1639/1639/1639 1564/1564/1564 1563/1563/1563
f 1558/1558/1558 1564/1564/1564 1639/1639/1639
f 1640/1640/1640 1639/1639/1639 1563/1563/1563
f 1638/1638/1638 1639/1639/1639 1640/1640/1640
f 1640/1640/1640 1563/1563/1563 1566/1566/1566
f 1566/1566/1566 1641/1641/1641 1640/1640/1640
f 1641/1641/1641 1566/1566/1566 1567/1567/1567
f 1567/1567/1567 1642/1642/1642 1641/1641/1641
f 1642/1642/1642 1567/1567/1567 1568/1568/1568
f 1568/1568/1568 1643/1643/1643 1642/1642/1642
f 1643/1643/1643 1568/1568/1568 1569/1569/1569
f 1569/1569/1569 1644/1644/1644 1643/1643/1643
f 1644/1644/1644 1569/1569/1569 1570/1570/1570
f 1570/1570/1570 1645/1645/1645 1644/1644/1644
f 1645/1645/1645 1570/1570/1570 1571/1571/1571
f 1571/1571/1571 1646/1646/1646 1645/1645/1645
f 1646/1646/1646 1571/1571/1571 1572/1572/1572
f 1572/1572/1572 1647/1647/1647 1646/1646/1646
f 1647/1647/1647 1572/1572/1572 1573/1573/1573
f 1573/1573/1573 1648/1648/1648 1647/1647/1647
f 1649/1649/1649 1574/1574/1574 1575/1575/1575
f 1575/1575/1575 1650/1650/1650 1649/1649/1649
f 1650/1650/1650 1575/1575/1575 1576/1576/1576
f 1576/1576/1576 1651/1651/1651 1650/1650/1650
f 1576/1576/1576 1652/1652/1652 1651/1651/1651
f 1577/1577/1577 1652/1652/1652 1576/1576/1576
f 1652/1652/1652 1654/1654/1654 1653/1653/1653
f 1577/1577/1577 1654/1654/1654 1652/1652/1652
f 1651/1651/1651 1652/1652/1652 1653/1653/1653
f 1654/1654/1654 1656/1656/1656 1655/1655/1655
f 1577/1577/1577 1656/1656/1656 1654/1654/1654
f 1653/1653/1653 1654/1654/1654 1655/1655/1655
f 1655/1655/1655 1581/1581/1581 1579/1579/1579
f 1581/1581/1581 1656/1656/1656 1577/1577/1577
f 1655/1655/1655 1656/1656/1656 1581/1581/1581
f 1655/1655/1655 1658/1658/1658 1657/1657/1657
f 1579/1579/1579 1658/1658/1658 1655/1655/1655
f 1653/1653/1653 1655/1655/1655 1657/1657/1657
f 1658/1658/1658 1660/1660/1660 1659/1659/1659
f 1579/1579/1579 1660/1660/1660 1658/1658/1658
f 1657/1657/1657 1658/1658/1658 1659/1659/1659
f 1659/1659/1659 1588/1588/1588 1586/1586/1586
f 1660/1660/1660 1589/1589/1589 1588/1588/1588
f 1579/1579/1579 1589/1589/1589 1660/1660/1660
f 1659/1659/1659 1660/1660/1660 1588/1588/1588
f 1661/1661/1661 1659/1659/1659 1586/1586/1586
f 1657/1657/1657 1659/1659/1659 1661/1661/1661
f 1586/1586/1586 1662/1662/1662 1661/1661/1661
f 1662/1662/1662 1594/1594/1594 1592/1592/1592
f 1586/1586/1586 1594/1594/1594 1662/1662/1662
f 1663/1663/1663 1662/1662/1662 1592/1592/1592
f 1661/1661/1661 1662/1662/1662 1663/1663/1663
f 1592/1592/1592 1664/1664/1664 1663/1663/1663
f 1600/1600/1600 1665/1665/1665 1664/1664/1664
f 1601/1601/1601 1666/1666/1666 1665/1665/1665
f 1599/1599/1599 1666/1666/1666 1601/1601/1601
f 1600/1600/1600 1601/1601/1601 1665/1665/1665
f 1592/1592/1592 1600/1600/1600 1664/1664/1664
f 1664/1664/1664 1668/1668/1668 1667/1667/1667
f 1665/1665/1665 1669/1669/1669 1668/1668/1668
f 1669/1669/1669 1666/1666/1666 1599/1599/1599
f 1665/1665/1665 1666/1666/1666 1669/1669/1669
f 1664/1664/1664 1665/1665/1665 1668/1668/1668
f 1663/1663/1663 1664/1664/1664 1667/1667/1667
f 1668/1668/1668 1671/1671/1671 1670/1670/1670
f 1671/1671/1671 1669/1669/1669 1599/1599/1599
f 1668/1668/1668 1669/1669/1669 1671/1671/1671
f 1668/1668/1668 1672/1672/1672 1667/1667/1667
f 1670/1670/1670 1672/1672/1672 1668/1668/1668
f 1670/1670/1670 1604/1604/1604 1603/1603/1603
f 1604/1604/1604 1671/1671/1671 1599/1599/1599
f 1670/1670/1670 1671/1671/1671 1604/1604/1604
f 1673/1673/1673 1674/1674/1674 1670/1670/1670
f 1675/1675/1675 1674/1674/1674 1673/1673/1673
f 1603/1603/1603 1673/1673/1673 1670/1670/1670
f 1676/1676/1676 1672/1672/1672 1670/1670/1670
f 1667/1667/1667 1672/1672/1672 1676/1676/1676
f 1676/1676/1676 1674/1674/1674 1675/1675/1675
f 1670/1670/1670 1674/1674/1674 1676/1676/1676
f 1677/1677/1677 1673/1673/1673 1603/1603/1603
f 1675/1675/1675 1673/1673/1673 1677/1677/1677
f 1605/1605/1605 1677/1677/1677 1603/1603/1603
f 1678/1678/1678 1679/1679/1679 1677/1677/1677
f 1680/1680/1680 1679/1679/1679 1678/1678/1678
f 1605/1605/1605 1678/1678/1678 1677/1677/1677
f 1677/1677/1677 1681/1681/1681 1675/1675/1675
f 1681/1681/1681 1679/1679/1679 1680/1680/1680
f 1677/1677/1677 1679/1679/1679 1681/1681/1681
f 1678/1678/1678 1683/1683/1683 1682/1682/1682
f 1605/1605/1605 1683/1683/1683 1678/1678/1678
f 1680/1680/1680 1678/1678/1678 1682/1682/1682
f 1608/1608/1608 1684/1684/1684 1682/1682/1682
f 1607/1607/1607 1684/1684/1684 1608/1608/1608
f 1608/1608/1608 1683/1683/1683 1605/1605/1605
f 1682/1682/1682 1683/1683/1683 1608/1608/1608
f 1682/1682/1682 1686/1686/1686 1685/1685/1685
f 1684/1684/1684 1687/1687/1687 1686/1686/1686
f 1607/1607/1607 1687/1687/1687 1684/1684/1684
f 1682/1682/1682 1684/1684/1684 1686/1686/1686
f 1680/1680/1680 1682/1682/1682 1685/1685/1685
f 1686/1686/1686 1689/1689/1689 1688/1688/1688
f 1689/1689/1689 1687/1687/1687 1607/1607/1607
f 1686/1686/1686 1687/1687/1687 1689/1689/1689
f 1685/1685/1685 1686/1686/1686 1688/1688/1688
f 1688/1688/1688 1615/1615/1615 1612/1612/1612
f 1615/1615/1615 1689/1689/1689 1607/1607/1607
f 1688/1688/1688 1689/1689/1689 1615/1615/1615
f 1690/1690/1690 1688/1688/1688 1612/1612/1612
f 1685/1685/1685 1688/1688/1688 1690/1690/1690
f 1690/1690/1690 1612/1612/1612 1618/1618/1618
f 1618/1618/1618 1691/1691/1691 1690/1690/1690
f 1691/1691/1691 1618/1618/1618 1619/1619/1619
f 1619/1619/1619 1692/1692/1692 1691/1691/1691
f 1619/1619/1619 1693/1693/1693 1692/1692/1692
f 1620/1620/1620 1693/1693/1693 1619/1619/1619
f 1694/1694/1694 1693/1693/1693 1620/1620/1620
f 1693/1693/1693 1695/1695/1695 1692/1692/1692
f 1694/1694/1694 1695/1695/1695 1693/1693/1693
f 1620/1620/1620 1696/1696/1696 1694/1694/1694
f 1622/1622/1622 1696/1696/1696 1620/1620/1620
f 1696/1696/1696 1698/1698/1698 1697/1697/1697
f 1622/1622/1622 1698/1698/1698 1696/1696/1696
f 1696/1696/1696 1699/1699/1699 1694/1694/1694
f 1697/1697/1697 1699/1699/1699 1696/1696/1696
f 1698/1698/1698 1701/1701/1701 1700/1700/1700
f 1622/1622/1622 1701/1701/1701 1698/1698/1698
f 1697/1697/1697 1698/1698/1698 1700/1700/1700
f 1702/1702/1702 1703/1703/1703 1627/1627/1627
f 1703/1703/1703 1704/1704/1704 1700/1700/1700
f 1702/1702/1702 1704/1704/1704 1703/1703/1703
f 1626/1626/1626 1702/1702/1702 1627/1627/1627
f 1627/1627/1627 1701/1701/1701 1622/1622/1622
f 1701/1701/1701 1703/1703/1703 1700/1700/1700
f 1627/1627/1627 1703/1703/1703 1701/1701/1701
f 1705/1705/1705 1707/1707/1707 1706/1706/1706
f 1700/1700/1700 1707/1707/1707 1705/1705/1705
f 1708/1708/1708 1705/1705/1705 1706/1706/1706
f 1706/1706/1706 1702/1702/1702 1626/1626/1626
f 1707/1707/1707 1704/1704/1704 1702/1702/1702
f 1700/1700/1700 1704/1704/1704 1707/1707/1707
f 1706/1706/1706 1707/1707/1707 1702/1702/1702
f 1700/1700/1700 1709/1709/1709 1697/1697/1697
f 1709/1709/1709 1705/1705/1705 1708/1708/1708
f 1700/1700/1700 1705/1705/1705 1709/1709/1709
f 1710/1710/1710 1706/1706/1706 1626/1626/1626
f 1706/1706/1706 1711/1711/1711 1708/1708/1708
f 1710/1710/1710 1711/1711/1711 1706/1706/1706
f 1628/1628/1628 1710/1710/1710 1626/1626/1626
f 1712/1712/1712 1713/1713/1713 1710/1710/1710
f 1714/1714/1714 1713/1713/1713 1712/1712/1712
f 1628/1628/1628 1712/1712/1712 1710/1710/1710
f 1711/1711/1711 1716/1716/1716 1715/1715/1715
f 1710/1710/1710 1716/1716/1716 1711/1711/1711
f 1708/1708/1708 1711/1711/1711 1715/1715/1715
f 1715/1715/1715 1713/1713/1713 1714/1714/1714
f 1713/1713/1713 1716/1716/1716 1710/1710/1710
f 1715/1715/1715 1716/1716/1716 1713/1713/1713
f 1717/1717/1717 1712/1712/1712 1628/1628/1628
f 1714/1714/1714 1712/1712/1712 1717/1717/1717
f 1629/1629/1629 1717/1717/1717 1628/1628/1628
f 1718/1718/1718 1717/1717/1717 1629/1629/1629
f 1714/1714/1714 1717/1717/1717 1718/1718/1718
f 1718/1718/1718 1629/1629/1629 1631/1631/1631
f 1631/1631/1631 1719/1719/1719 1718/1718/1718
f 1631/1631/1631 1720/1720/1720 1719/1719/1719
f 1720/1720/1720 1634/1634/1634 1633/1633/1633
f 1631/1631/1631 1634/1634/1634 1720/1720/1720
f 1721/1721/1721 1720/1720/1720 1633/1633/1633
f 1719/1719/1719 1720/1720/1720 1721/1721/1721
f 1721/1721/1721 1633/1633/1633 1636/1636/1636
f 1636/1636/1636 1722/1722/1722 1721/1721/1721
f 1722/1722/1722 1636/1636/1636 1637/1637/1637
f 1637/1637/1637 1723/1723/1723 1722/1722/1722
f 1637/1637/1637 1724/1724/1724 1723/1723/1723
f 1638/1638/1638 1724/1724/1724 1637/1637/1637
f 1725/1725/1725 1726/1726/1726 1724/1724/1724
f 1727/1727/1727 1726/1726/1726 1725/1725/1725
f 1638/1638/1638 1725/1725/1725 1724/1724/1724
f 1724/1724/1724 1728/1728/1728 1723/1723/1723
f 1726/1726/1726 1729/1729/1729 1728/1728/1728
f 1727/1727/1727 1729/1729/1729 1726/1726/1726
f 1724/1724/1724 1726/1726/1726 1728/1728/1728
f 1730/1730/1730 1725/1725/1725 1638/1638/1638
f 1727/1727/1727 1725/1725/1725 1730/1730/1730
f 1640/1640/1640 1730/1730/1730 1638/1638/1638
f 1731/1731/1731 1730/1730/1730 1640/1640/1640
f 1727/1727/1727 1730/1730/1730 1731/1731/1731
f 1731/1731/1731 1640/1640/1640 1641/1641/1641
f 1641/1641/1641 1732/1732/1732 1731/1731/1731
f 1732/1732/1732 1641/1641/1641 1642/1642/1642
f 1642/1642/1642 1733/1733/1733 1732/1732/1732
f 1733/1733/1733 1642/1642/1642 1643/1643/1643
f 1643/1643/1643 1734/1734/1734 1733/1733/1733
f 1734/1734/1734 1643/1643/1643 1644/1644/1644
f 1644/1644/1644 1735/1735/1735 1734/1734/1734
f 1735/1735/1735 1644/1644/1644 1645/1645/1645
f 1645/1645/1645 1736/1736/1736 1735/1735/1735
f 1736/1736/1736 1645/1645/1645 1646/1646/1646
f 1646/1646/1646 1737/1737/1737 1736/1736/1736
f 1737/1737/1737 1646/1646/1646 1647/1647/1647
f 1647/1647/1647 1738/1738/1738 1737/1737/1737
f 1738/1738/1738 1647/1647/1647 1648/1648/1648
f 1648/1648/1648 1739/1739/1739 1738/1738/1738
f 1740/1740/1740 1649/1649/1649 1650/1650/1650
f 1650/1650/1650 1741/1741/1741 1740/1740/1740
f 1741/1741/1741 1650/1650/1650 1651/1651/1651
f 1651/1651/1651 1742/1742/1742 1741/1741/1741
f 1651/1651/1651 1743/1743/1743 1742/1742/1742
f 1653/1653/1653 1743/1743/1743 1651/1651/1651
f 1744/1744/1744 1745/1745/1745 1743/1743/1743
f 1746/1746/1746 1745/1745/1745 1744/1744/1744
f 1653/1653/1653 1744/1744/1744 1743/1743/1743
f 1743/1743/1743 1747/1747/1747 1742/1742/1742
f 1747/1747/1747 1745/1745/1745 1746/1746/1746
f 1743/1743/1743 1745/1745/1745 1747/1747/1747
f 1748/1748/1748 1744/1744/1744 1653/1653/1653
f 1746/1746/1746 1744/1744/1744 1748/1748/1748
f 1657/1657/1657 1748/1748/1748 1653/1653/1653
f 1749/1749/1749 1748/1748/1748 1657/1657/1657
f 1746/1746/1746 1748/1748/1748 1749/1749/1749
f 1749/1749/1749 1657/1657/1657 1661/1661/1661
f 1661/1661/1661 1750/1750/1750 1749/1749/1749
f 1750/1750/1750 1661/1661/1661 1663/1663/1663
f 1663/1663/1663 1751/1751/1751 1750/1750/1750
f 1751/1751/1751 1663/1663/1663 1667/1667/1667
f 1667/1667/1667 1752/1752/1752 1751/1751/1751
f 1667/1667/1667 1753/1753/1753 1752/1752/1752
f 1753/1753/1753 1676/1676/1676 1675/1675/1675
f 1667/1667/1667 1676/1676/1676 1753/1753/1753
f 1754/1754/1754 1753/1753/1753 1675/1675/1675
f 1752/1752/1752 1753/1753/1753 1754/1754/1754
f 1675/1675/1675 1755/1755/1755 1754/1754/1754
f 1755/1755/1755 1681/1681/1681 1680/1680/1680
f 1675/1675/1675 1681/1681/1681 1755/1755/1755
f 1756/1756/1756 1755/1755/1755 1680/1680/1680
f 1754/1754/1754 1755/1755/1755 1756/1756/1756
f 1756/1756/1756 1680/1680/1680 1685/1685/1685
f 1685/1685/1685 1757/1757/1757 1756/1756/1756
f 1757/1757/1757 1685/1685/1685 1690/1690/1690
f 1690/1690/1690 1758/1758/1758 1757/1757/1757
f 1690/1690/1690 1759/1759/1759 1758/1758/1758
f 1691/1691/1691 1759/1759/1759 1690/1690/1690
f 1760/1760/1760 1759/1759/1759 1691/1691/1691
f 1759/1759/1759 1761/1761/1761 1758/1758/1758
f 1760/1760/1760 1761/1761/1761 1759/1759/1759
f 1691/1691/1691 1762/1762/1762 1760/1760/1760
f 1692/1692/1692 1762/1762/1762 1691/1691/1691
f 1763/1763/1763 1764/1764/1764 1762/1762/1762
f 1765/1765/1765 1764/1764/1764 1763/1763/1763
f 1692/1692/1692 1763/1763/1763 1762/1762/1762
f 1762/1762/1762 1766/1766/1766 1760/1760/1760
f 1766/1766/1766 1764/1764/1764 1765/1765/1765
f 1762/1762/1762 1764/1764/1764 1766/1766/1766
f 1767/1767/1767 1763/1763/1763 1692/1692/1692
f 1765/1765/1765 1763/1763/1763 1767/1767/1767
f 1695/1695/1695 1768/1768/1768 1767/1767/1767
f 1694/1694/1694 1768/1768/1768 1695/1695/1695
f 1692/1692/1692 1695/1695/1695 1767/1767/1767
f 1767/1767/1767 1770/1770/1770 1769/1769/1769
f 1768/1768/1768 1771/1771/1771 1770/1770/1770
f 1694/1694/1694 1771/1771/1771 1768/1768/1768
f 1767/1767/1767 1768/1768/1768 1770/1770/1770
f 1765/1765/1765 1767/1767/1767 1769/1769/1769
f 1770/1770/1770 1773/1773/1773 1772/1772/1772
f 1773/1773/1773 1771/1771/1771 1694/1694/1694
f 1770/1770/1770 1771/1771/1771 1773/1773/1773
f 1769/1769/1769 1770/1770/1770 1772/1772/1772
f 1699/1699/1699 1774/1774/1774 1772/1772/1772
f 1697/1697/1697 1774/1774/1774 1699/1699/1699
f 1699/1699/1699 1773/1773/1773 1694/1694/1694
f 1772/1772/1772 1773/1773/1773 1699/1699/1699
f 1775/1775/1775 1777/1777/1777 1776/1776/1776
f 1772/1772/1772 1777/1777/1777 1775/1775/1775
f 1778/1778/1778 1775/1775/1775 1776/1776/1776
f 1776/1776/1776 1774/1774/1774 1697/1697/1697
f 1774/1774/1774 1777/1777/1777 1772/1772/1772
f 1776/1776/1776 1777/1777/1777 1774/1774/1774
f 1772/1772/1772 1779/1779/1779 1769/1769/1769
f 1779/1779/1779 1775/1775/1775 1778/1778/1778
f 1772/1772/1772 1775/1775/1775 1779/1779/1779
f 1780/1780/1780 1776/1776/1776 1697/1697/1697
f 1778/1778/1778 1776/1776/1776 1780/1780/1780
f 1780/1780/1780 1709/1709/1709 1708/1708/1708
f 1697/1697/1697 1709/1709/1709 1780/1780/1780
f 1781/1781/1781 1780/1780/1780 1708/1708/1708
f 1778/1778/1778 1780/1780/1780 1781/1781/1781
f 1708/1708/1708 1782/1782/1782 1781/1781/1781
f 1782/1782/1782 1715/1715/1715 1714/1714/1714
f 1708/1708/1708 1715/1715/1715 1782/1782/1782
f 1783/1783/1783 1782/1782/1782 1714/1714/1714
f 1781/1781/1781 1782/1782/1782 1783/1783/1783
f 1783/1783/1783 1714/1714/1714 1718/1718/1718
f 1718/1718/1718 1784/1784/1784 1783/1783/1783
f 1784/1784/1784 1718/1718/1718 1719/1719/1719
f 1719/1719/1719 1785/1785/1785 1784/1784/1784
f 1719/1719/1719 1786/1786/1786 1785/1785/1785
f 1721/1721/1721 1786/1786/1786 1719/1719/1719
f 1787/1787/1787 1788/1788/1788 1786/1786/1786
f 1789/1789/1789 1788/1788/1788 1787/1787/1787
f 1721/1721/1721 1787/1787/1787 1786/1786/1786
f 1786/1786/1786 1790/1790/1790 1785/1785/1785
f 1788/1788/1788 1791/1791/1791 1790/1790/1790
f 1789/1789/1789 1791/1791/1791 1788/1788/1788
f 1786/1786/1786 1788/1788/1788 1790/1790/1790
f 1792/1792/1792 1787/1787/1787 1721/1721/1721
f 1789/1789/1789 1787/1787/1787 1792/1792/1792
f 1722/1722/1722 1792/1792/1792 1721/1721/1721
f 1793/1793/1793 1792/1792/1792 1722/1722/1722
f 1792/1792/1792 1794/1794/1794 1789/1789/1789
f 1793/1793/1793 1794/1794/1794 1792/1792/1792
f 1793/1793/1793 1722/1722/1722 1723/1723/1723
f 1723/1723/1723 1795/1795/1795 1793/1793/1793
f 1723/1723/1723 1796/1796/1796 1795/1795/1795
f 1728/1728/1728 1797/1797/1797 1796/1796/1796
f 1797/1797/1797 1729/1729/1729 1727/1727/1727
f 1728/1728/1728 1729/1729/1729 1797/1797/1797
f 1723/1723/1723 1728/1728/1728 1796/1796/1796
f 1796/1796/1796 1799/1799/1799 1798/1798/1798
f 1799/1799/1799 1797/1797/1797 1727/1727/1727
f 1796/1796/1796 1797/1797/1797 1799/1799/1799
f 1796/1796/1796 1800/1800/1800 1795/1795/1795
f 1798/1798/1798 1800/1800/1800 1796/1796/1796
f 1801/1801/1801 1799/1799/1799 1727/1727/1727
f 1799/1799/1799 1802/1802/1802 1798/1798/1798
f 1801/1801/1801 1802/1802/1802 1799/1799/1799
f 1731/1731/1731 1801/1801/1801 1727/1727/1727
f 1803/1803/1803 1801/1801/1801 1731/1731/1731
f 1804/1804/1804 1802/1802/1802 1801/1801/1801
f 1798/1798/1798 1802/1802/1802 1804/1804/1804
f 1803/1803/1803 1804/1804/1804 1801/1801/1801
f 1803/1803/1803 1731/1731/1731 1732/1732/1732
f 1732/1732/1732 1805/1805/1805 1803/1803/1803
f 1805/1805/1805 1732/1732/1732 1733/1733/1733
f 1733/1733/1733 1806/1806/1806 1805/1805/1805
f 1806/1806/1806 1733/1733/1733 1734/1734/1734
f 1734/1734/1734 1807/1807/1807 1806/1806/1806
f 1807/1807/1807 1734/1734/1734 1735/1735/1735
f 1735/1735/1735 1808/1808/1808 1807/1807/1807
f 1808/1808/1808 1735/1735/1735 1736/1736/1736
f 1736/1736/1736 1809/1809/1809 1808/1808/1808
f 1809/1809/1809 1736/1736/1736 1737/1737/1737
f 1737/1737/1737 1810/1810/1810 1809/1809/1809
f 1810/1810/1810 1737/1737/1737 1738/1738/1738
f 1738/1738/1738 1811/1811/1811 1810/1810/1810
f 1811/1811/1811 1738/1738/1738 1739/1739/1739
f 1739/1739/1739 1812/1812/1812 1811/1811/1811
f 1813/1813/1813 1740/1740/1740 1741/1741/1741
f 1741/1741/1741 1814/1814/1814 1813/1813/1813
f 1814/1814/1814 1741/1741/1741 1742/1742/1742
f 1742/1742/1742 1815/1815/1815 1814/1814/1814
f 1742/1742/1742 1816/1816/1816 1815/1815/1815
f 1747/1747/1747 1817/1817/1817 1816/1816/1816
f 1746/1746/1746 1817/1817/1817 1747/1747/1747
f 1742/1742/1742 1747/1747/1747 1816/1816/1816
f 1818/1818/1818 1820/1820/1820 1819/1819/1819
f 1816/1816/1816 1820/1820/1820 1818/1818/1818
f 1821/1821/1821 1818/1818/1818 1819/1819/1819
f 1819/1819/1819 1817/1817/1817 1746/1746/1746
f 1817/1817/1817 1820/1820/1820 1816/1816/1816
f 1819/1819/1819 1820/1820/1820 1817/1817/1817
f 1816/1816/1816 1822/1822/1822 1815/1815/1815
f 1822/1822/1822 1818/1818/1818 1821/1821/1821
f 1816/1816/1816 1818/1818/1818 1822/1822/1822
f 1823/1823/1823 1819/1819/1819 1746/1746/1746
f 1821/1821/1821 1819/1819/1819 1823/1823/1823
f 1749/1749/1749 1823/1823/1823 1746/1746/1746
f 1824/1824/1824 1823/1823/1823 1749/1749/1749
f 1821/1821/1821 1823/1823/1823 1824/1824/1824
f 1749/1749/1749 1825/1825/1825 1824/1824/1824
f 1750/1750/1750 1825/1825/1825 1749/1749/1749
f 1826/1826/1826 1825/1825/1825 1750/1750/1750
f 1825/1825/1825 1827/1827/1827 1824/1824/1824
f 1826/1826/1826 1827/1827/1827 1825/1825/1825
f 1750/1750/1750 1828/1828/1828 1826/1826/1826
f 1751/1751/1751 1828/1828/1828 1750/1750/1750
f 1829/1829/1829 1828/1828/1828 1751/1751/1751
f 1828/1828/1828 1830/1830/1830 1826/1826/1826
f 1829/1829/1829 1830/1830/1830 1828/1828/1828
f 1829/1829/1829 1751/1751/1751 1752/1752/1752
f 1752/1752/1752 1831/1831/1831 1829/1829/1829
f 1752/1752/1752 1832/1832/1832 1831/1831/1831
f 1754/1754/1754 1832/1832/1832 1752/1752/1752
f 1832/1832/1832 1834/1834/1834 1833/1833/1833
f 1754/1754/1754 1834/1834/1834 1832/1832/1832
f 1831/1831/1831 1832/1832/1832 1833/1833/1833
f 1835/1835/1835 1834/1834/1834 1754/1754/1754
f 1833/1833/1833 1834/1834/1834 1835/1835/1835
f 1756/1756/1756 1835/1835/1835 1754/1754/1754
f 1836/1836/1836 1837/1837/1837 1835/1835/1835
f 1838/1838/1838 1837/1837/1837 1836/1836/1836
f 1756/1756/1756 1836/1836/1836 1835/1835/1835
f 1835/1835/1835 1839/1839/1839 1833/1833/1833
f 1839/1839/1839 1837/1837/1837 1838/1838/1838
f 1835/1835/1835 1837/1837/1837 1839/1839/1839
f 1840/1840/1840 1836/1836/1836 1756/1756/1756
f 1838/1838/1838 1836/1836/1836 1840/1840/1840
f 1757/1757/1757 1840/1840/1840 1756/1756/1756
f 1841/1841/1841 1840/1840/1840 1757/1757/1757
f 1838/1838/1838 1840/1840/1840 1841/1841/1841
f 1757/1757/1757 1842/1842/1842 1841/1841/1841
f 1758/1758/1758 1842/1842/1842 1757/1757/1757
f 1842/1842/1842 1844/1844/1844 1843/1843/1843
f 1758/1758/1758 1844/1844/1844 1842/1842/1842
f 1841/1841/1841 1842/1842/1842 1843/1843/1843
f 1844/1844/1844 1846/1846/1846 1845/1845/1845
f 1758/1758/1758 1846/1846/1846 1844/1844/1844
f 1843/1843/1843 1844/1844/1844 1845/1845/1845
f 1845/1845/1845 1761/1761/1761 1760/1760/1760
f 1761/1761/1761 1846/1846/1846 1758/1758/1758
f 1845/1845/1845 1846/1846/1846 1761/1761/1761
f 1847/1847/1847 1845/1845/1845 1760/1760/1760
f 1843/1843/1843 1845/1845/1845 1847/1847/1847
f 1760/1760/1760 1848/1848/1848 1847/1847/1847
f 1848/1848/1848 1766/1766/1766 1765/1765/1765
f 1760/1760/1760 1766/1766/1766 1848/1848/1848
f 1849/1849/1849 1848/1848/1848 1765/1765/1765
f 1847/1847/1847 1848/1848/1848 1849/1849/1849
f 1849/1849/1849 1765/1765/1765 1769/1769/1769
f 1769/1769/1769 1850/1850/1850 1849/1849/1849
f 1769/1769/1769 1851/1851/1851 1850/1850/1850
f 1851/1851/1851 1779/1779/1779 1778/1778/1778
f 1769/1769/1769 1779/1779/1779 1851/1851/1851
f 1852/1852/1852 1851/1851/1851 1778/1778/1778
f 1850/1850/1850 1851/1851/1851 1852/1852/1852
f 1852/1852/1852 1778/1778/1778 1781/1781/1781
f 1781/1781/1781 1853/1853/1853 1852/1852/1852
f 1853/1853/1853 1781/1781/1781 1783/1783/1783
f 1783/1783/1783 1854/1854/1854 1853/1853/1853
f 1854/1854/1854 1783/1783/1783 1784/1784/1784
f 1784/1784/1784 1855/1855/1855 1854/1854/1854
f 1855/1855/1855 1784/1784/1784 1785/1785/1785
f 1785/1785/1785 1856/1856/1856 1855/1855/1855
f 1785/1785/1785 1857/1857/1857 1856/1856/1856
f 1790/1790/1790 1858/1858/1858 1857/1857/1857
f 1791/1791/1791 1859/1859/1859 1858/1858/1858
f 1789/1789/1789 1859/1859/1859 1791/1791/1791
f 1790/1790/1790 1791/1791/1791 1858/1858/1858
f 1785/1785/1785 1790/1790/1790 1857/1857/1857
f 1857/1857/1857 1861/1861/1861 1860/1860/1860
f 1858/1858/1858 1862/1862/1862 1861/1861/1861
f 1862/1862/1862 1859/1859/1859 1789/1789/1789
f 1858/1858/1858 1859/1859/1859 1862/1862/1862
f 1857/1857/1857 1858/1858/1858 1861/1861/1861
f 1856/1856/1856 1857/1857/1857 1860/1860/1860
f 1863/1863/1863 1865/1865/1865 1864/1864/1864
f 1861/1861/1861 1865/1865/1865 1863/1863/1863
f 1866/1866/1866 1863/1863/1863 1864/1864/1864
f 1864/1864/1864 1862/1862/1862 1789/1789/1789
f 1862/1862/1862 1865/1865/1865 1861/1861/1861
f 1864/1864/1864 1865/1865/1865 1862/1862/1862
f 1861/1861/1861 1867/1867/1867 1860/1860/1860
f 1867/1867/1867 1863/1863/1863 1866/1866/1866
f 1861/1861/1861 1863/1863/1863 1867/1867/1867
f 1866/1866/1866 1794/1794/1794 1793/1793/1793
f 1794/1794/1794 1864/1864/1864 1789/1789/1789
f 1866/1866/1866 1864/1864/1864 1794/1794/1794
f 1868/1868/1868 1866/1866/1866 1793/1793/1793
f 1869/1869/1869 1867/1867/1867 1866/1866/1866
f 1860/1860/1860 1867/1867/1867 1869/1869/1869
f 1868/1868/1868 1869/1869/1869 1866/1866/1866
f 1868/1868/1868 1793/1793/1793 1795/1795/1795
f 1795/1795/1795 1870/1870/1870 1868/1868/1868
f 1795/1795/1795 1871/1871/1871 1870/1870/1870
f 1800/1800/1800 1872/1872/1872 1871/1871/1871
f 1798/1798/1798 1872/1872/1872 1800/1800/1800
f 1795/1795/1795 1800/1800/1800 1871/1871/1871
f 1873/1873/1873 1875/1875/1875 1874/1874/1874
f 1871/1871/1871 1875/1875/1875 1873/1873/1873
f 1876/1876/1876 1873/1873/1873 1874/1874/1874
f 1874/1874/1874 1872/1872/1872 1798/1798/1798
f 1872/1872/1872 1875/1875/1875 1871/1871/1871
f 1874/1874/1874 1875/1875/1875 1872/1872/1872
f 1871/1871/1871 1877/1877/1877 1870/1870/1870
f 1877/1877/1877 1873/1873/1873 1876/1876/1876
f 1871/1871/1871 1873/1873/1873 1877/1877/1877
f 1878/1878/1878 1874/1874/1874 1798/1798/1798
f 1876/1876/1876 1874/1874/1874 1878/1878/1878
f 1878/1878/1878 1804/1804/1804 1803/1803/1803
f 1798/1798/1798 1804/1804/1804 1878/1878/1878
f 1879/1879/1879 1878/1878/1878 1803/1803/1803
f 1876/1876/1876 1878/1878/1878 1879/1879/1879
f 1879/1879/1879 1803/1803/1803 1805/1805/1805
f 1805/1805/1805 1880/1880/1880 1879/1879/1879
f 1880/1880/1880 1805/1805/1805 1806/1806/1806
f 1806/1806/1806 1881/1881/1881 1880/1880/1880
f 1881/1881/1881 1806/1806/1806 1807/1807/1807
f 1807/1807/1807 1882/1882/1882 1881/1881/1881
f 1882/1882/1882 1807/1807/1807 1808/1808/1808
f 1808/1808/1808 1883/1883/1883 1882/1882/1882
f 1883/1883/1883 1808/1808/1808 1809/1809/1809
f 1809/1809/1809 1884/1884/1884 1883/1883/1883
f 1884/1884/1884 1809/1809/1809 1810/1810/1810
f 1810/1810/1810 1885/1885/1885 1884/1884/1884
f 1885/1885/1885 1810/1810/1810 1811/1811/1811
f 1811/1811/1811 1886/1886/1886 1885/1885/1885
f 1886/1886/1886 1811/1811/1811 1812/1812/1812
f 1812/1812/1812 1887/1887/1887 1886/1886/1886
f 1813/1813/1813 1889/1889/1889 1888/1888/1888
f 1814/1814/1814 1889/1889/1889 1813/1813/1813
f 1889/1889/1889 1891/1891/1891 1890/1890/1890
f 1814/1814/1814 1891/1891/1891 1889/1889/1889
f 1889/1889/1889 1892/1892/1892 1888/1888/1888
f 1890/1890/1890 1892/1892/1892 1889/1889/1889
f 1893/1893/1893 1891/1891/1891 1814/1814/1814
f 1890/1890/1890 1891/1891/1891 1893/1893/1893
f 1815/1815/1815 1893/1893/1893 1814/1814/1814
f 1893/1893/1893 1895/1895/1895 1894/1894/1894
f 1815/1815/1815 1895/1895/1895 1893/1893/1893
f 1890/1890/1890 1893/1893/1893 1894/1894/1894
f 1895/1895/1895 1897/1897/1897 1896/1896/1896
f 1815/1815/1815 1897/1897/1897 1895/1895/1895
f 1894/1894/1894 1895/1895/1895 1896/1896/1896
f 1896/1896/1896 1822/1822/1822 1821/1821/1821
f 1822/1822/1822 1897/1897/1897 1815/1815/1815
f 1896/1896/1896 1897/1897/1897 1822/1822/1822
f 1898/1898/1898 1896/1896/1896 1821/1821/1821
f 1894/1894/1894 1896/1896/1896 1898/1898/1898
f 1898/1898/1898 1821/1821/1821 1824/1824/1824
f 1824/1824/1824 1899/1899/1899 1898/1898/1898
f 1824/1824/1824 1900/1900/1900 1899/1899/1899
f 1827/1827/1827 1901/1901/1901 1900/1900/1900
f 1826/1826/1826 1901/1901/1901 1827/1827/1827
f 1824/1824/1824 1827/1827/1827 1900/1900/1900
f 1900/1900/1900 1903/1903/1903 1902/1902/1902
f 1901/1901/1901 1904/1904/1904 1903/1903/1903
f 1826/1826/1826 1904/1904/1904 1901/1901/1901
f 1900/1900/1900 1901/1901/1901 1903/1903/1903
f 1900/1900/1900 1905/1905/1905 1899/1899/1899
f 1902/1902/1902 1905/1905/1905 1900/1900/1900
f 1903/1903/1903 1907/1907/1907 1906/1906/1906
f 1907/1907/1907 1904/1904/1904 1826/1826/1826
f 1903/1903/1903 1904/1904/1904 1907/1907/1907
f 1902/1902/1902 1903/1903/1903 1906/1906/1906
f 1906/1906/1906 1830/1830/1830 1829/1829/1829
f 1830/1830/1830 1907/1907/1907 1826/1826/1826
f 1906/1906/1906 1907/1907/1907 1830/1830/1830
f 1908/1908/1908 1906/1906/1906 1829/1829/1829
f 1902/1902/1902 1906/1906/1906 1908/1908/1908
f 1908/1908/1908 1829/1829/1829 1831/1831/1831
f 1831/1831/1831 1909/1909/1909 1908/1908/1908
f 1909/1909/1909 1831/1831/1831 1833/1833/1833
f 1833/1833/1833 1910/1910/1910 1909/1909/1909
f 1833/1833/1833 1911/1911/1911 1910/1910/1910
f 1911/1911/1911 1839/1839/1839 1838/1838/1838
f 1833/1833/1833 1839/1839/1839 1911/1911/1911
f 1912/1912/1912 1911/1911/1911 1838/1838/1838
f 1910/1910/1910 1911/1911/1911 1912/1912/1912
f 1912/1912/1912 1838/1838/1838 1841/1841/1841
f 1841/1841/1841 1913/1913/1913 1912/1912/1912
f 1913/1913/1913 1841/1841/1841 1843/1843/1843
f 1843/1843/1843 1914/1914/1914 1913/1913/1913
f 1914/1914/1914 1843/1843/1843 1847/1847/1847
f 1847/1847/1847 1915/1915/1915 1914/1914/1914
f 1915/1915/1915 1847/1847/1847 1849/1849/1849
f 1849/1849/1849 1916/1916/1916 1915/1915/1915
f 1916/1916/1916 1849/1849/1849 1850/1850/1850
f 1850/1850/1850 1917/1917/1917 1916/1916/1916
f 1917/1917/1917 1850/1850/1850 1852/1852/1852
f 1852/1852/1852 1918/1918/1918 1917/1917/1917
f 1918/1918/1918 1852/1852/1852 1853/1853/1853
f 1853/1853/1853 1919/1919/1919 1918/1918/1918
f 1919/1919/1919 1853/1853/1853 1854/1854/1854
f 1854/1854/1854 1920/1920/1920 1919/1919/1919
f 1920/1920/1920 1854/1854/1854 1855/1855/1855
f 1855/1855/1855 1921/1921/1921 1920/1920/1920
f 1921/1921/1921 1855/1855/1855 1856/1856/1856
f 1856/1856/1856 1922/1922/1922 1921/1921/1921
f 1856/1856/1856 1923/1923/1923 1922/1922/1922
f 1860/1860/1860 1923/1923/1923 1856/1856/1856
f 1923/1923/1923 1925/1925/1925 1924/1924/1924
f 1860/1860/1860 1925/1925/1925 1923/1923/1923
f 1922/1922/1922 1923/1923/1923 1924/1924/1924
f 1926/1926/1926 1925/1925/1925 1860/1860/1860
f 1925/1925/1925 1927/1927/1927 1924/1924/1924
f 1926/1926/1926 1927/1927/1927 1925/1925/1925
f 1926/1926/1926 1869/1869/1869 1868/1868/1868
f 1860/1860/1860 1869/1869/1869 1926/1926/1926
f 1928/1928/1928 1926/1926/1926 1868/1868/1868
f 1929/1929/1929 1927/1927/1927 1926/1926/1926
f 1924/1924/1924 1927/1927/1927 1929/1929/1929
f 1928/1928/1928 1929/1929/1929 1926/1926/1926
f 1928/1928/1928 1868/1868/1868 1870/1870/1870
f 1870/1870/1870 1930/1930/1930 1928/1928/1928
f 1870/1870/1870 1931/1931/1931 1930/1930/1930
f 1931/1931/1931 1877/1877/1877 1876/1876/1876
f 1870/1870/1870 1877/1877/1877 1931/1931/1931
f 1932/1932/1932 1931/1931/1931 1876/1876/1876
f 1931/1931/1931 1933/1933/1933 1930/1930/1930
f 1932/1932/1932 1933/1933/1933 1931/1931/1931
f 1932/1932/1932 1876/1876/1876 1879/1879/1879
f 1879/1879/1879 1934/1934/1934 1932/1932/1932
f 1934/1934/1934 1879/1879/1879 1880/1880/1880
f 1880/1880/1880 1935/1935/1935 1934/1934/1934
f 1935/1935/1935 1880/1880/1880 1881/1881/1881
f 1881/1881/1881 1936/1936/1936 1935/1935/1935
f 1936/1936/1936 1881/1881/1881 1882/1882/1882
f 1882/1882/1882 1937/1937/1937 1936/1936/1936
f 1937/1937/1937 1882/1882/1882 1883/1883/1883
f 1883/1883/1883 1938/1938/1938 1937/1937/1937
f 1938/1938/1938 1883/1883/1883 1884/1884/1884
f 1884/1884/1884 1939/1939/1939 1938/1938/1938
f 1939/1939/1939 1884/1884/1884 1885/1885/1885
f 1885/1885/1885 1940/1940/1940 1939/1939/1939
f 1940/1940/1940 1885/1885/1885 1886/1886/1886
f 1886/1886/1886 1941/1941/1941 1940/1940/1940
f 1941/1941/1941 1886/1886/1886 1887/1887/1887
f 1887/1887/1887 1942/1942/1942 1941/1941/1941
f 1943/1943/1943 1946/1946/1946 1945/1945/1945
f 1888/1888/1888 1946/1946/1946 1943/1943/1943
f 1944/1944/1944 1943/1943/1943 1945/1945/1945
f 1945/1945/1945 1892/1892/1892 1890/1890/1890
f 1892/1892/1892 1946/1946/1946 1888/1888/1888
f 1945/1945/1945 1946/1946/1946 1892/1892/1892
f 1947/1947/1947 1945/1945/1945 1890/1890/1890
f 1945/1945/1945 1948/1948/1948 1944/1944/1944
f 1947/1947/1947 1948/1948/1948 1945/1945/1945
f 1947/1947/1947 1890/1890/1890 1894/1894/1894
f 1894/1894/1894 1949/1949/1949 1947/1947/1947
f 1949/1949/1949 1894/1894/1894 1898/1898/1898
f 1898/1898/1898 1950/1950/1950 1949/1949/1949
f 1898/1898/1898 1951/1951/1951 1950/1950/1950
f 1899/1899/1899 1951/1951/1951 1898/1898/1898
f 1952/1952/1952 1951/1951/1951 1899/1899/1899
f 1951/1951/1951 1953/1953/1953 1950/1950/1950
f 1952/1952/1952 1953/1953/1953 1951/1951/1951
f 1899/1899/1899 1954/1954/1954 1952/1952/1952
f 1954/1954/1954 1905/1905/1905 1902/1902/1902
f 1899/1899/1899 1905/1905/1905 1954/1954/1954
f 1955/1955/1955 1954/1954/1954 1902/1902/1902
f 1952/1952/1952 1954/1954/1954 1955/1955/1955
f 1955/1955/1955 1902/1902/1902 1908/1908/1908
f 1908/1908/1908 1956/1956/1956 1955/1955/1955
f 1956/1956/1956 1908/1908/1908 1909/1909/1909
f 1909/1909/1909 1957/1957/1957 1956/1956/1956
f 1957/1957/1957 1909/1909/1909 1910/1910/1910
f 1910/1910/1910 1958/1958/1958 1957/1957/1957
f 1958/1958/1958 1910/1910/1910 1912/1912/1912
f 1912/1912/1912 1959/1959/1959 1958/1958/1958
f 1959/1959/1959 1912/1912/1912 1913/1913/1913
f 1913/1913/1913 1960/1960/1960 1959/1959/1959
f 1960/1960/1960 1913/1913/1913 1914/1914/1914
f 1914/1914/1914 1961/1961/1961 1960/1960/1960
f 1961/1961/1961 1914/1914/1914 1915/1915/1915
f 1915/1915/1915 1962/1962/1962 1961/1961/1961
f 1962/1962/1962 1915/1915/1915 1916/1916/1916
f 1916/1916/1916 1963/1963/1963 1962/1962/1962
f 1963/1963/1963 1916/1916/1916 1917/1917/1917
f 1917/1917/1917 1964/1964/1964 1963/1963/1963
f 1964/1964/1964 1917/1917/1917 1918/1918/1918
f 1918/1918/1918 1965/1965/1965 1964/1964/1964
f 1965/1965/1965 1918/1918/1918 1919/1919/1919
f 1919/1919/1919 1966/1966/1966 1965/1965/1965
f 1966/1966/1966 1919/1919/1919 1920/1920/1920
f 1920/1920/1920 1967/1967/1967 1966/1966/1966
f 1920/1920/1920 1968/1968/1968 1967/1967/1967
f 1921/1921/1921 1968/1968/1968 1920/1920/1920
f 1969/1969/1969 1968/1968/1968 1921/1921/1921
f 1968/1968/1968 1970/1970/1970 1967/1967/1967
f 1969/1969/1969 1970/1970/1970 1968/1968/1968
f 1969/1969/1969 1921/1921/1921 1922/1922/1922
f 1922/1922/1922 1971/1971/1971 1969/1969/1969
f 1922/1922/1922 1972/1972/1972 1971/1971/1971
f 1924/1924/1924 1972/1972/1972 1922/1922/1922
f 1973/1973/1973 1972/1972/1972 1924/1924/1924
f 1972/1972/1972 1974/1974/1974 1971/1971/1971
f 1973/1973/1973 1974/1974/1974 1972/1972/1972
f 1924/1924/1924 1975/1975/1975 1973/1973/1973
f 1975/1975/1975 1929/1929/1929 1928/1928/1928
f 1924/1924/1924 1929/1929/1929 1975/1975/1975
f 1976/1976/1976 1975/1975/1975 1928/1928/1928
f 1975/1975/1975 1977/1977/1977 1973/1973/1973
f 1976/1976/1976 1977/1977/1977 1975/1975/1975
f 1928/1928/1928 1978/1978/1978 1976/1976/1976
f 1930/1930/1930 1978/1978/1978 1928/1928/1928
f 1979/1979/1979 1980/1980/1980 1978/1978/1978
f 1981/1981/1981 1980/1980/1980 1979/1979/1979
f 1930/1930/1930 1979/1979/1979 1978/1978/1978
f 1978/1978/1978 1982/1982/1982 1976/1976/1976
f 1982/1982/1982 1980/1980/1980 1981/1981/1981
f 1978/1978/1978 1980/1980/1980 1982/1982/1982
f 1983/1983/1983 1984/1984/1984 1979/1979/1979
f 1985/1985/1985 1984/1984/1984 1983/1983/1983
f 1930/1930/1930 1983/1983/1983 1979/1979/1979
f 1979/1979/1979 1986/1986/1986 1981/1981/1981
f 1986/1986/1986 1984/1984/1984 1985/1985/1985
f 1979/1979/1979 1984/1984/1984 1986/1986/1986
f 1985/1985/1985 1933/1933/1933 1932/1932/1932
f 1933/1933/1933 1983/1983/1983 1930/1930/1930
f 1985/1985/1985 1983/1983/1983 1933/1933/1933
f 1987/1987/1987 1985/1985/1985 1932/1932/1932
f 1988/1988/1988 1986/1986/1986 1985/1985/1985
f 1981/1981/1981 1986/1986/1986 1988/1988/1988
f 1987/1987/1987 1988/1988/1988 1985/1985/1985
f 1987/1987/1987 1932/1932/1932 1934/1934/1934
f 1934/1934/1934 1989/1989/1989 1987/1987/1987
f 1989/1989/1989 1934/1934/1934 1935/1935/1935
f 1935/1935/1935 1990/1990/1990 1989/1989/1989
f 1990/1990/1990 1935/1935/1935 1936/1936/1936
f 1936/1936/1936 1991/1991/1991 1990/1990/1990
f 1991/1991/1991 1936/1936/1936 1937/1937/1937
f 1937/1937/1937 1992/1992/1992 1991/1991/1991
f 1992/1992/1992 1937/1937/1937 1938/1938/1938
f 1938/1938/1938 1993/1993/1993 1992/1992/1992
f 1993/1993/1993 1938/1938/1938 1939/1939/1939
f 1939/1939/1939 1994/1994/1994 1993/1993/1993
f 1994/1994/1994 1939/1939/1939 1940/1940/1940
f 1940/1940/1940 1995/1995/1995 1994/1994/1994
f 1940/1940/1940 1996/1996/1996 1995/1995/1995
f 1941/1941/1941 1996/1996/1996 1940/1940/1940
f 1996/1996/1996 1998/1998/1998 1997/1997/1997
f 1941/1941/1941 1998/1998/1998 1996/1996/1996
f 1996/1996/1996 1999/1999/1999 1995/1995/1995
f 1997/1997/1997 1999/1999/1999 1996/1996/1996
f 2000/2000/2000 1998/1998/1998 1941/1941/1941
f 1997/1997/1997 1998/1998/1998 2000/2000/2000
f 1942/1942/1942 2000/2000/2000 1941/1941/1941
f 2001/2001/2001 2002/2002/2002 2000/2000/2000
f 2002/2002/2002 2004/2004/2004 2003/2003/2003
f 2001/2001/2001 2004/2004/2004 2002/2002/2002
f 1942/1942/1942 2001/2001/2001 2000/2000/2000
f 2000/2000/2000 2005/2005/2005 1997/1997/1997
f 2005/2005/2005 2002/2002/2002 2003/2003/2003
f 2000/2000/2000 2002/2002/2002 2005/2005/2005
f 2006/2006/2006 2010/2010/2010 2009/2009/2009
f 2010/2010/2010 2008/2008/2008 1944/1944/1944
f 2006/2006/2006 2008/2008/2008 2010/2010/2010
f 2007/2007/2007 2006/2006/2006 2009/2009/2009
f 2009/2009/2009 1948/1948/1948 1947/1947/1947
f 1948/1948/1948 2010/2010/2010 1944/1944/1944
f 2009/2009/2009 2010/2010/2010 1948/1948/1948
f 2011/2011/2011 2009/2009/2009 1947/1947/1947
f 2007/2007/2007 2009/2009/2009 2011/2011/2011
f 1947/1947/1947 2012/2012/2012 2011/2011/2011
f 1949/1949/1949 2012/2012/2012 1947/1947/1947
f 2012/2012/2012 2014/2014/2014 2013/2013/2013
f 1949/1949/1949 2014/2014/2014 2012/2012/2012
f 2011/2011/2011 2012/2012/2012 2013/2013/2013
f 2015/2015/2015 2014/2014/2014 1949/1949/1949
f 2014/2014/2014 2016/2016/2016 2013/2013/2013
f 2015/2015/2015 2016/2016/2016 2014/2014/2014
f 1950/1950/1950 2015/2015/2015 1949/1949/1949
f 2017/2017/2017 2018/2018/2018 2015/2015/2015
f 2019/2019/2019 2018/2018/2018 2017/2017/2017
f 1950/1950/1950 2017/2017/2017 2015/2015/2015
f 2016/2016/2016 2021/2021/2021 2020/2020/2020
f 2015/2015/2015 2021/2021/2021 2016/2016/2016
f 2013/2013/2013 2016/2016/2016 2020/2020/2020
f 2020/2020/2020 2018/2018/2018 2019/2019/2019
f 2018/2018/2018 2021/2021/2021 2015/2015/2015
f 2020/2020/2020 2021/2021/2021 2018/2018/2018
f 2017/2017/2017 2023/2023/2023 2022/2022/2022
f 1950/1950/1950 2023/2023/2023 2017/2017/2017
f 2019/2019/2019 2017/2017/2017 2022/2022/2022
f 2022/2022/2022 1953/1953/1953 1952/1952/1952
f 1953/1953/1953 2023/2023/2023 1950/1950/1950
f 2022/2022/2022 2023/2023/2023 1953/1953/1953
f 2024/2024/2024 2022/2022/2022 1952/1952/1952
f 2019/2019/2019 2022/2022/2022 2024/2024/2024
f 2024/2024/2024 1952/1952/1952 1955/1955/1955
f 1955/1955/1955 2025/2025/2025 2024/2024/2024
f 2025/2025/2025 1955/1955/1955 1956/1956/1956
f 1956/1956/1956 2026/2026/2026 2025/2025/2025
f 2026/2026/2026 1956/1956/1956 1957/1957/1957
f 1957/1957/1957 2027/2027/2027 2026/2026/2026
f 2027/2027/2027 1957/1957/1957 1958/1958/1958
f 1958/1958/1958 2028/2028/2028 2027/2027/2027
f 2028/2028/2028 1958/1958/1958 1959/1959/1959
f 1959/1959/1959 2029/2029/2029 2028/2028/2028
f 2029/2029/2029 1959/1959/1959 1960/1960/1960
f 1960/1960/1960 2030/2030/2030 2029/2029/2029
f 2030/2030/2030 1960/1960/1960 1961/1961/1961
f 1961/1961/1961 2031/2031/2031 2030/2030/2030
f 2031/2031/2031 1961/1961/1961 1962/1962/1962
f 1962/1962/1962 2032/2032/2032 2031/2031/2031
f 2032/2032/2032 1962/1962/1962 1963/1963/1963
f 1963/1963/1963 2033/2033/2033 2032/2032/2032
f 2033/2033/2033 1963/1963/1963 1964/1964/1964
f 1964/1964/1964 2034/2034/2034 2033/2033/2033
f 2034/2034/2034 1964/1964/1964 1965/1965/1965
f 1965/1965/1965 2035/2035/2035 2034/2034/2034
f 2035/2035/2035 1965/1965/1965 1966/1966/1966
f 1966/1966/1966 2036/2036/2036 2035/2035/2035
f 1966/1966/1966 2037/2037/2037 2036/2036/2036
f 1967/1967/1967 2037/2037/2037 1966/1966/1966
f 2037/2037/2037 2039/2039/2039 2038/2038/2038
f 1967/1967/1967 2039/2039/2039 2037/2037/2037
f 2036/2036/2036 2037/2037/2037 2038/2038/2038
f 2039/2039/2039 2041/2041/2041 2040/2040/2040
f 1967/1967/1967 2041/2041/2041 2039/2039/2039
f 2038/2038/2038 2039/2039/2039 2040/2040/2040
f 2042/2042/2042 2043/2043/2043 1970/1970/1970
f 2043/2043/2043 2044/2044/2044 2040/2040/2040
f 2042/2042/2042 2044/2044/2044 2043/2043/2043
f 1969/1969/1969 2042/2042/2042 1970/1970/1970
f 1970/1970/1970 2041/2041/2041 1967/1967/1967
f 2041/2041/2041 2043/2043/2043 2040/2040/2040
f 1970/1970/1970 2043/2043/2043 2041/2041/2041
f 2045/2045/2045 2047/2047/2047 2046/2046/2046
f 2040/2040/2040 2047/2047/2047 2045/2045/2045
f 2048/2048/2048 2045/2045/2045 2046/2046/2046
f 2046/2046/2046 2042/2042/2042 1969/1969/1969
f 2047/2047/2047 2044/2044/2044 2042/2042/2042
f 2040/2040/2040 2044/2044/2044 2047/2047/2047
f 2046/2046/2046 2047/2047/2047 2042/2042/2042
f 2040/2040/2040 2049/2049/2049 2038/2038/2038
f 2049/2049/2049 2045/2045/2045 2048/2048/2048
f 2040/2040/2040 2045/2045/2045 2049/2049/2049
f 2050/2050/2050 2046/2046/2046 1969/1969/1969
f 2048/2048/2048 2046/2046/2046 2050/2050/2050
f 1971/1971/1971 2050/2050/2050 1969/1969/1969
f 2051/2051/2051 2050/2050/2050 1971/1971/1971
f 2050/2050/2050 2052/2052/2052 2048/2048/2048
f 2051/2051/2051 2052/2052/2052 2050/2050/2050
f 1971/1971/1971 2053/2053/2053 2051/2051/2051
f 2053/2053/2053 1974/1974/1974 1973/1973/1973
f 1971/1971/1971 1974/1974/1974 2053/2053/2053
f 2054/2054/2054 2053/2053/2053 1973/1973/1973
f 2051/2051/2051 2053/2053/2053 2054/2054/2054
f 1973/1973/1973 2055/2055/2055 2054/2054/2054
f 2055/2055/2055 1977/1977/1977 1976/1976/1976
f 1973/1973/1973 1977/1977/1977 2055/2055/2055
f 2056/2056/2056 2055/2055/2055 1976/1976/1976
f 2054/2054/2054 2055/2055/2055 2056/2056/2056
f 1976/1976/1976 2057/2057/2057 2056/2056/2056
f 2057/2057/2057 1982/1982/1982 1981/1981/1981
f 1976/1976/1976 1982/1982/1982 2057/2057/2057
f 2058/2058/2058 2057/2057/2057 1981/1981/1981
f 2056/2056/2056 2057/2057/2057 2058/2058/2058
f 1981/1981/1981 2059/2059/2059 2058/2058/2058
f 2059/2059/2059 1988/1988/1988 1987/1987/1987
f 1981/1981/1981 1988/1988/1988 2059/2059/2059
f 2060/2060/2060 2059/2059/2059 1987/1987/1987
f 2058/2058/2058 2059/2059/2059 2060/2060/2060
f 2060/2060/2060 1987/1987/1987 1989/1989/1989
f 1989/1989/1989 2061/2061/2061 2060/2060/2060
f 2061/2061/2061 1989/1989/1989 1990/1990/1990
f 1990/1990/1990 2062/2062/2062 2061/2061/2061
f 2062/2062/2062 1990/1990/1990 1991/1991/1991
f 1991/1991/1991 2063/2063/2063 2062/2062/2062
f 2063/2063/2063 1991/1991/1991 1992/1992/1992
f 1992/1992/1992 2064/2064/2064 2063/2063/2063
f 2064/2064/2064 1992/1992/1992 1993/1993/1993
f 1993/1993/1993 2065/2065/2065 2064/2064/2064
f 2065/2065/2065 1993/1993/1993 1994/1994/1994
f 1994/1994/1994 2066/2066/2066 2065/2065/2065
f 2066/2066/2066 1994/1994/1994 1995/1995/1995
f 1995/1995/1995 2067/2067/2067 2066/2066/2066
f 1995/1995/1995 2068/2068/2068 2067/2067/2067
f 2068/2068/2068 1999/1999/1999 1997/1997/1997
f 1995/1995/1995 1999/1999/1999 2068/2068/2068
f 2069/2069/2069 2068/2068/2068 1997/1997/1997
f 2068/2068/2068 2070/2070/2070 2067/2067/2067
f 2069/2069/2069 2070/2070/2070 2068/2068/2068
f 1997/1997/1997 2071/2071/2071 2069/2069/2069
f 2071/2071/2071 2005/2005/2005 2003/2003/2003
f 1997/1997/1997 2005/2005/2005 2071/2071/2071
f 2072/2072/2072 2071/2071/2071 2003/2003/2003
f 2069/2069/2069 2071/2071/2071 2072/2072/2072
f 2075/2075/2075 2073/2073/2073 2007/2007/2007
f 2074/2074/2074 2073/2073/2073 2075/2075/2075
f 2011/2011/2011 2075/2075/2075 2007/2007/2007
f 2075/2075/2075 2077/2077/2077 2076/2076/2076
f 2011/2011/2011 2077/2077/2077 2075/2075/2075
f 2074/2074/2074 2075/2075/2075 2076/2076/2076
f 2078/2078/2078 2077/2077/2077 2011/2011/2011
f 2077/2077/2077 2079/2079/2079 2076/2076/2076
f 2078/2078/2078 2079/2079/2079 2077/2077/2077
f 2013/2013/2013 2078/2078/2078 2011/2011/2011
f 2080/2080/2080 2078/2078/2078 2013/2013/2013
f 2081/2081/2081 2079/2079/2079 2078/2078/2078
f 2079/2079/2079 2082/2082/2082 2076/2076/2076
f 2081/2081/2081 2082/2082/2082 2079/2079/2079
f 2080/2080/2080 2081/2081/2081 2078/2078/2078
f 2013/2013/2013 2083/2083/2083 2080/2080/2080
f 2083/2083/2083 2020/2020/2020 2019/2019/2019
f 2013/2013/2013 2020/2020/2020 2083/2083/2083
f 2084/2084/2084 2083/2083/2083 2019/2019/2019
f 2080/2080/2080 2083/2083/2083 2084/2084/2084
f 2084/2084/2084 2019/2019/2019 2024/2024/2024
f 2024/2024/2024 2085/2085/2085 2084/2084/2084
f 2024/2024/2024 2086/2086/2086 2085/2085/2085
f 2025/2025/2025 2086/2086/2086 2024/2024/2024
f 2086/2086/2086 2088/2088/2088 2087/2087/2087
f 2025/2025/2025 2088/2088/2088 2086/2086/2086
f 2085/2085/2085 2086/2086/2086 2087/2087/2087
f 2089/2089/2089 2088/2088/2088 2025/2025/2025
f 2087/2087/2087 2088/2088/2088 2089/2089/2089
f 2026/2026/2026 2089/2089/2089 2025/2025/2025
f 2090/2090/2090 2089/2089/2089 2026/2026/2026
f 2087/2087/2087 2089/2089/2089 2090/2090/2090
f 2090/2090/2090 2026/2026/2026 2027/2027/2027
f 2027/2027/2027 2091/2091/2091 2090/2090/2090
f 2091/2091/2091 2027/2027/2027 2028/2028/2028
f 2028/2028/2028 2092/2092/2092 2091/2091/2091
f 2092/2092/2092 2028/2028/2028 2029/2029/2029
f 2029/2029/2029 2093/2093/2093 2092/2092/2092
f 2029/2029/2029 2094/2094/2094 2093/2093/2093
f 2030/2030/2030 2094/2094/2094 2029/2029/2029
f 2094/2094/2094 2096/2096/2096 2095/2095/2095
f 2030/2030/2030 2096/2096/2096 2094/2094/2094
f 2093/2093/2093 2094/2094/2094 2095/2095/2095
f 2097/2097/2097 2096/2096/2096 2030/2030/2030
f 2096/2096/2096 2098/2098/2098 2095/2095/2095
f 2097/2097/2097 2098/2098/2098 2096/2096/2096
f 2031/2031/2031 2097/2097/2097 2030/2030/2030
f 2099/2099/2099 2097/2097/2097 2031/2031/2031
f 2100/2100/2100 2098/2098/2098 2097/2097/2097
f 2095/2095/2095 2098/2098/2098 2100/2100/2100
f 2099/2099/2099 2100/2100/2100 2097/2097/2097
f 2099/2099/2099 2031/2031/2031 2032/2032/2032
f 2032/2032/2032 2101/2101/2101 2099/2099/2099
f 2101/2101/2101 2032/2032/2032 2033/2033/2033
f 2033/2033/2033 2102/2102/2102 2101/2101/2101
f 2102/2102/2102 2033/2033/2033 2034/2034/2034
f 2034/2034/2034 2103/2103/2103 2102/2102/2102
f 2103/2103/2103 2034/2034/2034 2035/2035/2035
f 2035/2035/2035 2104/2104/2104 2103/2103/2103
f 2104/2104/2104 2035/2035/2035 2036/2036/2036
f 2036/2036/2036 2105/2105/2105 2104/2104/2104
f 2105/2105/2105 2036/2036/2036 2038/2038/2038
f 2038/2038/2038 2106/2106/2106 2105/2105/2105
f 2038/2038/2038 2107/2107/2107 2106/2106/2106
f 2107/2107/2107 2049/2049/2049 2048/2048/2048
f 2038/2038/2038 2049/2049/2049 2107/2107/2107
f 2107/2107/2107 2109/2109/2109 2108/2108/2108
f 2048/2048/2048 2109/2109/2109 2107/2107/2107
f 2107/2107/2107 2110/2110/2110 2106/2106/2106
f 2108/2108/2108 2110/2110/2110 2107/2107/2107
f 2111/2111/2111 2109/2109/2109 2048/2048/2048
f 2109/2109/2109 2112/2112/2112 2108/2108/2108
f 2111/2111/2111 2112/2112/2112 2109/2109/2109
f 2052/2052/2052 2113/2113/2113 2111/2111/2111
f 2051/2051/2051 2113/2113/2113 2052/2052/2052
f 2048/2048/2048 2052/2052/2052 2111/2111/2111
f 2114/2114/2114 2116/2116/2116 2115/2115/2115
f 2116/2116/2116 2117/2117/2117 2111/2111/2111
f 2114/2114/2114 2117/2117/2117 2116/2116/2116
f 2118/2118/2118 2114/2114/2114 2115/2115/2115
f 2115/2115/2115 2113/2113/2113 2051/2051/2051
f 2113/2113/2113 2116/2116/2116 2111/2111/2111
f 2115/2115/2115 2116/2116/2116 2113/2113/2113
f 2112/2112/2112 2120/2120/2120 2119/2119/2119
f 2111/2111/2111 2120/2120/2120 2112/2112/2112
f 2108/2108/2108 2112/2112/2112 2119/2119/2119
f 2119/2119/2119 2114/2114/2114 2118/2118/2118
f 2120/2120/2120 2117/2117/2117 2114/2114/2114
f 2111/2111/2111 2117/2117/2117 2120/2120/2120
f 2119/2119/2119 2120/2120/2120 2114/2114/2114
f 2121/2121/2121 2115/2115/2115 2051/2051/2051
f 2118/2118/2118 2115/2115/2115 2121/2121/2121
f 2054/2054/2054 2121/2121/2121 2051/2051/2051
f 2122/2122/2122 2121/2121/2121 2054/2054/2054
f 2118/2118/2118 2121/2121/2121 2122/2122/2122
f 2122/2122/2122 2054/2054/2054 2056/2056/2056
f 2056/2056/2056 2123/2123/2123 2122/2122/2122
f 2123/2123/2123 2056/2056/2056 2058/2058/2058
f 2058/2058/2058 2124/2124/2124 2123/2123/2123
f 2124/2124/2124 2058/2058/2058 2060/2060/2060
f 2060/2060/2060 2125/2125/2125 2124/2124/2124
f 2125/2125/2125 2060/2060/2060 2061/2061/2061
f 2061/2061/2061 2126/2126/2126 2125/2125/2125
f 2126/2126/2126 2061/2061/2061 2062/2062/2062
f 2062/2062/2062 2127/2127/2127 2126/2126/2126
f 2127/2127/2127 2062/2062/2062 2063/2063/2063
f 2063/2063/2063 2128/2128/2128 2127/2127/2127
f 2128/2128/2128 2063/2063/2063 2064/2064/2064
f 2064/2064/2064 2129/2129/2129 2128/2128/2128
f 2129/2129/2129 2064/2064/2064 2065/2065/2065
f 2065/2065/2065 2130/2130/2130 2129/2129/2129
f 2130/2130/2130 2065/2065/2065 2066/2066/2066
f 2066/2066/2066 2131/2131/2131 2130/2130/2130
f 2066/2066/2066 2132/2132/2132 2131/2131/2131
f 2067/2067/2067 2132/2132/2132 2066/2066/2066
f 2132/2132/2132 2134/2134/2134 2133/2133/2133
f 2067/2067/2067 2134/2134/2134 2132/2132/2132
f 2131/2131/2131 2132/2132/2132 2133/2133/2133
f 2134/2134/2134 2136/2136/2136 2135/2135/2135
f 2067/2067/2067 2136/2136/2136 2134/2134/2134
f 2133/2133/2133 2134/2134/2134 2135/2135/2135
f 2135/2135/2135 2070/2070/2070 2069/2069/2069
f 2070/2070/2070 2136/2136/2136 2067/2067/2067
f 2135/2135/2135 2136/2136/2136 2070/2070/2070
f 2135/2135/2135 2138/2138/2138 2137/2137/2137
f 2069/2069/2069 2138/2138/2138 2135/2135/2135
f 2135/2135/2135 2139/2139/2139 2133/2133/2133
f 2137/2137/2137 2139/2139/2139 2135/2135/2135
f 2140/2140/2140 2138/2138/2138 2069/2069/2069
f 2138/2138/2138 2141/2141/2141 2137/2137/2137
f 2140/2140/2140 2141/2141/2141 2138/2138/2138
f 2072/2072/2072 2140/2140/2140 2069/2069/2069
f 2142/2142/2142 2140/2140/2140 2072/2072/2072
f 2143/2143/2143 2141/2141/2141 2140/2140/2140
f 2141/2141/2141 2144/2144/2144 2137/2137/2137
f 2143/2143/2143 2144/2144/2144 2141/2141/2141
f 2142/2142/2142 2143/2143/2143 2140/2140/2140
f 2147/2147/2147 2146/2146/2146 2074/2074/2074
f 2145/2145/2145 2146/2146/2146 2147/2147/2147
f 2076/2076/2076 2147/2147/2147 2074/2074/2074
f 2147/2147/2147 2149/2149/2149 2148/2148/2148
f 2076/2076/2076 2149/2149/2149 2147/2147/2147
f 2145/2145/2145 2147/2147/2147 2148/2148/2148
f 2149/2149/2149 2151/2151/2151 2150/2150/2150
f 2076/2076/2076 2151/2151/2151 2149/2149/2149
f 2148/2148/2148 2149/2149/2149 2150/2150/2150
f 2150/2150/2150 2081/2081/2081 2080/2080/2080
f 2151/2151/2151 2082/2082/2082 2081/2081/2081
f 2076/2076/2076 2082/2082/2082 2151/2151/2151
f 2150/2150/2150 2151/2151/2151 2081/2081/2081
f 2152/2152/2152 2150/2150/2150 2080/2080/2080
f 2148/2148/2148 2150/2150/2150 2152/2152/2152
f 2152/2152/2152 2080/2080/2080 2084/2084/2084
f 2084/2084/2084 2153/2153/2153 2152/2152/2152
f 2153/2153/2153 2084/2084/2084 2085/2085/2085
f 2085/2085/2085 2154/2154/2154 2153/2153/2153
f 2154/2154/2154 2085/2085/2085 2087/2087/2087
f 2087/2087/2087 2155/2155/2155 2154/2154/2154
f 2155/2155/2155 2087/2087/2087 2090/2090/2090
f 2090/2090/2090 2156/2156/2156 2155/2155/2155
f 2156/2156/2156 2090/2090/2090 2091/2091/2091
f 2091/2091/2091 2157/2157/2157 2156/2156/2156
f 2157/2157/2157 2091/2091/2091 2092/2092/2092
f 2092/2092/2092 2158/2158/2158 2157/2157/2157
f 2158/2158/2158 2092/2092/2092 2093/2093/2093
f 2093/2093/2093 2159/2159/2159 2158/2158/2158
f 2159/2159/2159 2093/2093/2093 2095/2095/2095
f 2095/2095/2095 2160/2160/2160 2159/2159/2159
f 2095/2095/2095 2161/2161/2161 2160/2160/2160
f 2161/2161/2161 2100/2100/2100 2099/2099/2099
f 2095/2095/2095 2100/2100/2100 2161/2161/2161
f 2162/2162/2162 2161/2161/2161 2099/2099/2099
f 2160/2160/2160 2161/2161/2161 2162/2162/2162
f 2162/2162/2162 2099/2099/2099 2101/2101/2101
f 2101/2101/2101 2163/2163/2163 2162/2162/2162
f 2163/2163/2163 2101/2101/2101 2102/2102/2102
f 2102/2102/2102 2164/2164/2164 2163/2163/2163
f 2164/2164/2164 2102/2102/2102 2103/2103/2103
f 2103/2103/2103 2165/2165/2165 2164/2164/2164
f 2165/2165/2165 2103/2103/2103 2104/2104/2104
f 2104/2104/2104 2166/2166/2166 2165/2165/2165
f 2166/2166/2166 2104/2104/2104 2105/2105/2105
f 2105/2105/2105 2167/2167/2167 2166/2166/2166
f 2105/2105/2105 2168/2168/2168 2167/2167/2167
f 2106/2106/2106 2168/2168/2168 2105/2105/2105
f 2169/2169/2169 2168/2168/2168 2106/2106/2106
f 2168/2168/2168 2170/2170/2170 2167/2167/2167
f 2169/2169/2169 2170/2170/2170 2168/2168/2168
f 2106/2106/2106 2171/2171/2171 2169/2169/2169
f 2171/2171/2171 2110/2110/2110 2108/2108/2108
f 2106/2106/2106 2110/2110/2110 2171/2171/2171
f 2172/2172/2172 2173/2173/2173 2171/2171/2171
f 2174/2174/2174 2173/2173/2173 2172/2172/2172
f 2108/2108/2108 2172/2172/2172 2171/2171/2171
f 2171/2171/2171 2175/2175/2175 2169/2169/2169
f 2175/2175/2175 2173/2173/2173 2174/2174/2174
f 2171/2171/2171 2173/2173/2173 2175/2175/2175
f 2176/2176/2176 2172/2172/2172 2108/2108/2108
f 2174/2174/2174 2172/2172/2172 2176/2176/2176
f 2176/2176/2176 2119/2119/2119 2118/2118/2118
f 2108/2108/2108 2119/2119/2119 2176/2176/2176
f 2177/2177/2177 2176/2176/2176 2118/2118/2118
f 2174/2174/2174 2176/2176/2176 2177/2177/2177
f 2118/2118/2118 2178/2178/2178 2177/2177/2177
f 2122/2122/2122 2178/2178/2178 2118/2118/2118
f 2178/2178/2178 2180/2180/2180 2179/2179/2179
f 2122/2122/2122 2180/2180/2180 2178/2178/2178
f 2177/2177/2177 2178/2178/2178 2179/2179/2179
f 2181/2181/2181 2180/2180/2180 2122/2122/2122
f 2180/2180/2180 2182/2182/2182 2179/2179/2179
f 2181/2181/2181 2182/2182/2182 2180/2180/2180
f 2123/2123/2123 2181/2181/2181 2122/2122/2122
f 2183/2183/2183 2184/2184/2184 2181/2181/2181
f 2185/2185/2185 2184/2184/2184 2183/2183/2183
f 2123/2123/2123 2183/2183/2183 2181/2181/2181
f 2182/2182/2182 2187/2187/2187 2186/2186/2186
f 2181/2181/2181 2187/2187/2187 2182/2182/2182
f 2179/2179/2179 2182/2182/2182 2186/2186/2186
f 2186/2186/2186 2184/2184/2184 2185/2185/2185
f 2184/2184/2184 2187/2187/2187 2181/2181/2181
f 2186/2186/2186 2187/2187/2187 2184/2184/2184
f 2188/2188/2188 2183/2183/2183 2123/2123/2123
f 2185/2185/2185 2183/2183/2183 2188/2188/2188
f 2124/2124/2124 2188/2188/2188 2123/2123/2123
f 2189/2189/2189 2188/2188/2188 2124/2124/2124
f 2188/2188/2188 2190/2190/2190 2185/2185/2185
f 2189/2189/2189 2190/2190/2190 2188/2188/2188
f 2124/2124/2124 2191/2191/2191 2189/2189/2189
f 2125/2125/2125 2191/2191/2191 2124/2124/2124
f 2192/2192/2192 2191/2191/2191 2125/2125/2125
f 2191/2191/2191 2193/2193/2193 2189/2189/2189
f 2192/2192/2192 2193/2193/2193 2191/2191/2191
f 2125/2125/2125 2194/2194/2194 2192/2192/2192
f 2126/2126/2126 2194/2194/2194 2125/2125/2125
f 2195/2195/2195 2194/2194/2194 2126/2126/2126
f 2194/2194/2194 2196/2196/2196 2192/2192/2192
f 2195/2195/2195 2196/2196/2196 2194/2194/2194
f 2195/2195/2195 2126/2126/2126 2127/2127/2127
f 2127/2127/2127 2197/2197/2197 2195/2195/2195
f 2197/2197/2197 2127/2127/2127 2128/2128/2128
f 2128/2128/2128 2198/2198/2198 2197/2197/2197
f 2198/2198/2198 2128/2128/2128 2129/2129/2129
f 2129/2129/2129 2199/2199/2199 2198/2198/2198
f 2199/2199/2199 2129/2129/2129 2130/2130/2130
f 2130/2130/2130 2200/2200/2200 2199/2199/2199
f 2200/2200/2200 2130/2130/2130 2131/2131/2131
f 2131/2131/2131 2201/2201/2201 2200/2200/2200
f 2131/2131/2131 2202/2202/2202 2201/2201/2201
f 2133/2133/2133 2202/2202/2202 2131/2131/2131
f 2202/2202/2202 2204/2204/2204 2203/2203/2203
f 2133/2133/2133 2204/2204/2204 2202/2202/2202
f 2202/2202/2202 2205/2205/2205 2201/2201/2201
f 2203/2203/2203 2205/2205/2205 2202/2202/2202
f 2206/2206/2206 2204/2204/2204 2133/2133/2133
f 2203/2203/2203 2204/2204/2204 2206/2206/2206
f 2139/2139/2139 2207/2207/2207 2206/2206/2206
f 2137/2137/2137 2207/2207/2207 2139/2139/2139
f 2133/2133/2133 2139/2139/2139 2206/2206/2206
f 2206/2206/2206 2209/2209/2209 2208/2208/2208
f 2207/2207/2207 2210/2210/2210 2209/2209/2209
f 2137/2137/2137 2210/2210/2210 2207/2207/2207
f 2206/2206/2206 2207/2207/2207 2209/2209/2209
f 2206/2206/2206 2211/2211/2211 2203/2203/2203
f 2208/2208/2208 2211/2211/2211 2206/2206/2206
f 2212/2212/2212 2214/2214/2214 2213/2213/2213
f 2209/2209/2209 2214/2214/2214 2212/2212/2212
f 2215/2215/2215 2212/2212/2212 2213/2213/2213
f 2216/2216/2216 2217/2217/2217 2210/2210/2210
f 2213/2213/2213 2217/2217/2217 2216/2216/2216
f 2137/2137/2137 2216/2216/2216 2210/2210/2210
f 2210/2210/2210 2214/2214/2214 2209/2209/2209
f 2214/2214/2214 2217/2217/2217 2213/2213/2213
f 2210/2210/2210 2217/2217/2217 2214/2214/2214
f 2209/2209/2209 2218/2218/2218 2208/2208/2208
f 2218/2218/2218 2212/2212/2212 2215/2215/2215
f 2209/2209/2209 2212/2212/2212 2218/2218/2218
f 2215/2215/2215 2143/2143/2143 2142/2142/2142
f 2213/2213/2213 2144/2144/2144 2143/2143/2143
f 2144/2144/2144 2216/2216/2216 2137/2137/2137
f 2213/2213/2213 2216/2216/2216 2144/2144/2144
f 2215/2215/2215 2213/2213/2213 2143/2143/2143
f 2219/2219/2219 2215/2215/2215 2142/2142/2142
f 2220/2220/2220 2218/2218/2218 2215/2215/2215
f 2208/2208/2208 2218/2218/2218 2220/2220/2220
f 2219/2219/2219 2220/2220/2220 2215/2215/2215
