# L3DT terrain export, using atMeshDecimator
# 1918 vertices, 3686 polygons
mtllib Lava_Tile_x1y2.mtl
o terrain_o
v -3999.511719 140.382889 -1.952887
v -3874.526855 138.024765 -1.952887
v -3937.019287 177.657013 -1.952887
v -3749.542236 151.757339 -1.952887
v -3624.557617 179.004517 -1.952887
v -3499.572754 220.261688 -1.952887
v -3374.587891 209.006119 -1.952887
v -3249.603271 189.764664 -1.952887
v -3124.618652 198.325241 -1.952887
v -2999.633789 194.857407 -1.952887
v -2874.648926 196.224731 -1.952887
v -2749.664307 192.499298 -1.952887
v -2624.679688 198.107254 -1.952887
v -2499.694824 199.851074 -1.952887
v -2374.709961 198.483765 -1.952887
v -2249.725342 195.709503 -1.952887
v -2124.740723 194.560165 -1.952887
v -1999.755737 159.604523 -1.952887
v -1874.770996 185.028610 -1.952887
v -1937.263672 167.808395 -1.952887
v -1749.786621 214.098862 -1.952887
v -1624.801758 216.060669 -1.952887
v -1499.816895 170.761002 -1.952887
v -1374.832031 193.093781 -1.952887
v -1249.847656 176.824738 -1.952887
v -1124.862793 165.351196 -1.952887
v -999.877930 156.671738 -1.952887
v -874.893066 148.031906 -1.952887
v -749.908691 166.143845 -1.952887
v -624.923828 132.674408 -1.952887
v -499.938965 128.215790 -1.952887
v -374.954102 95.142670 -1.952887
v -249.969727 136.003525 -1.952887
v -124.984863 147.576141 -1.952887
v -187.477051 133.903015 -1.952887
v 0.000000 191.567932 -1.952887
v -3999.511719 176.725662 -126.937630
v -3937.019287 134.616394 -64.445259
v -3905.773193 178.271317 -33.199074
v -3874.526855 136.043152 -126.937630
v -3874.526855 177.221054 -64.445259
v -3937.019287 178.984695 -126.937630
v -3812.034668 146.823120 -64.445259
v -3843.280762 178.469482 -95.691444
v -3749.542236 164.558563 -126.937630
v -3812.034668 158.653351 -126.937630
v -3624.557617 154.135269 -126.937630
v -3499.572754 194.401642 -126.937630
v -3374.587891 206.449844 -126.937630
v -3249.603271 197.611847 -126.937630
v -3124.618652 175.754669 -126.937630
v -2999.633789 180.669067 -126.937630
v -2874.648926 197.453323 -126.937630
v -2749.664307 209.085388 -126.937630
v -2624.679688 182.809204 -126.937630
v -2499.694824 188.714417 -126.937630
v -2374.709961 201.139130 -126.937630
v -2249.725342 185.524017 -126.937630
v -2124.740723 186.633713 -126.937630
v -2062.248047 185.821259 -64.445259
v -1999.755737 173.931580 -126.937630
v -1999.755737 205.478851 -64.445259
v -1937.263672 177.339951 -64.445259
v -1874.770996 188.357727 -126.937630
v -1749.786621 197.393875 -126.937630
v -1624.801758 175.199814 -126.937630
v -1562.309082 171.831070 -64.445259
v -1499.816895 161.705032 -126.937630
v -1562.309082 173.059677 -126.937630
v -1374.832031 195.550980 -126.937630
v -1249.847656 193.826981 -126.937630
v -1124.862793 194.520538 -126.937630
v -999.877930 159.208206 -126.937630
v -874.893066 159.445999 -126.937630
v -749.908691 164.221680 -126.937630
v -624.923828 131.208023 -126.937630
v -499.938965 140.145096 -126.937630
v -374.954102 104.515694 -126.937630
v -312.461914 95.737152 -64.445259
v -249.969727 93.577194 -126.937630
v -249.969727 103.802315 -64.445259
v -187.477051 106.279335 -64.445259
v -218.723145 87.216217 -33.199074
v -124.984863 104.614777 -126.937630
v 0.000000 138.163483 -126.937630
v -3999.511719 197.552399 -251.922363
v -3999.511719 214.534821 -189.429993
v -3937.019287 184.671921 -189.429993
v -3968.265625 165.588989 -158.183807
v -3905.773193 181.124832 -158.183807
v -3937.019287 149.795547 -158.183807
v -3921.396240 147.298706 -173.806885
v -3905.773193 157.068054 -220.676178
v -3874.526855 164.300949 -189.429993
v -3905.773193 166.896866 -189.429993
v -3874.526855 165.252121 -251.922363
v -3937.019287 209.006119 -251.922363
v -3812.034668 136.617813 -189.429993
v -3749.542236 137.291565 -251.922363
v -3812.034668 158.792068 -251.922363
v -3624.557617 182.987549 -251.922363
v -3562.065186 150.865616 -189.429993
v -3499.572754 175.061096 -251.922363
v -3437.080322 221.074142 -189.429993
v -3374.587891 199.454758 -251.922363
v -3437.080322 225.671494 -251.922363
v -3249.603271 201.297653 -251.922363
v -3124.618652 196.759766 -251.922363
v -2999.633789 185.722183 -251.922363
v -2874.648926 195.630234 -251.922363
v -2749.664307 212.513580 -251.922363
v -2687.171875 178.449661 -189.429993
v -2624.679688 188.238831 -189.429993
v -2655.925781 212.949539 -220.676178
v -2624.679688 181.441895 -251.922363
v -2687.171875 213.246780 -251.922363
v -2562.187012 193.351379 -189.429993
v -2499.694824 176.983261 -251.922363
v -2374.709961 209.025940 -251.922363
v -2249.725342 190.656387 -251.922363
v -2124.740723 179.004517 -251.922363
v -1999.755737 199.454758 -251.922363
v -1874.770996 196.779572 -251.922363
v -1749.786621 184.354858 -251.922363
v -1687.293945 217.963013 -189.429993
v -1624.801758 200.841888 -251.922363
v -1562.309082 219.786102 -189.429993
v -1531.062988 168.383072 -158.183807
v -1531.062988 220.994873 -220.676178
v -1499.816895 217.229813 -189.429993
v -1531.062988 180.867233 -189.429993
v -1499.816895 221.807343 -251.922363
v -1562.309082 218.220627 -251.922363
v -1437.324707 219.330322 -189.429993
v -1374.832031 178.826172 -251.922363
v -1249.847656 225.275162 -251.922363
v -1124.862793 227.989975 -251.922363
v -999.877930 194.956497 -251.922363
v -874.893066 162.874191 -251.922363
v -749.908691 173.238022 -251.922363
v -624.923828 149.577560 -251.922363
v -499.938965 136.142227 -251.922363
v -374.954102 129.444382 -251.922363
v -249.969727 132.555511 -251.922363
v -187.477051 80.815613 -189.429993
v -124.984863 116.127945 -251.922363
v 0.000000 150.290939 -251.922363
v -3999.511719 198.305420 -376.907104
v -3937.019287 216.912766 -314.414734
v -3874.526855 179.579178 -376.907104
v -3874.526855 187.188568 -314.414734
v -3843.280762 180.411453 -283.168549
v -3843.280762 181.025757 -314.414734
v -3812.034668 156.473572 -314.414734
v -3843.280762 147.992279 -345.660919
v -3827.657715 187.426361 -330.037842
v -3749.542236 158.138138 -314.414734
v -3780.788330 148.685837 -345.660919
v -3749.542236 156.017807 -376.907104
v -3812.034668 156.651917 -376.907104
v -3812.034668 187.366913 -345.660919
v -3780.788330 188.397354 -376.907104
v -3796.411621 188.080292 -361.283997
v -3687.049805 137.014145 -314.414734
v -3624.557617 172.068863 -376.907104
v -3499.572754 178.687454 -376.907104
v -3437.080322 226.028183 -314.414734
v -3374.587891 215.902130 -376.907104
v -3249.603271 220.836349 -376.907104
v -3124.618652 221.728073 -376.907104
v -2999.633789 202.466797 -376.907104
v -2874.648926 190.676208 -376.907104
v -2749.664307 197.453323 -376.907104
v -2687.171875 198.781006 -314.414734
v -2624.679688 206.469666 -376.907104
v -2499.694824 208.332382 -376.907104
v -2437.202637 188.853119 -314.414734
v -2374.709961 202.764038 -376.907104
v -2374.709961 171.514023 -314.414734
v -2312.217773 193.173035 -314.414734
v -2249.725342 202.942398 -376.907104
v -2124.740723 165.212494 -376.907104
v -1999.755737 163.250687 -376.907104
v -1874.770996 205.419403 -376.907104
v -1749.786621 210.908478 -376.907104
v -1624.801758 196.006744 -376.907104
v -1562.309082 206.251678 -314.414734
v -1499.816895 221.292130 -376.907104
v -1374.832031 180.391647 -376.907104
v -1312.339844 225.988541 -314.414734
v -1249.847656 192.955063 -376.907104
v -1312.339844 227.930527 -376.907104
v -1124.862793 206.489471 -376.907104
v -1062.370117 230.348099 -314.414734
v -999.877930 190.359146 -376.907104
v -999.877930 233.756470 -314.414734
v -1062.370117 233.201614 -376.907104
v -937.385742 198.067627 -314.414734
v -874.893066 162.973267 -376.907104
v -749.908691 171.315857 -376.907104
v -624.923828 154.709946 -376.907104
v -499.938965 128.215790 -376.907104
v -374.954102 123.776970 -376.907104
v -249.969727 135.468491 -376.907104
v -187.477051 160.436798 -314.414734
v -124.984863 171.276230 -376.907104
v -62.492188 125.243362 -314.414734
v 0.000000 144.881149 -376.907104
v -3999.511719 207.004700 -501.891846
v -3874.526855 186.118500 -501.891846
v -3812.034668 147.734665 -439.399475
v -3780.788330 162.953445 -408.153320
v -3749.542236 188.397354 -501.891846
v -3749.542236 190.121353 -439.399475
v -3812.034668 150.845795 -501.891846
v -3687.049805 151.678070 -439.399475
v -3624.557617 187.783051 -501.891846
v -3687.049805 154.630676 -501.891846
v -3499.572754 170.225967 -501.891846
v -3374.587891 196.422882 -501.891846
v -3249.603271 231.497421 -501.891846
v -3124.618652 232.290070 -501.891846
v -2999.633789 204.488052 -501.891846
v -2937.141602 214.772614 -439.399475
v -2874.648926 220.122971 -501.891846
v -2937.141602 203.715225 -501.891846
v -2749.664307 213.048615 -501.891846
v -2624.679688 196.323807 -501.891846
v -2499.694824 207.856796 -501.891846
v -2374.709961 199.018799 -501.891846
v -2249.725342 196.957916 -501.891846
v -2124.740723 163.468674 -501.891846
v -1999.755737 187.822693 -501.891846
v -1874.770996 191.627380 -501.891846
v -1749.786621 202.526245 -501.891846
v -1624.801758 207.955872 -501.891846
v -1499.816895 201.911957 -501.891846
v -1437.324707 225.968735 -439.399475
v -1374.832031 203.338715 -501.891846
v -1312.339844 209.204285 -439.399475
v -1249.847656 220.796722 -501.891846
v -1124.862793 196.145462 -501.891846
v -1062.370117 229.337463 -439.399475
v -999.877930 234.767090 -501.891846
v -874.893066 219.667206 -501.891846
v -749.908691 186.514816 -501.891846
v -624.923828 177.062531 -501.891846
v -499.938965 166.124023 -501.891846
v -374.954102 144.980225 -501.891846
v -249.969727 153.540787 -501.891846
v -124.984863 185.127701 -501.891846
v 0.000000 189.130554 -501.891846
v -3999.511719 209.065567 -626.876587
v -3874.526855 198.860275 -626.876587
v -3812.034668 175.615952 -564.384216
v -3780.788330 148.091354 -533.138062
v -3780.788330 157.325668 -595.630371
v -3749.542236 193.470276 -564.384216
v -3780.788330 150.984512 -564.384216
v -3749.542236 167.055389 -626.876587
v -3812.034668 202.407349 -626.876587
v -3687.049805 147.635590 -564.384216
v -3624.557617 158.673172 -626.876587
v -3624.557617 178.211868 -564.384216
v -3687.049805 170.166519 -626.876587
v -3562.065186 153.223740 -564.384216
v -3593.311279 192.182236 -595.630371
v -3499.572754 161.189819 -626.876587
v -3562.065186 177.339951 -626.876587
v -3374.587891 182.056198 -626.876587
v -3249.603271 191.429214 -626.876587
v -3124.618652 182.076004 -626.876587
v -3062.125977 230.744415 -564.384216
v -2999.633789 226.325424 -626.876587
v -2937.141602 182.214722 -564.384216
v -2905.895264 201.515625 -533.138062
v -2905.895264 222.917038 -595.630371
v -2874.648926 194.956497 -564.384216
v -2905.895264 222.718887 -564.384216
v -2874.648926 198.166702 -626.876587
v -2937.141602 196.363434 -626.876587
v -2905.895264 224.740128 -626.876587
v -2812.156738 216.714600 -564.384216
v -2749.664307 206.568741 -626.876587
v -2812.156738 204.527679 -626.876587
v -2624.679688 168.898285 -626.876587
v -2499.694824 168.343430 -626.876587
v -2374.709961 208.570175 -626.876587
v -2249.725342 199.375488 -626.876587
v -2124.740723 210.274353 -626.876587
v -1999.755737 198.146881 -626.876587
v -1874.770996 162.656204 -626.876587
v -1749.786621 170.543030 -626.876587
v -1624.801758 210.076202 -626.876587
v -1499.816895 212.909897 -626.876587
v -1374.832031 218.121536 -626.876587
v -1249.847656 202.902756 -626.876587
v -1124.862793 199.652908 -626.876587
v -999.877930 225.671494 -626.876587
v -874.893066 204.032272 -626.876587
v -812.400879 229.020416 -564.384216
v -749.908691 233.796097 -626.876587
v -624.923828 204.071915 -626.876587
v -499.938965 156.354675 -626.876587
v -374.954102 166.223114 -626.876587
v -249.969727 152.272552 -626.876587
v -124.984863 168.125458 -626.876587
v 0.000000 171.018616 -626.876587
v -3999.511719 215.248199 -751.861328
v -3874.526855 215.386917 -751.861328
v -3812.034668 213.008987 -689.368958
v -3749.542236 220.122971 -751.861328
v -3749.542236 198.820633 -689.368958
v -3718.296143 171.989609 -658.122803
v -3718.296143 162.477859 -689.368958
v -3687.049805 190.497864 -689.368958
v -3718.296143 191.944443 -720.615112
v -3702.672852 153.322815 -704.992065
v -3624.557617 172.504822 -689.368958
v -3655.803711 188.100113 -720.615112
v -3624.557617 198.820633 -751.861328
v -3687.049805 190.874374 -751.861328
v -3687.049805 153.203918 -720.615112
v -3562.065186 151.995132 -689.368958
v -3530.818848 192.796539 -658.122803
v -3499.572754 182.175095 -751.861328
v -3499.572754 195.273544 -689.368958
v -3562.065186 154.353256 -751.861328
v -3437.080322 166.738327 -689.368958
v -3374.587891 174.545883 -751.861328
v -3249.603271 165.866425 -751.861328
v -3124.618652 168.858658 -751.861328
v -3062.125977 201.475998 -689.368958
v -2999.633789 216.377716 -689.368958
v -3030.879883 235.103958 -720.615112
v -2999.633789 203.100922 -751.861328
v -3062.125977 200.306839 -751.861328
v -3030.879883 235.361572 -751.861328
v -2937.141602 202.585693 -689.368958
v -2905.895264 185.999603 -658.122803
v -2890.271973 225.116638 -642.499695
v -2874.648926 194.817780 -751.861328
v -2874.648926 186.277023 -689.368958
v -2874.648926 222.322556 -658.122803
v -2812.156738 220.301315 -689.368958
v -2843.402832 212.434311 -658.122803
v -2749.664307 206.905609 -751.861328
v -2624.679688 212.275787 -751.861328
v -2499.694824 190.577133 -751.861328
v -2374.709961 211.621857 -751.861328
v -2249.725342 209.897858 -751.861328
v -2124.740723 198.919724 -751.861328
v -1999.755737 213.504379 -751.861328
v -1874.770996 203.893570 -751.861328
v -1749.786621 199.573654 -751.861328
v -1624.801758 168.224533 -751.861328
v -1499.816895 167.689499 -751.861328
v -1374.832031 198.741379 -751.861328
v -1249.847656 199.732178 -751.861328
v -1124.862793 215.763428 -751.861328
v -999.877930 173.436188 -751.861328
v -874.893066 204.983444 -751.861328
v -749.908691 204.349335 -751.861328
v -687.416016 222.619797 -689.368958
v -624.923828 185.880707 -751.861328
v -687.416016 231.220001 -751.861328
v -562.431152 205.241058 -689.368958
v -499.938965 203.497238 -751.861328
v -374.954102 163.171432 -751.861328
v -249.969727 155.145889 -751.861328
v -124.984863 172.524643 -751.861328
v 0.000000 166.302368 -751.861328
v -3999.511719 208.372009 -876.846069
v -3999.511719 177.617386 -814.353699
v -3937.019287 219.825729 -814.353699
v -3968.265625 165.925873 -845.599854
v -3874.526855 213.999786 -814.353699
v -3905.773193 210.849030 -845.599854
v -3874.526855 209.303360 -876.846069
v -3937.019287 184.850266 -876.846069
v -3937.019287 161.308716 -845.599854
v -3905.773193 162.002274 -876.846069
v -3921.396240 162.259888 -861.222961
v -3812.034668 216.615524 -814.353699
v -3749.542236 220.658005 -876.846069
v -3812.034668 218.894379 -876.846069
v -3687.049805 228.921326 -814.353699
v -3624.557617 215.149124 -876.846069
v -3687.049805 214.891510 -876.846069
v -3562.065186 201.872314 -814.353699
v -3499.572754 182.293991 -876.846069
v -3374.587891 175.021469 -876.846069
v -3249.603271 179.044144 -876.846069
v -3124.618652 177.795731 -876.846069
v -3062.125977 198.899902 -814.353699
v -3030.879883 236.471268 -783.107544
v -2999.633789 236.352371 -876.846069
v -2999.633789 215.485992 -814.353699
v -2937.141602 222.203659 -814.353699
v -2874.648926 230.843491 -876.846069
v -2749.664307 225.512955 -876.846069
v -2624.679688 187.565079 -876.846069
v -2499.694824 214.455566 -876.846069
v -2374.709961 211.641663 -876.846069
v -2249.725342 212.434311 -876.846069
v -2124.740723 198.979172 -876.846069
v -1999.755737 203.001846 -876.846069
v -1874.770996 213.722366 -876.846069
v -1749.786621 212.890091 -876.846069
v -1624.801758 170.463760 -876.846069
v -1499.816895 166.738327 -876.846069
v -1374.832031 166.124023 -876.846069
v -1249.847656 205.538300 -876.846069
v -1124.862793 179.896240 -876.846069
v -999.877930 199.296219 -876.846069
v -874.893066 202.209198 -876.846069
v -749.908691 190.834732 -876.846069
v -687.416016 228.980774 -814.353699
v -624.923828 228.366486 -876.846069
v -562.431152 182.630859 -814.353699
v -499.938965 201.178757 -876.846069
v -374.954102 186.059052 -876.846069
v -249.969727 156.414124 -876.846069
v -124.984863 169.472961 -876.846069
v 0.000000 142.423950 -876.846069
v -3999.511719 189.190002 -1001.830811
v -3937.019287 209.858215 -939.338501
v -3905.773193 185.405121 -908.092285
v -3890.150146 162.854370 -892.469177
v -3874.526855 198.781006 -1001.830811
v -3874.526855 191.865173 -939.338501
v -3874.526855 164.300949 -908.092285
v -3812.034668 170.602478 -939.338501
v -3843.280762 161.843750 -908.092285
v -3780.788330 173.931580 -908.092285
v -3749.542236 211.126450 -1001.830811
v -3749.542236 177.062531 -939.338501
v -3749.542236 161.348343 -908.092285
v -3687.049805 196.442703 -939.338501
v -3718.296143 204.547501 -908.092285
v -3624.557617 216.100296 -939.338501
v -3655.803711 208.748520 -970.584595
v -3624.557617 221.688446 -1001.830811
v -3687.049805 168.283981 -1001.830811
v -3655.803711 160.833130 -1001.830811
v -3562.065186 221.232681 -939.338501
v -3499.572754 221.529922 -1001.830811
v -3374.587891 174.664780 -1001.830811
v -3312.095703 178.746902 -939.338501
v -3249.603271 160.595337 -1001.830811
v -3312.095703 205.062714 -1001.830811
v -3124.618652 158.891144 -1001.830811
v -2999.633789 199.316040 -1001.830811
v -2874.648926 235.837158 -1001.830811
v -2749.664307 212.117264 -1001.830811
v -2624.679688 226.801010 -1001.830811
v -2499.694824 206.311127 -1001.830811
v -2374.709961 191.290512 -1001.830811
v -2249.725342 196.264359 -1001.830811
v -2124.740723 215.981400 -1001.830811
v -1999.755737 202.149750 -1001.830811
v -1874.770996 206.212051 -1001.830811
v -1749.786621 203.814301 -1001.830811
v -1624.801758 210.908478 -1001.830811
v -1499.816895 190.874374 -1001.830811
v -1374.832031 198.463943 -1001.830811
v -1249.847656 164.023514 -1001.830811
v -1187.354980 209.442078 -939.338501
v -1124.862793 207.321747 -1001.830811
v -999.877930 174.823303 -1001.830811
v -937.385742 191.647202 -939.338501
v -874.893066 199.534012 -1001.830811
v -937.385742 193.549545 -1001.830811
v -749.908691 207.638809 -1001.830811
v -624.923828 220.380585 -1001.830811
v -562.431152 180.332199 -939.338501
v -499.938965 187.485809 -1001.830811
v -562.431152 182.254349 -1001.830811
v -437.446777 190.101547 -939.338501
v -374.954102 168.264175 -1001.830811
v -437.446777 195.630234 -1001.830811
v -249.969727 156.770813 -1001.830811
v -124.984863 153.144470 -1001.830811
v -62.492188 167.352631 -939.338501
v 0.000000 143.573273 -1001.830811
v -62.492188 187.862320 -1001.830811
v -3999.511719 206.826355 -1126.815552
v -3874.526855 211.403870 -1126.815552
v -3749.542236 209.660049 -1126.815552
v -3687.049805 194.619614 -1064.323120
v -3655.803711 163.508301 -1033.077026
v -3624.557617 170.107071 -1126.815552
v -3624.557617 166.500534 -1064.323120
v -3562.065186 224.185272 -1064.323120
v -3499.572754 222.421646 -1126.815552
v -3437.080322 226.583023 -1064.323120
v -3374.587891 209.560974 -1126.815552
v -3374.587891 193.549545 -1064.323120
v -3312.095703 209.660049 -1064.323120
v -3343.341797 167.095016 -1095.569336
v -3249.603271 180.173660 -1126.815552
v -3312.095703 206.152603 -1126.815552
v -3124.618652 176.250076 -1126.815552
v -2999.633789 197.611847 -1126.815552
v -2874.648926 196.244537 -1126.815552
v -2749.664307 202.962204 -1126.815552
v -2687.171875 215.466187 -1064.323120
v -2624.679688 201.277832 -1126.815552
v -2687.171875 236.213669 -1126.815552
v -2499.694824 198.027985 -1126.815552
v -2374.709961 180.708694 -1126.815552
v -2249.725342 197.294800 -1126.815552
v -2124.740723 224.403259 -1126.815552
v -1999.755737 204.151169 -1126.815552
v -1874.770996 203.299088 -1126.815552
v -1749.786621 187.228210 -1126.815552
v -1624.801758 201.158936 -1126.815552
v -1499.816895 184.394501 -1126.815552
v -1374.832031 164.142410 -1126.815552
v -1249.847656 156.850082 -1126.815552
v -1124.862793 205.419403 -1126.815552
v -1062.370117 198.602661 -1064.323120
v -999.877930 215.862503 -1064.323120
v -1031.124023 192.162415 -1095.569336
v -999.877930 192.380402 -1126.815552
v -999.877930 213.266586 -1095.569336
v -1062.370117 200.663544 -1126.815552
v -968.631836 176.963455 -1033.077026
v -968.631836 163.131790 -1064.323120
v -937.385742 190.517685 -1064.323120
v -968.631836 165.806976 -1095.569336
v -984.254883 215.168945 -1111.192505
v -874.893066 194.262924 -1126.815552
v -937.385742 174.010849 -1126.815552
v -968.631836 215.268021 -1126.815552
v -749.908691 213.028793 -1126.815552
v -687.416016 216.655151 -1064.323120
v -624.923828 225.235535 -1126.815552
v -624.923828 222.619797 -1064.323120
v -562.431152 222.520721 -1064.323120
v -593.677734 185.325851 -1033.077026
v -531.185059 223.987122 -1033.077026
v -562.431152 183.225342 -1033.077026
v -546.808105 179.598999 -1048.700073
v -531.185059 181.005936 -1095.569336
v -499.938965 180.906860 -1064.323120
v -531.185059 178.826172 -1064.323120
v -499.938965 179.202667 -1126.815552
v -499.938965 226.384872 -1033.077026
v -562.431152 225.215714 -1126.815552
v -437.446777 182.115646 -1064.323120
v -468.692871 181.164474 -1033.077026
v -374.954102 178.073151 -1126.815552
v -249.969727 156.988800 -1126.815552
v -124.984863 153.104843 -1126.815552
v -62.492188 160.575516 -1064.323120
v 0.000000 163.845169 -1126.815552
v -3999.511719 203.120743 -1251.800293
v -3874.526855 218.299881 -1251.800293
v -3749.542236 211.839828 -1251.800293
v -3624.557617 196.581421 -1251.800293
v -3562.065186 167.075211 -1189.307983
v -3499.572754 229.436554 -1251.800293
v -3562.065186 173.297470 -1251.800293
v -3437.080322 226.999161 -1189.307983
v -3374.587891 230.605698 -1251.800293
v -3374.587891 213.147690 -1189.307983
v -3343.341797 197.195709 -1158.061768
v -3343.341797 176.904007 -1189.307983
v -3312.095703 207.222672 -1189.307983
v -3343.341797 210.670685 -1220.554077
v -3249.603271 176.705841 -1251.800293
v -3312.095703 194.956497 -1251.800293
v -3187.110840 191.072525 -1189.307983
v -3124.618652 162.477859 -1251.800293
v -3187.110840 209.422256 -1251.800293
v -2999.633789 185.484390 -1251.800293
v -2874.648926 186.118500 -1251.800293
v -2749.664307 211.562408 -1251.800293
v -2687.171875 236.788330 -1189.307983
v -2624.679688 232.230621 -1251.800293
v -2562.187012 210.432892 -1189.307983
v -2499.694824 201.931763 -1251.800293
v -2499.694824 191.349960 -1189.307983
v -2437.202637 217.210007 -1189.307983
v -2468.448730 173.753235 -1220.554077
v -2374.709961 195.828400 -1251.800293
v -2437.202637 183.245163 -1251.800293
v -2249.725342 203.576508 -1251.800293
v -2124.740723 198.998978 -1251.800293
v -1999.755737 217.190186 -1251.800293
v -1874.770996 214.891510 -1251.800293
v -1749.786621 213.068436 -1251.800293
v -1624.801758 199.078247 -1251.800293
v -1499.816895 199.395309 -1251.800293
v -1374.832031 160.179199 -1251.800293
v -1249.847656 158.316483 -1251.800293
v -1124.862793 153.144470 -1251.800293
v -1062.370117 201.535446 -1189.307983
v -999.877930 188.496429 -1251.800293
v -999.877930 205.082535 -1189.307983
v -937.385742 193.906235 -1189.307983
v -968.631836 191.567932 -1158.061768
v -874.893066 204.190811 -1251.800293
v -749.908691 204.745651 -1251.800293
v -624.923828 216.120117 -1251.800293
v -562.431152 222.837784 -1189.307983
v -499.938965 213.702545 -1251.800293
v -374.954102 196.204910 -1251.800293
v -249.969727 171.256409 -1251.800293
v -124.984863 154.075821 -1251.800293
v 0.000000 158.276840 -1251.800293
v -3999.511719 188.932388 -1376.785034
v -3874.526855 202.922577 -1376.785034
v -3749.542236 211.720932 -1376.785034
v -3624.557617 216.179565 -1376.785034
v -3562.065186 200.742798 -1314.292603
v -3530.818848 172.901138 -1283.046509
v -3499.572754 174.585510 -1376.785034
v -3499.572754 173.673981 -1314.292603
v -3437.080322 227.672913 -1314.292603
v -3374.587891 224.423065 -1376.785034
v -3312.095703 226.781189 -1314.292603
v -3249.603271 203.041473 -1376.785034
v -3187.110840 195.768951 -1314.292603
v -3124.618652 188.219009 -1376.785034
v -2999.633789 177.280502 -1376.785034
v -2874.648926 174.308090 -1376.785034
v -2749.664307 209.243912 -1376.785034
v -2624.679688 238.333984 -1376.785034
v -2499.694824 214.614090 -1376.785034
v -2437.202637 199.296219 -1314.292603
v -2374.709961 197.037186 -1376.785034
v -2249.725342 185.563644 -1376.785034
v -2124.740723 214.158310 -1376.785034
v -1999.755737 215.466187 -1376.785034
v -1874.770996 191.865173 -1376.785034
v -1749.786621 183.046997 -1376.785034
v -1624.801758 213.583649 -1376.785034
v -1499.816895 208.946671 -1376.785034
v -1374.832031 182.809204 -1376.785034
v -1249.847656 153.203918 -1376.785034
v -1124.862793 151.083588 -1376.785034
v -999.877930 159.723419 -1376.785034
v -874.893066 195.907669 -1376.785034
v -749.908691 201.614716 -1376.785034
v -624.923828 189.824112 -1376.785034
v -499.938965 200.088867 -1376.785034
v -437.446777 222.104584 -1314.292603
v -374.954102 186.812057 -1314.292603
v -406.200195 175.179993 -1345.538818
v -374.954102 208.253113 -1376.785034
v -437.446777 216.536255 -1376.785034
v -312.461914 188.793671 -1314.292603
v -249.969727 166.995941 -1376.785034
v -124.984863 157.266220 -1376.785034
v 0.000000 155.304428 -1376.785034
v -3999.511719 190.220444 -1501.769775
v -3874.526855 205.617569 -1501.769775
v -3749.542236 196.343628 -1501.769775
v -3624.557617 217.586502 -1501.769775
v -3499.572754 190.854553 -1501.769775
v -3374.587891 223.868225 -1501.769775
v -3249.603271 224.403259 -1501.769775
v -3124.618652 185.008804 -1501.769775
v -2999.633789 184.354858 -1501.769775
v -2874.648926 175.556503 -1501.769775
v -2749.664307 174.664780 -1501.769775
v -2624.679688 240.196701 -1501.769775
v -2499.694824 217.824295 -1501.769775
v -2374.709961 212.374863 -1501.769775
v -2312.217773 221.252487 -1439.277466
v -2249.725342 198.860275 -1501.769775
v -2312.217773 230.744415 -1501.769775
v -2124.740723 210.373444 -1501.769775
v -1999.755737 217.408157 -1501.769775
v -1874.770996 194.223297 -1501.769775
v -1749.786621 196.918289 -1501.769775
v -1687.293945 171.157333 -1439.277466
v -1624.801758 168.878479 -1501.769775
v -1499.816895 186.990417 -1501.769775
v -1374.832031 205.181610 -1501.769775
v -1249.847656 160.872757 -1501.769775
v -1124.862793 163.032715 -1501.769775
v -999.877930 153.897476 -1501.769775
v -874.893066 161.427612 -1501.769775
v -749.908691 154.095642 -1501.769775
v -624.923828 184.255783 -1501.769775
v -499.938965 186.772430 -1501.769775
v -437.446777 204.904190 -1439.277466
v -374.954102 214.911331 -1501.769775
v -312.461914 175.021469 -1439.277466
v -249.969727 174.981842 -1439.277466
v -281.215820 220.895798 -1470.523560
v -249.969727 179.341385 -1501.769775
v -312.461914 192.142609 -1501.769775
v -281.215820 219.568115 -1501.769775
v -187.477051 160.317902 -1439.277466
v -124.984863 156.295227 -1501.769775
v 0.000000 116.524269 -1501.769775
v -3999.511719 181.283371 -1626.754517
v -3874.526855 203.219818 -1626.754517
v -3749.542236 178.964874 -1626.754517
v -3624.557617 210.908478 -1626.754517
v -3562.065186 196.502151 -1564.262085
v -3499.572754 184.434128 -1626.754517
v -3499.572754 170.463760 -1564.262085
v -3437.080322 227.336044 -1564.262085
v -3468.326660 167.669693 -1595.508301
v -3374.587891 224.006927 -1626.754517
v -3437.080322 174.684601 -1626.754517
v -3249.603271 220.321136 -1626.754517
v -3124.618652 190.933823 -1626.754517
v -2999.633789 182.076004 -1626.754517
v -2874.648926 164.657639 -1626.754517
v -2749.664307 179.420654 -1626.754517
v -2624.679688 202.407349 -1626.754517
v -2562.187012 219.647385 -1564.262085
v -2499.694824 213.167511 -1626.754517
v -2562.187012 244.694962 -1626.754517
v -2374.709961 211.403870 -1626.754517
v -2312.217773 192.459656 -1564.262085
v -2280.971680 231.973007 -1533.015991
v -2249.725342 214.178131 -1626.754517
v -2249.725342 218.299881 -1564.262085
v -2187.232910 209.243912 -1564.262085
v -2124.740723 225.394058 -1626.754517
v -1999.755737 178.945068 -1626.754517
v -1874.770996 172.227402 -1626.754517
v -1749.786621 209.521347 -1626.754517
v -1624.801758 171.712173 -1626.754517
v -1499.816895 170.978973 -1626.754517
v -1374.832031 162.041916 -1626.754517
v -1312.339844 203.616135 -1564.262085
v -1249.847656 165.945679 -1626.754517
v -1124.862793 164.657639 -1626.754517
v -999.877930 159.881958 -1626.754517
v -874.893066 160.654785 -1626.754517
v -749.908691 197.413696 -1626.754517
v -624.923828 173.832504 -1626.754517
v -499.938965 187.842499 -1626.754517
v -374.954102 207.836975 -1626.754517
v -312.461914 216.120117 -1564.262085
v -281.215820 199.652908 -1533.015991
v -249.969727 216.258820 -1626.754517
v -249.969727 172.584091 -1564.262085
v -187.477051 164.756714 -1564.262085
v -124.984863 161.130371 -1626.754517
v -62.492188 147.100555 -1564.262085
v 0.000000 145.495438 -1626.754517
v 0.000000 148.269699 -1564.262085
v -3999.511719 175.655594 -1751.739258
v -3874.526855 172.326477 -1751.739258
v -3812.034668 214.059235 -1689.246948
v -3749.542236 211.443512 -1751.739258
v -3687.049805 193.232483 -1689.246948
v -3624.557617 199.197144 -1751.739258
v -3687.049805 200.009598 -1751.739258
v -3499.572754 208.689072 -1751.739258
v -3437.080322 182.769577 -1689.246948
v -3374.587891 173.119125 -1751.739258
v -3249.603271 164.023514 -1751.739258
v -3187.110840 220.558929 -1689.246948
v -3124.618652 226.979355 -1751.739258
v -2999.633789 182.214722 -1751.739258
v -2874.648926 187.882141 -1751.739258
v -2749.664307 188.219009 -1751.739258
v -2624.679688 207.916245 -1751.739258
v -2562.187012 247.310699 -1689.246948
v -2499.694824 242.653900 -1751.739258
v -2374.709961 220.539108 -1751.739258
v -2249.725342 224.977921 -1751.739258
v -2124.740723 208.490906 -1751.739258
v -1999.755737 214.217773 -1751.739258
v -1874.770996 214.732986 -1751.739258
v -1749.786621 212.711746 -1751.739258
v -1624.801758 207.836975 -1751.739258
v -1499.816895 200.386108 -1751.739258
v -1374.832031 163.052536 -1751.739258
v -1249.847656 158.138138 -1751.739258
v -1124.862793 166.203293 -1751.739258
v -999.877930 155.264801 -1751.739258
v -874.893066 158.831696 -1751.739258
v -749.908691 196.997559 -1751.739258
v -624.923828 203.417984 -1751.739258
v -499.938965 186.871506 -1751.739258
v -374.954102 194.837601 -1751.739258
v -312.461914 208.292740 -1689.246948
v -249.969727 185.722183 -1751.739258
v -249.969727 193.926056 -1689.246948
v -187.477051 178.548737 -1689.246948
v -218.723145 215.446365 -1720.493042
v -124.984863 160.674591 -1751.739258
v -187.477051 207.797348 -1751.739258
v 0.000000 146.466431 -1751.739258
v -3999.511719 176.725662 -1876.723999
v -3874.526855 169.037003 -1876.723999
v -3749.542236 173.317276 -1876.723999
v -3687.049805 210.294174 -1814.231567
v -3655.803711 169.413513 -1782.985474
v -3624.557617 201.832687 -1876.723999
v -3624.557617 174.268463 -1814.231567
v -3562.065186 197.334427 -1814.231567
v -3499.572754 191.884995 -1876.723999
v -3374.587891 195.927475 -1876.723999
v -3249.603271 170.067444 -1876.723999
v -3124.618652 220.400391 -1876.723999
v -2999.633789 208.352188 -1876.723999
v -2874.648926 173.535263 -1876.723999
v -2749.664307 171.454575 -1876.723999
v -2624.679688 223.293549 -1876.723999
v -2499.694824 247.171982 -1876.723999
v -2374.709961 211.146271 -1876.723999
v -2249.725342 190.101547 -1876.723999
v -2124.740723 210.690491 -1876.723999
v -1999.755737 211.067001 -1876.723999
v -1874.770996 206.885803 -1876.723999
v -1749.786621 177.716461 -1876.723999
v -1624.801758 219.568115 -1876.723999
v -1499.816895 200.227585 -1876.723999
v -1374.832031 164.360397 -1876.723999
v -1249.847656 165.489914 -1876.723999
v -1124.862793 165.014328 -1876.723999
v -999.877930 155.324249 -1876.723999
v -874.893066 154.373062 -1876.723999
v -749.908691 176.983261 -1876.723999
v -624.923828 194.302567 -1876.723999
v -499.938965 182.135452 -1876.723999
v -374.954102 181.124832 -1876.723999
v -249.969727 189.863754 -1876.723999
v -187.477051 209.382629 -1814.231567
v -124.984863 178.053345 -1876.723999
v 0.000000 147.992279 -1876.723999
v -3999.511719 172.405746 -2001.708862
v -3874.526855 166.143845 -2001.708862
v -3749.542236 173.455994 -2001.708862
v -3624.557617 171.315857 -2001.708862
v -3499.572754 202.030853 -2001.708862
v -3374.587891 184.414307 -2001.708862
v -3249.603271 202.427170 -2001.708862
v -3187.110840 164.102783 -1939.216431
v -3124.618652 162.953445 -2001.708862
v -2999.633789 217.606323 -2001.708862
v -2937.141602 208.550354 -1939.216431
v -2874.648926 200.306839 -2001.708862
v -2937.141602 207.083954 -2001.708862
v -2749.664307 199.851074 -2001.708862
v -2687.171875 171.058243 -1939.216431
v -2624.679688 182.175095 -2001.708862
v -2499.694824 218.834930 -2001.708862
v -2374.709961 216.100296 -2001.708862
v -2249.725342 219.072723 -2001.708862
v -2124.740723 214.851883 -2001.708862
v -1999.755737 210.829208 -2001.708862
v -1874.770996 205.241058 -2001.708862
v -1749.786621 216.595703 -2001.708862
v -1687.293945 182.809204 -1939.216431
v -1624.801758 198.860275 -2001.708862
v -1499.816895 210.809387 -2001.708862
v -1374.832031 168.640671 -2001.708862
v -1249.847656 157.127502 -2001.708862
v -1124.862793 175.853745 -2001.708862
v -999.877930 174.545883 -2001.708862
v -874.893066 152.827408 -2001.708862
v -812.400879 158.613724 -1939.216431
v -749.908691 147.556320 -2001.708862
v -812.400879 170.265594 -2001.708862
v -624.923828 183.740570 -2001.708862
v -499.938965 179.995316 -2001.708862
v -374.954102 196.482330 -2001.708862
v -249.969727 169.889099 -2001.708862
v -187.477051 211.166077 -1939.216431
v -124.984863 208.629623 -2001.708862
v 0.000000 145.535080 -2001.708862
v -3999.511719 162.319336 -2126.693604
v -3874.526855 165.707886 -2126.693604
v -3749.542236 165.806976 -2126.693604
v -3624.557617 171.870712 -2126.693604
v -3499.572754 165.113403 -2126.693604
v -3374.587891 204.032272 -2126.693604
v -3249.603271 192.122787 -2126.693604
v -3124.618652 164.162231 -2126.693604
v -2999.633789 174.803497 -2126.693604
v -2937.141602 225.096817 -2064.200928
v -2905.895264 171.474380 -2032.954956
v -2874.648926 207.559555 -2126.693604
v -2874.648926 185.345673 -2064.200928
v -2812.156738 181.124832 -2064.200928
v -2749.664307 183.344238 -2126.693604
v -2624.679688 163.052536 -2126.693604
v -2499.694824 193.410828 -2126.693604
v -2437.202637 247.271057 -2064.200928
v -2374.709961 246.617126 -2126.693604
v -2312.217773 238.591599 -2064.200928
v -2249.725342 234.885986 -2126.693604
v -2312.217773 207.619003 -2126.693604
v -2124.740723 209.164658 -2126.693604
v -1999.755737 207.004700 -2126.693604
v -1874.770996 201.535446 -2126.693604
v -1749.786621 203.695404 -2126.693604
v -1624.801758 200.425735 -2126.693604
v -1499.816895 195.253738 -2126.693604
v -1374.832031 170.840271 -2126.693604
v -1249.847656 165.351196 -2126.693604
v -1124.862793 209.343002 -2126.693604
v -999.877930 160.813309 -2126.693604
v -874.893066 152.213104 -2126.693604
v -812.400879 158.415558 -2064.200928
v -781.154785 186.078873 -2032.954956
v -749.908691 146.961838 -2126.693604
v -749.908691 190.279892 -2064.200928
v -687.416016 194.322372 -2064.200928
v -624.923828 190.398788 -2126.693604
v -499.938965 173.852325 -2126.693604
v -437.446777 197.592041 -2064.200928
v -374.954102 145.574707 -2064.200928
v -406.200195 190.438416 -2095.447510
v -374.954102 149.973892 -2126.693604
v -437.446777 177.736282 -2126.693604
v -406.200195 196.918289 -2126.693604
v -312.461914 175.457428 -2064.200928
v -249.969727 174.268463 -2126.693604
v -124.984863 197.433502 -2126.693604
v -62.492188 207.876602 -2064.200928
v 0.000000 208.887222 -2126.693604
v -3999.511719 161.467239 -2251.677979
v -3874.526855 167.630051 -2251.677979
v -3749.542236 162.517502 -2251.677979
v -3624.557617 176.150986 -2251.677979
v -3499.572754 157.424744 -2251.677979
v -3374.587891 162.775101 -2251.677979
v -3249.603271 170.701553 -2251.677979
v -3187.110840 201.158936 -2189.185791
v -3124.618652 198.800827 -2251.677979
v -2999.633789 174.149567 -2251.677979
v -2874.648926 212.850449 -2251.677979
v -2749.664307 177.022903 -2251.677979
v -2687.171875 206.330948 -2189.185791
v -2624.679688 162.596756 -2251.677979
v -2499.694824 182.848846 -2251.677979
v -2374.709961 220.182419 -2251.677979
v -2312.217773 221.054337 -2189.185791
v -2249.725342 240.573212 -2251.677979
v -2124.740723 207.381195 -2251.677979
v -1999.755737 214.812256 -2251.677979
v -1874.770996 206.628189 -2251.677979
v -1749.786621 206.390396 -2251.677979
v -1624.801758 215.050049 -2251.677979
v -1499.816895 211.463318 -2251.677979
v -1374.832031 171.196960 -2251.677979
v -1249.847656 176.765289 -2251.677979
v -1187.354980 159.723419 -2189.185791
v -1124.862793 165.846603 -2251.677979
v -999.877930 151.796967 -2251.677979
v -874.893066 149.914444 -2251.677979
v -749.908691 149.022720 -2251.677979
v -624.923828 185.979782 -2251.677979
v -499.938965 173.000229 -2251.677979
v -437.446777 179.935867 -2189.185791
v -406.200195 196.482330 -2157.939697
v -374.954102 147.338348 -2251.677979
v -374.954102 194.044952 -2189.185791
v -437.446777 193.291931 -2251.677979
v -312.461914 166.322189 -2189.185791
v -249.969727 176.963455 -2251.677979
v -124.984863 174.922394 -2251.677979
v 0.000000 206.330948 -2251.677979
v -3999.511719 154.056015 -2376.662842
v -3874.526855 164.122604 -2376.662842
v -3749.542236 154.947739 -2376.662842
v -3687.049805 215.050049 -2314.170654
v -3624.557617 193.272125 -2376.662842
v -3624.557617 221.747894 -2314.170654
v -3562.065186 189.586319 -2314.170654
v -3499.572754 154.392883 -2376.662842
v -3374.587891 165.866425 -2376.662842
v -3249.603271 166.639252 -2376.662842
v -3124.618652 186.534637 -2376.662842
v -2999.633789 152.431091 -2376.662842
v -2937.141602 210.155457 -2314.170654
v -2874.648926 204.289886 -2376.662842
v -2937.141602 214.891510 -2376.662842
v -2749.664307 199.672729 -2376.662842
v -2687.171875 176.963455 -2314.170654
v -2624.679688 204.190811 -2376.662842
v -2687.171875 160.060303 -2376.662842
v -2499.694824 175.873566 -2376.662842
v -2374.709961 180.470901 -2376.662842
v -2249.725342 219.013275 -2376.662842
v -2124.740723 213.583649 -2376.662842
v -1999.755737 215.703979 -2376.662842
v -1874.770996 237.382813 -2376.662842
v -1749.786621 202.209198 -2376.662842
v -1624.801758 217.269455 -2376.662842
v -1499.816895 214.673538 -2376.662842
v -1374.832031 162.041916 -2376.662842
v -1249.847656 184.691742 -2376.662842
v -1124.862793 162.596756 -2376.662842
v -999.877930 157.464386 -2376.662842
v -874.893066 154.472153 -2376.662842
v -749.908691 151.697891 -2376.662842
v -624.923828 183.800018 -2376.662842
v -499.938965 168.601044 -2376.662842
v -437.446777 183.700928 -2314.170654
v -374.954102 171.712173 -2376.662842
v -249.969727 186.891327 -2376.662842
v -124.984863 176.824738 -2376.662842
v 0.000000 202.823486 -2376.662842
v -3999.511719 152.510345 -2501.647705
v -3874.526855 161.368164 -2501.647705
v -3749.542236 151.242126 -2501.647705
v -3687.049805 159.406357 -2439.155518
v -3624.557617 191.567932 -2501.647705
v -3624.557617 150.786346 -2439.155518
v -3687.049805 190.834732 -2501.647705
v -3562.065186 176.111359 -2439.155518
v -3499.572754 192.578552 -2501.647705
v -3374.587891 158.653351 -2501.647705
v -3249.603271 160.634964 -2501.647705
v -3124.618652 192.439850 -2501.647705
v -3062.125977 197.691116 -2439.155518
v -2999.633789 170.919525 -2501.647705
v -2999.633789 154.709946 -2439.155518
v -2968.387695 158.435379 -2407.908936
v -2968.387695 149.835175 -2439.155518
v -2937.141602 213.286407 -2439.155518
v -2968.387695 150.588181 -2470.401611
v -2874.648926 208.788147 -2501.647705
v -2937.141602 182.056198 -2501.647705
v -2749.664307 227.554016 -2501.647705
v -2687.171875 187.466003 -2439.155518
v -2624.679688 167.986740 -2501.647705
v -2499.694824 180.272751 -2501.647705
v -2374.709961 157.939972 -2501.647705
v -2249.725342 172.623718 -2501.647705
v -2124.740723 181.560791 -2501.647705
v -1999.755737 214.019608 -2501.647705
v -1874.770996 223.570984 -2501.647705
v -1749.786621 207.123596 -2501.647705
v -1624.801758 192.796539 -2501.647705
v -1499.816895 212.414505 -2501.647705
v -1374.832031 208.827774 -2501.647705
v -1312.339844 158.772247 -2439.155518
v -1249.847656 167.095016 -2501.647705
v -1124.862793 158.316483 -2501.647705
v -999.877930 154.511780 -2501.647705
v -874.893066 161.784302 -2501.647705
v -749.908691 189.031464 -2501.647705
v -624.923828 189.487244 -2501.647705
v -499.938965 192.459656 -2501.647705
v -374.954102 191.825546 -2501.647705
v -249.969727 181.144653 -2501.647705
v -124.984863 201.753418 -2501.647705
v 0.000000 203.853928 -2501.647705
v -3999.511719 182.373245 -2626.632568
v -3874.526855 149.934250 -2626.632568
v -3749.542236 144.881149 -2626.632568
v -3687.049805 157.622910 -2564.139893
v -3655.803711 214.197952 -2532.893799
v -3624.557617 214.792435 -2626.632568
v -3624.557617 215.961578 -2564.139893
v -3562.065186 215.307648 -2564.139893
v -3499.572754 180.391647 -2626.632568
v -3437.080322 216.992020 -2564.139893
v -3374.587891 214.633911 -2626.632568
v -3374.587891 158.098495 -2564.139893
v -3312.095703 165.172852 -2564.139893
v -3343.341797 153.838028 -2595.386475
v -3249.603271 164.003708 -2626.632568
v -3312.095703 160.040482 -2626.632568
v -3124.618652 180.986130 -2626.632568
v -2999.633789 188.001038 -2626.632568
v -2937.141602 151.876236 -2564.139893
v -2874.648926 150.766541 -2626.632568
v -2874.648926 211.839828 -2564.139893
v -2812.156738 201.515625 -2564.139893
v -2843.402832 209.640244 -2595.386475
v -2749.664307 205.459045 -2626.632568
v -2812.156738 209.184464 -2626.632568
v -2624.679688 197.869461 -2626.632568
v -2562.187012 167.233734 -2564.139893
v -2499.694824 145.931396 -2626.632568
v -2499.694824 197.156082 -2564.139893
v -2437.202637 181.778763 -2564.139893
v -2374.709961 176.329330 -2626.632568
v -2312.217773 196.224731 -2564.139893
v -2249.725342 174.189194 -2626.632568
v -2249.725342 183.879272 -2564.139893
v -2187.232910 161.110550 -2564.139893
v -2218.479004 206.112976 -2595.386475
v -2124.740723 159.822510 -2626.632568
v -2187.232910 202.922577 -2626.632568
v -1999.755737 200.822067 -2626.632568
v -1874.770996 236.392014 -2626.632568
v -1749.786621 211.384064 -2626.632568
v -1624.801758 200.505005 -2626.632568
v -1499.816895 203.160370 -2626.632568
v -1374.832031 188.258636 -2626.632568
v -1249.847656 205.756287 -2626.632568
v -1124.862793 200.822067 -2626.632568
v -999.877930 177.320145 -2626.632568
v -874.893066 192.816345 -2626.632568
v -749.908691 149.240692 -2626.632568
v -624.923828 190.814926 -2626.632568
v -499.938965 178.885620 -2626.632568
v -437.446777 148.884003 -2564.139893
v -374.954102 176.586945 -2626.632568
v -249.969727 202.129929 -2626.632568
v -187.477051 163.805542 -2564.139893
v -124.984863 151.975311 -2626.632568
v -62.492188 163.845169 -2564.139893
v 0.000000 200.287033 -2564.139893
v -31.246094 202.843307 -2595.386475
v 0.000000 165.212494 -2626.632568
v -62.492188 152.946304 -2626.632568
v -3999.511719 165.311569 -2751.616943
v -3874.526855 145.614334 -2751.616943
v -3749.542236 159.564896 -2751.616943
v -3687.049805 202.050659 -2689.124756
v -3624.557617 180.490723 -2751.616943
v -3687.049805 199.831253 -2751.616943
v -3499.572754 165.113403 -2751.616943
v -3437.080322 190.398788 -2689.124756
v -3374.587891 190.537491 -2751.616943
v -3437.080322 211.304794 -2751.616943
v -3312.095703 208.154037 -2689.124756
v -3249.603271 154.987366 -2751.616943
v -3312.095703 210.710312 -2751.616943
v -3124.618652 157.107697 -2751.616943
v -3062.125977 195.947296 -2689.124756
v -2999.633789 151.658264 -2751.616943
v -3062.125977 193.767517 -2751.616943
v -2937.141602 186.197769 -2689.124756
v -2874.648926 185.583466 -2751.616943
v -2812.156738 157.286041 -2689.124756
v -2749.664307 179.678253 -2751.616943
v -2749.664307 174.347717 -2689.124756
v -2687.171875 210.769760 -2689.124756
v -2718.417969 149.280319 -2720.370850
v -2624.679688 210.492340 -2751.616943
v -2687.171875 150.489105 -2751.616943
v -2562.187012 191.984070 -2689.124756
v -2499.694824 224.541962 -2751.616943
v -2499.694824 190.220444 -2689.124756
v -2437.202637 201.991211 -2689.124756
v -2468.448730 162.517502 -2720.370850
v -2374.709961 201.456177 -2689.124756
v -2405.956299 189.011658 -2720.370850
v -2374.709961 203.953018 -2751.616943
v -2437.202637 202.387543 -2751.616943
v -2437.202637 167.213913 -2720.370850
v -2312.217773 185.940155 -2689.124756
v -2249.725342 175.516876 -2751.616943
v -2187.232910 178.429840 -2689.124756
v -2124.740723 176.032089 -2751.616943
v -1999.755737 172.742615 -2751.616943
v -1874.770996 238.631226 -2751.616943
v -1749.786621 219.033081 -2751.616943
v -1624.801758 208.589981 -2751.616943
v -1499.816895 195.154648 -2751.616943
v -1374.832031 201.119308 -2751.616943
v -1249.847656 201.059860 -2751.616943
v -1124.862793 174.010849 -2751.616943
v -999.877930 188.615326 -2751.616943
v -874.893066 194.956497 -2751.616943
v -749.908691 192.142609 -2751.616943
v -624.923828 193.410828 -2751.616943
v -499.938965 189.566513 -2751.616943
v -437.446777 160.020660 -2689.124756
v -374.954102 168.601044 -2689.124756
v -406.200195 196.541779 -2720.370850
v -374.954102 167.808395 -2751.616943
v -374.954102 194.857407 -2720.370850
v -437.446777 174.149567 -2751.616943
v -312.461914 179.698074 -2689.124756
v -343.708008 154.273987 -2720.370850
v -359.331055 196.224731 -2735.993896
v -249.969727 181.124832 -2751.616943
v -312.461914 184.929535 -2751.616943
v -343.708008 195.947296 -2751.616943
v -187.477051 203.120743 -2689.124756
v -124.984863 200.227585 -2751.616943
v -62.492188 154.511780 -2689.124756
v 0.000000 153.719131 -2751.616943
v -3999.511719 180.134033 -2876.601807
v -3874.526855 139.570419 -2876.601807
v -3812.034668 152.153656 -2814.109619
v -3749.542236 180.054764 -2876.601807
v -3749.542236 191.270691 -2814.109619
v -3687.049805 184.850266 -2814.109619
v -3718.296143 209.778961 -2782.863525
v -3624.557617 190.616760 -2876.601807
v -3562.065186 199.573654 -2814.109619
v -3499.572754 204.507858 -2876.601807
v -3562.065186 211.304794 -2876.601807
v -3437.080322 177.082352 -2814.109619
v -3374.587891 198.345047 -2876.601807
v -3437.080322 197.790192 -2876.601807
v -3312.095703 179.717896 -2814.109619
v -3280.849609 214.653717 -2782.863525
v -3249.603271 185.246597 -2814.109619
v -3280.849609 212.176712 -2845.355713
v -3249.603271 175.952835 -2876.601807
v -3312.095703 193.291931 -2876.601807
v -3187.110840 157.543655 -2814.109619
v -3124.618652 148.230072 -2876.601807
v -3062.125977 175.516876 -2814.109619
v -2999.633789 190.696030 -2876.601807
v -2874.648926 190.497864 -2876.601807
v -2749.664307 187.921768 -2876.601807
v -2687.171875 179.579178 -2814.109619
v -2655.925781 152.094208 -2782.863525
v -2624.679688 178.727081 -2876.601807
v -2624.679688 151.757339 -2814.109619
v -2562.187012 211.284973 -2814.109619
v -2593.433350 150.885437 -2845.355713
v -2499.694824 207.004700 -2814.109619
v -2530.940918 211.027374 -2845.355713
v -2499.694824 151.935684 -2876.601807
v -2562.187012 158.455185 -2876.601807
v -2562.187012 153.302994 -2845.355713
v -2530.940918 152.649063 -2876.601807
v -2546.563965 151.004333 -2860.978760
v -2437.202637 212.255966 -2814.109619
v -2374.709961 209.521347 -2876.601807
v -2249.725342 172.722794 -2876.601807
v -2124.740723 178.410034 -2876.601807
v -1999.755737 169.512589 -2876.601807
v -1937.263672 168.918106 -2814.109619
v -1874.770996 204.071915 -2876.601807
v -1749.786621 235.500290 -2876.601807
v -1624.801758 228.465561 -2876.601807
v -1499.816895 204.190811 -2876.601807
v -1374.832031 199.751999 -2876.601807
v -1312.339844 212.632477 -2814.109619
v -1249.847656 168.303802 -2876.601807
v -1249.847656 183.463135 -2814.109619
v -1187.354980 163.964066 -2814.109619
v -1218.601074 204.111542 -2845.355713
v -1124.862793 186.594086 -2876.601807
v -1187.354980 175.754669 -2876.601807
v -999.877930 164.935059 -2876.601807
v -874.893066 186.772430 -2876.601807
v -749.908691 186.197769 -2876.601807
v -624.923828 175.576324 -2876.601807
v -499.938965 186.574265 -2876.601807
v -437.446777 190.042099 -2814.109619
v -374.954102 186.732803 -2876.601807
v -374.954102 190.359146 -2814.109619
v -312.461914 195.194290 -2814.109619
v -343.708008 177.260696 -2782.863525
v -249.969727 174.446808 -2814.109619
v -281.215820 179.797150 -2845.355713
v -249.969727 148.963272 -2876.601807
v -312.461914 177.320145 -2876.601807
v -281.215820 196.244537 -2876.601807
v -187.477051 192.618195 -2814.109619
v -124.984863 195.491531 -2876.601807
v 0.000000 152.173477 -2876.601807
v -3999.511719 148.408417 -3001.586670
v -3937.019287 164.320770 -2939.094482
v -3874.526855 144.782059 -3001.586670
v -3937.019287 179.698074 -3001.586670
v -3749.542236 159.842316 -3001.586670
v -3687.049805 208.431458 -2939.094482
v -3624.557617 206.707458 -3001.586670
v -3562.065186 199.712357 -2939.094482
v -3530.818848 169.809830 -2907.847900
v -3499.572754 206.330948 -3001.586670
v -3499.572754 205.260880 -2939.094482
v -3499.572754 163.488480 -2907.847900
v -3437.080322 197.492950 -2939.094482
v -3468.326660 203.794479 -2907.847900
v -3374.587891 205.260880 -3001.586670
v -3374.587891 183.621674 -2939.094482
v -3312.095703 209.660049 -2939.094482
v -3343.341797 163.429031 -2907.847900
v -3249.603271 145.971024 -2939.094482
v -3280.849609 141.987991 -2970.340576
v -3249.603271 151.816788 -3001.586670
v -3312.095703 141.869095 -3001.586670
v -3187.110840 151.915863 -2939.094482
v -3124.618652 149.894623 -3001.586670
v -2999.633789 148.963272 -3001.586670
v -2874.648926 188.972015 -3001.586670
v -2749.664307 169.155899 -3001.586670
v -2624.679688 192.340759 -3001.586670
v -2562.187012 177.260696 -2939.094482
v -2530.940918 164.221680 -2907.847900
v -2499.694824 198.047806 -3001.586670
v -2499.694824 176.150986 -2939.094482
v -2437.202637 173.812683 -2939.094482
v -2374.709961 210.868835 -3001.586670
v -2437.202637 156.414124 -3001.586670
v -2312.217773 206.330948 -2939.094482
v -2249.725342 179.717896 -2939.094482
v -2280.971680 198.721558 -2970.340576
v -2249.725342 199.316040 -3001.586670
v -2249.725342 160.139557 -2970.340576
v -2312.217773 216.219193 -3001.586670
v -2187.232910 167.788589 -2939.094482
v -2218.479004 188.674774 -2970.340576
v -2234.102295 157.246399 -2985.963623
v -2124.740723 174.565704 -3001.586670
v -2187.232910 200.267212 -3001.586670
v -2218.479004 170.820450 -3001.586670
v -1999.755737 180.173660 -3001.586670
v -1937.263672 164.915253 -2939.094482
v -1874.770996 163.131790 -3001.586670
v -1937.263672 198.245972 -3001.586670
v -1749.786621 180.867233 -3001.586670
v -1624.801758 233.161987 -3001.586670
v -1499.816895 205.082535 -3001.586670
v -1374.832031 218.478226 -3001.586670
v -1249.847656 189.625961 -3001.586670
v -1187.354980 144.425369 -2939.094482
v -1124.862793 191.369766 -2939.094482
v -1156.108887 194.005325 -2970.340576
v -1124.862793 157.880524 -3001.586670
v -1187.354980 175.933014 -3001.586670
v -1062.370117 168.085831 -2939.094482
v -1093.616699 200.088867 -2970.340576
v -999.877930 168.501968 -3001.586670
v -1062.370117 199.177322 -3001.586670
v -874.893066 205.776093 -3001.586670
v -749.908691 200.980591 -3001.586670
v -624.923828 194.540359 -3001.586670
v -499.938965 194.223297 -3001.586670
v -374.954102 185.365494 -3001.586670
v -312.461914 182.293991 -2939.094482
v -281.215820 181.362625 -2907.847900
v -249.969727 194.144028 -3001.586670
v -249.969727 196.224731 -2939.094482
v -187.477051 166.163666 -2939.094482
v -124.984863 174.526062 -3001.586670
v -62.492188 196.581421 -2939.094482
v 0.000000 188.298279 -3001.586670
v 0.000000 204.369156 -2939.094482
v -3999.511719 176.131180 -3126.571533
v -3937.019287 163.052536 -3064.078857
v -3874.526855 149.716278 -3126.571533
v -3749.542236 206.687637 -3126.571533
v -3624.557617 171.593277 -3126.571533
v -3499.572754 139.075012 -3126.571533
v -3437.080322 141.908722 -3064.078857
v -3374.587891 151.460098 -3126.571533
v -3374.587891 141.472763 -3064.078857
v -3312.095703 154.194717 -3064.078857
v -3343.341797 140.541412 -3032.832764
v -3249.603271 141.016998 -3126.571533
v -3124.618652 145.435989 -3126.571533
v -2999.633789 157.959793 -3126.571533
v -2874.648926 154.610855 -3126.571533
v -2749.664307 192.162415 -3126.571533
v -2624.679688 171.256409 -3126.571533
v -2499.694824 184.136887 -3126.571533
v -2437.202637 178.984695 -3064.078857
v -2405.956299 153.302994 -3032.832764
v -2374.709961 162.438232 -3126.571533
v -2374.709961 153.857849 -3064.078857
v -2312.217773 206.073334 -3064.078857
v -2343.463867 202.962204 -3095.325439
v -2249.725342 208.391830 -3126.571533
v -2249.725342 227.692734 -3064.078857
v -2312.217773 211.582214 -3126.571533
v -2343.463867 150.984512 -3126.571533
v -2187.232910 200.128494 -3064.078857
v -2218.479004 195.927475 -3032.832764
v -2124.740723 219.290695 -3126.571533
v -1999.755737 180.470901 -3126.571533
v -1937.263672 160.139557 -3064.078857
v -1906.017090 195.828400 -3032.832764
v -1874.770996 156.810455 -3126.571533
v -1874.770996 189.209808 -3064.078857
v -1937.263672 175.576324 -3126.571533
v -1812.278809 156.156525 -3064.078857
v -1843.524902 195.669876 -3095.325439
v -1749.786621 152.252747 -3126.571533
v -1812.278809 189.705215 -3126.571533
v -1624.801758 207.202850 -3126.571533
v -1562.309082 233.776276 -3064.078857
v -1499.816895 200.544632 -3064.078857
v -1531.062988 230.189560 -3095.325439
v -1499.816895 193.073959 -3126.571533
v -1499.816895 231.953201 -3095.325439
v -1562.309082 189.962830 -3126.571533
v -1437.324707 207.757706 -3064.078857
v -1468.570801 231.358719 -3095.325439
v -1374.832031 183.245163 -3126.571533
v -1374.832031 218.299881 -3064.078857
v -1437.324707 211.225525 -3126.571533
v -1312.339844 197.413696 -3064.078857
v -1343.585938 225.453506 -3095.325439
v -1249.847656 190.141174 -3064.078857
v -1281.093750 224.680679 -3095.325439
v -1249.847656 183.780197 -3126.571533
v -1249.847656 223.610611 -3095.325439
v -1312.339844 181.105026 -3126.571533
v -1312.339844 226.087631 -3095.325439
v -1187.354980 207.599182 -3064.078857
v -1218.601074 219.924805 -3095.325439
v -1124.862793 214.614090 -3126.571533
v -1124.862793 181.303177 -3064.078857
v -1187.354980 221.708267 -3126.571533
v -1062.370117 178.707275 -3064.078857
v -1093.616699 164.954880 -3032.832764
v -1031.124023 198.761185 -3032.832764
v -1062.370117 155.581848 -3032.832764
v -1046.747070 155.046814 -3048.455811
v -1031.124023 189.606140 -3095.325439
v -999.877930 186.851700 -3064.078857
v -1031.124023 162.755295 -3064.078857
v -999.877930 193.509918 -3126.571533
v -1062.370117 203.279266 -3126.571533
v -937.385742 200.584274 -3064.078857
v -874.893066 192.420029 -3126.571533
v -749.908691 181.303177 -3126.571533
v -624.923828 176.547318 -3126.571533
v -499.938965 167.253555 -3126.571533
v -374.954102 202.684784 -3126.571533
v -312.461914 157.583282 -3064.078857
v -249.969727 178.647827 -3126.571533
v -249.969727 148.448044 -3064.078857
v -187.477051 170.186340 -3064.078857
v -124.984863 178.469482 -3126.571533
v 0.000000 195.610428 -3126.571533
v -3999.511719 163.429031 -3251.555908
v -3874.526855 150.152237 -3251.555908
v -3749.542236 179.539551 -3251.555908
v -3624.557617 152.351822 -3251.555908
v -3499.572754 141.195343 -3251.555908
v -3374.587891 153.421890 -3251.555908
v -3249.603271 147.873383 -3251.555908
v -3124.618652 153.659683 -3251.555908
v -2999.633789 149.002899 -3251.555908
v -2937.141602 148.963272 -3189.063721
v -2874.648926 160.357544 -3189.063721
v -2905.895264 147.536499 -3220.309814
v -2874.648926 152.133850 -3251.555908
v -2937.141602 155.324249 -3251.555908
v -2905.895264 188.357727 -3251.555908
v -2812.156738 152.391449 -3189.063721
v -2749.664307 167.689499 -3251.555908
v -2624.679688 191.349960 -3251.555908
v -2499.694824 173.218201 -3251.555908
v -2437.202637 189.388168 -3189.063721
v -2374.709961 189.863754 -3251.555908
v -2374.709961 179.579178 -3189.063721
v -2312.217773 151.816788 -3189.063721
v -2343.463867 151.559174 -3157.817627
v -2249.725342 152.450897 -3251.555908
v -2187.232910 207.579361 -3189.063721
v -2124.740723 212.890091 -3251.555908
v -2187.232910 172.722794 -3251.555908
v -2062.248047 228.406113 -3189.063721
v -1999.755737 212.434311 -3251.555908
v -1999.755737 208.669250 -3189.063721
v -1937.263672 198.701736 -3189.063721
v -1968.509644 183.027191 -3157.817627
v -1906.017090 193.351379 -3157.817627
v -1937.263672 163.032715 -3157.817627
v -1921.640625 177.498489 -3173.440674
v -1906.017090 211.958725 -3220.309814
v -1874.770996 184.572845 -3189.063721
v -1906.017090 194.599808 -3189.063721
v -1874.770996 223.551163 -3251.555908
v -1874.770996 177.458847 -3157.817627
v -1890.394043 184.810638 -3173.440674
v -1906.017090 160.337723 -3173.440674
v -1937.263672 211.998367 -3251.555908
v -1812.278809 169.908905 -3189.063721
v -1843.524902 161.605957 -3157.817627
v -1749.786621 171.593277 -3251.555908
v -1624.801758 187.386734 -3251.555908
v -1562.309082 163.567749 -3189.063721
v -1499.816895 150.825989 -3251.555908
v -1562.309082 160.496246 -3251.555908
v -1437.324707 175.477234 -3189.063721
v -1374.832031 157.385117 -3251.555908
v -1312.339844 200.425735 -3189.063721
v -1249.847656 154.789200 -3251.555908
v -1187.354980 190.914001 -3189.063721
v -1124.862793 159.445999 -3251.555908
v -1062.370117 220.975067 -3189.063721
v -999.877930 216.932571 -3251.555908
v -874.893066 218.002640 -3251.555908
v -749.908691 175.199814 -3251.555908
v -687.416016 207.995499 -3189.063721
v -624.923828 214.673538 -3251.555908
v -687.416016 215.604889 -3251.555908
v -499.938965 194.679062 -3251.555908
v -437.446777 203.199997 -3189.063721
v -374.954102 153.838028 -3251.555908
v -374.954102 199.236771 -3189.063721
v -312.461914 179.024323 -3189.063721
v -343.708008 200.703171 -3220.309814
v -249.969727 203.398163 -3251.555908
v -312.461914 202.110107 -3251.555908
v -124.984863 203.953018 -3251.555908
v 0.000000 183.780197 -3251.555908
v -3999.511719 180.391647 -3376.540771
v -3874.526855 154.194717 -3376.540771
v -3749.542236 142.641922 -3376.540771
v -3624.557617 147.774292 -3376.540771
v -3499.572754 143.295853 -3376.540771
v -3374.587891 150.053146 -3376.540771
v -3249.603271 143.672363 -3376.540771
v -3124.618652 147.714844 -3376.540771
v -2999.633789 159.128937 -3376.540771
v -2937.141602 149.022720 -3314.048584
v -2905.895264 186.831879 -3282.802490
v -2874.648926 152.034760 -3376.540771
v -2874.648926 154.828842 -3314.048584
v -2812.156738 163.389404 -3314.048584
v -2749.664307 157.266220 -3376.540771
v -2624.679688 158.613724 -3376.540771
v -2499.694824 193.569366 -3376.540771
v -2374.709961 174.545883 -3376.540771
v -2249.725342 195.669876 -3376.540771
v -2187.232910 158.831696 -3314.048584
v -2155.986816 152.332001 -3282.802490
v -2124.740723 170.364685 -3376.540771
v -2124.740723 153.798401 -3314.048584
v -2062.248047 211.106628 -3314.048584
v -2093.494385 153.501160 -3345.294678
v -1999.755737 148.626389 -3376.540771
v -2062.248047 154.650497 -3376.540771
v -1937.263672 208.332382 -3314.048584
v -1874.770996 210.908478 -3376.540771
v -1812.278809 210.254547 -3314.048584
v -1749.786621 204.289886 -3376.540771
v -1749.786621 205.657196 -3314.048584
v -1687.293945 171.751816 -3314.048584
v -1718.540039 221.787521 -3345.294678
v -1624.801758 169.710754 -3376.540771
v -1687.293945 218.161179 -3376.540771
v -1562.309082 154.987366 -3314.048584
v -1531.062988 191.013077 -3282.802490
v -1499.816895 161.605957 -3376.540771
v -1499.816895 185.088058 -3314.048584
v -1437.324707 159.862137 -3314.048584
v -1374.832031 145.535080 -3376.540771
v -1437.324707 165.549362 -3376.540771
v -1249.847656 156.255600 -3376.540771
v -1124.862793 153.124649 -3376.540771
v -999.877930 139.768585 -3376.540771
v -874.893066 174.268463 -3376.540771
v -812.400879 216.437164 -3314.048584
v -749.908691 170.424133 -3376.540771
v -749.908691 217.328903 -3314.048584
v -687.416016 212.156891 -3314.048584
v -656.169922 208.926865 -3282.802490
v -656.169922 168.244354 -3345.294678
v -624.923828 206.231873 -3314.048584
v -656.169922 173.020035 -3314.048584
v -624.923828 215.921951 -3376.540771
v -624.923828 174.327911 -3345.294678
v -687.416016 168.402878 -3376.540771
v -562.431152 215.149124 -3314.048584
v -593.677734 205.934631 -3345.294678
v -499.938965 212.394684 -3376.540771
v -562.431152 207.500107 -3376.540771
v -374.954102 203.477432 -3376.540771
v -312.461914 185.286224 -3314.048584
v -249.969727 207.242493 -3376.540771
v -124.984863 186.712982 -3376.540771
v 0.000000 184.057617 -3376.540771
v -3999.511719 147.952637 -3501.525635
v -3874.526855 154.174911 -3501.525635
v -3749.542236 144.980225 -3501.525635
v -3624.557617 142.443756 -3501.525635
v -3499.572754 182.650681 -3501.525635
v -3374.587891 147.932831 -3501.525635
v -3249.603271 150.707092 -3501.525635
v -3124.618652 142.681549 -3501.525635
v -2999.633789 158.039047 -3501.525635
v -2874.648926 149.637009 -3501.525635
v -2749.664307 155.898911 -3501.525635
v -2624.679688 157.702179 -3501.525635
v -2499.694824 160.952026 -3501.525635
v -2374.709961 195.293365 -3501.525635
v -2249.725342 177.320145 -3501.525635
v -2124.740723 188.258636 -3501.525635
v -2062.248047 198.166702 -3439.033447
v -1999.755737 196.660675 -3501.525635
v -1937.263672 152.510345 -3439.033447
v -1874.770996 186.831879 -3501.525635
v -1874.770996 149.319962 -3439.033447
v -1812.278809 169.730560 -3439.033447
v -1749.786621 187.862320 -3501.525635
v -1687.293945 208.391830 -3439.033447
v -1656.047852 222.124405 -3407.786865
v -1624.801758 201.158936 -3501.525635
v -1624.801758 212.513580 -3439.033447
v -1562.309082 159.763062 -3439.033447
v -1593.555664 220.796722 -3470.279541
v -1499.816895 176.864365 -3501.525635
v -1562.309082 215.010406 -3501.525635
v -1437.324707 153.620056 -3439.033447
v -1406.078125 186.930954 -3407.786865
v -1374.832031 159.267654 -3501.525635
v -1374.832031 171.117691 -3439.033447
v -1312.339844 167.966934 -3439.033447
v -1249.847656 153.144470 -3501.525635
v -1124.862793 171.236588 -3501.525635
v -999.877930 180.233109 -3501.525635
v -874.893066 148.586761 -3501.525635
v -749.908691 163.528122 -3501.525635
v -687.416016 167.174286 -3439.033447
v -624.923828 188.813492 -3501.525635
v -624.923828 169.354065 -3439.033447
v -562.431152 169.651306 -3439.033447
v -499.938965 162.517502 -3501.525635
v -374.954102 164.895432 -3501.525635
v -249.969727 183.264984 -3501.525635
v -187.477051 217.071289 -3439.033447
v -124.984863 167.867844 -3501.525635
v -124.984863 215.446365 -3439.033447
v -62.492188 209.838409 -3439.033447
v 0.000000 170.325043 -3501.525635
v 0.000000 211.879456 -3439.033447
v -62.492188 203.675583 -3501.525635
v -3999.511719 161.011475 -3626.510498
v -3874.526855 173.872131 -3626.510498
v -3749.542236 166.124023 -3626.510498
v -3624.557617 163.884811 -3626.510498
v -3499.572754 180.470901 -3626.510498
v -3374.587891 147.219452 -3626.510498
v -3249.603271 148.230072 -3626.510498
v -3124.618652 156.057434 -3626.510498
v -2999.633789 147.140182 -3626.510498
v -2937.141602 187.565079 -3564.017822
v -2874.648926 215.921951 -3626.510498
v -2812.156738 190.022278 -3564.017822
v -2749.664307 151.876236 -3626.510498
v -2812.156738 215.604889 -3626.510498
v -2624.679688 153.342636 -3626.510498
v -2499.694824 160.218826 -3626.510498
v -2374.709961 170.761002 -3626.510498
v -2249.725342 198.662109 -3626.510498
v -2124.740723 200.187943 -3626.510498
v -1999.755737 163.191238 -3626.510498
v -1874.770996 188.555878 -3626.510498
v -1749.786621 180.906860 -3626.510498
v -1687.293945 152.133850 -3564.017822
v -1624.801758 196.621048 -3564.017822
v -1656.047852 155.106262 -3595.264404
v -1624.801758 172.247208 -3626.510498
v -1624.801758 147.358154 -3595.264404
v -1687.293945 189.011658 -3626.510498
v -1562.309082 202.189377 -3564.017822
v -1593.555664 146.307907 -3595.264404
v -1499.816895 192.657822 -3626.510498
v -1562.309082 148.368774 -3626.510498
v -1374.832031 203.873749 -3626.510498
v -1312.339844 174.327911 -3564.017822
v -1249.847656 156.037628 -3564.017822
v -1281.093750 171.058243 -3595.264404
v -1249.847656 145.971024 -3626.510498
v -1249.847656 184.493576 -3595.264404
v -1312.339844 197.215530 -3626.510498
v -1187.354980 157.583282 -3564.017822
v -1218.601074 151.024139 -3595.264404
v -1234.224121 184.870087 -3610.887451
v -1124.862793 181.679688 -3626.510498
v -1187.354980 184.077438 -3626.510498
v -1218.601074 185.424942 -3626.510498
v -1062.370117 157.543655 -3564.017822
v -999.877930 182.789398 -3626.510498
v -999.877930 138.520172 -3564.017822
v -1062.370117 182.611053 -3626.510498
v -937.385742 149.597382 -3564.017822
v -874.893066 153.263367 -3626.510498
v -937.385742 154.769394 -3626.510498
v -812.400879 148.448044 -3564.017822
v -749.908691 134.259705 -3626.510498
v -812.400879 173.059677 -3626.510498
v -687.416016 150.132416 -3564.017822
v -624.923828 137.093414 -3626.510498
v -687.416016 136.677261 -3626.510498
v -562.431152 154.571228 -3564.017822
v -499.938965 153.738953 -3626.510498
v -562.431152 143.890335 -3626.510498
v -374.954102 152.014954 -3626.510498
v -312.461914 145.574707 -3564.017822
v -249.969727 130.237030 -3626.510498
v -312.461914 153.302994 -3626.510498
v -124.984863 152.510345 -3626.510498
v -62.492188 168.422699 -3564.017822
v 0.000000 152.926498 -3626.510498
v -3999.511719 171.692368 -3751.494873
v -3874.526855 152.173477 -3751.494873
v -3749.542236 182.591232 -3751.494873
v -3624.557617 174.466614 -3751.494873
v -3499.572754 181.105026 -3751.494873
v -3374.587891 146.743866 -3751.494873
v -3249.603271 143.870529 -3751.494873
v -3124.618652 149.716278 -3751.494873
v -2999.633789 154.927917 -3751.494873
v -2874.648926 171.236588 -3751.494873
v -2812.156738 216.774048 -3689.002686
v -2780.910645 217.844116 -3657.756592
v -2749.664307 193.351379 -3751.494873
v -2749.664307 216.100296 -3689.002686
v -2812.156738 216.833496 -3751.494873
v -2687.171875 195.986923 -3689.002686
v -2624.679688 214.336670 -3751.494873
v -2499.694824 220.638184 -3751.494873
v -2374.709961 163.627197 -3751.494873
v -2249.725342 166.797775 -3751.494873
v -2124.740723 165.153046 -3751.494873
v -2062.248047 182.571411 -3689.002686
v -1999.755737 161.744659 -3751.494873
v -1999.755737 196.343628 -3689.002686
v -1937.263672 192.162415 -3689.002686
v -1874.770996 182.987549 -3751.494873
v -1749.786621 198.404495 -3751.494873
v -1687.293945 185.345673 -3689.002686
v -1624.801758 156.869904 -3751.494873
v -1562.309082 192.519104 -3689.002686
v -1531.062988 158.831696 -3657.756592
v -1499.816895 191.131973 -3751.494873
v -1499.816895 174.387360 -3689.002686
v -1437.324707 151.361023 -3689.002686
v -1374.832031 203.001846 -3751.494873
v -1437.324707 143.692169 -3751.494873
v -1312.339844 200.148315 -3689.002686
v -1249.847656 202.288452 -3751.494873
v -1249.847656 195.471710 -3689.002686
v -1187.354980 164.756714 -3689.002686
v -1218.601074 149.676651 -3657.756592
v -1124.862793 215.228394 -3751.494873
v -1124.862793 142.463577 -3689.002686
v -1062.370117 183.126266 -3689.002686
v -1031.124023 142.285233 -3657.756592
v -999.877930 208.054947 -3751.494873
v -999.877930 181.917480 -3689.002686
v -999.877930 145.257645 -3657.756592
v -937.385742 152.133850 -3689.002686
v -968.631836 165.747528 -3657.756592
v -906.139160 152.966125 -3657.756592
v -906.139160 174.823303 -3689.002686
v -906.139160 138.678696 -3720.248779
v -890.516113 178.330765 -3704.625732
v -874.893066 150.825989 -3689.002686
v -874.893066 176.091537 -3720.248779
v -890.516113 159.247833 -3735.871826
v -874.893066 179.063965 -3751.494873
v -874.893066 143.870529 -3735.871826
v -937.385742 203.239639 -3751.494873
v -906.139160 182.472336 -3751.494873
v -812.400879 140.343246 -3689.002686
v -843.646973 177.914627 -3720.248779
v -859.270020 154.075821 -3735.871826
v -781.154785 174.545883 -3657.756592
v -749.908691 174.129745 -3751.494873
v -749.908691 142.820267 -3689.002686
v -749.908691 175.715042 -3657.756592
v -812.400879 179.044144 -3751.494873
v -843.646973 151.420471 -3751.494873
v -687.416016 147.853561 -3689.002686
v -718.662109 175.734848 -3657.756592
v -656.169922 175.536682 -3657.756592
v -687.416016 176.131180 -3657.756592
v -624.923828 165.172852 -3751.494873
v -624.923828 139.471344 -3689.002686
v -624.923828 175.596130 -3657.756592
v -687.416016 178.152420 -3751.494873
v -562.431152 164.756714 -3689.002686
v -593.677734 175.259262 -3657.756592
v -499.938965 151.341202 -3751.494873
v -562.431152 132.357346 -3751.494873
v -374.954102 138.698517 -3751.494873
v -312.461914 151.876236 -3689.002686
v -281.215820 175.516876 -3657.756592
v -249.969727 135.270325 -3751.494873
v -249.969727 158.514633 -3689.002686
v -187.477051 151.836609 -3689.002686
v -124.984863 171.296036 -3751.494873
v 0.000000 171.474380 -3751.494873
v -3999.511719 170.642105 -3813.987549
v -3999.511719 153.164291 -3876.479736
v -3937.019287 164.796356 -3813.987549
v -3874.526855 161.090729 -3876.479736
v -3749.542236 171.375305 -3876.479736
v -3624.557617 170.404312 -3876.479736
v -3499.572754 144.682983 -3876.479736
v -3374.587891 150.964691 -3876.479736
v -3249.603271 141.234970 -3876.479736
v -3124.618652 143.097687 -3876.479736
v -2999.633789 147.358154 -3876.479736
v -2874.648926 155.225159 -3876.479736
v -2812.156738 213.979965 -3813.987549
v -2749.664307 197.136261 -3876.479736
v -2624.679688 196.621048 -3876.479736
v -2499.694824 221.529922 -3876.479736
v -2374.709961 158.990219 -3876.479736
v -2249.725342 156.850082 -3876.479736
v -2124.740723 169.294617 -3876.479736
v -1999.755737 167.788589 -3876.479736
v -1874.770996 165.727707 -3876.479736
v -1749.786621 166.242920 -3876.479736
v -1624.801758 179.935867 -3876.479736
v -1499.816895 180.550171 -3876.479736
v -1437.324707 150.687271 -3813.987549
v -1406.078125 139.392075 -3782.741455
v -1374.832031 140.541412 -3876.479736
v -1374.832031 186.812057 -3813.987549
v -1312.339844 200.088867 -3813.987549
v -1249.847656 198.127075 -3876.479736
v -1124.862793 194.461090 -3876.479736
v -999.877930 197.770386 -3876.479736
v -937.385742 191.013077 -3813.987549
v -906.139160 210.155457 -3782.741455
v -874.893066 189.150360 -3876.479736
v -874.893066 204.725845 -3813.987549
v -812.400879 208.312561 -3813.987549
v -843.646973 192.657822 -3782.741455
v -749.908691 193.529724 -3876.479736
v -687.416016 205.141983 -3813.987549
v -656.169922 177.914627 -3782.741455
v -624.923828 187.327286 -3876.479736
v -624.923828 188.020844 -3813.987549
v -624.923828 152.807587 -3782.741455
v -593.677734 162.636398 -3813.987549
v -593.677734 172.029236 -3782.741455
v -609.300781 145.812500 -3798.364502
v -562.431152 177.538116 -3813.987549
v -593.677734 209.521347 -3845.233643
v -499.938965 208.272934 -3876.479736
v -562.431152 195.927475 -3876.479736
v -374.954102 167.729141 -3876.479736
v -312.461914 140.244171 -3813.987549
v -249.969727 146.862762 -3876.479736
v -312.461914 177.320145 -3876.479736
v -187.477051 140.541412 -3813.987549
v -124.984863 140.600861 -3876.479736
v -187.477051 152.966125 -3876.479736
v 0.000000 140.838654 -3876.479736
v -3999.511719 129.384933 -4001.464600
v -3874.526855 160.397171 -4001.464600
v -3749.542236 173.317276 -4001.464600
v -3624.557617 175.100739 -4001.464600
v -3499.572754 162.259888 -4001.464600
v -3437.080322 172.385925 -3938.972412
v -3374.587891 173.693787 -4001.464600
v -3437.080322 150.508926 -4001.464600
v -3312.095703 166.698700 -3938.972412
v -3249.603271 177.934448 -4001.464600
v -3312.095703 181.699509 -4001.464600
v -3124.618652 167.887665 -4001.464600
v -2999.633789 146.050293 -4001.464600
v -2874.648926 151.083588 -4001.464600
v -2749.664307 191.964264 -4001.464600
v -2624.679688 218.874557 -4001.464600
v -2499.694824 191.369766 -4001.464600
v -2437.202637 221.846970 -3938.972412
v -2374.709961 199.553833 -4001.464600
v -2249.725342 156.136703 -4001.464600
v -2124.740723 202.347900 -4001.464600
v -1999.755737 218.993454 -4001.464600
v -1937.263672 153.144470 -3938.972412
v -1874.770996 216.397537 -4001.464600
v -1812.278809 153.501160 -3938.972412
v -1749.786621 153.778580 -4001.464600
v -1812.278809 199.514206 -4001.464600
v -1624.801758 156.572662 -4001.464600
v -1499.816895 164.816162 -4001.464600
v -1437.324707 187.446182 -3938.972412
v -1374.832031 184.969162 -4001.464600
v -1312.339844 139.075012 -3938.972412
v -1249.847656 142.958984 -4001.464600
v -1249.847656 140.818832 -3938.972412
v -1187.354980 199.117874 -3938.972412
v -1218.601074 134.299332 -3970.218506
v -1124.862793 136.241318 -4001.464600
v -1124.862793 199.771805 -3938.972412
v -1187.354980 136.102600 -4001.464600
v -1062.370117 193.014511 -3938.972412
v -1093.616699 198.543213 -3970.218506
v -999.877930 194.857407 -4001.464600
v -1062.370117 197.215530 -4001.464600
v -874.893066 198.087433 -4001.464600
v -812.400879 190.359146 -3938.972412
v -749.908691 192.558746 -3938.972412
v -781.154785 196.878662 -3970.218506
v -749.908691 131.624161 -4001.464600
v -812.400879 188.476624 -4001.464600
v -687.416016 196.343628 -3938.972412
v -624.923828 136.221497 -4001.464600
v -624.923828 195.352814 -3938.972412
v -562.431152 192.281311 -3938.972412
v -593.677734 170.344864 -3970.218506
v -499.938965 191.924622 -3938.972412
v -531.185059 196.581421 -3970.218506
v -499.938965 149.220871 -4001.464600
v -562.431152 130.137939 -4001.464600
v -562.431152 196.145462 -3970.218506
v -437.446777 188.714417 -3938.972412
v -374.954102 192.717270 -4001.464600
v -374.954102 205.538300 -3938.972412
v -312.461914 180.490723 -3938.972412
v -343.708008 179.836792 -3907.725830
v -281.215820 172.286850 -3907.725830
v -312.461914 142.245605 -3907.725830
v -249.969727 210.809387 -4001.464600
v -249.969727 139.847855 -3938.972412
v -249.969727 179.737701 -3907.725830
v -187.477051 151.935684 -3938.972412
v -218.723145 169.809830 -3907.725830
v -124.984863 151.440277 -3938.972412
v -156.230957 179.321564 -3970.218506
v -124.984863 166.559982 -4001.464600
v -187.477051 178.707275 -4001.464600
v -156.230957 140.937729 -4001.464600
v -62.492188 154.333435 -3938.972412
v 0.000000 154.155090 -4001.464600
v -62.492188 166.718521 -4001.464600
vn -0.033 0.991 -0.131
vn 0.168 0.982 0.083
vn 0.000 0.999 -0.039
vn -0.182 0.913 -0.364
vn -0.073 0.985 -0.158
vn -0.102 0.995 -0.012
vn 0.037 0.999 0.016
vn 0.102 0.994 0.043
vn 0.008 0.994 0.112
vn -0.052 0.999 0.017
vn -0.019 0.999 -0.039
vn 0.043 0.996 0.079
vn 0.015 0.987 0.160
vn -0.011 0.992 0.128
vn -0.034 0.988 0.153
vn 0.024 1.000 0.011
vn 0.110 0.994 -0.006
vn 0.110 0.988 0.109
vn -0.163 0.987 -0.000
vn -0.234 0.963 -0.137
vn -0.112 0.990 0.089
vn 0.134 0.983 -0.127
vn 0.121 0.980 -0.158
vn -0.062 0.996 0.057
vn 0.113 0.990 0.086
vn 0.042 0.986 0.160
vn 0.113 0.991 0.074
vn -0.027 0.994 0.103
vn 0.015 0.998 0.062
vn 0.152 0.986 -0.073
vn 0.128 0.991 -0.029
vn 0.004 0.992 -0.128
vn -0.023 0.944 -0.329
vn -0.315 0.868 -0.383
vn -0.228 0.878 -0.420
vn -0.122 0.870 -0.478
vn 0.164 0.949 0.268
vn -0.205 0.972 -0.117
vn -0.011 1.000 -0.018
vn 0.074 0.996 -0.038
vn -0.049 0.999 -0.018
vn 0.148 0.989 0.013
vn 0.184 0.951 0.247
vn 0.089 0.977 -0.192
vn -0.092 0.992 -0.082
vn -0.028 0.973 -0.228
vn -0.121 0.987 -0.104
vn -0.247 0.963 -0.105
vn 0.065 0.997 0.038
vn 0.067 0.998 -0.008
vn 0.055 0.998 -0.018
vn -0.045 0.999 0.005
vn -0.084 0.996 0.027
vn 0.074 0.997 -0.012
vn 0.009 0.999 -0.044
vn -0.019 0.999 -0.037
vn -0.030 1.000 -0.001
vn 0.064 0.998 -0.014
vn 0.059 0.997 -0.049
vn -0.016 1.000 0.027
vn -0.012 0.997 -0.082
vn 0.061 0.994 0.086
vn 0.011 0.996 0.094
vn -0.104 0.994 0.045
vn -0.020 0.999 -0.038
vn 0.111 0.985 0.130
vn 0.197 0.972 -0.129
vn -0.093 0.968 0.233
vn 0.214 0.945 0.247
vn 0.023 0.997 0.080
vn -0.039 0.989 0.142
vn 0.096 0.974 0.207
vn 0.143 0.977 0.156
vn 0.004 0.997 0.083
vn 0.103 0.994 0.021
vn 0.099 0.992 0.072
vn 0.130 0.990 0.058
vn 0.141 0.986 0.094
vn -0.080 0.984 -0.160
vn 0.033 0.999 0.013
vn 0.083 0.987 -0.139
vn -0.242 0.960 -0.141
vn -0.010 0.942 -0.335
vn -0.249 0.952 -0.179
vn -0.131 0.985 -0.113
vn -0.045 0.999 0.003
vn 0.230 0.937 0.263
vn 0.439 0.794 0.421
vn 0.397 0.895 0.202
vn -0.184 0.953 -0.241
vn 0.058 0.981 -0.183
vn -0.223 0.940 0.259
vn 0.356 0.932 0.071
vn 0.251 0.968 0.001
vn 0.015 0.995 -0.097
vn 0.222 0.929 0.297
vn 0.324 0.889 0.323
vn 0.087 0.996 0.030
vn 0.016 0.999 0.049
vn 0.294 0.928 0.228
vn -0.147 0.987 0.063
vn -0.120 0.992 0.043
vn -0.370 0.929 0.023
vn -0.123 0.991 0.056
vn 0.199 0.979 0.036
vn -0.141 0.989 0.039
vn 0.029 0.993 0.111
vn 0.033 0.988 0.153
vn 0.006 0.996 0.088
vn -0.071 0.997 0.009
vn 0.032 0.999 0.005
vn -0.009 0.963 0.269
vn 0.053 0.987 0.149
vn 0.169 0.965 0.200
vn 0.242 0.966 -0.095
vn 0.093 0.995 0.021
vn -0.002 0.999 -0.043
vn -0.040 0.999 0.035
vn -0.020 0.988 -0.151
vn 0.068 0.997 0.019
vn 0.043 0.999 -0.007
vn -0.064 0.997 -0.034
vn -0.026 0.999 -0.019
vn -0.085 0.996 -0.015
vn 0.018 0.999 0.044
vn -0.106 0.994 -0.012
vn 0.203 0.913 0.354
vn 0.086 0.907 0.412
vn -0.011 0.952 0.307
vn -0.330 0.842 0.426
vn 0.017 0.784 0.621
vn 0.044 0.998 -0.052
vn -0.143 0.986 -0.091
vn 0.109 0.975 0.196
vn 0.021 1.000 0.008
vn -0.081 0.992 0.102
vn 0.060 0.996 0.070
vn 0.200 0.928 0.313
vn 0.133 0.989 0.071
vn 0.066 0.997 0.043
vn 0.108 0.993 0.054
vn 0.134 0.991 0.008
vn 0.030 0.995 0.090
vn 0.020 0.969 0.247
vn 0.011 0.984 0.178
vn -0.065 0.962 0.265
vn -0.199 0.980 0.020
vn -0.018 0.996 -0.086
vn 0.194 0.981 0.004
vn 0.364 0.932 -0.006
vn 0.335 0.941 -0.049
vn 0.293 0.939 0.180
vn 0.190 0.971 -0.142
vn 0.444 0.860 0.251
vn -0.194 0.867 -0.459
vn -0.139 0.988 0.060
vn 0.066 0.996 0.060
vn 0.428 0.795 0.430
vn 0.176 0.969 0.176
vn -0.375 0.865 -0.332
vn -0.010 1.000 0.008
vn 0.200 0.975 -0.097
vn 0.019 0.998 0.052
vn -0.080 0.995 0.058
vn -0.184 0.982 0.046
vn -0.198 0.978 -0.063
vn -0.191 0.980 -0.056
vn -0.083 0.995 -0.054
vn -0.055 0.995 0.087
vn 0.062 0.990 0.130
vn 0.065 0.994 0.089
vn 0.015 0.996 0.091
vn -0.016 0.999 0.049
vn 0.110 0.992 -0.062
vn 0.010 0.996 0.094
vn 0.004 0.994 0.111
vn 0.071 0.994 0.080
vn 0.015 0.984 0.178
vn -0.032 0.999 -0.039
vn -0.106 0.994 0.017
vn 0.090 0.996 0.017
vn 0.120 0.988 -0.096
vn -0.132 0.991 -0.023
vn -0.111 0.992 0.052
vn -0.011 1.000 0.022
vn -0.055 0.998 0.014
vn -0.177 0.981 -0.075
vn 0.016 1.000 0.025
vn -0.160 0.984 0.082
vn -0.181 0.983 0.036
vn 0.153 0.986 -0.068
vn -0.070 0.989 -0.130
vn -0.208 0.977 -0.043
vn 0.023 0.999 0.028
vn 0.338 0.934 -0.119
vn 0.236 0.972 -0.026
vn 0.098 0.995 -0.008
vn 0.390 0.921 -0.016
vn 0.120 0.985 0.124
vn 0.098 0.989 0.112
vn 0.143 0.986 0.082
vn 0.105 0.990 0.098
vn 0.004 0.996 0.093
vn -0.201 0.978 0.065
vn -0.084 0.973 0.215
vn 0.015 0.975 0.223
vn -0.041 0.982 0.184
vn -0.053 0.985 0.163
vn -0.042 0.998 0.039
vn 0.308 0.946 0.099
vn -0.103 0.995 -0.000
vn -0.285 0.950 -0.126
vn -0.041 0.997 -0.071
vn -0.092 0.968 0.234
vn 0.098 0.994 0.058
vn 0.089 0.993 0.076
vn -0.160 0.985 -0.072
vn 0.004 0.999 -0.032
vn -0.106 0.985 -0.137
vn -0.193 0.977 -0.087
vn -0.107 0.991 -0.080
vn 0.046 0.994 -0.098
vn 0.144 0.989 0.006
vn -0.037 0.999 0.037
vn -0.101 0.992 -0.081
vn -0.145 0.954 -0.261
vn 0.070 0.998 0.011
vn 0.059 0.992 -0.107
vn 0.001 0.990 -0.144
vn -0.023 0.999 -0.044
vn 0.153 0.988 0.001
vn 0.015 0.989 0.150
vn -0.110 0.985 0.131
vn -0.002 0.994 -0.109
vn -0.034 0.991 -0.128
vn -0.083 0.996 -0.030
vn -0.029 0.997 -0.078
vn 0.144 0.990 0.005
vn -0.019 0.998 0.052
vn -0.106 0.994 -0.011
vn 0.023 0.999 0.034
vn -0.100 0.992 -0.077
vn -0.062 0.998 -0.015
vn -0.017 0.994 0.111
vn 0.085 0.985 0.149
vn 0.175 0.953 0.249
vn 0.125 0.964 0.235
vn 0.151 0.979 0.137
vn 0.004 0.992 0.123
vn -0.133 0.987 0.090
vn -0.080 0.996 0.046
vn -0.005 0.994 0.110
vn -0.077 0.996 0.039
vn 0.032 0.987 0.155
vn 0.445 0.860 0.249
vn -0.278 0.961 0.001
vn 0.090 0.968 0.235
vn -0.405 0.911 -0.080
vn -0.134 0.980 0.145
vn 0.183 0.962 0.204
vn 0.312 0.886 0.344
vn 0.061 0.998 -0.027
vn -0.083 0.995 -0.059
vn -0.185 0.982 -0.040
vn 0.000 0.960 0.282
vn 0.268 0.956 0.122
vn 0.034 0.999 0.021
vn 0.062 0.977 0.202
vn -0.016 1.000 -0.006
vn -0.155 0.980 -0.121
vn 0.010 0.970 -0.242
vn -0.182 0.957 -0.226
vn -0.052 0.994 -0.099
vn 0.121 0.993 -0.015
vn -0.281 0.959 0.044
vn -0.199 0.979 -0.038
vn -0.054 0.996 0.067
vn 0.216 0.976 -0.035
vn -0.097 0.946 0.308
vn 0.306 0.912 0.272
vn -0.137 0.990 -0.021
vn -0.183 0.963 -0.196
vn -0.103 0.987 -0.126
vn 0.140 0.990 -0.036
vn -0.053 0.994 0.091
vn 0.078 0.997 -0.011
vn -0.064 0.998 0.024
vn -0.103 0.993 0.065
vn 0.042 0.994 0.098
vn -0.012 0.993 0.116
vn 0.099 0.995 0.016
vn 0.071 0.997 0.009
vn -0.125 0.991 0.048
vn -0.062 0.997 -0.050
vn -0.023 0.992 -0.120
vn -0.037 0.995 -0.093
vn 0.080 0.994 -0.076
vn -0.130 0.991 0.035
vn 0.059 0.986 -0.154
vn -0.110 0.985 -0.131
vn 0.005 0.993 0.117
vn 0.038 0.998 0.046
vn 0.218 0.973 0.070
vn 0.183 0.966 0.182
vn 0.053 0.993 0.107
vn -0.035 0.999 -0.022
vn -0.078 0.996 -0.053
vn 0.027 0.995 -0.093
vn -0.154 0.977 -0.147
vn -0.017 0.999 0.050
vn 0.122 0.968 0.220
vn 0.154 0.968 0.199
vn 0.455 0.831 0.321
vn 0.023 0.995 0.102
vn 0.335 0.941 -0.056
vn -0.285 0.940 -0.185
vn 0.597 0.637 0.488
vn 0.150 0.979 -0.138
vn 0.243 0.930 0.276
vn -0.232 0.953 0.197
vn 0.212 0.929 0.302
vn 0.108 0.842 0.528
vn -0.199 0.953 0.228
vn -0.177 0.980 -0.092
vn -0.183 0.979 0.094
vn -0.075 0.995 0.068
vn 0.022 1.000 0.020
vn 0.098 0.934 0.343
vn 0.105 0.992 0.065
vn 0.009 1.000 -0.018
vn 0.022 0.999 -0.049
vn -0.248 0.969 0.000
vn -0.409 0.911 0.055
vn 0.143 0.990 -0.009
vn -0.090 0.987 0.130
vn 0.398 0.916 0.040
vn -0.659 0.752 -0.006
vn -0.021 1.000 0.022
vn 0.263 0.964 0.022
vn -0.347 0.817 -0.461
vn -0.023 0.995 -0.100
vn -0.021 0.993 0.119
vn -0.170 0.961 -0.219
vn -0.040 0.957 -0.288
vn -0.150 0.989 0.012
vn -0.027 0.999 0.044
vn 0.041 0.995 0.089
vn 0.093 0.990 0.103
vn -0.086 0.992 0.093
vn -0.035 0.998 0.053
vn 0.018 1.000 0.020
vn 0.025 1.000 -0.006
vn 0.027 0.998 0.065
vn 0.012 0.988 0.156
vn 0.044 0.996 0.072
vn 0.134 0.981 -0.142
vn -0.082 0.987 -0.140
vn -0.063 0.988 -0.142
vn -0.092 0.996 -0.015
vn 0.060 0.993 -0.105
vn 0.023 0.994 -0.108
vn -0.123 0.992 -0.011
vn -0.175 0.981 -0.087
vn 0.166 0.986 -0.015
vn 0.241 0.970 0.008
vn 0.111 0.993 0.050
vn 0.104 0.990 0.100
vn 0.048 0.998 0.041
vn 0.163 0.985 0.053
vn -0.007 0.999 0.047
vn -0.051 0.999 -0.001
vn 0.197 0.971 -0.135
vn 0.139 0.953 0.270
vn -0.095 0.973 -0.211
vn -0.210 0.858 -0.468
vn 0.190 0.981 0.026
vn 0.015 0.997 -0.077
vn -0.470 0.687 -0.554
vn -0.320 0.779 -0.538
vn 0.370 0.775 0.512
vn -0.193 0.912 -0.362
vn -0.124 0.986 -0.113
vn -0.133 0.985 -0.111
vn -0.060 0.998 -0.006
vn -0.061 0.901 -0.430
vn -0.088 0.854 -0.512
vn 0.097 0.988 0.123
vn 0.067 0.998 0.008
vn 0.026 0.960 -0.279
vn 0.173 0.951 0.257
vn 0.182 0.975 0.127
vn 0.059 0.996 0.063
vn 0.012 1.000 0.003
vn -0.204 0.979 -0.030
vn -0.439 0.898 -0.039
vn -0.094 0.986 -0.139
vn -0.210 0.977 0.034
vn 0.002 0.998 0.068
vn 0.008 0.965 0.264
vn -0.009 0.995 0.098
vn 0.136 0.991 -0.010
vn 0.039 0.998 0.052
vn -0.062 0.994 0.091
vn 0.027 0.998 -0.061
vn 0.042 0.997 -0.063
vn -0.020 1.000 0.010
vn -0.008 1.000 0.005
vn -0.026 0.999 0.023
vn 0.155 0.988 0.004
vn 0.111 0.989 0.098
vn -0.003 0.997 0.071
vn -0.112 0.993 0.038
vn -0.065 0.997 -0.044
vn 0.111 0.992 0.059
vn -0.060 0.998 0.009
vn -0.001 0.998 -0.057
vn -0.153 0.987 -0.043
vn -0.049 0.998 -0.031
vn 0.131 0.990 0.043
vn 0.027 0.989 0.146
vn 0.062 0.998 -0.020
vn 0.162 0.987 0.006
vn 0.035 0.999 -0.023
vn 0.028 0.999 -0.045
vn 0.159 0.987 0.033
vn 0.006 0.999 -0.033
vn 0.167 0.975 0.149
vn 0.421 0.759 0.497
vn -0.153 0.985 -0.080
vn 0.033 0.993 0.116
vn 0.283 0.865 0.415
vn 0.117 0.987 0.110
vn 0.025 0.995 0.095
vn -0.099 0.953 -0.287
vn 0.213 0.870 -0.445
vn 0.108 0.973 0.202
vn -0.221 0.949 0.223
vn -0.311 0.881 -0.355
vn -0.172 0.972 -0.162
vn -0.356 0.856 -0.375
vn -0.216 0.975 0.056
vn -0.425 0.827 -0.367
vn -0.458 0.866 -0.201
vn 0.265 0.952 -0.155
vn -0.426 0.794 -0.435
vn 0.074 0.986 0.149
vn 0.125 0.983 0.133
vn -0.003 0.978 0.208
vn 0.040 0.992 0.121
vn 0.276 0.960 0.035
vn 0.082 0.969 0.235
vn -0.166 0.986 -0.023
vn -0.219 0.973 -0.070
vn -0.025 0.994 -0.110
vn 0.036 0.997 -0.061
vn -0.015 1.000 0.011
vn 0.101 0.989 -0.103
vn 0.048 0.992 -0.114
vn -0.070 0.997 -0.032
vn -0.056 0.996 0.068
vn 0.038 0.999 0.004
vn -0.002 0.999 -0.037
vn 0.064 0.998 -0.020
vn 0.021 0.996 0.088
vn 0.056 0.996 0.076
vn 0.044 0.997 -0.067
vn -0.073 0.971 -0.228
vn -0.061 0.997 -0.047
vn -0.038 0.999 -0.009
vn 0.012 0.996 0.091
vn -0.126 0.990 -0.060
vn -0.068 0.998 -0.002
vn -0.242 0.969 -0.050
vn -0.124 0.991 0.041
vn 0.316 0.947 -0.060
vn 0.212 0.969 -0.124
vn 0.013 0.967 0.253
vn 0.028 0.995 0.100
vn 0.134 0.991 -0.027
vn 0.224 0.974 -0.033
vn 0.065 0.991 -0.115
vn 0.051 0.999 -0.007
vn -0.156 0.987 -0.050
vn 0.124 0.984 0.129
vn 0.173 0.984 0.045
vn 0.057 0.997 -0.049
vn 0.001 0.999 0.038
vn -0.044 0.998 0.045
vn 0.156 0.988 -0.001
vn 0.398 0.898 0.186
vn -0.112 0.988 0.102
vn -0.002 0.999 -0.046
vn -0.274 0.952 -0.139
vn -0.344 0.921 -0.183
vn -0.166 0.982 -0.088
vn 0.263 0.953 0.149
vn 0.288 0.948 0.134
vn 0.295 0.954 0.048
vn -0.027 0.998 -0.049
vn -0.079 0.994 0.078
vn 0.206 0.976 0.070
vn -0.047 0.995 0.084
vn -0.043 0.998 0.042
vn -0.131 0.986 -0.106
vn 0.015 0.988 -0.156
vn -0.260 0.965 0.028
vn -0.043 0.998 0.048
vn 0.205 0.977 0.060
vn 0.010 0.986 0.165
vn 0.051 0.998 0.023
vn 0.065 0.995 0.081
vn -0.151 0.987 0.050
vn 0.007 0.999 -0.034
vn 0.026 1.000 0.003
vn 0.051 0.999 0.019
vn -0.001 1.000 0.026
vn 0.053 0.999 -0.006
vn 0.087 0.996 -0.024
vn 0.167 0.982 -0.088
vn -0.157 0.987 -0.023
vn -0.108 0.988 -0.108
vn 0.038 0.998 0.050
vn 0.374 0.925 0.060
vn -0.204 0.963 -0.177
vn -0.231 0.952 -0.203
vn -0.044 0.992 -0.122
vn 0.129 0.991 0.046
vn -0.016 0.997 -0.080
vn 0.163 0.972 -0.168
vn -0.395 0.910 -0.127
vn 0.488 0.790 0.371
vn 0.091 0.984 0.154
vn -0.166 0.986 0.024
vn 0.103 0.991 0.084
vn 0.318 0.948 -0.036
vn -0.100 0.995 0.012
vn -0.098 0.994 0.040
vn -0.052 0.999 -0.010
vn 0.129 0.970 0.206
vn 0.441 0.790 0.427
vn 0.327 0.899 0.292
vn -0.467 0.832 -0.299
vn -0.179 0.959 0.222
vn 0.065 0.995 -0.075
vn 0.474 0.871 0.132
vn 0.079 0.924 -0.375
vn 0.226 0.947 -0.229
vn 0.230 0.965 0.129
vn 0.501 0.864 -0.043
vn 0.422 0.900 0.105
vn 0.046 0.997 -0.067
vn 0.235 0.961 -0.144
vn 0.103 0.990 0.094
vn 0.103 0.993 0.062
vn -0.015 1.000 0.016
vn -0.001 0.992 -0.123
vn -0.021 1.000 0.022
vn -0.051 0.996 -0.067
vn -0.039 0.998 -0.038
vn 0.097 0.995 0.020
vn 0.176 0.969 0.172
vn -0.256 0.967 0.003
vn -0.425 0.881 -0.207
vn -0.041 0.995 0.089
vn 0.101 0.988 0.120
vn 0.192 0.975 0.116
vn 0.449 0.882 0.147
vn 0.057 0.966 -0.254
vn 0.056 0.986 0.158
vn -0.018 0.999 -0.029
vn 0.280 0.907 0.313
vn 0.035 0.995 0.089
vn 0.369 0.923 0.112
vn 0.064 0.991 0.120
vn 0.198 0.980 0.022
vn 0.082 0.996 0.036
vn -0.045 0.998 -0.034
vn -0.073 0.996 -0.058
vn -0.238 0.970 -0.038
vn -0.059 0.998 0.017
vn 0.047 0.997 0.062
vn 0.190 0.975 0.116
vn 0.280 0.944 0.176
vn 0.114 0.985 -0.132
vn -0.172 0.962 -0.214
vn -0.016 0.990 -0.137
vn -0.023 1.000 0.011
vn -0.101 0.994 0.030
vn -0.029 0.998 -0.063
vn -0.047 0.998 -0.034
vn -0.042 0.997 0.065
vn 0.063 0.998 0.002
vn 0.035 0.998 -0.044
vn 0.019 1.000 0.014
vn 0.133 0.988 0.079
vn 0.150 0.987 0.063
vn -0.004 0.999 -0.046
vn -0.126 0.968 -0.216
vn -0.080 0.986 -0.143
vn -0.104 0.975 -0.198
vn 0.093 0.995 0.026
vn 0.011 0.993 0.120
vn 0.201 0.978 -0.049
vn -0.110 0.993 -0.032
vn -0.055 0.997 -0.053
vn -0.014 0.993 -0.118
vn 0.200 0.980 -0.004
vn 0.049 0.998 0.048
vn 0.187 0.980 0.067
vn 0.166 0.985 0.041
vn 0.033 0.999 -0.002
vn 0.019 0.999 -0.026
vn -0.084 0.995 -0.056
vn -0.072 0.997 -0.032
vn -0.003 1.000 -0.012
vn 0.082 0.996 0.022
vn 0.320 0.924 0.210
vn -0.124 0.985 -0.118
vn -0.020 0.999 -0.029
vn -0.252 0.952 -0.176
vn -0.334 0.916 -0.221
vn -0.091 0.992 -0.085
vn 0.292 0.943 0.163
vn 0.143 0.987 0.075
vn 0.102 0.995 0.007
vn 0.122 0.991 0.064
vn 0.037 0.999 -0.023
vn -0.105 0.994 -0.022
vn -0.192 0.978 -0.085
vn -0.053 0.999 -0.007
vn 0.161 0.985 0.061
vn 0.084 0.986 0.141
vn 0.029 0.996 0.086
vn 0.032 0.996 0.081
vn -0.117 0.992 0.045
vn 0.052 0.998 -0.034
vn 0.118 0.989 -0.091
vn 0.009 0.997 -0.075
vn -0.117 0.985 -0.129
vn 0.108 0.992 -0.061
vn 0.125 0.989 0.083
vn 0.146 0.989 0.033
vn -0.066 0.998 -0.001
vn -0.125 0.988 -0.086
vn -0.119 0.985 -0.123
vn 0.009 0.978 -0.207
vn -0.034 0.986 -0.162
vn -0.158 0.982 -0.105
vn 0.254 0.957 -0.142
vn 0.058 0.996 -0.074
vn 0.258 0.958 0.125
vn 0.089 0.985 0.148
vn 0.127 0.990 0.064
vn 0.153 0.987 0.042
vn 0.182 0.983 -0.003
vn 0.035 0.999 -0.003
vn 0.041 0.998 -0.057
vn -0.088 0.996 -0.023
vn -0.057 0.998 -0.031
vn -0.006 0.996 -0.088
vn 0.062 0.998 -0.031
vn -0.115 0.993 -0.017
vn -0.048 0.996 0.078
vn 0.125 0.991 0.042
vn 0.156 0.988 0.012
vn 0.041 0.999 0.022
vn 0.004 0.997 -0.074
vn -0.215 0.972 -0.091
vn -0.081 0.992 -0.095
vn 0.108 0.994 -0.008
vn -0.057 0.998 -0.026
vn 0.089 0.977 0.196
vn 0.211 0.961 0.179
vn -0.035 0.998 -0.058
vn -0.074 0.996 0.044
vn 0.131 0.989 -0.068
vn 0.074 0.994 -0.082
vn 0.067 0.995 0.071
vn -0.002 0.993 -0.114
vn 0.027 0.997 -0.076
vn -0.061 0.996 -0.067
vn 0.056 0.998 -0.010
vn 0.202 0.974 0.101
vn 0.009 0.999 0.035
vn -0.036 0.998 -0.042
vn -0.009 0.990 -0.144
vn -0.092 0.996 -0.022
vn -0.067 0.998 -0.007
vn -0.129 0.990 -0.057
vn -0.127 0.987 -0.096
vn 0.050 0.996 0.068
vn 0.077 0.967 0.244
vn 0.287 0.920 0.268
vn 0.057 0.953 0.298
vn 0.491 0.870 -0.054
vn -0.246 0.960 0.131
vn 0.098 0.946 -0.309
vn 0.154 0.986 0.055
vn 0.165 0.986 0.001
vn -0.316 0.937 0.148
vn -0.092 0.995 -0.047
vn -0.038 0.998 -0.050
vn 0.003 0.997 0.072
vn 0.001 0.999 -0.050
vn 0.291 0.955 -0.049
vn 0.193 0.970 0.151
vn -0.039 0.984 -0.172
vn -0.470 0.832 -0.294
vn -0.232 0.958 -0.168
vn -0.193 0.963 -0.188
vn -0.348 0.931 -0.112
vn 0.074 0.987 -0.144
vn 0.130 0.981 0.143
vn 0.139 0.990 0.026
vn 0.001 0.999 0.039
vn -0.179 0.984 0.018
vn -0.320 0.947 -0.011
vn 0.035 0.999 0.039
vn 0.191 0.975 0.109
vn -0.063 0.975 0.211
vn 0.077 0.991 0.113
vn -0.209 0.946 -0.247
vn 0.066 0.990 -0.128
vn -0.072 0.994 0.086
vn 0.041 0.998 -0.048
vn -0.007 0.993 0.119
vn 0.065 0.998 -0.007
vn 0.159 0.986 -0.056
vn -0.082 0.990 0.113
vn 0.044 0.994 0.100
vn 0.083 0.993 0.085
vn 0.011 1.000 0.027
vn 0.013 0.987 -0.163
vn 0.152 0.978 -0.145
vn 0.078 0.993 -0.084
vn 0.018 1.000 0.006
vn 0.015 1.000 0.005
vn -0.090 0.995 0.040
vn -0.120 0.988 0.092
vn 0.014 0.999 0.051
vn -0.105 0.994 0.029
vn -0.100 0.993 -0.064
vn 0.246 0.955 0.167
vn 0.351 0.922 -0.162
vn 0.229 0.971 0.064
vn 0.411 0.897 0.160
vn 0.185 0.969 0.164
vn 0.229 0.972 0.051
vn 0.117 0.983 0.144
vn 0.058 0.998 0.020
vn -0.114 0.993 0.027
vn -0.021 0.999 -0.043
vn -0.145 0.979 -0.141
vn -0.055 0.998 0.010
vn -0.028 0.999 -0.021
vn -0.043 0.997 0.071
vn -0.118 0.976 -0.182
vn 0.252 0.966 -0.048
vn 0.095 0.995 0.023
vn -0.045 0.998 0.037
vn 0.067 0.991 -0.120
vn -0.164 0.974 -0.153
vn -0.113 0.992 -0.060
vn -0.051 0.998 0.024
vn 0.139 0.986 0.092
vn 0.010 0.997 0.070
vn -0.081 0.996 -0.033
vn -0.302 0.953 -0.024
vn -0.143 0.990 0.002
vn -0.008 0.998 0.058
vn 0.089 0.996 0.020
vn 0.043 0.994 -0.096
vn 0.060 0.997 -0.038
vn -0.008 0.990 0.140
vn -0.036 0.996 0.086
vn 0.105 0.993 -0.046
vn -0.020 0.993 0.119
vn 0.154 0.984 0.094
vn 0.151 0.989 -0.005
vn -0.008 1.000 0.003
vn 0.015 1.000 0.005
vn 0.031 0.999 -0.016
vn -0.154 0.988 -0.017
vn -0.115 0.993 -0.021
vn -0.014 1.000 0.025
vn 0.012 0.999 -0.045
vn -0.015 0.992 -0.124
vn 0.066 0.981 -0.182
vn -0.170 0.976 -0.134
vn 0.048 0.998 -0.049
vn 0.394 0.905 0.162
vn -0.065 0.988 0.140
vn 0.344 0.935 0.092
vn 0.257 0.964 0.061
vn 0.092 0.996 0.015
vn 0.038 0.999 -0.021
vn -0.033 0.997 -0.072
vn -0.139 0.978 -0.157
vn 0.257 0.961 0.104
vn 0.237 0.963 -0.125
vn -0.017 1.000 -0.012
vn -0.051 0.988 0.143
vn -0.144 0.989 -0.045
vn 0.012 1.000 -0.024
vn 0.093 0.994 0.052
vn -0.088 0.996 0.003
vn -0.102 0.974 -0.200
vn 0.050 0.998 0.043
vn 0.150 0.987 0.053
vn -0.095 0.995 0.020
vn -0.309 0.944 -0.117
vn 0.014 0.992 -0.127
vn 0.145 0.985 -0.092
vn 0.019 1.000 -0.005
vn -0.057 0.997 0.050
vn 0.015 1.000 -0.014
vn 0.097 0.993 -0.070
vn -0.002 1.000 -0.016
vn -0.112 0.992 -0.063
vn 0.177 0.984 0.002
vn 0.150 0.988 0.038
vn 0.003 1.000 0.001
vn 0.017 1.000 0.014
vn 0.025 0.998 0.059
vn -0.078 0.996 -0.030
vn -0.122 0.980 -0.159
vn -0.038 0.995 -0.097
vn 0.029 0.998 -0.051
vn -0.030 1.000 0.007
vn -0.080 0.997 -0.013
vn 0.126 0.991 -0.041
vn 0.230 0.967 0.111
vn 0.163 0.985 0.051
vn 0.033 0.998 -0.058
vn -0.013 1.000 -0.022
vn -0.051 0.997 -0.061
vn -0.070 0.995 -0.076
vn -0.031 0.996 -0.084
vn -0.017 1.000 0.015
vn 0.126 0.984 0.129
vn -0.027 0.996 -0.084
vn -0.043 0.996 -0.081
vn -0.133 0.991 -0.033
vn 0.187 0.977 0.099
vn 0.005 0.994 -0.112
vn 0.299 0.951 -0.074
vn 0.058 0.998 0.033
vn -0.120 0.992 -0.035
vn -0.110 0.984 -0.138
vn -0.154 0.986 -0.070
vn 0.042 0.974 0.220
vn 0.007 0.984 0.177
vn 0.055 0.998 0.017
vn 0.034 0.999 -0.021
vn 0.031 0.999 0.030
vn 0.050 0.991 0.123
vn -0.094 0.993 0.073
vn -0.019 1.000 0.009
vn 0.130 0.992 -0.005
vn 0.169 0.986 -0.014
vn -0.011 1.000 0.017
vn -0.088 0.985 0.151
vn 0.124 0.991 0.058
vn -0.043 0.999 -0.021
vn -0.050 0.999 -0.000
vn 0.033 0.970 0.242
vn -0.111 0.983 0.146
vn -0.045 0.997 0.056
vn -0.054 0.998 0.028
vn 0.044 0.986 -0.159
vn -0.096 0.989 -0.116
vn -0.101 0.994 0.046
vn 0.070 0.996 0.052
vn 0.267 0.945 0.186
vn 0.011 1.000 -0.020
vn -0.027 1.000 -0.007
vn -0.007 1.000 -0.026
vn -0.057 0.998 -0.039
vn -0.035 0.996 -0.086
vn -0.101 0.992 -0.080
vn 0.081 0.994 -0.067
vn 0.027 0.995 0.098
vn -0.149 0.978 -0.145
vn 0.257 0.958 0.130
vn 0.260 0.965 -0.026
vn 0.028 0.997 0.070
vn 0.114 0.972 0.203
vn 0.032 0.999 -0.020
vn 0.071 0.997 0.029
vn 0.023 1.000 -0.006
vn -0.326 0.933 -0.152
vn -0.180 0.983 0.034
vn 0.040 0.996 -0.082
vn 0.038 0.999 -0.027
vn -0.060 0.998 0.011
vn 0.075 0.989 -0.126
vn 0.122 0.992 -0.017
vn 0.018 1.000 0.003
vn 0.005 1.000 -0.003
vn 0.027 0.999 -0.018
vn -0.005 1.000 0.026
vn 0.137 0.990 0.025
vn 0.145 0.989 0.039
vn -0.082 0.996 0.026
vn -0.055 0.993 -0.109
vn 0.190 0.975 -0.112
vn 0.024 0.999 -0.043
vn -0.295 0.928 -0.229
vn -0.099 0.973 0.210
vn -0.148 0.960 -0.238
vn -0.126 0.989 -0.083
vn -0.125 0.992 0.020
vn -0.075 0.996 -0.053
vn -0.025 0.998 -0.060
vn 0.102 0.988 -0.117
vn 0.303 0.940 -0.157
vn 0.404 0.908 0.112
vn 0.385 0.908 0.167
vn -0.302 0.951 -0.066
vn 0.216 0.972 0.093
vn -0.150 0.973 -0.175
vn -0.163 0.987 -0.017
vn -0.101 0.990 -0.098
vn 0.173 0.969 0.175
vn 0.165 0.981 0.101
vn 0.051 0.999 0.010
vn -0.016 1.000 -0.018
vn -0.115 0.991 0.066
vn 0.067 0.948 0.313
vn 0.067 0.997 -0.024
vn -0.035 0.991 -0.130
vn -0.145 0.984 -0.104
vn -0.004 0.999 0.049
vn 0.001 1.000 0.007
vn -0.119 0.993 -0.018
vn 0.032 0.999 0.025
vn 0.089 0.996 -0.029
vn 0.122 0.992 -0.025
vn 0.021 1.000 0.023
vn -0.180 0.983 -0.027
vn -0.124 0.980 -0.156
vn -0.021 0.997 0.077
vn -0.022 0.998 -0.060
vn 0.076 0.997 -0.005
vn 0.006 0.999 0.038
vn -0.008 0.995 0.098
vn 0.027 0.998 0.056
vn -0.027 0.998 0.061
vn 0.148 0.987 0.055
vn 0.162 0.987 -0.003
vn 0.014 0.997 0.070
vn -0.115 0.987 -0.111
vn 0.078 0.994 -0.073
vn 0.061 0.998 -0.016
vn 0.018 1.000 0.016
vn -0.145 0.989 0.013
vn -0.081 0.997 -0.015
vn -0.086 0.996 -0.007
vn -0.120 0.990 -0.070
vn 0.037 0.998 0.054
vn 0.199 0.971 -0.131
vn 0.204 0.974 -0.101
vn 0.160 0.987 0.029
vn 0.024 1.000 0.000
vn -0.126 0.992 0.021
vn -0.078 0.996 -0.045
vn 0.097 0.995 0.007
vn 0.101 0.994 -0.041
vn -0.007 1.000 -0.029
vn -0.163 0.977 -0.141
vn -0.280 0.959 0.044
vn 0.023 0.926 -0.376
vn 0.186 0.977 0.102
vn 0.368 0.928 0.054
vn 0.130 0.990 0.054
vn 0.001 0.999 0.033
vn -0.094 0.994 -0.052
vn 0.001 1.000 0.013
vn -0.171 0.984 -0.048
vn -0.302 0.953 0.036
vn 0.117 0.993 0.024
vn -0.439 0.893 -0.096
vn 0.226 0.964 0.140
vn 0.034 0.999 0.036
vn -0.141 0.990 0.022
vn -0.026 0.997 0.077
vn -0.004 0.994 -0.105
vn -0.108 0.977 -0.183
vn -0.061 0.979 -0.196
vn -0.013 0.992 -0.125
vn -0.094 0.996 -0.004
vn 0.022 0.999 0.037
vn 0.061 0.998 -0.013
vn -0.010 0.999 -0.048
vn 0.166 0.985 -0.042
vn 0.117 0.992 0.054
vn -0.031 0.997 -0.068
vn 0.102 0.994 -0.035
vn 0.029 1.000 0.008
vn 0.007 0.999 0.031
vn -0.158 0.981 0.109
vn -0.025 0.998 0.051
vn -0.006 1.000 0.024
vn 0.088 0.993 -0.072
vn -0.023 0.994 0.108
vn 0.004 0.999 0.040
vn -0.109 0.992 0.058
vn -0.011 0.996 0.090
vn 0.031 0.998 0.061
vn 0.058 0.998 -0.003
vn -0.156 0.987 -0.041
vn -0.124 0.986 0.108
vn 0.008 0.900 0.435
vn -0.126 0.992 -0.010
vn -0.409 0.897 0.167
vn -0.069 0.990 0.124
vn 0.053 0.979 0.197
vn 0.155 0.986 0.068
vn -0.107 0.994 0.015
vn -0.072 0.996 -0.052
vn 0.298 0.950 0.094
vn 0.176 0.981 0.078
vn 0.285 0.957 0.048
vn -0.553 0.809 -0.199
vn -0.463 0.880 -0.109
vn -0.595 0.792 -0.134
vn -0.339 0.927 0.162
vn -0.186 0.978 -0.095
vn -0.416 0.886 -0.204
vn 0.126 0.992 -0.003
vn 0.176 0.970 0.170
vn 0.154 0.988 -0.023
vn -0.011 0.997 0.070
vn -0.053 0.998 0.034
vn 0.033 0.998 -0.062
vn -0.135 0.974 -0.183
vn -0.190 0.978 -0.085
vn 0.018 1.000 -0.014
vn 0.095 0.995 0.009
vn 0.004 0.999 -0.041
vn 0.019 0.999 0.039
vn 0.199 0.972 0.120
vn 0.061 0.993 0.101
vn 0.078 0.994 0.080
vn 0.046 0.989 0.143
vn 0.025 0.993 0.116
vn -0.105 0.979 0.177
vn -0.060 0.997 0.044
vn -0.042 0.999 -0.001
vn 0.081 0.996 -0.034
vn -0.076 0.993 -0.092
vn 0.022 1.000 -0.016
vn -0.081 0.978 -0.190
vn -0.040 0.988 -0.150
vn 0.045 0.999 -0.001
vn 0.137 0.988 -0.072
vn -0.260 0.961 0.099
vn -0.557 0.810 -0.184
vn -0.337 0.941 0.029
vn -0.162 0.986 -0.035
vn -0.220 0.975 0.032
vn 0.144 0.987 0.072
vn -0.023 0.984 -0.175
vn 0.192 0.966 0.172
vn 0.224 0.950 0.218
vn 0.384 0.903 0.192
vn -0.088 0.995 -0.050
vn 0.226 0.940 0.255
vn 0.005 0.998 0.055
vn 0.161 0.918 0.364
vn -0.090 0.995 -0.043
vn 0.146 0.987 0.063
vn -0.216 0.957 -0.195
vn -0.199 0.961 -0.191
vn -0.346 0.909 -0.231
vn 0.025 1.000 -0.007
vn -0.238 0.931 -0.277
vn -0.038 0.984 -0.176
vn -0.209 0.916 -0.343
vn 0.203 0.965 0.167
vn -0.055 0.998 -0.039
vn 0.006 0.997 0.077
vn -0.103 0.971 -0.214
vn 0.128 0.989 -0.073
vn -0.047 0.988 0.146
vn -0.027 0.998 0.060
vn -0.144 0.977 -0.159
vn 0.071 0.981 0.180
vn 0.262 0.928 0.265
vn -0.081 0.976 0.203
vn 0.029 1.000 -0.002
vn 0.205 0.978 -0.037
vn -0.205 0.976 -0.070
vn -0.084 0.996 0.010
vn 0.139 0.989 0.045
vn 0.010 0.999 0.040
vn 0.055 0.997 -0.062
vn 0.039 0.999 0.020
vn -0.021 0.987 0.158
vn 0.116 0.991 0.064
vn -0.009 0.995 0.097
vn 0.025 0.998 0.054
vn 0.008 1.000 0.012
vn -0.079 0.996 0.045
vn 0.166 0.986 0.019
vn 0.011 0.995 -0.100
vn -0.139 0.989 -0.041
vn 0.054 0.997 0.060
vn 0.116 0.987 -0.114
vn 0.182 0.982 0.048
vn -0.305 0.943 -0.137
vn 0.043 0.992 -0.119
vn -0.299 0.910 -0.287
vn -0.029 0.960 -0.280
vn -0.262 0.936 -0.234
vn 0.058 0.998 -0.006
vn 0.042 0.999 0.009
vn -0.454 0.861 0.230
vn -0.278 0.960 0.013
vn 0.118 0.992 -0.045
vn 0.023 0.999 0.032
vn -0.129 0.987 0.095
vn -0.213 0.977 0.032
vn -0.042 0.993 -0.107
vn -0.162 0.983 -0.091
vn 0.271 0.946 0.180
vn 0.392 0.909 0.142
vn 0.031 0.999 -0.036
vn -0.249 0.962 -0.110
vn -0.004 0.998 -0.069
vn 0.125 0.989 -0.074
vn 0.031 0.987 -0.159
vn 0.013 1.000 -0.007
vn 0.003 0.989 0.149
vn -0.158 0.973 -0.166
vn 0.179 0.964 0.198
vn -0.147 0.928 -0.343
vn -0.338 0.856 -0.391
vn 0.049 0.953 -0.299
vn -0.320 0.912 -0.258
vn -0.139 0.984 -0.111
vn 0.104 0.921 0.375
vn 0.157 0.964 0.216
vn 0.140 0.942 0.305
vn -0.176 0.967 -0.185
vn 0.202 0.970 0.132
vn 0.017 0.995 0.093
vn -0.303 0.953 0.018
vn 0.048 0.992 0.117
vn -0.010 0.840 0.543
vn -0.380 0.925 0.003
vn 0.178 0.975 0.130
vn 0.120 0.993 0.005
vn 0.054 0.992 -0.118
vn -0.021 1.000 0.000
vn -0.147 0.980 -0.135
vn -0.183 0.971 -0.153
vn 0.053 0.998 0.030
vn 0.069 0.994 0.085
vn 0.071 0.996 0.046
vn -0.056 0.997 0.057
vn 0.168 0.976 -0.140
vn 0.018 0.997 -0.081
vn -0.048 0.999 -0.013
vn 0.017 1.000 0.007
vn -0.046 0.995 0.084
vn 0.037 0.999 -0.034
vn 0.112 0.992 0.063
vn -0.056 0.988 0.146
vn 0.040 0.977 0.210
vn -0.163 0.985 0.062
vn -0.221 0.935 -0.277
vn 0.245 0.954 0.170
vn -0.008 0.999 0.053
vn -0.230 0.962 -0.144
vn 0.304 0.831 0.465
vn 0.045 0.996 0.080
vn -0.065 0.996 -0.057
vn -0.083 0.986 0.146
vn -0.012 1.000 -0.018
vn 0.106 0.990 0.091
vn 0.147 0.983 0.114
vn 0.073 0.989 0.129
vn 0.106 0.993 -0.047
vn 0.099 0.995 -0.027
vn 0.032 0.999 0.029
vn -0.328 0.943 0.063
vn -0.239 0.971 -0.015
vn -0.353 0.935 -0.041
vn 0.149 0.971 -0.189
vn -0.185 0.981 0.059
vn -0.112 0.989 0.098
vn -0.018 0.973 0.231
vn 0.034 0.987 -0.154
vn 0.072 0.983 -0.168
vn -0.060 0.998 0.023
vn 0.129 0.990 -0.065
vn 0.078 0.987 0.142
vn -0.205 0.976 -0.069
vn 0.281 0.956 -0.084
vn 0.435 0.897 0.082
vn 0.075 0.997 0.035
vn 0.350 0.915 -0.200
vn -0.164 0.979 -0.120
vn 0.217 0.974 0.061
vn -0.064 0.997 -0.043
vn -0.120 0.990 -0.075
vn -0.122 0.992 -0.013
vn -0.036 0.999 -0.033
vn 0.069 0.997 -0.019
vn 0.280 0.918 0.281
vn -0.139 0.983 -0.119
vn 0.186 0.960 0.209
vn -0.124 0.983 -0.138
vn -0.297 0.818 -0.493
vn -0.004 0.993 -0.122
vn 0.129 0.924 -0.361
vn -0.273 0.656 -0.704
vn -0.028 0.972 -0.232
vn 0.180 0.941 0.285
vn -0.293 0.814 -0.502
vn -0.082 0.985 -0.153
vn -0.297 0.901 -0.316
vn -0.024 0.983 -0.180
vn -0.050 0.998 -0.027
vn 0.151 0.988 0.042
vn -0.010 1.000 -0.029
vn -0.032 0.999 0.005
vn -0.341 0.933 -0.116
vn -0.261 0.954 -0.150
vn -0.072 0.990 -0.120
vn 0.036 0.999 0.010
vn 0.104 0.994 0.031
vn 0.041 0.999 -0.022
vn 0.180 0.973 -0.147
vn 0.103 0.972 -0.212
vn 0.160 0.986 -0.052
vn 0.193 0.977 0.091
vn 0.074 0.997 -0.030
vn -0.080 0.996 -0.031
vn 0.052 0.952 -0.300
vn -0.006 0.996 -0.084
vn -0.100 0.995 0.025
vn 0.034 0.999 0.025
vn 0.013 1.000 0.019
vn -0.034 0.999 0.028
vn 0.049 0.992 0.117
vn 0.043 0.998 -0.041
vn -0.021 0.978 0.207
vn 0.066 0.998 -0.013
vn -0.165 0.986 0.008
vn 0.119 0.967 -0.224
vn 0.310 0.951 -0.015
vn 0.270 0.963 0.015
vn -0.094 0.994 -0.064
vn 0.242 0.970 0.021
vn -0.225 0.962 -0.156
vn -0.032 0.998 -0.062
vn 0.173 0.955 0.243
vn -0.092 0.996 -0.011
vn 0.146 0.987 0.062
vn 0.149 0.989 -0.003
vn 0.023 1.000 -0.010
vn -0.316 0.949 0.008
vn -0.208 0.978 -0.005
vn -0.039 0.999 -0.029
vn 0.052 0.990 0.128
vn 0.299 0.953 -0.050
vn 0.090 0.973 -0.214
vn -0.076 0.911 0.405
vn -0.417 0.909 0.005
vn 0.124 0.992 0.023
vn -0.201 0.980 0.002
vn 0.242 0.896 -0.373
vn 0.100 0.971 0.217
vn 0.223 0.966 -0.130
vn -0.120 0.993 -0.010
vn 0.194 0.942 -0.276
vn 0.236 0.925 -0.297
vn -0.067 0.997 0.049
vn 0.244 0.935 -0.258
vn 0.019 0.995 -0.102
vn -0.039 0.997 -0.067
vn -0.118 0.989 -0.092
vn -0.044 0.993 -0.108
vn -0.046 0.999 -0.017
vn -0.027 0.998 0.058
vn 0.089 0.957 0.277
vn 0.065 0.937 0.343
vn 0.149 0.985 0.082
vn 0.022 0.936 0.351
vn -0.180 0.983 0.032
vn -0.395 0.881 -0.262
vn 0.077 0.991 -0.110
vn 0.238 0.962 0.137
vn 0.244 0.970 0.003
vn 0.512 0.839 0.182
vn 0.409 0.781 0.472
vn 0.296 0.952 -0.074
vn 0.147 0.988 0.053
vn 0.113 0.969 0.221
vn -0.462 0.869 -0.177
vn -0.110 0.971 0.210
vn 0.092 0.982 0.167
vn -0.100 0.975 0.199
vn -0.310 0.888 0.339
vn 0.029 0.997 0.071
vn -0.039 0.996 0.077
vn 0.152 0.988 0.035
vn -0.001 0.997 0.071
vn -0.194 0.950 -0.244
vn -0.112 0.993 -0.044
vn 0.090 0.996 0.027
vn 0.092 0.995 0.041
vn 0.172 0.971 0.166
vn -0.237 0.965 0.110
vn -0.117 0.989 0.087
vn -0.175 0.983 -0.061
vn -0.020 0.984 -0.179
vn 0.037 0.969 0.244
vn 0.290 0.929 0.228
vn -0.110 0.994 0.014
vn 0.058 0.972 0.230
vn -0.043 0.977 -0.209
vn -0.078 0.995 0.068
vn 0.059 0.998 -0.005
vn 0.010 1.000 -0.013
vn 0.036 0.996 -0.076
vn 0.045 0.998 -0.048
vn -0.057 0.995 0.080
vn 0.070 0.995 0.068
vn 0.031 0.979 -0.202
vn 0.127 0.949 0.290
vn 0.068 0.990 0.124
vn -0.071 0.995 -0.064
vn -0.042 0.997 0.070
vn 0.057 0.998 -0.029
vn 0.262 0.940 0.221
vn 0.056 0.998 0.038
vn 0.103 0.994 -0.044
vn -0.024 0.999 0.046
vn -0.151 0.989 -0.003
vn 0.204 0.946 -0.252
vn 0.133 0.977 -0.167
vn 0.070 0.928 -0.366
vn -0.046 0.998 0.042
vn 0.050 0.983 -0.178
vn -0.097 0.991 0.093
vn 0.230 0.944 -0.236
vn 0.040 0.999 -0.030
vn -0.051 0.998 0.031
vn -0.050 0.998 -0.046
vn -0.060 0.994 -0.088
vn -0.141 0.986 -0.084
vn -0.018 0.998 -0.054
vn 0.043 0.999 -0.011
vn 0.344 0.926 0.153
vn -0.117 0.981 -0.157
vn 0.161 0.987 0.004
vn -0.380 0.925 -0.015
vn -0.231 0.973 -0.015
vn -0.547 0.811 -0.208
vn -0.103 0.965 -0.242
vn 0.134 0.979 0.155
vn -0.454 0.825 -0.337
vn -0.370 0.787 -0.494
vn 0.169 0.977 0.131
vn 0.153 0.892 0.425
vn 0.010 0.990 0.141
vn 0.237 0.944 0.231
vn -0.117 0.966 -0.232
vn 0.057 0.995 -0.087
vn -0.075 0.997 0.035
vn 0.011 1.000 -0.024
vn 0.096 0.987 0.129
vn 0.286 0.930 0.231
vn -0.001 1.000 0.007
vn -0.039 0.999 -0.026
vn 0.038 0.992 -0.116
vn -0.029 0.973 -0.228
vn 0.133 0.980 -0.147
vn 0.126 0.898 0.421
vn -0.027 0.960 -0.278
vn -0.095 0.807 -0.583
vn -0.019 0.998 -0.053
vn -0.009 0.835 -0.550
vn 0.057 0.998 0.020
vn 0.084 0.996 -0.011
vn -0.033 0.950 -0.312
vn -0.065 0.993 -0.096
vn 0.200 0.919 -0.340
vn 0.160 0.914 0.374
vn -0.082 0.965 -0.248
vn -0.035 0.871 0.490
vn 0.041 0.996 -0.077
vn -0.114 0.875 -0.471
vn 0.076 0.996 -0.043
vn 0.000 0.846 -0.533
vn 0.012 0.994 -0.110
vn 0.122 0.931 0.344
vn -0.098 0.993 0.072
vn 0.076 0.994 0.077
vn 0.188 0.893 0.409
vn -0.128 0.975 -0.182
vn 0.224 0.829 0.512
vn 0.016 0.998 0.055
vn -0.348 0.834 -0.428
vn -0.101 0.943 -0.317
vn -0.213 0.977 0.008
vn 0.006 0.912 0.411
vn -0.168 0.978 0.121
vn -0.302 0.933 0.198
vn 0.047 0.988 0.144
vn 0.136 0.942 0.307
vn -0.136 0.988 0.072
vn 0.035 0.999 0.014
vn 0.029 1.000 0.012
vn 0.070 0.994 0.087
vn -0.073 0.992 0.102
vn 0.105 0.989 0.105
vn 0.194 0.981 -0.007
vn 0.000 0.970 0.245
vn -0.096 0.991 -0.092
vn -0.112 0.993 -0.045
vn -0.069 0.990 0.121
vn 0.097 0.995 0.007
vn 0.048 0.999 -0.008
vn -0.078 0.997 -0.001
vn 0.054 0.981 -0.186
vn 0.135 0.985 -0.106
vn -0.013 1.000 0.008
vn -0.013 1.000 0.008
vn 0.002 1.000 0.014
vn -0.025 1.000 -0.012
vn -0.009 1.000 -0.004
vn -0.036 0.999 -0.020
vn -0.075 0.995 -0.060
vn -0.064 0.962 0.264
vn 0.222 0.971 0.088
vn -0.390 0.912 0.126
vn 0.025 0.882 0.470
vn -0.113 0.990 -0.084
vn -0.122 0.992 -0.029
vn -0.034 0.998 -0.061
vn -0.071 0.997 -0.040
vn 0.035 0.995 0.094
vn 0.148 0.987 0.058
vn 0.324 0.915 0.240
vn 0.027 0.986 -0.167
vn -0.062 0.998 0.018
vn -0.097 0.992 -0.086
vn -0.279 0.914 -0.294
vn -0.314 0.878 -0.361
vn -0.226 0.868 -0.442
vn 0.139 0.983 0.118
vn 0.067 0.992 -0.111
vn 0.243 0.923 0.297
vn 0.109 0.864 0.492
vn 0.313 0.894 0.321
vn -0.093 0.982 -0.165
vn -0.091 0.970 0.226
vn 0.116 0.874 0.472
vn 0.044 0.923 0.383
vn 0.267 0.885 0.381
vn 0.117 0.737 0.666
vn 0.099 0.974 0.202
vn 0.392 0.874 0.287
vn -0.036 0.990 0.136
vn -0.175 0.984 0.015
vn -0.111 0.989 0.096
vn 0.166 0.970 0.179
vn 0.026 0.991 0.134
vn 0.095 0.975 0.199
vn 0.186 0.975 -0.120
vn 0.189 0.955 -0.227
vn 0.119 0.988 0.096
vn 0.075 0.990 0.121
vn 0.020 0.930 -0.368
vn -0.041 0.978 -0.205
vn 0.004 0.997 -0.083
vn -0.000 0.973 -0.231
vn -0.139 0.907 -0.397
vn -0.184 0.947 -0.262
vn -0.058 0.998 -0.017
vn -0.073 0.986 -0.149
vn 0.025 0.997 -0.080
vn -0.131 0.967 0.218
vn -0.156 0.970 0.188
vn 0.052 0.996 0.078
vn -0.190 0.982 -0.015
vn 0.132 0.988 0.078
vn -0.042 0.991 -0.125
vn -0.153 0.969 -0.194
vn 0.041 0.980 -0.194
vn 0.151 0.974 0.168
vn -0.149 0.983 -0.104
vn -0.078 0.991 0.107
vn -0.201 0.977 -0.066
vn 0.057 0.998 0.011
vn 0.033 0.999 0.011
vn -0.156 0.987 -0.045
vn 0.052 0.995 -0.079
vn 0.063 0.994 -0.094
vn 0.016 1.000 -0.020
vn -0.072 0.993 0.093
vn 0.052 0.998 0.030
vn -0.005 1.000 -0.003
vn -0.024 1.000 -0.006
vn -0.018 0.999 0.035
vn -0.158 0.977 -0.142
vn -0.012 0.970 -0.245
vn -0.019 1.000 -0.024
vn 0.069 0.983 -0.173
vn -0.085 0.996 -0.034
vn -0.047 0.995 -0.086
vn -0.074 0.995 -0.064
vn -0.068 0.996 -0.054
vn -0.001 1.000 0.027
vn 0.074 0.986 0.151
vn 0.115 0.987 0.114
vn -0.143 0.903 -0.405
vn 0.101 0.966 0.236
vn -0.258 0.942 -0.214
vn -0.227 0.821 -0.524
vn -0.199 0.962 -0.186
vn -0.000 0.989 -0.149
vn 0.004 0.999 0.046
vn -0.226 0.951 -0.209
vn -0.126 0.915 -0.383
vn 0.140 0.985 0.103
vn -0.168 0.971 -0.170
vn 0.099 0.933 0.345
vn 0.307 0.887 0.345
vn 0.073 0.963 0.260
vn 0.359 0.900 0.247
vn 0.181 0.964 0.193
vn -0.133 0.975 -0.179
vn -0.154 0.969 0.194
vn 0.005 0.998 -0.057
vn 0.109 0.991 -0.076
vn 0.176 0.983 0.052
vn 0.161 0.965 0.205
vn -0.057 0.991 0.123
vn 0.009 0.999 0.031
vn -0.055 0.997 -0.063
vn -0.070 0.991 -0.112
vn -0.089 0.969 -0.232
vn 0.004 0.989 -0.150
vn 0.006 0.937 -0.349
vn 0.034 0.999 -0.025
vn 0.255 0.924 -0.286
vn 0.043 0.929 -0.368
vn -0.054 0.998 -0.022
vn -0.365 0.850 -0.380
vn 0.043 0.858 -0.512
vn -0.248 0.966 0.073
vn -0.493 0.868 0.068
vn -0.138 0.980 -0.143
vn -0.032 0.999 -0.038
vn -0.302 0.953 0.003
vn 0.034 0.993 -0.111
vn -0.014 0.973 -0.229
vn -0.007 1.000 0.014
vn -0.224 0.973 0.050
vn -0.067 0.998 -0.016
vn 0.091 0.979 0.182
vn -0.083 0.974 0.210
vn 0.024 0.999 -0.022
vn 0.006 0.997 0.072
vn 0.035 0.996 0.081
vn -0.085 0.989 0.119
vn -0.042 0.992 0.121
vn 0.134 0.991 -0.001
vn 0.007 1.000 0.004
vn -0.045 0.999 0.017
vn -0.071 0.996 0.056
vn -0.006 0.961 0.277
vn 0.064 0.995 0.073
vn -0.061 0.996 -0.062
vn -0.083 0.994 -0.067
vn -0.084 0.996 -0.036
vn 0.015 1.000 -0.001
vn -0.101 0.991 0.091
vn 0.061 0.945 0.322
vn 0.141 0.984 0.107
vn 0.005 0.997 0.078
vn -0.045 0.970 0.238
vn -0.133 0.984 -0.120
vn -0.193 0.973 -0.127
vn -0.035 0.993 -0.111
vn -0.152 0.969 -0.196
vn 0.242 0.957 0.157
vn -0.224 0.946 -0.233
vn 0.237 0.956 0.174
vn 0.372 0.830 0.416
vn 0.167 0.965 0.204
vn 0.235 0.957 0.171
vn 0.275 0.957 0.092
vn -0.149 0.979 -0.141
vn -0.000 0.997 0.080
vn 0.023 0.995 0.096
vn 0.060 0.996 -0.069
vn 0.056 0.997 0.051
vn 0.038 0.999 0.026
vn -0.047 0.997 0.059
vn 0.029 0.983 -0.183
vn 0.042 0.994 -0.105
vn -0.094 0.987 -0.134
vn -0.149 0.988 -0.045
vn -0.011 0.997 -0.082
vn -0.020 0.986 -0.168
vn -0.002 0.958 -0.287
vn 0.017 0.979 -0.203
vn -0.018 0.977 -0.211
vn -0.093 0.929 -0.358
vn -0.005 0.990 -0.138
vn -0.124 0.915 -0.384
vn 0.057 0.992 -0.110
vn 0.015 1.000 -0.023
vn 0.111 0.924 -0.365
vn -0.040 0.996 -0.084
vn -0.015 0.953 -0.304
vn -0.024 0.996 0.088
vn 0.024 0.999 0.038
vn -0.010 0.995 0.099
vn -0.078 0.992 0.103
vn 0.079 0.997 0.009
vn 0.125 0.992 -0.006
vn -0.009 1.000 -0.001
vn -0.025 1.000 -0.002
vn -0.234 0.972 -0.031
vn -0.228 0.950 0.212
vn -0.194 0.977 0.087
vn 0.227 0.910 0.347
vn 0.355 0.860 0.367
vn 0.268 0.919 0.288
vn 0.004 0.972 0.237
vn -0.099 0.977 0.191
vn -0.006 1.000 0.019
vn -0.096 0.995 -0.021
vn 0.071 0.990 -0.122
vn 0.017 0.994 0.106
vn -0.030 0.999 0.022
vn 0.043 0.995 0.085
vn -0.091 0.995 -0.029
vn -0.205 0.779 -0.592
vn 0.110 0.987 0.114
vn 0.166 0.925 0.343
vn 0.137 0.976 -0.167
vn 0.132 0.939 0.318
vn -0.102 0.919 -0.380
vn -0.070 0.935 -0.348
vn -0.150 0.969 -0.196
vn -0.150 0.988 0.019
vn -0.067 0.995 0.070
vn 0.206 0.946 0.252
vn 0.153 0.960 0.233
vn 0.189 0.977 0.100
vn -0.066 0.966 -0.250
vn 0.007 0.990 0.138
vn 0.393 0.906 0.157
vn -0.165 0.981 0.104
vn 0.255 0.816 0.519
vn -0.037 0.999 -0.007
vn -0.021 0.999 -0.047
vn -0.201 0.979 0.038
vn -0.207 0.958 -0.198
vn 0.127 0.986 0.104
vn 0.074 0.990 -0.124
vn 0.061 0.998 0.014
vn 0.183 0.983 -0.008
vn 0.066 0.998 -0.001
vn -0.038 0.999 -0.006
vn 0.212 0.977 -0.008
vn 0.028 0.997 0.077
vn 0.124 0.920 0.371
vn -0.011 0.997 0.074
vn -0.087 0.955 -0.282
vn -0.037 0.956 0.292
vn -0.013 0.853 0.522
vn 0.000 0.975 -0.223
vn -0.023 1.000 -0.019
vn 0.013 0.975 0.221
vn 0.027 0.998 -0.048
vn 0.048 0.989 -0.138
vn 0.136 0.984 0.115
vn -0.010 0.979 0.203
vn -0.109 0.994 -0.005
vn -0.011 0.956 -0.294
vn -0.006 0.999 -0.043
vn 0.005 1.000 -0.025
vn 0.004 1.000 -0.005
vn -0.068 0.997 0.039
vn -0.017 1.000 0.003
vn 0.147 0.984 -0.097
vn 0.086 0.995 -0.041
vn -0.005 1.000 -0.021
vn -0.020 0.999 -0.028
vn -0.145 0.987 -0.067
vn -0.364 0.920 -0.145
vn -0.090 0.991 -0.100
vn 0.322 0.888 0.329
vn 0.143 0.987 -0.079
vn 0.265 0.955 0.130
vn -0.135 0.991 -0.022
vn 0.111 0.938 0.329
vn -0.044 0.984 0.175
vn 0.082 0.989 0.122
vn 0.175 0.982 -0.073
vn -0.003 0.987 -0.161
vn -0.003 0.990 -0.143
vn -0.015 0.992 -0.122
vn -0.058 0.976 -0.210
vn -0.075 0.997 -0.009
vn -0.029 0.999 -0.024
vn -0.057 0.996 -0.069
vn 0.076 0.994 -0.079
vn 0.168 0.985 -0.043
vn -0.014 0.997 -0.076
vn 0.079 0.953 0.294
vn -0.200 0.959 0.199
vn 0.241 0.970 0.031
vn 0.128 0.982 0.140
vn -0.026 0.986 -0.163
vn -0.399 0.904 -0.152
vn 0.056 0.986 -0.156
vn 0.164 0.975 0.149
vn 0.050 0.993 0.106
vn 0.290 0.855 0.430
vn 0.112 0.977 0.181
vn -0.124 0.986 -0.108
vn -0.034 0.944 0.329
vn -0.125 0.979 0.163
vn -0.002 0.947 0.322
vn 0.213 0.977 -0.001
vn 0.109 0.980 0.168
vn 0.075 0.829 0.554
vn -0.342 0.940 -0.006
vn 0.158 0.970 0.186
vn 0.108 0.994 -0.025
vn 0.020 0.981 0.193
vn -0.189 0.976 0.111
vn -0.327 0.944 0.050
vn -0.080 0.996 -0.040
vn 0.293 0.844 0.450
vn -0.160 0.882 -0.442
vn 0.037 0.832 0.554
vn 0.240 0.683 0.690
vn 0.146 0.989 0.025
vn 0.249 0.877 0.410
vn 0.204 0.638 0.742
vn 0.001 0.997 0.082
vn -0.130 0.991 -0.030
vn -0.151 0.937 -0.315
vn -0.019 0.987 -0.161
vn -0.006 0.925 0.380
vn -0.044 0.917 -0.397
vn -0.019 0.998 0.057
vn -0.095 0.912 0.400
vn -0.137 0.960 0.243
vn 0.033 0.986 -0.161
vn -0.025 0.997 0.070
vn 0.028 0.998 0.050
vn 0.003 0.997 0.083
vn 0.156 0.980 0.127
vn -0.087 0.908 -0.410
vn 0.004 1.000 0.016
vn 0.131 0.919 0.371
vn 0.014 0.996 -0.084
vn 0.047 0.990 0.130
vn -0.021 0.992 0.125
vn 0.176 0.965 0.195
vn 0.095 0.993 0.068
vn -0.153 0.963 -0.221
vn 0.078 0.985 0.151
vn -0.064 0.992 -0.110
vn 0.156 0.981 -0.119
vn -0.086 0.993 0.083
vn -0.138 0.990 -0.029
vn 0.051 0.996 -0.077
vn -0.123 0.983 -0.136
vn -0.020 0.993 -0.118
vn 0.082 0.995 -0.059
vn -0.092 0.995 -0.039
vn -0.031 0.999 -0.031
vn 0.058 0.997 -0.042
vn 0.055 0.998 0.024
vn 0.024 0.987 0.156
vn 0.031 0.991 0.132
vn -0.010 0.996 0.085
vn -0.025 1.000 -0.012
vn -0.241 0.961 -0.139
vn -0.193 0.970 -0.146
vn -0.115 0.988 -0.103
vn -0.108 0.994 0.005
vn 0.132 0.991 0.016
vn 0.247 0.958 0.146
vn 0.030 0.999 0.029
vn -0.082 0.991 0.102
vn 0.042 0.994 0.105
vn -0.015 0.999 -0.042
vn -0.003 0.993 -0.119
vn -0.086 0.996 -0.033
vn 0.115 0.993 -0.009
vn 0.163 0.984 0.072
vn -0.500 0.866 -0.002
vn -0.013 0.993 -0.114
vn -0.481 0.853 -0.204
vn -0.155 0.949 -0.273
vn -0.187 0.936 -0.299
vn 0.023 0.999 -0.035
vn 0.037 0.999 -0.037
vn -0.078 0.982 -0.173
vn 0.101 0.963 0.250
vn -0.021 0.997 -0.076
vn -0.012 0.999 0.051
vn 0.046 0.986 0.158
vn -0.023 0.824 0.566
vn -0.003 1.000 -0.020
vn 0.096 0.974 0.208
vn 0.405 0.861 0.308
vn -0.053 0.997 -0.059
vn 0.316 0.776 0.546
vn 0.270 0.962 -0.032
vn -0.196 0.816 0.544
vn -0.285 0.956 -0.074
vn -0.050 0.972 0.230
vn -0.025 0.908 0.419
vn 0.010 0.938 0.345
vn 0.045 0.994 0.101
vn -0.013 1.000 -0.022
vn 0.073 0.942 0.327
vn 0.097 0.955 0.279
vn 0.090 0.907 0.411
vn 0.134 0.989 0.059
vn -0.083 0.996 0.011
vn 0.014 1.000 0.003
vn 0.145 0.972 0.187
vn 0.045 0.999 -0.022
vn 0.197 0.979 0.058
vn -0.176 0.971 -0.163
vn -0.016 0.992 -0.122
vn 0.062 0.989 -0.137
vn -0.000 0.999 -0.040
vn -0.071 0.997 0.008
vn -0.145 0.959 -0.242
vn -0.036 0.993 -0.112
vn 0.010 0.969 0.248
vn 0.002 0.997 0.071
vn -0.033 0.987 -0.160
vn 0.072 0.994 0.082
vn 0.065 0.998 0.024
vn -0.180 0.983 0.017
vn -0.173 0.983 -0.060
vn -0.077 0.993 -0.092
vn -0.046 0.994 -0.101
vn 0.186 0.982 0.015
vn 0.233 0.967 0.107
vn -0.085 0.996 0.009
vn -0.220 0.952 0.211
vn 0.091 0.973 0.214
vn 0.015 0.943 0.333
vn 0.101 0.975 0.199
vn 0.242 0.938 0.247
vn 0.216 0.969 0.119
vn 0.276 0.911 0.308
vn -0.018 0.997 -0.078
vn -0.149 0.988 -0.035
vn 0.066 0.993 0.101
vn 0.158 0.981 0.110
vn 0.046 0.995 -0.086
vn 0.167 0.979 0.119
vn -0.207 0.887 -0.413
vn -0.271 0.827 -0.493
vn -0.234 0.924 -0.304
vn -0.239 0.871 -0.429
vn -0.084 0.967 -0.242
vn -0.089 0.970 -0.226
vn 0.047 0.998 0.036
vn -0.266 0.915 -0.304
vn -0.017 0.972 -0.235
vn -0.223 0.893 -0.392
vn 0.162 0.886 -0.434
vn -0.022 0.999 0.026
vn 0.102 0.963 -0.250
vn 0.257 0.914 -0.315
vn 0.242 0.862 -0.445
vn 0.098 0.845 -0.526
vn -0.010 0.939 -0.345
vn -0.002 0.971 -0.237
vn 0.002 0.927 -0.376
vn -0.116 0.991 -0.064
vn -0.217 0.747 -0.628
vn 0.143 0.944 -0.297
vn 0.099 0.871 -0.481
vn -0.032 0.954 -0.300
vn -0.128 0.802 -0.583
vn -0.311 0.817 -0.485
vn -0.072 0.988 -0.137
vn -0.175 0.957 -0.232
vn 0.092 0.971 0.220
vn 0.271 0.888 0.371
vn 0.385 0.882 0.271
vn -0.105 0.994 -0.014
vn 0.081 0.996 0.031
vn 0.083 0.965 0.249
vn 0.161 0.957 -0.242
vn 0.038 0.998 -0.050
vn 0.067 0.968 0.240
vn 0.171 0.984 -0.038
vn 0.096 0.948 0.302
vn 0.088 0.996 -0.023
vn -0.161 0.948 -0.274
vn 0.378 0.893 0.244
vn 0.302 0.926 -0.225
vn 0.035 0.982 0.186
vn 0.022 0.995 0.102
vn 0.096 0.911 -0.400
vt 0.000000 0.000000
vt 0.031250 0.000000
vt 0.015625 0.000000
vt 0.062500 0.000000
vt 0.093750 0.000000
vt 0.125000 0.000000
vt 0.156250 0.000000
vt 0.187500 0.000000
vt 0.218750 0.000000
vt 0.250000 0.000000
vt 0.281250 0.000000
vt 0.312500 0.000000
vt 0.343750 0.000000
vt 0.375000 0.000000
vt 0.406250 0.000000
vt 0.437500 0.000000
vt 0.468750 0.000000
vt 0.500000 0.000000
vt 0.531250 0.000000
vt 0.515625 0.000000
vt 0.562500 0.000000
vt 0.593750 0.000000
vt 0.625000 0.000000
vt 0.656250 0.000000
vt 0.687500 0.000000
vt 0.718750 0.000000
vt 0.750000 0.000000
vt 0.781250 0.000000
vt 0.812500 0.000000
vt 0.843750 0.000000
vt 0.875000 0.000000
vt 0.906250 0.000000
vt 0.937500 0.000000
vt 0.968750 0.000000
vt 0.953125 0.000000
vt 1.000000 0.000000
vt 0.000000 0.031250
vt 0.015625 0.015625
vt 0.023438 0.007813
vt 0.031250 0.031250
vt 0.031250 0.015625
vt 0.015625 0.031250
vt 0.046875 0.015625
vt 0.039063 0.023438
vt 0.062500 0.031250
vt 0.046875 0.031250
vt 0.093750 0.031250
vt 0.125000 0.031250
vt 0.156250 0.031250
vt 0.187500 0.031250
vt 0.218750 0.031250
vt 0.250000 0.031250
vt 0.281250 0.031250
vt 0.312500 0.031250
vt 0.343750 0.031250
vt 0.375000 0.031250
vt 0.406250 0.031250
vt 0.437500 0.031250
vt 0.468750 0.031250
vt 0.484375 0.015625
vt 0.500000 0.031250
vt 0.500000 0.015625
vt 0.515625 0.015625
vt 0.531250 0.031250
vt 0.562500 0.031250
vt 0.593750 0.031250
vt 0.609375 0.015625
vt 0.625000 0.031250
vt 0.609375 0.031250
vt 0.656250 0.031250
vt 0.687500 0.031250
vt 0.718750 0.031250
vt 0.750000 0.031250
vt 0.781250 0.031250
vt 0.812500 0.031250
vt 0.843750 0.031250
vt 0.875000 0.031250
vt 0.906250 0.031250
vt 0.921875 0.015625
vt 0.937500 0.031250
vt 0.937500 0.015625
vt 0.953125 0.015625
vt 0.945313 0.007813
vt 0.968750 0.031250
vt 1.000000 0.031250
vt 0.000000 0.062500
vt 0.000000 0.046875
vt 0.015625 0.046875
vt 0.007813 0.039063
vt 0.023438 0.039063
vt 0.015625 0.039063
vt 0.019531 0.042969
vt 0.023438 0.054688
vt 0.031250 0.046875
vt 0.023438 0.046875
vt 0.031250 0.062500
vt 0.015625 0.062500
vt 0.046875 0.046875
vt 0.062500 0.062500
vt 0.046875 0.062500
vt 0.093750 0.062500
vt 0.109375 0.046875
vt 0.125000 0.062500
vt 0.140625 0.046875
vt 0.156250 0.062500
vt 0.140625 0.062500
vt 0.187500 0.062500
vt 0.218750 0.062500
vt 0.250000 0.062500
vt 0.281250 0.062500
vt 0.312500 0.062500
vt 0.328125 0.046875
vt 0.343750 0.046875
vt 0.335938 0.054688
vt 0.343750 0.062500
vt 0.328125 0.062500
vt 0.359375 0.046875
vt 0.375000 0.062500
vt 0.406250 0.062500
vt 0.437500 0.062500
vt 0.468750 0.062500
vt 0.500000 0.062500
vt 0.531250 0.062500
vt 0.562500 0.062500
vt 0.578125 0.046875
vt 0.593750 0.062500
vt 0.609375 0.046875
vt 0.617188 0.039063
vt 0.617188 0.054688
vt 0.625000 0.046875
vt 0.617188 0.046875
vt 0.625000 0.062500
vt 0.609375 0.062500
vt 0.640625 0.046875
vt 0.656250 0.062500
vt 0.687500 0.062500
vt 0.718750 0.062500
vt 0.750000 0.062500
vt 0.781250 0.062500
vt 0.812500 0.062500
vt 0.843750 0.062500
vt 0.875000 0.062500
vt 0.906250 0.062500
vt 0.937500 0.062500
vt 0.953125 0.046875
vt 0.968750 0.062500
vt 1.000000 0.062500
vt 0.000000 0.093750
vt 0.015625 0.078125
vt 0.031250 0.093750
vt 0.031250 0.078125
vt 0.039063 0.070313
vt 0.039063 0.078125
vt 0.046875 0.078125
vt 0.039063 0.085938
vt 0.042969 0.082031
vt 0.062500 0.078125
vt 0.054688 0.085938
vt 0.062500 0.093750
vt 0.046875 0.093750
vt 0.046875 0.085938
vt 0.054688 0.093750
vt 0.050781 0.089844
vt 0.078125 0.078125
vt 0.093750 0.093750
vt 0.125000 0.093750
vt 0.140625 0.078125
vt 0.156250 0.093750
vt 0.187500 0.093750
vt 0.218750 0.093750
vt 0.250000 0.093750
vt 0.281250 0.093750
vt 0.312500 0.093750
vt 0.328125 0.078125
vt 0.343750 0.093750
vt 0.375000 0.093750
vt 0.390625 0.078125
vt 0.406250 0.093750
vt 0.406250 0.078125
vt 0.421875 0.078125
vt 0.437500 0.093750
vt 0.468750 0.093750
vt 0.500000 0.093750
vt 0.531250 0.093750
vt 0.562500 0.093750
vt 0.593750 0.093750
vt 0.609375 0.078125
vt 0.625000 0.093750
vt 0.656250 0.093750
vt 0.671875 0.078125
vt 0.687500 0.093750
vt 0.671875 0.093750
vt 0.718750 0.093750
vt 0.734375 0.078125
vt 0.750000 0.093750
vt 0.750000 0.078125
vt 0.734375 0.093750
vt 0.765625 0.078125
vt 0.781250 0.093750
vt 0.812500 0.093750
vt 0.843750 0.093750
vt 0.875000 0.093750
vt 0.906250 0.093750
vt 0.937500 0.093750
vt 0.953125 0.078125
vt 0.968750 0.093750
vt 0.984375 0.078125
vt 1.000000 0.093750
vt 0.000000 0.125000
vt 0.031250 0.125000
vt 0.046875 0.109375
vt 0.054688 0.101563
vt 0.062500 0.125000
vt 0.062500 0.109375
vt 0.046875 0.125000
vt 0.078125 0.109375
vt 0.093750 0.125000
vt 0.078125 0.125000
vt 0.125000 0.125000
vt 0.156250 0.125000
vt 0.187500 0.125000
vt 0.218750 0.125000
vt 0.250000 0.125000
vt 0.265625 0.109375
vt 0.281250 0.125000
vt 0.265625 0.125000
vt 0.312500 0.125000
vt 0.343750 0.125000
vt 0.375000 0.125000
vt 0.406250 0.125000
vt 0.437500 0.125000
vt 0.468750 0.125000
vt 0.500000 0.125000
vt 0.531250 0.125000
vt 0.562500 0.125000
vt 0.593750 0.125000
vt 0.625000 0.125000
vt 0.640625 0.109375
vt 0.656250 0.125000
vt 0.671875 0.109375
vt 0.687500 0.125000
vt 0.718750 0.125000
vt 0.734375 0.109375
vt 0.750000 0.125000
vt 0.781250 0.125000
vt 0.812500 0.125000
vt 0.843750 0.125000
vt 0.875000 0.125000
vt 0.906250 0.125000
vt 0.937500 0.125000
vt 0.968750 0.125000
vt 1.000000 0.125000
vt 0.000000 0.156250
vt 0.031250 0.156250
vt 0.046875 0.140625
vt 0.054688 0.132813
vt 0.054688 0.148437
vt 0.062500 0.140625
vt 0.054688 0.140625
vt 0.062500 0.156250
vt 0.046875 0.156250
vt 0.078125 0.140625
vt 0.093750 0.156250
vt 0.093750 0.140625
vt 0.078125 0.156250
vt 0.109375 0.140625
vt 0.101563 0.148437
vt 0.125000 0.156250
vt 0.109375 0.156250
vt 0.156250 0.156250
vt 0.187500 0.156250
vt 0.218750 0.156250
vt 0.234375 0.140625
vt 0.250000 0.156250
vt 0.265625 0.140625
vt 0.273438 0.132813
vt 0.273438 0.148437
vt 0.281250 0.140625
vt 0.273438 0.140625
vt 0.281250 0.156250
vt 0.265625 0.156250
vt 0.273438 0.156250
vt 0.296875 0.140625
vt 0.312500 0.156250
vt 0.296875 0.156250
vt 0.343750 0.156250
vt 0.375000 0.156250
vt 0.406250 0.156250
vt 0.437500 0.156250
vt 0.468750 0.156250
vt 0.500000 0.156250
vt 0.531250 0.156250
vt 0.562500 0.156250
vt 0.593750 0.156250
vt 0.625000 0.156250
vt 0.656250 0.156250
vt 0.687500 0.156250
vt 0.718750 0.156250
vt 0.750000 0.156250
vt 0.781250 0.156250
vt 0.796875 0.140625
vt 0.812500 0.156250
vt 0.843750 0.156250
vt 0.875000 0.156250
vt 0.906250 0.156250
vt 0.937500 0.156250
vt 0.968750 0.156250
vt 1.000000 0.156250
vt 0.000000 0.187500
vt 0.031250 0.187500
vt 0.046875 0.171875
vt 0.062500 0.187500
vt 0.062500 0.171875
vt 0.070313 0.164063
vt 0.070313 0.171875
vt 0.078125 0.171875
vt 0.070313 0.179687
vt 0.074219 0.175781
vt 0.093750 0.171875
vt 0.085938 0.179687
vt 0.093750 0.187500
vt 0.078125 0.187500
vt 0.078125 0.179687
vt 0.109375 0.171875
vt 0.117187 0.164063
vt 0.125000 0.187500
vt 0.125000 0.171875
vt 0.109375 0.187500
vt 0.140625 0.171875
vt 0.156250 0.187500
vt 0.187500 0.187500
vt 0.218750 0.187500
vt 0.234375 0.171875
vt 0.250000 0.171875
vt 0.242187 0.179687
vt 0.250000 0.187500
vt 0.234375 0.187500
vt 0.242187 0.187500
vt 0.265625 0.171875
vt 0.273438 0.164063
vt 0.277344 0.160156
vt 0.281250 0.187500
vt 0.281250 0.171875
vt 0.281250 0.164063
vt 0.296875 0.171875
vt 0.289063 0.164063
vt 0.312500 0.187500
vt 0.343750 0.187500
vt 0.375000 0.187500
vt 0.406250 0.187500
vt 0.437500 0.187500
vt 0.468750 0.187500
vt 0.500000 0.187500
vt 0.531250 0.187500
vt 0.562500 0.187500
vt 0.593750 0.187500
vt 0.625000 0.187500
vt 0.656250 0.187500
vt 0.687500 0.187500
vt 0.718750 0.187500
vt 0.750000 0.187500
vt 0.781250 0.187500
vt 0.812500 0.187500
vt 0.828125 0.171875
vt 0.843750 0.187500
vt 0.828125 0.187500
vt 0.859375 0.171875
vt 0.875000 0.187500
vt 0.906250 0.187500
vt 0.937500 0.187500
vt 0.968750 0.187500
vt 1.000000 0.187500
vt 0.000000 0.218750
vt 0.000000 0.203125
vt 0.015625 0.203125
vt 0.007813 0.210937
vt 0.031250 0.203125
vt 0.023438 0.210937
vt 0.031250 0.218750
vt 0.015625 0.218750
vt 0.015625 0.210937
vt 0.023438 0.218750
vt 0.019531 0.214844
vt 0.046875 0.203125
vt 0.062500 0.218750
vt 0.046875 0.218750
vt 0.078125 0.203125
vt 0.093750 0.218750
vt 0.078125 0.218750
vt 0.109375 0.203125
vt 0.125000 0.218750
vt 0.156250 0.218750
vt 0.187500 0.218750
vt 0.218750 0.218750
vt 0.234375 0.203125
vt 0.242187 0.195313
vt 0.250000 0.218750
vt 0.250000 0.203125
vt 0.265625 0.203125
vt 0.281250 0.218750
vt 0.312500 0.218750
vt 0.343750 0.218750
vt 0.375000 0.218750
vt 0.406250 0.218750
vt 0.437500 0.218750
vt 0.468750 0.218750
vt 0.500000 0.218750
vt 0.531250 0.218750
vt 0.562500 0.218750
vt 0.593750 0.218750
vt 0.625000 0.218750
vt 0.656250 0.218750
vt 0.687500 0.218750
vt 0.718750 0.218750
vt 0.750000 0.218750
vt 0.781250 0.218750
vt 0.812500 0.218750
vt 0.828125 0.203125
vt 0.843750 0.218750
vt 0.859375 0.203125
vt 0.875000 0.218750
vt 0.906250 0.218750
vt 0.937500 0.218750
vt 0.968750 0.218750
vt 1.000000 0.218750
vt 0.000000 0.250000
vt 0.015625 0.234375
vt 0.023438 0.226563
vt 0.027344 0.222656
vt 0.031250 0.250000
vt 0.031250 0.234375
vt 0.031250 0.226563
vt 0.046875 0.234375
vt 0.039063 0.226563
vt 0.054688 0.226563
vt 0.062500 0.250000
vt 0.062500 0.234375
vt 0.062500 0.226563
vt 0.078125 0.234375
vt 0.070313 0.226563
vt 0.093750 0.234375
vt 0.085938 0.242187
vt 0.093750 0.250000
vt 0.078125 0.250000
vt 0.085938 0.250000
vt 0.109375 0.234375
vt 0.125000 0.250000
vt 0.156250 0.250000
vt 0.171875 0.234375
vt 0.187500 0.250000
vt 0.171875 0.250000
vt 0.218750 0.250000
vt 0.250000 0.250000
vt 0.281250 0.250000
vt 0.312500 0.250000
vt 0.343750 0.250000
vt 0.375000 0.250000
vt 0.406250 0.250000
vt 0.437500 0.250000
vt 0.468750 0.250000
vt 0.500000 0.250000
vt 0.531250 0.250000
vt 0.562500 0.250000
vt 0.593750 0.250000
vt 0.625000 0.250000
vt 0.656250 0.250000
vt 0.687500 0.250000
vt 0.703125 0.234375
vt 0.718750 0.250000
vt 0.750000 0.250000
vt 0.765625 0.234375
vt 0.781250 0.250000
vt 0.765625 0.250000
vt 0.812500 0.250000
vt 0.843750 0.250000
vt 0.859375 0.234375
vt 0.875000 0.250000
vt 0.859375 0.250000
vt 0.890625 0.234375
vt 0.906250 0.250000
vt 0.890625 0.250000
vt 0.937500 0.250000
vt 0.968750 0.250000
vt 0.984375 0.234375
vt 1.000000 0.250000
vt 0.984375 0.250000
vt 0.000000 0.281250
vt 0.031250 0.281250
vt 0.062500 0.281250
vt 0.078125 0.265625
vt 0.085938 0.257813
vt 0.093750 0.281250
vt 0.093750 0.265625
vt 0.109375 0.265625
vt 0.125000 0.281250
vt 0.140625 0.265625
vt 0.156250 0.281250
vt 0.156250 0.265625
vt 0.171875 0.265625
vt 0.164063 0.273438
vt 0.187500 0.281250
vt 0.171875 0.281250
vt 0.218750 0.281250
vt 0.250000 0.281250
vt 0.281250 0.281250
vt 0.312500 0.281250
vt 0.328125 0.265625
vt 0.343750 0.281250
vt 0.328125 0.281250
vt 0.375000 0.281250
vt 0.406250 0.281250
vt 0.437500 0.281250
vt 0.468750 0.281250
vt 0.500000 0.281250
vt 0.531250 0.281250
vt 0.562500 0.281250
vt 0.593750 0.281250
vt 0.625000 0.281250
vt 0.656250 0.281250
vt 0.687500 0.281250
vt 0.718750 0.281250
vt 0.734375 0.265625
vt 0.750000 0.265625
vt 0.742188 0.273438
vt 0.750000 0.281250
vt 0.750000 0.273438
vt 0.734375 0.281250
vt 0.757813 0.257813
vt 0.757813 0.265625
vt 0.765625 0.265625
vt 0.757813 0.273438
vt 0.753906 0.277344
vt 0.781250 0.281250
vt 0.765625 0.281250
vt 0.757813 0.281250
vt 0.812500 0.281250
vt 0.828125 0.265625
vt 0.843750 0.281250
vt 0.843750 0.265625
vt 0.859375 0.265625
vt 0.851562 0.257813
vt 0.867188 0.257813
vt 0.859375 0.257813
vt 0.863281 0.261719
vt 0.867188 0.273438
vt 0.875000 0.265625
vt 0.867188 0.265625
vt 0.875000 0.281250
vt 0.875000 0.257813
vt 0.859375 0.281250
vt 0.890625 0.265625
vt 0.882813 0.257813
vt 0.906250 0.281250
vt 0.937500 0.281250
vt 0.968750 0.281250
vt 0.984375 0.265625
vt 1.000000 0.281250
vt 0.000000 0.312500
vt 0.031250 0.312500
vt 0.062500 0.312500
vt 0.093750 0.312500
vt 0.109375 0.296875
vt 0.125000 0.312500
vt 0.109375 0.312500
vt 0.140625 0.296875
vt 0.156250 0.312500
vt 0.156250 0.296875
vt 0.164063 0.289063
vt 0.164063 0.296875
vt 0.171875 0.296875
vt 0.164063 0.304688
vt 0.187500 0.312500
vt 0.171875 0.312500
vt 0.203125 0.296875
vt 0.218750 0.312500
vt 0.203125 0.312500
vt 0.250000 0.312500
vt 0.281250 0.312500
vt 0.312500 0.312500
vt 0.328125 0.296875
vt 0.343750 0.312500
vt 0.359375 0.296875
vt 0.375000 0.312500
vt 0.375000 0.296875
vt 0.390625 0.296875
vt 0.382813 0.304688
vt 0.406250 0.312500
vt 0.390625 0.312500
vt 0.437500 0.312500
vt 0.468750 0.312500
vt 0.500000 0.312500
vt 0.531250 0.312500
vt 0.562500 0.312500
vt 0.593750 0.312500
vt 0.625000 0.312500
vt 0.656250 0.312500
vt 0.687500 0.312500
vt 0.718750 0.312500
vt 0.734375 0.296875
vt 0.750000 0.312500
vt 0.750000 0.296875
vt 0.765625 0.296875
vt 0.757813 0.289063
vt 0.781250 0.312500
vt 0.812500 0.312500
vt 0.843750 0.312500
vt 0.859375 0.296875
vt 0.875000 0.312500
vt 0.906250 0.312500
vt 0.937500 0.312500
vt 0.968750 0.312500
vt 1.000000 0.312500
vt 0.000000 0.343750
vt 0.031250 0.343750
vt 0.062500 0.343750
vt 0.093750 0.343750
vt 0.109375 0.328125
vt 0.117187 0.320313
vt 0.125000 0.343750
vt 0.125000 0.328125
vt 0.140625 0.328125
vt 0.156250 0.343750
vt 0.171875 0.328125
vt 0.187500 0.343750
vt 0.203125 0.328125
vt 0.218750 0.343750
vt 0.250000 0.343750
vt 0.281250 0.343750
vt 0.312500 0.343750
vt 0.343750 0.343750
vt 0.375000 0.343750
vt 0.390625 0.328125
vt 0.406250 0.343750
vt 0.437500 0.343750
vt 0.468750 0.343750
vt 0.500000 0.343750
vt 0.531250 0.343750
vt 0.562500 0.343750
vt 0.593750 0.343750
vt 0.625000 0.343750
vt 0.656250 0.343750
vt 0.687500 0.343750
vt 0.718750 0.343750
vt 0.750000 0.343750
vt 0.781250 0.343750
vt 0.812500 0.343750
vt 0.843750 0.343750
vt 0.875000 0.343750
vt 0.890625 0.328125
vt 0.906250 0.328125
vt 0.898438 0.335938
vt 0.906250 0.343750
vt 0.890625 0.343750
vt 0.921875 0.328125
vt 0.937500 0.343750
vt 0.968750 0.343750
vt 1.000000 0.343750
vt 0.000000 0.375000
vt 0.031250 0.375000
vt 0.062500 0.375000
vt 0.093750 0.375000
vt 0.125000 0.375000
vt 0.156250 0.375000
vt 0.187500 0.375000
vt 0.218750 0.375000
vt 0.250000 0.375000
vt 0.281250 0.375000
vt 0.312500 0.375000
vt 0.343750 0.375000
vt 0.375000 0.375000
vt 0.406250 0.375000
vt 0.421875 0.359375
vt 0.437500 0.375000
vt 0.421875 0.375000
vt 0.468750 0.375000
vt 0.500000 0.375000
vt 0.531250 0.375000
vt 0.562500 0.375000
vt 0.578125 0.359375
vt 0.593750 0.375000
vt 0.625000 0.375000
vt 0.656250 0.375000
vt 0.687500 0.375000
vt 0.718750 0.375000
vt 0.750000 0.375000
vt 0.781250 0.375000
vt 0.812500 0.375000
vt 0.843750 0.375000
vt 0.875000 0.375000
vt 0.890625 0.359375
vt 0.906250 0.375000
vt 0.921875 0.359375
vt 0.937500 0.359375
vt 0.929687 0.367188
vt 0.937500 0.375000
vt 0.921875 0.375000
vt 0.929687 0.375000
vt 0.953125 0.359375
vt 0.968750 0.375000
vt 1.000000 0.375000
vt 0.000000 0.406250
vt 0.031250 0.406250
vt 0.062500 0.406250
vt 0.093750 0.406250
vt 0.109375 0.390625
vt 0.125000 0.406250
vt 0.125000 0.390625
vt 0.140625 0.390625
vt 0.132813 0.398438
vt 0.156250 0.406250
vt 0.140625 0.406250
vt 0.187500 0.406250
vt 0.218750 0.406250
vt 0.250000 0.406250
vt 0.281250 0.406250
vt 0.312500 0.406250
vt 0.343750 0.406250
vt 0.359375 0.390625
vt 0.375000 0.406250
vt 0.359375 0.406250
vt 0.406250 0.406250
vt 0.421875 0.390625
vt 0.429688 0.382813
vt 0.437500 0.406250
vt 0.437500 0.390625
vt 0.453125 0.390625
vt 0.468750 0.406250
vt 0.500000 0.406250
vt 0.531250 0.406250
vt 0.562500 0.406250
vt 0.593750 0.406250
vt 0.625000 0.406250
vt 0.656250 0.406250
vt 0.671875 0.390625
vt 0.687500 0.406250
vt 0.718750 0.406250
vt 0.750000 0.406250
vt 0.781250 0.406250
vt 0.812500 0.406250
vt 0.843750 0.406250
vt 0.875000 0.406250
vt 0.906250 0.406250
vt 0.921875 0.390625
vt 0.929687 0.382813
vt 0.937500 0.406250
vt 0.937500 0.390625
vt 0.953125 0.390625
vt 0.968750 0.406250
vt 0.984375 0.390625
vt 1.000000 0.406250
vt 1.000000 0.390625
vt 0.000000 0.437500
vt 0.031250 0.437500
vt 0.046875 0.421875
vt 0.062500 0.437500
vt 0.078125 0.421875
vt 0.093750 0.437500
vt 0.078125 0.437500
vt 0.125000 0.437500
vt 0.140625 0.421875
vt 0.156250 0.437500
vt 0.187500 0.437500
vt 0.203125 0.421875
vt 0.218750 0.437500
vt 0.250000 0.437500
vt 0.281250 0.437500
vt 0.312500 0.437500
vt 0.343750 0.437500
vt 0.359375 0.421875
vt 0.375000 0.437500
vt 0.406250 0.437500
vt 0.437500 0.437500
vt 0.468750 0.437500
vt 0.500000 0.437500
vt 0.531250 0.437500
vt 0.562500 0.437500
vt 0.593750 0.437500
vt 0.625000 0.437500
vt 0.656250 0.437500
vt 0.687500 0.437500
vt 0.718750 0.437500
vt 0.750000 0.437500
vt 0.781250 0.437500
vt 0.812500 0.437500
vt 0.843750 0.437500
vt 0.875000 0.437500
vt 0.906250 0.437500
vt 0.921875 0.421875
vt 0.937500 0.437500
vt 0.937500 0.421875
vt 0.953125 0.421875
vt 0.945313 0.429688
vt 0.968750 0.437500
vt 0.953125 0.437500
vt 1.000000 0.437500
vt 0.000000 0.468750
vt 0.031250 0.468750
vt 0.062500 0.468750
vt 0.078125 0.453125
vt 0.085938 0.445313
vt 0.093750 0.468750
vt 0.093750 0.453125
vt 0.109375 0.453125
vt 0.125000 0.468750
vt 0.156250 0.468750
vt 0.187500 0.468750
vt 0.218750 0.468750
vt 0.250000 0.468750
vt 0.281250 0.468750
vt 0.312500 0.468750
vt 0.343750 0.468750
vt 0.375000 0.468750
vt 0.406250 0.468750
vt 0.437500 0.468750
vt 0.468750 0.468750
vt 0.500000 0.468750
vt 0.531250 0.468750
vt 0.562500 0.468750
vt 0.593750 0.468750
vt 0.625000 0.468750
vt 0.656250 0.468750
vt 0.687500 0.468750
vt 0.718750 0.468750
vt 0.750000 0.468750
vt 0.781250 0.468750
vt 0.812500 0.468750
vt 0.843750 0.468750
vt 0.875000 0.468750
vt 0.906250 0.468750
vt 0.937500 0.468750
vt 0.953125 0.453125
vt 0.968750 0.468750
vt 1.000000 0.468750
vt 0.000000 0.500000
vt 0.031250 0.500000
vt 0.062500 0.500000
vt 0.093750 0.500000
vt 0.125000 0.500000
vt 0.156250 0.500000
vt 0.187500 0.500000
vt 0.203125 0.484375
vt 0.218750 0.500000
vt 0.250000 0.500000
vt 0.265625 0.484375
vt 0.281250 0.500000
vt 0.265625 0.500000
vt 0.312500 0.500000
vt 0.328125 0.484375
vt 0.343750 0.500000
vt 0.375000 0.500000
vt 0.406250 0.500000
vt 0.437500 0.500000
vt 0.468750 0.500000
vt 0.500000 0.500000
vt 0.531250 0.500000
vt 0.562500 0.500000
vt 0.578125 0.484375
vt 0.593750 0.500000
vt 0.625000 0.500000
vt 0.656250 0.500000
vt 0.687500 0.500000
vt 0.718750 0.500000
vt 0.750000 0.500000
vt 0.781250 0.500000
vt 0.796875 0.484375
vt 0.812500 0.500000
vt 0.796875 0.500000
vt 0.843750 0.500000
vt 0.875000 0.500000
vt 0.906250 0.500000
vt 0.937500 0.500000
vt 0.953125 0.484375
vt 0.968750 0.500000
vt 1.000000 0.500000
vt 0.000000 0.531250
vt 0.031250 0.531250
vt 0.062500 0.531250
vt 0.093750 0.531250
vt 0.125000 0.531250
vt 0.156250 0.531250
vt 0.187500 0.531250
vt 0.218750 0.531250
vt 0.250000 0.531250
vt 0.265625 0.515625
vt 0.273438 0.507813
vt 0.281250 0.531250
vt 0.281250 0.515625
vt 0.296875 0.515625
vt 0.312500 0.531250
vt 0.343750 0.531250
vt 0.375000 0.531250
vt 0.390625 0.515625
vt 0.406250 0.531250
vt 0.421875 0.515625
vt 0.437500 0.531250
vt 0.421875 0.531250
vt 0.468750 0.531250
vt 0.500000 0.531250
vt 0.531250 0.531250
vt 0.562500 0.531250
vt 0.593750 0.531250
vt 0.625000 0.531250
vt 0.656250 0.531250
vt 0.687500 0.531250
vt 0.718750 0.531250
vt 0.750000 0.531250
vt 0.781250 0.531250
vt 0.796875 0.515625
vt 0.804687 0.507813
vt 0.812500 0.531250
vt 0.812500 0.515625
vt 0.828125 0.515625
vt 0.843750 0.531250
vt 0.875000 0.531250
vt 0.890625 0.515625
vt 0.906250 0.515625
vt 0.898438 0.523438
vt 0.906250 0.531250
vt 0.890625 0.531250
vt 0.898438 0.531250
vt 0.921875 0.515625
vt 0.937500 0.531250
vt 0.968750 0.531250
vt 0.984375 0.515625
vt 1.000000 0.531250
vt 0.000000 0.562500
vt 0.031250 0.562500
vt 0.062500 0.562500
vt 0.093750 0.562500
vt 0.125000 0.562500
vt 0.156250 0.562500
vt 0.187500 0.562500
vt 0.203125 0.546875
vt 0.218750 0.562500
vt 0.250000 0.562500
vt 0.281250 0.562500
vt 0.312500 0.562500
vt 0.328125 0.546875
vt 0.343750 0.562500
vt 0.375000 0.562500
vt 0.406250 0.562500
vt 0.421875 0.546875
vt 0.437500 0.562500
vt 0.468750 0.562500
vt 0.500000 0.562500
vt 0.531250 0.562500
vt 0.562500 0.562500
vt 0.593750 0.562500
vt 0.625000 0.562500
vt 0.656250 0.562500
vt 0.687500 0.562500
vt 0.703125 0.546875
vt 0.718750 0.562500
vt 0.750000 0.562500
vt 0.781250 0.562500
vt 0.812500 0.562500
vt 0.843750 0.562500
vt 0.875000 0.562500
vt 0.890625 0.546875
vt 0.898438 0.539063
vt 0.906250 0.562500
vt 0.906250 0.546875
vt 0.890625 0.562500
vt 0.921875 0.546875
vt 0.937500 0.562500
vt 0.968750 0.562500
vt 1.000000 0.562500
vt 0.000000 0.593750
vt 0.031250 0.593750
vt 0.062500 0.593750
vt 0.078125 0.578125
vt 0.093750 0.593750
vt 0.093750 0.578125
vt 0.109375 0.578125
vt 0.125000 0.593750
vt 0.156250 0.593750
vt 0.187500 0.593750
vt 0.218750 0.593750
vt 0.250000 0.593750
vt 0.265625 0.578125
vt 0.281250 0.593750
vt 0.265625 0.593750
vt 0.312500 0.593750
vt 0.328125 0.578125
vt 0.343750 0.593750
vt 0.328125 0.593750
vt 0.375000 0.593750
vt 0.406250 0.593750
vt 0.437500 0.593750
vt 0.468750 0.593750
vt 0.500000 0.593750
vt 0.531250 0.593750
vt 0.562500 0.593750
vt 0.593750 0.593750
vt 0.625000 0.593750
vt 0.656250 0.593750
vt 0.687500 0.593750
vt 0.718750 0.593750
vt 0.750000 0.593750
vt 0.781250 0.593750
vt 0.812500 0.593750
vt 0.843750 0.593750
vt 0.875000 0.593750
vt 0.890625 0.578125
vt 0.906250 0.593750
vt 0.937500 0.593750
vt 0.968750 0.593750
vt 1.000000 0.593750
vt 0.000000 0.625000
vt 0.031250 0.625000
vt 0.062500 0.625000
vt 0.078125 0.609375
vt 0.093750 0.625000
vt 0.093750 0.609375
vt 0.078125 0.625000
vt 0.109375 0.609375
vt 0.125000 0.625000
vt 0.156250 0.625000
vt 0.187500 0.625000
vt 0.218750 0.625000
vt 0.234375 0.609375
vt 0.250000 0.625000
vt 0.250000 0.609375
vt 0.257813 0.601562
vt 0.257813 0.609375
vt 0.265625 0.609375
vt 0.257813 0.617188
vt 0.281250 0.625000
vt 0.265625 0.625000
vt 0.312500 0.625000
vt 0.328125 0.609375
vt 0.343750 0.625000
vt 0.375000 0.625000
vt 0.406250 0.625000
vt 0.437500 0.625000
vt 0.468750 0.625000
vt 0.500000 0.625000
vt 0.531250 0.625000
vt 0.562500 0.625000
vt 0.593750 0.625000
vt 0.625000 0.625000
vt 0.656250 0.625000
vt 0.671875 0.609375
vt 0.687500 0.625000
vt 0.718750 0.625000
vt 0.750000 0.625000
vt 0.781250 0.625000
vt 0.812500 0.625000
vt 0.843750 0.625000
vt 0.875000 0.625000
vt 0.906250 0.625000
vt 0.937500 0.625000
vt 0.968750 0.625000
vt 1.000000 0.625000
vt 0.000000 0.656250
vt 0.031250 0.656250
vt 0.062500 0.656250
vt 0.078125 0.640625
vt 0.085938 0.632813
vt 0.093750 0.656250
vt 0.093750 0.640625
vt 0.109375 0.640625
vt 0.125000 0.656250
vt 0.140625 0.640625
vt 0.156250 0.656250
vt 0.156250 0.640625
vt 0.171875 0.640625
vt 0.164063 0.648438
vt 0.187500 0.656250
vt 0.171875 0.656250
vt 0.218750 0.656250
vt 0.250000 0.656250
vt 0.265625 0.640625
vt 0.281250 0.656250
vt 0.281250 0.640625
vt 0.296875 0.640625
vt 0.289063 0.648438
vt 0.312500 0.656250
vt 0.296875 0.656250
vt 0.343750 0.656250
vt 0.359375 0.640625
vt 0.375000 0.656250
vt 0.375000 0.640625
vt 0.390625 0.640625
vt 0.406250 0.656250
vt 0.421875 0.640625
vt 0.437500 0.656250
vt 0.437500 0.640625
vt 0.453125 0.640625
vt 0.445313 0.648438
vt 0.468750 0.656250
vt 0.453125 0.656250
vt 0.500000 0.656250
vt 0.531250 0.656250
vt 0.562500 0.656250
vt 0.593750 0.656250
vt 0.625000 0.656250
vt 0.656250 0.656250
vt 0.687500 0.656250
vt 0.718750 0.656250
vt 0.750000 0.656250
vt 0.781250 0.656250
vt 0.812500 0.656250
vt 0.843750 0.656250
vt 0.875000 0.656250
vt 0.890625 0.640625
vt 0.906250 0.656250
vt 0.937500 0.656250
vt 0.953125 0.640625
vt 0.968750 0.656250
vt 0.984375 0.640625
vt 1.000000 0.640625
vt 0.992188 0.648438
vt 1.000000 0.656250
vt 0.984375 0.656250
vt 0.000000 0.687500
vt 0.031250 0.687500
vt 0.062500 0.687500
vt 0.078125 0.671875
vt 0.093750 0.687500
vt 0.078125 0.687500
vt 0.125000 0.687500
vt 0.140625 0.671875
vt 0.156250 0.687500
vt 0.140625 0.687500
vt 0.171875 0.671875
vt 0.187500 0.687500
vt 0.171875 0.687500
vt 0.218750 0.687500
vt 0.234375 0.671875
vt 0.250000 0.687500
vt 0.234375 0.687500
vt 0.265625 0.671875
vt 0.281250 0.687500
vt 0.296875 0.671875
vt 0.312500 0.687500
vt 0.312500 0.671875
vt 0.328125 0.671875
vt 0.320313 0.679687
vt 0.343750 0.687500
vt 0.328125 0.687500
vt 0.359375 0.671875
vt 0.375000 0.687500
vt 0.375000 0.671875
vt 0.390625 0.671875
vt 0.382813 0.679687
vt 0.406250 0.671875
vt 0.398438 0.679687
vt 0.406250 0.687500
vt 0.390625 0.687500
vt 0.390625 0.679687
vt 0.421875 0.671875
vt 0.437500 0.687500
vt 0.453125 0.671875
vt 0.468750 0.687500
vt 0.500000 0.687500
vt 0.531250 0.687500
vt 0.562500 0.687500
vt 0.593750 0.687500
vt 0.625000 0.687500
vt 0.656250 0.687500
vt 0.687500 0.687500
vt 0.718750 0.687500
vt 0.750000 0.687500
vt 0.781250 0.687500
vt 0.812500 0.687500
vt 0.843750 0.687500
vt 0.875000 0.687500
vt 0.890625 0.671875
vt 0.906250 0.671875
vt 0.898438 0.679687
vt 0.906250 0.687500
vt 0.906250 0.679687
vt 0.890625 0.687500
vt 0.921875 0.671875
vt 0.914063 0.679687
vt 0.910156 0.683594
vt 0.937500 0.687500
vt 0.921875 0.687500
vt 0.914063 0.687500
vt 0.953125 0.671875
vt 0.968750 0.687500
vt 0.984375 0.671875
vt 1.000000 0.687500
vt 0.000000 0.718750
vt 0.031250 0.718750
vt 0.046875 0.703125
vt 0.062500 0.718750
vt 0.062500 0.703125
vt 0.078125 0.703125
vt 0.070313 0.695313
vt 0.093750 0.718750
vt 0.109375 0.703125
vt 0.125000 0.718750
vt 0.109375 0.718750
vt 0.140625 0.703125
vt 0.156250 0.718750
vt 0.140625 0.718750
vt 0.171875 0.703125
vt 0.179687 0.695313
vt 0.187500 0.703125
vt 0.179687 0.710938
vt 0.187500 0.718750
vt 0.171875 0.718750
vt 0.203125 0.703125
vt 0.218750 0.718750
vt 0.234375 0.703125
vt 0.250000 0.718750
vt 0.281250 0.718750
vt 0.312500 0.718750
vt 0.328125 0.703125
vt 0.335938 0.695313
vt 0.343750 0.718750
vt 0.343750 0.703125
vt 0.359375 0.703125
vt 0.351563 0.710938
vt 0.375000 0.703125
vt 0.367188 0.710938
vt 0.375000 0.718750
vt 0.359375 0.718750
vt 0.359375 0.710938
vt 0.367188 0.718750
vt 0.363281 0.714844
vt 0.390625 0.703125
vt 0.406250 0.718750
vt 0.437500 0.718750
vt 0.468750 0.718750
vt 0.500000 0.718750
vt 0.515625 0.703125
vt 0.531250 0.718750
vt 0.562500 0.718750
vt 0.593750 0.718750
vt 0.625000 0.718750
vt 0.656250 0.718750
vt 0.671875 0.703125
vt 0.687500 0.718750
vt 0.687500 0.703125
vt 0.703125 0.703125
vt 0.695313 0.710938
vt 0.718750 0.718750
vt 0.703125 0.718750
vt 0.750000 0.718750
vt 0.781250 0.718750
vt 0.812500 0.718750
vt 0.843750 0.718750
vt 0.875000 0.718750
vt 0.890625 0.703125
vt 0.906250 0.718750
vt 0.906250 0.703125
vt 0.921875 0.703125
vt 0.914063 0.695313
vt 0.937500 0.703125
vt 0.929687 0.710938
vt 0.937500 0.718750
vt 0.921875 0.718750
vt 0.929687 0.718750
vt 0.953125 0.703125
vt 0.968750 0.718750
vt 1.000000 0.718750
vt 0.000000 0.750000
vt 0.015625 0.734375
vt 0.031250 0.750000
vt 0.015625 0.750000
vt 0.062500 0.750000
vt 0.078125 0.734375
vt 0.093750 0.750000
vt 0.109375 0.734375
vt 0.117187 0.726562
vt 0.125000 0.750000
vt 0.125000 0.734375
vt 0.125000 0.726562
vt 0.140625 0.734375
vt 0.132813 0.726562
vt 0.156250 0.750000
vt 0.156250 0.734375
vt 0.171875 0.734375
vt 0.164063 0.726562
vt 0.187500 0.734375
vt 0.179687 0.742188
vt 0.187500 0.750000
vt 0.171875 0.750000
vt 0.203125 0.734375
vt 0.218750 0.750000
vt 0.250000 0.750000
vt 0.281250 0.750000
vt 0.312500 0.750000
vt 0.343750 0.750000
vt 0.359375 0.734375
vt 0.367188 0.726562
vt 0.375000 0.750000
vt 0.375000 0.734375
vt 0.390625 0.734375
vt 0.406250 0.750000
vt 0.390625 0.750000
vt 0.421875 0.734375
vt 0.437500 0.734375
vt 0.429688 0.742188
vt 0.437500 0.750000
vt 0.437500 0.742188
vt 0.421875 0.750000
vt 0.453125 0.734375
vt 0.445313 0.742188
vt 0.441406 0.746094
vt 0.468750 0.750000
vt 0.453125 0.750000
vt 0.445313 0.750000
vt 0.500000 0.750000
vt 0.515625 0.734375
vt 0.531250 0.750000
vt 0.515625 0.750000
vt 0.562500 0.750000
vt 0.593750 0.750000
vt 0.625000 0.750000
vt 0.656250 0.750000
vt 0.687500 0.750000
vt 0.703125 0.734375
vt 0.718750 0.734375
vt 0.710938 0.742188
vt 0.718750 0.750000
vt 0.703125 0.750000
vt 0.734375 0.734375
vt 0.726562 0.742188
vt 0.750000 0.750000
vt 0.734375 0.750000
vt 0.781250 0.750000
vt 0.812500 0.750000
vt 0.843750 0.750000
vt 0.875000 0.750000
vt 0.906250 0.750000
vt 0.921875 0.734375
vt 0.929687 0.726562
vt 0.937500 0.750000
vt 0.937500 0.734375
vt 0.953125 0.734375
vt 0.968750 0.750000
vt 0.984375 0.734375
vt 1.000000 0.750000
vt 1.000000 0.734375
vt 0.000000 0.781250
vt 0.015625 0.765625
vt 0.031250 0.781250
vt 0.062500 0.781250
vt 0.093750 0.781250
vt 0.125000 0.781250
vt 0.140625 0.765625
vt 0.156250 0.781250
vt 0.156250 0.765625
vt 0.171875 0.765625
vt 0.164063 0.757813
vt 0.187500 0.781250
vt 0.218750 0.781250
vt 0.250000 0.781250
vt 0.281250 0.781250
vt 0.312500 0.781250
vt 0.343750 0.781250
vt 0.375000 0.781250
vt 0.390625 0.765625
vt 0.398438 0.757813
vt 0.406250 0.781250
vt 0.406250 0.765625
vt 0.421875 0.765625
vt 0.414063 0.773438
vt 0.437500 0.781250
vt 0.437500 0.765625
vt 0.421875 0.781250
vt 0.414063 0.781250
vt 0.453125 0.765625
vt 0.445313 0.757813
vt 0.468750 0.781250
vt 0.500000 0.781250
vt 0.515625 0.765625
vt 0.523438 0.757813
vt 0.531250 0.781250
vt 0.531250 0.765625
vt 0.515625 0.781250
vt 0.546875 0.765625
vt 0.539063 0.773438
vt 0.562500 0.781250
vt 0.546875 0.781250
vt 0.593750 0.781250
vt 0.609375 0.765625
vt 0.625000 0.765625
vt 0.617188 0.773438
vt 0.625000 0.781250
vt 0.625000 0.773438
vt 0.609375 0.781250
vt 0.640625 0.765625
vt 0.632813 0.773438
vt 0.656250 0.781250
vt 0.656250 0.765625
vt 0.640625 0.781250
vt 0.671875 0.765625
vt 0.664063 0.773438
vt 0.687500 0.765625
vt 0.679687 0.773438
vt 0.687500 0.781250
vt 0.687500 0.773438
vt 0.671875 0.781250
vt 0.671875 0.773438
vt 0.703125 0.765625
vt 0.695313 0.773438
vt 0.718750 0.781250
vt 0.718750 0.765625
vt 0.703125 0.781250
vt 0.734375 0.765625
vt 0.726562 0.757813
vt 0.742188 0.757813
vt 0.734375 0.757813
vt 0.738281 0.761719
vt 0.742188 0.773438
vt 0.750000 0.765625
vt 0.742188 0.765625
vt 0.750000 0.781250
vt 0.734375 0.781250
vt 0.765625 0.765625
vt 0.781250 0.781250
vt 0.812500 0.781250
vt 0.843750 0.781250
vt 0.875000 0.781250
vt 0.906250 0.781250
vt 0.921875 0.765625
vt 0.937500 0.781250
vt 0.937500 0.765625
vt 0.953125 0.765625
vt 0.968750 0.781250
vt 1.000000 0.781250
vt 0.000000 0.812500
vt 0.031250 0.812500
vt 0.062500 0.812500
vt 0.093750 0.812500
vt 0.125000 0.812500
vt 0.156250 0.812500
vt 0.187500 0.812500
vt 0.218750 0.812500
vt 0.250000 0.812500
vt 0.265625 0.796875
vt 0.281250 0.796875
vt 0.273438 0.804687
vt 0.281250 0.812500
vt 0.265625 0.812500
vt 0.273438 0.812500
vt 0.296875 0.796875
vt 0.312500 0.812500
vt 0.343750 0.812500
vt 0.375000 0.812500
vt 0.390625 0.796875
vt 0.406250 0.812500
vt 0.406250 0.796875
vt 0.421875 0.796875
vt 0.414063 0.789063
vt 0.437500 0.812500
vt 0.453125 0.796875
vt 0.468750 0.812500
vt 0.453125 0.812500
vt 0.484375 0.796875
vt 0.500000 0.812500
vt 0.500000 0.796875
vt 0.515625 0.796875
vt 0.507813 0.789063
vt 0.523438 0.789063
vt 0.515625 0.789063
vt 0.519531 0.792969
vt 0.523438 0.804687
vt 0.531250 0.796875
vt 0.523438 0.796875
vt 0.531250 0.812500
vt 0.531250 0.789063
vt 0.527344 0.792969
vt 0.523438 0.792969
vt 0.515625 0.812500
vt 0.546875 0.796875
vt 0.539063 0.789063
vt 0.562500 0.812500
vt 0.593750 0.812500
vt 0.609375 0.796875
vt 0.625000 0.812500
vt 0.609375 0.812500
vt 0.640625 0.796875
vt 0.656250 0.812500
vt 0.671875 0.796875
vt 0.687500 0.812500
vt 0.703125 0.796875
vt 0.718750 0.812500
vt 0.734375 0.796875
vt 0.750000 0.812500
vt 0.781250 0.812500
vt 0.812500 0.812500
vt 0.828125 0.796875
vt 0.843750 0.812500
vt 0.828125 0.812500
vt 0.875000 0.812500
vt 0.890625 0.796875
vt 0.906250 0.812500
vt 0.906250 0.796875
vt 0.921875 0.796875
vt 0.914063 0.804687
vt 0.937500 0.812500
vt 0.921875 0.812500
vt 0.968750 0.812500
vt 1.000000 0.812500
vt 0.000000 0.843750
vt 0.031250 0.843750
vt 0.062500 0.843750
vt 0.093750 0.843750
vt 0.125000 0.843750
vt 0.156250 0.843750
vt 0.187500 0.843750
vt 0.218750 0.843750
vt 0.250000 0.843750
vt 0.265625 0.828125
vt 0.273438 0.820313
vt 0.281250 0.843750
vt 0.281250 0.828125
vt 0.296875 0.828125
vt 0.312500 0.843750
vt 0.343750 0.843750
vt 0.375000 0.843750
vt 0.406250 0.843750
vt 0.437500 0.843750
vt 0.453125 0.828125
vt 0.460938 0.820313
vt 0.468750 0.843750
vt 0.468750 0.828125
vt 0.484375 0.828125
vt 0.476563 0.835938
vt 0.500000 0.843750
vt 0.484375 0.843750
vt 0.515625 0.828125
vt 0.531250 0.843750
vt 0.546875 0.828125
vt 0.562500 0.843750
vt 0.562500 0.828125
vt 0.578125 0.828125
vt 0.570313 0.835938
vt 0.593750 0.843750
vt 0.578125 0.843750
vt 0.609375 0.828125
vt 0.617188 0.820313
vt 0.625000 0.843750
vt 0.625000 0.828125
vt 0.640625 0.828125
vt 0.656250 0.843750
vt 0.640625 0.843750
vt 0.687500 0.843750
vt 0.718750 0.843750
vt 0.750000 0.843750
vt 0.781250 0.843750
vt 0.796875 0.828125
vt 0.812500 0.843750
vt 0.812500 0.828125
vt 0.828125 0.828125
vt 0.835938 0.820313
vt 0.835938 0.835938
vt 0.843750 0.828125
vt 0.835938 0.828125
vt 0.843750 0.843750
vt 0.843750 0.835938
vt 0.828125 0.843750
vt 0.859375 0.828125
vt 0.851562 0.835938
vt 0.875000 0.843750
vt 0.859375 0.843750
vt 0.906250 0.843750
vt 0.921875 0.828125
vt 0.937500 0.843750
vt 0.968750 0.843750
vt 1.000000 0.843750
vt 0.000000 0.875000
vt 0.031250 0.875000
vt 0.062500 0.875000
vt 0.093750 0.875000
vt 0.125000 0.875000
vt 0.156250 0.875000
vt 0.187500 0.875000
vt 0.218750 0.875000
vt 0.250000 0.875000
vt 0.281250 0.875000
vt 0.312500 0.875000
vt 0.343750 0.875000
vt 0.375000 0.875000
vt 0.406250 0.875000
vt 0.437500 0.875000
vt 0.468750 0.875000
vt 0.484375 0.859375
vt 0.500000 0.875000
vt 0.515625 0.859375
vt 0.531250 0.875000
vt 0.531250 0.859375
vt 0.546875 0.859375
vt 0.562500 0.875000
vt 0.578125 0.859375
vt 0.585938 0.851562
vt 0.593750 0.875000
vt 0.593750 0.859375
vt 0.609375 0.859375
vt 0.601562 0.867188
vt 0.625000 0.875000
vt 0.609375 0.875000
vt 0.640625 0.859375
vt 0.648438 0.851562
vt 0.656250 0.875000
vt 0.656250 0.859375
vt 0.671875 0.859375
vt 0.687500 0.875000
vt 0.718750 0.875000
vt 0.750000 0.875000
vt 0.781250 0.875000
vt 0.812500 0.875000
vt 0.828125 0.859375
vt 0.843750 0.875000
vt 0.843750 0.859375
vt 0.859375 0.859375
vt 0.875000 0.875000
vt 0.906250 0.875000
vt 0.937500 0.875000
vt 0.953125 0.859375
vt 0.968750 0.875000
vt 0.968750 0.859375
vt 0.984375 0.859375
vt 1.000000 0.875000
vt 1.000000 0.859375
vt 0.984375 0.875000
vt 0.000000 0.906250
vt 0.031250 0.906250
vt 0.062500 0.906250
vt 0.093750 0.906250
vt 0.125000 0.906250
vt 0.156250 0.906250
vt 0.187500 0.906250
vt 0.218750 0.906250
vt 0.250000 0.906250
vt 0.265625 0.890625
vt 0.281250 0.906250
vt 0.296875 0.890625
vt 0.312500 0.906250
vt 0.296875 0.906250
vt 0.343750 0.906250
vt 0.375000 0.906250
vt 0.406250 0.906250
vt 0.437500 0.906250
vt 0.468750 0.906250
vt 0.500000 0.906250
vt 0.531250 0.906250
vt 0.562500 0.906250
vt 0.578125 0.890625
vt 0.593750 0.890625
vt 0.585938 0.898438
vt 0.593750 0.906250
vt 0.593750 0.898438
vt 0.578125 0.906250
vt 0.609375 0.890625
vt 0.601562 0.898438
vt 0.625000 0.906250
vt 0.609375 0.906250
vt 0.656250 0.906250
vt 0.671875 0.890625
vt 0.687500 0.890625
vt 0.679687 0.898438
vt 0.687500 0.906250
vt 0.687500 0.898438
vt 0.671875 0.906250
vt 0.703125 0.890625
vt 0.695313 0.898438
vt 0.691406 0.902344
vt 0.718750 0.906250
vt 0.703125 0.906250
vt 0.695313 0.906250
vt 0.734375 0.890625
vt 0.750000 0.906250
vt 0.750000 0.890625
vt 0.734375 0.906250
vt 0.765625 0.890625
vt 0.781250 0.906250
vt 0.765625 0.906250
vt 0.796875 0.890625
vt 0.812500 0.906250
vt 0.796875 0.906250
vt 0.828125 0.890625
vt 0.843750 0.906250
vt 0.828125 0.906250
vt 0.859375 0.890625
vt 0.875000 0.906250
vt 0.859375 0.906250
vt 0.906250 0.906250
vt 0.921875 0.890625
vt 0.937500 0.906250
vt 0.921875 0.906250
vt 0.968750 0.906250
vt 0.984375 0.890625
vt 1.000000 0.906250
vt 0.000000 0.937500
vt 0.031250 0.937500
vt 0.062500 0.937500
vt 0.093750 0.937500
vt 0.125000 0.937500
vt 0.156250 0.937500
vt 0.187500 0.937500
vt 0.218750 0.937500
vt 0.250000 0.937500
vt 0.281250 0.937500
vt 0.296875 0.921875
vt 0.304688 0.914063
vt 0.312500 0.937500
vt 0.312500 0.921875
vt 0.296875 0.937500
vt 0.328125 0.921875
vt 0.343750 0.937500
vt 0.375000 0.937500
vt 0.406250 0.937500
vt 0.437500 0.937500
vt 0.468750 0.937500
vt 0.484375 0.921875
vt 0.500000 0.937500
vt 0.500000 0.921875
vt 0.515625 0.921875
vt 0.531250 0.937500
vt 0.562500 0.937500
vt 0.578125 0.921875
vt 0.593750 0.937500
vt 0.609375 0.921875
vt 0.617188 0.914063
vt 0.625000 0.937500
vt 0.625000 0.921875
vt 0.640625 0.921875
vt 0.656250 0.937500
vt 0.640625 0.937500
vt 0.671875 0.921875
vt 0.687500 0.937500
vt 0.687500 0.921875
vt 0.703125 0.921875
vt 0.695313 0.914063
vt 0.718750 0.937500
vt 0.718750 0.921875
vt 0.734375 0.921875
vt 0.742188 0.914063
vt 0.750000 0.937500
vt 0.750000 0.921875
vt 0.750000 0.914063
vt 0.765625 0.921875
vt 0.757813 0.914063
vt 0.773438 0.914063
vt 0.773438 0.921875
vt 0.773438 0.929687
vt 0.777344 0.925781
vt 0.781250 0.921875
vt 0.781250 0.929687
vt 0.777344 0.933594
vt 0.781250 0.937500
vt 0.781250 0.933594
vt 0.765625 0.937500
vt 0.773438 0.937500
vt 0.796875 0.921875
vt 0.789063 0.929687
vt 0.785156 0.933594
vt 0.804687 0.914063
vt 0.812500 0.937500
vt 0.812500 0.921875
vt 0.812500 0.914063
vt 0.796875 0.937500
vt 0.789063 0.937500
vt 0.828125 0.921875
vt 0.820313 0.914063
vt 0.835938 0.914063
vt 0.828125 0.914063
vt 0.843750 0.937500
vt 0.843750 0.921875
vt 0.843750 0.914063
vt 0.828125 0.937500
vt 0.859375 0.921875
vt 0.851562 0.914063
vt 0.875000 0.937500
vt 0.859375 0.937500
vt 0.906250 0.937500
vt 0.921875 0.921875
vt 0.929687 0.914063
vt 0.937500 0.937500
vt 0.937500 0.921875
vt 0.953125 0.921875
vt 0.968750 0.937500
vt 1.000000 0.937500
vt 0.000000 0.953125
vt 0.000000 0.968750
vt 0.015625 0.953125
vt 0.031250 0.968750
vt 0.062500 0.968750
vt 0.093750 0.968750
vt 0.125000 0.968750
vt 0.156250 0.968750
vt 0.187500 0.968750
vt 0.218750 0.968750
vt 0.250000 0.968750
vt 0.281250 0.968750
vt 0.296875 0.953125
vt 0.312500 0.968750
vt 0.343750 0.968750
vt 0.375000 0.968750
vt 0.406250 0.968750
vt 0.437500 0.968750
vt 0.468750 0.968750
vt 0.500000 0.968750
vt 0.531250 0.968750
vt 0.562500 0.968750
vt 0.593750 0.968750
vt 0.625000 0.968750
vt 0.640625 0.953125
vt 0.648438 0.945313
vt 0.656250 0.968750
vt 0.656250 0.953125
vt 0.671875 0.953125
vt 0.687500 0.968750
vt 0.718750 0.968750
vt 0.750000 0.968750
vt 0.765625 0.953125
vt 0.773438 0.945313
vt 0.781250 0.968750
vt 0.781250 0.953125
vt 0.796875 0.953125
vt 0.789063 0.945313
vt 0.812500 0.968750
vt 0.828125 0.953125
vt 0.835938 0.945313
vt 0.843750 0.968750
vt 0.843750 0.953125
vt 0.843750 0.945313
vt 0.851562 0.953125
vt 0.851562 0.945313
vt 0.847656 0.949219
vt 0.859375 0.953125
vt 0.851562 0.960938
vt 0.875000 0.968750
vt 0.859375 0.968750
vt 0.906250 0.968750
vt 0.921875 0.953125
vt 0.937500 0.968750
vt 0.921875 0.968750
vt 0.953125 0.953125
vt 0.968750 0.968750
vt 0.953125 0.968750
vt 1.000000 0.968750
vt 0.000000 1.000000
vt 0.031250 1.000000
vt 0.062500 1.000000
vt 0.093750 1.000000
vt 0.125000 1.000000
vt 0.140625 0.984375
vt 0.156250 1.000000
vt 0.140625 1.000000
vt 0.171875 0.984375
vt 0.187500 1.000000
vt 0.171875 1.000000
vt 0.218750 1.000000
vt 0.250000 1.000000
vt 0.281250 1.000000
vt 0.312500 1.000000
vt 0.343750 1.000000
vt 0.375000 1.000000
vt 0.390625 0.984375
vt 0.406250 1.000000
vt 0.437500 1.000000
vt 0.468750 1.000000
vt 0.500000 1.000000
vt 0.515625 0.984375
vt 0.531250 1.000000
vt 0.546875 0.984375
vt 0.562500 1.000000
vt 0.546875 1.000000
vt 0.593750 1.000000
vt 0.625000 1.000000
vt 0.640625 0.984375
vt 0.656250 1.000000
vt 0.671875 0.984375
vt 0.687500 1.000000
vt 0.687500 0.984375
vt 0.703125 0.984375
vt 0.695313 0.992188
vt 0.718750 1.000000
vt 0.718750 0.984375
vt 0.703125 1.000000
vt 0.734375 0.984375
vt 0.726562 0.992188
vt 0.750000 1.000000
vt 0.734375 1.000000
vt 0.781250 1.000000
vt 0.796875 0.984375
vt 0.812500 0.984375
vt 0.804687 0.992188
vt 0.812500 1.000000
vt 0.796875 1.000000
vt 0.828125 0.984375
vt 0.843750 1.000000
vt 0.843750 0.984375
vt 0.859375 0.984375
vt 0.851562 0.992188
vt 0.875000 0.984375
vt 0.867188 0.992188
vt 0.875000 1.000000
vt 0.859375 1.000000
vt 0.859375 0.992188
vt 0.890625 0.984375
vt 0.906250 1.000000
vt 0.906250 0.984375
vt 0.921875 0.984375
vt 0.914063 0.976562
vt 0.929687 0.976562
vt 0.921875 0.976562
vt 0.937500 1.000000
vt 0.937500 0.984375
vt 0.937500 0.976562
vt 0.953125 0.984375
vt 0.945313 0.976562
vt 0.968750 0.984375
vt 0.960938 0.992188
vt 0.968750 1.000000
vt 0.953125 1.000000
vt 0.960938 1.000000
vt 0.984375 0.984375
vt 1.000000 1.000000
vt 0.984375 1.000000
g terrain_g
usemtl terrain_mtl
f 1/1/1 38/38/38 37/37/37
f 3/3/3 39/39/39 38/38/38
f 2/2/2 39/39/39 3/3/3
f 1/1/1 3/3/3 38/38/38
f 38/38/38 41/41/41 40/40/40
f 41/41/41 39/39/39 2/2/2
f 38/38/38 39/39/39 41/41/41
f 38/38/38 42/42/42 37/37/37
f 40/40/40 42/42/42 38/38/38
f 43/43/43 41/41/41 2/2/2
f 41/41/41 44/44/44 40/40/40
f 43/43/43 44/44/44 41/41/41
f 4/4/4 43/43/43 2/2/2
f 45/45/45 43/43/43 4/4/4
f 46/46/46 44/44/44 43/43/43
f 40/40/40 44/44/44 46/46/46
f 45/45/45 46/46/46 43/43/43
f 45/45/45 4/4/4 5/5/5
f 5/5/5 47/47/47 45/45/45
f 47/47/47 5/5/5 6/6/6
f 6/6/6 48/48/48 47/47/47
f 48/48/48 6/6/6 7/7/7
f 7/7/7 49/49/49 48/48/48
f 49/49/49 7/7/7 8/8/8
f 8/8/8 50/50/50 49/49/49
f 50/50/50 8/8/8 9/9/9
f 9/9/9 51/51/51 50/50/50
f 51/51/51 9/9/9 10/10/10
f 10/10/10 52/52/52 51/51/51
f 52/52/52 10/10/10 11/11/11
f 11/11/11 53/53/53 52/52/52
f 53/53/53 11/11/11 12/12/12
f 12/12/12 54/54/54 53/53/53
f 54/54/54 12/12/12 13/13/13
f 13/13/13 55/55/55 54/54/54
f 55/55/55 13/13/13 14/14/14
f 14/14/14 56/56/56 55/55/55
f 56/56/56 14/14/14 15/15/15
f 15/15/15 57/57/57 56/56/56
f 57/57/57 15/15/15 16/16/16
f 16/16/16 58/58/58 57/57/57
f 58/58/58 16/16/16 17/17/17
f 17/17/17 59/59/59 58/58/58
f 17/17/17 60/60/60 59/59/59
f 18/18/18 60/60/60 17/17/17
f 60/60/60 62/62/62 61/61/61
f 18/18/18 62/62/62 60/60/60
f 59/59/59 60/60/60 61/61/61
f 63/63/63 62/62/62 18/18/18
f 61/61/61 62/62/62 63/63/63
f 63/63/63 20/20/20 19/19/19
f 18/18/18 20/20/20 63/63/63
f 64/64/64 63/63/63 19/19/19
f 61/61/61 63/63/63 64/64/64
f 64/64/64 19/19/19 21/21/21
f 21/21/21 65/65/65 64/64/64
f 65/65/65 21/21/21 22/22/22
f 22/22/22 66/66/66 65/65/65
f 22/22/22 67/67/67 66/66/66
f 23/23/23 67/67/67 22/22/22
f 68/68/68 67/67/67 23/23/23
f 67/67/67 69/69/69 66/66/66
f 68/68/68 69/69/69 67/67/67
f 68/68/68 23/23/23 24/24/24
f 24/24/24 70/70/70 68/68/68
f 70/70/70 24/24/24 25/25/25
f 25/25/25 71/71/71 70/70/70
f 71/71/71 25/25/25 26/26/26
f 26/26/26 72/72/72 71/71/71
f 72/72/72 26/26/26 27/27/27
f 27/27/27 73/73/73 72/72/72
f 73/73/73 27/27/27 28/28/28
f 28/28/28 74/74/74 73/73/73
f 74/74/74 28/28/28 29/29/29
f 29/29/29 75/75/75 74/74/74
f 75/75/75 29/29/29 30/30/30
f 30/30/30 76/76/76 75/75/75
f 76/76/76 30/30/30 31/31/31
f 31/31/31 77/77/77 76/76/76
f 77/77/77 31/31/31 32/32/32
f 32/32/32 78/78/78 77/77/77
f 32/32/32 79/79/79 78/78/78
f 33/33/33 79/79/79 32/32/32
f 79/79/79 81/81/81 80/80/80
f 33/33/33 81/81/81 79/79/79
f 78/78/78 79/79/79 80/80/80
f 81/81/81 83/83/83 82/82/82
f 33/33/33 83/83/83 81/81/81
f 80/80/80 81/81/81 82/82/82
f 82/82/82 35/35/35 34/34/34
f 35/35/35 83/83/83 33/33/33
f 82/82/82 83/83/83 35/35/35
f 84/84/84 82/82/82 34/34/34
f 80/80/80 82/82/82 84/84/84
f 84/84/84 34/34/34 36/36/36
f 36/36/36 85/85/85 84/84/84
f 87/87/87 89/89/89 88/88/88
f 37/37/37 89/89/89 87/87/87
f 86/86/86 87/87/87 88/88/88
f 90/90/90 91/91/91 42/42/42
f 91/91/91 92/92/92 88/88/88
f 90/90/90 92/92/92 91/91/91
f 40/40/40 90/90/90 42/42/42
f 42/42/42 89/89/89 37/37/37
f 89/89/89 91/91/91 88/88/88
f 42/42/42 91/91/91 89/89/89
f 93/93/93 95/95/95 94/94/94
f 88/88/88 95/95/95 93/93/93
f 96/96/96 93/93/93 94/94/94
f 94/94/94 90/90/90 40/40/40
f 95/95/95 92/92/92 90/90/90
f 88/88/88 92/92/92 95/95/95
f 94/94/94 95/95/95 90/90/90
f 88/88/88 97/97/97 86/86/86
f 97/97/97 93/93/93 96/96/96
f 88/88/88 93/93/93 97/97/97
f 98/98/98 94/94/94 40/40/40
f 96/96/96 94/94/94 98/98/98
f 98/98/98 46/46/46 45/45/45
f 40/40/40 46/46/46 98/98/98
f 99/99/99 98/98/98 45/45/45
f 98/98/98 100/100/100 96/96/96
f 99/99/99 100/100/100 98/98/98
f 99/99/99 45/45/45 47/47/47
f 47/47/47 101/101/101 99/99/99
f 47/47/47 102/102/102 101/101/101
f 48/48/48 102/102/102 47/47/47
f 103/103/103 102/102/102 48/48/48
f 101/101/101 102/102/102 103/103/103
f 48/48/48 104/104/104 103/103/103
f 49/49/49 104/104/104 48/48/48
f 105/105/105 104/104/104 49/49/49
f 104/104/104 106/106/106 103/103/103
f 105/105/105 106/106/106 104/104/104
f 105/105/105 49/49/49 50/50/50
f 50/50/50 107/107/107 105/105/105
f 107/107/107 50/50/50 51/51/51
f 51/51/51 108/108/108 107/107/107
f 108/108/108 51/51/51 52/52/52
f 52/52/52 109/109/109 108/108/108
f 109/109/109 52/52/52 53/53/53
f 53/53/53 110/110/110 109/109/109
f 110/110/110 53/53/53 54/54/54
f 54/54/54 111/111/111 110/110/110
f 54/54/54 112/112/112 111/111/111
f 55/55/55 112/112/112 54/54/54
f 113/113/113 114/114/114 112/112/112
f 115/115/115 114/114/114 113/113/113
f 55/55/55 113/113/113 112/112/112
f 112/112/112 116/116/116 111/111/111
f 116/116/116 114/114/114 115/115/115
f 112/112/112 114/114/114 116/116/116
f 117/117/117 113/113/113 55/55/55
f 115/115/115 113/113/113 117/117/117
f 56/56/56 117/117/117 55/55/55
f 118/118/118 117/117/117 56/56/56
f 115/115/115 117/117/117 118/118/118
f 118/118/118 56/56/56 57/57/57
f 57/57/57 119/119/119 118/118/118
f 119/119/119 57/57/57 58/58/58
f 58/58/58 120/120/120 119/119/119
f 120/120/120 58/58/58 59/59/59
f 59/59/59 121/121/121 120/120/120
f 121/121/121 59/59/59 61/61/61
f 61/61/61 122/122/122 121/121/121
f 122/122/122 61/61/61 64/64/64
f 64/64/64 123/123/123 122/122/122
f 123/123/123 64/64/64 65/65/65
f 65/65/65 124/124/124 123/123/123
f 65/65/65 125/125/125 124/124/124
f 66/66/66 125/125/125 65/65/65
f 126/126/126 125/125/125 66/66/66
f 124/124/124 125/125/125 126/126/126
f 66/66/66 127/127/127 126/126/126
f 69/69/69 128/128/128 127/127/127
f 68/68/68 128/128/128 69/69/69
f 66/66/66 69/69/69 127/127/127
f 129/129/129 131/131/131 130/130/130
f 127/127/127 131/131/131 129/129/129
f 132/132/132 129/129/129 130/130/130
f 130/130/130 128/128/128 68/68/68
f 128/128/128 131/131/131 127/127/127
f 130/130/130 131/131/131 128/128/128
f 127/127/127 133/133/133 126/126/126
f 133/133/133 129/129/129 132/132/132
f 127/127/127 129/129/129 133/133/133
f 134/134/134 130/130/130 68/68/68
f 132/132/132 130/130/130 134/134/134
f 70/70/70 134/134/134 68/68/68
f 135/135/135 134/134/134 70/70/70
f 132/132/132 134/134/134 135/135/135
f 135/135/135 70/70/70 71/71/71
f 71/71/71 136/136/136 135/135/135
f 136/136/136 71/71/71 72/72/72
f 72/72/72 137/137/137 136/136/136
f 137/137/137 72/72/72 73/73/73
f 73/73/73 138/138/138 137/137/137
f 138/138/138 73/73/73 74/74/74
f 74/74/74 139/139/139 138/138/138
f 139/139/139 74/74/74 75/75/75
f 75/75/75 140/140/140 139/139/139
f 140/140/140 75/75/75 76/76/76
f 76/76/76 141/141/141 140/140/140
f 141/141/141 76/76/76 77/77/77
f 77/77/77 142/142/142 141/141/141
f 142/142/142 77/77/77 78/78/78
f 78/78/78 143/143/143 142/142/142
f 143/143/143 78/78/78 80/80/80
f 80/80/80 144/144/144 143/143/143
f 80/80/80 145/145/145 144/144/144
f 84/84/84 145/145/145 80/80/80
f 146/146/146 145/145/145 84/84/84
f 144/144/144 145/145/145 146/146/146
f 146/146/146 84/84/84 85/85/85
f 85/85/85 147/147/147 146/146/146
f 86/86/86 149/149/149 148/148/148
f 149/149/149 97/97/97 96/96/96
f 86/86/86 97/97/97 149/149/149
f 149/149/149 151/151/151 150/150/150
f 96/96/96 151/151/151 149/149/149
f 148/148/148 149/149/149 150/150/150
f 152/152/152 153/153/153 151/151/151
f 154/154/154 153/153/153 152/152/152
f 96/96/96 152/152/152 151/151/151
f 151/151/151 155/155/155 150/150/150
f 153/153/153 156/156/156 155/155/155
f 154/154/154 156/156/156 153/153/153
f 151/151/151 153/153/153 155/155/155
f 154/154/154 100/100/100 99/99/99
f 100/100/100 152/152/152 96/96/96
f 154/154/154 152/152/152 100/100/100
f 157/157/157 158/158/158 154/154/154
f 159/159/159 158/158/158 157/157/157
f 99/99/99 157/157/157 154/154/154
f 155/155/155 161/161/161 160/160/160
f 161/161/161 156/156/156 154/154/154
f 155/155/155 156/156/156 161/161/161
f 150/150/150 155/155/155 160/160/160
f 162/162/162 163/163/163 158/158/158
f 160/160/160 163/163/163 162/162/162
f 159/159/159 162/162/162 158/158/158
f 158/158/158 161/161/161 154/154/154
f 161/161/161 163/163/163 160/160/160
f 158/158/158 163/163/163 161/161/161
f 164/164/164 157/157/157 99/99/99
f 159/159/159 157/157/157 164/164/164
f 101/101/101 164/164/164 99/99/99
f 165/165/165 164/164/164 101/101/101
f 159/159/159 164/164/164 165/165/165
f 165/165/165 101/101/101 103/103/103
f 103/103/103 166/166/166 165/165/165
f 103/103/103 167/167/167 166/166/166
f 167/167/167 106/106/106 105/105/105
f 103/103/103 106/106/106 167/167/167
f 168/168/168 167/167/167 105/105/105
f 166/166/166 167/167/167 168/168/168
f 168/168/168 105/105/105 107/107/107
f 107/107/107 169/169/169 168/168/168
f 169/169/169 107/107/107 108/108/108
f 108/108/108 170/170/170 169/169/169
f 170/170/170 108/108/108 109/109/109
f 109/109/109 171/171/171 170/170/170
f 171/171/171 109/109/109 110/110/110
f 110/110/110 172/172/172 171/171/171
f 172/172/172 110/110/110 111/111/111
f 111/111/111 173/173/173 172/172/172
f 111/111/111 174/174/174 173/173/173
f 174/174/174 116/116/116 115/115/115
f 111/111/111 116/116/116 174/174/174
f 175/175/175 174/174/174 115/115/115
f 173/173/173 174/174/174 175/175/175
f 175/175/175 115/115/115 118/118/118
f 118/118/118 176/176/176 175/175/175
f 118/118/118 177/177/177 176/176/176
f 119/119/119 177/177/177 118/118/118
f 177/177/177 179/179/179 178/178/178
f 119/119/119 179/179/179 177/177/177
f 176/176/176 177/177/177 178/178/178
f 180/180/180 179/179/179 119/119/119
f 178/178/178 179/179/179 180/180/180
f 120/120/120 180/180/180 119/119/119
f 181/181/181 180/180/180 120/120/120
f 178/178/178 180/180/180 181/181/181
f 181/181/181 120/120/120 121/121/121
f 121/121/121 182/182/182 181/181/181
f 182/182/182 121/121/121 122/122/122
f 122/122/122 183/183/183 182/182/182
f 183/183/183 122/122/122 123/123/123
f 123/123/123 184/184/184 183/183/183
f 184/184/184 123/123/123 124/124/124
f 124/124/124 185/185/185 184/184/184
f 185/185/185 124/124/124 126/126/126
f 126/126/126 186/186/186 185/185/185
f 126/126/126 187/187/187 186/186/186
f 187/187/187 133/133/133 132/132/132
f 126/126/126 133/133/133 187/187/187
f 188/188/188 187/187/187 132/132/132
f 186/186/186 187/187/187 188/188/188
f 188/188/188 132/132/132 135/135/135
f 135/135/135 189/189/189 188/188/188
f 135/135/135 190/190/190 189/189/189
f 136/136/136 190/190/190 135/135/135
f 191/191/191 190/190/190 136/136/136
f 190/190/190 192/192/192 189/189/189
f 191/191/191 192/192/192 190/190/190
f 191/191/191 136/136/136 137/137/137
f 137/137/137 193/193/193 191/191/191
f 137/137/137 194/194/194 193/193/193
f 138/138/138 194/194/194 137/137/137
f 194/194/194 196/196/196 195/195/195
f 138/138/138 196/196/196 194/194/194
f 194/194/194 197/197/197 193/193/193
f 195/195/195 197/197/197 194/194/194
f 198/198/198 196/196/196 138/138/138
f 195/195/195 196/196/196 198/198/198
f 139/139/139 198/198/198 138/138/138
f 199/199/199 198/198/198 139/139/139
f 195/195/195 198/198/198 199/199/199
f 199/199/199 139/139/139 140/140/140
f 140/140/140 200/200/200 199/199/199
f 200/200/200 140/140/140 141/141/141
f 141/141/141 201/201/201 200/200/200
f 201/201/201 141/141/141 142/142/142
f 142/142/142 202/202/202 201/201/201
f 202/202/202 142/142/142 143/143/143
f 143/143/143 203/203/203 202/202/202
f 203/203/203 143/143/143 144/144/144
f 144/144/144 204/204/204 203/203/203
f 144/144/144 205/205/205 204/204/204
f 146/146/146 205/205/205 144/144/144
f 206/206/206 205/205/205 146/146/146
f 204/204/204 205/205/205 206/206/206
f 146/146/146 207/207/207 206/206/206
f 147/147/147 207/207/207 146/146/146
f 208/208/208 207/207/207 147/147/147
f 206/206/206 207/207/207 208/208/208
f 209/209/209 148/148/148 150/150/150
f 150/150/150 210/210/210 209/209/209
f 150/150/150 211/211/211 210/210/210
f 160/160/160 212/212/212 211/211/211
f 212/212/212 162/162/162 159/159/159
f 160/160/160 162/162/162 212/212/212
f 150/150/150 160/160/160 211/211/211
f 211/211/211 214/214/214 213/213/213
f 214/214/214 212/212/212 159/159/159
f 211/211/211 212/212/212 214/214/214
f 211/211/211 215/215/215 210/210/210
f 213/213/213 215/215/215 211/211/211
f 216/216/216 214/214/214 159/159/159
f 213/213/213 214/214/214 216/216/216
f 165/165/165 216/216/216 159/159/159
f 217/217/217 216/216/216 165/165/165
f 216/216/216 218/218/218 213/213/213
f 217/217/217 218/218/218 216/216/216
f 217/217/217 165/165/165 166/166/166
f 166/166/166 219/219/219 217/217/217
f 219/219/219 166/166/166 168/168/168
f 168/168/168 220/220/220 219/219/219
f 220/220/220 168/168/168 169/169/169
f 169/169/169 221/221/221 220/220/220
f 221/221/221 169/169/169 170/170/170
f 170/170/170 222/222/222 221/221/221
f 222/222/222 170/170/170 171/171/171
f 171/171/171 223/223/223 222/222/222
f 171/171/171 224/224/224 223/223/223
f 172/172/172 224/224/224 171/171/171
f 225/225/225 224/224/224 172/172/172
f 224/224/224 226/226/226 223/223/223
f 225/225/225 226/226/226 224/224/224
f 225/225/225 172/172/172 173/173/173
f 173/173/173 227/227/227 225/225/225
f 227/227/227 173/173/173 175/175/175
f 175/175/175 228/228/228 227/227/227
f 228/228/228 175/175/175 176/176/176
f 176/176/176 229/229/229 228/228/228
f 229/229/229 176/176/176 178/178/178
f 178/178/178 230/230/230 229/229/229
f 230/230/230 178/178/178 181/181/181
f 181/181/181 231/231/231 230/230/230
f 231/231/231 181/181/181 182/182/182
f 182/182/182 232/232/232 231/231/231
f 232/232/232 182/182/182 183/183/183
f 183/183/183 233/233/233 232/232/232
f 233/233/233 183/183/183 184/184/184
f 184/184/184 234/234/234 233/233/233
f 234/234/234 184/184/184 185/185/185
f 185/185/185 235/235/235 234/234/234
f 235/235/235 185/185/185 186/186/186
f 186/186/186 236/236/236 235/235/235
f 236/236/236 186/186/186 188/188/188
f 188/188/188 237/237/237 236/236/236
f 188/188/188 238/238/238 237/237/237
f 189/189/189 238/238/238 188/188/188
f 239/239/239 238/238/238 189/189/189
f 237/237/237 238/238/238 239/239/239
f 189/189/189 240/240/240 239/239/239
f 240/240/240 192/192/192 191/191/191
f 189/189/189 192/192/192 240/240/240
f 241/241/241 240/240/240 191/191/191
f 239/239/239 240/240/240 241/241/241
f 241/241/241 191/191/191 193/193/193
f 193/193/193 242/242/242 241/241/241
f 193/193/193 243/243/243 242/242/242
f 243/243/243 197/197/197 195/195/195
f 193/193/193 197/197/197 243/243/243
f 244/244/244 243/243/243 195/195/195
f 242/242/242 243/243/243 244/244/244
f 244/244/244 195/195/195 199/199/199
f 199/199/199 245/245/245 244/244/244
f 245/245/245 199/199/199 200/200/200
f 200/200/200 246/246/246 245/245/245
f 246/246/246 200/200/200 201/201/201
f 201/201/201 247/247/247 246/246/246
f 247/247/247 201/201/201 202/202/202
f 202/202/202 248/248/248 247/247/247
f 248/248/248 202/202/202 203/203/203
f 203/203/203 249/249/249 248/248/248
f 249/249/249 203/203/203 204/204/204
f 204/204/204 250/250/250 249/249/249
f 250/250/250 204/204/204 206/206/206
f 206/206/206 251/251/251 250/250/250
f 251/251/251 206/206/206 208/208/208
f 208/208/208 252/252/252 251/251/251
f 253/253/253 209/209/209 210/210/210
f 210/210/210 254/254/254 253/253/253
f 210/210/210 255/255/255 254/254/254
f 215/215/215 256/256/256 255/255/255
f 213/213/213 256/256/256 215/215/215
f 210/210/210 215/215/215 255/255/255
f 257/257/257 259/259/259 258/258/258
f 255/255/255 259/259/259 257/257/257
f 260/260/260 257/257/257 258/258/258
f 258/258/258 256/256/256 213/213/213
f 256/256/256 259/259/259 255/255/255
f 258/258/258 259/259/259 256/256/256
f 255/255/255 261/261/261 254/254/254
f 261/261/261 257/257/257 260/260/260
f 255/255/255 257/257/257 261/261/261
f 262/262/262 258/258/258 213/213/213
f 260/260/260 258/258/258 262/262/262
f 262/262/262 218/218/218 217/217/217
f 213/213/213 218/218/218 262/262/262
f 262/262/262 264/264/264 263/263/263
f 217/217/217 264/264/264 262/262/262
f 262/262/262 265/265/265 260/260/260
f 263/263/263 265/265/265 262/262/262
f 266/266/266 264/264/264 217/217/217
f 264/264/264 267/267/267 263/263/263
f 266/266/266 267/267/267 264/264/264
f 219/219/219 266/266/266 217/217/217
f 268/268/268 266/266/266 219/219/219
f 269/269/269 267/267/267 266/266/266
f 263/263/263 267/267/267 269/269/269
f 268/268/268 269/269/269 266/266/266
f 268/268/268 219/219/219 220/220/220
f 220/220/220 270/270/270 268/268/268
f 270/270/270 220/220/220 221/221/221
f 221/221/221 271/271/271 270/270/270
f 271/271/271 221/221/221 222/222/222
f 222/222/222 272/272/272 271/271/271
f 222/222/222 273/273/273 272/272/272
f 223/223/223 273/273/273 222/222/222
f 274/274/274 273/273/273 223/223/223
f 272/272/272 273/273/273 274/274/274
f 223/223/223 275/275/275 274/274/274
f 226/226/226 276/276/276 275/275/275
f 225/225/225 276/276/276 226/226/226
f 223/223/223 226/226/226 275/275/275
f 277/277/277 279/279/279 278/278/278
f 275/275/275 279/279/279 277/277/277
f 280/280/280 277/277/277 278/278/278
f 278/278/278 276/276/276 225/225/225
f 276/276/276 279/279/279 275/275/275
f 278/278/278 279/279/279 276/276/276
f 275/275/275 281/281/281 274/274/274
f 277/277/277 282/282/282 281/281/281
f 280/280/280 282/282/282 277/277/277
f 275/275/275 277/277/277 281/281/281
f 283/283/283 278/278/278 225/225/225
f 280/280/280 278/278/278 283/283/283
f 227/227/227 283/283/283 225/225/225
f 284/284/284 283/283/283 227/227/227
f 283/283/283 285/285/285 280/280/280
f 284/284/284 285/285/285 283/283/283
f 284/284/284 227/227/227 228/228/228
f 228/228/228 286/286/286 284/284/284
f 286/286/286 228/228/228 229/229/229
f 229/229/229 287/287/287 286/286/286
f 287/287/287 229/229/229 230/230/230
f 230/230/230 288/288/288 287/287/287
f 288/288/288 230/230/230 231/231/231
f 231/231/231 289/289/289 288/288/288
f 289/289/289 231/231/231 232/232/232
f 232/232/232 290/290/290 289/289/289
f 290/290/290 232/232/232 233/233/233
f 233/233/233 291/291/291 290/290/290
f 291/291/291 233/233/233 234/234/234
f 234/234/234 292/292/292 291/291/291
f 292/292/292 234/234/234 235/235/235
f 235/235/235 293/293/293 292/292/292
f 293/293/293 235/235/235 236/236/236
f 236/236/236 294/294/294 293/293/293
f 294/294/294 236/236/236 237/237/237
f 237/237/237 295/295/295 294/294/294
f 295/295/295 237/237/237 239/239/239
f 239/239/239 296/296/296 295/295/295
f 296/296/296 239/239/239 241/241/241
f 241/241/241 297/297/297 296/296/296
f 297/297/297 241/241/241 242/242/242
f 242/242/242 298/298/298 297/297/297
f 298/298/298 242/242/242 244/244/244
f 244/244/244 299/299/299 298/298/298
f 299/299/299 244/244/244 245/245/245
f 245/245/245 300/300/300 299/299/299
f 245/245/245 301/301/301 300/300/300
f 246/246/246 301/301/301 245/245/245
f 302/302/302 301/301/301 246/246/246
f 300/300/300 301/301/301 302/302/302
f 302/302/302 246/246/246 247/247/247
f 247/247/247 303/303/303 302/302/302
f 303/303/303 247/247/247 248/248/248
f 248/248/248 304/304/304 303/303/303
f 304/304/304 248/248/248 249/249/249
f 249/249/249 305/305/305 304/304/304
f 305/305/305 249/249/249 250/250/250
f 250/250/250 306/306/306 305/305/305
f 306/306/306 250/250/250 251/251/251
f 251/251/251 307/307/307 306/306/306
f 307/307/307 251/251/251 252/252/252
f 252/252/252 308/308/308 307/307/307
f 309/309/309 253/253/253 254/254/254
f 254/254/254 310/310/310 309/309/309
f 254/254/254 311/311/311 310/310/310
f 311/311/311 261/261/261 260/260/260
f 254/254/254 261/261/261 311/311/311
f 311/311/311 313/313/313 312/312/312
f 260/260/260 313/313/313 311/311/311
f 310/310/310 311/311/311 312/312/312
f 314/314/314 315/315/315 313/313/313
f 316/316/316 315/315/315 314/314/314
f 260/260/260 314/314/314 313/313/313
f 313/313/313 317/317/317 312/312/312
f 315/315/315 318/318/318 317/317/317
f 316/316/316 318/318/318 315/315/315
f 313/313/313 315/315/315 317/317/317
f 316/316/316 265/265/265 263/263/263
f 265/265/265 314/314/314 260/260/260
f 316/316/316 314/314/314 265/265/265
f 319/319/319 320/320/320 316/316/316
f 321/321/321 320/320/320 319/319/319
f 263/263/263 319/319/319 316/316/316
f 317/317/317 323/323/323 322/322/322
f 323/323/323 318/318/318 316/316/316
f 317/317/317 318/318/318 323/323/323
f 312/312/312 317/317/317 322/322/322
f 322/322/322 320/320/320 321/321/321
f 320/320/320 323/323/323 316/316/316
f 322/322/322 323/323/323 320/320/320
f 324/324/324 319/319/319 263/263/263
f 321/321/321 319/319/319 324/324/324
f 269/269/269 325/325/325 324/324/324
f 268/268/268 325/325/325 269/269/269
f 263/263/263 269/269/269 324/324/324
f 324/324/324 327/327/327 326/326/326
f 327/327/327 325/325/325 268/268/268
f 324/324/324 325/325/325 327/327/327
f 324/324/324 328/328/328 321/321/321
f 326/326/326 328/328/328 324/324/324
f 329/329/329 327/327/327 268/268/268
f 326/326/326 327/327/327 329/329/329
f 270/270/270 329/329/329 268/268/268
f 330/330/330 329/329/329 270/270/270
f 326/326/326 329/329/329 330/330/330
f 330/330/330 270/270/270 271/271/271
f 271/271/271 331/331/331 330/330/330
f 331/331/331 271/271/271 272/272/272
f 272/272/272 332/332/332 331/331/331
f 272/272/272 333/333/333 332/332/332
f 274/274/274 333/333/333 272/272/272
f 334/334/334 335/335/335 333/333/333
f 336/336/336 335/335/335 334/334/334
f 274/274/274 334/334/334 333/333/333
f 333/333/333 337/337/337 332/332/332
f 335/335/335 338/338/338 337/337/337
f 336/336/336 338/338/338 335/335/335
f 333/333/333 335/335/335 337/337/337
f 339/339/339 334/334/334 274/274/274
f 336/336/336 334/334/334 339/339/339
f 281/281/281 340/340/340 339/339/339
f 282/282/282 341/341/341 340/340/340
f 280/280/280 341/341/341 282/282/282
f 281/281/281 282/282/282 340/340/340
f 274/274/274 281/281/281 339/339/339
f 339/339/339 343/343/343 342/342/342
f 340/340/340 344/344/344 343/343/343
f 344/344/344 341/341/341 280/280/280
f 340/340/340 341/341/341 344/344/344
f 339/339/339 340/340/340 343/343/343
f 336/336/336 339/339/339 342/342/342
f 343/343/343 346/346/346 345/345/345
f 346/346/346 344/344/344 280/280/280
f 343/343/343 344/344/344 346/346/346
f 342/342/342 343/343/343 345/345/345
f 345/345/345 285/285/285 284/284/284
f 285/285/285 346/346/346 280/280/280
f 345/345/345 346/346/346 285/285/285
f 347/347/347 345/345/345 284/284/284
f 342/342/342 345/345/345 347/347/347
f 347/347/347 284/284/284 286/286/286
f 286/286/286 348/348/348 347/347/347
f 348/348/348 286/286/286 287/287/287
f 287/287/287 349/349/349 348/348/348
f 349/349/349 287/287/287 288/288/288
f 288/288/288 350/350/350 349/349/349
f 350/350/350 288/288/288 289/289/289
f 289/289/289 351/351/351 350/350/350
f 351/351/351 289/289/289 290/290/290
f 290/290/290 352/352/352 351/351/351
f 352/352/352 290/290/290 291/291/291
f 291/291/291 353/353/353 352/352/352
f 353/353/353 291/291/291 292/292/292
f 292/292/292 354/354/354 353/353/353
f 354/354/354 292/292/292 293/293/293
f 293/293/293 355/355/355 354/354/354
f 355/355/355 293/293/293 294/294/294
f 294/294/294 356/356/356 355/355/355
f 356/356/356 294/294/294 295/295/295
f 295/295/295 357/357/357 356/356/356
f 357/357/357 295/295/295 296/296/296
f 296/296/296 358/358/358 357/357/357
f 358/358/358 296/296/296 297/297/297
f 297/297/297 359/359/359 358/358/358
f 359/359/359 297/297/297 298/298/298
f 298/298/298 360/360/360 359/359/359
f 360/360/360 298/298/298 299/299/299
f 299/299/299 361/361/361 360/360/360
f 361/361/361 299/299/299 300/300/300
f 300/300/300 362/362/362 361/361/361
f 362/362/362 300/300/300 302/302/302
f 302/302/302 363/363/363 362/362/362
f 302/302/302 364/364/364 363/363/363
f 303/303/303 364/364/364 302/302/302
f 365/365/365 364/364/364 303/303/303
f 364/364/364 366/366/366 363/363/363
f 365/365/365 366/366/366 364/364/364
f 303/303/303 367/367/367 365/365/365
f 304/304/304 367/367/367 303/303/303
f 368/368/368 367/367/367 304/304/304
f 365/365/365 367/367/367 368/368/368
f 368/368/368 304/304/304 305/305/305
f 305/305/305 369/369/369 368/368/368
f 369/369/369 305/305/305 306/306/306
f 306/306/306 370/370/370 369/369/369
f 370/370/370 306/306/306 307/307/307
f 307/307/307 371/371/371 370/370/370
f 371/371/371 307/307/307 308/308/308
f 308/308/308 372/372/372 371/371/371
f 375/375/375 374/374/374 309/309/309
f 374/374/374 376/376/376 373/373/373
f 375/375/375 376/376/376 374/374/374
f 310/310/310 375/375/375 309/309/309
f 377/377/377 378/378/378 375/375/375
f 379/379/379 378/378/378 377/377/377
f 310/310/310 377/377/377 375/375/375
f 376/376/376 381/381/381 380/380/380
f 375/375/375 381/381/381 376/376/376
f 373/373/373 376/376/376 380/380/380
f 382/382/382 383/383/383 378/378/378
f 380/380/380 383/383/383 382/382/382
f 379/379/379 382/382/382 378/378/378
f 378/378/378 381/381/381 375/375/375
f 381/381/381 383/383/383 380/380/380
f 378/378/378 383/383/383 381/381/381
f 384/384/384 377/377/377 310/310/310
f 379/379/379 377/377/377 384/384/384
f 312/312/312 384/384/384 310/310/310
f 385/385/385 384/384/384 312/312/312
f 384/384/384 386/386/386 379/379/379
f 385/385/385 386/386/386 384/384/384
f 312/312/312 387/387/387 385/385/385
f 387/387/387 322/322/322 321/321/321
f 312/312/312 322/322/322 387/387/387
f 388/388/388 387/387/387 321/321/321
f 387/387/387 389/389/389 385/385/385
f 388/388/388 389/389/389 387/387/387
f 321/321/321 390/390/390 388/388/388
f 390/390/390 328/328/328 326/326/326
f 321/321/321 328/328/328 390/390/390
f 391/391/391 390/390/390 326/326/326
f 388/388/388 390/390/390 391/391/391
f 391/391/391 326/326/326 330/330/330
f 330/330/330 392/392/392 391/391/391
f 392/392/392 330/330/330 331/331/331
f 331/331/331 393/393/393 392/392/392
f 393/393/393 331/331/331 332/332/332
f 332/332/332 394/394/394 393/393/393
f 332/332/332 395/395/395 394/394/394
f 337/337/337 396/396/396 395/395/395
f 396/396/396 338/338/338 336/336/336
f 337/337/337 338/338/338 396/396/396
f 332/332/332 337/337/337 395/395/395
f 395/395/395 398/398/398 397/397/397
f 398/398/398 396/396/396 336/336/336
f 395/395/395 396/396/396 398/398/398
f 394/394/394 395/395/395 397/397/397
f 399/399/399 398/398/398 336/336/336
f 397/397/397 398/398/398 399/399/399
f 342/342/342 399/399/399 336/336/336
f 400/400/400 399/399/399 342/342/342
f 397/397/397 399/399/399 400/400/400
f 400/400/400 342/342/342 347/347/347
f 347/347/347 401/401/401 400/400/400
f 401/401/401 347/347/347 348/348/348
f 348/348/348 402/402/402 401/401/401
f 402/402/402 348/348/348 349/349/349
f 349/349/349 403/403/403 402/402/402
f 403/403/403 349/349/349 350/350/350
f 350/350/350 404/404/404 403/403/403
f 404/404/404 350/350/350 351/351/351
f 351/351/351 405/405/405 404/404/404
f 405/405/405 351/351/351 352/352/352
f 352/352/352 406/406/406 405/405/405
f 406/406/406 352/352/352 353/353/353
f 353/353/353 407/407/407 406/406/406
f 407/407/407 353/353/353 354/354/354
f 354/354/354 408/408/408 407/407/407
f 408/408/408 354/354/354 355/355/355
f 355/355/355 409/409/409 408/408/408
f 409/409/409 355/355/355 356/356/356
f 356/356/356 410/410/410 409/409/409
f 410/410/410 356/356/356 357/357/357
f 357/357/357 411/411/411 410/410/410
f 411/411/411 357/357/357 358/358/358
f 358/358/358 412/412/412 411/411/411
f 412/412/412 358/358/358 359/359/359
f 359/359/359 413/413/413 412/412/412
f 413/413/413 359/359/359 360/360/360
f 360/360/360 414/414/414 413/413/413
f 414/414/414 360/360/360 361/361/361
f 361/361/361 415/415/415 414/414/414
f 415/415/415 361/361/361 362/362/362
f 362/362/362 416/416/416 415/415/415
f 416/416/416 362/362/362 363/363/363
f 363/363/363 417/417/417 416/416/416
f 363/363/363 418/418/418 417/417/417
f 418/418/418 366/366/366 365/365/365
f 363/363/363 366/366/366 418/418/418
f 419/419/419 418/418/418 365/365/365
f 417/417/417 418/418/418 419/419/419
f 365/365/365 420/420/420 419/419/419
f 368/368/368 420/420/420 365/365/365
f 421/421/421 420/420/420 368/368/368
f 419/419/419 420/420/420 421/421/421
f 421/421/421 368/368/368 369/369/369
f 369/369/369 422/422/422 421/421/421
f 422/422/422 369/369/369 370/370/370
f 370/370/370 423/423/423 422/422/422
f 423/423/423 370/370/370 371/371/371
f 371/371/371 424/424/424 423/423/423
f 424/424/424 371/371/371 372/372/372
f 372/372/372 425/425/425 424/424/424
f 373/373/373 427/427/427 426/426/426
f 380/380/380 428/428/428 427/427/427
f 382/382/382 429/429/429 428/428/428
f 379/379/379 429/429/429 382/382/382
f 380/380/380 382/382/382 428/428/428
f 373/373/373 380/380/380 427/427/427
f 427/427/427 431/431/431 430/430/430
f 428/428/428 432/432/432 431/431/431
f 432/432/432 429/429/429 379/379/379
f 428/428/428 429/429/429 432/432/432
f 427/427/427 428/428/428 431/431/431
f 426/426/426 427/427/427 430/430/430
f 431/431/431 434/434/434 433/433/433
f 434/434/434 432/432/432 379/379/379
f 431/431/431 432/432/432 434/434/434
f 430/430/430 431/431/431 433/433/433
f 386/386/386 435/435/435 433/433/433
f 385/385/385 435/435/435 386/386/386
f 386/386/386 434/434/434 379/379/379
f 433/433/433 434/434/434 386/386/386
f 433/433/433 437/437/437 436/436/436
f 435/435/435 438/438/438 437/437/437
f 385/385/385 438/438/438 435/435/435
f 433/433/433 435/435/435 437/437/437
f 430/430/430 433/433/433 436/436/436
f 437/437/437 440/440/440 439/439/439
f 440/440/440 438/438/438 385/385/385
f 437/437/437 438/438/438 440/440/440
f 436/436/436 437/437/437 439/439/439
f 439/439/439 389/389/389 388/388/388
f 389/389/389 440/440/440 385/385/385
f 439/439/439 440/440/440 389/389/389
f 441/441/441 442/442/442 439/439/439
f 443/443/443 442/442/442 441/441/441
f 388/388/388 441/441/441 439/439/439
f 439/439/439 444/444/444 436/436/436
f 442/442/442 445/445/445 444/444/444
f 443/443/443 445/445/445 442/442/442
f 439/439/439 442/442/442 444/444/444
f 446/446/446 441/441/441 388/388/388
f 443/443/443 441/441/441 446/446/446
f 391/391/391 446/446/446 388/388/388
f 447/447/447 446/446/446 391/391/391
f 443/443/443 446/446/446 447/447/447
f 447/447/447 391/391/391 392/392/392
f 392/392/392 448/448/448 447/447/447
f 392/392/392 449/449/449 448/448/448
f 393/393/393 449/449/449 392/392/392
f 450/450/450 449/449/449 393/393/393
f 449/449/449 451/451/451 448/448/448
f 450/450/450 451/451/451 449/449/449
f 450/450/450 393/393/393 394/394/394
f 394/394/394 452/452/452 450/450/450
f 452/452/452 394/394/394 397/397/397
f 397/397/397 453/453/453 452/452/452
f 453/453/453 397/397/397 400/400/400
f 400/400/400 454/454/454 453/453/453
f 454/454/454 400/400/400 401/401/401
f 401/401/401 455/455/455 454/454/454
f 455/455/455 401/401/401 402/402/402
f 402/402/402 456/456/456 455/455/455
f 456/456/456 402/402/402 403/403/403
f 403/403/403 457/457/457 456/456/456
f 457/457/457 403/403/403 404/404/404
f 404/404/404 458/458/458 457/457/457
f 458/458/458 404/404/404 405/405/405
f 405/405/405 459/459/459 458/458/458
f 459/459/459 405/405/405 406/406/406
f 406/406/406 460/460/460 459/459/459
f 460/460/460 406/406/406 407/407/407
f 407/407/407 461/461/461 460/460/460
f 461/461/461 407/407/407 408/408/408
f 408/408/408 462/462/462 461/461/461
f 462/462/462 408/408/408 409/409/409
f 409/409/409 463/463/463 462/462/462
f 463/463/463 409/409/409 410/410/410
f 410/410/410 464/464/464 463/463/463
f 464/464/464 410/410/410 411/411/411
f 411/411/411 465/465/465 464/464/464
f 465/465/465 411/411/411 412/412/412
f 412/412/412 466/466/466 465/465/465
f 466/466/466 412/412/412 413/413/413
f 413/413/413 467/467/467 466/466/466
f 413/413/413 468/468/468 467/467/467
f 414/414/414 468/468/468 413/413/413
f 469/469/469 468/468/468 414/414/414
f 467/467/467 468/468/468 469/469/469
f 469/469/469 414/414/414 415/415/415
f 415/415/415 470/470/470 469/469/469
f 415/415/415 471/471/471 470/470/470
f 416/416/416 471/471/471 415/415/415
f 472/472/472 471/471/471 416/416/416
f 471/471/471 473/473/473 470/470/470
f 472/472/472 473/473/473 471/471/471
f 472/472/472 416/416/416 417/417/417
f 417/417/417 474/474/474 472/472/472
f 474/474/474 417/417/417 419/419/419
f 419/419/419 475/475/475 474/474/474
f 419/419/419 476/476/476 475/475/475
f 421/421/421 476/476/476 419/419/419
f 477/477/477 476/476/476 421/421/421
f 476/476/476 478/478/478 475/475/475
f 477/477/477 478/478/478 476/476/476
f 421/421/421 479/479/479 477/477/477
f 422/422/422 479/479/479 421/421/421
f 480/480/480 479/479/479 422/422/422
f 479/479/479 481/481/481 477/477/477
f 480/480/480 481/481/481 479/479/479
f 480/480/480 422/422/422 423/423/423
f 423/423/423 482/482/482 480/480/480
f 482/482/482 423/423/423 424/424/424
f 424/424/424 483/483/483 482/482/482
f 424/424/424 484/484/484 483/483/483
f 425/425/425 484/484/484 424/424/424
f 485/485/485 484/484/484 425/425/425
f 484/484/484 486/486/486 483/483/483
f 485/485/485 486/486/486 484/484/484
f 487/487/487 426/426/426 430/430/430
f 430/430/430 488/488/488 487/487/487
f 488/488/488 430/430/430 436/436/436
f 436/436/436 489/489/489 488/488/488
f 436/436/436 490/490/490 489/489/489
f 444/444/444 491/491/491 490/490/490
f 491/491/491 445/445/445 443/443/443
f 444/444/444 445/445/445 491/491/491
f 436/436/436 444/444/444 490/490/490
f 490/490/490 493/493/493 492/492/492
f 493/493/493 491/491/491 443/443/443
f 490/490/490 491/491/491 493/493/493
f 489/489/489 490/490/490 492/492/492
f 494/494/494 493/493/493 443/443/443
f 492/492/492 493/493/493 494/494/494
f 447/447/447 494/494/494 443/443/443
f 495/495/495 494/494/494 447/447/447
f 492/492/492 494/494/494 495/495/495
f 447/447/447 496/496/496 495/495/495
f 448/448/448 496/496/496 447/447/447
f 496/496/496 498/498/498 497/497/497
f 448/448/448 498/498/498 496/496/496
f 495/495/495 496/496/496 497/497/497
f 499/499/499 498/498/498 448/448/448
f 498/498/498 500/500/500 497/497/497
f 499/499/499 500/500/500 498/498/498
f 499/499/499 451/451/451 450/450/450
f 448/448/448 451/451/451 499/499/499
f 501/501/501 499/499/499 450/450/450
f 502/502/502 500/500/500 499/499/499
f 497/497/497 500/500/500 502/502/502
f 501/501/501 502/502/502 499/499/499
f 501/501/501 450/450/450 452/452/452
f 452/452/452 503/503/503 501/501/501
f 503/503/503 452/452/452 453/453/453
f 453/453/453 504/504/504 503/503/503
f 504/504/504 453/453/453 454/454/454
f 454/454/454 505/505/505 504/504/504
f 505/505/505 454/454/454 455/455/455
f 455/455/455 506/506/506 505/505/505
f 455/455/455 507/507/507 506/506/506
f 456/456/456 507/507/507 455/455/455
f 508/508/508 507/507/507 456/456/456
f 507/507/507 509/509/509 506/506/506
f 508/508/508 509/509/509 507/507/507
f 508/508/508 456/456/456 457/457/457
f 457/457/457 510/510/510 508/508/508
f 510/510/510 457/457/457 458/458/458
f 458/458/458 511/511/511 510/510/510
f 511/511/511 458/458/458 459/459/459
f 459/459/459 512/512/512 511/511/511
f 512/512/512 459/459/459 460/460/460
f 460/460/460 513/513/513 512/512/512
f 513/513/513 460/460/460 461/461/461
f 461/461/461 514/514/514 513/513/513
f 514/514/514 461/461/461 462/462/462
f 462/462/462 515/515/515 514/514/514
f 515/515/515 462/462/462 463/463/463
f 463/463/463 516/516/516 515/515/515
f 516/516/516 463/463/463 464/464/464
f 464/464/464 517/517/517 516/516/516
f 517/517/517 464/464/464 465/465/465
f 465/465/465 518/518/518 517/517/517
f 518/518/518 465/465/465 466/466/466
f 466/466/466 519/519/519 518/518/518
f 519/519/519 466/466/466 467/467/467
f 467/467/467 520/520/520 519/519/519
f 520/520/520 467/467/467 469/469/469
f 469/469/469 521/521/521 520/520/520
f 469/469/469 522/522/522 521/521/521
f 470/470/470 522/522/522 469/469/469
f 523/523/523 524/524/524 522/522/522
f 524/524/524 526/526/526 525/525/525
f 523/523/523 526/526/526 524/524/524
f 470/470/470 523/523/523 522/522/522
f 522/522/522 527/527/527 521/521/521
f 527/527/527 524/524/524 525/525/525
f 522/522/522 524/524/524 527/527/527
f 528/528/528 529/529/529 523/523/523
f 530/530/530 529/529/529 528/528/528
f 470/470/470 528/528/528 523/523/523
f 531/531/531 526/526/526 523/523/523
f 526/526/526 532/532/532 525/525/525
f 531/531/531 532/532/532 526/526/526
f 531/531/531 529/529/529 530/530/530
f 523/523/523 529/529/529 531/531/531
f 530/530/530 473/473/473 472/472/472
f 473/473/473 528/528/528 470/470/470
f 530/530/530 528/528/528 473/473/473
f 533/533/533 530/530/530 472/472/472
f 534/534/534 531/531/531 530/530/530
f 535/535/535 532/532/532 531/531/531
f 525/525/525 532/532/532 535/535/535
f 534/534/534 535/535/535 531/531/531
f 533/533/533 534/534/534 530/530/530
f 533/533/533 472/472/472 474/474/474
f 474/474/474 536/536/536 533/533/533
f 474/474/474 537/537/537 536/536/536
f 475/475/475 537/537/537 474/474/474
f 537/537/537 539/539/539 538/538/538
f 475/475/475 539/539/539 537/537/537
f 536/536/536 537/537/537 538/538/538
f 539/539/539 541/541/541 540/540/540
f 475/475/475 541/541/541 539/539/539
f 538/538/538 539/539/539 540/540/540
f 542/542/542 543/543/543 478/478/478
f 543/543/543 544/544/544 540/540/540
f 542/542/542 544/544/544 543/543/543
f 477/477/477 542/542/542 478/478/478
f 478/478/478 541/541/541 475/475/475
f 541/541/541 543/543/543 540/540/540
f 478/478/478 543/543/543 541/541/541
f 545/545/545 547/547/547 546/546/546
f 540/540/540 547/547/547 545/545/545
f 548/548/548 545/545/545 546/546/546
f 542/542/542 549/549/549 546/546/546
f 477/477/477 549/549/549 542/542/542
f 547/547/547 544/544/544 542/542/542
f 540/540/540 544/544/544 547/547/547
f 546/546/546 547/547/547 542/542/542
f 540/540/540 550/550/550 538/538/538
f 550/550/550 545/545/545 548/548/548
f 540/540/540 545/545/545 550/550/550
f 546/546/546 552/552/552 551/551/551
f 552/552/552 549/549/549 477/477/477
f 546/546/546 549/549/549 552/552/552
f 548/548/548 546/546/546 551/551/551
f 551/551/551 481/481/481 480/480/480
f 481/481/481 552/552/552 477/477/477
f 551/551/551 552/552/552 481/481/481
f 553/553/553 551/551/551 480/480/480
f 548/548/548 551/551/551 553/553/553
f 553/553/553 480/480/480 482/482/482
f 482/482/482 554/554/554 553/553/553
f 554/554/554 482/482/482 483/483/483
f 483/483/483 555/555/555 554/554/554
f 483/483/483 556/556/556 555/555/555
f 556/556/556 486/486/486 485/485/485
f 483/483/483 486/486/486 556/556/556
f 557/557/557 556/556/556 485/485/485
f 555/555/555 556/556/556 557/557/557
f 558/558/558 487/487/487 488/488/488
f 488/488/488 559/559/559 558/558/558
f 559/559/559 488/488/488 489/489/489
f 489/489/489 560/560/560 559/559/559
f 560/560/560 489/489/489 492/492/492
f 492/492/492 561/561/561 560/560/560
f 492/492/492 562/562/562 561/561/561
f 495/495/495 562/562/562 492/492/492
f 563/563/563 562/562/562 495/495/495
f 562/562/562 564/564/564 561/561/561
f 563/563/563 564/564/564 562/562/562
f 495/495/495 565/565/565 563/563/563
f 497/497/497 565/565/565 495/495/495
f 565/565/565 567/567/567 566/566/566
f 497/497/497 567/567/567 565/565/565
f 563/563/563 565/565/565 566/566/566
f 568/568/568 569/569/569 567/567/567
f 570/570/570 569/569/569 568/568/568
f 497/497/497 568/568/568 567/567/567
f 567/567/567 571/571/571 566/566/566
f 571/571/571 569/569/569 570/570/570
f 567/567/567 569/569/569 571/571/571
f 570/570/570 502/502/502 501/501/501
f 502/502/502 568/568/568 497/497/497
f 570/570/570 568/568/568 502/502/502
f 572/572/572 570/570/570 501/501/501
f 573/573/573 571/571/571 570/570/570
f 566/566/566 571/571/571 573/573/573
f 572/572/572 573/573/573 570/570/570
f 501/501/501 574/574/574 572/572/572
f 503/503/503 574/574/574 501/501/501
f 575/575/575 574/574/574 503/503/503
f 574/574/574 576/576/576 572/572/572
f 575/575/575 576/576/576 574/574/574
f 575/575/575 503/503/503 504/504/504
f 504/504/504 577/577/577 575/575/575
f 577/577/577 504/504/504 505/505/505
f 505/505/505 578/578/578 577/577/577
f 578/578/578 505/505/505 506/506/506
f 506/506/506 579/579/579 578/578/578
f 506/506/506 580/580/580 579/579/579
f 580/580/580 509/509/509 508/508/508
f 506/506/506 509/509/509 580/580/580
f 581/581/581 580/580/580 508/508/508
f 579/579/579 580/580/580 581/581/581
f 508/508/508 582/582/582 581/581/581
f 510/510/510 582/582/582 508/508/508
f 582/582/582 584/584/584 583/583/583
f 510/510/510 584/584/584 582/582/582
f 581/581/581 582/582/582 583/583/583
f 585/585/585 584/584/584 510/510/510
f 584/584/584 586/586/586 583/583/583
f 585/585/585 586/586/586 584/584/584
f 511/511/511 585/585/585 510/510/510
f 587/587/587 585/585/585 511/511/511
f 588/588/588 586/586/586 585/585/585
f 583/583/583 586/586/586 588/588/588
f 587/587/587 588/588/588 585/585/585
f 587/587/587 511/511/511 512/512/512
f 512/512/512 589/589/589 587/587/587
f 589/589/589 512/512/512 513/513/513
f 513/513/513 590/590/590 589/589/589
f 590/590/590 513/513/513 514/514/514
f 514/514/514 591/591/591 590/590/590
f 591/591/591 514/514/514 515/515/515
f 515/515/515 592/592/592 591/591/591
f 592/592/592 515/515/515 516/516/516
f 516/516/516 593/593/593 592/592/592
f 593/593/593 516/516/516 517/517/517
f 517/517/517 594/594/594 593/593/593
f 594/594/594 517/517/517 518/518/518
f 518/518/518 595/595/595 594/594/594
f 595/595/595 518/518/518 519/519/519
f 519/519/519 596/596/596 595/595/595
f 596/596/596 519/519/519 520/520/520
f 520/520/520 597/597/597 596/596/596
f 597/597/597 520/520/520 521/521/521
f 521/521/521 598/598/598 597/597/597
f 521/521/521 599/599/599 598/598/598
f 599/599/599 527/527/527 525/525/525
f 521/521/521 527/527/527 599/599/599
f 599/599/599 601/601/601 600/600/600
f 525/525/525 601/601/601 599/599/599
f 598/598/598 599/599/599 600/600/600
f 601/601/601 603/603/603 602/602/602
f 525/525/525 603/603/603 601/601/601
f 600/600/600 601/601/601 602/602/602
f 602/602/602 534/534/534 533/533/533
f 603/603/603 535/535/535 534/534/534
f 525/525/525 535/535/535 603/603/603
f 602/602/602 603/603/603 534/534/534
f 604/604/604 602/602/602 533/533/533
f 600/600/600 602/602/602 604/604/604
f 604/604/604 533/533/533 536/536/536
f 536/536/536 605/605/605 604/604/604
f 605/605/605 536/536/536 538/538/538
f 538/538/538 606/606/606 605/605/605
f 538/538/538 607/607/607 606/606/606
f 607/607/607 550/550/550 548/548/548
f 538/538/538 550/550/550 607/607/607
f 608/608/608 607/607/607 548/548/548
f 606/606/606 607/607/607 608/608/608
f 608/608/608 548/548/548 553/553/553
f 553/553/553 609/609/609 608/608/608
f 609/609/609 553/553/553 554/554/554
f 554/554/554 610/610/610 609/609/609
f 610/610/610 554/554/554 555/555/555
f 555/555/555 611/611/611 610/610/610
f 611/611/611 555/555/555 557/557/557
f 557/557/557 612/612/612 611/611/611
f 613/613/613 558/558/558 559/559/559
f 559/559/559 614/614/614 613/613/613
f 614/614/614 559/559/559 560/560/560
f 560/560/560 615/615/615 614/614/614
f 615/615/615 560/560/560 561/561/561
f 561/561/561 616/616/616 615/615/615
f 561/561/561 617/617/617 616/616/616
f 564/564/564 618/618/618 617/617/617
f 563/563/563 618/618/618 564/564/564
f 561/561/561 564/564/564 617/617/617
f 617/617/617 620/620/620 619/619/619
f 620/620/620 618/618/618 563/563/563
f 617/617/617 618/618/618 620/620/620
f 616/616/616 617/617/617 619/619/619
f 621/621/621 620/620/620 563/563/563
f 619/619/619 620/620/620 621/621/621
f 566/566/566 621/621/621 563/563/563
f 622/622/622 621/621/621 566/566/566
f 619/619/619 621/621/621 622/622/622
f 566/566/566 623/623/623 622/622/622
f 623/623/623 573/573/573 572/572/572
f 566/566/566 573/573/573 623/623/623
f 624/624/624 623/623/623 572/572/572
f 622/622/622 623/623/623 624/624/624
f 572/572/572 625/625/625 624/624/624
f 625/625/625 576/576/576 575/575/575
f 572/572/572 576/576/576 625/625/625
f 626/626/626 625/625/625 575/575/575
f 624/624/624 625/625/625 626/626/626
f 626/626/626 575/575/575 577/577/577
f 577/577/577 627/627/627 626/626/626
f 627/627/627 577/577/577 578/578/578
f 578/578/578 628/628/628 627/627/627
f 628/628/628 578/578/578 579/579/579
f 579/579/579 629/629/629 628/628/628
f 629/629/629 579/579/579 581/581/581
f 581/581/581 630/630/630 629/629/629
f 630/630/630 581/581/581 583/583/583
f 583/583/583 631/631/631 630/630/630
f 583/583/583 632/632/632 631/631/631
f 632/632/632 588/588/588 587/587/587
f 583/583/583 588/588/588 632/632/632
f 633/633/633 632/632/632 587/587/587
f 631/631/631 632/632/632 633/633/633
f 633/633/633 587/587/587 589/589/589
f 589/589/589 634/634/634 633/633/633
f 634/634/634 589/589/589 590/590/590
f 590/590/590 635/635/635 634/634/634
f 635/635/635 590/590/590 591/591/591
f 591/591/591 636/636/636 635/635/635
f 636/636/636 591/591/591 592/592/592
f 592/592/592 637/637/637 636/636/636
f 637/637/637 592/592/592 593/593/593
f 593/593/593 638/638/638 637/637/637
f 638/638/638 593/593/593 594/594/594
f 594/594/594 639/639/639 638/638/638
f 639/639/639 594/594/594 595/595/595
f 595/595/595 640/640/640 639/639/639
f 640/640/640 595/595/595 596/596/596
f 596/596/596 641/641/641 640/640/640
f 641/641/641 596/596/596 597/597/597
f 597/597/597 642/642/642 641/641/641
f 642/642/642 597/597/597 598/598/598
f 598/598/598 643/643/643 642/642/642
f 643/643/643 598/598/598 600/600/600
f 600/600/600 644/644/644 643/643/643
f 644/644/644 600/600/600 604/604/604
f 604/604/604 645/645/645 644/644/644
f 645/645/645 604/604/604 605/605/605
f 605/605/605 646/646/646 645/645/645
f 646/646/646 605/605/605 606/606/606
f 606/606/606 647/647/647 646/646/646
f 647/647/647 606/606/606 608/608/608
f 608/608/608 648/648/648 647/647/647
f 608/608/608 649/649/649 648/648/648
f 609/609/609 649/649/649 608/608/608
f 650/650/650 651/651/651 649/649/649
f 652/652/652 651/651/651 650/650/650
f 609/609/609 650/650/650 649/649/649
f 649/649/649 653/653/653 648/648/648
f 653/653/653 651/651/651 652/652/652
f 649/649/649 651/651/651 653/653/653
f 654/654/654 650/650/650 609/609/609
f 652/652/652 650/650/650 654/654/654
f 610/610/610 654/654/654 609/609/609
f 655/655/655 654/654/654 610/610/610
f 652/652/652 654/654/654 655/655/655
f 655/655/655 610/610/610 611/611/611
f 611/611/611 656/656/656 655/655/655
f 656/656/656 611/611/611 612/612/612
f 612/612/612 657/657/657 656/656/656
f 658/658/658 613/613/613 614/614/614
f 614/614/614 659/659/659 658/658/658
f 659/659/659 614/614/614 615/615/615
f 615/615/615 660/660/660 659/659/659
f 660/660/660 615/615/615 616/616/616
f 616/616/616 661/661/661 660/660/660
f 661/661/661 616/616/616 619/619/619
f 619/619/619 662/662/662 661/661/661
f 662/662/662 619/619/619 622/622/622
f 622/622/622 663/663/663 662/662/662
f 663/663/663 622/622/622 624/624/624
f 624/624/624 664/664/664 663/663/663
f 664/664/664 624/624/624 626/626/626
f 626/626/626 665/665/665 664/664/664
f 665/665/665 626/626/626 627/627/627
f 627/627/627 666/666/666 665/665/665
f 666/666/666 627/627/627 628/628/628
f 628/628/628 667/667/667 666/666/666
f 667/667/667 628/628/628 629/629/629
f 629/629/629 668/668/668 667/667/667
f 668/668/668 629/629/629 630/630/630
f 630/630/630 669/669/669 668/668/668
f 669/669/669 630/630/630 631/631/631
f 631/631/631 670/670/670 669/669/669
f 670/670/670 631/631/631 633/633/633
f 633/633/633 671/671/671 670/670/670
f 633/633/633 672/672/672 671/671/671
f 634/634/634 672/672/672 633/633/633
f 673/673/673 672/672/672 634/634/634
f 672/672/672 674/674/674 671/671/671
f 673/673/673 674/674/674 672/672/672
f 673/673/673 634/634/634 635/635/635
f 635/635/635 675/675/675 673/673/673
f 675/675/675 635/635/635 636/636/636
f 636/636/636 676/676/676 675/675/675
f 676/676/676 636/636/636 637/637/637
f 637/637/637 677/677/677 676/676/676
f 677/677/677 637/637/637 638/638/638
f 638/638/638 678/678/678 677/677/677
f 638/638/638 679/679/679 678/678/678
f 639/639/639 679/679/679 638/638/638
f 680/680/680 679/679/679 639/639/639
f 678/678/678 679/679/679 680/680/680
f 680/680/680 639/639/639 640/640/640
f 640/640/640 681/681/681 680/680/680
f 681/681/681 640/640/640 641/641/641
f 641/641/641 682/682/682 681/681/681
f 682/682/682 641/641/641 642/642/642
f 642/642/642 683/683/683 682/682/682
f 683/683/683 642/642/642 643/643/643
f 643/643/643 684/684/684 683/683/683
f 684/684/684 643/643/643 644/644/644
f 644/644/644 685/685/685 684/684/684
f 685/685/685 644/644/644 645/645/645
f 645/645/645 686/686/686 685/685/685
f 686/686/686 645/645/645 646/646/646
f 646/646/646 687/687/687 686/686/686
f 687/687/687 646/646/646 647/647/647
f 647/647/647 688/688/688 687/687/687
f 688/688/688 647/647/647 648/648/648
f 648/648/648 689/689/689 688/688/688
f 648/648/648 690/690/690 689/689/689
f 690/690/690 653/653/653 652/652/652
f 648/648/648 653/653/653 690/690/690
f 691/691/691 690/690/690 652/652/652
f 689/689/689 690/690/690 691/691/691
f 652/652/652 692/692/692 691/691/691
f 655/655/655 692/692/692 652/652/652
f 693/693/693 694/694/694 692/692/692
f 695/695/695 694/694/694 693/693/693
f 655/655/655 693/693/693 692/692/692
f 692/692/692 696/696/696 691/691/691
f 694/694/694 697/697/697 696/696/696
f 695/695/695 697/697/697 694/694/694
f 692/692/692 694/694/694 696/696/696
f 698/698/698 693/693/693 655/655/655
f 695/695/695 693/693/693 698/698/698
f 656/656/656 698/698/698 655/655/655
f 699/699/699 698/698/698 656/656/656
f 695/695/695 698/698/698 699/699/699
f 699/699/699 656/656/656 657/657/657
f 657/657/657 700/700/700 699/699/699
f 701/701/701 658/658/658 659/659/659
f 659/659/659 702/702/702 701/701/701
f 702/702/702 659/659/659 660/660/660
f 660/660/660 703/703/703 702/702/702
f 703/703/703 660/660/660 661/661/661
f 661/661/661 704/704/704 703/703/703
f 661/661/661 705/705/705 704/704/704
f 662/662/662 705/705/705 661/661/661
f 705/705/705 707/707/707 706/706/706
f 662/662/662 707/707/707 705/705/705
f 704/704/704 705/705/705 706/706/706
f 708/708/708 707/707/707 662/662/662
f 707/707/707 709/709/709 706/706/706
f 708/708/708 709/709/709 707/707/707
f 663/663/663 708/708/708 662/662/662
f 710/710/710 708/708/708 663/663/663
f 711/711/711 709/709/709 708/708/708
f 706/706/706 709/709/709 711/711/711
f 710/710/710 711/711/711 708/708/708
f 710/710/710 663/663/663 664/664/664
f 664/664/664 712/712/712 710/710/710
f 712/712/712 664/664/664 665/665/665
f 665/665/665 713/713/713 712/712/712
f 713/713/713 665/665/665 666/666/666
f 666/666/666 714/714/714 713/713/713
f 714/714/714 666/666/666 667/667/667
f 667/667/667 715/715/715 714/714/714
f 715/715/715 667/667/667 668/668/668
f 668/668/668 716/716/716 715/715/715
f 716/716/716 668/668/668 669/669/669
f 669/669/669 717/717/717 716/716/716
f 669/669/669 718/718/718 717/717/717
f 670/670/670 718/718/718 669/669/669
f 719/719/719 718/718/718 670/670/670
f 718/718/718 720/720/720 717/717/717
f 719/719/719 720/720/720 718/718/718
f 719/719/719 670/670/670 671/671/671
f 671/671/671 721/721/721 719/719/719
f 671/671/671 722/722/722 721/721/721
f 674/674/674 723/723/723 722/722/722
f 673/673/673 723/723/723 674/674/674
f 671/671/671 674/674/674 722/722/722
f 722/722/722 725/725/725 724/724/724
f 725/725/725 723/723/723 673/673/673
f 722/722/722 723/723/723 725/725/725
f 721/721/721 722/722/722 724/724/724
f 726/726/726 725/725/725 673/673/673
f 724/724/724 725/725/725 726/726/726
f 675/675/675 726/726/726 673/673/673
f 727/727/727 726/726/726 675/675/675
f 724/724/724 726/726/726 727/727/727
f 727/727/727 675/675/675 676/676/676
f 676/676/676 728/728/728 727/727/727
f 728/728/728 676/676/676 677/677/677
f 677/677/677 729/729/729 728/728/728
f 729/729/729 677/677/677 678/678/678
f 678/678/678 730/730/730 729/729/729
f 730/730/730 678/678/678 680/680/680
f 680/680/680 731/731/731 730/730/730
f 731/731/731 680/680/680 681/681/681
f 681/681/681 732/732/732 731/731/731
f 732/732/732 681/681/681 682/682/682
f 682/682/682 733/733/733 732/732/732
f 682/682/682 734/734/734 733/733/733
f 683/683/683 734/734/734 682/682/682
f 735/735/735 734/734/734 683/683/683
f 733/733/733 734/734/734 735/735/735
f 735/735/735 683/683/683 684/684/684
f 684/684/684 736/736/736 735/735/735
f 736/736/736 684/684/684 685/685/685
f 685/685/685 737/737/737 736/736/736
f 737/737/737 685/685/685 686/686/686
f 686/686/686 738/738/738 737/737/737
f 738/738/738 686/686/686 687/687/687
f 687/687/687 739/739/739 738/738/738
f 739/739/739 687/687/687 688/688/688
f 688/688/688 740/740/740 739/739/739
f 740/740/740 688/688/688 689/689/689
f 689/689/689 741/741/741 740/740/740
f 741/741/741 689/689/689 691/691/691
f 691/691/691 742/742/742 741/741/741
f 691/691/691 743/743/743 742/742/742
f 696/696/696 744/744/744 743/743/743
f 744/744/744 697/697/697 695/695/695
f 696/696/696 697/697/697 744/744/744
f 691/691/691 696/696/696 743/743/743
f 743/743/743 746/746/746 745/745/745
f 746/746/746 744/744/744 695/695/695
f 743/743/743 744/744/744 746/746/746
f 742/742/742 743/743/743 745/745/745
f 747/747/747 746/746/746 695/695/695
f 745/745/745 746/746/746 747/747/747
f 699/699/699 747/747/747 695/695/695
f 748/748/748 747/747/747 699/699/699
f 745/745/745 747/747/747 748/748/748
f 699/699/699 749/749/749 748/748/748
f 700/700/700 749/749/749 699/699/699
f 749/749/749 751/751/751 750/750/750
f 700/700/700 751/751/751 749/749/749
f 748/748/748 749/749/749 750/750/750
f 752/752/752 701/701/701 702/702/702
f 702/702/702 753/753/753 752/752/752
f 702/702/702 754/754/754 753/753/753
f 703/703/703 754/754/754 702/702/702
f 755/755/755 754/754/754 703/703/703
f 753/753/753 754/754/754 755/755/755
f 703/703/703 756/756/756 755/755/755
f 704/704/704 756/756/756 703/703/703
f 757/757/757 756/756/756 704/704/704
f 756/756/756 758/758/758 755/755/755
f 757/757/757 758/758/758 756/756/756
f 757/757/757 704/704/704 706/706/706
f 706/706/706 759/759/759 757/757/757
f 706/706/706 760/760/760 759/759/759
f 760/760/760 711/711/711 710/710/710
f 706/706/706 711/711/711 760/760/760
f 761/761/761 760/760/760 710/710/710
f 759/759/759 760/760/760 761/761/761
f 761/761/761 710/710/710 712/712/712
f 712/712/712 762/762/762 761/761/761
f 712/712/712 763/763/763 762/762/762
f 713/713/713 763/763/763 712/712/712
f 764/764/764 763/763/763 713/713/713
f 762/762/762 763/763/763 764/764/764
f 764/764/764 713/713/713 714/714/714
f 714/714/714 765/765/765 764/764/764
f 765/765/765 714/714/714 715/715/715
f 715/715/715 766/766/766 765/765/765
f 766/766/766 715/715/715 716/716/716
f 716/716/716 767/767/767 766/766/766
f 767/767/767 716/716/716 717/717/717
f 717/717/717 768/768/768 767/767/767
f 717/717/717 769/769/769 768/768/768
f 769/769/769 720/720/720 719/719/719
f 717/717/717 720/720/720 769/769/769
f 770/770/770 769/769/769 719/719/719
f 768/768/768 769/769/769 770/770/770
f 770/770/770 719/719/719 721/721/721
f 721/721/721 771/771/771 770/770/770
f 771/771/771 721/721/721 724/724/724
f 724/724/724 772/772/772 771/771/771
f 772/772/772 724/724/724 727/727/727
f 727/727/727 773/773/773 772/772/772
f 773/773/773 727/727/727 728/728/728
f 728/728/728 774/774/774 773/773/773
f 774/774/774 728/728/728 729/729/729
f 729/729/729 775/775/775 774/774/774
f 775/775/775 729/729/729 730/730/730
f 730/730/730 776/776/776 775/775/775
f 776/776/776 730/730/730 731/731/731
f 731/731/731 777/777/777 776/776/776
f 777/777/777 731/731/731 732/732/732
f 732/732/732 778/778/778 777/777/777
f 778/778/778 732/732/732 733/733/733
f 733/733/733 779/779/779 778/778/778
f 779/779/779 733/733/733 735/735/735
f 735/735/735 780/780/780 779/779/779
f 780/780/780 735/735/735 736/736/736
f 736/736/736 781/781/781 780/780/780
f 781/781/781 736/736/736 737/737/737
f 737/737/737 782/782/782 781/781/781
f 782/782/782 737/737/737 738/738/738
f 738/738/738 783/783/783 782/782/782
f 783/783/783 738/738/738 739/739/739
f 739/739/739 784/784/784 783/783/783
f 784/784/784 739/739/739 740/740/740
f 740/740/740 785/785/785 784/784/784
f 785/785/785 740/740/740 741/741/741
f 741/741/741 786/786/786 785/785/785
f 786/786/786 741/741/741 742/742/742
f 742/742/742 787/787/787 786/786/786
f 742/742/742 788/788/788 787/787/787
f 745/745/745 788/788/788 742/742/742
f 788/788/788 790/790/790 789/789/789
f 745/745/745 790/790/790 788/788/788
f 787/787/787 788/788/788 789/789/789
f 791/791/791 790/790/790 745/745/745
f 790/790/790 792/792/792 789/789/789
f 791/791/791 792/792/792 790/790/790
f 748/748/748 791/791/791 745/745/745
f 793/793/793 791/791/791 748/748/748
f 794/794/794 792/792/792 791/791/791
f 789/789/789 792/792/792 794/794/794
f 793/793/793 794/794/794 791/791/791
f 793/793/793 748/748/748 750/750/750
f 750/750/750 795/795/795 793/793/793
f 796/796/796 752/752/752 753/753/753
f 753/753/753 797/797/797 796/796/796
f 797/797/797 753/753/753 755/755/755
f 755/755/755 798/798/798 797/797/797
f 755/755/755 799/799/799 798/798/798
f 758/758/758 800/800/800 799/799/799
f 757/757/757 800/800/800 758/758/758
f 755/755/755 758/758/758 799/799/799
f 799/799/799 802/802/802 801/801/801
f 802/802/802 800/800/800 757/757/757
f 799/799/799 800/800/800 802/802/802
f 798/798/798 799/799/799 801/801/801
f 803/803/803 802/802/802 757/757/757
f 801/801/801 802/802/802 803/803/803
f 759/759/759 803/803/803 757/757/757
f 804/804/804 803/803/803 759/759/759
f 801/801/801 803/803/803 804/804/804
f 804/804/804 759/759/759 761/761/761
f 761/761/761 805/805/805 804/804/804
f 805/805/805 761/761/761 762/762/762
f 762/762/762 806/806/806 805/805/805
f 806/806/806 762/762/762 764/764/764
f 764/764/764 807/807/807 806/806/806
f 807/807/807 764/764/764 765/765/765
f 765/765/765 808/808/808 807/807/807
f 808/808/808 765/765/765 766/766/766
f 766/766/766 809/809/809 808/808/808
f 809/809/809 766/766/766 767/767/767
f 767/767/767 810/810/810 809/809/809
f 810/810/810 767/767/767 768/768/768
f 768/768/768 811/811/811 810/810/810
f 811/811/811 768/768/768 770/770/770
f 770/770/770 812/812/812 811/811/811
f 812/812/812 770/770/770 771/771/771
f 771/771/771 813/813/813 812/812/812
f 813/813/813 771/771/771 772/772/772
f 772/772/772 814/814/814 813/813/813
f 814/814/814 772/772/772 773/773/773
f 773/773/773 815/815/815 814/814/814
f 815/815/815 773/773/773 774/774/774
f 774/774/774 816/816/816 815/815/815
f 816/816/816 774/774/774 775/775/775
f 775/775/775 817/817/817 816/816/816
f 817/817/817 775/775/775 776/776/776
f 776/776/776 818/818/818 817/817/817
f 818/818/818 776/776/776 777/777/777
f 777/777/777 819/819/819 818/818/818
f 819/819/819 777/777/777 778/778/778
f 778/778/778 820/820/820 819/819/819
f 820/820/820 778/778/778 779/779/779
f 779/779/779 821/821/821 820/820/820
f 821/821/821 779/779/779 780/780/780
f 780/780/780 822/822/822 821/821/821
f 822/822/822 780/780/780 781/781/781
f 781/781/781 823/823/823 822/822/822
f 823/823/823 781/781/781 782/782/782
f 782/782/782 824/824/824 823/823/823
f 824/824/824 782/782/782 783/783/783
f 783/783/783 825/825/825 824/824/824
f 825/825/825 783/783/783 784/784/784
f 784/784/784 826/826/826 825/825/825
f 826/826/826 784/784/784 785/785/785
f 785/785/785 827/827/827 826/826/826
f 827/827/827 785/785/785 786/786/786
f 786/786/786 828/828/828 827/827/827
f 828/828/828 786/786/786 787/787/787
f 787/787/787 829/829/829 828/828/828
f 829/829/829 787/787/787 789/789/789
f 789/789/789 830/830/830 829/829/829
f 789/789/789 831/831/831 830/830/830
f 831/831/831 794/794/794 793/793/793
f 789/789/789 794/794/794 831/831/831
f 832/832/832 831/831/831 793/793/793
f 830/830/830 831/831/831 832/832/832
f 832/832/832 793/793/793 795/795/795
f 795/795/795 833/833/833 832/832/832
f 834/834/834 796/796/796 797/797/797
f 797/797/797 835/835/835 834/834/834
f 835/835/835 797/797/797 798/798/798
f 798/798/798 836/836/836 835/835/835
f 836/836/836 798/798/798 801/801/801
f 801/801/801 837/837/837 836/836/836
f 837/837/837 801/801/801 804/804/804
f 804/804/804 838/838/838 837/837/837
f 838/838/838 804/804/804 805/805/805
f 805/805/805 839/839/839 838/838/838
f 839/839/839 805/805/805 806/806/806
f 806/806/806 840/840/840 839/839/839
f 806/806/806 841/841/841 840/840/840
f 807/807/807 841/841/841 806/806/806
f 842/842/842 841/841/841 807/807/807
f 840/840/840 841/841/841 842/842/842
f 842/842/842 807/807/807 808/808/808
f 808/808/808 843/843/843 842/842/842
f 808/808/808 844/844/844 843/843/843
f 809/809/809 844/844/844 808/808/808
f 845/845/845 844/844/844 809/809/809
f 844/844/844 846/846/846 843/843/843
f 845/845/845 846/846/846 844/844/844
f 845/845/845 809/809/809 810/810/810
f 810/810/810 847/847/847 845/845/845
f 810/810/810 848/848/848 847/847/847
f 811/811/811 848/848/848 810/810/810
f 849/849/849 848/848/848 811/811/811
f 847/847/847 848/848/848 849/849/849
f 849/849/849 811/811/811 812/812/812
f 812/812/812 850/850/850 849/849/849
f 850/850/850 812/812/812 813/813/813
f 813/813/813 851/851/851 850/850/850
f 851/851/851 813/813/813 814/814/814
f 814/814/814 852/852/852 851/851/851
f 852/852/852 814/814/814 815/815/815
f 815/815/815 853/853/853 852/852/852
f 853/853/853 815/815/815 816/816/816
f 816/816/816 854/854/854 853/853/853
f 854/854/854 816/816/816 817/817/817
f 817/817/817 855/855/855 854/854/854
f 855/855/855 817/817/817 818/818/818
f 818/818/818 856/856/856 855/855/855
f 818/818/818 857/857/857 856/856/856
f 819/819/819 857/857/857 818/818/818
f 858/858/858 857/857/857 819/819/819
f 856/856/856 857/857/857 858/858/858
f 858/858/858 819/819/819 820/820/820
f 820/820/820 859/859/859 858/858/858
f 859/859/859 820/820/820 821/821/821
f 821/821/821 860/860/860 859/859/859
f 860/860/860 821/821/821 822/822/822
f 822/822/822 861/861/861 860/860/860
f 861/861/861 822/822/822 823/823/823
f 823/823/823 862/862/862 861/861/861
f 862/862/862 823/823/823 824/824/824
f 824/824/824 863/863/863 862/862/862
f 863/863/863 824/824/824 825/825/825
f 825/825/825 864/864/864 863/863/863
f 825/825/825 865/865/865 864/864/864
f 826/826/826 865/865/865 825/825/825
f 866/866/866 865/865/865 826/826/826
f 865/865/865 867/867/867 864/864/864
f 866/866/866 867/867/867 865/865/865
f 866/866/866 826/826/826 827/827/827
f 827/827/827 868/868/868 866/866/866
f 868/868/868 827/827/827 828/828/828
f 828/828/828 869/869/869 868/868/868
f 869/869/869 828/828/828 829/829/829
f 829/829/829 870/870/870 869/869/869
f 870/870/870 829/829/829 830/830/830
f 830/830/830 871/871/871 870/870/870
f 830/830/830 872/872/872 871/871/871
f 832/832/832 872/872/872 830/830/830
f 873/873/873 872/872/872 832/832/832
f 871/871/871 872/872/872 873/873/873
f 873/873/873 832/832/832 833/833/833
f 833/833/833 874/874/874 873/873/873
f 875/875/875 834/834/834 835/835/835
f 835/835/835 876/876/876 875/875/875
f 876/876/876 835/835/835 836/836/836
f 836/836/836 877/877/877 876/876/876
f 877/877/877 836/836/836 837/837/837
f 837/837/837 878/878/878 877/877/877
f 878/878/878 837/837/837 838/838/838
f 838/838/838 879/879/879 878/878/878
f 879/879/879 838/838/838 839/839/839
f 839/839/839 880/880/880 879/879/879
f 880/880/880 839/839/839 840/840/840
f 840/840/840 881/881/881 880/880/880
f 881/881/881 840/840/840 842/842/842
f 842/842/842 882/882/882 881/881/881
f 882/882/882 842/842/842 843/843/843
f 843/843/843 883/883/883 882/882/882
f 843/843/843 884/884/884 883/883/883
f 846/846/846 885/885/885 884/884/884
f 845/845/845 885/885/885 846/846/846
f 843/843/843 846/846/846 884/884/884
f 884/884/884 887/887/887 886/886/886
f 887/887/887 885/885/885 845/845/845
f 884/884/884 885/885/885 887/887/887
f 883/883/883 884/884/884 886/886/886
f 888/888/888 887/887/887 845/845/845
f 886/886/886 887/887/887 888/888/888
f 847/847/847 888/888/888 845/845/845
f 889/889/889 888/888/888 847/847/847
f 886/886/886 888/888/888 889/889/889
f 889/889/889 847/847/847 849/849/849
f 849/849/849 890/890/890 889/889/889
f 890/890/890 849/849/849 850/850/850
f 850/850/850 891/891/891 890/890/890
f 850/850/850 892/892/892 891/891/891
f 851/851/851 892/892/892 850/850/850
f 893/893/893 892/892/892 851/851/851
f 891/891/891 892/892/892 893/893/893
f 851/851/851 894/894/894 893/893/893
f 852/852/852 894/894/894 851/851/851
f 895/895/895 894/894/894 852/852/852
f 894/894/894 896/896/896 893/893/893
f 895/895/895 896/896/896 894/894/894
f 895/895/895 852/852/852 853/853/853
f 853/853/853 897/897/897 895/895/895
f 897/897/897 853/853/853 854/854/854
f 854/854/854 898/898/898 897/897/897
f 898/898/898 854/854/854 855/855/855
f 855/855/855 899/899/899 898/898/898
f 899/899/899 855/855/855 856/856/856
f 856/856/856 900/900/900 899/899/899
f 900/900/900 856/856/856 858/858/858
f 858/858/858 901/901/901 900/900/900
f 901/901/901 858/858/858 859/859/859
f 859/859/859 902/902/902 901/901/901
f 902/902/902 859/859/859 860/860/860
f 860/860/860 903/903/903 902/902/902
f 903/903/903 860/860/860 861/861/861
f 861/861/861 904/904/904 903/903/903
f 904/904/904 861/861/861 862/862/862
f 862/862/862 905/905/905 904/904/904
f 905/905/905 862/862/862 863/863/863
f 863/863/863 906/906/906 905/905/905
f 906/906/906 863/863/863 864/864/864
f 864/864/864 907/907/907 906/906/906
f 864/864/864 908/908/908 907/907/907
f 867/867/867 909/909/909 908/908/908
f 866/866/866 909/909/909 867/867/867
f 864/864/864 867/867/867 908/908/908
f 908/908/908 911/911/911 910/910/910
f 911/911/911 909/909/909 866/866/866
f 908/908/908 909/909/909 911/911/911
f 907/907/907 908/908/908 910/910/910
f 912/912/912 911/911/911 866/866/866
f 910/910/910 911/911/911 912/912/912
f 868/868/868 912/912/912 866/866/866
f 913/913/913 912/912/912 868/868/868
f 910/910/910 912/912/912 913/913/913
f 913/913/913 868/868/868 869/869/869
f 869/869/869 914/914/914 913/913/913
f 869/869/869 915/915/915 914/914/914
f 870/870/870 915/915/915 869/869/869
f 916/916/916 917/917/917 915/915/915
f 918/918/918 917/917/917 916/916/916
f 870/870/870 916/916/916 915/915/915
f 915/915/915 919/919/919 914/914/914
f 917/917/917 920/920/920 919/919/919
f 918/918/918 920/920/920 917/917/917
f 915/915/915 917/917/917 919/919/919
f 921/921/921 916/916/916 870/870/870
f 918/918/918 916/916/916 921/921/921
f 871/871/871 921/921/921 870/870/870
f 922/922/922 921/921/921 871/871/871
f 918/918/918 921/921/921 922/922/922
f 922/922/922 871/871/871 873/873/873
f 873/873/873 923/923/923 922/922/922
f 873/873/873 924/924/924 923/923/923
f 874/874/874 924/924/924 873/873/873
f 925/925/925 924/924/924 874/874/874
f 923/923/923 924/924/924 925/925/925
f 926/926/926 875/875/875 876/876/876
f 876/876/876 927/927/927 926/926/926
f 927/927/927 876/876/876 877/877/877
f 877/877/877 928/928/928 927/927/927
f 928/928/928 877/877/877 878/878/878
f 878/878/878 929/929/929 928/928/928
f 929/929/929 878/878/878 879/879/879
f 879/879/879 930/930/930 929/929/929
f 930/930/930 879/879/879 880/880/880
f 880/880/880 931/931/931 930/930/930
f 931/931/931 880/880/880 881/881/881
f 881/881/881 932/932/932 931/931/931
f 881/881/881 933/933/933 932/932/932
f 882/882/882 933/933/933 881/881/881
f 934/934/934 933/933/933 882/882/882
f 932/932/932 933/933/933 934/934/934
f 934/934/934 882/882/882 883/883/883
f 883/883/883 935/935/935 934/934/934
f 935/935/935 883/883/883 886/886/886
f 886/886/886 936/936/936 935/935/935
f 936/936/936 886/886/886 889/889/889
f 889/889/889 937/937/937 936/936/936
f 889/889/889 938/938/938 937/937/937
f 890/890/890 938/938/938 889/889/889
f 939/939/939 938/938/938 890/890/890
f 937/937/937 938/938/938 939/939/939
f 939/939/939 890/890/890 891/891/891
f 891/891/891 940/940/940 939/939/939
f 940/940/940 891/891/891 893/893/893
f 893/893/893 941/941/941 940/940/940
f 893/893/893 942/942/942 941/941/941
f 942/942/942 896/896/896 895/895/895
f 893/893/893 896/896/896 942/942/942
f 943/943/943 942/942/942 895/895/895
f 941/941/941 942/942/942 943/943/943
f 943/943/943 895/895/895 897/897/897
f 897/897/897 944/944/944 943/943/943
f 944/944/944 897/897/897 898/898/898
f 898/898/898 945/945/945 944/944/944
f 945/945/945 898/898/898 899/899/899
f 899/899/899 946/946/946 945/945/945
f 946/946/946 899/899/899 900/900/900
f 900/900/900 947/947/947 946/946/946
f 947/947/947 900/900/900 901/901/901
f 901/901/901 948/948/948 947/947/947
f 948/948/948 901/901/901 902/902/902
f 902/902/902 949/949/949 948/948/948
f 949/949/949 902/902/902 903/903/903
f 903/903/903 950/950/950 949/949/949
f 950/950/950 903/903/903 904/904/904
f 904/904/904 951/951/951 950/950/950
f 904/904/904 952/952/952 951/951/951
f 905/905/905 952/952/952 904/904/904
f 953/953/953 952/952/952 905/905/905
f 951/951/951 952/952/952 953/953/953
f 953/953/953 905/905/905 906/906/906
f 906/906/906 954/954/954 953/953/953
f 954/954/954 906/906/906 907/907/907
f 907/907/907 955/955/955 954/954/954
f 955/955/955 907/907/907 910/910/910
f 910/910/910 956/956/956 955/955/955
f 956/956/956 910/910/910 913/913/913
f 913/913/913 957/957/957 956/956/956
f 957/957/957 913/913/913 914/914/914
f 914/914/914 958/958/958 957/957/957
f 914/914/914 959/959/959 958/958/958
f 919/919/919 960/960/960 959/959/959
f 960/960/960 920/920/920 918/918/918
f 919/919/919 920/920/920 960/960/960
f 914/914/914 919/919/919 959/959/959
f 959/959/959 962/962/962 961/961/961
f 962/962/962 960/960/960 918/918/918
f 959/959/959 960/960/960 962/962/962
f 959/959/959 963/963/963 958/958/958
f 961/961/961 963/963/963 959/959/959
f 964/964/964 962/962/962 918/918/918
f 961/961/961 962/962/962 964/964/964
f 922/922/922 964/964/964 918/918/918
f 965/965/965 964/964/964 922/922/922
f 961/961/961 964/964/964 965/965/965
f 965/965/965 922/922/922 923/923/923
f 923/923/923 966/966/966 965/965/965
f 966/966/966 923/923/923 925/925/925
f 925/925/925 967/967/967 966/966/966
f 968/968/968 926/926/926 927/927/927
f 927/927/927 969/969/969 968/968/968
f 969/969/969 927/927/927 928/928/928
f 928/928/928 970/970/970 969/969/969
f 928/928/928 971/971/971 970/970/970
f 929/929/929 971/971/971 928/928/928
f 971/971/971 973/973/973 972/972/972
f 929/929/929 973/973/973 971/971/971
f 970/970/970 971/971/971 972/972/972
f 974/974/974 973/973/973 929/929/929
f 972/972/972 973/973/973 974/974/974
f 930/930/930 974/974/974 929/929/929
f 975/975/975 974/974/974 930/930/930
f 972/972/972 974/974/974 975/975/975
f 975/975/975 930/930/930 931/931/931
f 931/931/931 976/976/976 975/975/975
f 976/976/976 931/931/931 932/932/932
f 932/932/932 977/977/977 976/976/976
f 977/977/977 932/932/932 934/934/934
f 934/934/934 978/978/978 977/977/977
f 978/978/978 934/934/934 935/935/935
f 935/935/935 979/979/979 978/978/978
f 935/935/935 980/980/980 979/979/979
f 936/936/936 980/980/980 935/935/935
f 981/981/981 980/980/980 936/936/936
f 980/980/980 982/982/982 979/979/979
f 981/981/981 982/982/982 980/980/980
f 981/981/981 936/936/936 937/937/937
f 937/937/937 983/983/983 981/981/981
f 937/937/937 984/984/984 983/983/983
f 939/939/939 984/984/984 937/937/937
f 985/985/985 984/984/984 939/939/939
f 984/984/984 986/986/986 983/983/983
f 985/985/985 986/986/986 984/984/984
f 985/985/985 939/939/939 940/940/940
f 940/940/940 987/987/987 985/985/985
f 987/987/987 940/940/940 941/941/941
f 941/941/941 988/988/988 987/987/987
f 988/988/988 941/941/941 943/943/943
f 943/943/943 989/989/989 988/988/988
f 989/989/989 943/943/943 944/944/944
f 944/944/944 990/990/990 989/989/989
f 990/990/990 944/944/944 945/945/945
f 945/945/945 991/991/991 990/990/990
f 991/991/991 945/945/945 946/946/946
f 946/946/946 992/992/992 991/991/991
f 992/992/992 946/946/946 947/947/947
f 947/947/947 993/993/993 992/992/992
f 993/993/993 947/947/947 948/948/948
f 948/948/948 994/994/994 993/993/993
f 994/994/994 948/948/948 949/949/949
f 949/949/949 995/995/995 994/994/994
f 995/995/995 949/949/949 950/950/950
f 950/950/950 996/996/996 995/995/995
f 996/996/996 950/950/950 951/951/951
f 951/951/951 997/997/997 996/996/996
f 997/997/997 951/951/951 953/953/953
f 953/953/953 998/998/998 997/997/997
f 998/998/998 953/953/953 954/954/954
f 954/954/954 999/999/999 998/998/998
f 999/999/999 954/954/954 955/955/955
f 955/955/955 1000/1000/1000 999/999/999
f 1000/1000/1000 955/955/955 956/956/956
f 956/956/956 1001/1001/1001 1000/1000/1000
f 1001/1001/1001 956/956/956 957/957/957
f 957/957/957 1002/1002/1002 1001/1001/1001
f 1002/1002/1002 957/957/957 958/958/958
f 958/958/958 1003/1003/1003 1002/1002/1002
f 958/958/958 1004/1004/1004 1003/1003/1003
f 1004/1004/1004 963/963/963 961/961/961
f 958/958/958 963/963/963 1004/1004/1004
f 1005/1005/1005 1004/1004/1004 961/961/961
f 1003/1003/1003 1004/1004/1004 1005/1005/1005
f 1005/1005/1005 961/961/961 965/965/965
f 965/965/965 1006/1006/1006 1005/1005/1005
f 1006/1006/1006 965/965/965 966/966/966
f 966/966/966 1007/1007/1007 1006/1006/1006
f 1007/1007/1007 966/966/966 967/967/967
f 967/967/967 1008/1008/1008 1007/1007/1007
f 1009/1009/1009 968/968/968 969/969/969
f 969/969/969 1010/1010/1010 1009/1009/1009
f 1010/1010/1010 969/969/969 970/970/970
f 970/970/970 1011/1011/1011 1010/1010/1010
f 970/970/970 1012/1012/1012 1011/1011/1011
f 972/972/972 1012/1012/1012 970/970/970
f 1012/1012/1012 1014/1014/1014 1013/1013/1013
f 972/972/972 1014/1014/1014 1012/1012/1012
f 1012/1012/1012 1015/1015/1015 1011/1011/1011
f 1013/1013/1013 1015/1015/1015 1012/1012/1012
f 1016/1016/1016 1014/1014/1014 972/972/972
f 1013/1013/1013 1014/1014/1014 1016/1016/1016
f 975/975/975 1016/1016/1016 972/972/972
f 1017/1017/1017 1016/1016/1016 975/975/975
f 1013/1013/1013 1016/1016/1016 1017/1017/1017
f 1017/1017/1017 975/975/975 976/976/976
f 976/976/976 1018/1018/1018 1017/1017/1017
f 1018/1018/1018 976/976/976 977/977/977
f 977/977/977 1019/1019/1019 1018/1018/1018
f 1019/1019/1019 977/977/977 978/978/978
f 978/978/978 1020/1020/1020 1019/1019/1019
f 978/978/978 1021/1021/1021 1020/1020/1020
f 979/979/979 1021/1021/1021 978/978/978
f 1021/1021/1021 1023/1023/1023 1022/1022/1022
f 979/979/979 1023/1023/1023 1021/1021/1021
f 1020/1020/1020 1021/1021/1021 1022/1022/1022
f 1024/1024/1024 1025/1025/1025 1023/1023/1023
f 1026/1026/1026 1025/1025/1025 1024/1024/1024
f 979/979/979 1024/1024/1024 1023/1023/1023
f 1023/1023/1023 1027/1027/1027 1022/1022/1022
f 1027/1027/1027 1025/1025/1025 1026/1026/1026
f 1023/1023/1023 1025/1025/1025 1027/1027/1027
f 1026/1026/1026 982/982/982 981/981/981
f 982/982/982 1024/1024/1024 979/979/979
f 1026/1026/1026 1024/1024/1024 982/982/982
f 1028/1028/1028 1026/1026/1026 981/981/981
f 1029/1029/1029 1027/1027/1027 1026/1026/1026
f 1022/1022/1022 1027/1027/1027 1029/1029/1029
f 1028/1028/1028 1029/1029/1029 1026/1026/1026
f 1028/1028/1028 981/981/981 983/983/983
f 983/983/983 1030/1030/1030 1028/1028/1028
f 983/983/983 1031/1031/1031 1030/1030/1030
f 1031/1031/1031 986/986/986 985/985/985
f 983/983/983 986/986/986 1031/1031/1031
f 1032/1032/1032 1031/1031/1031 985/985/985
f 1030/1030/1030 1031/1031/1031 1032/1032/1032
f 1032/1032/1032 985/985/985 987/987/987
f 987/987/987 1033/1033/1033 1032/1032/1032
f 1033/1033/1033 987/987/987 988/988/988
f 988/988/988 1034/1034/1034 1033/1033/1033
f 1034/1034/1034 988/988/988 989/989/989
f 989/989/989 1035/1035/1035 1034/1034/1034
f 1035/1035/1035 989/989/989 990/990/990
f 990/990/990 1036/1036/1036 1035/1035/1035
f 1036/1036/1036 990/990/990 991/991/991
f 991/991/991 1037/1037/1037 1036/1036/1036
f 1037/1037/1037 991/991/991 992/992/992
f 992/992/992 1038/1038/1038 1037/1037/1037
f 1038/1038/1038 992/992/992 993/993/993
f 993/993/993 1039/1039/1039 1038/1038/1038
f 1039/1039/1039 993/993/993 994/994/994
f 994/994/994 1040/1040/1040 1039/1039/1039
f 1040/1040/1040 994/994/994 995/995/995
f 995/995/995 1041/1041/1041 1040/1040/1040
f 1041/1041/1041 995/995/995 996/996/996
f 996/996/996 1042/1042/1042 1041/1041/1041
f 996/996/996 1043/1043/1043 1042/1042/1042
f 997/997/997 1043/1043/1043 996/996/996
f 1044/1044/1044 1043/1043/1043 997/997/997
f 1042/1042/1042 1043/1043/1043 1044/1044/1044
f 1044/1044/1044 997/997/997 998/998/998
f 998/998/998 1045/1045/1045 1044/1044/1044
f 1045/1045/1045 998/998/998 999/999/999
f 999/999/999 1046/1046/1046 1045/1045/1045
f 1046/1046/1046 999/999/999 1000/1000/1000
f 1000/1000/1000 1047/1047/1047 1046/1046/1046
f 1047/1047/1047 1000/1000/1000 1001/1001/1001
f 1001/1001/1001 1048/1048/1048 1047/1047/1047
f 1048/1048/1048 1001/1001/1001 1002/1002/1002
f 1002/1002/1002 1049/1049/1049 1048/1048/1048
f 1049/1049/1049 1002/1002/1002 1003/1003/1003
f 1003/1003/1003 1050/1050/1050 1049/1049/1049
f 1050/1050/1050 1003/1003/1003 1005/1005/1005
f 1005/1005/1005 1051/1051/1051 1050/1050/1050
f 1051/1051/1051 1005/1005/1005 1006/1006/1006
f 1006/1006/1006 1052/1052/1052 1051/1051/1051
f 1052/1052/1052 1006/1006/1006 1007/1007/1007
f 1007/1007/1007 1053/1053/1053 1052/1052/1052
f 1053/1053/1053 1007/1007/1007 1008/1008/1008
f 1008/1008/1008 1054/1054/1054 1053/1053/1053
f 1055/1055/1055 1009/1009/1009 1010/1010/1010
f 1010/1010/1010 1056/1056/1056 1055/1055/1055
f 1056/1056/1056 1010/1010/1010 1011/1011/1011
f 1011/1011/1011 1057/1057/1057 1056/1056/1056
f 1011/1011/1011 1058/1058/1058 1057/1057/1057
f 1015/1015/1015 1059/1059/1059 1058/1058/1058
f 1013/1013/1013 1059/1059/1059 1015/1015/1015
f 1011/1011/1011 1015/1015/1015 1058/1058/1058
f 1058/1058/1058 1061/1061/1061 1060/1060/1060
f 1061/1061/1061 1059/1059/1059 1013/1013/1013
f 1058/1058/1058 1059/1059/1059 1061/1061/1061
f 1057/1057/1057 1058/1058/1058 1060/1060/1060
f 1062/1062/1062 1061/1061/1061 1013/1013/1013
f 1060/1060/1060 1061/1061/1061 1062/1062/1062
f 1017/1017/1017 1062/1062/1062 1013/1013/1013
f 1063/1063/1063 1062/1062/1062 1017/1017/1017
f 1060/1060/1060 1062/1062/1062 1063/1063/1063
f 1017/1017/1017 1064/1064/1064 1063/1063/1063
f 1018/1018/1018 1064/1064/1064 1017/1017/1017
f 1064/1064/1064 1066/1066/1066 1065/1065/1065
f 1018/1018/1018 1066/1066/1066 1064/1064/1064
f 1063/1063/1063 1064/1064/1064 1065/1065/1065
f 1067/1067/1067 1066/1066/1066 1018/1018/1018
f 1066/1066/1066 1068/1068/1068 1065/1065/1065
f 1067/1067/1067 1068/1068/1068 1066/1066/1066
f 1019/1019/1019 1067/1067/1067 1018/1018/1018
f 1069/1069/1069 1067/1067/1067 1019/1019/1019
f 1070/1070/1070 1068/1068/1068 1067/1067/1067
f 1065/1065/1065 1068/1068/1068 1070/1070/1070
f 1069/1069/1069 1070/1070/1070 1067/1067/1067
f 1069/1069/1069 1019/1019/1019 1020/1020/1020
f 1020/1020/1020 1071/1071/1071 1069/1069/1069
f 1071/1071/1071 1020/1020/1020 1022/1022/1022
f 1022/1022/1022 1072/1072/1072 1071/1071/1071
f 1022/1022/1022 1073/1073/1073 1072/1072/1072
f 1073/1073/1073 1029/1029/1029 1028/1028/1028
f 1022/1022/1022 1029/1029/1029 1073/1073/1073
f 1073/1073/1073 1075/1075/1075 1074/1074/1074
f 1028/1028/1028 1075/1075/1075 1073/1073/1073
f 1072/1072/1072 1073/1073/1073 1074/1074/1074
f 1076/1076/1076 1075/1075/1075 1028/1028/1028
f 1075/1075/1075 1077/1077/1077 1074/1074/1074
f 1076/1076/1076 1077/1077/1077 1075/1075/1075
f 1030/1030/1030 1076/1076/1076 1028/1028/1028
f 1078/1078/1078 1076/1076/1076 1030/1030/1030
f 1079/1079/1079 1077/1077/1077 1076/1076/1076
f 1074/1074/1074 1077/1077/1077 1079/1079/1079
f 1078/1078/1078 1079/1079/1079 1076/1076/1076
f 1078/1078/1078 1030/1030/1030 1032/1032/1032
f 1032/1032/1032 1080/1080/1080 1078/1078/1078
f 1032/1032/1032 1081/1081/1081 1080/1080/1080
f 1033/1033/1033 1081/1081/1081 1032/1032/1032
f 1081/1081/1081 1083/1083/1083 1082/1082/1082
f 1033/1033/1033 1083/1083/1083 1081/1081/1081
f 1080/1080/1080 1081/1081/1081 1082/1082/1082
f 1084/1084/1084 1083/1083/1083 1033/1033/1033
f 1082/1082/1082 1083/1083/1083 1084/1084/1084
f 1034/1034/1034 1084/1084/1084 1033/1033/1033
f 1085/1085/1085 1084/1084/1084 1034/1034/1034
f 1082/1082/1082 1084/1084/1084 1085/1085/1085
f 1034/1034/1034 1086/1086/1086 1085/1085/1085
f 1035/1035/1035 1086/1086/1086 1034/1034/1034
f 1086/1086/1086 1088/1088/1088 1087/1087/1087
f 1035/1035/1035 1088/1088/1088 1086/1086/1086
f 1085/1085/1085 1086/1086/1086 1087/1087/1087
f 1089/1089/1089 1088/1088/1088 1035/1035/1035
f 1088/1088/1088 1090/1090/1090 1087/1087/1087
f 1089/1089/1089 1090/1090/1090 1088/1088/1088
f 1036/1036/1036 1089/1089/1089 1035/1035/1035
f 1091/1091/1091 1089/1089/1089 1036/1036/1036
f 1092/1092/1092 1090/1090/1090 1089/1089/1089
f 1087/1087/1087 1090/1090/1090 1092/1092/1092
f 1091/1091/1091 1092/1092/1092 1089/1089/1089
f 1091/1091/1091 1036/1036/1036 1037/1037/1037
f 1037/1037/1037 1093/1093/1093 1091/1091/1091
f 1093/1093/1093 1037/1037/1037 1038/1038/1038
f 1038/1038/1038 1094/1094/1094 1093/1093/1093
f 1094/1094/1094 1038/1038/1038 1039/1039/1039
f 1039/1039/1039 1095/1095/1095 1094/1094/1094
f 1095/1095/1095 1039/1039/1039 1040/1040/1040
f 1040/1040/1040 1096/1096/1096 1095/1095/1095
f 1096/1096/1096 1040/1040/1040 1041/1041/1041
f 1041/1041/1041 1097/1097/1097 1096/1096/1096
f 1097/1097/1097 1041/1041/1041 1042/1042/1042
f 1042/1042/1042 1098/1098/1098 1097/1097/1097
f 1098/1098/1098 1042/1042/1042 1044/1044/1044
f 1044/1044/1044 1099/1099/1099 1098/1098/1098
f 1099/1099/1099 1044/1044/1044 1045/1045/1045
f 1045/1045/1045 1100/1100/1100 1099/1099/1099
f 1100/1100/1100 1045/1045/1045 1046/1046/1046
f 1046/1046/1046 1101/1101/1101 1100/1100/1100
f 1101/1101/1101 1046/1046/1046 1047/1047/1047
f 1047/1047/1047 1102/1102/1102 1101/1101/1101
f 1102/1102/1102 1047/1047/1047 1048/1048/1048
f 1048/1048/1048 1103/1103/1103 1102/1102/1102
f 1103/1103/1103 1048/1048/1048 1049/1049/1049
f 1049/1049/1049 1104/1104/1104 1103/1103/1103
f 1104/1104/1104 1049/1049/1049 1050/1050/1050
f 1050/1050/1050 1105/1105/1105 1104/1104/1104
f 1050/1050/1050 1106/1106/1106 1105/1105/1105
f 1051/1051/1051 1106/1106/1106 1050/1050/1050
f 1107/1107/1107 1106/1106/1106 1051/1051/1051
f 1105/1105/1105 1106/1106/1106 1107/1107/1107
f 1107/1107/1107 1051/1051/1051 1052/1052/1052
f 1052/1052/1052 1108/1108/1108 1107/1107/1107
f 1052/1052/1052 1109/1109/1109 1108/1108/1108
f 1053/1053/1053 1109/1109/1109 1052/1052/1052
f 1110/1110/1110 1109/1109/1109 1053/1053/1053
f 1108/1108/1108 1109/1109/1109 1110/1110/1110
f 1053/1053/1053 1111/1111/1111 1110/1110/1110
f 1054/1054/1054 1111/1111/1111 1053/1053/1053
f 1112/1112/1112 1113/1113/1113 1111/1111/1111
f 1114/1114/1114 1113/1113/1113 1112/1112/1112
f 1054/1054/1054 1112/1112/1112 1111/1111/1111
f 1111/1111/1111 1115/1115/1115 1110/1110/1110
f 1115/1115/1115 1113/1113/1113 1114/1114/1114
f 1111/1111/1111 1113/1113/1113 1115/1115/1115
f 1116/1116/1116 1055/1055/1055 1056/1056/1056
f 1056/1056/1056 1117/1117/1117 1116/1116/1116
f 1117/1117/1117 1056/1056/1056 1057/1057/1057
f 1057/1057/1057 1118/1118/1118 1117/1117/1117
f 1057/1057/1057 1119/1119/1119 1118/1118/1118
f 1060/1060/1060 1119/1119/1119 1057/1057/1057
f 1120/1120/1120 1119/1119/1119 1060/1060/1060
f 1119/1119/1119 1121/1121/1121 1118/1118/1118
f 1120/1120/1120 1121/1121/1121 1119/1119/1119
f 1120/1120/1120 1060/1060/1060 1063/1063/1063
f 1063/1063/1063 1122/1122/1122 1120/1120/1120
f 1063/1063/1063 1123/1123/1123 1122/1122/1122
f 1065/1065/1065 1123/1123/1123 1063/1063/1063
f 1124/1124/1124 1123/1123/1123 1065/1065/1065
f 1123/1123/1123 1125/1125/1125 1122/1122/1122
f 1124/1124/1124 1125/1125/1125 1123/1123/1123
f 1065/1065/1065 1126/1126/1126 1124/1124/1124
f 1126/1126/1126 1070/1070/1070 1069/1069/1069
f 1065/1065/1065 1070/1070/1070 1126/1126/1126
f 1127/1127/1127 1126/1126/1126 1069/1069/1069
f 1126/1126/1126 1128/1128/1128 1124/1124/1124
f 1127/1127/1127 1128/1128/1128 1126/1126/1126
f 1127/1127/1127 1069/1069/1069 1071/1071/1071
f 1071/1071/1071 1129/1129/1129 1127/1127/1127
f 1071/1071/1071 1130/1130/1130 1129/1129/1129
f 1072/1072/1072 1130/1130/1130 1071/1071/1071
f 1131/1131/1131 1130/1130/1130 1072/1072/1072
f 1130/1130/1130 1132/1132/1132 1129/1129/1129
f 1131/1131/1131 1132/1132/1132 1130/1130/1130
f 1072/1072/1072 1133/1133/1133 1131/1131/1131
f 1074/1074/1074 1133/1133/1133 1072/1072/1072
f 1134/1134/1134 1133/1133/1133 1074/1074/1074
f 1131/1131/1131 1133/1133/1133 1134/1134/1134
f 1074/1074/1074 1135/1135/1135 1134/1134/1134
f 1135/1135/1135 1079/1079/1079 1078/1078/1078
f 1074/1074/1074 1079/1079/1079 1135/1135/1135
f 1135/1135/1135 1137/1137/1137 1136/1136/1136
f 1078/1078/1078 1137/1137/1137 1135/1135/1135
f 1134/1134/1134 1135/1135/1135 1136/1136/1136
f 1138/1138/1138 1137/1137/1137 1078/1078/1078
f 1137/1137/1137 1139/1139/1139 1136/1136/1136
f 1138/1138/1138 1139/1139/1139 1137/1137/1137
f 1080/1080/1080 1138/1138/1138 1078/1078/1078
f 1140/1140/1140 1138/1138/1138 1080/1080/1080
f 1141/1141/1141 1139/1139/1139 1138/1138/1138
f 1136/1136/1136 1139/1139/1139 1141/1141/1141
f 1140/1140/1140 1141/1141/1141 1138/1138/1138
f 1080/1080/1080 1142/1142/1142 1140/1140/1140
f 1082/1082/1082 1142/1142/1142 1080/1080/1080
f 1142/1142/1142 1144/1144/1144 1143/1143/1143
f 1082/1082/1082 1144/1144/1144 1142/1142/1142
f 1140/1140/1140 1142/1142/1142 1143/1143/1143
f 1145/1145/1145 1144/1144/1144 1082/1082/1082
f 1144/1144/1144 1146/1146/1146 1143/1143/1143
f 1145/1145/1145 1146/1146/1146 1144/1144/1144
f 1085/1085/1085 1145/1145/1145 1082/1082/1082
f 1147/1147/1147 1148/1148/1148 1145/1145/1145
f 1149/1149/1149 1148/1148/1148 1147/1147/1147
f 1085/1085/1085 1147/1147/1147 1145/1145/1145
f 1146/1146/1146 1151/1151/1151 1150/1150/1150
f 1145/1145/1145 1151/1151/1151 1146/1146/1146
f 1143/1143/1143 1146/1146/1146 1150/1150/1150
f 1150/1150/1150 1148/1148/1148 1149/1149/1149
f 1148/1148/1148 1151/1151/1151 1145/1145/1145
f 1150/1150/1150 1151/1151/1151 1148/1148/1148
f 1152/1152/1152 1147/1147/1147 1085/1085/1085
f 1149/1149/1149 1147/1147/1147 1152/1152/1152
f 1087/1087/1087 1152/1152/1152 1085/1085/1085
f 1153/1153/1153 1152/1152/1152 1087/1087/1087
f 1149/1149/1149 1152/1152/1152 1153/1153/1153
f 1087/1087/1087 1154/1154/1154 1153/1153/1153
f 1154/1154/1154 1092/1092/1092 1091/1091/1091
f 1087/1087/1087 1092/1092/1092 1154/1154/1154
f 1155/1155/1155 1154/1154/1154 1091/1091/1091
f 1153/1153/1153 1154/1154/1154 1155/1155/1155
f 1155/1155/1155 1091/1091/1091 1093/1093/1093
f 1093/1093/1093 1156/1156/1156 1155/1155/1155
f 1156/1156/1156 1093/1093/1093 1094/1094/1094
f 1094/1094/1094 1157/1157/1157 1156/1156/1156
f 1157/1157/1157 1094/1094/1094 1095/1095/1095
f 1095/1095/1095 1158/1158/1158 1157/1157/1157
f 1158/1158/1158 1095/1095/1095 1096/1096/1096
f 1096/1096/1096 1159/1159/1159 1158/1158/1158
f 1159/1159/1159 1096/1096/1096 1097/1097/1097
f 1097/1097/1097 1160/1160/1160 1159/1159/1159
f 1160/1160/1160 1097/1097/1097 1098/1098/1098
f 1098/1098/1098 1161/1161/1161 1160/1160/1160
f 1161/1161/1161 1098/1098/1098 1099/1099/1099
f 1099/1099/1099 1162/1162/1162 1161/1161/1161
f 1162/1162/1162 1099/1099/1099 1100/1100/1100
f 1100/1100/1100 1163/1163/1163 1162/1162/1162
f 1163/1163/1163 1100/1100/1100 1101/1101/1101
f 1101/1101/1101 1164/1164/1164 1163/1163/1163
f 1164/1164/1164 1101/1101/1101 1102/1102/1102
f 1102/1102/1102 1165/1165/1165 1164/1164/1164
f 1165/1165/1165 1102/1102/1102 1103/1103/1103
f 1103/1103/1103 1166/1166/1166 1165/1165/1165
f 1166/1166/1166 1103/1103/1103 1104/1104/1104
f 1104/1104/1104 1167/1167/1167 1166/1166/1166
f 1167/1167/1167 1104/1104/1104 1105/1105/1105
f 1105/1105/1105 1168/1168/1168 1167/1167/1167
f 1105/1105/1105 1169/1169/1169 1168/1168/1168
f 1107/1107/1107 1169/1169/1169 1105/1105/1105
f 1170/1170/1170 1171/1171/1171 1169/1169/1169
f 1171/1171/1171 1173/1173/1173 1172/1172/1172
f 1170/1170/1170 1173/1173/1173 1171/1171/1171
f 1107/1107/1107 1170/1170/1170 1169/1169/1169
f 1169/1169/1169 1174/1174/1174 1168/1168/1168
f 1174/1174/1174 1171/1171/1171 1172/1172/1172
f 1169/1169/1169 1171/1171/1171 1174/1174/1174
f 1175/1175/1175 1170/1170/1170 1107/1107/1107
f 1176/1176/1176 1173/1173/1173 1170/1170/1170
f 1173/1173/1173 1177/1177/1177 1172/1172/1172
f 1176/1176/1176 1177/1177/1177 1173/1173/1173
f 1175/1175/1175 1176/1176/1176 1170/1170/1170
f 1108/1108/1108 1175/1175/1175 1107/1107/1107
f 1178/1178/1178 1175/1175/1175 1108/1108/1108
f 1179/1179/1179 1176/1176/1176 1175/1175/1175
f 1180/1180/1180 1177/1177/1177 1176/1176/1176
f 1172/1172/1172 1177/1177/1177 1180/1180/1180
f 1179/1179/1179 1180/1180/1180 1176/1176/1176
f 1178/1178/1178 1179/1179/1179 1175/1175/1175
f 1108/1108/1108 1181/1181/1181 1178/1178/1178
f 1110/1110/1110 1181/1181/1181 1108/1108/1108
f 1182/1182/1182 1181/1181/1181 1110/1110/1110
f 1178/1178/1178 1181/1181/1181 1182/1182/1182
f 1110/1110/1110 1183/1183/1183 1182/1182/1182
f 1183/1183/1183 1115/1115/1115 1114/1114/1114
f 1110/1110/1110 1115/1115/1115 1183/1183/1183
f 1184/1184/1184 1183/1183/1183 1114/1114/1114
f 1182/1182/1182 1183/1183/1183 1184/1184/1184
f 1185/1185/1185 1116/1116/1116 1117/1117/1117
f 1117/1117/1117 1186/1186/1186 1185/1185/1185
f 1117/1117/1117 1187/1187/1187 1186/1186/1186
f 1118/1118/1118 1187/1187/1187 1117/1117/1117
f 1187/1187/1187 1189/1189/1189 1188/1188/1188
f 1118/1118/1118 1189/1189/1189 1187/1187/1187
f 1186/1186/1186 1187/1187/1187 1188/1188/1188
f 1189/1189/1189 1191/1191/1191 1190/1190/1190
f 1118/1118/1118 1191/1191/1191 1189/1189/1189
f 1188/1188/1188 1189/1189/1189 1190/1190/1190
f 1190/1190/1190 1121/1121/1121 1120/1120/1120
f 1121/1121/1121 1191/1191/1191 1118/1118/1118
f 1190/1190/1190 1191/1191/1191 1121/1121/1121
f 1192/1192/1192 1190/1190/1190 1120/1120/1120
f 1188/1188/1188 1190/1190/1190 1192/1192/1192
f 1120/1120/1120 1193/1193/1193 1192/1192/1192
f 1122/1122/1122 1193/1193/1193 1120/1120/1120
f 1194/1194/1194 1193/1193/1193 1122/1122/1122
f 1193/1193/1193 1195/1195/1195 1192/1192/1192
f 1194/1194/1194 1195/1195/1195 1193/1193/1193
f 1122/1122/1122 1196/1196/1196 1194/1194/1194
f 1196/1196/1196 1125/1125/1125 1124/1124/1124
f 1122/1122/1122 1125/1125/1125 1196/1196/1196
f 1197/1197/1197 1196/1196/1196 1124/1124/1124
f 1196/1196/1196 1198/1198/1198 1194/1194/1194
f 1197/1197/1197 1198/1198/1198 1196/1196/1196
f 1124/1124/1124 1199/1199/1199 1197/1197/1197
f 1128/1128/1128 1200/1200/1200 1199/1199/1199
f 1127/1127/1127 1200/1200/1200 1128/1128/1128
f 1124/1124/1124 1128/1128/1128 1199/1199/1199
f 1201/1201/1201 1202/1202/1202 1199/1199/1199
f 1203/1203/1203 1202/1202/1202 1201/1201/1201
f 1201/1201/1201 1200/1200/1200 1127/1127/1127
f 1199/1199/1199 1200/1200/1200 1201/1201/1201
f 1199/1199/1199 1204/1204/1204 1197/1197/1197
f 1204/1204/1204 1202/1202/1202 1203/1203/1203
f 1199/1199/1199 1202/1202/1202 1204/1204/1204
f 1205/1205/1205 1201/1201/1201 1127/1127/1127
f 1203/1203/1203 1201/1201/1201 1205/1205/1205
f 1129/1129/1129 1205/1205/1205 1127/1127/1127
f 1206/1206/1206 1205/1205/1205 1129/1129/1129
f 1203/1203/1203 1205/1205/1205 1206/1206/1206
f 1129/1129/1129 1207/1207/1207 1206/1206/1206
f 1207/1207/1207 1132/1132/1132 1131/1131/1131
f 1129/1129/1129 1132/1132/1132 1207/1207/1207
f 1208/1208/1208 1207/1207/1207 1131/1131/1131
f 1206/1206/1206 1207/1207/1207 1208/1208/1208
f 1208/1208/1208 1131/1131/1131 1134/1134/1134
f 1134/1134/1134 1209/1209/1209 1208/1208/1208
f 1209/1209/1209 1134/1134/1134 1136/1136/1136
f 1136/1136/1136 1210/1210/1210 1209/1209/1209
f 1136/1136/1136 1211/1211/1211 1210/1210/1210
f 1141/1141/1141 1212/1212/1212 1211/1211/1211
f 1140/1140/1140 1212/1212/1212 1141/1141/1141
f 1136/1136/1136 1141/1141/1141 1211/1211/1211
f 1211/1211/1211 1214/1214/1214 1213/1213/1213
f 1214/1214/1214 1212/1212/1212 1140/1140/1140
f 1211/1211/1211 1212/1212/1212 1214/1214/1214
f 1210/1210/1210 1211/1211/1211 1213/1213/1213
f 1215/1215/1215 1214/1214/1214 1140/1140/1140
f 1214/1214/1214 1216/1216/1216 1213/1213/1213
f 1215/1215/1215 1216/1216/1216 1214/1214/1214
f 1143/1143/1143 1215/1215/1215 1140/1140/1140
f 1217/1217/1217 1218/1218/1218 1215/1215/1215
f 1219/1219/1219 1218/1218/1218 1217/1217/1217
f 1143/1143/1143 1217/1217/1217 1215/1215/1215
f 1216/1216/1216 1221/1221/1221 1220/1220/1220
f 1215/1215/1215 1221/1221/1221 1216/1216/1216
f 1213/1213/1213 1216/1216/1216 1220/1220/1220
f 1222/1222/1222 1223/1223/1223 1218/1218/1218
f 1220/1220/1220 1223/1223/1223 1222/1222/1222
f 1219/1219/1219 1222/1222/1222 1218/1218/1218
f 1218/1218/1218 1221/1221/1221 1215/1215/1215
f 1221/1221/1221 1223/1223/1223 1220/1220/1220
f 1218/1218/1218 1223/1223/1223 1221/1221/1221
f 1224/1224/1224 1217/1217/1217 1143/1143/1143
f 1219/1219/1219 1217/1217/1217 1224/1224/1224
f 1224/1224/1224 1150/1150/1150 1149/1149/1149
f 1143/1143/1143 1150/1150/1150 1224/1224/1224
f 1225/1225/1225 1224/1224/1224 1149/1149/1149
f 1219/1219/1219 1224/1224/1224 1225/1225/1225
f 1225/1225/1225 1149/1149/1149 1153/1153/1153
f 1153/1153/1153 1226/1226/1226 1225/1225/1225
f 1226/1226/1226 1153/1153/1153 1155/1155/1155
f 1155/1155/1155 1227/1227/1227 1226/1226/1226
f 1227/1227/1227 1155/1155/1155 1156/1156/1156
f 1156/1156/1156 1228/1228/1228 1227/1227/1227
f 1156/1156/1156 1229/1229/1229 1228/1228/1228
f 1157/1157/1157 1229/1229/1229 1156/1156/1156
f 1230/1230/1230 1229/1229/1229 1157/1157/1157
f 1228/1228/1228 1229/1229/1229 1230/1230/1230
f 1230/1230/1230 1157/1157/1157 1158/1158/1158
f 1158/1158/1158 1231/1231/1231 1230/1230/1230
f 1231/1231/1231 1158/1158/1158 1159/1159/1159
f 1159/1159/1159 1232/1232/1232 1231/1231/1231
f 1232/1232/1232 1159/1159/1159 1160/1160/1160
f 1160/1160/1160 1233/1233/1233 1232/1232/1232
f 1233/1233/1233 1160/1160/1160 1161/1161/1161
f 1161/1161/1161 1234/1234/1234 1233/1233/1233
f 1161/1161/1161 1235/1235/1235 1234/1234/1234
f 1162/1162/1162 1235/1235/1235 1161/1161/1161
f 1235/1235/1235 1237/1237/1237 1236/1236/1236
f 1162/1162/1162 1237/1237/1237 1235/1235/1235
f 1234/1234/1234 1235/1235/1235 1236/1236/1236
f 1238/1238/1238 1237/1237/1237 1162/1162/1162
f 1237/1237/1237 1239/1239/1239 1236/1236/1236
f 1238/1238/1238 1239/1239/1239 1237/1237/1237
f 1163/1163/1163 1238/1238/1238 1162/1162/1162
f 1240/1240/1240 1238/1238/1238 1163/1163/1163
f 1241/1241/1241 1239/1239/1239 1238/1238/1238
f 1236/1236/1236 1239/1239/1239 1241/1241/1241
f 1240/1240/1240 1241/1241/1241 1238/1238/1238
f 1240/1240/1240 1163/1163/1163 1164/1164/1164
f 1164/1164/1164 1242/1242/1242 1240/1240/1240
f 1242/1242/1242 1164/1164/1164 1165/1165/1165
f 1165/1165/1165 1243/1243/1243 1242/1242/1242
f 1243/1243/1243 1165/1165/1165 1166/1166/1166
f 1166/1166/1166 1244/1244/1244 1243/1243/1243
f 1244/1244/1244 1166/1166/1166 1167/1167/1167
f 1167/1167/1167 1245/1245/1245 1244/1244/1244
f 1245/1245/1245 1167/1167/1167 1168/1168/1168
f 1168/1168/1168 1246/1246/1246 1245/1245/1245
f 1168/1168/1168 1247/1247/1247 1246/1246/1246
f 1247/1247/1247 1174/1174/1174 1172/1172/1172
f 1168/1168/1168 1174/1174/1174 1247/1247/1247
f 1247/1247/1247 1249/1249/1249 1248/1248/1248
f 1172/1172/1172 1249/1249/1249 1247/1247/1247
f 1246/1246/1246 1247/1247/1247 1248/1248/1248
f 1249/1249/1249 1251/1251/1251 1250/1250/1250
f 1172/1172/1172 1251/1251/1251 1249/1249/1249
f 1248/1248/1248 1249/1249/1249 1250/1250/1250
f 1250/1250/1250 1179/1179/1179 1178/1178/1178
f 1251/1251/1251 1180/1180/1180 1179/1179/1179
f 1172/1172/1172 1180/1180/1180 1251/1251/1251
f 1250/1250/1250 1251/1251/1251 1179/1179/1179
f 1252/1252/1252 1253/1253/1253 1250/1250/1250
f 1254/1254/1254 1253/1253/1253 1252/1252/1252
f 1178/1178/1178 1252/1252/1252 1250/1250/1250
f 1250/1250/1250 1255/1255/1255 1248/1248/1248
f 1253/1253/1253 1256/1256/1256 1255/1255/1255
f 1254/1254/1254 1256/1256/1256 1253/1253/1253
f 1250/1250/1250 1253/1253/1253 1255/1255/1255
f 1257/1257/1257 1252/1252/1252 1178/1178/1178
f 1254/1254/1254 1252/1252/1252 1257/1257/1257
f 1182/1182/1182 1257/1257/1257 1178/1178/1178
f 1258/1258/1258 1257/1257/1257 1182/1182/1182
f 1254/1254/1254 1257/1257/1257 1258/1258/1258
f 1258/1258/1258 1182/1182/1182 1184/1184/1184
f 1184/1184/1184 1259/1259/1259 1258/1258/1258
f 1185/1185/1185 1261/1261/1261 1260/1260/1260
f 1186/1186/1186 1261/1261/1261 1185/1185/1185
f 1262/1262/1262 1261/1261/1261 1186/1186/1186
f 1261/1261/1261 1263/1263/1263 1260/1260/1260
f 1262/1262/1262 1263/1263/1263 1261/1261/1261
f 1262/1262/1262 1186/1186/1186 1188/1188/1188
f 1188/1188/1188 1264/1264/1264 1262/1262/1262
f 1188/1188/1188 1265/1265/1265 1264/1264/1264
f 1192/1192/1192 1265/1265/1265 1188/1188/1188
f 1266/1266/1266 1265/1265/1265 1192/1192/1192
f 1264/1264/1264 1265/1265/1265 1266/1266/1266
f 1192/1192/1192 1267/1267/1267 1266/1266/1266
f 1195/1195/1195 1268/1268/1268 1267/1267/1267
f 1194/1194/1194 1268/1268/1268 1195/1195/1195
f 1192/1192/1192 1195/1195/1195 1267/1267/1267
f 1267/1267/1267 1270/1270/1270 1269/1269/1269
f 1268/1268/1268 1271/1271/1271 1270/1270/1270
f 1194/1194/1194 1271/1271/1271 1268/1268/1268
f 1267/1267/1267 1268/1268/1268 1270/1270/1270
f 1266/1266/1266 1267/1267/1267 1269/1269/1269
f 1270/1270/1270 1273/1273/1273 1272/1272/1272
f 1273/1273/1273 1271/1271/1271 1194/1194/1194
f 1270/1270/1270 1271/1271/1271 1273/1273/1273
f 1269/1269/1269 1270/1270/1270 1272/1272/1272
f 1272/1272/1272 1198/1198/1198 1197/1197/1197
f 1198/1198/1198 1273/1273/1273 1194/1194/1194
f 1272/1272/1272 1273/1273/1273 1198/1198/1198
f 1272/1272/1272 1275/1275/1275 1274/1274/1274
f 1197/1197/1197 1275/1275/1275 1272/1272/1272
f 1269/1269/1269 1272/1272/1272 1274/1274/1274
f 1275/1275/1275 1277/1277/1277 1276/1276/1276
f 1197/1197/1197 1277/1277/1277 1275/1275/1275
f 1274/1274/1274 1275/1275/1275 1276/1276/1276
f 1276/1276/1276 1204/1204/1204 1203/1203/1203
f 1204/1204/1204 1277/1277/1277 1197/1197/1197
f 1276/1276/1276 1277/1277/1277 1204/1204/1204
f 1278/1278/1278 1279/1279/1279 1276/1276/1276
f 1280/1280/1280 1279/1279/1279 1278/1278/1278
f 1203/1203/1203 1278/1278/1278 1276/1276/1276
f 1276/1276/1276 1281/1281/1281 1274/1274/1274
f 1281/1281/1281 1279/1279/1279 1280/1280/1280
f 1276/1276/1276 1279/1279/1279 1281/1281/1281
f 1282/1282/1282 1278/1278/1278 1203/1203/1203
f 1280/1280/1280 1278/1278/1278 1282/1282/1282
f 1206/1206/1206 1282/1282/1282 1203/1203/1203
f 1283/1283/1283 1282/1282/1282 1206/1206/1206
f 1280/1280/1280 1282/1282/1282 1283/1283/1283
f 1283/1283/1283 1206/1206/1206 1208/1208/1208
f 1208/1208/1208 1284/1284/1284 1283/1283/1283
f 1284/1284/1284 1208/1208/1208 1209/1209/1209
f 1209/1209/1209 1285/1285/1285 1284/1284/1284
f 1285/1285/1285 1209/1209/1209 1210/1210/1210
f 1210/1210/1210 1286/1286/1286 1285/1285/1285
f 1286/1286/1286 1210/1210/1210 1213/1213/1213
f 1213/1213/1213 1287/1287/1287 1286/1286/1286
f 1213/1213/1213 1288/1288/1288 1287/1287/1287
f 1220/1220/1220 1289/1289/1289 1288/1288/1288
f 1289/1289/1289 1222/1222/1222 1219/1219/1219
f 1220/1220/1220 1222/1222/1222 1289/1289/1289
f 1213/1213/1213 1220/1220/1220 1288/1288/1288
f 1288/1288/1288 1291/1291/1291 1290/1290/1290
f 1291/1291/1291 1289/1289/1289 1219/1219/1219
f 1288/1288/1288 1289/1289/1289 1291/1291/1291
f 1287/1287/1287 1288/1288/1288 1290/1290/1290
f 1292/1292/1292 1291/1291/1291 1219/1219/1219
f 1290/1290/1290 1291/1291/1291 1292/1292/1292
f 1225/1225/1225 1292/1292/1292 1219/1219/1219
f 1293/1293/1293 1292/1292/1292 1225/1225/1225
f 1292/1292/1292 1294/1294/1294 1290/1290/1290
f 1293/1293/1293 1294/1294/1294 1292/1292/1292
f 1225/1225/1225 1295/1295/1295 1293/1293/1293
f 1226/1226/1226 1295/1295/1295 1225/1225/1225
f 1296/1296/1296 1297/1297/1297 1295/1295/1295
f 1297/1297/1297 1299/1299/1299 1298/1298/1298
f 1296/1296/1296 1299/1299/1299 1297/1297/1297
f 1226/1226/1226 1296/1296/1296 1295/1295/1295
f 1295/1295/1295 1300/1300/1300 1293/1293/1293
f 1300/1300/1300 1297/1297/1297 1298/1298/1298
f 1295/1295/1295 1297/1297/1297 1300/1300/1300
f 1301/1301/1301 1296/1296/1296 1226/1226/1226
f 1302/1302/1302 1299/1299/1299 1296/1296/1296
f 1299/1299/1299 1303/1303/1303 1298/1298/1298
f 1302/1302/1302 1303/1303/1303 1299/1299/1299
f 1301/1301/1301 1302/1302/1302 1296/1296/1296
f 1227/1227/1227 1301/1301/1301 1226/1226/1226
f 1304/1304/1304 1301/1301/1301 1227/1227/1227
f 1305/1305/1305 1302/1302/1302 1301/1301/1301
f 1306/1306/1306 1303/1303/1303 1302/1302/1302
f 1298/1298/1298 1303/1303/1303 1306/1306/1306
f 1305/1305/1305 1306/1306/1306 1302/1302/1302
f 1304/1304/1304 1305/1305/1305 1301/1301/1301
f 1304/1304/1304 1227/1227/1227 1228/1228/1228
f 1228/1228/1228 1307/1307/1307 1304/1304/1304
f 1228/1228/1228 1308/1308/1308 1307/1307/1307
f 1230/1230/1230 1308/1308/1308 1228/1228/1228
f 1309/1309/1309 1308/1308/1308 1230/1230/1230
f 1308/1308/1308 1310/1310/1310 1307/1307/1307
f 1309/1309/1309 1310/1310/1310 1308/1308/1308
f 1309/1309/1309 1230/1230/1230 1231/1231/1231
f 1231/1231/1231 1311/1311/1311 1309/1309/1309
f 1311/1311/1311 1231/1231/1231 1232/1232/1232
f 1232/1232/1232 1312/1312/1312 1311/1311/1311
f 1312/1312/1312 1232/1232/1232 1233/1233/1233
f 1233/1233/1233 1313/1313/1313 1312/1312/1312
f 1313/1313/1313 1233/1233/1233 1234/1234/1234
f 1234/1234/1234 1314/1314/1314 1313/1313/1313
f 1314/1314/1314 1234/1234/1234 1236/1236/1236
f 1236/1236/1236 1315/1315/1315 1314/1314/1314
f 1236/1236/1236 1316/1316/1316 1315/1315/1315
f 1316/1316/1316 1241/1241/1241 1240/1240/1240
f 1236/1236/1236 1241/1241/1241 1316/1316/1316
f 1317/1317/1317 1318/1318/1318 1316/1316/1316
f 1319/1319/1319 1318/1318/1318 1317/1317/1317
f 1240/1240/1240 1317/1317/1317 1316/1316/1316
f 1316/1316/1316 1320/1320/1320 1315/1315/1315
f 1320/1320/1320 1318/1318/1318 1319/1319/1319
f 1316/1316/1316 1318/1318/1318 1320/1320/1320
f 1321/1321/1321 1317/1317/1317 1240/1240/1240
f 1317/1317/1317 1322/1322/1322 1319/1319/1319
f 1321/1321/1321 1322/1322/1322 1317/1317/1317
f 1242/1242/1242 1321/1321/1321 1240/1240/1240
f 1323/1323/1323 1321/1321/1321 1242/1242/1242
f 1324/1324/1324 1322/1322/1322 1321/1321/1321
f 1319/1319/1319 1322/1322/1322 1324/1324/1324
f 1323/1323/1323 1324/1324/1324 1321/1321/1321
f 1323/1323/1323 1242/1242/1242 1243/1243/1243
f 1243/1243/1243 1325/1325/1325 1323/1323/1323
f 1325/1325/1325 1243/1243/1243 1244/1244/1244
f 1244/1244/1244 1326/1326/1326 1325/1325/1325
f 1326/1326/1326 1244/1244/1244 1245/1245/1245
f 1245/1245/1245 1327/1327/1327 1326/1326/1326
f 1327/1327/1327 1245/1245/1245 1246/1246/1246
f 1246/1246/1246 1328/1328/1328 1327/1327/1327
f 1328/1328/1328 1246/1246/1246 1248/1248/1248
f 1248/1248/1248 1329/1329/1329 1328/1328/1328
f 1248/1248/1248 1330/1330/1330 1329/1329/1329
f 1255/1255/1255 1331/1331/1331 1330/1330/1330
f 1331/1331/1331 1256/1256/1256 1254/1254/1254
f 1255/1255/1255 1256/1256/1256 1331/1331/1331
f 1248/1248/1248 1255/1255/1255 1330/1330/1330
f 1330/1330/1330 1333/1333/1333 1332/1332/1332
f 1333/1333/1333 1331/1331/1331 1254/1254/1254
f 1330/1330/1330 1331/1331/1331 1333/1333/1333
f 1329/1329/1329 1330/1330/1330 1332/1332/1332
f 1334/1334/1334 1333/1333/1333 1254/1254/1254
f 1332/1332/1332 1333/1333/1333 1334/1334/1334
f 1258/1258/1258 1334/1334/1334 1254/1254/1254
f 1335/1335/1335 1334/1334/1334 1258/1258/1258
f 1332/1332/1332 1334/1334/1334 1335/1335/1335
f 1258/1258/1258 1336/1336/1336 1335/1335/1335
f 1259/1259/1259 1336/1336/1336 1258/1258/1258
f 1336/1336/1336 1338/1338/1338 1337/1337/1337
f 1259/1259/1259 1338/1338/1338 1336/1336/1336
f 1335/1335/1335 1336/1336/1336 1337/1337/1337
f 1260/1260/1260 1340/1340/1340 1339/1339/1339
f 1340/1340/1340 1263/1263/1263 1262/1262/1262
f 1260/1260/1260 1263/1263/1263 1340/1340/1340
f 1341/1341/1341 1340/1340/1340 1262/1262/1262
f 1339/1339/1339 1340/1340/1340 1341/1341/1341
f 1341/1341/1341 1262/1262/1262 1264/1264/1264
f 1264/1264/1264 1342/1342/1342 1341/1341/1341
f 1342/1342/1342 1264/1264/1264 1266/1266/1266
f 1266/1266/1266 1343/1343/1343 1342/1342/1342
f 1343/1343/1343 1266/1266/1266 1269/1269/1269
f 1269/1269/1269 1344/1344/1344 1343/1343/1343
f 1269/1269/1269 1345/1345/1345 1344/1344/1344
f 1274/1274/1274 1345/1345/1345 1269/1269/1269
f 1345/1345/1345 1347/1347/1347 1346/1346/1346
f 1274/1274/1274 1347/1347/1347 1345/1345/1345
f 1344/1344/1344 1345/1345/1345 1346/1346/1346
f 1347/1347/1347 1349/1349/1349 1348/1348/1348
f 1274/1274/1274 1349/1349/1349 1347/1347/1347
f 1346/1346/1346 1347/1347/1347 1348/1348/1348
f 1348/1348/1348 1281/1281/1281 1280/1280/1280
f 1281/1281/1281 1349/1349/1349 1274/1274/1274
f 1348/1348/1348 1349/1349/1349 1281/1281/1281
f 1350/1350/1350 1348/1348/1348 1280/1280/1280
f 1346/1346/1346 1348/1348/1348 1350/1350/1350
f 1350/1350/1350 1280/1280/1280 1283/1283/1283
f 1283/1283/1283 1351/1351/1351 1350/1350/1350
f 1351/1351/1351 1283/1283/1283 1284/1284/1284
f 1284/1284/1284 1352/1352/1352 1351/1351/1351
f 1352/1352/1352 1284/1284/1284 1285/1285/1285
f 1285/1285/1285 1353/1353/1353 1352/1352/1352
f 1353/1353/1353 1285/1285/1285 1286/1286/1286
f 1286/1286/1286 1354/1354/1354 1353/1353/1353
f 1354/1354/1354 1286/1286/1286 1287/1287/1287
f 1287/1287/1287 1355/1355/1355 1354/1354/1354
f 1355/1355/1355 1287/1287/1287 1290/1290/1290
f 1290/1290/1290 1356/1356/1356 1355/1355/1355
f 1290/1290/1290 1357/1357/1357 1356/1356/1356
f 1294/1294/1294 1358/1358/1358 1357/1357/1357
f 1293/1293/1293 1358/1358/1358 1294/1294/1294
f 1290/1290/1290 1294/1294/1294 1357/1357/1357
f 1357/1357/1357 1360/1360/1360 1359/1359/1359
f 1360/1360/1360 1358/1358/1358 1293/1293/1293
f 1357/1357/1357 1358/1358/1358 1360/1360/1360
f 1356/1356/1356 1357/1357/1357 1359/1359/1359
f 1361/1361/1361 1360/1360/1360 1293/1293/1293
f 1360/1360/1360 1362/1362/1362 1359/1359/1359
f 1361/1361/1361 1362/1362/1362 1360/1360/1360
f 1361/1361/1361 1300/1300/1300 1298/1298/1298
f 1293/1293/1293 1300/1300/1300 1361/1361/1361
f 1361/1361/1361 1364/1364/1364 1363/1363/1363
f 1298/1298/1298 1364/1364/1364 1361/1361/1361
f 1365/1365/1365 1362/1362/1362 1361/1361/1361
f 1362/1362/1362 1366/1366/1366 1359/1359/1359
f 1365/1365/1365 1366/1366/1366 1362/1362/1362
f 1363/1363/1363 1365/1365/1365 1361/1361/1361
f 1364/1364/1364 1368/1368/1368 1367/1367/1367
f 1298/1298/1298 1368/1368/1368 1364/1364/1364
f 1363/1363/1363 1364/1364/1364 1367/1367/1367
f 1367/1367/1367 1305/1305/1305 1304/1304/1304
f 1368/1368/1368 1306/1306/1306 1305/1305/1305
f 1298/1298/1298 1306/1306/1306 1368/1368/1368
f 1367/1367/1367 1368/1368/1368 1305/1305/1305
f 1369/1369/1369 1367/1367/1367 1304/1304/1304
f 1363/1363/1363 1367/1367/1367 1369/1369/1369
f 1369/1369/1369 1304/1304/1304 1307/1307/1307
f 1307/1307/1307 1370/1370/1370 1369/1369/1369
f 1307/1307/1307 1371/1371/1371 1370/1370/1370
f 1310/1310/1310 1372/1372/1372 1371/1371/1371
f 1309/1309/1309 1372/1372/1372 1310/1310/1310
f 1307/1307/1307 1310/1310/1310 1371/1371/1371
f 1371/1371/1371 1374/1374/1374 1373/1373/1373
f 1374/1374/1374 1372/1372/1372 1309/1309/1309
f 1371/1371/1371 1372/1372/1372 1374/1374/1374
f 1371/1371/1371 1375/1375/1375 1370/1370/1370
f 1373/1373/1373 1375/1375/1375 1371/1371/1371
f 1376/1376/1376 1374/1374/1374 1309/1309/1309
f 1374/1374/1374 1377/1377/1377 1373/1373/1373
f 1376/1376/1376 1377/1377/1377 1374/1374/1374
f 1311/1311/1311 1376/1376/1376 1309/1309/1309
f 1378/1378/1378 1376/1376/1376 1311/1311/1311
f 1379/1379/1379 1377/1377/1377 1376/1376/1376
f 1373/1373/1373 1377/1377/1377 1379/1379/1379
f 1378/1378/1378 1379/1379/1379 1376/1376/1376
f 1378/1378/1378 1311/1311/1311 1312/1312/1312
f 1312/1312/1312 1380/1380/1380 1378/1378/1378
f 1312/1312/1312 1381/1381/1381 1380/1380/1380
f 1313/1313/1313 1381/1381/1381 1312/1312/1312
f 1382/1382/1382 1383/1383/1383 1381/1381/1381
f 1383/1383/1383 1385/1385/1385 1384/1384/1384
f 1382/1382/1382 1385/1385/1385 1383/1383/1383
f 1313/1313/1313 1382/1382/1382 1381/1381/1381
f 1381/1381/1381 1386/1386/1386 1380/1380/1380
f 1386/1386/1386 1383/1383/1383 1384/1384/1384
f 1381/1381/1381 1383/1383/1383 1386/1386/1386
f 1387/1387/1387 1382/1382/1382 1313/1313/1313
f 1388/1388/1388 1385/1385/1385 1382/1382/1382
f 1384/1384/1384 1385/1385/1385 1388/1388/1388
f 1387/1387/1387 1388/1388/1388 1382/1382/1382
f 1314/1314/1314 1387/1387/1387 1313/1313/1313
f 1387/1387/1387 1390/1390/1390 1389/1389/1389
f 1314/1314/1314 1390/1390/1390 1387/1387/1387
f 1391/1391/1391 1388/1388/1388 1387/1387/1387
f 1384/1384/1384 1388/1388/1388 1391/1391/1391
f 1389/1389/1389 1391/1391/1391 1387/1387/1387
f 1392/1392/1392 1390/1390/1390 1314/1314/1314
f 1390/1390/1390 1393/1393/1393 1389/1389/1389
f 1392/1392/1392 1393/1393/1393 1390/1390/1390
f 1315/1315/1315 1392/1392/1392 1314/1314/1314
f 1394/1394/1394 1395/1395/1395 1392/1392/1392
f 1395/1395/1395 1397/1397/1397 1396/1396/1396
f 1394/1394/1394 1397/1397/1397 1395/1395/1395
f 1315/1315/1315 1394/1394/1394 1392/1392/1392
f 1393/1393/1393 1399/1399/1399 1398/1398/1398
f 1392/1392/1392 1399/1399/1399 1393/1393/1393
f 1389/1389/1389 1393/1393/1393 1398/1398/1398
f 1398/1398/1398 1395/1395/1395 1396/1396/1396
f 1395/1395/1395 1399/1399/1399 1392/1392/1392
f 1398/1398/1398 1399/1399/1399 1395/1395/1395
f 1400/1400/1400 1394/1394/1394 1315/1315/1315
f 1401/1401/1401 1397/1397/1397 1394/1394/1394
f 1396/1396/1396 1397/1397/1397 1401/1401/1401
f 1400/1400/1400 1401/1401/1401 1394/1394/1394
f 1400/1400/1400 1320/1320/1320 1319/1319/1319
f 1315/1315/1315 1320/1320/1320 1400/1400/1400
f 1400/1400/1400 1403/1403/1403 1402/1402/1402
f 1319/1319/1319 1403/1403/1403 1400/1400/1400
f 1404/1404/1404 1401/1401/1401 1400/1400/1400
f 1396/1396/1396 1401/1401/1401 1404/1404/1404
f 1402/1402/1402 1404/1404/1404 1400/1400/1400
f 1403/1403/1403 1406/1406/1406 1405/1405/1405
f 1319/1319/1319 1406/1406/1406 1403/1403/1403
f 1402/1402/1402 1403/1403/1403 1405/1405/1405
f 1407/1407/1407 1408/1408/1408 1324/1324/1324
f 1408/1408/1408 1409/1409/1409 1405/1405/1405
f 1407/1407/1407 1409/1409/1409 1408/1408/1408
f 1323/1323/1323 1407/1407/1407 1324/1324/1324
f 1324/1324/1324 1406/1406/1406 1319/1319/1319
f 1406/1406/1406 1408/1408/1408 1405/1405/1405
f 1324/1324/1324 1408/1408/1408 1406/1406/1406
f 1410/1410/1410 1412/1412/1412 1411/1411/1411
f 1405/1405/1405 1412/1412/1412 1410/1410/1410
f 1413/1413/1413 1410/1410/1410 1411/1411/1411
f 1411/1411/1411 1407/1407/1407 1323/1323/1323
f 1412/1412/1412 1409/1409/1409 1407/1407/1407
f 1405/1405/1405 1409/1409/1409 1412/1412/1412
f 1411/1411/1411 1412/1412/1412 1407/1407/1407
f 1405/1405/1405 1414/1414/1414 1402/1402/1402
f 1414/1414/1414 1410/1410/1410 1413/1413/1413
f 1405/1405/1405 1410/1410/1410 1414/1414/1414
f 1415/1415/1415 1411/1411/1411 1323/1323/1323
f 1413/1413/1413 1411/1411/1411 1415/1415/1415
f 1325/1325/1325 1415/1415/1415 1323/1323/1323
f 1416/1416/1416 1415/1415/1415 1325/1325/1325
f 1413/1413/1413 1415/1415/1415 1416/1416/1416
f 1416/1416/1416 1325/1325/1325 1326/1326/1326
f 1326/1326/1326 1417/1417/1417 1416/1416/1416
f 1417/1417/1417 1326/1326/1326 1327/1327/1327
f 1327/1327/1327 1418/1418/1418 1417/1417/1417
f 1418/1418/1418 1327/1327/1327 1328/1328/1328
f 1328/1328/1328 1419/1419/1419 1418/1418/1418
f 1419/1419/1419 1328/1328/1328 1329/1329/1329
f 1329/1329/1329 1420/1420/1420 1419/1419/1419
f 1329/1329/1329 1421/1421/1421 1420/1420/1420
f 1332/1332/1332 1421/1421/1421 1329/1329/1329
f 1421/1421/1421 1423/1423/1423 1422/1422/1422
f 1332/1332/1332 1423/1423/1423 1421/1421/1421
f 1420/1420/1420 1421/1421/1421 1422/1422/1422
f 1424/1424/1424 1423/1423/1423 1332/1332/1332
f 1422/1422/1422 1423/1423/1423 1424/1424/1424
f 1335/1335/1335 1424/1424/1424 1332/1332/1332
f 1425/1425/1425 1424/1424/1424 1335/1335/1335
f 1422/1422/1422 1424/1424/1424 1425/1425/1425
f 1425/1425/1425 1335/1335/1335 1337/1337/1337
f 1337/1337/1337 1426/1426/1426 1425/1425/1425
f 1427/1427/1427 1339/1339/1339 1341/1341/1341
f 1341/1341/1341 1428/1428/1428 1427/1427/1427
f 1428/1428/1428 1341/1341/1341 1342/1342/1342
f 1342/1342/1342 1429/1429/1429 1428/1428/1428
f 1429/1429/1429 1342/1342/1342 1343/1343/1343
f 1343/1343/1343 1430/1430/1430 1429/1429/1429
f 1430/1430/1430 1343/1343/1343 1344/1344/1344
f 1344/1344/1344 1431/1431/1431 1430/1430/1430
f 1431/1431/1431 1344/1344/1344 1346/1346/1346
f 1346/1346/1346 1432/1432/1432 1431/1431/1431
f 1432/1432/1432 1346/1346/1346 1350/1350/1350
f 1350/1350/1350 1433/1433/1433 1432/1432/1432
f 1433/1433/1433 1350/1350/1350 1351/1351/1351
f 1351/1351/1351 1434/1434/1434 1433/1433/1433
f 1434/1434/1434 1351/1351/1351 1352/1352/1352
f 1352/1352/1352 1435/1435/1435 1434/1434/1434
f 1352/1352/1352 1436/1436/1436 1435/1435/1435
f 1353/1353/1353 1436/1436/1436 1352/1352/1352
f 1437/1437/1437 1438/1438/1438 1436/1436/1436
f 1439/1439/1439 1438/1438/1438 1437/1437/1437
f 1353/1353/1353 1437/1437/1437 1436/1436/1436
f 1436/1436/1436 1440/1440/1440 1435/1435/1435
f 1438/1438/1438 1441/1441/1441 1440/1440/1440
f 1439/1439/1439 1441/1441/1441 1438/1438/1438
f 1436/1436/1436 1438/1438/1438 1440/1440/1440
f 1442/1442/1442 1437/1437/1437 1353/1353/1353
f 1439/1439/1439 1437/1437/1437 1442/1442/1442
f 1354/1354/1354 1442/1442/1442 1353/1353/1353
f 1443/1443/1443 1442/1442/1442 1354/1354/1354
f 1439/1439/1439 1442/1442/1442 1443/1443/1443
f 1443/1443/1443 1354/1354/1354 1355/1355/1355
f 1355/1355/1355 1444/1444/1444 1443/1443/1443
f 1444/1444/1444 1355/1355/1355 1356/1356/1356
f 1356/1356/1356 1445/1445/1445 1444/1444/1444
f 1356/1356/1356 1446/1446/1446 1445/1445/1445
f 1359/1359/1359 1446/1446/1446 1356/1356/1356
f 1446/1446/1446 1448/1448/1448 1447/1447/1447
f 1359/1359/1359 1448/1448/1448 1446/1446/1446
f 1445/1445/1445 1446/1446/1446 1447/1447/1447
f 1448/1448/1448 1450/1450/1450 1449/1449/1449
f 1359/1359/1359 1450/1450/1450 1448/1448/1448
f 1447/1447/1447 1448/1448/1448 1449/1449/1449
f 1449/1449/1449 1365/1365/1365 1363/1363/1363
f 1450/1450/1450 1366/1366/1366 1365/1365/1365
f 1359/1359/1359 1366/1366/1366 1450/1450/1450
f 1449/1449/1449 1450/1450/1450 1365/1365/1365
f 1451/1451/1451 1449/1449/1449 1363/1363/1363
f 1447/1447/1447 1449/1449/1449 1451/1451/1451
f 1363/1363/1363 1452/1452/1452 1451/1451/1451
f 1369/1369/1369 1452/1452/1452 1363/1363/1363
f 1453/1453/1453 1452/1452/1452 1369/1369/1369
f 1452/1452/1452 1454/1454/1454 1451/1451/1451
f 1453/1453/1453 1454/1454/1454 1452/1452/1452
f 1369/1369/1369 1455/1455/1455 1453/1453/1453
f 1370/1370/1370 1455/1455/1455 1369/1369/1369
f 1455/1455/1455 1457/1457/1457 1456/1456/1456
f 1370/1370/1370 1457/1457/1457 1455/1455/1455
f 1453/1453/1453 1455/1455/1455 1456/1456/1456
f 1457/1457/1457 1459/1459/1459 1458/1458/1458
f 1370/1370/1370 1459/1459/1459 1457/1457/1457
f 1456/1456/1456 1457/1457/1457 1458/1458/1458
f 1460/1460/1460 1461/1461/1461 1375/1375/1375
f 1461/1461/1461 1462/1462/1462 1458/1458/1458
f 1460/1460/1460 1462/1462/1462 1461/1461/1461
f 1373/1373/1373 1460/1460/1460 1375/1375/1375
f 1375/1375/1375 1459/1459/1459 1370/1370/1370
f 1459/1459/1459 1461/1461/1461 1458/1458/1458
f 1375/1375/1375 1461/1461/1461 1459/1459/1459
f 1463/1463/1463 1465/1465/1465 1464/1464/1464
f 1458/1458/1458 1465/1465/1465 1463/1463/1463
f 1466/1466/1466 1463/1463/1463 1464/1464/1464
f 1467/1467/1467 1468/1468/1468 1460/1460/1460
f 1464/1464/1464 1468/1468/1468 1467/1467/1467
f 1373/1373/1373 1467/1467/1467 1460/1460/1460
f 1462/1462/1462 1469/1469/1469 1465/1465/1465
f 1460/1460/1460 1469/1469/1469 1462/1462/1462
f 1458/1458/1458 1462/1462/1462 1465/1465/1465
f 1465/1465/1465 1468/1468/1468 1464/1464/1464
f 1468/1468/1468 1469/1469/1469 1460/1460/1460
f 1465/1465/1465 1469/1469/1469 1468/1468/1468
f 1458/1458/1458 1470/1470/1470 1456/1456/1456
f 1470/1470/1470 1463/1463/1463 1466/1466/1466
f 1458/1458/1458 1463/1463/1463 1470/1470/1470
f 1464/1464/1464 1472/1472/1472 1471/1471/1471
f 1472/1472/1472 1467/1467/1467 1373/1373/1373
f 1464/1464/1464 1467/1467/1467 1472/1472/1472
f 1466/1466/1466 1464/1464/1464 1471/1471/1471
f 1471/1471/1471 1379/1379/1379 1378/1378/1378
f 1379/1379/1379 1472/1472/1472 1373/1373/1373
f 1471/1471/1471 1472/1472/1472 1379/1379/1379
f 1473/1473/1473 1471/1471/1471 1378/1378/1378
f 1466/1466/1466 1471/1471/1471 1473/1473/1473
f 1473/1473/1473 1378/1378/1378 1380/1380/1380
f 1380/1380/1380 1474/1474/1474 1473/1473/1473
f 1380/1380/1380 1475/1475/1475 1474/1474/1474
f 1475/1475/1475 1386/1386/1386 1384/1384/1384
f 1380/1380/1380 1386/1386/1386 1475/1475/1475
f 1476/1476/1476 1475/1475/1475 1384/1384/1384
f 1475/1475/1475 1477/1477/1477 1474/1474/1474
f 1476/1476/1476 1477/1477/1477 1475/1475/1475
f 1384/1384/1384 1478/1478/1478 1476/1476/1476
f 1478/1478/1478 1391/1391/1391 1389/1389/1389
f 1384/1384/1384 1391/1391/1391 1478/1478/1478
f 1479/1479/1479 1478/1478/1478 1389/1389/1389
f 1476/1476/1476 1478/1478/1478 1479/1479/1479
f 1389/1389/1389 1480/1480/1480 1479/1479/1479
f 1480/1480/1480 1398/1398/1398 1396/1396/1396
f 1389/1389/1389 1398/1398/1398 1480/1480/1480
f 1481/1481/1481 1480/1480/1480 1396/1396/1396
f 1479/1479/1479 1480/1480/1480 1481/1481/1481
f 1396/1396/1396 1482/1482/1482 1481/1481/1481
f 1482/1482/1482 1404/1404/1404 1402/1402/1402
f 1396/1396/1396 1404/1404/1404 1482/1482/1482
f 1483/1483/1483 1482/1482/1482 1402/1402/1402
f 1481/1481/1481 1482/1482/1482 1483/1483/1483
f 1402/1402/1402 1484/1484/1484 1483/1483/1483
f 1484/1484/1484 1414/1414/1414 1413/1413/1413
f 1402/1402/1402 1414/1414/1414 1484/1484/1484
f 1485/1485/1485 1484/1484/1484 1413/1413/1413
f 1483/1483/1483 1484/1484/1484 1485/1485/1485
f 1485/1485/1485 1413/1413/1413 1416/1416/1416
f 1416/1416/1416 1486/1486/1486 1485/1485/1485
f 1486/1486/1486 1416/1416/1416 1417/1417/1417
f 1417/1417/1417 1487/1487/1487 1486/1486/1486
f 1417/1417/1417 1488/1488/1488 1487/1487/1487
f 1418/1418/1418 1488/1488/1488 1417/1417/1417
f 1489/1489/1489 1488/1488/1488 1418/1418/1418
f 1488/1488/1488 1490/1490/1490 1487/1487/1487
f 1489/1489/1489 1490/1490/1490 1488/1488/1488
f 1489/1489/1489 1418/1418/1418 1419/1419/1419
f 1419/1419/1419 1491/1491/1491 1489/1489/1489
f 1419/1419/1419 1492/1492/1492 1491/1491/1491
f 1420/1420/1420 1492/1492/1492 1419/1419/1419
f 1492/1492/1492 1494/1494/1494 1493/1493/1493
f 1420/1420/1420 1494/1494/1494 1492/1492/1492
f 1491/1491/1491 1492/1492/1492 1493/1493/1493
f 1495/1495/1495 1494/1494/1494 1420/1420/1420
f 1494/1494/1494 1496/1496/1496 1493/1493/1493
f 1495/1495/1495 1496/1496/1496 1494/1494/1494
f 1422/1422/1422 1495/1495/1495 1420/1420/1420
f 1497/1497/1497 1495/1495/1495 1422/1422/1422
f 1498/1498/1498 1496/1496/1496 1495/1495/1495
f 1493/1493/1493 1496/1496/1496 1498/1498/1498
f 1497/1497/1497 1498/1498/1498 1495/1495/1495
f 1497/1497/1497 1422/1422/1422 1425/1425/1425
f 1425/1425/1425 1499/1499/1499 1497/1497/1497
f 1499/1499/1499 1425/1425/1425 1426/1426/1426
f 1426/1426/1426 1500/1500/1500 1499/1499/1499
f 1501/1501/1501 1427/1427/1427 1428/1428/1428
f 1428/1428/1428 1502/1502/1502 1501/1501/1501
f 1502/1502/1502 1428/1428/1428 1429/1429/1429
f 1429/1429/1429 1503/1503/1503 1502/1502/1502
f 1503/1503/1503 1429/1429/1429 1430/1430/1430
f 1430/1430/1430 1504/1504/1504 1503/1503/1503
f 1504/1504/1504 1430/1430/1430 1431/1431/1431
f 1431/1431/1431 1505/1505/1505 1504/1504/1504
f 1505/1505/1505 1431/1431/1431 1432/1432/1432
f 1432/1432/1432 1506/1506/1506 1505/1505/1505
f 1506/1506/1506 1432/1432/1432 1433/1433/1433
f 1433/1433/1433 1507/1507/1507 1506/1506/1506
f 1507/1507/1507 1433/1433/1433 1434/1434/1434
f 1434/1434/1434 1508/1508/1508 1507/1507/1507
f 1508/1508/1508 1434/1434/1434 1435/1435/1435
f 1435/1435/1435 1509/1509/1509 1508/1508/1508
f 1435/1435/1435 1510/1510/1510 1509/1509/1509
f 1440/1440/1440 1511/1511/1511 1510/1510/1510
f 1511/1511/1511 1441/1441/1441 1439/1439/1439
f 1440/1440/1440 1441/1441/1441 1511/1511/1511
f 1435/1435/1435 1440/1440/1440 1510/1510/1510
f 1510/1510/1510 1513/1513/1513 1512/1512/1512
f 1513/1513/1513 1511/1511/1511 1439/1439/1439
f 1510/1510/1510 1511/1511/1511 1513/1513/1513
f 1509/1509/1509 1510/1510/1510 1512/1512/1512
f 1514/1514/1514 1513/1513/1513 1439/1439/1439
f 1512/1512/1512 1513/1513/1513 1514/1514/1514
f 1443/1443/1443 1514/1514/1514 1439/1439/1439
f 1515/1515/1515 1514/1514/1514 1443/1443/1443
f 1512/1512/1512 1514/1514/1514 1515/1515/1515
f 1515/1515/1515 1443/1443/1443 1444/1444/1444
f 1444/1444/1444 1516/1516/1516 1515/1515/1515
f 1516/1516/1516 1444/1444/1444 1445/1445/1445
f 1445/1445/1445 1517/1517/1517 1516/1516/1516
f 1517/1517/1517 1445/1445/1445 1447/1447/1447
f 1447/1447/1447 1518/1518/1518 1517/1517/1517
f 1518/1518/1518 1447/1447/1447 1451/1451/1451
f 1451/1451/1451 1519/1519/1519 1518/1518/1518
f 1451/1451/1451 1520/1520/1520 1519/1519/1519
f 1454/1454/1454 1521/1521/1521 1520/1520/1520
f 1453/1453/1453 1521/1521/1521 1454/1454/1454
f 1451/1451/1451 1454/1454/1454 1520/1520/1520
f 1520/1520/1520 1523/1523/1523 1522/1522/1522
f 1523/1523/1523 1521/1521/1521 1453/1453/1453
f 1520/1520/1520 1521/1521/1521 1523/1523/1523
f 1519/1519/1519 1520/1520/1520 1522/1522/1522
f 1524/1524/1524 1523/1523/1523 1453/1453/1453
f 1523/1523/1523 1525/1525/1525 1522/1522/1522
f 1524/1524/1524 1525/1525/1525 1523/1523/1523
f 1456/1456/1456 1524/1524/1524 1453/1453/1453
f 1526/1526/1526 1524/1524/1524 1456/1456/1456
f 1527/1527/1527 1525/1525/1525 1524/1524/1524
f 1522/1522/1522 1525/1525/1525 1527/1527/1527
f 1526/1526/1526 1527/1527/1527 1524/1524/1524
f 1456/1456/1456 1528/1528/1528 1526/1526/1526
f 1528/1528/1528 1470/1470/1470 1466/1466/1466
f 1456/1456/1456 1470/1470/1470 1528/1528/1528
f 1529/1529/1529 1528/1528/1528 1466/1466/1466
f 1526/1526/1526 1528/1528/1528 1529/1529/1529
f 1466/1466/1466 1530/1530/1530 1529/1529/1529
f 1473/1473/1473 1530/1530/1530 1466/1466/1466
f 1530/1530/1530 1532/1532/1532 1531/1531/1531
f 1473/1473/1473 1532/1532/1532 1530/1530/1530
f 1529/1529/1529 1530/1530/1530 1531/1531/1531
f 1533/1533/1533 1532/1532/1532 1473/1473/1473
f 1532/1532/1532 1534/1534/1534 1531/1531/1531
f 1533/1533/1533 1534/1534/1534 1532/1532/1532
f 1474/1474/1474 1533/1533/1533 1473/1473/1473
f 1535/1535/1535 1533/1533/1533 1474/1474/1474
f 1536/1536/1536 1534/1534/1534 1533/1533/1533
f 1531/1531/1531 1534/1534/1534 1536/1536/1536
f 1535/1535/1535 1536/1536/1536 1533/1533/1533
f 1474/1474/1474 1537/1537/1537 1535/1535/1535
f 1477/1477/1477 1538/1538/1538 1537/1537/1537
f 1476/1476/1476 1538/1538/1538 1477/1477/1477
f 1474/1474/1474 1477/1477/1477 1537/1537/1537
f 1537/1537/1537 1540/1540/1540 1539/1539/1539
f 1540/1540/1540 1538/1538/1538 1476/1476/1476
f 1537/1537/1537 1538/1538/1538 1540/1540/1540
f 1535/1535/1535 1537/1537/1537 1539/1539/1539
f 1541/1541/1541 1540/1540/1540 1476/1476/1476
f 1539/1539/1539 1540/1540/1540 1541/1541/1541
f 1479/1479/1479 1541/1541/1541 1476/1476/1476
f 1542/1542/1542 1541/1541/1541 1479/1479/1479
f 1541/1541/1541 1543/1543/1543 1539/1539/1539
f 1542/1542/1542 1543/1543/1543 1541/1541/1541
f 1542/1542/1542 1479/1479/1479 1481/1481/1481
f 1481/1481/1481 1544/1544/1544 1542/1542/1542
f 1544/1544/1544 1481/1481/1481 1483/1483/1483
f 1483/1483/1483 1545/1545/1545 1544/1544/1544
f 1545/1545/1545 1483/1483/1483 1485/1485/1485
f 1485/1485/1485 1546/1546/1546 1545/1545/1545
f 1546/1546/1546 1485/1485/1485 1486/1486/1486
f 1486/1486/1486 1547/1547/1547 1546/1546/1546
f 1486/1486/1486 1548/1548/1548 1547/1547/1547
f 1487/1487/1487 1548/1548/1548 1486/1486/1486
f 1548/1548/1548 1550/1550/1550 1549/1549/1549
f 1487/1487/1487 1550/1550/1550 1548/1548/1548
f 1547/1547/1547 1548/1548/1548 1549/1549/1549
f 1551/1551/1551 1550/1550/1550 1487/1487/1487
f 1549/1549/1549 1550/1550/1550 1551/1551/1551
f 1490/1490/1490 1552/1552/1552 1551/1551/1551
f 1489/1489/1489 1552/1552/1552 1490/1490/1490
f 1487/1487/1487 1490/1490/1490 1551/1551/1551
f 1553/1553/1553 1555/1555/1555 1554/1554/1554
f 1551/1551/1551 1555/1555/1555 1553/1553/1553
f 1553/1553/1553 1557/1557/1557 1556/1556/1556
f 1554/1554/1554 1557/1557/1557 1553/1553/1553
f 1554/1554/1554 1552/1552/1552 1489/1489/1489
f 1552/1552/1552 1555/1555/1555 1551/1551/1551
f 1554/1554/1554 1555/1555/1555 1552/1552/1552
f 1551/1551/1551 1558/1558/1558 1549/1549/1549
f 1558/1558/1558 1553/1553/1553 1556/1556/1556
f 1551/1551/1551 1553/1553/1553 1558/1558/1558
f 1559/1559/1559 1554/1554/1554 1489/1489/1489
f 1560/1560/1560 1557/1557/1557 1554/1554/1554
f 1556/1556/1556 1557/1557/1557 1560/1560/1560
f 1559/1559/1559 1560/1560/1560 1554/1554/1554
f 1491/1491/1491 1559/1559/1559 1489/1489/1489
f 1561/1561/1561 1559/1559/1559 1491/1491/1491
f 1562/1562/1562 1560/1560/1560 1559/1559/1559
f 1556/1556/1556 1560/1560/1560 1562/1562/1562
f 1561/1561/1561 1562/1562/1562 1559/1559/1559
f 1561/1561/1561 1491/1491/1491 1493/1493/1493
f 1493/1493/1493 1563/1563/1563 1561/1561/1561
f 1493/1493/1493 1564/1564/1564 1563/1563/1563
f 1564/1564/1564 1498/1498/1498 1497/1497/1497
f 1493/1493/1493 1498/1498/1498 1564/1564/1564
f 1565/1565/1565 1564/1564/1564 1497/1497/1497
f 1563/1563/1563 1564/1564/1564 1565/1565/1565
f 1565/1565/1565 1497/1497/1497 1499/1499/1499
f 1499/1499/1499 1566/1566/1566 1565/1565/1565
f 1566/1566/1566 1499/1499/1499 1500/1500/1500
f 1500/1500/1500 1567/1567/1567 1566/1566/1566
f 1568/1568/1568 1501/1501/1501 1502/1502/1502
f 1502/1502/1502 1569/1569/1569 1568/1568/1568
f 1569/1569/1569 1502/1502/1502 1503/1503/1503
f 1503/1503/1503 1570/1570/1570 1569/1569/1569
f 1570/1570/1570 1503/1503/1503 1504/1504/1504
f 1504/1504/1504 1571/1571/1571 1570/1570/1570
f 1571/1571/1571 1504/1504/1504 1505/1505/1505
f 1505/1505/1505 1572/1572/1572 1571/1571/1571
f 1572/1572/1572 1505/1505/1505 1506/1506/1506
f 1506/1506/1506 1573/1573/1573 1572/1572/1572
f 1573/1573/1573 1506/1506/1506 1507/1507/1507
f 1507/1507/1507 1574/1574/1574 1573/1573/1573
f 1574/1574/1574 1507/1507/1507 1508/1508/1508
f 1508/1508/1508 1575/1575/1575 1574/1574/1574
f 1575/1575/1575 1508/1508/1508 1509/1509/1509
f 1509/1509/1509 1576/1576/1576 1575/1575/1575
f 1576/1576/1576 1509/1509/1509 1512/1512/1512
f 1512/1512/1512 1577/1577/1577 1576/1576/1576
f 1577/1577/1577 1512/1512/1512 1515/1515/1515
f 1515/1515/1515 1578/1578/1578 1577/1577/1577
f 1578/1578/1578 1515/1515/1515 1516/1516/1516
f 1516/1516/1516 1579/1579/1579 1578/1578/1578
f 1579/1579/1579 1516/1516/1516 1517/1517/1517
f 1517/1517/1517 1580/1580/1580 1579/1579/1579
f 1580/1580/1580 1517/1517/1517 1518/1518/1518
f 1518/1518/1518 1581/1581/1581 1580/1580/1580
f 1581/1581/1581 1518/1518/1518 1519/1519/1519
f 1519/1519/1519 1582/1582/1582 1581/1581/1581
f 1582/1582/1582 1519/1519/1519 1522/1522/1522
f 1522/1522/1522 1583/1583/1583 1582/1582/1582
f 1522/1522/1522 1584/1584/1584 1583/1583/1583
f 1584/1584/1584 1527/1527/1527 1526/1526/1526
f 1522/1522/1522 1527/1527/1527 1584/1584/1584
f 1585/1585/1585 1584/1584/1584 1526/1526/1526
f 1583/1583/1583 1584/1584/1584 1585/1585/1585
f 1526/1526/1526 1586/1586/1586 1585/1585/1585
f 1529/1529/1529 1586/1586/1586 1526/1526/1526
f 1586/1586/1586 1588/1588/1588 1587/1587/1587
f 1529/1529/1529 1588/1588/1588 1586/1586/1586
f 1585/1585/1585 1586/1586/1586 1587/1587/1587
f 1589/1589/1589 1588/1588/1588 1529/1529/1529
f 1587/1587/1587 1588/1588/1588 1589/1589/1589
f 1531/1531/1531 1589/1589/1589 1529/1529/1529
f 1590/1590/1590 1589/1589/1589 1531/1531/1531
f 1587/1587/1587 1589/1589/1589 1590/1590/1590
f 1531/1531/1531 1591/1591/1591 1590/1590/1590
f 1536/1536/1536 1592/1592/1592 1591/1591/1591
f 1535/1535/1535 1592/1592/1592 1536/1536/1536
f 1531/1531/1531 1536/1536/1536 1591/1591/1591
f 1591/1591/1591 1594/1594/1594 1593/1593/1593
f 1594/1594/1594 1592/1592/1592 1535/1535/1535
f 1591/1591/1591 1592/1592/1592 1594/1594/1594
f 1590/1590/1590 1591/1591/1591 1593/1593/1593
f 1595/1595/1595 1594/1594/1594 1535/1535/1535
f 1594/1594/1594 1596/1596/1596 1593/1593/1593
f 1595/1595/1595 1596/1596/1596 1594/1594/1594
f 1539/1539/1539 1595/1595/1595 1535/1535/1535
f 1597/1597/1597 1595/1595/1595 1539/1539/1539
f 1598/1598/1598 1596/1596/1596 1595/1595/1595
f 1593/1593/1593 1596/1596/1596 1598/1598/1598
f 1597/1597/1597 1598/1598/1598 1595/1595/1595
f 1539/1539/1539 1599/1599/1599 1597/1597/1597
f 1543/1543/1543 1600/1600/1600 1599/1599/1599
f 1542/1542/1542 1600/1600/1600 1543/1543/1543
f 1539/1539/1539 1543/1543/1543 1599/1599/1599
f 1599/1599/1599 1602/1602/1602 1601/1601/1601
f 1602/1602/1602 1600/1600/1600 1542/1542/1542
f 1599/1599/1599 1600/1600/1600 1602/1602/1602
f 1597/1597/1597 1599/1599/1599 1601/1601/1601
f 1603/1603/1603 1602/1602/1602 1542/1542/1542
f 1601/1601/1601 1602/1602/1602 1603/1603/1603
f 1544/1544/1544 1603/1603/1603 1542/1542/1542
f 1604/1604/1604 1603/1603/1603 1544/1544/1544
f 1601/1601/1601 1603/1603/1603 1604/1604/1604
f 1604/1604/1604 1544/1544/1544 1545/1545/1545
f 1545/1545/1545 1605/1605/1605 1604/1604/1604
f 1605/1605/1605 1545/1545/1545 1546/1546/1546
f 1546/1546/1546 1606/1606/1606 1605/1605/1605
f 1606/1606/1606 1546/1546/1546 1547/1547/1547
f 1547/1547/1547 1607/1607/1607 1606/1606/1606
f 1607/1607/1607 1547/1547/1547 1549/1549/1549
f 1549/1549/1549 1608/1608/1608 1607/1607/1607
f 1549/1549/1549 1609/1609/1609 1608/1608/1608
f 1609/1609/1609 1558/1558/1558 1556/1556/1556
f 1549/1549/1549 1558/1558/1558 1609/1609/1609
f 1609/1609/1609 1611/1611/1611 1610/1610/1610
f 1556/1556/1556 1611/1611/1611 1609/1609/1609
f 1608/1608/1608 1609/1609/1609 1610/1610/1610
f 1612/1612/1612 1611/1611/1611 1556/1556/1556
f 1610/1610/1610 1611/1611/1611 1612/1612/1612
f 1612/1612/1612 1562/1562/1562 1561/1561/1561
f 1556/1556/1556 1562/1562/1562 1612/1612/1612
f 1613/1613/1613 1612/1612/1612 1561/1561/1561
f 1610/1610/1610 1612/1612/1612 1613/1613/1613
f 1613/1613/1613 1561/1561/1561 1563/1563/1563
f 1563/1563/1563 1614/1614/1614 1613/1613/1613
f 1614/1614/1614 1563/1563/1563 1565/1565/1565
f 1565/1565/1565 1615/1615/1615 1614/1614/1614
f 1565/1565/1565 1616/1616/1616 1615/1615/1615
f 1566/1566/1566 1616/1616/1616 1565/1565/1565
f 1616/1616/1616 1618/1618/1618 1617/1617/1617
f 1566/1566/1566 1618/1618/1618 1616/1616/1616
f 1615/1615/1615 1616/1616/1616 1617/1617/1617
f 1619/1619/1619 1618/1618/1618 1566/1566/1566
f 1617/1617/1617 1618/1618/1618 1619/1619/1619
f 1567/1567/1567 1619/1619/1619 1566/1566/1566
f 1619/1619/1619 1621/1621/1621 1620/1620/1620
f 1567/1567/1567 1621/1621/1621 1619/1619/1619
f 1619/1619/1619 1622/1622/1622 1617/1617/1617
f 1620/1620/1620 1622/1622/1622 1619/1619/1619
f 1623/1623/1623 1568/1568/1568 1569/1569/1569
f 1569/1569/1569 1624/1624/1624 1623/1623/1623
f 1624/1624/1624 1569/1569/1569 1570/1570/1570
f 1570/1570/1570 1625/1625/1625 1624/1624/1624
f 1625/1625/1625 1570/1570/1570 1571/1571/1571
f 1571/1571/1571 1626/1626/1626 1625/1625/1625
f 1626/1626/1626 1571/1571/1571 1572/1572/1572
f 1572/1572/1572 1627/1627/1627 1626/1626/1626
f 1627/1627/1627 1572/1572/1572 1573/1573/1573
f 1573/1573/1573 1628/1628/1628 1627/1627/1627
f 1628/1628/1628 1573/1573/1573 1574/1574/1574
f 1574/1574/1574 1629/1629/1629 1628/1628/1628
f 1629/1629/1629 1574/1574/1574 1575/1575/1575
f 1575/1575/1575 1630/1630/1630 1629/1629/1629
f 1630/1630/1630 1575/1575/1575 1576/1576/1576
f 1576/1576/1576 1631/1631/1631 1630/1630/1630
f 1576/1576/1576 1632/1632/1632 1631/1631/1631
f 1577/1577/1577 1632/1632/1632 1576/1576/1576
f 1633/1633/1633 1632/1632/1632 1577/1577/1577
f 1631/1631/1631 1632/1632/1632 1633/1633/1633
f 1577/1577/1577 1634/1634/1634 1633/1633/1633
f 1578/1578/1578 1634/1634/1634 1577/1577/1577
f 1635/1635/1635 1634/1634/1634 1578/1578/1578
f 1634/1634/1634 1636/1636/1636 1633/1633/1633
f 1635/1635/1635 1636/1636/1636 1634/1634/1634
f 1635/1635/1635 1578/1578/1578 1579/1579/1579
f 1579/1579/1579 1637/1637/1637 1635/1635/1635
f 1637/1637/1637 1579/1579/1579 1580/1580/1580
f 1580/1580/1580 1638/1638/1638 1637/1637/1637
f 1638/1638/1638 1580/1580/1580 1581/1581/1581
f 1581/1581/1581 1639/1639/1639 1638/1638/1638
f 1639/1639/1639 1581/1581/1581 1582/1582/1582
f 1582/1582/1582 1640/1640/1640 1639/1639/1639
f 1640/1640/1640 1582/1582/1582 1583/1583/1583
f 1583/1583/1583 1641/1641/1641 1640/1640/1640
f 1641/1641/1641 1583/1583/1583 1585/1585/1585
f 1585/1585/1585 1642/1642/1642 1641/1641/1641
f 1642/1642/1642 1585/1585/1585 1587/1587/1587
f 1587/1587/1587 1643/1643/1643 1642/1642/1642
f 1643/1643/1643 1587/1587/1587 1590/1590/1590
f 1590/1590/1590 1644/1644/1644 1643/1643/1643
f 1590/1590/1590 1645/1645/1645 1644/1644/1644
f 1593/1593/1593 1645/1645/1645 1590/1590/1590
f 1646/1646/1646 1647/1647/1647 1645/1645/1645
f 1647/1647/1647 1649/1649/1649 1648/1648/1648
f 1646/1646/1646 1649/1649/1649 1647/1647/1647
f 1593/1593/1593 1646/1646/1646 1645/1645/1645
f 1645/1645/1645 1650/1650/1650 1644/1644/1644
f 1650/1650/1650 1647/1647/1647 1648/1648/1648
f 1645/1645/1645 1647/1647/1647 1650/1650/1650
f 1651/1651/1651 1646/1646/1646 1593/1593/1593
f 1652/1652/1652 1649/1649/1649 1646/1646/1646
f 1648/1648/1648 1649/1649/1649 1652/1652/1652
f 1651/1651/1651 1652/1652/1652 1646/1646/1646
f 1651/1651/1651 1598/1598/1598 1597/1597/1597
f 1593/1593/1593 1598/1598/1598 1651/1651/1651
f 1653/1653/1653 1651/1651/1651 1597/1597/1597
f 1654/1654/1654 1652/1652/1652 1651/1651/1651
f 1648/1648/1648 1652/1652/1652 1654/1654/1654
f 1653/1653/1653 1654/1654/1654 1651/1651/1651
f 1653/1653/1653 1597/1597/1597 1601/1601/1601
f 1601/1601/1601 1655/1655/1655 1653/1653/1653
f 1601/1601/1601 1656/1656/1656 1655/1655/1655
f 1604/1604/1604 1656/1656/1656 1601/1601/1601
f 1657/1657/1657 1658/1658/1658 1656/1656/1656
f 1658/1658/1658 1660/1660/1660 1659/1659/1659
f 1657/1657/1657 1660/1660/1660 1658/1658/1658
f 1604/1604/1604 1657/1657/1657 1656/1656/1656
f 1656/1656/1656 1661/1661/1661 1655/1655/1655
f 1661/1661/1661 1658/1658/1658 1659/1659/1659
f 1656/1656/1656 1658/1658/1658 1661/1661/1661
f 1662/1662/1662 1657/1657/1657 1604/1604/1604
f 1663/1663/1663 1660/1660/1660 1657/1657/1657
f 1660/1660/1660 1664/1664/1664 1659/1659/1659
f 1663/1663/1663 1664/1664/1664 1660/1660/1660
f 1662/1662/1662 1663/1663/1663 1657/1657/1657
f 1605/1605/1605 1662/1662/1662 1604/1604/1604
f 1665/1665/1665 1662/1662/1662 1605/1605/1605
f 1666/1666/1666 1663/1663/1663 1662/1662/1662
f 1667/1667/1667 1664/1664/1664 1663/1663/1663
f 1659/1659/1659 1664/1664/1664 1667/1667/1667
f 1666/1666/1666 1667/1667/1667 1663/1663/1663
f 1665/1665/1665 1666/1666/1666 1662/1662/1662
f 1605/1605/1605 1668/1668/1668 1665/1665/1665
f 1606/1606/1606 1668/1668/1668 1605/1605/1605
f 1668/1668/1668 1670/1670/1670 1669/1669/1669
f 1606/1606/1606 1670/1670/1670 1668/1668/1668
f 1668/1668/1668 1671/1671/1671 1665/1665/1665
f 1669/1669/1669 1671/1671/1671 1668/1668/1668
f 1672/1672/1672 1670/1670/1670 1606/1606/1606
f 1669/1669/1669 1670/1670/1670 1672/1672/1672
f 1607/1607/1607 1672/1672/1672 1606/1606/1606
f 1673/1673/1673 1672/1672/1672 1607/1607/1607
f 1672/1672/1672 1674/1674/1674 1669/1669/1669
f 1673/1673/1673 1674/1674/1674 1672/1672/1672
f 1607/1607/1607 1675/1675/1675 1673/1673/1673
f 1608/1608/1608 1675/1675/1675 1607/1607/1607
f 1676/1676/1676 1675/1675/1675 1608/1608/1608
f 1675/1675/1675 1677/1677/1677 1673/1673/1673
f 1676/1676/1676 1677/1677/1677 1675/1675/1675
f 1608/1608/1608 1678/1678/1678 1676/1676/1676
f 1610/1610/1610 1678/1678/1678 1608/1608/1608
f 1679/1679/1679 1678/1678/1678 1610/1610/1610
f 1678/1678/1678 1680/1680/1680 1676/1676/1676
f 1679/1679/1679 1680/1680/1680 1678/1678/1678
f 1610/1610/1610 1681/1681/1681 1679/1679/1679
f 1613/1613/1613 1681/1681/1681 1610/1610/1610
f 1682/1682/1682 1681/1681/1681 1613/1613/1613
f 1681/1681/1681 1683/1683/1683 1679/1679/1679
f 1682/1682/1682 1683/1683/1683 1681/1681/1681
f 1682/1682/1682 1613/1613/1613 1614/1614/1614
f 1614/1614/1614 1684/1684/1684 1682/1682/1682
f 1614/1614/1614 1685/1685/1685 1684/1684/1684
f 1615/1615/1615 1685/1685/1685 1614/1614/1614
f 1686/1686/1686 1685/1685/1685 1615/1615/1615
f 1685/1685/1685 1687/1687/1687 1684/1684/1684
f 1686/1686/1686 1687/1687/1687 1685/1685/1685
f 1686/1686/1686 1615/1615/1615 1617/1617/1617
f 1617/1617/1617 1688/1688/1688 1686/1686/1686
f 1617/1617/1617 1689/1689/1689 1688/1688/1688
f 1689/1689/1689 1622/1622/1622 1620/1620/1620
f 1617/1617/1617 1622/1622/1622 1689/1689/1689
f 1690/1690/1690 1689/1689/1689 1620/1620/1620
f 1688/1688/1688 1689/1689/1689 1690/1690/1690
f 1691/1691/1691 1623/1623/1623 1624/1624/1624
f 1624/1624/1624 1692/1692/1692 1691/1691/1691
f 1692/1692/1692 1624/1624/1624 1625/1625/1625
f 1625/1625/1625 1693/1693/1693 1692/1692/1692
f 1693/1693/1693 1625/1625/1625 1626/1626/1626
f 1626/1626/1626 1694/1694/1694 1693/1693/1693
f 1694/1694/1694 1626/1626/1626 1627/1627/1627
f 1627/1627/1627 1695/1695/1695 1694/1694/1694
f 1695/1695/1695 1627/1627/1627 1628/1628/1628
f 1628/1628/1628 1696/1696/1696 1695/1695/1695
f 1696/1696/1696 1628/1628/1628 1629/1629/1629
f 1629/1629/1629 1697/1697/1697 1696/1696/1696
f 1697/1697/1697 1629/1629/1629 1630/1630/1630
f 1630/1630/1630 1698/1698/1698 1697/1697/1697
f 1698/1698/1698 1630/1630/1630 1631/1631/1631
f 1631/1631/1631 1699/1699/1699 1698/1698/1698
f 1699/1699/1699 1631/1631/1631 1633/1633/1633
f 1633/1633/1633 1700/1700/1700 1699/1699/1699
f 1633/1633/1633 1701/1701/1701 1700/1700/1700
f 1636/1636/1636 1702/1702/1702 1701/1701/1701
f 1635/1635/1635 1702/1702/1702 1636/1636/1636
f 1633/1633/1633 1636/1636/1636 1701/1701/1701
f 1701/1701/1701 1704/1704/1704 1703/1703/1703
f 1704/1704/1704 1702/1702/1702 1635/1635/1635
f 1701/1701/1701 1702/1702/1702 1704/1704/1704
f 1701/1701/1701 1705/1705/1705 1700/1700/1700
f 1703/1703/1703 1705/1705/1705 1701/1701/1701
f 1706/1706/1706 1704/1704/1704 1635/1635/1635
f 1703/1703/1703 1704/1704/1704 1706/1706/1706
f 1637/1637/1637 1706/1706/1706 1635/1635/1635
f 1707/1707/1707 1706/1706/1706 1637/1637/1637
f 1703/1703/1703 1706/1706/1706 1707/1707/1707
f 1707/1707/1707 1637/1637/1637 1638/1638/1638
f 1638/1638/1638 1708/1708/1708 1707/1707/1707
f 1708/1708/1708 1638/1638/1638 1639/1639/1639
f 1639/1639/1639 1709/1709/1709 1708/1708/1708
f 1709/1709/1709 1639/1639/1639 1640/1640/1640
f 1640/1640/1640 1710/1710/1710 1709/1709/1709
f 1710/1710/1710 1640/1640/1640 1641/1641/1641
f 1641/1641/1641 1711/1711/1711 1710/1710/1710
f 1641/1641/1641 1712/1712/1712 1711/1711/1711
f 1642/1642/1642 1712/1712/1712 1641/1641/1641
f 1712/1712/1712 1714/1714/1714 1713/1713/1713
f 1642/1642/1642 1714/1714/1714 1712/1712/1712
f 1711/1711/1711 1712/1712/1712 1713/1713/1713
f 1715/1715/1715 1714/1714/1714 1642/1642/1642
f 1713/1713/1713 1714/1714/1714 1715/1715/1715
f 1643/1643/1643 1715/1715/1715 1642/1642/1642
f 1716/1716/1716 1715/1715/1715 1643/1643/1643
f 1713/1713/1713 1715/1715/1715 1716/1716/1716
f 1716/1716/1716 1643/1643/1643 1644/1644/1644
f 1644/1644/1644 1717/1717/1717 1716/1716/1716
f 1644/1644/1644 1718/1718/1718 1717/1717/1717
f 1718/1718/1718 1650/1650/1650 1648/1648/1648
f 1644/1644/1644 1650/1650/1650 1718/1718/1718
f 1719/1719/1719 1718/1718/1718 1648/1648/1648
f 1717/1717/1717 1718/1718/1718 1719/1719/1719
f 1648/1648/1648 1720/1720/1720 1719/1719/1719
f 1654/1654/1654 1721/1721/1721 1720/1720/1720
f 1653/1653/1653 1721/1721/1721 1654/1654/1654
f 1648/1648/1648 1654/1654/1654 1720/1720/1720
f 1720/1720/1720 1723/1723/1723 1722/1722/1722
f 1723/1723/1723 1721/1721/1721 1653/1653/1653
f 1720/1720/1720 1721/1721/1721 1723/1723/1723
f 1719/1719/1719 1720/1720/1720 1722/1722/1722
f 1724/1724/1724 1723/1723/1723 1653/1653/1653
f 1722/1722/1722 1723/1723/1723 1724/1724/1724
f 1655/1655/1655 1724/1724/1724 1653/1653/1653
f 1725/1725/1725 1724/1724/1724 1655/1655/1655
f 1724/1724/1724 1726/1726/1726 1722/1722/1722
f 1725/1725/1725 1726/1726/1726 1724/1724/1724
f 1655/1655/1655 1727/1727/1727 1725/1725/1725
f 1727/1727/1727 1661/1661/1661 1659/1659/1659
f 1655/1655/1655 1661/1661/1661 1727/1727/1727
f 1727/1727/1727 1729/1729/1729 1728/1728/1728
f 1659/1659/1659 1729/1729/1729 1727/1727/1727
f 1725/1725/1725 1727/1727/1727 1728/1728/1728
f 1729/1729/1729 1731/1731/1731 1730/1730/1730
f 1659/1659/1659 1731/1731/1731 1729/1729/1729
f 1728/1728/1728 1729/1729/1729 1730/1730/1730
f 1730/1730/1730 1666/1666/1666 1665/1665/1665
f 1731/1731/1731 1667/1667/1667 1666/1666/1666
f 1659/1659/1659 1667/1667/1667 1731/1731/1731
f 1730/1730/1730 1731/1731/1731 1666/1666/1666
f 1730/1730/1730 1733/1733/1733 1732/1732/1732
f 1665/1665/1665 1733/1733/1733 1730/1730/1730
f 1728/1728/1728 1730/1730/1730 1732/1732/1732
f 1734/1734/1734 1733/1733/1733 1665/1665/1665
f 1732/1732/1732 1733/1733/1733 1734/1734/1734
f 1671/1671/1671 1735/1735/1735 1734/1734/1734
f 1669/1669/1669 1735/1735/1735 1671/1671/1671
f 1665/1665/1665 1671/1671/1671 1734/1734/1734
f 1734/1734/1734 1737/1737/1737 1736/1736/1736
f 1735/1735/1735 1738/1738/1738 1737/1737/1737
f 1669/1669/1669 1738/1738/1738 1735/1735/1735
f 1734/1734/1734 1735/1735/1735 1737/1737/1737
f 1732/1732/1732 1734/1734/1734 1736/1736/1736
f 1737/1737/1737 1740/1740/1740 1739/1739/1739
f 1740/1740/1740 1738/1738/1738 1669/1669/1669
f 1737/1737/1737 1738/1738/1738 1740/1740/1740
f 1736/1736/1736 1737/1737/1737 1739/1739/1739
f 1674/1674/1674 1741/1741/1741 1739/1739/1739
f 1673/1673/1673 1741/1741/1741 1674/1674/1674
f 1674/1674/1674 1740/1740/1740 1669/1669/1669
f 1739/1739/1739 1740/1740/1740 1674/1674/1674
f 1742/1742/1742 1744/1744/1744 1743/1743/1743
f 1745/1745/1745 1744/1744/1744 1742/1742/1742
f 1739/1739/1739 1742/1742/1742 1743/1743/1743
f 1746/1746/1746 1747/1747/1747 1743/1743/1743
f 1747/1747/1747 1749/1749/1749 1748/1748/1748
f 1746/1746/1746 1749/1749/1749 1747/1747/1747
f 1746/1746/1746 1744/1744/1744 1745/1745/1745
f 1743/1743/1743 1744/1744/1744 1746/1746/1746
f 1745/1745/1745 1741/1741/1741 1673/1673/1673
f 1741/1741/1741 1742/1742/1742 1739/1739/1739
f 1745/1745/1745 1742/1742/1742 1741/1741/1741
f 1739/1739/1739 1750/1750/1750 1736/1736/1736
f 1743/1743/1743 1751/1751/1751 1750/1750/1750
f 1751/1751/1751 1747/1747/1747 1748/1748/1748
f 1743/1743/1743 1747/1747/1747 1751/1751/1751
f 1739/1739/1739 1743/1743/1743 1750/1750/1750
f 1752/1752/1752 1745/1745/1745 1673/1673/1673
f 1753/1753/1753 1746/1746/1746 1745/1745/1745
f 1754/1754/1754 1749/1749/1749 1746/1746/1746
f 1748/1748/1748 1749/1749/1749 1754/1754/1754
f 1753/1753/1753 1754/1754/1754 1746/1746/1746
f 1752/1752/1752 1753/1753/1753 1745/1745/1745
f 1677/1677/1677 1755/1755/1755 1752/1752/1752
f 1676/1676/1676 1755/1755/1755 1677/1677/1677
f 1673/1673/1673 1677/1677/1677 1752/1752/1752
f 1752/1752/1752 1757/1757/1757 1756/1756/1756
f 1755/1755/1755 1758/1758/1758 1757/1757/1757
f 1676/1676/1676 1758/1758/1758 1755/1755/1755
f 1752/1752/1752 1755/1755/1755 1757/1757/1757
f 1759/1759/1759 1753/1753/1753 1752/1752/1752
f 1760/1760/1760 1754/1754/1754 1753/1753/1753
f 1748/1748/1748 1754/1754/1754 1760/1760/1760
f 1759/1759/1759 1760/1760/1760 1753/1753/1753
f 1756/1756/1756 1759/1759/1759 1752/1752/1752
f 1757/1757/1757 1762/1762/1762 1761/1761/1761
f 1762/1762/1762 1758/1758/1758 1676/1676/1676
f 1757/1757/1757 1758/1758/1758 1762/1762/1762
f 1756/1756/1756 1757/1757/1757 1761/1761/1761
f 1763/1763/1763 1764/1764/1764 1680/1680/1680
f 1761/1761/1761 1764/1764/1764 1763/1763/1763
f 1679/1679/1679 1763/1763/1763 1680/1680/1680
f 1680/1680/1680 1762/1762/1762 1676/1676/1676
f 1762/1762/1762 1764/1764/1764 1761/1761/1761
f 1680/1680/1680 1764/1764/1764 1762/1762/1762
f 1761/1761/1761 1766/1766/1766 1765/1765/1765
f 1763/1763/1763 1767/1767/1767 1766/1766/1766
f 1679/1679/1679 1767/1767/1767 1763/1763/1763
f 1761/1761/1761 1763/1763/1763 1766/1766/1766
f 1761/1761/1761 1768/1768/1768 1756/1756/1756
f 1765/1765/1765 1768/1768/1768 1761/1761/1761
f 1766/1766/1766 1770/1770/1770 1769/1769/1769
f 1770/1770/1770 1767/1767/1767 1679/1679/1679
f 1766/1766/1766 1767/1767/1767 1770/1770/1770
f 1765/1765/1765 1766/1766/1766 1769/1769/1769
f 1769/1769/1769 1683/1683/1683 1682/1682/1682
f 1683/1683/1683 1770/1770/1770 1679/1679/1679
f 1769/1769/1769 1770/1770/1770 1683/1683/1683
f 1771/1771/1771 1769/1769/1769 1682/1682/1682
f 1769/1769/1769 1772/1772/1772 1765/1765/1765
f 1771/1771/1771 1772/1772/1772 1769/1769/1769
f 1771/1771/1771 1682/1682/1682 1684/1684/1684
f 1684/1684/1684 1773/1773/1773 1771/1771/1771
f 1684/1684/1684 1774/1774/1774 1773/1773/1773
f 1687/1687/1687 1775/1775/1775 1774/1774/1774
f 1686/1686/1686 1775/1775/1775 1687/1687/1687
f 1684/1684/1684 1687/1687/1687 1774/1774/1774
f 1774/1774/1774 1777/1777/1777 1776/1776/1776
f 1777/1777/1777 1775/1775/1775 1686/1686/1686
f 1774/1774/1774 1775/1775/1775 1777/1777/1777
f 1773/1773/1773 1774/1774/1774 1776/1776/1776
f 1778/1778/1778 1777/1777/1777 1686/1686/1686
f 1776/1776/1776 1777/1777/1777 1778/1778/1778
f 1688/1688/1688 1778/1778/1778 1686/1686/1686
f 1779/1779/1779 1778/1778/1778 1688/1688/1688
f 1776/1776/1776 1778/1778/1778 1779/1779/1779
f 1779/1779/1779 1688/1688/1688 1690/1690/1690
f 1690/1690/1690 1780/1780/1780 1779/1779/1779
f 1783/1783/1783 1781/1781/1781 1691/1691/1691
f 1782/1782/1782 1781/1781/1781 1783/1783/1783
f 1692/1692/1692 1783/1783/1783 1691/1691/1691
f 1784/1784/1784 1783/1783/1783 1692/1692/1692
f 1782/1782/1782 1783/1783/1783 1784/1784/1784
f 1784/1784/1784 1692/1692/1692 1693/1693/1693
f 1693/1693/1693 1785/1785/1785 1784/1784/1784
f 1785/1785/1785 1693/1693/1693 1694/1694/1694
f 1694/1694/1694 1786/1786/1786 1785/1785/1785
f 1786/1786/1786 1694/1694/1694 1695/1695/1695
f 1695/1695/1695 1787/1787/1787 1786/1786/1786
f 1787/1787/1787 1695/1695/1695 1696/1696/1696
f 1696/1696/1696 1788/1788/1788 1787/1787/1787
f 1788/1788/1788 1696/1696/1696 1697/1697/1697
f 1697/1697/1697 1789/1789/1789 1788/1788/1788
f 1789/1789/1789 1697/1697/1697 1698/1698/1698
f 1698/1698/1698 1790/1790/1790 1789/1789/1789
f 1790/1790/1790 1698/1698/1698 1699/1699/1699
f 1699/1699/1699 1791/1791/1791 1790/1790/1790
f 1791/1791/1791 1699/1699/1699 1700/1700/1700
f 1700/1700/1700 1792/1792/1792 1791/1791/1791
f 1700/1700/1700 1793/1793/1793 1792/1792/1792
f 1793/1793/1793 1705/1705/1705 1703/1703/1703
f 1700/1700/1700 1705/1705/1705 1793/1793/1793
f 1794/1794/1794 1793/1793/1793 1703/1703/1703
f 1792/1792/1792 1793/1793/1793 1794/1794/1794
f 1794/1794/1794 1703/1703/1703 1707/1707/1707
f 1707/1707/1707 1795/1795/1795 1794/1794/1794
f 1795/1795/1795 1707/1707/1707 1708/1708/1708
f 1708/1708/1708 1796/1796/1796 1795/1795/1795
f 1796/1796/1796 1708/1708/1708 1709/1709/1709
f 1709/1709/1709 1797/1797/1797 1796/1796/1796
f 1797/1797/1797 1709/1709/1709 1710/1710/1710
f 1710/1710/1710 1798/1798/1798 1797/1797/1797
f 1798/1798/1798 1710/1710/1710 1711/1711/1711
f 1711/1711/1711 1799/1799/1799 1798/1798/1798
f 1799/1799/1799 1711/1711/1711 1713/1713/1713
f 1713/1713/1713 1800/1800/1800 1799/1799/1799
f 1800/1800/1800 1713/1713/1713 1716/1716/1716
f 1716/1716/1716 1801/1801/1801 1800/1800/1800
f 1801/1801/1801 1716/1716/1716 1717/1717/1717
f 1717/1717/1717 1802/1802/1802 1801/1801/1801
f 1802/1802/1802 1717/1717/1717 1719/1719/1719
f 1719/1719/1719 1803/1803/1803 1802/1802/1802
f 1803/1803/1803 1719/1719/1719 1722/1722/1722
f 1722/1722/1722 1804/1804/1804 1803/1803/1803
f 1722/1722/1722 1805/1805/1805 1804/1804/1804
f 1726/1726/1726 1806/1806/1806 1805/1805/1805
f 1725/1725/1725 1806/1806/1806 1726/1726/1726
f 1722/1722/1722 1726/1726/1726 1805/1805/1805
f 1805/1805/1805 1808/1808/1808 1807/1807/1807
f 1808/1808/1808 1806/1806/1806 1725/1725/1725
f 1805/1805/1805 1806/1806/1806 1808/1808/1808
f 1804/1804/1804 1805/1805/1805 1807/1807/1807
f 1809/1809/1809 1808/1808/1808 1725/1725/1725
f 1807/1807/1807 1808/1808/1808 1809/1809/1809
f 1728/1728/1728 1809/1809/1809 1725/1725/1725
f 1810/1810/1810 1809/1809/1809 1728/1728/1728
f 1807/1807/1807 1809/1809/1809 1810/1810/1810
f 1810/1810/1810 1728/1728/1728 1732/1732/1732
f 1732/1732/1732 1811/1811/1811 1810/1810/1810
f 1811/1811/1811 1732/1732/1732 1736/1736/1736
f 1736/1736/1736 1812/1812/1812 1811/1811/1811
f 1736/1736/1736 1813/1813/1813 1812/1812/1812
f 1750/1750/1750 1814/1814/1814 1813/1813/1813
f 1814/1814/1814 1751/1751/1751 1748/1748/1748
f 1750/1750/1750 1751/1751/1751 1814/1814/1814
f 1736/1736/1736 1750/1750/1750 1813/1813/1813
f 1813/1813/1813 1816/1816/1816 1815/1815/1815
f 1816/1816/1816 1814/1814/1814 1748/1748/1748
f 1813/1813/1813 1814/1814/1814 1816/1816/1816
f 1812/1812/1812 1813/1813/1813 1815/1815/1815
f 1816/1816/1816 1818/1818/1818 1817/1817/1817
f 1748/1748/1748 1818/1818/1818 1816/1816/1816
f 1815/1815/1815 1816/1816/1816 1817/1817/1817
f 1817/1817/1817 1759/1759/1759 1756/1756/1756
f 1818/1818/1818 1760/1760/1760 1759/1759/1759
f 1748/1748/1748 1760/1760/1760 1818/1818/1818
f 1817/1817/1817 1818/1818/1818 1759/1759/1759
f 1819/1819/1819 1817/1817/1817 1756/1756/1756
f 1815/1815/1815 1817/1817/1817 1819/1819/1819
f 1756/1756/1756 1820/1820/1820 1819/1819/1819
f 1768/1768/1768 1821/1821/1821 1820/1820/1820
f 1765/1765/1765 1821/1821/1821 1768/1768/1768
f 1756/1756/1756 1768/1768/1768 1820/1820/1820
f 1820/1820/1820 1823/1823/1823 1822/1822/1822
f 1821/1821/1821 1824/1824/1824 1823/1823/1823
f 1765/1765/1765 1824/1824/1824 1821/1821/1821
f 1820/1820/1820 1821/1821/1821 1823/1823/1823
f 1819/1819/1819 1820/1820/1820 1822/1822/1822
f 1825/1825/1825 1827/1827/1827 1826/1826/1826
f 1823/1823/1823 1827/1827/1827 1825/1825/1825
f 1828/1828/1828 1825/1825/1825 1826/1826/1826
f 1826/1826/1826 1824/1824/1824 1765/1765/1765
f 1824/1824/1824 1827/1827/1827 1823/1823/1823
f 1826/1826/1826 1827/1827/1827 1824/1824/1824
f 1823/1823/1823 1829/1829/1829 1822/1822/1822
f 1829/1829/1829 1825/1825/1825 1828/1828/1828
f 1823/1823/1823 1825/1825/1825 1829/1829/1829
f 1828/1828/1828 1772/1772/1772 1771/1771/1771
f 1772/1772/1772 1826/1826/1826 1765/1765/1765
f 1828/1828/1828 1826/1826/1826 1772/1772/1772
f 1830/1830/1830 1828/1828/1828 1771/1771/1771
f 1831/1831/1831 1829/1829/1829 1828/1828/1828
f 1822/1822/1822 1829/1829/1829 1831/1831/1831
f 1830/1830/1830 1831/1831/1831 1828/1828/1828
f 1830/1830/1830 1771/1771/1771 1773/1773/1773
f 1773/1773/1773 1832/1832/1832 1830/1830/1830
f 1773/1773/1773 1833/1833/1833 1832/1832/1832
f 1776/1776/1776 1833/1833/1833 1773/1773/1773
f 1834/1834/1834 1833/1833/1833 1776/1776/1776
f 1833/1833/1833 1835/1835/1835 1832/1832/1832
f 1834/1834/1834 1835/1835/1835 1833/1833/1833
f 1776/1776/1776 1836/1836/1836 1834/1834/1834
f 1779/1779/1779 1836/1836/1836 1776/1776/1776
f 1837/1837/1837 1836/1836/1836 1779/1779/1779
f 1836/1836/1836 1838/1838/1838 1834/1834/1834
f 1837/1837/1837 1838/1838/1838 1836/1836/1836
f 1837/1837/1837 1779/1779/1779 1780/1780/1780
f 1780/1780/1780 1839/1839/1839 1837/1837/1837
f 1840/1840/1840 1782/1782/1782 1784/1784/1784
f 1784/1784/1784 1841/1841/1841 1840/1840/1840
f 1841/1841/1841 1784/1784/1784 1785/1785/1785
f 1785/1785/1785 1842/1842/1842 1841/1841/1841
f 1842/1842/1842 1785/1785/1785 1786/1786/1786
f 1786/1786/1786 1843/1843/1843 1842/1842/1842
f 1843/1843/1843 1786/1786/1786 1787/1787/1787
f 1787/1787/1787 1844/1844/1844 1843/1843/1843
f 1787/1787/1787 1845/1845/1845 1844/1844/1844
f 1788/1788/1788 1845/1845/1845 1787/1787/1787
f 1846/1846/1846 1845/1845/1845 1788/1788/1788
f 1845/1845/1845 1847/1847/1847 1844/1844/1844
f 1846/1846/1846 1847/1847/1847 1845/1845/1845
f 1788/1788/1788 1848/1848/1848 1846/1846/1846
f 1789/1789/1789 1848/1848/1848 1788/1788/1788
f 1849/1849/1849 1848/1848/1848 1789/1789/1789
f 1848/1848/1848 1850/1850/1850 1846/1846/1846
f 1849/1849/1849 1850/1850/1850 1848/1848/1848
f 1849/1849/1849 1789/1789/1789 1790/1790/1790
f 1790/1790/1790 1851/1851/1851 1849/1849/1849
f 1851/1851/1851 1790/1790/1790 1791/1791/1791
f 1791/1791/1791 1852/1852/1852 1851/1851/1851
f 1852/1852/1852 1791/1791/1791 1792/1792/1792
f 1792/1792/1792 1853/1853/1853 1852/1852/1852
f 1853/1853/1853 1792/1792/1792 1794/1794/1794
f 1794/1794/1794 1854/1854/1854 1853/1853/1853
f 1854/1854/1854 1794/1794/1794 1795/1795/1795
f 1795/1795/1795 1855/1855/1855 1854/1854/1854
f 1855/1855/1855 1795/1795/1795 1796/1796/1796
f 1796/1796/1796 1856/1856/1856 1855/1855/1855
f 1796/1796/1796 1857/1857/1857 1856/1856/1856
f 1797/1797/1797 1857/1857/1857 1796/1796/1796
f 1858/1858/1858 1857/1857/1857 1797/1797/1797
f 1856/1856/1856 1857/1857/1857 1858/1858/1858
f 1858/1858/1858 1797/1797/1797 1798/1798/1798
f 1798/1798/1798 1859/1859/1859 1858/1858/1858
f 1859/1859/1859 1798/1798/1798 1799/1799/1799
f 1799/1799/1799 1860/1860/1860 1859/1859/1859
f 1860/1860/1860 1799/1799/1799 1800/1800/1800
f 1800/1800/1800 1861/1861/1861 1860/1860/1860
f 1800/1800/1800 1862/1862/1862 1861/1861/1861
f 1801/1801/1801 1862/1862/1862 1800/1800/1800
f 1863/1863/1863 1862/1862/1862 1801/1801/1801
f 1861/1861/1861 1862/1862/1862 1863/1863/1863
f 1801/1801/1801 1864/1864/1864 1863/1863/1863
f 1802/1802/1802 1864/1864/1864 1801/1801/1801
f 1865/1865/1865 1864/1864/1864 1802/1802/1802
f 1864/1864/1864 1866/1866/1866 1863/1863/1863
f 1865/1865/1865 1866/1866/1866 1864/1864/1864
f 1865/1865/1865 1802/1802/1802 1803/1803/1803
f 1803/1803/1803 1867/1867/1867 1865/1865/1865
f 1867/1867/1867 1803/1803/1803 1804/1804/1804
f 1804/1804/1804 1868/1868/1868 1867/1867/1867
f 1804/1804/1804 1869/1869/1869 1868/1868/1868
f 1807/1807/1807 1869/1869/1869 1804/1804/1804
f 1870/1870/1870 1869/1869/1869 1807/1807/1807
f 1868/1868/1868 1869/1869/1869 1870/1870/1870
f 1807/1807/1807 1871/1871/1871 1870/1870/1870
f 1810/1810/1810 1871/1871/1871 1807/1807/1807
f 1871/1871/1871 1873/1873/1873 1872/1872/1872
f 1810/1810/1810 1873/1873/1873 1871/1871/1871
f 1870/1870/1870 1871/1871/1871 1872/1872/1872
f 1874/1874/1874 1873/1873/1873 1810/1810/1810
f 1873/1873/1873 1875/1875/1875 1872/1872/1872
f 1874/1874/1874 1875/1875/1875 1873/1873/1873
f 1811/1811/1811 1874/1874/1874 1810/1810/1810
f 1874/1874/1874 1877/1877/1877 1876/1876/1876
f 1811/1811/1811 1877/1877/1877 1874/1874/1874
f 1878/1878/1878 1875/1875/1875 1874/1874/1874
f 1872/1872/1872 1875/1875/1875 1878/1878/1878
f 1876/1876/1876 1878/1878/1878 1874/1874/1874
f 1879/1879/1879 1877/1877/1877 1811/1811/1811
f 1877/1877/1877 1880/1880/1880 1876/1876/1876
f 1879/1879/1879 1880/1880/1880 1877/1877/1877
f 1812/1812/1812 1879/1879/1879 1811/1811/1811
f 1881/1881/1881 1879/1879/1879 1812/1812/1812
f 1882/1882/1882 1880/1880/1880 1879/1879/1879
f 1876/1876/1876 1880/1880/1880 1882/1882/1882
f 1881/1881/1881 1882/1882/1882 1879/1879/1879
f 1881/1881/1881 1812/1812/1812 1815/1815/1815
f 1815/1815/1815 1883/1883/1883 1881/1881/1881
f 1815/1815/1815 1884/1884/1884 1883/1883/1883
f 1819/1819/1819 1884/1884/1884 1815/1815/1815
f 1885/1885/1885 1886/1886/1886 1884/1884/1884
f 1887/1887/1887 1886/1886/1886 1885/1885/1885
f 1819/1819/1819 1885/1885/1885 1884/1884/1884
f 1884/1884/1884 1888/1888/1888 1883/1883/1883
f 1888/1888/1888 1886/1886/1886 1887/1887/1887
f 1884/1884/1884 1886/1886/1886 1888/1888/1888
f 1889/1889/1889 1885/1885/1885 1819/1819/1819
f 1887/1887/1887 1885/1885/1885 1889/1889/1889
f 1822/1822/1822 1889/1889/1889 1819/1819/1819
f 1889/1889/1889 1891/1891/1891 1890/1890/1890
f 1822/1822/1822 1891/1891/1891 1889/1889/1889
f 1887/1887/1887 1889/1889/1889 1890/1890/1890
f 1892/1892/1892 1891/1891/1891 1822/1822/1822
f 1891/1891/1891 1893/1893/1893 1890/1890/1890
f 1892/1892/1892 1893/1893/1893 1891/1891/1891
f 1892/1892/1892 1831/1831/1831 1830/1830/1830
f 1822/1822/1822 1831/1831/1831 1892/1892/1892
f 1894/1894/1894 1895/1895/1895 1892/1892/1892
f 1896/1896/1896 1895/1895/1895 1894/1894/1894
f 1830/1830/1830 1894/1894/1894 1892/1892/1892
f 1893/1893/1893 1898/1898/1898 1897/1897/1897
f 1892/1892/1892 1898/1898/1898 1893/1893/1893
f 1890/1890/1890 1893/1893/1893 1897/1897/1897
f 1897/1897/1897 1895/1895/1895 1896/1896/1896
f 1895/1895/1895 1898/1898/1898 1892/1892/1892
f 1897/1897/1897 1898/1898/1898 1895/1895/1895
f 1899/1899/1899 1894/1894/1894 1830/1830/1830
f 1896/1896/1896 1894/1894/1894 1899/1899/1899
f 1832/1832/1832 1899/1899/1899 1830/1830/1830
f 1899/1899/1899 1901/1901/1901 1900/1900/1900
f 1832/1832/1832 1901/1901/1901 1899/1899/1899
f 1896/1896/1896 1899/1899/1899 1900/1900/1900
f 1901/1901/1901 1903/1903/1903 1902/1902/1902
f 1832/1832/1832 1903/1903/1903 1901/1901/1901
f 1900/1900/1900 1901/1901/1901 1902/1902/1902
f 1904/1904/1904 1905/1905/1905 1835/1835/1835
f 1902/1902/1902 1905/1905/1905 1904/1904/1904
f 1834/1834/1834 1904/1904/1904 1835/1835/1835
f 1835/1835/1835 1903/1903/1903 1832/1832/1832
f 1903/1903/1903 1905/1905/1905 1902/1902/1902
f 1835/1835/1835 1905/1905/1905 1903/1903/1903
f 1902/1902/1902 1907/1907/1907 1906/1906/1906
f 1904/1904/1904 1908/1908/1908 1907/1907/1907
f 1834/1834/1834 1908/1908/1908 1904/1904/1904
f 1902/1902/1902 1904/1904/1904 1907/1907/1907
f 1900/1900/1900 1902/1902/1902 1906/1906/1906
f 1907/1907/1907 1910/1910/1910 1909/1909/1909
f 1910/1910/1910 1908/1908/1908 1834/1834/1834
f 1907/1907/1907 1908/1908/1908 1910/1910/1910
f 1906/1906/1906 1907/1907/1907 1909/1909/1909
f 1909/1909/1909 1838/1838/1838 1837/1837/1837
f 1838/1838/1838 1910/1910/1910 1834/1834/1834
f 1909/1909/1909 1910/1910/1910 1838/1838/1838
f 1911/1911/1911 1912/1912/1912 1909/1909/1909
f 1913/1913/1913 1912/1912/1912 1911/1911/1911
f 1837/1837/1837 1911/1911/1911 1909/1909/1909
f 1909/1909/1909 1914/1914/1914 1906/1906/1906
f 1912/1912/1912 1915/1915/1915 1914/1914/1914
f 1913/1913/1913 1915/1915/1915 1912/1912/1912
f 1909/1909/1909 1912/1912/1912 1914/1914/1914
f 1916/1916/1916 1911/1911/1911 1837/1837/1837
f 1913/1913/1913 1911/1911/1911 1916/1916/1916
f 1839/1839/1839 1916/1916/1916 1837/1837/1837
f 1917/1917/1917 1916/1916/1916 1839/1839/1839
f 1916/1916/1916 1918/1918/1918 1913/1913/1913
f 1917/1917/1917 1918/1918/1918 1916/1916/1916
