# L3DT terrain export, using atMeshDecimator
# 1763 vertices, 3384 polygons
mtllib Lava_Tile_x2y3.mtl
o terrain_o
v 0.000000 154.155090 -4001.464600
v 124.984741 144.009232 -4001.464600
v 249.969482 138.718323 -4001.464600
v 374.954224 148.765106 -4001.464600
v 499.938965 147.001465 -4001.464600
v 624.923706 142.562653 -4001.464600
v 749.908447 151.578995 -4001.464600
v 874.893188 147.595947 -4001.464600
v 999.877930 135.805359 -4001.464600
v 1124.862671 134.735291 -4001.464600
v 1249.847412 156.255600 -4001.464600
v 1374.832153 147.179810 -4001.464600
v 1499.816895 175.675400 -4001.464600
v 1437.324585 132.932022 -4001.464600
v 1624.801636 181.838211 -4001.464600
v 1749.786377 134.259705 -4001.464600
v 1687.294067 191.607574 -4001.464600
v 1718.540161 131.366547 -4001.464600
v 1874.771118 182.016556 -4001.464600
v 1999.755981 160.535889 -4001.464600
v 2124.740723 177.221054 -4001.464600
v 2249.725098 181.540970 -4001.464600
v 2374.709961 187.327286 -4001.464600
v 2312.217773 150.885437 -4001.464600
v 2499.694824 189.645767 -4001.464600
v 2624.679688 184.453949 -4001.464600
v 2749.664063 165.767334 -4001.464600
v 2874.648926 181.976929 -4001.464600
v 2999.633789 164.915253 -4001.464600
v 3124.618652 167.451706 -4001.464600
v 3249.603027 158.455185 -4001.464600
v 3374.587891 171.811264 -4001.464600
v 3499.572754 162.022095 -4001.464600
v 3624.557617 158.653351 -4001.464600
v 3749.541992 196.066193 -4001.464600
v 3874.526855 159.426178 -4001.464600
v 3999.511719 188.615326 -4001.464600
v 0.000000 191.924622 -4126.449707
v 0.000000 178.568558 -4063.957031
v 62.492371 166.084396 -4063.957031
v 124.984741 134.854187 -4126.449707
v 124.984741 172.485001 -4063.957031
v 187.477112 135.805359 -4063.957031
v 156.230927 177.300323 -4095.203125
v 249.969482 139.491165 -4126.449707
v 187.477112 152.649063 -4126.449707
v 156.230927 178.469482 -4126.449707
v 374.954224 147.893188 -4126.449707
v 499.938965 148.963272 -4126.449707
v 624.923706 173.634338 -4126.449707
v 749.908447 182.947922 -4126.449707
v 874.893188 181.521164 -4126.449707
v 999.877930 168.918106 -4126.449707
v 1124.862671 158.257034 -4126.449707
v 1249.847412 139.649689 -4126.449707
v 1374.832153 146.347534 -4126.449707
v 1437.324585 167.134659 -4063.957031
v 1468.570679 132.991470 -4032.710693
v 1499.816895 166.342010 -4126.449707
v 1499.816895 132.614960 -4063.957031
v 1562.309204 205.855362 -4063.957031
v 1624.801636 192.697449 -4126.449707
v 1624.801636 179.400833 -4063.957031
v 1562.309204 181.283371 -4126.449707
v 1687.294067 190.398788 -4063.957031
v 1656.047852 188.337906 -4032.710693
v 1687.294067 193.450470 -4032.710693
v 1718.540161 179.321564 -4032.710693
v 1702.917114 148.626389 -4017.087646
v 1749.786377 194.044952 -4126.449707
v 1749.786377 180.431274 -4063.957031
v 1812.278687 133.130188 -4063.957031
v 1874.771118 131.445816 -4126.449707
v 1937.263550 184.553024 -4063.957031
v 1999.755981 178.489288 -4126.449707
v 2124.740723 157.642731 -4126.449707
v 2249.725098 147.873383 -4126.449707
v 2312.217773 154.650497 -4063.957031
v 2374.709961 162.993088 -4126.449707
v 2499.694824 189.526871 -4126.449707
v 2624.679688 169.175720 -4126.449707
v 2749.664063 184.057617 -4126.449707
v 2874.648926 200.703171 -4126.449707
v 2999.633789 168.957733 -4126.449707
v 3124.618652 176.666214 -4126.449707
v 3249.603027 163.508301 -4126.449707
v 3374.587891 173.713608 -4126.449707
v 3499.572754 173.574890 -4126.449707
v 3624.557617 173.238022 -4126.449707
v 3749.541992 160.813309 -4126.449707
v 3874.526855 187.921768 -4126.449707
v 3999.511719 217.427979 -4126.449707
v 0.000000 190.914001 -4251.434570
v 62.492371 181.065384 -4188.941895
v 124.984741 181.005936 -4251.434570
v 124.984741 159.148758 -4188.941895
v 187.477112 177.181427 -4188.941895
v 156.230927 167.412079 -4157.695801
v 156.230927 134.715469 -4220.187988
v 249.969482 183.264984 -4251.434570
v 187.477112 159.941406 -4251.434570
v 374.954224 167.550797 -4251.434570
v 499.938965 181.540970 -4251.434570
v 624.923706 161.447418 -4251.434570
v 749.908447 158.673172 -4251.434570
v 874.893188 149.775726 -4251.434570
v 999.877930 135.884628 -4251.434570
v 1062.370239 182.393066 -4188.941895
v 1124.862671 178.172241 -4251.434570
v 1249.847412 173.733429 -4251.434570
v 1374.832153 127.898727 -4251.434570
v 1437.324585 153.322815 -4188.941895
v 1499.816895 146.109741 -4251.434570
v 1499.816895 171.771622 -4188.941895
v 1531.063110 153.461533 -4157.695801
v 1531.063110 138.440903 -4188.941895
v 1562.309204 173.852325 -4188.941895
v 1531.063110 148.448044 -4220.187988
v 1624.801636 207.044327 -4251.434570
v 1562.309204 178.350586 -4251.434570
v 1749.786377 192.816345 -4251.434570
v 1874.771118 139.233551 -4251.434570
v 1999.755981 182.214722 -4251.434570
v 2124.740723 182.630859 -4251.434570
v 2249.725098 175.179993 -4251.434570
v 2374.709961 185.959976 -4251.434570
v 2499.694824 181.025757 -4251.434570
v 2624.679688 185.603287 -4251.434570
v 2749.664063 189.982651 -4251.434570
v 2874.648926 165.113403 -4251.434570
v 2999.633789 205.795914 -4251.434570
v 3124.618652 169.373871 -4251.434570
v 3249.603027 164.875610 -4251.434570
v 3374.587891 172.405746 -4251.434570
v 3499.572754 171.514023 -4251.434570
v 3624.557617 169.770203 -4251.434570
v 3749.541992 169.988174 -4251.434570
v 3874.526855 160.258453 -4251.434570
v 3937.019531 174.843124 -4188.941895
v 3999.511719 155.601669 -4251.434570
v 3999.511719 219.825729 -4188.941895
v 0.000000 193.945877 -4376.418945
v 62.492371 195.650055 -4313.926758
v 124.984741 212.117264 -4376.418945
v 124.984741 182.947922 -4313.926758
v 156.230927 140.184723 -4282.680664
v 156.230927 145.099121 -4313.926758
v 187.477112 175.754669 -4313.926758
v 156.230927 180.748337 -4345.172852
v 249.969482 168.739761 -4376.418945
v 187.477112 137.152863 -4376.418945
v 374.954224 181.719315 -4376.418945
v 499.938965 142.126709 -4376.418945
v 624.923706 157.385117 -4376.418945
v 749.908447 149.478485 -4376.418945
v 874.893188 137.271759 -4376.418945
v 999.877930 184.612473 -4376.418945
v 1124.862671 159.287460 -4376.418945
v 1249.847412 140.937729 -4376.418945
v 1374.832153 128.790451 -4376.418945
v 1499.816895 153.778580 -4376.418945
v 1562.309204 181.005936 -4313.926758
v 1624.801636 194.183670 -4376.418945
v 1749.786377 193.212677 -4376.418945
v 1874.771118 143.414749 -4376.418945
v 1999.755981 138.975937 -4376.418945
v 2124.740723 171.434753 -4376.418945
v 2249.725098 174.347717 -4376.418945
v 2374.709961 177.617386 -4376.418945
v 2499.694824 187.228210 -4376.418945
v 2624.679688 196.621048 -4376.418945
v 2749.664063 189.943008 -4376.418945
v 2874.648926 188.298279 -4376.418945
v 2999.633789 185.127701 -4376.418945
v 3124.618652 166.738327 -4376.418945
v 3249.603027 171.196960 -4376.418945
v 3374.587891 169.948547 -4376.418945
v 3499.572754 172.167953 -4376.418945
v 3624.557617 187.208389 -4376.418945
v 3749.541992 182.531784 -4376.418945
v 3874.526855 165.965500 -4376.418945
v 3999.511719 158.375931 -4376.418945
v 0.000000 195.927475 -4501.403809
v 124.984741 192.538925 -4501.403809
v 187.477112 199.593460 -4438.911621
v 249.969482 182.313797 -4438.911621
v 218.723297 186.633713 -4470.157715
v 249.969482 182.908295 -4501.403809
v 249.969482 158.673172 -4470.157715
v 187.477112 213.425125 -4501.403809
v 312.461853 160.139557 -4438.911621
v 281.215668 181.877853 -4470.157715
v 265.592590 144.088501 -4485.780762
v 374.954224 147.556320 -4501.403809
v 312.461853 183.344238 -4501.403809
v 281.215668 153.540787 -4501.403809
v 437.446594 186.098679 -4438.911621
v 499.938965 162.755295 -4501.403809
v 624.923706 147.120361 -4501.403809
v 749.908447 150.053146 -4501.403809
v 874.893188 183.839645 -4501.403809
v 999.877930 169.334244 -4501.403809
v 1124.862671 146.268280 -4501.403809
v 1249.847412 145.753052 -4501.403809
v 1374.832153 178.925247 -4501.403809
v 1499.816895 155.661118 -4501.403809
v 1624.801636 197.631668 -4501.403809
v 1749.786377 182.868652 -4501.403809
v 1812.278687 200.088867 -4438.911621
v 1874.771118 146.704224 -4501.403809
v 1999.755981 141.552032 -4501.403809
v 2124.740723 181.105026 -4501.403809
v 2249.725098 185.702362 -4501.403809
v 2374.709961 190.596939 -4501.403809
v 2499.694824 189.130554 -4501.403809
v 2624.679688 197.116455 -4501.403809
v 2749.664063 200.306839 -4501.403809
v 2812.156738 183.760376 -4438.911621
v 2874.648926 202.962204 -4501.403809
v 2874.648926 162.497681 -4438.911621
v 2937.141602 197.592041 -4438.911621
v 2999.633789 184.493576 -4501.403809
v 3124.618652 168.898285 -4501.403809
v 3249.603027 172.346298 -4501.403809
v 3374.587891 168.046188 -4501.403809
v 3499.572754 197.849640 -4501.403809
v 3624.557617 198.860275 -4501.403809
v 3749.541992 201.812866 -4501.403809
v 3874.526855 160.040482 -4501.403809
v 3999.511719 156.275421 -4501.403809
v 0.000000 140.224350 -4626.388672
v 0.000000 135.508118 -4563.895996
v 62.492371 196.858841 -4563.895996
v 124.984741 196.323807 -4626.388672
v 187.477112 196.343628 -4563.895996
v 249.969482 195.828400 -4626.388672
v 249.969482 213.702545 -4563.895996
v 312.461853 150.370209 -4563.895996
v 281.215668 170.503387 -4532.649902
v 281.215668 207.460464 -4595.142578
v 343.708038 153.620056 -4532.649902
v 312.461853 182.175095 -4532.649902
v 328.084961 185.524017 -4548.272949
v 343.708038 177.042709 -4595.142578
v 374.954224 161.031281 -4563.895996
v 343.708038 183.899094 -4563.895996
v 374.954224 184.533203 -4626.388672
v 312.461853 192.261505 -4626.388672
v 437.446594 157.048248 -4563.895996
v 499.938965 145.554886 -4626.388672
v 499.938965 178.687454 -4563.895996
v 562.431335 156.433945 -4563.895996
v 531.185181 186.554459 -4595.142578
v 624.923706 174.724228 -4626.388672
v 562.431335 183.522583 -4626.388672
v 749.908447 158.712799 -4626.388672
v 874.893188 161.942825 -4626.388672
v 999.877930 139.966751 -4626.388672
v 1124.862671 161.605957 -4626.388672
v 1187.355103 189.804306 -4563.895996
v 1249.847412 153.421890 -4626.388672
v 1249.847412 185.306046 -4563.895996
v 1312.339722 186.455368 -4563.895996
v 1374.832153 160.496246 -4626.388672
v 1437.324585 139.392075 -4563.895996
v 1499.816895 188.020844 -4626.388672
v 1437.324585 140.283798 -4626.388672
v 1624.801636 197.156082 -4626.388672
v 1749.786377 197.631668 -4626.388672
v 1812.278687 198.285599 -4563.895996
v 1874.771118 142.641922 -4626.388672
v 1812.278687 204.289886 -4626.388672
v 1999.755981 168.700119 -4626.388672
v 2124.740723 170.800629 -4626.388672
v 2249.725098 174.942200 -4626.388672
v 2374.709961 177.498489 -4626.388672
v 2499.694824 178.112793 -4626.388672
v 2624.679688 180.669067 -4626.388672
v 2749.664063 183.998169 -4626.388672
v 2874.648926 196.799393 -4626.388672
v 2999.633789 176.666214 -4626.388672
v 3124.618652 175.179993 -4626.388672
v 3249.603027 200.287033 -4626.388672
v 3312.095703 187.862320 -4563.895996
v 3374.587891 149.775726 -4626.388672
v 3374.587891 199.316040 -4563.895996
v 3437.080566 187.961395 -4563.895996
v 3499.572754 198.008179 -4626.388672
v 3624.557617 194.262924 -4626.388672
v 3749.541992 184.374680 -4626.388672
v 3874.526855 161.328522 -4626.388672
v 3999.511719 161.348343 -4626.388672
v 0.000000 145.356735 -4751.373047
v 62.492371 133.367981 -4688.880859
v 124.984741 138.262558 -4751.373047
v 187.477112 194.698883 -4688.880859
v 249.969482 193.807159 -4751.373047
v 187.477112 197.928909 -4751.373047
v 312.461853 200.465378 -4688.880859
v 374.954224 202.387543 -4751.373047
v 312.461853 187.842499 -4751.373047
v 499.938965 173.673981 -4751.373047
v 562.431335 137.192490 -4688.880859
v 624.923706 136.221497 -4751.373047
v 749.908447 148.051727 -4751.373047
v 874.893188 140.521591 -4751.373047
v 999.877930 157.266220 -4751.373047
v 1124.862671 188.080292 -4751.373047
v 1249.847412 145.951218 -4751.373047
v 1374.832153 187.426361 -4751.373047
v 1437.324585 151.182678 -4688.880859
v 1499.816895 215.168945 -4751.373047
v 1624.801636 193.826981 -4751.373047
v 1749.786377 198.463943 -4751.373047
v 1812.278687 201.535446 -4688.880859
v 1874.771118 204.745651 -4751.373047
v 1874.771118 202.882950 -4688.880859
v 1937.263550 145.693604 -4688.880859
v 1906.017334 153.322815 -4720.126953
v 1999.755981 145.990845 -4688.880859
v 1968.509644 143.929977 -4720.126953
v 1999.755981 206.865982 -4751.373047
v 1937.263550 202.704590 -4751.373047
v 1937.263550 141.056625 -4720.126953
v 2062.248047 146.169189 -4688.880859
v 2124.740723 179.044144 -4751.373047
v 2249.725098 149.399216 -4751.373047
v 2374.709961 179.896240 -4751.373047
v 2499.694824 193.093781 -4751.373047
v 2624.679688 181.858032 -4751.373047
v 2749.664063 160.080109 -4751.373047
v 2874.648926 184.315231 -4751.373047
v 2999.633789 194.857407 -4751.373047
v 3124.618652 198.919724 -4751.373047
v 3249.603027 201.475998 -4751.373047
v 3374.587891 178.746902 -4751.373047
v 3499.572754 194.302567 -4751.373047
v 3624.557617 184.671921 -4751.373047
v 3749.541992 200.683350 -4751.373047
v 3874.526855 199.276413 -4751.373047
v 3999.511719 177.815536 -4751.373047
v 0.000000 181.144653 -4876.357910
v 124.984741 183.304611 -4876.357910
v 187.477112 139.867661 -4813.865723
v 218.723297 190.279892 -4782.619629
v 249.969482 165.470093 -4876.357910
v 249.969482 139.015564 -4813.865723
v 249.969482 199.593460 -4782.619629
v 312.461853 194.362015 -4813.865723
v 281.215668 195.531158 -4782.619629
v 374.954224 199.633102 -4876.357910
v 312.461853 139.273178 -4876.357910
v 437.446594 203.120743 -4813.865723
v 499.938965 195.947296 -4876.357910
v 499.938965 210.492340 -4813.865723
v 562.431335 158.415558 -4813.865723
v 531.185181 211.879456 -4845.111816
v 624.923706 150.390030 -4813.865723
v 593.677490 184.255783 -4845.111816
v 624.923706 144.445190 -4876.357910
v 624.923706 183.403687 -4845.111816
v 562.431335 204.884369 -4876.357910
v 687.416077 154.036194 -4813.865723
v 656.169922 182.690308 -4845.111816
v 749.908447 183.225342 -4813.865723
v 718.662231 178.350586 -4845.111816
v 749.908447 136.241318 -4876.357910
v 687.416077 142.245605 -4876.357910
v 812.400818 165.985321 -4813.865723
v 874.893188 179.440460 -4876.357910
v 999.877930 155.780014 -4876.357910
v 1124.862671 142.879715 -4876.357910
v 1249.847412 179.816971 -4876.357910
v 1374.832153 193.985504 -4876.357910
v 1499.816895 196.323807 -4876.357910
v 1624.801636 197.532593 -4876.357910
v 1749.786377 198.424316 -4876.357910
v 1874.771118 204.270065 -4876.357910
v 1937.263550 207.519913 -4813.865723
v 1999.755981 207.381195 -4876.357910
v 2124.740723 209.818588 -4876.357910
v 2187.232910 146.050293 -4813.865723
v 2249.725098 148.666031 -4876.357910
v 2374.709961 164.479294 -4876.357910
v 2499.694824 192.974884 -4876.357910
v 2624.679688 196.244537 -4876.357910
v 2749.664063 195.372635 -4876.357910
v 2874.648926 198.008179 -4876.357910
v 2999.633789 178.528931 -4876.357910
v 3124.618652 157.107697 -4876.357910
v 3187.110840 173.654160 -4813.865723
v 3249.603027 176.923813 -4813.865723
v 3218.356934 155.938538 -4845.111816
v 3249.603027 199.434937 -4876.357910
v 3249.603027 155.066635 -4845.111816
v 3187.110840 191.746277 -4876.357910
v 3312.095703 155.007187 -4813.865723
v 3280.849609 154.452332 -4845.111816
v 3374.587891 149.874802 -4876.357910
v 3312.095703 147.060913 -4876.357910
v 3499.572754 187.327286 -4876.357910
v 3624.557617 192.380402 -4876.357910
v 3687.049805 160.714233 -4813.865723
v 3749.541992 182.729950 -4876.357910
v 3874.526855 162.121170 -4876.357910
v 3999.511719 150.627823 -4876.357910
v 0.000000 167.431900 -5001.342773
v 124.984741 172.504822 -5001.342773
v 249.969482 184.909714 -5001.342773
v 312.461853 167.867844 -4938.850586
v 343.708038 139.946930 -4907.604492
v 374.954224 161.982452 -5001.342773
v 374.954224 139.550613 -4938.850586
v 437.446594 200.009598 -4938.850586
v 406.200439 133.268890 -4970.096680
v 499.938965 198.642288 -5001.342773
v 437.446594 136.934875 -5001.342773
v 562.431335 199.494385 -4938.850586
v 624.923706 198.582840 -5001.342773
v 624.923706 208.054947 -4938.850586
v 687.416077 182.432709 -4938.850586
v 749.908447 210.908478 -5001.342773
v 874.893188 210.849030 -5001.342773
v 999.877930 212.691925 -5001.342773
v 1124.862671 198.166702 -5001.342773
v 1249.847412 207.955872 -5001.342773
v 1374.832153 215.010406 -5001.342773
v 1499.816895 201.357101 -5001.342773
v 1624.801636 203.616135 -5001.342773
v 1749.786377 201.178757 -5001.342773
v 1874.771118 198.206329 -5001.342773
v 1999.755981 201.693970 -5001.342773
v 2124.740723 168.700119 -5001.342773
v 2187.232910 208.550354 -4938.850586
v 2249.725098 148.031906 -5001.342773
v 2374.709961 158.019241 -5001.342773
v 2499.694824 182.452515 -5001.342773
v 2624.679688 197.037186 -5001.342773
v 2749.664063 184.850266 -5001.342773
v 2812.156738 200.148315 -4938.850586
v 2874.648926 159.228012 -5001.342773
v 2812.156738 184.275604 -5001.342773
v 2937.141602 172.286850 -4938.850586
v 2999.633789 158.752426 -4938.850586
v 2968.387695 156.612289 -4970.096680
v 2999.633789 212.592850 -5001.342773
v 2937.141602 155.363876 -5001.342773
v 3062.125977 179.440460 -4938.850586
v 3124.618652 206.311127 -5001.342773
v 3187.110840 207.658630 -4938.850586
v 3249.603027 205.736465 -5001.342773
v 3312.095703 212.632477 -4938.850586
v 3343.341797 145.079300 -4907.604492
v 3374.587891 151.143036 -5001.342773
v 3374.587891 151.717712 -4938.850586
v 3437.080566 153.659683 -4938.850586
v 3499.572754 182.492157 -5001.342773
v 3624.557617 174.605331 -5001.342773
v 3749.541992 151.024139 -5001.342773
v 3874.526855 176.131180 -5001.342773
v 3999.511719 188.436981 -5001.342773
v 0.000000 162.893997 -5126.327637
v 124.984741 165.985321 -5126.327637
v 249.969482 180.193481 -5126.327637
v 374.954224 166.024948 -5126.327637
v 437.446594 164.043335 -5063.834961
v 468.692749 138.203110 -5032.588867
v 499.938965 145.753052 -5126.327637
v 499.938965 139.768585 -5063.834961
v 562.431335 180.074585 -5063.834961
v 624.923706 160.892578 -5126.327637
v 749.908447 196.105835 -5126.327637
v 874.893188 208.768326 -5126.327637
v 999.877930 209.006119 -5126.327637
v 1124.862671 195.630234 -5126.327637
v 1249.847412 198.206329 -5126.327637
v 1374.832153 191.944443 -5126.327637
v 1499.816895 215.505814 -5126.327637
v 1624.801636 194.104401 -5126.327637
v 1749.786377 197.136261 -5126.327637
v 1874.771118 204.725845 -5126.327637
v 1999.755981 200.861694 -5126.327637
v 2124.740723 202.446991 -5126.327637
v 2187.232910 171.177139 -5063.834961
v 2249.725098 208.213486 -5126.327637
v 2249.725098 192.003891 -5063.834961
v 2312.217773 149.181244 -5063.834961
v 2280.971680 211.958725 -5095.081055
v 2374.709961 153.362442 -5063.834961
v 2343.463867 205.538300 -5095.081055
v 2374.709961 210.254547 -5126.327637
v 2312.217773 206.548920 -5126.327637
v 2312.217773 212.216339 -5095.081055
v 2437.202637 153.620056 -5063.834961
v 2499.694824 155.958359 -5063.834961
v 2468.448730 157.821075 -5095.081055
v 2499.694824 213.306229 -5126.327637
v 2499.694824 147.714844 -5095.081055
v 2437.202637 213.108063 -5126.327637
v 2562.187012 159.366730 -5063.834961
v 2530.940918 158.177765 -5095.081055
v 2624.679688 212.315414 -5126.327637
v 2624.679688 155.898911 -5063.834961
v 2562.187012 213.821442 -5126.327637
v 2687.171875 155.106262 -5063.834961
v 2749.664063 209.739319 -5126.327637
v 2749.664063 152.807587 -5063.834961
v 2812.156738 153.699326 -5063.834961
v 2843.402832 147.655396 -5032.588867
v 2874.648926 201.456177 -5126.327637
v 2874.648926 210.789581 -5063.834961
v 2874.648926 148.130981 -5032.588867
v 2937.141602 211.067001 -5063.834961
v 2905.895020 152.490540 -5032.588867
v 2999.633789 210.789581 -5126.327637
v 3124.618652 210.690491 -5126.327637
v 3249.603027 200.703171 -5126.327637
v 3312.095703 209.343002 -5063.834961
v 3374.587891 198.622482 -5126.327637
v 3437.080566 170.602478 -5063.834961
v 3499.572754 154.273987 -5126.327637
v 3437.080566 154.095642 -5126.327637
v 3562.064941 162.319336 -5063.834961
v 3624.557617 150.608002 -5063.834961
v 3593.311523 149.379410 -5095.081055
v 3624.557617 211.483139 -5126.327637
v 3562.064941 146.506073 -5126.327637
v 3687.049805 154.947739 -5063.834961
v 3749.541992 205.756287 -5126.327637
v 3812.034668 176.051910 -5063.834961
v 3874.526855 142.265411 -5126.327637
v 3812.034668 207.519913 -5126.327637
v 3937.019531 173.654160 -5063.834961
v 3999.511719 159.267654 -5126.327637
v 3937.019531 149.458664 -5126.327637
v 0.000000 167.986740 -5251.312500
v 124.984741 164.102783 -5251.312500
v 249.969482 166.044769 -5251.312500
v 374.954224 181.838211 -5251.312500
v 499.938965 177.359772 -5251.312500
v 562.431335 143.295853 -5188.819824
v 624.923706 136.716904 -5251.312500
v 624.923706 134.398407 -5188.819824
v 687.416077 195.372635 -5188.819824
v 656.169922 131.544891 -5220.065918
v 749.908447 191.825546 -5251.312500
v 687.416077 179.063965 -5251.312500
v 874.893188 193.708069 -5251.312500
v 999.877930 192.459656 -5251.312500
v 1124.862671 189.645767 -5251.312500
v 1249.847412 190.418594 -5251.312500
v 1374.832153 211.621857 -5251.312500
v 1499.816895 182.274170 -5251.312500
v 1624.801636 194.976303 -5251.312500
v 1749.786377 193.371201 -5251.312500
v 1874.771118 214.297028 -5251.312500
v 1999.755981 203.913376 -5251.312500
v 2124.740723 194.976303 -5251.312500
v 2249.725098 198.761185 -5251.312500
v 2312.217773 202.882950 -5188.819824
v 2374.709961 199.751999 -5251.312500
v 2437.202637 207.123596 -5188.819824
v 2499.694824 220.142792 -5251.312500
v 2562.187012 204.904190 -5188.819824
v 2624.679688 210.868835 -5251.312500
v 2749.664063 213.444931 -5251.312500
v 2874.648926 201.812866 -5251.312500
v 2999.633789 225.968735 -5251.312500
v 3124.618652 227.058609 -5251.312500
v 3249.603027 201.475998 -5251.312500
v 3374.587891 203.417984 -5251.312500
v 3437.080566 213.207138 -5188.819824
v 3468.326660 149.696457 -5157.573730
v 3499.572754 210.749939 -5251.312500
v 3499.572754 207.797348 -5188.819824
v 3562.064941 210.036560 -5188.819824
v 3530.818848 146.446625 -5157.573730
v 3624.557617 206.548920 -5251.312500
v 3749.541992 200.009598 -5251.312500
v 3812.034668 202.902756 -5188.819824
v 3874.526855 199.018799 -5251.312500
v 3874.526855 205.181610 -5188.819824
v 3937.019531 198.800827 -5188.819824
v 3905.772949 170.780823 -5157.573730
v 3968.265625 143.375122 -5157.573730
v 3937.019531 140.145096 -5157.573730
v 3999.511719 137.311386 -5251.312500
v 3999.511719 142.305054 -5188.819824
v 0.000000 171.236588 -5376.296875
v 0.000000 134.002090 -5313.804688
v 62.492371 154.610855 -5313.804688
v 124.984741 161.090729 -5376.296875
v 249.969482 178.687454 -5376.296875
v 374.954224 180.451096 -5376.296875
v 499.938965 161.387970 -5376.296875
v 624.923706 133.566132 -5376.296875
v 687.416077 131.188202 -5313.804688
v 718.662231 194.679062 -5282.558594
v 718.662231 190.953629 -5345.050781
v 749.908447 190.160995 -5313.804688
v 718.662231 194.104401 -5313.804688
v 749.908447 192.241684 -5376.296875
v 687.416077 131.208023 -5376.296875
v 812.400818 189.546692 -5313.804688
v 874.893188 193.173035 -5376.296875
v 999.877930 192.598373 -5376.296875
v 1124.862671 185.940155 -5376.296875
v 1249.847412 195.887848 -5376.296875
v 1374.832153 179.995316 -5376.296875
v 1437.324585 180.946487 -5313.804688
v 1499.816895 166.579803 -5376.296875
v 1437.324585 139.471344 -5376.296875
v 1624.801636 183.681122 -5376.296875
v 1749.786377 193.668442 -5376.296875
v 1874.771118 207.757706 -5376.296875
v 1999.755981 200.287033 -5376.296875
v 2124.740723 201.634521 -5376.296875
v 2249.725098 201.991211 -5376.296875
v 2374.709961 192.043518 -5376.296875
v 2499.694824 172.901138 -5376.296875
v 2624.679688 193.886429 -5376.296875
v 2749.664063 148.467865 -5376.296875
v 2874.648926 157.325668 -5376.296875
v 2999.633789 209.362808 -5376.296875
v 3124.618652 220.519287 -5376.296875
v 3249.603027 207.817154 -5376.296875
v 3374.587891 212.315414 -5376.296875
v 3437.080566 206.529114 -5313.804688
v 3499.572754 177.221054 -5376.296875
v 3499.572754 212.255966 -5313.804688
v 3437.080566 208.768326 -5376.296875
v 3562.064941 211.324615 -5313.804688
v 3530.818848 152.847229 -5345.050781
v 3624.557617 150.053146 -5376.296875
v 3624.557617 209.144836 -5313.804688
v 3562.064941 152.292374 -5376.296875
v 3687.049805 202.407349 -5313.804688
v 3655.803711 208.649429 -5345.050781
v 3749.541992 200.921143 -5313.804688
v 3718.295898 206.073334 -5345.050781
v 3749.541992 186.495010 -5376.296875
v 3687.049805 143.276031 -5376.296875
v 3687.049805 208.173843 -5345.050781
v 3812.034668 200.207764 -5313.804688
v 3874.526855 203.061295 -5376.296875
v 3999.511719 169.195526 -5376.296875
v 0.000000 166.916672 -5501.281738
v 124.984741 167.610245 -5501.281738
v 249.969482 162.081543 -5501.281738
v 374.954224 162.973267 -5501.281738
v 499.938965 129.939789 -5501.281738
v 562.431335 131.941208 -5438.789551
v 624.923706 130.811691 -5438.789551
v 593.677490 189.328720 -5470.035645
v 624.923706 141.849274 -5501.281738
v 562.431335 131.663788 -5501.281738
v 687.416077 131.168381 -5438.789551
v 718.662231 128.255417 -5407.542969
v 749.908447 127.522217 -5501.281738
v 749.908447 136.360214 -5438.789551
v 812.400818 190.378967 -5438.789551
v 874.893188 190.319519 -5501.281738
v 812.400818 195.669876 -5501.281738
v 999.877930 193.232483 -5501.281738
v 1124.862671 194.718704 -5501.281738
v 1249.847412 195.848221 -5501.281738
v 1374.832153 209.144836 -5501.281738
v 1437.324585 180.906860 -5438.789551
v 1499.816895 190.240250 -5501.281738
v 1624.801636 206.013885 -5501.281738
v 1749.786377 202.367722 -5501.281738
v 1874.771118 218.557495 -5501.281738
v 1999.755981 198.919724 -5501.281738
v 2124.740723 197.413696 -5501.281738
v 2249.725098 220.836349 -5501.281738
v 2374.709961 189.903381 -5501.281738
v 2499.694824 191.706650 -5501.281738
v 2624.679688 195.313187 -5501.281738
v 2749.664063 220.083344 -5501.281738
v 2874.648926 223.352997 -5501.281738
v 2999.633789 210.254547 -5501.281738
v 3124.618652 211.166077 -5501.281738
v 3249.603027 207.480286 -5501.281738
v 3312.095703 225.750748 -5438.789551
v 3374.587891 207.242493 -5501.281738
v 3374.587891 209.382629 -5438.789551
v 3437.080566 210.829208 -5438.789551
v 3405.833984 209.422256 -5470.035645
v 3468.326660 162.140991 -5407.542969
v 3468.326660 148.408417 -5470.035645
v 3499.572754 152.094208 -5438.789551
v 3468.326660 147.001465 -5438.789551
v 3499.572754 150.271133 -5501.281738
v 3437.080566 146.624969 -5501.281738
v 3405.833984 211.384064 -5501.281738
v 3562.064941 151.400650 -5438.789551
v 3624.557617 148.864182 -5501.281738
v 3687.049805 148.012085 -5438.789551
v 3749.541992 157.741806 -5501.281738
v 3812.034668 143.890335 -5438.789551
v 3874.526855 158.534454 -5501.281738
v 3874.526855 137.707703 -5438.789551
v 3937.019531 136.043152 -5438.789551
v 3999.511719 156.790634 -5501.281738
v 0.000000 147.259079 -5626.266602
v 124.984741 129.226410 -5626.266602
v 249.969482 169.453140 -5626.266602
v 374.954224 160.357544 -5626.266602
v 437.446594 132.832947 -5563.773926
v 499.938965 189.249451 -5626.266602
v 499.938965 193.391022 -5563.773926
v 437.446594 131.861954 -5626.266602
v 562.431335 192.043518 -5563.773926
v 531.185181 194.183670 -5532.527832
v 624.923706 190.042099 -5626.266602
v 687.416077 158.514633 -5563.773926
v 749.908447 192.261505 -5626.266602
v 749.908447 158.415558 -5563.773926
v 812.400818 193.648621 -5563.773926
v 781.154663 195.134842 -5532.527832
v 874.893188 192.519104 -5626.266602
v 999.877930 190.636581 -5626.266602
v 1124.862671 193.490097 -5626.266602
v 1249.847412 193.331573 -5626.266602
v 1374.832153 184.652100 -5626.266602
v 1499.816895 195.729324 -5626.266602
v 1624.801636 199.890701 -5626.266602
v 1749.786377 196.264359 -5626.266602
v 1874.771118 200.168137 -5626.266602
v 1999.755981 204.091721 -5626.266602
v 2124.740723 193.450470 -5626.266602
v 2249.725098 203.457611 -5626.266602
v 2374.709961 218.914185 -5626.266602
v 2499.694824 188.991837 -5626.266602
v 2624.679688 217.566696 -5626.266602
v 2749.664063 204.151169 -5626.266602
v 2874.648926 203.081100 -5626.266602
v 2999.633789 205.042892 -5626.266602
v 3124.618652 202.982025 -5626.266602
v 3249.603027 205.776093 -5626.266602
v 3312.095703 205.597748 -5563.773926
v 3374.587891 211.324615 -5563.773926
v 3343.341797 210.472519 -5595.020508
v 3374.587891 146.030472 -5626.266602
v 3312.095703 206.865982 -5626.266602
v 3437.080566 143.315674 -5563.773926
v 3405.833984 193.311752 -5532.527832
v 3499.572754 144.980225 -5626.266602
v 3624.557617 150.925064 -5626.266602
v 3749.541992 172.167953 -5626.266602
v 3874.526855 185.167328 -5626.266602
v 3999.511719 180.233109 -5626.266602
v 0.000000 150.172043 -5751.250977
v 124.984741 149.736099 -5751.250977
v 249.969482 150.132416 -5751.250977
v 374.954224 168.026382 -5751.250977
v 437.446594 131.208023 -5688.758789
v 468.692749 125.045204 -5657.512695
v 499.938965 126.789024 -5751.250977
v 499.938965 172.841690 -5688.758789
v 562.431335 191.349960 -5688.758789
v 624.923706 189.804306 -5751.250977
v 749.908447 189.229630 -5751.250977
v 874.893188 188.635147 -5751.250977
v 999.877930 193.965683 -5751.250977
v 1124.862671 190.993271 -5751.250977
v 1249.847412 187.307465 -5751.250977
v 1374.832153 194.996124 -5751.250977
v 1499.816895 192.162415 -5751.250977
v 1624.801636 186.316666 -5751.250977
v 1749.786377 196.343628 -5751.250977
v 1874.771118 194.183670 -5751.250977
v 1999.755981 195.233917 -5751.250977
v 2124.740723 190.438416 -5751.250977
v 2249.725098 203.794479 -5751.250977
v 2374.709961 196.977737 -5751.250977
v 2499.694824 219.092529 -5751.250977
v 2624.679688 195.432083 -5751.250977
v 2749.664063 200.802246 -5751.250977
v 2874.648926 207.381195 -5751.250977
v 2999.633789 205.617569 -5751.250977
v 3062.125977 203.041473 -5688.758789
v 3124.618652 208.768326 -5751.250977
v 3062.125977 208.272934 -5751.250977
v 3187.110840 205.954437 -5688.758789
v 3249.603027 194.401642 -5751.250977
v 3249.603027 208.490906 -5688.758789
v 3312.095703 204.032272 -5688.758789
v 3280.849609 164.459473 -5720.004883
v 3374.587891 148.646210 -5751.250977
v 3312.095703 143.216583 -5751.250977
v 3499.572754 176.904007 -5751.250977
v 3624.557617 175.041290 -5751.250977
v 3749.541992 182.472336 -5751.250977
v 3874.526855 176.884186 -5751.250977
v 3999.511719 164.419846 -5751.250977
v 0.000000 143.672363 -5876.235840
v 124.984741 149.954071 -5876.235840
v 249.969482 168.184906 -5876.235840
v 374.954224 168.759567 -5876.235840
v 437.446594 147.972458 -5813.743652
v 499.938965 129.761444 -5876.235840
v 499.938965 129.147141 -5813.743652
v 562.431335 192.102966 -5813.743652
v 531.185181 126.154907 -5844.989746
v 624.923706 168.006561 -5876.235840
v 562.431335 128.116699 -5876.235840
v 749.908447 190.081726 -5876.235840
v 874.893188 187.763245 -5876.235840
v 999.877930 191.964264 -5876.235840
v 1124.862671 192.538925 -5876.235840
v 1249.847412 192.657822 -5876.235840
v 1312.339722 192.340759 -5813.743652
v 1374.832153 195.214096 -5876.235840
v 1312.339722 195.095200 -5876.235840
v 1437.324585 195.788773 -5813.743652
v 1499.816895 197.413696 -5876.235840
v 1437.324585 199.316040 -5876.235840
v 1624.801636 193.054138 -5876.235840
v 1687.294067 195.194290 -5813.743652
v 1749.786377 199.950150 -5813.743652
v 1718.540161 200.168137 -5844.989746
v 1749.786377 135.607193 -5876.235840
v 1687.294067 199.851074 -5876.235840
v 1812.278687 190.596939 -5813.743652
v 1874.771118 167.848038 -5876.235840
v 1937.263550 199.137695 -5813.743652
v 1999.755981 199.791626 -5876.235840
v 1937.263550 193.846786 -5876.235840
v 2124.740723 198.404495 -5876.235840
v 2249.725098 198.226151 -5876.235840
v 2374.709961 202.526245 -5876.235840
v 2499.694824 195.392441 -5876.235840
v 2624.679688 198.463943 -5876.235840
v 2749.664063 203.834122 -5876.235840
v 2874.648926 201.119308 -5876.235840
v 2999.633789 203.655777 -5876.235840
v 3062.125977 190.993271 -5813.743652
v 3093.372559 162.022095 -5782.497559
v 3124.618652 144.187576 -5876.235840
v 3124.618652 144.881149 -5813.743652
v 3187.110840 178.905426 -5813.743652
v 3249.603027 177.280502 -5876.235840
v 3249.603027 148.824554 -5813.743652
v 3312.095703 158.375931 -5813.743652
v 3374.587891 177.775909 -5876.235840
v 3499.572754 176.408600 -5876.235840
v 3624.557617 174.962021 -5876.235840
v 3749.541992 179.519730 -5876.235840
v 3874.526855 169.492767 -5876.235840
v 3999.511719 145.990845 -5876.235840
v 0.000000 168.997375 -6001.220703
v 124.984741 141.175522 -6001.220703
v 249.969482 147.397797 -6001.220703
v 374.954224 162.695847 -6001.220703
v 499.938965 133.704849 -6001.220703
v 562.431335 129.919968 -5938.728516
v 624.923706 130.890961 -6001.220703
v 687.416077 123.658073 -5938.728516
v 749.908447 193.391022 -6001.220703
v 749.908447 135.587387 -5938.728516
v 687.416077 129.325485 -6001.220703
v 812.400818 191.211243 -5938.728516
v 874.893188 195.412262 -6001.220703
v 999.877930 190.339340 -6001.220703
v 1124.862671 190.874374 -6001.220703
v 1187.355103 194.500717 -5938.728516
v 1249.847412 196.700317 -6001.220703
v 1249.847412 196.224731 -5938.728516
v 1312.339722 199.335861 -5938.728516
v 1281.093628 199.375488 -5969.974609
v 1343.585938 196.700317 -5907.482422
v 1343.585938 185.464569 -5969.974609
v 1374.832153 200.069046 -5938.728516
v 1343.585938 199.910522 -5938.728516
v 1327.962891 176.646393 -5954.351563
v 1374.832153 169.889099 -6001.220703
v 1312.339722 136.340393 -6001.220703
v 1312.339722 180.649246 -5969.974609
v 1281.093628 199.751999 -6001.220703
v 1343.585938 189.943008 -6001.220703
v 1327.962891 146.406982 -5985.597656
v 1327.962891 146.902390 -5969.974609
v 1406.078369 196.383255 -5907.482422
v 1406.078369 144.980225 -5938.728516
v 1437.324585 198.979172 -5938.728516
v 1406.078369 141.968170 -5969.974609
v 1499.816895 145.871948 -5938.728516
v 1468.570679 133.942642 -5969.974609
v 1499.816895 139.292999 -6001.220703
v 1437.324585 136.201675 -6001.220703
v 1562.309204 133.803925 -5938.728516
v 1624.801636 137.033966 -6001.220703
v 1687.294067 142.721191 -5938.728516
v 1749.786377 143.097687 -6001.220703
v 1812.278687 137.509552 -5938.728516
v 1874.771118 146.684418 -6001.220703
v 1874.771118 193.866608 -5938.728516
v 1937.263550 145.455811 -5938.728516
v 1906.017334 194.124222 -5907.482422
v 1999.755981 141.789825 -6001.220703
v 2062.248047 165.291748 -5938.728516
v 2124.740723 203.318893 -6001.220703
v 2062.248047 139.550613 -6001.220703
v 2249.725098 197.829834 -6001.220703
v 2374.709961 199.573654 -6001.220703
v 2499.694824 196.720123 -6001.220703
v 2624.679688 197.175903 -6001.220703
v 2749.664063 199.177322 -6001.220703
v 2874.648926 193.945877 -6001.220703
v 2999.633789 201.614716 -6001.220703
v 3062.125977 147.734665 -5938.728516
v 3124.618652 146.803314 -6001.220703
v 3062.125977 143.692169 -6001.220703
v 3249.603027 193.311752 -6001.220703
v 3374.587891 178.172241 -6001.220703
v 3499.572754 175.576324 -6001.220703
v 3624.557617 167.114838 -6001.220703
v 3749.541992 167.352631 -6001.220703
v 3874.526855 182.095825 -6001.220703
v 3999.511719 158.197586 -6001.220703
v 0.000000 168.006561 -6126.205566
v 124.984741 162.259888 -6126.205566
v 187.477112 137.628448 -6063.712891
v 249.969482 164.479294 -6126.205566
v 187.477112 124.965935 -6126.205566
v 374.954224 152.767960 -6126.205566
v 499.938965 157.464386 -6126.205566
v 562.431335 129.999237 -6063.712891
v 624.923706 190.240250 -6126.205566
v 624.923706 126.947548 -6063.712891
v 562.431335 132.813126 -6126.205566
v 687.416077 191.330139 -6063.712891
v 656.169922 127.304237 -6032.466797
v 749.908447 189.229630 -6126.205566
v 874.893188 189.110733 -6126.205566
v 999.877930 190.715836 -6126.205566
v 1124.862671 188.674774 -6126.205566
v 1187.355103 187.763245 -6063.712891
v 1249.847412 196.006744 -6126.205566
v 1249.847412 193.569366 -6063.712891
v 1187.355103 194.005325 -6126.205566
v 1281.093628 194.916855 -6032.466797
v 1281.093628 199.751999 -6063.712891
v 1312.339722 132.000656 -6063.712891
v 1281.093628 199.633102 -6094.959473
v 1343.585938 142.562653 -6032.466797
v 1374.832153 137.727524 -6126.205566
v 1374.832153 137.727524 -6063.712891
v 1312.339722 134.061539 -6126.205566
v 1437.324585 133.288712 -6063.712891
v 1499.816895 143.652542 -6126.205566
v 1624.801636 140.799026 -6126.205566
v 1749.786377 139.134460 -6126.205566
v 1874.771118 148.844376 -6126.205566
v 1999.755981 143.533646 -6126.205566
v 2062.248047 155.046814 -6063.712891
v 2124.740723 204.032272 -6126.205566
v 2249.725098 203.160370 -6126.205566
v 2312.217773 200.088867 -6063.712891
v 2374.709961 199.633102 -6126.205566
v 2312.217773 203.774673 -6126.205566
v 2499.694824 193.212677 -6126.205566
v 2624.679688 200.148315 -6126.205566
v 2749.664063 204.091721 -6126.205566
v 2874.648926 192.935242 -6126.205566
v 2937.141602 198.107254 -6063.712891
v 2999.633789 203.774673 -6126.205566
v 2999.633789 200.386108 -6063.712891
v 3030.879883 203.536880 -6032.466797
v 3030.879883 205.201431 -6063.712891
v 3062.125977 141.631302 -6063.712891
v 3030.879883 204.706024 -6094.959473
v 3124.618652 145.079300 -6126.205566
v 3062.125977 140.858475 -6126.205566
v 3249.603027 190.854553 -6126.205566
v 3374.587891 175.477234 -6126.205566
v 3499.572754 189.744858 -6126.205566
v 3624.557617 171.692368 -6126.205566
v 3749.541992 169.254974 -6126.205566
v 3874.526855 159.089310 -6126.205566
v 3999.511719 181.243729 -6126.205566
v 0.000000 144.009232 -6251.189941
v 124.984741 160.654785 -6251.189941
v 187.477112 154.412704 -6188.697754
v 249.969482 154.749573 -6251.189941
v 374.954224 162.695847 -6251.189941
v 499.938965 163.429031 -6251.189941
v 562.431335 139.154282 -6188.697754
v 593.677490 126.590858 -6157.451660
v 624.923706 141.116074 -6251.189941
v 624.923706 168.244354 -6188.697754
v 687.416077 188.952209 -6188.697754
v 749.908447 191.766098 -6251.189941
v 687.416077 189.090912 -6251.189941
v 812.400818 189.705215 -6188.697754
v 874.893188 193.331573 -6251.189941
v 874.893188 194.500717 -6188.697754
v 937.385620 194.718704 -6188.697754
v 906.139404 195.055573 -6219.943848
v 999.877930 194.461090 -6251.189941
v 937.385620 170.007996 -6251.189941
v 906.139404 147.675217 -6251.189941
v 1124.862671 191.567932 -6251.189941
v 1187.355103 197.374054 -6188.697754
v 1218.601196 199.375488 -6157.451660
v 1218.601196 177.141800 -6219.943848
v 1249.847412 135.468491 -6188.697754
v 1218.601196 200.267212 -6188.697754
v 1249.847412 138.738144 -6251.189941
v 1249.847412 200.247391 -6157.451660
v 1187.355103 197.076813 -6251.189941
v 1312.339722 140.323441 -6188.697754
v 1281.093628 141.987991 -6157.451660
v 1374.832153 153.818222 -6251.189941
v 1437.324585 141.135895 -6188.697754
v 1499.816895 141.175522 -6251.189941
v 1437.324585 189.209808 -6251.189941
v 1624.801636 139.253357 -6251.189941
v 1749.786377 144.187576 -6251.189941
v 1874.771118 170.067444 -6251.189941
v 1999.755981 151.697891 -6251.189941
v 2062.248047 143.137329 -6188.697754
v 2124.740723 155.562042 -6251.189941
v 2124.740723 142.007813 -6188.697754
v 2187.232910 143.870529 -6188.697754
v 2249.725098 143.375122 -6251.189941
v 2249.725098 139.927109 -6188.697754
v 2312.217773 152.787781 -6188.697754
v 2280.971680 139.570419 -6157.451660
v 2374.709961 200.623901 -6251.189941
v 2499.694824 203.398163 -6251.189941
v 2562.187012 196.541779 -6188.697754
v 2624.679688 201.436371 -6188.697754
v 2593.433594 203.893570 -6219.943848
v 2624.679688 136.498917 -6251.189941
v 2624.679688 203.417984 -6219.943848
v 2562.187012 164.340576 -6251.189941
v 2687.171875 201.178757 -6188.697754
v 2655.925781 192.994690 -6219.943848
v 2749.664063 193.965683 -6251.189941
v 2687.171875 203.655777 -6251.189941
v 2874.648926 201.892136 -6251.189941
v 2937.141602 199.950150 -6188.697754
v 2999.633789 143.375122 -6251.189941
v 2937.141602 204.904190 -6251.189941
v 3062.125977 144.128128 -6188.697754
v 3124.618652 147.675217 -6251.189941
v 3249.603027 165.925873 -6251.189941
v 3374.587891 177.141800 -6251.189941
v 3499.572754 179.480103 -6251.189941
v 3624.557617 169.076630 -6251.189941
v 3749.541992 169.908905 -6251.189941
v 3874.526855 183.958542 -6251.189941
v 3999.511719 181.263550 -6251.189941
v 0.000000 161.447418 -6376.174805
v 124.984741 139.986557 -6376.174805
v 249.969482 158.197586 -6376.174805
v 374.954224 154.908096 -6376.174805
v 499.938965 172.366104 -6376.174805
v 562.431335 134.002090 -6313.682617
v 624.923706 129.206589 -6376.174805
v 624.923706 128.869720 -6313.682617
v 687.416077 164.736908 -6313.682617
v 656.169922 190.577133 -6282.436523
v 749.908447 126.174721 -6376.174805
v 812.400818 192.182236 -6313.682617
v 874.893188 192.301132 -6376.174805
v 874.893188 192.855988 -6313.682617
v 937.385620 189.269272 -6313.682617
v 906.139404 194.223297 -6282.436523
v 999.877930 189.289078 -6376.174805
v 1124.862671 198.305420 -6376.174805
v 1187.355103 199.355667 -6313.682617
v 1249.847412 140.581039 -6313.682617
v 1218.601196 137.232117 -6344.928711
v 1249.847412 149.438858 -6376.174805
v 1187.355103 140.799026 -6376.174805
v 1312.339722 197.909088 -6313.682617
v 1374.832153 199.157516 -6376.174805
v 1312.339722 197.274979 -6376.174805
v 1437.324585 198.364868 -6313.682617
v 1499.816895 139.332626 -6376.174805
v 1624.801636 166.262741 -6376.174805
v 1749.786377 169.314423 -6376.174805
v 1874.771118 151.400650 -6376.174805
v 1999.755981 170.741180 -6376.174805
v 2124.740723 173.099304 -6376.174805
v 2249.725098 140.145096 -6376.174805
v 2312.217773 203.834122 -6313.682617
v 2374.709961 203.219818 -6376.174805
v 2437.202637 197.889282 -6313.682617
v 2499.694824 146.823120 -6376.174805
v 2437.202637 150.310760 -6376.174805
v 2562.187012 139.471344 -6313.682617
v 2624.679688 153.402084 -6376.174805
v 2687.171875 188.298279 -6313.682617
v 2749.664063 143.910156 -6376.174805
v 2749.664063 202.466797 -6313.682617
v 2812.156738 201.357101 -6313.682617
v 2780.910645 147.576141 -6344.928711
v 2874.648926 205.538300 -6313.682617
v 2843.402832 141.254791 -6344.928711
v 2874.648926 145.733231 -6376.174805
v 2812.156738 145.297287 -6376.174805
v 2812.156738 139.253357 -6344.928711
v 2937.141602 139.966751 -6313.682617
v 2905.895020 204.963638 -6282.436523
v 2999.633789 166.579803 -6376.174805
v 3124.618652 147.635590 -6376.174805
v 3249.603027 156.057434 -6376.174805
v 3374.587891 184.652100 -6376.174805
v 3499.572754 175.873566 -6376.174805
v 3624.557617 186.277023 -6376.174805
v 3749.541992 171.177139 -6376.174805
v 3874.526855 181.600418 -6376.174805
v 3999.511719 180.946487 -6376.174805
v 0.000000 162.279709 -6501.159668
v 124.984741 124.252556 -6501.159668
v 249.969482 139.590240 -6501.159668
v 374.954224 160.179199 -6501.159668
v 499.938965 167.867844 -6501.159668
v 624.923706 142.582474 -6501.159668
v 749.908447 125.065018 -6501.159668
v 874.893188 187.783051 -6501.159668
v 999.877930 190.061905 -6501.159668
v 1062.370239 193.886429 -6438.667480
v 1124.862671 195.115021 -6501.159668
v 1124.862671 194.124222 -6438.667480
v 1187.355103 151.380829 -6438.667480
v 1156.108887 137.133041 -6407.420898
v 1218.601196 134.556946 -6407.420898
v 1249.847412 191.587753 -6501.159668
v 1249.847412 194.183670 -6438.667480
v 1249.847412 138.599426 -6407.420898
v 1312.339722 195.511337 -6438.667480
v 1281.093628 137.529358 -6407.420898
v 1343.585938 191.865173 -6407.420898
v 1312.339722 155.581848 -6407.420898
v 1374.832153 192.935242 -6501.159668
v 1374.832153 194.441269 -6438.667480
v 1437.324585 137.489731 -6438.667480
v 1406.078369 198.622482 -6469.913574
v 1499.816895 141.274612 -6501.159668
v 1437.324585 197.631668 -6501.159668
v 1624.801636 135.627014 -6501.159668
v 1749.786377 140.462143 -6501.159668
v 1874.771118 140.878281 -6501.159668
v 1999.755981 167.332809 -6501.159668
v 2124.740723 157.761627 -6501.159668
v 2249.725098 143.375122 -6501.159668
v 2312.217773 136.697083 -6438.667480
v 2374.709961 143.157135 -6501.159668
v 2374.709961 141.116074 -6438.667480
v 2437.202637 144.247025 -6438.667480
v 2405.956055 137.331207 -6407.420898
v 2499.694824 170.285416 -6501.159668
v 2624.679688 191.052719 -6501.159668
v 2749.664063 176.586945 -6501.159668
v 2812.156738 157.048248 -6438.667480
v 2874.648926 178.608185 -6501.159668
v 2999.633789 193.450470 -6501.159668
v 3124.618652 176.765289 -6501.159668
v 3249.603027 163.369583 -6501.159668
v 3374.587891 191.369766 -6501.159668
v 3499.572754 187.446182 -6501.159668
v 3624.557617 183.502777 -6501.159668
v 3749.541992 183.324432 -6501.159668
v 3874.526855 170.840271 -6501.159668
v 3999.511719 167.748947 -6501.159668
v 0.000000 131.723236 -6626.144531
v 62.492371 164.598190 -6563.651855
v 124.984741 152.649063 -6626.144531
v 249.969482 170.146698 -6626.144531
v 374.954224 130.593719 -6626.144531
v 499.938965 159.862137 -6626.144531
v 624.923706 154.095642 -6626.144531
v 687.416077 130.038864 -6563.651855
v 749.908447 189.824112 -6626.144531
v 687.416077 129.127319 -6626.144531
v 874.893188 190.696030 -6626.144531
v 999.877930 190.279892 -6626.144531
v 1124.862671 190.636581 -6626.144531
v 1249.847412 195.689682 -6626.144531
v 1374.832153 189.804306 -6626.144531
v 1437.324585 191.389587 -6563.651855
v 1499.816895 196.957916 -6626.144531
v 1562.309204 198.622482 -6563.651855
v 1624.801636 187.366913 -6626.144531
v 1624.801636 197.810013 -6563.651855
v 1687.294067 196.145462 -6563.651855
v 1749.786377 193.688263 -6626.144531
v 1749.786377 200.584274 -6563.651855
v 1812.278687 139.748764 -6563.651855
v 1874.771118 200.326660 -6626.144531
v 1874.771118 138.738144 -6563.651855
v 1937.263550 142.443756 -6563.651855
v 1906.017334 135.884628 -6594.898438
v 1999.755981 142.463577 -6626.144531
v 1937.263550 138.559799 -6626.144531
v 2124.740723 155.423325 -6626.144531
v 2249.725098 178.509109 -6626.144531
v 2374.709961 173.277649 -6626.144531
v 2499.694824 179.361206 -6626.144531
v 2624.679688 187.446182 -6626.144531
v 2749.664063 162.378784 -6626.144531
v 2874.648926 193.410828 -6626.144531
v 2999.633789 190.696030 -6626.144531
v 3124.618652 189.665588 -6626.144531
v 3249.603027 178.211868 -6626.144531
v 3374.587891 192.756897 -6626.144531
v 3499.572754 183.284790 -6626.144531
v 3624.557617 184.870087 -6626.144531
v 3749.541992 162.061722 -6626.144531
v 3874.526855 177.003082 -6626.144531
v 3999.511719 170.642105 -6626.144531
v 0.000000 149.954071 -6751.128906
v 124.984741 166.896866 -6751.128906
v 249.969482 167.253555 -6751.128906
v 374.954224 166.540176 -6751.128906
v 499.938965 159.029861 -6751.128906
v 624.923706 156.275421 -6751.128906
v 687.416077 127.324059 -6688.636719
v 749.908447 177.756088 -6751.128906
v 687.416077 128.968796 -6751.128906
v 812.400818 188.020844 -6688.636719
v 874.893188 186.237396 -6751.128906
v 812.400818 187.307465 -6751.128906
v 999.877930 186.376114 -6751.128906
v 1124.862671 188.318085 -6751.128906
v 1249.847412 207.579361 -6751.128906
v 1374.832153 191.508484 -6751.128906
v 1499.816895 193.608994 -6751.128906
v 1624.801636 192.677643 -6751.128906
v 1749.786377 196.026566 -6751.128906
v 1812.278687 194.619614 -6688.636719
v 1874.771118 202.050659 -6751.128906
v 1874.771118 198.186523 -6688.636719
v 1812.278687 198.880081 -6751.128906
v 1937.263550 157.801254 -6688.636719
v 1906.017334 201.971405 -6719.882813
v 1999.755981 144.048874 -6688.636719
v 1968.509644 137.707703 -6719.882813
v 1999.755981 142.523026 -6751.128906
v 1937.263550 142.641922 -6751.128906
v 1937.263550 191.131973 -6719.882813
v 2062.248047 149.458664 -6688.636719
v 2124.740723 156.552841 -6751.128906
v 2249.725098 163.765915 -6751.128906
v 2374.709961 187.406555 -6751.128906
v 2499.694824 190.160995 -6751.128906
v 2624.679688 175.397980 -6751.128906
v 2749.664063 151.618622 -6751.128906
v 2874.648926 166.936493 -6751.128906
v 2999.633789 190.398788 -6751.128906
v 3124.618652 180.966309 -6751.128906
v 3249.603027 169.552216 -6751.128906
v 3374.587891 174.882751 -6751.128906
v 3499.572754 190.458237 -6751.128906
v 3624.557617 185.405121 -6751.128906
v 3749.541992 169.195526 -6751.128906
v 3874.526855 163.230881 -6751.128906
v 3999.511719 174.426987 -6751.128906
v 0.000000 124.946121 -6876.113770
v 124.984741 152.530167 -6876.113770
v 249.969482 168.204727 -6876.113770
v 374.954224 159.525253 -6876.113770
v 499.938965 164.439667 -6876.113770
v 624.923706 157.008606 -6876.113770
v 687.416077 128.790451 -6813.621582
v 749.908447 127.224976 -6876.113770
v 749.908447 122.984329 -6813.621582
v 781.154663 189.804306 -6782.375488
v 781.154663 188.952209 -6813.621582
v 812.400818 186.296844 -6813.621582
v 781.154663 190.478043 -6844.867676
v 874.893188 184.988983 -6876.113770
v 812.400818 187.743423 -6876.113770
v 999.877930 188.694595 -6876.113770
v 1124.862671 194.976303 -6876.113770
v 1249.847412 186.891327 -6876.113770
v 1374.832153 211.463318 -6876.113770
v 1499.816895 196.363434 -6876.113770
v 1624.801636 192.816345 -6876.113770
v 1749.786377 194.817780 -6876.113770
v 1812.278687 201.396729 -6813.621582
v 1843.524902 167.689499 -6782.375488
v 1874.771118 179.341385 -6876.113770
v 1874.771118 141.869095 -6813.621582
v 1937.263550 141.849274 -6813.621582
v 1999.755981 143.276031 -6876.113770
v 1937.263550 137.014145 -6876.113770
v 2124.740723 144.167770 -6876.113770
v 2249.725098 154.056015 -6876.113770
v 2374.709961 175.437607 -6876.113770
v 2499.694824 176.289703 -6876.113770
v 2624.679688 164.201859 -6876.113770
v 2749.664063 150.191864 -6876.113770
v 2812.156738 147.001465 -6813.621582
v 2874.648926 148.666031 -6876.113770
v 2812.156738 140.937729 -6876.113770
v 2999.633789 192.459656 -6876.113770
v 3124.618652 182.531784 -6876.113770
v 3249.603027 190.696030 -6876.113770
v 3374.587891 181.699509 -6876.113770
v 3499.572754 174.288269 -6876.113770
v 3624.557617 167.015762 -6876.113770
v 3749.541992 167.194107 -6876.113770
v 3874.526855 180.352005 -6876.113770
v 3999.511719 168.145279 -6876.113770
v 0.000000 149.537933 -7001.098633
v 124.984741 162.537308 -7001.098633
v 249.969482 162.418411 -7001.098633
v 312.461853 134.081360 -6938.606445
v 374.954224 162.834549 -7001.098633
v 312.461853 127.145714 -7001.098633
v 499.938965 173.614532 -7001.098633
v 624.923706 149.736099 -7001.098633
v 749.908447 162.061722 -7001.098633
v 812.400818 186.415741 -6938.606445
v 874.893188 192.202057 -7001.098633
v 999.877930 185.860886 -7001.098633
v 1124.862671 210.829208 -7001.098633
v 1249.847412 210.789581 -7001.098633
v 1374.832153 213.444931 -7001.098633
v 1499.816895 191.567932 -7001.098633
v 1624.801636 198.662109 -7001.098633
v 1749.786377 201.139130 -7001.098633
v 1874.771118 195.352814 -7001.098633
v 1937.263550 202.526245 -6938.606445
v 1968.509644 139.055206 -6907.359863
v 1999.755981 200.405930 -7001.098633
v 1999.755981 174.962021 -6938.606445
v 2062.248047 204.983444 -6938.606445
v 2124.740723 199.672729 -7001.098633
v 2249.725098 205.320328 -7001.098633
v 2312.217773 146.089920 -6938.606445
v 2374.709961 144.484818 -7001.098633
v 2499.694824 161.150177 -7001.098633
v 2624.679688 148.210251 -7001.098633
v 2687.171875 142.087067 -6938.606445
v 2749.664063 144.088501 -7001.098633
v 2749.664063 207.519913 -6938.606445
v 2812.156738 205.994080 -6938.606445
v 2780.910645 208.272934 -6969.852539
v 2843.402832 143.414749 -6907.359863
v 2843.402832 142.958984 -6969.852539
v 2874.648926 145.336914 -6938.606445
v 2843.402832 142.245605 -6938.606445
v 2874.648926 150.072968 -7001.098633
v 2812.156738 149.002899 -7001.098633
v 2937.141602 154.095642 -6938.606445
v 2999.633789 152.926498 -7001.098633
v 3062.125977 152.292374 -6938.606445
v 3124.618652 156.235779 -7001.098633
v 3062.125977 143.533646 -7001.098633
v 3249.603027 194.679062 -7001.098633
v 3374.587891 183.066818 -7001.098633
v 3499.572754 170.047623 -7001.098633
v 3624.557617 139.114655 -7001.098633
v 3749.541992 131.743057 -7001.098633
v 3874.526855 141.274612 -7001.098633
v 3999.511719 141.928543 -7001.098633
v 0.000000 151.975311 -7126.083496
v 124.984741 164.697266 -7126.083496
v 249.969482 143.038239 -7126.083496
v 312.461853 156.671738 -7063.590820
v 374.954224 157.464386 -7126.083496
v 499.938965 164.974701 -7126.083496
v 624.923706 130.197388 -7126.083496
v 687.416077 127.581665 -7063.590820
v 749.908447 189.883560 -7063.590820
v 718.662231 190.894180 -7094.837402
v 749.908447 186.118500 -7126.083496
v 687.416077 174.565704 -7126.083496
v 812.400818 187.446182 -7063.590820
v 874.893188 189.447617 -7126.083496
v 999.877930 199.316040 -7126.083496
v 1124.862671 206.192230 -7126.083496
v 1249.847412 184.810638 -7126.083496
v 1374.832153 185.900528 -7126.083496
v 1437.324585 214.633911 -7063.590820
v 1499.816895 171.533829 -7126.083496
v 1499.816895 216.239014 -7063.590820
v 1437.324585 161.566315 -7126.083496
v 1562.309204 193.470276 -7063.590820
v 1624.801636 194.659256 -7126.083496
v 1749.786377 207.936050 -7126.083496
v 1874.771118 199.613281 -7126.083496
v 1999.755981 198.959351 -7126.083496
v 2124.740723 195.392441 -7126.083496
v 2249.725098 202.189377 -7126.083496
v 2312.217773 207.936050 -7063.590820
v 2374.709961 144.920776 -7126.083496
v 2312.217773 207.341568 -7126.083496
v 2499.694824 178.092972 -7126.083496
v 2624.679688 151.341202 -7126.083496
v 2687.171875 147.893188 -7063.590820
v 2749.664063 210.571594 -7126.083496
v 2687.171875 146.189011 -7126.083496
v 2812.156738 150.786346 -7063.590820
v 2874.648926 211.166077 -7126.083496
v 2937.141602 182.313797 -7063.590820
v 2999.633789 207.202850 -7126.083496
v 2999.633789 211.384064 -7063.590820
v 3062.125977 184.850266 -7063.590820
v 3030.879883 208.708878 -7032.344727
v 3124.618652 161.169998 -7126.083496
v 3249.603027 181.600418 -7126.083496
v 3374.587891 189.368347 -7126.083496
v 3499.572754 191.785919 -7126.083496
v 3624.557617 142.503204 -7126.083496
v 3749.541992 139.154282 -7126.083496
v 3874.526855 141.809647 -7126.083496
v 3999.511719 133.724670 -7126.083496
v 0.000000 135.726089 -7251.067871
v 124.984741 167.114838 -7251.067871
v 249.969482 138.559799 -7251.067871
v 374.954224 161.427612 -7251.067871
v 499.938965 158.851517 -7251.067871
v 624.923706 133.348160 -7251.067871
v 687.416077 145.317093 -7188.575684
v 749.908447 193.291931 -7251.067871
v 874.893188 189.229630 -7251.067871
v 999.877930 198.840454 -7251.067871
v 1124.862671 195.848221 -7251.067871
v 1249.847412 211.582214 -7251.067871
v 1312.339722 187.010223 -7188.575684
v 1374.832153 157.920151 -7251.067871
v 1374.832153 153.203918 -7188.575684
v 1437.324585 189.071106 -7188.575684
v 1406.078369 151.618622 -7157.329590
v 1499.816895 146.724045 -7251.067871
v 1437.324585 190.874374 -7251.067871
v 1562.309204 174.565704 -7188.575684
v 1624.801636 176.983261 -7188.575684
v 1593.555420 146.922211 -7219.821777
v 1624.801636 185.504196 -7251.067871
v 1562.309204 168.541595 -7251.067871
v 1593.555420 141.552032 -7251.067871
v 1687.294067 186.851700 -7188.575684
v 1749.786377 211.780380 -7251.067871
v 1874.771118 200.544632 -7251.067871
v 1999.755981 207.242493 -7251.067871
v 2124.740723 202.070480 -7251.067871
v 2249.725098 202.110107 -7251.067871
v 2312.217773 205.657196 -7188.575684
v 2374.709961 210.948105 -7251.067871
v 2437.202637 157.226593 -7188.575684
v 2499.694824 153.679504 -7251.067871
v 2437.202637 176.230255 -7251.067871
v 2624.679688 169.472961 -7251.067871
v 2687.171875 145.535080 -7188.575684
v 2749.664063 151.440277 -7251.067871
v 2874.648926 150.944885 -7251.067871
v 2999.633789 153.243546 -7251.067871
v 3124.618652 169.591858 -7251.067871
v 3249.603027 198.127075 -7251.067871
v 3374.587891 187.783051 -7251.067871
v 3499.572754 178.449661 -7251.067871
v 3624.557617 158.039047 -7251.067871
v 3749.541992 140.481964 -7251.067871
v 3874.526855 136.934875 -7251.067871
v 3999.511719 132.654602 -7251.067871
v 0.000000 132.575333 -7376.052734
v 124.984741 154.036194 -7376.052734
v 249.969482 170.186340 -7376.052734
v 374.954224 173.376740 -7376.052734
v 499.938965 136.498917 -7376.052734
v 624.923706 132.694229 -7376.052734
v 687.416077 128.790451 -7313.560547
v 749.908447 194.996124 -7313.560547
v 718.662231 192.677643 -7344.806641
v 749.908447 194.540359 -7376.052734
v 687.416077 131.762863 -7376.052734
v 718.662231 196.422882 -7376.052734
v 812.400818 190.557312 -7313.560547
v 874.893188 194.203476 -7376.052734
v 999.877930 203.219818 -7376.052734
v 1124.862671 201.436371 -7376.052734
v 1249.847412 200.544632 -7376.052734
v 1374.832153 187.584900 -7376.052734
v 1437.324585 188.139740 -7313.560547
v 1499.816895 154.670303 -7376.052734
v 1499.816895 189.051285 -7313.560547
v 1562.309204 160.892578 -7313.560547
v 1593.555420 158.633530 -7282.314453
v 1624.801636 193.410828 -7376.052734
v 1624.801636 189.526871 -7313.560547
v 1687.294067 198.998978 -7313.560547
v 1749.786377 216.120117 -7376.052734
v 1874.771118 204.448410 -7376.052734
v 1999.755981 208.471085 -7376.052734
v 2062.248047 205.320328 -7313.560547
v 2124.740723 200.128494 -7376.052734
v 2062.248047 208.669250 -7376.052734
v 2249.725098 206.112976 -7376.052734
v 2374.709961 208.411636 -7376.052734
v 2437.202637 213.484573 -7313.560547
v 2468.448730 147.913010 -7282.314453
v 2499.694824 213.444931 -7376.052734
v 2499.694824 149.518112 -7313.560547
v 2562.187012 163.647018 -7313.560547
v 2530.940918 152.926498 -7344.806641
v 2624.679688 164.796356 -7376.052734
v 2562.187012 157.504013 -7376.052734
v 2749.664063 189.209808 -7376.052734
v 2874.648926 185.444748 -7376.052734
v 2999.633789 186.039230 -7376.052734
v 3124.618652 186.812057 -7376.052734
v 3249.603027 184.354858 -7376.052734
v 3374.587891 188.100113 -7376.052734
v 3499.572754 186.118500 -7376.052734
v 3624.557617 167.114838 -7376.052734
v 3749.541992 142.344681 -7376.052734
v 3874.526855 167.530975 -7376.052734
v 3999.511719 156.136703 -7376.052734
v 0.000000 141.710571 -7501.037598
v 124.984741 136.934875 -7501.037598
v 249.969482 169.076630 -7501.037598
v 374.954224 163.111984 -7501.037598
v 499.938965 161.427612 -7501.037598
v 624.923706 139.134460 -7501.037598
v 687.416077 130.772064 -7438.545410
v 718.662231 186.574265 -7407.298828
v 749.908447 172.821884 -7501.037598
v 749.908447 165.014328 -7438.545410
v 812.400818 195.828400 -7438.545410
v 874.893188 200.643723 -7501.037598
v 812.400818 199.593460 -7501.037598
v 937.385620 197.116455 -7438.545410
v 999.877930 205.340149 -7501.037598
v 937.385620 201.277832 -7501.037598
v 1124.862671 202.803680 -7501.037598
v 1249.847412 201.198578 -7501.037598
v 1374.832153 206.152603 -7501.037598
v 1499.816895 210.234726 -7501.037598
v 1624.801636 224.522156 -7501.037598
v 1687.294067 182.293991 -7438.545410
v 1749.786377 208.411636 -7501.037598
v 1812.278687 205.221252 -7438.545410
v 1874.771118 202.843307 -7501.037598
v 1874.771118 205.300507 -7438.545410
v 1937.263550 144.900955 -7438.545410
v 1906.017334 208.689072 -7469.791504
v 1999.755981 151.301575 -7501.037598
v 1999.755981 145.852127 -7438.545410
v 1937.263550 173.317276 -7501.037598
v 2062.248047 151.123230 -7438.545410
v 2093.494629 211.245346 -7407.298828
v 2124.740723 150.964691 -7501.037598
v 2124.740723 151.420471 -7438.545410
v 2187.232910 211.265167 -7438.545410
v 2249.725098 212.791000 -7501.037598
v 2312.217773 210.432892 -7438.545410
v 2374.709961 211.106628 -7501.037598
v 2312.217773 214.594269 -7501.037598
v 2499.694824 213.861069 -7501.037598
v 2562.187012 168.006561 -7438.545410
v 2624.679688 162.418411 -7501.037598
v 2749.664063 177.597565 -7501.037598
v 2874.648926 202.328094 -7501.037598
v 2999.633789 200.623901 -7501.037598
v 3124.618652 195.273544 -7501.037598
v 3249.603027 183.423508 -7501.037598
v 3374.587891 171.296036 -7501.037598
v 3499.572754 162.953445 -7501.037598
v 3624.557617 187.386734 -7501.037598
v 3749.541992 182.928101 -7501.037598
v 3874.526855 180.371826 -7501.037598
v 3999.511719 164.875610 -7501.037598
v 0.000000 136.380020 -7626.022461
v 124.984741 140.917923 -7626.022461
v 249.969482 182.591232 -7626.022461
v 374.954224 171.276230 -7626.022461
v 499.938965 183.482956 -7626.022461
v 624.923706 176.190628 -7626.022461
v 687.416077 165.549362 -7563.529785
v 749.908447 153.322815 -7626.022461
v 749.908447 141.373688 -7563.529785
v 812.400818 202.229004 -7563.529785
v 781.154663 142.701370 -7532.283691
v 781.154663 142.344681 -7594.776367
v 874.893188 139.689316 -7626.022461
v 874.893188 203.774673 -7563.529785
v 812.400818 144.167770 -7626.022461
v 937.385620 143.097687 -7563.529785
v 906.139404 203.398163 -7532.283691
v 968.631714 192.717270 -7532.283691
v 937.385620 205.379776 -7532.283691
v 999.877930 145.772873 -7626.022461
v 999.877930 197.909088 -7563.529785
v 1062.370239 206.766907 -7563.529785
v 1124.862671 207.737900 -7626.022461
v 1249.847412 206.390396 -7626.022461
v 1374.832153 204.805099 -7626.022461
v 1499.816895 207.500107 -7626.022461
v 1624.801636 208.550354 -7626.022461
v 1749.786377 207.559555 -7626.022461
v 1874.771118 166.223114 -7626.022461
v 1937.263550 152.589615 -7563.529785
v 1999.755981 182.333618 -7626.022461
v 2124.740723 168.224533 -7626.022461
v 2187.232910 154.095642 -7563.529785
v 2249.725098 154.967545 -7626.022461
v 2249.725098 150.885437 -7563.529785
v 2312.217773 212.870270 -7563.529785
v 2280.971680 161.823929 -7532.283691
v 2374.709961 182.115646 -7626.022461
v 2437.202637 218.141357 -7563.529785
v 2499.694824 220.776901 -7626.022461
v 2437.202637 219.706833 -7626.022461
v 2562.187012 221.054337 -7563.529785
v 2624.679688 158.871323 -7563.529785
v 2593.433594 197.671295 -7594.776367
v 2624.679688 184.790817 -7626.022461
v 2562.187012 215.149124 -7626.022461
v 2593.433594 164.875610 -7626.022461
v 2687.171875 166.659073 -7563.529785
v 2749.664063 190.775284 -7626.022461
v 2874.648926 209.560974 -7626.022461
v 2999.633789 194.104401 -7626.022461
v 3124.618652 173.773056 -7626.022461
v 3249.603027 179.698074 -7626.022461
v 3374.587891 160.932205 -7626.022461
v 3499.572754 190.596939 -7626.022461
v 3562.064941 153.520981 -7563.529785
v 3624.557617 188.872940 -7626.022461
v 3749.541992 166.857224 -7626.022461
v 3874.526855 169.790009 -7626.022461
v 3999.511719 135.488297 -7626.022461
v 0.000000 139.530792 -7751.006836
v 124.984741 148.408417 -7751.006836
v 249.969482 155.344055 -7751.006836
v 374.954224 182.412888 -7751.006836
v 499.938965 166.540176 -7751.006836
v 624.923706 173.218201 -7751.006836
v 749.908447 184.097260 -7751.006836
v 812.400818 155.145889 -7688.514648
v 874.893188 175.675400 -7751.006836
v 999.877930 177.300323 -7751.006836
v 1062.370239 149.339767 -7688.514648
v 1124.862671 183.007370 -7751.006836
v 1124.862671 151.261932 -7688.514648
v 1187.355103 150.806168 -7688.514648
v 1249.847412 181.263550 -7751.006836
v 1249.847412 148.408417 -7688.514648
v 1312.339722 178.310944 -7688.514648
v 1374.832153 166.500534 -7751.006836
v 1499.816895 214.257401 -7751.006836
v 1624.801636 155.997986 -7751.006836
v 1687.294067 214.931152 -7688.514648
v 1749.786377 196.938110 -7688.514648
v 1718.540161 152.549988 -7719.760742
v 1749.786377 161.308716 -7751.006836
v 1687.294067 156.414124 -7751.006836
v 1812.278687 155.997986 -7688.514648
v 1874.771118 169.770203 -7751.006836
v 1999.755981 197.255157 -7751.006836
v 2124.740723 190.418594 -7751.006836
v 2249.725098 205.558121 -7751.006836
v 2312.217773 163.924438 -7688.514648
v 2374.709961 166.678879 -7751.006836
v 2374.709961 156.909531 -7688.514648
v 2437.202637 167.114838 -7688.514648
v 2405.956055 211.978546 -7657.268555
v 2499.694824 169.195526 -7751.006836
v 2562.187012 162.715652 -7688.514648
v 2593.433594 160.535889 -7657.268555
v 2624.679688 185.206955 -7751.006836
v 2624.679688 166.599625 -7688.514648
v 2687.171875 166.599625 -7688.514648
v 2749.664063 196.957916 -7751.006836
v 2874.648926 202.030853 -7751.006836
v 2999.633789 177.300323 -7751.006836
v 3124.618652 188.100113 -7751.006836
v 3249.603027 200.980591 -7751.006836
v 3374.587891 203.893570 -7751.006836
v 3499.572754 179.836792 -7751.006836
v 3624.557617 181.640060 -7751.006836
v 3749.541992 185.147507 -7751.006836
v 3874.526855 180.906860 -7751.006836
v 3999.511719 178.410034 -7751.006836
v 0.000000 183.403687 -7875.991699
v 0.000000 198.642288 -7813.499512
v 62.492371 152.332001 -7813.499512
v 31.246185 197.909088 -7844.745605
v 124.984741 156.037628 -7875.991699
v 62.492371 160.099930 -7875.991699
v 31.246185 209.600601 -7875.991699
v 249.969482 154.155090 -7875.991699
v 374.954224 190.517685 -7875.991699
v 499.938965 179.539551 -7875.991699
v 624.923706 161.744659 -7875.991699
v 749.908447 184.870087 -7875.991699
v 874.893188 188.337906 -7875.991699
v 999.877930 193.985504 -7875.991699
v 1124.862671 191.944443 -7875.991699
v 1249.847412 193.787338 -7875.991699
v 1374.832153 184.493576 -7875.991699
v 1437.324585 151.400650 -7813.499512
v 1499.816895 157.603104 -7875.991699
v 1624.801636 165.450287 -7875.991699
v 1687.294067 177.003082 -7813.499512
v 1749.786377 187.030045 -7875.991699
v 1874.771118 206.568741 -7875.991699
v 1999.755981 202.347900 -7875.991699
v 2124.740723 176.686020 -7875.991699
v 2249.725098 207.757706 -7875.991699
v 2374.709961 212.077621 -7875.991699
v 2499.694824 216.001221 -7875.991699
v 2624.679688 198.384689 -7875.991699
v 2749.664063 199.335861 -7875.991699
v 2874.648926 203.021652 -7875.991699
v 2999.633789 190.160995 -7875.991699
v 3124.618652 180.252930 -7875.991699
v 3249.603027 210.571594 -7875.991699
v 3374.587891 208.708878 -7875.991699
v 3499.572754 201.971405 -7875.991699
v 3624.557617 190.121353 -7875.991699
v 3749.541992 186.514816 -7875.991699
v 3874.526855 171.969788 -7875.991699
v 3999.511719 178.707275 -7875.991699
v 0.000000 187.049866 -7999.023438
v 0.000000 210.284271 -7937.507813
v 62.492371 213.038696 -7937.507813
v 31.246185 211.052139 -7906.750000
v 93.738556 152.079346 -7906.750000
v 124.984741 153.124649 -7999.023438
v 124.984741 148.923630 -7937.507813
v 62.492371 209.442078 -7999.023438
v 187.477112 157.434662 -7937.507813
v 249.969482 155.086441 -7999.023438
v 374.954224 169.591858 -7999.023438
v 499.938965 190.141174 -7999.023438
v 624.923706 192.816345 -7999.023438
v 749.908447 164.003708 -7999.023438
v 874.893188 184.097260 -7999.023438
v 999.877930 187.228210 -7999.023438
v 1124.862671 189.784485 -7999.023438
v 1249.847412 195.828400 -7999.023438
v 1374.832153 192.717270 -7999.023438
v 1499.816895 189.943008 -7999.023438
v 1624.801636 197.215530 -7999.023438
v 1749.786377 203.140549 -7999.023438
v 1874.771118 199.771805 -7999.023438
v 1999.755981 177.716461 -7999.023438
v 2124.740723 218.458420 -7999.023438
v 2249.725098 206.687637 -7999.023438
v 2374.709961 215.842682 -7999.023438
v 2499.694824 210.730133 -7999.023438
v 2624.679688 210.135651 -7999.023438
v 2749.664063 213.544022 -7999.023438
v 2874.648926 203.120743 -7999.023438
v 2999.633789 168.501968 -7999.023438
v 3124.618652 183.126266 -7999.023438
v 3249.603027 194.381821 -7999.023438
v 3374.587891 206.132782 -7999.023438
v 3499.572754 201.634521 -7999.023438
v 3624.557617 182.710129 -7999.023438
v 3749.541992 198.424316 -7999.023438
v 3874.526855 145.237839 -7999.023438
v 3999.511719 166.777969 -7999.023438
vn 0.022 0.995 0.102
vn 0.059 0.992 0.114
vn -0.011 0.994 -0.112
vn -0.008 1.000 -0.030
vn -0.017 1.000 -0.017
vn -0.052 0.999 -0.010
vn -0.000 0.998 0.058
vn 0.066 0.992 0.111
vn 0.060 0.989 0.133
vn -0.060 0.989 0.132
vn 0.056 0.995 0.082
vn -0.068 0.997 -0.046
vn -0.327 0.910 -0.255
vn -0.044 0.987 -0.153
vn -0.056 0.998 0.038
vn -0.077 0.987 0.144
vn 0.552 0.833 -0.046
vn 0.385 0.847 0.367
vn -0.146 0.977 -0.154
vn 0.049 0.999 0.020
vn 0.029 0.999 0.013
vn 0.162 0.987 -0.007
vn -0.238 0.971 0.020
vn -0.036 0.999 -0.019
vn -0.056 0.997 0.043
vn 0.089 0.994 -0.061
vn -0.024 0.999 -0.032
vn 0.019 0.998 0.054
vn 0.069 0.997 0.043
vn 0.017 1.000 0.021
vn 0.010 0.999 0.034
vn -0.035 0.999 0.037
vn 0.049 0.999 0.018
vn -0.080 0.991 0.108
vn 0.026 0.998 0.053
vn -0.035 0.994 0.104
vn 0.083 0.964 0.251
vn 0.168 0.980 0.109
vn -0.055 0.913 0.403
vn 0.123 0.985 0.122
vn -0.254 0.966 -0.041
vn 0.043 0.995 0.092
vn 0.322 0.920 0.225
vn 0.120 0.988 0.096
vn 0.053 0.981 0.186
vn 0.433 0.886 0.165
vn -0.131 0.980 -0.152
vn -0.002 0.994 0.108
vn -0.078 0.985 0.155
vn -0.074 0.989 0.132
vn -0.012 0.999 0.046
vn 0.065 0.998 0.017
vn 0.008 0.999 0.038
vn 0.086 0.986 0.141
vn 0.050 0.996 0.070
vn -0.094 0.995 -0.036
vn 0.189 0.939 0.288
vn -0.036 0.998 -0.041
vn -0.121 0.992 -0.027
vn -0.280 0.957 0.077
vn -0.182 0.982 -0.041
vn -0.080 0.996 0.028
vn 0.040 0.998 0.045
vn -0.282 0.911 -0.302
vn 0.030 0.998 0.053
vn -0.178 0.984 -0.027
vn 0.311 0.928 0.208
vn 0.182 0.772 0.609
vn 0.619 0.604 0.502
vn 0.252 0.958 0.136
vn 0.399 0.855 0.332
vn 0.208 0.974 0.088
vn -0.021 0.995 -0.098
vn -0.083 0.990 -0.111
vn -0.086 0.996 -0.024
vn 0.075 0.997 -0.025
vn 0.022 1.000 0.020
vn -0.072 0.995 -0.069
vn -0.154 0.988 0.030
vn -0.002 1.000 -0.013
vn 0.033 0.999 0.016
vn -0.110 0.988 0.110
vn 0.093 0.995 -0.028
vn 0.008 0.997 0.073
vn 0.074 0.995 0.060
vn -0.004 1.000 0.010
vn -0.024 1.000 0.019
vn 0.007 0.999 0.043
vn -0.012 1.000 -0.020
vn 0.008 0.999 -0.034
vn -0.150 0.989 -0.015
vn -0.032 0.999 -0.022
vn -0.007 1.000 -0.027
vn 0.258 0.945 0.199
vn 0.378 0.917 0.125
vn 0.075 0.992 0.102
vn -0.171 0.985 -0.014
vn -0.220 0.974 0.057
vn 0.012 1.000 0.023
vn -0.040 0.996 0.083
vn -0.331 0.944 0.009
vn -0.014 0.994 0.113
vn 0.034 0.999 -0.012
vn 0.027 0.992 -0.125
vn 0.043 0.990 -0.135
vn 0.092 0.981 -0.170
vn -0.203 0.978 -0.045
vn -0.113 0.993 -0.040
vn 0.005 0.999 0.040
vn 0.144 0.989 -0.043
vn 0.041 0.991 -0.130
vn -0.221 0.964 -0.147
vn -0.236 0.970 -0.060
vn 0.306 0.944 -0.127
vn -0.096 0.951 -0.293
vn -0.016 0.997 -0.075
vn -0.550 0.835 -0.012
vn -0.209 0.970 0.123
vn -0.191 0.981 0.017
vn -0.483 0.868 0.114
vn 0.249 0.968 -0.010
vn 0.028 0.999 0.037
vn -0.079 0.995 -0.064
vn -0.011 1.000 0.018
vn -0.033 0.996 0.085
vn -0.054 0.998 0.025
vn 0.015 1.000 0.005
vn -0.056 0.994 0.089
vn 0.040 0.999 -0.015
vn 0.005 1.000 0.016
vn -0.014 0.998 0.061
vn 0.147 0.988 -0.051
vn -0.028 1.000 0.015
vn -0.016 1.000 -0.004
vn 0.005 1.000 -0.012
vn 0.001 0.999 0.050
vn -0.004 0.999 0.045
vn 0.058 0.995 -0.085
vn -0.260 0.912 -0.317
vn -0.060 0.957 -0.282
vn -0.087 0.919 -0.385
vn -0.326 0.944 -0.047
vn 0.054 0.987 0.151
vn 0.254 0.956 0.145
vn 0.540 0.795 0.275
vn 0.134 0.988 -0.076
vn 0.054 0.859 0.509
vn -0.359 0.933 0.021
vn 0.475 0.838 0.269
vn -0.031 0.999 0.033
vn 0.346 0.937 0.045
vn -0.019 0.997 -0.070
vn 0.168 0.986 0.006
vn 0.005 1.000 -0.023
vn 0.061 0.997 -0.053
vn -0.106 0.984 0.142
vn -0.082 0.990 0.112
vn 0.149 0.978 -0.146
vn 0.138 0.987 -0.086
vn -0.097 0.985 0.143
vn -0.215 0.974 0.069
vn -0.387 0.922 -0.015
vn -0.160 0.986 -0.034
vn 0.155 0.987 0.049
vn 0.201 0.979 0.038
vn -0.067 0.991 -0.115
vn -0.133 0.991 -0.002
vn -0.037 0.999 0.030
vn -0.034 0.999 0.036
vn -0.055 0.997 0.053
vn -0.024 0.999 0.033
vn 0.069 0.997 0.038
vn -0.059 0.996 -0.064
vn 0.138 0.990 -0.030
vn 0.063 0.998 0.006
vn -0.023 1.000 0.019
vn 0.004 1.000 -0.009
vn -0.081 0.993 0.089
vn -0.029 0.991 0.127
vn 0.065 0.992 0.107
vn 0.124 0.992 0.029
vn -0.023 0.999 -0.029
vn -0.453 0.857 -0.245
vn -0.075 0.997 -0.037
vn 0.178 0.953 0.246
vn 0.238 0.968 -0.083
vn 0.514 0.854 0.082
vn 0.509 0.767 0.390
vn 0.336 0.896 -0.290
vn 0.168 0.985 0.048
vn 0.220 0.969 0.115
vn -0.338 0.870 -0.360
vn 0.081 0.994 -0.071
vn 0.051 0.996 -0.069
vn 0.062 0.998 0.015
vn -0.282 0.947 0.157
vn 0.092 0.994 -0.056
vn 0.050 0.998 0.040
vn 0.033 0.998 0.050
vn -0.056 0.991 0.119
vn -0.111 0.993 0.047
vn 0.159 0.974 -0.161
vn -0.024 0.998 0.062
vn -0.049 0.932 0.359
vn 0.058 0.996 0.064
vn -0.182 0.983 0.020
vn -0.078 0.996 0.035
vn 0.061 0.998 0.007
vn 0.294 0.955 -0.031
vn 0.296 0.955 -0.001
vn -0.163 0.983 0.083
vn -0.120 0.992 0.047
vn -0.035 0.999 0.005
vn -0.025 1.000 -0.012
vn -0.031 0.999 -0.041
vn -0.024 0.999 -0.043
vn 0.010 1.000 0.008
vn 0.158 0.983 0.091
vn -0.000 0.988 0.152
vn -0.095 0.991 0.094
vn -0.113 0.992 0.057
vn 0.149 0.988 -0.032
vn 0.028 1.000 0.014
vn -0.028 0.994 0.109
vn -0.060 0.977 0.205
vn -0.126 0.987 0.096
vn 0.001 0.999 0.044
vn 0.134 0.991 -0.008
vn 0.157 0.987 -0.037
vn 0.017 1.000 -0.008
vn -0.068 0.996 -0.060
vn -0.404 0.895 -0.191
vn -0.352 0.918 -0.183
vn -0.201 0.958 -0.206
vn -0.073 0.996 -0.054
vn -0.040 0.993 -0.110
vn 0.268 0.943 0.195
vn -0.068 0.996 -0.059
vn 0.158 0.978 0.136
vn 0.383 0.921 0.069
vn 0.507 0.803 0.313
vn -0.018 0.982 -0.186
vn -0.043 0.999 0.012
vn -0.012 0.976 0.216
vn 0.227 0.933 0.278
vn 0.112 0.991 0.068
vn 0.162 0.961 0.226
vn 0.163 0.963 0.212
vn -0.056 0.995 0.088
vn -0.087 0.981 -0.174
vn -0.132 0.991 0.031
vn 0.212 0.932 0.295
vn -0.091 0.996 -0.015
vn 0.019 0.999 -0.042
vn -0.050 0.975 -0.218
vn -0.027 0.996 -0.085
vn 0.077 0.983 -0.166
vn 0.008 0.999 -0.039
vn -0.165 0.985 0.054
vn -0.071 0.995 0.070
vn 0.057 0.966 -0.253
vn 0.027 0.999 0.046
vn -0.015 0.999 -0.031
vn 0.161 0.987 -0.024
vn -0.034 0.997 -0.064
vn -0.404 0.903 0.146
vn -0.169 0.981 0.092
vn 0.022 0.999 0.045
vn -0.063 0.997 0.039
vn 0.299 0.941 0.156
vn 0.322 0.928 0.189
vn 0.330 0.944 0.024
vn -0.109 0.986 -0.127
vn -0.094 0.992 -0.081
vn 0.014 0.995 -0.102
vn -0.046 0.996 -0.077
vn -0.037 0.999 -0.008
vn -0.005 0.999 -0.042
vn -0.018 0.993 -0.112
vn 0.012 0.996 -0.091
vn 0.064 0.998 0.019
vn -0.071 0.988 0.139
vn 0.054 0.996 0.078
vn 0.016 0.999 0.029
vn 0.034 0.982 -0.188
vn -0.001 0.995 -0.104
vn -0.096 0.993 -0.066
vn -0.136 0.991 -0.013
vn 0.045 0.997 -0.066
vn 0.120 0.993 -0.013
vn 0.068 0.989 0.130
vn 0.058 0.992 0.108
vn 0.075 0.990 0.119
vn -0.162 0.971 -0.177
vn -0.241 0.970 -0.031
vn -0.212 0.975 -0.073
vn 0.009 1.000 0.019
vn -0.356 0.891 -0.282
vn 0.012 1.000 -0.001
vn 0.033 0.997 0.075
vn -0.025 1.000 -0.008
vn 0.267 0.923 0.278
vn 0.003 0.977 -0.214
vn 0.039 0.999 0.037
vn -0.036 0.985 0.167
vn 0.021 0.992 0.124
vn -0.121 0.985 0.126
vn 0.054 0.997 -0.057
vn -0.057 0.997 0.046
vn -0.136 0.962 0.239
vn -0.169 0.942 0.289
vn -0.117 0.987 0.111
vn 0.041 0.999 -0.022
vn -0.040 0.999 0.007
vn 0.083 0.989 0.120
vn 0.096 0.986 0.135
vn 0.478 0.852 0.213
vn 0.195 0.974 -0.113
vn 0.521 0.799 0.302
vn -0.144 0.982 0.121
vn -0.185 0.837 0.515
vn -0.048 0.889 0.455
vn 0.016 0.726 0.687
vn 0.126 0.876 0.465
vn -0.060 0.987 0.150
vn 0.131 0.987 0.092
vn -0.016 0.993 -0.113
vn -0.136 0.991 -0.016
vn -0.046 0.999 0.021
vn 0.078 0.997 0.010
vn -0.022 0.999 0.031
vn -0.068 0.995 0.073
vn -0.011 0.998 0.055
vn -0.010 0.993 -0.114
vn 0.139 0.970 -0.201
vn -0.072 0.993 -0.092
vn -0.059 0.995 -0.079
vn 0.053 0.997 -0.061
vn -0.084 0.996 -0.031
vn 0.088 0.996 0.001
vn 0.134 0.989 -0.067
vn -0.059 0.991 0.116
vn 0.085 0.985 0.149
vn -0.126 0.975 -0.180
vn -0.183 0.821 -0.540
vn 0.045 0.986 0.162
vn -0.267 0.798 -0.540
vn -0.073 0.892 -0.445
vn -0.277 0.938 -0.209
vn -0.030 0.969 -0.247
vn -0.331 0.886 -0.324
vn -0.037 0.966 -0.255
vn -0.000 0.996 0.084
vn -0.074 0.991 -0.111
vn 0.149 0.959 0.241
vn 0.330 0.826 0.457
vn 0.230 0.962 0.144
vn 0.026 0.823 0.568
vn 0.197 0.942 0.270
vn 0.283 0.952 -0.118
vn 0.025 0.999 -0.041
vn 0.325 0.943 0.072
vn -0.155 0.953 0.261
vn 0.219 0.973 -0.078
vn 0.024 1.000 0.018
vn -0.188 0.910 -0.368
vn 0.053 0.995 -0.088
vn 0.055 0.984 -0.170
vn 0.061 0.994 0.087
vn -0.041 0.976 0.213
vn 0.053 0.991 0.123
vn 0.011 0.990 0.144
vn -0.192 0.954 0.232
vn -0.089 0.992 0.085
vn 0.037 0.999 -0.003
vn -0.015 0.999 0.033
vn -0.023 1.000 0.015
vn -0.028 0.999 -0.018
vn -0.020 0.999 0.025
vn 0.015 1.000 0.012
vn 0.208 0.974 0.094
vn 0.314 0.945 0.092
vn 0.150 0.983 0.106
vn -0.147 0.987 -0.059
vn -0.101 0.995 -0.018
vn 0.003 0.997 0.072
vn -0.040 0.996 0.079
vn 0.086 0.991 -0.099
vn 0.073 0.981 -0.179
vn -0.146 0.983 0.112
vn 0.022 0.977 -0.212
vn 0.097 0.882 -0.461
vn 0.149 0.970 0.193
vn 0.117 0.839 0.532
vn 0.023 0.985 0.173
vn -0.114 0.915 0.388
vn 0.119 0.953 -0.279
vn 0.251 0.967 0.051
vn -0.143 0.983 -0.113
vn 0.325 0.915 0.240
vn -0.173 0.983 -0.059
vn 0.092 0.995 0.033
vn -0.021 0.999 -0.036
vn 0.032 0.993 -0.117
vn 0.079 0.988 -0.136
vn -0.070 0.993 0.090
vn -0.027 0.998 -0.058
vn -0.027 0.999 -0.027
vn 0.028 0.999 0.045
vn 0.304 0.908 0.287
vn -0.132 0.983 -0.128
vn 0.259 0.946 0.197
vn -0.098 0.978 -0.183
vn -0.417 0.801 -0.430
vn -0.124 0.978 -0.165
vn -0.299 0.885 -0.357
vn -0.173 0.978 -0.118
vn 0.053 0.996 0.078
vn 0.009 0.992 -0.122
vn 0.121 0.940 0.319
vn 0.139 0.890 0.435
vn -0.094 0.983 0.161
vn 0.009 0.992 0.127
vn 0.049 0.979 0.198
vn -0.015 0.987 0.162
vn -0.067 0.995 0.072
vn 0.023 1.000 -0.011
vn -0.002 1.000 0.029
vn 0.027 1.000 0.014
vn 0.003 1.000 -0.024
vn -0.016 1.000 -0.012
vn 0.077 0.995 -0.060
vn 0.109 0.991 -0.079
vn 0.277 0.948 -0.157
vn 0.131 0.989 0.073
vn -0.119 0.989 -0.093
vn -0.103 0.966 -0.236
vn 0.004 0.950 -0.311
vn 0.009 0.944 -0.329
vn 0.104 0.981 -0.162
vn 0.134 0.939 -0.316
vn 0.249 0.888 -0.387
vn 0.155 0.950 -0.271
vn -0.170 0.983 0.075
vn -0.222 0.960 0.170
vn -0.292 0.860 0.417
vn -0.276 0.942 0.191
vn -0.079 0.955 0.285
vn -0.042 0.984 0.172
vn -0.179 0.969 0.171
vn 0.083 0.997 -0.001
vn 0.495 0.822 0.282
vn 0.269 0.902 0.336
vn 0.197 0.973 0.121
vn 0.224 0.962 0.157
vn -0.210 0.978 -0.008
vn -0.092 0.992 -0.083
vn 0.097 0.968 -0.231
vn -0.024 0.997 0.072
vn -0.067 0.998 0.008
vn -0.028 0.999 -0.043
vn -0.024 1.000 -0.019
vn -0.057 0.998 -0.022
vn 0.027 0.999 -0.047
vn 0.070 0.997 0.012
vn 0.265 0.945 0.193
vn -0.166 0.979 -0.122
vn 0.029 1.000 0.013
vn -0.213 0.965 -0.156
vn -0.228 0.920 -0.320
vn -0.183 0.959 -0.219
vn -0.120 0.993 -0.011
vn -0.039 0.998 -0.056
vn 0.056 0.995 -0.077
vn 0.019 0.998 -0.058
vn -0.001 0.996 -0.085
vn -0.055 0.998 -0.001
vn 0.029 0.999 -0.035
vn 0.034 0.997 -0.071
vn -0.022 1.000 -0.011
vn -0.042 0.998 0.037
vn 0.063 0.996 0.063
vn 0.030 0.988 0.154
vn -0.048 0.932 0.358
vn -0.091 0.993 0.070
vn -0.010 0.864 0.504
vn 0.130 0.771 0.624
vn 0.012 0.929 0.370
vn 0.088 0.887 0.453
vn 0.164 0.832 0.531
vn 0.031 0.971 0.236
vn 0.022 0.996 -0.088
vn 0.090 0.888 0.450
vn 0.035 0.975 0.219
vn -0.032 0.979 -0.199
vn 0.216 0.823 0.526
vn 0.002 0.862 0.507
vn -0.005 0.900 0.435
vn 0.099 0.886 0.454
vn -0.115 0.990 0.088
vn -0.257 0.828 0.498
vn 0.003 0.922 0.386
vn 0.034 0.997 0.076
vn -0.125 0.900 0.418
vn 0.037 0.994 0.105
vn 0.023 0.911 0.411
vn 0.011 0.991 0.132
vn -0.117 0.988 0.104
vn 0.081 0.994 0.068
vn -0.094 0.994 0.052
vn -0.257 0.743 0.618
vn -0.071 0.924 0.375
vn -0.243 0.910 0.336
vn -0.183 0.868 0.461
vn -0.042 0.999 0.024
vn 0.026 0.997 0.068
vn 0.050 0.999 -0.015
vn 0.197 0.970 0.142
vn 0.187 0.973 0.136
vn 0.090 0.994 -0.058
vn 0.057 0.998 -0.027
vn 0.379 0.917 0.125
vn 0.130 0.958 -0.255
vn -0.085 0.993 0.081
vn -0.263 0.944 0.201
vn -0.278 0.835 0.475
vn -0.278 0.935 0.221
vn -0.050 0.958 0.281
vn -0.028 0.975 0.220
vn 0.164 0.955 0.245
vn 0.194 0.956 0.219
vn 0.379 0.907 0.183
vn -0.115 0.956 -0.269
vn -0.075 0.968 -0.239
vn 0.019 0.985 -0.173
vn -0.062 0.974 -0.216
vn -0.035 0.997 -0.062
vn -0.052 0.999 0.013
vn -0.006 0.995 0.096
vn 0.188 0.980 0.073
vn 0.151 0.988 -0.014
vn 0.031 0.999 0.020
vn -0.188 0.943 -0.275
vn -0.470 0.861 -0.196
vn -0.541 0.840 -0.038
vn -0.047 0.998 -0.033
vn -0.555 0.827 -0.094
vn -0.012 0.997 -0.072
vn 0.029 0.998 -0.052
vn 0.011 0.999 -0.036
vn -0.063 0.998 0.014
vn 0.041 0.995 -0.093
vn 0.086 0.982 -0.167
vn -0.056 0.997 -0.053
vn -0.074 0.997 -0.012
vn -0.041 0.999 0.012
vn 0.059 0.998 -0.020
vn 0.004 1.000 -0.020
vn -0.012 1.000 -0.017
vn -0.013 0.998 -0.067
vn -0.047 0.998 -0.040
vn -0.079 0.996 -0.035
vn -0.001 0.998 -0.065
vn 0.034 0.999 -0.015
vn -0.022 0.998 -0.065
vn 0.087 0.982 -0.167
vn -0.057 0.983 -0.172
vn -0.131 0.991 -0.037
vn 0.063 0.998 0.005
vn 0.082 0.997 0.017
vn -0.051 0.998 0.023
vn 0.185 0.901 0.393
vn 0.016 0.824 0.567
vn -0.009 1.000 0.007
vn 0.022 0.816 0.578
vn -0.228 0.890 0.395
vn 0.053 0.812 0.581
vn 0.047 0.999 -0.004
vn 0.022 1.000 -0.017
vn 0.118 0.991 0.071
vn 0.135 0.987 -0.085
vn 0.039 0.904 0.425
vn 0.379 0.829 0.411
vn 0.263 0.756 0.599
vn 0.012 0.990 0.140
vn 0.322 0.858 0.401
vn 0.195 0.981 0.006
vn 0.198 0.980 -0.026
vn -0.032 0.971 0.239
vn -0.161 0.987 0.020
vn -0.122 0.993 0.002
vn -0.038 0.998 0.043
vn -0.065 0.998 -0.004
vn 0.050 0.994 -0.093
vn 0.214 0.964 -0.160
vn 0.083 0.995 -0.054
vn -0.622 0.763 -0.173
vn -0.367 0.929 -0.048
vn -0.534 0.830 -0.159
vn 0.063 0.998 -0.017
vn -0.473 0.880 -0.052
vn -0.330 0.894 -0.303
vn -0.362 0.904 -0.228
vn -0.013 1.000 0.000
vn -0.011 1.000 -0.006
vn 0.019 1.000 -0.007
vn -0.012 1.000 0.022
vn -0.015 1.000 -0.015
vn 0.236 0.972 -0.005
vn 0.145 0.929 -0.341
vn -0.138 0.990 0.005
vn 0.089 0.996 -0.000
vn -0.090 0.994 0.060
vn -0.087 0.995 0.045
vn -0.025 1.000 0.018
vn 0.054 0.998 0.010
vn -0.008 1.000 0.009
vn -0.006 0.999 0.042
vn 0.090 0.994 -0.061
vn 0.003 0.995 -0.096
vn 0.047 0.995 -0.093
vn 0.081 0.996 -0.044
vn -0.192 0.975 0.112
vn -0.140 0.990 0.025
vn 0.036 0.999 -0.033
vn -0.019 0.999 0.049
vn 0.042 0.998 0.052
vn 0.052 0.997 -0.058
vn 0.294 0.921 -0.257
vn 0.143 0.912 -0.384
vn 0.387 0.914 -0.121
vn -0.068 0.895 -0.441
vn 0.189 0.852 -0.487
vn -0.037 0.918 -0.395
vn -0.064 0.968 -0.243
vn 0.052 0.973 -0.224
vn 0.057 0.994 0.091
vn -0.094 0.852 -0.515
vn 0.088 0.995 -0.054
vn 0.022 0.930 -0.366
vn -0.106 0.945 -0.310
vn -0.152 0.737 -0.658
vn 0.037 0.891 -0.453
vn -0.023 0.998 -0.051
vn 0.103 0.934 -0.342
vn 0.061 0.993 -0.098
vn 0.012 0.997 -0.078
vn 0.012 0.991 -0.130
vn -0.042 0.994 -0.098
vn 0.163 0.981 -0.102
vn -0.086 0.966 0.245
vn -0.094 0.993 0.073
vn 0.208 0.945 0.252
vn -0.048 0.997 0.056
vn 0.202 0.963 0.180
vn -0.131 0.937 0.323
vn 0.010 0.999 0.031
vn -0.345 0.898 -0.272
vn -0.383 0.899 0.214
vn -0.442 0.861 -0.251
vn -0.346 0.932 -0.108
vn 0.020 1.000 0.007
vn -0.260 0.954 0.150
vn -0.000 1.000 0.009
vn -0.024 1.000 0.017
vn -0.017 0.999 0.029
vn 0.061 0.997 0.057
vn 0.111 0.927 0.358
vn -0.020 0.994 0.106
vn -0.051 0.997 0.061
vn -0.047 0.999 0.013
vn 0.014 0.999 -0.030
vn 0.049 0.999 -0.020
vn -0.044 0.999 0.010
vn 0.019 1.000 -0.004
vn 0.082 0.994 0.073
vn -0.003 0.997 0.083
vn -0.051 0.988 0.144
vn -0.064 0.969 0.240
vn -0.031 0.996 0.082
vn 0.015 0.999 -0.051
vn 0.027 0.998 -0.054
vn -0.032 0.998 -0.059
vn 0.040 0.999 -0.025
vn 0.044 0.995 -0.090
vn 0.086 0.996 -0.037
vn 0.547 0.812 -0.203
vn 0.301 0.944 -0.132
vn 0.431 0.814 -0.389
vn 0.274 0.952 -0.133
vn -0.076 0.976 -0.203
vn 0.464 0.867 -0.182
vn -0.034 0.999 -0.032
vn 0.604 0.758 -0.247
vn 0.481 0.852 -0.205
vn 0.080 0.994 -0.080
vn -0.016 1.000 0.004
vn -0.179 0.984 0.000
vn -0.040 0.999 0.020
vn 0.103 0.968 -0.230
vn 0.005 0.969 0.245
vn 0.061 0.969 -0.241
vn -0.030 0.983 -0.180
vn -0.018 0.991 0.131
vn 0.047 0.994 -0.095
vn -0.049 0.998 -0.033
vn -0.081 0.997 -0.010
vn 0.252 0.967 -0.015
vn -0.174 0.983 0.060
vn -0.420 0.893 -0.160
vn -0.412 0.882 0.229
vn -0.039 0.985 -0.165
vn 0.162 0.951 0.264
vn 0.005 0.793 0.609
vn 0.066 0.984 0.168
vn 0.041 0.907 0.420
vn -0.071 0.979 0.193
vn -0.393 0.882 0.259
vn -0.133 0.991 -0.020
vn -0.546 0.832 0.098
vn 0.006 1.000 -0.013
vn -0.012 1.000 -0.005
vn -0.005 1.000 -0.009
vn 0.011 0.998 -0.058
vn 0.008 0.999 -0.037
vn -0.058 0.998 0.011
vn 0.011 0.998 -0.065
vn -0.036 0.998 -0.058
vn 0.008 0.998 -0.057
vn 0.018 1.000 -0.023
vn -0.023 0.998 -0.053
vn -0.046 0.999 -0.011
vn 0.044 0.999 0.016
vn -0.030 0.997 0.072
vn -0.040 0.999 0.017
vn 0.027 0.994 -0.107
vn 0.006 0.999 -0.053
vn 0.006 1.000 -0.017
vn -0.004 1.000 -0.006
vn -0.005 1.000 0.009
vn -0.053 0.998 0.021
vn 0.407 0.879 -0.248
vn 0.262 0.908 -0.327
vn 0.498 0.821 -0.279
vn 0.242 0.959 -0.147
vn 0.385 0.903 -0.190
vn 0.617 0.752 -0.233
vn -0.050 0.996 0.069
vn -0.081 0.988 0.129
vn -0.100 0.986 0.131
vn -0.011 0.996 0.092
vn 0.073 0.997 0.014
vn 0.055 0.997 0.049
vn -0.059 0.998 0.019
vn -0.061 0.998 0.007
vn 0.163 0.984 0.076
vn 0.091 0.994 0.065
vn -0.516 0.854 -0.062
vn -0.194 0.974 -0.115
vn -0.528 0.824 -0.204
vn -0.188 0.948 -0.257
vn -0.090 0.994 -0.055
vn -0.026 0.999 -0.040
vn -0.007 1.000 -0.007
vn -0.016 1.000 -0.001
vn 0.017 1.000 -0.013
vn -0.005 1.000 0.015
vn -0.032 0.999 0.028
vn 0.020 1.000 -0.008
vn -0.013 1.000 -0.001
vn -0.012 1.000 0.008
vn -0.020 0.996 -0.083
vn 0.028 1.000 -0.004
vn -0.034 0.999 0.020
vn -0.038 0.999 -0.032
vn -0.007 1.000 -0.011
vn -0.024 1.000 -0.006
vn 0.061 0.995 -0.085
vn -0.038 0.999 0.009
vn -0.012 1.000 -0.000
vn 0.025 0.999 -0.037
vn -0.008 0.999 0.040
vn -0.070 0.940 -0.333
vn 0.153 0.955 -0.254
vn 0.002 0.999 -0.035
vn 0.336 0.915 -0.223
vn 0.179 0.953 -0.244
vn 0.199 0.909 -0.366
vn 0.366 0.811 -0.455
vn 0.005 0.999 0.042
vn 0.219 0.953 -0.208
vn -0.073 0.986 0.150
vn -0.041 0.996 0.076
vn -0.028 1.000 0.008
vn 0.068 0.995 -0.066
vn 0.110 0.988 -0.110
vn 0.042 0.999 0.032
vn -0.029 0.999 0.035
vn -0.082 0.996 -0.018
vn 0.132 0.991 -0.039
vn 0.300 0.954 0.016
vn 0.163 0.986 0.022
vn -0.139 0.982 -0.125
vn -0.483 0.822 -0.300
vn -0.300 0.900 -0.315
vn -0.131 0.947 -0.293
vn -0.338 0.909 -0.244
vn -0.150 0.948 -0.281
vn -0.013 1.000 0.021
vn -0.002 1.000 0.003
vn -0.004 1.000 0.008
vn -0.028 0.998 0.049
vn -0.037 0.999 0.030
vn -0.022 0.999 0.035
vn -0.013 0.998 0.055
vn -0.001 0.999 0.038
vn 0.119 0.966 -0.227
vn -0.032 0.999 0.015
vn -0.050 0.952 -0.303
vn -0.085 0.994 0.067
vn 0.155 0.956 -0.248
vn 0.294 0.909 -0.295
vn 0.213 0.877 -0.430
vn 0.212 0.899 -0.383
vn 0.043 0.950 -0.308
vn -0.314 0.949 -0.026
vn -0.149 0.987 -0.052
vn -0.046 0.969 -0.242
vn -0.088 0.973 -0.213
vn -0.100 0.993 -0.055
vn 0.005 1.000 -0.002
vn -0.024 0.999 -0.025
vn 0.045 0.997 -0.058
vn -0.030 0.999 0.010
vn -0.019 1.000 -0.014
vn 0.010 0.999 -0.045
vn 0.238 0.965 -0.106
vn 0.446 0.890 -0.098
vn 0.318 0.821 -0.475
vn 0.073 0.989 -0.132
vn 0.008 0.952 -0.305
vn -0.040 0.959 -0.280
vn -0.089 0.983 0.163
vn 0.150 0.983 -0.103
vn 0.037 0.989 0.141
vn -0.023 0.992 0.126
vn 0.013 1.000 -0.003
vn -0.007 1.000 -0.026
vn 0.022 0.998 -0.060
vn 0.086 0.996 -0.027
vn 0.023 0.999 0.030
vn 0.019 0.999 0.050
vn 0.066 0.998 -0.013
vn -0.105 0.994 -0.037
vn 0.102 0.995 -0.014
vn 0.105 0.993 0.051
vn -0.155 0.987 -0.031
vn 0.035 0.996 -0.084
vn -0.149 0.977 -0.152
vn -0.324 0.898 0.298
vn -0.455 0.891 0.015
vn -0.419 0.867 0.271
vn -0.253 0.967 0.039
vn 0.001 1.000 0.004
vn 0.009 1.000 -0.014
vn -0.014 1.000 -0.024
vn -0.029 0.999 0.014
vn -0.062 0.997 -0.042
vn -0.049 0.998 0.036
vn 0.125 0.974 -0.188
vn 0.283 0.932 -0.227
vn -0.008 0.997 0.080
vn -0.511 0.807 -0.295
vn 0.342 0.912 -0.226
vn -0.164 0.938 -0.307
vn -0.039 0.679 -0.733
vn 0.336 0.897 -0.288
vn 0.349 0.861 -0.370
vn 0.606 0.584 -0.540
vn 0.487 0.871 -0.062
vn -0.494 0.834 -0.245
vn -0.522 0.847 -0.098
vn -0.034 0.757 -0.652
vn -0.027 0.951 -0.309
vn 0.005 0.791 -0.611
vn -0.076 0.860 -0.505
vn 0.232 0.949 -0.216
vn 0.240 0.859 -0.452
vn 0.225 0.905 -0.362
vn -0.039 0.999 0.001
vn 0.185 0.968 -0.168
vn -0.008 0.927 -0.376
vn -0.021 0.995 -0.095
vn 0.184 0.919 -0.347
vn -0.008 1.000 0.023
vn -0.323 0.945 -0.051
vn -0.018 0.990 -0.141
vn -0.146 0.961 -0.236
vn 0.218 0.854 -0.473
vn 0.105 0.989 -0.105
vn -0.035 0.992 -0.121
vn -0.228 0.917 -0.328
vn -0.372 0.928 -0.004
vn -0.375 0.924 -0.070
vn 0.006 1.000 0.012
vn 0.014 1.000 -0.002
vn 0.011 1.000 -0.007
vn -0.023 1.000 -0.006
vn 0.007 1.000 -0.005
vn -0.006 1.000 -0.015
vn 0.262 0.962 0.076
vn 0.369 0.924 -0.098
vn -0.157 0.988 0.005
vn 0.469 0.878 0.099
vn -0.137 0.990 0.034
vn 0.069 0.998 -0.010
vn 0.013 1.000 0.021
vn 0.040 0.999 -0.006
vn -0.023 1.000 -0.005
vn 0.068 0.998 -0.008
vn -0.061 0.996 0.063
vn 0.045 0.999 -0.028
vn 0.190 0.981 0.048
vn -0.029 0.999 -0.033
vn -0.198 0.980 0.035
vn -0.013 0.992 0.123
vn 0.046 0.999 0.019
vn 0.176 0.979 0.098
vn 0.006 0.987 0.161
vn -0.434 0.901 0.023
vn -0.239 0.884 0.401
vn -0.044 0.995 -0.089
vn -0.438 0.797 0.415
vn -0.320 0.903 0.286
vn -0.001 1.000 -0.013
vn -0.009 1.000 0.023
vn 0.006 1.000 0.021
vn -0.028 0.999 0.028
vn -0.053 0.999 0.012
vn 0.251 0.965 -0.083
vn -0.120 0.993 0.021
vn -0.070 0.994 0.089
vn 0.491 0.871 -0.018
vn 0.455 0.888 0.067
vn 0.483 0.875 -0.035
vn 0.509 0.849 -0.144
vn -0.229 0.843 -0.487
vn -0.031 0.997 0.064
vn -0.072 0.970 -0.234
vn 0.413 0.896 -0.163
vn 0.066 0.995 -0.068
vn -0.026 0.999 0.026
vn 0.007 1.000 -0.003
vn -0.033 0.999 0.004
vn -0.039 0.997 0.070
vn -0.107 0.994 0.027
vn -0.400 0.905 0.145
vn -0.195 0.931 -0.308
vn 0.103 0.888 -0.447
vn 0.011 0.999 0.037
vn -0.054 0.995 -0.089
vn -0.139 0.887 -0.440
vn -0.001 1.000 0.019
vn -0.038 0.999 0.016
vn 0.032 0.999 -0.018
vn -0.025 1.000 0.011
vn -0.059 0.998 0.007
vn 0.239 0.956 -0.169
vn -0.090 0.996 0.018
vn 0.512 0.845 0.153
vn 0.462 0.887 0.017
vn 0.580 0.815 -0.011
vn 0.522 0.842 -0.138
vn -0.184 0.983 0.005
vn 0.479 0.869 -0.122
vn -0.080 0.994 -0.073
vn -0.009 1.000 -0.017
vn 0.018 1.000 0.019
vn 0.068 0.998 -0.006
vn 0.013 1.000 -0.027
vn -0.018 0.999 0.036
vn -0.006 0.998 0.061
vn 0.022 1.000 -0.013
vn 0.019 0.999 -0.027
vn 0.012 0.988 0.153
vn -0.024 1.000 -0.019
vn -0.025 1.000 0.018
vn 0.146 0.989 0.013
vn 0.078 0.989 0.128
vn -0.459 0.888 -0.032
vn -0.324 0.943 -0.081
vn -0.486 0.863 -0.140
vn -0.219 0.968 -0.119
vn -0.060 0.987 -0.151
vn -0.190 0.981 -0.035
vn -0.030 0.999 0.028
vn 0.155 0.988 -0.003
vn -0.039 0.999 0.030
vn 0.004 0.996 -0.084
vn 0.135 0.898 -0.419
vn -0.094 0.996 -0.010
vn -0.145 0.989 -0.033
vn 0.266 0.964 -0.006
vn -0.055 0.998 0.021
vn -0.005 0.998 -0.067
vn 0.126 0.986 -0.109
vn 0.616 0.750 -0.240
vn 0.544 0.762 -0.350
vn 0.497 0.825 -0.268
vn 0.282 0.954 0.102
vn 0.487 0.740 -0.464
vn 0.372 0.928 -0.034
vn -0.045 0.997 0.057
vn 0.523 0.809 -0.268
vn -0.149 0.940 0.306
vn 0.026 0.965 0.262
vn 0.284 0.955 0.086
vn 0.068 0.916 0.396
vn -0.040 0.997 0.070
vn -0.097 0.985 0.142
vn 0.012 0.999 0.051
vn 0.025 0.997 0.076
vn -0.072 0.987 -0.146
vn 0.015 0.987 0.158
vn -0.006 0.960 -0.280
vn 0.029 0.945 -0.324
vn -0.157 0.979 0.131
vn 0.068 0.972 -0.224
vn -0.380 0.919 -0.102
vn -0.101 0.822 -0.561
vn -0.168 0.981 0.100
vn 0.264 0.942 -0.208
vn -0.046 0.994 -0.095
vn 0.031 0.999 0.011
vn -0.095 0.881 -0.463
vn -0.201 0.827 -0.526
vn 0.145 0.847 -0.511
vn 0.233 0.826 -0.514
vn -0.021 0.999 -0.043
vn -0.115 0.927 -0.357
vn 0.012 1.000 0.004
vn -0.305 0.937 -0.173
vn -0.053 0.997 0.063
vn 0.190 0.981 -0.038
vn 0.276 0.949 -0.155
vn 0.404 0.885 -0.229
vn 0.207 0.977 -0.058
vn -0.085 0.996 0.007
vn -0.069 0.994 -0.089
vn -0.092 0.996 -0.003
vn 0.057 0.998 -0.030
vn 0.015 0.999 0.035
vn -0.006 0.998 0.061
vn -0.073 0.996 0.060
vn 0.071 0.997 0.021
vn 0.039 0.999 0.003
vn 0.065 0.994 -0.090
vn -0.070 0.995 -0.071
vn -0.066 0.998 -0.020
vn 0.135 0.989 0.061
vn 0.232 0.972 -0.032
vn 0.071 0.997 -0.012
vn -0.354 0.903 -0.244
vn -0.068 0.895 -0.441
vn -0.445 0.867 -0.223
vn -0.161 0.951 -0.264
vn -0.185 0.966 -0.182
vn -0.186 0.980 -0.073
vn 0.011 1.000 -0.027
vn 0.027 0.997 0.072
vn 0.165 0.912 0.377
vn -0.025 1.000 -0.003
vn 0.292 0.937 -0.193
vn 0.472 0.844 -0.255
vn -0.095 0.992 -0.086
vn 0.239 0.942 -0.236
vn -0.316 0.935 -0.159
vn 0.255 0.935 -0.248
vn -0.332 0.922 0.200
vn 0.171 0.983 -0.068
vn -0.375 0.822 -0.428
vn 0.210 0.977 0.040
vn 0.160 0.983 -0.092
vn -0.078 0.997 0.026
vn -0.001 0.997 -0.076
vn 0.020 0.996 -0.090
vn -0.097 0.994 0.051
vn 0.108 0.994 -0.002
vn -0.128 0.980 -0.153
vn -0.400 0.916 0.001
vn 0.126 0.873 -0.470
vn 0.205 0.922 -0.330
vn 0.085 0.986 -0.143
vn 0.183 0.878 -0.443
vn 0.259 0.953 -0.156
vn -0.118 0.988 0.096
vn -0.272 0.928 -0.255
vn 0.085 0.988 -0.128
vn 0.037 0.897 -0.440
vn -0.007 0.826 -0.564
vn 0.204 0.824 -0.528
vn 0.090 0.858 -0.506
vn -0.186 0.849 -0.495
vn -0.072 0.997 -0.003
vn 0.022 0.991 0.132
vn 0.088 0.892 -0.444
vn 0.392 0.839 -0.378
vn 0.314 0.899 -0.304
vn -0.058 0.981 0.185
vn 0.025 0.995 0.098
vn -0.095 0.995 0.041
vn -0.091 0.995 0.042
vn 0.015 0.998 0.053
vn 0.017 0.998 0.055
vn -0.006 1.000 0.029
vn -0.006 1.000 -0.019
vn 0.022 0.999 -0.040
vn 0.042 0.996 -0.073
vn 0.098 0.993 0.060
vn -0.113 0.991 0.074
vn -0.049 0.998 -0.029
vn 0.064 0.996 -0.055
vn 0.147 0.988 0.037
vn -0.250 0.959 0.132
vn -0.151 0.986 0.070
vn -0.030 1.000 0.003
vn -0.037 0.999 -0.013
vn 0.079 0.994 0.074
vn 0.425 0.894 0.142
vn 0.018 0.926 0.376
vn 0.513 0.856 0.068
vn -0.092 0.958 0.271
vn -0.089 0.994 0.069
vn -0.202 0.749 0.631
vn -0.044 0.934 0.355
vn -0.153 0.916 0.370
vn -0.277 0.942 0.190
vn -0.317 0.947 -0.046
vn -0.647 0.762 -0.011
vn -0.033 0.999 -0.040
vn 0.172 0.980 0.099
vn 0.510 0.824 0.247
vn 0.258 0.917 0.304
vn 0.135 0.959 0.250
vn 0.380 0.903 0.200
vn 0.002 0.941 0.339
vn 0.096 0.969 0.226
vn -0.088 0.994 -0.066
vn -0.079 0.989 -0.125
vn 0.089 0.993 -0.075
vn 0.023 0.993 0.114
vn -0.095 0.972 -0.214
vn -0.071 0.985 0.158
vn 0.091 0.968 -0.233
vn -0.131 0.989 0.065
vn 0.220 0.910 -0.350
vn -0.151 0.973 0.174
vn -0.015 0.990 0.142
vn 0.075 0.993 0.096
vn -0.015 0.971 0.238
vn -0.107 0.980 0.165
vn 0.033 0.992 0.121
vn 0.070 0.991 0.116
vn -0.060 0.995 0.085
vn -0.070 0.996 0.056
vn 0.020 1.000 0.018
vn 0.029 1.000 0.007
vn 0.050 0.998 -0.036
vn 0.022 0.998 -0.058
vn 0.004 1.000 -0.027
vn -0.148 0.985 -0.083
vn 0.064 0.998 -0.013
vn -0.069 0.992 0.103
vn 0.028 0.998 0.055
vn 0.017 1.000 0.002
vn -0.017 0.999 0.038
vn 0.224 0.974 0.024
vn -0.061 0.993 0.097
vn -0.392 0.916 0.086
vn -0.194 0.981 -0.021
vn -0.005 1.000 -0.010
vn -0.007 1.000 -0.022
vn -0.012 1.000 -0.018
vn -0.025 0.999 0.035
vn 0.018 1.000 0.017
vn 0.181 0.982 0.047
vn -0.010 0.995 0.097
vn -0.059 0.941 0.334
vn 0.014 0.998 -0.066
vn 0.019 0.953 0.304
vn -0.029 0.948 0.317
vn 0.055 0.997 0.059
vn 0.338 0.887 0.315
vn 0.239 0.907 0.347
vn 0.321 0.869 0.377
vn 0.117 0.965 0.236
vn -0.121 0.986 -0.113
vn 0.284 0.916 0.282
vn -0.040 0.999 -0.015
vn 0.221 0.949 0.224
vn -0.093 0.995 0.043
vn -0.056 0.994 0.093
vn -0.068 0.992 0.108
vn -0.069 0.995 0.067
vn 0.083 0.996 -0.046
vn 0.014 0.998 -0.063
vn -0.114 0.992 -0.049
vn 0.001 1.000 -0.026
vn 0.063 0.998 0.030
vn -0.030 1.000 0.006
vn -0.015 0.998 -0.061
vn 0.006 1.000 -0.014
vn 0.063 0.998 -0.013
vn 0.058 0.998 -0.028
vn -0.011 1.000 -0.007
vn 0.006 1.000 -0.010
vn -0.127 0.992 0.001
vn -0.105 0.994 -0.037
vn 0.031 0.999 0.022
vn -0.003 0.997 0.074
vn 0.028 1.000 0.006
vn 0.250 0.968 0.016
vn -0.158 0.987 -0.011
vn -0.398 0.905 -0.148
vn -0.125 0.992 0.012
vn -0.043 0.998 -0.038
vn 0.006 1.000 -0.021
vn -0.034 0.999 0.034
vn -0.011 1.000 -0.009
vn -0.071 0.997 0.030
vn 0.010 1.000 -0.012
vn -0.005 1.000 0.025
vn 0.030 0.999 0.032
vn -0.010 1.000 0.021
vn -0.036 0.999 0.018
vn -0.043 0.999 0.024
vn 0.137 0.924 -0.358
vn 0.178 0.976 0.129
vn 0.122 0.986 -0.117
vn 0.425 0.867 0.259
vn 0.367 0.930 -0.021
vn 0.013 0.997 -0.078
vn 0.365 0.926 -0.098
vn -0.071 0.997 0.015
vn 0.417 0.831 -0.368
vn 0.670 0.737 -0.093
vn -0.098 0.995 0.004
vn -0.090 0.995 -0.041
vn -0.087 0.994 -0.063
vn -0.106 0.994 0.007
vn 0.020 0.999 -0.040
vn 0.150 0.984 -0.093
vn 0.010 0.995 -0.098
vn -0.126 0.981 -0.149
vn -0.091 0.995 -0.031
vn 0.084 0.996 -0.028
vn -0.014 1.000 0.011
vn -0.031 0.999 0.008
vn -0.020 1.000 -0.014
vn 0.096 0.994 -0.059
vn 0.039 0.999 -0.029
vn -0.023 1.000 0.011
vn 0.020 1.000 0.013
vn -0.114 0.993 -0.020
vn -0.131 0.991 0.022
vn 0.050 0.996 -0.070
vn -0.049 0.996 -0.077
vn -0.004 0.999 0.044
vn 0.198 0.980 0.029
vn 0.108 0.991 -0.072
vn -0.330 0.944 0.017
vn -0.656 0.725 -0.209
vn -0.368 0.927 -0.073
vn -0.499 0.867 0.009
vn 0.064 0.998 0.004
vn -0.531 0.839 -0.118
vn 0.001 1.000 0.017
vn -0.236 0.962 -0.134
vn -0.021 1.000 0.017
vn -0.054 0.998 0.028
vn -0.021 0.998 0.056
vn -0.030 0.995 0.093
vn 0.080 0.997 -0.003
vn -0.010 1.000 0.008
vn 0.016 1.000 -0.016
vn 0.371 0.927 0.060
vn 0.380 0.841 -0.386
vn 0.230 0.948 0.218
vn 0.314 0.945 -0.098
vn 0.182 0.982 -0.054
vn -0.164 0.971 0.175
vn 0.308 0.919 0.247
vn 0.039 0.976 0.215
vn -0.040 0.995 0.090
vn -0.097 0.979 -0.177
vn 0.027 0.991 -0.132
vn 0.132 0.985 -0.113
vn -0.010 0.967 0.256
vn -0.041 0.993 -0.108
vn -0.189 0.977 -0.095
vn 0.127 0.961 0.246
vn -0.060 0.980 -0.189
vn -0.025 0.992 -0.121
vn -0.054 0.998 0.041
vn 0.039 0.999 0.006
vn 0.063 0.995 -0.077
vn 0.080 0.988 -0.129
vn -0.017 0.994 -0.111
vn -0.030 0.993 -0.110
vn 0.040 0.991 -0.128
vn -0.157 0.984 0.081
vn -0.072 0.997 0.028
vn 0.224 0.975 -0.013
vn 0.024 0.990 -0.142
vn -0.239 0.970 0.047
vn -0.003 0.986 0.168
vn 0.034 0.999 -0.015
vn 0.129 0.987 -0.092
vn -0.281 0.952 0.124
vn -0.309 0.951 0.022
vn -0.069 0.998 0.009
vn -0.070 0.997 0.045
vn -0.064 0.995 0.079
vn -0.011 1.000 -0.009
vn 0.027 0.998 -0.065
vn 0.081 0.989 0.124
vn -0.037 0.999 0.009
vn 0.012 0.999 0.051
vn -0.026 0.998 0.050
vn 0.247 0.850 0.465
vn 0.057 0.847 0.528
vn -0.014 0.997 0.082
vn -0.153 0.844 0.514
vn -0.080 0.920 0.383
vn 0.047 0.988 0.147
vn 0.156 0.963 0.218
vn 0.133 0.989 0.057
vn 0.163 0.986 0.035
vn -0.037 0.999 -0.017
vn 0.105 0.994 0.004
vn -0.202 0.976 -0.079
vn -0.196 0.967 -0.163
vn -0.452 0.892 0.028
vn 0.586 0.796 0.153
vn -0.004 0.800 -0.601
vn 0.268 0.957 0.108
vn 0.303 0.952 -0.050
vn -0.123 0.992 0.005
vn 0.487 0.874 -0.006
vn -0.101 0.973 0.209
vn 0.214 0.916 -0.338
vn -0.182 0.977 -0.112
vn -0.097 0.959 0.267
vn 0.012 0.966 -0.258
vn -0.134 0.991 0.016
vn 0.150 0.918 0.368
vn -0.083 0.996 -0.016
vn 0.065 0.998 -0.003
vn 0.121 0.992 0.018
vn 0.162 0.983 -0.082
vn -0.018 0.993 -0.118
vn -0.015 0.992 -0.124
vn -0.042 0.994 -0.103
vn -0.126 0.992 -0.033
vn -0.018 0.999 -0.035
vn 0.046 0.996 -0.077
vn -0.051 0.994 0.100
vn -0.096 0.995 -0.033
vn 0.105 0.993 -0.059
vn -0.051 0.998 -0.021
vn -0.458 0.854 0.248
vn -0.242 0.933 0.264
vn -0.400 0.897 0.186
vn -0.125 0.986 -0.111
vn -0.477 0.878 -0.033
vn -0.048 0.994 0.100
vn -0.026 1.000 0.017
vn -0.090 0.996 0.028
vn 0.042 0.996 -0.074
vn 0.050 0.998 -0.038
vn 0.186 0.913 -0.364
vn 0.011 0.960 -0.280
vn -0.023 0.960 -0.279
vn 0.161 0.979 -0.122
vn -0.061 0.962 -0.266
vn 0.068 0.993 -0.092
vn -0.104 0.985 -0.135
vn -0.063 0.998 -0.004
vn 0.032 0.999 0.017
vn 0.003 1.000 0.014
vn -0.009 1.000 0.013
vn -0.057 0.998 -0.005
vn 0.366 0.927 0.086
vn 0.300 0.945 0.131
vn 0.344 0.939 -0.017
vn -0.022 0.999 -0.027
vn 0.103 0.995 0.015
vn -0.207 0.974 0.095
vn -0.331 0.935 0.125
vn -0.351 0.936 -0.018
vn -0.031 0.939 0.342
vn -0.060 0.993 0.104
vn -0.159 0.906 0.392
vn 0.104 0.984 -0.146
vn -0.123 0.973 0.196
vn 0.383 0.918 0.104
vn 0.227 0.831 0.508
vn 0.046 0.998 -0.042
vn -0.097 0.995 0.028
vn 0.004 0.998 0.063
vn 0.171 0.985 0.025
vn 0.170 0.985 0.044
vn 0.012 0.999 0.045
vn 0.018 1.000 -0.021
vn -0.005 0.998 -0.062
vn -0.112 0.993 -0.035
vn -0.007 0.999 -0.039
vn -0.026 0.998 0.059
vn -0.067 0.995 0.075
vn 0.166 0.985 -0.054
vn -0.079 0.996 -0.050
vn -0.403 0.910 -0.095
vn -0.269 0.963 -0.008
vn -0.031 0.999 0.010
vn -0.039 0.999 0.003
vn -0.003 1.000 0.028
vn 0.124 0.991 0.044
vn 0.306 0.952 -0.032
vn -0.041 0.997 0.063
vn 0.103 0.993 -0.054
vn -0.183 0.965 0.188
vn -0.081 0.995 -0.051
vn 0.145 0.987 0.071
vn 0.065 0.998 -0.007
vn -0.035 0.965 -0.260
vn -0.243 0.945 -0.219
vn -0.085 0.966 -0.245
vn -0.497 0.862 0.097
vn 0.266 0.964 -0.028
vn -0.127 0.977 0.173
vn -0.195 0.980 -0.030
vn -0.108 0.993 0.047
vn 0.028 0.999 0.030
vn 0.002 0.999 0.035
vn 0.016 1.000 0.014
vn -0.041 0.999 0.010
vn 0.187 0.979 0.087
vn 0.175 0.961 0.212
vn 0.148 0.977 0.156
vn 0.015 0.998 -0.067
vn 0.503 0.844 0.185
vn 0.035 0.996 0.080
vn -0.161 0.987 -0.006
vn -0.055 0.996 -0.073
vn 0.005 0.997 -0.079
vn 0.005 1.000 0.012
vn -0.145 0.981 0.131
vn -0.054 0.998 0.027
vn 0.044 0.998 -0.039
vn 0.143 0.990 0.007
vn 0.129 0.989 0.077
vn 0.085 0.996 0.014
vn -0.001 0.998 0.067
vn 0.050 0.996 0.078
vn -0.094 0.996 -0.008
vn -0.056 0.998 -0.027
vn -0.123 0.990 0.072
vn 0.098 0.995 -0.025
vn 0.141 0.990 -0.006
vn 0.059 0.997 0.046
vn -0.489 0.871 0.038
vn -0.281 0.951 0.132
vn -0.564 0.807 0.175
vn -0.011 0.993 -0.120
vn -0.680 0.733 -0.007
vn -0.510 0.856 -0.081
vn 0.032 0.999 0.022
vn -0.032 0.999 0.035
vn -0.034 0.999 0.021
vn -0.010 1.000 0.007
vn 0.106 0.994 0.014
vn 0.074 0.994 0.085
vn 0.019 1.000 -0.005
vn 0.041 0.999 -0.008
vn 0.205 0.978 0.046
vn -0.081 0.993 0.085
vn -0.256 0.932 0.258
vn -0.158 0.980 0.121
vn -0.367 0.920 0.138
vn -0.183 0.982 0.051
vn -0.080 0.996 -0.044
vn 0.119 0.987 -0.106
vn -0.014 0.907 -0.421
vn 0.056 0.998 0.022
vn 0.042 0.996 -0.077
vn -0.076 0.976 -0.206
vn -0.027 0.999 0.047
vn -0.028 1.000 0.002
vn 0.427 0.831 0.356
vn 0.466 0.877 0.118
vn 0.391 0.881 0.267
vn 0.226 0.925 0.306
vn -0.163 0.985 -0.063
vn 0.183 0.935 0.303
vn -0.065 0.997 0.035
vn 0.165 0.973 0.162
vn -0.074 0.991 0.108
vn -0.027 0.986 0.162
vn -0.022 0.985 0.168
vn -0.025 0.997 0.069
vn 0.026 0.999 -0.027
vn 0.024 0.999 -0.035
vn 0.093 0.994 -0.051
vn 0.107 0.993 0.049
vn 0.012 0.984 0.176
vn -0.025 0.980 0.196
vn 0.233 0.969 0.086
vn -0.059 0.998 -0.029
vn -0.099 0.994 -0.043
vn -0.126 0.992 0.024
vn 0.083 0.995 0.046
vn 0.052 0.988 0.143
vn -0.020 0.980 0.197
vn -0.351 0.935 -0.046
vn -0.443 0.809 -0.385
vn -0.193 0.974 -0.121
vn -0.322 0.900 -0.293
vn -0.222 0.975 -0.015
vn -0.017 0.998 0.056
vn -0.361 0.922 -0.142
vn -0.051 0.998 0.035
vn -0.076 0.996 -0.050
vn 0.028 0.999 0.024
vn 0.016 1.000 0.025
vn 0.010 0.999 0.047
vn 0.021 0.992 0.121
vn -0.099 0.981 0.168
vn 0.068 0.991 0.116
vn -0.029 0.996 0.086
vn 0.002 0.999 0.034
vn 0.049 0.998 -0.032
vn 0.190 0.965 -0.182
vn 0.246 0.961 0.125
vn 0.415 0.910 -0.013
vn 0.486 0.870 0.090
vn 0.047 0.993 0.111
vn -0.047 0.938 -0.342
vn 0.490 0.866 -0.103
vn -0.120 0.888 -0.443
vn 0.065 0.839 -0.540
vn -0.176 0.984 -0.035
vn -0.162 0.867 -0.471
vn -0.377 0.913 -0.154
vn -0.056 0.918 -0.392
vn 0.001 0.999 0.052
vn -0.004 0.999 -0.033
vn -0.189 0.965 -0.184
vn 0.180 0.974 0.139
vn 0.333 0.935 0.118
vn 0.124 0.990 0.060
vn -0.145 0.989 0.016
vn -0.086 0.991 0.100
vn 0.038 0.998 0.042
vn 0.076 0.996 -0.044
vn 0.051 0.997 -0.063
vn 0.081 0.991 -0.107
vn 0.004 1.000 -0.029
vn -0.104 0.993 0.056
vn 0.016 0.997 0.081
vn 0.059 0.998 -0.004
vn 0.255 0.966 -0.032
vn 0.076 0.996 0.035
vn -0.172 0.984 0.051
vn -0.079 0.997 -0.016
vn -0.036 0.998 0.045
vn 0.037 0.996 0.076
vn 0.051 0.997 0.063
vn 0.103 0.994 0.036
vn 0.162 0.976 0.148
vn 0.012 0.995 -0.101
vn -0.403 0.871 -0.282
vn -0.462 0.859 -0.220
vn -0.261 0.940 -0.219
vn 0.088 0.974 -0.209
vn 0.241 0.882 -0.405
vn -0.041 0.986 -0.160
vn 0.016 0.742 -0.671
vn 0.103 0.953 -0.285
vn -0.085 0.917 -0.389
vn 0.143 0.869 -0.473
vn -0.197 0.967 -0.164
vn -0.352 0.848 -0.396
vn -0.129 0.966 -0.225
vn -0.106 0.928 -0.357
vn -0.046 0.933 -0.356
vn -0.027 0.984 -0.174
vn -0.090 0.994 -0.061
vn 0.013 0.993 -0.120
vn 0.216 0.967 -0.133
vn 0.105 0.989 -0.101
vn 0.181 0.982 -0.060
vn -0.066 0.983 0.174
vn 0.095 0.985 0.143
vn -0.029 0.986 -0.165
vn -0.096 0.993 0.068
vn -0.217 0.953 -0.210
vn -0.409 0.910 -0.073
vn -0.393 0.832 -0.392
vn -0.295 0.937 -0.188
vn -0.177 0.984 -0.005
vn 0.018 0.965 -0.260
vn -0.146 0.967 -0.209
vn 0.415 0.906 0.081
vn 0.395 0.903 0.170
vn 0.536 0.824 -0.184
vn -0.138 0.986 -0.090
vn 0.527 0.774 -0.350
vn 0.228 0.855 -0.465
vn -0.137 0.980 0.141
vn -0.183 0.982 0.052
vn -0.013 1.000 -0.001
vn 0.133 0.986 -0.099
vn 0.039 0.998 -0.046
vn 0.033 0.998 0.051
vn -0.018 0.989 0.146
vn 0.019 0.982 0.185
vn -0.086 0.990 0.108
vn -0.014 0.999 0.029
vn 0.049 0.999 -0.018
vn 0.107 0.994 -0.012
vn 0.076 0.996 0.039
vn 0.290 0.889 0.354
vn -0.095 0.995 0.027
vn -0.072 0.996 -0.050
vn -0.093 0.995 0.027
vn 0.049 0.999 -0.003
vn 0.007 1.000 0.019
vn -0.003 0.992 0.130
vn 0.089 0.965 0.246
vn -0.001 0.980 0.198
vn 0.005 0.976 0.218
vn -0.074 0.997 0.023
vn -0.009 0.954 0.301
vn -0.012 0.991 -0.132
vn 0.019 0.991 -0.132
vn -0.016 0.973 0.229
vn -0.205 0.970 -0.133
vn -0.156 0.964 -0.215
vn -0.018 0.995 -0.097
vn -0.062 0.959 -0.275
vn 0.004 0.978 -0.208
vn 0.114 0.874 -0.473
vn 0.199 0.865 -0.460
vn 0.027 0.865 -0.501
vn -0.054 0.998 0.037
vn 0.107 0.990 -0.095
vn 0.231 0.957 -0.177
vn -0.146 0.977 0.155
vn -0.028 0.991 0.129
vn 0.031 0.995 0.093
vn 0.060 0.983 0.172
vn 0.110 0.990 0.084
vn 0.067 0.978 0.196
vn -0.193 0.943 -0.271
vn -0.046 0.904 -0.424
vn -0.305 0.844 -0.442
vn -0.040 0.995 0.089
vn 0.157 0.974 -0.165
vn 0.101 0.972 -0.212
vn -0.050 0.968 0.247
vn -0.114 0.993 0.035
vn -0.112 0.993 0.020
vn -0.119 0.990 0.078
vn 0.067 0.997 -0.036
vn 0.080 0.997 0.011
vn -0.057 0.996 0.062
vn -0.057 0.990 0.126
vn 0.022 0.992 0.121
vn 0.070 0.997 0.027
vn 0.031 0.998 0.057
vn 0.003 0.997 0.078
vn 0.082 0.995 0.062
vn 0.185 0.970 0.159
vn -0.265 0.952 0.153
vn 0.174 0.974 0.145
vn 0.328 0.904 0.275
vn 0.344 0.915 0.212
vn -0.005 1.000 -0.018
vn 0.598 0.774 0.205
vn 0.157 0.967 0.201
vn -0.117 0.993 0.016
vn -0.063 0.998 -0.017
vn 0.040 0.999 0.020
vn -0.031 0.997 0.067
vn -0.021 1.000 0.004
vn -0.053 0.998 0.016
vn -0.021 0.999 0.032
vn -0.001 1.000 0.025
vn 0.031 0.998 0.060
vn 0.158 0.980 0.121
vn -0.057 0.990 -0.127
vn 0.039 0.999 0.030
vn -0.129 0.980 0.149
vn -0.093 0.979 0.180
vn -0.101 0.980 0.169
vn -0.070 0.992 0.104
vn 0.116 0.990 -0.078
vn -0.085 0.996 0.040
vn -0.025 0.993 0.115
vn -0.037 0.982 0.184
vn 0.024 0.992 0.127
vn 0.029 0.998 0.063
vn -0.024 0.998 0.062
vn 0.071 0.997 0.039
vn 0.091 0.995 -0.033
vn -0.090 0.996 -0.030
vn -0.093 0.996 -0.008
vn 0.039 0.999 0.013
vn 0.053 0.996 0.065
vn 0.061 0.998 0.004
vn 0.033 0.999 0.014
vn 0.090 0.993 -0.077
vn 0.051 0.998 -0.023
vn -0.172 0.924 -0.342
vn -0.105 0.994 0.018
vn 0.398 0.900 0.180
vn 0.072 0.964 0.257
vn 0.372 0.903 0.214
vn 0.339 0.941 0.005
vn 0.235 0.967 0.099
vn 0.193 0.979 -0.057
vn -0.045 0.999 -0.011
vn -0.092 0.994 -0.052
vn -0.064 0.994 -0.084
vn -0.014 0.990 0.140
vn 0.008 0.994 0.111
vn 0.012 0.992 -0.123
vn -0.076 0.996 -0.041
vn -0.010 0.999 -0.042
vn -0.028 1.000 -0.006
vn 0.017 0.999 0.033
vn 0.086 0.988 0.130
vn -0.032 0.967 0.253
vn -0.090 0.974 0.209
vn -0.058 0.996 0.068
vn 0.077 0.992 -0.102
vn 0.026 0.999 -0.028
vn -0.147 0.967 0.209
vn -0.005 1.000 0.004
vn -0.021 1.000 0.006
vn 0.062 0.998 0.003
vn -0.010 0.995 0.102
vn 0.009 0.997 0.077
vn 0.151 0.987 -0.056
vn 0.076 0.991 -0.107
vn -0.148 0.989 -0.028
vn -0.056 0.994 -0.094
vn -0.001 1.000 -0.015
vn 0.093 0.995 -0.022
vn 0.018 1.000 -0.008
vn 0.129 0.992 -0.002
vn 0.056 0.983 -0.173
vn -0.017 0.998 -0.062
vt 0.000000 0.000000
vt 0.031250 0.000000
vt 0.062500 0.000000
vt 0.093750 0.000000
vt 0.125000 0.000000
vt 0.156250 0.000000
vt 0.187500 0.000000
vt 0.218750 0.000000
vt 0.250000 0.000000
vt 0.281250 0.000000
vt 0.312500 0.000000
vt 0.343750 0.000000
vt 0.375000 0.000000
vt 0.359375 0.000000
vt 0.406250 0.000000
vt 0.437500 0.000000
vt 0.421875 0.000000
vt 0.429688 0.000000
vt 0.468750 0.000000
vt 0.500000 0.000000
vt 0.531250 0.000000
vt 0.562500 0.000000
vt 0.593750 0.000000
vt 0.578125 0.000000
vt 0.625000 0.000000
vt 0.656250 0.000000
vt 0.687500 0.000000
vt 0.718750 0.000000
vt 0.750000 0.000000
vt 0.781250 0.000000
vt 0.812500 0.000000
vt 0.843750 0.000000
vt 0.875000 0.000000
vt 0.906250 0.000000
vt 0.937500 0.000000
vt 0.968750 0.000000
vt 1.000000 0.000000
vt 0.000000 0.031265
vt 0.000000 0.015633
vt 0.015625 0.015633
vt 0.031250 0.031265
vt 0.031250 0.015633
vt 0.046875 0.015633
vt 0.039063 0.023449
vt 0.062500 0.031265
vt 0.046875 0.031265
vt 0.039063 0.031265
vt 0.093750 0.031265
vt 0.125000 0.031265
vt 0.156250 0.031265
vt 0.187500 0.031265
vt 0.218750 0.031265
vt 0.250000 0.031265
vt 0.281250 0.031265
vt 0.312500 0.031265
vt 0.343750 0.031265
vt 0.359375 0.015633
vt 0.367188 0.007816
vt 0.375000 0.031265
vt 0.375000 0.015633
vt 0.390625 0.015633
vt 0.406250 0.031265
vt 0.406250 0.015633
vt 0.390625 0.031265
vt 0.421875 0.015633
vt 0.414063 0.007816
vt 0.421875 0.007816
vt 0.429688 0.007816
vt 0.425781 0.003908
vt 0.437500 0.031265
vt 0.437500 0.015633
vt 0.453125 0.015633
vt 0.468750 0.031265
vt 0.484375 0.015633
vt 0.500000 0.031265
vt 0.531250 0.031265
vt 0.562500 0.031265
vt 0.578125 0.015633
vt 0.593750 0.031265
vt 0.625000 0.031265
vt 0.656250 0.031265
vt 0.687500 0.031265
vt 0.718750 0.031265
vt 0.750000 0.031265
vt 0.781250 0.031265
vt 0.812500 0.031265
vt 0.843750 0.031265
vt 0.875000 0.031265
vt 0.906250 0.031265
vt 0.937500 0.031265
vt 0.968750 0.031265
vt 1.000000 0.031265
vt 0.000000 0.062531
vt 0.015625 0.046898
vt 0.031250 0.062531
vt 0.031250 0.046898
vt 0.046875 0.046898
vt 0.039063 0.039082
vt 0.039063 0.054714
vt 0.062500 0.062531
vt 0.046875 0.062531
vt 0.093750 0.062531
vt 0.125000 0.062531
vt 0.156250 0.062531
vt 0.187500 0.062531
vt 0.218750 0.062531
vt 0.250000 0.062531
vt 0.265625 0.046898
vt 0.281250 0.062531
vt 0.312500 0.062531
vt 0.343750 0.062531
vt 0.359375 0.046898
vt 0.375000 0.062531
vt 0.375000 0.046898
vt 0.382813 0.039082
vt 0.382813 0.046898
vt 0.390625 0.046898
vt 0.382813 0.054714
vt 0.406250 0.062531
vt 0.390625 0.062531
vt 0.437500 0.062531
vt 0.468750 0.062531
vt 0.500000 0.062531
vt 0.531250 0.062531
vt 0.562500 0.062531
vt 0.593750 0.062531
vt 0.625000 0.062531
vt 0.656250 0.062531
vt 0.687500 0.062531
vt 0.718750 0.062531
vt 0.750000 0.062531
vt 0.781250 0.062531
vt 0.812500 0.062531
vt 0.843750 0.062531
vt 0.875000 0.062531
vt 0.906250 0.062531
vt 0.937500 0.062531
vt 0.968750 0.062531
vt 0.984375 0.046898
vt 1.000000 0.062531
vt 1.000000 0.046898
vt 0.000000 0.093796
vt 0.015625 0.078163
vt 0.031250 0.093796
vt 0.031250 0.078163
vt 0.039063 0.070347
vt 0.039063 0.078163
vt 0.046875 0.078163
vt 0.039063 0.085979
vt 0.062500 0.093796
vt 0.046875 0.093796
vt 0.093750 0.093796
vt 0.125000 0.093796
vt 0.156250 0.093796
vt 0.187500 0.093796
vt 0.218750 0.093796
vt 0.250000 0.093796
vt 0.281250 0.093796
vt 0.312500 0.093796
vt 0.343750 0.093796
vt 0.375000 0.093796
vt 0.390625 0.078163
vt 0.406250 0.093796
vt 0.437500 0.093796
vt 0.468750 0.093796
vt 0.500000 0.093796
vt 0.531250 0.093796
vt 0.562500 0.093796
vt 0.593750 0.093796
vt 0.625000 0.093796
vt 0.656250 0.093796
vt 0.687500 0.093796
vt 0.718750 0.093796
vt 0.750000 0.093796
vt 0.781250 0.093796
vt 0.812500 0.093796
vt 0.843750 0.093796
vt 0.875000 0.093796
vt 0.906250 0.093796
vt 0.937500 0.093796
vt 0.968750 0.093796
vt 1.000000 0.093796
vt 0.000000 0.125061
vt 0.031250 0.125061
vt 0.046875 0.109428
vt 0.062500 0.109428
vt 0.054688 0.117245
vt 0.062500 0.125061
vt 0.062500 0.117245
vt 0.046875 0.125061
vt 0.078125 0.109428
vt 0.070313 0.117245
vt 0.066406 0.121153
vt 0.093750 0.125061
vt 0.078125 0.125061
vt 0.070313 0.125061
vt 0.109375 0.109428
vt 0.125000 0.125061
vt 0.156250 0.125061
vt 0.187500 0.125061
vt 0.218750 0.125061
vt 0.250000 0.125061
vt 0.281250 0.125061
vt 0.312500 0.125061
vt 0.343750 0.125061
vt 0.375000 0.125061
vt 0.406250 0.125061
vt 0.437500 0.125061
vt 0.453125 0.109428
vt 0.468750 0.125061
vt 0.500000 0.125061
vt 0.531250 0.125061
vt 0.562500 0.125061
vt 0.593750 0.125061
vt 0.625000 0.125061
vt 0.656250 0.125061
vt 0.687500 0.125061
vt 0.703125 0.109428
vt 0.718750 0.125061
vt 0.718750 0.109428
vt 0.734375 0.109428
vt 0.750000 0.125061
vt 0.781250 0.125061
vt 0.812500 0.125061
vt 0.843750 0.125061
vt 0.875000 0.125061
vt 0.906250 0.125061
vt 0.937500 0.125061
vt 0.968750 0.125061
vt 1.000000 0.125061
vt 0.000000 0.156326
vt 0.000000 0.140694
vt 0.015625 0.140694
vt 0.031250 0.156326
vt 0.046875 0.140694
vt 0.062500 0.156326
vt 0.062500 0.140694
vt 0.078125 0.140694
vt 0.070313 0.132877
vt 0.070313 0.148510
vt 0.085938 0.132877
vt 0.078125 0.132877
vt 0.082031 0.136786
vt 0.085938 0.148510
vt 0.093750 0.140694
vt 0.085938 0.140694
vt 0.093750 0.156326
vt 0.078125 0.156326
vt 0.109375 0.140694
vt 0.125000 0.156326
vt 0.125000 0.140694
vt 0.140625 0.140694
vt 0.132813 0.148510
vt 0.156250 0.156326
vt 0.140625 0.156326
vt 0.187500 0.156326
vt 0.218750 0.156326
vt 0.250000 0.156326
vt 0.281250 0.156326
vt 0.296875 0.140694
vt 0.312500 0.156326
vt 0.312500 0.140694
vt 0.328125 0.140694
vt 0.343750 0.156326
vt 0.359375 0.140694
vt 0.375000 0.156326
vt 0.359375 0.156326
vt 0.406250 0.156326
vt 0.437500 0.156326
vt 0.453125 0.140694
vt 0.468750 0.156326
vt 0.453125 0.156326
vt 0.500000 0.156326
vt 0.531250 0.156326
vt 0.562500 0.156326
vt 0.593750 0.156326
vt 0.625000 0.156326
vt 0.656250 0.156326
vt 0.687500 0.156326
vt 0.718750 0.156326
vt 0.750000 0.156326
vt 0.781250 0.156326
vt 0.812500 0.156326
vt 0.828125 0.140694
vt 0.843750 0.156326
vt 0.843750 0.140694
vt 0.859375 0.140694
vt 0.875000 0.156326
vt 0.906250 0.156326
vt 0.937500 0.156326
vt 0.968750 0.156326
vt 1.000000 0.156326
vt 0.000000 0.187592
vt 0.015625 0.171959
vt 0.031250 0.187592
vt 0.046875 0.171959
vt 0.062500 0.187592
vt 0.046875 0.187592
vt 0.078125 0.171959
vt 0.093750 0.187592
vt 0.078125 0.187592
vt 0.125000 0.187592
vt 0.140625 0.171959
vt 0.156250 0.187592
vt 0.187500 0.187592
vt 0.218750 0.187592
vt 0.250000 0.187592
vt 0.281250 0.187592
vt 0.312500 0.187592
vt 0.343750 0.187592
vt 0.359375 0.171959
vt 0.375000 0.187592
vt 0.406250 0.187592
vt 0.437500 0.187592
vt 0.453125 0.171959
vt 0.468750 0.187592
vt 0.468750 0.171959
vt 0.484375 0.171959
vt 0.476563 0.179775
vt 0.500000 0.171959
vt 0.492188 0.179775
vt 0.500000 0.187592
vt 0.484375 0.187592
vt 0.484375 0.179775
vt 0.515625 0.171959
vt 0.531250 0.187592
vt 0.562500 0.187592
vt 0.593750 0.187592
vt 0.625000 0.187592
vt 0.656250 0.187592
vt 0.687500 0.187592
vt 0.718750 0.187592
vt 0.750000 0.187592
vt 0.781250 0.187592
vt 0.812500 0.187592
vt 0.843750 0.187592
vt 0.875000 0.187592
vt 0.906250 0.187592
vt 0.937500 0.187592
vt 0.968750 0.187592
vt 1.000000 0.187592
vt 0.000000 0.218857
vt 0.031250 0.218857
vt 0.046875 0.203224
vt 0.054688 0.195408
vt 0.062500 0.218857
vt 0.062500 0.203224
vt 0.062500 0.195408
vt 0.078125 0.203224
vt 0.070313 0.195408
vt 0.093750 0.218857
vt 0.078125 0.218857
vt 0.109375 0.203224
vt 0.125000 0.218857
vt 0.125000 0.203224
vt 0.140625 0.203224
vt 0.132813 0.211041
vt 0.156250 0.203224
vt 0.148437 0.211041
vt 0.156250 0.218857
vt 0.156250 0.211041
vt 0.140625 0.218857
vt 0.171875 0.203224
vt 0.164063 0.211041
vt 0.187500 0.203224
vt 0.179687 0.211041
vt 0.187500 0.218857
vt 0.171875 0.218857
vt 0.203125 0.203224
vt 0.218750 0.218857
vt 0.250000 0.218857
vt 0.281250 0.218857
vt 0.312500 0.218857
vt 0.343750 0.218857
vt 0.375000 0.218857
vt 0.406250 0.218857
vt 0.437500 0.218857
vt 0.468750 0.218857
vt 0.484375 0.203224
vt 0.500000 0.218857
vt 0.531250 0.218857
vt 0.546875 0.203224
vt 0.562500 0.218857
vt 0.593750 0.218857
vt 0.625000 0.218857
vt 0.656250 0.218857
vt 0.687500 0.218857
vt 0.718750 0.218857
vt 0.750000 0.218857
vt 0.781250 0.218857
vt 0.796875 0.203224
vt 0.812500 0.203224
vt 0.804687 0.211041
vt 0.812500 0.218857
vt 0.812500 0.211041
vt 0.796875 0.218857
vt 0.828125 0.203224
vt 0.820313 0.211041
vt 0.843750 0.218857
vt 0.828125 0.218857
vt 0.875000 0.218857
vt 0.906250 0.218857
vt 0.921875 0.203224
vt 0.937500 0.218857
vt 0.968750 0.218857
vt 1.000000 0.218857
vt 0.000000 0.250122
vt 0.031250 0.250122
vt 0.062500 0.250122
vt 0.078125 0.234490
vt 0.085938 0.226673
vt 0.093750 0.250122
vt 0.093750 0.234490
vt 0.109375 0.234490
vt 0.101563 0.242306
vt 0.125000 0.250122
vt 0.109375 0.250122
vt 0.140625 0.234490
vt 0.156250 0.250122
vt 0.156250 0.234490
vt 0.171875 0.234490
vt 0.187500 0.250122
vt 0.218750 0.250122
vt 0.250000 0.250122
vt 0.281250 0.250122
vt 0.312500 0.250122
vt 0.343750 0.250122
vt 0.375000 0.250122
vt 0.406250 0.250122
vt 0.437500 0.250122
vt 0.468750 0.250122
vt 0.500000 0.250122
vt 0.531250 0.250122
vt 0.546875 0.234490
vt 0.562500 0.250122
vt 0.593750 0.250122
vt 0.625000 0.250122
vt 0.656250 0.250122
vt 0.687500 0.250122
vt 0.703125 0.234490
vt 0.718750 0.250122
vt 0.703125 0.250122
vt 0.734375 0.234490
vt 0.750000 0.234490
vt 0.742188 0.242306
vt 0.750000 0.250122
vt 0.734375 0.250122
vt 0.765625 0.234490
vt 0.781250 0.250122
vt 0.796875 0.234490
vt 0.812500 0.250122
vt 0.828125 0.234490
vt 0.835938 0.226673
vt 0.843750 0.250122
vt 0.843750 0.234490
vt 0.859375 0.234490
vt 0.875000 0.250122
vt 0.906250 0.250122
vt 0.937500 0.250122
vt 0.968750 0.250122
vt 1.000000 0.250122
vt 0.000000 0.281387
vt 0.031250 0.281387
vt 0.062500 0.281387
vt 0.093750 0.281387
vt 0.109375 0.265755
vt 0.117187 0.257938
vt 0.125000 0.281387
vt 0.125000 0.265755
vt 0.140625 0.265755
vt 0.156250 0.281387
vt 0.187500 0.281387
vt 0.218750 0.281387
vt 0.250000 0.281387
vt 0.281250 0.281387
vt 0.312500 0.281387
vt 0.343750 0.281387
vt 0.375000 0.281387
vt 0.406250 0.281387
vt 0.437500 0.281387
vt 0.468750 0.281387
vt 0.500000 0.281387
vt 0.531250 0.281387
vt 0.546875 0.265755
vt 0.562500 0.281387
vt 0.562500 0.265755
vt 0.578125 0.265755
vt 0.570313 0.273571
vt 0.593750 0.265755
vt 0.585938 0.273571
vt 0.593750 0.281387
vt 0.578125 0.281387
vt 0.578125 0.273571
vt 0.609375 0.265755
vt 0.625000 0.265755
vt 0.617188 0.273571
vt 0.625000 0.281387
vt 0.625000 0.273571
vt 0.609375 0.281387
vt 0.640625 0.265755
vt 0.632813 0.273571
vt 0.656250 0.281387
vt 0.656250 0.265755
vt 0.640625 0.281387
vt 0.671875 0.265755
vt 0.687500 0.281387
vt 0.687500 0.265755
vt 0.703125 0.265755
vt 0.710938 0.257938
vt 0.718750 0.281387
vt 0.718750 0.265755
vt 0.718750 0.257938
vt 0.734375 0.265755
vt 0.726562 0.257938
vt 0.750000 0.281387
vt 0.781250 0.281387
vt 0.812500 0.281387
vt 0.828125 0.265755
vt 0.843750 0.281387
vt 0.859375 0.265755
vt 0.875000 0.281387
vt 0.859375 0.281387
vt 0.890625 0.265755
vt 0.906250 0.265755
vt 0.898438 0.273571
vt 0.906250 0.281387
vt 0.890625 0.281387
vt 0.921875 0.265755
vt 0.937500 0.281387
vt 0.953125 0.265755
vt 0.968750 0.281387
vt 0.953125 0.281387
vt 0.984375 0.265755
vt 1.000000 0.281387
vt 0.984375 0.281387
vt 0.000000 0.312653
vt 0.031250 0.312653
vt 0.062500 0.312653
vt 0.093750 0.312653
vt 0.125000 0.312653
vt 0.140625 0.297020
vt 0.156250 0.312653
vt 0.156250 0.297020
vt 0.171875 0.297020
vt 0.164063 0.304836
vt 0.187500 0.312653
vt 0.171875 0.312653
vt 0.218750 0.312653
vt 0.250000 0.312653
vt 0.281250 0.312653
vt 0.312500 0.312653
vt 0.343750 0.312653
vt 0.375000 0.312653
vt 0.406250 0.312653
vt 0.437500 0.312653
vt 0.468750 0.312653
vt 0.500000 0.312653
vt 0.531250 0.312653
vt 0.562500 0.312653
vt 0.578125 0.297020
vt 0.593750 0.312653
vt 0.609375 0.297020
vt 0.625000 0.312653
vt 0.640625 0.297020
vt 0.656250 0.312653
vt 0.687500 0.312653
vt 0.718750 0.312653
vt 0.750000 0.312653
vt 0.781250 0.312653
vt 0.812500 0.312653
vt 0.843750 0.312653
vt 0.859375 0.297020
vt 0.867188 0.289204
vt 0.875000 0.312653
vt 0.875000 0.297020
vt 0.890625 0.297020
vt 0.882813 0.289204
vt 0.906250 0.312653
vt 0.937500 0.312653
vt 0.953125 0.297020
vt 0.968750 0.312653
vt 0.968750 0.297020
vt 0.984375 0.297020
vt 0.976562 0.289204
vt 0.992188 0.289204
vt 0.984375 0.289204
vt 1.000000 0.312653
vt 1.000000 0.297020
vt 0.000000 0.343918
vt 0.000000 0.328285
vt 0.015625 0.328285
vt 0.031250 0.343918
vt 0.062500 0.343918
vt 0.093750 0.343918
vt 0.125000 0.343918
vt 0.156250 0.343918
vt 0.171875 0.328285
vt 0.179687 0.320469
vt 0.179687 0.336102
vt 0.187500 0.328285
vt 0.179687 0.328285
vt 0.187500 0.343918
vt 0.171875 0.343918
vt 0.203125 0.328285
vt 0.218750 0.343918
vt 0.250000 0.343918
vt 0.281250 0.343918
vt 0.312500 0.343918
vt 0.343750 0.343918
vt 0.359375 0.328285
vt 0.375000 0.343918
vt 0.359375 0.343918
vt 0.406250 0.343918
vt 0.437500 0.343918
vt 0.468750 0.343918
vt 0.500000 0.343918
vt 0.531250 0.343918
vt 0.562500 0.343918
vt 0.593750 0.343918
vt 0.625000 0.343918
vt 0.656250 0.343918
vt 0.687500 0.343918
vt 0.718750 0.343918
vt 0.750000 0.343918
vt 0.781250 0.343918
vt 0.812500 0.343918
vt 0.843750 0.343918
vt 0.859375 0.328285
vt 0.875000 0.343918
vt 0.875000 0.328285
vt 0.859375 0.343918
vt 0.890625 0.328285
vt 0.882813 0.336102
vt 0.906250 0.343918
vt 0.906250 0.328285
vt 0.890625 0.343918
vt 0.921875 0.328285
vt 0.914063 0.336102
vt 0.937500 0.328285
vt 0.929687 0.336102
vt 0.937500 0.343918
vt 0.921875 0.343918
vt 0.921875 0.336102
vt 0.953125 0.328285
vt 0.968750 0.343918
vt 1.000000 0.343918
vt 0.000000 0.375183
vt 0.031250 0.375183
vt 0.062500 0.375183
vt 0.093750 0.375183
vt 0.125000 0.375183
vt 0.140625 0.359551
vt 0.156250 0.359551
vt 0.148437 0.367367
vt 0.156250 0.375183
vt 0.140625 0.375183
vt 0.171875 0.359551
vt 0.179687 0.351734
vt 0.187500 0.375183
vt 0.187500 0.359551
vt 0.203125 0.359551
vt 0.218750 0.375183
vt 0.203125 0.375183
vt 0.250000 0.375183
vt 0.281250 0.375183
vt 0.312500 0.375183
vt 0.343750 0.375183
vt 0.359375 0.359551
vt 0.375000 0.375183
vt 0.406250 0.375183
vt 0.437500 0.375183
vt 0.468750 0.375183
vt 0.500000 0.375183
vt 0.531250 0.375183
vt 0.562500 0.375183
vt 0.593750 0.375183
vt 0.625000 0.375183
vt 0.656250 0.375183
vt 0.687500 0.375183
vt 0.718750 0.375183
vt 0.750000 0.375183
vt 0.781250 0.375183
vt 0.812500 0.375183
vt 0.828125 0.359551
vt 0.843750 0.375183
vt 0.843750 0.359551
vt 0.859375 0.359551
vt 0.851562 0.367367
vt 0.867188 0.351734
vt 0.867188 0.367367
vt 0.875000 0.359551
vt 0.867188 0.359551
vt 0.875000 0.375183
vt 0.859375 0.375183
vt 0.851562 0.375183
vt 0.890625 0.359551
vt 0.906250 0.375183
vt 0.921875 0.359551
vt 0.937500 0.375183
vt 0.953125 0.359551
vt 0.968750 0.375183
vt 0.968750 0.359551
vt 0.984375 0.359551
vt 1.000000 0.375183
vt 0.000000 0.406448
vt 0.031250 0.406448
vt 0.062500 0.406448
vt 0.093750 0.406448
vt 0.109375 0.390816
vt 0.125000 0.406448
vt 0.125000 0.390816
vt 0.109375 0.406448
vt 0.140625 0.390816
vt 0.132813 0.383000
vt 0.156250 0.406448
vt 0.171875 0.390816
vt 0.187500 0.406448
vt 0.187500 0.390816
vt 0.203125 0.390816
vt 0.195313 0.383000
vt 0.218750 0.406448
vt 0.250000 0.406448
vt 0.281250 0.406448
vt 0.312500 0.406448
vt 0.343750 0.406448
vt 0.375000 0.406448
vt 0.406250 0.406448
vt 0.437500 0.406448
vt 0.468750 0.406448
vt 0.500000 0.406448
vt 0.531250 0.406448
vt 0.562500 0.406448
vt 0.593750 0.406448
vt 0.625000 0.406448
vt 0.656250 0.406448
vt 0.687500 0.406448
vt 0.718750 0.406448
vt 0.750000 0.406448
vt 0.781250 0.406448
vt 0.812500 0.406448
vt 0.828125 0.390816
vt 0.843750 0.390816
vt 0.835938 0.398632
vt 0.843750 0.406448
vt 0.828125 0.406448
vt 0.859375 0.390816
vt 0.851562 0.383000
vt 0.875000 0.406448
vt 0.906250 0.406448
vt 0.937500 0.406448
vt 0.968750 0.406448
vt 1.000000 0.406448
vt 0.000000 0.437714
vt 0.031250 0.437714
vt 0.062500 0.437714
vt 0.093750 0.437714
vt 0.109375 0.422081
vt 0.117187 0.414265
vt 0.125000 0.437714
vt 0.125000 0.422081
vt 0.140625 0.422081
vt 0.156250 0.437714
vt 0.187500 0.437714
vt 0.218750 0.437714
vt 0.250000 0.437714
vt 0.281250 0.437714
vt 0.312500 0.437714
vt 0.343750 0.437714
vt 0.375000 0.437714
vt 0.406250 0.437714
vt 0.437500 0.437714
vt 0.468750 0.437714
vt 0.500000 0.437714
vt 0.531250 0.437714
vt 0.562500 0.437714
vt 0.593750 0.437714
vt 0.625000 0.437714
vt 0.656250 0.437714
vt 0.687500 0.437714
vt 0.718750 0.437714
vt 0.750000 0.437714
vt 0.765625 0.422081
vt 0.781250 0.437714
vt 0.765625 0.437714
vt 0.796875 0.422081
vt 0.812500 0.437714
vt 0.812500 0.422081
vt 0.828125 0.422081
vt 0.820313 0.429897
vt 0.843750 0.437714
vt 0.828125 0.437714
vt 0.875000 0.437714
vt 0.906250 0.437714
vt 0.937500 0.437714
vt 0.968750 0.437714
vt 1.000000 0.437714
vt 0.000000 0.468979
vt 0.031250 0.468979
vt 0.062500 0.468979
vt 0.093750 0.468979
vt 0.109375 0.453346
vt 0.125000 0.468979
vt 0.125000 0.453346
vt 0.140625 0.453346
vt 0.132813 0.461163
vt 0.156250 0.468979
vt 0.140625 0.468979
vt 0.187500 0.468979
vt 0.218750 0.468979
vt 0.250000 0.468979
vt 0.281250 0.468979
vt 0.312500 0.468979
vt 0.328125 0.453346
vt 0.343750 0.468979
vt 0.328125 0.468979
vt 0.359375 0.453346
vt 0.375000 0.468979
vt 0.359375 0.468979
vt 0.406250 0.468979
vt 0.421875 0.453346
vt 0.437500 0.453346
vt 0.429688 0.461163
vt 0.437500 0.468979
vt 0.421875 0.468979
vt 0.453125 0.453346
vt 0.468750 0.468979
vt 0.484375 0.453346
vt 0.500000 0.468979
vt 0.484375 0.468979
vt 0.531250 0.468979
vt 0.562500 0.468979
vt 0.593750 0.468979
vt 0.625000 0.468979
vt 0.656250 0.468979
vt 0.687500 0.468979
vt 0.718750 0.468979
vt 0.750000 0.468979
vt 0.765625 0.453346
vt 0.773438 0.445530
vt 0.781250 0.468979
vt 0.781250 0.453346
vt 0.796875 0.453346
vt 0.812500 0.468979
vt 0.812500 0.453346
vt 0.828125 0.453346
vt 0.843750 0.468979
vt 0.875000 0.468979
vt 0.906250 0.468979
vt 0.937500 0.468979
vt 0.968750 0.468979
vt 1.000000 0.468979
vt 0.000000 0.500244
vt 0.031250 0.500244
vt 0.062500 0.500244
vt 0.093750 0.500244
vt 0.125000 0.500244
vt 0.140625 0.484612
vt 0.156250 0.500244
vt 0.171875 0.484612
vt 0.187500 0.500244
vt 0.187500 0.484612
vt 0.171875 0.500244
vt 0.203125 0.484612
vt 0.218750 0.500244
vt 0.250000 0.500244
vt 0.281250 0.500244
vt 0.296875 0.484612
vt 0.312500 0.500244
vt 0.312500 0.484612
vt 0.328125 0.484612
vt 0.320313 0.492428
vt 0.335938 0.476795
vt 0.335938 0.492428
vt 0.343750 0.484612
vt 0.335938 0.484612
vt 0.332031 0.488520
vt 0.343750 0.500244
vt 0.328125 0.500244
vt 0.328125 0.492428
vt 0.320313 0.500244
vt 0.335938 0.500244
vt 0.332031 0.496336
vt 0.332031 0.492428
vt 0.351563 0.476795
vt 0.351563 0.484612
vt 0.359375 0.484612
vt 0.351563 0.492428
vt 0.375000 0.484612
vt 0.367188 0.492428
vt 0.375000 0.500244
vt 0.359375 0.500244
vt 0.390625 0.484612
vt 0.406250 0.500244
vt 0.421875 0.484612
vt 0.437500 0.500244
vt 0.453125 0.484612
vt 0.468750 0.500244
vt 0.468750 0.484612
vt 0.484375 0.484612
vt 0.476563 0.476795
vt 0.500000 0.500244
vt 0.515625 0.484612
vt 0.531250 0.500244
vt 0.515625 0.500244
vt 0.562500 0.500244
vt 0.593750 0.500244
vt 0.625000 0.500244
vt 0.656250 0.500244
vt 0.687500 0.500244
vt 0.718750 0.500244
vt 0.750000 0.500244
vt 0.765625 0.484612
vt 0.781250 0.500244
vt 0.765625 0.500244
vt 0.812500 0.500244
vt 0.843750 0.500244
vt 0.875000 0.500244
vt 0.906250 0.500244
vt 0.937500 0.500244
vt 0.968750 0.500244
vt 1.000000 0.500244
vt 0.000000 0.531510
vt 0.031250 0.531510
vt 0.046875 0.515877
vt 0.062500 0.531510
vt 0.046875 0.531510
vt 0.093750 0.531510
vt 0.125000 0.531510
vt 0.140625 0.515877
vt 0.156250 0.531510
vt 0.156250 0.515877
vt 0.140625 0.531510
vt 0.171875 0.515877
vt 0.164063 0.508061
vt 0.187500 0.531510
vt 0.218750 0.531510
vt 0.250000 0.531510
vt 0.281250 0.531510
vt 0.296875 0.515877
vt 0.312500 0.531510
vt 0.312500 0.515877
vt 0.296875 0.531510
vt 0.320313 0.508061
vt 0.320313 0.515877
vt 0.328125 0.515877
vt 0.320313 0.523693
vt 0.335938 0.508061
vt 0.343750 0.531510
vt 0.343750 0.515877
vt 0.328125 0.531510
vt 0.359375 0.515877
vt 0.375000 0.531510
vt 0.406250 0.531510
vt 0.437500 0.531510
vt 0.468750 0.531510
vt 0.500000 0.531510
vt 0.515625 0.515877
vt 0.531250 0.531510
vt 0.562500 0.531510
vt 0.578125 0.515877
vt 0.593750 0.531510
vt 0.578125 0.531510
vt 0.625000 0.531510
vt 0.656250 0.531510
vt 0.687500 0.531510
vt 0.718750 0.531510
vt 0.734375 0.515877
vt 0.750000 0.531510
vt 0.750000 0.515877
vt 0.757813 0.508061
vt 0.757813 0.515877
vt 0.765625 0.515877
vt 0.757813 0.523693
vt 0.781250 0.531510
vt 0.765625 0.531510
vt 0.812500 0.531510
vt 0.843750 0.531510
vt 0.875000 0.531510
vt 0.906250 0.531510
vt 0.937500 0.531510
vt 0.968750 0.531510
vt 1.000000 0.531510
vt 0.000000 0.562775
vt 0.031250 0.562775
vt 0.046875 0.547142
vt 0.062500 0.562775
vt 0.093750 0.562775
vt 0.125000 0.562775
vt 0.140625 0.547142
vt 0.148437 0.539326
vt 0.156250 0.562775
vt 0.156250 0.547142
vt 0.171875 0.547142
vt 0.187500 0.562775
vt 0.171875 0.562775
vt 0.203125 0.547142
vt 0.218750 0.562775
vt 0.218750 0.547142
vt 0.234375 0.547142
vt 0.226563 0.554958
vt 0.250000 0.562775
vt 0.234375 0.562775
vt 0.226563 0.562775
vt 0.281250 0.562775
vt 0.296875 0.547142
vt 0.304688 0.539326
vt 0.304688 0.554958
vt 0.312500 0.547142
vt 0.304688 0.547142
vt 0.312500 0.562775
vt 0.312500 0.539326
vt 0.296875 0.562775
vt 0.328125 0.547142
vt 0.320313 0.539326
vt 0.343750 0.562775
vt 0.359375 0.547142
vt 0.375000 0.562775
vt 0.359375 0.562775
vt 0.406250 0.562775
vt 0.437500 0.562775
vt 0.468750 0.562775
vt 0.500000 0.562775
vt 0.515625 0.547142
vt 0.531250 0.562775
vt 0.531250 0.547142
vt 0.546875 0.547142
vt 0.562500 0.562775
vt 0.562500 0.547142
vt 0.578125 0.547142
vt 0.570313 0.539326
vt 0.593750 0.562775
vt 0.625000 0.562775
vt 0.640625 0.547142
vt 0.656250 0.547142
vt 0.648438 0.554958
vt 0.656250 0.562775
vt 0.656250 0.554958
vt 0.640625 0.562775
vt 0.671875 0.547142
vt 0.664063 0.554958
vt 0.687500 0.562775
vt 0.671875 0.562775
vt 0.718750 0.562775
vt 0.734375 0.547142
vt 0.750000 0.562775
vt 0.734375 0.562775
vt 0.765625 0.547142
vt 0.781250 0.562775
vt 0.812500 0.562775
vt 0.843750 0.562775
vt 0.875000 0.562775
vt 0.906250 0.562775
vt 0.937500 0.562775
vt 0.968750 0.562775
vt 1.000000 0.562775
vt 0.000000 0.594040
vt 0.031250 0.594040
vt 0.062500 0.594040
vt 0.093750 0.594040
vt 0.125000 0.594040
vt 0.140625 0.578407
vt 0.156250 0.594040
vt 0.156250 0.578407
vt 0.171875 0.578407
vt 0.164063 0.570591
vt 0.187500 0.594040
vt 0.203125 0.578407
vt 0.218750 0.594040
vt 0.218750 0.578407
vt 0.234375 0.578407
vt 0.226563 0.570591
vt 0.250000 0.594040
vt 0.281250 0.594040
vt 0.296875 0.578407
vt 0.312500 0.578407
vt 0.304688 0.586224
vt 0.312500 0.594040
vt 0.296875 0.594040
vt 0.328125 0.578407
vt 0.343750 0.594040
vt 0.328125 0.594040
vt 0.359375 0.578407
vt 0.375000 0.594040
vt 0.406250 0.594040
vt 0.437500 0.594040
vt 0.468750 0.594040
vt 0.500000 0.594040
vt 0.531250 0.594040
vt 0.562500 0.594040
vt 0.578125 0.578407
vt 0.593750 0.594040
vt 0.609375 0.578407
vt 0.625000 0.594040
vt 0.609375 0.594040
vt 0.640625 0.578407
vt 0.656250 0.594040
vt 0.671875 0.578407
vt 0.687500 0.594040
vt 0.687500 0.578407
vt 0.703125 0.578407
vt 0.695313 0.586224
vt 0.718750 0.578407
vt 0.710938 0.586224
vt 0.718750 0.594040
vt 0.703125 0.594040
vt 0.703125 0.586224
vt 0.734375 0.578407
vt 0.726562 0.570591
vt 0.750000 0.594040
vt 0.781250 0.594040
vt 0.812500 0.594040
vt 0.843750 0.594040
vt 0.875000 0.594040
vt 0.906250 0.594040
vt 0.937500 0.594040
vt 0.968750 0.594040
vt 1.000000 0.594040
vt 0.000000 0.625305
vt 0.031250 0.625305
vt 0.062500 0.625305
vt 0.093750 0.625305
vt 0.125000 0.625305
vt 0.156250 0.625305
vt 0.187500 0.625305
vt 0.218750 0.625305
vt 0.250000 0.625305
vt 0.265625 0.609673
vt 0.281250 0.625305
vt 0.281250 0.609673
vt 0.296875 0.609673
vt 0.289063 0.601856
vt 0.304688 0.601856
vt 0.312500 0.625305
vt 0.312500 0.609673
vt 0.312500 0.601856
vt 0.328125 0.609673
vt 0.320313 0.601856
vt 0.335938 0.601856
vt 0.328125 0.601856
vt 0.343750 0.625305
vt 0.343750 0.609673
vt 0.359375 0.609673
vt 0.351563 0.617489
vt 0.375000 0.625305
vt 0.359375 0.625305
vt 0.406250 0.625305
vt 0.437500 0.625305
vt 0.468750 0.625305
vt 0.500000 0.625305
vt 0.531250 0.625305
vt 0.562500 0.625305
vt 0.578125 0.609673
vt 0.593750 0.625305
vt 0.593750 0.609673
vt 0.609375 0.609673
vt 0.601562 0.601856
vt 0.625000 0.625305
vt 0.656250 0.625305
vt 0.687500 0.625305
vt 0.703125 0.609673
vt 0.718750 0.625305
vt 0.750000 0.625305
vt 0.781250 0.625305
vt 0.812500 0.625305
vt 0.843750 0.625305
vt 0.875000 0.625305
vt 0.906250 0.625305
vt 0.937500 0.625305
vt 0.968750 0.625305
vt 1.000000 0.625305
vt 0.000000 0.656571
vt 0.015625 0.640938
vt 0.031250 0.656571
vt 0.062500 0.656571
vt 0.093750 0.656571
vt 0.125000 0.656571
vt 0.156250 0.656571
vt 0.171875 0.640938
vt 0.187500 0.656571
vt 0.171875 0.656571
vt 0.218750 0.656571
vt 0.250000 0.656571
vt 0.281250 0.656571
vt 0.312500 0.656571
vt 0.343750 0.656571
vt 0.359375 0.640938
vt 0.375000 0.656571
vt 0.390625 0.640938
vt 0.406250 0.656571
vt 0.406250 0.640938
vt 0.421875 0.640938
vt 0.437500 0.656571
vt 0.437500 0.640938
vt 0.453125 0.640938
vt 0.468750 0.656571
vt 0.468750 0.640938
vt 0.484375 0.640938
vt 0.476563 0.648754
vt 0.500000 0.656571
vt 0.484375 0.656571
vt 0.531250 0.656571
vt 0.562500 0.656571
vt 0.593750 0.656571
vt 0.625000 0.656571
vt 0.656250 0.656571
vt 0.687500 0.656571
vt 0.718750 0.656571
vt 0.750000 0.656571
vt 0.781250 0.656571
vt 0.812500 0.656571
vt 0.843750 0.656571
vt 0.875000 0.656571
vt 0.906250 0.656571
vt 0.937500 0.656571
vt 0.968750 0.656571
vt 1.000000 0.656571
vt 0.000000 0.687836
vt 0.031250 0.687836
vt 0.062500 0.687836
vt 0.093750 0.687836
vt 0.125000 0.687836
vt 0.156250 0.687836
vt 0.171875 0.672203
vt 0.187500 0.687836
vt 0.171875 0.687836
vt 0.203125 0.672203
vt 0.218750 0.687836
vt 0.203125 0.687836
vt 0.250000 0.687836
vt 0.281250 0.687836
vt 0.312500 0.687836
vt 0.343750 0.687836
vt 0.375000 0.687836
vt 0.406250 0.687836
vt 0.437500 0.687836
vt 0.453125 0.672203
vt 0.468750 0.687836
vt 0.468750 0.672203
vt 0.453125 0.687836
vt 0.484375 0.672203
vt 0.476563 0.680019
vt 0.500000 0.672203
vt 0.492188 0.680019
vt 0.500000 0.687836
vt 0.484375 0.687836
vt 0.484375 0.680019
vt 0.515625 0.672203
vt 0.531250 0.687836
vt 0.562500 0.687836
vt 0.593750 0.687836
vt 0.625000 0.687836
vt 0.656250 0.687836
vt 0.687500 0.687836
vt 0.718750 0.687836
vt 0.750000 0.687836
vt 0.781250 0.687836
vt 0.812500 0.687836
vt 0.843750 0.687836
vt 0.875000 0.687836
vt 0.906250 0.687836
vt 0.937500 0.687836
vt 0.968750 0.687836
vt 1.000000 0.687836
vt 0.000000 0.719101
vt 0.031250 0.719101
vt 0.062500 0.719101
vt 0.093750 0.719101
vt 0.125000 0.719101
vt 0.156250 0.719101
vt 0.171875 0.703469
vt 0.187500 0.719101
vt 0.187500 0.703469
vt 0.195313 0.695652
vt 0.195313 0.703469
vt 0.203125 0.703469
vt 0.195313 0.711285
vt 0.218750 0.719101
vt 0.203125 0.719101
vt 0.250000 0.719101
vt 0.281250 0.719101
vt 0.312500 0.719101
vt 0.343750 0.719101
vt 0.375000 0.719101
vt 0.406250 0.719101
vt 0.437500 0.719101
vt 0.453125 0.703469
vt 0.460938 0.695652
vt 0.468750 0.719101
vt 0.468750 0.703469
vt 0.484375 0.703469
vt 0.500000 0.719101
vt 0.484375 0.719101
vt 0.531250 0.719101
vt 0.562500 0.719101
vt 0.593750 0.719101
vt 0.625000 0.719101
vt 0.656250 0.719101
vt 0.687500 0.719101
vt 0.703125 0.703469
vt 0.718750 0.719101
vt 0.703125 0.719101
vt 0.750000 0.719101
vt 0.781250 0.719101
vt 0.812500 0.719101
vt 0.843750 0.719101
vt 0.875000 0.719101
vt 0.906250 0.719101
vt 0.937500 0.719101
vt 0.968750 0.719101
vt 1.000000 0.719101
vt 0.000000 0.750366
vt 0.031250 0.750366
vt 0.062500 0.750366
vt 0.078125 0.734734
vt 0.093750 0.750366
vt 0.078125 0.750366
vt 0.125000 0.750366
vt 0.156250 0.750366
vt 0.187500 0.750366
vt 0.203125 0.734734
vt 0.218750 0.750366
vt 0.250000 0.750366
vt 0.281250 0.750366
vt 0.312500 0.750366
vt 0.343750 0.750366
vt 0.375000 0.750366
vt 0.406250 0.750366
vt 0.437500 0.750366
vt 0.468750 0.750366
vt 0.484375 0.734734
vt 0.492188 0.726917
vt 0.500000 0.750366
vt 0.500000 0.734734
vt 0.515625 0.734734
vt 0.531250 0.750366
vt 0.562500 0.750366
vt 0.578125 0.734734
vt 0.593750 0.750366
vt 0.625000 0.750366
vt 0.656250 0.750366
vt 0.671875 0.734734
vt 0.687500 0.750366
vt 0.687500 0.734734
vt 0.703125 0.734734
vt 0.695313 0.742550
vt 0.710938 0.726917
vt 0.710938 0.742550
vt 0.718750 0.734734
vt 0.710938 0.734734
vt 0.718750 0.750366
vt 0.703125 0.750366
vt 0.734375 0.734734
vt 0.750000 0.750366
vt 0.765625 0.734734
vt 0.781250 0.750366
vt 0.765625 0.750366
vt 0.812500 0.750366
vt 0.843750 0.750366
vt 0.875000 0.750366
vt 0.906250 0.750366
vt 0.937500 0.750366
vt 0.968750 0.750366
vt 1.000000 0.750366
vt 0.000000 0.781632
vt 0.031250 0.781632
vt 0.062500 0.781632
vt 0.078125 0.765999
vt 0.093750 0.781632
vt 0.125000 0.781632
vt 0.156250 0.781632
vt 0.171875 0.765999
vt 0.187500 0.765999
vt 0.179687 0.773815
vt 0.187500 0.781632
vt 0.171875 0.781632
vt 0.203125 0.765999
vt 0.218750 0.781632
vt 0.250000 0.781632
vt 0.281250 0.781632
vt 0.312500 0.781632
vt 0.343750 0.781632
vt 0.359375 0.765999
vt 0.375000 0.781632
vt 0.375000 0.765999
vt 0.359375 0.781632
vt 0.390625 0.765999
vt 0.406250 0.781632
vt 0.437500 0.781632
vt 0.468750 0.781632
vt 0.500000 0.781632
vt 0.531250 0.781632
vt 0.562500 0.781632
vt 0.578125 0.765999
vt 0.593750 0.781632
vt 0.578125 0.781632
vt 0.625000 0.781632
vt 0.656250 0.781632
vt 0.671875 0.765999
vt 0.687500 0.781632
vt 0.671875 0.781632
vt 0.703125 0.765999
vt 0.718750 0.781632
vt 0.734375 0.765999
vt 0.750000 0.781632
vt 0.750000 0.765999
vt 0.765625 0.765999
vt 0.757813 0.758183
vt 0.781250 0.781632
vt 0.812500 0.781632
vt 0.843750 0.781632
vt 0.875000 0.781632
vt 0.906250 0.781632
vt 0.937500 0.781632
vt 0.968750 0.781632
vt 1.000000 0.781632
vt 0.000000 0.812897
vt 0.031250 0.812897
vt 0.062500 0.812897
vt 0.093750 0.812897
vt 0.125000 0.812897
vt 0.156250 0.812897
vt 0.171875 0.797264
vt 0.187500 0.812897
vt 0.218750 0.812897
vt 0.250000 0.812897
vt 0.281250 0.812897
vt 0.312500 0.812897
vt 0.328125 0.797264
vt 0.343750 0.812897
vt 0.343750 0.797264
vt 0.359375 0.797264
vt 0.351563 0.789448
vt 0.375000 0.812897
vt 0.359375 0.812897
vt 0.390625 0.797264
vt 0.406250 0.797264
vt 0.398438 0.805081
vt 0.406250 0.812897
vt 0.390625 0.812897
vt 0.398438 0.812897
vt 0.421875 0.797264
vt 0.437500 0.812897
vt 0.468750 0.812897
vt 0.500000 0.812897
vt 0.531250 0.812897
vt 0.562500 0.812897
vt 0.578125 0.797264
vt 0.593750 0.812897
vt 0.609375 0.797264
vt 0.625000 0.812897
vt 0.609375 0.812897
vt 0.656250 0.812897
vt 0.671875 0.797264
vt 0.687500 0.812897
vt 0.718750 0.812897
vt 0.750000 0.812897
vt 0.781250 0.812897
vt 0.812500 0.812897
vt 0.843750 0.812897
vt 0.875000 0.812897
vt 0.906250 0.812897
vt 0.937500 0.812897
vt 0.968750 0.812897
vt 1.000000 0.812897
vt 0.000000 0.844162
vt 0.031250 0.844162
vt 0.062500 0.844162
vt 0.093750 0.844162
vt 0.125000 0.844162
vt 0.156250 0.844162
vt 0.171875 0.828530
vt 0.187500 0.828530
vt 0.179687 0.836346
vt 0.187500 0.844162
vt 0.171875 0.844162
vt 0.179687 0.844162
vt 0.203125 0.828530
vt 0.218750 0.844162
vt 0.250000 0.844162
vt 0.281250 0.844162
vt 0.312500 0.844162
vt 0.343750 0.844162
vt 0.359375 0.828530
vt 0.375000 0.844162
vt 0.375000 0.828530
vt 0.390625 0.828530
vt 0.398438 0.820713
vt 0.406250 0.844162
vt 0.406250 0.828530
vt 0.421875 0.828530
vt 0.437500 0.844162
vt 0.468750 0.844162
vt 0.500000 0.844162
vt 0.515625 0.828530
vt 0.531250 0.844162
vt 0.515625 0.844162
vt 0.562500 0.844162
vt 0.593750 0.844162
vt 0.609375 0.828530
vt 0.617188 0.820713
vt 0.625000 0.844162
vt 0.625000 0.828530
vt 0.640625 0.828530
vt 0.632813 0.836346
vt 0.656250 0.844162
vt 0.640625 0.844162
vt 0.687500 0.844162
vt 0.718750 0.844162
vt 0.750000 0.844162
vt 0.781250 0.844162
vt 0.812500 0.844162
vt 0.843750 0.844162
vt 0.875000 0.844162
vt 0.906250 0.844162
vt 0.937500 0.844162
vt 0.968750 0.844162
vt 1.000000 0.844162
vt 0.000000 0.875427
vt 0.031250 0.875427
vt 0.062500 0.875427
vt 0.093750 0.875427
vt 0.125000 0.875427
vt 0.156250 0.875427
vt 0.171875 0.859795
vt 0.179687 0.851978
vt 0.187500 0.875427
vt 0.187500 0.859795
vt 0.203125 0.859795
vt 0.218750 0.875427
vt 0.203125 0.875427
vt 0.234375 0.859795
vt 0.250000 0.875427
vt 0.234375 0.875427
vt 0.281250 0.875427
vt 0.312500 0.875427
vt 0.343750 0.875427
vt 0.375000 0.875427
vt 0.406250 0.875427
vt 0.421875 0.859795
vt 0.437500 0.875427
vt 0.453125 0.859795
vt 0.468750 0.875427
vt 0.468750 0.859795
vt 0.484375 0.859795
vt 0.476563 0.867611
vt 0.500000 0.875427
vt 0.500000 0.859795
vt 0.484375 0.875427
vt 0.515625 0.859795
vt 0.523438 0.851978
vt 0.531250 0.875427
vt 0.531250 0.859795
vt 0.546875 0.859795
vt 0.562500 0.875427
vt 0.578125 0.859795
vt 0.593750 0.875427
vt 0.578125 0.875427
vt 0.625000 0.875427
vt 0.640625 0.859795
vt 0.656250 0.875427
vt 0.687500 0.875427
vt 0.718750 0.875427
vt 0.750000 0.875427
vt 0.781250 0.875427
vt 0.812500 0.875427
vt 0.843750 0.875427
vt 0.875000 0.875427
vt 0.906250 0.875427
vt 0.937500 0.875427
vt 0.968750 0.875427
vt 1.000000 0.875427
vt 0.000000 0.906693
vt 0.031250 0.906693
vt 0.062500 0.906693
vt 0.093750 0.906693
vt 0.125000 0.906693
vt 0.156250 0.906693
vt 0.171875 0.891060
vt 0.187500 0.906693
vt 0.187500 0.891060
vt 0.203125 0.891060
vt 0.195313 0.883244
vt 0.195313 0.898876
vt 0.218750 0.906693
vt 0.218750 0.891060
vt 0.203125 0.906693
vt 0.234375 0.891060
vt 0.226563 0.883244
vt 0.242187 0.883244
vt 0.234375 0.883244
vt 0.250000 0.906693
vt 0.250000 0.891060
vt 0.265625 0.891060
vt 0.281250 0.906693
vt 0.312500 0.906693
vt 0.343750 0.906693
vt 0.375000 0.906693
vt 0.406250 0.906693
vt 0.437500 0.906693
vt 0.468750 0.906693
vt 0.484375 0.891060
vt 0.500000 0.906693
vt 0.531250 0.906693
vt 0.546875 0.891060
vt 0.562500 0.906693
vt 0.562500 0.891060
vt 0.578125 0.891060
vt 0.570313 0.883244
vt 0.593750 0.906693
vt 0.609375 0.891060
vt 0.625000 0.906693
vt 0.609375 0.906693
vt 0.640625 0.891060
vt 0.656250 0.891060
vt 0.648438 0.898876
vt 0.656250 0.906693
vt 0.640625 0.906693
vt 0.648438 0.906693
vt 0.671875 0.891060
vt 0.687500 0.906693
vt 0.718750 0.906693
vt 0.750000 0.906693
vt 0.781250 0.906693
vt 0.812500 0.906693
vt 0.843750 0.906693
vt 0.875000 0.906693
vt 0.890625 0.891060
vt 0.906250 0.906693
vt 0.937500 0.906693
vt 0.968750 0.906693
vt 1.000000 0.906693
vt 0.000000 0.937958
vt 0.031250 0.937958
vt 0.062500 0.937958
vt 0.093750 0.937958
vt 0.125000 0.937958
vt 0.156250 0.937958
vt 0.187500 0.937958
vt 0.203125 0.922325
vt 0.218750 0.937958
vt 0.250000 0.937958
vt 0.265625 0.922325
vt 0.281250 0.937958
vt 0.281250 0.922325
vt 0.296875 0.922325
vt 0.312500 0.937958
vt 0.312500 0.922325
vt 0.328125 0.922325
vt 0.343750 0.937958
vt 0.375000 0.937958
vt 0.406250 0.937958
vt 0.421875 0.922325
vt 0.437500 0.922325
vt 0.429688 0.930142
vt 0.437500 0.937958
vt 0.421875 0.937958
vt 0.453125 0.922325
vt 0.468750 0.937958
vt 0.500000 0.937958
vt 0.531250 0.937958
vt 0.562500 0.937958
vt 0.578125 0.922325
vt 0.593750 0.937958
vt 0.593750 0.922325
vt 0.609375 0.922325
vt 0.601562 0.914509
vt 0.625000 0.937958
vt 0.640625 0.922325
vt 0.648438 0.914509
vt 0.656250 0.937958
vt 0.656250 0.922325
vt 0.671875 0.922325
vt 0.687500 0.937958
vt 0.718750 0.937958
vt 0.750000 0.937958
vt 0.781250 0.937958
vt 0.812500 0.937958
vt 0.843750 0.937958
vt 0.875000 0.937958
vt 0.906250 0.937958
vt 0.937500 0.937958
vt 0.968750 0.937958
vt 1.000000 0.937958
vt 0.000000 0.969223
vt 0.000000 0.953591
vt 0.015625 0.953591
vt 0.007813 0.961407
vt 0.031250 0.969223
vt 0.015625 0.969223
vt 0.007813 0.969223
vt 0.062500 0.969223
vt 0.093750 0.969223
vt 0.125000 0.969223
vt 0.156250 0.969223
vt 0.187500 0.969223
vt 0.218750 0.969223
vt 0.250000 0.969223
vt 0.281250 0.969223
vt 0.312500 0.969223
vt 0.343750 0.969223
vt 0.359375 0.953591
vt 0.375000 0.969223
vt 0.406250 0.969223
vt 0.421875 0.953591
vt 0.437500 0.969223
vt 0.468750 0.969223
vt 0.500000 0.969223
vt 0.531250 0.969223
vt 0.562500 0.969223
vt 0.593750 0.969223
vt 0.625000 0.969223
vt 0.656250 0.969223
vt 0.687500 0.969223
vt 0.718750 0.969223
vt 0.750000 0.969223
vt 0.781250 0.969223
vt 0.812500 0.969223
vt 0.843750 0.969223
vt 0.875000 0.969223
vt 0.906250 0.969223
vt 0.937500 0.969223
vt 0.968750 0.969223
vt 1.000000 0.969223
vt 0.000000 1.000000
vt 0.000000 0.984612
vt 0.015625 0.984612
vt 0.007813 0.976918
vt 0.023438 0.976918
vt 0.031250 1.000000
vt 0.031250 0.984612
vt 0.015625 1.000000
vt 0.046875 0.984612
vt 0.062500 1.000000
vt 0.093750 1.000000
vt 0.125000 1.000000
vt 0.156250 1.000000
vt 0.187500 1.000000
vt 0.218750 1.000000
vt 0.250000 1.000000
vt 0.281250 1.000000
vt 0.312500 1.000000
vt 0.343750 1.000000
vt 0.375000 1.000000
vt 0.406250 1.000000
vt 0.437500 1.000000
vt 0.468750 1.000000
vt 0.500000 1.000000
vt 0.531250 1.000000
vt 0.562500 1.000000
vt 0.593750 1.000000
vt 0.625000 1.000000
vt 0.656250 1.000000
vt 0.687500 1.000000
vt 0.718750 1.000000
vt 0.750000 1.000000
vt 0.781250 1.000000
vt 0.812500 1.000000
vt 0.843750 1.000000
vt 0.875000 1.000000
vt 0.906250 1.000000
vt 0.937500 1.000000
vt 0.968750 1.000000
vt 1.000000 1.000000
g terrain_g
usemtl terrain_mtl
f 40/40/40 39/39/39 1/1/1
f 38/38/38 39/39/39 40/40/40
f 2/2/2 40/40/40 1/1/1
f 40/40/40 42/42/42 41/41/41
f 2/2/2 42/42/42 40/40/40
f 38/38/38 40/40/40 41/41/41
f 43/43/43 42/42/42 2/2/2
f 42/42/42 44/44/44 41/41/41
f 43/43/43 44/44/44 42/42/42
f 3/3/3 43/43/43 2/2/2
f 45/45/45 43/43/43 3/3/3
f 46/46/46 44/44/44 43/43/43
f 44/44/44 47/47/47 41/41/41
f 46/46/46 47/47/47 44/44/44
f 45/45/45 46/46/46 43/43/43
f 45/45/45 3/3/3 4/4/4
f 4/4/4 48/48/48 45/45/45
f 48/48/48 4/4/4 5/5/5
f 5/5/5 49/49/49 48/48/48
f 49/49/49 5/5/5 6/6/6
f 6/6/6 50/50/50 49/49/49
f 50/50/50 6/6/6 7/7/7
f 7/7/7 51/51/51 50/50/50
f 51/51/51 7/7/7 8/8/8
f 8/8/8 52/52/52 51/51/51
f 52/52/52 8/8/8 9/9/9
f 9/9/9 53/53/53 52/52/52
f 53/53/53 9/9/9 10/10/10
f 10/10/10 54/54/54 53/53/53
f 54/54/54 10/10/10 11/11/11
f 11/11/11 55/55/55 54/54/54
f 55/55/55 11/11/11 12/12/12
f 12/12/12 56/56/56 55/55/55
f 12/12/12 57/57/57 56/56/56
f 14/14/14 58/58/58 57/57/57
f 13/13/13 58/58/58 14/14/14
f 12/12/12 14/14/14 57/57/57
f 57/57/57 60/60/60 59/59/59
f 60/60/60 58/58/58 13/13/13
f 57/57/57 58/58/58 60/60/60
f 56/56/56 57/57/57 59/59/59
f 61/61/61 60/60/60 13/13/13
f 59/59/59 60/60/60 61/61/61
f 15/15/15 61/61/61 13/13/13
f 61/61/61 63/63/63 62/62/62
f 15/15/15 63/63/63 61/61/61
f 61/61/61 64/64/64 59/59/59
f 62/62/62 64/64/64 61/61/61
f 63/63/63 66/66/66 65/65/65
f 15/15/15 66/66/66 63/63/63
f 62/62/62 63/63/63 65/65/65
f 67/67/67 69/69/69 68/68/68
f 17/17/17 69/69/69 67/67/67
f 65/65/65 67/67/67 68/68/68
f 68/68/68 18/18/18 16/16/16
f 18/18/18 69/69/69 17/17/17
f 68/68/68 69/69/69 18/18/18
f 17/17/17 66/66/66 15/15/15
f 66/66/66 67/67/67 65/65/65
f 17/17/17 67/67/67 66/66/66
f 65/65/65 71/71/71 70/70/70
f 71/71/71 68/68/68 16/16/16
f 65/65/65 68/68/68 71/71/71
f 62/62/62 65/65/65 70/70/70
f 72/72/72 71/71/71 16/16/16
f 70/70/70 71/71/71 72/72/72
f 19/19/19 72/72/72 16/16/16
f 73/73/73 72/72/72 19/19/19
f 70/70/70 72/72/72 73/73/73
f 19/19/19 74/74/74 73/73/73
f 20/20/20 74/74/74 19/19/19
f 75/75/75 74/74/74 20/20/20
f 73/73/73 74/74/74 75/75/75
f 75/75/75 20/20/20 21/21/21
f 21/21/21 76/76/76 75/75/75
f 76/76/76 21/21/21 22/22/22
f 22/22/22 77/77/77 76/76/76
f 22/22/22 78/78/78 77/77/77
f 78/78/78 24/24/24 23/23/23
f 22/22/22 24/24/24 78/78/78
f 79/79/79 78/78/78 23/23/23
f 77/77/77 78/78/78 79/79/79
f 79/79/79 23/23/23 25/25/25
f 25/25/25 80/80/80 79/79/79
f 80/80/80 25/25/25 26/26/26
f 26/26/26 81/81/81 80/80/80
f 81/81/81 26/26/26 27/27/27
f 27/27/27 82/82/82 81/81/81
f 82/82/82 27/27/27 28/28/28
f 28/28/28 83/83/83 82/82/82
f 83/83/83 28/28/28 29/29/29
f 29/29/29 84/84/84 83/83/83
f 84/84/84 29/29/29 30/30/30
f 30/30/30 85/85/85 84/84/84
f 85/85/85 30/30/30 31/31/31
f 31/31/31 86/86/86 85/85/85
f 86/86/86 31/31/31 32/32/32
f 32/32/32 87/87/87 86/86/86
f 87/87/87 32/32/32 33/33/33
f 33/33/33 88/88/88 87/87/87
f 88/88/88 33/33/33 34/34/34
f 34/34/34 89/89/89 88/88/88
f 89/89/89 34/34/34 35/35/35
f 35/35/35 90/90/90 89/89/89
f 90/90/90 35/35/35 36/36/36
f 36/36/36 91/91/91 90/90/90
f 91/91/91 36/36/36 37/37/37
f 37/37/37 92/92/92 91/91/91
f 38/38/38 94/94/94 93/93/93
f 41/41/41 94/94/94 38/38/38
f 94/94/94 96/96/96 95/95/95
f 41/41/41 96/96/96 94/94/94
f 93/93/93 94/94/94 95/95/95
f 96/96/96 98/98/98 97/97/97
f 41/41/41 98/98/98 96/96/96
f 96/96/96 99/99/99 95/95/95
f 97/97/97 99/99/99 96/96/96
f 97/97/97 46/46/46 45/45/45
f 98/98/98 47/47/47 46/46/46
f 41/41/41 47/47/47 98/98/98
f 97/97/97 98/98/98 46/46/46
f 100/100/100 97/97/97 45/45/45
f 101/101/101 99/99/99 97/97/97
f 95/95/95 99/99/99 101/101/101
f 100/100/100 101/101/101 97/97/97
f 100/100/100 45/45/45 48/48/48
f 48/48/48 102/102/102 100/100/100
f 102/102/102 48/48/48 49/49/49
f 49/49/49 103/103/103 102/102/102
f 103/103/103 49/49/49 50/50/50
f 50/50/50 104/104/104 103/103/103
f 104/104/104 50/50/50 51/51/51
f 51/51/51 105/105/105 104/104/104
f 105/105/105 51/51/51 52/52/52
f 52/52/52 106/106/106 105/105/105
f 106/106/106 52/52/52 53/53/53
f 53/53/53 107/107/107 106/106/106
f 53/53/53 108/108/108 107/107/107
f 54/54/54 108/108/108 53/53/53
f 109/109/109 108/108/108 54/54/54
f 107/107/107 108/108/108 109/109/109
f 109/109/109 54/54/54 55/55/55
f 55/55/55 110/110/110 109/109/109
f 110/110/110 55/55/55 56/56/56
f 56/56/56 111/111/111 110/110/110
f 56/56/56 112/112/112 111/111/111
f 59/59/59 112/112/112 56/56/56
f 112/112/112 114/114/114 113/113/113
f 59/59/59 114/114/114 112/112/112
f 111/111/111 112/112/112 113/113/113
f 115/115/115 116/116/116 114/114/114
f 117/117/117 116/116/116 115/115/115
f 59/59/59 115/115/115 114/114/114
f 114/114/114 118/118/118 113/113/113
f 118/118/118 116/116/116 117/117/117
f 114/114/114 116/116/116 118/118/118
f 117/117/117 64/64/64 62/62/62
f 64/64/64 115/115/115 59/59/59
f 117/117/117 115/115/115 64/64/64
f 119/119/119 117/117/117 62/62/62
f 120/120/120 118/118/118 117/117/117
f 113/113/113 118/118/118 120/120/120
f 119/119/119 120/120/120 117/117/117
f 119/119/119 62/62/62 70/70/70
f 70/70/70 121/121/121 119/119/119
f 121/121/121 70/70/70 73/73/73
f 73/73/73 122/122/122 121/121/121
f 122/122/122 73/73/73 75/75/75
f 75/75/75 123/123/123 122/122/122
f 123/123/123 75/75/75 76/76/76
f 76/76/76 124/124/124 123/123/123
f 124/124/124 76/76/76 77/77/77
f 77/77/77 125/125/125 124/124/124
f 125/125/125 77/77/77 79/79/79
f 79/79/79 126/126/126 125/125/125
f 126/126/126 79/79/79 80/80/80
f 80/80/80 127/127/127 126/126/126
f 127/127/127 80/80/80 81/81/81
f 81/81/81 128/128/128 127/127/127
f 128/128/128 81/81/81 82/82/82
f 82/82/82 129/129/129 128/128/128
f 129/129/129 82/82/82 83/83/83
f 83/83/83 130/130/130 129/129/129
f 130/130/130 83/83/83 84/84/84
f 84/84/84 131/131/131 130/130/130
f 131/131/131 84/84/84 85/85/85
f 85/85/85 132/132/132 131/131/131
f 132/132/132 85/85/85 86/86/86
f 86/86/86 133/133/133 132/132/132
f 133/133/133 86/86/86 87/87/87
f 87/87/87 134/134/134 133/133/133
f 134/134/134 87/87/87 88/88/88
f 88/88/88 135/135/135 134/134/134
f 135/135/135 88/88/88 89/89/89
f 89/89/89 136/136/136 135/135/135
f 136/136/136 89/89/89 90/90/90
f 90/90/90 137/137/137 136/136/136
f 137/137/137 90/90/90 91/91/91
f 91/91/91 138/138/138 137/137/137
f 91/91/91 139/139/139 138/138/138
f 92/92/92 139/139/139 91/91/91
f 139/139/139 141/141/141 140/140/140
f 92/92/92 141/141/141 139/139/139
f 138/138/138 139/139/139 140/140/140
f 93/93/93 143/143/143 142/142/142
f 95/95/95 143/143/143 93/93/93
f 143/143/143 145/145/145 144/144/144
f 95/95/95 145/145/145 143/143/143
f 142/142/142 143/143/143 144/144/144
f 146/146/146 147/147/147 145/145/145
f 148/148/148 147/147/147 146/146/146
f 95/95/95 146/146/146 145/145/145
f 145/145/145 149/149/149 144/144/144
f 149/149/149 147/147/147 148/148/148
f 145/145/145 147/147/147 149/149/149
f 148/148/148 101/101/101 100/100/100
f 101/101/101 146/146/146 95/95/95
f 148/148/148 146/146/146 101/101/101
f 150/150/150 148/148/148 100/100/100
f 151/151/151 149/149/149 148/148/148
f 144/144/144 149/149/149 151/151/151
f 150/150/150 151/151/151 148/148/148
f 150/150/150 100/100/100 102/102/102
f 102/102/102 152/152/152 150/150/150
f 152/152/152 102/102/102 103/103/103
f 103/103/103 153/153/153 152/152/152
f 153/153/153 103/103/103 104/104/104
f 104/104/104 154/154/154 153/153/153
f 154/154/154 104/104/104 105/105/105
f 105/105/105 155/155/155 154/154/154
f 155/155/155 105/105/105 106/106/106
f 106/106/106 156/156/156 155/155/155
f 156/156/156 106/106/106 107/107/107
f 107/107/107 157/157/157 156/156/156
f 157/157/157 107/107/107 109/109/109
f 109/109/109 158/158/158 157/157/157
f 158/158/158 109/109/109 110/110/110
f 110/110/110 159/159/159 158/158/158
f 159/159/159 110/110/110 111/111/111
f 111/111/111 160/160/160 159/159/159
f 160/160/160 111/111/111 113/113/113
f 113/113/113 161/161/161 160/160/160
f 113/113/113 162/162/162 161/161/161
f 162/162/162 120/120/120 119/119/119
f 113/113/113 120/120/120 162/162/162
f 163/163/163 162/162/162 119/119/119
f 161/161/161 162/162/162 163/163/163
f 163/163/163 119/119/119 121/121/121
f 121/121/121 164/164/164 163/163/163
f 164/164/164 121/121/121 122/122/122
f 122/122/122 165/165/165 164/164/164
f 165/165/165 122/122/122 123/123/123
f 123/123/123 166/166/166 165/165/165
f 166/166/166 123/123/123 124/124/124
f 124/124/124 167/167/167 166/166/166
f 167/167/167 124/124/124 125/125/125
f 125/125/125 168/168/168 167/167/167
f 168/168/168 125/125/125 126/126/126
f 126/126/126 169/169/169 168/168/168
f 169/169/169 126/126/126 127/127/127
f 127/127/127 170/170/170 169/169/169
f 170/170/170 127/127/127 128/128/128
f 128/128/128 171/171/171 170/170/170
f 171/171/171 128/128/128 129/129/129
f 129/129/129 172/172/172 171/171/171
f 172/172/172 129/129/129 130/130/130
f 130/130/130 173/173/173 172/172/172
f 173/173/173 130/130/130 131/131/131
f 131/131/131 174/174/174 173/173/173
f 174/174/174 131/131/131 132/132/132
f 132/132/132 175/175/175 174/174/174
f 175/175/175 132/132/132 133/133/133
f 133/133/133 176/176/176 175/175/175
f 176/176/176 133/133/133 134/134/134
f 134/134/134 177/177/177 176/176/176
f 177/177/177 134/134/134 135/135/135
f 135/135/135 178/178/178 177/177/177
f 178/178/178 135/135/135 136/136/136
f 136/136/136 179/179/179 178/178/178
f 179/179/179 136/136/136 137/137/137
f 137/137/137 180/180/180 179/179/179
f 180/180/180 137/137/137 138/138/138
f 138/138/138 181/181/181 180/180/180
f 181/181/181 138/138/138 140/140/140
f 140/140/140 182/182/182 181/181/181
f 183/183/183 142/142/142 144/144/144
f 144/144/144 184/184/184 183/183/183
f 144/144/144 185/185/185 184/184/184
f 185/185/185 151/151/151 150/150/150
f 144/144/144 151/151/151 185/185/185
f 186/186/186 187/187/187 185/185/185
f 187/187/187 189/189/189 188/188/188
f 186/186/186 189/189/189 187/187/187
f 150/150/150 186/186/186 185/185/185
f 185/185/185 190/190/190 184/184/184
f 190/190/190 187/187/187 188/188/188
f 185/185/185 187/187/187 190/190/190
f 191/191/191 186/186/186 150/150/150
f 192/192/192 189/189/189 186/186/186
f 189/189/189 193/193/193 188/188/188
f 192/192/192 193/193/193 189/189/189
f 191/191/191 192/192/192 186/186/186
f 152/152/152 191/191/191 150/150/150
f 194/194/194 191/191/191 152/152/152
f 195/195/195 192/192/192 191/191/191
f 196/196/196 193/193/193 192/192/192
f 188/188/188 193/193/193 196/196/196
f 195/195/195 196/196/196 192/192/192
f 194/194/194 195/195/195 191/191/191
f 152/152/152 197/197/197 194/194/194
f 153/153/153 197/197/197 152/152/152
f 198/198/198 197/197/197 153/153/153
f 194/194/194 197/197/197 198/198/198
f 198/198/198 153/153/153 154/154/154
f 154/154/154 199/199/199 198/198/198
f 199/199/199 154/154/154 155/155/155
f 155/155/155 200/200/200 199/199/199
f 200/200/200 155/155/155 156/156/156
f 156/156/156 201/201/201 200/200/200
f 201/201/201 156/156/156 157/157/157
f 157/157/157 202/202/202 201/201/201
f 202/202/202 157/157/157 158/158/158
f 158/158/158 203/203/203 202/202/202
f 203/203/203 158/158/158 159/159/159
f 159/159/159 204/204/204 203/203/203
f 204/204/204 159/159/159 160/160/160
f 160/160/160 205/205/205 204/204/204
f 205/205/205 160/160/160 161/161/161
f 161/161/161 206/206/206 205/205/205
f 206/206/206 161/161/161 163/163/163
f 163/163/163 207/207/207 206/206/206
f 207/207/207 163/163/163 164/164/164
f 164/164/164 208/208/208 207/207/207
f 164/164/164 209/209/209 208/208/208
f 165/165/165 209/209/209 164/164/164
f 210/210/210 209/209/209 165/165/165
f 208/208/208 209/209/209 210/210/210
f 210/210/210 165/165/165 166/166/166
f 166/166/166 211/211/211 210/210/210
f 211/211/211 166/166/166 167/167/167
f 167/167/167 212/212/212 211/211/211
f 212/212/212 167/167/167 168/168/168
f 168/168/168 213/213/213 212/212/212
f 213/213/213 168/168/168 169/169/169
f 169/169/169 214/214/214 213/213/213
f 214/214/214 169/169/169 170/170/170
f 170/170/170 215/215/215 214/214/214
f 215/215/215 170/170/170 171/171/171
f 171/171/171 216/216/216 215/215/215
f 216/216/216 171/171/171 172/172/172
f 172/172/172 217/217/217 216/216/216
f 172/172/172 218/218/218 217/217/217
f 173/173/173 218/218/218 172/172/172
f 218/218/218 220/220/220 219/219/219
f 173/173/173 220/220/220 218/218/218
f 217/217/217 218/218/218 219/219/219
f 221/221/221 220/220/220 173/173/173
f 219/219/219 220/220/220 221/221/221
f 174/174/174 221/221/221 173/173/173
f 222/222/222 221/221/221 174/174/174
f 219/219/219 221/221/221 222/222/222
f 222/222/222 174/174/174 175/175/175
f 175/175/175 223/223/223 222/222/222
f 223/223/223 175/175/175 176/176/176
f 176/176/176 224/224/224 223/223/223
f 224/224/224 176/176/176 177/177/177
f 177/177/177 225/225/225 224/224/224
f 225/225/225 177/177/177 178/178/178
f 178/178/178 226/226/226 225/225/225
f 226/226/226 178/178/178 179/179/179
f 179/179/179 227/227/227 226/226/226
f 227/227/227 179/179/179 180/180/180
f 180/180/180 228/228/228 227/227/227
f 228/228/228 180/180/180 181/181/181
f 181/181/181 229/229/229 228/228/228
f 229/229/229 181/181/181 182/182/182
f 182/182/182 230/230/230 229/229/229
f 233/233/233 232/232/232 183/183/183
f 231/231/231 232/232/232 233/233/233
f 184/184/184 233/233/233 183/183/183
f 234/234/234 233/233/233 184/184/184
f 231/231/231 233/233/233 234/234/234
f 184/184/184 235/235/235 234/234/234
f 235/235/235 190/190/190 188/188/188
f 184/184/184 190/190/190 235/235/235
f 235/235/235 237/237/237 236/236/236
f 188/188/188 237/237/237 235/235/235
f 234/234/234 235/235/235 236/236/236
f 237/237/237 239/239/239 238/238/238
f 188/188/188 239/239/239 237/237/237
f 237/237/237 240/240/240 236/236/236
f 238/238/238 240/240/240 237/237/237
f 241/241/241 242/242/242 195/195/195
f 242/242/242 243/243/243 238/238/238
f 241/241/241 243/243/243 242/242/242
f 194/194/194 241/241/241 195/195/195
f 239/239/239 196/196/196 195/195/195
f 188/188/188 196/196/196 239/239/239
f 239/239/239 242/242/242 238/238/238
f 195/195/195 242/242/242 239/239/239
f 244/244/244 246/246/246 245/245/245
f 238/238/238 246/246/246 244/244/244
f 247/247/247 244/244/244 245/245/245
f 245/245/245 241/241/241 194/194/194
f 246/246/246 243/243/243 241/241/241
f 238/238/238 243/243/243 246/246/246
f 245/245/245 246/246/246 241/241/241
f 248/248/248 240/240/240 238/238/238
f 236/236/236 240/240/240 248/248/248
f 248/248/248 244/244/244 247/247/247
f 238/238/238 244/244/244 248/248/248
f 249/249/249 245/245/245 194/194/194
f 247/247/247 245/245/245 249/249/249
f 198/198/198 249/249/249 194/194/194
f 249/249/249 251/251/251 250/250/250
f 198/198/198 251/251/251 249/249/249
f 247/247/247 249/249/249 250/250/250
f 252/252/252 251/251/251 198/198/198
f 251/251/251 253/253/253 250/250/250
f 252/252/252 253/253/253 251/251/251
f 199/199/199 252/252/252 198/198/198
f 254/254/254 252/252/252 199/199/199
f 255/255/255 253/253/253 252/252/252
f 250/250/250 253/253/253 255/255/255
f 254/254/254 255/255/255 252/252/252
f 254/254/254 199/199/199 200/200/200
f 200/200/200 256/256/256 254/254/254
f 256/256/256 200/200/200 201/201/201
f 201/201/201 257/257/257 256/256/256
f 257/257/257 201/201/201 202/202/202
f 202/202/202 258/258/258 257/257/257
f 258/258/258 202/202/202 203/203/203
f 203/203/203 259/259/259 258/258/258
f 203/203/203 260/260/260 259/259/259
f 204/204/204 260/260/260 203/203/203
f 260/260/260 262/262/262 261/261/261
f 204/204/204 262/262/262 260/260/260
f 259/259/259 260/260/260 261/261/261
f 263/263/263 262/262/262 204/204/204
f 261/261/261 262/262/262 263/263/263
f 205/205/205 263/263/263 204/204/204
f 264/264/264 263/263/263 205/205/205
f 261/261/261 263/263/263 264/264/264
f 205/205/205 265/265/265 264/264/264
f 206/206/206 265/265/265 205/205/205
f 266/266/266 265/265/265 206/206/206
f 265/265/265 267/267/267 264/264/264
f 266/266/266 267/267/267 265/265/265
f 266/266/266 206/206/206 207/207/207
f 207/207/207 268/268/268 266/266/266
f 268/268/268 207/207/207 208/208/208
f 208/208/208 269/269/269 268/268/268
f 208/208/208 270/270/270 269/269/269
f 210/210/210 270/270/270 208/208/208
f 271/271/271 270/270/270 210/210/210
f 270/270/270 272/272/272 269/269/269
f 271/271/271 272/272/272 270/270/270
f 271/271/271 210/210/210 211/211/211
f 211/211/211 273/273/273 271/271/271
f 273/273/273 211/211/211 212/212/212
f 212/212/212 274/274/274 273/273/273
f 274/274/274 212/212/212 213/213/213
f 213/213/213 275/275/275 274/274/274
f 275/275/275 213/213/213 214/214/214
f 214/214/214 276/276/276 275/275/275
f 276/276/276 214/214/214 215/215/215
f 215/215/215 277/277/277 276/276/276
f 277/277/277 215/215/215 216/216/216
f 216/216/216 278/278/278 277/277/277
f 278/278/278 216/216/216 217/217/217
f 217/217/217 279/279/279 278/278/278
f 279/279/279 217/217/217 219/219/219
f 219/219/219 280/280/280 279/279/279
f 280/280/280 219/219/219 222/222/222
f 222/222/222 281/281/281 280/280/280
f 281/281/281 222/222/222 223/223/223
f 223/223/223 282/282/282 281/281/281
f 282/282/282 223/223/223 224/224/224
f 224/224/224 283/283/283 282/282/282
f 224/224/224 284/284/284 283/283/283
f 225/225/225 284/284/284 224/224/224
f 284/284/284 286/286/286 285/285/285
f 225/225/225 286/286/286 284/284/284
f 283/283/283 284/284/284 285/285/285
f 287/287/287 286/286/286 225/225/225
f 285/285/285 286/286/286 287/287/287
f 226/226/226 287/287/287 225/225/225
f 288/288/288 287/287/287 226/226/226
f 285/285/285 287/287/287 288/288/288
f 288/288/288 226/226/226 227/227/227
f 227/227/227 289/289/289 288/288/288
f 289/289/289 227/227/227 228/228/228
f 228/228/228 290/290/290 289/289/289
f 290/290/290 228/228/228 229/229/229
f 229/229/229 291/291/291 290/290/290
f 291/291/291 229/229/229 230/230/230
f 230/230/230 292/292/292 291/291/291
f 231/231/231 294/294/294 293/293/293
f 234/234/234 294/294/294 231/231/231
f 295/295/295 294/294/294 234/234/234
f 293/293/293 294/294/294 295/295/295
f 234/234/234 296/296/296 295/295/295
f 236/236/236 296/296/296 234/234/234
f 297/297/297 296/296/296 236/236/236
f 296/296/296 298/298/298 295/295/295
f 297/297/297 298/298/298 296/296/296
f 236/236/236 299/299/299 297/297/297
f 299/299/299 248/248/248 247/247/247
f 236/236/236 248/248/248 299/299/299
f 300/300/300 299/299/299 247/247/247
f 299/299/299 301/301/301 297/297/297
f 300/300/300 301/301/301 299/299/299
f 300/300/300 247/247/247 250/250/250
f 250/250/250 302/302/302 300/300/300
f 250/250/250 303/303/303 302/302/302
f 303/303/303 255/255/255 254/254/254
f 250/250/250 255/255/255 303/303/303
f 304/304/304 303/303/303 254/254/254
f 302/302/302 303/303/303 304/304/304
f 304/304/304 254/254/254 256/256/256
f 256/256/256 305/305/305 304/304/304
f 305/305/305 256/256/256 257/257/257
f 257/257/257 306/306/306 305/305/305
f 306/306/306 257/257/257 258/258/258
f 258/258/258 307/307/307 306/306/306
f 307/307/307 258/258/258 259/259/259
f 259/259/259 308/308/308 307/307/307
f 308/308/308 259/259/259 261/261/261
f 261/261/261 309/309/309 308/308/308
f 309/309/309 261/261/261 264/264/264
f 264/264/264 310/310/310 309/309/309
f 264/264/264 311/311/311 310/310/310
f 311/311/311 267/267/267 266/266/266
f 264/264/264 267/267/267 311/311/311
f 312/312/312 311/311/311 266/266/266
f 310/310/310 311/311/311 312/312/312
f 312/312/312 266/266/266 268/268/268
f 268/268/268 313/313/313 312/312/312
f 313/313/313 268/268/268 269/269/269
f 269/269/269 314/314/314 313/313/313
f 269/269/269 315/315/315 314/314/314
f 315/315/315 272/272/272 271/271/271
f 269/269/269 272/272/272 315/315/315
f 315/315/315 317/317/317 316/316/316
f 271/271/271 317/317/317 315/315/315
f 314/314/314 315/315/315 316/316/316
f 318/318/318 317/317/317 271/271/271
f 317/317/317 319/319/319 316/316/316
f 318/318/318 319/319/319 317/317/317
f 273/273/273 318/318/318 271/271/271
f 320/320/320 321/321/321 318/318/318
f 322/322/322 321/321/321 320/320/320
f 273/273/273 320/320/320 318/318/318
f 319/319/319 324/324/324 323/323/323
f 318/318/318 324/324/324 319/319/319
f 316/316/316 319/319/319 323/323/323
f 323/323/323 321/321/321 322/322/322
f 321/321/321 324/324/324 318/318/318
f 323/323/323 324/324/324 321/321/321
f 325/325/325 320/320/320 273/273/273
f 322/322/322 320/320/320 325/325/325
f 274/274/274 325/325/325 273/273/273
f 326/326/326 325/325/325 274/274/274
f 322/322/322 325/325/325 326/326/326
f 326/326/326 274/274/274 275/275/275
f 275/275/275 327/327/327 326/326/326
f 327/327/327 275/275/275 276/276/276
f 276/276/276 328/328/328 327/327/327
f 328/328/328 276/276/276 277/277/277
f 277/277/277 329/329/329 328/328/328
f 329/329/329 277/277/277 278/278/278
f 278/278/278 330/330/330 329/329/329
f 330/330/330 278/278/278 279/279/279
f 279/279/279 331/331/331 330/330/330
f 331/331/331 279/279/279 280/280/280
f 280/280/280 332/332/332 331/331/331
f 332/332/332 280/280/280 281/281/281
f 281/281/281 333/333/333 332/332/332
f 333/333/333 281/281/281 282/282/282
f 282/282/282 334/334/334 333/333/333
f 334/334/334 282/282/282 283/283/283
f 283/283/283 335/335/335 334/334/334
f 335/335/335 283/283/283 285/285/285
f 285/285/285 336/336/336 335/335/335
f 336/336/336 285/285/285 288/288/288
f 288/288/288 337/337/337 336/336/336
f 337/337/337 288/288/288 289/289/289
f 289/289/289 338/338/338 337/337/337
f 338/338/338 289/289/289 290/290/290
f 290/290/290 339/339/339 338/338/338
f 339/339/339 290/290/290 291/291/291
f 291/291/291 340/340/340 339/339/339
f 340/340/340 291/291/291 292/292/292
f 292/292/292 341/341/341 340/340/340
f 342/342/342 293/293/293 295/295/295
f 295/295/295 343/343/343 342/342/342
f 295/295/295 344/344/344 343/343/343
f 298/298/298 345/345/345 344/344/344
f 297/297/297 345/345/345 298/298/298
f 295/295/295 298/298/298 344/344/344
f 344/344/344 347/347/347 346/346/346
f 345/345/345 348/348/348 347/347/347
f 297/297/297 348/348/348 345/345/345
f 344/344/344 345/345/345 347/347/347
f 343/343/343 344/344/344 346/346/346
f 347/347/347 350/350/350 349/349/349
f 350/350/350 348/348/348 297/297/297
f 347/347/347 348/348/348 350/350/350
f 346/346/346 347/347/347 349/349/349
f 349/349/349 301/301/301 300/300/300
f 301/301/301 350/350/350 297/297/297
f 349/349/349 350/350/350 301/301/301
f 351/351/351 349/349/349 300/300/300
f 349/349/349 352/352/352 346/346/346
f 351/351/351 352/352/352 349/349/349
f 300/300/300 353/353/353 351/351/351
f 302/302/302 353/353/353 300/300/300
f 353/353/353 355/355/355 354/354/354
f 302/302/302 355/355/355 353/353/353
f 351/351/351 353/353/353 354/354/354
f 356/356/356 355/355/355 302/302/302
f 355/355/355 357/357/357 354/354/354
f 356/356/356 357/357/357 355/355/355
f 304/304/304 356/356/356 302/302/302
f 358/358/358 359/359/359 356/356/356
f 359/359/359 361/361/361 360/360/360
f 358/358/358 361/361/361 359/359/359
f 304/304/304 358/358/358 356/356/356
f 362/362/362 357/357/357 356/356/356
f 354/354/354 357/357/357 362/362/362
f 362/362/362 359/359/359 360/360/360
f 356/356/356 359/359/359 362/362/362
f 363/363/363 358/358/358 304/304/304
f 364/364/364 361/361/361 358/358/358
f 360/360/360 361/361/361 364/364/364
f 363/363/363 364/364/364 358/358/358
f 305/305/305 363/363/363 304/304/304
f 365/365/365 366/366/366 363/363/363
f 367/367/367 366/366/366 365/365/365
f 305/305/305 365/365/365 363/363/363
f 368/368/368 364/364/364 363/363/363
f 360/360/360 364/364/364 368/368/368
f 368/368/368 366/366/366 367/367/367
f 363/363/363 366/366/366 368/368/368
f 369/369/369 365/365/365 305/305/305
f 367/367/367 365/365/365 369/369/369
f 306/306/306 369/369/369 305/305/305
f 370/370/370 369/369/369 306/306/306
f 367/367/367 369/369/369 370/370/370
f 370/370/370 306/306/306 307/307/307
f 307/307/307 371/371/371 370/370/370
f 371/371/371 307/307/307 308/308/308
f 308/308/308 372/372/372 371/371/371
f 372/372/372 308/308/308 309/309/309
f 309/309/309 373/373/373 372/372/372
f 373/373/373 309/309/309 310/310/310
f 310/310/310 374/374/374 373/373/373
f 374/374/374 310/310/310 312/312/312
f 312/312/312 375/375/375 374/374/374
f 375/375/375 312/312/312 313/313/313
f 313/313/313 376/376/376 375/375/375
f 376/376/376 313/313/313 314/314/314
f 314/314/314 377/377/377 376/376/376
f 377/377/377 314/314/314 316/316/316
f 316/316/316 378/378/378 377/377/377
f 316/316/316 379/379/379 378/378/378
f 379/379/379 323/323/323 322/322/322
f 316/316/316 323/323/323 379/379/379
f 380/380/380 379/379/379 322/322/322
f 378/378/378 379/379/379 380/380/380
f 380/380/380 322/322/322 326/326/326
f 326/326/326 381/381/381 380/380/380
f 326/326/326 382/382/382 381/381/381
f 327/327/327 382/382/382 326/326/326
f 383/383/383 382/382/382 327/327/327
f 381/381/381 382/382/382 383/383/383
f 383/383/383 327/327/327 328/328/328
f 328/328/328 384/384/384 383/383/383
f 384/384/384 328/328/328 329/329/329
f 329/329/329 385/385/385 384/384/384
f 385/385/385 329/329/329 330/330/330
f 330/330/330 386/386/386 385/385/385
f 386/386/386 330/330/330 331/331/331
f 331/331/331 387/387/387 386/386/386
f 387/387/387 331/331/331 332/332/332
f 332/332/332 388/388/388 387/387/387
f 388/388/388 332/332/332 333/333/333
f 333/333/333 389/389/389 388/388/388
f 389/389/389 333/333/333 334/334/334
f 334/334/334 390/390/390 389/389/389
f 334/334/334 391/391/391 390/390/390
f 335/335/335 391/391/391 334/334/334
f 392/392/392 393/393/393 391/391/391
f 393/393/393 395/395/395 394/394/394
f 392/392/392 395/395/395 393/393/393
f 335/335/335 392/392/392 391/391/391
f 391/391/391 396/396/396 390/390/390
f 396/396/396 393/393/393 394/394/394
f 391/391/391 393/393/393 396/396/396
f 397/397/397 392/392/392 335/335/335
f 398/398/398 395/395/395 392/392/392
f 394/394/394 395/395/395 398/398/398
f 397/397/397 398/398/398 392/392/392
f 336/336/336 397/397/397 335/335/335
f 399/399/399 397/397/397 336/336/336
f 400/400/400 398/398/398 397/397/397
f 394/394/394 398/398/398 400/400/400
f 399/399/399 400/400/400 397/397/397
f 399/399/399 336/336/336 337/337/337
f 337/337/337 401/401/401 399/399/399
f 401/401/401 337/337/337 338/338/338
f 338/338/338 402/402/402 401/401/401
f 338/338/338 403/403/403 402/402/402
f 339/339/339 403/403/403 338/338/338
f 404/404/404 403/403/403 339/339/339
f 402/402/402 403/403/403 404/404/404
f 404/404/404 339/339/339 340/340/340
f 340/340/340 405/405/405 404/404/404
f 405/405/405 340/340/340 341/341/341
f 341/341/341 406/406/406 405/405/405
f 407/407/407 342/342/342 343/343/343
f 343/343/343 408/408/408 407/407/407
f 408/408/408 343/343/343 346/346/346
f 346/346/346 409/409/409 408/408/408
f 346/346/346 410/410/410 409/409/409
f 352/352/352 411/411/411 410/410/410
f 351/351/351 411/411/411 352/352/352
f 346/346/346 352/352/352 410/410/410
f 410/410/410 413/413/413 412/412/412
f 413/413/413 411/411/411 351/351/351
f 410/410/410 411/411/411 413/413/413
f 409/409/409 410/410/410 412/412/412
f 414/414/414 413/413/413 351/351/351
f 413/413/413 415/415/415 412/412/412
f 414/414/414 415/415/415 413/413/413
f 354/354/354 414/414/414 351/351/351
f 416/416/416 414/414/414 354/354/354
f 417/417/417 415/415/415 414/414/414
f 412/412/412 415/415/415 417/417/417
f 416/416/416 417/417/417 414/414/414
f 354/354/354 418/418/418 416/416/416
f 418/418/418 362/362/362 360/360/360
f 354/354/354 362/362/362 418/418/418
f 418/418/418 420/420/420 419/419/419
f 360/360/360 420/420/420 418/418/418
f 416/416/416 418/418/418 419/419/419
f 421/421/421 420/420/420 360/360/360
f 419/419/419 420/420/420 421/421/421
f 421/421/421 368/368/368 367/367/367
f 360/360/360 368/368/368 421/421/421
f 422/422/422 421/421/421 367/367/367
f 419/419/419 421/421/421 422/422/422
f 422/422/422 367/367/367 370/370/370
f 370/370/370 423/423/423 422/422/422
f 423/423/423 370/370/370 371/371/371
f 371/371/371 424/424/424 423/423/423
f 424/424/424 371/371/371 372/372/372
f 372/372/372 425/425/425 424/424/424
f 425/425/425 372/372/372 373/373/373
f 373/373/373 426/426/426 425/425/425
f 426/426/426 373/373/373 374/374/374
f 374/374/374 427/427/427 426/426/426
f 427/427/427 374/374/374 375/375/375
f 375/375/375 428/428/428 427/427/427
f 428/428/428 375/375/375 376/376/376
f 376/376/376 429/429/429 428/428/428
f 429/429/429 376/376/376 377/377/377
f 377/377/377 430/430/430 429/429/429
f 430/430/430 377/377/377 378/378/378
f 378/378/378 431/431/431 430/430/430
f 431/431/431 378/378/378 380/380/380
f 380/380/380 432/432/432 431/431/431
f 432/432/432 380/380/380 381/381/381
f 381/381/381 433/433/433 432/432/432
f 381/381/381 434/434/434 433/433/433
f 383/383/383 434/434/434 381/381/381
f 435/435/435 434/434/434 383/383/383
f 433/433/433 434/434/434 435/435/435
f 435/435/435 383/383/383 384/384/384
f 384/384/384 436/436/436 435/435/435
f 436/436/436 384/384/384 385/385/385
f 385/385/385 437/437/437 436/436/436
f 437/437/437 385/385/385 386/386/386
f 386/386/386 438/438/438 437/437/437
f 438/438/438 386/386/386 387/387/387
f 387/387/387 439/439/439 438/438/438
f 387/387/387 440/440/440 439/439/439
f 388/388/388 440/440/440 387/387/387
f 441/441/441 440/440/440 388/388/388
f 440/440/440 442/442/442 439/439/439
f 441/441/441 442/442/442 440/440/440
f 388/388/388 443/443/443 441/441/441
f 389/389/389 443/443/443 388/388/388
f 444/444/444 445/445/445 443/443/443
f 446/446/446 445/445/445 444/444/444
f 389/389/389 444/444/444 443/443/443
f 443/443/443 447/447/447 441/441/441
f 447/447/447 445/445/445 446/446/446
f 443/443/443 445/445/445 447/447/447
f 448/448/448 444/444/444 389/389/389
f 446/446/446 444/444/444 448/448/448
f 390/390/390 448/448/448 389/389/389
f 449/449/449 448/448/448 390/390/390
f 446/446/446 448/448/448 449/449/449
f 390/390/390 450/450/450 449/449/449
f 450/450/450 396/396/396 394/394/394
f 390/390/390 396/396/396 450/450/450
f 451/451/451 450/450/450 394/394/394
f 449/449/449 450/450/450 451/451/451
f 394/394/394 452/452/452 451/451/451
f 400/400/400 453/453/453 452/452/452
f 399/399/399 453/453/453 400/400/400
f 394/394/394 400/400/400 452/452/452
f 452/452/452 455/455/455 454/454/454
f 455/455/455 453/453/453 399/399/399
f 452/452/452 453/453/453 455/455/455
f 451/451/451 452/452/452 454/454/454
f 456/456/456 455/455/455 399/399/399
f 454/454/454 455/455/455 456/456/456
f 401/401/401 456/456/456 399/399/399
f 457/457/457 456/456/456 401/401/401
f 454/454/454 456/456/456 457/457/457
f 457/457/457 401/401/401 402/402/402
f 402/402/402 458/458/458 457/457/457
f 458/458/458 402/402/402 404/404/404
f 404/404/404 459/459/459 458/458/458
f 459/459/459 404/404/404 405/405/405
f 405/405/405 460/460/460 459/459/459
f 460/460/460 405/405/405 406/406/406
f 406/406/406 461/461/461 460/460/460
f 462/462/462 407/407/407 408/408/408
f 408/408/408 463/463/463 462/462/462
f 463/463/463 408/408/408 409/409/409
f 409/409/409 464/464/464 463/463/463
f 464/464/464 409/409/409 412/412/412
f 412/412/412 465/465/465 464/464/464
f 412/412/412 466/466/466 465/465/465
f 417/417/417 467/467/467 466/466/466
f 416/416/416 467/467/467 417/417/417
f 412/412/412 417/417/417 466/466/466
f 466/466/466 469/469/469 468/468/468
f 469/469/469 467/467/467 416/416/416
f 466/466/466 467/467/467 469/469/469
f 465/465/465 466/466/466 468/468/468
f 470/470/470 469/469/469 416/416/416
f 468/468/468 469/469/469 470/470/470
f 419/419/419 470/470/470 416/416/416
f 471/471/471 470/470/470 419/419/419
f 468/468/468 470/470/470 471/471/471
f 471/471/471 419/419/419 422/422/422
f 422/422/422 472/472/472 471/471/471
f 472/472/472 422/422/422 423/423/423
f 423/423/423 473/473/473 472/472/472
f 473/473/473 423/423/423 424/424/424
f 424/424/424 474/474/474 473/473/473
f 474/474/474 424/424/424 425/425/425
f 425/425/425 475/475/475 474/474/474
f 475/475/475 425/425/425 426/426/426
f 426/426/426 476/476/476 475/475/475
f 476/476/476 426/426/426 427/427/427
f 427/427/427 477/477/477 476/476/476
f 477/477/477 427/427/427 428/428/428
f 428/428/428 478/478/478 477/477/477
f 478/478/478 428/428/428 429/429/429
f 429/429/429 479/479/479 478/478/478
f 479/479/479 429/429/429 430/430/430
f 430/430/430 480/480/480 479/479/479
f 480/480/480 430/430/430 431/431/431
f 431/431/431 481/481/481 480/480/480
f 481/481/481 431/431/431 432/432/432
f 432/432/432 482/482/482 481/481/481
f 482/482/482 432/432/432 433/433/433
f 433/433/433 483/483/483 482/482/482
f 433/433/433 484/484/484 483/483/483
f 435/435/435 484/484/484 433/433/433
f 484/484/484 486/486/486 485/485/485
f 435/435/435 486/486/486 484/484/484
f 483/483/483 484/484/484 485/485/485
f 487/487/487 486/486/486 435/435/435
f 486/486/486 488/488/488 485/485/485
f 487/487/487 488/488/488 486/486/486
f 436/436/436 487/487/487 435/435/435
f 489/489/489 490/490/490 487/487/487
f 491/491/491 490/490/490 489/489/489
f 436/436/436 489/489/489 487/487/487
f 488/488/488 493/493/493 492/492/492
f 487/487/487 493/493/493 488/488/488
f 485/485/485 488/488/488 492/492/492
f 492/492/492 490/490/490 491/491/491
f 490/490/490 493/493/493 487/487/487
f 492/492/492 493/493/493 490/490/490
f 494/494/494 489/489/489 436/436/436
f 491/491/491 489/489/489 494/494/494
f 437/437/437 494/494/494 436/436/436
f 495/495/495 496/496/496 494/494/494
f 496/496/496 498/498/498 497/497/497
f 495/495/495 498/498/498 496/496/496
f 437/437/437 495/495/495 494/494/494
f 494/494/494 499/499/499 491/491/491
f 499/499/499 496/496/496 497/497/497
f 494/494/494 496/496/496 499/499/499
f 500/500/500 495/495/495 437/437/437
f 501/501/501 498/498/498 495/495/495
f 497/497/497 498/498/498 501/501/501
f 500/500/500 501/501/501 495/495/495
f 438/438/438 500/500/500 437/437/437
f 500/500/500 503/503/503 502/502/502
f 438/438/438 503/503/503 500/500/500
f 504/504/504 501/501/501 500/500/500
f 497/497/497 501/501/501 504/504/504
f 502/502/502 504/504/504 500/500/500
f 505/505/505 503/503/503 438/438/438
f 502/502/502 503/503/503 505/505/505
f 439/439/439 505/505/505 438/438/438
f 505/505/505 507/507/507 506/506/506
f 439/439/439 507/507/507 505/505/505
f 502/502/502 505/505/505 506/506/506
f 508/508/508 507/507/507 439/439/439
f 506/506/506 507/507/507 508/508/508
f 442/442/442 509/509/509 508/508/508
f 441/441/441 509/509/509 442/442/442
f 439/439/439 442/442/442 508/508/508
f 508/508/508 511/511/511 510/510/510
f 509/509/509 512/512/512 511/511/511
f 441/441/441 512/512/512 509/509/509
f 508/508/508 509/509/509 511/511/511
f 506/506/506 508/508/508 510/510/510
f 511/511/511 514/514/514 513/513/513
f 514/514/514 512/512/512 441/441/441
f 511/511/511 512/512/512 514/514/514
f 510/510/510 511/511/511 513/513/513
f 513/513/513 447/447/447 446/446/446
f 447/447/447 514/514/514 441/441/441
f 513/513/513 514/514/514 447/447/447
f 515/515/515 513/513/513 446/446/446
f 510/510/510 513/513/513 515/515/515
f 515/515/515 446/446/446 449/449/449
f 449/449/449 516/516/516 515/515/515
f 516/516/516 449/449/449 451/451/451
f 451/451/451 517/517/517 516/516/516
f 451/451/451 518/518/518 517/517/517
f 454/454/454 518/518/518 451/451/451
f 519/519/519 518/518/518 454/454/454
f 517/517/517 518/518/518 519/519/519
f 454/454/454 520/520/520 519/519/519
f 457/457/457 520/520/520 454/454/454
f 521/521/521 520/520/520 457/457/457
f 520/520/520 522/522/522 519/519/519
f 521/521/521 522/522/522 520/520/520
f 457/457/457 523/523/523 521/521/521
f 458/458/458 523/523/523 457/457/457
f 524/524/524 525/525/525 523/523/523
f 526/526/526 525/525/525 524/524/524
f 458/458/458 524/524/524 523/523/523
f 523/523/523 527/527/527 521/521/521
f 527/527/527 525/525/525 526/526/526
f 523/523/523 525/525/525 527/527/527
f 528/528/528 524/524/524 458/458/458
f 526/526/526 524/524/524 528/528/528
f 459/459/459 528/528/528 458/458/458
f 529/529/529 528/528/528 459/459/459
f 526/526/526 528/528/528 529/529/529
f 459/459/459 530/530/530 529/529/529
f 460/460/460 530/530/530 459/459/459
f 531/531/531 530/530/530 460/460/460
f 530/530/530 532/532/532 529/529/529
f 531/531/531 532/532/532 530/530/530
f 460/460/460 533/533/533 531/531/531
f 461/461/461 533/533/533 460/460/460
f 534/534/534 533/533/533 461/461/461
f 533/533/533 535/535/535 531/531/531
f 534/534/534 535/535/535 533/533/533
f 536/536/536 462/462/462 463/463/463
f 463/463/463 537/537/537 536/536/536
f 537/537/537 463/463/463 464/464/464
f 464/464/464 538/538/538 537/537/537
f 538/538/538 464/464/464 465/465/465
f 465/465/465 539/539/539 538/538/538
f 539/539/539 465/465/465 468/468/468
f 468/468/468 540/540/540 539/539/539
f 468/468/468 541/541/541 540/540/540
f 471/471/471 541/541/541 468/468/468
f 541/541/541 543/543/543 542/542/542
f 471/471/471 543/543/543 541/541/541
f 540/540/540 541/541/541 542/542/542
f 544/544/544 543/543/543 471/471/471
f 543/543/543 545/545/545 542/542/542
f 544/544/544 545/545/545 543/543/543
f 472/472/472 544/544/544 471/471/471
f 546/546/546 544/544/544 472/472/472
f 547/547/547 545/545/545 544/544/544
f 542/542/542 545/545/545 547/547/547
f 546/546/546 547/547/547 544/544/544
f 546/546/546 472/472/472 473/473/473
f 473/473/473 548/548/548 546/546/546
f 548/548/548 473/473/473 474/474/474
f 474/474/474 549/549/549 548/548/548
f 549/549/549 474/474/474 475/475/475
f 475/475/475 550/550/550 549/549/549
f 550/550/550 475/475/475 476/476/476
f 476/476/476 551/551/551 550/550/550
f 551/551/551 476/476/476 477/477/477
f 477/477/477 552/552/552 551/551/551
f 552/552/552 477/477/477 478/478/478
f 478/478/478 553/553/553 552/552/552
f 553/553/553 478/478/478 479/479/479
f 479/479/479 554/554/554 553/553/553
f 554/554/554 479/479/479 480/480/480
f 480/480/480 555/555/555 554/554/554
f 555/555/555 480/480/480 481/481/481
f 481/481/481 556/556/556 555/555/555
f 556/556/556 481/481/481 482/482/482
f 482/482/482 557/557/557 556/556/556
f 557/557/557 482/482/482 483/483/483
f 483/483/483 558/558/558 557/557/557
f 558/558/558 483/483/483 485/485/485
f 485/485/485 559/559/559 558/558/558
f 485/485/485 560/560/560 559/559/559
f 560/560/560 492/492/492 491/491/491
f 485/485/485 492/492/492 560/560/560
f 561/561/561 560/560/560 491/491/491
f 559/559/559 560/560/560 561/561/561
f 491/491/491 562/562/562 561/561/561
f 562/562/562 499/499/499 497/497/497
f 491/491/491 499/499/499 562/562/562
f 563/563/563 562/562/562 497/497/497
f 561/561/561 562/562/562 563/563/563
f 497/497/497 564/564/564 563/563/563
f 564/564/564 504/504/504 502/502/502
f 497/497/497 504/504/504 564/564/564
f 565/565/565 564/564/564 502/502/502
f 563/563/563 564/564/564 565/565/565
f 565/565/565 502/502/502 506/506/506
f 506/506/506 566/566/566 565/565/565
f 566/566/566 506/506/506 510/510/510
f 510/510/510 567/567/567 566/566/566
f 567/567/567 510/510/510 515/515/515
f 515/515/515 568/568/568 567/567/567
f 568/568/568 515/515/515 516/516/516
f 516/516/516 569/569/569 568/568/568
f 569/569/569 516/516/516 517/517/517
f 517/517/517 570/570/570 569/569/569
f 570/570/570 517/517/517 519/519/519
f 519/519/519 571/571/571 570/570/570
f 519/519/519 572/572/572 571/571/571
f 522/522/522 573/573/573 572/572/572
f 521/521/521 573/573/573 522/522/522
f 519/519/519 522/522/522 572/572/572
f 572/572/572 575/575/575 574/574/574
f 575/575/575 573/573/573 521/521/521
f 572/572/572 573/573/573 575/575/575
f 571/571/571 572/572/572 574/574/574
f 575/575/575 577/577/577 576/576/576
f 521/521/521 577/577/577 575/575/575
f 574/574/574 575/575/575 576/576/576
f 576/576/576 527/527/527 526/526/526
f 527/527/527 577/577/577 521/521/521
f 576/576/576 577/577/577 527/527/527
f 578/578/578 576/576/576 526/526/526
f 574/574/574 576/576/576 578/578/578
f 578/578/578 526/526/526 529/529/529
f 529/529/529 579/579/579 578/578/578
f 529/529/529 580/580/580 579/579/579
f 580/580/580 532/532/532 531/531/531
f 529/529/529 532/532/532 580/580/580
f 580/580/580 582/582/582 581/581/581
f 531/531/531 582/582/582 580/580/580
f 579/579/579 580/580/580 581/581/581
f 582/582/582 584/584/584 583/583/583
f 531/531/531 584/584/584 582/582/582
f 581/581/581 582/582/582 583/583/583
f 585/585/585 586/586/586 535/535/535
f 583/583/583 586/586/586 585/585/585
f 534/534/534 585/585/585 535/535/535
f 535/535/535 584/584/584 531/531/531
f 584/584/584 586/586/586 583/583/583
f 535/535/535 586/586/586 584/584/584
f 583/583/583 588/588/588 587/587/587
f 588/588/588 585/585/585 534/534/534
f 583/583/583 585/585/585 588/588/588
f 581/581/581 583/583/583 587/587/587
f 591/591/591 590/590/590 536/536/536
f 589/589/589 590/590/590 591/591/591
f 537/537/537 591/591/591 536/536/536
f 592/592/592 591/591/591 537/537/537
f 589/589/589 591/591/591 592/592/592
f 592/592/592 537/537/537 538/538/538
f 538/538/538 593/593/593 592/592/592
f 593/593/593 538/538/538 539/539/539
f 539/539/539 594/594/594 593/593/593
f 594/594/594 539/539/539 540/540/540
f 540/540/540 595/595/595 594/594/594
f 595/595/595 540/540/540 542/542/542
f 542/542/542 596/596/596 595/595/595
f 542/542/542 597/597/597 596/596/596
f 547/547/547 598/598/598 597/597/597
f 546/546/546 598/598/598 547/547/547
f 542/542/542 547/547/547 597/597/597
f 599/599/599 601/601/601 600/600/600
f 597/597/597 601/601/601 599/599/599
f 602/602/602 599/599/599 600/600/600
f 600/600/600 598/598/598 546/546/546
f 598/598/598 601/601/601 597/597/597
f 600/600/600 601/601/601 598/598/598
f 597/597/597 603/603/603 596/596/596
f 603/603/603 599/599/599 602/602/602
f 597/597/597 599/599/599 603/603/603
f 604/604/604 600/600/600 546/546/546
f 602/602/602 600/600/600 604/604/604
f 548/548/548 604/604/604 546/546/546
f 605/605/605 604/604/604 548/548/548
f 602/602/602 604/604/604 605/605/605
f 605/605/605 548/548/548 549/549/549
f 549/549/549 606/606/606 605/605/605
f 606/606/606 549/549/549 550/550/550
f 550/550/550 607/607/607 606/606/606
f 607/607/607 550/550/550 551/551/551
f 551/551/551 608/608/608 607/607/607
f 608/608/608 551/551/551 552/552/552
f 552/552/552 609/609/609 608/608/608
f 552/552/552 610/610/610 609/609/609
f 553/553/553 610/610/610 552/552/552
f 611/611/611 610/610/610 553/553/553
f 610/610/610 612/612/612 609/609/609
f 611/611/611 612/612/612 610/610/610
f 611/611/611 553/553/553 554/554/554
f 554/554/554 613/613/613 611/611/611
f 613/613/613 554/554/554 555/555/555
f 555/555/555 614/614/614 613/613/613
f 614/614/614 555/555/555 556/556/556
f 556/556/556 615/615/615 614/614/614
f 615/615/615 556/556/556 557/557/557
f 557/557/557 616/616/616 615/615/615
f 616/616/616 557/557/557 558/558/558
f 558/558/558 617/617/617 616/616/616
f 617/617/617 558/558/558 559/559/559
f 559/559/559 618/618/618 617/617/617
f 618/618/618 559/559/559 561/561/561
f 561/561/561 619/619/619 618/618/618
f 619/619/619 561/561/561 563/563/563
f 563/563/563 620/620/620 619/619/619
f 620/620/620 563/563/563 565/565/565
f 565/565/565 621/621/621 620/620/620
f 621/621/621 565/565/565 566/566/566
f 566/566/566 622/622/622 621/621/621
f 622/622/622 566/566/566 567/567/567
f 567/567/567 623/623/623 622/622/622
f 623/623/623 567/567/567 568/568/568
f 568/568/568 624/624/624 623/623/623
f 624/624/624 568/568/568 569/569/569
f 569/569/569 625/625/625 624/624/624
f 625/625/625 569/569/569 570/570/570
f 570/570/570 626/626/626 625/625/625
f 626/626/626 570/570/570 571/571/571
f 571/571/571 627/627/627 626/626/626
f 571/571/571 628/628/628 627/627/627
f 574/574/574 628/628/628 571/571/571
f 628/628/628 630/630/630 629/629/629
f 574/574/574 630/630/630 628/628/628
f 628/628/628 631/631/631 627/627/627
f 629/629/629 631/631/631 628/628/628
f 632/632/632 630/630/630 574/574/574
f 630/630/630 633/633/633 629/629/629
f 632/632/632 633/633/633 630/630/630
f 578/578/578 632/632/632 574/574/574
f 632/632/632 635/635/635 634/634/634
f 578/578/578 635/635/635 632/632/632
f 636/636/636 633/633/633 632/632/632
f 629/629/629 633/633/633 636/636/636
f 634/634/634 636/636/636 632/632/632
f 637/637/637 635/635/635 578/578/578
f 635/635/635 638/638/638 634/634/634
f 637/637/637 638/638/638 635/635/635
f 579/579/579 637/637/637 578/578/578
f 639/639/639 640/640/640 637/637/637
f 641/641/641 640/640/640 639/639/639
f 579/579/579 639/639/639 637/637/637
f 638/638/638 643/643/643 642/642/642
f 637/637/637 643/643/643 638/638/638
f 634/634/634 638/638/638 642/642/642
f 642/642/642 640/640/640 641/641/641
f 640/640/640 643/643/643 637/637/637
f 642/642/642 643/643/643 640/640/640
f 644/644/644 639/639/639 579/579/579
f 641/641/641 639/639/639 644/644/644
f 581/581/581 644/644/644 579/579/579
f 645/645/645 644/644/644 581/581/581
f 641/641/641 644/644/644 645/645/645
f 645/645/645 581/581/581 587/587/587
f 587/587/587 646/646/646 645/645/645
f 647/647/647 589/589/589 592/592/592
f 592/592/592 648/648/648 647/647/647
f 648/648/648 592/592/592 593/593/593
f 593/593/593 649/649/649 648/648/648
f 649/649/649 593/593/593 594/594/594
f 594/594/594 650/650/650 649/649/649
f 650/650/650 594/594/594 595/595/595
f 595/595/595 651/651/651 650/650/650
f 595/595/595 652/652/652 651/651/651
f 596/596/596 652/652/652 595/595/595
f 653/653/653 654/654/654 652/652/652
f 655/655/655 654/654/654 653/653/653
f 596/596/596 653/653/653 652/652/652
f 652/652/652 656/656/656 651/651/651
f 656/656/656 654/654/654 655/655/655
f 652/652/652 654/654/654 656/656/656
f 657/657/657 653/653/653 596/596/596
f 655/655/655 653/653/653 657/657/657
f 603/603/603 658/658/658 657/657/657
f 602/602/602 658/658/658 603/603/603
f 596/596/596 603/603/603 657/657/657
f 657/657/657 660/660/660 659/659/659
f 660/660/660 658/658/658 602/602/602
f 657/657/657 658/658/658 660/660/660
f 655/655/655 657/657/657 659/659/659
f 661/661/661 660/660/660 602/602/602
f 659/659/659 660/660/660 661/661/661
f 605/605/605 661/661/661 602/602/602
f 662/662/662 661/661/661 605/605/605
f 661/661/661 663/663/663 659/659/659
f 662/662/662 663/663/663 661/661/661
f 662/662/662 605/605/605 606/606/606
f 606/606/606 664/664/664 662/662/662
f 664/664/664 606/606/606 607/607/607
f 607/607/607 665/665/665 664/664/664
f 665/665/665 607/607/607 608/608/608
f 608/608/608 666/666/666 665/665/665
f 666/666/666 608/608/608 609/609/609
f 609/609/609 667/667/667 666/666/666
f 609/609/609 668/668/668 667/667/667
f 668/668/668 612/612/612 611/611/611
f 609/609/609 612/612/612 668/668/668
f 669/669/669 668/668/668 611/611/611
f 667/667/667 668/668/668 669/669/669
f 669/669/669 611/611/611 613/613/613
f 613/613/613 670/670/670 669/669/669
f 670/670/670 613/613/613 614/614/614
f 614/614/614 671/671/671 670/670/670
f 671/671/671 614/614/614 615/615/615
f 615/615/615 672/672/672 671/671/671
f 672/672/672 615/615/615 616/616/616
f 616/616/616 673/673/673 672/672/672
f 673/673/673 616/616/616 617/617/617
f 617/617/617 674/674/674 673/673/673
f 674/674/674 617/617/617 618/618/618
f 618/618/618 675/675/675 674/674/674
f 675/675/675 618/618/618 619/619/619
f 619/619/619 676/676/676 675/675/675
f 676/676/676 619/619/619 620/620/620
f 620/620/620 677/677/677 676/676/676
f 677/677/677 620/620/620 621/621/621
f 621/621/621 678/678/678 677/677/677
f 678/678/678 621/621/621 622/622/622
f 622/622/622 679/679/679 678/678/678
f 679/679/679 622/622/622 623/623/623
f 623/623/623 680/680/680 679/679/679
f 680/680/680 623/623/623 624/624/624
f 624/624/624 681/681/681 680/680/680
f 681/681/681 624/624/624 625/625/625
f 625/625/625 682/682/682 681/681/681
f 682/682/682 625/625/625 626/626/626
f 626/626/626 683/683/683 682/682/682
f 626/626/626 684/684/684 683/683/683
f 627/627/627 684/684/684 626/626/626
f 684/684/684 686/686/686 685/685/685
f 627/627/627 686/686/686 684/684/684
f 683/683/683 684/684/684 685/685/685
f 687/687/687 686/686/686 627/627/627
f 686/686/686 688/688/688 685/685/685
f 687/687/687 688/688/688 686/686/686
f 631/631/631 689/689/689 687/687/687
f 629/629/629 689/689/689 631/631/631
f 627/627/627 631/631/631 687/687/687
f 690/690/690 692/692/692 691/691/691
f 687/687/687 692/692/692 690/690/690
f 693/693/693 690/690/690 691/691/691
f 691/691/691 689/689/689 629/629/629
f 689/689/689 692/692/692 687/687/687
f 691/691/691 692/692/692 689/689/689
f 694/694/694 688/688/688 687/687/687
f 688/688/688 695/695/695 685/685/685
f 694/694/694 695/695/695 688/688/688
f 694/694/694 690/690/690 693/693/693
f 687/687/687 690/690/690 694/694/694
f 696/696/696 691/691/691 629/629/629
f 693/693/693 691/691/691 696/696/696
f 696/696/696 636/636/636 634/634/634
f 629/629/629 636/636/636 696/696/696
f 697/697/697 696/696/696 634/634/634
f 693/693/693 696/696/696 697/697/697
f 634/634/634 698/698/698 697/697/697
f 698/698/698 642/642/642 641/641/641
f 634/634/634 642/642/642 698/698/698
f 699/699/699 698/698/698 641/641/641
f 697/697/697 698/698/698 699/699/699
f 641/641/641 700/700/700 699/699/699
f 645/645/645 700/700/700 641/641/641
f 700/700/700 702/702/702 701/701/701
f 645/645/645 702/702/702 700/700/700
f 699/699/699 700/700/700 701/701/701
f 703/703/703 702/702/702 645/645/645
f 701/701/701 702/702/702 703/703/703
f 646/646/646 703/703/703 645/645/645
f 704/704/704 703/703/703 646/646/646
f 701/701/701 703/703/703 704/704/704
f 705/705/705 647/647/647 648/648/648
f 648/648/648 706/706/706 705/705/705
f 706/706/706 648/648/648 649/649/649
f 649/649/649 707/707/707 706/706/706
f 707/707/707 649/649/649 650/650/650
f 650/650/650 708/708/708 707/707/707
f 650/650/650 709/709/709 708/708/708
f 651/651/651 709/709/709 650/650/650
f 709/709/709 711/711/711 710/710/710
f 651/651/651 711/711/711 709/709/709
f 709/709/709 712/712/712 708/708/708
f 710/710/710 712/712/712 709/709/709
f 711/711/711 714/714/714 713/713/713
f 651/651/651 714/714/714 711/711/711
f 710/710/710 711/711/711 713/713/713
f 713/713/713 656/656/656 655/655/655
f 656/656/656 714/714/714 651/651/651
f 713/713/713 714/714/714 656/656/656
f 715/715/715 713/713/713 655/655/655
f 710/710/710 713/713/713 715/715/715
f 655/655/655 716/716/716 715/715/715
f 659/659/659 716/716/716 655/655/655
f 716/716/716 718/718/718 717/717/717
f 659/659/659 718/718/718 716/716/716
f 715/715/715 716/716/716 717/717/717
f 718/718/718 720/720/720 719/719/719
f 659/659/659 720/720/720 718/718/718
f 717/717/717 718/718/718 719/719/719
f 719/719/719 663/663/663 662/662/662
f 663/663/663 720/720/720 659/659/659
f 719/719/719 720/720/720 663/663/663
f 721/721/721 719/719/719 662/662/662
f 717/717/717 719/719/719 721/721/721
f 721/721/721 662/662/662 664/664/664
f 664/664/664 722/722/722 721/721/721
f 722/722/722 664/664/664 665/665/665
f 665/665/665 723/723/723 722/722/722
f 723/723/723 665/665/665 666/666/666
f 666/666/666 724/724/724 723/723/723
f 724/724/724 666/666/666 667/667/667
f 667/667/667 725/725/725 724/724/724
f 725/725/725 667/667/667 669/669/669
f 669/669/669 726/726/726 725/725/725
f 726/726/726 669/669/669 670/670/670
f 670/670/670 727/727/727 726/726/726
f 727/727/727 670/670/670 671/671/671
f 671/671/671 728/728/728 727/727/727
f 728/728/728 671/671/671 672/672/672
f 672/672/672 729/729/729 728/728/728
f 729/729/729 672/672/672 673/673/673
f 673/673/673 730/730/730 729/729/729
f 730/730/730 673/673/673 674/674/674
f 674/674/674 731/731/731 730/730/730
f 731/731/731 674/674/674 675/675/675
f 675/675/675 732/732/732 731/731/731
f 732/732/732 675/675/675 676/676/676
f 676/676/676 733/733/733 732/732/732
f 733/733/733 676/676/676 677/677/677
f 677/677/677 734/734/734 733/733/733
f 734/734/734 677/677/677 678/678/678
f 678/678/678 735/735/735 734/734/734
f 735/735/735 678/678/678 679/679/679
f 679/679/679 736/736/736 735/735/735
f 736/736/736 679/679/679 680/680/680
f 680/680/680 737/737/737 736/736/736
f 737/737/737 680/680/680 681/681/681
f 681/681/681 738/738/738 737/737/737
f 738/738/738 681/681/681 682/682/682
f 682/682/682 739/739/739 738/738/738
f 739/739/739 682/682/682 683/683/683
f 683/683/683 740/740/740 739/739/739
f 683/683/683 741/741/741 740/740/740
f 685/685/685 741/741/741 683/683/683
f 742/742/742 743/743/743 741/741/741
f 744/744/744 743/743/743 742/742/742
f 685/685/685 742/742/742 741/741/741
f 741/741/741 745/745/745 740/740/740
f 745/745/745 743/743/743 744/744/744
f 741/741/741 743/743/743 745/745/745
f 742/742/742 747/747/747 746/746/746
f 685/685/685 747/747/747 742/742/742
f 744/744/744 742/742/742 746/746/746
f 746/746/746 694/694/694 693/693/693
f 747/747/747 695/695/695 694/694/694
f 685/685/685 695/695/695 747/747/747
f 746/746/746 747/747/747 694/694/694
f 748/748/748 746/746/746 693/693/693
f 744/744/744 746/746/746 748/748/748
f 748/748/748 693/693/693 697/697/697
f 697/697/697 749/749/749 748/748/748
f 749/749/749 697/697/697 699/699/699
f 699/699/699 750/750/750 749/749/749
f 750/750/750 699/699/699 701/701/701
f 701/701/701 751/751/751 750/750/750
f 751/751/751 701/701/701 704/704/704
f 704/704/704 752/752/752 751/751/751
f 753/753/753 705/705/705 706/706/706
f 706/706/706 754/754/754 753/753/753
f 754/754/754 706/706/706 707/707/707
f 707/707/707 755/755/755 754/754/754
f 755/755/755 707/707/707 708/708/708
f 708/708/708 756/756/756 755/755/755
f 708/708/708 757/757/757 756/756/756
f 712/712/712 758/758/758 757/757/757
f 710/710/710 758/758/758 712/712/712
f 708/708/708 712/712/712 757/757/757
f 757/757/757 760/760/760 759/759/759
f 760/760/760 758/758/758 710/710/710
f 757/757/757 758/758/758 760/760/760
f 756/756/756 757/757/757 759/759/759
f 761/761/761 760/760/760 710/710/710
f 759/759/759 760/760/760 761/761/761
f 715/715/715 761/761/761 710/710/710
f 762/762/762 761/761/761 715/715/715
f 759/759/759 761/761/761 762/762/762
f 762/762/762 715/715/715 717/717/717
f 717/717/717 763/763/763 762/762/762
f 763/763/763 717/717/717 721/721/721
f 721/721/721 764/764/764 763/763/763
f 764/764/764 721/721/721 722/722/722
f 722/722/722 765/765/765 764/764/764
f 765/765/765 722/722/722 723/723/723
f 723/723/723 766/766/766 765/765/765
f 766/766/766 723/723/723 724/724/724
f 724/724/724 767/767/767 766/766/766
f 767/767/767 724/724/724 725/725/725
f 725/725/725 768/768/768 767/767/767
f 768/768/768 725/725/725 726/726/726
f 726/726/726 769/769/769 768/768/768
f 769/769/769 726/726/726 727/727/727
f 727/727/727 770/770/770 769/769/769
f 770/770/770 727/727/727 728/728/728
f 728/728/728 771/771/771 770/770/770
f 771/771/771 728/728/728 729/729/729
f 729/729/729 772/772/772 771/771/771
f 772/772/772 729/729/729 730/730/730
f 730/730/730 773/773/773 772/772/772
f 773/773/773 730/730/730 731/731/731
f 731/731/731 774/774/774 773/773/773
f 774/774/774 731/731/731 732/732/732
f 732/732/732 775/775/775 774/774/774
f 775/775/775 732/732/732 733/733/733
f 733/733/733 776/776/776 775/775/775
f 776/776/776 733/733/733 734/734/734
f 734/734/734 777/777/777 776/776/776
f 777/777/777 734/734/734 735/735/735
f 735/735/735 778/778/778 777/777/777
f 778/778/778 735/735/735 736/736/736
f 736/736/736 779/779/779 778/778/778
f 779/779/779 736/736/736 737/737/737
f 737/737/737 780/780/780 779/779/779
f 780/780/780 737/737/737 738/738/738
f 738/738/738 781/781/781 780/780/780
f 738/738/738 782/782/782 781/781/781
f 739/739/739 782/782/782 738/738/738
f 783/783/783 782/782/782 739/739/739
f 782/782/782 784/784/784 781/781/781
f 783/783/783 784/784/784 782/782/782
f 739/739/739 785/785/785 783/783/783
f 740/740/740 785/785/785 739/739/739
f 785/785/785 787/787/787 786/786/786
f 740/740/740 787/787/787 785/785/785
f 783/783/783 785/785/785 786/786/786
f 788/788/788 787/787/787 740/740/740
f 787/787/787 789/789/789 786/786/786
f 788/788/788 789/789/789 787/787/787
f 788/788/788 745/745/745 744/744/744
f 740/740/740 745/745/745 788/788/788
f 790/790/790 788/788/788 744/744/744
f 791/791/791 789/789/789 788/788/788
f 786/786/786 789/789/789 791/791/791
f 790/790/790 791/791/791 788/788/788
f 790/790/790 744/744/744 748/748/748
f 748/748/748 792/792/792 790/790/790
f 792/792/792 748/748/748 749/749/749
f 749/749/749 793/793/793 792/792/792
f 793/793/793 749/749/749 750/750/750
f 750/750/750 794/794/794 793/793/793
f 794/794/794 750/750/750 751/751/751
f 751/751/751 795/795/795 794/794/794
f 795/795/795 751/751/751 752/752/752
f 752/752/752 796/796/796 795/795/795
f 797/797/797 753/753/753 754/754/754
f 754/754/754 798/798/798 797/797/797
f 798/798/798 754/754/754 755/755/755
f 755/755/755 799/799/799 798/798/798
f 799/799/799 755/755/755 756/756/756
f 756/756/756 800/800/800 799/799/799
f 756/756/756 801/801/801 800/800/800
f 759/759/759 801/801/801 756/756/756
f 801/801/801 803/803/803 802/802/802
f 759/759/759 803/803/803 801/801/801
f 800/800/800 801/801/801 802/802/802
f 804/804/804 803/803/803 759/759/759
f 803/803/803 805/805/805 802/802/802
f 804/804/804 805/805/805 803/803/803
f 762/762/762 804/804/804 759/759/759
f 806/806/806 804/804/804 762/762/762
f 807/807/807 805/805/805 804/804/804
f 802/802/802 805/805/805 807/807/807
f 806/806/806 807/807/807 804/804/804
f 806/806/806 762/762/762 763/763/763
f 763/763/763 808/808/808 806/806/806
f 808/808/808 763/763/763 764/764/764
f 764/764/764 809/809/809 808/808/808
f 809/809/809 764/764/764 765/765/765
f 765/765/765 810/810/810 809/809/809
f 810/810/810 765/765/765 766/766/766
f 766/766/766 811/811/811 810/810/810
f 811/811/811 766/766/766 767/767/767
f 767/767/767 812/812/812 811/811/811
f 767/767/767 813/813/813 812/812/812
f 768/768/768 813/813/813 767/767/767
f 814/814/814 813/813/813 768/768/768
f 813/813/813 815/815/815 812/812/812
f 814/814/814 815/815/815 813/813/813
f 768/768/768 816/816/816 814/814/814
f 769/769/769 816/816/816 768/768/768
f 817/817/817 816/816/816 769/769/769
f 816/816/816 818/818/818 814/814/814
f 817/817/817 818/818/818 816/816/816
f 817/817/817 769/769/769 770/770/770
f 770/770/770 819/819/819 817/817/817
f 770/770/770 820/820/820 819/819/819
f 771/771/771 820/820/820 770/770/770
f 821/821/821 822/822/822 820/820/820
f 823/823/823 822/822/822 821/821/821
f 771/771/771 821/821/821 820/820/820
f 820/820/820 824/824/824 819/819/819
f 824/824/824 822/822/822 823/823/823
f 820/820/820 822/822/822 824/824/824
f 825/825/825 821/821/821 771/771/771
f 823/823/823 821/821/821 825/825/825
f 772/772/772 825/825/825 771/771/771
f 826/826/826 825/825/825 772/772/772
f 823/823/823 825/825/825 826/826/826
f 772/772/772 827/827/827 826/826/826
f 773/773/773 827/827/827 772/772/772
f 828/828/828 827/827/827 773/773/773
f 827/827/827 829/829/829 826/826/826
f 828/828/828 829/829/829 827/827/827
f 828/828/828 773/773/773 774/774/774
f 774/774/774 830/830/830 828/828/828
f 830/830/830 774/774/774 775/775/775
f 775/775/775 831/831/831 830/830/830
f 831/831/831 775/775/775 776/776/776
f 776/776/776 832/832/832 831/831/831
f 832/832/832 776/776/776 777/777/777
f 777/777/777 833/833/833 832/832/832
f 833/833/833 777/777/777 778/778/778
f 778/778/778 834/834/834 833/833/833
f 834/834/834 778/778/778 779/779/779
f 779/779/779 835/835/835 834/834/834
f 835/835/835 779/779/779 780/780/780
f 780/780/780 836/836/836 835/835/835
f 836/836/836 780/780/780 781/781/781
f 781/781/781 837/837/837 836/836/836
f 781/781/781 838/838/838 837/837/837
f 784/784/784 839/839/839 838/838/838
f 783/783/783 839/839/839 784/784/784
f 781/781/781 784/784/784 838/838/838
f 838/838/838 841/841/841 840/840/840
f 841/841/841 839/839/839 783/783/783
f 838/838/838 839/839/839 841/841/841
f 837/837/837 838/838/838 840/840/840
f 842/842/842 841/841/841 783/783/783
f 840/840/840 841/841/841 842/842/842
f 786/786/786 842/842/842 783/783/783
f 842/842/842 844/844/844 843/843/843
f 786/786/786 844/844/844 842/842/842
f 840/840/840 842/842/842 843/843/843
f 845/845/845 844/844/844 786/786/786
f 843/843/843 844/844/844 845/845/845
f 845/845/845 791/791/791 790/790/790
f 786/786/786 791/791/791 845/845/845
f 846/846/846 845/845/845 790/790/790
f 843/843/843 845/845/845 846/846/846
f 846/846/846 790/790/790 792/792/792
f 792/792/792 847/847/847 846/846/846
f 847/847/847 792/792/792 793/793/793
f 793/793/793 848/848/848 847/847/847
f 848/848/848 793/793/793 794/794/794
f 794/794/794 849/849/849 848/848/848
f 849/849/849 794/794/794 795/795/795
f 795/795/795 850/850/850 849/849/849
f 850/850/850 795/795/795 796/796/796
f 796/796/796 851/851/851 850/850/850
f 852/852/852 797/797/797 798/798/798
f 798/798/798 853/853/853 852/852/852
f 853/853/853 798/798/798 799/799/799
f 799/799/799 854/854/854 853/853/853
f 854/854/854 799/799/799 800/800/800
f 800/800/800 855/855/855 854/854/854
f 855/855/855 800/800/800 802/802/802
f 802/802/802 856/856/856 855/855/855
f 802/802/802 857/857/857 856/856/856
f 857/857/857 807/807/807 806/806/806
f 802/802/802 807/807/807 857/857/857
f 858/858/858 857/857/857 806/806/806
f 856/856/856 857/857/857 858/858/858
f 806/806/806 859/859/859 858/858/858
f 808/808/808 859/859/859 806/806/806
f 859/859/859 861/861/861 860/860/860
f 808/808/808 861/861/861 859/859/859
f 859/859/859 862/862/862 858/858/858
f 860/860/860 862/862/862 859/859/859
f 863/863/863 861/861/861 808/808/808
f 860/860/860 861/861/861 863/863/863
f 809/809/809 863/863/863 808/808/808
f 864/864/864 863/863/863 809/809/809
f 860/860/860 863/863/863 864/864/864
f 864/864/864 809/809/809 810/810/810
f 810/810/810 865/865/865 864/864/864
f 865/865/865 810/810/810 811/811/811
f 811/811/811 866/866/866 865/865/865
f 811/811/811 867/867/867 866/866/866
f 812/812/812 867/867/867 811/811/811
f 867/867/867 869/869/869 868/868/868
f 812/812/812 869/869/869 867/867/867
f 866/866/866 867/867/867 868/868/868
f 870/870/870 869/869/869 812/812/812
f 869/869/869 871/871/871 868/868/868
f 870/870/870 871/871/871 869/869/869
f 815/815/815 872/872/872 870/870/870
f 814/814/814 872/872/872 815/815/815
f 812/812/812 815/815/815 870/870/870
f 873/873/873 875/875/875 874/874/874
f 875/875/875 876/876/876 870/870/870
f 873/873/873 876/876/876 875/875/875
f 877/877/877 873/873/873 874/874/874
f 874/874/874 872/872/872 814/814/814
f 872/872/872 875/875/875 870/870/870
f 874/874/874 875/875/875 872/872/872
f 871/871/871 879/879/879 878/878/878
f 870/870/870 879/879/879 871/871/871
f 871/871/871 880/880/880 868/868/868
f 878/878/878 880/880/880 871/871/871
f 881/881/881 882/882/882 873/873/873
f 878/878/878 882/882/882 881/881/881
f 877/877/877 881/881/881 873/873/873
f 876/876/876 883/883/883 879/879/879
f 873/873/873 883/883/883 876/876/876
f 870/870/870 876/876/876 879/879/879
f 879/879/879 882/882/882 878/878/878
f 882/882/882 883/883/883 873/873/873
f 879/879/879 883/883/883 882/882/882
f 884/884/884 885/885/885 874/874/874
f 886/886/886 885/885/885 884/884/884
f 814/814/814 884/884/884 874/874/874
f 874/874/874 887/887/887 877/877/877
f 887/887/887 885/885/885 886/886/886
f 874/874/874 885/885/885 887/887/887
f 886/886/886 818/818/818 817/817/817
f 818/818/818 884/884/884 814/814/814
f 886/886/886 884/884/884 818/818/818
f 888/888/888 889/889/889 886/886/886
f 890/890/890 889/889/889 888/888/888
f 817/817/817 888/888/888 886/886/886
f 891/891/891 887/887/887 886/886/886
f 877/877/877 887/887/887 891/891/891
f 891/891/891 889/889/889 890/890/890
f 886/886/886 889/889/889 891/891/891
f 892/892/892 888/888/888 817/817/817
f 890/890/890 888/888/888 892/892/892
f 819/819/819 892/892/892 817/817/817
f 893/893/893 892/892/892 819/819/819
f 890/890/890 892/892/892 893/893/893
f 819/819/819 894/894/894 893/893/893
f 894/894/894 824/824/824 823/823/823
f 819/819/819 824/824/824 894/894/894
f 895/895/895 894/894/894 823/823/823
f 893/893/893 894/894/894 895/895/895
f 823/823/823 896/896/896 895/895/895
f 826/826/826 896/896/896 823/823/823
f 896/896/896 898/898/898 897/897/897
f 826/826/826 898/898/898 896/896/896
f 895/895/895 896/896/896 897/897/897
f 898/898/898 900/900/900 899/899/899
f 826/826/826 900/900/900 898/898/898
f 897/897/897 898/898/898 899/899/899
f 899/899/899 829/829/829 828/828/828
f 829/829/829 900/900/900 826/826/826
f 899/899/899 900/900/900 829/829/829
f 901/901/901 899/899/899 828/828/828
f 897/897/897 899/899/899 901/901/901
f 828/828/828 902/902/902 901/901/901
f 830/830/830 902/902/902 828/828/828
f 903/903/903 902/902/902 830/830/830
f 902/902/902 904/904/904 901/901/901
f 903/903/903 904/904/904 902/902/902
f 903/903/903 830/830/830 831/831/831
f 831/831/831 905/905/905 903/903/903
f 905/905/905 831/831/831 832/832/832
f 832/832/832 906/906/906 905/905/905
f 906/906/906 832/832/832 833/833/833
f 833/833/833 907/907/907 906/906/906
f 907/907/907 833/833/833 834/834/834
f 834/834/834 908/908/908 907/907/907
f 908/908/908 834/834/834 835/835/835
f 835/835/835 909/909/909 908/908/908
f 909/909/909 835/835/835 836/836/836
f 836/836/836 910/910/910 909/909/909
f 910/910/910 836/836/836 837/837/837
f 837/837/837 911/911/911 910/910/910
f 837/837/837 912/912/912 911/911/911
f 840/840/840 912/912/912 837/837/837
f 913/913/913 912/912/912 840/840/840
f 912/912/912 914/914/914 911/911/911
f 913/913/913 914/914/914 912/912/912
f 913/913/913 840/840/840 843/843/843
f 843/843/843 915/915/915 913/913/913
f 915/915/915 843/843/843 846/846/846
f 846/846/846 916/916/916 915/915/915
f 916/916/916 846/846/846 847/847/847
f 847/847/847 917/917/917 916/916/916
f 917/917/917 847/847/847 848/848/848
f 848/848/848 918/918/918 917/917/917
f 918/918/918 848/848/848 849/849/849
f 849/849/849 919/919/919 918/918/918
f 919/919/919 849/849/849 850/850/850
f 850/850/850 920/920/920 919/919/919
f 920/920/920 850/850/850 851/851/851
f 851/851/851 921/921/921 920/920/920
f 922/922/922 852/852/852 853/853/853
f 853/853/853 923/923/923 922/922/922
f 853/853/853 924/924/924 923/923/923
f 854/854/854 924/924/924 853/853/853
f 925/925/925 924/924/924 854/854/854
f 924/924/924 926/926/926 923/923/923
f 925/925/925 926/926/926 924/924/924
f 925/925/925 854/854/854 855/855/855
f 855/855/855 927/927/927 925/925/925
f 927/927/927 855/855/855 856/856/856
f 856/856/856 928/928/928 927/927/927
f 856/856/856 929/929/929 928/928/928
f 858/858/858 929/929/929 856/856/856
f 929/929/929 931/931/931 930/930/930
f 858/858/858 931/931/931 929/929/929
f 929/929/929 932/932/932 928/928/928
f 930/930/930 932/932/932 929/929/929
f 931/931/931 934/934/934 933/933/933
f 858/858/858 934/934/934 931/931/931
f 930/930/930 931/931/931 933/933/933
f 933/933/933 862/862/862 860/860/860
f 862/862/862 934/934/934 858/858/858
f 933/933/933 934/934/934 862/862/862
f 935/935/935 933/933/933 860/860/860
f 930/930/930 933/933/933 935/935/935
f 935/935/935 860/860/860 864/864/864
f 864/864/864 936/936/936 935/935/935
f 936/936/936 864/864/864 865/865/865
f 865/865/865 937/937/937 936/936/936
f 937/937/937 865/865/865 866/866/866
f 866/866/866 938/938/938 937/937/937
f 866/866/866 939/939/939 938/938/938
f 868/868/868 939/939/939 866/866/866
f 939/939/939 941/941/941 940/940/940
f 868/868/868 941/941/941 939/939/939
f 939/939/939 942/942/942 938/938/938
f 940/940/940 942/942/942 939/939/939
f 943/943/943 944/944/944 941/941/941
f 945/945/945 944/944/944 943/943/943
f 868/868/868 943/943/943 941/941/941
f 941/941/941 946/946/946 940/940/940
f 946/946/946 944/944/944 945/945/945
f 941/941/941 944/944/944 946/946/946
f 878/878/878 947/947/947 945/945/945
f 947/947/947 881/881/881 877/877/877
f 878/878/878 881/881/881 947/947/947
f 943/943/943 880/880/880 878/878/878
f 868/868/868 880/880/880 943/943/943
f 945/945/945 943/943/943 878/878/878
f 945/945/945 949/949/949 948/948/948
f 949/949/949 947/947/947 877/877/877
f 945/945/945 947/947/947 949/949/949
f 950/950/950 946/946/946 945/945/945
f 940/940/940 946/946/946 950/950/950
f 948/948/948 950/950/950 945/945/945
f 951/951/951 949/949/949 877/877/877
f 948/948/948 949/949/949 951/951/951
f 951/951/951 891/891/891 890/890/890
f 877/877/877 891/891/891 951/951/951
f 952/952/952 951/951/951 890/890/890
f 948/948/948 951/951/951 952/952/952
f 952/952/952 890/890/890 893/893/893
f 893/893/893 953/953/953 952/952/952
f 953/953/953 893/893/893 895/895/895
f 895/895/895 954/954/954 953/953/953
f 954/954/954 895/895/895 897/897/897
f 897/897/897 955/955/955 954/954/954
f 955/955/955 897/897/897 901/901/901
f 901/901/901 956/956/956 955/955/955
f 901/901/901 957/957/957 956/956/956
f 957/957/957 904/904/904 903/903/903
f 901/901/901 904/904/904 957/957/957
f 958/958/958 957/957/957 903/903/903
f 956/956/956 957/957/957 958/958/958
f 958/958/958 903/903/903 905/905/905
f 905/905/905 959/959/959 958/958/958
f 905/905/905 960/960/960 959/959/959
f 906/906/906 960/960/960 905/905/905
f 961/961/961 960/960/960 906/906/906
f 960/960/960 962/962/962 959/959/959
f 961/961/961 962/962/962 960/960/960
f 961/961/961 906/906/906 907/907/907
f 907/907/907 963/963/963 961/961/961
f 963/963/963 907/907/907 908/908/908
f 908/908/908 964/964/964 963/963/963
f 964/964/964 908/908/908 909/909/909
f 909/909/909 965/965/965 964/964/964
f 965/965/965 909/909/909 910/910/910
f 910/910/910 966/966/966 965/965/965
f 910/910/910 967/967/967 966/966/966
f 911/911/911 967/967/967 910/910/910
f 967/967/967 969/969/969 968/968/968
f 911/911/911 969/969/969 967/967/967
f 966/966/966 967/967/967 968/968/968
f 970/970/970 971/971/971 969/969/969
f 972/972/972 971/971/971 970/970/970
f 911/911/911 970/970/970 969/969/969
f 969/969/969 973/973/973 968/968/968
f 973/973/973 971/971/971 972/972/972
f 969/969/969 971/971/971 973/973/973
f 972/972/972 914/914/914 913/913/913
f 914/914/914 970/970/970 911/911/911
f 972/972/972 970/970/970 914/914/914
f 974/974/974 972/972/972 913/913/913
f 975/975/975 973/973/973 972/972/972
f 968/968/968 973/973/973 975/975/975
f 974/974/974 975/975/975 972/972/972
f 974/974/974 913/913/913 915/915/915
f 915/915/915 976/976/976 974/974/974
f 976/976/976 915/915/915 916/916/916
f 916/916/916 977/977/977 976/976/976
f 977/977/977 916/916/916 917/917/917
f 917/917/917 978/978/978 977/977/977
f 978/978/978 917/917/917 918/918/918
f 918/918/918 979/979/979 978/978/978
f 979/979/979 918/918/918 919/919/919
f 919/919/919 980/980/980 979/979/979
f 980/980/980 919/919/919 920/920/920
f 920/920/920 981/981/981 980/980/980
f 981/981/981 920/920/920 921/921/921
f 921/921/921 982/982/982 981/981/981
f 983/983/983 922/922/922 923/923/923
f 923/923/923 984/984/984 983/983/983
f 923/923/923 985/985/985 984/984/984
f 985/985/985 926/926/926 925/925/925
f 923/923/923 926/926/926 985/985/985
f 986/986/986 985/985/985 925/925/925
f 984/984/984 985/985/985 986/986/986
f 986/986/986 925/925/925 927/927/927
f 927/927/927 987/987/987 986/986/986
f 987/987/987 927/927/927 928/928/928
f 928/928/928 988/988/988 987/987/987
f 928/928/928 989/989/989 988/988/988
f 932/932/932 990/990/990 989/989/989
f 930/930/930 990/990/990 932/932/932
f 928/928/928 932/932/932 989/989/989
f 989/989/989 992/992/992 991/991/991
f 992/992/992 990/990/990 930/930/930
f 989/989/989 990/990/990 992/992/992
f 988/988/988 989/989/989 991/991/991
f 993/993/993 992/992/992 930/930/930
f 991/991/991 992/992/992 993/993/993
f 935/935/935 993/993/993 930/930/930
f 994/994/994 993/993/993 935/935/935
f 993/993/993 995/995/995 991/991/991
f 994/994/994 995/995/995 993/993/993
f 935/935/935 996/996/996 994/994/994
f 936/936/936 996/996/996 935/935/935
f 996/996/996 998/998/998 997/997/997
f 936/936/936 998/998/998 996/996/996
f 994/994/994 996/996/996 997/997/997
f 999/999/999 998/998/998 936/936/936
f 998/998/998 1000/1000/1000 997/997/997
f 999/999/999 1000/1000/1000 998/998/998
f 937/937/937 999/999/999 936/936/936
f 1001/1001/1001 999/999/999 937/937/937
f 1002/1002/1002 1000/1000/1000 999/999/999
f 1000/1000/1000 1003/1003/1003 997/997/997
f 1002/1002/1002 1003/1003/1003 1000/1000/1000
f 1001/1001/1001 1002/1002/1002 999/999/999
f 1001/1001/1001 937/937/937 938/938/938
f 938/938/938 1004/1004/1004 1001/1001/1001
f 938/938/938 1005/1005/1005 1004/1004/1004
f 942/942/942 1006/1006/1006 1005/1005/1005
f 940/940/940 1006/1006/1006 942/942/942
f 938/938/938 942/942/942 1005/1005/1005
f 1007/1007/1007 1009/1009/1009 1008/1008/1008
f 1005/1005/1005 1009/1009/1009 1007/1007/1007
f 1010/1010/1010 1007/1007/1007 1008/1008/1008
f 1006/1006/1006 1011/1011/1011 1008/1008/1008
f 940/940/940 1011/1011/1011 1006/1006/1006
f 1006/1006/1006 1009/1009/1009 1005/1005/1005
f 1008/1008/1008 1009/1009/1009 1006/1006/1006
f 1005/1005/1005 1012/1012/1012 1004/1004/1004
f 1012/1012/1012 1007/1007/1007 1010/1010/1010
f 1005/1005/1005 1007/1007/1007 1012/1012/1012
f 1008/1008/1008 1014/1014/1014 1013/1013/1013
f 1014/1014/1014 1011/1011/1011 940/940/940
f 1008/1008/1008 1011/1011/1011 1014/1014/1014
f 1010/1010/1010 1008/1008/1008 1013/1013/1013
f 1013/1013/1013 950/950/950 948/948/948
f 950/950/950 1014/1014/1014 940/940/940
f 1013/1013/1013 1014/1014/1014 950/950/950
f 1015/1015/1015 1013/1013/1013 948/948/948
f 1010/1010/1010 1013/1013/1013 1015/1015/1015
f 948/948/948 1016/1016/1016 1015/1015/1015
f 952/952/952 1016/1016/1016 948/948/948
f 1017/1017/1017 1016/1016/1016 952/952/952
f 1016/1016/1016 1018/1018/1018 1015/1015/1015
f 1017/1017/1017 1018/1018/1018 1016/1016/1016
f 1017/1017/1017 952/952/952 953/953/953
f 953/953/953 1019/1019/1019 1017/1017/1017
f 1019/1019/1019 953/953/953 954/954/954
f 954/954/954 1020/1020/1020 1019/1019/1019
f 1020/1020/1020 954/954/954 955/955/955
f 955/955/955 1021/1021/1021 1020/1020/1020
f 1021/1021/1021 955/955/955 956/956/956
f 956/956/956 1022/1022/1022 1021/1021/1021
f 956/956/956 1023/1023/1023 1022/1022/1022
f 958/958/958 1023/1023/1023 956/956/956
f 1023/1023/1023 1025/1025/1025 1024/1024/1024
f 958/958/958 1025/1025/1025 1023/1023/1023
f 1022/1022/1022 1023/1023/1023 1024/1024/1024
f 1026/1026/1026 1025/1025/1025 958/958/958
f 1024/1024/1024 1025/1025/1025 1026/1026/1026
f 959/959/959 1026/1026/1026 958/958/958
f 1026/1026/1026 1028/1028/1028 1027/1027/1027
f 959/959/959 1028/1028/1028 1026/1026/1026
f 1024/1024/1024 1026/1026/1026 1027/1027/1027
f 1028/1028/1028 1030/1030/1030 1029/1029/1029
f 959/959/959 1030/1030/1030 1028/1028/1028
f 1027/1027/1027 1028/1028/1028 1029/1029/1029
f 1029/1029/1029 962/962/962 961/961/961
f 962/962/962 1030/1030/1030 959/959/959
f 1029/1029/1029 1030/1030/1030 962/962/962
f 1031/1031/1031 1029/1029/1029 961/961/961
f 1027/1027/1027 1029/1029/1029 1031/1031/1031
f 1031/1031/1031 961/961/961 963/963/963
f 963/963/963 1032/1032/1032 1031/1031/1031
f 963/963/963 1033/1033/1033 1032/1032/1032
f 964/964/964 1033/1033/1033 963/963/963
f 1034/1034/1034 1035/1035/1035 1033/1033/1033
f 1035/1035/1035 1037/1037/1037 1036/1036/1036
f 1034/1034/1034 1037/1037/1037 1035/1035/1035
f 964/964/964 1034/1034/1034 1033/1033/1033
f 1033/1033/1033 1038/1038/1038 1032/1032/1032
f 1038/1038/1038 1035/1035/1035 1036/1036/1036
f 1033/1033/1033 1035/1035/1035 1038/1038/1038
f 1039/1039/1039 1034/1034/1034 964/964/964
f 1040/1040/1040 1037/1037/1037 1034/1034/1034
f 1036/1036/1036 1037/1037/1037 1040/1040/1040
f 1039/1039/1039 1040/1040/1040 1034/1034/1034
f 965/965/965 1039/1039/1039 964/964/964
f 1041/1041/1041 1039/1039/1039 965/965/965
f 1042/1042/1042 1040/1040/1040 1039/1039/1039
f 1036/1036/1036 1040/1040/1040 1042/1042/1042
f 1041/1041/1041 1042/1042/1042 1039/1039/1039
f 1041/1041/1041 965/965/965 966/966/966
f 966/966/966 1043/1043/1043 1041/1041/1041
f 966/966/966 1044/1044/1044 1043/1043/1043
f 968/968/968 1044/1044/1044 966/966/966
f 1045/1045/1045 1044/1044/1044 968/968/968
f 1044/1044/1044 1046/1046/1046 1043/1043/1043
f 1045/1045/1045 1046/1046/1046 1044/1044/1044
f 968/968/968 1047/1047/1047 1045/1045/1045
f 1047/1047/1047 975/975/975 974/974/974
f 968/968/968 975/975/975 1047/1047/1047
f 1048/1048/1048 1047/1047/1047 974/974/974
f 1045/1045/1045 1047/1047/1047 1048/1048/1048
f 1048/1048/1048 974/974/974 976/976/976
f 976/976/976 1049/1049/1049 1048/1048/1048
f 1049/1049/1049 976/976/976 977/977/977
f 977/977/977 1050/1050/1050 1049/1049/1049
f 1050/1050/1050 977/977/977 978/978/978
f 978/978/978 1051/1051/1051 1050/1050/1050
f 1051/1051/1051 978/978/978 979/979/979
f 979/979/979 1052/1052/1052 1051/1051/1051
f 1052/1052/1052 979/979/979 980/980/980
f 980/980/980 1053/1053/1053 1052/1052/1052
f 1053/1053/1053 980/980/980 981/981/981
f 981/981/981 1054/1054/1054 1053/1053/1053
f 1054/1054/1054 981/981/981 982/982/982
f 982/982/982 1055/1055/1055 1054/1054/1054
f 1056/1056/1056 983/983/983 984/984/984
f 984/984/984 1057/1057/1057 1056/1056/1056
f 1057/1057/1057 984/984/984 986/986/986
f 986/986/986 1058/1058/1058 1057/1057/1057
f 1058/1058/1058 986/986/986 987/987/987
f 987/987/987 1059/1059/1059 1058/1058/1058
f 1059/1059/1059 987/987/987 988/988/988
f 988/988/988 1060/1060/1060 1059/1059/1059
f 988/988/988 1061/1061/1061 1060/1060/1060
f 991/991/991 1061/1061/1061 988/988/988
f 1061/1061/1061 1063/1063/1063 1062/1062/1062
f 991/991/991 1063/1063/1063 1061/1061/1061
f 1060/1060/1060 1061/1061/1061 1062/1062/1062
f 1063/1063/1063 1065/1065/1065 1064/1064/1064
f 991/991/991 1065/1065/1065 1063/1063/1063
f 1062/1062/1062 1063/1063/1063 1064/1064/1064
f 1064/1064/1064 995/995/995 994/994/994
f 995/995/995 1065/1065/1065 991/991/991
f 1064/1064/1064 1065/1065/1065 995/995/995
f 1066/1066/1066 1064/1064/1064 994/994/994
f 1062/1062/1062 1064/1064/1064 1066/1066/1066
f 994/994/994 1067/1067/1067 1066/1066/1066
f 997/997/997 1067/1067/1067 994/994/994
f 1067/1067/1067 1069/1069/1069 1068/1068/1068
f 997/997/997 1069/1069/1069 1067/1067/1067
f 1066/1066/1066 1067/1067/1067 1068/1068/1068
f 1069/1069/1069 1071/1071/1071 1070/1070/1070
f 997/997/997 1071/1071/1071 1069/1069/1069
f 1068/1068/1068 1069/1069/1069 1070/1070/1070
f 1070/1070/1070 1002/1002/1002 1001/1001/1001
f 1071/1071/1071 1003/1003/1003 1002/1002/1002
f 997/997/997 1003/1003/1003 1071/1071/1071
f 1070/1070/1070 1071/1071/1071 1002/1002/1002
f 1072/1072/1072 1070/1070/1070 1001/1001/1001
f 1068/1068/1068 1070/1070/1070 1072/1072/1072
f 1072/1072/1072 1001/1001/1001 1004/1004/1004
f 1004/1004/1004 1073/1073/1073 1072/1072/1072
f 1004/1004/1004 1074/1074/1074 1073/1073/1073
f 1074/1074/1074 1012/1012/1012 1010/1010/1010
f 1004/1004/1004 1012/1012/1012 1074/1074/1074
f 1075/1075/1075 1076/1076/1076 1074/1074/1074
f 1077/1077/1077 1076/1076/1076 1075/1075/1075
f 1010/1010/1010 1075/1075/1075 1074/1074/1074
f 1074/1074/1074 1078/1078/1078 1073/1073/1073
f 1078/1078/1078 1076/1076/1076 1077/1077/1077
f 1074/1074/1074 1076/1076/1076 1078/1078/1078
f 1079/1079/1079 1075/1075/1075 1010/1010/1010
f 1077/1077/1077 1075/1075/1075 1079/1079/1079
f 1015/1015/1015 1079/1079/1079 1010/1010/1010
f 1080/1080/1080 1079/1079/1079 1015/1015/1015
f 1079/1079/1079 1081/1081/1081 1077/1077/1077
f 1080/1080/1080 1081/1081/1081 1079/1079/1079
f 1015/1015/1015 1082/1082/1082 1080/1080/1080
f 1082/1082/1082 1018/1018/1018 1017/1017/1017
f 1015/1015/1015 1018/1018/1018 1082/1082/1082
f 1083/1083/1083 1082/1082/1082 1017/1017/1017
f 1080/1080/1080 1082/1082/1082 1083/1083/1083
f 1083/1083/1083 1017/1017/1017 1019/1019/1019
f 1019/1019/1019 1084/1084/1084 1083/1083/1083
f 1084/1084/1084 1019/1019/1019 1020/1020/1020
f 1020/1020/1020 1085/1085/1085 1084/1084/1084
f 1085/1085/1085 1020/1020/1020 1021/1021/1021
f 1021/1021/1021 1086/1086/1086 1085/1085/1085
f 1086/1086/1086 1021/1021/1021 1022/1022/1022
f 1022/1022/1022 1087/1087/1087 1086/1086/1086
f 1087/1087/1087 1022/1022/1022 1024/1024/1024
f 1024/1024/1024 1088/1088/1088 1087/1087/1087
f 1088/1088/1088 1024/1024/1024 1027/1027/1027
f 1027/1027/1027 1089/1089/1089 1088/1088/1088
f 1027/1027/1027 1090/1090/1090 1089/1089/1089
f 1031/1031/1031 1090/1090/1090 1027/1027/1027
f 1091/1091/1091 1090/1090/1090 1031/1031/1031
f 1089/1089/1089 1090/1090/1090 1091/1091/1091
f 1031/1031/1031 1092/1092/1092 1091/1091/1091
f 1032/1032/1032 1092/1092/1092 1031/1031/1031
f 1093/1093/1093 1092/1092/1092 1032/1032/1032
f 1092/1092/1092 1094/1094/1094 1091/1091/1091
f 1093/1093/1093 1094/1094/1094 1092/1092/1092
f 1032/1032/1032 1095/1095/1095 1093/1093/1093
f 1095/1095/1095 1038/1038/1038 1036/1036/1036
f 1032/1032/1032 1038/1038/1038 1095/1095/1095
f 1096/1096/1096 1095/1095/1095 1036/1036/1036
f 1093/1093/1093 1095/1095/1095 1096/1096/1096
f 1036/1036/1036 1097/1097/1097 1096/1096/1096
f 1097/1097/1097 1042/1042/1042 1041/1041/1041
f 1036/1036/1036 1042/1042/1042 1097/1097/1097
f 1097/1097/1097 1099/1099/1099 1098/1098/1098
f 1041/1041/1041 1099/1099/1099 1097/1097/1097
f 1096/1096/1096 1097/1097/1097 1098/1098/1098
f 1100/1100/1100 1099/1099/1099 1041/1041/1041
f 1099/1099/1099 1101/1101/1101 1098/1098/1098
f 1100/1100/1100 1101/1101/1101 1099/1099/1099
f 1043/1043/1043 1100/1100/1100 1041/1041/1041
f 1102/1102/1102 1103/1103/1103 1100/1100/1100
f 1104/1104/1104 1103/1103/1103 1102/1102/1102
f 1043/1043/1043 1102/1102/1102 1100/1100/1100
f 1101/1101/1101 1106/1106/1106 1105/1105/1105
f 1100/1100/1100 1106/1106/1106 1101/1101/1101
f 1098/1098/1098 1101/1101/1101 1105/1105/1105
f 1105/1105/1105 1103/1103/1103 1104/1104/1104
f 1103/1103/1103 1106/1106/1106 1100/1100/1100
f 1105/1105/1105 1106/1106/1106 1103/1103/1103
f 1102/1102/1102 1108/1108/1108 1107/1107/1107
f 1043/1043/1043 1108/1108/1108 1102/1102/1102
f 1104/1104/1104 1102/1102/1102 1107/1107/1107
f 1107/1107/1107 1046/1046/1046 1045/1045/1045
f 1046/1046/1046 1108/1108/1108 1043/1043/1043
f 1107/1107/1107 1108/1108/1108 1046/1046/1046
f 1109/1109/1109 1107/1107/1107 1045/1045/1045
f 1104/1104/1104 1107/1107/1107 1109/1109/1109
f 1109/1109/1109 1045/1045/1045 1048/1048/1048
f 1048/1048/1048 1110/1110/1110 1109/1109/1109
f 1110/1110/1110 1048/1048/1048 1049/1049/1049
f 1049/1049/1049 1111/1111/1111 1110/1110/1110
f 1111/1111/1111 1049/1049/1049 1050/1050/1050
f 1050/1050/1050 1112/1112/1112 1111/1111/1111
f 1112/1112/1112 1050/1050/1050 1051/1051/1051
f 1051/1051/1051 1113/1113/1113 1112/1112/1112
f 1113/1113/1113 1051/1051/1051 1052/1052/1052
f 1052/1052/1052 1114/1114/1114 1113/1113/1113
f 1114/1114/1114 1052/1052/1052 1053/1053/1053
f 1053/1053/1053 1115/1115/1115 1114/1114/1114
f 1115/1115/1115 1053/1053/1053 1054/1054/1054
f 1054/1054/1054 1116/1116/1116 1115/1115/1115
f 1116/1116/1116 1054/1054/1054 1055/1055/1055
f 1055/1055/1055 1117/1117/1117 1116/1116/1116
f 1118/1118/1118 1056/1056/1056 1057/1057/1057
f 1057/1057/1057 1119/1119/1119 1118/1118/1118
f 1119/1119/1119 1057/1057/1057 1058/1058/1058
f 1058/1058/1058 1120/1120/1120 1119/1119/1119
f 1120/1120/1120 1058/1058/1058 1059/1059/1059
f 1059/1059/1059 1121/1121/1121 1120/1120/1120
f 1121/1121/1121 1059/1059/1059 1060/1060/1060
f 1060/1060/1060 1122/1122/1122 1121/1121/1121
f 1122/1122/1122 1060/1060/1060 1062/1062/1062
f 1062/1062/1062 1123/1123/1123 1122/1122/1122
f 1123/1123/1123 1062/1062/1062 1066/1066/1066
f 1066/1066/1066 1124/1124/1124 1123/1123/1123
f 1124/1124/1124 1066/1066/1066 1068/1068/1068
f 1068/1068/1068 1125/1125/1125 1124/1124/1124
f 1125/1125/1125 1068/1068/1068 1072/1072/1072
f 1072/1072/1072 1126/1126/1126 1125/1125/1125
f 1072/1072/1072 1127/1127/1127 1126/1126/1126
f 1073/1073/1073 1127/1127/1127 1072/1072/1072
f 1127/1127/1127 1129/1129/1129 1128/1128/1128
f 1073/1073/1073 1129/1129/1129 1127/1127/1127
f 1126/1126/1126 1127/1127/1127 1128/1128/1128
f 1129/1129/1129 1131/1131/1131 1130/1130/1130
f 1073/1073/1073 1131/1131/1131 1129/1129/1129
f 1128/1128/1128 1129/1129/1129 1130/1130/1130
f 1078/1078/1078 1132/1132/1132 1130/1130/1130
f 1077/1077/1077 1132/1132/1132 1078/1078/1078
f 1078/1078/1078 1131/1131/1131 1073/1073/1073
f 1130/1130/1130 1131/1131/1131 1078/1078/1078
f 1130/1130/1130 1134/1134/1134 1133/1133/1133
f 1132/1132/1132 1135/1135/1135 1134/1134/1134
f 1077/1077/1077 1135/1135/1135 1132/1132/1132
f 1130/1130/1130 1132/1132/1132 1134/1134/1134
f 1128/1128/1128 1130/1130/1130 1133/1133/1133
f 1134/1134/1134 1137/1137/1137 1136/1136/1136
f 1137/1137/1137 1135/1135/1135 1077/1077/1077
f 1134/1134/1134 1135/1135/1135 1137/1137/1137
f 1133/1133/1133 1134/1134/1134 1136/1136/1136
f 1138/1138/1138 1139/1139/1139 1081/1081/1081
f 1136/1136/1136 1139/1139/1139 1138/1138/1138
f 1080/1080/1080 1138/1138/1138 1081/1081/1081
f 1081/1081/1081 1137/1137/1137 1077/1077/1077
f 1137/1137/1137 1139/1139/1139 1136/1136/1136
f 1081/1081/1081 1139/1139/1139 1137/1137/1137
f 1136/1136/1136 1141/1141/1141 1140/1140/1140
f 1141/1141/1141 1138/1138/1138 1080/1080/1080
f 1136/1136/1136 1138/1138/1138 1141/1141/1141
f 1133/1133/1133 1136/1136/1136 1140/1140/1140
f 1142/1142/1142 1141/1141/1141 1080/1080/1080
f 1141/1141/1141 1143/1143/1143 1140/1140/1140
f 1142/1142/1142 1143/1143/1143 1141/1141/1141
f 1083/1083/1083 1142/1142/1142 1080/1080/1080
f 1144/1144/1144 1142/1142/1142 1083/1083/1083
f 1145/1145/1145 1143/1143/1143 1142/1142/1142
f 1140/1140/1140 1143/1143/1143 1145/1145/1145
f 1144/1144/1144 1145/1145/1145 1142/1142/1142
f 1144/1144/1144 1083/1083/1083 1084/1084/1084
f 1084/1084/1084 1146/1146/1146 1144/1144/1144
f 1146/1146/1146 1084/1084/1084 1085/1085/1085
f 1085/1085/1085 1147/1147/1147 1146/1146/1146
f 1147/1147/1147 1085/1085/1085 1086/1086/1086
f 1086/1086/1086 1148/1148/1148 1147/1147/1147
f 1148/1148/1148 1086/1086/1086 1087/1087/1087
f 1087/1087/1087 1149/1149/1149 1148/1148/1148
f 1149/1149/1149 1087/1087/1087 1088/1088/1088
f 1088/1088/1088 1150/1150/1150 1149/1149/1149
f 1150/1150/1150 1088/1088/1088 1089/1089/1089
f 1089/1089/1089 1151/1151/1151 1150/1150/1150
f 1089/1089/1089 1152/1152/1152 1151/1151/1151
f 1091/1091/1091 1152/1152/1152 1089/1089/1089
f 1152/1152/1152 1154/1154/1154 1153/1153/1153
f 1091/1091/1091 1154/1154/1154 1152/1152/1152
f 1151/1151/1151 1152/1152/1152 1153/1153/1153
f 1154/1154/1154 1156/1156/1156 1155/1155/1155
f 1091/1091/1091 1156/1156/1156 1154/1154/1154
f 1153/1153/1153 1154/1154/1154 1155/1155/1155
f 1155/1155/1155 1094/1094/1094 1093/1093/1093
f 1094/1094/1094 1156/1156/1156 1091/1091/1091
f 1155/1155/1155 1156/1156/1156 1094/1094/1094
f 1157/1157/1157 1155/1155/1155 1093/1093/1093
f 1153/1153/1153 1155/1155/1155 1157/1157/1157
f 1157/1157/1157 1093/1093/1093 1096/1096/1096
f 1096/1096/1096 1158/1158/1158 1157/1157/1157
f 1158/1158/1158 1096/1096/1096 1098/1098/1098
f 1098/1098/1098 1159/1159/1159 1158/1158/1158
f 1098/1098/1098 1160/1160/1160 1159/1159/1159
f 1160/1160/1160 1105/1105/1105 1104/1104/1104
f 1098/1098/1098 1105/1105/1105 1160/1160/1160
f 1161/1161/1161 1160/1160/1160 1104/1104/1104
f 1159/1159/1159 1160/1160/1160 1161/1161/1161
f 1161/1161/1161 1104/1104/1104 1109/1109/1109
f 1109/1109/1109 1162/1162/1162 1161/1161/1161
f 1162/1162/1162 1109/1109/1109 1110/1110/1110
f 1110/1110/1110 1163/1163/1163 1162/1162/1162
f 1163/1163/1163 1110/1110/1110 1111/1111/1111
f 1111/1111/1111 1164/1164/1164 1163/1163/1163
f 1164/1164/1164 1111/1111/1111 1112/1112/1112
f 1112/1112/1112 1165/1165/1165 1164/1164/1164
f 1165/1165/1165 1112/1112/1112 1113/1113/1113
f 1113/1113/1113 1166/1166/1166 1165/1165/1165
f 1166/1166/1166 1113/1113/1113 1114/1114/1114
f 1114/1114/1114 1167/1167/1167 1166/1166/1166
f 1167/1167/1167 1114/1114/1114 1115/1115/1115
f 1115/1115/1115 1168/1168/1168 1167/1167/1167
f 1168/1168/1168 1115/1115/1115 1116/1116/1116
f 1116/1116/1116 1169/1169/1169 1168/1168/1168
f 1169/1169/1169 1116/1116/1116 1117/1117/1117
f 1117/1117/1117 1170/1170/1170 1169/1169/1169
f 1118/1118/1118 1172/1172/1172 1171/1171/1171
f 1119/1119/1119 1172/1172/1172 1118/1118/1118
f 1173/1173/1173 1172/1172/1172 1119/1119/1119
f 1171/1171/1171 1172/1172/1172 1173/1173/1173
f 1173/1173/1173 1119/1119/1119 1120/1120/1120
f 1120/1120/1120 1174/1174/1174 1173/1173/1173
f 1174/1174/1174 1120/1120/1120 1121/1121/1121
f 1121/1121/1121 1175/1175/1175 1174/1174/1174
f 1175/1175/1175 1121/1121/1121 1122/1122/1122
f 1122/1122/1122 1176/1176/1176 1175/1175/1175
f 1176/1176/1176 1122/1122/1122 1123/1123/1123
f 1123/1123/1123 1177/1177/1177 1176/1176/1176
f 1123/1123/1123 1178/1178/1178 1177/1177/1177
f 1124/1124/1124 1178/1178/1178 1123/1123/1123
f 1179/1179/1179 1178/1178/1178 1124/1124/1124
f 1178/1178/1178 1180/1180/1180 1177/1177/1177
f 1179/1179/1179 1180/1180/1180 1178/1178/1178
f 1179/1179/1179 1124/1124/1124 1125/1125/1125
f 1125/1125/1125 1181/1181/1181 1179/1179/1179
f 1181/1181/1181 1125/1125/1125 1126/1126/1126
f 1126/1126/1126 1182/1182/1182 1181/1181/1181
f 1182/1182/1182 1126/1126/1126 1128/1128/1128
f 1128/1128/1128 1183/1183/1183 1182/1182/1182
f 1183/1183/1183 1128/1128/1128 1133/1133/1133
f 1133/1133/1133 1184/1184/1184 1183/1183/1183
f 1184/1184/1184 1133/1133/1133 1140/1140/1140
f 1140/1140/1140 1185/1185/1185 1184/1184/1184
f 1140/1140/1140 1186/1186/1186 1185/1185/1185
f 1186/1186/1186 1145/1145/1145 1144/1144/1144
f 1140/1140/1140 1145/1145/1145 1186/1186/1186
f 1187/1187/1187 1186/1186/1186 1144/1144/1144
f 1185/1185/1185 1186/1186/1186 1187/1187/1187
f 1144/1144/1144 1188/1188/1188 1187/1187/1187
f 1146/1146/1146 1188/1188/1188 1144/1144/1144
f 1188/1188/1188 1190/1190/1190 1189/1189/1189
f 1146/1146/1146 1190/1190/1190 1188/1188/1188
f 1187/1187/1187 1188/1188/1188 1189/1189/1189
f 1191/1191/1191 1190/1190/1190 1146/1146/1146
f 1189/1189/1189 1190/1190/1190 1191/1191/1191
f 1147/1147/1147 1191/1191/1191 1146/1146/1146
f 1191/1191/1191 1193/1193/1193 1192/1192/1192
f 1147/1147/1147 1193/1193/1193 1191/1191/1191
f 1189/1189/1189 1191/1191/1191 1192/1192/1192
f 1194/1194/1194 1193/1193/1193 1147/1147/1147
f 1192/1192/1192 1193/1193/1193 1194/1194/1194
f 1148/1148/1148 1194/1194/1194 1147/1147/1147
f 1194/1194/1194 1196/1196/1196 1195/1195/1195
f 1148/1148/1148 1196/1196/1196 1194/1194/1194
f 1192/1192/1192 1194/1194/1194 1195/1195/1195
f 1197/1197/1197 1196/1196/1196 1148/1148/1148
f 1196/1196/1196 1198/1198/1198 1195/1195/1195
f 1197/1197/1197 1198/1198/1198 1196/1196/1196
f 1149/1149/1149 1197/1197/1197 1148/1148/1148
f 1199/1199/1199 1197/1197/1197 1149/1149/1149
f 1200/1200/1200 1198/1198/1198 1197/1197/1197
f 1195/1195/1195 1198/1198/1198 1200/1200/1200
f 1199/1199/1199 1200/1200/1200 1197/1197/1197
f 1199/1199/1199 1149/1149/1149 1150/1150/1150
f 1150/1150/1150 1201/1201/1201 1199/1199/1199
f 1201/1201/1201 1150/1150/1150 1151/1151/1151
f 1151/1151/1151 1202/1202/1202 1201/1201/1201
f 1202/1202/1202 1151/1151/1151 1153/1153/1153
f 1153/1153/1153 1203/1203/1203 1202/1202/1202
f 1203/1203/1203 1153/1153/1153 1157/1157/1157
f 1157/1157/1157 1204/1204/1204 1203/1203/1203
f 1204/1204/1204 1157/1157/1157 1158/1158/1158
f 1158/1158/1158 1205/1205/1205 1204/1204/1204
f 1205/1205/1205 1158/1158/1158 1159/1159/1159
f 1159/1159/1159 1206/1206/1206 1205/1205/1205
f 1206/1206/1206 1159/1159/1159 1161/1161/1161
f 1161/1161/1161 1207/1207/1207 1206/1206/1206
f 1207/1207/1207 1161/1161/1161 1162/1162/1162
f 1162/1162/1162 1208/1208/1208 1207/1207/1207
f 1208/1208/1208 1162/1162/1162 1163/1163/1163
f 1163/1163/1163 1209/1209/1209 1208/1208/1208
f 1209/1209/1209 1163/1163/1163 1164/1164/1164
f 1164/1164/1164 1210/1210/1210 1209/1209/1209
f 1210/1210/1210 1164/1164/1164 1165/1165/1165
f 1165/1165/1165 1211/1211/1211 1210/1210/1210
f 1211/1211/1211 1165/1165/1165 1166/1166/1166
f 1166/1166/1166 1212/1212/1212 1211/1211/1211
f 1212/1212/1212 1166/1166/1166 1167/1167/1167
f 1167/1167/1167 1213/1213/1213 1212/1212/1212
f 1213/1213/1213 1167/1167/1167 1168/1168/1168
f 1168/1168/1168 1214/1214/1214 1213/1213/1213
f 1214/1214/1214 1168/1168/1168 1169/1169/1169
f 1169/1169/1169 1215/1215/1215 1214/1214/1214
f 1215/1215/1215 1169/1169/1169 1170/1170/1170
f 1170/1170/1170 1216/1216/1216 1215/1215/1215
f 1217/1217/1217 1171/1171/1171 1173/1173/1173
f 1173/1173/1173 1218/1218/1218 1217/1217/1217
f 1218/1218/1218 1173/1173/1173 1174/1174/1174
f 1174/1174/1174 1219/1219/1219 1218/1218/1218
f 1219/1219/1219 1174/1174/1174 1175/1175/1175
f 1175/1175/1175 1220/1220/1220 1219/1219/1219
f 1220/1220/1220 1175/1175/1175 1176/1176/1176
f 1176/1176/1176 1221/1221/1221 1220/1220/1220
f 1221/1221/1221 1176/1176/1176 1177/1177/1177
f 1177/1177/1177 1222/1222/1222 1221/1221/1221
f 1177/1177/1177 1223/1223/1223 1222/1222/1222
f 1223/1223/1223 1180/1180/1180 1179/1179/1179
f 1177/1177/1177 1180/1180/1180 1223/1223/1223
f 1224/1224/1224 1223/1223/1223 1179/1179/1179
f 1223/1223/1223 1225/1225/1225 1222/1222/1222
f 1224/1224/1224 1225/1225/1225 1223/1223/1223
f 1179/1179/1179 1226/1226/1226 1224/1224/1224
f 1181/1181/1181 1226/1226/1226 1179/1179/1179
f 1227/1227/1227 1226/1226/1226 1181/1181/1181
f 1226/1226/1226 1228/1228/1228 1224/1224/1224
f 1227/1227/1227 1228/1228/1228 1226/1226/1226
f 1227/1227/1227 1181/1181/1181 1182/1182/1182
f 1182/1182/1182 1229/1229/1229 1227/1227/1227
f 1229/1229/1229 1182/1182/1182 1183/1183/1183
f 1183/1183/1183 1230/1230/1230 1229/1229/1229
f 1230/1230/1230 1183/1183/1183 1184/1184/1184
f 1184/1184/1184 1231/1231/1231 1230/1230/1230
f 1231/1231/1231 1184/1184/1184 1185/1185/1185
f 1185/1185/1185 1232/1232/1232 1231/1231/1231
f 1232/1232/1232 1185/1185/1185 1187/1187/1187
f 1187/1187/1187 1233/1233/1233 1232/1232/1232
f 1233/1233/1233 1187/1187/1187 1189/1189/1189
f 1189/1189/1189 1234/1234/1234 1233/1233/1233
f 1234/1234/1234 1189/1189/1189 1192/1192/1192
f 1192/1192/1192 1235/1235/1235 1234/1234/1234
f 1192/1192/1192 1236/1236/1236 1235/1235/1235
f 1195/1195/1195 1236/1236/1236 1192/1192/1192
f 1236/1236/1236 1238/1238/1238 1237/1237/1237
f 1195/1195/1195 1238/1238/1238 1236/1236/1236
f 1236/1236/1236 1239/1239/1239 1235/1235/1235
f 1237/1237/1237 1239/1239/1239 1236/1236/1236
f 1240/1240/1240 1238/1238/1238 1195/1195/1195
f 1238/1238/1238 1241/1241/1241 1237/1237/1237
f 1240/1240/1240 1241/1241/1241 1238/1238/1238
f 1240/1240/1240 1200/1200/1200 1199/1199/1199
f 1195/1195/1195 1200/1200/1200 1240/1240/1240
f 1242/1242/1242 1243/1243/1243 1240/1240/1240
f 1244/1244/1244 1243/1243/1243 1242/1242/1242
f 1199/1199/1199 1242/1242/1242 1240/1240/1240
f 1241/1241/1241 1246/1246/1246 1245/1245/1245
f 1240/1240/1240 1246/1246/1246 1241/1241/1241
f 1237/1237/1237 1241/1241/1241 1245/1245/1245
f 1245/1245/1245 1243/1243/1243 1244/1244/1244
f 1243/1243/1243 1246/1246/1246 1240/1240/1240
f 1245/1245/1245 1246/1246/1246 1243/1243/1243
f 1247/1247/1247 1242/1242/1242 1199/1199/1199
f 1244/1244/1244 1242/1242/1242 1247/1247/1247
f 1201/1201/1201 1247/1247/1247 1199/1199/1199
f 1248/1248/1248 1247/1247/1247 1201/1201/1201
f 1244/1244/1244 1247/1247/1247 1248/1248/1248
f 1248/1248/1248 1201/1201/1201 1202/1202/1202
f 1202/1202/1202 1249/1249/1249 1248/1248/1248
f 1249/1249/1249 1202/1202/1202 1203/1203/1203
f 1203/1203/1203 1250/1250/1250 1249/1249/1249
f 1250/1250/1250 1203/1203/1203 1204/1204/1204
f 1204/1204/1204 1251/1251/1251 1250/1250/1250
f 1251/1251/1251 1204/1204/1204 1205/1205/1205
f 1205/1205/1205 1252/1252/1252 1251/1251/1251
f 1252/1252/1252 1205/1205/1205 1206/1206/1206
f 1206/1206/1206 1253/1253/1253 1252/1252/1252
f 1253/1253/1253 1206/1206/1206 1207/1207/1207
f 1207/1207/1207 1254/1254/1254 1253/1253/1253
f 1254/1254/1254 1207/1207/1207 1208/1208/1208
f 1208/1208/1208 1255/1255/1255 1254/1254/1254
f 1255/1255/1255 1208/1208/1208 1209/1209/1209
f 1209/1209/1209 1256/1256/1256 1255/1255/1255
f 1256/1256/1256 1209/1209/1209 1210/1210/1210
f 1210/1210/1210 1257/1257/1257 1256/1256/1256
f 1257/1257/1257 1210/1210/1210 1211/1211/1211
f 1211/1211/1211 1258/1258/1258 1257/1257/1257
f 1258/1258/1258 1211/1211/1211 1212/1212/1212
f 1212/1212/1212 1259/1259/1259 1258/1258/1258
f 1259/1259/1259 1212/1212/1212 1213/1213/1213
f 1213/1213/1213 1260/1260/1260 1259/1259/1259
f 1260/1260/1260 1213/1213/1213 1214/1214/1214
f 1214/1214/1214 1261/1261/1261 1260/1260/1260
f 1261/1261/1261 1214/1214/1214 1215/1215/1215
f 1215/1215/1215 1262/1262/1262 1261/1261/1261
f 1262/1262/1262 1215/1215/1215 1216/1216/1216
f 1216/1216/1216 1263/1263/1263 1262/1262/1262
f 1264/1264/1264 1217/1217/1217 1218/1218/1218
f 1218/1218/1218 1265/1265/1265 1264/1264/1264
f 1265/1265/1265 1218/1218/1218 1219/1219/1219
f 1219/1219/1219 1266/1266/1266 1265/1265/1265
f 1266/1266/1266 1219/1219/1219 1220/1220/1220
f 1220/1220/1220 1267/1267/1267 1266/1266/1266
f 1267/1267/1267 1220/1220/1220 1221/1221/1221
f 1221/1221/1221 1268/1268/1268 1267/1267/1267
f 1268/1268/1268 1221/1221/1221 1222/1222/1222
f 1222/1222/1222 1269/1269/1269 1268/1268/1268
f 1222/1222/1222 1270/1270/1270 1269/1269/1269
f 1270/1270/1270 1225/1225/1225 1224/1224/1224
f 1222/1222/1222 1225/1225/1225 1270/1270/1270
f 1270/1270/1270 1272/1272/1272 1271/1271/1271
f 1224/1224/1224 1272/1272/1272 1270/1270/1270
f 1269/1269/1269 1270/1270/1270 1271/1271/1271
f 1273/1273/1273 1274/1274/1274 1272/1272/1272
f 1275/1275/1275 1274/1274/1274 1273/1273/1273
f 1224/1224/1224 1273/1273/1273 1272/1272/1272
f 1272/1272/1272 1276/1276/1276 1271/1271/1271
f 1276/1276/1276 1274/1274/1274 1275/1275/1275
f 1272/1272/1272 1274/1274/1274 1276/1276/1276
f 1275/1275/1275 1228/1228/1228 1227/1227/1227
f 1228/1228/1228 1273/1273/1273 1224/1224/1224
f 1275/1275/1275 1273/1273/1273 1228/1228/1228
f 1277/1277/1277 1275/1275/1275 1227/1227/1227
f 1278/1278/1278 1276/1276/1276 1275/1275/1275
f 1271/1271/1271 1276/1276/1276 1278/1278/1278
f 1277/1277/1277 1278/1278/1278 1275/1275/1275
f 1277/1277/1277 1227/1227/1227 1229/1229/1229
f 1229/1229/1229 1279/1279/1279 1277/1277/1277
f 1279/1279/1279 1229/1229/1229 1230/1230/1230
f 1230/1230/1230 1280/1280/1280 1279/1279/1279
f 1280/1280/1280 1230/1230/1230 1231/1231/1231
f 1231/1231/1231 1281/1281/1281 1280/1280/1280
f 1281/1281/1281 1231/1231/1231 1232/1232/1232
f 1232/1232/1232 1282/1282/1282 1281/1281/1281
f 1282/1282/1282 1232/1232/1232 1233/1233/1233
f 1233/1233/1233 1283/1283/1283 1282/1282/1282
f 1283/1283/1283 1233/1233/1233 1234/1234/1234
f 1234/1234/1234 1284/1284/1284 1283/1283/1283
f 1284/1284/1284 1234/1234/1234 1235/1235/1235
f 1235/1235/1235 1285/1285/1285 1284/1284/1284
f 1235/1235/1235 1286/1286/1286 1285/1285/1285
f 1239/1239/1239 1287/1287/1287 1286/1286/1286
f 1237/1237/1237 1287/1287/1287 1239/1239/1239
f 1235/1235/1235 1239/1239/1239 1286/1286/1286
f 1286/1286/1286 1289/1289/1289 1288/1288/1288
f 1289/1289/1289 1287/1287/1287 1237/1237/1237
f 1286/1286/1286 1287/1287/1287 1289/1289/1289
f 1285/1285/1285 1286/1286/1286 1288/1288/1288
f 1290/1290/1290 1289/1289/1289 1237/1237/1237
f 1288/1288/1288 1289/1289/1289 1290/1290/1290
f 1290/1290/1290 1245/1245/1245 1244/1244/1244
f 1237/1237/1237 1245/1245/1245 1290/1290/1290
f 1291/1291/1291 1290/1290/1290 1244/1244/1244
f 1290/1290/1290 1292/1292/1292 1288/1288/1288
f 1291/1291/1291 1292/1292/1292 1290/1290/1290
f 1291/1291/1291 1244/1244/1244 1248/1248/1248
f 1248/1248/1248 1293/1293/1293 1291/1291/1291
f 1293/1293/1293 1248/1248/1248 1249/1249/1249
f 1249/1249/1249 1294/1294/1294 1293/1293/1293
f 1294/1294/1294 1249/1249/1249 1250/1250/1250
f 1250/1250/1250 1295/1295/1295 1294/1294/1294
f 1295/1295/1295 1250/1250/1250 1251/1251/1251
f 1251/1251/1251 1296/1296/1296 1295/1295/1295
f 1296/1296/1296 1251/1251/1251 1252/1252/1252
f 1252/1252/1252 1297/1297/1297 1296/1296/1296
f 1297/1297/1297 1252/1252/1252 1253/1253/1253
f 1253/1253/1253 1298/1298/1298 1297/1297/1297
f 1253/1253/1253 1299/1299/1299 1298/1298/1298
f 1254/1254/1254 1299/1299/1299 1253/1253/1253
f 1300/1300/1300 1299/1299/1299 1254/1254/1254
f 1299/1299/1299 1301/1301/1301 1298/1298/1298
f 1300/1300/1300 1301/1301/1301 1299/1299/1299
f 1300/1300/1300 1254/1254/1254 1255/1255/1255
f 1255/1255/1255 1302/1302/1302 1300/1300/1300
f 1302/1302/1302 1255/1255/1255 1256/1256/1256
f 1256/1256/1256 1303/1303/1303 1302/1302/1302
f 1303/1303/1303 1256/1256/1256 1257/1257/1257
f 1257/1257/1257 1304/1304/1304 1303/1303/1303
f 1304/1304/1304 1257/1257/1257 1258/1258/1258
f 1258/1258/1258 1305/1305/1305 1304/1304/1304
f 1305/1305/1305 1258/1258/1258 1259/1259/1259
f 1259/1259/1259 1306/1306/1306 1305/1305/1305
f 1306/1306/1306 1259/1259/1259 1260/1260/1260
f 1260/1260/1260 1307/1307/1307 1306/1306/1306
f 1307/1307/1307 1260/1260/1260 1261/1261/1261
f 1261/1261/1261 1308/1308/1308 1307/1307/1307
f 1308/1308/1308 1261/1261/1261 1262/1262/1262
f 1262/1262/1262 1309/1309/1309 1308/1308/1308
f 1309/1309/1309 1262/1262/1262 1263/1263/1263
f 1263/1263/1263 1310/1310/1310 1309/1309/1309
f 1311/1311/1311 1264/1264/1264 1265/1265/1265
f 1265/1265/1265 1312/1312/1312 1311/1311/1311
f 1312/1312/1312 1265/1265/1265 1266/1266/1266
f 1266/1266/1266 1313/1313/1313 1312/1312/1312
f 1266/1266/1266 1314/1314/1314 1313/1313/1313
f 1267/1267/1267 1314/1314/1314 1266/1266/1266
f 1315/1315/1315 1314/1314/1314 1267/1267/1267
f 1314/1314/1314 1316/1316/1316 1313/1313/1313
f 1315/1315/1315 1316/1316/1316 1314/1314/1314
f 1315/1315/1315 1267/1267/1267 1268/1268/1268
f 1268/1268/1268 1317/1317/1317 1315/1315/1315
f 1317/1317/1317 1268/1268/1268 1269/1269/1269
f 1269/1269/1269 1318/1318/1318 1317/1317/1317
f 1318/1318/1318 1269/1269/1269 1271/1271/1271
f 1271/1271/1271 1319/1319/1319 1318/1318/1318
f 1271/1271/1271 1320/1320/1320 1319/1319/1319
f 1320/1320/1320 1278/1278/1278 1277/1277/1277
f 1271/1271/1271 1278/1278/1278 1320/1320/1320
f 1321/1321/1321 1320/1320/1320 1277/1277/1277
f 1319/1319/1319 1320/1320/1320 1321/1321/1321
f 1321/1321/1321 1277/1277/1277 1279/1279/1279
f 1279/1279/1279 1322/1322/1322 1321/1321/1321
f 1322/1322/1322 1279/1279/1279 1280/1280/1280
f 1280/1280/1280 1323/1323/1323 1322/1322/1322
f 1323/1323/1323 1280/1280/1280 1281/1281/1281
f 1281/1281/1281 1324/1324/1324 1323/1323/1323
f 1324/1324/1324 1281/1281/1281 1282/1282/1282
f 1282/1282/1282 1325/1325/1325 1324/1324/1324
f 1325/1325/1325 1282/1282/1282 1283/1283/1283
f 1283/1283/1283 1326/1326/1326 1325/1325/1325
f 1326/1326/1326 1283/1283/1283 1284/1284/1284
f 1284/1284/1284 1327/1327/1327 1326/1326/1326
f 1327/1327/1327 1284/1284/1284 1285/1285/1285
f 1285/1285/1285 1328/1328/1328 1327/1327/1327
f 1328/1328/1328 1285/1285/1285 1288/1288/1288
f 1288/1288/1288 1329/1329/1329 1328/1328/1328
f 1288/1288/1288 1330/1330/1330 1329/1329/1329
f 1292/1292/1292 1331/1331/1331 1330/1330/1330
f 1291/1291/1291 1331/1331/1331 1292/1292/1292
f 1288/1288/1288 1292/1292/1292 1330/1330/1330
f 1330/1330/1330 1333/1333/1333 1332/1332/1332
f 1333/1333/1333 1331/1331/1331 1291/1291/1291
f 1330/1330/1330 1331/1331/1331 1333/1333/1333
f 1329/1329/1329 1330/1330/1330 1332/1332/1332
f 1334/1334/1334 1333/1333/1333 1291/1291/1291
f 1332/1332/1332 1333/1333/1333 1334/1334/1334
f 1293/1293/1293 1334/1334/1334 1291/1291/1291
f 1335/1335/1335 1334/1334/1334 1293/1293/1293
f 1332/1332/1332 1334/1334/1334 1335/1335/1335
f 1335/1335/1335 1293/1293/1293 1294/1294/1294
f 1294/1294/1294 1336/1336/1336 1335/1335/1335
f 1294/1294/1294 1337/1337/1337 1336/1336/1336
f 1295/1295/1295 1337/1337/1337 1294/1294/1294
f 1338/1338/1338 1337/1337/1337 1295/1295/1295
f 1336/1336/1336 1337/1337/1337 1338/1338/1338
f 1338/1338/1338 1295/1295/1295 1296/1296/1296
f 1296/1296/1296 1339/1339/1339 1338/1338/1338
f 1339/1339/1339 1296/1296/1296 1297/1297/1297
f 1297/1297/1297 1340/1340/1340 1339/1339/1339
f 1297/1297/1297 1341/1341/1341 1340/1340/1340
f 1298/1298/1298 1341/1341/1341 1297/1297/1297
f 1341/1341/1341 1343/1343/1343 1342/1342/1342
f 1298/1298/1298 1343/1343/1343 1341/1341/1341
f 1340/1340/1340 1341/1341/1341 1342/1342/1342
f 1344/1344/1344 1343/1343/1343 1298/1298/1298
f 1343/1343/1343 1345/1345/1345 1342/1342/1342
f 1344/1344/1344 1345/1345/1345 1343/1343/1343
f 1301/1301/1301 1346/1346/1346 1344/1344/1344
f 1300/1300/1300 1346/1346/1346 1301/1301/1301
f 1298/1298/1298 1301/1301/1301 1344/1344/1344
f 1347/1347/1347 1349/1349/1349 1348/1348/1348
f 1344/1344/1344 1349/1349/1349 1347/1347/1347
f 1350/1350/1350 1347/1347/1347 1348/1348/1348
f 1348/1348/1348 1346/1346/1346 1300/1300/1300
f 1346/1346/1346 1349/1349/1349 1344/1344/1344
f 1348/1348/1348 1349/1349/1349 1346/1346/1346
f 1351/1351/1351 1345/1345/1345 1344/1344/1344
f 1342/1342/1342 1345/1345/1345 1351/1351/1351
f 1351/1351/1351 1347/1347/1347 1350/1350/1350
f 1344/1344/1344 1347/1347/1347 1351/1351/1351
f 1352/1352/1352 1348/1348/1348 1300/1300/1300
f 1350/1350/1350 1348/1348/1348 1352/1352/1352
f 1302/1302/1302 1352/1352/1352 1300/1300/1300
f 1353/1353/1353 1352/1352/1352 1302/1302/1302
f 1350/1350/1350 1352/1352/1352 1353/1353/1353
f 1302/1302/1302 1354/1354/1354 1353/1353/1353
f 1303/1303/1303 1354/1354/1354 1302/1302/1302
f 1355/1355/1355 1354/1354/1354 1303/1303/1303
f 1354/1354/1354 1356/1356/1356 1353/1353/1353
f 1355/1355/1355 1356/1356/1356 1354/1354/1354
f 1355/1355/1355 1303/1303/1303 1304/1304/1304
f 1304/1304/1304 1357/1357/1357 1355/1355/1355
f 1357/1357/1357 1304/1304/1304 1305/1305/1305
f 1305/1305/1305 1358/1358/1358 1357/1357/1357
f 1358/1358/1358 1305/1305/1305 1306/1306/1306
f 1306/1306/1306 1359/1359/1359 1358/1358/1358
f 1359/1359/1359 1306/1306/1306 1307/1307/1307
f 1307/1307/1307 1360/1360/1360 1359/1359/1359
f 1360/1360/1360 1307/1307/1307 1308/1308/1308
f 1308/1308/1308 1361/1361/1361 1360/1360/1360
f 1361/1361/1361 1308/1308/1308 1309/1309/1309
f 1309/1309/1309 1362/1362/1362 1361/1361/1361
f 1362/1362/1362 1309/1309/1309 1310/1310/1310
f 1310/1310/1310 1363/1363/1363 1362/1362/1362
f 1364/1364/1364 1311/1311/1311 1312/1312/1312
f 1312/1312/1312 1365/1365/1365 1364/1364/1364
f 1365/1365/1365 1312/1312/1312 1313/1313/1313
f 1313/1313/1313 1366/1366/1366 1365/1365/1365
f 1313/1313/1313 1367/1367/1367 1366/1366/1366
f 1367/1367/1367 1316/1316/1316 1315/1315/1315
f 1313/1313/1313 1316/1316/1316 1367/1367/1367
f 1368/1368/1368 1367/1367/1367 1315/1315/1315
f 1366/1366/1366 1367/1367/1367 1368/1368/1368
f 1368/1368/1368 1315/1315/1315 1317/1317/1317
f 1317/1317/1317 1369/1369/1369 1368/1368/1368
f 1369/1369/1369 1317/1317/1317 1318/1318/1318
f 1318/1318/1318 1370/1370/1370 1369/1369/1369
f 1318/1318/1318 1371/1371/1371 1370/1370/1370
f 1319/1319/1319 1371/1371/1371 1318/1318/1318
f 1372/1372/1372 1373/1373/1373 1371/1371/1371
f 1374/1374/1374 1373/1373/1373 1372/1372/1372
f 1319/1319/1319 1372/1372/1372 1371/1371/1371
f 1371/1371/1371 1375/1375/1375 1370/1370/1370
f 1375/1375/1375 1373/1373/1373 1374/1374/1374
f 1371/1371/1371 1373/1373/1373 1375/1375/1375
f 1376/1376/1376 1372/1372/1372 1319/1319/1319
f 1374/1374/1374 1372/1372/1372 1376/1376/1376
f 1321/1321/1321 1376/1376/1376 1319/1319/1319
f 1377/1377/1377 1376/1376/1376 1321/1321/1321
f 1374/1374/1374 1376/1376/1376 1377/1377/1377
f 1377/1377/1377 1321/1321/1321 1322/1322/1322
f 1322/1322/1322 1378/1378/1378 1377/1377/1377
f 1378/1378/1378 1322/1322/1322 1323/1323/1323
f 1323/1323/1323 1379/1379/1379 1378/1378/1378
f 1379/1379/1379 1323/1323/1323 1324/1324/1324
f 1324/1324/1324 1380/1380/1380 1379/1379/1379
f 1380/1380/1380 1324/1324/1324 1325/1325/1325
f 1325/1325/1325 1381/1381/1381 1380/1380/1380
f 1325/1325/1325 1382/1382/1382 1381/1381/1381
f 1326/1326/1326 1382/1382/1382 1325/1325/1325
f 1382/1382/1382 1384/1384/1384 1383/1383/1383
f 1326/1326/1326 1384/1384/1384 1382/1382/1382
f 1382/1382/1382 1385/1385/1385 1381/1381/1381
f 1383/1383/1383 1385/1385/1385 1382/1382/1382
f 1386/1386/1386 1384/1384/1384 1326/1326/1326
f 1383/1383/1383 1384/1384/1384 1386/1386/1386
f 1327/1327/1327 1386/1386/1386 1326/1326/1326
f 1387/1387/1387 1386/1386/1386 1327/1327/1327
f 1383/1383/1383 1386/1386/1386 1387/1387/1387
f 1387/1387/1387 1327/1327/1327 1328/1328/1328
f 1328/1328/1328 1388/1388/1388 1387/1387/1387
f 1388/1388/1388 1328/1328/1328 1329/1329/1329
f 1329/1329/1329 1389/1389/1389 1388/1388/1388
f 1389/1389/1389 1329/1329/1329 1332/1332/1332
f 1332/1332/1332 1390/1390/1390 1389/1389/1389
f 1390/1390/1390 1332/1332/1332 1335/1335/1335
f 1335/1335/1335 1391/1391/1391 1390/1390/1390
f 1391/1391/1391 1335/1335/1335 1336/1336/1336
f 1336/1336/1336 1392/1392/1392 1391/1391/1391
f 1336/1336/1336 1393/1393/1393 1392/1392/1392
f 1338/1338/1338 1393/1393/1393 1336/1336/1336
f 1394/1394/1394 1393/1393/1393 1338/1338/1338
f 1393/1393/1393 1395/1395/1395 1392/1392/1392
f 1394/1394/1394 1395/1395/1395 1393/1393/1393
f 1394/1394/1394 1338/1338/1338 1339/1339/1339
f 1339/1339/1339 1396/1396/1396 1394/1394/1394
f 1396/1396/1396 1339/1339/1339 1340/1340/1340
f 1340/1340/1340 1397/1397/1397 1396/1396/1396
f 1340/1340/1340 1398/1398/1398 1397/1397/1397
f 1342/1342/1342 1398/1398/1398 1340/1340/1340
f 1399/1399/1399 1398/1398/1398 1342/1342/1342
f 1398/1398/1398 1400/1400/1400 1397/1397/1397
f 1399/1399/1399 1400/1400/1400 1398/1398/1398
f 1342/1342/1342 1401/1401/1401 1399/1399/1399
f 1401/1401/1401 1351/1351/1351 1350/1350/1350
f 1342/1342/1342 1351/1351/1351 1401/1401/1401
f 1402/1402/1402 1401/1401/1401 1350/1350/1350
f 1399/1399/1399 1401/1401/1401 1402/1402/1402
f 1350/1350/1350 1403/1403/1403 1402/1402/1402
f 1353/1353/1353 1403/1403/1403 1350/1350/1350
f 1403/1403/1403 1405/1405/1405 1404/1404/1404
f 1353/1353/1353 1405/1405/1405 1403/1403/1403
f 1402/1402/1402 1403/1403/1403 1404/1404/1404
f 1405/1405/1405 1407/1407/1407 1406/1406/1406
f 1353/1353/1353 1407/1407/1407 1405/1405/1405
f 1404/1404/1404 1405/1405/1405 1406/1406/1406
f 1406/1406/1406 1356/1356/1356 1355/1355/1355
f 1356/1356/1356 1407/1407/1407 1353/1353/1353
f 1406/1406/1406 1407/1407/1407 1356/1356/1356
f 1408/1408/1408 1406/1406/1406 1355/1355/1355
f 1404/1404/1404 1406/1406/1406 1408/1408/1408
f 1408/1408/1408 1355/1355/1355 1357/1357/1357
f 1357/1357/1357 1409/1409/1409 1408/1408/1408
f 1409/1409/1409 1357/1357/1357 1358/1358/1358
f 1358/1358/1358 1410/1410/1410 1409/1409/1409
f 1410/1410/1410 1358/1358/1358 1359/1359/1359
f 1359/1359/1359 1411/1411/1411 1410/1410/1410
f 1411/1411/1411 1359/1359/1359 1360/1360/1360
f 1360/1360/1360 1412/1412/1412 1411/1411/1411
f 1412/1412/1412 1360/1360/1360 1361/1361/1361
f 1361/1361/1361 1413/1413/1413 1412/1412/1412
f 1413/1413/1413 1361/1361/1361 1362/1362/1362
f 1362/1362/1362 1414/1414/1414 1413/1413/1413
f 1414/1414/1414 1362/1362/1362 1363/1363/1363
f 1363/1363/1363 1415/1415/1415 1414/1414/1414
f 1416/1416/1416 1364/1364/1364 1365/1365/1365
f 1365/1365/1365 1417/1417/1417 1416/1416/1416
f 1417/1417/1417 1365/1365/1365 1366/1366/1366
f 1366/1366/1366 1418/1418/1418 1417/1417/1417
f 1418/1418/1418 1366/1366/1366 1368/1368/1368
f 1368/1368/1368 1419/1419/1419 1418/1418/1418
f 1419/1419/1419 1368/1368/1368 1369/1369/1369
f 1369/1369/1369 1420/1420/1420 1419/1419/1419
f 1420/1420/1420 1369/1369/1369 1370/1370/1370
f 1370/1370/1370 1421/1421/1421 1420/1420/1420
f 1370/1370/1370 1422/1422/1422 1421/1421/1421
f 1422/1422/1422 1375/1375/1375 1374/1374/1374
f 1370/1370/1370 1375/1375/1375 1422/1422/1422
f 1423/1423/1423 1422/1422/1422 1374/1374/1374
f 1421/1421/1421 1422/1422/1422 1423/1423/1423
f 1423/1423/1423 1374/1374/1374 1377/1377/1377
f 1377/1377/1377 1424/1424/1424 1423/1423/1423
f 1424/1424/1424 1377/1377/1377 1378/1378/1378
f 1378/1378/1378 1425/1425/1425 1424/1424/1424
f 1425/1425/1425 1378/1378/1378 1379/1379/1379
f 1379/1379/1379 1426/1426/1426 1425/1425/1425
f 1426/1426/1426 1379/1379/1379 1380/1380/1380
f 1380/1380/1380 1427/1427/1427 1426/1426/1426
f 1380/1380/1380 1428/1428/1428 1427/1427/1427
f 1381/1381/1381 1428/1428/1428 1380/1380/1380
f 1428/1428/1428 1430/1430/1430 1429/1429/1429
f 1381/1381/1381 1430/1430/1430 1428/1428/1428
f 1427/1427/1427 1428/1428/1428 1429/1429/1429
f 1430/1430/1430 1432/1432/1432 1431/1431/1431
f 1381/1381/1381 1432/1432/1432 1430/1430/1430
f 1429/1429/1429 1430/1430/1430 1431/1431/1431
f 1431/1431/1431 1385/1385/1385 1383/1383/1383
f 1385/1385/1385 1432/1432/1432 1381/1381/1381
f 1431/1431/1431 1432/1432/1432 1385/1385/1385
f 1433/1433/1433 1431/1431/1431 1383/1383/1383
f 1431/1431/1431 1434/1434/1434 1429/1429/1429
f 1433/1433/1433 1434/1434/1434 1431/1431/1431
f 1383/1383/1383 1435/1435/1435 1433/1433/1433
f 1387/1387/1387 1435/1435/1435 1383/1383/1383
f 1436/1436/1436 1437/1437/1437 1435/1435/1435
f 1438/1438/1438 1437/1437/1437 1436/1436/1436
f 1387/1387/1387 1436/1436/1436 1435/1435/1435
f 1435/1435/1435 1439/1439/1439 1433/1433/1433
f 1437/1437/1437 1440/1440/1440 1439/1439/1439
f 1438/1438/1438 1440/1440/1440 1437/1437/1437
f 1435/1435/1435 1437/1437/1437 1439/1439/1439
f 1441/1441/1441 1436/1436/1436 1387/1387/1387
f 1438/1438/1438 1436/1436/1436 1441/1441/1441
f 1388/1388/1388 1441/1441/1441 1387/1387/1387
f 1442/1442/1442 1441/1441/1441 1388/1388/1388
f 1438/1438/1438 1441/1441/1441 1442/1442/1442
f 1442/1442/1442 1388/1388/1388 1389/1389/1389
f 1389/1389/1389 1443/1443/1443 1442/1442/1442
f 1443/1443/1443 1389/1389/1389 1390/1390/1390
f 1390/1390/1390 1444/1444/1444 1443/1443/1443
f 1444/1444/1444 1390/1390/1390 1391/1391/1391
f 1391/1391/1391 1445/1445/1445 1444/1444/1444
f 1445/1445/1445 1391/1391/1391 1392/1392/1392
f 1392/1392/1392 1446/1446/1446 1445/1445/1445
f 1392/1392/1392 1447/1447/1447 1446/1446/1446
f 1447/1447/1447 1395/1395/1395 1394/1394/1394
f 1392/1392/1392 1395/1395/1395 1447/1447/1447
f 1448/1448/1448 1447/1447/1447 1394/1394/1394
f 1446/1446/1446 1447/1447/1447 1448/1448/1448
f 1394/1394/1394 1449/1449/1449 1448/1448/1448
f 1396/1396/1396 1449/1449/1449 1394/1394/1394
f 1450/1450/1450 1449/1449/1449 1396/1396/1396
f 1449/1449/1449 1451/1451/1451 1448/1448/1448
f 1450/1450/1450 1451/1451/1451 1449/1449/1449
f 1450/1450/1450 1396/1396/1396 1397/1397/1397
f 1397/1397/1397 1452/1452/1452 1450/1450/1450
f 1397/1397/1397 1453/1453/1453 1452/1452/1452
f 1453/1453/1453 1400/1400/1400 1399/1399/1399
f 1397/1397/1397 1400/1400/1400 1453/1453/1453
f 1454/1454/1454 1453/1453/1453 1399/1399/1399
f 1452/1452/1452 1453/1453/1453 1454/1454/1454
f 1454/1454/1454 1399/1399/1399 1402/1402/1402
f 1402/1402/1402 1455/1455/1455 1454/1454/1454
f 1455/1455/1455 1402/1402/1402 1404/1404/1404
f 1404/1404/1404 1456/1456/1456 1455/1455/1455
f 1456/1456/1456 1404/1404/1404 1408/1408/1408
f 1408/1408/1408 1457/1457/1457 1456/1456/1456
f 1457/1457/1457 1408/1408/1408 1409/1409/1409
f 1409/1409/1409 1458/1458/1458 1457/1457/1457
f 1458/1458/1458 1409/1409/1409 1410/1410/1410
f 1410/1410/1410 1459/1459/1459 1458/1458/1458
f 1459/1459/1459 1410/1410/1410 1411/1411/1411
f 1411/1411/1411 1460/1460/1460 1459/1459/1459
f 1460/1460/1460 1411/1411/1411 1412/1412/1412
f 1412/1412/1412 1461/1461/1461 1460/1460/1460
f 1461/1461/1461 1412/1412/1412 1413/1413/1413
f 1413/1413/1413 1462/1462/1462 1461/1461/1461
f 1462/1462/1462 1413/1413/1413 1414/1414/1414
f 1414/1414/1414 1463/1463/1463 1462/1462/1462
f 1463/1463/1463 1414/1414/1414 1415/1415/1415
f 1415/1415/1415 1464/1464/1464 1463/1463/1463
f 1465/1465/1465 1416/1416/1416 1417/1417/1417
f 1417/1417/1417 1466/1466/1466 1465/1465/1465
f 1466/1466/1466 1417/1417/1417 1418/1418/1418
f 1418/1418/1418 1467/1467/1467 1466/1466/1466
f 1467/1467/1467 1418/1418/1418 1419/1419/1419
f 1419/1419/1419 1468/1468/1468 1467/1467/1467
f 1468/1468/1468 1419/1419/1419 1420/1420/1420
f 1420/1420/1420 1469/1469/1469 1468/1468/1468
f 1469/1469/1469 1420/1420/1420 1421/1421/1421
f 1421/1421/1421 1470/1470/1470 1469/1469/1469
f 1421/1421/1421 1471/1471/1471 1470/1470/1470
f 1423/1423/1423 1471/1471/1471 1421/1421/1421
f 1472/1472/1472 1473/1473/1473 1471/1471/1471
f 1474/1474/1474 1473/1473/1473 1472/1472/1472
f 1423/1423/1423 1472/1472/1472 1471/1471/1471
f 1471/1471/1471 1475/1475/1475 1470/1470/1470
f 1473/1473/1473 1476/1476/1476 1475/1475/1475
f 1474/1474/1474 1476/1476/1476 1473/1473/1473
f 1471/1471/1471 1473/1473/1473 1475/1475/1475
f 1477/1477/1477 1472/1472/1472 1423/1423/1423
f 1474/1474/1474 1472/1472/1472 1477/1477/1477
f 1424/1424/1424 1477/1477/1477 1423/1423/1423
f 1478/1478/1478 1477/1477/1477 1424/1424/1424
f 1474/1474/1474 1477/1477/1477 1478/1478/1478
f 1478/1478/1478 1424/1424/1424 1425/1425/1425
f 1425/1425/1425 1479/1479/1479 1478/1478/1478
f 1479/1479/1479 1425/1425/1425 1426/1426/1426
f 1426/1426/1426 1480/1480/1480 1479/1479/1479
f 1480/1480/1480 1426/1426/1426 1427/1427/1427
f 1427/1427/1427 1481/1481/1481 1480/1480/1480
f 1481/1481/1481 1427/1427/1427 1429/1429/1429
f 1429/1429/1429 1482/1482/1482 1481/1481/1481
f 1429/1429/1429 1483/1483/1483 1482/1482/1482
f 1483/1483/1483 1434/1434/1434 1433/1433/1433
f 1429/1429/1429 1434/1434/1434 1483/1483/1483
f 1483/1483/1483 1485/1485/1485 1484/1484/1484
f 1433/1433/1433 1485/1485/1485 1483/1483/1483
f 1482/1482/1482 1483/1483/1483 1484/1484/1484
f 1486/1486/1486 1485/1485/1485 1433/1433/1433
f 1484/1484/1484 1485/1485/1485 1486/1486/1486
f 1439/1439/1439 1487/1487/1487 1486/1486/1486
f 1487/1487/1487 1440/1440/1440 1438/1438/1438
f 1439/1439/1439 1440/1440/1440 1487/1487/1487
f 1433/1433/1433 1439/1439/1439 1486/1486/1486
f 1486/1486/1486 1489/1489/1489 1488/1488/1488
f 1489/1489/1489 1487/1487/1487 1438/1438/1438
f 1486/1486/1486 1487/1487/1487 1489/1489/1489
f 1484/1484/1484 1486/1486/1486 1488/1488/1488
f 1490/1490/1490 1489/1489/1489 1438/1438/1438
f 1488/1488/1488 1489/1489/1489 1490/1490/1490
f 1442/1442/1442 1490/1490/1490 1438/1438/1438
f 1491/1491/1491 1490/1490/1490 1442/1442/1442
f 1488/1488/1488 1490/1490/1490 1491/1491/1491
f 1491/1491/1491 1442/1442/1442 1443/1443/1443
f 1443/1443/1443 1492/1492/1492 1491/1491/1491
f 1492/1492/1492 1443/1443/1443 1444/1444/1444
f 1444/1444/1444 1493/1493/1493 1492/1492/1492
f 1444/1444/1444 1494/1494/1494 1493/1493/1493
f 1445/1445/1445 1494/1494/1494 1444/1444/1444
f 1495/1495/1495 1494/1494/1494 1445/1445/1445
f 1494/1494/1494 1496/1496/1496 1493/1493/1493
f 1495/1495/1495 1496/1496/1496 1494/1494/1494
f 1495/1495/1495 1445/1445/1445 1446/1446/1446
f 1446/1446/1446 1497/1497/1497 1495/1495/1495
f 1497/1497/1497 1446/1446/1446 1448/1448/1448
f 1448/1448/1448 1498/1498/1498 1497/1497/1497
f 1448/1448/1448 1499/1499/1499 1498/1498/1498
f 1451/1451/1451 1500/1500/1500 1499/1499/1499
f 1450/1450/1450 1500/1500/1500 1451/1451/1451
f 1448/1448/1448 1451/1451/1451 1499/1499/1499
f 1499/1499/1499 1502/1502/1502 1501/1501/1501
f 1502/1502/1502 1500/1500/1500 1450/1450/1450
f 1499/1499/1499 1500/1500/1500 1502/1502/1502
f 1498/1498/1498 1499/1499/1499 1501/1501/1501
f 1503/1503/1503 1502/1502/1502 1450/1450/1450
f 1502/1502/1502 1504/1504/1504 1501/1501/1501
f 1503/1503/1503 1504/1504/1504 1502/1502/1502
f 1452/1452/1452 1503/1503/1503 1450/1450/1450
f 1505/1505/1505 1503/1503/1503 1452/1452/1452
f 1506/1506/1506 1504/1504/1504 1503/1503/1503
f 1501/1501/1501 1504/1504/1504 1506/1506/1506
f 1505/1505/1505 1506/1506/1506 1503/1503/1503
f 1505/1505/1505 1452/1452/1452 1454/1454/1454
f 1454/1454/1454 1507/1507/1507 1505/1505/1505
f 1507/1507/1507 1454/1454/1454 1455/1455/1455
f 1455/1455/1455 1508/1508/1508 1507/1507/1507
f 1508/1508/1508 1455/1455/1455 1456/1456/1456
f 1456/1456/1456 1509/1509/1509 1508/1508/1508
f 1509/1509/1509 1456/1456/1456 1457/1457/1457
f 1457/1457/1457 1510/1510/1510 1509/1509/1509
f 1510/1510/1510 1457/1457/1457 1458/1458/1458
f 1458/1458/1458 1511/1511/1511 1510/1510/1510
f 1511/1511/1511 1458/1458/1458 1459/1459/1459
f 1459/1459/1459 1512/1512/1512 1511/1511/1511
f 1512/1512/1512 1459/1459/1459 1460/1460/1460
f 1460/1460/1460 1513/1513/1513 1512/1512/1512
f 1513/1513/1513 1460/1460/1460 1461/1461/1461
f 1461/1461/1461 1514/1514/1514 1513/1513/1513
f 1514/1514/1514 1461/1461/1461 1462/1462/1462
f 1462/1462/1462 1515/1515/1515 1514/1514/1514
f 1515/1515/1515 1462/1462/1462 1463/1463/1463
f 1463/1463/1463 1516/1516/1516 1515/1515/1515
f 1516/1516/1516 1463/1463/1463 1464/1464/1464
f 1464/1464/1464 1517/1517/1517 1516/1516/1516
f 1518/1518/1518 1465/1465/1465 1466/1466/1466
f 1466/1466/1466 1519/1519/1519 1518/1518/1518
f 1519/1519/1519 1466/1466/1466 1467/1467/1467
f 1467/1467/1467 1520/1520/1520 1519/1519/1519
f 1520/1520/1520 1467/1467/1467 1468/1468/1468
f 1468/1468/1468 1521/1521/1521 1520/1520/1520
f 1521/1521/1521 1468/1468/1468 1469/1469/1469
f 1469/1469/1469 1522/1522/1522 1521/1521/1521
f 1522/1522/1522 1469/1469/1469 1470/1470/1470
f 1470/1470/1470 1523/1523/1523 1522/1522/1522
f 1470/1470/1470 1524/1524/1524 1523/1523/1523
f 1475/1475/1475 1525/1525/1525 1524/1524/1524
f 1525/1525/1525 1476/1476/1476 1474/1474/1474
f 1475/1475/1475 1476/1476/1476 1525/1525/1525
f 1470/1470/1470 1475/1475/1475 1524/1524/1524
f 1524/1524/1524 1527/1527/1527 1526/1526/1526
f 1527/1527/1527 1525/1525/1525 1474/1474/1474
f 1524/1524/1524 1525/1525/1525 1527/1527/1527
f 1523/1523/1523 1524/1524/1524 1526/1526/1526
f 1528/1528/1528 1527/1527/1527 1474/1474/1474
f 1526/1526/1526 1527/1527/1527 1528/1528/1528
f 1478/1478/1478 1528/1528/1528 1474/1474/1474
f 1529/1529/1529 1528/1528/1528 1478/1478/1478
f 1528/1528/1528 1530/1530/1530 1526/1526/1526
f 1529/1529/1529 1530/1530/1530 1528/1528/1528
f 1478/1478/1478 1531/1531/1531 1529/1529/1529
f 1479/1479/1479 1531/1531/1531 1478/1478/1478
f 1532/1532/1532 1531/1531/1531 1479/1479/1479
f 1531/1531/1531 1533/1533/1533 1529/1529/1529
f 1532/1532/1532 1533/1533/1533 1531/1531/1531
f 1532/1532/1532 1479/1479/1479 1480/1480/1480
f 1480/1480/1480 1534/1534/1534 1532/1532/1532
f 1534/1534/1534 1480/1480/1480 1481/1481/1481
f 1481/1481/1481 1535/1535/1535 1534/1534/1534
f 1535/1535/1535 1481/1481/1481 1482/1482/1482
f 1482/1482/1482 1536/1536/1536 1535/1535/1535
f 1536/1536/1536 1482/1482/1482 1484/1484/1484
f 1484/1484/1484 1537/1537/1537 1536/1536/1536
f 1537/1537/1537 1484/1484/1484 1488/1488/1488
f 1488/1488/1488 1538/1538/1538 1537/1537/1537
f 1488/1488/1488 1539/1539/1539 1538/1538/1538
f 1491/1491/1491 1539/1539/1539 1488/1488/1488
f 1540/1540/1540 1539/1539/1539 1491/1491/1491
f 1538/1538/1538 1539/1539/1539 1540/1540/1540
f 1491/1491/1491 1541/1541/1541 1540/1540/1540
f 1492/1492/1492 1541/1541/1541 1491/1491/1491
f 1541/1541/1541 1543/1543/1543 1542/1542/1542
f 1492/1492/1492 1543/1543/1543 1541/1541/1541
f 1540/1540/1540 1541/1541/1541 1542/1542/1542
f 1544/1544/1544 1543/1543/1543 1492/1492/1492
f 1543/1543/1543 1545/1545/1545 1542/1542/1542
f 1544/1544/1544 1545/1545/1545 1543/1543/1543
f 1493/1493/1493 1544/1544/1544 1492/1492/1492
f 1544/1544/1544 1547/1547/1547 1546/1546/1546
f 1493/1493/1493 1547/1547/1547 1544/1544/1544
f 1548/1548/1548 1545/1545/1545 1544/1544/1544
f 1542/1542/1542 1545/1545/1545 1548/1548/1548
f 1546/1546/1546 1548/1548/1548 1544/1544/1544
f 1549/1549/1549 1547/1547/1547 1493/1493/1493
f 1546/1546/1546 1547/1547/1547 1549/1549/1549
f 1496/1496/1496 1550/1550/1550 1549/1549/1549
f 1495/1495/1495 1550/1550/1550 1496/1496/1496
f 1493/1493/1493 1496/1496/1496 1549/1549/1549
f 1549/1549/1549 1552/1552/1552 1551/1551/1551
f 1552/1552/1552 1550/1550/1550 1495/1495/1495
f 1549/1549/1549 1550/1550/1550 1552/1552/1552
f 1546/1546/1546 1549/1549/1549 1551/1551/1551
f 1553/1553/1553 1552/1552/1552 1495/1495/1495
f 1551/1551/1551 1552/1552/1552 1553/1553/1553
f 1497/1497/1497 1553/1553/1553 1495/1495/1495
f 1554/1554/1554 1553/1553/1553 1497/1497/1497
f 1551/1551/1551 1553/1553/1553 1554/1554/1554
f 1497/1497/1497 1555/1555/1555 1554/1554/1554
f 1498/1498/1498 1555/1555/1555 1497/1497/1497
f 1556/1556/1556 1555/1555/1555 1498/1498/1498
f 1555/1555/1555 1557/1557/1557 1554/1554/1554
f 1556/1556/1556 1557/1557/1557 1555/1555/1555
f 1556/1556/1556 1498/1498/1498 1501/1501/1501
f 1501/1501/1501 1558/1558/1558 1556/1556/1556
f 1501/1501/1501 1559/1559/1559 1558/1558/1558
f 1559/1559/1559 1506/1506/1506 1505/1505/1505
f 1501/1501/1501 1506/1506/1506 1559/1559/1559
f 1560/1560/1560 1559/1559/1559 1505/1505/1505
f 1558/1558/1558 1559/1559/1559 1560/1560/1560
f 1560/1560/1560 1505/1505/1505 1507/1507/1507
f 1507/1507/1507 1561/1561/1561 1560/1560/1560
f 1561/1561/1561 1507/1507/1507 1508/1508/1508
f 1508/1508/1508 1562/1562/1562 1561/1561/1561
f 1562/1562/1562 1508/1508/1508 1509/1509/1509
f 1509/1509/1509 1563/1563/1563 1562/1562/1562
f 1563/1563/1563 1509/1509/1509 1510/1510/1510
f 1510/1510/1510 1564/1564/1564 1563/1563/1563
f 1564/1564/1564 1510/1510/1510 1511/1511/1511
f 1511/1511/1511 1565/1565/1565 1564/1564/1564
f 1565/1565/1565 1511/1511/1511 1512/1512/1512
f 1512/1512/1512 1566/1566/1566 1565/1565/1565
f 1566/1566/1566 1512/1512/1512 1513/1513/1513
f 1513/1513/1513 1567/1567/1567 1566/1566/1566
f 1567/1567/1567 1513/1513/1513 1514/1514/1514
f 1514/1514/1514 1568/1568/1568 1567/1567/1567
f 1568/1568/1568 1514/1514/1514 1515/1515/1515
f 1515/1515/1515 1569/1569/1569 1568/1568/1568
f 1569/1569/1569 1515/1515/1515 1516/1516/1516
f 1516/1516/1516 1570/1570/1570 1569/1569/1569
f 1570/1570/1570 1516/1516/1516 1517/1517/1517
f 1517/1517/1517 1571/1571/1571 1570/1570/1570
f 1572/1572/1572 1518/1518/1518 1519/1519/1519
f 1519/1519/1519 1573/1573/1573 1572/1572/1572
f 1573/1573/1573 1519/1519/1519 1520/1520/1520
f 1520/1520/1520 1574/1574/1574 1573/1573/1573
f 1574/1574/1574 1520/1520/1520 1521/1521/1521
f 1521/1521/1521 1575/1575/1575 1574/1574/1574
f 1575/1575/1575 1521/1521/1521 1522/1522/1522
f 1522/1522/1522 1576/1576/1576 1575/1575/1575
f 1576/1576/1576 1522/1522/1522 1523/1523/1523
f 1523/1523/1523 1577/1577/1577 1576/1576/1576
f 1523/1523/1523 1578/1578/1578 1577/1577/1577
f 1526/1526/1526 1578/1578/1578 1523/1523/1523
f 1578/1578/1578 1580/1580/1580 1579/1579/1579
f 1526/1526/1526 1580/1580/1580 1578/1578/1578
f 1577/1577/1577 1578/1578/1578 1579/1579/1579
f 1580/1580/1580 1582/1582/1582 1581/1581/1581
f 1526/1526/1526 1582/1582/1582 1580/1580/1580
f 1580/1580/1580 1583/1583/1583 1579/1579/1579
f 1581/1581/1581 1583/1583/1583 1580/1580/1580
f 1581/1581/1581 1530/1530/1530 1529/1529/1529
f 1530/1530/1530 1582/1582/1582 1526/1526/1526
f 1581/1581/1581 1582/1582/1582 1530/1530/1530
f 1581/1581/1581 1585/1585/1585 1584/1584/1584
f 1529/1529/1529 1585/1585/1585 1581/1581/1581
f 1586/1586/1586 1583/1583/1583 1581/1581/1581
f 1579/1579/1579 1583/1583/1583 1586/1586/1586
f 1584/1584/1584 1586/1586/1586 1581/1581/1581
f 1585/1585/1585 1588/1588/1588 1587/1587/1587
f 1529/1529/1529 1588/1588/1588 1585/1585/1585
f 1584/1584/1584 1585/1585/1585 1587/1587/1587
f 1589/1589/1589 1590/1590/1590 1533/1533/1533
f 1587/1587/1587 1590/1590/1590 1589/1589/1589
f 1532/1532/1532 1589/1589/1589 1533/1533/1533
f 1533/1533/1533 1588/1588/1588 1529/1529/1529
f 1588/1588/1588 1590/1590/1590 1587/1587/1587
f 1533/1533/1533 1590/1590/1590 1588/1588/1588
f 1587/1587/1587 1592/1592/1592 1591/1591/1591
f 1592/1592/1592 1589/1589/1589 1532/1532/1532
f 1587/1587/1587 1589/1589/1589 1592/1592/1592
f 1584/1584/1584 1587/1587/1587 1591/1591/1591
f 1593/1593/1593 1592/1592/1592 1532/1532/1532
f 1591/1591/1591 1592/1592/1592 1593/1593/1593
f 1534/1534/1534 1593/1593/1593 1532/1532/1532
f 1594/1594/1594 1593/1593/1593 1534/1534/1534
f 1591/1591/1591 1593/1593/1593 1594/1594/1594
f 1594/1594/1594 1534/1534/1534 1535/1535/1535
f 1535/1535/1535 1595/1595/1595 1594/1594/1594
f 1595/1595/1595 1535/1535/1535 1536/1536/1536
f 1536/1536/1536 1596/1596/1596 1595/1595/1595
f 1596/1596/1596 1536/1536/1536 1537/1537/1537
f 1537/1537/1537 1597/1597/1597 1596/1596/1596
f 1597/1597/1597 1537/1537/1537 1538/1538/1538
f 1538/1538/1538 1598/1598/1598 1597/1597/1597
f 1598/1598/1598 1538/1538/1538 1540/1540/1540
f 1540/1540/1540 1599/1599/1599 1598/1598/1598
f 1599/1599/1599 1540/1540/1540 1542/1542/1542
f 1542/1542/1542 1600/1600/1600 1599/1599/1599
f 1542/1542/1542 1601/1601/1601 1600/1600/1600
f 1601/1601/1601 1548/1548/1548 1546/1546/1546
f 1542/1542/1542 1548/1548/1548 1601/1601/1601
f 1602/1602/1602 1601/1601/1601 1546/1546/1546
f 1600/1600/1600 1601/1601/1601 1602/1602/1602
f 1602/1602/1602 1546/1546/1546 1551/1551/1551
f 1551/1551/1551 1603/1603/1603 1602/1602/1602
f 1551/1551/1551 1604/1604/1604 1603/1603/1603
f 1554/1554/1554 1604/1604/1604 1551/1551/1551
f 1604/1604/1604 1606/1606/1606 1605/1605/1605
f 1554/1554/1554 1606/1606/1606 1604/1604/1604
f 1603/1603/1603 1604/1604/1604 1605/1605/1605
f 1606/1606/1606 1608/1608/1608 1607/1607/1607
f 1554/1554/1554 1608/1608/1608 1606/1606/1606
f 1605/1605/1605 1606/1606/1606 1607/1607/1607
f 1607/1607/1607 1557/1557/1557 1556/1556/1556
f 1557/1557/1557 1608/1608/1608 1554/1554/1554
f 1607/1607/1607 1608/1608/1608 1557/1557/1557
f 1609/1609/1609 1607/1607/1607 1556/1556/1556
f 1605/1605/1605 1607/1607/1607 1609/1609/1609
f 1556/1556/1556 1610/1610/1610 1609/1609/1609
f 1558/1558/1558 1610/1610/1610 1556/1556/1556
f 1611/1611/1611 1610/1610/1610 1558/1558/1558
f 1610/1610/1610 1612/1612/1612 1609/1609/1609
f 1611/1611/1611 1612/1612/1612 1610/1610/1610
f 1558/1558/1558 1613/1613/1613 1611/1611/1611
f 1560/1560/1560 1613/1613/1613 1558/1558/1558
f 1614/1614/1614 1615/1615/1615 1613/1613/1613
f 1616/1616/1616 1615/1615/1615 1614/1614/1614
f 1560/1560/1560 1614/1614/1614 1613/1613/1613
f 1613/1613/1613 1617/1617/1617 1611/1611/1611
f 1615/1615/1615 1618/1618/1618 1617/1617/1617
f 1616/1616/1616 1618/1618/1618 1615/1615/1615
f 1613/1613/1613 1615/1615/1615 1617/1617/1617
f 1619/1619/1619 1614/1614/1614 1560/1560/1560
f 1616/1616/1616 1614/1614/1614 1619/1619/1619
f 1561/1561/1561 1619/1619/1619 1560/1560/1560
f 1620/1620/1620 1619/1619/1619 1561/1561/1561
f 1616/1616/1616 1619/1619/1619 1620/1620/1620
f 1620/1620/1620 1561/1561/1561 1562/1562/1562
f 1562/1562/1562 1621/1621/1621 1620/1620/1620
f 1621/1621/1621 1562/1562/1562 1563/1563/1563
f 1563/1563/1563 1622/1622/1622 1621/1621/1621
f 1622/1622/1622 1563/1563/1563 1564/1564/1564
f 1564/1564/1564 1623/1623/1623 1622/1622/1622
f 1623/1623/1623 1564/1564/1564 1565/1565/1565
f 1565/1565/1565 1624/1624/1624 1623/1623/1623
f 1624/1624/1624 1565/1565/1565 1566/1566/1566
f 1566/1566/1566 1625/1625/1625 1624/1624/1624
f 1625/1625/1625 1566/1566/1566 1567/1567/1567
f 1567/1567/1567 1626/1626/1626 1625/1625/1625
f 1567/1567/1567 1627/1627/1627 1626/1626/1626
f 1568/1568/1568 1627/1627/1627 1567/1567/1567
f 1628/1628/1628 1627/1627/1627 1568/1568/1568
f 1626/1626/1626 1627/1627/1627 1628/1628/1628
f 1628/1628/1628 1568/1568/1568 1569/1569/1569
f 1569/1569/1569 1629/1629/1629 1628/1628/1628
f 1629/1629/1629 1569/1569/1569 1570/1570/1570
f 1570/1570/1570 1630/1630/1630 1629/1629/1629
f 1630/1630/1630 1570/1570/1570 1571/1571/1571
f 1571/1571/1571 1631/1631/1631 1630/1630/1630
f 1632/1632/1632 1572/1572/1572 1573/1573/1573
f 1573/1573/1573 1633/1633/1633 1632/1632/1632
f 1633/1633/1633 1573/1573/1573 1574/1574/1574
f 1574/1574/1574 1634/1634/1634 1633/1633/1633
f 1634/1634/1634 1574/1574/1574 1575/1575/1575
f 1575/1575/1575 1635/1635/1635 1634/1634/1634
f 1635/1635/1635 1575/1575/1575 1576/1576/1576
f 1576/1576/1576 1636/1636/1636 1635/1635/1635
f 1636/1636/1636 1576/1576/1576 1577/1577/1577
f 1577/1577/1577 1637/1637/1637 1636/1636/1636
f 1637/1637/1637 1577/1577/1577 1579/1579/1579
f 1579/1579/1579 1638/1638/1638 1637/1637/1637
f 1579/1579/1579 1639/1639/1639 1638/1638/1638
f 1639/1639/1639 1586/1586/1586 1584/1584/1584
f 1579/1579/1579 1586/1586/1586 1639/1639/1639
f 1640/1640/1640 1639/1639/1639 1584/1584/1584
f 1638/1638/1638 1639/1639/1639 1640/1640/1640
f 1640/1640/1640 1584/1584/1584 1591/1591/1591
f 1591/1591/1591 1641/1641/1641 1640/1640/1640
f 1591/1591/1591 1642/1642/1642 1641/1641/1641
f 1594/1594/1594 1642/1642/1642 1591/1591/1591
f 1642/1642/1642 1644/1644/1644 1643/1643/1643
f 1594/1594/1594 1644/1644/1644 1642/1642/1642
f 1641/1641/1641 1642/1642/1642 1643/1643/1643
f 1645/1645/1645 1644/1644/1644 1594/1594/1594
f 1643/1643/1643 1644/1644/1644 1645/1645/1645
f 1595/1595/1595 1645/1645/1645 1594/1594/1594
f 1645/1645/1645 1647/1647/1647 1646/1646/1646
f 1595/1595/1595 1647/1647/1647 1645/1645/1645
f 1643/1643/1643 1645/1645/1645 1646/1646/1646
f 1648/1648/1648 1647/1647/1647 1595/1595/1595
f 1646/1646/1646 1647/1647/1647 1648/1648/1648
f 1596/1596/1596 1648/1648/1648 1595/1595/1595
f 1649/1649/1649 1648/1648/1648 1596/1596/1596
f 1646/1646/1646 1648/1648/1648 1649/1649/1649
f 1649/1649/1649 1596/1596/1596 1597/1597/1597
f 1597/1597/1597 1650/1650/1650 1649/1649/1649
f 1650/1650/1650 1597/1597/1597 1598/1598/1598
f 1598/1598/1598 1651/1651/1651 1650/1650/1650
f 1598/1598/1598 1652/1652/1652 1651/1651/1651
f 1599/1599/1599 1652/1652/1652 1598/1598/1598
f 1653/1653/1653 1654/1654/1654 1652/1652/1652
f 1655/1655/1655 1654/1654/1654 1653/1653/1653
f 1599/1599/1599 1653/1653/1653 1652/1652/1652
f 1652/1652/1652 1656/1656/1656 1651/1651/1651
f 1656/1656/1656 1654/1654/1654 1655/1655/1655
f 1652/1652/1652 1654/1654/1654 1656/1656/1656
f 1657/1657/1657 1653/1653/1653 1599/1599/1599
f 1655/1655/1655 1653/1653/1653 1657/1657/1657
f 1600/1600/1600 1657/1657/1657 1599/1599/1599
f 1658/1658/1658 1657/1657/1657 1600/1600/1600
f 1655/1655/1655 1657/1657/1657 1658/1658/1658
f 1658/1658/1658 1600/1600/1600 1602/1602/1602
f 1602/1602/1602 1659/1659/1659 1658/1658/1658
f 1659/1659/1659 1602/1602/1602 1603/1603/1603
f 1603/1603/1603 1660/1660/1660 1659/1659/1659
f 1660/1660/1660 1603/1603/1603 1605/1605/1605
f 1605/1605/1605 1661/1661/1661 1660/1660/1660
f 1605/1605/1605 1662/1662/1662 1661/1661/1661
f 1609/1609/1609 1662/1662/1662 1605/1605/1605
f 1662/1662/1662 1664/1664/1664 1663/1663/1663
f 1609/1609/1609 1664/1664/1664 1662/1662/1662
f 1661/1661/1661 1662/1662/1662 1663/1663/1663
f 1664/1664/1664 1666/1666/1666 1665/1665/1665
f 1609/1609/1609 1666/1666/1666 1664/1664/1664
f 1663/1663/1663 1664/1664/1664 1665/1665/1665
f 1665/1665/1665 1612/1612/1612 1611/1611/1611
f 1612/1612/1612 1666/1666/1666 1609/1609/1609
f 1665/1665/1665 1666/1666/1666 1612/1612/1612
f 1667/1667/1667 1665/1665/1665 1611/1611/1611
f 1663/1663/1663 1665/1665/1665 1667/1667/1667
f 1611/1611/1611 1668/1668/1668 1667/1667/1667
f 1617/1617/1617 1669/1669/1669 1668/1668/1668
f 1669/1669/1669 1618/1618/1618 1616/1616/1616
f 1617/1617/1617 1618/1618/1618 1669/1669/1669
f 1611/1611/1611 1617/1617/1617 1668/1668/1668
f 1668/1668/1668 1671/1671/1671 1670/1670/1670
f 1671/1671/1671 1669/1669/1669 1616/1616/1616
f 1668/1668/1668 1669/1669/1669 1671/1671/1671
f 1667/1667/1667 1668/1668/1668 1670/1670/1670
f 1672/1672/1672 1671/1671/1671 1616/1616/1616
f 1670/1670/1670 1671/1671/1671 1672/1672/1672
f 1620/1620/1620 1672/1672/1672 1616/1616/1616
f 1673/1673/1673 1672/1672/1672 1620/1620/1620
f 1670/1670/1670 1672/1672/1672 1673/1673/1673
f 1673/1673/1673 1620/1620/1620 1621/1621/1621
f 1621/1621/1621 1674/1674/1674 1673/1673/1673
f 1674/1674/1674 1621/1621/1621 1622/1622/1622
f 1622/1622/1622 1675/1675/1675 1674/1674/1674
f 1675/1675/1675 1622/1622/1622 1623/1623/1623
f 1623/1623/1623 1676/1676/1676 1675/1675/1675
f 1676/1676/1676 1623/1623/1623 1624/1624/1624
f 1624/1624/1624 1677/1677/1677 1676/1676/1676
f 1677/1677/1677 1624/1624/1624 1625/1625/1625
f 1625/1625/1625 1678/1678/1678 1677/1677/1677
f 1678/1678/1678 1625/1625/1625 1626/1626/1626
f 1626/1626/1626 1679/1679/1679 1678/1678/1678
f 1679/1679/1679 1626/1626/1626 1628/1628/1628
f 1628/1628/1628 1680/1680/1680 1679/1679/1679
f 1680/1680/1680 1628/1628/1628 1629/1629/1629
f 1629/1629/1629 1681/1681/1681 1680/1680/1680
f 1681/1681/1681 1629/1629/1629 1630/1630/1630
f 1630/1630/1630 1682/1682/1682 1681/1681/1681
f 1682/1682/1682 1630/1630/1630 1631/1631/1631
f 1631/1631/1631 1683/1683/1683 1682/1682/1682
f 1686/1686/1686 1685/1685/1685 1632/1632/1632
f 1685/1685/1685 1687/1687/1687 1684/1684/1684
f 1686/1686/1686 1687/1687/1687 1685/1685/1685
f 1633/1633/1633 1686/1686/1686 1632/1632/1632
f 1688/1688/1688 1686/1686/1686 1633/1633/1633
f 1689/1689/1689 1687/1687/1687 1686/1686/1686
f 1687/1687/1687 1690/1690/1690 1684/1684/1684
f 1689/1689/1689 1690/1690/1690 1687/1687/1687
f 1688/1688/1688 1689/1689/1689 1686/1686/1686
f 1688/1688/1688 1633/1633/1633 1634/1634/1634
f 1634/1634/1634 1691/1691/1691 1688/1688/1688
f 1691/1691/1691 1634/1634/1634 1635/1635/1635
f 1635/1635/1635 1692/1692/1692 1691/1691/1691
f 1692/1692/1692 1635/1635/1635 1636/1636/1636
f 1636/1636/1636 1693/1693/1693 1692/1692/1692
f 1693/1693/1693 1636/1636/1636 1637/1637/1637
f 1637/1637/1637 1694/1694/1694 1693/1693/1693
f 1694/1694/1694 1637/1637/1637 1638/1638/1638
f 1638/1638/1638 1695/1695/1695 1694/1694/1694
f 1695/1695/1695 1638/1638/1638 1640/1640/1640
f 1640/1640/1640 1696/1696/1696 1695/1695/1695
f 1696/1696/1696 1640/1640/1640 1641/1641/1641
f 1641/1641/1641 1697/1697/1697 1696/1696/1696
f 1697/1697/1697 1641/1641/1641 1643/1643/1643
f 1643/1643/1643 1698/1698/1698 1697/1697/1697
f 1698/1698/1698 1643/1643/1643 1646/1646/1646
f 1646/1646/1646 1699/1699/1699 1698/1698/1698
f 1699/1699/1699 1646/1646/1646 1649/1649/1649
f 1649/1649/1649 1700/1700/1700 1699/1699/1699
f 1649/1649/1649 1701/1701/1701 1700/1700/1700
f 1650/1650/1650 1701/1701/1701 1649/1649/1649
f 1702/1702/1702 1701/1701/1701 1650/1650/1650
f 1700/1700/1700 1701/1701/1701 1702/1702/1702
f 1702/1702/1702 1650/1650/1650 1651/1651/1651
f 1651/1651/1651 1703/1703/1703 1702/1702/1702
f 1651/1651/1651 1704/1704/1704 1703/1703/1703
f 1704/1704/1704 1656/1656/1656 1655/1655/1655
f 1651/1651/1651 1656/1656/1656 1704/1704/1704
f 1705/1705/1705 1704/1704/1704 1655/1655/1655
f 1703/1703/1703 1704/1704/1704 1705/1705/1705
f 1705/1705/1705 1655/1655/1655 1658/1658/1658
f 1658/1658/1658 1706/1706/1706 1705/1705/1705
f 1706/1706/1706 1658/1658/1658 1659/1659/1659
f 1659/1659/1659 1707/1707/1707 1706/1706/1706
f 1707/1707/1707 1659/1659/1659 1660/1660/1660
f 1660/1660/1660 1708/1708/1708 1707/1707/1707
f 1708/1708/1708 1660/1660/1660 1661/1661/1661
f 1661/1661/1661 1709/1709/1709 1708/1708/1708
f 1709/1709/1709 1661/1661/1661 1663/1663/1663
f 1663/1663/1663 1710/1710/1710 1709/1709/1709
f 1710/1710/1710 1663/1663/1663 1667/1667/1667
f 1667/1667/1667 1711/1711/1711 1710/1710/1710
f 1711/1711/1711 1667/1667/1667 1670/1670/1670
f 1670/1670/1670 1712/1712/1712 1711/1711/1711
f 1712/1712/1712 1670/1670/1670 1673/1673/1673
f 1673/1673/1673 1713/1713/1713 1712/1712/1712
f 1713/1713/1713 1673/1673/1673 1674/1674/1674
f 1674/1674/1674 1714/1714/1714 1713/1713/1713
f 1714/1714/1714 1674/1674/1674 1675/1675/1675
f 1675/1675/1675 1715/1715/1715 1714/1714/1714
f 1715/1715/1715 1675/1675/1675 1676/1676/1676
f 1676/1676/1676 1716/1716/1716 1715/1715/1715
f 1716/1716/1716 1676/1676/1676 1677/1677/1677
f 1677/1677/1677 1717/1717/1717 1716/1716/1716
f 1717/1717/1717 1677/1677/1677 1678/1678/1678
f 1678/1678/1678 1718/1718/1718 1717/1717/1717
f 1718/1718/1718 1678/1678/1678 1679/1679/1679
f 1679/1679/1679 1719/1719/1719 1718/1718/1718
f 1719/1719/1719 1679/1679/1679 1680/1680/1680
f 1680/1680/1680 1720/1720/1720 1719/1719/1719
f 1720/1720/1720 1680/1680/1680 1681/1681/1681
f 1681/1681/1681 1721/1721/1721 1720/1720/1720
f 1721/1721/1721 1681/1681/1681 1682/1682/1682
f 1682/1682/1682 1722/1722/1722 1721/1721/1721
f 1722/1722/1722 1682/1682/1682 1683/1683/1683
f 1683/1683/1683 1723/1723/1723 1722/1722/1722
f 1725/1725/1725 1727/1727/1727 1726/1726/1726
f 1684/1684/1684 1727/1727/1727 1725/1725/1725
f 1724/1724/1724 1725/1725/1725 1726/1726/1726
f 1689/1689/1689 1728/1728/1728 1726/1726/1726
f 1688/1688/1688 1728/1728/1728 1689/1689/1689
f 1727/1727/1727 1690/1690/1690 1689/1689/1689
f 1684/1684/1684 1690/1690/1690 1727/1727/1727
f 1726/1726/1726 1727/1727/1727 1689/1689/1689
f 1726/1726/1726 1730/1730/1730 1729/1729/1729
f 1730/1730/1730 1728/1728/1728 1688/1688/1688
f 1726/1726/1726 1728/1728/1728 1730/1730/1730
f 1726/1726/1726 1731/1731/1731 1724/1724/1724
f 1729/1729/1729 1731/1731/1731 1726/1726/1726
f 1732/1732/1732 1730/1730/1730 1688/1688/1688
f 1729/1729/1729 1730/1730/1730 1732/1732/1732
f 1691/1691/1691 1732/1732/1732 1688/1688/1688
f 1733/1733/1733 1732/1732/1732 1691/1691/1691
f 1729/1729/1729 1732/1732/1732 1733/1733/1733
f 1733/1733/1733 1691/1691/1691 1692/1692/1692
f 1692/1692/1692 1734/1734/1734 1733/1733/1733
f 1734/1734/1734 1692/1692/1692 1693/1693/1693
f 1693/1693/1693 1735/1735/1735 1734/1734/1734
f 1735/1735/1735 1693/1693/1693 1694/1694/1694
f 1694/1694/1694 1736/1736/1736 1735/1735/1735
f 1736/1736/1736 1694/1694/1694 1695/1695/1695
f 1695/1695/1695 1737/1737/1737 1736/1736/1736
f 1737/1737/1737 1695/1695/1695 1696/1696/1696
f 1696/1696/1696 1738/1738/1738 1737/1737/1737
f 1738/1738/1738 1696/1696/1696 1697/1697/1697
f 1697/1697/1697 1739/1739/1739 1738/1738/1738
f 1739/1739/1739 1697/1697/1697 1698/1698/1698
f 1698/1698/1698 1740/1740/1740 1739/1739/1739
f 1740/1740/1740 1698/1698/1698 1699/1699/1699
f 1699/1699/1699 1741/1741/1741 1740/1740/1740
f 1741/1741/1741 1699/1699/1699 1700/1700/1700
f 1700/1700/1700 1742/1742/1742 1741/1741/1741
f 1742/1742/1742 1700/1700/1700 1702/1702/1702
f 1702/1702/1702 1743/1743/1743 1742/1742/1742
f 1743/1743/1743 1702/1702/1702 1703/1703/1703
f 1703/1703/1703 1744/1744/1744 1743/1743/1743
f 1744/1744/1744 1703/1703/1703 1705/1705/1705
f 1705/1705/1705 1745/1745/1745 1744/1744/1744
f 1745/1745/1745 1705/1705/1705 1706/1706/1706
f 1706/1706/1706 1746/1746/1746 1745/1745/1745
f 1746/1746/1746 1706/1706/1706 1707/1707/1707
f 1707/1707/1707 1747/1747/1747 1746/1746/1746
f 1747/1747/1747 1707/1707/1707 1708/1708/1708
f 1708/1708/1708 1748/1748/1748 1747/1747/1747
f 1748/1748/1748 1708/1708/1708 1709/1709/1709
f 1709/1709/1709 1749/1749/1749 1748/1748/1748
f 1749/1749/1749 1709/1709/1709 1710/1710/1710
f 1710/1710/1710 1750/1750/1750 1749/1749/1749
f 1750/1750/1750 1710/1710/1710 1711/1711/1711
f 1711/1711/1711 1751/1751/1751 1750/1750/1750
f 1751/1751/1751 1711/1711/1711 1712/1712/1712
f 1712/1712/1712 1752/1752/1752 1751/1751/1751
f 1752/1752/1752 1712/1712/1712 1713/1713/1713
f 1713/1713/1713 1753/1753/1753 1752/1752/1752
f 1753/1753/1753 1713/1713/1713 1714/1714/1714
f 1714/1714/1714 1754/1754/1754 1753/1753/1753
f 1754/1754/1754 1714/1714/1714 1715/1715/1715
f 1715/1715/1715 1755/1755/1755 1754/1754/1754
f 1755/1755/1755 1715/1715/1715 1716/1716/1716
f 1716/1716/1716 1756/1756/1756 1755/1755/1755
f 1756/1756/1756 1716/1716/1716 1717/1717/1717
f 1717/1717/1717 1757/1757/1757 1756/1756/1756
f 1757/1757/1757 1717/1717/1717 1718/1718/1718
f 1718/1718/1718 1758/1758/1758 1757/1757/1757
f 1758/1758/1758 1718/1718/1718 1719/1719/1719
f 1719/1719/1719 1759/1759/1759 1758/1758/1758
f 1759/1759/1759 1719/1719/1719 1720/1720/1720
f 1720/1720/1720 1760/1760/1760 1759/1759/1759
f 1760/1760/1760 1720/1720/1720 1721/1721/1721
f 1721/1721/1721 1761/1761/1761 1760/1760/1760
f 1761/1761/1761 1721/1721/1721 1722/1722/1722
f 1722/1722/1722 1762/1762/1762 1761/1761/1761
f 1762/1762/1762 1722/1722/1722 1723/1723/1723
f 1723/1723/1723 1763/1763/1763 1762/1762/1762
