# L3DT terrain export, using atMeshDecimator
# 1954 vertices, 3756 polygons
mtllib Lava_Tile_x0y3.mtl
o terrain_o
v -7999.023438 137.133041 -4001.464600
v -7874.038574 143.117508 -4001.464600
v -7749.053711 127.264610 -4001.464600
v -7624.069336 134.933456 -4001.464600
v -7499.084473 160.080109 -4001.464600
v -7374.099609 158.217392 -4001.464600
v -7249.115234 185.088058 -4001.464600
v -7124.130371 198.662109 -4001.464600
v -7186.622559 185.900528 -4001.464600
v -7155.376465 170.245789 -4001.464600
v -6999.145508 186.118500 -4001.464600
v -7061.637695 196.799393 -4001.464600
v -6874.160645 200.742798 -4001.464600
v -6749.175781 166.223114 -4001.464600
v -6624.191406 175.457428 -4001.464600
v -6499.206543 176.963455 -4001.464600
v -6374.221680 175.219635 -4001.464600
v -6249.237305 176.170807 -4001.464600
v -6124.252441 139.570419 -4001.464600
v -5999.267578 161.288895 -4001.464600
v -5874.282715 182.095825 -4001.464600
v -5749.297852 180.272751 -4001.464600
v -5624.313477 149.656830 -4001.464600
v -5499.328613 189.824112 -4001.464600
v -5374.343750 186.395920 -4001.464600
v -5249.359375 141.472763 -4001.464600
v -5124.374512 143.256226 -4001.464600
v -4999.389648 145.099121 -4001.464600
v -4874.404785 133.169815 -4001.464600
v -4749.419922 116.028862 -4001.464600
v -4624.435547 128.215790 -4001.464600
v -4686.927734 159.644150 -4001.464600
v -4499.450684 131.901581 -4001.464600
v -4374.465820 137.351013 -4001.464600
v -4249.481445 148.091354 -4001.464600
v -4311.973633 163.389404 -4001.464600
v -4124.496582 181.005936 -4001.464600
v -4186.988770 201.892136 -4001.464600
v -3999.511719 129.384933 -4001.464600
v -7999.023438 150.429657 -4126.449707
v -7874.038574 144.346115 -4126.449707
v -7749.053711 134.002090 -4126.449707
v -7624.069336 175.774490 -4126.449707
v -7499.084473 213.702545 -4126.449707
v -7374.099609 170.107071 -4126.449707
v -7311.607422 169.254974 -4063.957031
v -7249.115234 213.821442 -4063.957031
v -7280.361328 215.010406 -4095.203125
v -7249.115234 174.129745 -4126.449707
v -7311.607422 214.138504 -4126.449707
v -7186.622559 215.822876 -4063.957031
v -7155.376465 210.333801 -4032.710693
v -7139.753418 171.434753 -4017.087646
v -7124.130371 207.955872 -4126.449707
v -7124.130371 211.067001 -4063.957031
v -7124.130371 215.287842 -4032.710693
v -7061.637695 179.896240 -4063.957031
v -7092.883789 214.336670 -4032.710693
v -6999.145508 175.457428 -4126.449707
v -6936.653320 167.174286 -4063.957031
v -6874.160645 186.534637 -4063.957031
v -6905.407227 147.853561 -4095.203125
v -6874.160645 185.504196 -4126.449707
v -6874.160645 148.844376 -4095.203125
v -6936.653320 161.506866 -4126.449707
v -6811.668457 200.584274 -4063.957031
v -6842.914551 199.751999 -4095.203125
v -6749.175781 186.059052 -4126.449707
v -6811.668457 181.441895 -4126.449707
v -6624.191406 153.461533 -4126.449707
v -6499.206543 140.382889 -4126.449707
v -6374.221680 127.125893 -4126.449707
v -6249.237305 127.383507 -4126.449707
v -6186.744629 172.405746 -4063.957031
v -6124.252441 170.067444 -4126.449707
v -5999.267578 144.108322 -4126.449707
v -5874.282715 172.920959 -4126.449707
v -5749.297852 157.583282 -4126.449707
v -5624.313477 176.210434 -4126.449707
v -5499.328613 181.699509 -4126.449707
v -5374.343750 159.525253 -4126.449707
v -5311.851563 189.110733 -4063.957031
v -5249.359375 190.299698 -4126.449707
v -5186.866699 142.503204 -4063.957031
v -5124.374512 162.061722 -4126.449707
v -5186.866699 141.651123 -4126.449707
v -4999.389648 163.448853 -4126.449707
v -4874.404785 121.676460 -4126.449707
v -4749.419922 121.815178 -4126.449707
v -4686.927734 134.774918 -4063.957031
v -4624.435547 159.307281 -4126.449707
v -4499.450684 155.106262 -4126.449707
v -4374.465820 127.006996 -4126.449707
v -4311.973633 139.233551 -4063.957031
v -4249.481445 170.107071 -4126.449707
v -4249.481445 138.282379 -4063.957031
v -4186.988770 175.160187 -4063.957031
v -4218.235352 128.156342 -4095.203125
v -4124.496582 188.694595 -4126.449707
v -4186.988770 164.162231 -4126.449707
v -4218.235352 132.971649 -4126.449707
v -4062.004150 182.749756 -4063.957031
v -3999.511719 179.955688 -4126.449707
v -3999.511719 173.515442 -4063.957031
v -7999.023438 152.173477 -4251.434570
v -7874.038574 123.004143 -4251.434570
v -7749.053711 146.684418 -4251.434570
v -7624.069336 170.424133 -4251.434570
v -7499.084473 215.050049 -4251.434570
v -7436.592285 212.255966 -4188.941895
v -7374.099609 187.466003 -4251.434570
v -7374.099609 211.820007 -4188.941895
v -7311.607422 216.833496 -4188.941895
v -7249.115234 187.366913 -4251.434570
v -7124.130371 176.586945 -4251.434570
v -6999.145508 196.224731 -4251.434570
v -6936.653320 201.674164 -4188.941895
v -6874.160645 190.814926 -4251.434570
v -6811.668457 187.565079 -4188.941895
v -6749.175781 143.652542 -4251.434570
v -6624.191406 140.521591 -4251.434570
v -6499.206543 147.298706 -4251.434570
v -6374.221680 134.200256 -4251.434570
v -6249.237305 133.982269 -4251.434570
v -6124.252441 127.839279 -4251.434570
v -5999.267578 169.453140 -4251.434570
v -5936.775391 155.145889 -4188.941895
v -5874.282715 141.849274 -4251.434570
v -5874.282715 173.931580 -4188.941895
v -5811.790527 140.838654 -4188.941895
v -5843.036621 175.417786 -4220.187988
v -5749.297852 156.433945 -4251.434570
v -5811.790527 159.723419 -4251.434570
v -5624.313477 152.114029 -4251.434570
v -5499.328613 181.818405 -4251.434570
v -5374.343750 156.869904 -4251.434570
v -5249.359375 172.603897 -4251.434570
v -5186.866699 189.368347 -4188.941895
v -5155.620605 141.928543 -4157.695801
v -5124.374512 159.921585 -4251.434570
v -5124.374512 144.920776 -4188.941895
v -5061.881836 150.964691 -4188.941895
v -4999.389648 143.454376 -4251.434570
v -4874.404785 116.207214 -4251.434570
v -4749.419922 129.464203 -4251.434570
v -4686.927734 115.275856 -4188.941895
v -4624.435547 135.527939 -4251.434570
v -4624.435547 113.492401 -4188.941895
v -4561.943359 120.408226 -4188.941895
v -4499.450684 133.942642 -4251.434570
v -4374.465820 148.111176 -4251.434570
v -4311.973633 129.127319 -4188.941895
v -4249.481445 134.774918 -4251.434570
v -4249.481445 122.211494 -4188.941895
v -4186.988770 169.948547 -4188.941895
v -4218.235352 161.070923 -4157.695801
v -4124.496582 142.106888 -4251.434570
v -4062.004150 172.128311 -4188.941895
v -3999.511719 164.657639 -4251.434570
v -4062.004150 161.051102 -4251.434570
v -7999.023438 137.410461 -4376.418945
v -7874.038574 149.696457 -4376.418945
v -7749.053711 133.110367 -4376.418945
v -7624.069336 168.997375 -4376.418945
v -7561.576660 213.880890 -4313.926758
v -7499.084473 183.760376 -4376.418945
v -7561.576660 212.295609 -4376.418945
v -7374.099609 186.475189 -4376.418945
v -7249.115234 170.225967 -4376.418945
v -7124.130371 169.829651 -4376.418945
v -6999.145508 192.875793 -4376.418945
v -6874.160645 157.305847 -4376.418945
v -6749.175781 143.335480 -4376.418945
v -6624.191406 160.397171 -4376.418945
v -6499.206543 186.970596 -4376.418945
v -6374.221680 132.079926 -4376.418945
v -6249.237305 132.099747 -4376.418945
v -6124.252441 119.239075 -4376.418945
v -5999.267578 167.273361 -4376.418945
v -5874.282715 161.566315 -4376.418945
v -5811.790527 170.622284 -4313.926758
v -5749.297852 173.257828 -4376.418945
v -5624.313477 150.687271 -4376.418945
v -5499.328613 154.650497 -4376.418945
v -5374.343750 186.752609 -4376.418945
v -5311.851563 145.455811 -4313.926758
v -5249.359375 180.431274 -4376.418945
v -5124.374512 188.179382 -4376.418945
v -4999.389648 150.251312 -4376.418945
v -4874.404785 132.258270 -4376.418945
v -4749.419922 116.405373 -4376.418945
v -4624.435547 133.249084 -4376.418945
v -4499.450684 136.340393 -4376.418945
v -4374.465820 137.509552 -4376.418945
v -4249.481445 137.509552 -4376.418945
v -4124.496582 144.564087 -4376.418945
v -4062.004150 145.693604 -4313.926758
v -4030.757813 173.594711 -4282.680664
v -3999.511719 138.639069 -4376.418945
v -3999.511719 139.709137 -4313.926758
v -3999.511719 171.157333 -4282.680664
v -7999.023438 137.529358 -4501.403809
v -7874.038574 144.920776 -4501.403809
v -7749.053711 133.467056 -4501.403809
v -7624.069336 213.365677 -4501.403809
v -7561.576660 214.475372 -4438.911621
v -7499.084473 182.630859 -4501.403809
v -7374.099609 186.851700 -4501.403809
v -7311.607422 177.062531 -4438.911621
v -7249.115234 206.172424 -4501.403809
v -7249.115234 153.699326 -4438.911621
v -7311.607422 173.475815 -4501.403809
v -7186.622559 200.861694 -4438.911621
v -7124.130371 181.303177 -4501.403809
v -6999.145508 170.939346 -4501.403809
v -6874.160645 148.507492 -4501.403809
v -6749.175781 139.213730 -4501.403809
v -6624.191406 133.328339 -4501.403809
v -6499.206543 138.460724 -4501.403809
v -6374.221680 137.786972 -4501.403809
v -6249.237305 131.941208 -4501.403809
v -6124.252441 132.020477 -4501.403809
v -5999.267578 126.115273 -4501.403809
v -5874.282715 159.961212 -4501.403809
v -5749.297852 164.320770 -4501.403809
v -5624.313477 145.852127 -4501.403809
v -5561.821289 154.353256 -4438.911621
v -5499.328613 177.181427 -4501.403809
v -5499.328613 162.418411 -4438.911621
v -5436.835938 178.152420 -4438.911621
v -5468.082520 139.550613 -4470.157715
v -5374.343750 186.930954 -4501.403809
v -5436.835938 143.929977 -4501.403809
v -5249.359375 186.594086 -4501.403809
v -5124.374512 183.879272 -4501.403809
v -4999.389648 144.980225 -4501.403809
v -4874.404785 163.508301 -4501.403809
v -4749.419922 125.421707 -4501.403809
v -4624.435547 136.954697 -4501.403809
v -4499.450684 141.294418 -4501.403809
v -4374.465820 126.650307 -4501.403809
v -4249.481445 142.740997 -4501.403809
v -4124.496582 168.640671 -4501.403809
v -3999.511719 125.520790 -4501.403809
v -7999.023438 143.276031 -4626.388672
v -7874.038574 151.380829 -4626.388672
v -7749.053711 184.117065 -4626.388672
v -7624.069336 209.085388 -4626.388672
v -7499.084473 187.010223 -4626.388672
v -7374.099609 186.217575 -4626.388672
v -7311.607422 183.007370 -4563.895996
v -7280.361328 156.037628 -4532.649902
v -7280.361328 173.713608 -4595.142578
v -7249.115234 205.320328 -4563.895996
v -7280.361328 159.862137 -4563.895996
v -7249.115234 155.938538 -4626.388672
v -7311.607422 179.063965 -4626.388672
v -7186.622559 186.158127 -4563.895996
v -7124.130371 192.340759 -4626.388672
v -6999.145508 140.759384 -4626.388672
v -6874.160645 141.869095 -4626.388672
v -6749.175781 163.448853 -4626.388672
v -6624.191406 134.933456 -4626.388672
v -6499.206543 136.538559 -4626.388672
v -6374.221680 139.728958 -4626.388672
v -6249.237305 133.308533 -4626.388672
v -6124.252441 126.670128 -4626.388672
v -5999.267578 130.910782 -4626.388672
v -5874.282715 156.612289 -4626.388672
v -5749.297852 158.613724 -4626.388672
v -5624.313477 172.366104 -4626.388672
v -5499.328613 175.338531 -4626.388672
v -5436.835938 160.813309 -4563.895996
v -5374.343750 187.148941 -4626.388672
v -5249.359375 177.280502 -4626.388672
v -5124.374512 142.205963 -4626.388672
v -4999.389648 164.102783 -4626.388672
v -4874.404785 167.669693 -4626.388672
v -4749.419922 133.110367 -4626.388672
v -4624.435547 129.900146 -4626.388672
v -4499.450684 134.101166 -4626.388672
v -4374.465820 121.775543 -4626.388672
v -4249.481445 121.062164 -4626.388672
v -4124.496582 144.663162 -4626.388672
v -3999.511719 131.366547 -4626.388672
v -7999.023438 154.214539 -4751.373047
v -7874.038574 188.020844 -4751.373047
v -7811.546387 179.935867 -4688.880859
v -7749.053711 217.586502 -4688.880859
v -7780.300293 216.952393 -4720.126953
v -7749.053711 183.562225 -4751.373047
v -7811.546387 217.071289 -4751.373047
v -7686.561523 188.119934 -4688.880859
v -7624.069336 190.656387 -4751.373047
v -7561.576660 178.132599 -4688.880859
v -7499.084473 205.399597 -4751.373047
v -7499.084473 174.902573 -4688.880859
v -7436.592285 168.819031 -4688.880859
v -7467.838379 205.597748 -4720.126953
v -7374.099609 187.426361 -4688.880859
v -7405.345703 205.577942 -4720.126953
v -7374.099609 202.585693 -4751.373047
v -7436.592285 179.460281 -4751.373047
v -7436.592285 208.233292 -4720.126953
v -7311.607422 154.709946 -4688.880859
v -7249.115234 205.597748 -4751.373047
v -7124.130371 192.955063 -4751.373047
v -6999.145508 147.160004 -4751.373047
v -6874.160645 163.151611 -4751.373047
v -6811.668457 145.931396 -4688.880859
v -6749.175781 144.643356 -4751.373047
v -6749.175781 144.524460 -4688.880859
v -6686.683594 163.547928 -4688.880859
v -6717.929688 146.684418 -4720.126953
v -6624.191406 143.632721 -4688.880859
v -6655.437500 150.172043 -4720.126953
v -6624.191406 148.230072 -4751.373047
v -6686.683594 190.359146 -4751.373047
v -6686.683594 143.355301 -4720.126953
v -6561.699219 132.694229 -4688.880859
v -6499.206543 142.919342 -4751.373047
v -6374.221680 138.104034 -4751.373047
v -6249.237305 140.145096 -4751.373047
v -6124.252441 125.540604 -4751.373047
v -5999.267578 126.967369 -4751.373047
v -5874.282715 122.429474 -4751.373047
v -5749.297852 127.542038 -4751.373047
v -5686.805664 162.874191 -4688.880859
v -5624.313477 144.663162 -4751.373047
v -5624.313477 152.173477 -4688.880859
v -5686.805664 172.267029 -4751.373047
v -5561.821289 141.770020 -4688.880859
v -5593.067383 175.516876 -4720.126953
v -5499.328613 158.138138 -4751.373047
v -5561.821289 136.677261 -4751.373047
v -5593.067383 177.894806 -4751.373047
v -5374.343750 186.177948 -4751.373047
v -5249.359375 188.040665 -4751.373047
v -5124.374512 189.090912 -4751.373047
v -5061.881836 143.434570 -4688.880859
v -4999.389648 164.360397 -4751.373047
v -5061.881836 187.030045 -4751.373047
v -4874.404785 132.218643 -4751.373047
v -4749.419922 125.342445 -4751.373047
v -4624.435547 138.143661 -4751.373047
v -4499.450684 128.889526 -4751.373047
v -4374.465820 141.393509 -4751.373047
v -4249.481445 133.268890 -4751.373047
v -4124.496582 126.055824 -4751.373047
v -3999.511719 146.406982 -4751.373047
v -7999.023438 159.267654 -4876.357910
v -7874.038574 182.611053 -4876.357910
v -7811.546387 209.818588 -4813.865723
v -7749.053711 187.069672 -4876.357910
v -7811.546387 222.580170 -4876.357910
v -7686.561523 212.236160 -4813.865723
v -7624.069336 165.133224 -4876.357910
v -7624.069336 182.076004 -4813.865723
v -7561.576660 210.135651 -4813.865723
v -7592.823242 184.493576 -4845.111816
v -7499.084473 209.580795 -4876.357910
v -7561.576660 209.620422 -4876.357910
v -7592.823242 162.140991 -4876.357910
v -7436.592285 198.127075 -4813.865723
v -7374.099609 163.012894 -4876.357910
v -7249.115234 204.488052 -4876.357910
v -7124.130371 193.589172 -4876.357910
v -6999.145508 145.198196 -4876.357910
v -6874.160645 149.954071 -4876.357910
v -6749.175781 194.837601 -4876.357910
v -6686.683594 192.974884 -4813.865723
v -6624.191406 190.418594 -4876.357910
v -6499.206543 149.121796 -4876.357910
v -6374.221680 149.755905 -4876.357910
v -6249.237305 180.371826 -4876.357910
v -6124.252441 151.678070 -4876.357910
v -5999.267578 137.489731 -4876.357910
v -5874.282715 131.624161 -4876.357910
v -5749.297852 171.910339 -4876.357910
v -5686.805664 169.849457 -4813.865723
v -5624.313477 154.452332 -4813.865723
v -5655.559570 160.991653 -4845.111816
v -5624.313477 179.480103 -4876.357910
v -5624.313477 176.626572 -4845.111816
v -5686.805664 162.081543 -4876.357910
v -5593.067383 177.676834 -4782.619629
v -5593.067383 175.358337 -4813.865723
v -5561.821289 155.680939 -4813.865723
v -5593.067383 137.271759 -4845.111816
v -5608.690430 179.222488 -4829.488770
v -5499.328613 161.982452 -4876.357910
v -5561.821289 160.555695 -4876.357910
v -5374.343750 186.871506 -4876.357910
v -5249.359375 162.101364 -4876.357910
v -5124.374512 189.368347 -4876.357910
v -5061.881836 191.488663 -4813.865723
v -5030.635742 144.484818 -4782.619629
v -4999.389648 147.615768 -4876.357910
v -4999.389648 148.051727 -4813.865723
v -4936.897461 164.776535 -4813.865723
v -4874.404785 112.997002 -4876.357910
v -4749.419922 129.781250 -4876.357910
v -4624.435547 136.835800 -4876.357910
v -4499.450684 136.261124 -4876.357910
v -4374.465820 116.603531 -4876.357910
v -4249.481445 118.030296 -4876.357910
v -4124.496582 136.776352 -4876.357910
v -3999.511719 135.963882 -4876.357910
v -7999.023438 186.673355 -5001.342773
v -7874.038574 220.697632 -5001.342773
v -7811.546387 223.650238 -4938.850586
v -7749.053711 201.495819 -5001.342773
v -7686.561523 195.332993 -4938.850586
v -7624.069336 176.567123 -5001.342773
v -7624.069336 170.443939 -4938.850586
v -7561.576660 164.479294 -4938.850586
v -7592.823242 179.460281 -4907.604492
v -7530.330566 211.126450 -4907.604492
v -7561.576660 192.578552 -4907.604492
v -7577.200195 161.447418 -4891.980957
v -7499.084473 203.596329 -4938.850586
v -7530.330566 158.197586 -4970.096680
v -7499.084473 208.550354 -5001.342773
v -7499.084473 156.810455 -4970.096680
v -7561.576660 170.899719 -5001.342773
v -7436.592285 159.941406 -4938.850586
v -7467.838379 158.792068 -4970.096680
v -7374.099609 160.278275 -5001.342773
v -7436.592285 157.147324 -5001.342773
v -7311.607422 207.064148 -4938.850586
v -7249.115234 199.553833 -5001.342773
v -7311.607422 188.337906 -5001.342773
v -7124.130371 196.462524 -5001.342773
v -6999.145508 154.927917 -5001.342773
v -6874.160645 150.310760 -5001.342773
v -6749.175781 156.215973 -5001.342773
v -6624.191406 154.333435 -5001.342773
v -6499.206543 135.924255 -5001.342773
v -6374.221680 159.842316 -5001.342773
v -6249.237305 183.007370 -5001.342773
v -6124.252441 170.305237 -5001.342773
v -5999.267578 175.437607 -5001.342773
v -5874.282715 177.300323 -5001.342773
v -5749.297852 165.628632 -5001.342773
v -5686.805664 160.337723 -4938.850586
v -5624.313477 158.078690 -5001.342773
v -5561.821289 161.586136 -4938.850586
v -5499.328613 179.381012 -5001.342773
v -5374.343750 165.291748 -5001.342773
v -5249.359375 166.599625 -5001.342773
v -5124.374512 139.927109 -5001.342773
v -4999.389648 125.481155 -5001.342773
v -4874.404785 120.863998 -5001.342773
v -4749.419922 122.924881 -5001.342773
v -4624.435547 126.055824 -5001.342773
v -4499.450684 128.295044 -5001.342773
v -4374.465820 115.117325 -5001.342773
v -4249.481445 119.536324 -5001.342773
v -4124.496582 133.506683 -5001.342773
v -3999.511719 150.964691 -5001.342773
v -7999.023438 180.629440 -5126.327637
v -7936.531250 180.807785 -5063.834961
v -7874.038574 212.473953 -5126.327637
v -7936.531250 203.497238 -5126.327637
v -7749.053711 208.154037 -5126.327637
v -7624.069336 194.956497 -5126.327637
v -7561.576660 180.173660 -5063.834961
v -7499.084473 212.850449 -5126.327637
v -7436.592285 210.413071 -5063.834961
v -7374.099609 187.664154 -5126.327637
v -7374.099609 206.826355 -5063.834961
v -7311.607422 185.563644 -5063.834961
v -7342.853516 209.521347 -5032.588867
v -7249.115234 187.743423 -5126.327637
v -7124.130371 195.610428 -5126.327637
v -6999.145508 189.110733 -5126.327637
v -6874.160645 171.315857 -5126.327637
v -6749.175781 150.707092 -5126.327637
v -6624.191406 157.781448 -5126.327637
v -6499.206543 167.431900 -5126.327637
v -6374.221680 183.938721 -5126.327637
v -6249.237305 177.716461 -5126.327637
v -6124.252441 181.025757 -5126.327637
v -5999.267578 168.145279 -5126.327637
v -5874.282715 186.911148 -5126.327637
v -5811.790527 180.193481 -5063.834961
v -5749.297852 139.075012 -5126.327637
v -5811.790527 187.327286 -5126.327637
v -5686.805664 149.438858 -5063.834961
v -5624.313477 184.929535 -5126.327637
v -5686.805664 186.197769 -5126.327637
v -5561.821289 162.755295 -5063.834961
v -5499.328613 150.845795 -5063.834961
v -5530.574707 135.171249 -5095.081055
v -5499.328613 181.877853 -5126.327637
v -5561.821289 178.092972 -5126.327637
v -5436.835938 153.996567 -5063.834961
v -5374.343750 144.385742 -5126.327637
v -5249.359375 160.714233 -5126.327637
v -5186.866699 186.950775 -5063.834961
v -5124.374512 188.080292 -5126.327637
v -5061.881836 119.100365 -5063.834961
v -4999.389648 123.757156 -5126.327637
v -4874.404785 101.899971 -5126.327637
v -4749.419922 106.041542 -5126.327637
v -4624.435547 110.123657 -5126.327637
v -4499.450684 131.465622 -5126.327637
v -4374.465820 154.353256 -5126.327637
v -4249.481445 129.880341 -5126.327637
v -4124.496582 135.706284 -5126.327637
v -3999.511719 142.919342 -5126.327637
v -7999.023438 228.762802 -5188.819824
v -7936.531250 206.192230 -5188.819824
v -7967.777344 228.188141 -5157.573730
v -7999.023438 214.673538 -5251.312500
v -7874.038574 185.999603 -5251.312500
v -7749.053711 219.647385 -5251.312500
v -7624.069336 197.076813 -5251.312500
v -7499.084473 213.068436 -5251.312500
v -7374.099609 195.035751 -5251.312500
v -7249.115234 199.117874 -5251.312500
v -7124.130371 194.500717 -5251.312500
v -6999.145508 197.948730 -5251.312500
v -6874.160645 190.973450 -5251.312500
v -6749.175781 182.175095 -5251.312500
v -6624.191406 180.411453 -5251.312500
v -6499.206543 178.033524 -5251.312500
v -6374.221680 176.032089 -5251.312500
v -6249.237305 183.403687 -5251.312500
v -6124.252441 159.346909 -5251.312500
v -5999.267578 180.371826 -5251.312500
v -5874.282715 179.341385 -5251.312500
v -5811.790527 188.754044 -5188.819824
v -5780.543945 187.584900 -5157.573730
v -5749.297852 179.103592 -5251.312500
v -5749.297852 162.557129 -5188.819824
v -5749.297852 184.453949 -5157.573730
v -5686.805664 168.402878 -5188.819824
v -5718.051758 186.316666 -5157.573730
v -5624.313477 173.376740 -5251.312500
v -5561.821289 165.727707 -5188.819824
v -5499.328613 157.484207 -5251.312500
v -5374.343750 164.082962 -5251.312500
v -5311.851563 154.630676 -5188.819824
v -5249.359375 183.046997 -5251.312500
v -5249.359375 183.284790 -5188.819824
v -5311.851563 139.530792 -5251.312500
v -5186.866699 185.365494 -5188.819824
v -5218.113281 149.478485 -5220.065918
v -5124.374512 185.563644 -5251.312500
v -5186.866699 160.337723 -5251.312500
v -4999.389648 131.247650 -5251.312500
v -4874.404785 116.306290 -5251.312500
v -4749.419922 130.554092 -5251.312500
v -4624.435547 146.466431 -5251.312500
v -4499.450684 124.807411 -5251.312500
v -4374.465820 138.520172 -5251.312500
v -4249.481445 117.673607 -5251.312500
v -4124.496582 124.985756 -5251.312500
v -3999.511719 138.004944 -5251.312500
v -7999.023438 213.127884 -5376.296875
v -7874.038574 206.865982 -5376.296875
v -7749.053711 202.922577 -5376.296875
v -7624.069336 200.346481 -5376.296875
v -7499.084473 191.904816 -5376.296875
v -7374.099609 193.311752 -5376.296875
v -7249.115234 202.268646 -5376.296875
v -7124.130371 179.083771 -5376.296875
v -6999.145508 153.164291 -5376.296875
v -6874.160645 185.088058 -5376.296875
v -6749.175781 192.162415 -5376.296875
v -6624.191406 182.789398 -5376.296875
v -6499.206543 179.460281 -5376.296875
v -6374.221680 189.566513 -5376.296875
v -6249.237305 185.801437 -5376.296875
v -6124.252441 184.315231 -5376.296875
v -5999.267578 181.422073 -5376.296875
v -5874.282715 181.976929 -5376.296875
v -5749.297852 164.300949 -5376.296875
v -5624.313477 165.727707 -5376.296875
v -5499.328613 165.846603 -5376.296875
v -5374.343750 164.538742 -5376.296875
v -5311.851563 170.146698 -5313.804688
v -5249.359375 157.048248 -5376.296875
v -5311.851563 180.153839 -5376.296875
v -5186.866699 152.867035 -5313.804688
v -5124.374512 190.636581 -5376.296875
v -5061.881836 153.937119 -5313.804688
v -4999.389648 143.414749 -5313.804688
v -5030.635742 142.978790 -5345.050781
v -4999.389648 148.408417 -5376.296875
v -5061.881836 175.972641 -5376.296875
v -5030.635742 138.698517 -5376.296875
v -4936.897461 111.510788 -5313.804688
v -4874.404785 125.124466 -5376.296875
v -4749.419922 108.260948 -5376.296875
v -4624.435547 123.123039 -5376.296875
v -4499.450684 123.341019 -5376.296875
v -4374.465820 145.812500 -5376.296875
v -4249.481445 104.951653 -5376.296875
v -4124.496582 123.915680 -5376.296875
v -3999.511719 115.513649 -5376.296875
v -7999.023438 214.079056 -5501.281738
v -7874.038574 208.946671 -5501.281738
v -7749.053711 190.220444 -5501.281738
v -7624.069336 199.989792 -5501.281738
v -7499.084473 200.168137 -5501.281738
v -7374.099609 200.366287 -5501.281738
v -7249.115234 194.599808 -5501.281738
v -7124.130371 196.204910 -5501.281738
v -6999.145508 155.621490 -5501.281738
v -6874.160645 149.676651 -5501.281738
v -6749.175781 149.537933 -5501.281738
v -6624.191406 191.865173 -5501.281738
v -6499.206543 185.345673 -5501.281738
v -6374.221680 191.468857 -5501.281738
v -6249.237305 188.536072 -5501.281738
v -6124.252441 171.910339 -5501.281738
v -5999.267578 156.513214 -5501.281738
v -5874.282715 180.371826 -5501.281738
v -5749.297852 173.198380 -5501.281738
v -5624.313477 180.134033 -5501.281738
v -5499.328613 167.233734 -5501.281738
v -5374.343750 170.959167 -5501.281738
v -5311.851563 181.065384 -5438.789551
v -5280.605469 138.203110 -5407.542969
v -5280.605469 145.317093 -5470.035645
v -5249.359375 144.187576 -5438.789551
v -5280.605469 129.186768 -5438.789551
v -5249.359375 156.711365 -5501.281738
v -5311.851563 182.353439 -5501.281738
v -5186.866699 183.463135 -5438.789551
v -5124.374512 169.116272 -5501.281738
v -5124.374512 190.616760 -5438.789551
v -5061.881836 187.386734 -5438.789551
v -5093.127930 184.533203 -5407.542969
v -5061.881836 186.336472 -5407.542969
v -5030.635742 175.338531 -5407.542969
v -5046.258789 139.332626 -5391.919922
v -4999.389648 177.934448 -5501.281738
v -4999.389648 187.743423 -5438.789551
v -4936.897461 163.468674 -5438.789551
v -4874.404785 143.830887 -5501.281738
v -4749.419922 110.302002 -5501.281738
v -4624.435547 111.907112 -5501.281738
v -4499.450684 106.457680 -5501.281738
v -4374.465820 136.340393 -5501.281738
v -4249.481445 145.871948 -5501.281738
v -4124.496582 149.577560 -5501.281738
v -3999.511719 117.158386 -5501.281738
v -7999.023438 223.610611 -5626.266602
v -7874.038574 192.063339 -5626.266602
v -7749.053711 193.846786 -5626.266602
v -7624.069336 222.124405 -5626.266602
v -7499.084473 186.613907 -5626.266602
v -7374.099609 167.610245 -5626.266602
v -7249.115234 189.546692 -5626.266602
v -7124.130371 195.927475 -5626.266602
v -6999.145508 196.839020 -5626.266602
v -6874.160645 152.193298 -5626.266602
v -6749.175781 150.013519 -5626.266602
v -6624.191406 192.558746 -5626.266602
v -6499.206543 193.727890 -5626.266602
v -6374.221680 178.192047 -5626.266602
v -6249.237305 190.180801 -5626.266602
v -6124.252441 183.819824 -5626.266602
v -5999.267578 178.370392 -5626.266602
v -5874.282715 176.705841 -5626.266602
v -5749.297852 181.204102 -5626.266602
v -5624.313477 176.626572 -5626.266602
v -5499.328613 176.864365 -5626.266602
v -5374.343750 156.929352 -5626.266602
v -5311.851563 182.987549 -5563.773926
v -5280.605469 134.358780 -5532.527832
v -5249.359375 160.199005 -5626.266602
v -5249.359375 138.282379 -5563.773926
v -5186.866699 160.833130 -5563.773926
v -5124.374512 157.840897 -5626.266602
v -4999.389648 152.232925 -5626.266602
v -4936.897461 167.729141 -5563.773926
v -4874.404785 187.901947 -5563.773926
v -4905.651367 146.367355 -5595.020508
v -4874.404785 181.065384 -5626.266602
v -4874.404785 147.932831 -5595.020508
v -4936.897461 159.188385 -5626.266602
v -4811.912598 187.089493 -5563.773926
v -4843.158691 182.571411 -5595.020508
v -4749.419922 156.235779 -5563.773926
v -4780.666016 187.426361 -5595.020508
v -4749.419922 186.098679 -5626.266602
v -4749.419922 137.786972 -5595.020508
v -4811.912598 169.750381 -5626.266602
v -4686.927734 126.769203 -5563.773926
v -4718.173828 156.037628 -5595.020508
v -4733.796875 137.886047 -5610.643555
v -4624.435547 109.370651 -5626.266602
v -4686.927734 156.097076 -5626.266602
v -4718.173828 138.579620 -5626.266602
v -4499.450684 112.739388 -5626.266602
v -4374.465820 118.822937 -5626.266602
v -4249.481445 121.438667 -5626.266602
v -4124.496582 123.400467 -5626.266602
v -3999.511719 148.586761 -5626.266602
v -7999.023438 230.883133 -5751.250977
v -7874.038574 207.718079 -5751.250977
v -7749.053711 184.592651 -5751.250977
v -7624.069336 220.895798 -5751.250977
v -7499.084473 180.530350 -5751.250977
v -7374.099609 190.418594 -5751.250977
v -7249.115234 195.253738 -5751.250977
v -7124.130371 198.642288 -5751.250977
v -7061.637695 188.238831 -5688.758789
v -6999.145508 204.706024 -5751.250977
v -7061.637695 161.784302 -5751.250977
v -6874.160645 192.320953 -5751.250977
v -6749.175781 196.502151 -5751.250977
v -6624.191406 180.688889 -5751.250977
v -6499.206543 181.996750 -5751.250977
v -6374.221680 163.072342 -5751.250977
v -6249.237305 180.134033 -5751.250977
v -6124.252441 181.877853 -5751.250977
v -5999.267578 169.651306 -5751.250977
v -5874.282715 169.710754 -5751.250977
v -5749.297852 164.895432 -5751.250977
v -5624.313477 174.288269 -5751.250977
v -5499.328613 158.177765 -5751.250977
v -5374.343750 171.910339 -5751.250977
v -5249.359375 162.854370 -5751.250977
v -5124.374512 170.820450 -5751.250977
v -4999.389648 167.075211 -5751.250977
v -4936.897461 173.753235 -5688.758789
v -4874.404785 174.942200 -5751.250977
v -4811.912598 149.557755 -5688.758789
v -4749.419922 166.223114 -5751.250977
v -4749.419922 183.225342 -5688.758789
v -4686.927734 143.256226 -5688.758789
v -4718.173828 164.499115 -5657.512695
v -4624.435547 155.522400 -5751.250977
v -4499.450684 118.842758 -5751.250977
v -4374.465820 102.375557 -5751.250977
v -4249.481445 139.411896 -5751.250977
v -4124.496582 122.409660 -5751.250977
v -3999.511719 128.592285 -5751.250977
v -7999.023438 231.517242 -5876.235840
v -7874.038574 211.364243 -5876.235840
v -7749.053711 209.125015 -5876.235840
v -7624.069336 212.374863 -5876.235840
v -7499.084473 201.713791 -5876.235840
v -7374.099609 194.679062 -5876.235840
v -7311.607422 189.130554 -5813.743652
v -7249.115234 185.623093 -5876.235840
v -7311.607422 179.123413 -5876.235840
v -7124.130371 165.014328 -5876.235840
v -7061.637695 181.640060 -5813.743652
v -6999.145508 190.795105 -5876.235840
v -7061.637695 178.608185 -5876.235840
v -6874.160645 181.164474 -5876.235840
v -6749.175781 166.579803 -5876.235840
v -6624.191406 160.218826 -5876.235840
v -6499.206543 183.364059 -5876.235840
v -6374.221680 183.502777 -5876.235840
v -6249.237305 185.524017 -5876.235840
v -6124.252441 178.964874 -5876.235840
v -5999.267578 168.997375 -5876.235840
v -5874.282715 165.331390 -5876.235840
v -5749.297852 157.464386 -5876.235840
v -5686.805664 151.341202 -5813.743652
v -5624.313477 161.169998 -5813.743652
v -5655.559570 182.452515 -5844.989746
v -5624.313477 135.131607 -5876.235840
v -5624.313477 181.342819 -5844.989746
v -5686.805664 147.298706 -5876.235840
v -5561.821289 155.720566 -5813.743652
v -5593.067383 177.280502 -5844.989746
v -5499.328613 150.548553 -5813.743652
v -5530.574707 179.737701 -5844.989746
v -5499.328613 152.312195 -5876.235840
v -5561.821289 136.320572 -5876.235840
v -5561.821289 179.856598 -5844.989746
v -5436.835938 169.076630 -5813.743652
v -5374.343750 167.075211 -5876.235840
v -5249.359375 125.401894 -5876.235840
v -5124.374512 144.643356 -5876.235840
v -4999.389648 128.830078 -5876.235840
v -4874.404785 161.903198 -5876.235840
v -4749.419922 155.918732 -5876.235840
v -4686.927734 157.781448 -5813.743652
v -4624.435547 149.002899 -5876.235840
v -4624.435547 186.950775 -5813.743652
v -4561.943359 139.075012 -5813.743652
v -4593.189453 187.208389 -5844.989746
v -4499.450684 188.694595 -5876.235840
v -4561.943359 189.824112 -5876.235840
v -4436.958008 109.727341 -5813.743652
v -4374.465820 120.487495 -5876.235840
v -4249.481445 105.843376 -5876.235840
v -4124.496582 105.447052 -5876.235840
v -3999.511719 118.505882 -5876.235840
v -7999.023438 234.232056 -6001.220703
v -7936.531250 203.100922 -5938.728516
v -7874.038574 230.050842 -6001.220703
v -7874.038574 220.340942 -5938.728516
v -7811.546387 228.960968 -5938.728516
v -7842.792480 194.619614 -5969.974609
v -7749.053711 223.214279 -6001.220703
v -7811.546387 205.340149 -6001.220703
v -7624.069336 201.872314 -6001.220703
v -7499.084473 187.743423 -6001.220703
v -7374.099609 197.552399 -6001.220703
v -7311.607422 216.377716 -5938.728516
v -7280.361328 176.606766 -5907.482422
v -7280.361328 203.834122 -5969.974609
v -7249.115234 214.713165 -5938.728516
v -7280.361328 173.317276 -5938.728516
v -7249.115234 206.945251 -6001.220703
v -7311.607422 195.709503 -6001.220703
v -7186.622559 214.693359 -5938.728516
v -7124.130371 184.671921 -6001.220703
v -7124.130371 212.335236 -5938.728516
v -7061.637695 171.355484 -5938.728516
v -7092.883789 206.489471 -5907.482422
v -7092.883789 211.641663 -5969.974609
v -6999.145508 184.632294 -6001.220703
v -7061.637695 174.724228 -6001.220703
v -6874.160645 189.229630 -6001.220703
v -6749.175781 169.136078 -6001.220703
v -6624.191406 203.021652 -6001.220703
v -6499.206543 185.524017 -6001.220703
v -6374.221680 190.993271 -6001.220703
v -6249.237305 185.940155 -6001.220703
v -6124.252441 185.048431 -6001.220703
v -5999.267578 164.796356 -6001.220703
v -5936.775391 157.107697 -5938.728516
v -5874.282715 165.351196 -6001.220703
v -5874.282715 167.947113 -5938.728516
v -5811.790527 183.800018 -5938.728516
v -5843.036621 177.102158 -5969.974609
v -5749.297852 155.344055 -5938.728516
v -5780.543945 151.301575 -5969.974609
v -5749.297852 160.852936 -6001.220703
v -5811.790527 176.250076 -5969.974609
v -5827.413574 175.774490 -5985.597656
v -5811.790527 177.121979 -6001.220703
v -5811.790527 137.331207 -5985.597656
v -5843.036621 183.938721 -6001.220703
v -5780.543945 156.116882 -6001.220703
v -5796.167480 144.583908 -5985.597656
v -5686.805664 153.045395 -5938.728516
v -5624.313477 174.843124 -6001.220703
v -5561.821289 141.928543 -5938.728516
v -5499.328613 158.455185 -6001.220703
v -5374.343750 144.425369 -6001.220703
v -5249.359375 119.813744 -6001.220703
v -5124.374512 126.670128 -6001.220703
v -4999.389648 125.005569 -6001.220703
v -4874.404785 165.232300 -6001.220703
v -4749.419922 178.667633 -6001.220703
v -4624.435547 159.426178 -6001.220703
v -4561.943359 164.241501 -5938.728516
v -4499.450684 162.279709 -6001.220703
v -4436.958008 189.705215 -5938.728516
v -4374.465820 187.089493 -6001.220703
v -4249.481445 154.511780 -6001.220703
v -4124.496582 114.859711 -6001.220703
v -3999.511719 105.506500 -6001.220703
v -7999.023438 195.729324 -6126.205566
v -7874.038574 193.589172 -6126.205566
v -7811.546387 236.451462 -6063.712891
v -7749.053711 200.861694 -6126.205566
v -7811.546387 233.815918 -6126.205566
v -7624.069336 218.260254 -6126.205566
v -7499.084473 195.967117 -6126.205566
v -7374.099609 221.846970 -6126.205566
v -7311.607422 198.582840 -6063.712891
v -7249.115234 196.284180 -6126.205566
v -7124.130371 213.524200 -6126.205566
v -7061.637695 213.028793 -6063.712891
v -6999.145508 182.373245 -6126.205566
v -6874.160645 188.397354 -6126.205566
v -6749.175781 180.867233 -6126.205566
v -6624.191406 201.436371 -6126.205566
v -6499.206543 187.822693 -6126.205566
v -6374.221680 178.092972 -6126.205566
v -6249.237305 181.223923 -6126.205566
v -6124.252441 181.976929 -6126.205566
v -5999.267578 188.575699 -6126.205566
v -5936.775391 177.993896 -6063.712891
v -5874.282715 168.323624 -6126.205566
v -5874.282715 184.394501 -6063.712891
v -5811.790527 158.276840 -6063.712891
v -5843.036621 184.652100 -6032.466797
v -5780.543945 146.664597 -6032.466797
v -5749.297852 134.101166 -6126.205566
v -5749.297852 138.975937 -6063.712891
v -5686.805664 181.362625 -6063.712891
v -5624.313477 161.705032 -6126.205566
v -5499.328613 142.463577 -6126.205566
v -5374.343750 124.708328 -6126.205566
v -5249.359375 129.543457 -6126.205566
v -5124.374512 129.107513 -6126.205566
v -4999.389648 136.756531 -6126.205566
v -4874.404785 166.005127 -6126.205566
v -4749.419922 156.929352 -6126.205566
v -4686.927734 177.339951 -6063.712891
v -4624.435547 149.854996 -6126.205566
v -4686.927734 173.257828 -6126.205566
v -4499.450684 159.743240 -6126.205566
v -4436.958008 146.882568 -6063.712891
v -4374.465820 181.679688 -6126.205566
v -4374.465820 146.387177 -6063.712891
v -4311.973633 156.731186 -6063.712891
v -4249.481445 188.278458 -6126.205566
v -4311.973633 151.182678 -6126.205566
v -4124.496582 123.499542 -6126.205566
v -3999.511719 116.504456 -6126.205566
v -7999.023438 173.356918 -6251.189941
v -7874.038574 178.211868 -6251.189941
v -7811.546387 190.755478 -6188.697754
v -7780.300293 232.785477 -6157.451660
v -7749.053711 234.192413 -6251.189941
v -7749.053711 231.477615 -6188.697754
v -7686.561523 231.358719 -6188.697754
v -7624.069336 208.332382 -6251.189941
v -7499.084473 205.934631 -6251.189941
v -7436.592285 217.289261 -6188.697754
v -7374.099609 220.975067 -6251.189941
v -7436.592285 193.490097 -6251.189941
v -7249.115234 212.216339 -6251.189941
v -7186.622559 214.871704 -6188.697754
v -7124.130371 207.619003 -6188.697754
v -7155.376465 168.561417 -6219.943848
v -7124.130371 191.409409 -6251.189941
v -7186.622559 206.192230 -6251.189941
v -7061.637695 181.263550 -6188.697754
v -6999.145508 192.994690 -6251.189941
v -6874.160645 189.685410 -6251.189941
v -6749.175781 209.263733 -6251.189941
v -6624.191406 173.277649 -6251.189941
v -6499.206543 199.474564 -6251.189941
v -6374.221680 186.118500 -6251.189941
v -6249.237305 181.600418 -6251.189941
v -6124.252441 167.015762 -6251.189941
v -5999.267578 157.682358 -6251.189941
v -5874.282715 163.825363 -6251.189941
v -5749.297852 182.214722 -6251.189941
v -5624.313477 157.840897 -6251.189941
v -5499.328613 171.038422 -6251.189941
v -5374.343750 125.183914 -6251.189941
v -5249.359375 143.513824 -6251.189941
v -5124.374512 165.985321 -6251.189941
v -4999.389648 160.496246 -6251.189941
v -4874.404785 179.816971 -6251.189941
v -4811.912598 180.134033 -6188.697754
v -4749.419922 128.017624 -6251.189941
v -4749.419922 173.515442 -6188.697754
v -4686.927734 164.816162 -6188.697754
v -4718.173828 177.934448 -6157.451660
v -4655.681641 146.684418 -6157.451660
v -4686.927734 131.703415 -6157.451660
v -4624.435547 155.918732 -6251.189941
v -4624.435547 157.543655 -6188.697754
v -4686.927734 136.003525 -6251.189941
v -4561.943359 157.603104 -6188.697754
v -4499.450684 151.995132 -6251.189941
v -4374.465820 161.546509 -6251.189941
v -4311.973633 180.669067 -6188.697754
v -4249.481445 159.505447 -6251.189941
v -4249.481445 188.337906 -6188.697754
v -4186.988770 141.175522 -6188.697754
v -4218.235352 188.853119 -6219.943848
v -4124.496582 188.972015 -6251.189941
v -4186.988770 191.746277 -6251.189941
v -3999.511719 120.190254 -6251.189941
v -7999.023438 171.414932 -6376.174805
v -7874.038574 163.726273 -6376.174805
v -7749.053711 204.309708 -6376.174805
v -7624.069336 200.346481 -6376.174805
v -7499.084473 205.994080 -6376.174805
v -7436.592285 204.963638 -6313.682617
v -7405.345703 178.826172 -6282.436523
v -7374.099609 203.596329 -6376.174805
v -7374.099609 193.708069 -6313.682617
v -7311.607422 220.479660 -6313.682617
v -7249.115234 201.614716 -6376.174805
v -7186.622559 204.983444 -6313.682617
v -7124.130371 217.883743 -6376.174805
v -6999.145508 222.679245 -6376.174805
v -6874.160645 217.745041 -6376.174805
v -6749.175781 211.324615 -6376.174805
v -6624.191406 200.445557 -6376.174805
v -6499.206543 193.708069 -6376.174805
v -6374.221680 174.981842 -6376.174805
v -6249.237305 158.494827 -6376.174805
v -6124.252441 167.788589 -6376.174805
v -5999.267578 162.973267 -6376.174805
v -5874.282715 170.265594 -6376.174805
v -5811.790527 138.579620 -6313.682617
v -5749.297852 181.818405 -6313.682617
v -5780.543945 176.943634 -6344.928711
v -5749.297852 138.302185 -6376.174805
v -5811.790527 152.787781 -6376.174805
v -5686.805664 165.291748 -6313.682617
v -5624.313477 179.658447 -6376.174805
v -5686.805664 133.467056 -6376.174805
v -5499.328613 178.350586 -6376.174805
v -5374.343750 163.547928 -6376.174805
v -5249.359375 179.698074 -6376.174805
v -5124.374512 180.034943 -6376.174805
v -4999.389648 148.666031 -6376.174805
v -4874.404785 162.121170 -6376.174805
v -4811.912598 176.666214 -6313.682617
v -4749.419922 162.576950 -6376.174805
v -4749.419922 178.568558 -6313.682617
v -4686.927734 158.792068 -6313.682617
v -4718.173828 179.975494 -6282.436523
v -4624.435547 159.128937 -6376.174805
v -4499.450684 162.893997 -6376.174805
v -4374.465820 158.039047 -6376.174805
v -4249.481445 186.970596 -6376.174805
v -4186.988770 147.893188 -6313.682617
v -4124.496582 194.203476 -6376.174805
v -4186.988770 156.215973 -6376.174805
v -3999.511719 117.237648 -6376.174805
v -7999.023438 143.216583 -6501.159668
v -7874.038574 187.505630 -6501.159668
v -7749.053711 162.438232 -6501.159668
v -7624.069336 200.722992 -6501.159668
v -7499.084473 203.199997 -6501.159668
v -7374.099609 223.273727 -6501.159668
v -7311.607422 214.594269 -6438.667480
v -7249.115234 189.407974 -6501.159668
v -7249.115234 205.023087 -6438.667480
v -7186.622559 197.572220 -6438.667480
v -7217.868652 228.406113 -6469.913574
v -7124.130371 225.334610 -6501.159668
v -7186.622559 226.642471 -6501.159668
v -6999.145508 217.210007 -6501.159668
v -6936.653320 174.288269 -6438.667480
v -6874.160645 173.138931 -6501.159668
v -6749.175781 141.670929 -6501.159668
v -6624.191406 157.821075 -6501.159668
v -6499.206543 160.179199 -6501.159668
v -6436.713867 199.276413 -6438.667480
v -6374.221680 166.857224 -6501.159668
v -6436.713867 202.664963 -6501.159668
v -6249.237305 188.555878 -6501.159668
v -6124.252441 167.947113 -6501.159668
v -5999.267578 164.558563 -6501.159668
v -5874.282715 158.336288 -6501.159668
v -5811.790527 164.102783 -6438.667480
v -5749.297852 166.718521 -6501.159668
v -5686.805664 157.186951 -6438.667480
v -5655.559570 132.436615 -6407.420898
v -5624.313477 185.068253 -6501.159668
v -5624.313477 159.763062 -6438.667480
v -5561.821289 162.814743 -6438.667480
v -5499.328613 184.671921 -6501.159668
v -5374.343750 160.753860 -6501.159668
v -5249.359375 179.281937 -6501.159668
v -5186.866699 129.563278 -6438.667480
v -5124.374512 165.549362 -6501.159668
v -4999.389648 175.992462 -6501.159668
v -4874.404785 175.061096 -6501.159668
v -4749.419922 176.765289 -6501.159668
v -4624.435547 186.197769 -6501.159668
v -4499.450684 162.576950 -6501.159668
v -4374.465820 138.639069 -6501.159668
v -4311.973633 163.647018 -6438.667480
v -4249.481445 160.436798 -6501.159668
v -4311.973633 184.969162 -6501.159668
v -4186.988770 164.439667 -6438.667480
v -4124.496582 173.376740 -6501.159668
v -3999.511719 154.333435 -6501.159668
v -7936.531250 180.669067 -6563.651855
v -7999.023438 193.985504 -6563.651855
v -7967.777344 164.875610 -6594.898438
v -7999.023438 160.793488 -6594.898438
v -7999.023438 194.679062 -6626.144531
v -7874.038574 155.264801 -6563.651855
v -7905.284668 190.260071 -6594.898438
v -7874.038574 185.424942 -6626.144531
v -7936.531250 193.549545 -6626.144531
v -7936.531250 173.356918 -6594.898438
v -7905.284668 158.039047 -6626.144531
v -7920.908203 155.938538 -6610.521484
v -7811.546387 185.286224 -6563.651855
v -7842.792480 146.446625 -6594.898438
v -7749.053711 155.046814 -6626.144531
v -7749.053711 167.590424 -6563.651855
v -7811.546387 149.161423 -6626.144531
v -7686.561523 154.273987 -6563.651855
v -7717.807617 190.200623 -6594.898438
v -7624.069336 159.228012 -6626.144531
v -7686.561523 186.633713 -6626.144531
v -7499.084473 161.110550 -6626.144531
v -7374.099609 167.907486 -6626.144531
v -7249.115234 157.781448 -6626.144531
v -7186.622559 198.582840 -6563.651855
v -7124.130371 182.115646 -6626.144531
v -6999.145508 178.707275 -6626.144531
v -6874.160645 185.583466 -6626.144531
v -6749.175781 138.539978 -6626.144531
v -6624.191406 146.149384 -6626.144531
v -6499.206543 131.822311 -6626.144531
v -6436.713867 200.267212 -6563.651855
v -6374.221680 153.243546 -6626.144531
v -6374.221680 202.704590 -6563.651855
v -6311.729492 196.363434 -6563.651855
v -6249.237305 195.134842 -6626.144531
v -6124.252441 169.175720 -6626.144531
v -6061.759766 190.022278 -6563.651855
v -5999.267578 191.944443 -6626.144531
v -6061.759766 192.320953 -6626.144531
v -5874.282715 161.070923 -6626.144531
v -5749.297852 160.714233 -6626.144531
v -5624.313477 189.031464 -6626.144531
v -5499.328613 143.791260 -6626.144531
v -5436.835938 193.906235 -6563.651855
v -5374.343750 143.731812 -6626.144531
v -5374.343750 190.121353 -6563.651855
v -5311.851563 192.023712 -6563.651855
v -5249.359375 191.052719 -6626.144531
v -5124.374512 144.147949 -6626.144531
v -4999.389648 166.302368 -6626.144531
v -4874.404785 179.856598 -6626.144531
v -4749.419922 156.493393 -6626.144531
v -4624.435547 171.038422 -6626.144531
v -4499.450684 167.610245 -6626.144531
v -4436.958008 158.732620 -6563.651855
v -4374.465820 147.913010 -6626.144531
v -4374.465820 181.243729 -6563.651855
v -4311.973633 185.068253 -6563.651855
v -4249.481445 190.240250 -6626.144531
v -4311.973633 189.150360 -6626.144531
v -4186.988770 167.828217 -6563.651855
v -4124.496582 171.930161 -6626.144531
v -4186.988770 164.300949 -6626.144531
v -4062.004150 199.811447 -6563.651855
v -3999.511719 197.750565 -6626.144531
v -7999.023438 208.292740 -6751.128906
v -7936.531250 221.648819 -6688.636719
v -7905.284668 193.054138 -6657.390625
v -7874.038574 216.437164 -6751.128906
v -7874.038574 188.357727 -6688.636719
v -7811.546387 189.229630 -6688.636719
v -7749.053711 163.983887 -6751.128906
v -7686.561523 160.535889 -6688.636719
v -7624.069336 160.476440 -6751.128906
v -7561.576660 167.293182 -6688.636719
v -7499.084473 181.441895 -6751.128906
v -7561.576660 150.390030 -6751.128906
v -7374.099609 185.167328 -6751.128906
v -7249.115234 156.077255 -6751.128906
v -7124.130371 177.280502 -6751.128906
v -6999.145508 175.259262 -6751.128906
v -6874.160645 160.714233 -6751.128906
v -6749.175781 171.811264 -6751.128906
v -6624.191406 145.693604 -6751.128906
v -6499.206543 127.403320 -6751.128906
v -6374.221680 131.980850 -6751.128906
v -6249.237305 148.745285 -6751.128906
v -6186.744629 190.596939 -6688.636719
v -6124.252441 193.153229 -6751.128906
v -6124.252441 155.007187 -6688.636719
v -6186.744629 168.918106 -6751.128906
v -6061.759766 191.032898 -6688.636719
v -6093.005859 142.404129 -6657.390625
v -5999.267578 161.308716 -6751.128906
v -6061.759766 144.960403 -6751.128906
v -5874.282715 175.774490 -6751.128906
v -5811.790527 148.130981 -6688.636719
v -5749.297852 188.793671 -6751.128906
v -5811.790527 174.942200 -6751.128906
v -5624.313477 161.665405 -6751.128906
v -5499.328613 144.722610 -6751.128906
v -5374.343750 144.465012 -6751.128906
v -5249.359375 164.618011 -6751.128906
v -5186.866699 188.179382 -6688.636719
v -5124.374512 166.678879 -6751.128906
v -4999.389648 162.913818 -6751.128906
v -4874.404785 169.254974 -6751.128906
v -4749.419922 192.261505 -6751.128906
v -4624.435547 169.928726 -6751.128906
v -4499.450684 172.901138 -6751.128906
v -4436.958008 180.213303 -6688.636719
v -4374.465820 174.823303 -6751.128906
v -4374.465820 163.171432 -6688.636719
v -4311.973633 143.256226 -6688.636719
v -4343.219727 190.596939 -6657.390625
v -4249.481445 165.509735 -6751.128906
v -4249.481445 141.552032 -6688.636719
v -4186.988770 163.547928 -6688.636719
v -4218.235352 139.788406 -6657.390625
v -4124.496582 175.655594 -6751.128906
v -4062.004150 173.020035 -6688.636719
v -3999.511719 197.512772 -6751.128906
v -3999.511719 181.699509 -6688.636719
v -7999.023438 205.756287 -6876.113770
v -7874.038574 203.754852 -6876.113770
v -7811.546387 202.982025 -6813.621582
v -7749.053711 195.729324 -6876.113770
v -7749.053711 216.734421 -6813.621582
v -7686.561523 206.132782 -6813.621582
v -7624.069336 211.859650 -6876.113770
v -7624.069336 186.118500 -6813.621582
v -7592.823242 185.424942 -6782.375488
v -7592.823242 147.655396 -6813.621582
v -7561.576660 184.929535 -6813.621582
v -7592.823242 187.188568 -6844.867676
v -7577.200195 147.595947 -6829.244629
v -7530.330566 145.693604 -6782.375488
v -7499.084473 160.357544 -6813.621582
v -7530.330566 167.134659 -6844.867676
v -7499.084473 162.616577 -6876.113770
v -7561.576660 187.089493 -6876.113770
v -7561.576660 173.475815 -6844.867676
v -7436.592285 141.433136 -6813.621582
v -7374.099609 146.605148 -6876.113770
v -7311.607422 162.755295 -6813.621582
v -7249.115234 147.992279 -6876.113770
v -7311.607422 167.709320 -6876.113770
v -7124.130371 148.527313 -6876.113770
v -6999.145508 157.325668 -6876.113770
v -6874.160645 141.670929 -6876.113770
v -6749.175781 151.143036 -6876.113770
v -6624.191406 139.292999 -6876.113770
v -6499.206543 124.411087 -6876.113770
v -6374.221680 127.997803 -6876.113770
v -6249.237305 123.638260 -6876.113770
v -6186.744629 156.394318 -6813.621582
v -6155.498535 145.218018 -6782.375488
v -6124.252441 114.800262 -6876.113770
v -6124.252441 163.270508 -6813.621582
v -6124.252441 145.019852 -6782.375488
v -6061.759766 155.165710 -6813.621582
v -6093.005859 144.682983 -6782.375488
v -5999.267578 139.887482 -6876.113770
v -5936.775391 165.034149 -6813.621582
v -5874.282715 162.755295 -6876.113770
v -5874.282715 143.870529 -6813.621582
v -5811.790527 140.719757 -6813.621582
v -5843.036621 192.102966 -6782.375488
v -5780.543945 191.092346 -6782.375488
v -5811.790527 191.330139 -6782.375488
v -5749.297852 164.023514 -6876.113770
v -5749.297852 152.589615 -6813.621582
v -5686.805664 144.147949 -6813.621582
v -5624.313477 140.977371 -6876.113770
v -5499.328613 158.138138 -6876.113770
v -5374.343750 147.695038 -6876.113770
v -5249.359375 161.923004 -6876.113770
v -5186.866699 181.838211 -6813.621582
v -5124.374512 150.588181 -6876.113770
v -5124.374512 200.465378 -6813.621582
v -5061.881836 167.748947 -6813.621582
v -5093.127930 199.494385 -6844.867676
v -4999.389648 196.264359 -6876.113770
v -5061.881836 202.328094 -6876.113770
v -4874.404785 176.131180 -6876.113770
v -4749.419922 176.963455 -6876.113770
v -4624.435547 169.393692 -6876.113770
v -4499.450684 199.078247 -6876.113770
v -4374.465820 177.557938 -6876.113770
v -4249.481445 169.968353 -6876.113770
v -4124.496582 168.264175 -6876.113770
v -3999.511719 198.463943 -6876.113770
v -7999.023438 143.335480 -7001.098633
v -7936.531250 142.523026 -6938.606445
v -7874.038574 187.763245 -7001.098633
v -7874.038574 149.082169 -6938.606445
v -7811.546387 203.814301 -6938.606445
v -7749.053711 199.732178 -7001.098633
v -7624.069336 202.486618 -7001.098633
v -7561.576660 210.690491 -6938.606445
v -7499.084473 191.845367 -7001.098633
v -7499.084473 158.613724 -6938.606445
v -7436.592285 166.084396 -6938.606445
v -7467.838379 145.713425 -6969.852539
v -7374.099609 170.285416 -7001.098633
v -7436.592285 140.759384 -7001.098633
v -7311.607422 148.784927 -6938.606445
v -7280.361328 183.205536 -6907.359863
v -7249.115234 152.391449 -7001.098633
v -7249.115234 173.158752 -6938.606445
v -7186.622559 150.092789 -6938.606445
v -7124.130371 155.502594 -7001.098633
v -7061.637695 157.424744 -6938.606445
v -6999.145508 134.814560 -7001.098633
v -7061.637695 148.012085 -7001.098633
v -6874.160645 129.761444 -7001.098633
v -6749.175781 134.715469 -7001.098633
v -6624.191406 120.883820 -7001.098633
v -6499.206543 134.953262 -7001.098633
v -6374.221680 135.527939 -7001.098633
v -6249.237305 121.517929 -7001.098633
v -6124.252441 122.112419 -7001.098633
v -5999.267578 122.845612 -7001.098633
v -5874.282715 130.078491 -7001.098633
v -5749.297852 120.328964 -7001.098633
v -5624.313477 149.002899 -7001.098633
v -5499.328613 151.004333 -7001.098633
v -5374.343750 157.484207 -7001.098633
v -5249.359375 167.966934 -7001.098633
v -5124.374512 152.173477 -7001.098633
v -5061.881836 155.799835 -6938.606445
v -4999.389648 159.109116 -7001.098633
v -4874.404785 207.559555 -7001.098633
v -4749.419922 185.741989 -7001.098633
v -4624.435547 181.521164 -7001.098633
v -4499.450684 203.655777 -7001.098633
v -4374.465820 207.599182 -7001.098633
v -4249.481445 207.480286 -7001.098633
v -4124.496582 176.646393 -7001.098633
v -3999.511719 212.255966 -7001.098633
v -7999.023438 173.931580 -7126.083496
v -7874.038574 168.204727 -7126.083496
v -7749.053711 204.151169 -7126.083496
v -7624.069336 192.340759 -7126.083496
v -7499.084473 192.420029 -7126.083496
v -7436.592285 183.819824 -7063.590820
v -7405.345703 143.335480 -7032.344727
v -7374.099609 208.114395 -7126.083496
v -7374.099609 149.914444 -7063.590820
v -7311.607422 160.060303 -7063.590820
v -7342.853516 150.588181 -7094.837402
v -7249.115234 179.658447 -7126.083496
v -7311.607422 147.021286 -7126.083496
v -7186.622559 142.225784 -7063.590820
v -7124.130371 149.002899 -7126.083496
v -7186.622559 141.016998 -7126.083496
v -7061.637695 141.155716 -7063.590820
v -7030.391602 173.911774 -7032.344727
v -6999.145508 136.082779 -7126.083496
v -6999.145508 171.078064 -7063.590820
v -6936.653320 148.824554 -7063.590820
v -6874.160645 146.268280 -7126.083496
v -6749.175781 162.874191 -7126.083496
v -6624.191406 129.127319 -7126.083496
v -6499.206543 136.934875 -7126.083496
v -6374.221680 112.442146 -7126.083496
v -6311.729492 152.946304 -7063.590820
v -6249.237305 119.774117 -7126.083496
v -6124.252441 127.106079 -7126.083496
v -5999.267578 142.542847 -7126.083496
v -5874.282715 130.197388 -7126.083496
v -5749.297852 127.839279 -7126.083496
v -5624.313477 169.393692 -7126.083496
v -5499.328613 159.386551 -7126.083496
v -5374.343750 129.840698 -7126.083496
v -5249.359375 141.750198 -7126.083496
v -5124.374512 140.323441 -7126.083496
v -4999.389648 143.256226 -7126.083496
v -4874.404785 146.070114 -7126.083496
v -4749.419922 134.101166 -7126.083496
v -4686.927734 202.942398 -7063.590820
v -4624.435547 177.439041 -7126.083496
v -4561.943359 185.543839 -7063.590820
v -4499.450684 180.352005 -7126.083496
v -4499.450684 192.915436 -7063.590820
v -4436.958008 208.015320 -7063.590820
v -4468.204590 160.060303 -7094.837402
v -4374.465820 162.537308 -7126.083496
v -4436.958008 161.348343 -7126.083496
v -4249.481445 166.599625 -7126.083496
v -4124.496582 180.173660 -7126.083496
v -3999.511719 163.151611 -7126.083496
v -7999.023438 178.112793 -7251.067871
v -7874.038574 176.230255 -7251.067871
v -7811.546387 153.580429 -7188.575684
v -7749.053711 171.533829 -7251.067871
v -7749.053711 151.281754 -7188.575684
v -7686.561523 171.117691 -7188.575684
v -7624.069336 139.530792 -7251.067871
v -7624.069336 187.604706 -7188.575684
v -7561.576660 199.751999 -7188.575684
v -7592.823242 133.090546 -7219.821777
v -7499.084473 191.944443 -7251.067871
v -7561.576660 132.416794 -7251.067871
v -7374.099609 189.427795 -7251.067871
v -7311.607422 186.693161 -7188.575684
v -7280.361328 133.823746 -7157.329590
v -7249.115234 194.183670 -7251.067871
v -7249.115234 139.867661 -7188.575684
v -7186.622559 136.181870 -7188.575684
v -7217.868652 164.221680 -7157.329590
v -7155.376465 172.841690 -7157.329590
v -7186.622559 178.310944 -7157.329590
v -7124.130371 206.192230 -7251.067871
v -7124.130371 164.300949 -7188.575684
v -7061.637695 144.920776 -7188.575684
v -6999.145508 145.891769 -7251.067871
v -7061.637695 172.425552 -7251.067871
v -6874.160645 151.618622 -7251.067871
v -6811.668457 122.350212 -7188.575684
v -6749.175781 134.695648 -7251.067871
v -6686.683594 109.727341 -7188.575684
v -6624.191406 159.545074 -7251.067871
v -6686.683594 126.828651 -7251.067871
v -6561.699219 134.101166 -7188.575684
v -6499.206543 118.862572 -7251.067871
v -6499.206543 131.941208 -7188.575684
v -6561.699219 134.537125 -7251.067871
v -6436.713867 130.058685 -7188.575684
v -6467.960449 157.662552 -7219.821777
v -6374.221680 156.235779 -7251.067871
v -6436.713867 153.897476 -7251.067871
v -6311.729492 123.796783 -7188.575684
v -6249.237305 120.269516 -7251.067871
v -6249.237305 130.455002 -7188.575684
v -6186.744629 121.359406 -7188.575684
v -6217.990723 156.850082 -7219.821777
v -6124.252441 157.008606 -7251.067871
v -6186.744629 133.704849 -7251.067871
v -6061.759766 117.079117 -7188.575684
v -5999.267578 146.089920 -7251.067871
v -6061.759766 111.728767 -7251.067871
v -5874.282715 113.611298 -7251.067871
v -5749.297852 134.101166 -7251.067871
v -5686.805664 114.998428 -7188.575684
v -5624.313477 117.356544 -7251.067871
v -5499.328613 139.213730 -7251.067871
v -5374.343750 133.288712 -7251.067871
v -5249.359375 136.558365 -7251.067871
v -5124.374512 164.974701 -7251.067871
v -4999.389648 166.044769 -7251.067871
v -4874.404785 166.183472 -7251.067871
v -4749.419922 141.413315 -7251.067871
v -4624.435547 136.835800 -7251.067871
v -4499.450684 129.484009 -7251.067871
v -4436.958008 165.628632 -7188.575684
v -4374.465820 146.189011 -7251.067871
v -4249.481445 137.410461 -7251.067871
v -4124.496582 148.606583 -7251.067871
v -3999.511719 149.617203 -7251.067871
v -7999.023438 176.943634 -7376.052734
v -7874.038574 164.895432 -7376.052734
v -7749.053711 177.716461 -7376.052734
v -7624.069336 171.177139 -7376.052734
v -7561.576660 138.579620 -7313.560547
v -7499.084473 165.133224 -7376.052734
v -7499.084473 136.796158 -7313.560547
v -7436.592285 137.509552 -7313.560547
v -7374.099609 151.341202 -7376.052734
v -7374.099609 171.157333 -7313.560547
v -7311.607422 192.598373 -7313.560547
v -7342.853516 132.932022 -7344.806641
v -7249.115234 191.330139 -7313.560547
v -7280.361328 152.787781 -7344.806641
v -7249.115234 131.861954 -7376.052734
v -7311.607422 132.872574 -7376.052734
v -7311.607422 126.590858 -7344.806641
v -7186.622559 188.833313 -7313.560547
v -7217.868652 174.902573 -7344.806641
v -7124.130371 185.226776 -7313.560547
v -7155.376465 191.587753 -7344.806641
v -7124.130371 141.314240 -7376.052734
v -7186.622559 126.154907 -7376.052734
v -7186.622559 190.656387 -7344.806641
v -7061.637695 181.184280 -7313.560547
v -7030.391602 201.218384 -7282.314453
v -6999.145508 180.272751 -7376.052734
v -6999.145508 187.188568 -7313.560547
v -6936.653320 200.207764 -7313.560547
v -6874.160645 192.439850 -7376.052734
v -6811.668457 148.963272 -7313.560547
v -6749.175781 161.982452 -7376.052734
v -6749.175781 150.528732 -7313.560547
v -6686.683594 125.362259 -7313.560547
v -6717.929688 134.319153 -7282.314453
v -6655.437500 145.971024 -7282.314453
v -6686.683594 159.406357 -7282.314453
v -6624.191406 147.536499 -7376.052734
v -6624.191406 155.145889 -7313.560547
v -6686.683594 114.978615 -7376.052734
v -6561.699219 161.903198 -7313.560547
v -6592.945313 124.747963 -7282.314453
v -6499.206543 159.763062 -7376.052734
v -6436.713867 190.715836 -7313.560547
v -6374.221680 169.116272 -7376.052734
v -6311.729492 187.466003 -7313.560547
v -6249.237305 160.555695 -7376.052734
v -6249.237305 179.143219 -7313.560547
v -6186.744629 176.468048 -7313.560547
v -6155.498535 117.138565 -7282.314453
v -6124.252441 121.636826 -7313.560547
v -6155.498535 160.119751 -7344.806641
v -6124.252441 157.920151 -7376.052734
v -6124.252441 114.185966 -7344.806641
v -6186.744629 172.960587 -7376.052734
v -6061.759766 131.584518 -7313.560547
v -6093.005859 156.255600 -7344.806641
v -6108.629395 117.594337 -7360.429688
v -5999.267578 131.901581 -7376.052734
v -6061.759766 157.048248 -7376.052734
v -6093.005859 121.894440 -7376.052734
v -5874.282715 147.358154 -7376.052734
v -5749.297852 125.600052 -7376.052734
v -5624.313477 137.569000 -7376.052734
v -5499.328613 140.164902 -7376.052734
v -5374.343750 135.805359 -7376.052734
v -5249.359375 121.854805 -7376.052734
v -5124.374512 142.087067 -7376.052734
v -4999.389648 132.694229 -7376.052734
v -4936.897461 132.040298 -7313.560547
v -4874.404785 149.894623 -7376.052734
v -4874.404785 122.330391 -7313.560547
v -4811.912598 129.721802 -7313.560547
v -4749.419922 124.985756 -7376.052734
v -4811.912598 143.811066 -7376.052734
v -4686.927734 167.729141 -7313.560547
v -4624.435547 121.597198 -7376.052734
v -4624.435547 166.242920 -7313.560547
v -4561.943359 122.588005 -7313.560547
v -4593.189453 166.758148 -7344.806641
v -4499.450684 144.782059 -7376.052734
v -4561.943359 166.024948 -7376.052734
v -4374.465820 131.842133 -7376.052734
v -4249.481445 123.796783 -7376.052734
v -4124.496582 129.939789 -7376.052734
v -3999.511719 141.611481 -7376.052734
v -7999.023438 182.571411 -7501.037598
v -7874.038574 190.636581 -7501.037598
v -7749.053711 185.286224 -7501.037598
v -7624.069336 172.702988 -7501.037598
v -7499.084473 156.315048 -7501.037598
v -7374.099609 166.223114 -7501.037598
v -7311.607422 161.605957 -7438.545410
v -7249.115234 171.137512 -7501.037598
v -7186.622559 150.370209 -7438.545410
v -7124.130371 135.329773 -7501.037598
v -7061.637695 132.020477 -7438.545410
v -6999.145508 181.223923 -7501.037598
v -7061.637695 122.330391 -7501.037598
v -6874.160645 171.474380 -7501.037598
v -6749.175781 168.323624 -7501.037598
v -6686.683594 159.485626 -7438.545410
v -6624.191406 191.468857 -7501.037598
v -6499.206543 171.335678 -7501.037598
v -6374.221680 167.451706 -7501.037598
v -6311.729492 166.302368 -7438.545410
v -6249.237305 173.376740 -7501.037598
v -6311.729492 170.761002 -7501.037598
v -6186.744629 167.075211 -7438.545410
v -6124.252441 169.869278 -7501.037598
v -6124.252441 175.239441 -7438.545410
v -6186.744629 171.078064 -7501.037598
v -6061.759766 134.854187 -7438.545410
v -6093.005859 158.831696 -7407.298828
v -5999.267578 159.346909 -7501.037598
v -5874.282715 157.583282 -7501.037598
v -5811.790527 135.805359 -7438.545410
v -5749.297852 134.715469 -7501.037598
v -5811.790527 131.406174 -7501.037598
v -5686.805664 139.451523 -7438.545410
v -5624.313477 135.785538 -7501.037598
v -5686.805664 137.469910 -7501.037598
v -5561.821289 126.868286 -7438.545410
v -5499.328613 165.529541 -7501.037598
v -5561.821289 162.755295 -7501.037598
v -5436.835938 131.326920 -7438.545410
v -5374.343750 168.224533 -7501.037598
v -5436.835938 166.460907 -7501.037598
v -5311.851563 136.697083 -7438.545410
v -5249.359375 153.540787 -7501.037598
v -5311.851563 125.540604 -7501.037598
v -5124.374512 164.538742 -7501.037598
v -5061.881836 153.540787 -7438.545410
v -4999.389648 129.266037 -7501.037598
v -4999.389648 168.660492 -7438.545410
v -4936.897461 153.540787 -7438.545410
v -4874.404785 147.714844 -7438.545410
v -4905.651367 125.877480 -7469.791504
v -4874.404785 173.594711 -7501.037598
v -4936.897461 149.042526 -7501.037598
v -4811.912598 132.218643 -7438.545410
v -4843.158691 164.915253 -7407.298828
v -4780.666016 138.678696 -7407.298828
v -4811.912598 169.750381 -7407.298828
v -4796.289551 168.561417 -7422.922363
v -4780.666016 161.031281 -7469.791504
v -4749.419922 164.578369 -7438.545410
v -4780.666016 169.215347 -7438.545410
v -4749.419922 171.831070 -7501.037598
v -4811.912598 181.065384 -7501.037598
v -4686.927734 144.187576 -7438.545410
v -4624.435547 172.207581 -7501.037598
v -4686.927734 136.796158 -7501.037598
v -4561.943359 125.461342 -7438.545410
v -4499.450684 125.401894 -7501.037598
v -4561.943359 145.574707 -7501.037598
v -4374.465820 140.799026 -7501.037598
v -4249.481445 155.165710 -7501.037598
v -4186.988770 170.027802 -7438.545410
v -4124.496582 138.341827 -7501.037598
v -4124.496582 171.276230 -7438.545410
v -4062.004150 150.746719 -7438.545410
v -3999.511719 148.269699 -7501.037598
v -7999.023438 149.201065 -7626.022461
v -7874.038574 173.099304 -7626.022461
v -7749.053711 165.371017 -7626.022461
v -7624.069336 167.729141 -7626.022461
v -7499.084473 182.789398 -7626.022461
v -7436.592285 136.954697 -7563.529785
v -7374.099609 177.260696 -7626.022461
v -7311.607422 141.135895 -7563.529785
v -7249.115234 167.491348 -7626.022461
v -7124.130371 152.629242 -7626.022461
v -7061.637695 123.856232 -7563.529785
v -6999.145508 175.655594 -7626.022461
v -7061.637695 123.380646 -7626.022461
v -6874.160645 174.843124 -7626.022461
v -6749.175781 177.993896 -7626.022461
v -6624.191406 175.794296 -7626.022461
v -6499.206543 166.540176 -7626.022461
v -6374.221680 115.295670 -7626.022461
v -6311.729492 120.943268 -7563.529785
v -6280.483398 159.782867 -7532.283691
v -6280.483398 106.636024 -7594.776367
v -6249.237305 131.822311 -7563.529785
v -6280.483398 106.536942 -7563.529785
v -6249.237305 113.214973 -7626.022461
v -6249.237305 137.806793 -7532.283691
v -6264.860352 110.718147 -7547.906738
v -6311.729492 113.650932 -7626.022461
v -6186.744629 174.347717 -7563.529785
v -6217.990723 169.037003 -7532.283691
v -6124.252441 175.041290 -7626.022461
v -6186.744629 110.995567 -7626.022461
v -5999.267578 169.849457 -7626.022461
v -5936.775391 180.213303 -7563.529785
v -5874.282715 169.611664 -7626.022461
v -5874.282715 188.159561 -7563.529785
v -5811.790527 166.044769 -7563.529785
v -5843.036621 127.997803 -7532.283691
v -5780.543945 155.462952 -7532.283691
v -5749.297852 192.023712 -7626.022461
v -5749.297852 123.142853 -7563.529785
v -5749.297852 162.101364 -7532.283691
v -5686.805664 122.013336 -7563.529785
v -5718.051758 162.993088 -7532.283691
v -5655.559570 162.993088 -7532.283691
v -5624.313477 181.897659 -7626.022461
v -5624.313477 161.665405 -7563.529785
v -5561.821289 177.419220 -7563.529785
v -5593.067383 138.440903 -7532.283691
v -5530.574707 160.298096 -7532.283691
v -5561.821289 134.913635 -7532.283691
v -5499.328613 181.303177 -7626.022461
v -5499.328613 193.886429 -7563.529785
v -5436.835938 167.768768 -7563.529785
v -5468.082520 160.753860 -7532.283691
v -5405.589844 153.639877 -7532.283691
v -5436.835938 130.098312 -7532.283691
v -5421.212891 127.006996 -7547.906738
v -5405.589844 178.489288 -7594.776367
v -5374.343750 136.776352 -7563.529785
v -5405.589844 126.551231 -7563.529785
v -5374.343750 196.799393 -7626.022461
v -5436.835938 182.947922 -7626.022461
v -5311.851563 162.775101 -7563.529785
v -5249.359375 165.390839 -7626.022461
v -5186.866699 161.625763 -7563.529785
v -5124.374512 125.243362 -7563.529785
v -5155.620605 125.996376 -7594.776367
v -5124.374512 169.908905 -7626.022461
v -5186.866699 145.376541 -7626.022461
v -5061.881836 139.530792 -7563.529785
v -4999.389648 204.032272 -7626.022461
v -4936.897461 201.436371 -7563.529785
v -4874.404785 195.154648 -7626.022461
v -4811.912598 177.974075 -7563.529785
v -4749.419922 186.594086 -7626.022461
v -4686.927734 204.210617 -7563.529785
v -4624.435547 197.354248 -7626.022461
v -4624.435547 162.874191 -7563.529785
v -4593.189453 156.235779 -7532.283691
v -4593.189453 126.214355 -7563.529785
v -4561.943359 165.450287 -7563.529785
v -4593.189453 170.483582 -7594.776367
v -4577.566406 127.779831 -7579.152832
v -4499.450684 136.479111 -7563.529785
v -4530.696777 158.871323 -7594.776367
v -4499.450684 141.116074 -7626.022461
v -4499.450684 171.870712 -7594.776367
v -4561.943359 168.937927 -7626.022461
v -4561.943359 129.721802 -7594.776367
v -4530.696777 146.089920 -7626.022461
v -4546.320313 126.154907 -7610.399414
v -4436.958008 137.608627 -7563.529785
v -4468.204590 145.713425 -7594.776367
v -4374.465820 170.206146 -7626.022461
v -4436.958008 169.096451 -7626.022461
v -4311.973633 125.936928 -7563.529785
v -4249.481445 142.582474 -7626.022461
v -4186.988770 123.202301 -7563.529785
v -4124.496582 141.215164 -7626.022461
v -4186.988770 134.200256 -7626.022461
v -3999.511719 133.268890 -7626.022461
v -7999.023438 153.144470 -7751.006836
v -7874.038574 157.444565 -7751.006836
v -7749.053711 155.621490 -7751.006836
v -7624.069336 150.825989 -7751.006836
v -7499.084473 140.858475 -7751.006836
v -7374.099609 157.781448 -7751.006836
v -7249.115234 160.991653 -7751.006836
v -7124.130371 148.725479 -7751.006836
v -7061.637695 123.023956 -7688.514648
v -6999.145508 120.764923 -7751.006836
v -6999.145508 116.583717 -7688.514648
v -6936.653320 179.143219 -7688.514648
v -6967.899414 116.326111 -7719.760742
v -6874.160645 112.343063 -7751.006836
v -6874.160645 176.943634 -7688.514648
v -6936.653320 115.771255 -7751.006836
v -6811.668457 175.675400 -7688.514648
v -6842.914551 169.730560 -7719.760742
v -6749.175781 172.108505 -7688.514648
v -6780.422363 171.890518 -7719.760742
v -6749.175781 167.729141 -7751.006836
v -6811.668457 111.689133 -7751.006836
v -6811.668457 177.280502 -7719.760742
v -6686.683594 167.927292 -7688.514648
v -6624.191406 173.039856 -7751.006836
v -6499.206543 173.693787 -7751.006836
v -6374.221680 113.631111 -7751.006836
v -6311.729492 114.126518 -7688.514648
v -6249.237305 114.899345 -7751.006836
v -6186.744629 114.166153 -7688.514648
v -6124.252441 127.720383 -7751.006836
v -6124.252441 114.463394 -7688.514648
v -6061.759766 116.028862 -7688.514648
v -5999.267578 117.970848 -7751.006836
v -5936.775391 176.408600 -7688.514648
v -5874.282715 172.108505 -7688.514648
v -5905.529297 173.634338 -7719.760742
v -5874.282715 115.691994 -7751.006836
v -5874.282715 179.361206 -7719.760742
v -5936.775391 119.080551 -7751.006836
v -5811.790527 174.902573 -7688.514648
v -5843.036621 179.400833 -7719.760742
v -5749.297852 175.140366 -7688.514648
v -5780.543945 179.698074 -7719.760742
v -5749.297852 119.833565 -7751.006836
v -5749.297852 181.778763 -7719.760742
v -5811.790527 175.794296 -7751.006836
v -5686.805664 180.173660 -7688.514648
v -5718.051758 176.269882 -7719.760742
v -5624.313477 179.539551 -7688.514648
v -5655.559570 117.653786 -7719.760742
v -5624.313477 125.362259 -7751.006836
v -5686.805664 123.400467 -7751.006836
v -5561.821289 185.563644 -7688.514648
v -5593.067383 125.203735 -7719.760742
v -5499.328613 186.653534 -7688.514648
v -5530.574707 124.728142 -7719.760742
v -5499.328613 129.305664 -7751.006836
v -5499.328613 124.351639 -7719.760742
v -5561.821289 153.362442 -7751.006836
v -5561.821289 124.747963 -7719.760742
v -5436.835938 181.283371 -7688.514648
v -5468.082520 177.696640 -7719.760742
v -5374.343750 182.333618 -7751.006836
v -5436.835938 184.513397 -7751.006836
v -5249.359375 182.274170 -7751.006836
v -5186.866699 174.149567 -7688.514648
v -5124.374512 185.543839 -7751.006836
v -4999.389648 180.134033 -7751.006836
v -4874.404785 188.853119 -7751.006836
v -4749.419922 183.879272 -7751.006836
v -4624.435547 180.847412 -7751.006836
v -4561.943359 188.040665 -7688.514648
v -4530.696777 186.296844 -7657.268555
v -4499.450684 200.940964 -7751.006836
v -4499.450684 172.980408 -7688.514648
v -4436.958008 125.976563 -7688.514648
v -4374.465820 183.463135 -7751.006836
v -4374.465820 136.380020 -7688.514648
v -4311.973633 132.218643 -7688.514648
v -4249.481445 202.268646 -7751.006836
v -4249.481445 164.102783 -7688.514648
v -4186.988770 140.006378 -7688.514648
v -4218.235352 172.306656 -7657.268555
v -4155.742676 170.047623 -7657.268555
v -4186.988770 172.385925 -7657.268555
v -4124.496582 202.129929 -7751.006836
v -4124.496582 155.680939 -7688.514648
v -4062.004150 166.223114 -7688.514648
v -3999.511719 128.849899 -7751.006836
v -3999.511719 170.483582 -7688.514648
v -7999.023438 164.261307 -7875.991699
v -7874.038574 183.443329 -7875.991699
v -7749.053711 139.907303 -7875.991699
v -7624.069336 149.359589 -7875.991699
v -7499.084473 150.489105 -7875.991699
v -7374.099609 140.085648 -7875.991699
v -7249.115234 160.159378 -7875.991699
v -7124.130371 120.725288 -7875.991699
v -7061.637695 118.327538 -7813.499512
v -6999.145508 175.279083 -7875.991699
v -6999.145508 114.998428 -7813.499512
v -7061.637695 111.035202 -7875.991699
v -6936.653320 126.689941 -7813.499512
v -6874.160645 144.980225 -7875.991699
v -6811.668457 111.372078 -7813.499512
v -6749.175781 138.718323 -7875.991699
v -6749.175781 110.797409 -7813.499512
v -6811.668457 111.272995 -7875.991699
v -6686.683594 110.361458 -7813.499512
v -6624.191406 111.431526 -7875.991699
v -6561.699219 173.555084 -7813.499512
v -6499.206543 111.689133 -7875.991699
v -6499.206543 108.954506 -7813.499512
v -6436.713867 107.924072 -7813.499512
v -6374.221680 173.198380 -7875.991699
v -6436.713867 109.013954 -7875.991699
v -6249.237305 163.191238 -7875.991699
v -6124.252441 126.333252 -7875.991699
v -5999.267578 147.853561 -7875.991699
v -5936.775391 138.302185 -7813.499512
v -5874.282715 149.478485 -7875.991699
v -5874.282715 128.057251 -7813.499512
v -5811.790527 135.111801 -7813.499512
v -5843.036621 119.952461 -7782.253418
v -5780.543945 122.290764 -7782.253418
v -5811.790527 121.517929 -7782.253418
v -5749.297852 154.650497 -7875.991699
v -5749.297852 125.124466 -7813.499512
v -5686.805664 147.635590 -7813.499512
v -5624.313477 158.831696 -7875.991699
v -5561.821289 168.204727 -7813.499512
v -5499.328613 162.418411 -7875.991699
v -5499.328613 165.886230 -7813.499512
v -5436.835938 140.125275 -7813.499512
v -5468.082520 128.275238 -7782.253418
v -5405.589844 184.592651 -7782.253418
v -5436.835938 128.592285 -7782.253418
v -5374.343750 177.359772 -7875.991699
v -5374.343750 140.957550 -7813.499512
v -5311.851563 191.052719 -7813.499512
v -5343.097656 131.525070 -7844.745605
v -5249.359375 185.365494 -7813.499512
v -5280.605469 152.351822 -7844.745605
v -5249.359375 153.758774 -7875.991699
v -5249.359375 130.970230 -7844.745605
v -5311.851563 140.759384 -7875.991699
v -5186.866699 143.553467 -7813.499512
v -5218.113281 132.496063 -7844.745605
v -5124.374512 141.472763 -7875.991699
v -5124.374512 160.734039 -7813.499512
v -5186.866699 156.136703 -7875.991699
v -5061.881836 190.616760 -7813.499512
v -5093.127930 146.585327 -7844.745605
v -4999.389648 185.306046 -7813.499512
v -5030.635742 191.429214 -7844.745605
v -4999.389648 192.320953 -7875.991699
v -5061.881836 129.424561 -7875.991699
v -5061.881836 193.569366 -7844.745605
v -4936.897461 181.679688 -7813.499512
v -4874.404785 186.336472 -7875.991699
v -4936.897461 188.912567 -7875.991699
v -4749.419922 192.538925 -7875.991699
v -4624.435547 185.444748 -7875.991699
v -4499.450684 189.308899 -7875.991699
v -4374.465820 180.708694 -7875.991699
v -4249.481445 202.625336 -7875.991699
v -4124.496582 189.051285 -7875.991699
v -4062.004150 199.870895 -7813.499512
v -3999.511719 203.259445 -7875.991699
v -3999.511719 172.881332 -7813.499512
v -7936.531250 210.175278 -7937.507813
v -7999.023438 207.143402 -7937.507813
v -7999.023438 204.706024 -7999.023438
v -7967.777344 208.238251 -7968.265625
v -7874.038574 195.115021 -7937.507813
v -7905.284668 188.427078 -7968.265625
v -7874.038574 187.426361 -7999.023438
v -7936.531250 208.035141 -7999.023438
v -7936.531250 177.518295 -7968.265625
v -7811.546387 208.183762 -7937.507813
v -7749.053711 183.522583 -7999.023438
v -7749.053711 181.025757 -7937.507813
v -7686.561523 141.948364 -7937.507813
v -7717.807617 200.490143 -7968.265625
v -7624.069336 145.039673 -7999.023438
v -7686.561523 177.518295 -7999.023438
v -7499.084473 144.207397 -7999.023438
v -7374.099609 155.562042 -7999.023438
v -7249.115234 153.877670 -7999.023438
v -7124.130371 145.495438 -7999.023438
v -7061.637695 117.138565 -7937.507813
v -7030.391602 111.753540 -7906.750000
v -6999.145508 114.701187 -7999.023438
v -6999.145508 111.570236 -7937.507813
v -6936.653320 139.778503 -7937.507813
v -6874.160645 122.687080 -7999.023438
v -6874.160645 152.044678 -7937.507813
v -6842.914551 152.500443 -7906.750000
v -6842.914551 134.616394 -7937.507813
v -6811.668457 154.065918 -7937.507813
v -6827.291504 119.788979 -7922.128906
v -6842.914551 111.892250 -7968.265625
v -6780.422363 173.460953 -7906.750000
v -6811.668457 139.248413 -7906.750000
v -6749.175781 128.612106 -7999.023438
v -6749.175781 173.743332 -7937.507813
v -6811.668457 112.402512 -7999.023438
v -6686.683594 172.673248 -7937.507813
v -6624.191406 106.398232 -7937.507813
v -6655.437500 107.626831 -7968.265625
v -6624.191406 110.123657 -7999.023438
v -6686.683594 105.783928 -7999.023438
v -6561.699219 107.815079 -7937.507813
v -6499.206543 106.418045 -7999.023438
v -6436.713867 110.173203 -7937.507813
v -6374.221680 114.919167 -7999.023438
v -6374.221680 108.449203 -7937.507813
v -6311.729492 145.980927 -7937.507813
v -6249.237305 116.504456 -7999.023438
v -6124.252441 144.583908 -7999.023438
v -5999.267578 160.952026 -7999.023438
v -5874.282715 159.465805 -7999.023438
v -5749.297852 163.012894 -7999.023438
v -5624.313477 173.436188 -7999.023438
v -5499.328613 182.234543 -7999.023438
v -5374.343750 176.943634 -7999.023438
v -5311.851563 171.068146 -7937.507813
v -5249.359375 140.561234 -7999.023438
v -5186.866699 175.744751 -7937.507813
v -5124.374512 176.428421 -7999.023438
v -5061.881836 175.536682 -7937.507813
v -5030.635742 133.576050 -7906.750000
v -4999.389648 176.547318 -7999.023438
v -4999.389648 149.428955 -7937.507813
v -4999.389648 153.288147 -7906.750000
v -4968.143555 137.519455 -7937.507813
v -4968.143555 191.325195 -7906.750000
v -4983.766602 133.637970 -7922.128906
v -4936.897461 134.665924 -7937.507813
v -4968.143555 168.511871 -7968.265625
v -4874.404785 163.805542 -7999.023438
v -4874.404785 136.241302 -7937.507813
v -4936.897461 178.112793 -7999.023438
v -4811.912598 138.510254 -7937.507813
v -4749.419922 133.447235 -7999.023438
v -4749.419922 128.830078 -7937.507813
v -4686.927734 192.657822 -7937.507813
v -4718.173828 127.125900 -7968.265625
v -4624.435547 139.372269 -7999.023438
v -4686.927734 133.803925 -7999.023438
v -4499.450684 184.771011 -7999.023438
v -4374.465820 177.458847 -7999.023438
v -4249.481445 184.988983 -7999.023438
v -4124.496582 187.703796 -7999.023438
v -3999.511719 186.495010 -7999.023438
vn -0.059 0.997 0.048
vn 0.023 1.000 -0.009
vn 0.039 0.997 -0.061
vn -0.130 0.987 0.098
vn -0.120 0.965 0.234
vn -0.033 0.993 0.112
vn -0.178 0.960 0.216
vn -0.356 0.929 0.102
vn 0.171 0.941 0.292
vn 0.027 0.965 0.262
vn -0.008 0.998 -0.061
vn 0.217 0.963 0.161
vn 0.002 0.995 -0.100
vn 0.122 0.990 0.067
vn 0.024 0.999 -0.030
vn 0.015 0.995 -0.102
vn 0.048 0.991 -0.128
vn -0.016 0.991 -0.131
vn 0.142 0.983 -0.120
vn -0.098 0.995 0.017
vn -0.070 0.996 0.047
vn 0.056 0.998 -0.037
vn -0.051 0.997 -0.054
vn -0.043 0.996 0.077
vn 0.086 0.994 0.074
vn 0.197 0.971 0.136
vn -0.103 0.995 -0.014
vn 0.080 0.994 -0.076
vn 0.163 0.981 -0.100
vn -0.254 0.966 -0.044
vn 0.187 0.981 0.050
vn -0.072 0.979 -0.192
vn -0.046 0.988 0.149
vn -0.153 0.980 -0.125
vn -0.321 0.894 -0.311
vn -0.097 0.993 -0.065
vn 0.134 0.991 0.001
vn -0.074 0.990 -0.121
vn 0.197 0.979 0.058
vn 0.017 0.999 0.043
vn 0.102 0.994 -0.041
vn -0.120 0.990 0.073
vn -0.263 0.950 0.168
vn -0.031 0.985 0.171
vn -0.089 0.939 0.332
vn -0.411 0.846 0.339
vn -0.150 0.986 0.072
vn -0.017 1.000 0.022
vn 0.234 0.937 -0.258
vn -0.150 0.977 0.151
vn -0.066 0.996 0.065
vn 0.097 0.841 0.532
vn -0.381 0.768 0.514
vn 0.089 0.991 -0.097
vn 0.150 0.980 -0.128
vn -0.263 0.903 0.338
vn 0.325 0.933 -0.155
vn 0.248 0.968 0.028
vn 0.091 0.993 0.071
vn 0.049 0.962 -0.270
vn -0.311 0.858 -0.408
vn -0.022 0.999 -0.040
vn -0.144 0.940 0.308
vn -0.565 0.825 -0.007
vn 0.061 0.941 0.331
vn 0.066 0.997 -0.035
vn -0.342 0.929 -0.144
vn 0.142 0.985 -0.101
vn 0.049 0.983 -0.174
vn 0.119 0.974 -0.191
vn 0.062 0.986 -0.154
vn 0.051 0.986 -0.156
vn -0.159 0.975 -0.153
vn -0.016 0.998 -0.065
vn -0.013 0.996 -0.090
vn -0.074 0.996 -0.047
vn -0.003 0.994 -0.105
vn -0.013 0.996 -0.090
vn -0.110 0.994 -0.008
vn 0.009 0.996 -0.089
vn -0.030 0.993 -0.114
vn 0.045 0.996 0.076
vn 0.149 0.984 0.094
vn 0.099 0.990 0.101
vn -0.158 0.985 -0.072
vn 0.249 0.953 0.172
vn 0.113 0.992 -0.049
vn 0.164 0.984 -0.062
vn -0.109 0.994 -0.015
vn -0.173 0.983 -0.060
vn -0.098 0.980 -0.176
vn 0.017 0.995 -0.095
vn -0.043 0.999 -0.020
vn -0.097 0.994 -0.059
vn 0.180 0.984 0.016
vn -0.067 0.997 -0.022
vn -0.397 0.881 -0.257
vn -0.159 0.986 -0.045
vn -0.095 0.990 -0.105
vn -0.534 0.840 0.099
vn 0.045 0.894 0.446
vn 0.149 0.960 0.235
vn -0.056 0.997 -0.057
vn 0.187 0.882 0.433
vn 0.167 0.982 -0.089
vn 0.012 1.000 0.011
vn -0.157 0.987 0.025
vn -0.316 0.949 0.015
vn 0.003 0.998 -0.056
vn 0.123 0.990 0.070
vn 0.049 0.972 -0.229
vn -0.036 0.993 0.108
vn 0.062 0.998 -0.014
vn 0.080 0.991 -0.112
vn 0.018 0.995 -0.095
vn -0.109 0.994 0.014
vn -0.024 0.971 0.238
vn 0.182 0.975 -0.125
vn 0.137 0.988 -0.074
vn 0.205 0.962 -0.183
vn -0.015 1.000 0.027
vn 0.000 0.988 0.155
vn 0.103 0.992 0.074
vn -0.038 0.998 -0.045
vn -0.041 0.994 -0.103
vn -0.091 0.994 0.051
vn -0.111 0.992 -0.057
vn -0.136 0.982 -0.134
vn -0.025 0.996 -0.085
vn 0.256 0.960 0.112
vn 0.115 0.988 -0.105
vn -0.020 0.997 0.076
vn 0.050 0.997 0.057
vn -0.044 0.998 -0.045
vn 0.012 0.997 -0.077
vn 0.006 0.999 -0.036
vn -0.106 0.985 -0.137
vn 0.386 0.890 0.242
vn 0.113 0.980 0.164
vn 0.129 0.988 0.088
vn 0.121 0.987 0.105
vn -0.022 0.997 -0.074
vn 0.181 0.984 -0.002
vn 0.060 0.997 0.047
vn -0.003 0.999 0.052
vn -0.022 0.998 -0.064
vn -0.041 0.988 0.147
vn -0.040 0.988 -0.146
vn -0.111 0.982 -0.152
vn -0.053 0.999 0.013
vn 0.018 0.998 0.063
vn 0.026 0.997 -0.072
vn -0.059 0.998 0.008
vn -0.301 0.916 -0.267
vn -0.305 0.941 -0.147
vn -0.277 0.959 0.054
vn -0.103 0.976 -0.190
vn -0.076 0.976 -0.202
vn -0.032 0.999 -0.044
vn -0.252 0.963 -0.093
vn 0.011 0.999 0.032
vn -0.029 0.999 0.039
vn -0.065 0.997 -0.044
vn -0.454 0.887 0.086
vn -0.186 0.982 0.003
vn 0.243 0.967 -0.072
vn -0.089 0.996 0.005
vn 0.048 0.999 -0.025
vn 0.015 0.998 -0.053
vn -0.024 0.996 0.084
vn 0.051 0.994 -0.094
vn 0.214 0.967 -0.135
vn 0.009 1.000 0.003
vn -0.116 0.993 0.027
vn 0.079 0.995 -0.058
vn 0.135 0.990 -0.050
vn 0.050 0.999 -0.009
vn -0.141 0.990 0.008
vn -0.064 0.995 -0.071
vn -0.110 0.994 -0.014
vn -0.103 0.988 0.115
vn 0.037 0.999 0.007
vn 0.016 0.999 -0.051
vn -0.107 0.994 0.028
vn -0.027 0.982 0.188
vn -0.039 0.990 0.137
vn -0.054 0.988 0.141
vn 0.103 0.991 0.080
vn 0.230 0.973 0.019
vn 0.048 0.994 0.100
vn 0.038 0.999 0.027
vn -0.066 0.998 0.019
vn -0.036 0.999 0.010
vn 0.034 0.998 -0.047
vn -0.050 0.999 0.010
vn -0.043 0.997 0.066
vn -0.114 0.970 -0.213
vn -0.090 0.964 -0.251
vn -0.187 0.981 -0.059
vn -0.362 0.819 -0.444
vn 0.242 0.966 -0.089
vn -0.072 0.997 0.003
vn 0.022 1.000 0.013
vn -0.237 0.955 0.180
vn -0.196 0.974 0.110
vn 0.043 0.999 0.027
vn 0.146 0.989 -0.033
vn 0.081 0.997 0.018
vn 0.116 0.992 0.046
vn -0.184 0.983 0.028
vn -0.148 0.963 0.227
vn 0.045 0.991 -0.122
vn -0.120 0.977 0.177
vn 0.107 0.994 -0.007
vn 0.195 0.972 -0.130
vn 0.100 0.991 -0.085
vn -0.010 1.000 0.008
vn 0.005 0.995 -0.097
vn 0.051 0.992 -0.115
vn 0.013 1.000 0.018
vn 0.041 0.999 0.023
vn -0.036 0.999 -0.032
vn -0.072 0.992 -0.103
vn -0.149 0.989 -0.019
vn 0.064 0.997 -0.050
vn -0.067 0.996 0.067
vn -0.125 0.988 0.090
vn 0.156 0.969 0.192
vn 0.003 1.000 -0.012
vn -0.329 0.916 -0.229
vn 0.133 0.981 -0.142
vn -0.232 0.973 -0.021
vn -0.182 0.983 0.034
vn 0.011 1.000 -0.014
vn 0.198 0.971 -0.134
vn 0.046 0.999 0.027
vn 0.066 0.989 0.130
vn 0.090 0.994 0.055
vn -0.042 0.999 0.008
vn 0.020 0.999 -0.030
vn 0.013 0.999 -0.045
vn -0.119 0.993 -0.018
vn 0.019 0.999 -0.044
vn -0.017 0.992 -0.127
vn -0.063 0.996 0.061
vn -0.135 0.973 0.187
vn -0.224 0.945 0.238
vn 0.049 0.993 -0.110
vn 0.067 0.989 -0.128
vn 0.069 0.993 -0.099
vn 0.346 0.934 0.085
vn -0.241 0.963 -0.118
vn 0.040 0.997 -0.069
vn -0.446 0.874 -0.194
vn -0.167 0.950 0.265
vn -0.027 0.980 -0.198
vn 0.226 0.952 -0.205
vn 0.092 0.980 -0.175
vn 0.059 0.998 0.021
vn 0.213 0.975 -0.068
vn -0.044 0.998 0.052
vn -0.016 1.000 -0.010
vn 0.122 0.990 0.065
vn -0.031 1.000 0.006
vn 0.023 1.000 0.011
vn 0.032 0.999 0.013
vn 0.034 0.999 -0.002
vn -0.125 0.992 -0.004
vn -0.073 0.991 -0.111
vn -0.063 0.993 -0.096
vn -0.027 0.994 -0.106
vn -0.062 0.995 -0.076
vn -0.073 0.984 0.163
vn -0.092 0.996 0.013
vn 0.117 0.992 -0.050
vn 0.118 0.993 0.024
vn -0.145 0.989 0.031
vn 0.170 0.983 -0.068
vn 0.091 0.994 -0.055
vn -0.025 1.000 -0.017
vn 0.053 0.998 -0.029
vn -0.003 1.000 0.003
vn -0.083 0.996 -0.030
vn 0.038 0.995 -0.088
vn 0.034 0.999 0.027
vn -0.194 0.972 0.134
vn -0.294 0.947 0.129
vn -0.366 0.849 0.382
vn 0.063 0.992 0.106
vn -0.022 1.000 0.014
vn 0.214 0.967 -0.136
vn -0.083 0.994 0.072
vn 0.072 0.995 -0.065
vn -0.022 0.999 0.042
vn 0.101 0.995 0.024
vn 0.044 0.984 0.173
vn -0.033 0.964 0.264
vn -0.055 0.911 0.410
vn -0.025 0.973 0.230
vn 0.159 0.957 0.244
vn -0.028 0.989 0.147
vn 0.048 0.997 0.053
vn 0.014 0.953 -0.302
vn 0.000 0.997 0.078
vn 0.182 0.979 0.092
vn -0.119 0.981 0.153
vn 0.228 0.974 0.010
vn 0.135 0.990 0.041
vn 0.018 0.999 0.040
vn 0.025 0.999 -0.021
vn -0.201 0.966 0.165
vn -0.120 0.980 -0.160
vn 0.025 0.979 -0.204
vn -0.175 0.976 0.132
vn 0.217 0.974 0.062
vn 0.152 0.973 0.172
vn 0.264 0.940 0.215
vn -0.023 0.845 0.535
vn -0.054 0.977 0.206
vn 0.052 0.995 0.083
vn 0.048 0.994 0.102
vn 0.015 0.999 0.044
vn 0.003 0.991 0.135
vn 0.066 0.992 0.111
vn -0.007 1.000 0.008
vn 0.004 0.996 -0.091
vn -0.317 0.947 0.050
vn -0.045 0.996 -0.078
vn -0.230 0.973 0.030
vn -0.010 0.999 -0.034
vn -0.103 0.993 0.055
vn 0.063 0.996 -0.068
vn 0.084 0.980 0.179
vn -0.233 0.973 -0.001
vn 0.479 0.874 0.079
vn 0.053 0.998 0.034
vn -0.098 0.995 0.019
vn 0.071 0.997 0.021
vn 0.016 0.986 0.169
vn 0.031 0.959 0.283
vn 0.011 0.996 -0.088
vn 0.341 0.931 0.132
vn 0.241 0.965 -0.107
vn -0.034 0.999 -0.023
vn -0.024 1.000 0.017
vn 0.009 1.000 0.030
vn 0.015 1.000 0.013
vn 0.008 0.998 -0.066
vn -0.042 0.999 -0.022
vn -0.068 0.995 0.071
vn -0.209 0.975 0.070
vn -0.345 0.930 0.127
vn 0.001 1.000 0.023
vn 0.224 0.974 0.034
vn -0.026 0.994 0.109
vn 0.123 0.987 -0.101
vn 0.084 0.993 -0.088
vn -0.057 0.972 -0.230
vn -0.262 0.964 -0.042
vn -0.439 0.836 -0.328
vn 0.203 0.976 -0.078
vn -0.556 0.789 -0.261
vn -0.222 0.956 -0.193
vn 0.161 0.987 0.021
vn -0.048 0.992 -0.115
vn -0.044 0.998 0.042
vn 0.213 0.977 0.000
vn 0.142 0.990 0.006
vn -0.094 0.995 0.039
vn -0.168 0.986 0.020
vn 0.003 0.987 0.161
vn 0.161 0.987 -0.026
vn 0.134 0.990 -0.048
vn -0.114 0.989 0.091
vn -0.016 0.987 0.158
vn 0.127 0.983 0.134
vn 0.052 0.985 0.162
vn -0.092 0.966 0.243
vn -0.050 0.993 0.107
vn 0.049 0.999 0.019
vn -0.344 0.894 0.286
vn -0.148 0.976 0.162
vn 0.041 0.993 0.112
vn -0.011 0.990 0.140
vn -0.012 1.000 -0.002
vn 0.017 0.999 0.044
vn 0.166 0.960 -0.227
vn 0.108 0.994 -0.021
vn 0.477 0.840 -0.258
vn 0.107 0.992 -0.067
vn -0.124 0.990 0.062
vn -0.023 0.981 0.194
vn 0.015 0.998 -0.066
vn -0.011 0.996 -0.084
vn 0.057 0.983 -0.174
vn 0.398 0.915 0.061
vn 0.386 0.916 -0.105
vn 0.227 0.948 -0.224
vn 0.045 0.999 0.014
vn 0.114 0.985 -0.131
vn 0.131 0.985 -0.113
vn -0.083 0.997 0.002
vn -0.009 0.999 -0.031
vn 0.034 0.998 -0.048
vn 0.076 0.992 -0.100
vn -0.050 0.998 -0.024
vn -0.093 0.996 0.008
vn -0.021 0.999 -0.027
vn -0.165 0.986 0.029
vn -0.179 0.984 -0.016
vn 0.046 0.998 0.048
vn 0.164 0.986 -0.005
vn 0.220 0.971 0.097
vn 0.154 0.984 0.086
vn 0.121 0.993 -0.002
vn -0.140 0.928 -0.346
vn -0.048 0.984 0.170
vn -0.250 0.897 -0.364
vn -0.580 0.771 -0.265
vn -0.524 0.836 0.163
vn 0.054 0.816 -0.575
vn -0.143 0.988 0.059
vn -0.040 0.845 0.533
vn -0.010 1.000 0.023
vn -0.095 0.965 0.245
vn 0.233 0.954 -0.190
vn 0.273 0.962 -0.007
vn -0.265 0.918 0.296
vn 0.222 0.906 0.361
vn -0.289 0.956 -0.057
vn -0.037 0.996 -0.082
vn -0.103 0.994 0.021
vn 0.166 0.986 0.002
vn 0.121 0.986 0.114
vn -0.037 0.998 0.052
vn 0.023 0.991 -0.134
vn 0.096 0.990 -0.107
vn -0.027 0.998 0.065
vn -0.183 0.974 0.133
vn 0.019 0.999 0.049
vn 0.035 0.992 0.120
vn 0.006 0.988 0.151
vn -0.037 0.992 0.124
vn 0.128 0.989 -0.077
vn -0.010 0.999 -0.050
vn -0.054 0.998 -0.010
vn 0.014 1.000 0.023
vn -0.042 0.991 -0.127
vn 0.063 0.986 -0.153
vn -0.050 0.999 -0.012
vn 0.273 0.962 0.001
vn 0.080 0.993 -0.087
vn 0.013 0.999 -0.041
vn -0.029 0.994 -0.102
vn -0.019 0.994 -0.104
vn 0.027 0.999 -0.036
vn -0.007 0.995 0.103
vn -0.042 0.996 0.078
vn -0.090 0.995 0.031
vn -0.026 0.999 0.037
vn -0.277 0.867 0.415
vn -0.244 0.969 0.047
vn -0.066 0.998 -0.015
vn -0.052 0.943 0.327
vn 0.036 0.999 0.038
vn 0.034 0.991 0.130
vn -0.189 0.968 0.167
vn -0.065 0.997 0.041
vn 0.148 0.955 0.257
vn 0.131 0.988 -0.084
vn 0.037 0.999 0.035
vn 0.156 0.978 -0.139
vn 0.014 0.966 0.259
vn -0.038 0.999 0.011
vn 0.056 0.997 0.055
vn 0.065 0.988 0.138
vn 0.103 0.988 0.111
vn 0.050 0.994 0.098
vn -0.017 0.988 0.151
vn -0.096 0.981 0.170
vn -0.054 0.997 0.049
vn 0.015 1.000 0.005
vn 0.050 0.998 -0.030
vn -0.046 0.999 -0.003
vn -0.052 0.998 0.038
vn 0.234 0.971 0.047
vn 0.082 0.899 0.430
vn 0.242 0.956 0.166
vn -0.163 0.974 0.159
vn 0.013 0.998 0.066
vn -0.175 0.962 0.211
vn 0.210 0.974 -0.085
vn -0.102 0.984 -0.144
vn 0.068 0.961 0.266
vn -0.049 0.980 0.191
vn 0.199 0.961 0.193
vn 0.061 0.996 -0.059
vn 0.029 1.000 -0.010
vn -0.213 0.973 0.084
vn -0.014 0.988 0.155
vn 0.201 0.966 0.161
vn 0.266 0.953 0.145
vn 0.230 0.971 0.057
vn 0.064 0.998 -0.024
vn -0.045 0.999 0.018
vn -0.090 0.992 0.088
vn -0.069 0.994 0.088
vn -0.019 0.998 0.064
vn 0.058 0.998 -0.023
vn -0.067 0.996 -0.050
vn 0.002 0.998 -0.061
vn 0.058 0.998 0.004
vn 0.250 0.960 -0.127
vn 0.056 0.949 0.311
vn 0.261 0.960 -0.104
vn 0.018 1.000 -0.015
vn -0.004 1.000 0.016
vn -0.004 1.000 -0.007
vn 0.050 0.998 -0.041
vn 0.035 0.999 0.002
vn -0.021 0.999 0.035
vn 0.042 0.999 -0.028
vn 0.066 0.994 -0.084
vn 0.027 0.999 0.021
vn 0.009 0.991 0.131
vn 0.011 0.996 0.093
vn -0.006 1.000 0.025
vn -0.019 1.000 0.024
vn 0.044 0.999 0.012
vn 0.027 0.999 0.028
vn -0.073 0.996 0.057
vn -0.012 0.999 -0.037
vn 0.114 0.992 -0.045
vn 0.254 0.960 0.114
vn 0.076 0.996 0.037
vn 0.111 0.953 -0.282
vn 0.020 0.984 0.178
vn -0.001 0.990 -0.141
vn -0.106 0.994 -0.013
vn 0.054 0.998 -0.043
vn 0.065 0.989 -0.136
vn 0.053 0.998 -0.022
vn 0.073 0.994 0.086
vn -0.206 0.978 0.015
vn 0.016 0.999 0.032
vn -0.033 0.999 -0.024
vn -0.119 0.987 0.111
vn -0.223 0.960 -0.168
vn 0.143 0.975 -0.168
vn 0.068 0.996 -0.060
vn -0.155 0.985 -0.074
vn 0.264 0.963 0.048
vn -0.028 0.998 0.062
vn -0.063 0.996 0.065
vn -0.032 0.999 -0.006
vn -0.010 0.997 -0.073
vn 0.021 0.999 -0.041
vn 0.080 0.994 -0.071
vn -0.089 0.995 -0.055
vn 0.031 0.996 -0.088
vn 0.108 0.993 0.054
vn -0.009 0.999 0.039
vn 0.072 0.995 -0.071
vn -0.005 0.999 -0.037
vn 0.042 0.998 -0.036
vn -0.033 0.999 0.029
vn 0.051 0.998 -0.023
vn 0.122 0.991 -0.062
vn 0.045 0.995 -0.094
vn -0.083 0.992 -0.091
vn 0.008 0.992 -0.125
vn -0.017 1.000 -0.022
vn -0.007 0.999 0.049
vn -0.035 0.998 0.052
vn 0.050 0.998 0.049
vn 0.006 0.999 0.038
vn 0.028 0.997 -0.075
vn 0.014 0.999 -0.050
vn 0.060 0.998 -0.028
vn 0.008 0.999 0.041
vn 0.012 0.999 0.046
vn -0.114 0.993 0.041
vn -0.033 0.986 0.161
vn -0.073 0.991 -0.115
vn 0.217 0.973 -0.082
vn -0.111 0.994 -0.016
vn 0.001 0.993 0.118
vn 0.339 0.935 0.100
vn 0.234 0.970 0.069
vn 0.244 0.970 -0.008
vn 0.096 0.934 0.344
vn 0.534 0.843 0.064
vn 0.089 0.982 0.165
vn 0.218 0.971 0.102
vn 0.112 0.983 0.148
vn 0.028 0.998 -0.060
vn -0.014 0.996 -0.090
vn -0.071 0.996 -0.054
vn 0.034 0.998 -0.044
vn 0.034 0.998 0.059
vn -0.050 0.995 0.088
vn 0.056 0.998 -0.016
vn 0.044 0.998 0.033
vn 0.109 0.993 -0.042
vn 0.024 0.999 -0.047
vn -0.052 0.996 0.073
vn 0.043 0.999 0.025
vn 0.027 0.995 -0.094
vn 0.013 0.998 -0.054
vn 0.126 0.991 0.041
vn 0.079 0.995 0.068
vn 0.065 0.994 -0.089
vn -0.094 0.991 -0.094
vn -0.141 0.989 0.034
vn -0.014 0.999 0.041
vn 0.017 1.000 -0.015
vn 0.038 0.999 -0.022
vn 0.097 0.995 -0.032
vn -0.016 1.000 0.006
vn -0.018 0.999 0.026
vn -0.007 0.998 0.059
vn 0.022 0.999 0.041
vn 0.026 0.999 0.033
vn -0.110 0.994 -0.001
vn 0.449 0.893 0.037
vn 0.285 0.905 -0.316
vn 0.321 0.880 0.351
vn -0.414 0.910 0.030
vn 0.303 0.948 0.098
vn -0.143 0.985 -0.093
vn 0.369 0.929 -0.018
vn -0.281 0.956 -0.085
vn -0.062 0.978 -0.200
vn 0.014 0.994 -0.104
vn 0.043 0.999 -0.018
vn 0.073 0.992 0.107
vn 0.313 0.883 0.350
vn -0.028 0.795 0.605
vn 0.468 0.754 0.461
vn 0.094 0.988 -0.120
vn 0.182 0.955 0.233
vn 0.315 0.933 0.175
vn 0.170 0.942 0.289
vn 0.158 0.940 0.302
vn 0.052 0.998 -0.018
vn -0.098 0.994 -0.044
vn -0.060 0.998 -0.011
vn -0.063 0.997 0.051
vn 0.084 0.996 -0.031
vn 0.017 0.999 0.051
vn 0.178 0.984 0.001
vn 0.133 0.991 0.012
vn -0.061 0.998 0.035
vn -0.030 0.999 0.026
vn 0.193 0.977 -0.095
vn -0.014 0.999 -0.040
vn -0.083 0.996 0.031
vn 0.045 0.998 0.039
vn 0.087 0.990 0.110
vn 0.136 0.983 0.121
vn -0.162 0.972 0.171
vn -0.080 0.996 0.038
vn 0.028 0.999 -0.042
vn 0.038 0.995 -0.089
vn -0.015 1.000 -0.027
vn 0.049 0.998 0.042
vn 0.004 1.000 0.027
vn 0.002 1.000 -0.029
vn -0.003 0.999 -0.036
vn 0.016 1.000 -0.024
vn 0.068 0.997 -0.045
vn -0.023 0.996 -0.084
vn 0.273 0.959 0.076
vn 0.399 0.907 -0.137
vn 0.045 0.998 0.054
vn 0.004 0.989 0.149
vn -0.159 0.987 -0.022
vn -0.007 1.000 -0.026
vn -0.052 0.999 0.004
vn 0.021 0.996 -0.091
vn -0.224 0.943 -0.246
vn -0.022 0.997 -0.079
vn -0.078 0.973 0.215
vn -0.464 0.885 -0.050
vn -0.072 0.983 0.168
vn 0.136 0.959 0.248
vn -0.208 0.963 -0.173
vn 0.380 0.895 0.232
vn 0.352 0.934 0.054
vn 0.377 0.883 0.280
vn 0.385 0.923 0.025
vn -0.048 0.960 -0.277
vn 0.335 0.883 0.330
vn -0.206 0.958 -0.199
vn 0.147 0.974 0.171
vn 0.235 0.963 0.134
vn 0.229 0.967 0.111
vn 0.028 0.971 0.239
vn -0.017 0.998 0.069
vn -0.014 0.993 -0.114
vn -0.065 0.995 -0.075
vn -0.007 1.000 -0.006
vn -0.050 0.998 0.042
vn 0.203 0.977 0.061
vn 0.146 0.988 0.040
vn -0.067 0.997 0.043
vn 0.053 0.999 -0.002
vn 0.118 0.991 0.060
vn -0.042 0.996 0.083
vn -0.034 0.999 -0.017
vn 0.182 0.979 -0.094
vn -0.026 0.987 -0.156
vn -0.154 0.988 0.020
vn -0.036 0.998 -0.048
vn 0.038 0.993 0.115
vn -0.002 1.000 0.006
vn 0.045 0.989 -0.140
vn 0.037 0.997 -0.075
vn -0.011 1.000 0.002
vn -0.044 0.999 0.012
vn 0.044 0.999 -0.017
vn 0.048 0.998 -0.038
vn 0.012 0.999 -0.053
vn 0.026 0.994 -0.102
vn 0.005 0.989 -0.149
vn -0.001 0.997 -0.074
vn -0.018 0.999 0.041
vn 0.058 0.995 -0.077
vn -0.029 0.998 -0.063
vn -0.028 0.994 -0.102
vn -0.158 0.983 0.094
vn 0.015 0.999 -0.047
vn -0.096 0.989 -0.109
vn 0.062 0.998 -0.024
vn 0.155 0.979 -0.132
vn 0.405 0.914 0.002
vn 0.436 0.883 0.174
vn 0.138 0.963 0.234
vn 0.165 0.977 0.132
vn -0.060 0.998 0.025
vn -0.035 0.999 -0.018
vn -0.005 0.993 -0.118
vn -0.012 0.993 -0.114
vn 0.235 0.970 -0.057
vn 0.019 0.997 0.079
vn -0.016 0.990 0.139
vn 0.100 0.995 -0.003
vn 0.053 0.999 0.010
vn 0.034 0.998 0.052
vn 0.027 0.996 -0.083
vn -0.070 0.995 0.074
vn 0.163 0.982 0.099
vn -0.071 0.952 0.298
vn -0.127 0.992 0.010
vn -0.091 0.992 -0.081
vn -0.007 0.995 0.103
vn 0.052 0.997 -0.055
vn 0.103 0.991 -0.087
vn -0.088 0.994 0.058
vn -0.012 0.996 0.091
vn -0.035 0.996 0.084
vn 0.017 1.000 0.022
vn 0.061 0.998 0.008
vn 0.076 0.997 -0.032
vn -0.029 0.999 0.019
vn 0.152 0.988 0.026
vn -0.140 0.990 -0.002
vn 0.005 0.944 0.330
vn -0.192 0.972 -0.137
vn 0.080 0.926 -0.369
vn 0.081 0.976 -0.200
vn -0.023 0.986 -0.168
vn 0.057 0.954 0.294
vn 0.031 0.983 -0.180
vn 0.056 0.993 0.103
vn 0.160 0.984 -0.076
vn -0.074 0.992 -0.104
vn -0.092 0.823 -0.561
vn -0.039 0.989 -0.145
vn -0.161 0.986 -0.043
vn 0.081 0.990 -0.116
vn 0.076 0.982 -0.174
vn -0.014 0.985 -0.173
vn -0.053 0.987 -0.150
vn -0.110 0.993 -0.045
vn 0.026 0.999 0.023
vn -0.121 0.991 -0.061
vn -0.236 0.952 -0.194
vn -0.036 0.995 0.097
vn 0.298 0.836 0.461
vn 0.018 0.998 0.064
vn 0.114 0.963 0.245
vn -0.123 0.992 0.012
vn 0.274 0.918 0.286
vn 0.184 0.939 0.291
vn 0.103 0.990 0.094
vn 0.009 1.000 0.027
vn -0.086 0.996 -0.027
vn 0.175 0.983 0.052
vn 0.019 0.995 0.096
vn 0.112 0.987 0.117
vn -0.015 0.999 -0.035
vn -0.154 0.977 -0.145
vn 0.113 0.988 -0.102
vn 0.054 0.998 -0.016
vn -0.101 0.978 0.184
vn 0.085 0.996 -0.032
vn 0.050 0.999 0.010
vn -0.064 0.997 0.032
vn 0.339 0.932 0.131
vn -0.041 0.990 0.132
vn -0.079 0.989 0.124
vn -0.424 0.887 0.182
vn 0.011 0.929 0.369
vn -0.040 0.994 -0.106
vn -0.047 0.991 -0.125
vn 0.068 0.988 0.136
vn -0.011 0.992 -0.125
vn 0.059 0.993 0.098
vn 0.310 0.951 -0.009
vn 0.216 0.937 0.274
vn 0.322 0.928 -0.187
vn -0.017 0.997 0.075
vn 0.179 0.979 0.101
vn 0.052 0.998 0.020
vn -0.014 0.996 0.091
vn -0.097 0.988 0.122
vn 0.050 0.999 0.020
vn 0.009 1.000 -0.011
vn 0.020 1.000 -0.020
vn 0.068 0.998 -0.004
vn 0.057 0.994 0.088
vn -0.033 0.999 -0.013
vn -0.244 0.961 0.131
vn -0.231 0.973 0.008
vn 0.154 0.985 -0.079
vn -0.127 0.992 0.017
vn 0.135 0.988 -0.076
vn 0.112 0.975 -0.193
vn -0.172 0.985 -0.017
vn 0.319 0.776 -0.545
vn 0.475 0.873 0.112
vn 0.434 0.851 0.297
vn 0.620 0.785 0.007
vn -0.067 0.986 0.155
vn 0.027 0.992 0.123
vn -0.009 0.997 0.075
vn 0.048 0.990 0.129
vn 0.059 0.983 0.175
vn -0.033 0.983 0.182
vn 0.043 0.999 -0.010
vn 0.176 0.975 -0.138
vn 0.014 0.999 -0.039
vn 0.008 0.999 -0.033
vn -0.152 0.988 0.028
vn -0.169 0.984 0.056
vn 0.010 0.999 0.034
vn 0.075 0.997 0.016
vn -0.177 0.967 -0.182
vn -0.084 0.985 -0.153
vn 0.134 0.983 0.122
vn 0.076 0.992 -0.097
vn 0.149 0.971 0.187
vn 0.188 0.980 0.072
vn -0.041 0.999 -0.022
vn 0.022 0.968 -0.251
vn -0.215 0.951 -0.223
vn 0.003 0.998 0.067
vn 0.211 0.962 0.176
vn -0.145 0.976 -0.165
vn 0.080 0.993 0.084
vn -0.052 0.996 0.076
vn 0.018 0.994 0.111
vn 0.035 0.997 0.072
vn 0.020 0.997 0.078
vn 0.073 0.997 -0.009
vn 0.097 0.971 0.219
vn 0.097 0.994 -0.052
vn 0.035 0.999 0.031
vn -0.103 0.989 0.104
vn 0.052 0.998 -0.037
vn 0.020 1.000 -0.017
vn 0.042 0.999 -0.004
vn -0.003 1.000 -0.005
vn 0.027 1.000 -0.016
vn 0.045 0.998 -0.036
vn -0.013 0.996 0.090
vn 0.156 0.979 -0.129
vn 0.055 0.997 -0.060
vn 0.375 0.910 -0.177
vn 0.052 0.996 -0.067
vn 0.241 0.945 -0.221
vn -0.042 0.999 -0.006
vn -0.133 0.980 -0.150
vn -0.257 0.955 -0.150
vn 0.065 0.995 -0.075
vn 0.100 0.995 0.001
vn 0.125 0.992 -0.000
vn -0.045 0.997 0.067
vn -0.045 0.990 0.135
vn -0.141 0.980 0.142
vn -0.099 0.992 0.076
vn -0.113 0.987 0.111
vn 0.091 0.995 -0.049
vn 0.079 0.996 -0.045
vn 0.115 0.944 -0.308
vn -0.041 0.998 0.040
vn -0.024 0.999 -0.027
vn 0.021 0.985 0.170
vn -0.078 0.996 -0.032
vn -0.061 0.998 -0.031
vn 0.068 0.993 0.093
vn -0.041 0.983 0.178
vn 0.156 0.974 0.165
vn 0.112 0.989 0.097
vn -0.020 0.994 -0.105
vn -0.154 0.987 -0.044
vn -0.432 0.868 -0.243
vn -0.029 0.997 -0.066
vn -0.189 0.980 -0.062
vn -0.135 0.986 0.096
vn 0.073 0.990 0.120
vn 0.132 0.988 -0.085
vn 0.019 1.000 -0.012
vn -0.149 0.984 -0.100
vn -0.193 0.961 -0.200
vn 0.051 0.973 -0.225
vn 0.059 0.998 -0.002
vn 0.148 0.976 -0.160
vn 0.059 0.945 -0.323
vn 0.130 0.981 -0.145
vn 0.010 0.991 0.134
vn 0.309 0.946 0.095
vn 0.184 0.981 -0.065
vn -0.023 0.989 0.146
vn -0.025 0.988 0.152
vn 0.024 0.996 0.082
vn 0.057 0.998 0.017
vn -0.010 0.998 0.061
vn 0.068 0.998 -0.015
vn 0.071 0.993 -0.094
vn 0.042 0.993 -0.108
vn 0.041 0.997 -0.071
vn 0.039 0.999 -0.008
vn -0.061 0.998 0.017
vn 0.046 0.996 0.073
vn 0.107 0.986 0.124
vn 0.082 0.988 0.130
vn -0.124 0.966 0.225
vn -0.053 0.976 0.209
vn -0.034 0.997 0.069
vn 0.016 0.999 -0.030
vn 0.108 0.992 -0.065
vn 0.025 0.998 0.058
vn 0.015 0.978 -0.209
vn 0.072 0.997 -0.012
vn 0.239 0.969 0.067
vn -0.096 0.995 0.013
vn 0.342 0.937 -0.071
vn -0.054 0.998 -0.020
vn 0.000 0.992 0.124
vn -0.013 0.989 0.150
vn -0.004 1.000 0.004
vn -0.038 0.999 -0.020
vn -0.037 0.994 -0.100
vn -0.078 0.997 -0.021
vn -0.155 0.964 -0.217
vn 0.114 0.991 -0.065
vn 0.348 0.865 0.362
vn 0.057 0.992 0.111
vn 0.050 0.983 0.178
vn -0.067 0.995 -0.071
vn 0.302 0.953 0.013
vn 0.027 0.993 -0.117
vn -0.210 0.976 -0.053
vn -0.028 0.986 -0.167
vn -0.051 0.996 -0.074
vn -0.009 1.000 -0.007
vn 0.189 0.966 0.177
vn -0.085 0.993 -0.082
vn -0.041 0.997 0.063
vn -0.244 0.969 0.037
vn -0.097 0.989 -0.110
vn 0.036 0.999 -0.033
vn 0.047 0.998 0.032
vn -0.101 0.990 0.094
vn 0.103 0.995 0.011
vn -0.050 0.989 -0.141
vn 0.131 0.974 -0.183
vn -0.010 0.991 -0.132
vn 0.023 0.993 -0.114
vn 0.169 0.985 -0.042
vn 0.010 1.000 0.008
vn 0.028 0.998 0.049
vn -0.010 1.000 0.027
vn 0.128 0.991 0.045
vn -0.240 0.968 0.066
vn -0.052 0.985 -0.166
vn -0.214 0.952 -0.217
vn 0.174 0.969 -0.176
vn 0.050 0.999 0.004
vn 0.022 0.972 -0.235
vn -0.272 0.947 -0.172
vn -0.132 0.978 -0.160
vn 0.053 0.998 0.043
vn 0.005 0.989 0.147
vn 0.008 1.000 0.001
vn -0.008 0.992 -0.126
vn 0.007 1.000 -0.002
vn -0.051 0.999 -0.014
vn 0.047 0.996 0.073
vn 0.043 0.998 -0.050
vn -0.007 0.997 0.081
vn 0.189 0.982 0.012
vn 0.118 0.901 0.417
vn -0.004 0.995 0.101
vn 0.021 0.998 0.059
vn -0.058 0.997 -0.042
vn 0.120 0.993 0.015
vn -0.124 0.984 -0.125
vn -0.062 0.998 -0.004
vn -0.044 0.990 0.131
vn 0.212 0.974 0.084
vn -0.117 0.969 0.217
vn -0.099 0.993 -0.067
vn 0.049 0.993 -0.104
vn -0.173 0.970 -0.173
vn -0.058 0.988 -0.143
vn 0.022 0.987 -0.162
vn 0.113 0.994 0.006
vn -0.170 0.937 -0.305
vn -0.043 0.996 0.079
vn 0.030 0.968 0.248
vn -0.201 0.972 0.119
vn -0.047 0.995 -0.085
vn -0.108 0.988 -0.107
vn 0.241 0.963 -0.119
vn 0.180 0.966 -0.183
vn 0.119 0.983 -0.139
vn 0.111 0.970 -0.215
vn -0.050 0.981 -0.187
vn -0.305 0.941 -0.147
vn 0.037 0.999 0.004
vn 0.168 0.968 0.186
vn -0.038 0.999 0.008
vn -0.001 0.990 0.144
vn 0.043 0.997 0.064
vn 0.046 0.992 0.120
vn 0.035 0.999 0.007
vn 0.122 0.988 0.090
vn -0.045 0.995 0.091
vn 0.026 0.926 0.377
vn -0.299 0.951 0.078
vn -0.085 0.976 0.201
vn -0.208 0.957 0.202
vn -0.077 0.996 0.042
vn 0.016 1.000 0.024
vn -0.003 0.977 0.213
vn 0.115 0.975 0.190
vn 0.046 0.998 -0.050
vn 0.009 0.999 0.052
vn -0.072 0.997 0.035
vn -0.021 0.998 0.053
vn 0.006 1.000 0.027
vn 0.013 1.000 0.004
vn 0.131 0.991 -0.010
vn -0.215 0.958 0.188
vn -0.181 0.983 0.016
vn 0.099 0.994 0.053
vn -0.131 0.978 0.164
vn -0.071 0.997 -0.020
vn -0.024 0.997 0.068
vn 0.162 0.941 0.298
vn -0.010 1.000 -0.005
vn 0.104 0.952 -0.287
vn -0.100 0.991 0.090
vn -0.130 0.992 0.005
vn -0.096 0.857 0.506
vn 0.202 0.979 -0.028
vn -0.246 0.925 -0.290
vn 0.167 0.945 0.282
vn 0.346 0.755 0.556
vn -0.106 0.988 -0.114
vn -0.166 0.955 0.248
vn 0.238 0.950 -0.205
vn -0.094 0.951 -0.294
vn 0.049 0.998 -0.048
vn -0.138 0.980 -0.141
vn 0.053 0.992 0.115
vn 0.054 0.988 0.147
vn 0.112 0.978 0.175
vn -0.138 0.980 0.146
vn 0.029 0.995 -0.097
vn 0.100 0.991 -0.088
vn -0.060 0.993 -0.104
vn 0.046 0.993 -0.106
vn -0.059 0.989 -0.134
vn -0.219 0.909 -0.354
vn -0.072 0.975 -0.210
vn 0.047 0.994 -0.097
vn 0.161 0.986 -0.040
vn 0.063 0.997 0.033
vn 0.049 0.998 -0.026
vn -0.103 0.974 -0.204
vn -0.180 0.962 -0.206
vn -0.134 0.912 -0.388
vn 0.031 0.997 -0.074
vn -0.050 0.998 -0.024
vn -0.048 0.992 -0.119
vn 0.083 0.985 -0.153
vn -0.095 0.986 0.133
vn 0.136 0.991 -0.000
vn -0.321 0.933 -0.163
vn 0.088 0.996 -0.031
vn -0.163 0.986 0.026
vn 0.075 0.994 -0.075
vn 0.068 0.967 -0.246
vn -0.030 0.984 -0.175
vn -0.100 0.940 -0.325
vn 0.015 0.995 -0.100
vn -0.091 0.996 -0.021
vn -0.013 0.998 -0.056
vn 0.126 0.991 0.040
vn -0.088 0.996 0.001
vn 0.014 0.999 -0.046
vn -0.019 1.000 0.004
vn 0.032 0.999 0.010
vn 0.040 0.997 0.069
vn -0.031 0.998 0.053
vn -0.224 0.973 0.051
vn -0.203 0.978 0.054
vn -0.120 0.990 0.071
vn 0.202 0.939 -0.278
vn -0.128 0.985 -0.114
vn 0.041 0.999 0.026
vn -0.160 0.986 -0.056
vn -0.048 0.979 -0.198
vn -0.035 0.987 0.154
vn 0.020 0.999 0.041
vn -0.147 0.989 -0.022
vn 0.164 0.953 0.255
vn 0.257 0.855 0.451
vn 0.156 0.985 0.080
vn 0.218 0.944 0.247
vn 0.203 0.940 0.275
vn 0.159 0.942 0.295
vn -0.005 0.992 -0.127
vn 0.021 0.971 0.238
vn -0.098 0.994 -0.044
vn -0.179 0.965 -0.190
vn 0.086 0.990 0.110
vn 0.026 0.989 -0.148
vn 0.016 0.998 -0.053
vn -0.047 0.994 -0.103
vn 0.023 0.992 -0.127
vn 0.089 0.991 -0.096
vn 0.017 1.000 0.006
vn 0.151 0.987 -0.051
vn 0.028 0.998 -0.056
vn -0.113 0.985 -0.128
vn -0.201 0.952 -0.231
vn 0.041 0.994 -0.103
vn 0.074 0.888 -0.453
vn 0.152 0.944 0.293
vn -0.153 0.916 -0.371
vn -0.204 0.978 -0.043
vn -0.330 0.938 -0.109
vn -0.050 0.987 -0.152
vn 0.099 0.948 -0.302
vn -0.046 0.998 0.043
vn -0.055 0.980 0.189
vn -0.000 0.998 -0.070
vn -0.060 0.909 0.413
vn 0.150 0.969 -0.198
vn 0.023 1.000 0.012
vn -0.098 0.995 -0.006
vn -0.132 0.988 -0.075
vn 0.166 0.986 -0.024
vn 0.064 0.986 0.154
vn -0.055 0.996 0.071
vn -0.019 0.997 0.080
vn -0.021 0.998 0.060
vn 0.065 0.998 -0.017
vn -0.078 0.995 0.065
vn 0.100 0.985 0.140
vn 0.122 0.984 0.130
vn 0.067 0.998 -0.002
vn 0.189 0.948 -0.255
vn -0.171 0.963 -0.209
vn -0.036 0.981 0.189
vn -0.006 1.000 -0.017
vn -0.275 0.951 0.141
vn -0.037 0.955 -0.293
vn -0.092 0.995 0.043
vn -0.127 0.992 0.011
vn 0.153 0.979 0.137
vn -0.054 0.988 -0.147
vn 0.101 0.939 -0.329
vn -0.056 0.943 -0.327
vn 0.041 0.996 0.078
vn -0.011 0.996 -0.086
vn -0.024 0.982 0.189
vn 0.135 0.949 0.286
vn 0.127 0.978 0.163
vn 0.352 0.890 0.289
vn 0.069 0.995 0.076
vn 0.238 0.945 -0.223
vn -0.053 0.996 -0.074
vn 0.433 0.704 0.563
vn -0.326 0.879 0.347
vn -0.061 0.994 0.094
vn 0.147 0.989 -0.005
vn 0.263 0.964 0.032
vn 0.251 0.961 0.116
vn 0.326 0.885 0.334
vn 0.012 0.951 0.310
vn 0.068 0.979 -0.193
vn -0.054 0.999 -0.002
vn 0.087 0.994 -0.068
vn 0.188 0.972 0.137
vn -0.159 0.986 0.058
vn -0.036 0.998 -0.054
vn 0.067 0.991 -0.120
vn 0.008 0.990 -0.139
vn 0.034 0.992 -0.122
vn 0.113 0.989 -0.091
vn 0.005 1.000 -0.010
vn -0.021 1.000 -0.009
vn 0.002 0.989 -0.149
vn -0.046 0.972 -0.230
vn 0.037 0.977 -0.209
vn -0.035 0.951 -0.307
vn 0.009 0.992 0.122
vn 0.008 0.973 -0.231
vn -0.056 0.995 -0.080
vn 0.121 0.990 -0.071
vn -0.128 0.977 -0.167
vn 0.018 0.992 -0.125
vn -0.011 1.000 0.008
vn -0.001 0.966 -0.260
vn -0.037 0.890 -0.453
vn -0.163 0.941 -0.296
vn 0.047 0.937 -0.347
vn 0.016 0.964 -0.264
vn 0.053 0.999 -0.012
vn 0.102 0.943 -0.318
vn 0.106 0.980 -0.166
vn -0.018 0.999 -0.042
vn -0.020 0.999 0.032
vn -0.045 0.999 0.022
vn -0.072 0.997 -0.042
vn -0.154 0.986 -0.065
vn -0.222 0.916 -0.334
vn -0.039 0.999 0.038
vn 0.201 0.912 0.359
vn -0.090 0.994 -0.060
vn -0.011 1.000 -0.015
vn -0.146 0.975 -0.167
vn -0.040 0.999 0.031
vn 0.076 0.997 0.023
vn -0.055 0.996 0.076
vn -0.052 0.994 0.101
vn 0.084 0.992 0.098
vn 0.011 0.990 0.138
vn -0.064 0.997 0.052
vn -0.069 0.988 0.135
vn -0.086 0.995 0.056
vn -0.014 0.975 -0.223
vn -0.225 0.961 0.158
vn -0.411 0.908 -0.081
vn -0.244 0.969 -0.043
vn -0.078 0.996 -0.037
vn 0.027 0.996 -0.081
vn 0.348 0.929 0.126
vn 0.361 0.914 0.188
vn 0.379 0.925 0.036
vn -0.106 0.982 -0.155
vn 0.268 0.963 -0.006
vn -0.115 0.989 -0.096
vn 0.114 0.990 0.082
vn -0.231 0.957 -0.177
vn -0.037 0.998 0.045
vn 0.062 0.998 -0.017
vn 0.132 0.985 -0.113
vn 0.124 0.991 0.042
vn 0.011 0.999 -0.047
vn 0.069 0.995 -0.069
vn 0.206 0.963 0.174
vn -0.022 0.998 0.053
vn 0.016 0.999 0.033
vn 0.017 0.999 0.028
vn 0.063 0.998 0.024
vn -0.054 0.997 0.054
vn 0.002 1.000 0.020
vn 0.125 0.990 0.061
vn -0.046 0.999 0.008
vn -0.072 0.997 -0.029
vn 0.022 0.993 -0.115
vn -0.018 0.997 -0.081
vn -0.156 0.985 0.074
vn 0.005 0.999 0.043
vn -0.026 0.999 -0.026
vn 0.014 0.996 -0.087
vn 0.013 0.998 -0.062
vn -0.197 0.937 -0.290
vn -0.149 0.984 -0.098
vn -0.073 0.994 -0.081
vn 0.001 0.996 -0.093
vn -0.038 0.998 0.051
vn -0.085 0.996 -0.014
vn 0.057 0.998 0.023
vn 0.079 0.995 -0.055
vn -0.073 0.997 -0.002
vn 0.023 0.992 -0.127
vn -0.081 0.996 0.036
vn -0.033 0.996 -0.083
vn -0.087 0.943 -0.322
vn -0.026 0.996 -0.085
vn 0.001 0.998 0.063
vn 0.316 0.847 0.428
vn -0.004 0.990 0.141
vn 0.298 0.908 0.294
vn 0.113 0.971 0.210
vn -0.139 0.984 -0.110
vn 0.266 0.938 0.222
vn -0.029 0.981 -0.191
vn 0.219 0.973 0.069
vn 0.119 0.993 -0.015
vn 0.097 0.986 0.137
vn 0.126 0.896 0.426
vn -0.191 0.960 -0.204
vn -0.137 0.970 0.200
vn 0.003 0.992 -0.124
vn 0.080 0.990 -0.114
vn 0.154 0.986 0.059
vn 0.009 1.000 0.008
vn 0.076 0.989 -0.130
vn -0.010 1.000 0.017
vn 0.046 0.999 -0.029
vn -0.008 1.000 0.002
vn 0.027 0.996 -0.090
vn 0.035 0.999 -0.009
vn -0.045 0.998 0.054
vn -0.085 0.996 0.016
vn 0.094 0.995 -0.028
vn -0.103 0.994 -0.032
vn -0.149 0.978 -0.143
vn 0.065 0.989 -0.132
vn 0.039 0.992 -0.124
vn -0.011 0.996 -0.094
vn -0.050 0.999 0.004
vn -0.079 0.997 -0.023
vn 0.051 0.990 -0.133
vn -0.137 0.974 -0.183
vn -0.119 0.976 -0.181
vn -0.052 0.979 -0.196
vn -0.105 0.987 -0.123
vn 0.126 0.981 -0.150
vn 0.007 0.946 -0.324
vn -0.115 0.898 -0.425
vn 0.075 0.931 -0.356
vn 0.060 0.964 -0.259
vn -0.000 0.989 -0.150
vn 0.003 0.980 -0.197
vn -0.054 0.983 -0.174
vn 0.137 0.964 -0.229
vn 0.025 0.999 0.029
vn 0.082 0.996 0.041
vn 0.030 0.995 -0.092
vn 0.031 0.994 0.101
vn -0.133 0.972 -0.193
vn -0.119 0.948 -0.295
vn 0.193 0.978 -0.081
vn -0.029 0.874 -0.485
vn -0.250 0.882 -0.399
vn 0.016 0.814 -0.580
vn -0.166 0.913 -0.373
vn -0.374 0.900 -0.224
vn -0.094 0.974 -0.205
vn 0.441 0.827 0.350
vn 0.082 0.996 -0.030
vn 0.049 0.969 0.242
vn 0.084 0.995 0.049
vn -0.163 0.971 -0.173
vn -0.023 0.956 -0.291
vn 0.063 0.995 0.079
vn -0.132 0.991 -0.031
vn 0.109 0.973 0.205
vn 0.069 0.972 0.223
vn 0.259 0.925 0.278
vn 0.139 0.905 0.401
vn 0.208 0.893 0.399
vn 0.192 0.948 0.252
vn 0.005 0.996 -0.084
vn 0.114 0.987 0.114
vn -0.013 1.000 0.007
vn -0.024 1.000 0.014
vn -0.160 0.915 0.371
vn 0.132 0.991 -0.003
vn -0.198 0.977 0.078
vn -0.132 0.991 0.032
vn 0.133 0.990 0.042
vn 0.099 0.952 0.290
vn -0.218 0.971 0.101
vn 0.073 0.941 0.330
vn -0.115 0.959 0.261
vn 0.033 0.990 0.138
vn -0.078 0.960 0.270
vn -0.150 0.974 0.170
vn 0.039 0.966 0.254
vn -0.028 0.999 0.016
vn -0.010 0.994 -0.112
vn 0.099 0.995 -0.011
vn -0.011 0.999 -0.039
vn -0.131 0.991 -0.015
vn 0.063 0.992 0.112
vn 0.014 0.999 0.034
vn 0.062 0.996 0.066
vn -0.078 0.984 -0.160
vn -0.072 0.995 -0.071
vn -0.007 1.000 -0.019
vn -0.003 1.000 0.010
vn -0.062 0.998 -0.018
vn -0.108 0.994 0.015
vn 0.043 0.994 -0.096
vn 0.076 0.967 -0.243
vn -0.064 0.996 -0.057
vn 0.111 0.994 0.006
vn -0.090 0.978 -0.186
vn 0.035 0.987 -0.160
vn 0.019 0.989 -0.144
vn -0.013 0.985 -0.172
vn -0.018 0.986 -0.167
vn 0.048 0.994 -0.099
vn 0.069 0.997 -0.018
vn -0.006 0.999 0.053
vn 0.032 0.993 0.112
vn 0.093 0.981 0.168
vn -0.044 0.993 0.111
vn 0.066 0.975 0.211
vn 0.008 0.989 -0.148
vn -0.155 0.965 -0.210
vn 0.111 0.990 0.089
vn -0.174 0.889 -0.424
vn -0.122 0.795 -0.595
vn 0.257 0.891 -0.374
vn -0.069 0.879 -0.472
vn -0.258 0.750 -0.609
vn -0.024 0.980 -0.200
vn 0.023 0.986 0.167
vn -0.231 0.852 -0.470
vn -0.057 0.993 -0.107
vn -0.193 0.769 -0.609
vn 0.175 0.929 -0.326
vn 0.120 0.861 -0.493
vn 0.007 0.942 -0.335
vn -0.091 0.800 -0.593
vn -0.215 0.835 -0.506
vn -0.076 0.968 -0.241
vn 0.077 0.959 0.274
vn -0.244 0.956 -0.164
vn 0.029 0.998 0.059
vn -0.024 0.968 0.250
vn 0.159 0.985 0.067
vn 0.129 0.961 0.246
vn 0.268 0.953 0.139
vn 0.191 0.963 0.191
vn -0.025 0.970 -0.242
vn -0.054 0.993 0.108
vn -0.163 0.986 -0.041
vn -0.157 0.988 -0.013
vn -0.259 0.960 0.103
vn -0.127 0.991 0.044
vn 0.084 0.969 0.234
vn -0.054 0.960 0.276
vn 0.132 0.979 0.156
vn -0.071 0.994 0.082
vn -0.170 0.963 0.209
vn 0.012 0.998 -0.058
vn 0.032 0.984 0.173
vn -0.013 0.994 -0.106
vn 0.085 0.969 0.231
vn 0.288 0.908 0.305
vn 0.164 0.986 -0.021
vn 0.084 0.993 0.077
vn 0.599 0.779 0.186
vn 0.408 0.798 0.443
vn 0.215 0.961 0.172
vn 0.103 0.994 -0.026
vn 0.069 0.974 0.215
vn -0.554 0.814 -0.174
vn -0.115 0.985 0.128
vn 0.065 0.995 0.076
vn 0.046 0.999 0.025
vn -0.261 0.923 0.283
vn 0.032 0.992 0.118
vn 0.033 0.999 0.041
vn -0.029 0.999 0.033
vn 0.003 1.000 0.017
vn 0.028 0.998 0.062
vn -0.056 0.998 0.035
vn -0.039 0.999 0.034
vn 0.020 0.987 0.160
vn 0.085 0.983 -0.164
vn -0.055 0.971 0.232
vn 0.018 0.995 -0.099
vn 0.054 0.998 -0.040
vn 0.025 0.992 0.122
vn 0.217 0.896 0.387
vn -0.088 0.991 -0.100
vn -0.175 0.956 -0.234
vn 0.142 0.988 0.053
vn 0.297 0.893 0.337
vn -0.002 1.000 -0.006
vn 0.037 0.999 -0.023
vn 0.011 0.992 -0.123
vn 0.047 0.997 -0.058
vn -0.088 0.990 0.110
vn -0.005 0.973 0.232
vn -0.011 0.998 0.055
vn -0.010 1.000 -0.004
vn -0.055 0.998 -0.012
vn 0.067 0.996 -0.054
vn 0.082 0.996 -0.047
vn 0.082 0.997 -0.005
vn -0.048 0.998 -0.039
vn 0.070 0.959 0.274
vn 0.035 0.998 0.044
vn 0.071 0.976 0.208
vn 0.210 0.978 0.008
vn -0.277 0.949 -0.154
vn -0.397 0.917 -0.050
vn -0.272 0.960 -0.062
vn 0.075 0.996 -0.045
vn -0.040 0.994 0.099
vn -0.022 0.929 0.369
vn -0.039 0.991 0.130
vn 0.063 0.998 -0.005
vn 0.096 0.975 -0.201
vn -0.001 0.999 0.051
vn -0.021 0.980 -0.199
vn -0.107 0.946 -0.306
vn -0.023 0.999 0.033
vn 0.095 0.993 0.070
vn 0.226 0.972 0.057
vn -0.001 1.000 0.026
vn 0.307 0.951 -0.028
vn 0.285 0.920 0.268
vn -0.038 0.982 0.187
vn 0.266 0.958 0.109
vn 0.173 0.985 0.001
vn -0.055 0.937 0.344
vn -0.010 0.985 0.172
vn -0.043 0.999 0.024
vn 0.027 0.979 0.200
vn -0.006 0.983 0.182
vn -0.135 0.970 0.201
vn -0.024 0.970 0.244
vn -0.243 0.961 -0.135
vn 0.002 0.962 0.273
vn 0.090 0.996 -0.000
vn 0.004 0.982 -0.186
vn 0.103 0.992 0.066
vn -0.140 0.978 0.156
vn 0.090 0.979 0.184
vn 0.094 0.988 -0.125
vn -0.014 0.998 0.063
vn -0.113 0.993 0.035
vn 0.000 1.000 -0.020
vn 0.123 0.987 -0.100
vn -0.118 0.984 -0.130
vn -0.092 0.990 0.111
vn -0.122 0.910 0.395
vn -0.104 0.897 0.430
vn -0.309 0.931 -0.195
vn -0.101 0.992 -0.070
vn 0.355 0.768 0.534
vn 0.126 0.988 0.094
vn -0.023 0.999 -0.041
vn -0.186 0.968 0.170
vn 0.079 0.947 0.310
vn -0.162 0.984 0.076
vn 0.111 0.975 0.192
vn -0.010 0.943 0.333
vn 0.101 0.974 0.202
vn 0.151 0.972 0.178
vn -0.002 0.932 0.362
vn 0.112 0.993 -0.040
vn 0.090 0.991 0.098
vn 0.281 0.933 0.223
vn -0.037 0.996 0.082
vn -0.055 0.992 -0.115
vn -0.086 0.989 0.120
vn 0.014 0.968 -0.249
vn 0.149 0.988 0.050
vn 0.101 0.993 0.054
vn 0.019 0.999 -0.046
vn -0.147 0.982 -0.122
vn -0.041 0.993 -0.109
vn 0.033 0.994 -0.106
vn -0.018 0.999 -0.037
vn 0.067 0.997 0.034
vn -0.019 0.991 0.132
vn 0.007 0.996 0.085
vn 0.017 1.000 0.026
vn 0.033 0.999 0.040
vn 0.274 0.962 0.021
vn -0.203 0.979 0.024
vn -0.332 0.927 -0.174
vn -0.129 0.992 -0.007
vn 0.006 0.999 0.036
vn -0.011 0.999 -0.045
vn 0.040 0.996 -0.079
vn 0.155 0.986 -0.060
vn 0.223 0.968 -0.119
vn 0.143 0.899 -0.414
vn 0.205 0.642 -0.739
vn -0.072 0.997 -0.033
vn -0.632 0.768 -0.109
vn 0.007 0.945 -0.327
vn -0.122 0.985 -0.122
vn -0.357 0.700 -0.619
vn -0.229 0.819 -0.526
vn 0.079 0.997 0.000
vn -0.268 0.922 -0.280
vn -0.405 0.876 -0.263
vn -0.163 0.923 -0.350
vn -0.361 0.864 -0.350
vn -0.149 0.970 -0.192
vn -0.096 0.992 0.083
vn -0.015 0.999 -0.051
vn 0.260 0.935 0.240
vn 0.105 0.928 0.357
vn 0.275 0.891 0.361
vn 0.007 0.985 0.170
vn 0.020 0.972 0.233
vn 0.199 0.937 -0.288
vn -0.119 0.989 -0.088
vn -0.182 0.983 0.021
vn 0.187 0.975 -0.122
vn -0.247 0.963 0.106
vn -0.091 0.982 0.163
vn -0.138 0.948 0.286
vn -0.192 0.859 0.475
vn -0.029 0.973 0.230
vn -0.402 0.884 0.241
vn -0.303 0.946 0.113
vn 0.020 1.000 0.017
vn 0.048 0.958 0.283
vn 0.417 0.779 0.469
vn 0.448 0.878 0.172
vn -0.293 0.763 -0.577
vn 0.274 0.933 -0.234
vn 0.126 0.992 0.013
vn 0.079 0.781 0.620
vn -0.167 0.974 0.150
vn 0.084 0.940 0.331
vn -0.016 0.964 0.264
vn -0.116 0.981 0.153
vn -0.039 0.956 0.292
vn 0.137 0.985 0.100
vn 0.307 0.927 -0.216
vn 0.008 0.996 -0.091
vn 0.116 0.975 0.190
vn -0.268 0.855 0.444
vn 0.147 0.958 0.247
vn -0.153 0.961 0.232
vn -0.165 0.967 0.193
vn -0.135 0.908 0.397
vn 0.082 0.996 0.032
vn 0.035 0.996 0.079
vn -0.056 0.998 0.021
vn 0.117 0.942 0.313
vn 0.189 0.972 0.137
vn 0.539 0.830 0.145
vn 0.178 0.955 -0.235
vn 0.195 0.974 -0.115
vn -0.220 0.950 -0.222
vn 0.525 0.617 0.587
vn -0.037 0.997 0.075
vn 0.183 0.898 0.400
vn -0.352 0.887 -0.298
vn 0.155 0.986 -0.068
vn 0.175 0.984 0.041
vn 0.403 0.716 0.570
vn 0.074 0.997 -0.010
vn 0.034 0.860 0.508
vn -0.181 0.943 0.279
vn -0.111 0.955 0.275
vn 0.092 0.963 0.253
vn 0.060 0.995 -0.079
vn -0.226 0.974 0.012
vn 0.045 0.997 0.058
vn -0.039 0.981 0.193
vn 0.056 0.998 -0.016
vn -0.001 0.976 0.220
vn 0.014 0.808 0.588
vn 0.050 0.981 0.187
vn -0.086 0.996 -0.002
vn -0.021 0.999 0.028
vn 0.070 0.996 -0.056
vn 0.006 0.992 -0.123
vn -0.013 0.994 -0.110
vn -0.027 0.995 -0.094
vn 0.017 0.999 -0.048
vn 0.228 0.970 -0.081
vn 0.109 0.990 -0.090
vn 0.080 0.997 0.015
vn -0.211 0.896 -0.390
vn -0.264 0.829 -0.493
vn -0.288 0.909 -0.300
vn -0.019 0.942 -0.336
vn -0.085 0.941 -0.327
vn -0.074 0.976 -0.205
vn 0.009 0.999 -0.035
vn -0.183 0.790 -0.585
vn 0.062 0.995 -0.078
vn -0.039 0.928 -0.370
vn -0.157 0.910 -0.384
vn -0.239 0.722 -0.649
vn -0.029 0.856 -0.517
vn 0.001 0.998 -0.058
vn -0.125 0.974 -0.191
vn 0.280 0.924 -0.261
vn 0.064 0.996 0.061
vn 0.006 1.000 0.004
vn -0.021 0.982 0.188
vn -0.145 0.988 -0.051
vn 0.031 0.990 0.141
vn -0.014 0.961 -0.277
vn -0.070 0.948 -0.311
vn -0.127 0.989 -0.071
vn -0.152 0.951 -0.270
vn -0.022 0.993 0.117
vn -0.164 0.842 -0.514
vn -0.146 0.859 -0.490
vn -0.082 0.899 -0.430
vn -0.116 0.919 -0.376
vn -0.041 0.999 0.007
vn -0.113 0.958 -0.263
vn -0.010 1.000 -0.001
vn 0.071 0.960 -0.271
vn 0.113 0.855 -0.506
vn 0.049 0.900 -0.434
vn -0.013 0.807 -0.591
vn 0.172 0.903 -0.394
vn 0.153 0.842 -0.518
vn -0.044 0.818 -0.573
vn -0.013 0.834 -0.552
vn -0.178 0.980 0.090
vn 0.207 0.954 -0.218
vn -0.026 0.815 -0.579
vn 0.042 0.928 -0.370
vn -0.093 0.855 -0.510
vn 0.080 0.939 -0.335
vn -0.130 0.983 0.133
vn -0.477 0.755 -0.450
vn -0.017 0.885 0.465
vn 0.007 0.984 -0.176
vn -0.048 0.999 -0.025
vn -0.501 0.817 -0.286
vn 0.020 0.994 -0.108
vn -0.318 0.859 -0.402
vn 0.089 0.996 0.016
vn -0.030 0.968 0.249
vn -0.123 0.985 -0.119
vn 0.023 0.999 -0.026
vn -0.014 0.999 -0.035
vn -0.001 1.000 -0.009
vn -0.033 0.999 -0.013
vn 0.083 0.989 0.121
vn 0.262 0.855 0.448
vn 0.103 0.972 0.210
vn 0.463 0.844 0.269
vn 0.106 0.991 0.084
vn -0.005 0.923 0.384
vn -0.049 0.996 0.075
vn -0.122 0.963 0.241
vn -0.080 0.928 0.365
vn -0.167 0.956 0.243
vn 0.051 0.989 -0.138
vn -0.028 0.988 0.151
vn 0.104 0.989 0.107
vn 0.036 0.999 0.041
vn 0.093 0.953 0.289
vn -0.032 0.971 0.238
vn 0.028 0.975 0.221
vn 0.110 0.985 0.136
vn 0.196 0.980 -0.026
vn -0.091 0.932 0.350
vn 0.054 0.964 0.260
vn 0.198 0.959 0.201
vn -0.029 1.000 -0.010
vn 0.003 1.000 -0.021
vn -0.045 0.999 -0.015
vn 0.067 0.997 -0.034
vn 0.212 0.977 -0.014
vn -0.002 1.000 -0.010
vn -0.305 0.950 -0.066
vn -0.062 0.941 0.332
vn -0.211 0.968 -0.133
vn -0.001 0.957 0.289
vn 0.161 0.968 0.193
vn -0.051 0.999 -0.005
vn 0.028 0.890 0.456
vn 0.008 0.987 -0.159
vn -0.019 0.860 0.509
vn -0.053 0.963 -0.264
vn 0.037 0.991 -0.129
vn 0.209 0.896 -0.392
vn 0.104 0.990 -0.099
vn 0.384 0.852 -0.355
vn -0.141 0.980 -0.142
vn -0.317 0.945 -0.080
vn -0.369 0.929 0.017
vn 0.123 0.991 -0.058
vn 0.013 1.000 0.027
vn -0.096 0.982 0.164
vn 0.042 0.967 0.251
vn -0.007 0.981 0.192
vn 0.032 0.960 0.278
vn -0.003 0.939 0.344
vn -0.176 0.978 -0.109
vn 0.166 0.973 -0.161
vn -0.036 0.949 -0.314
vn -0.050 0.976 0.211
vn -0.074 0.964 0.256
vn -0.115 0.955 0.274
vn -0.072 0.990 0.120
vn -0.068 0.982 0.176
vn 0.010 0.996 0.093
vn 0.262 0.915 0.306
vn -0.055 0.976 0.212
vn 0.061 0.998 -0.016
vn -0.261 0.845 -0.466
vn -0.525 0.778 -0.345
vn 0.185 0.925 0.332
vn 0.018 0.940 -0.341
vn -0.200 0.868 -0.454
vn -0.045 0.998 -0.048
vn 0.271 0.776 -0.570
vn 0.241 0.864 -0.442
vn -0.009 0.958 0.285
vn 0.280 0.935 -0.219
vn 0.033 0.999 0.044
vn 0.033 0.972 -0.233
vn -0.041 0.998 -0.047
vn 0.089 0.991 0.095
vn -0.227 0.890 -0.395
vn -0.022 0.946 0.325
vn -0.207 0.975 -0.083
vn -0.330 0.822 -0.464
vn 0.073 0.992 0.099
vn -0.077 0.958 -0.276
vn -0.278 0.910 -0.307
vn -0.191 0.898 -0.395
vn -0.418 0.765 -0.490
vn 0.008 0.998 0.060
vn -0.016 0.946 -0.324
vn 0.168 0.963 -0.210
vn -0.067 0.960 -0.272
vn 0.053 0.993 -0.109
vn -0.021 0.994 -0.107
vn -0.050 0.999 -0.022
vn -0.032 0.997 -0.068
vn -0.017 0.997 -0.072
vn 0.209 0.942 0.262
vn 0.145 0.984 0.105
vn 0.177 0.844 0.506
vn 0.095 0.992 -0.083
vn -0.057 0.982 0.181
vn -0.063 0.997 -0.050
vn 0.225 0.974 -0.033
vn -0.011 0.998 -0.061
vn -0.012 0.998 -0.068
vn 0.010 0.997 -0.082
vn 0.163 0.895 0.415
vn 0.254 0.967 -0.019
vn 0.116 0.981 0.157
vn 0.001 0.975 -0.224
vn 0.240 0.879 0.413
vn 0.339 0.869 0.360
vn 0.230 0.955 0.186
vn 0.085 0.992 0.088
vn 0.489 0.867 0.097
vn -0.000 1.000 0.008
vn -0.078 0.995 0.066
vn 0.128 0.991 0.033
vn 0.182 0.963 0.197
vn 0.147 0.982 0.121
vn -0.291 0.912 -0.288
vn -0.039 0.999 -0.007
vn -0.251 0.936 -0.248
vn -0.163 0.946 -0.282
vn 0.141 0.958 -0.249
vn 0.175 0.942 -0.285
vn 0.429 0.901 -0.058
vn 0.249 0.924 -0.291
vn -0.529 0.833 -0.161
vn -0.073 0.996 -0.053
vn 0.052 0.912 -0.407
vn -0.342 0.831 0.439
vn -0.480 0.840 0.251
vn -0.052 0.782 -0.621
vn -0.017 0.992 -0.121
vn -0.201 0.927 -0.318
vn 0.413 0.873 -0.258
vn 0.281 0.950 -0.134
vn 0.307 0.896 -0.321
vn -0.021 0.999 0.035
vn 0.275 0.827 -0.490
vn -0.007 1.000 -0.023
vn -0.019 1.000 -0.018
vn -0.131 0.985 -0.114
vn -0.149 0.987 -0.063
vn -0.243 0.907 -0.343
vn -0.159 0.916 -0.369
vn 0.034 0.965 -0.260
vn -0.171 0.976 0.131
vn -0.043 0.994 0.097
vn -0.019 0.997 0.077
vn -0.048 0.995 0.084
vn -0.060 0.990 0.131
vn -0.048 0.993 0.105
vn 0.139 0.988 -0.066
vn 0.215 0.970 0.114
vn -0.013 0.985 -0.172
vn -0.053 0.993 0.108
vn -0.069 0.995 0.075
vn 0.175 0.884 0.433
vn -0.218 0.975 -0.049
vn 0.045 0.960 0.275
vn 0.208 0.892 0.400
vn -0.294 0.738 -0.608
vn -0.008 0.991 0.137
vn -0.211 0.672 -0.710
vn -0.023 0.901 -0.434
vn 0.195 0.978 -0.078
vn 0.092 0.835 0.543
vn 0.092 0.915 0.393
vn -0.030 0.991 -0.131
vn 0.157 0.866 0.474
vn 0.074 0.964 -0.254
vn 0.127 0.983 0.129
vn -0.179 0.892 -0.415
vn -0.265 0.816 -0.514
vn -0.322 0.912 -0.254
vn -0.006 0.927 -0.375
vn -0.276 0.876 -0.394
vn -0.073 0.997 -0.033
vn -0.058 0.996 -0.065
vn 0.009 0.995 -0.098
vn -0.042 0.998 -0.052
vn -0.006 0.999 -0.048
vt 0.000000 0.000000
vt 0.031250 0.000000
vt 0.062500 0.000000
vt 0.093750 0.000000
vt 0.125000 0.000000
vt 0.156250 0.000000
vt 0.187500 0.000000
vt 0.218750 0.000000
vt 0.203125 0.000000
vt 0.210937 0.000000
vt 0.250000 0.000000
vt 0.234375 0.000000
vt 0.281250 0.000000
vt 0.312500 0.000000
vt 0.343750 0.000000
vt 0.375000 0.000000
vt 0.406250 0.000000
vt 0.437500 0.000000
vt 0.468750 0.000000
vt 0.500000 0.000000
vt 0.531250 0.000000
vt 0.562500 0.000000
vt 0.593750 0.000000
vt 0.625000 0.000000
vt 0.656250 0.000000
vt 0.687500 0.000000
vt 0.718750 0.000000
vt 0.750000 0.000000
vt 0.781250 0.000000
vt 0.812500 0.000000
vt 0.843750 0.000000
vt 0.828125 0.000000
vt 0.875000 0.000000
vt 0.906250 0.000000
vt 0.937500 0.000000
vt 0.921875 0.000000
vt 0.968750 0.000000
vt 0.953125 0.000000
vt 1.000000 0.000000
vt 0.000000 0.031265
vt 0.031250 0.031265
vt 0.062500 0.031265
vt 0.093750 0.031265
vt 0.125000 0.031265
vt 0.156250 0.031265
vt 0.171875 0.015633
vt 0.187500 0.015633
vt 0.179687 0.023449
vt 0.187500 0.031265
vt 0.171875 0.031265
vt 0.203125 0.015633
vt 0.210937 0.007816
vt 0.214844 0.003908
vt 0.218750 0.031265
vt 0.218750 0.015633
vt 0.218750 0.007816
vt 0.234375 0.015633
vt 0.226563 0.007816
vt 0.250000 0.031265
vt 0.265625 0.015633
vt 0.281250 0.015633
vt 0.273438 0.023449
vt 0.281250 0.031265
vt 0.281250 0.023449
vt 0.265625 0.031265
vt 0.296875 0.015633
vt 0.289063 0.023449
vt 0.312500 0.031265
vt 0.296875 0.031265
vt 0.343750 0.031265
vt 0.375000 0.031265
vt 0.406250 0.031265
vt 0.437500 0.031265
vt 0.453125 0.015633
vt 0.468750 0.031265
vt 0.500000 0.031265
vt 0.531250 0.031265
vt 0.562500 0.031265
vt 0.593750 0.031265
vt 0.625000 0.031265
vt 0.656250 0.031265
vt 0.671875 0.015633
vt 0.687500 0.031265
vt 0.703125 0.015633
vt 0.718750 0.031265
vt 0.703125 0.031265
vt 0.750000 0.031265
vt 0.781250 0.031265
vt 0.812500 0.031265
vt 0.828125 0.015633
vt 0.843750 0.031265
vt 0.875000 0.031265
vt 0.906250 0.031265
vt 0.921875 0.015633
vt 0.937500 0.031265
vt 0.937500 0.015633
vt 0.953125 0.015633
vt 0.945313 0.023449
vt 0.968750 0.031265
vt 0.953125 0.031265
vt 0.945313 0.031265
vt 0.984375 0.015633
vt 1.000000 0.031265
vt 1.000000 0.015633
vt 0.000000 0.062531
vt 0.031250 0.062531
vt 0.062500 0.062531
vt 0.093750 0.062531
vt 0.125000 0.062531
vt 0.140625 0.046898
vt 0.156250 0.062531
vt 0.156250 0.046898
vt 0.171875 0.046898
vt 0.187500 0.062531
vt 0.218750 0.062531
vt 0.250000 0.062531
vt 0.265625 0.046898
vt 0.281250 0.062531
vt 0.296875 0.046898
vt 0.312500 0.062531
vt 0.343750 0.062531
vt 0.375000 0.062531
vt 0.406250 0.062531
vt 0.437500 0.062531
vt 0.468750 0.062531
vt 0.500000 0.062531
vt 0.515625 0.046898
vt 0.531250 0.062531
vt 0.531250 0.046898
vt 0.546875 0.046898
vt 0.539063 0.054714
vt 0.562500 0.062531
vt 0.546875 0.062531
vt 0.593750 0.062531
vt 0.625000 0.062531
vt 0.656250 0.062531
vt 0.687500 0.062531
vt 0.703125 0.046898
vt 0.710938 0.039082
vt 0.718750 0.062531
vt 0.718750 0.046898
vt 0.734375 0.046898
vt 0.750000 0.062531
vt 0.781250 0.062531
vt 0.812500 0.062531
vt 0.828125 0.046898
vt 0.843750 0.062531
vt 0.843750 0.046898
vt 0.859375 0.046898
vt 0.875000 0.062531
vt 0.906250 0.062531
vt 0.921875 0.046898
vt 0.937500 0.062531
vt 0.937500 0.046898
vt 0.953125 0.046898
vt 0.945313 0.039082
vt 0.968750 0.062531
vt 0.984375 0.046898
vt 1.000000 0.062531
vt 0.984375 0.062531
vt 0.000000 0.093796
vt 0.031250 0.093796
vt 0.062500 0.093796
vt 0.093750 0.093796
vt 0.109375 0.078163
vt 0.125000 0.093796
vt 0.109375 0.093796
vt 0.156250 0.093796
vt 0.187500 0.093796
vt 0.218750 0.093796
vt 0.250000 0.093796
vt 0.281250 0.093796
vt 0.312500 0.093796
vt 0.343750 0.093796
vt 0.375000 0.093796
vt 0.406250 0.093796
vt 0.437500 0.093796
vt 0.468750 0.093796
vt 0.500000 0.093796
vt 0.531250 0.093796
vt 0.546875 0.078163
vt 0.562500 0.093796
vt 0.593750 0.093796
vt 0.625000 0.093796
vt 0.656250 0.093796
vt 0.671875 0.078163
vt 0.687500 0.093796
vt 0.718750 0.093796
vt 0.750000 0.093796
vt 0.781250 0.093796
vt 0.812500 0.093796
vt 0.843750 0.093796
vt 0.875000 0.093796
vt 0.906250 0.093796
vt 0.937500 0.093796
vt 0.968750 0.093796
vt 0.984375 0.078163
vt 0.992188 0.070347
vt 1.000000 0.093796
vt 1.000000 0.078163
vt 1.000000 0.070347
vt 0.000000 0.125061
vt 0.031250 0.125061
vt 0.062500 0.125061
vt 0.093750 0.125061
vt 0.109375 0.109428
vt 0.125000 0.125061
vt 0.156250 0.125061
vt 0.171875 0.109428
vt 0.187500 0.125061
vt 0.187500 0.109428
vt 0.171875 0.125061
vt 0.203125 0.109428
vt 0.218750 0.125061
vt 0.250000 0.125061
vt 0.281250 0.125061
vt 0.312500 0.125061
vt 0.343750 0.125061
vt 0.375000 0.125061
vt 0.406250 0.125061
vt 0.437500 0.125061
vt 0.468750 0.125061
vt 0.500000 0.125061
vt 0.531250 0.125061
vt 0.562500 0.125061
vt 0.593750 0.125061
vt 0.609375 0.109428
vt 0.625000 0.125061
vt 0.625000 0.109428
vt 0.640625 0.109428
vt 0.632813 0.117245
vt 0.656250 0.125061
vt 0.640625 0.125061
vt 0.687500 0.125061
vt 0.718750 0.125061
vt 0.750000 0.125061
vt 0.781250 0.125061
vt 0.812500 0.125061
vt 0.843750 0.125061
vt 0.875000 0.125061
vt 0.906250 0.125061
vt 0.937500 0.125061
vt 0.968750 0.125061
vt 1.000000 0.125061
vt 0.000000 0.156326
vt 0.031250 0.156326
vt 0.062500 0.156326
vt 0.093750 0.156326
vt 0.125000 0.156326
vt 0.156250 0.156326
vt 0.171875 0.140694
vt 0.179687 0.132877
vt 0.179687 0.148510
vt 0.187500 0.140694
vt 0.179687 0.140694
vt 0.187500 0.156326
vt 0.171875 0.156326
vt 0.203125 0.140694
vt 0.218750 0.156326
vt 0.250000 0.156326
vt 0.281250 0.156326
vt 0.312500 0.156326
vt 0.343750 0.156326
vt 0.375000 0.156326
vt 0.406250 0.156326
vt 0.437500 0.156326
vt 0.468750 0.156326
vt 0.500000 0.156326
vt 0.531250 0.156326
vt 0.562500 0.156326
vt 0.593750 0.156326
vt 0.625000 0.156326
vt 0.640625 0.140694
vt 0.656250 0.156326
vt 0.687500 0.156326
vt 0.718750 0.156326
vt 0.750000 0.156326
vt 0.781250 0.156326
vt 0.812500 0.156326
vt 0.843750 0.156326
vt 0.875000 0.156326
vt 0.906250 0.156326
vt 0.937500 0.156326
vt 0.968750 0.156326
vt 1.000000 0.156326
vt 0.000000 0.187592
vt 0.031250 0.187592
vt 0.046875 0.171959
vt 0.062500 0.171959
vt 0.054688 0.179775
vt 0.062500 0.187592
vt 0.046875 0.187592
vt 0.078125 0.171959
vt 0.093750 0.187592
vt 0.109375 0.171959
vt 0.125000 0.187592
vt 0.125000 0.171959
vt 0.140625 0.171959
vt 0.132813 0.179775
vt 0.156250 0.171959
vt 0.148437 0.179775
vt 0.156250 0.187592
vt 0.140625 0.187592
vt 0.140625 0.179775
vt 0.171875 0.171959
vt 0.187500 0.187592
vt 0.218750 0.187592
vt 0.250000 0.187592
vt 0.281250 0.187592
vt 0.296875 0.171959
vt 0.312500 0.187592
vt 0.312500 0.171959
vt 0.328125 0.171959
vt 0.320313 0.179775
vt 0.343750 0.171959
vt 0.335938 0.179775
vt 0.343750 0.187592
vt 0.328125 0.187592
vt 0.328125 0.179775
vt 0.359375 0.171959
vt 0.375000 0.187592
vt 0.406250 0.187592
vt 0.437500 0.187592
vt 0.468750 0.187592
vt 0.500000 0.187592
vt 0.531250 0.187592
vt 0.562500 0.187592
vt 0.578125 0.171959
vt 0.593750 0.187592
vt 0.593750 0.171959
vt 0.578125 0.187592
vt 0.609375 0.171959
vt 0.601563 0.179775
vt 0.625000 0.187592
vt 0.609375 0.187592
vt 0.601563 0.187592
vt 0.656250 0.187592
vt 0.687500 0.187592
vt 0.718750 0.187592
vt 0.734375 0.171959
vt 0.750000 0.187592
vt 0.734375 0.187592
vt 0.781250 0.187592
vt 0.812500 0.187592
vt 0.843750 0.187592
vt 0.875000 0.187592
vt 0.906250 0.187592
vt 0.937500 0.187592
vt 0.968750 0.187592
vt 1.000000 0.187592
vt 0.000000 0.218857
vt 0.031250 0.218857
vt 0.046875 0.203224
vt 0.062500 0.218857
vt 0.046875 0.218857
vt 0.078125 0.203224
vt 0.093750 0.218857
vt 0.093750 0.203224
vt 0.109375 0.203224
vt 0.101563 0.211041
vt 0.125000 0.218857
vt 0.109375 0.218857
vt 0.101563 0.218857
vt 0.140625 0.203224
vt 0.156250 0.218857
vt 0.187500 0.218857
vt 0.218750 0.218857
vt 0.250000 0.218857
vt 0.281250 0.218857
vt 0.312500 0.218857
vt 0.328125 0.203224
vt 0.343750 0.218857
vt 0.375000 0.218857
vt 0.406250 0.218857
vt 0.437500 0.218857
vt 0.468750 0.218857
vt 0.500000 0.218857
vt 0.531250 0.218857
vt 0.562500 0.218857
vt 0.578125 0.203224
vt 0.593750 0.203224
vt 0.585938 0.211041
vt 0.593750 0.218857
vt 0.593750 0.211041
vt 0.578125 0.218857
vt 0.601563 0.195408
vt 0.601563 0.203224
vt 0.609375 0.203224
vt 0.601563 0.211041
vt 0.597656 0.207132
vt 0.625000 0.218857
vt 0.609375 0.218857
vt 0.656250 0.218857
vt 0.687500 0.218857
vt 0.718750 0.218857
vt 0.734375 0.203224
vt 0.742188 0.195408
vt 0.750000 0.218857
vt 0.750000 0.203224
vt 0.765625 0.203224
vt 0.781250 0.218857
vt 0.812500 0.218857
vt 0.843750 0.218857
vt 0.875000 0.218857
vt 0.906250 0.218857
vt 0.937500 0.218857
vt 0.968750 0.218857
vt 1.000000 0.218857
vt 0.000000 0.250122
vt 0.031250 0.250122
vt 0.046875 0.234490
vt 0.062500 0.250122
vt 0.078125 0.234490
vt 0.093750 0.250122
vt 0.093750 0.234490
vt 0.109375 0.234490
vt 0.101563 0.226673
vt 0.117188 0.226673
vt 0.109375 0.226673
vt 0.105469 0.222765
vt 0.125000 0.234490
vt 0.117188 0.242306
vt 0.125000 0.250122
vt 0.125000 0.242306
vt 0.109375 0.250122
vt 0.140625 0.234490
vt 0.132813 0.242306
vt 0.156250 0.250122
vt 0.140625 0.250122
vt 0.171875 0.234490
vt 0.187500 0.250122
vt 0.171875 0.250122
vt 0.218750 0.250122
vt 0.250000 0.250122
vt 0.281250 0.250122
vt 0.312500 0.250122
vt 0.343750 0.250122
vt 0.375000 0.250122
vt 0.406250 0.250122
vt 0.437500 0.250122
vt 0.468750 0.250122
vt 0.500000 0.250122
vt 0.531250 0.250122
vt 0.562500 0.250122
vt 0.578125 0.234490
vt 0.593750 0.250122
vt 0.609375 0.234490
vt 0.625000 0.250122
vt 0.656250 0.250122
vt 0.687500 0.250122
vt 0.718750 0.250122
vt 0.750000 0.250122
vt 0.781250 0.250122
vt 0.812500 0.250122
vt 0.843750 0.250122
vt 0.875000 0.250122
vt 0.906250 0.250122
vt 0.937500 0.250122
vt 0.968750 0.250122
vt 1.000000 0.250122
vt 0.000000 0.281387
vt 0.015625 0.265755
vt 0.031250 0.281387
vt 0.015625 0.281387
vt 0.062500 0.281387
vt 0.093750 0.281387
vt 0.109375 0.265755
vt 0.125000 0.281387
vt 0.140625 0.265755
vt 0.156250 0.281387
vt 0.156250 0.265755
vt 0.171875 0.265755
vt 0.164063 0.257938
vt 0.187500 0.281387
vt 0.218750 0.281387
vt 0.250000 0.281387
vt 0.281250 0.281387
vt 0.312500 0.281387
vt 0.343750 0.281387
vt 0.375000 0.281387
vt 0.406250 0.281387
vt 0.437500 0.281387
vt 0.468750 0.281387
vt 0.500000 0.281387
vt 0.531250 0.281387
vt 0.546875 0.265755
vt 0.562500 0.281387
vt 0.546875 0.281387
vt 0.578125 0.265755
vt 0.593750 0.281387
vt 0.578125 0.281387
vt 0.609375 0.265755
vt 0.625000 0.265755
vt 0.617188 0.273571
vt 0.625000 0.281387
vt 0.609375 0.281387
vt 0.640625 0.265755
vt 0.656250 0.281387
vt 0.687500 0.281387
vt 0.703125 0.265755
vt 0.718750 0.281387
vt 0.734375 0.265755
vt 0.750000 0.281387
vt 0.781250 0.281387
vt 0.812500 0.281387
vt 0.843750 0.281387
vt 0.875000 0.281387
vt 0.906250 0.281387
vt 0.937500 0.281387
vt 0.968750 0.281387
vt 1.000000 0.281387
vt 0.000000 0.297020
vt 0.015625 0.297020
vt 0.007813 0.289204
vt 0.000000 0.312653
vt 0.031250 0.312653
vt 0.062500 0.312653
vt 0.093750 0.312653
vt 0.125000 0.312653
vt 0.156250 0.312653
vt 0.187500 0.312653
vt 0.218750 0.312653
vt 0.250000 0.312653
vt 0.281250 0.312653
vt 0.312500 0.312653
vt 0.343750 0.312653
vt 0.375000 0.312653
vt 0.406250 0.312653
vt 0.437500 0.312653
vt 0.468750 0.312653
vt 0.500000 0.312653
vt 0.531250 0.312653
vt 0.546875 0.297020
vt 0.554688 0.289204
vt 0.562500 0.312653
vt 0.562500 0.297020
vt 0.562500 0.289204
vt 0.578125 0.297020
vt 0.570313 0.289204
vt 0.593750 0.312653
vt 0.609375 0.297020
vt 0.625000 0.312653
vt 0.656250 0.312653
vt 0.671875 0.297020
vt 0.687500 0.312653
vt 0.687500 0.297020
vt 0.671875 0.312653
vt 0.703125 0.297020
vt 0.695313 0.304836
vt 0.718750 0.312653
vt 0.703125 0.312653
vt 0.750000 0.312653
vt 0.781250 0.312653
vt 0.812500 0.312653
vt 0.843750 0.312653
vt 0.875000 0.312653
vt 0.906250 0.312653
vt 0.937500 0.312653
vt 0.968750 0.312653
vt 1.000000 0.312653
vt 0.000000 0.343918
vt 0.031250 0.343918
vt 0.062500 0.343918
vt 0.093750 0.343918
vt 0.125000 0.343918
vt 0.156250 0.343918
vt 0.187500 0.343918
vt 0.218750 0.343918
vt 0.250000 0.343918
vt 0.281250 0.343918
vt 0.312500 0.343918
vt 0.343750 0.343918
vt 0.375000 0.343918
vt 0.406250 0.343918
vt 0.437500 0.343918
vt 0.468750 0.343918
vt 0.500000 0.343918
vt 0.531250 0.343918
vt 0.562500 0.343918
vt 0.593750 0.343918
vt 0.625000 0.343918
vt 0.656250 0.343918
vt 0.671875 0.328285
vt 0.687500 0.343918
vt 0.671875 0.343918
vt 0.703125 0.328285
vt 0.718750 0.343918
vt 0.734375 0.328285
vt 0.750000 0.328285
vt 0.742188 0.336102
vt 0.750000 0.343918
vt 0.734375 0.343918
vt 0.742188 0.343918
vt 0.765625 0.328285
vt 0.781250 0.343918
vt 0.812500 0.343918
vt 0.843750 0.343918
vt 0.875000 0.343918
vt 0.906250 0.343918
vt 0.937500 0.343918
vt 0.968750 0.343918
vt 1.000000 0.343918
vt 0.000000 0.375183
vt 0.031250 0.375183
vt 0.062500 0.375183
vt 0.093750 0.375183
vt 0.125000 0.375183
vt 0.156250 0.375183
vt 0.187500 0.375183
vt 0.218750 0.375183
vt 0.250000 0.375183
vt 0.281250 0.375183
vt 0.312500 0.375183
vt 0.343750 0.375183
vt 0.375000 0.375183
vt 0.406250 0.375183
vt 0.437500 0.375183
vt 0.468750 0.375183
vt 0.500000 0.375183
vt 0.531250 0.375183
vt 0.562500 0.375183
vt 0.593750 0.375183
vt 0.625000 0.375183
vt 0.656250 0.375183
vt 0.671875 0.359551
vt 0.679688 0.351734
vt 0.679688 0.367367
vt 0.687500 0.359551
vt 0.679688 0.359551
vt 0.687500 0.375183
vt 0.671875 0.375183
vt 0.703125 0.359551
vt 0.718750 0.375183
vt 0.718750 0.359551
vt 0.734375 0.359551
vt 0.726563 0.351734
vt 0.734375 0.351734
vt 0.742188 0.351734
vt 0.738281 0.347826
vt 0.750000 0.375183
vt 0.750000 0.359551
vt 0.765625 0.359551
vt 0.781250 0.375183
vt 0.812500 0.375183
vt 0.843750 0.375183
vt 0.875000 0.375183
vt 0.906250 0.375183
vt 0.937500 0.375183
vt 0.968750 0.375183
vt 1.000000 0.375183
vt 0.000000 0.406448
vt 0.031250 0.406448
vt 0.062500 0.406448
vt 0.093750 0.406448
vt 0.125000 0.406448
vt 0.156250 0.406448
vt 0.187500 0.406448
vt 0.218750 0.406448
vt 0.250000 0.406448
vt 0.281250 0.406448
vt 0.312500 0.406448
vt 0.343750 0.406448
vt 0.375000 0.406448
vt 0.406250 0.406448
vt 0.437500 0.406448
vt 0.468750 0.406448
vt 0.500000 0.406448
vt 0.531250 0.406448
vt 0.562500 0.406448
vt 0.593750 0.406448
vt 0.625000 0.406448
vt 0.656250 0.406448
vt 0.671875 0.390816
vt 0.679688 0.383000
vt 0.687500 0.406448
vt 0.687500 0.390816
vt 0.703125 0.390816
vt 0.718750 0.406448
vt 0.750000 0.406448
vt 0.765625 0.390816
vt 0.781250 0.390816
vt 0.773438 0.398632
vt 0.781250 0.406448
vt 0.781250 0.398632
vt 0.765625 0.406448
vt 0.796875 0.390816
vt 0.789063 0.398632
vt 0.812500 0.390816
vt 0.804688 0.398632
vt 0.812500 0.406448
vt 0.812500 0.398632
vt 0.796875 0.406448
vt 0.828125 0.390816
vt 0.820313 0.398632
vt 0.816406 0.402540
vt 0.843750 0.406448
vt 0.828125 0.406448
vt 0.820313 0.406448
vt 0.875000 0.406448
vt 0.906250 0.406448
vt 0.937500 0.406448
vt 0.968750 0.406448
vt 1.000000 0.406448
vt 0.000000 0.437714
vt 0.031250 0.437714
vt 0.062500 0.437714
vt 0.093750 0.437714
vt 0.125000 0.437714
vt 0.156250 0.437714
vt 0.187500 0.437714
vt 0.218750 0.437714
vt 0.234375 0.422081
vt 0.250000 0.437714
vt 0.234375 0.437714
vt 0.281250 0.437714
vt 0.312500 0.437714
vt 0.343750 0.437714
vt 0.375000 0.437714
vt 0.406250 0.437714
vt 0.437500 0.437714
vt 0.468750 0.437714
vt 0.500000 0.437714
vt 0.531250 0.437714
vt 0.562500 0.437714
vt 0.593750 0.437714
vt 0.625000 0.437714
vt 0.656250 0.437714
vt 0.687500 0.437714
vt 0.718750 0.437714
vt 0.750000 0.437714
vt 0.765625 0.422081
vt 0.781250 0.437714
vt 0.796875 0.422081
vt 0.812500 0.437714
vt 0.812500 0.422081
vt 0.828125 0.422081
vt 0.820313 0.414265
vt 0.843750 0.437714
vt 0.875000 0.437714
vt 0.906250 0.437714
vt 0.937500 0.437714
vt 0.968750 0.437714
vt 1.000000 0.437714
vt 0.000000 0.468979
vt 0.031250 0.468979
vt 0.062500 0.468979
vt 0.093750 0.468979
vt 0.125000 0.468979
vt 0.156250 0.468979
vt 0.171875 0.453346
vt 0.187500 0.468979
vt 0.171875 0.468979
vt 0.218750 0.468979
vt 0.234375 0.453346
vt 0.250000 0.468979
vt 0.234375 0.468979
vt 0.281250 0.468979
vt 0.312500 0.468979
vt 0.343750 0.468979
vt 0.375000 0.468979
vt 0.406250 0.468979
vt 0.437500 0.468979
vt 0.468750 0.468979
vt 0.500000 0.468979
vt 0.531250 0.468979
vt 0.562500 0.468979
vt 0.578125 0.453346
vt 0.593750 0.453346
vt 0.585938 0.461163
vt 0.593750 0.468979
vt 0.593750 0.461163
vt 0.578125 0.468979
vt 0.609375 0.453346
vt 0.601563 0.461163
vt 0.625000 0.453346
vt 0.617188 0.461163
vt 0.625000 0.468979
vt 0.609375 0.468979
vt 0.609375 0.461163
vt 0.640625 0.453346
vt 0.656250 0.468979
vt 0.687500 0.468979
vt 0.718750 0.468979
vt 0.750000 0.468979
vt 0.781250 0.468979
vt 0.812500 0.468979
vt 0.828125 0.453346
vt 0.843750 0.468979
vt 0.843750 0.453346
vt 0.859375 0.453346
vt 0.851563 0.461163
vt 0.875000 0.468979
vt 0.859375 0.468979
vt 0.890625 0.453346
vt 0.906250 0.468979
vt 0.937500 0.468979
vt 0.968750 0.468979
vt 1.000000 0.468979
vt 0.000000 0.500244
vt 0.015625 0.484612
vt 0.031250 0.500244
vt 0.031250 0.484612
vt 0.046875 0.484612
vt 0.039063 0.492428
vt 0.062500 0.500244
vt 0.046875 0.500244
vt 0.093750 0.500244
vt 0.125000 0.500244
vt 0.156250 0.500244
vt 0.171875 0.484612
vt 0.179687 0.476795
vt 0.179687 0.492428
vt 0.187500 0.484612
vt 0.179687 0.484612
vt 0.187500 0.500244
vt 0.171875 0.500244
vt 0.203125 0.484612
vt 0.218750 0.500244
vt 0.218750 0.484612
vt 0.234375 0.484612
vt 0.226563 0.476795
vt 0.226563 0.492428
vt 0.250000 0.500244
vt 0.234375 0.500244
vt 0.281250 0.500244
vt 0.312500 0.500244
vt 0.343750 0.500244
vt 0.375000 0.500244
vt 0.406250 0.500244
vt 0.437500 0.500244
vt 0.468750 0.500244
vt 0.500000 0.500244
vt 0.515625 0.484612
vt 0.531250 0.500244
vt 0.531250 0.484612
vt 0.546875 0.484612
vt 0.539063 0.492428
vt 0.562500 0.484612
vt 0.554688 0.492428
vt 0.562500 0.500244
vt 0.546875 0.492428
vt 0.542969 0.496336
vt 0.546875 0.500244
vt 0.546875 0.496336
vt 0.539063 0.500244
vt 0.554688 0.500244
vt 0.550781 0.496336
vt 0.578125 0.484612
vt 0.593750 0.500244
vt 0.609375 0.484612
vt 0.625000 0.500244
vt 0.656250 0.500244
vt 0.687500 0.500244
vt 0.718750 0.500244
vt 0.750000 0.500244
vt 0.781250 0.500244
vt 0.812500 0.500244
vt 0.843750 0.500244
vt 0.859375 0.484612
vt 0.875000 0.500244
vt 0.890625 0.484612
vt 0.906250 0.500244
vt 0.937500 0.500244
vt 0.968750 0.500244
vt 1.000000 0.500244
vt 0.000000 0.531510
vt 0.031250 0.531510
vt 0.046875 0.515877
vt 0.062500 0.531510
vt 0.046875 0.531510
vt 0.093750 0.531510
vt 0.125000 0.531510
vt 0.156250 0.531510
vt 0.171875 0.515877
vt 0.187500 0.531510
vt 0.218750 0.531510
vt 0.234375 0.515877
vt 0.250000 0.531510
vt 0.281250 0.531510
vt 0.312500 0.531510
vt 0.343750 0.531510
vt 0.375000 0.531510
vt 0.406250 0.531510
vt 0.437500 0.531510
vt 0.468750 0.531510
vt 0.500000 0.531510
vt 0.515625 0.515877
vt 0.531250 0.531510
vt 0.531250 0.515877
vt 0.546875 0.515877
vt 0.539063 0.508061
vt 0.554688 0.508061
vt 0.562500 0.531510
vt 0.562500 0.515877
vt 0.578125 0.515877
vt 0.593750 0.531510
vt 0.625000 0.531510
vt 0.656250 0.531510
vt 0.687500 0.531510
vt 0.718750 0.531510
vt 0.750000 0.531510
vt 0.781250 0.531510
vt 0.812500 0.531510
vt 0.828125 0.515877
vt 0.843750 0.531510
vt 0.828125 0.531510
vt 0.875000 0.531510
vt 0.890625 0.515877
vt 0.906250 0.531510
vt 0.906250 0.515877
vt 0.921875 0.515877
vt 0.937500 0.531510
vt 0.921875 0.531510
vt 0.968750 0.531510
vt 1.000000 0.531510
vt 0.000000 0.562775
vt 0.031250 0.562775
vt 0.046875 0.547142
vt 0.054688 0.539326
vt 0.062500 0.562775
vt 0.062500 0.547142
vt 0.078125 0.547142
vt 0.093750 0.562775
vt 0.125000 0.562775
vt 0.140625 0.547142
vt 0.156250 0.562775
vt 0.140625 0.562775
vt 0.187500 0.562775
vt 0.203125 0.547142
vt 0.218750 0.547142
vt 0.210937 0.554958
vt 0.218750 0.562775
vt 0.203125 0.562775
vt 0.234375 0.547142
vt 0.250000 0.562775
vt 0.281250 0.562775
vt 0.312500 0.562775
vt 0.343750 0.562775
vt 0.375000 0.562775
vt 0.406250 0.562775
vt 0.437500 0.562775
vt 0.468750 0.562775
vt 0.500000 0.562775
vt 0.531250 0.562775
vt 0.562500 0.562775
vt 0.593750 0.562775
vt 0.625000 0.562775
vt 0.656250 0.562775
vt 0.687500 0.562775
vt 0.718750 0.562775
vt 0.750000 0.562775
vt 0.781250 0.562775
vt 0.796875 0.547142
vt 0.812500 0.562775
vt 0.812500 0.547142
vt 0.828125 0.547142
vt 0.820313 0.539326
vt 0.835938 0.539326
vt 0.828125 0.539326
vt 0.843750 0.562775
vt 0.843750 0.547142
vt 0.828125 0.562775
vt 0.859375 0.547142
vt 0.875000 0.562775
vt 0.906250 0.562775
vt 0.921875 0.547142
vt 0.937500 0.562775
vt 0.937500 0.547142
vt 0.953125 0.547142
vt 0.945313 0.554958
vt 0.968750 0.562775
vt 0.953125 0.562775
vt 1.000000 0.562775
vt 0.000000 0.594040
vt 0.031250 0.594040
vt 0.062500 0.594040
vt 0.093750 0.594040
vt 0.125000 0.594040
vt 0.140625 0.578407
vt 0.148437 0.570591
vt 0.156250 0.594040
vt 0.156250 0.578407
vt 0.171875 0.578407
vt 0.187500 0.594040
vt 0.203125 0.578407
vt 0.218750 0.594040
vt 0.250000 0.594040
vt 0.281250 0.594040
vt 0.312500 0.594040
vt 0.343750 0.594040
vt 0.375000 0.594040
vt 0.406250 0.594040
vt 0.437500 0.594040
vt 0.468750 0.594040
vt 0.500000 0.594040
vt 0.531250 0.594040
vt 0.546875 0.578407
vt 0.562500 0.578407
vt 0.554688 0.586224
vt 0.562500 0.594040
vt 0.546875 0.594040
vt 0.578125 0.578407
vt 0.593750 0.594040
vt 0.578125 0.594040
vt 0.625000 0.594040
vt 0.656250 0.594040
vt 0.687500 0.594040
vt 0.718750 0.594040
vt 0.750000 0.594040
vt 0.781250 0.594040
vt 0.796875 0.578407
vt 0.812500 0.594040
vt 0.812500 0.578407
vt 0.828125 0.578407
vt 0.820313 0.570591
vt 0.843750 0.594040
vt 0.875000 0.594040
vt 0.906250 0.594040
vt 0.937500 0.594040
vt 0.953125 0.578407
vt 0.968750 0.594040
vt 0.953125 0.594040
vt 1.000000 0.594040
vt 0.000000 0.625305
vt 0.031250 0.625305
vt 0.062500 0.625305
vt 0.093750 0.625305
vt 0.125000 0.625305
vt 0.156250 0.625305
vt 0.171875 0.609673
vt 0.187500 0.625305
vt 0.187500 0.609673
vt 0.203125 0.609673
vt 0.195313 0.617489
vt 0.218750 0.625305
vt 0.203125 0.625305
vt 0.250000 0.625305
vt 0.265625 0.609673
vt 0.281250 0.625305
vt 0.312500 0.625305
vt 0.343750 0.625305
vt 0.375000 0.625305
vt 0.390625 0.609673
vt 0.406250 0.625305
vt 0.390625 0.625305
vt 0.437500 0.625305
vt 0.468750 0.625305
vt 0.500000 0.625305
vt 0.531250 0.625305
vt 0.546875 0.609673
vt 0.562500 0.625305
vt 0.578125 0.609673
vt 0.585938 0.601856
vt 0.593750 0.625305
vt 0.593750 0.609673
vt 0.609375 0.609673
vt 0.625000 0.625305
vt 0.656250 0.625305
vt 0.687500 0.625305
vt 0.703125 0.609673
vt 0.718750 0.625305
vt 0.750000 0.625305
vt 0.781250 0.625305
vt 0.812500 0.625305
vt 0.843750 0.625305
vt 0.875000 0.625305
vt 0.906250 0.625305
vt 0.921875 0.609673
vt 0.937500 0.625305
vt 0.921875 0.625305
vt 0.953125 0.609673
vt 0.968750 0.625305
vt 1.000000 0.625305
vt 0.015625 0.640938
vt 0.000000 0.640938
vt 0.007813 0.648754
vt 0.000000 0.648754
vt 0.000000 0.656571
vt 0.031250 0.640938
vt 0.023438 0.648754
vt 0.031250 0.656571
vt 0.015625 0.656571
vt 0.015625 0.648754
vt 0.023438 0.656571
vt 0.019531 0.652662
vt 0.046875 0.640938
vt 0.039063 0.648754
vt 0.062500 0.656571
vt 0.062500 0.640938
vt 0.046875 0.656571
vt 0.078125 0.640938
vt 0.070313 0.648754
vt 0.093750 0.656571
vt 0.078125 0.656571
vt 0.125000 0.656571
vt 0.156250 0.656571
vt 0.187500 0.656571
vt 0.203125 0.640938
vt 0.218750 0.656571
vt 0.250000 0.656571
vt 0.281250 0.656571
vt 0.312500 0.656571
vt 0.343750 0.656571
vt 0.375000 0.656571
vt 0.390625 0.640938
vt 0.406250 0.656571
vt 0.406250 0.640938
vt 0.421875 0.640938
vt 0.437500 0.656571
vt 0.468750 0.656571
vt 0.484375 0.640938
vt 0.500000 0.656571
vt 0.484375 0.656571
vt 0.531250 0.656571
vt 0.562500 0.656571
vt 0.593750 0.656571
vt 0.625000 0.656571
vt 0.640625 0.640938
vt 0.656250 0.656571
vt 0.656250 0.640938
vt 0.671875 0.640938
vt 0.687500 0.656571
vt 0.718750 0.656571
vt 0.750000 0.656571
vt 0.781250 0.656571
vt 0.812500 0.656571
vt 0.843750 0.656571
vt 0.875000 0.656571
vt 0.890625 0.640938
vt 0.906250 0.656571
vt 0.906250 0.640938
vt 0.921875 0.640938
vt 0.937500 0.656571
vt 0.921875 0.656571
vt 0.953125 0.640938
vt 0.968750 0.656571
vt 0.953125 0.656571
vt 0.984375 0.640938
vt 1.000000 0.656571
vt 0.000000 0.687836
vt 0.015625 0.672203
vt 0.023438 0.664387
vt 0.031250 0.687836
vt 0.031250 0.672203
vt 0.046875 0.672203
vt 0.062500 0.687836
vt 0.078125 0.672203
vt 0.093750 0.687836
vt 0.109375 0.672203
vt 0.125000 0.687836
vt 0.109375 0.687836
vt 0.156250 0.687836
vt 0.187500 0.687836
vt 0.218750 0.687836
vt 0.250000 0.687836
vt 0.281250 0.687836
vt 0.312500 0.687836
vt 0.343750 0.687836
vt 0.375000 0.687836
vt 0.406250 0.687836
vt 0.437500 0.687836
vt 0.453125 0.672203
vt 0.468750 0.687836
vt 0.468750 0.672203
vt 0.453125 0.687836
vt 0.484375 0.672203
vt 0.476563 0.664387
vt 0.500000 0.687836
vt 0.484375 0.687836
vt 0.531250 0.687836
vt 0.546875 0.672203
vt 0.562500 0.687836
vt 0.546875 0.687836
vt 0.593750 0.687836
vt 0.625000 0.687836
vt 0.656250 0.687836
vt 0.687500 0.687836
vt 0.703125 0.672203
vt 0.718750 0.687836
vt 0.750000 0.687836
vt 0.781250 0.687836
vt 0.812500 0.687836
vt 0.843750 0.687836
vt 0.875000 0.687836
vt 0.890625 0.672203
vt 0.906250 0.687836
vt 0.906250 0.672203
vt 0.921875 0.672203
vt 0.914063 0.664387
vt 0.937500 0.687836
vt 0.937500 0.672203
vt 0.953125 0.672203
vt 0.945313 0.664387
vt 0.968750 0.687836
vt 0.984375 0.672203
vt 1.000000 0.687836
vt 1.000000 0.672203
vt 0.000000 0.719101
vt 0.031250 0.719101
vt 0.046875 0.703469
vt 0.062500 0.719101
vt 0.062500 0.703469
vt 0.078125 0.703469
vt 0.093750 0.719101
vt 0.093750 0.703469
vt 0.101563 0.695652
vt 0.101563 0.703469
vt 0.109375 0.703469
vt 0.101563 0.711285
vt 0.105469 0.707377
vt 0.117188 0.695652
vt 0.125000 0.703469
vt 0.117188 0.711285
vt 0.125000 0.719101
vt 0.109375 0.719101
vt 0.109375 0.711285
vt 0.140625 0.703469
vt 0.156250 0.719101
vt 0.171875 0.703469
vt 0.187500 0.719101
vt 0.171875 0.719101
vt 0.218750 0.719101
vt 0.250000 0.719101
vt 0.281250 0.719101
vt 0.312500 0.719101
vt 0.343750 0.719101
vt 0.375000 0.719101
vt 0.406250 0.719101
vt 0.437500 0.719101
vt 0.453125 0.703469
vt 0.460938 0.695652
vt 0.468750 0.719101
vt 0.468750 0.703469
vt 0.468750 0.695652
vt 0.484375 0.703469
vt 0.476563 0.695652
vt 0.500000 0.719101
vt 0.515625 0.703469
vt 0.531250 0.719101
vt 0.531250 0.703469
vt 0.546875 0.703469
vt 0.539063 0.695652
vt 0.554688 0.695652
vt 0.546875 0.695652
vt 0.562500 0.719101
vt 0.562500 0.703469
vt 0.578125 0.703469
vt 0.593750 0.719101
vt 0.625000 0.719101
vt 0.656250 0.719101
vt 0.687500 0.719101
vt 0.703125 0.703469
vt 0.718750 0.719101
vt 0.718750 0.703469
vt 0.734375 0.703469
vt 0.726563 0.711285
vt 0.750000 0.719101
vt 0.734375 0.719101
vt 0.781250 0.719101
vt 0.812500 0.719101
vt 0.843750 0.719101
vt 0.875000 0.719101
vt 0.906250 0.719101
vt 0.937500 0.719101
vt 0.968750 0.719101
vt 1.000000 0.719101
vt 0.000000 0.750366
vt 0.015625 0.734734
vt 0.031250 0.750366
vt 0.031250 0.734734
vt 0.046875 0.734734
vt 0.062500 0.750366
vt 0.093750 0.750366
vt 0.109375 0.734734
vt 0.125000 0.750366
vt 0.125000 0.734734
vt 0.140625 0.734734
vt 0.132813 0.742550
vt 0.156250 0.750366
vt 0.140625 0.750366
vt 0.171875 0.734734
vt 0.179687 0.726917
vt 0.187500 0.750366
vt 0.187500 0.734734
vt 0.203125 0.734734
vt 0.218750 0.750366
vt 0.234375 0.734734
vt 0.250000 0.750366
vt 0.234375 0.750366
vt 0.281250 0.750366
vt 0.312500 0.750366
vt 0.343750 0.750366
vt 0.375000 0.750366
vt 0.406250 0.750366
vt 0.437500 0.750366
vt 0.468750 0.750366
vt 0.500000 0.750366
vt 0.531250 0.750366
vt 0.562500 0.750366
vt 0.593750 0.750366
vt 0.625000 0.750366
vt 0.656250 0.750366
vt 0.687500 0.750366
vt 0.718750 0.750366
vt 0.734375 0.734734
vt 0.750000 0.750366
vt 0.781250 0.750366
vt 0.812500 0.750366
vt 0.843750 0.750366
vt 0.875000 0.750366
vt 0.906250 0.750366
vt 0.937500 0.750366
vt 0.968750 0.750366
vt 1.000000 0.750366
vt 0.000000 0.781632
vt 0.031250 0.781632
vt 0.062500 0.781632
vt 0.093750 0.781632
vt 0.125000 0.781632
vt 0.140625 0.765999
vt 0.148437 0.758183
vt 0.156250 0.781632
vt 0.156250 0.765999
vt 0.171875 0.765999
vt 0.164063 0.773815
vt 0.187500 0.781632
vt 0.171875 0.781632
vt 0.203125 0.765999
vt 0.218750 0.781632
vt 0.203125 0.781632
vt 0.234375 0.765999
vt 0.242187 0.758183
vt 0.250000 0.781632
vt 0.250000 0.765999
vt 0.265625 0.765999
vt 0.281250 0.781632
vt 0.312500 0.781632
vt 0.343750 0.781632
vt 0.375000 0.781632
vt 0.406250 0.781632
vt 0.421875 0.765999
vt 0.437500 0.781632
vt 0.468750 0.781632
vt 0.500000 0.781632
vt 0.531250 0.781632
vt 0.562500 0.781632
vt 0.593750 0.781632
vt 0.625000 0.781632
vt 0.656250 0.781632
vt 0.687500 0.781632
vt 0.718750 0.781632
vt 0.750000 0.781632
vt 0.781250 0.781632
vt 0.812500 0.781632
vt 0.828125 0.765999
vt 0.843750 0.781632
vt 0.859375 0.765999
vt 0.875000 0.781632
vt 0.875000 0.765999
vt 0.890625 0.765999
vt 0.882813 0.773815
vt 0.906250 0.781632
vt 0.890625 0.781632
vt 0.937500 0.781632
vt 0.968750 0.781632
vt 1.000000 0.781632
vt 0.000000 0.812897
vt 0.031250 0.812897
vt 0.046875 0.797264
vt 0.062500 0.812897
vt 0.062500 0.797264
vt 0.078125 0.797264
vt 0.093750 0.812897
vt 0.093750 0.797264
vt 0.109375 0.797264
vt 0.101563 0.805081
vt 0.125000 0.812897
vt 0.109375 0.812897
vt 0.156250 0.812897
vt 0.171875 0.797264
vt 0.179687 0.789448
vt 0.187500 0.812897
vt 0.187500 0.797264
vt 0.203125 0.797264
vt 0.195313 0.789448
vt 0.210937 0.789448
vt 0.203125 0.789448
vt 0.218750 0.812897
vt 0.218750 0.797264
vt 0.234375 0.797264
vt 0.250000 0.812897
vt 0.234375 0.812897
vt 0.281250 0.812897
vt 0.296875 0.797264
vt 0.312500 0.812897
vt 0.328125 0.797264
vt 0.343750 0.812897
vt 0.328125 0.812897
vt 0.359375 0.797264
vt 0.375000 0.812897
vt 0.375000 0.797264
vt 0.359375 0.812897
vt 0.390625 0.797264
vt 0.382813 0.805081
vt 0.406250 0.812897
vt 0.390625 0.812897
vt 0.421875 0.797264
vt 0.437500 0.812897
vt 0.437500 0.797264
vt 0.453125 0.797264
vt 0.445313 0.805081
vt 0.468750 0.812897
vt 0.453125 0.812897
vt 0.484375 0.797264
vt 0.500000 0.812897
vt 0.484375 0.812897
vt 0.531250 0.812897
vt 0.562500 0.812897
vt 0.578125 0.797264
vt 0.593750 0.812897
vt 0.625000 0.812897
vt 0.656250 0.812897
vt 0.687500 0.812897
vt 0.718750 0.812897
vt 0.750000 0.812897
vt 0.781250 0.812897
vt 0.812500 0.812897
vt 0.843750 0.812897
vt 0.875000 0.812897
vt 0.890625 0.797264
vt 0.906250 0.812897
vt 0.937500 0.812897
vt 0.968750 0.812897
vt 1.000000 0.812897
vt 0.000000 0.844162
vt 0.031250 0.844162
vt 0.062500 0.844162
vt 0.093750 0.844162
vt 0.109375 0.828530
vt 0.125000 0.844162
vt 0.125000 0.828530
vt 0.140625 0.828530
vt 0.156250 0.844162
vt 0.156250 0.828530
vt 0.171875 0.828530
vt 0.164063 0.836346
vt 0.187500 0.828530
vt 0.179687 0.836346
vt 0.187500 0.844162
vt 0.171875 0.844162
vt 0.171875 0.836346
vt 0.203125 0.828530
vt 0.195313 0.836346
vt 0.218750 0.828530
vt 0.210937 0.836346
vt 0.218750 0.844162
vt 0.203125 0.844162
vt 0.203125 0.836346
vt 0.234375 0.828530
vt 0.242187 0.820713
vt 0.250000 0.844162
vt 0.250000 0.828530
vt 0.265625 0.828530
vt 0.281250 0.844162
vt 0.296875 0.828530
vt 0.312500 0.844162
vt 0.312500 0.828530
vt 0.328125 0.828530
vt 0.320313 0.820713
vt 0.335938 0.820713
vt 0.328125 0.820713
vt 0.343750 0.844162
vt 0.343750 0.828530
vt 0.328125 0.844162
vt 0.359375 0.828530
vt 0.351563 0.820713
vt 0.375000 0.844162
vt 0.390625 0.828530
vt 0.406250 0.844162
vt 0.421875 0.828530
vt 0.437500 0.844162
vt 0.437500 0.828530
vt 0.453125 0.828530
vt 0.460938 0.820713
vt 0.468750 0.828530
vt 0.460938 0.836346
vt 0.468750 0.844162
vt 0.468750 0.836346
vt 0.453125 0.844162
vt 0.484375 0.828530
vt 0.476563 0.836346
vt 0.472656 0.840254
vt 0.500000 0.844162
vt 0.484375 0.844162
vt 0.476563 0.844162
vt 0.531250 0.844162
vt 0.562500 0.844162
vt 0.593750 0.844162
vt 0.625000 0.844162
vt 0.656250 0.844162
vt 0.687500 0.844162
vt 0.718750 0.844162
vt 0.750000 0.844162
vt 0.765625 0.828530
vt 0.781250 0.844162
vt 0.781250 0.828530
vt 0.796875 0.828530
vt 0.812500 0.844162
vt 0.796875 0.844162
vt 0.828125 0.828530
vt 0.843750 0.844162
vt 0.843750 0.828530
vt 0.859375 0.828530
vt 0.851563 0.836346
vt 0.875000 0.844162
vt 0.859375 0.844162
vt 0.906250 0.844162
vt 0.937500 0.844162
vt 0.968750 0.844162
vt 1.000000 0.844162
vt 0.000000 0.875427
vt 0.031250 0.875427
vt 0.062500 0.875427
vt 0.093750 0.875427
vt 0.125000 0.875427
vt 0.156250 0.875427
vt 0.171875 0.859795
vt 0.187500 0.875427
vt 0.203125 0.859795
vt 0.218750 0.875427
vt 0.234375 0.859795
vt 0.250000 0.875427
vt 0.234375 0.875427
vt 0.281250 0.875427
vt 0.312500 0.875427
vt 0.328125 0.859795
vt 0.343750 0.875427
vt 0.375000 0.875427
vt 0.406250 0.875427
vt 0.421875 0.859795
vt 0.437500 0.875427
vt 0.421875 0.875427
vt 0.453125 0.859795
vt 0.468750 0.875427
vt 0.468750 0.859795
vt 0.453125 0.875427
vt 0.484375 0.859795
vt 0.476563 0.851978
vt 0.500000 0.875427
vt 0.531250 0.875427
vt 0.546875 0.859795
vt 0.562500 0.875427
vt 0.546875 0.875427
vt 0.578125 0.859795
vt 0.593750 0.875427
vt 0.578125 0.875427
vt 0.609375 0.859795
vt 0.625000 0.875427
vt 0.609375 0.875427
vt 0.640625 0.859795
vt 0.656250 0.875427
vt 0.640625 0.875427
vt 0.671875 0.859795
vt 0.687500 0.875427
vt 0.671875 0.875427
vt 0.718750 0.875427
vt 0.734375 0.859795
vt 0.750000 0.875427
vt 0.750000 0.859795
vt 0.765625 0.859795
vt 0.781250 0.859795
vt 0.773438 0.867611
vt 0.781250 0.875427
vt 0.765625 0.875427
vt 0.796875 0.859795
vt 0.789063 0.851978
vt 0.804688 0.851978
vt 0.796875 0.851978
vt 0.800781 0.855887
vt 0.804688 0.867611
vt 0.812500 0.859795
vt 0.804688 0.859795
vt 0.812500 0.875427
vt 0.796875 0.875427
vt 0.828125 0.859795
vt 0.843750 0.875427
vt 0.828125 0.875427
vt 0.859375 0.859795
vt 0.875000 0.875427
vt 0.859375 0.875427
vt 0.906250 0.875427
vt 0.937500 0.875427
vt 0.953125 0.859795
vt 0.968750 0.875427
vt 0.968750 0.859795
vt 0.984375 0.859795
vt 1.000000 0.875427
vt 0.000000 0.906693
vt 0.031250 0.906693
vt 0.062500 0.906693
vt 0.093750 0.906693
vt 0.125000 0.906693
vt 0.140625 0.891060
vt 0.156250 0.906693
vt 0.171875 0.891060
vt 0.187500 0.906693
vt 0.218750 0.906693
vt 0.234375 0.891060
vt 0.250000 0.906693
vt 0.234375 0.906693
vt 0.281250 0.906693
vt 0.312500 0.906693
vt 0.343750 0.906693
vt 0.375000 0.906693
vt 0.406250 0.906693
vt 0.421875 0.891060
vt 0.429688 0.883244
vt 0.429688 0.898876
vt 0.437500 0.891060
vt 0.429688 0.891060
vt 0.437500 0.906693
vt 0.437500 0.883244
vt 0.433594 0.887152
vt 0.421875 0.906693
vt 0.453125 0.891060
vt 0.445313 0.883244
vt 0.468750 0.906693
vt 0.453125 0.906693
vt 0.500000 0.906693
vt 0.515625 0.891060
vt 0.531250 0.906693
vt 0.531250 0.891060
vt 0.546875 0.891060
vt 0.539063 0.883244
vt 0.554688 0.883244
vt 0.562500 0.906693
vt 0.562500 0.891060
vt 0.562500 0.883244
vt 0.578125 0.891060
vt 0.570313 0.883244
vt 0.585938 0.883244
vt 0.593750 0.906693
vt 0.593750 0.891060
vt 0.609375 0.891060
vt 0.601563 0.883244
vt 0.617188 0.883244
vt 0.609375 0.883244
vt 0.625000 0.906693
vt 0.625000 0.891060
vt 0.640625 0.891060
vt 0.632813 0.883244
vt 0.648438 0.883244
vt 0.640625 0.883244
vt 0.644531 0.887152
vt 0.648438 0.898876
vt 0.656250 0.891060
vt 0.648438 0.891060
vt 0.656250 0.906693
vt 0.640625 0.906693
vt 0.671875 0.891060
vt 0.687500 0.906693
vt 0.703125 0.891060
vt 0.718750 0.891060
vt 0.710938 0.898876
vt 0.718750 0.906693
vt 0.703125 0.906693
vt 0.734375 0.891060
vt 0.750000 0.906693
vt 0.765625 0.891060
vt 0.781250 0.906693
vt 0.796875 0.891060
vt 0.812500 0.906693
vt 0.828125 0.891060
vt 0.843750 0.906693
vt 0.843750 0.891060
vt 0.851563 0.883244
vt 0.851563 0.891060
vt 0.859375 0.891060
vt 0.851563 0.898876
vt 0.855469 0.894968
vt 0.875000 0.891060
vt 0.867188 0.898876
vt 0.875000 0.906693
vt 0.875000 0.898876
vt 0.859375 0.906693
vt 0.859375 0.898876
vt 0.867188 0.906693
vt 0.863281 0.902785
vt 0.890625 0.891060
vt 0.882813 0.898876
vt 0.906250 0.906693
vt 0.890625 0.906693
vt 0.921875 0.891060
vt 0.937500 0.906693
vt 0.953125 0.891060
vt 0.968750 0.906693
vt 0.953125 0.906693
vt 1.000000 0.906693
vt 0.000000 0.937958
vt 0.031250 0.937958
vt 0.062500 0.937958
vt 0.093750 0.937958
vt 0.125000 0.937958
vt 0.156250 0.937958
vt 0.187500 0.937958
vt 0.218750 0.937958
vt 0.234375 0.922325
vt 0.250000 0.937958
vt 0.250000 0.922325
vt 0.265625 0.922325
vt 0.257813 0.930142
vt 0.281250 0.937958
vt 0.281250 0.922325
vt 0.265625 0.937958
vt 0.296875 0.922325
vt 0.289063 0.930142
vt 0.312500 0.922325
vt 0.304688 0.930142
vt 0.312500 0.937958
vt 0.296875 0.937958
vt 0.296875 0.930142
vt 0.328125 0.922325
vt 0.343750 0.937958
vt 0.375000 0.937958
vt 0.406250 0.937958
vt 0.421875 0.922325
vt 0.437500 0.937958
vt 0.453125 0.922325
vt 0.468750 0.937958
vt 0.468750 0.922325
vt 0.484375 0.922325
vt 0.500000 0.937958
vt 0.515625 0.922325
vt 0.531250 0.922325
vt 0.523438 0.930142
vt 0.531250 0.937958
vt 0.531250 0.930142
vt 0.515625 0.937958
vt 0.546875 0.922325
vt 0.539063 0.930142
vt 0.562500 0.922325
vt 0.554688 0.930142
vt 0.562500 0.937958
vt 0.562500 0.930142
vt 0.546875 0.937958
vt 0.578125 0.922325
vt 0.570313 0.930142
vt 0.593750 0.922325
vt 0.585938 0.930142
vt 0.593750 0.937958
vt 0.578125 0.937958
vt 0.609375 0.922325
vt 0.601563 0.930142
vt 0.625000 0.922325
vt 0.617188 0.930142
vt 0.625000 0.937958
vt 0.625000 0.930142
vt 0.609375 0.937958
vt 0.609375 0.930142
vt 0.640625 0.922325
vt 0.632813 0.930142
vt 0.656250 0.937958
vt 0.640625 0.937958
vt 0.687500 0.937958
vt 0.703125 0.922325
vt 0.718750 0.937958
vt 0.750000 0.937958
vt 0.781250 0.937958
vt 0.812500 0.937958
vt 0.843750 0.937958
vt 0.859375 0.922325
vt 0.867188 0.914509
vt 0.875000 0.937958
vt 0.875000 0.922325
vt 0.890625 0.922325
vt 0.906250 0.937958
vt 0.906250 0.922325
vt 0.921875 0.922325
vt 0.937500 0.937958
vt 0.937500 0.922325
vt 0.953125 0.922325
vt 0.945313 0.914509
vt 0.960938 0.914509
vt 0.953125 0.914509
vt 0.968750 0.937958
vt 0.968750 0.922325
vt 0.984375 0.922325
vt 1.000000 0.937958
vt 1.000000 0.922325
vt 0.000000 0.969223
vt 0.031250 0.969223
vt 0.062500 0.969223
vt 0.093750 0.969223
vt 0.125000 0.969223
vt 0.156250 0.969223
vt 0.187500 0.969223
vt 0.218750 0.969223
vt 0.234375 0.953591
vt 0.250000 0.969223
vt 0.250000 0.953591
vt 0.234375 0.969223
vt 0.265625 0.953591
vt 0.281250 0.969223
vt 0.296875 0.953591
vt 0.312500 0.969223
vt 0.312500 0.953591
vt 0.296875 0.969223
vt 0.328125 0.953591
vt 0.343750 0.969223
vt 0.359375 0.953591
vt 0.375000 0.969223
vt 0.375000 0.953591
vt 0.390625 0.953591
vt 0.406250 0.969223
vt 0.390625 0.969223
vt 0.437500 0.969223
vt 0.468750 0.969223
vt 0.500000 0.969223
vt 0.515625 0.953591
vt 0.531250 0.969223
vt 0.531250 0.953591
vt 0.546875 0.953591
vt 0.539063 0.945774
vt 0.554688 0.945774
vt 0.546875 0.945774
vt 0.562500 0.969223
vt 0.562500 0.953591
vt 0.578125 0.953591
vt 0.593750 0.969223
vt 0.609375 0.953591
vt 0.625000 0.969223
vt 0.625000 0.953591
vt 0.640625 0.953591
vt 0.632813 0.945774
vt 0.648438 0.945774
vt 0.640625 0.945774
vt 0.656250 0.969223
vt 0.656250 0.953591
vt 0.671875 0.953591
vt 0.664063 0.961407
vt 0.687500 0.953591
vt 0.679688 0.961407
vt 0.687500 0.969223
vt 0.687500 0.961407
vt 0.671875 0.969223
vt 0.703125 0.953591
vt 0.695313 0.961407
vt 0.718750 0.969223
vt 0.718750 0.953591
vt 0.703125 0.969223
vt 0.734375 0.953591
vt 0.726563 0.961407
vt 0.750000 0.953591
vt 0.742188 0.961407
vt 0.750000 0.969223
vt 0.734375 0.969223
vt 0.734375 0.961407
vt 0.765625 0.953591
vt 0.781250 0.969223
vt 0.765625 0.969223
vt 0.812500 0.969223
vt 0.843750 0.969223
vt 0.875000 0.969223
vt 0.906250 0.969223
vt 0.937500 0.969223
vt 0.968750 0.969223
vt 0.984375 0.953591
vt 1.000000 0.969223
vt 1.000000 0.953591
vt 0.015625 0.984612
vt 0.000000 0.984612
vt 0.000000 1.000000
vt 0.007813 0.992306
vt 0.031250 0.984612
vt 0.023438 0.992306
vt 0.031250 1.000000
vt 0.015625 1.000000
vt 0.015625 0.992306
vt 0.046875 0.984612
vt 0.062500 1.000000
vt 0.062500 0.984612
vt 0.078125 0.984612
vt 0.070313 0.992306
vt 0.093750 1.000000
vt 0.078125 1.000000
vt 0.125000 1.000000
vt 0.156250 1.000000
vt 0.187500 1.000000
vt 0.218750 1.000000
vt 0.234375 0.984612
vt 0.242187 0.976918
vt 0.250000 1.000000
vt 0.250000 0.984612
vt 0.265625 0.984612
vt 0.281250 1.000000
vt 0.281250 0.984612
vt 0.289063 0.976918
vt 0.289063 0.984612
vt 0.296875 0.984612
vt 0.292969 0.980765
vt 0.289063 0.992306
vt 0.304688 0.976918
vt 0.296875 0.976918
vt 0.312500 1.000000
vt 0.312500 0.984612
vt 0.296875 1.000000
vt 0.328125 0.984612
vt 0.343750 0.984612
vt 0.335938 0.992306
vt 0.343750 1.000000
vt 0.328125 1.000000
vt 0.359375 0.984612
vt 0.375000 1.000000
vt 0.390625 0.984612
vt 0.406250 1.000000
vt 0.406250 0.984612
vt 0.421875 0.984612
vt 0.437500 1.000000
vt 0.468750 1.000000
vt 0.500000 1.000000
vt 0.531250 1.000000
vt 0.562500 1.000000
vt 0.593750 1.000000
vt 0.625000 1.000000
vt 0.656250 1.000000
vt 0.671875 0.984612
vt 0.687500 1.000000
vt 0.703125 0.984612
vt 0.718750 1.000000
vt 0.734375 0.984612
vt 0.742188 0.976918
vt 0.750000 1.000000
vt 0.750000 0.984612
vt 0.750000 0.976918
vt 0.757813 0.984612
vt 0.757813 0.976918
vt 0.753906 0.980765
vt 0.765625 0.984612
vt 0.757813 0.992306
vt 0.781250 1.000000
vt 0.781250 0.984612
vt 0.765625 1.000000
vt 0.796875 0.984612
vt 0.812500 1.000000
vt 0.812500 0.984612
vt 0.828125 0.984612
vt 0.820313 0.992306
vt 0.843750 1.000000
vt 0.828125 1.000000
vt 0.875000 1.000000
vt 0.906250 1.000000
vt 0.937500 1.000000
vt 0.968750 1.000000
vt 1.000000 1.000000
g terrain_g
usemtl terrain_mtl
f 40/40/40 1/1/1 2/2/2
f 2/2/2 41/41/41 40/40/40
f 41/41/41 2/2/2 3/3/3
f 3/3/3 42/42/42 41/41/41
f 42/42/42 3/3/3 4/4/4
f 4/4/4 43/43/43 42/42/42
f 43/43/43 4/4/4 5/5/5
f 5/5/5 44/44/44 43/43/43
f 44/44/44 5/5/5 6/6/6
f 6/6/6 45/45/45 44/44/44
f 6/6/6 46/46/46 45/45/45
f 7/7/7 46/46/46 6/6/6
f 47/47/47 48/48/48 46/46/46
f 49/49/49 48/48/48 47/47/47
f 7/7/7 47/47/47 46/46/46
f 46/46/46 50/50/50 45/45/45
f 50/50/50 48/48/48 49/49/49
f 46/46/46 48/48/48 50/50/50
f 51/51/51 47/47/47 7/7/7
f 49/49/49 47/47/47 51/51/51
f 9/9/9 52/52/52 51/51/51
f 10/10/10 53/53/53 52/52/52
f 8/8/8 53/53/53 10/10/10
f 9/9/9 10/10/10 52/52/52
f 7/7/7 9/9/9 51/51/51
f 51/51/51 55/55/55 54/54/54
f 52/52/52 56/56/56 55/55/55
f 56/56/56 53/53/53 8/8/8
f 52/52/52 53/53/53 56/56/56
f 51/51/51 52/52/52 55/55/55
f 49/49/49 51/51/51 54/54/54
f 55/55/55 58/58/58 57/57/57
f 58/58/58 56/56/56 8/8/8
f 55/55/55 56/56/56 58/58/58
f 54/54/54 55/55/55 57/57/57
f 57/57/57 12/12/12 11/11/11
f 12/12/12 58/58/58 8/8/8
f 57/57/57 58/58/58 12/12/12
f 59/59/59 57/57/57 11/11/11
f 54/54/54 57/57/57 59/59/59
f 11/11/11 60/60/60 59/59/59
f 13/13/13 60/60/60 11/11/11
f 61/61/61 62/62/62 60/60/60
f 62/62/62 64/64/64 63/63/63
f 61/61/61 64/64/64 62/62/62
f 13/13/13 61/61/61 60/60/60
f 60/60/60 65/65/65 59/59/59
f 65/65/65 62/62/62 63/63/63
f 60/60/60 62/62/62 65/65/65
f 66/66/66 61/61/61 13/13/13
f 67/67/67 64/64/64 61/61/61
f 63/63/63 64/64/64 67/67/67
f 66/66/66 67/67/67 61/61/61
f 14/14/14 66/66/66 13/13/13
f 68/68/68 66/66/66 14/14/14
f 69/69/69 67/67/67 66/66/66
f 63/63/63 67/67/67 69/69/69
f 68/68/68 69/69/69 66/66/66
f 68/68/68 14/14/14 15/15/15
f 15/15/15 70/70/70 68/68/68
f 70/70/70 15/15/15 16/16/16
f 16/16/16 71/71/71 70/70/70
f 71/71/71 16/16/16 17/17/17
f 17/17/17 72/72/72 71/71/71
f 72/72/72 17/17/17 18/18/18
f 18/18/18 73/73/73 72/72/72
f 18/18/18 74/74/74 73/73/73
f 19/19/19 74/74/74 18/18/18
f 75/75/75 74/74/74 19/19/19
f 73/73/73 74/74/74 75/75/75
f 75/75/75 19/19/19 20/20/20
f 20/20/20 76/76/76 75/75/75
f 76/76/76 20/20/20 21/21/21
f 21/21/21 77/77/77 76/76/76
f 77/77/77 21/21/21 22/22/22
f 22/22/22 78/78/78 77/77/77
f 78/78/78 22/22/22 23/23/23
f 23/23/23 79/79/79 78/78/78
f 79/79/79 23/23/23 24/24/24
f 24/24/24 80/80/80 79/79/79
f 80/80/80 24/24/24 25/25/25
f 25/25/25 81/81/81 80/80/80
f 25/25/25 82/82/82 81/81/81
f 26/26/26 82/82/82 25/25/25
f 83/83/83 82/82/82 26/26/26
f 81/81/81 82/82/82 83/83/83
f 26/26/26 84/84/84 83/83/83
f 27/27/27 84/84/84 26/26/26
f 85/85/85 84/84/84 27/27/27
f 84/84/84 86/86/86 83/83/83
f 85/85/85 86/86/86 84/84/84
f 85/85/85 27/27/27 28/28/28
f 28/28/28 87/87/87 85/85/85
f 87/87/87 28/28/28 29/29/29
f 29/29/29 88/88/88 87/87/87
f 88/88/88 29/29/29 30/30/30
f 30/30/30 89/89/89 88/88/88
f 30/30/30 90/90/90 89/89/89
f 90/90/90 32/32/32 31/31/31
f 30/30/30 32/32/32 90/90/90
f 91/91/91 90/90/90 31/31/31
f 89/89/89 90/90/90 91/91/91
f 91/91/91 31/31/31 33/33/33
f 33/33/33 92/92/92 91/91/91
f 92/92/92 33/33/33 34/34/34
f 34/34/34 93/93/93 92/92/92
f 34/34/34 94/94/94 93/93/93
f 94/94/94 36/36/36 35/35/35
f 34/34/34 36/36/36 94/94/94
f 94/94/94 96/96/96 95/95/95
f 35/35/35 96/96/96 94/94/94
f 93/93/93 94/94/94 95/95/95
f 97/97/97 96/96/96 35/35/35
f 96/96/96 98/98/98 95/95/95
f 97/97/97 98/98/98 96/96/96
f 97/97/97 38/38/38 37/37/37
f 35/35/35 38/38/38 97/97/97
f 99/99/99 97/97/97 37/37/37
f 100/100/100 98/98/98 97/97/97
f 98/98/98 101/101/101 95/95/95
f 100/100/100 101/101/101 98/98/98
f 99/99/99 100/100/100 97/97/97
f 37/37/37 102/102/102 99/99/99
f 39/39/39 102/102/102 37/37/37
f 102/102/102 104/104/104 103/103/103
f 39/39/39 104/104/104 102/102/102
f 99/99/99 102/102/102 103/103/103
f 105/105/105 40/40/40 41/41/41
f 41/41/41 106/106/106 105/105/105
f 106/106/106 41/41/41 42/42/42
f 42/42/42 107/107/107 106/106/106
f 107/107/107 42/42/42 43/43/43
f 43/43/43 108/108/108 107/107/107
f 108/108/108 43/43/43 44/44/44
f 44/44/44 109/109/109 108/108/108
f 44/44/44 110/110/110 109/109/109
f 45/45/45 110/110/110 44/44/44
f 110/110/110 112/112/112 111/111/111
f 45/45/45 112/112/112 110/110/110
f 109/109/109 110/110/110 111/111/111
f 113/113/113 112/112/112 45/45/45
f 111/111/111 112/112/112 113/113/113
f 113/113/113 50/50/50 49/49/49
f 45/45/45 50/50/50 113/113/113
f 114/114/114 113/113/113 49/49/49
f 111/111/111 113/113/113 114/114/114
f 114/114/114 49/49/49 54/54/54
f 54/54/54 115/115/115 114/114/114
f 115/115/115 54/54/54 59/59/59
f 59/59/59 116/116/116 115/115/115
f 59/59/59 117/117/117 116/116/116
f 117/117/117 65/65/65 63/63/63
f 59/59/59 65/65/65 117/117/117
f 118/118/118 117/117/117 63/63/63
f 116/116/116 117/117/117 118/118/118
f 63/63/63 119/119/119 118/118/118
f 119/119/119 69/69/69 68/68/68
f 63/63/63 69/69/69 119/119/119
f 120/120/120 119/119/119 68/68/68
f 118/118/118 119/119/119 120/120/120
f 120/120/120 68/68/68 70/70/70
f 70/70/70 121/121/121 120/120/120
f 121/121/121 70/70/70 71/71/71
f 71/71/71 122/122/122 121/121/121
f 122/122/122 71/71/71 72/72/72
f 72/72/72 123/123/123 122/122/122
f 123/123/123 72/72/72 73/73/73
f 73/73/73 124/124/124 123/123/123
f 124/124/124 73/73/73 75/75/75
f 75/75/75 125/125/125 124/124/124
f 125/125/125 75/75/75 76/76/76
f 76/76/76 126/126/126 125/125/125
f 76/76/76 127/127/127 126/126/126
f 77/77/77 127/127/127 76/76/76
f 127/127/127 129/129/129 128/128/128
f 77/77/77 129/129/129 127/127/127
f 126/126/126 127/127/127 128/128/128
f 130/130/130 129/129/129 77/77/77
f 129/129/129 131/131/131 128/128/128
f 130/130/130 131/131/131 129/129/129
f 78/78/78 130/130/130 77/77/77
f 132/132/132 130/130/130 78/78/78
f 133/133/133 131/131/131 130/130/130
f 128/128/128 131/131/131 133/133/133
f 132/132/132 133/133/133 130/130/130
f 132/132/132 78/78/78 79/79/79
f 79/79/79 134/134/134 132/132/132
f 134/134/134 79/79/79 80/80/80
f 80/80/80 135/135/135 134/134/134
f 135/135/135 80/80/80 81/81/81
f 81/81/81 136/136/136 135/135/135
f 136/136/136 81/81/81 83/83/83
f 83/83/83 137/137/137 136/136/136
f 83/83/83 138/138/138 137/137/137
f 86/86/86 139/139/139 138/138/138
f 85/85/85 139/139/139 86/86/86
f 83/83/83 86/86/86 138/138/138
f 138/138/138 141/141/141 140/140/140
f 141/141/141 139/139/139 85/85/85
f 138/138/138 139/139/139 141/141/141
f 137/137/137 138/138/138 140/140/140
f 142/142/142 141/141/141 85/85/85
f 140/140/140 141/141/141 142/142/142
f 87/87/87 142/142/142 85/85/85
f 143/143/143 142/142/142 87/87/87
f 140/140/140 142/142/142 143/143/143
f 143/143/143 87/87/87 88/88/88
f 88/88/88 144/144/144 143/143/143
f 144/144/144 88/88/88 89/89/89
f 89/89/89 145/145/145 144/144/144
f 89/89/89 146/146/146 145/145/145
f 91/91/91 146/146/146 89/89/89
f 146/146/146 148/148/148 147/147/147
f 91/91/91 148/148/148 146/146/146
f 145/145/145 146/146/146 147/147/147
f 149/149/149 148/148/148 91/91/91
f 147/147/147 148/148/148 149/149/149
f 92/92/92 149/149/149 91/91/91
f 150/150/150 149/149/149 92/92/92
f 147/147/147 149/149/149 150/150/150
f 150/150/150 92/92/92 93/93/93
f 93/93/93 151/151/151 150/150/150
f 93/93/93 152/152/152 151/151/151
f 95/95/95 152/152/152 93/93/93
f 152/152/152 154/154/154 153/153/153
f 95/95/95 154/154/154 152/152/152
f 151/151/151 152/152/152 153/153/153
f 154/154/154 156/156/156 155/155/155
f 95/95/95 156/156/156 154/154/154
f 153/153/153 154/154/154 155/155/155
f 155/155/155 100/100/100 99/99/99
f 156/156/156 101/101/101 100/100/100
f 95/95/95 101/101/101 156/156/156
f 155/155/155 156/156/156 100/100/100
f 157/157/157 155/155/155 99/99/99
f 153/153/153 155/155/155 157/157/157
f 99/99/99 158/158/158 157/157/157
f 103/103/103 158/158/158 99/99/99
f 159/159/159 158/158/158 103/103/103
f 158/158/158 160/160/160 157/157/157
f 159/159/159 160/160/160 158/158/158
f 161/161/161 105/105/105 106/106/106
f 106/106/106 162/162/162 161/161/161
f 162/162/162 106/106/106 107/107/107
f 107/107/107 163/163/163 162/162/162
f 163/163/163 107/107/107 108/108/108
f 108/108/108 164/164/164 163/163/163
f 108/108/108 165/165/165 164/164/164
f 109/109/109 165/165/165 108/108/108
f 166/166/166 165/165/165 109/109/109
f 165/165/165 167/167/167 164/164/164
f 166/166/166 167/167/167 165/165/165
f 166/166/166 109/109/109 111/111/111
f 111/111/111 168/168/168 166/166/166
f 168/168/168 111/111/111 114/114/114
f 114/114/114 169/169/169 168/168/168
f 169/169/169 114/114/114 115/115/115
f 115/115/115 170/170/170 169/169/169
f 170/170/170 115/115/115 116/116/116
f 116/116/116 171/171/171 170/170/170
f 171/171/171 116/116/116 118/118/118
f 118/118/118 172/172/172 171/171/171
f 172/172/172 118/118/118 120/120/120
f 120/120/120 173/173/173 172/172/172
f 173/173/173 120/120/120 121/121/121
f 121/121/121 174/174/174 173/173/173
f 174/174/174 121/121/121 122/122/122
f 122/122/122 175/175/175 174/174/174
f 175/175/175 122/122/122 123/123/123
f 123/123/123 176/176/176 175/175/175
f 176/176/176 123/123/123 124/124/124
f 124/124/124 177/177/177 176/176/176
f 177/177/177 124/124/124 125/125/125
f 125/125/125 178/178/178 177/177/177
f 178/178/178 125/125/125 126/126/126
f 126/126/126 179/179/179 178/178/178
f 179/179/179 126/126/126 128/128/128
f 128/128/128 180/180/180 179/179/179
f 128/128/128 181/181/181 180/180/180
f 181/181/181 133/133/133 132/132/132
f 128/128/128 133/133/133 181/181/181
f 182/182/182 181/181/181 132/132/132
f 180/180/180 181/181/181 182/182/182
f 182/182/182 132/132/132 134/134/134
f 134/134/134 183/183/183 182/182/182
f 183/183/183 134/134/134 135/135/135
f 135/135/135 184/184/184 183/183/183
f 184/184/184 135/135/135 136/136/136
f 136/136/136 185/185/185 184/184/184
f 136/136/136 186/186/186 185/185/185
f 137/137/137 186/186/186 136/136/136
f 187/187/187 186/186/186 137/137/137
f 185/185/185 186/186/186 187/187/187
f 187/187/187 137/137/137 140/140/140
f 140/140/140 188/188/188 187/187/187
f 188/188/188 140/140/140 143/143/143
f 143/143/143 189/189/189 188/188/188
f 189/189/189 143/143/143 144/144/144
f 144/144/144 190/190/190 189/189/189
f 190/190/190 144/144/144 145/145/145
f 145/145/145 191/191/191 190/190/190
f 191/191/191 145/145/145 147/147/147
f 147/147/147 192/192/192 191/191/191
f 192/192/192 147/147/147 150/150/150
f 150/150/150 193/193/193 192/192/192
f 193/193/193 150/150/150 151/151/151
f 151/151/151 194/194/194 193/193/193
f 194/194/194 151/151/151 153/153/153
f 153/153/153 195/195/195 194/194/194
f 195/195/195 153/153/153 157/157/157
f 157/157/157 196/196/196 195/195/195
f 157/157/157 197/197/197 196/196/196
f 160/160/160 198/198/198 197/197/197
f 159/159/159 198/198/198 160/160/160
f 157/157/157 160/160/160 197/197/197
f 197/197/197 200/200/200 199/199/199
f 198/198/198 201/201/201 200/200/200
f 159/159/159 201/201/201 198/198/198
f 197/197/197 198/198/198 200/200/200
f 196/196/196 197/197/197 199/199/199
f 202/202/202 161/161/161 162/162/162
f 162/162/162 203/203/203 202/202/202
f 203/203/203 162/162/162 163/163/163
f 163/163/163 204/204/204 203/203/203
f 204/204/204 163/163/163 164/164/164
f 164/164/164 205/205/205 204/204/204
f 164/164/164 206/206/206 205/205/205
f 206/206/206 167/167/167 166/166/166
f 164/164/164 167/167/167 206/206/206
f 207/207/207 206/206/206 166/166/166
f 205/205/205 206/206/206 207/207/207
f 207/207/207 166/166/166 168/168/168
f 168/168/168 208/208/208 207/207/207
f 168/168/168 209/209/209 208/208/208
f 169/169/169 209/209/209 168/168/168
f 209/209/209 211/211/211 210/210/210
f 169/169/169 211/211/211 209/209/209
f 209/209/209 212/212/212 208/208/208
f 210/210/210 212/212/212 209/209/209
f 213/213/213 211/211/211 169/169/169
f 210/210/210 211/211/211 213/213/213
f 170/170/170 213/213/213 169/169/169
f 214/214/214 213/213/213 170/170/170
f 210/210/210 213/213/213 214/214/214
f 214/214/214 170/170/170 171/171/171
f 171/171/171 215/215/215 214/214/214
f 215/215/215 171/171/171 172/172/172
f 172/172/172 216/216/216 215/215/215
f 216/216/216 172/172/172 173/173/173
f 173/173/173 217/217/217 216/216/216
f 217/217/217 173/173/173 174/174/174
f 174/174/174 218/218/218 217/217/217
f 218/218/218 174/174/174 175/175/175
f 175/175/175 219/219/219 218/218/218
f 219/219/219 175/175/175 176/176/176
f 176/176/176 220/220/220 219/219/219
f 220/220/220 176/176/176 177/177/177
f 177/177/177 221/221/221 220/220/220
f 221/221/221 177/177/177 178/178/178
f 178/178/178 222/222/222 221/221/221
f 222/222/222 178/178/178 179/179/179
f 179/179/179 223/223/223 222/222/222
f 223/223/223 179/179/179 180/180/180
f 180/180/180 224/224/224 223/223/223
f 224/224/224 180/180/180 182/182/182
f 182/182/182 225/225/225 224/224/224
f 225/225/225 182/182/182 183/183/183
f 183/183/183 226/226/226 225/225/225
f 183/183/183 227/227/227 226/226/226
f 184/184/184 227/227/227 183/183/183
f 227/227/227 229/229/229 228/228/228
f 184/184/184 229/229/229 227/227/227
f 226/226/226 227/227/227 228/228/228
f 230/230/230 229/229/229 184/184/184
f 229/229/229 231/231/231 228/228/228
f 230/230/230 231/231/231 229/229/229
f 185/185/185 230/230/230 184/184/184
f 232/232/232 230/230/230 185/185/185
f 233/233/233 231/231/231 230/230/230
f 228/228/228 231/231/231 233/233/233
f 232/232/232 233/233/233 230/230/230
f 232/232/232 185/185/185 187/187/187
f 187/187/187 234/234/234 232/232/232
f 234/234/234 187/187/187 188/188/188
f 188/188/188 235/235/235 234/234/234
f 235/235/235 188/188/188 189/189/189
f 189/189/189 236/236/236 235/235/235
f 236/236/236 189/189/189 190/190/190
f 190/190/190 237/237/237 236/236/236
f 237/237/237 190/190/190 191/191/191
f 191/191/191 238/238/238 237/237/237
f 238/238/238 191/191/191 192/192/192
f 192/192/192 239/239/239 238/238/238
f 239/239/239 192/192/192 193/193/193
f 193/193/193 240/240/240 239/239/239
f 240/240/240 193/193/193 194/194/194
f 194/194/194 241/241/241 240/240/240
f 241/241/241 194/194/194 195/195/195
f 195/195/195 242/242/242 241/241/241
f 242/242/242 195/195/195 196/196/196
f 196/196/196 243/243/243 242/242/242
f 243/243/243 196/196/196 199/199/199
f 199/199/199 244/244/244 243/243/243
f 245/245/245 202/202/202 203/203/203
f 203/203/203 246/246/246 245/245/245
f 246/246/246 203/203/203 204/204/204
f 204/204/204 247/247/247 246/246/246
f 247/247/247 204/204/204 205/205/205
f 205/205/205 248/248/248 247/247/247
f 248/248/248 205/205/205 207/207/207
f 207/207/207 249/249/249 248/248/248
f 249/249/249 207/207/207 208/208/208
f 208/208/208 250/250/250 249/249/249
f 208/208/208 251/251/251 250/250/250
f 212/212/212 252/252/252 251/251/251
f 210/210/210 252/252/252 212/212/212
f 208/208/208 212/212/212 251/251/251
f 253/253/253 255/255/255 254/254/254
f 251/251/251 255/255/255 253/253/253
f 256/256/256 253/253/253 254/254/254
f 254/254/254 252/252/252 210/210/210
f 252/252/252 255/255/255 251/251/251
f 254/254/254 255/255/255 252/252/252
f 251/251/251 257/257/257 250/250/250
f 257/257/257 253/253/253 256/256/256
f 251/251/251 253/253/253 257/257/257
f 258/258/258 254/254/254 210/210/210
f 256/256/256 254/254/254 258/258/258
f 214/214/214 258/258/258 210/210/210
f 259/259/259 258/258/258 214/214/214
f 256/256/256 258/258/258 259/259/259
f 259/259/259 214/214/214 215/215/215
f 215/215/215 260/260/260 259/259/259
f 260/260/260 215/215/215 216/216/216
f 216/216/216 261/261/261 260/260/260
f 261/261/261 216/216/216 217/217/217
f 217/217/217 262/262/262 261/261/261
f 262/262/262 217/217/217 218/218/218
f 218/218/218 263/263/263 262/262/262
f 263/263/263 218/218/218 219/219/219
f 219/219/219 264/264/264 263/263/263
f 264/264/264 219/219/219 220/220/220
f 220/220/220 265/265/265 264/264/264
f 265/265/265 220/220/220 221/221/221
f 221/221/221 266/266/266 265/265/265
f 266/266/266 221/221/221 222/222/222
f 222/222/222 267/267/267 266/266/266
f 267/267/267 222/222/222 223/223/223
f 223/223/223 268/268/268 267/267/267
f 268/268/268 223/223/223 224/224/224
f 224/224/224 269/269/269 268/268/268
f 269/269/269 224/224/224 225/225/225
f 225/225/225 270/270/270 269/269/269
f 270/270/270 225/225/225 226/226/226
f 226/226/226 271/271/271 270/270/270
f 271/271/271 226/226/226 228/228/228
f 228/228/228 272/272/272 271/271/271
f 228/228/228 273/273/273 272/272/272
f 273/273/273 233/233/233 232/232/232
f 228/228/228 233/233/233 273/273/273
f 274/274/274 273/273/273 232/232/232
f 272/272/272 273/273/273 274/274/274
f 274/274/274 232/232/232 234/234/234
f 234/234/234 275/275/275 274/274/274
f 275/275/275 234/234/234 235/235/235
f 235/235/235 276/276/276 275/275/275
f 276/276/276 235/235/235 236/236/236
f 236/236/236 277/277/277 276/276/276
f 277/277/277 236/236/236 237/237/237
f 237/237/237 278/278/278 277/277/277
f 278/278/278 237/237/237 238/238/238
f 238/238/238 279/279/279 278/278/278
f 279/279/279 238/238/238 239/239/239
f 239/239/239 280/280/280 279/279/279
f 280/280/280 239/239/239 240/240/240
f 240/240/240 281/281/281 280/280/280
f 281/281/281 240/240/240 241/241/241
f 241/241/241 282/282/282 281/281/281
f 282/282/282 241/241/241 242/242/242
f 242/242/242 283/283/283 282/282/282
f 283/283/283 242/242/242 243/243/243
f 243/243/243 284/284/284 283/283/283
f 284/284/284 243/243/243 244/244/244
f 244/244/244 285/285/285 284/284/284
f 286/286/286 245/245/245 246/246/246
f 246/246/246 287/287/287 286/286/286
f 246/246/246 288/288/288 287/287/287
f 247/247/247 288/288/288 246/246/246
f 289/289/289 290/290/290 288/288/288
f 291/291/291 290/290/290 289/289/289
f 247/247/247 289/289/289 288/288/288
f 288/288/288 292/292/292 287/287/287
f 292/292/292 290/290/290 291/291/291
f 288/288/288 290/290/290 292/292/292
f 293/293/293 289/289/289 247/247/247
f 291/291/291 289/289/289 293/293/293
f 248/248/248 293/293/293 247/247/247
f 294/294/294 293/293/293 248/248/248
f 291/291/291 293/293/293 294/294/294
f 248/248/248 295/295/295 294/294/294
f 249/249/249 295/295/295 248/248/248
f 295/295/295 297/297/297 296/296/296
f 249/249/249 297/297/297 295/295/295
f 294/294/294 295/295/295 296/296/296
f 298/298/298 297/297/297 249/249/249
f 297/297/297 299/299/299 296/296/296
f 298/298/298 299/299/299 297/297/297
f 250/250/250 298/298/298 249/249/249
f 300/300/300 301/301/301 298/298/298
f 302/302/302 301/301/301 300/300/300
f 250/250/250 300/300/300 298/298/298
f 299/299/299 304/304/304 303/303/303
f 298/298/298 304/304/304 299/299/299
f 296/296/296 299/299/299 303/303/303
f 303/303/303 301/301/301 302/302/302
f 301/301/301 304/304/304 298/298/298
f 303/303/303 304/304/304 301/301/301
f 305/305/305 300/300/300 250/250/250
f 302/302/302 300/300/300 305/305/305
f 305/305/305 257/257/257 256/256/256
f 250/250/250 257/257/257 305/305/305
f 306/306/306 305/305/305 256/256/256
f 302/302/302 305/305/305 306/306/306
f 306/306/306 256/256/256 259/259/259
f 259/259/259 307/307/307 306/306/306
f 307/307/307 259/259/259 260/260/260
f 260/260/260 308/308/308 307/307/307
f 308/308/308 260/260/260 261/261/261
f 261/261/261 309/309/309 308/308/308
f 261/261/261 310/310/310 309/309/309
f 262/262/262 310/310/310 261/261/261
f 310/310/310 312/312/312 311/311/311
f 262/262/262 312/312/312 310/310/310
f 309/309/309 310/310/310 311/311/311
f 313/313/313 312/312/312 262/262/262
f 312/312/312 314/314/314 311/311/311
f 313/313/313 314/314/314 312/312/312
f 263/263/263 313/313/313 262/262/262
f 315/315/315 316/316/316 313/313/313
f 317/317/317 316/316/316 315/315/315
f 263/263/263 315/315/315 313/313/313
f 314/314/314 319/319/319 318/318/318
f 313/313/313 319/319/319 314/314/314
f 311/311/311 314/314/314 318/318/318
f 318/318/318 316/316/316 317/317/317
f 316/316/316 319/319/319 313/313/313
f 318/318/318 319/319/319 316/316/316
f 320/320/320 315/315/315 263/263/263
f 317/317/317 315/315/315 320/320/320
f 264/264/264 320/320/320 263/263/263
f 321/321/321 320/320/320 264/264/264
f 317/317/317 320/320/320 321/321/321
f 321/321/321 264/264/264 265/265/265
f 265/265/265 322/322/322 321/321/321
f 322/322/322 265/265/265 266/266/266
f 266/266/266 323/323/323 322/322/322
f 323/323/323 266/266/266 267/267/267
f 267/267/267 324/324/324 323/323/323
f 324/324/324 267/267/267 268/268/268
f 268/268/268 325/325/325 324/324/324
f 325/325/325 268/268/268 269/269/269
f 269/269/269 326/326/326 325/325/325
f 326/326/326 269/269/269 270/270/270
f 270/270/270 327/327/327 326/326/326
f 270/270/270 328/328/328 327/327/327
f 271/271/271 328/328/328 270/270/270
f 328/328/328 330/330/330 329/329/329
f 271/271/271 330/330/330 328/328/328
f 328/328/328 331/331/331 327/327/327
f 329/329/329 331/331/331 328/328/328
f 332/332/332 330/330/330 271/271/271
f 330/330/330 333/333/333 329/329/329
f 332/332/332 333/333/333 330/330/330
f 272/272/272 332/332/332 271/271/271
f 334/334/334 332/332/332 272/272/272
f 335/335/335 333/333/333 332/332/332
f 333/333/333 336/336/336 329/329/329
f 335/335/335 336/336/336 333/333/333
f 334/334/334 335/335/335 332/332/332
f 334/334/334 272/272/272 274/274/274
f 274/274/274 337/337/337 334/334/334
f 337/337/337 274/274/274 275/275/275
f 275/275/275 338/338/338 337/337/337
f 338/338/338 275/275/275 276/276/276
f 276/276/276 339/339/339 338/338/338
f 276/276/276 340/340/340 339/339/339
f 277/277/277 340/340/340 276/276/276
f 341/341/341 340/340/340 277/277/277
f 340/340/340 342/342/342 339/339/339
f 341/341/341 342/342/342 340/340/340
f 341/341/341 277/277/277 278/278/278
f 278/278/278 343/343/343 341/341/341
f 343/343/343 278/278/278 279/279/279
f 279/279/279 344/344/344 343/343/343
f 344/344/344 279/279/279 280/280/280
f 280/280/280 345/345/345 344/344/344
f 345/345/345 280/280/280 281/281/281
f 281/281/281 346/346/346 345/345/345
f 346/346/346 281/281/281 282/282/282
f 282/282/282 347/347/347 346/346/346
f 347/347/347 282/282/282 283/283/283
f 283/283/283 348/348/348 347/347/347
f 348/348/348 283/283/283 284/284/284
f 284/284/284 349/349/349 348/348/348
f 349/349/349 284/284/284 285/285/285
f 285/285/285 350/350/350 349/349/349
f 351/351/351 286/286/286 287/287/287
f 287/287/287 352/352/352 351/351/351
f 287/287/287 353/353/353 352/352/352
f 353/353/353 292/292/292 291/291/291
f 287/287/287 292/292/292 353/353/353
f 354/354/354 353/353/353 291/291/291
f 353/353/353 355/355/355 352/352/352
f 354/354/354 355/355/355 353/353/353
f 291/291/291 356/356/356 354/354/354
f 294/294/294 356/356/356 291/291/291
f 356/356/356 358/358/358 357/357/357
f 294/294/294 358/358/358 356/356/356
f 354/354/354 356/356/356 357/357/357
f 359/359/359 358/358/358 294/294/294
f 358/358/358 360/360/360 357/357/357
f 359/359/359 360/360/360 358/358/358
f 296/296/296 359/359/359 294/294/294
f 361/361/361 359/359/359 296/296/296
f 362/362/362 360/360/360 359/359/359
f 360/360/360 363/363/363 357/357/357
f 362/362/362 363/363/363 360/360/360
f 361/361/361 362/362/362 359/359/359
f 296/296/296 364/364/364 361/361/361
f 364/364/364 303/303/303 302/302/302
f 296/296/296 303/303/303 364/364/364
f 365/365/365 364/364/364 302/302/302
f 361/361/361 364/364/364 365/365/365
f 365/365/365 302/302/302 306/306/306
f 306/306/306 366/366/366 365/365/365
f 366/366/366 306/306/306 307/307/307
f 307/307/307 367/367/367 366/366/366
f 367/367/367 307/307/307 308/308/308
f 308/308/308 368/368/368 367/367/367
f 368/368/368 308/308/308 309/309/309
f 309/309/309 369/369/369 368/368/368
f 369/369/369 309/309/309 311/311/311
f 311/311/311 370/370/370 369/369/369
f 311/311/311 371/371/371 370/370/370
f 371/371/371 318/318/318 317/317/317
f 311/311/311 318/318/318 371/371/371
f 372/372/372 371/371/371 317/317/317
f 370/370/370 371/371/371 372/372/372
f 372/372/372 317/317/317 321/321/321
f 321/321/321 373/373/373 372/372/372
f 373/373/373 321/321/321 322/322/322
f 322/322/322 374/374/374 373/373/373
f 374/374/374 322/322/322 323/323/323
f 323/323/323 375/375/375 374/374/374
f 375/375/375 323/323/323 324/324/324
f 324/324/324 376/376/376 375/375/375
f 376/376/376 324/324/324 325/325/325
f 325/325/325 377/377/377 376/376/376
f 377/377/377 325/325/325 326/326/326
f 326/326/326 378/378/378 377/377/377
f 378/378/378 326/326/326 327/327/327
f 327/327/327 379/379/379 378/378/378
f 327/327/327 380/380/380 379/379/379
f 380/380/380 331/331/331 329/329/329
f 327/327/327 331/331/331 380/380/380
f 381/381/381 382/382/382 380/380/380
f 382/382/382 384/384/384 383/383/383
f 381/381/381 384/384/384 382/382/382
f 329/329/329 381/381/381 380/380/380
f 380/380/380 385/385/385 379/379/379
f 385/385/385 382/382/382 383/383/383
f 380/380/380 382/382/382 385/385/385
f 386/386/386 387/387/387 381/381/381
f 388/388/388 387/387/387 386/386/386
f 329/329/329 386/386/386 381/381/381
f 384/384/384 390/390/390 389/389/389
f 381/381/381 390/390/390 384/384/384
f 383/383/383 384/384/384 389/389/389
f 389/389/389 387/387/387 388/388/388
f 387/387/387 390/390/390 381/381/381
f 389/389/389 390/390/390 387/387/387
f 388/388/388 335/335/335 334/334/334
f 386/386/386 336/336/336 335/335/335
f 329/329/329 336/336/336 386/386/386
f 388/388/388 386/386/386 335/335/335
f 391/391/391 388/388/388 334/334/334
f 392/392/392 389/389/389 388/388/388
f 383/383/383 389/389/389 392/392/392
f 391/391/391 392/392/392 388/388/388
f 391/391/391 334/334/334 337/337/337
f 337/337/337 393/393/393 391/391/391
f 393/393/393 337/337/337 338/338/338
f 338/338/338 394/394/394 393/393/393
f 394/394/394 338/338/338 339/339/339
f 339/339/339 395/395/395 394/394/394
f 339/339/339 396/396/396 395/395/395
f 342/342/342 397/397/397 396/396/396
f 341/341/341 397/397/397 342/342/342
f 339/339/339 342/342/342 396/396/396
f 396/396/396 399/399/399 398/398/398
f 399/399/399 397/397/397 341/341/341
f 396/396/396 397/397/397 399/399/399
f 395/395/395 396/396/396 398/398/398
f 400/400/400 399/399/399 341/341/341
f 398/398/398 399/399/399 400/400/400
f 343/343/343 400/400/400 341/341/341
f 401/401/401 400/400/400 343/343/343
f 398/398/398 400/400/400 401/401/401
f 401/401/401 343/343/343 344/344/344
f 344/344/344 402/402/402 401/401/401
f 402/402/402 344/344/344 345/345/345
f 345/345/345 403/403/403 402/402/402
f 403/403/403 345/345/345 346/346/346
f 346/346/346 404/404/404 403/403/403
f 404/404/404 346/346/346 347/347/347
f 347/347/347 405/405/405 404/404/404
f 405/405/405 347/347/347 348/348/348
f 348/348/348 406/406/406 405/405/405
f 406/406/406 348/348/348 349/349/349
f 349/349/349 407/407/407 406/406/406
f 407/407/407 349/349/349 350/350/350
f 350/350/350 408/408/408 407/407/407
f 409/409/409 351/351/351 352/352/352
f 352/352/352 410/410/410 409/409/409
f 352/352/352 411/411/411 410/410/410
f 411/411/411 355/355/355 354/354/354
f 352/352/352 355/355/355 411/411/411
f 412/412/412 411/411/411 354/354/354
f 410/410/410 411/411/411 412/412/412
f 354/354/354 413/413/413 412/412/412
f 357/357/357 413/413/413 354/354/354
f 413/413/413 415/415/415 414/414/414
f 357/357/357 415/415/415 413/413/413
f 412/412/412 413/413/413 414/414/414
f 415/415/415 417/417/417 416/416/416
f 357/357/357 417/417/417 415/415/415
f 414/414/414 415/415/415 416/416/416
f 418/418/418 419/419/419 362/362/362
f 416/416/416 419/419/419 418/418/418
f 361/361/361 418/418/418 362/362/362
f 363/363/363 420/420/420 417/417/417
f 362/362/362 420/420/420 363/363/363
f 357/357/357 363/363/363 417/417/417
f 417/417/417 419/419/419 416/416/416
f 419/419/419 420/420/420 362/362/362
f 417/417/417 420/420/420 419/419/419
f 421/421/421 422/422/422 416/416/416
f 422/422/422 424/424/424 423/423/423
f 421/421/421 424/424/424 422/422/422
f 421/421/421 418/418/418 361/361/361
f 416/416/416 418/418/418 421/421/421
f 416/416/416 425/425/425 414/414/414
f 425/425/425 422/422/422 423/423/423
f 416/416/416 422/422/422 425/425/425
f 426/426/426 421/421/421 361/361/361
f 427/427/427 424/424/424 421/421/421
f 423/423/423 424/424/424 427/427/427
f 426/426/426 427/427/427 421/421/421
f 365/365/365 426/426/426 361/361/361
f 428/428/428 426/426/426 365/365/365
f 429/429/429 427/427/427 426/426/426
f 423/423/423 427/427/427 429/429/429
f 428/428/428 429/429/429 426/426/426
f 365/365/365 430/430/430 428/428/428
f 366/366/366 430/430/430 365/365/365
f 431/431/431 430/430/430 366/366/366
f 430/430/430 432/432/432 428/428/428
f 431/431/431 432/432/432 430/430/430
f 431/431/431 366/366/366 367/367/367
f 367/367/367 433/433/433 431/431/431
f 433/433/433 367/367/367 368/368/368
f 368/368/368 434/434/434 433/433/433
f 434/434/434 368/368/368 369/369/369
f 369/369/369 435/435/435 434/434/434
f 435/435/435 369/369/369 370/370/370
f 370/370/370 436/436/436 435/435/435
f 436/436/436 370/370/370 372/372/372
f 372/372/372 437/437/437 436/436/436
f 437/437/437 372/372/372 373/373/373
f 373/373/373 438/438/438 437/437/437
f 438/438/438 373/373/373 374/374/374
f 374/374/374 439/439/439 438/438/438
f 439/439/439 374/374/374 375/375/375
f 375/375/375 440/440/440 439/439/439
f 440/440/440 375/375/375 376/376/376
f 376/376/376 441/441/441 440/440/440
f 441/441/441 376/376/376 377/377/377
f 377/377/377 442/442/442 441/441/441
f 442/442/442 377/377/377 378/378/378
f 378/378/378 443/443/443 442/442/442
f 443/443/443 378/378/378 379/379/379
f 379/379/379 444/444/444 443/443/443
f 379/379/379 445/445/445 444/444/444
f 445/445/445 385/385/385 383/383/383
f 379/379/379 385/385/385 445/445/445
f 446/446/446 445/445/445 383/383/383
f 444/444/444 445/445/445 446/446/446
f 383/383/383 447/447/447 446/446/446
f 447/447/447 392/392/392 391/391/391
f 383/383/383 392/392/392 447/447/447
f 448/448/448 447/447/447 391/391/391
f 446/446/446 447/447/447 448/448/448
f 448/448/448 391/391/391 393/393/393
f 393/393/393 449/449/449 448/448/448
f 449/449/449 393/393/393 394/394/394
f 394/394/394 450/450/450 449/449/449
f 450/450/450 394/394/394 395/395/395
f 395/395/395 451/451/451 450/450/450
f 451/451/451 395/395/395 398/398/398
f 398/398/398 452/452/452 451/451/451
f 452/452/452 398/398/398 401/401/401
f 401/401/401 453/453/453 452/452/452
f 453/453/453 401/401/401 402/402/402
f 402/402/402 454/454/454 453/453/453
f 454/454/454 402/402/402 403/403/403
f 403/403/403 455/455/455 454/454/454
f 455/455/455 403/403/403 404/404/404
f 404/404/404 456/456/456 455/455/455
f 456/456/456 404/404/404 405/405/405
f 405/405/405 457/457/457 456/456/456
f 457/457/457 405/405/405 406/406/406
f 406/406/406 458/458/458 457/457/457
f 458/458/458 406/406/406 407/407/407
f 407/407/407 459/459/459 458/458/458
f 459/459/459 407/407/407 408/408/408
f 408/408/408 460/460/460 459/459/459
f 409/409/409 462/462/462 461/461/461
f 410/410/410 462/462/462 409/409/409
f 463/463/463 462/462/462 410/410/410
f 462/462/462 464/464/464 461/461/461
f 463/463/463 464/464/464 462/462/462
f 463/463/463 410/410/410 412/412/412
f 412/412/412 465/465/465 463/463/463
f 465/465/465 412/412/412 414/414/414
f 414/414/414 466/466/466 465/465/465
f 414/414/414 467/467/467 466/466/466
f 467/467/467 425/425/425 423/423/423
f 414/414/414 425/425/425 467/467/467
f 468/468/468 467/467/467 423/423/423
f 466/466/466 467/467/467 468/468/468
f 423/423/423 469/469/469 468/468/468
f 469/469/469 429/429/429 428/428/428
f 423/423/423 429/429/429 469/469/469
f 469/469/469 471/471/471 470/470/470
f 428/428/428 471/471/471 469/469/469
f 468/468/468 469/469/469 470/470/470
f 471/471/471 473/473/473 472/472/472
f 428/428/428 473/473/473 471/471/471
f 470/470/470 471/471/471 472/472/472
f 472/472/472 432/432/432 431/431/431
f 432/432/432 473/473/473 428/428/428
f 472/472/472 473/473/473 432/432/432
f 474/474/474 472/472/472 431/431/431
f 470/470/470 472/472/472 474/474/474
f 474/474/474 431/431/431 433/433/433
f 433/433/433 475/475/475 474/474/474
f 475/475/475 433/433/433 434/434/434
f 434/434/434 476/476/476 475/475/475
f 476/476/476 434/434/434 435/435/435
f 435/435/435 477/477/477 476/476/476
f 477/477/477 435/435/435 436/436/436
f 436/436/436 478/478/478 477/477/477
f 478/478/478 436/436/436 437/437/437
f 437/437/437 479/479/479 478/478/478
f 479/479/479 437/437/437 438/438/438
f 438/438/438 480/480/480 479/479/479
f 480/480/480 438/438/438 439/439/439
f 439/439/439 481/481/481 480/480/480
f 481/481/481 439/439/439 440/440/440
f 440/440/440 482/482/482 481/481/481
f 482/482/482 440/440/440 441/441/441
f 441/441/441 483/483/483 482/482/482
f 483/483/483 441/441/441 442/442/442
f 442/442/442 484/484/484 483/483/483
f 484/484/484 442/442/442 443/443/443
f 443/443/443 485/485/485 484/484/484
f 443/443/443 486/486/486 485/485/485
f 444/444/444 486/486/486 443/443/443
f 487/487/487 486/486/486 444/444/444
f 486/486/486 488/488/488 485/485/485
f 487/487/487 488/488/488 486/486/486
f 444/444/444 489/489/489 487/487/487
f 446/446/446 489/489/489 444/444/444
f 490/490/490 489/489/489 446/446/446
f 489/489/489 491/491/491 487/487/487
f 490/490/490 491/491/491 489/489/489
f 446/446/446 492/492/492 490/490/490
f 448/448/448 492/492/492 446/446/446
f 493/493/493 494/494/494 492/492/492
f 495/495/495 494/494/494 493/493/493
f 448/448/448 493/493/493 492/492/492
f 492/492/492 496/496/496 490/490/490
f 496/496/496 494/494/494 495/495/495
f 492/492/492 494/494/494 496/496/496
f 497/497/497 493/493/493 448/448/448
f 495/495/495 493/493/493 497/497/497
f 449/449/449 497/497/497 448/448/448
f 498/498/498 497/497/497 449/449/449
f 495/495/495 497/497/497 498/498/498
f 498/498/498 449/449/449 450/450/450
f 450/450/450 499/499/499 498/498/498
f 450/450/450 500/500/500 499/499/499
f 451/451/451 500/500/500 450/450/450
f 501/501/501 500/500/500 451/451/451
f 499/499/499 500/500/500 501/501/501
f 451/451/451 502/502/502 501/501/501
f 452/452/452 502/502/502 451/451/451
f 503/503/503 502/502/502 452/452/452
f 501/501/501 502/502/502 503/503/503
f 503/503/503 452/452/452 453/453/453
f 453/453/453 504/504/504 503/503/503
f 504/504/504 453/453/453 454/454/454
f 454/454/454 505/505/505 504/504/504
f 505/505/505 454/454/454 455/455/455
f 455/455/455 506/506/506 505/505/505
f 506/506/506 455/455/455 456/456/456
f 456/456/456 507/507/507 506/506/506
f 507/507/507 456/456/456 457/457/457
f 457/457/457 508/508/508 507/507/507
f 508/508/508 457/457/457 458/458/458
f 458/458/458 509/509/509 508/508/508
f 509/509/509 458/458/458 459/459/459
f 459/459/459 510/510/510 509/509/509
f 510/510/510 459/459/459 460/460/460
f 460/460/460 511/511/511 510/510/510
f 512/512/512 514/514/514 513/513/513
f 461/461/461 514/514/514 512/512/512
f 515/515/515 512/512/512 513/513/513
f 513/513/513 464/464/464 463/463/463
f 464/464/464 514/514/514 461/461/461
f 513/513/513 514/514/514 464/464/464
f 516/516/516 513/513/513 463/463/463
f 515/515/515 513/513/513 516/516/516
f 516/516/516 463/463/463 465/465/465
f 465/465/465 517/517/517 516/516/516
f 517/517/517 465/465/465 466/466/466
f 466/466/466 518/518/518 517/517/517
f 518/518/518 466/466/466 468/468/468
f 468/468/468 519/519/519 518/518/518
f 519/519/519 468/468/468 470/470/470
f 470/470/470 520/520/520 519/519/519
f 520/520/520 470/470/470 474/474/474
f 474/474/474 521/521/521 520/520/520
f 521/521/521 474/474/474 475/475/475
f 475/475/475 522/522/522 521/521/521
f 522/522/522 475/475/475 476/476/476
f 476/476/476 523/523/523 522/522/522
f 523/523/523 476/476/476 477/477/477
f 477/477/477 524/524/524 523/523/523
f 524/524/524 477/477/477 478/478/478
f 478/478/478 525/525/525 524/524/524
f 525/525/525 478/478/478 479/479/479
f 479/479/479 526/526/526 525/525/525
f 526/526/526 479/479/479 480/480/480
f 480/480/480 527/527/527 526/526/526
f 527/527/527 480/480/480 481/481/481
f 481/481/481 528/528/528 527/527/527
f 528/528/528 481/481/481 482/482/482
f 482/482/482 529/529/529 528/528/528
f 529/529/529 482/482/482 483/483/483
f 483/483/483 530/530/530 529/529/529
f 530/530/530 483/483/483 484/484/484
f 484/484/484 531/531/531 530/530/530
f 531/531/531 484/484/484 485/485/485
f 485/485/485 532/532/532 531/531/531
f 485/485/485 533/533/533 532/532/532
f 488/488/488 534/534/534 533/533/533
f 487/487/487 534/534/534 488/488/488
f 485/485/485 488/488/488 533/533/533
f 533/533/533 536/536/536 535/535/535
f 534/534/534 537/537/537 536/536/536
f 487/487/487 537/537/537 534/534/534
f 533/533/533 534/534/534 536/536/536
f 532/532/532 533/533/533 535/535/535
f 536/536/536 539/539/539 538/538/538
f 539/539/539 537/537/537 487/487/487
f 536/536/536 537/537/537 539/539/539
f 535/535/535 536/536/536 538/538/538
f 538/538/538 491/491/491 490/490/490
f 491/491/491 539/539/539 487/487/487
f 538/538/538 539/539/539 491/491/491
f 540/540/540 538/538/538 490/490/490
f 535/535/535 538/538/538 540/540/540
f 490/490/490 541/541/541 540/540/540
f 541/541/541 496/496/496 495/495/495
f 490/490/490 496/496/496 541/541/541
f 542/542/542 541/541/541 495/495/495
f 540/540/540 541/541/541 542/542/542
f 542/542/542 495/495/495 498/498/498
f 498/498/498 543/543/543 542/542/542
f 498/498/498 544/544/544 543/543/543
f 499/499/499 544/544/544 498/498/498
f 544/544/544 546/546/546 545/545/545
f 499/499/499 546/546/546 544/544/544
f 544/544/544 547/547/547 543/543/543
f 545/545/545 547/547/547 544/544/544
f 548/548/548 546/546/546 499/499/499
f 546/546/546 549/549/549 545/545/545
f 548/548/548 549/549/549 546/546/546
f 501/501/501 548/548/548 499/499/499
f 550/550/550 548/548/548 501/501/501
f 551/551/551 549/549/549 548/548/548
f 545/545/545 549/549/549 551/551/551
f 550/550/550 551/551/551 548/548/548
f 550/550/550 501/501/501 503/503/503
f 503/503/503 552/552/552 550/550/550
f 552/552/552 503/503/503 504/504/504
f 504/504/504 553/553/553 552/552/552
f 553/553/553 504/504/504 505/505/505
f 505/505/505 554/554/554 553/553/553
f 554/554/554 505/505/505 506/506/506
f 506/506/506 555/555/555 554/554/554
f 555/555/555 506/506/506 507/507/507
f 507/507/507 556/556/556 555/555/555
f 556/556/556 507/507/507 508/508/508
f 508/508/508 557/557/557 556/556/556
f 557/557/557 508/508/508 509/509/509
f 509/509/509 558/558/558 557/557/557
f 558/558/558 509/509/509 510/510/510
f 510/510/510 559/559/559 558/558/558
f 559/559/559 510/510/510 511/511/511
f 511/511/511 560/560/560 559/559/559
f 561/561/561 515/515/515 516/516/516
f 516/516/516 562/562/562 561/561/561
f 562/562/562 516/516/516 517/517/517
f 517/517/517 563/563/563 562/562/562
f 563/563/563 517/517/517 518/518/518
f 518/518/518 564/564/564 563/563/563
f 564/564/564 518/518/518 519/519/519
f 519/519/519 565/565/565 564/564/564
f 565/565/565 519/519/519 520/520/520
f 520/520/520 566/566/566 565/565/565
f 566/566/566 520/520/520 521/521/521
f 521/521/521 567/567/567 566/566/566
f 567/567/567 521/521/521 522/522/522
f 522/522/522 568/568/568 567/567/567
f 568/568/568 522/522/522 523/523/523
f 523/523/523 569/569/569 568/568/568
f 569/569/569 523/523/523 524/524/524
f 524/524/524 570/570/570 569/569/569
f 570/570/570 524/524/524 525/525/525
f 525/525/525 571/571/571 570/570/570
f 571/571/571 525/525/525 526/526/526
f 526/526/526 572/572/572 571/571/571
f 572/572/572 526/526/526 527/527/527
f 527/527/527 573/573/573 572/572/572
f 573/573/573 527/527/527 528/528/528
f 528/528/528 574/574/574 573/573/573
f 574/574/574 528/528/528 529/529/529
f 529/529/529 575/575/575 574/574/574
f 575/575/575 529/529/529 530/530/530
f 530/530/530 576/576/576 575/575/575
f 576/576/576 530/530/530 531/531/531
f 531/531/531 577/577/577 576/576/576
f 577/577/577 531/531/531 532/532/532
f 532/532/532 578/578/578 577/577/577
f 578/578/578 532/532/532 535/535/535
f 535/535/535 579/579/579 578/578/578
f 579/579/579 535/535/535 540/540/540
f 540/540/540 580/580/580 579/579/579
f 580/580/580 540/540/540 542/542/542
f 542/542/542 581/581/581 580/580/580
f 581/581/581 542/542/542 543/543/543
f 543/543/543 582/582/582 581/581/581
f 543/543/543 583/583/583 582/582/582
f 583/583/583 547/547/547 545/545/545
f 543/543/543 547/547/547 583/583/583
f 584/584/584 583/583/583 545/545/545
f 583/583/583 585/585/585 582/582/582
f 584/584/584 585/585/585 583/583/583
f 545/545/545 586/586/586 584/584/584
f 586/586/586 551/551/551 550/550/550
f 545/545/545 551/551/551 586/586/586
f 587/587/587 586/586/586 550/550/550
f 584/584/584 586/586/586 587/587/587
f 550/550/550 588/588/588 587/587/587
f 552/552/552 588/588/588 550/550/550
f 589/589/589 590/590/590 588/588/588
f 591/591/591 590/590/590 589/589/589
f 552/552/552 589/589/589 588/588/588
f 588/588/588 592/592/592 587/587/587
f 590/590/590 593/593/593 592/592/592
f 591/591/591 593/593/593 590/590/590
f 588/588/588 590/590/590 592/592/592
f 594/594/594 589/589/589 552/552/552
f 591/591/591 589/589/589 594/594/594
f 553/553/553 594/594/594 552/552/552
f 595/595/595 594/594/594 553/553/553
f 591/591/591 594/594/594 595/595/595
f 595/595/595 553/553/553 554/554/554
f 554/554/554 596/596/596 595/595/595
f 596/596/596 554/554/554 555/555/555
f 555/555/555 597/597/597 596/596/596
f 597/597/597 555/555/555 556/556/556
f 556/556/556 598/598/598 597/597/597
f 598/598/598 556/556/556 557/557/557
f 557/557/557 599/599/599 598/598/598
f 599/599/599 557/557/557 558/558/558
f 558/558/558 600/600/600 599/599/599
f 600/600/600 558/558/558 559/559/559
f 559/559/559 601/601/601 600/600/600
f 601/601/601 559/559/559 560/560/560
f 560/560/560 602/602/602 601/601/601
f 603/603/603 561/561/561 562/562/562
f 562/562/562 604/604/604 603/603/603
f 604/604/604 562/562/562 563/563/563
f 563/563/563 605/605/605 604/604/604
f 605/605/605 563/563/563 564/564/564
f 564/564/564 606/606/606 605/605/605
f 606/606/606 564/564/564 565/565/565
f 565/565/565 607/607/607 606/606/606
f 607/607/607 565/565/565 566/566/566
f 566/566/566 608/608/608 607/607/607
f 608/608/608 566/566/566 567/567/567
f 567/567/567 609/609/609 608/608/608
f 609/609/609 567/567/567 568/568/568
f 568/568/568 610/610/610 609/609/609
f 610/610/610 568/568/568 569/569/569
f 569/569/569 611/611/611 610/610/610
f 611/611/611 569/569/569 570/570/570
f 570/570/570 612/612/612 611/611/611
f 612/612/612 570/570/570 571/571/571
f 571/571/571 613/613/613 612/612/612
f 613/613/613 571/571/571 572/572/572
f 572/572/572 614/614/614 613/613/613
f 614/614/614 572/572/572 573/573/573
f 573/573/573 615/615/615 614/614/614
f 615/615/615 573/573/573 574/574/574
f 574/574/574 616/616/616 615/615/615
f 616/616/616 574/574/574 575/575/575
f 575/575/575 617/617/617 616/616/616
f 617/617/617 575/575/575 576/576/576
f 576/576/576 618/618/618 617/617/617
f 618/618/618 576/576/576 577/577/577
f 577/577/577 619/619/619 618/618/618
f 619/619/619 577/577/577 578/578/578
f 578/578/578 620/620/620 619/619/619
f 620/620/620 578/578/578 579/579/579
f 579/579/579 621/621/621 620/620/620
f 621/621/621 579/579/579 580/580/580
f 580/580/580 622/622/622 621/621/621
f 622/622/622 580/580/580 581/581/581
f 581/581/581 623/623/623 622/622/622
f 623/623/623 581/581/581 582/582/582
f 582/582/582 624/624/624 623/623/623
f 582/582/582 625/625/625 624/624/624
f 585/585/585 626/626/626 625/625/625
f 584/584/584 626/626/626 585/585/585
f 582/582/582 585/585/585 625/625/625
f 627/627/627 629/629/629 628/628/628
f 625/625/625 629/629/629 627/627/627
f 630/630/630 627/627/627 628/628/628
f 628/628/628 626/626/626 584/584/584
f 626/626/626 629/629/629 625/625/625
f 628/628/628 629/629/629 626/626/626
f 625/625/625 631/631/631 624/624/624
f 631/631/631 627/627/627 630/630/630
f 625/625/625 627/627/627 631/631/631
f 632/632/632 628/628/628 584/584/584
f 630/630/630 628/628/628 632/632/632
f 587/587/587 632/632/632 584/584/584
f 632/632/632 634/634/634 633/633/633
f 587/587/587 634/634/634 632/632/632
f 630/630/630 632/632/632 633/633/633
f 634/634/634 636/636/636 635/635/635
f 587/587/587 636/636/636 634/634/634
f 633/633/633 634/634/634 635/635/635
f 637/637/637 639/639/639 638/638/638
f 592/592/592 639/639/639 637/637/637
f 635/635/635 637/637/637 638/638/638
f 638/638/638 593/593/593 591/591/591
f 593/593/593 639/639/639 592/592/592
f 638/638/638 639/639/639 593/593/593
f 592/592/592 636/636/636 587/587/587
f 636/636/636 637/637/637 635/635/635
f 592/592/592 637/637/637 636/636/636
f 635/635/635 641/641/641 640/640/640
f 641/641/641 638/638/638 591/591/591
f 635/635/635 638/638/638 641/641/641
f 633/633/633 635/635/635 640/640/640
f 642/642/642 641/641/641 591/591/591
f 640/640/640 641/641/641 642/642/642
f 595/595/595 642/642/642 591/591/591
f 643/643/643 642/642/642 595/595/595
f 640/640/640 642/642/642 643/643/643
f 643/643/643 595/595/595 596/596/596
f 596/596/596 644/644/644 643/643/643
f 644/644/644 596/596/596 597/597/597
f 597/597/597 645/645/645 644/644/644
f 645/645/645 597/597/597 598/598/598
f 598/598/598 646/646/646 645/645/645
f 646/646/646 598/598/598 599/599/599
f 599/599/599 647/647/647 646/646/646
f 647/647/647 599/599/599 600/600/600
f 600/600/600 648/648/648 647/647/647
f 648/648/648 600/600/600 601/601/601
f 601/601/601 649/649/649 648/648/648
f 649/649/649 601/601/601 602/602/602
f 602/602/602 650/650/650 649/649/649
f 651/651/651 603/603/603 604/604/604
f 604/604/604 652/652/652 651/651/651
f 652/652/652 604/604/604 605/605/605
f 605/605/605 653/653/653 652/652/652
f 653/653/653 605/605/605 606/606/606
f 606/606/606 654/654/654 653/653/653
f 654/654/654 606/606/606 607/607/607
f 607/607/607 655/655/655 654/654/654
f 655/655/655 607/607/607 608/608/608
f 608/608/608 656/656/656 655/655/655
f 656/656/656 608/608/608 609/609/609
f 609/609/609 657/657/657 656/656/656
f 657/657/657 609/609/609 610/610/610
f 610/610/610 658/658/658 657/657/657
f 658/658/658 610/610/610 611/611/611
f 611/611/611 659/659/659 658/658/658
f 659/659/659 611/611/611 612/612/612
f 612/612/612 660/660/660 659/659/659
f 660/660/660 612/612/612 613/613/613
f 613/613/613 661/661/661 660/660/660
f 661/661/661 613/613/613 614/614/614
f 614/614/614 662/662/662 661/661/661
f 662/662/662 614/614/614 615/615/615
f 615/615/615 663/663/663 662/662/662
f 663/663/663 615/615/615 616/616/616
f 616/616/616 664/664/664 663/663/663
f 664/664/664 616/616/616 617/617/617
f 617/617/617 665/665/665 664/664/664
f 665/665/665 617/617/617 618/618/618
f 618/618/618 666/666/666 665/665/665
f 666/666/666 618/618/618 619/619/619
f 619/619/619 667/667/667 666/666/666
f 667/667/667 619/619/619 620/620/620
f 620/620/620 668/668/668 667/667/667
f 668/668/668 620/620/620 621/621/621
f 621/621/621 669/669/669 668/668/668
f 669/669/669 621/621/621 622/622/622
f 622/622/622 670/670/670 669/669/669
f 670/670/670 622/622/622 623/623/623
f 623/623/623 671/671/671 670/670/670
f 671/671/671 623/623/623 624/624/624
f 624/624/624 672/672/672 671/671/671
f 624/624/624 673/673/673 672/672/672
f 631/631/631 674/674/674 673/673/673
f 630/630/630 674/674/674 631/631/631
f 624/624/624 631/631/631 673/673/673
f 673/673/673 676/676/676 675/675/675
f 676/676/676 674/674/674 630/630/630
f 673/673/673 674/674/674 676/676/676
f 672/672/672 673/673/673 675/675/675
f 677/677/677 676/676/676 630/630/630
f 675/675/675 676/676/676 677/677/677
f 633/633/633 677/677/677 630/630/630
f 678/678/678 677/677/677 633/633/633
f 675/675/675 677/677/677 678/678/678
f 678/678/678 633/633/633 640/640/640
f 640/640/640 679/679/679 678/678/678
f 640/640/640 680/680/680 679/679/679
f 643/643/643 680/680/680 640/640/640
f 681/681/681 682/682/682 680/680/680
f 682/682/682 684/684/684 683/683/683
f 681/681/681 684/684/684 682/682/682
f 643/643/643 681/681/681 680/680/680
f 680/680/680 685/685/685 679/679/679
f 685/685/685 682/682/682 683/683/683
f 680/680/680 682/682/682 685/685/685
f 686/686/686 681/681/681 643/643/643
f 687/687/687 684/684/684 681/681/681
f 683/683/683 684/684/684 687/687/687
f 686/686/686 687/687/687 681/681/681
f 644/644/644 686/686/686 643/643/643
f 688/688/688 689/689/689 686/686/686
f 689/689/689 691/691/691 690/690/690
f 688/688/688 691/691/691 689/689/689
f 644/644/644 688/688/688 686/686/686
f 692/692/692 687/687/687 686/686/686
f 683/683/683 687/687/687 692/692/692
f 692/692/692 689/689/689 690/690/690
f 686/686/686 689/689/689 692/692/692
f 693/693/693 688/688/688 644/644/644
f 694/694/694 691/691/691 688/688/688
f 691/691/691 695/695/695 690/690/690
f 694/694/694 695/695/695 691/691/691
f 693/693/693 694/694/694 688/688/688
f 645/645/645 693/693/693 644/644/644
f 696/696/696 693/693/693 645/645/645
f 697/697/697 694/694/694 693/693/693
f 698/698/698 695/695/695 694/694/694
f 690/690/690 695/695/695 698/698/698
f 697/697/697 698/698/698 694/694/694
f 696/696/696 697/697/697 693/693/693
f 696/696/696 645/645/645 646/646/646
f 646/646/646 699/699/699 696/696/696
f 699/699/699 646/646/646 647/647/647
f 647/647/647 700/700/700 699/699/699
f 700/700/700 647/647/647 648/648/648
f 648/648/648 701/701/701 700/700/700
f 701/701/701 648/648/648 649/649/649
f 649/649/649 702/702/702 701/701/701
f 702/702/702 649/649/649 650/650/650
f 650/650/650 703/703/703 702/702/702
f 704/704/704 651/651/651 652/652/652
f 652/652/652 705/705/705 704/704/704
f 705/705/705 652/652/652 653/653/653
f 653/653/653 706/706/706 705/705/705
f 706/706/706 653/653/653 654/654/654
f 654/654/654 707/707/707 706/706/706
f 707/707/707 654/654/654 655/655/655
f 655/655/655 708/708/708 707/707/707
f 708/708/708 655/655/655 656/656/656
f 656/656/656 709/709/709 708/708/708
f 709/709/709 656/656/656 657/657/657
f 657/657/657 710/710/710 709/709/709
f 710/710/710 657/657/657 658/658/658
f 658/658/658 711/711/711 710/710/710
f 658/658/658 712/712/712 711/711/711
f 659/659/659 712/712/712 658/658/658
f 713/713/713 712/712/712 659/659/659
f 712/712/712 714/714/714 711/711/711
f 713/713/713 714/714/714 712/712/712
f 713/713/713 659/659/659 660/660/660
f 660/660/660 715/715/715 713/713/713
f 715/715/715 660/660/660 661/661/661
f 661/661/661 716/716/716 715/715/715
f 716/716/716 661/661/661 662/662/662
f 662/662/662 717/717/717 716/716/716
f 717/717/717 662/662/662 663/663/663
f 663/663/663 718/718/718 717/717/717
f 718/718/718 663/663/663 664/664/664
f 664/664/664 719/719/719 718/718/718
f 719/719/719 664/664/664 665/665/665
f 665/665/665 720/720/720 719/719/719
f 720/720/720 665/665/665 666/666/666
f 666/666/666 721/721/721 720/720/720
f 721/721/721 666/666/666 667/667/667
f 667/667/667 722/722/722 721/721/721
f 722/722/722 667/667/667 668/668/668
f 668/668/668 723/723/723 722/722/722
f 723/723/723 668/668/668 669/669/669
f 669/669/669 724/724/724 723/723/723
f 724/724/724 669/669/669 670/670/670
f 670/670/670 725/725/725 724/724/724
f 725/725/725 670/670/670 671/671/671
f 671/671/671 726/726/726 725/725/725
f 726/726/726 671/671/671 672/672/672
f 672/672/672 727/727/727 726/726/726
f 727/727/727 672/672/672 675/675/675
f 675/675/675 728/728/728 727/727/727
f 728/728/728 675/675/675 678/678/678
f 678/678/678 729/729/729 728/728/728
f 729/729/729 678/678/678 679/679/679
f 679/679/679 730/730/730 729/729/729
f 679/679/679 731/731/731 730/730/730
f 731/731/731 685/685/685 683/683/683
f 679/679/679 685/685/685 731/731/731
f 732/732/732 731/731/731 683/683/683
f 730/730/730 731/731/731 732/732/732
f 683/683/683 733/733/733 732/732/732
f 733/733/733 692/692/692 690/690/690
f 683/683/683 692/692/692 733/733/733
f 733/733/733 735/735/735 734/734/734
f 690/690/690 735/735/735 733/733/733
f 732/732/732 733/733/733 734/734/734
f 735/735/735 737/737/737 736/736/736
f 690/690/690 737/737/737 735/735/735
f 734/734/734 735/735/735 736/736/736
f 736/736/736 697/697/697 696/696/696
f 737/737/737 698/698/698 697/697/697
f 690/690/690 698/698/698 737/737/737
f 736/736/736 737/737/737 697/697/697
f 738/738/738 736/736/736 696/696/696
f 734/734/734 736/736/736 738/738/738
f 738/738/738 696/696/696 699/699/699
f 699/699/699 739/739/739 738/738/738
f 739/739/739 699/699/699 700/700/700
f 700/700/700 740/740/740 739/739/739
f 740/740/740 700/700/700 701/701/701
f 701/701/701 741/741/741 740/740/740
f 741/741/741 701/701/701 702/702/702
f 702/702/702 742/742/742 741/741/741
f 742/742/742 702/702/702 703/703/703
f 703/703/703 743/743/743 742/742/742
f 744/744/744 704/704/704 705/705/705
f 705/705/705 745/745/745 744/744/744
f 745/745/745 705/705/705 706/706/706
f 706/706/706 746/746/746 745/745/745
f 746/746/746 706/706/706 707/707/707
f 707/707/707 747/747/747 746/746/746
f 747/747/747 707/707/707 708/708/708
f 708/708/708 748/748/748 747/747/747
f 748/748/748 708/708/708 709/709/709
f 709/709/709 749/749/749 748/748/748
f 709/709/709 750/750/750 749/749/749
f 710/710/710 750/750/750 709/709/709
f 751/751/751 750/750/750 710/710/710
f 750/750/750 752/752/752 749/749/749
f 751/751/751 752/752/752 750/750/750
f 751/751/751 710/710/710 711/711/711
f 711/711/711 753/753/753 751/751/751
f 711/711/711 754/754/754 753/753/753
f 754/754/754 714/714/714 713/713/713
f 711/711/711 714/714/714 754/754/754
f 755/755/755 754/754/754 713/713/713
f 754/754/754 756/756/756 753/753/753
f 755/755/755 756/756/756 754/754/754
f 755/755/755 713/713/713 715/715/715
f 715/715/715 757/757/757 755/755/755
f 757/757/757 715/715/715 716/716/716
f 716/716/716 758/758/758 757/757/757
f 758/758/758 716/716/716 717/717/717
f 717/717/717 759/759/759 758/758/758
f 759/759/759 717/717/717 718/718/718
f 718/718/718 760/760/760 759/759/759
f 760/760/760 718/718/718 719/719/719
f 719/719/719 761/761/761 760/760/760
f 761/761/761 719/719/719 720/720/720
f 720/720/720 762/762/762 761/761/761
f 762/762/762 720/720/720 721/721/721
f 721/721/721 763/763/763 762/762/762
f 763/763/763 721/721/721 722/722/722
f 722/722/722 764/764/764 763/763/763
f 764/764/764 722/722/722 723/723/723
f 723/723/723 765/765/765 764/764/764
f 765/765/765 723/723/723 724/724/724
f 724/724/724 766/766/766 765/765/765
f 724/724/724 767/767/767 766/766/766
f 725/725/725 767/767/767 724/724/724
f 768/768/768 769/769/769 767/767/767
f 769/769/769 771/771/771 770/770/770
f 768/768/768 771/771/771 769/769/769
f 725/725/725 768/768/768 767/767/767
f 767/767/767 772/772/772 766/766/766
f 772/772/772 769/769/769 770/770/770
f 767/767/767 769/769/769 772/772/772
f 773/773/773 768/768/768 725/725/725
f 774/774/774 771/771/771 768/768/768
f 770/770/770 771/771/771 774/774/774
f 773/773/773 774/774/774 768/768/768
f 726/726/726 773/773/773 725/725/725
f 775/775/775 776/776/776 773/773/773
f 777/777/777 776/776/776 775/775/775
f 726/726/726 775/775/775 773/773/773
f 774/774/774 779/779/779 778/778/778
f 773/773/773 779/779/779 774/774/774
f 770/770/770 774/774/774 778/778/778
f 778/778/778 776/776/776 777/777/777
f 776/776/776 779/779/779 773/773/773
f 778/778/778 779/779/779 776/776/776
f 780/780/780 775/775/775 726/726/726
f 777/777/777 775/775/775 780/780/780
f 727/727/727 780/780/780 726/726/726
f 781/781/781 780/780/780 727/727/727
f 777/777/777 780/780/780 781/781/781
f 781/781/781 727/727/727 728/728/728
f 728/728/728 782/782/782 781/781/781
f 782/782/782 728/728/728 729/729/729
f 729/729/729 783/783/783 782/782/782
f 783/783/783 729/729/729 730/730/730
f 730/730/730 784/784/784 783/783/783
f 784/784/784 730/730/730 732/732/732
f 732/732/732 785/785/785 784/784/784
f 785/785/785 732/732/732 734/734/734
f 734/734/734 786/786/786 785/785/785
f 734/734/734 787/787/787 786/786/786
f 738/738/738 787/787/787 734/734/734
f 787/787/787 789/789/789 788/788/788
f 738/738/738 789/789/789 787/787/787
f 786/786/786 787/787/787 788/788/788
f 790/790/790 789/789/789 738/738/738
f 789/789/789 791/791/791 788/788/788
f 790/790/790 791/791/791 789/789/789
f 739/739/739 790/790/790 738/738/738
f 792/792/792 790/790/790 739/739/739
f 793/793/793 791/791/791 790/790/790
f 788/788/788 791/791/791 793/793/793
f 792/792/792 793/793/793 790/790/790
f 739/739/739 794/794/794 792/792/792
f 740/740/740 794/794/794 739/739/739
f 795/795/795 794/794/794 740/740/740
f 792/792/792 794/794/794 795/795/795
f 795/795/795 740/740/740 741/741/741
f 741/741/741 796/796/796 795/795/795
f 796/796/796 741/741/741 742/742/742
f 742/742/742 797/797/797 796/796/796
f 797/797/797 742/742/742 743/743/743
f 743/743/743 798/798/798 797/797/797
f 744/744/744 800/800/800 799/799/799
f 745/745/745 800/800/800 744/744/744
f 800/800/800 802/802/802 801/801/801
f 745/745/745 802/802/802 800/800/800
f 799/799/799 800/800/800 801/801/801
f 803/803/803 802/802/802 745/745/745
f 802/802/802 804/804/804 801/801/801
f 803/803/803 804/804/804 802/802/802
f 746/746/746 803/803/803 745/745/745
f 805/805/805 803/803/803 746/746/746
f 806/806/806 804/804/804 803/803/803
f 801/801/801 804/804/804 806/806/806
f 805/805/805 806/806/806 803/803/803
f 805/805/805 746/746/746 747/747/747
f 747/747/747 807/807/807 805/805/805
f 807/807/807 747/747/747 748/748/748
f 748/748/748 808/808/808 807/807/807
f 808/808/808 748/748/748 749/749/749
f 749/749/749 809/809/809 808/808/808
f 749/749/749 810/810/810 809/809/809
f 752/752/752 811/811/811 810/810/810
f 751/751/751 811/811/811 752/752/752
f 749/749/749 752/752/752 810/810/810
f 812/812/812 814/814/814 813/813/813
f 810/810/810 814/814/814 812/812/812
f 815/815/815 812/812/812 813/813/813
f 813/813/813 811/811/811 751/751/751
f 811/811/811 814/814/814 810/810/810
f 813/813/813 814/814/814 811/811/811
f 810/810/810 816/816/816 809/809/809
f 816/816/816 812/812/812 815/815/815
f 810/810/810 812/812/812 816/816/816
f 817/817/817 813/813/813 751/751/751
f 815/815/815 813/813/813 817/817/817
f 753/753/753 817/817/817 751/751/751
f 817/817/817 819/819/819 818/818/818
f 753/753/753 819/819/819 817/817/817
f 815/815/815 817/817/817 818/818/818
f 819/819/819 821/821/821 820/820/820
f 753/753/753 821/821/821 819/819/819
f 819/819/819 822/822/822 818/818/818
f 820/820/820 822/822/822 819/819/819
f 820/820/820 756/756/756 755/755/755
f 756/756/756 821/821/821 753/753/753
f 820/820/820 821/821/821 756/756/756
f 823/823/823 820/820/820 755/755/755
f 824/824/824 822/822/822 820/820/820
f 818/818/818 822/822/822 824/824/824
f 823/823/823 824/824/824 820/820/820
f 823/823/823 755/755/755 757/757/757
f 757/757/757 825/825/825 823/823/823
f 825/825/825 757/757/757 758/758/758
f 758/758/758 826/826/826 825/825/825
f 826/826/826 758/758/758 759/759/759
f 759/759/759 827/827/827 826/826/826
f 827/827/827 759/759/759 760/760/760
f 760/760/760 828/828/828 827/827/827
f 828/828/828 760/760/760 761/761/761
f 761/761/761 829/829/829 828/828/828
f 829/829/829 761/761/761 762/762/762
f 762/762/762 830/830/830 829/829/829
f 830/830/830 762/762/762 763/763/763
f 763/763/763 831/831/831 830/830/830
f 831/831/831 763/763/763 764/764/764
f 764/764/764 832/832/832 831/831/831
f 764/764/764 833/833/833 832/832/832
f 765/765/765 833/833/833 764/764/764
f 833/833/833 835/835/835 834/834/834
f 765/765/765 835/835/835 833/833/833
f 832/832/832 833/833/833 834/834/834
f 836/836/836 835/835/835 765/765/765
f 835/835/835 837/837/837 834/834/834
f 836/836/836 837/837/837 835/835/835
f 766/766/766 836/836/836 765/765/765
f 838/838/838 839/839/839 836/836/836
f 840/840/840 839/839/839 838/838/838
f 766/766/766 838/838/838 836/836/836
f 841/841/841 842/842/842 837/837/837
f 842/842/842 844/844/844 843/843/843
f 841/841/841 844/844/844 842/842/842
f 836/836/836 841/841/841 837/837/837
f 837/837/837 845/845/845 834/834/834
f 845/845/845 842/842/842 843/843/843
f 837/837/837 842/842/842 845/845/845
f 846/846/846 847/847/847 839/839/839
f 843/843/843 847/847/847 846/846/846
f 840/840/840 846/846/846 839/839/839
f 839/839/839 841/841/841 836/836/836
f 847/847/847 844/844/844 841/841/841
f 843/843/843 844/844/844 847/847/847
f 839/839/839 847/847/847 841/841/841
f 848/848/848 838/838/838 766/766/766
f 840/840/840 838/838/838 848/848/848
f 848/848/848 772/772/772 770/770/770
f 766/766/766 772/772/772 848/848/848
f 849/849/849 848/848/848 770/770/770
f 840/840/840 848/848/848 849/849/849
f 770/770/770 850/850/850 849/849/849
f 850/850/850 778/778/778 777/777/777
f 770/770/770 778/778/778 850/850/850
f 851/851/851 850/850/850 777/777/777
f 849/849/849 850/850/850 851/851/851
f 851/851/851 777/777/777 781/781/781
f 781/781/781 852/852/852 851/851/851
f 852/852/852 781/781/781 782/782/782
f 782/782/782 853/853/853 852/852/852
f 853/853/853 782/782/782 783/783/783
f 783/783/783 854/854/854 853/853/853
f 854/854/854 783/783/783 784/784/784
f 784/784/784 855/855/855 854/854/854
f 855/855/855 784/784/784 785/785/785
f 785/785/785 856/856/856 855/855/855
f 856/856/856 785/785/785 786/786/786
f 786/786/786 857/857/857 856/856/856
f 857/857/857 786/786/786 788/788/788
f 788/788/788 858/858/858 857/857/857
f 788/788/788 859/859/859 858/858/858
f 859/859/859 793/793/793 792/792/792
f 788/788/788 793/793/793 859/859/859
f 860/860/860 859/859/859 792/792/792
f 858/858/858 859/859/859 860/860/860
f 792/792/792 861/861/861 860/860/860
f 795/795/795 861/861/861 792/792/792
f 862/862/862 861/861/861 795/795/795
f 860/860/860 861/861/861 862/862/862
f 862/862/862 795/795/795 796/796/796
f 796/796/796 863/863/863 862/862/862
f 863/863/863 796/796/796 797/797/797
f 797/797/797 864/864/864 863/863/863
f 864/864/864 797/797/797 798/798/798
f 798/798/798 865/865/865 864/864/864
f 866/866/866 799/799/799 801/801/801
f 801/801/801 867/867/867 866/866/866
f 801/801/801 868/868/868 867/867/867
f 868/868/868 806/806/806 805/805/805
f 801/801/801 806/806/806 868/868/868
f 869/869/869 868/868/868 805/805/805
f 868/868/868 870/870/870 867/867/867
f 869/869/869 870/870/870 868/868/868
f 869/869/869 805/805/805 807/807/807
f 807/807/807 871/871/871 869/869/869
f 871/871/871 807/807/807 808/808/808
f 808/808/808 872/872/872 871/871/871
f 872/872/872 808/808/808 809/809/809
f 809/809/809 873/873/873 872/872/872
f 809/809/809 874/874/874 873/873/873
f 874/874/874 816/816/816 815/815/815
f 809/809/809 816/816/816 874/874/874
f 875/875/875 874/874/874 815/815/815
f 873/873/873 874/874/874 875/875/875
f 875/875/875 815/815/815 818/818/818
f 818/818/818 876/876/876 875/875/875
f 818/818/818 877/877/877 876/876/876
f 877/877/877 824/824/824 823/823/823
f 818/818/818 824/824/824 877/877/877
f 878/878/878 877/877/877 823/823/823
f 876/876/876 877/877/877 878/878/878
f 878/878/878 823/823/823 825/825/825
f 825/825/825 879/879/879 878/878/878
f 879/879/879 825/825/825 826/826/826
f 826/826/826 880/880/880 879/879/879
f 880/880/880 826/826/826 827/827/827
f 827/827/827 881/881/881 880/880/880
f 881/881/881 827/827/827 828/828/828
f 828/828/828 882/882/882 881/881/881
f 882/882/882 828/828/828 829/829/829
f 829/829/829 883/883/883 882/882/882
f 883/883/883 829/829/829 830/830/830
f 830/830/830 884/884/884 883/883/883
f 884/884/884 830/830/830 831/831/831
f 831/831/831 885/885/885 884/884/884
f 885/885/885 831/831/831 832/832/832
f 832/832/832 886/886/886 885/885/885
f 832/832/832 887/887/887 886/886/886
f 834/834/834 887/887/887 832/832/832
f 887/887/887 889/889/889 888/888/888
f 834/834/834 889/889/889 887/887/887
f 886/886/886 887/887/887 888/888/888
f 889/889/889 891/891/891 890/890/890
f 834/834/834 891/891/891 889/889/889
f 888/888/888 889/889/889 890/890/890
f 843/843/843 892/892/892 890/890/890
f 892/892/892 846/846/846 840/840/840
f 843/843/843 846/846/846 892/892/892
f 891/891/891 845/845/845 843/843/843
f 834/834/834 845/845/845 891/891/891
f 890/890/890 891/891/891 843/843/843
f 890/890/890 894/894/894 893/893/893
f 894/894/894 892/892/892 840/840/840
f 890/890/890 892/892/892 894/894/894
f 888/888/888 890/890/890 893/893/893
f 895/895/895 894/894/894 840/840/840
f 893/893/893 894/894/894 895/895/895
f 849/849/849 895/895/895 840/840/840
f 896/896/896 895/895/895 849/849/849
f 893/893/893 895/895/895 896/896/896
f 896/896/896 849/849/849 851/851/851
f 851/851/851 897/897/897 896/896/896
f 897/897/897 851/851/851 852/852/852
f 852/852/852 898/898/898 897/897/897
f 898/898/898 852/852/852 853/853/853
f 853/853/853 899/899/899 898/898/898
f 899/899/899 853/853/853 854/854/854
f 854/854/854 900/900/900 899/899/899
f 900/900/900 854/854/854 855/855/855
f 855/855/855 901/901/901 900/900/900
f 901/901/901 855/855/855 856/856/856
f 856/856/856 902/902/902 901/901/901
f 902/902/902 856/856/856 857/857/857
f 857/857/857 903/903/903 902/902/902
f 857/857/857 904/904/904 903/903/903
f 858/858/858 904/904/904 857/857/857
f 905/905/905 904/904/904 858/858/858
f 904/904/904 906/906/906 903/903/903
f 905/905/905 906/906/906 904/904/904
f 905/905/905 858/858/858 860/860/860
f 860/860/860 907/907/907 905/905/905
f 860/860/860 908/908/908 907/907/907
f 862/862/862 908/908/908 860/860/860
f 908/908/908 910/910/910 909/909/909
f 862/862/862 910/910/910 908/908/908
f 907/907/907 908/908/908 909/909/909
f 911/911/911 910/910/910 862/862/862
f 909/909/909 910/910/910 911/911/911
f 863/863/863 911/911/911 862/862/862
f 912/912/912 911/911/911 863/863/863
f 911/911/911 913/913/913 909/909/909
f 912/912/912 913/913/913 911/911/911
f 912/912/912 863/863/863 864/864/864
f 864/864/864 914/914/914 912/912/912
f 914/914/914 864/864/864 865/865/865
f 865/865/865 915/915/915 914/914/914
f 916/916/916 866/866/866 867/867/867
f 867/867/867 917/917/917 916/916/916
f 867/867/867 918/918/918 917/917/917
f 870/870/870 919/919/919 918/918/918
f 869/869/869 919/919/919 870/870/870
f 867/867/867 870/870/870 918/918/918
f 918/918/918 921/921/921 920/920/920
f 921/921/921 919/919/919 869/869/869
f 918/918/918 919/919/919 921/921/921
f 917/917/917 918/918/918 920/920/920
f 922/922/922 921/921/921 869/869/869
f 920/920/920 921/921/921 922/922/922
f 871/871/871 922/922/922 869/869/869
f 923/923/923 922/922/922 871/871/871
f 920/920/920 922/922/922 923/923/923
f 923/923/923 871/871/871 872/872/872
f 872/872/872 924/924/924 923/923/923
f 872/872/872 925/925/925 924/924/924
f 873/873/873 925/925/925 872/872/872
f 926/926/926 925/925/925 873/873/873
f 925/925/925 927/927/927 924/924/924
f 926/926/926 927/927/927 925/925/925
f 926/926/926 873/873/873 875/875/875
f 875/875/875 928/928/928 926/926/926
f 875/875/875 929/929/929 928/928/928
f 876/876/876 929/929/929 875/875/875
f 930/930/930 931/931/931 929/929/929
f 932/932/932 931/931/931 930/930/930
f 876/876/876 930/930/930 929/929/929
f 929/929/929 933/933/933 928/928/928
f 933/933/933 931/931/931 932/932/932
f 929/929/929 931/931/931 933/933/933
f 934/934/934 930/930/930 876/876/876
f 932/932/932 930/930/930 934/934/934
f 878/878/878 934/934/934 876/876/876
f 935/935/935 934/934/934 878/878/878
f 932/932/932 934/934/934 935/935/935
f 935/935/935 878/878/878 879/879/879
f 879/879/879 936/936/936 935/935/935
f 936/936/936 879/879/879 880/880/880
f 880/880/880 937/937/937 936/936/936
f 937/937/937 880/880/880 881/881/881
f 881/881/881 938/938/938 937/937/937
f 938/938/938 881/881/881 882/882/882
f 882/882/882 939/939/939 938/938/938
f 939/939/939 882/882/882 883/883/883
f 883/883/883 940/940/940 939/939/939
f 940/940/940 883/883/883 884/884/884
f 884/884/884 941/941/941 940/940/940
f 941/941/941 884/884/884 885/885/885
f 885/885/885 942/942/942 941/941/941
f 942/942/942 885/885/885 886/886/886
f 886/886/886 943/943/943 942/942/942
f 943/943/943 886/886/886 888/888/888
f 888/888/888 944/944/944 943/943/943
f 944/944/944 888/888/888 893/893/893
f 893/893/893 945/945/945 944/944/944
f 945/945/945 893/893/893 896/896/896
f 896/896/896 946/946/946 945/945/945
f 946/946/946 896/896/896 897/897/897
f 897/897/897 947/947/947 946/946/946
f 947/947/947 897/897/897 898/898/898
f 898/898/898 948/948/948 947/947/947
f 948/948/948 898/898/898 899/899/899
f 899/899/899 949/949/949 948/948/948
f 949/949/949 899/899/899 900/900/900
f 900/900/900 950/950/950 949/949/949
f 950/950/950 900/900/900 901/901/901
f 901/901/901 951/951/951 950/950/950
f 951/951/951 901/901/901 902/902/902
f 902/902/902 952/952/952 951/951/951
f 902/902/902 953/953/953 952/952/952
f 903/903/903 953/953/953 902/902/902
f 953/953/953 955/955/955 954/954/954
f 903/903/903 955/955/955 953/953/953
f 952/952/952 953/953/953 954/954/954
f 955/955/955 957/957/957 956/956/956
f 903/903/903 957/957/957 955/955/955
f 954/954/954 955/955/955 956/956/956
f 958/958/958 959/959/959 906/906/906
f 956/956/956 959/959/959 958/958/958
f 905/905/905 958/958/958 906/906/906
f 906/906/906 957/957/957 903/903/903
f 957/957/957 959/959/959 956/956/956
f 906/906/906 959/959/959 957/957/957
f 956/956/956 961/961/961 960/960/960
f 961/961/961 958/958/958 905/905/905
f 956/956/956 958/958/958 961/961/961
f 956/956/956 962/962/962 954/954/954
f 960/960/960 962/962/962 956/956/956
f 963/963/963 961/961/961 905/905/905
f 960/960/960 961/961/961 963/963/963
f 907/907/907 963/963/963 905/905/905
f 964/964/964 963/963/963 907/907/907
f 960/960/960 963/963/963 964/964/964
f 964/964/964 907/907/907 909/909/909
f 909/909/909 965/965/965 964/964/964
f 909/909/909 966/966/966 965/965/965
f 966/966/966 913/913/913 912/912/912
f 909/909/909 913/913/913 966/966/966
f 966/966/966 968/968/968 967/967/967
f 912/912/912 968/968/968 966/966/966
f 965/965/965 966/966/966 967/967/967
f 969/969/969 968/968/968 912/912/912
f 968/968/968 970/970/970 967/967/967
f 969/969/969 970/970/970 968/968/968
f 914/914/914 969/969/969 912/912/912
f 971/971/971 969/969/969 914/914/914
f 972/972/972 970/970/970 969/969/969
f 967/967/967 970/970/970 972/972/972
f 971/971/971 972/972/972 969/969/969
f 971/971/971 914/914/914 915/915/915
f 915/915/915 973/973/973 971/971/971
f 974/974/974 916/916/916 917/917/917
f 917/917/917 975/975/975 974/974/974
f 975/975/975 917/917/917 920/920/920
f 920/920/920 976/976/976 975/975/975
f 976/976/976 920/920/920 923/923/923
f 923/923/923 977/977/977 976/976/976
f 977/977/977 923/923/923 924/924/924
f 924/924/924 978/978/978 977/977/977
f 924/924/924 979/979/979 978/978/978
f 927/927/927 980/980/980 979/979/979
f 926/926/926 980/980/980 927/927/927
f 924/924/924 927/927/927 979/979/979
f 979/979/979 982/982/982 981/981/981
f 982/982/982 980/980/980 926/926/926
f 979/979/979 980/980/980 982/982/982
f 978/978/978 979/979/979 981/981/981
f 983/983/983 982/982/982 926/926/926
f 981/981/981 982/982/982 983/983/983
f 928/928/928 983/983/983 926/926/926
f 984/984/984 983/983/983 928/928/928
f 981/981/981 983/983/983 984/984/984
f 928/928/928 985/985/985 984/984/984
f 985/985/985 933/933/933 932/932/932
f 928/928/928 933/933/933 985/985/985
f 986/986/986 985/985/985 932/932/932
f 984/984/984 985/985/985 986/986/986
f 986/986/986 932/932/932 935/935/935
f 935/935/935 987/987/987 986/986/986
f 987/987/987 935/935/935 936/936/936
f 936/936/936 988/988/988 987/987/987
f 988/988/988 936/936/936 937/937/937
f 937/937/937 989/989/989 988/988/988
f 989/989/989 937/937/937 938/938/938
f 938/938/938 990/990/990 989/989/989
f 990/990/990 938/938/938 939/939/939
f 939/939/939 991/991/991 990/990/990
f 991/991/991 939/939/939 940/940/940
f 940/940/940 992/992/992 991/991/991
f 992/992/992 940/940/940 941/941/941
f 941/941/941 993/993/993 992/992/992
f 993/993/993 941/941/941 942/942/942
f 942/942/942 994/994/994 993/993/993
f 994/994/994 942/942/942 943/943/943
f 943/943/943 995/995/995 994/994/994
f 995/995/995 943/943/943 944/944/944
f 944/944/944 996/996/996 995/995/995
f 944/944/944 997/997/997 996/996/996
f 945/945/945 997/997/997 944/944/944
f 998/998/998 999/999/999 997/997/997
f 1000/1000/1000 999/999/999 998/998/998
f 945/945/945 998/998/998 997/997/997
f 997/997/997 1001/1001/1001 996/996/996
f 1001/1001/1001 999/999/999 1000/1000/1000
f 997/997/997 999/999/999 1001/1001/1001
f 1002/1002/1002 998/998/998 945/945/945
f 1000/1000/1000 998/998/998 1002/1002/1002
f 946/946/946 1002/1002/1002 945/945/945
f 1003/1003/1003 1002/1002/1002 946/946/946
f 1002/1002/1002 1004/1004/1004 1000/1000/1000
f 1003/1003/1003 1004/1004/1004 1002/1002/1002
f 1003/1003/1003 946/946/946 947/947/947
f 947/947/947 1005/1005/1005 1003/1003/1003
f 1005/1005/1005 947/947/947 948/948/948
f 948/948/948 1006/1006/1006 1005/1005/1005
f 1006/1006/1006 948/948/948 949/949/949
f 949/949/949 1007/1007/1007 1006/1006/1006
f 1007/1007/1007 949/949/949 950/950/950
f 950/950/950 1008/1008/1008 1007/1007/1007
f 1008/1008/1008 950/950/950 951/951/951
f 951/951/951 1009/1009/1009 1008/1008/1008
f 1009/1009/1009 951/951/951 952/952/952
f 952/952/952 1010/1010/1010 1009/1009/1009
f 952/952/952 1011/1011/1011 1010/1010/1010
f 954/954/954 1011/1011/1011 952/952/952
f 1011/1011/1011 1013/1013/1013 1012/1012/1012
f 954/954/954 1013/1013/1013 1011/1011/1011
f 1010/1010/1010 1011/1011/1011 1012/1012/1012
f 1013/1013/1013 1015/1015/1015 1014/1014/1014
f 954/954/954 1015/1015/1015 1013/1013/1013
f 1012/1012/1012 1013/1013/1013 1014/1014/1014
f 1014/1014/1014 962/962/962 960/960/960
f 962/962/962 1015/1015/1015 954/954/954
f 1014/1014/1014 1015/1015/1015 962/962/962
f 1016/1016/1016 1014/1014/1014 960/960/960
f 1012/1012/1012 1014/1014/1014 1016/1016/1016
f 1016/1016/1016 960/960/960 964/964/964
f 964/964/964 1017/1017/1017 1016/1016/1016
f 1017/1017/1017 964/964/964 965/965/965
f 965/965/965 1018/1018/1018 1017/1017/1017
f 1018/1018/1018 965/965/965 967/967/967
f 967/967/967 1019/1019/1019 1018/1018/1018
f 967/967/967 1020/1020/1020 1019/1019/1019
f 1020/1020/1020 972/972/972 971/971/971
f 967/967/967 972/972/972 1020/1020/1020
f 1021/1021/1021 1020/1020/1020 971/971/971
f 1020/1020/1020 1022/1022/1022 1019/1019/1019
f 1021/1021/1021 1022/1022/1022 1020/1020/1020
f 1021/1021/1021 971/971/971 973/973/973
f 973/973/973 1023/1023/1023 1021/1021/1021
f 1024/1024/1024 974/974/974 975/975/975
f 975/975/975 1025/1025/1025 1024/1024/1024
f 1025/1025/1025 975/975/975 976/976/976
f 976/976/976 1026/1026/1026 1025/1025/1025
f 1026/1026/1026 976/976/976 977/977/977
f 977/977/977 1027/1027/1027 1026/1026/1026
f 1027/1027/1027 977/977/977 978/978/978
f 978/978/978 1028/1028/1028 1027/1027/1027
f 1028/1028/1028 978/978/978 981/981/981
f 981/981/981 1029/1029/1029 1028/1028/1028
f 981/981/981 1030/1030/1030 1029/1029/1029
f 984/984/984 1030/1030/1030 981/981/981
f 1030/1030/1030 1032/1032/1032 1031/1031/1031
f 984/984/984 1032/1032/1032 1030/1030/1030
f 1029/1029/1029 1030/1030/1030 1031/1031/1031
f 1033/1033/1033 1032/1032/1032 984/984/984
f 1032/1032/1032 1034/1034/1034 1031/1031/1031
f 1033/1033/1033 1034/1034/1034 1032/1032/1032
f 986/986/986 1033/1033/1033 984/984/984
f 1035/1035/1035 1033/1033/1033 986/986/986
f 1036/1036/1036 1034/1034/1034 1033/1033/1033
f 1031/1031/1031 1034/1034/1034 1036/1036/1036
f 1035/1035/1035 1036/1036/1036 1033/1033/1033
f 1035/1035/1035 986/986/986 987/987/987
f 987/987/987 1037/1037/1037 1035/1035/1035
f 987/987/987 1038/1038/1038 1037/1037/1037
f 988/988/988 1038/1038/1038 987/987/987
f 1039/1039/1039 1038/1038/1038 988/988/988
f 1037/1037/1037 1038/1038/1038 1039/1039/1039
f 1039/1039/1039 988/988/988 989/989/989
f 989/989/989 1040/1040/1040 1039/1039/1039
f 1040/1040/1040 989/989/989 990/990/990
f 990/990/990 1041/1041/1041 1040/1040/1040
f 1041/1041/1041 990/990/990 991/991/991
f 991/991/991 1042/1042/1042 1041/1041/1041
f 991/991/991 1043/1043/1043 1042/1042/1042
f 992/992/992 1043/1043/1043 991/991/991
f 1044/1044/1044 1043/1043/1043 992/992/992
f 1043/1043/1043 1045/1045/1045 1042/1042/1042
f 1044/1044/1044 1045/1045/1045 1043/1043/1043
f 1044/1044/1044 992/992/992 993/993/993
f 993/993/993 1046/1046/1046 1044/1044/1044
f 1046/1046/1046 993/993/993 994/994/994
f 994/994/994 1047/1047/1047 1046/1046/1046
f 1047/1047/1047 994/994/994 995/995/995
f 995/995/995 1048/1048/1048 1047/1047/1047
f 1048/1048/1048 995/995/995 996/996/996
f 996/996/996 1049/1049/1049 1048/1048/1048
f 996/996/996 1050/1050/1050 1049/1049/1049
f 1050/1050/1050 1001/1001/1001 1000/1000/1000
f 996/996/996 1001/1001/1001 1050/1050/1050
f 1051/1051/1051 1050/1050/1050 1000/1000/1000
f 1049/1049/1049 1050/1050/1050 1051/1051/1051
f 1000/1000/1000 1052/1052/1052 1051/1051/1051
f 1004/1004/1004 1053/1053/1053 1052/1052/1052
f 1003/1003/1003 1053/1053/1053 1004/1004/1004
f 1000/1000/1000 1004/1004/1004 1052/1052/1052
f 1052/1052/1052 1055/1055/1055 1054/1054/1054
f 1055/1055/1055 1053/1053/1053 1003/1003/1003
f 1052/1052/1052 1053/1053/1053 1055/1055/1055
f 1051/1051/1051 1052/1052/1052 1054/1054/1054
f 1056/1056/1056 1055/1055/1055 1003/1003/1003
f 1054/1054/1054 1055/1055/1055 1056/1056/1056
f 1005/1005/1005 1056/1056/1056 1003/1003/1003
f 1057/1057/1057 1056/1056/1056 1005/1005/1005
f 1054/1054/1054 1056/1056/1056 1057/1057/1057
f 1057/1057/1057 1005/1005/1005 1006/1006/1006
f 1006/1006/1006 1058/1058/1058 1057/1057/1057
f 1058/1058/1058 1006/1006/1006 1007/1007/1007
f 1007/1007/1007 1059/1059/1059 1058/1058/1058
f 1007/1007/1007 1060/1060/1060 1059/1059/1059
f 1008/1008/1008 1060/1060/1060 1007/1007/1007
f 1061/1061/1061 1060/1060/1060 1008/1008/1008
f 1059/1059/1059 1060/1060/1060 1061/1061/1061
f 1061/1061/1061 1008/1008/1008 1009/1009/1009
f 1009/1009/1009 1062/1062/1062 1061/1061/1061
f 1062/1062/1062 1009/1009/1009 1010/1010/1010
f 1010/1010/1010 1063/1063/1063 1062/1062/1062
f 1063/1063/1063 1010/1010/1010 1012/1012/1012
f 1012/1012/1012 1064/1064/1064 1063/1063/1063
f 1064/1064/1064 1012/1012/1012 1016/1016/1016
f 1016/1016/1016 1065/1065/1065 1064/1064/1064
f 1065/1065/1065 1016/1016/1016 1017/1017/1017
f 1017/1017/1017 1066/1066/1066 1065/1065/1065
f 1066/1066/1066 1017/1017/1017 1018/1018/1018
f 1018/1018/1018 1067/1067/1067 1066/1066/1066
f 1018/1018/1018 1068/1068/1068 1067/1067/1067
f 1019/1019/1019 1068/1068/1068 1018/1018/1018
f 1069/1069/1069 1068/1068/1068 1019/1019/1019
f 1068/1068/1068 1070/1070/1070 1067/1067/1067
f 1069/1069/1069 1070/1070/1070 1068/1068/1068
f 1019/1019/1019 1071/1071/1071 1069/1069/1069
f 1071/1071/1071 1022/1022/1022 1021/1021/1021
f 1019/1019/1019 1022/1022/1022 1071/1071/1071
f 1072/1072/1072 1071/1071/1071 1021/1021/1021
f 1069/1069/1069 1071/1071/1071 1072/1072/1072
f 1072/1072/1072 1021/1021/1021 1023/1023/1023
f 1023/1023/1023 1073/1073/1073 1072/1072/1072
f 1074/1074/1074 1075/1075/1075 1024/1024/1024
f 1076/1076/1076 1077/1077/1077 1075/1075/1075
f 1078/1078/1078 1077/1077/1077 1076/1076/1076
f 1074/1074/1074 1076/1076/1076 1075/1075/1075
f 1025/1025/1025 1074/1074/1074 1024/1024/1024
f 1079/1079/1079 1080/1080/1080 1074/1074/1074
f 1081/1081/1081 1080/1080/1080 1079/1079/1079
f 1025/1025/1025 1079/1079/1079 1074/1074/1074
f 1076/1076/1076 1083/1083/1083 1082/1082/1082
f 1074/1074/1074 1083/1083/1083 1076/1076/1076
f 1078/1078/1078 1076/1076/1076 1082/1082/1082
f 1084/1084/1084 1085/1085/1085 1080/1080/1080
f 1082/1082/1082 1085/1085/1085 1084/1084/1084
f 1081/1081/1081 1084/1084/1084 1080/1080/1080
f 1080/1080/1080 1083/1083/1083 1074/1074/1074
f 1083/1083/1083 1085/1085/1085 1082/1082/1082
f 1080/1080/1080 1085/1085/1085 1083/1083/1083
f 1086/1086/1086 1079/1079/1079 1025/1025/1025
f 1079/1079/1079 1087/1087/1087 1081/1081/1081
f 1086/1086/1086 1087/1087/1087 1079/1079/1079
f 1026/1026/1026 1086/1086/1086 1025/1025/1025
f 1086/1086/1086 1089/1089/1089 1088/1088/1088
f 1026/1026/1026 1089/1089/1089 1086/1086/1086
f 1090/1090/1090 1087/1087/1087 1086/1086/1086
f 1081/1081/1081 1087/1087/1087 1090/1090/1090
f 1088/1088/1088 1090/1090/1090 1086/1086/1086
f 1091/1091/1091 1089/1089/1089 1026/1026/1026
f 1089/1089/1089 1092/1092/1092 1088/1088/1088
f 1091/1091/1091 1092/1092/1092 1089/1089/1089
f 1027/1027/1027 1091/1091/1091 1026/1026/1026
f 1093/1093/1093 1091/1091/1091 1027/1027/1027
f 1094/1094/1094 1092/1092/1092 1091/1091/1091
f 1088/1088/1088 1092/1092/1092 1094/1094/1094
f 1093/1093/1093 1094/1094/1094 1091/1091/1091
f 1093/1093/1093 1027/1027/1027 1028/1028/1028
f 1028/1028/1028 1095/1095/1095 1093/1093/1093
f 1095/1095/1095 1028/1028/1028 1029/1029/1029
f 1029/1029/1029 1096/1096/1096 1095/1095/1095
f 1096/1096/1096 1029/1029/1029 1031/1031/1031
f 1031/1031/1031 1097/1097/1097 1096/1096/1096
f 1031/1031/1031 1098/1098/1098 1097/1097/1097
f 1098/1098/1098 1036/1036/1036 1035/1035/1035
f 1031/1031/1031 1036/1036/1036 1098/1098/1098
f 1099/1099/1099 1098/1098/1098 1035/1035/1035
f 1097/1097/1097 1098/1098/1098 1099/1099/1099
f 1099/1099/1099 1035/1035/1035 1037/1037/1037
f 1037/1037/1037 1100/1100/1100 1099/1099/1099
f 1100/1100/1100 1037/1037/1037 1039/1039/1039
f 1039/1039/1039 1101/1101/1101 1100/1100/1100
f 1101/1101/1101 1039/1039/1039 1040/1040/1040
f 1040/1040/1040 1102/1102/1102 1101/1101/1101
f 1102/1102/1102 1040/1040/1040 1041/1041/1041
f 1041/1041/1041 1103/1103/1103 1102/1102/1102
f 1103/1103/1103 1041/1041/1041 1042/1042/1042
f 1042/1042/1042 1104/1104/1104 1103/1103/1103
f 1042/1042/1042 1105/1105/1105 1104/1104/1104
f 1105/1105/1105 1045/1045/1045 1044/1044/1044
f 1042/1042/1042 1045/1045/1045 1105/1105/1105
f 1105/1105/1105 1107/1107/1107 1106/1106/1106
f 1044/1044/1044 1107/1107/1107 1105/1105/1105
f 1104/1104/1104 1105/1105/1105 1106/1106/1106
f 1108/1108/1108 1107/1107/1107 1044/1044/1044
f 1106/1106/1106 1107/1107/1107 1108/1108/1108
f 1046/1046/1046 1108/1108/1108 1044/1044/1044
f 1109/1109/1109 1108/1108/1108 1046/1046/1046
f 1106/1106/1106 1108/1108/1108 1109/1109/1109
f 1109/1109/1109 1046/1046/1046 1047/1047/1047
f 1047/1047/1047 1110/1110/1110 1109/1109/1109
f 1047/1047/1047 1111/1111/1111 1110/1110/1110
f 1048/1048/1048 1111/1111/1111 1047/1047/1047
f 1112/1112/1112 1111/1111/1111 1048/1048/1048
f 1111/1111/1111 1113/1113/1113 1110/1110/1110
f 1112/1112/1112 1113/1113/1113 1111/1111/1111
f 1112/1112/1112 1048/1048/1048 1049/1049/1049
f 1049/1049/1049 1114/1114/1114 1112/1112/1112
f 1114/1114/1114 1049/1049/1049 1051/1051/1051
f 1051/1051/1051 1115/1115/1115 1114/1114/1114
f 1115/1115/1115 1051/1051/1051 1054/1054/1054
f 1054/1054/1054 1116/1116/1116 1115/1115/1115
f 1116/1116/1116 1054/1054/1054 1057/1057/1057
f 1057/1057/1057 1117/1117/1117 1116/1116/1116
f 1057/1057/1057 1118/1118/1118 1117/1117/1117
f 1058/1058/1058 1118/1118/1118 1057/1057/1057
f 1118/1118/1118 1120/1120/1120 1119/1119/1119
f 1058/1058/1058 1120/1120/1120 1118/1118/1118
f 1117/1117/1117 1118/1118/1118 1119/1119/1119
f 1121/1121/1121 1120/1120/1120 1058/1058/1058
f 1119/1119/1119 1120/1120/1120 1121/1121/1121
f 1059/1059/1059 1121/1121/1121 1058/1058/1058
f 1122/1122/1122 1121/1121/1121 1059/1059/1059
f 1119/1119/1119 1121/1121/1121 1122/1122/1122
f 1122/1122/1122 1059/1059/1059 1061/1061/1061
f 1061/1061/1061 1123/1123/1123 1122/1122/1122
f 1123/1123/1123 1061/1061/1061 1062/1062/1062
f 1062/1062/1062 1124/1124/1124 1123/1123/1123
f 1124/1124/1124 1062/1062/1062 1063/1063/1063
f 1063/1063/1063 1125/1125/1125 1124/1124/1124
f 1125/1125/1125 1063/1063/1063 1064/1064/1064
f 1064/1064/1064 1126/1126/1126 1125/1125/1125
f 1126/1126/1126 1064/1064/1064 1065/1065/1065
f 1065/1065/1065 1127/1127/1127 1126/1126/1126
f 1127/1127/1127 1065/1065/1065 1066/1066/1066
f 1066/1066/1066 1128/1128/1128 1127/1127/1127
f 1066/1066/1066 1129/1129/1129 1128/1128/1128
f 1067/1067/1067 1129/1129/1129 1066/1066/1066
f 1129/1129/1129 1131/1131/1131 1130/1130/1130
f 1067/1067/1067 1131/1131/1131 1129/1129/1129
f 1128/1128/1128 1129/1129/1129 1130/1130/1130
f 1132/1132/1132 1131/1131/1131 1067/1067/1067
f 1130/1130/1130 1131/1131/1131 1132/1132/1132
f 1132/1132/1132 1070/1070/1070 1069/1069/1069
f 1067/1067/1067 1070/1070/1070 1132/1132/1132
f 1133/1133/1133 1132/1132/1132 1069/1069/1069
f 1132/1132/1132 1134/1134/1134 1130/1130/1130
f 1133/1133/1133 1134/1134/1134 1132/1132/1132
f 1069/1069/1069 1135/1135/1135 1133/1133/1133
f 1072/1072/1072 1135/1135/1135 1069/1069/1069
f 1136/1136/1136 1135/1135/1135 1072/1072/1072
f 1135/1135/1135 1137/1137/1137 1133/1133/1133
f 1136/1136/1136 1137/1137/1137 1135/1135/1135
f 1072/1072/1072 1138/1138/1138 1136/1136/1136
f 1073/1073/1073 1138/1138/1138 1072/1072/1072
f 1139/1139/1139 1138/1138/1138 1073/1073/1073
f 1136/1136/1136 1138/1138/1138 1139/1139/1139
f 1078/1078/1078 1141/1141/1141 1140/1140/1140
f 1082/1082/1082 1142/1142/1142 1141/1141/1141
f 1142/1142/1142 1084/1084/1084 1081/1081/1081
f 1082/1082/1082 1084/1084/1084 1142/1142/1142
f 1078/1078/1078 1082/1082/1082 1141/1141/1141
f 1141/1141/1141 1144/1144/1144 1143/1143/1143
f 1144/1144/1144 1142/1142/1142 1081/1081/1081
f 1141/1141/1141 1142/1142/1142 1144/1144/1144
f 1140/1140/1140 1141/1141/1141 1143/1143/1143
f 1145/1145/1145 1144/1144/1144 1081/1081/1081
f 1143/1143/1143 1144/1144/1144 1145/1145/1145
f 1145/1145/1145 1090/1090/1090 1088/1088/1088
f 1081/1081/1081 1090/1090/1090 1145/1145/1145
f 1146/1146/1146 1145/1145/1145 1088/1088/1088
f 1143/1143/1143 1145/1145/1145 1146/1146/1146
f 1088/1088/1088 1147/1147/1147 1146/1146/1146
f 1147/1147/1147 1094/1094/1094 1093/1093/1093
f 1088/1088/1088 1094/1094/1094 1147/1147/1147
f 1148/1148/1148 1147/1147/1147 1093/1093/1093
f 1146/1146/1146 1147/1147/1147 1148/1148/1148
f 1093/1093/1093 1149/1149/1149 1148/1148/1148
f 1095/1095/1095 1149/1149/1149 1093/1093/1093
f 1150/1150/1150 1149/1149/1149 1095/1095/1095
f 1149/1149/1149 1151/1151/1151 1148/1148/1148
f 1150/1150/1150 1151/1151/1151 1149/1149/1149
f 1150/1150/1150 1095/1095/1095 1096/1096/1096
f 1096/1096/1096 1152/1152/1152 1150/1150/1150
f 1152/1152/1152 1096/1096/1096 1097/1097/1097
f 1097/1097/1097 1153/1153/1153 1152/1152/1152
f 1153/1153/1153 1097/1097/1097 1099/1099/1099
f 1099/1099/1099 1154/1154/1154 1153/1153/1153
f 1154/1154/1154 1099/1099/1099 1100/1100/1100
f 1100/1100/1100 1155/1155/1155 1154/1154/1154
f 1155/1155/1155 1100/1100/1100 1101/1101/1101
f 1101/1101/1101 1156/1156/1156 1155/1155/1155
f 1156/1156/1156 1101/1101/1101 1102/1102/1102
f 1102/1102/1102 1157/1157/1157 1156/1156/1156
f 1157/1157/1157 1102/1102/1102 1103/1103/1103
f 1103/1103/1103 1158/1158/1158 1157/1157/1157
f 1158/1158/1158 1103/1103/1103 1104/1104/1104
f 1104/1104/1104 1159/1159/1159 1158/1158/1158
f 1159/1159/1159 1104/1104/1104 1106/1106/1106
f 1106/1106/1106 1160/1160/1160 1159/1159/1159
f 1160/1160/1160 1106/1106/1106 1109/1109/1109
f 1109/1109/1109 1161/1161/1161 1160/1160/1160
f 1109/1109/1109 1162/1162/1162 1161/1161/1161
f 1110/1110/1110 1162/1162/1162 1109/1109/1109
f 1162/1162/1162 1164/1164/1164 1163/1163/1163
f 1110/1110/1110 1164/1164/1164 1162/1162/1162
f 1162/1162/1162 1165/1165/1165 1161/1161/1161
f 1163/1163/1163 1165/1165/1165 1162/1162/1162
f 1164/1164/1164 1167/1167/1167 1166/1166/1166
f 1110/1110/1110 1167/1167/1167 1164/1164/1164
f 1163/1163/1163 1164/1164/1164 1166/1166/1166
f 1166/1166/1166 1113/1113/1113 1112/1112/1112
f 1113/1113/1113 1167/1167/1167 1110/1110/1110
f 1166/1166/1166 1167/1167/1167 1113/1113/1113
f 1168/1168/1168 1166/1166/1166 1112/1112/1112
f 1166/1166/1166 1169/1169/1169 1163/1163/1163
f 1168/1168/1168 1169/1169/1169 1166/1166/1166
f 1168/1168/1168 1112/1112/1112 1114/1114/1114
f 1114/1114/1114 1170/1170/1170 1168/1168/1168
f 1114/1114/1114 1171/1171/1171 1170/1170/1170
f 1115/1115/1115 1171/1171/1171 1114/1114/1114
f 1172/1172/1172 1171/1171/1171 1115/1115/1115
f 1171/1171/1171 1173/1173/1173 1170/1170/1170
f 1172/1172/1172 1173/1173/1173 1171/1171/1171
f 1172/1172/1172 1115/1115/1115 1116/1116/1116
f 1116/1116/1116 1174/1174/1174 1172/1172/1172
f 1174/1174/1174 1116/1116/1116 1117/1117/1117
f 1117/1117/1117 1175/1175/1175 1174/1174/1174
f 1175/1175/1175 1117/1117/1117 1119/1119/1119
f 1119/1119/1119 1176/1176/1176 1175/1175/1175
f 1176/1176/1176 1119/1119/1119 1122/1122/1122
f 1122/1122/1122 1177/1177/1177 1176/1176/1176
f 1122/1122/1122 1178/1178/1178 1177/1177/1177
f 1123/1123/1123 1178/1178/1178 1122/1122/1122
f 1179/1179/1179 1178/1178/1178 1123/1123/1123
f 1177/1177/1177 1178/1178/1178 1179/1179/1179
f 1179/1179/1179 1123/1123/1123 1124/1124/1124
f 1124/1124/1124 1180/1180/1180 1179/1179/1179
f 1180/1180/1180 1124/1124/1124 1125/1125/1125
f 1125/1125/1125 1181/1181/1181 1180/1180/1180
f 1181/1181/1181 1125/1125/1125 1126/1126/1126
f 1126/1126/1126 1182/1182/1182 1181/1181/1181
f 1182/1182/1182 1126/1126/1126 1127/1127/1127
f 1127/1127/1127 1183/1183/1183 1182/1182/1182
f 1183/1183/1183 1127/1127/1127 1128/1128/1128
f 1128/1128/1128 1184/1184/1184 1183/1183/1183
f 1128/1128/1128 1185/1185/1185 1184/1184/1184
f 1130/1130/1130 1185/1185/1185 1128/1128/1128
f 1185/1185/1185 1187/1187/1187 1186/1186/1186
f 1130/1130/1130 1187/1187/1187 1185/1185/1185
f 1184/1184/1184 1185/1185/1185 1186/1186/1186
f 1187/1187/1187 1189/1189/1189 1188/1188/1188
f 1130/1130/1130 1189/1189/1189 1187/1187/1187
f 1186/1186/1186 1187/1187/1187 1188/1188/1188
f 1188/1188/1188 1134/1134/1134 1133/1133/1133
f 1134/1134/1134 1189/1189/1189 1130/1130/1130
f 1188/1188/1188 1189/1189/1189 1134/1134/1134
f 1188/1188/1188 1191/1191/1191 1190/1190/1190
f 1133/1133/1133 1191/1191/1191 1188/1188/1188
f 1186/1186/1186 1188/1188/1188 1190/1190/1190
f 1191/1191/1191 1193/1193/1193 1192/1192/1192
f 1133/1133/1133 1193/1193/1193 1191/1191/1191
f 1190/1190/1190 1191/1191/1191 1192/1192/1192
f 1192/1192/1192 1137/1137/1137 1136/1136/1136
f 1137/1137/1137 1193/1193/1193 1133/1133/1133
f 1192/1192/1192 1193/1193/1193 1137/1137/1137
f 1194/1194/1194 1192/1192/1192 1136/1136/1136
f 1190/1190/1190 1192/1192/1192 1194/1194/1194
f 1136/1136/1136 1195/1195/1195 1194/1194/1194
f 1139/1139/1139 1195/1195/1195 1136/1136/1136
f 1195/1195/1195 1197/1197/1197 1196/1196/1196
f 1139/1139/1139 1197/1197/1197 1195/1195/1195
f 1194/1194/1194 1195/1195/1195 1196/1196/1196
f 1198/1198/1198 1140/1140/1140 1143/1143/1143
f 1143/1143/1143 1199/1199/1199 1198/1198/1198
f 1143/1143/1143 1200/1200/1200 1199/1199/1199
f 1146/1146/1146 1200/1200/1200 1143/1143/1143
f 1200/1200/1200 1202/1202/1202 1201/1201/1201
f 1146/1146/1146 1202/1202/1202 1200/1200/1200
f 1199/1199/1199 1200/1200/1200 1201/1201/1201
f 1203/1203/1203 1202/1202/1202 1146/1146/1146
f 1201/1201/1201 1202/1202/1202 1203/1203/1203
f 1148/1148/1148 1203/1203/1203 1146/1146/1146
f 1203/1203/1203 1205/1205/1205 1204/1204/1204
f 1148/1148/1148 1205/1205/1205 1203/1203/1203
f 1201/1201/1201 1203/1203/1203 1204/1204/1204
f 1206/1206/1206 1207/1207/1207 1205/1205/1205
f 1208/1208/1208 1207/1207/1207 1206/1206/1206
f 1148/1148/1148 1206/1206/1206 1205/1205/1205
f 1205/1205/1205 1209/1209/1209 1204/1204/1204
f 1207/1207/1207 1210/1210/1210 1209/1209/1209
f 1208/1208/1208 1210/1210/1210 1207/1207/1207
f 1205/1205/1205 1207/1207/1207 1209/1209/1209
f 1151/1151/1151 1211/1211/1211 1208/1208/1208
f 1150/1150/1150 1211/1211/1211 1151/1151/1151
f 1151/1151/1151 1206/1206/1206 1148/1148/1148
f 1208/1208/1208 1206/1206/1206 1151/1151/1151
f 1212/1212/1212 1213/1213/1213 1208/1208/1208
f 1214/1214/1214 1213/1213/1213 1212/1212/1212
f 1212/1212/1212 1211/1211/1211 1150/1150/1150
f 1208/1208/1208 1211/1211/1211 1212/1212/1212
f 1209/1209/1209 1216/1216/1216 1215/1215/1215
f 1216/1216/1216 1210/1210/1210 1208/1208/1208
f 1209/1209/1209 1210/1210/1210 1216/1216/1216
f 1204/1204/1204 1209/1209/1209 1215/1215/1215
f 1215/1215/1215 1213/1213/1213 1214/1214/1214
f 1213/1213/1213 1216/1216/1216 1208/1208/1208
f 1215/1215/1215 1216/1216/1216 1213/1213/1213
f 1217/1217/1217 1212/1212/1212 1150/1150/1150
f 1214/1214/1214 1212/1212/1212 1217/1217/1217
f 1152/1152/1152 1217/1217/1217 1150/1150/1150
f 1218/1218/1218 1217/1217/1217 1152/1152/1152
f 1214/1214/1214 1217/1217/1217 1218/1218/1218
f 1152/1152/1152 1219/1219/1219 1218/1218/1218
f 1153/1153/1153 1219/1219/1219 1152/1152/1152
f 1220/1220/1220 1219/1219/1219 1153/1153/1153
f 1219/1219/1219 1221/1221/1221 1218/1218/1218
f 1220/1220/1220 1221/1221/1221 1219/1219/1219
f 1220/1220/1220 1153/1153/1153 1154/1154/1154
f 1154/1154/1154 1222/1222/1222 1220/1220/1220
f 1222/1222/1222 1154/1154/1154 1155/1155/1155
f 1155/1155/1155 1223/1223/1223 1222/1222/1222
f 1223/1223/1223 1155/1155/1155 1156/1156/1156
f 1156/1156/1156 1224/1224/1224 1223/1223/1223
f 1224/1224/1224 1156/1156/1156 1157/1157/1157
f 1157/1157/1157 1225/1225/1225 1224/1224/1224
f 1225/1225/1225 1157/1157/1157 1158/1158/1158
f 1158/1158/1158 1226/1226/1226 1225/1225/1225
f 1226/1226/1226 1158/1158/1158 1159/1159/1159
f 1159/1159/1159 1227/1227/1227 1226/1226/1226
f 1227/1227/1227 1159/1159/1159 1160/1160/1160
f 1160/1160/1160 1228/1228/1228 1227/1227/1227
f 1228/1228/1228 1160/1160/1160 1161/1161/1161
f 1161/1161/1161 1229/1229/1229 1228/1228/1228
f 1161/1161/1161 1230/1230/1230 1229/1229/1229
f 1165/1165/1165 1231/1231/1231 1230/1230/1230
f 1163/1163/1163 1231/1231/1231 1165/1165/1165
f 1161/1161/1161 1165/1165/1165 1230/1230/1230
f 1230/1230/1230 1233/1233/1233 1232/1232/1232
f 1231/1231/1231 1234/1234/1234 1233/1233/1233
f 1163/1163/1163 1234/1234/1234 1231/1231/1231
f 1230/1230/1230 1231/1231/1231 1233/1233/1233
f 1229/1229/1229 1230/1230/1230 1232/1232/1232
f 1233/1233/1233 1236/1236/1236 1235/1235/1235
f 1236/1236/1236 1234/1234/1234 1163/1163/1163
f 1233/1233/1233 1234/1234/1234 1236/1236/1236
f 1232/1232/1232 1233/1233/1233 1235/1235/1235
f 1235/1235/1235 1169/1169/1169 1168/1168/1168
f 1169/1169/1169 1236/1236/1236 1163/1163/1163
f 1235/1235/1235 1236/1236/1236 1169/1169/1169
f 1237/1237/1237 1235/1235/1235 1168/1168/1168
f 1232/1232/1232 1235/1235/1235 1237/1237/1237
f 1168/1168/1168 1238/1238/1238 1237/1237/1237
f 1170/1170/1170 1238/1238/1238 1168/1168/1168
f 1238/1238/1238 1240/1240/1240 1239/1239/1239
f 1170/1170/1170 1240/1240/1240 1238/1238/1238
f 1237/1237/1237 1238/1238/1238 1239/1239/1239
f 1240/1240/1240 1242/1242/1242 1241/1241/1241
f 1170/1170/1170 1242/1242/1242 1240/1240/1240
f 1239/1239/1239 1240/1240/1240 1241/1241/1241
f 1243/1243/1243 1244/1244/1244 1173/1173/1173
f 1241/1241/1241 1244/1244/1244 1243/1243/1243
f 1172/1172/1172 1243/1243/1243 1173/1173/1173
f 1173/1173/1173 1242/1242/1242 1170/1170/1170
f 1242/1242/1242 1244/1244/1244 1241/1241/1241
f 1173/1173/1173 1244/1244/1244 1242/1242/1242
f 1241/1241/1241 1246/1246/1246 1245/1245/1245
f 1246/1246/1246 1243/1243/1243 1172/1172/1172
f 1241/1241/1241 1243/1243/1243 1246/1246/1246
f 1239/1239/1239 1241/1241/1241 1245/1245/1245
f 1247/1247/1247 1246/1246/1246 1172/1172/1172
f 1245/1245/1245 1246/1246/1246 1247/1247/1247
f 1174/1174/1174 1247/1247/1247 1172/1172/1172
f 1248/1248/1248 1247/1247/1247 1174/1174/1174
f 1245/1245/1245 1247/1247/1247 1248/1248/1248
f 1248/1248/1248 1174/1174/1174 1175/1175/1175
f 1175/1175/1175 1249/1249/1249 1248/1248/1248
f 1249/1249/1249 1175/1175/1175 1176/1176/1176
f 1176/1176/1176 1250/1250/1250 1249/1249/1249
f 1250/1250/1250 1176/1176/1176 1177/1177/1177
f 1177/1177/1177 1251/1251/1251 1250/1250/1250
f 1177/1177/1177 1252/1252/1252 1251/1251/1251
f 1179/1179/1179 1252/1252/1252 1177/1177/1177
f 1252/1252/1252 1254/1254/1254 1253/1253/1253
f 1179/1179/1179 1254/1254/1254 1252/1252/1252
f 1251/1251/1251 1252/1252/1252 1253/1253/1253
f 1255/1255/1255 1254/1254/1254 1179/1179/1179
f 1254/1254/1254 1256/1256/1256 1253/1253/1253
f 1255/1255/1255 1256/1256/1256 1254/1254/1254
f 1180/1180/1180 1255/1255/1255 1179/1179/1179
f 1257/1257/1257 1255/1255/1255 1180/1180/1180
f 1258/1258/1258 1256/1256/1256 1255/1255/1255
f 1253/1253/1253 1256/1256/1256 1258/1258/1258
f 1257/1257/1257 1258/1258/1258 1255/1255/1255
f 1257/1257/1257 1180/1180/1180 1181/1181/1181
f 1181/1181/1181 1259/1259/1259 1257/1257/1257
f 1259/1259/1259 1181/1181/1181 1182/1182/1182
f 1182/1182/1182 1260/1260/1260 1259/1259/1259
f 1260/1260/1260 1182/1182/1182 1183/1183/1183
f 1183/1183/1183 1261/1261/1261 1260/1260/1260
f 1261/1261/1261 1183/1183/1183 1184/1184/1184
f 1184/1184/1184 1262/1262/1262 1261/1261/1261
f 1262/1262/1262 1184/1184/1184 1186/1186/1186
f 1186/1186/1186 1263/1263/1263 1262/1262/1262
f 1263/1263/1263 1186/1186/1186 1190/1190/1190
f 1190/1190/1190 1264/1264/1264 1263/1263/1263
f 1264/1264/1264 1190/1190/1190 1194/1194/1194
f 1194/1194/1194 1265/1265/1265 1264/1264/1264
f 1265/1265/1265 1194/1194/1194 1196/1196/1196
f 1196/1196/1196 1266/1266/1266 1265/1265/1265
f 1198/1198/1198 1268/1268/1268 1267/1267/1267
f 1199/1199/1199 1268/1268/1268 1198/1198/1198
f 1268/1268/1268 1270/1270/1270 1269/1269/1269
f 1199/1199/1199 1270/1270/1270 1268/1268/1268
f 1267/1267/1267 1268/1268/1268 1269/1269/1269
f 1271/1271/1271 1270/1270/1270 1199/1199/1199
f 1269/1269/1269 1270/1270/1270 1271/1271/1271
f 1201/1201/1201 1271/1271/1271 1199/1199/1199
f 1272/1272/1272 1271/1271/1271 1201/1201/1201
f 1269/1269/1269 1271/1271/1271 1272/1272/1272
f 1272/1272/1272 1201/1201/1201 1204/1204/1204
f 1204/1204/1204 1273/1273/1273 1272/1272/1272
f 1204/1204/1204 1274/1274/1274 1273/1273/1273
f 1274/1274/1274 1215/1215/1215 1214/1214/1214
f 1204/1204/1204 1215/1215/1215 1274/1274/1274
f 1274/1274/1274 1276/1276/1276 1275/1275/1275
f 1214/1214/1214 1276/1276/1276 1274/1274/1274
f 1273/1273/1273 1274/1274/1274 1275/1275/1275
f 1277/1277/1277 1276/1276/1276 1214/1214/1214
f 1276/1276/1276 1278/1278/1278 1275/1275/1275
f 1277/1277/1277 1278/1278/1278 1276/1276/1276
f 1218/1218/1218 1277/1277/1277 1214/1214/1214
f 1279/1279/1279 1277/1277/1277 1218/1218/1218
f 1280/1280/1280 1278/1278/1278 1277/1277/1277
f 1275/1275/1275 1278/1278/1278 1280/1280/1280
f 1279/1279/1279 1280/1280/1280 1277/1277/1277
f 1218/1218/1218 1281/1281/1281 1279/1279/1279
f 1221/1221/1221 1282/1282/1282 1281/1281/1281
f 1220/1220/1220 1282/1282/1282 1221/1221/1221
f 1218/1218/1218 1221/1221/1221 1281/1281/1281
f 1281/1281/1281 1284/1284/1284 1283/1283/1283
f 1284/1284/1284 1282/1282/1282 1220/1220/1220
f 1281/1281/1281 1282/1282/1282 1284/1284/1284
f 1279/1279/1279 1281/1281/1281 1283/1283/1283
f 1285/1285/1285 1284/1284/1284 1220/1220/1220
f 1283/1283/1283 1284/1284/1284 1285/1285/1285
f 1222/1222/1222 1285/1285/1285 1220/1220/1220
f 1286/1286/1286 1285/1285/1285 1222/1222/1222
f 1283/1283/1283 1285/1285/1285 1286/1286/1286
f 1222/1222/1222 1287/1287/1287 1286/1286/1286
f 1223/1223/1223 1287/1287/1287 1222/1222/1222
f 1288/1288/1288 1287/1287/1287 1223/1223/1223
f 1287/1287/1287 1289/1289/1289 1286/1286/1286
f 1288/1288/1288 1289/1289/1289 1287/1287/1287
f 1288/1288/1288 1223/1223/1223 1224/1224/1224
f 1224/1224/1224 1290/1290/1290 1288/1288/1288
f 1290/1290/1290 1224/1224/1224 1225/1225/1225
f 1225/1225/1225 1291/1291/1291 1290/1290/1290
f 1291/1291/1291 1225/1225/1225 1226/1226/1226
f 1226/1226/1226 1292/1292/1292 1291/1291/1291
f 1292/1292/1292 1226/1226/1226 1227/1227/1227
f 1227/1227/1227 1293/1293/1293 1292/1292/1292
f 1293/1293/1293 1227/1227/1227 1228/1228/1228
f 1228/1228/1228 1294/1294/1294 1293/1293/1293
f 1294/1294/1294 1228/1228/1228 1229/1229/1229
f 1229/1229/1229 1295/1295/1295 1294/1294/1294
f 1295/1295/1295 1229/1229/1229 1232/1232/1232
f 1232/1232/1232 1296/1296/1296 1295/1295/1295
f 1296/1296/1296 1232/1232/1232 1237/1237/1237
f 1237/1237/1237 1297/1297/1297 1296/1296/1296
f 1297/1297/1297 1237/1237/1237 1239/1239/1239
f 1239/1239/1239 1298/1298/1298 1297/1297/1297
f 1298/1298/1298 1239/1239/1239 1245/1245/1245
f 1245/1245/1245 1299/1299/1299 1298/1298/1298
f 1299/1299/1299 1245/1245/1245 1248/1248/1248
f 1248/1248/1248 1300/1300/1300 1299/1299/1299
f 1300/1300/1300 1248/1248/1248 1249/1249/1249
f 1249/1249/1249 1301/1301/1301 1300/1300/1300
f 1301/1301/1301 1249/1249/1249 1250/1250/1250
f 1250/1250/1250 1302/1302/1302 1301/1301/1301
f 1302/1302/1302 1250/1250/1250 1251/1251/1251
f 1251/1251/1251 1303/1303/1303 1302/1302/1302
f 1303/1303/1303 1251/1251/1251 1253/1253/1253
f 1253/1253/1253 1304/1304/1304 1303/1303/1303
f 1253/1253/1253 1305/1305/1305 1304/1304/1304
f 1305/1305/1305 1258/1258/1258 1257/1257/1257
f 1253/1253/1253 1258/1258/1258 1305/1305/1305
f 1306/1306/1306 1305/1305/1305 1257/1257/1257
f 1304/1304/1304 1305/1305/1305 1306/1306/1306
f 1306/1306/1306 1257/1257/1257 1259/1259/1259
f 1259/1259/1259 1307/1307/1307 1306/1306/1306
f 1307/1307/1307 1259/1259/1259 1260/1260/1260
f 1260/1260/1260 1308/1308/1308 1307/1307/1307
f 1308/1308/1308 1260/1260/1260 1261/1261/1261
f 1261/1261/1261 1309/1309/1309 1308/1308/1308
f 1309/1309/1309 1261/1261/1261 1262/1262/1262
f 1262/1262/1262 1310/1310/1310 1309/1309/1309
f 1310/1310/1310 1262/1262/1262 1263/1263/1263
f 1263/1263/1263 1311/1311/1311 1310/1310/1310
f 1311/1311/1311 1263/1263/1263 1264/1264/1264
f 1264/1264/1264 1312/1312/1312 1311/1311/1311
f 1312/1312/1312 1264/1264/1264 1265/1265/1265
f 1265/1265/1265 1313/1313/1313 1312/1312/1312
f 1313/1313/1313 1265/1265/1265 1266/1266/1266
f 1266/1266/1266 1314/1314/1314 1313/1313/1313
f 1315/1315/1315 1267/1267/1267 1269/1269/1269
f 1269/1269/1269 1316/1316/1316 1315/1315/1315
f 1316/1316/1316 1269/1269/1269 1272/1272/1272
f 1272/1272/1272 1317/1317/1317 1316/1316/1316
f 1317/1317/1317 1272/1272/1272 1273/1273/1273
f 1273/1273/1273 1318/1318/1318 1317/1317/1317
f 1318/1318/1318 1273/1273/1273 1275/1275/1275
f 1275/1275/1275 1319/1319/1319 1318/1318/1318
f 1275/1275/1275 1320/1320/1320 1319/1319/1319
f 1280/1280/1280 1321/1321/1321 1320/1320/1320
f 1279/1279/1279 1321/1321/1321 1280/1280/1280
f 1275/1275/1275 1280/1280/1280 1320/1320/1320
f 1320/1320/1320 1323/1323/1323 1322/1322/1322
f 1323/1323/1323 1321/1321/1321 1279/1279/1279
f 1320/1320/1320 1321/1321/1321 1323/1323/1323
f 1319/1319/1319 1320/1320/1320 1322/1322/1322
f 1324/1324/1324 1323/1323/1323 1279/1279/1279
f 1323/1323/1323 1325/1325/1325 1322/1322/1322
f 1324/1324/1324 1325/1325/1325 1323/1323/1323
f 1283/1283/1283 1324/1324/1324 1279/1279/1279
f 1326/1326/1326 1324/1324/1324 1283/1283/1283
f 1327/1327/1327 1325/1325/1325 1324/1324/1324
f 1322/1322/1322 1325/1325/1325 1327/1327/1327
f 1326/1326/1326 1327/1327/1327 1324/1324/1324
f 1283/1283/1283 1328/1328/1328 1326/1326/1326
f 1286/1286/1286 1328/1328/1328 1283/1283/1283
f 1329/1329/1329 1328/1328/1328 1286/1286/1286
f 1328/1328/1328 1330/1330/1330 1326/1326/1326
f 1329/1329/1329 1330/1330/1330 1328/1328/1328
f 1286/1286/1286 1331/1331/1331 1329/1329/1329
f 1289/1289/1289 1332/1332/1332 1331/1331/1331
f 1288/1288/1288 1332/1332/1332 1289/1289/1289
f 1286/1286/1286 1289/1289/1289 1331/1331/1331
f 1331/1331/1331 1334/1334/1334 1333/1333/1333
f 1334/1334/1334 1332/1332/1332 1288/1288/1288
f 1331/1331/1331 1332/1332/1332 1334/1334/1334
f 1329/1329/1329 1331/1331/1331 1333/1333/1333
f 1335/1335/1335 1334/1334/1334 1288/1288/1288
f 1333/1333/1333 1334/1334/1334 1335/1335/1335
f 1290/1290/1290 1335/1335/1335 1288/1288/1288
f 1336/1336/1336 1335/1335/1335 1290/1290/1290
f 1333/1333/1333 1335/1335/1335 1336/1336/1336
f 1336/1336/1336 1290/1290/1290 1291/1291/1291
f 1291/1291/1291 1337/1337/1337 1336/1336/1336
f 1337/1337/1337 1291/1291/1291 1292/1292/1292
f 1292/1292/1292 1338/1338/1338 1337/1337/1337
f 1338/1338/1338 1292/1292/1292 1293/1293/1293
f 1293/1293/1293 1339/1339/1339 1338/1338/1338
f 1339/1339/1339 1293/1293/1293 1294/1294/1294
f 1294/1294/1294 1340/1340/1340 1339/1339/1339
f 1294/1294/1294 1341/1341/1341 1340/1340/1340
f 1295/1295/1295 1341/1341/1341 1294/1294/1294
f 1342/1342/1342 1341/1341/1341 1295/1295/1295
f 1340/1340/1340 1341/1341/1341 1342/1342/1342
f 1342/1342/1342 1295/1295/1295 1296/1296/1296
f 1296/1296/1296 1343/1343/1343 1342/1342/1342
f 1343/1343/1343 1296/1296/1296 1297/1297/1297
f 1297/1297/1297 1344/1344/1344 1343/1343/1343
f 1344/1344/1344 1297/1297/1297 1298/1298/1298
f 1298/1298/1298 1345/1345/1345 1344/1344/1344
f 1345/1345/1345 1298/1298/1298 1299/1299/1299
f 1299/1299/1299 1346/1346/1346 1345/1345/1345
f 1346/1346/1346 1299/1299/1299 1300/1300/1300
f 1300/1300/1300 1347/1347/1347 1346/1346/1346
f 1347/1347/1347 1300/1300/1300 1301/1301/1301
f 1301/1301/1301 1348/1348/1348 1347/1347/1347
f 1348/1348/1348 1301/1301/1301 1302/1302/1302
f 1302/1302/1302 1349/1349/1349 1348/1348/1348
f 1349/1349/1349 1302/1302/1302 1303/1303/1303
f 1303/1303/1303 1350/1350/1350 1349/1349/1349
f 1350/1350/1350 1303/1303/1303 1304/1304/1304
f 1304/1304/1304 1351/1351/1351 1350/1350/1350
f 1351/1351/1351 1304/1304/1304 1306/1306/1306
f 1306/1306/1306 1352/1352/1352 1351/1351/1351
f 1352/1352/1352 1306/1306/1306 1307/1307/1307
f 1307/1307/1307 1353/1353/1353 1352/1352/1352
f 1353/1353/1353 1307/1307/1307 1308/1308/1308
f 1308/1308/1308 1354/1354/1354 1353/1353/1353
f 1308/1308/1308 1355/1355/1355 1354/1354/1354
f 1309/1309/1309 1355/1355/1355 1308/1308/1308
f 1356/1356/1356 1355/1355/1355 1309/1309/1309
f 1354/1354/1354 1355/1355/1355 1356/1356/1356
f 1309/1309/1309 1357/1357/1357 1356/1356/1356
f 1310/1310/1310 1357/1357/1357 1309/1309/1309
f 1357/1357/1357 1359/1359/1359 1358/1358/1358
f 1310/1310/1310 1359/1359/1359 1357/1357/1357
f 1356/1356/1356 1357/1357/1357 1358/1358/1358
f 1360/1360/1360 1359/1359/1359 1310/1310/1310
f 1359/1359/1359 1361/1361/1361 1358/1358/1358
f 1360/1360/1360 1361/1361/1361 1359/1359/1359
f 1311/1311/1311 1360/1360/1360 1310/1310/1310
f 1362/1362/1362 1360/1360/1360 1311/1311/1311
f 1363/1363/1363 1361/1361/1361 1360/1360/1360
f 1358/1358/1358 1361/1361/1361 1363/1363/1363
f 1362/1362/1362 1363/1363/1363 1360/1360/1360
f 1362/1362/1362 1311/1311/1311 1312/1312/1312
f 1312/1312/1312 1364/1364/1364 1362/1362/1362
f 1364/1364/1364 1312/1312/1312 1313/1313/1313
f 1313/1313/1313 1365/1365/1365 1364/1364/1364
f 1365/1365/1365 1313/1313/1313 1314/1314/1314
f 1314/1314/1314 1366/1366/1366 1365/1365/1365
f 1367/1367/1367 1315/1315/1315 1316/1316/1316
f 1316/1316/1316 1368/1368/1368 1367/1367/1367
f 1316/1316/1316 1369/1369/1369 1368/1368/1368
f 1317/1317/1317 1369/1369/1369 1316/1316/1316
f 1369/1369/1369 1371/1371/1371 1370/1370/1370
f 1317/1317/1317 1371/1371/1371 1369/1369/1369
f 1368/1368/1368 1369/1369/1369 1370/1370/1370
f 1372/1372/1372 1371/1371/1371 1317/1317/1317
f 1370/1370/1370 1371/1371/1371 1372/1372/1372
f 1318/1318/1318 1372/1372/1372 1317/1317/1317
f 1372/1372/1372 1374/1374/1374 1373/1373/1373
f 1318/1318/1318 1374/1374/1374 1372/1372/1372
f 1370/1370/1370 1372/1372/1372 1373/1373/1373
f 1375/1375/1375 1374/1374/1374 1318/1318/1318
f 1374/1374/1374 1376/1376/1376 1373/1373/1373
f 1375/1375/1375 1376/1376/1376 1374/1374/1374
f 1319/1319/1319 1375/1375/1375 1318/1318/1318
f 1377/1377/1377 1375/1375/1375 1319/1319/1319
f 1378/1378/1378 1376/1376/1376 1375/1375/1375
f 1373/1373/1373 1376/1376/1376 1378/1378/1378
f 1377/1377/1377 1378/1378/1378 1375/1375/1375
f 1377/1377/1377 1319/1319/1319 1322/1322/1322
f 1322/1322/1322 1379/1379/1379 1377/1377/1377
f 1322/1322/1322 1380/1380/1380 1379/1379/1379
f 1327/1327/1327 1381/1381/1381 1380/1380/1380
f 1326/1326/1326 1381/1381/1381 1327/1327/1327
f 1322/1322/1322 1327/1327/1327 1380/1380/1380
f 1380/1380/1380 1383/1383/1383 1382/1382/1382
f 1383/1383/1383 1381/1381/1381 1326/1326/1326
f 1380/1380/1380 1381/1381/1381 1383/1383/1383
f 1379/1379/1379 1380/1380/1380 1382/1382/1382
f 1383/1383/1383 1385/1385/1385 1384/1384/1384
f 1326/1326/1326 1385/1385/1385 1383/1383/1383
f 1382/1382/1382 1383/1383/1383 1384/1384/1384
f 1386/1386/1386 1387/1387/1387 1330/1330/1330
f 1384/1384/1384 1387/1387/1387 1386/1386/1386
f 1329/1329/1329 1386/1386/1386 1330/1330/1330
f 1330/1330/1330 1385/1385/1385 1326/1326/1326
f 1385/1385/1385 1387/1387/1387 1384/1384/1384
f 1330/1330/1330 1387/1387/1387 1385/1385/1385
f 1384/1384/1384 1389/1389/1389 1388/1388/1388
f 1389/1389/1389 1386/1386/1386 1329/1329/1329
f 1384/1384/1384 1386/1386/1386 1389/1389/1389
f 1382/1382/1382 1384/1384/1384 1388/1388/1388
f 1390/1390/1390 1389/1389/1389 1329/1329/1329
f 1388/1388/1388 1389/1389/1389 1390/1390/1390
f 1333/1333/1333 1390/1390/1390 1329/1329/1329
f 1391/1391/1391 1390/1390/1390 1333/1333/1333
f 1390/1390/1390 1392/1392/1392 1388/1388/1388
f 1391/1391/1391 1392/1392/1392 1390/1390/1390
f 1391/1391/1391 1333/1333/1333 1336/1336/1336
f 1336/1336/1336 1393/1393/1393 1391/1391/1391
f 1336/1336/1336 1394/1394/1394 1393/1393/1393
f 1337/1337/1337 1394/1394/1394 1336/1336/1336
f 1395/1395/1395 1394/1394/1394 1337/1337/1337
f 1393/1393/1393 1394/1394/1394 1395/1395/1395
f 1337/1337/1337 1396/1396/1396 1395/1395/1395
f 1338/1338/1338 1396/1396/1396 1337/1337/1337
f 1397/1397/1397 1396/1396/1396 1338/1338/1338
f 1396/1396/1396 1398/1398/1398 1395/1395/1395
f 1397/1397/1397 1398/1398/1398 1396/1396/1396
f 1338/1338/1338 1399/1399/1399 1397/1397/1397
f 1339/1339/1339 1399/1399/1399 1338/1338/1338
f 1399/1399/1399 1401/1401/1401 1400/1400/1400
f 1339/1339/1339 1401/1401/1401 1399/1399/1399
f 1399/1399/1399 1402/1402/1402 1397/1397/1397
f 1400/1400/1400 1402/1402/1402 1399/1399/1399
f 1403/1403/1403 1401/1401/1401 1339/1339/1339
f 1401/1401/1401 1404/1404/1404 1400/1400/1400
f 1403/1403/1403 1404/1404/1404 1401/1401/1401
f 1340/1340/1340 1403/1403/1403 1339/1339/1339
f 1405/1405/1405 1403/1403/1403 1340/1340/1340
f 1406/1406/1406 1404/1404/1404 1403/1403/1403
f 1400/1400/1400 1404/1404/1404 1406/1406/1406
f 1405/1405/1405 1406/1406/1406 1403/1403/1403
f 1340/1340/1340 1407/1407/1407 1405/1405/1405
f 1342/1342/1342 1407/1407/1407 1340/1340/1340
f 1407/1407/1407 1409/1409/1409 1408/1408/1408
f 1342/1342/1342 1409/1409/1409 1407/1407/1407
f 1405/1405/1405 1407/1407/1407 1408/1408/1408
f 1410/1410/1410 1409/1409/1409 1342/1342/1342
f 1409/1409/1409 1411/1411/1411 1408/1408/1408
f 1410/1410/1410 1411/1411/1411 1409/1409/1409
f 1343/1343/1343 1410/1410/1410 1342/1342/1342
f 1412/1412/1412 1410/1410/1410 1343/1343/1343
f 1413/1413/1413 1411/1411/1411 1410/1410/1410
f 1408/1408/1408 1411/1411/1411 1413/1413/1413
f 1412/1412/1412 1413/1413/1413 1410/1410/1410
f 1343/1343/1343 1414/1414/1414 1412/1412/1412
f 1344/1344/1344 1414/1414/1414 1343/1343/1343
f 1415/1415/1415 1414/1414/1414 1344/1344/1344
f 1414/1414/1414 1416/1416/1416 1412/1412/1412
f 1415/1415/1415 1416/1416/1416 1414/1414/1414
f 1415/1415/1415 1344/1344/1344 1345/1345/1345
f 1345/1345/1345 1417/1417/1417 1415/1415/1415
f 1417/1417/1417 1345/1345/1345 1346/1346/1346
f 1346/1346/1346 1418/1418/1418 1417/1417/1417
f 1346/1346/1346 1419/1419/1419 1418/1418/1418
f 1347/1347/1347 1419/1419/1419 1346/1346/1346
f 1420/1420/1420 1419/1419/1419 1347/1347/1347
f 1418/1418/1418 1419/1419/1419 1420/1420/1420
f 1420/1420/1420 1347/1347/1347 1348/1348/1348
f 1348/1348/1348 1421/1421/1421 1420/1420/1420
f 1421/1421/1421 1348/1348/1348 1349/1349/1349
f 1349/1349/1349 1422/1422/1422 1421/1421/1421
f 1422/1422/1422 1349/1349/1349 1350/1350/1350
f 1350/1350/1350 1423/1423/1423 1422/1422/1422
f 1423/1423/1423 1350/1350/1350 1351/1351/1351
f 1351/1351/1351 1424/1424/1424 1423/1423/1423
f 1424/1424/1424 1351/1351/1351 1352/1352/1352
f 1352/1352/1352 1425/1425/1425 1424/1424/1424
f 1425/1425/1425 1352/1352/1352 1353/1353/1353
f 1353/1353/1353 1426/1426/1426 1425/1425/1425
f 1426/1426/1426 1353/1353/1353 1354/1354/1354
f 1354/1354/1354 1427/1427/1427 1426/1426/1426
f 1427/1427/1427 1354/1354/1354 1356/1356/1356
f 1356/1356/1356 1428/1428/1428 1427/1427/1427
f 1428/1428/1428 1356/1356/1356 1358/1358/1358
f 1358/1358/1358 1429/1429/1429 1428/1428/1428
f 1358/1358/1358 1430/1430/1430 1429/1429/1429
f 1430/1430/1430 1363/1363/1363 1362/1362/1362
f 1358/1358/1358 1363/1363/1363 1430/1430/1430
f 1431/1431/1431 1430/1430/1430 1362/1362/1362
f 1429/1429/1429 1430/1430/1430 1431/1431/1431
f 1431/1431/1431 1362/1362/1362 1364/1364/1364
f 1364/1364/1364 1432/1432/1432 1431/1431/1431
f 1432/1432/1432 1364/1364/1364 1365/1365/1365
f 1365/1365/1365 1433/1433/1433 1432/1432/1432
f 1433/1433/1433 1365/1365/1365 1366/1366/1366
f 1366/1366/1366 1434/1434/1434 1433/1433/1433
f 1435/1435/1435 1367/1367/1367 1368/1368/1368
f 1368/1368/1368 1436/1436/1436 1435/1435/1435
f 1436/1436/1436 1368/1368/1368 1370/1370/1370
f 1370/1370/1370 1437/1437/1437 1436/1436/1436
f 1437/1437/1437 1370/1370/1370 1373/1373/1373
f 1373/1373/1373 1438/1438/1438 1437/1437/1437
f 1373/1373/1373 1439/1439/1439 1438/1438/1438
f 1439/1439/1439 1378/1378/1378 1377/1377/1377
f 1373/1373/1373 1378/1378/1378 1439/1439/1439
f 1439/1439/1439 1441/1441/1441 1440/1440/1440
f 1377/1377/1377 1441/1441/1441 1439/1439/1439
f 1438/1438/1438 1439/1439/1439 1440/1440/1440
f 1442/1442/1442 1441/1441/1441 1377/1377/1377
f 1440/1440/1440 1441/1441/1441 1442/1442/1442
f 1379/1379/1379 1442/1442/1442 1377/1377/1377
f 1442/1442/1442 1444/1444/1444 1443/1443/1443
f 1379/1379/1379 1444/1444/1444 1442/1442/1442
f 1440/1440/1440 1442/1442/1442 1443/1443/1443
f 1445/1445/1445 1444/1444/1444 1379/1379/1379
f 1444/1444/1444 1446/1446/1446 1443/1443/1443
f 1445/1445/1445 1446/1446/1446 1444/1444/1444
f 1382/1382/1382 1445/1445/1445 1379/1379/1379
f 1447/1447/1447 1448/1448/1448 1445/1445/1445
f 1449/1449/1449 1448/1448/1448 1447/1447/1447
f 1382/1382/1382 1447/1447/1447 1445/1445/1445
f 1446/1446/1446 1451/1451/1451 1450/1450/1450
f 1445/1445/1445 1451/1451/1451 1446/1446/1446
f 1443/1443/1443 1446/1446/1446 1450/1450/1450
f 1450/1450/1450 1448/1448/1448 1449/1449/1449
f 1448/1448/1448 1451/1451/1451 1445/1445/1445
f 1450/1450/1450 1451/1451/1451 1448/1448/1448
f 1452/1452/1452 1447/1447/1447 1382/1382/1382
f 1447/1447/1447 1453/1453/1453 1449/1449/1449
f 1452/1452/1452 1453/1453/1453 1447/1447/1447
f 1388/1388/1388 1452/1452/1452 1382/1382/1382
f 1454/1454/1454 1455/1455/1455 1452/1452/1452
f 1456/1456/1456 1455/1455/1455 1454/1454/1454
f 1388/1388/1388 1454/1454/1454 1452/1452/1452
f 1453/1453/1453 1458/1458/1458 1457/1457/1457
f 1452/1452/1452 1458/1458/1458 1453/1453/1453
f 1449/1449/1449 1453/1453/1453 1457/1457/1457
f 1457/1457/1457 1455/1455/1455 1456/1456/1456
f 1455/1455/1455 1458/1458/1458 1452/1452/1452
f 1457/1457/1457 1458/1458/1458 1455/1455/1455
f 1459/1459/1459 1454/1454/1454 1388/1388/1388
f 1456/1456/1456 1454/1454/1454 1459/1459/1459
f 1392/1392/1392 1460/1460/1460 1459/1459/1459
f 1391/1391/1391 1460/1460/1460 1392/1392/1392
f 1388/1388/1388 1392/1392/1392 1459/1459/1459
f 1459/1459/1459 1462/1462/1462 1461/1461/1461
f 1462/1462/1462 1460/1460/1460 1391/1391/1391
f 1459/1459/1459 1460/1460/1460 1462/1462/1462
f 1456/1456/1456 1459/1459/1459 1461/1461/1461
f 1463/1463/1463 1462/1462/1462 1391/1391/1391
f 1461/1461/1461 1462/1462/1462 1463/1463/1463
f 1393/1393/1393 1463/1463/1463 1391/1391/1391
f 1464/1464/1464 1463/1463/1463 1393/1393/1393
f 1461/1461/1461 1463/1463/1463 1464/1464/1464
f 1393/1393/1393 1465/1465/1465 1464/1464/1464
f 1395/1395/1395 1465/1465/1465 1393/1393/1393
f 1465/1465/1465 1467/1467/1467 1466/1466/1466
f 1395/1395/1395 1467/1467/1467 1465/1465/1465
f 1464/1464/1464 1465/1465/1465 1466/1466/1466
f 1467/1467/1467 1469/1469/1469 1468/1468/1468
f 1395/1395/1395 1469/1469/1469 1467/1467/1467
f 1466/1466/1466 1467/1467/1467 1468/1468/1468
f 1470/1470/1470 1471/1471/1471 1398/1398/1398
f 1468/1468/1468 1471/1471/1471 1470/1470/1470
f 1397/1397/1397 1470/1470/1470 1398/1398/1398
f 1398/1398/1398 1469/1469/1469 1395/1395/1395
f 1469/1469/1469 1471/1471/1471 1468/1468/1468
f 1398/1398/1398 1471/1471/1471 1469/1469/1469
f 1468/1468/1468 1473/1473/1473 1472/1472/1472
f 1473/1473/1473 1470/1470/1470 1397/1397/1397
f 1468/1468/1468 1470/1470/1470 1473/1473/1473
f 1468/1468/1468 1474/1474/1474 1466/1466/1466
f 1472/1472/1472 1474/1474/1474 1468/1468/1468
f 1473/1473/1473 1476/1476/1476 1475/1475/1475
f 1397/1397/1397 1476/1476/1476 1473/1473/1473
f 1472/1472/1472 1473/1473/1473 1475/1475/1475
f 1475/1475/1475 1402/1402/1402 1400/1400/1400
f 1402/1402/1402 1476/1476/1476 1397/1397/1397
f 1475/1475/1475 1476/1476/1476 1402/1402/1402
f 1477/1477/1477 1475/1475/1475 1400/1400/1400
f 1472/1472/1472 1475/1475/1475 1477/1477/1477
f 1400/1400/1400 1478/1478/1478 1477/1477/1477
f 1478/1478/1478 1406/1406/1406 1405/1405/1405
f 1400/1400/1400 1406/1406/1406 1478/1478/1478
f 1479/1479/1479 1478/1478/1478 1405/1405/1405
f 1477/1477/1477 1478/1478/1478 1479/1479/1479
f 1405/1405/1405 1480/1480/1480 1479/1479/1479
f 1408/1408/1408 1480/1480/1480 1405/1405/1405
f 1480/1480/1480 1482/1482/1482 1481/1481/1481
f 1408/1408/1408 1482/1482/1482 1480/1480/1480
f 1479/1479/1479 1480/1480/1480 1481/1481/1481
f 1483/1483/1483 1482/1482/1482 1408/1408/1408
f 1481/1481/1481 1482/1482/1482 1483/1483/1483
f 1413/1413/1413 1484/1484/1484 1483/1483/1483
f 1412/1412/1412 1484/1484/1484 1413/1413/1413
f 1408/1408/1408 1413/1413/1413 1483/1483/1483
f 1485/1485/1485 1486/1486/1486 1483/1483/1483
f 1486/1486/1486 1488/1488/1488 1487/1487/1487
f 1485/1485/1485 1488/1488/1488 1486/1486/1486
f 1485/1485/1485 1484/1484/1484 1412/1412/1412
f 1483/1483/1483 1484/1484/1484 1485/1485/1485
f 1483/1483/1483 1489/1489/1489 1481/1481/1481
f 1489/1489/1489 1486/1486/1486 1487/1487/1487
f 1483/1483/1483 1486/1486/1486 1489/1489/1489
f 1490/1490/1490 1485/1485/1485 1412/1412/1412
f 1491/1491/1491 1488/1488/1488 1485/1485/1485
f 1488/1488/1488 1492/1492/1492 1487/1487/1487
f 1491/1491/1491 1492/1492/1492 1488/1488/1488
f 1490/1490/1490 1491/1491/1491 1485/1485/1485
f 1490/1490/1490 1416/1416/1416 1415/1415/1415
f 1412/1412/1412 1416/1416/1416 1490/1490/1490
f 1493/1493/1493 1490/1490/1490 1415/1415/1415
f 1494/1494/1494 1491/1491/1491 1490/1490/1490
f 1495/1495/1495 1492/1492/1492 1491/1491/1491
f 1487/1487/1487 1492/1492/1492 1495/1495/1495
f 1494/1494/1494 1495/1495/1495 1491/1491/1491
f 1493/1493/1493 1494/1494/1494 1490/1490/1490
f 1493/1493/1493 1415/1415/1415 1417/1417/1417
f 1417/1417/1417 1496/1496/1496 1493/1493/1493
f 1496/1496/1496 1417/1417/1417 1418/1418/1418
f 1418/1418/1418 1497/1497/1497 1496/1496/1496
f 1497/1497/1497 1418/1418/1418 1420/1420/1420
f 1420/1420/1420 1498/1498/1498 1497/1497/1497
f 1498/1498/1498 1420/1420/1420 1421/1421/1421
f 1421/1421/1421 1499/1499/1499 1498/1498/1498
f 1499/1499/1499 1421/1421/1421 1422/1422/1422
f 1422/1422/1422 1500/1500/1500 1499/1499/1499
f 1500/1500/1500 1422/1422/1422 1423/1423/1423
f 1423/1423/1423 1501/1501/1501 1500/1500/1500
f 1501/1501/1501 1423/1423/1423 1424/1424/1424
f 1424/1424/1424 1502/1502/1502 1501/1501/1501
f 1502/1502/1502 1424/1424/1424 1425/1425/1425
f 1425/1425/1425 1503/1503/1503 1502/1502/1502
f 1425/1425/1425 1504/1504/1504 1503/1503/1503
f 1426/1426/1426 1504/1504/1504 1425/1425/1425
f 1504/1504/1504 1506/1506/1506 1505/1505/1505
f 1426/1426/1426 1506/1506/1506 1504/1504/1504
f 1503/1503/1503 1504/1504/1504 1505/1505/1505
f 1507/1507/1507 1506/1506/1506 1426/1426/1426
f 1505/1505/1505 1506/1506/1506 1507/1507/1507
f 1427/1427/1427 1507/1507/1507 1426/1426/1426
f 1508/1508/1508 1507/1507/1507 1427/1427/1427
f 1507/1507/1507 1509/1509/1509 1505/1505/1505
f 1508/1508/1508 1509/1509/1509 1507/1507/1507
f 1427/1427/1427 1510/1510/1510 1508/1508/1508
f 1428/1428/1428 1510/1510/1510 1427/1427/1427
f 1510/1510/1510 1512/1512/1512 1511/1511/1511
f 1428/1428/1428 1512/1512/1512 1510/1510/1510
f 1508/1508/1508 1510/1510/1510 1511/1511/1511
f 1513/1513/1513 1512/1512/1512 1428/1428/1428
f 1512/1512/1512 1514/1514/1514 1511/1511/1511
f 1513/1513/1513 1514/1514/1514 1512/1512/1512
f 1429/1429/1429 1513/1513/1513 1428/1428/1428
f 1515/1515/1515 1513/1513/1513 1429/1429/1429
f 1516/1516/1516 1514/1514/1514 1513/1513/1513
f 1511/1511/1511 1514/1514/1514 1516/1516/1516
f 1515/1515/1515 1516/1516/1516 1513/1513/1513
f 1515/1515/1515 1429/1429/1429 1431/1431/1431
f 1431/1431/1431 1517/1517/1517 1515/1515/1515
f 1517/1517/1517 1431/1431/1431 1432/1432/1432
f 1432/1432/1432 1518/1518/1518 1517/1517/1517
f 1518/1518/1518 1432/1432/1432 1433/1433/1433
f 1433/1433/1433 1519/1519/1519 1518/1518/1518
f 1519/1519/1519 1433/1433/1433 1434/1434/1434
f 1434/1434/1434 1520/1520/1520 1519/1519/1519
f 1521/1521/1521 1435/1435/1435 1436/1436/1436
f 1436/1436/1436 1522/1522/1522 1521/1521/1521
f 1522/1522/1522 1436/1436/1436 1437/1437/1437
f 1437/1437/1437 1523/1523/1523 1522/1522/1522
f 1523/1523/1523 1437/1437/1437 1438/1438/1438
f 1438/1438/1438 1524/1524/1524 1523/1523/1523
f 1524/1524/1524 1438/1438/1438 1440/1440/1440
f 1440/1440/1440 1525/1525/1525 1524/1524/1524
f 1525/1525/1525 1440/1440/1440 1443/1443/1443
f 1443/1443/1443 1526/1526/1526 1525/1525/1525
f 1443/1443/1443 1527/1527/1527 1526/1526/1526
f 1527/1527/1527 1450/1450/1450 1449/1449/1449
f 1443/1443/1443 1450/1450/1450 1527/1527/1527
f 1528/1528/1528 1527/1527/1527 1449/1449/1449
f 1526/1526/1526 1527/1527/1527 1528/1528/1528
f 1449/1449/1449 1529/1529/1529 1528/1528/1528
f 1529/1529/1529 1457/1457/1457 1456/1456/1456
f 1449/1449/1449 1457/1457/1457 1529/1529/1529
f 1530/1530/1530 1529/1529/1529 1456/1456/1456
f 1528/1528/1528 1529/1529/1529 1530/1530/1530
f 1456/1456/1456 1531/1531/1531 1530/1530/1530
f 1461/1461/1461 1531/1531/1531 1456/1456/1456
f 1532/1532/1532 1531/1531/1531 1461/1461/1461
f 1531/1531/1531 1533/1533/1533 1530/1530/1530
f 1532/1532/1532 1533/1533/1533 1531/1531/1531
f 1532/1532/1532 1461/1461/1461 1464/1464/1464
f 1464/1464/1464 1534/1534/1534 1532/1532/1532
f 1534/1534/1534 1464/1464/1464 1466/1466/1466
f 1466/1466/1466 1535/1535/1535 1534/1534/1534
f 1466/1466/1466 1536/1536/1536 1535/1535/1535
f 1536/1536/1536 1474/1474/1474 1472/1472/1472
f 1466/1466/1466 1474/1474/1474 1536/1536/1536
f 1537/1537/1537 1536/1536/1536 1472/1472/1472
f 1535/1535/1535 1536/1536/1536 1537/1537/1537
f 1537/1537/1537 1472/1472/1472 1477/1477/1477
f 1477/1477/1477 1538/1538/1538 1537/1537/1537
f 1538/1538/1538 1477/1477/1477 1479/1479/1479
f 1479/1479/1479 1539/1539/1539 1538/1538/1538
f 1479/1479/1479 1540/1540/1540 1539/1539/1539
f 1481/1481/1481 1540/1540/1540 1479/1479/1479
f 1541/1541/1541 1540/1540/1540 1481/1481/1481
f 1540/1540/1540 1542/1542/1542 1539/1539/1539
f 1541/1541/1541 1542/1542/1542 1540/1540/1540
f 1481/1481/1481 1543/1543/1543 1541/1541/1541
f 1543/1543/1543 1489/1489/1489 1487/1487/1487
f 1481/1481/1481 1489/1489/1489 1543/1543/1543
f 1543/1543/1543 1545/1545/1545 1544/1544/1544
f 1487/1487/1487 1545/1545/1545 1543/1543/1543
f 1543/1543/1543 1546/1546/1546 1541/1541/1541
f 1544/1544/1544 1546/1546/1546 1543/1543/1543
f 1545/1545/1545 1548/1548/1548 1547/1547/1547
f 1487/1487/1487 1548/1548/1548 1545/1545/1545
f 1544/1544/1544 1545/1545/1545 1547/1547/1547
f 1547/1547/1547 1494/1494/1494 1493/1493/1493
f 1548/1548/1548 1495/1495/1495 1494/1494/1494
f 1487/1487/1487 1495/1495/1495 1548/1548/1548
f 1547/1547/1547 1548/1548/1548 1494/1494/1494
f 1549/1549/1549 1547/1547/1547 1493/1493/1493
f 1544/1544/1544 1547/1547/1547 1549/1549/1549
f 1549/1549/1549 1493/1493/1493 1496/1496/1496
f 1496/1496/1496 1550/1550/1550 1549/1549/1549
f 1496/1496/1496 1551/1551/1551 1550/1550/1550
f 1497/1497/1497 1551/1551/1551 1496/1496/1496
f 1552/1552/1552 1551/1551/1551 1497/1497/1497
f 1551/1551/1551 1553/1553/1553 1550/1550/1550
f 1552/1552/1552 1553/1553/1553 1551/1551/1551
f 1497/1497/1497 1554/1554/1554 1552/1552/1552
f 1498/1498/1498 1554/1554/1554 1497/1497/1497
f 1555/1555/1555 1554/1554/1554 1498/1498/1498
f 1554/1554/1554 1556/1556/1556 1552/1552/1552
f 1555/1555/1555 1556/1556/1556 1554/1554/1554
f 1498/1498/1498 1557/1557/1557 1555/1555/1555
f 1499/1499/1499 1557/1557/1557 1498/1498/1498
f 1558/1558/1558 1557/1557/1557 1499/1499/1499
f 1557/1557/1557 1559/1559/1559 1555/1555/1555
f 1558/1558/1558 1559/1559/1559 1557/1557/1557
f 1499/1499/1499 1560/1560/1560 1558/1558/1558
f 1500/1500/1500 1560/1560/1560 1499/1499/1499
f 1561/1561/1561 1560/1560/1560 1500/1500/1500
f 1560/1560/1560 1562/1562/1562 1558/1558/1558
f 1561/1561/1561 1562/1562/1562 1560/1560/1560
f 1500/1500/1500 1563/1563/1563 1561/1561/1561
f 1501/1501/1501 1563/1563/1563 1500/1500/1500
f 1564/1564/1564 1563/1563/1563 1501/1501/1501
f 1563/1563/1563 1565/1565/1565 1561/1561/1561
f 1564/1564/1564 1565/1565/1565 1563/1563/1563
f 1564/1564/1564 1501/1501/1501 1502/1502/1502
f 1502/1502/1502 1566/1566/1566 1564/1564/1564
f 1502/1502/1502 1567/1567/1567 1566/1566/1566
f 1503/1503/1503 1567/1567/1567 1502/1502/1502
f 1567/1567/1567 1569/1569/1569 1568/1568/1568
f 1503/1503/1503 1569/1569/1569 1567/1567/1567
f 1566/1566/1566 1567/1567/1567 1568/1568/1568
f 1570/1570/1570 1569/1569/1569 1503/1503/1503
f 1568/1568/1568 1569/1569/1569 1570/1570/1570
f 1505/1505/1505 1570/1570/1570 1503/1503/1503
f 1571/1571/1571 1572/1572/1572 1570/1570/1570
f 1573/1573/1573 1572/1572/1572 1571/1571/1571
f 1505/1505/1505 1571/1571/1571 1570/1570/1570
f 1570/1570/1570 1574/1574/1574 1568/1568/1568
f 1574/1574/1574 1572/1572/1572 1573/1573/1573
f 1570/1570/1570 1572/1572/1572 1574/1574/1574
f 1571/1571/1571 1576/1576/1576 1575/1575/1575
f 1505/1505/1505 1576/1576/1576 1571/1571/1571
f 1573/1573/1573 1571/1571/1571 1575/1575/1575
f 1577/1577/1577 1578/1578/1578 1509/1509/1509
f 1578/1578/1578 1579/1579/1579 1575/1575/1575
f 1577/1577/1577 1579/1579/1579 1578/1578/1578
f 1508/1508/1508 1577/1577/1577 1509/1509/1509
f 1509/1509/1509 1576/1576/1576 1505/1505/1505
f 1576/1576/1576 1578/1578/1578 1575/1575/1575
f 1509/1509/1509 1578/1578/1578 1576/1576/1576
f 1580/1580/1580 1582/1582/1582 1581/1581/1581
f 1575/1575/1575 1582/1582/1582 1580/1580/1580
f 1583/1583/1583 1580/1580/1580 1581/1581/1581
f 1581/1581/1581 1577/1577/1577 1508/1508/1508
f 1582/1582/1582 1579/1579/1579 1577/1577/1577
f 1575/1575/1575 1579/1579/1579 1582/1582/1582
f 1581/1581/1581 1582/1582/1582 1577/1577/1577
f 1575/1575/1575 1584/1584/1584 1573/1573/1573
f 1584/1584/1584 1580/1580/1580 1583/1583/1583
f 1575/1575/1575 1580/1580/1580 1584/1584/1584
f 1585/1585/1585 1581/1581/1581 1508/1508/1508
f 1583/1583/1583 1581/1581/1581 1585/1585/1585
f 1511/1511/1511 1585/1585/1585 1508/1508/1508
f 1586/1586/1586 1585/1585/1585 1511/1511/1511
f 1585/1585/1585 1587/1587/1587 1583/1583/1583
f 1586/1586/1586 1587/1587/1587 1585/1585/1585
f 1511/1511/1511 1588/1588/1588 1586/1586/1586
f 1588/1588/1588 1516/1516/1516 1515/1515/1515
f 1511/1511/1511 1516/1516/1516 1588/1588/1588
f 1589/1589/1589 1588/1588/1588 1515/1515/1515
f 1588/1588/1588 1590/1590/1590 1586/1586/1586
f 1589/1589/1589 1590/1590/1590 1588/1588/1588
f 1589/1589/1589 1515/1515/1515 1517/1517/1517
f 1517/1517/1517 1591/1591/1591 1589/1589/1589
f 1591/1591/1591 1517/1517/1517 1518/1518/1518
f 1518/1518/1518 1592/1592/1592 1591/1591/1591
f 1518/1518/1518 1593/1593/1593 1592/1592/1592
f 1519/1519/1519 1593/1593/1593 1518/1518/1518
f 1593/1593/1593 1595/1595/1595 1594/1594/1594
f 1519/1519/1519 1595/1595/1595 1593/1593/1593
f 1592/1592/1592 1593/1593/1593 1594/1594/1594
f 1596/1596/1596 1595/1595/1595 1519/1519/1519
f 1594/1594/1594 1595/1595/1595 1596/1596/1596
f 1520/1520/1520 1596/1596/1596 1519/1519/1519
f 1597/1597/1597 1596/1596/1596 1520/1520/1520
f 1594/1594/1594 1596/1596/1596 1597/1597/1597
f 1598/1598/1598 1521/1521/1521 1522/1522/1522
f 1522/1522/1522 1599/1599/1599 1598/1598/1598
f 1599/1599/1599 1522/1522/1522 1523/1523/1523
f 1523/1523/1523 1600/1600/1600 1599/1599/1599
f 1600/1600/1600 1523/1523/1523 1524/1524/1524
f 1524/1524/1524 1601/1601/1601 1600/1600/1600
f 1601/1601/1601 1524/1524/1524 1525/1525/1525
f 1525/1525/1525 1602/1602/1602 1601/1601/1601
f 1525/1525/1525 1603/1603/1603 1602/1602/1602
f 1526/1526/1526 1603/1603/1603 1525/1525/1525
f 1604/1604/1604 1603/1603/1603 1526/1526/1526
f 1602/1602/1602 1603/1603/1603 1604/1604/1604
f 1526/1526/1526 1605/1605/1605 1604/1604/1604
f 1528/1528/1528 1605/1605/1605 1526/1526/1526
f 1606/1606/1606 1605/1605/1605 1528/1528/1528
f 1604/1604/1604 1605/1605/1605 1606/1606/1606
f 1606/1606/1606 1528/1528/1528 1530/1530/1530
f 1530/1530/1530 1607/1607/1607 1606/1606/1606
f 1530/1530/1530 1608/1608/1608 1607/1607/1607
f 1608/1608/1608 1533/1533/1533 1532/1532/1532
f 1530/1530/1530 1533/1533/1533 1608/1608/1608
f 1609/1609/1609 1608/1608/1608 1532/1532/1532
f 1608/1608/1608 1610/1610/1610 1607/1607/1607
f 1609/1609/1609 1610/1610/1610 1608/1608/1608
f 1609/1609/1609 1532/1532/1532 1534/1534/1534
f 1534/1534/1534 1611/1611/1611 1609/1609/1609
f 1611/1611/1611 1534/1534/1534 1535/1535/1535
f 1535/1535/1535 1612/1612/1612 1611/1611/1611
f 1612/1612/1612 1535/1535/1535 1537/1537/1537
f 1537/1537/1537 1613/1613/1613 1612/1612/1612
f 1613/1613/1613 1537/1537/1537 1538/1538/1538
f 1538/1538/1538 1614/1614/1614 1613/1613/1613
f 1614/1614/1614 1538/1538/1538 1539/1539/1539
f 1539/1539/1539 1615/1615/1615 1614/1614/1614
f 1539/1539/1539 1616/1616/1616 1615/1615/1615
f 1542/1542/1542 1617/1617/1617 1616/1616/1616
f 1541/1541/1541 1617/1617/1617 1542/1542/1542
f 1539/1539/1539 1542/1542/1542 1616/1616/1616
f 1618/1618/1618 1620/1620/1620 1619/1619/1619
f 1616/1616/1616 1620/1620/1620 1618/1618/1618
f 1621/1621/1621 1618/1618/1618 1619/1619/1619
f 1622/1622/1622 1623/1623/1623 1617/1617/1617
f 1619/1619/1619 1623/1623/1623 1622/1622/1622
f 1541/1541/1541 1622/1622/1622 1617/1617/1617
f 1617/1617/1617 1620/1620/1620 1616/1616/1616
f 1620/1620/1620 1623/1623/1623 1619/1619/1619
f 1617/1617/1617 1623/1623/1623 1620/1620/1620
f 1616/1616/1616 1624/1624/1624 1615/1615/1615
f 1624/1624/1624 1618/1618/1618 1621/1621/1621
f 1616/1616/1616 1618/1618/1618 1624/1624/1624
f 1619/1619/1619 1626/1626/1626 1625/1625/1625
f 1626/1626/1626 1622/1622/1622 1541/1541/1541
f 1619/1619/1619 1622/1622/1622 1626/1626/1626
f 1621/1621/1621 1619/1619/1619 1625/1625/1625
f 1625/1625/1625 1546/1546/1546 1544/1544/1544
f 1546/1546/1546 1626/1626/1626 1541/1541/1541
f 1625/1625/1625 1626/1626/1626 1546/1546/1546
f 1627/1627/1627 1625/1625/1625 1544/1544/1544
f 1625/1625/1625 1628/1628/1628 1621/1621/1621
f 1627/1627/1627 1628/1628/1628 1625/1625/1625
f 1627/1627/1627 1544/1544/1544 1549/1549/1549
f 1549/1549/1549 1629/1629/1629 1627/1627/1627
f 1549/1549/1549 1630/1630/1630 1629/1629/1629
f 1550/1550/1550 1630/1630/1630 1549/1549/1549
f 1630/1630/1630 1632/1632/1632 1631/1631/1631
f 1550/1550/1550 1632/1632/1632 1630/1630/1630
f 1629/1629/1629 1630/1630/1630 1631/1631/1631
f 1632/1632/1632 1634/1634/1634 1633/1633/1633
f 1550/1550/1550 1634/1634/1634 1632/1632/1632
f 1631/1631/1631 1632/1632/1632 1633/1633/1633
f 1553/1553/1553 1635/1635/1635 1633/1633/1633
f 1552/1552/1552 1635/1635/1635 1553/1553/1553
f 1553/1553/1553 1634/1634/1634 1550/1550/1550
f 1633/1633/1633 1634/1634/1634 1553/1553/1553
f 1633/1633/1633 1637/1637/1637 1636/1636/1636
f 1635/1635/1635 1638/1638/1638 1637/1637/1637
f 1552/1552/1552 1638/1638/1638 1635/1635/1635
f 1633/1633/1633 1635/1635/1635 1637/1637/1637
f 1631/1631/1631 1633/1633/1633 1636/1636/1636
f 1637/1637/1637 1640/1640/1640 1639/1639/1639
f 1640/1640/1640 1638/1638/1638 1552/1552/1552
f 1637/1637/1637 1638/1638/1638 1640/1640/1640
f 1636/1636/1636 1637/1637/1637 1639/1639/1639
f 1556/1556/1556 1641/1641/1641 1639/1639/1639
f 1555/1555/1555 1641/1641/1641 1556/1556/1556
f 1556/1556/1556 1640/1640/1640 1552/1552/1552
f 1639/1639/1639 1640/1640/1640 1556/1556/1556
f 1639/1639/1639 1643/1643/1643 1642/1642/1642
f 1643/1643/1643 1641/1641/1641 1555/1555/1555
f 1639/1639/1639 1641/1641/1641 1643/1643/1643
f 1636/1636/1636 1639/1639/1639 1642/1642/1642
f 1643/1643/1643 1645/1645/1645 1644/1644/1644
f 1555/1555/1555 1645/1645/1645 1643/1643/1643
f 1642/1642/1642 1643/1643/1643 1644/1644/1644
f 1646/1646/1646 1647/1647/1647 1559/1559/1559
f 1644/1644/1644 1647/1647/1647 1646/1646/1646
f 1558/1558/1558 1646/1646/1646 1559/1559/1559
f 1559/1559/1559 1645/1645/1645 1555/1555/1555
f 1645/1645/1645 1647/1647/1647 1644/1644/1644
f 1559/1559/1559 1647/1647/1647 1645/1645/1645
f 1644/1644/1644 1649/1649/1649 1648/1648/1648
f 1649/1649/1649 1646/1646/1646 1558/1558/1558
f 1644/1644/1644 1646/1646/1646 1649/1649/1649
f 1642/1642/1642 1644/1644/1644 1648/1648/1648
f 1649/1649/1649 1651/1651/1651 1650/1650/1650
f 1558/1558/1558 1651/1651/1651 1649/1649/1649
f 1648/1648/1648 1649/1649/1649 1650/1650/1650
f 1652/1652/1652 1653/1653/1653 1562/1562/1562
f 1653/1653/1653 1654/1654/1654 1650/1650/1650
f 1652/1652/1652 1654/1654/1654 1653/1653/1653
f 1561/1561/1561 1652/1652/1652 1562/1562/1562
f 1562/1562/1562 1651/1651/1651 1558/1558/1558
f 1651/1651/1651 1653/1653/1653 1650/1650/1650
f 1562/1562/1562 1653/1653/1653 1651/1651/1651
f 1655/1655/1655 1657/1657/1657 1656/1656/1656
f 1650/1650/1650 1657/1657/1657 1655/1655/1655
f 1658/1658/1658 1655/1655/1655 1656/1656/1656
f 1656/1656/1656 1652/1652/1652 1561/1561/1561
f 1657/1657/1657 1654/1654/1654 1652/1652/1652
f 1650/1650/1650 1654/1654/1654 1657/1657/1657
f 1656/1656/1656 1657/1657/1657 1652/1652/1652
f 1650/1650/1650 1659/1659/1659 1648/1648/1648
f 1659/1659/1659 1655/1655/1655 1658/1658/1658
f 1650/1650/1650 1655/1655/1655 1659/1659/1659
f 1660/1660/1660 1656/1656/1656 1561/1561/1561
f 1658/1658/1658 1656/1656/1656 1660/1660/1660
f 1660/1660/1660 1565/1565/1565 1564/1564/1564
f 1561/1561/1561 1565/1565/1565 1660/1660/1660
f 1661/1661/1661 1660/1660/1660 1564/1564/1564
f 1658/1658/1658 1660/1660/1660 1661/1661/1661
f 1564/1564/1564 1662/1662/1662 1661/1661/1661
f 1566/1566/1566 1662/1662/1662 1564/1564/1564
f 1663/1663/1663 1664/1664/1664 1662/1662/1662
f 1665/1665/1665 1664/1664/1664 1663/1663/1663
f 1566/1566/1566 1663/1663/1663 1662/1662/1662
f 1662/1662/1662 1666/1666/1666 1661/1661/1661
f 1666/1666/1666 1664/1664/1664 1665/1665/1665
f 1662/1662/1662 1664/1664/1664 1666/1666/1666
f 1667/1667/1667 1663/1663/1663 1566/1566/1566
f 1665/1665/1665 1663/1663/1663 1667/1667/1667
f 1568/1568/1568 1667/1667/1667 1566/1566/1566
f 1668/1668/1668 1667/1667/1667 1568/1568/1568
f 1665/1665/1665 1667/1667/1667 1668/1668/1668
f 1568/1568/1568 1669/1669/1669 1668/1668/1668
f 1669/1669/1669 1574/1574/1574 1573/1573/1573
f 1568/1568/1568 1574/1574/1574 1669/1669/1669
f 1670/1670/1670 1669/1669/1669 1573/1573/1573
f 1668/1668/1668 1669/1669/1669 1670/1670/1670
f 1573/1573/1573 1671/1671/1671 1670/1670/1670
f 1671/1671/1671 1584/1584/1584 1583/1583/1583
f 1573/1573/1573 1584/1584/1584 1671/1671/1671
f 1672/1672/1672 1671/1671/1671 1583/1583/1583
f 1670/1670/1670 1671/1671/1671 1672/1672/1672
f 1583/1583/1583 1673/1673/1673 1672/1672/1672
f 1673/1673/1673 1587/1587/1587 1586/1586/1586
f 1583/1583/1583 1587/1587/1587 1673/1673/1673
f 1673/1673/1673 1675/1675/1675 1674/1674/1674
f 1586/1586/1586 1675/1675/1675 1673/1673/1673
f 1672/1672/1672 1673/1673/1673 1674/1674/1674
f 1676/1676/1676 1677/1677/1677 1675/1675/1675
f 1678/1678/1678 1677/1677/1677 1676/1676/1676
f 1586/1586/1586 1676/1676/1676 1675/1675/1675
f 1675/1675/1675 1679/1679/1679 1674/1674/1674
f 1677/1677/1677 1680/1680/1680 1679/1679/1679
f 1678/1678/1678 1680/1680/1680 1677/1677/1677
f 1675/1675/1675 1677/1677/1677 1679/1679/1679
f 1678/1678/1678 1590/1590/1590 1589/1589/1589
f 1590/1590/1590 1676/1676/1676 1586/1586/1586
f 1678/1678/1678 1676/1676/1676 1590/1590/1590
f 1681/1681/1681 1682/1682/1682 1678/1678/1678
f 1682/1682/1682 1684/1684/1684 1683/1683/1683
f 1681/1681/1681 1684/1684/1684 1682/1682/1682
f 1589/1589/1589 1681/1681/1681 1678/1678/1678
f 1679/1679/1679 1686/1686/1686 1685/1685/1685
f 1686/1686/1686 1680/1680/1680 1678/1678/1678
f 1679/1679/1679 1680/1680/1680 1686/1686/1686
f 1674/1674/1674 1679/1679/1679 1685/1685/1685
f 1687/1687/1687 1688/1688/1688 1682/1682/1682
f 1685/1685/1685 1688/1688/1688 1687/1687/1687
f 1683/1683/1683 1687/1687/1687 1682/1682/1682
f 1682/1682/1682 1686/1686/1686 1678/1678/1678
f 1686/1686/1686 1688/1688/1688 1685/1685/1685
f 1682/1682/1682 1688/1688/1688 1686/1686/1686
f 1689/1689/1689 1681/1681/1681 1589/1589/1589
f 1690/1690/1690 1684/1684/1684 1681/1681/1681
f 1683/1683/1683 1684/1684/1684 1690/1690/1690
f 1689/1689/1689 1690/1690/1690 1681/1681/1681
f 1591/1591/1591 1689/1689/1689 1589/1589/1589
f 1691/1691/1691 1689/1689/1689 1591/1591/1591
f 1692/1692/1692 1690/1690/1690 1689/1689/1689
f 1683/1683/1683 1690/1690/1690 1692/1692/1692
f 1691/1691/1691 1692/1692/1692 1689/1689/1689
f 1591/1591/1591 1693/1693/1693 1691/1691/1691
f 1592/1592/1592 1693/1693/1693 1591/1591/1591
f 1694/1694/1694 1693/1693/1693 1592/1592/1592
f 1691/1691/1691 1693/1693/1693 1694/1694/1694
f 1592/1592/1592 1695/1695/1695 1694/1694/1694
f 1594/1594/1594 1695/1695/1695 1592/1592/1592
f 1696/1696/1696 1695/1695/1695 1594/1594/1594
f 1695/1695/1695 1697/1697/1697 1694/1694/1694
f 1696/1696/1696 1697/1697/1697 1695/1695/1695
f 1696/1696/1696 1594/1594/1594 1597/1597/1597
f 1597/1597/1597 1698/1698/1698 1696/1696/1696
f 1699/1699/1699 1598/1598/1598 1599/1599/1599
f 1599/1599/1599 1700/1700/1700 1699/1699/1699
f 1700/1700/1700 1599/1599/1599 1600/1600/1600
f 1600/1600/1600 1701/1701/1701 1700/1700/1700
f 1701/1701/1701 1600/1600/1600 1601/1601/1601
f 1601/1601/1601 1702/1702/1702 1701/1701/1701
f 1702/1702/1702 1601/1601/1601 1602/1602/1602
f 1602/1602/1602 1703/1703/1703 1702/1702/1702
f 1703/1703/1703 1602/1602/1602 1604/1604/1604
f 1604/1604/1604 1704/1704/1704 1703/1703/1703
f 1704/1704/1704 1604/1604/1604 1606/1606/1606
f 1606/1606/1606 1705/1705/1705 1704/1704/1704
f 1705/1705/1705 1606/1606/1606 1607/1607/1607
f 1607/1607/1607 1706/1706/1706 1705/1705/1705
f 1607/1607/1607 1707/1707/1707 1706/1706/1706
f 1707/1707/1707 1610/1610/1610 1609/1609/1609
f 1607/1607/1607 1610/1610/1610 1707/1707/1707
f 1707/1707/1707 1709/1709/1709 1708/1708/1708
f 1609/1609/1609 1709/1709/1709 1707/1707/1707
f 1706/1706/1706 1707/1707/1707 1708/1708/1708
f 1710/1710/1710 1709/1709/1709 1609/1609/1609
f 1709/1709/1709 1711/1711/1711 1708/1708/1708
f 1710/1710/1710 1711/1711/1711 1709/1709/1709
f 1611/1611/1611 1710/1710/1710 1609/1609/1609
f 1710/1710/1710 1713/1713/1713 1712/1712/1712
f 1611/1611/1611 1713/1713/1713 1710/1710/1710
f 1714/1714/1714 1711/1711/1711 1710/1710/1710
f 1708/1708/1708 1711/1711/1711 1714/1714/1714
f 1712/1712/1712 1714/1714/1714 1710/1710/1710
f 1715/1715/1715 1713/1713/1713 1611/1611/1611
f 1713/1713/1713 1716/1716/1716 1712/1712/1712
f 1715/1715/1715 1716/1716/1716 1713/1713/1713
f 1612/1612/1612 1715/1715/1715 1611/1611/1611
f 1717/1717/1717 1718/1718/1718 1715/1715/1715
f 1719/1719/1719 1718/1718/1718 1717/1717/1717
f 1612/1612/1612 1717/1717/1717 1715/1715/1715
f 1716/1716/1716 1721/1721/1721 1720/1720/1720
f 1715/1715/1715 1721/1721/1721 1716/1716/1716
f 1712/1712/1712 1716/1716/1716 1720/1720/1720
f 1720/1720/1720 1718/1718/1718 1719/1719/1719
f 1718/1718/1718 1721/1721/1721 1715/1715/1715
f 1720/1720/1720 1721/1721/1721 1718/1718/1718
f 1722/1722/1722 1717/1717/1717 1612/1612/1612
f 1719/1719/1719 1717/1717/1717 1722/1722/1722
f 1613/1613/1613 1722/1722/1722 1612/1612/1612
f 1723/1723/1723 1722/1722/1722 1613/1613/1613
f 1719/1719/1719 1722/1722/1722 1723/1723/1723
f 1723/1723/1723 1613/1613/1613 1614/1614/1614
f 1614/1614/1614 1724/1724/1724 1723/1723/1723
f 1724/1724/1724 1614/1614/1614 1615/1615/1615
f 1615/1615/1615 1725/1725/1725 1724/1724/1724
f 1615/1615/1615 1726/1726/1726 1725/1725/1725
f 1726/1726/1726 1624/1624/1624 1621/1621/1621
f 1615/1615/1615 1624/1624/1624 1726/1726/1726
f 1727/1727/1727 1726/1726/1726 1621/1621/1621
f 1725/1725/1725 1726/1726/1726 1727/1727/1727
f 1621/1621/1621 1728/1728/1728 1727/1727/1727
f 1728/1728/1728 1628/1628/1628 1627/1627/1627
f 1621/1621/1621 1628/1628/1628 1728/1728/1728
f 1728/1728/1728 1730/1730/1730 1729/1729/1729
f 1627/1627/1627 1730/1730/1730 1728/1728/1728
f 1727/1727/1727 1728/1728/1728 1729/1729/1729
f 1731/1731/1731 1730/1730/1730 1627/1627/1627
f 1729/1729/1729 1730/1730/1730 1731/1731/1731
f 1629/1629/1629 1731/1731/1731 1627/1627/1627
f 1732/1732/1732 1731/1731/1731 1629/1629/1629
f 1729/1729/1729 1731/1731/1731 1732/1732/1732
f 1629/1629/1629 1733/1733/1733 1732/1732/1732
f 1631/1631/1631 1733/1733/1733 1629/1629/1629
f 1734/1734/1734 1735/1735/1735 1733/1733/1733
f 1735/1735/1735 1737/1737/1737 1736/1736/1736
f 1734/1734/1734 1737/1737/1737 1735/1735/1735
f 1631/1631/1631 1734/1734/1734 1733/1733/1733
f 1733/1733/1733 1738/1738/1738 1732/1732/1732
f 1738/1738/1738 1735/1735/1735 1736/1736/1736
f 1733/1733/1733 1735/1735/1735 1738/1738/1738
f 1739/1739/1739 1734/1734/1734 1631/1631/1631
f 1740/1740/1740 1737/1737/1737 1734/1734/1734
f 1736/1736/1736 1737/1737/1737 1740/1740/1740
f 1739/1739/1739 1740/1740/1740 1734/1734/1734
f 1636/1636/1636 1739/1739/1739 1631/1631/1631
f 1741/1741/1741 1742/1742/1742 1739/1739/1739
f 1742/1742/1742 1744/1744/1744 1743/1743/1743
f 1741/1741/1741 1744/1744/1744 1742/1742/1742
f 1636/1636/1636 1741/1741/1741 1739/1739/1739
f 1745/1745/1745 1740/1740/1740 1739/1739/1739
f 1736/1736/1736 1740/1740/1740 1745/1745/1745
f 1745/1745/1745 1742/1742/1742 1743/1743/1743
f 1739/1739/1739 1742/1742/1742 1745/1745/1745
f 1746/1746/1746 1741/1741/1741 1636/1636/1636
f 1747/1747/1747 1744/1744/1744 1741/1741/1741
f 1743/1743/1743 1744/1744/1744 1747/1747/1747
f 1746/1746/1746 1747/1747/1747 1741/1741/1741
f 1642/1642/1642 1746/1746/1746 1636/1636/1636
f 1748/1748/1748 1749/1749/1749 1746/1746/1746
f 1750/1750/1750 1749/1749/1749 1748/1748/1748
f 1642/1642/1642 1748/1748/1748 1746/1746/1746
f 1751/1751/1751 1747/1747/1747 1746/1746/1746
f 1743/1743/1743 1747/1747/1747 1751/1751/1751
f 1751/1751/1751 1749/1749/1749 1750/1750/1750
f 1746/1746/1746 1749/1749/1749 1751/1751/1751
f 1752/1752/1752 1748/1748/1748 1642/1642/1642
f 1748/1748/1748 1753/1753/1753 1750/1750/1750
f 1752/1752/1752 1753/1753/1753 1748/1748/1748
f 1648/1648/1648 1752/1752/1752 1642/1642/1642
f 1754/1754/1754 1755/1755/1755 1752/1752/1752
f 1755/1755/1755 1757/1757/1757 1756/1756/1756
f 1754/1754/1754 1757/1757/1757 1755/1755/1755
f 1648/1648/1648 1754/1754/1754 1752/1752/1752
f 1753/1753/1753 1759/1759/1759 1758/1758/1758
f 1752/1752/1752 1759/1759/1759 1753/1753/1753
f 1750/1750/1750 1753/1753/1753 1758/1758/1758
f 1758/1758/1758 1755/1755/1755 1756/1756/1756
f 1755/1755/1755 1759/1759/1759 1752/1752/1752
f 1758/1758/1758 1759/1759/1759 1755/1755/1755
f 1760/1760/1760 1754/1754/1754 1648/1648/1648
f 1761/1761/1761 1757/1757/1757 1754/1754/1754
f 1756/1756/1756 1757/1757/1757 1761/1761/1761
f 1760/1760/1760 1761/1761/1761 1754/1754/1754
f 1760/1760/1760 1659/1659/1659 1658/1658/1658
f 1648/1648/1648 1659/1659/1659 1760/1760/1760
f 1762/1762/1762 1760/1760/1760 1658/1658/1658
f 1763/1763/1763 1761/1761/1761 1760/1760/1760
f 1756/1756/1756 1761/1761/1761 1763/1763/1763
f 1762/1762/1762 1763/1763/1763 1760/1760/1760
f 1762/1762/1762 1658/1658/1658 1661/1661/1661
f 1661/1661/1661 1764/1764/1764 1762/1762/1762
f 1661/1661/1661 1765/1765/1765 1764/1764/1764
f 1765/1765/1765 1666/1666/1666 1665/1665/1665
f 1661/1661/1661 1666/1666/1666 1765/1765/1765
f 1766/1766/1766 1765/1765/1765 1665/1665/1665
f 1764/1764/1764 1765/1765/1765 1766/1766/1766
f 1766/1766/1766 1665/1665/1665 1668/1668/1668
f 1668/1668/1668 1767/1767/1767 1766/1766/1766
f 1767/1767/1767 1668/1668/1668 1670/1670/1670
f 1670/1670/1670 1768/1768/1768 1767/1767/1767
f 1768/1768/1768 1670/1670/1670 1672/1672/1672
f 1672/1672/1672 1769/1769/1769 1768/1768/1768
f 1769/1769/1769 1672/1672/1672 1674/1674/1674
f 1674/1674/1674 1770/1770/1770 1769/1769/1769
f 1674/1674/1674 1771/1771/1771 1770/1770/1770
f 1685/1685/1685 1772/1772/1772 1771/1771/1771
f 1772/1772/1772 1687/1687/1687 1683/1683/1683
f 1685/1685/1685 1687/1687/1687 1772/1772/1772
f 1674/1674/1674 1685/1685/1685 1771/1771/1771
f 1771/1771/1771 1774/1774/1774 1773/1773/1773
f 1774/1774/1774 1772/1772/1772 1683/1683/1683
f 1771/1771/1771 1772/1772/1772 1774/1774/1774
f 1770/1770/1770 1771/1771/1771 1773/1773/1773
f 1775/1775/1775 1774/1774/1774 1683/1683/1683
f 1773/1773/1773 1774/1774/1774 1775/1775/1775
f 1775/1775/1775 1692/1692/1692 1691/1691/1691
f 1683/1683/1683 1692/1692/1692 1775/1775/1775
f 1775/1775/1775 1777/1777/1777 1776/1776/1776
f 1691/1691/1691 1777/1777/1777 1775/1775/1775
f 1773/1773/1773 1775/1775/1775 1776/1776/1776
f 1778/1778/1778 1777/1777/1777 1691/1691/1691
f 1776/1776/1776 1777/1777/1777 1778/1778/1778
f 1694/1694/1694 1778/1778/1778 1691/1691/1691
f 1778/1778/1778 1780/1780/1780 1779/1779/1779
f 1694/1694/1694 1780/1780/1780 1778/1778/1778
f 1776/1776/1776 1778/1778/1778 1779/1779/1779
f 1780/1780/1780 1782/1782/1782 1781/1781/1781
f 1694/1694/1694 1782/1782/1782 1780/1780/1780
f 1779/1779/1779 1780/1780/1780 1781/1781/1781
f 1783/1783/1783 1784/1784/1784 1697/1697/1697
f 1781/1781/1781 1784/1784/1784 1783/1783/1783
f 1696/1696/1696 1783/1783/1783 1697/1697/1697
f 1697/1697/1697 1782/1782/1782 1694/1694/1694
f 1782/1782/1782 1784/1784/1784 1781/1781/1781
f 1697/1697/1697 1784/1784/1784 1782/1782/1782
f 1781/1781/1781 1786/1786/1786 1785/1785/1785
f 1786/1786/1786 1783/1783/1783 1696/1696/1696
f 1781/1781/1781 1783/1783/1783 1786/1786/1786
f 1779/1779/1779 1781/1781/1781 1785/1785/1785
f 1787/1787/1787 1786/1786/1786 1696/1696/1696
f 1785/1785/1785 1786/1786/1786 1787/1787/1787
f 1698/1698/1698 1787/1787/1787 1696/1696/1696
f 1787/1787/1787 1789/1789/1789 1788/1788/1788
f 1698/1698/1698 1789/1789/1789 1787/1787/1787
f 1785/1785/1785 1787/1787/1787 1788/1788/1788
f 1790/1790/1790 1699/1699/1699 1700/1700/1700
f 1700/1700/1700 1791/1791/1791 1790/1790/1790
f 1791/1791/1791 1700/1700/1700 1701/1701/1701
f 1701/1701/1701 1792/1792/1792 1791/1791/1791
f 1792/1792/1792 1701/1701/1701 1702/1702/1702
f 1702/1702/1702 1793/1793/1793 1792/1792/1792
f 1793/1793/1793 1702/1702/1702 1703/1703/1703
f 1703/1703/1703 1794/1794/1794 1793/1793/1793
f 1794/1794/1794 1703/1703/1703 1704/1704/1704
f 1704/1704/1704 1795/1795/1795 1794/1794/1794
f 1795/1795/1795 1704/1704/1704 1705/1705/1705
f 1705/1705/1705 1796/1796/1796 1795/1795/1795
f 1796/1796/1796 1705/1705/1705 1706/1706/1706
f 1706/1706/1706 1797/1797/1797 1796/1796/1796
f 1706/1706/1706 1798/1798/1798 1797/1797/1797
f 1708/1708/1708 1798/1798/1798 1706/1706/1706
f 1798/1798/1798 1800/1800/1800 1799/1799/1799
f 1708/1708/1708 1800/1800/1800 1798/1798/1798
f 1798/1798/1798 1801/1801/1801 1797/1797/1797
f 1799/1799/1799 1801/1801/1801 1798/1798/1798
f 1802/1802/1802 1800/1800/1800 1708/1708/1708
f 1799/1799/1799 1800/1800/1800 1802/1802/1802
f 1802/1802/1802 1714/1714/1714 1712/1712/1712
f 1708/1708/1708 1714/1714/1714 1802/1802/1802
f 1803/1803/1803 1802/1802/1802 1712/1712/1712
f 1799/1799/1799 1802/1802/1802 1803/1803/1803
f 1712/1712/1712 1804/1804/1804 1803/1803/1803
f 1804/1804/1804 1720/1720/1720 1719/1719/1719
f 1712/1712/1712 1720/1720/1720 1804/1804/1804
f 1804/1804/1804 1806/1806/1806 1805/1805/1805
f 1719/1719/1719 1806/1806/1806 1804/1804/1804
f 1804/1804/1804 1807/1807/1807 1803/1803/1803
f 1805/1805/1805 1807/1807/1807 1804/1804/1804
f 1808/1808/1808 1806/1806/1806 1719/1719/1719
f 1805/1805/1805 1806/1806/1806 1808/1808/1808
f 1723/1723/1723 1808/1808/1808 1719/1719/1719
f 1809/1809/1809 1808/1808/1808 1723/1723/1723
f 1805/1805/1805 1808/1808/1808 1809/1809/1809
f 1723/1723/1723 1810/1810/1810 1809/1809/1809
f 1724/1724/1724 1810/1810/1810 1723/1723/1723
f 1810/1810/1810 1812/1812/1812 1811/1811/1811
f 1724/1724/1724 1812/1812/1812 1810/1810/1810
f 1809/1809/1809 1810/1810/1810 1811/1811/1811
f 1813/1813/1813 1812/1812/1812 1724/1724/1724
f 1811/1811/1811 1812/1812/1812 1813/1813/1813
f 1725/1725/1725 1813/1813/1813 1724/1724/1724
f 1814/1814/1814 1813/1813/1813 1725/1725/1725
f 1813/1813/1813 1815/1815/1815 1811/1811/1811
f 1814/1814/1814 1815/1815/1815 1813/1813/1813
f 1814/1814/1814 1725/1725/1725 1727/1727/1727
f 1727/1727/1727 1816/1816/1816 1814/1814/1814
f 1816/1816/1816 1727/1727/1727 1729/1729/1729
f 1729/1729/1729 1817/1817/1817 1816/1816/1816
f 1817/1817/1817 1729/1729/1729 1732/1732/1732
f 1732/1732/1732 1818/1818/1818 1817/1817/1817
f 1732/1732/1732 1819/1819/1819 1818/1818/1818
f 1819/1819/1819 1738/1738/1738 1736/1736/1736
f 1732/1732/1732 1738/1738/1738 1819/1819/1819
f 1819/1819/1819 1821/1821/1821 1820/1820/1820
f 1736/1736/1736 1821/1821/1821 1819/1819/1819
f 1818/1818/1818 1819/1819/1819 1820/1820/1820
f 1821/1821/1821 1823/1823/1823 1822/1822/1822
f 1736/1736/1736 1823/1823/1823 1821/1821/1821
f 1820/1820/1820 1821/1821/1821 1822/1822/1822
f 1824/1824/1824 1825/1825/1825 1745/1745/1745
f 1822/1822/1822 1825/1825/1825 1824/1824/1824
f 1743/1743/1743 1824/1824/1824 1745/1745/1745
f 1745/1745/1745 1823/1823/1823 1736/1736/1736
f 1823/1823/1823 1825/1825/1825 1822/1822/1822
f 1745/1745/1745 1825/1825/1825 1823/1823/1823
f 1822/1822/1822 1827/1827/1827 1826/1826/1826
f 1827/1827/1827 1824/1824/1824 1743/1743/1743
f 1822/1822/1822 1824/1824/1824 1827/1827/1827
f 1820/1820/1820 1822/1822/1822 1826/1826/1826
f 1828/1828/1828 1827/1827/1827 1743/1743/1743
f 1826/1826/1826 1827/1827/1827 1828/1828/1828
f 1828/1828/1828 1751/1751/1751 1750/1750/1750
f 1743/1743/1743 1751/1751/1751 1828/1828/1828
f 1829/1829/1829 1828/1828/1828 1750/1750/1750
f 1826/1826/1826 1828/1828/1828 1829/1829/1829
f 1750/1750/1750 1830/1830/1830 1829/1829/1829
f 1830/1830/1830 1758/1758/1758 1756/1756/1756
f 1750/1750/1750 1758/1758/1758 1830/1830/1830
f 1830/1830/1830 1832/1832/1832 1831/1831/1831
f 1756/1756/1756 1832/1832/1832 1830/1830/1830
f 1829/1829/1829 1830/1830/1830 1831/1831/1831
f 1832/1832/1832 1834/1834/1834 1833/1833/1833
f 1756/1756/1756 1834/1834/1834 1832/1832/1832
f 1831/1831/1831 1832/1832/1832 1833/1833/1833
f 1835/1835/1835 1836/1836/1836 1763/1763/1763
f 1833/1833/1833 1836/1836/1836 1835/1835/1835
f 1762/1762/1762 1835/1835/1835 1763/1763/1763
f 1763/1763/1763 1834/1834/1834 1756/1756/1756
f 1834/1834/1834 1836/1836/1836 1833/1833/1833
f 1763/1763/1763 1836/1836/1836 1834/1834/1834
f 1833/1833/1833 1838/1838/1838 1837/1837/1837
f 1838/1838/1838 1835/1835/1835 1762/1762/1762
f 1833/1833/1833 1835/1835/1835 1838/1838/1838
f 1831/1831/1831 1833/1833/1833 1837/1837/1837
f 1839/1839/1839 1838/1838/1838 1762/1762/1762
f 1838/1838/1838 1840/1840/1840 1837/1837/1837
f 1839/1839/1839 1840/1840/1840 1838/1838/1838
f 1764/1764/1764 1839/1839/1839 1762/1762/1762
f 1841/1841/1841 1842/1842/1842 1839/1839/1839
f 1842/1842/1842 1844/1844/1844 1843/1843/1843
f 1841/1841/1841 1844/1844/1844 1842/1842/1842
f 1764/1764/1764 1841/1841/1841 1839/1839/1839
f 1845/1845/1845 1840/1840/1840 1839/1839/1839
f 1837/1837/1837 1840/1840/1840 1845/1845/1845
f 1845/1845/1845 1842/1842/1842 1843/1843/1843
f 1839/1839/1839 1842/1842/1842 1845/1845/1845
f 1846/1846/1846 1841/1841/1841 1764/1764/1764
f 1847/1847/1847 1844/1844/1844 1841/1841/1841
f 1843/1843/1843 1844/1844/1844 1847/1847/1847
f 1846/1846/1846 1847/1847/1847 1841/1841/1841
f 1766/1766/1766 1846/1846/1846 1764/1764/1764
f 1846/1846/1846 1849/1849/1849 1848/1848/1848
f 1766/1766/1766 1849/1849/1849 1846/1846/1846
f 1850/1850/1850 1847/1847/1847 1846/1846/1846
f 1843/1843/1843 1847/1847/1847 1850/1850/1850
f 1848/1848/1848 1850/1850/1850 1846/1846/1846
f 1851/1851/1851 1849/1849/1849 1766/1766/1766
f 1849/1849/1849 1852/1852/1852 1848/1848/1848
f 1851/1851/1851 1852/1852/1852 1849/1849/1849
f 1767/1767/1767 1851/1851/1851 1766/1766/1766
f 1853/1853/1853 1854/1854/1854 1851/1851/1851
f 1855/1855/1855 1854/1854/1854 1853/1853/1853
f 1767/1767/1767 1853/1853/1853 1851/1851/1851
f 1852/1852/1852 1857/1857/1857 1856/1856/1856
f 1851/1851/1851 1857/1857/1857 1852/1852/1852
f 1848/1848/1848 1852/1852/1852 1856/1856/1856
f 1856/1856/1856 1854/1854/1854 1855/1855/1855
f 1854/1854/1854 1857/1857/1857 1851/1851/1851
f 1856/1856/1856 1857/1857/1857 1854/1854/1854
f 1858/1858/1858 1853/1853/1853 1767/1767/1767
f 1855/1855/1855 1853/1853/1853 1858/1858/1858
f 1768/1768/1768 1858/1858/1858 1767/1767/1767
f 1859/1859/1859 1858/1858/1858 1768/1768/1768
f 1858/1858/1858 1860/1860/1860 1855/1855/1855
f 1859/1859/1859 1860/1860/1860 1858/1858/1858
f 1859/1859/1859 1768/1768/1768 1769/1769/1769
f 1769/1769/1769 1861/1861/1861 1859/1859/1859
f 1861/1861/1861 1769/1769/1769 1770/1770/1770
f 1770/1770/1770 1862/1862/1862 1861/1861/1861
f 1862/1862/1862 1770/1770/1770 1773/1773/1773
f 1773/1773/1773 1863/1863/1863 1862/1862/1862
f 1863/1863/1863 1773/1773/1773 1776/1776/1776
f 1776/1776/1776 1864/1864/1864 1863/1863/1863
f 1864/1864/1864 1776/1776/1776 1779/1779/1779
f 1779/1779/1779 1865/1865/1865 1864/1864/1864
f 1865/1865/1865 1779/1779/1779 1785/1785/1785
f 1785/1785/1785 1866/1866/1866 1865/1865/1865
f 1785/1785/1785 1867/1867/1867 1866/1866/1866
f 1788/1788/1788 1867/1867/1867 1785/1785/1785
f 1867/1867/1867 1869/1869/1869 1868/1868/1868
f 1788/1788/1788 1869/1869/1869 1867/1867/1867
f 1866/1866/1866 1867/1867/1867 1868/1868/1868
f 1870/1870/1870 1871/1871/1871 1790/1790/1790
f 1871/1871/1871 1873/1873/1873 1872/1872/1872
f 1870/1870/1870 1873/1873/1873 1871/1871/1871
f 1791/1791/1791 1870/1870/1870 1790/1790/1790
f 1874/1874/1874 1875/1875/1875 1870/1870/1870
f 1876/1876/1876 1875/1875/1875 1874/1874/1874
f 1791/1791/1791 1874/1874/1874 1870/1870/1870
f 1873/1873/1873 1878/1878/1878 1877/1877/1877
f 1870/1870/1870 1878/1878/1878 1873/1873/1873
f 1872/1872/1872 1873/1873/1873 1877/1877/1877
f 1877/1877/1877 1875/1875/1875 1876/1876/1876
f 1875/1875/1875 1878/1878/1878 1870/1870/1870
f 1877/1877/1877 1878/1878/1878 1875/1875/1875
f 1879/1879/1879 1874/1874/1874 1791/1791/1791
f 1876/1876/1876 1874/1874/1874 1879/1879/1879
f 1792/1792/1792 1879/1879/1879 1791/1791/1791
f 1879/1879/1879 1881/1881/1881 1880/1880/1880
f 1792/1792/1792 1881/1881/1881 1879/1879/1879
f 1876/1876/1876 1879/1879/1879 1880/1880/1880
f 1882/1882/1882 1881/1881/1881 1792/1792/1792
f 1881/1881/1881 1883/1883/1883 1880/1880/1880
f 1882/1882/1882 1883/1883/1883 1881/1881/1881
f 1793/1793/1793 1882/1882/1882 1792/1792/1792
f 1884/1884/1884 1882/1882/1882 1793/1793/1793
f 1885/1885/1885 1883/1883/1883 1882/1882/1882
f 1880/1880/1880 1883/1883/1883 1885/1885/1885
f 1884/1884/1884 1885/1885/1885 1882/1882/1882
f 1884/1884/1884 1793/1793/1793 1794/1794/1794
f 1794/1794/1794 1886/1886/1886 1884/1884/1884
f 1886/1886/1886 1794/1794/1794 1795/1795/1795
f 1795/1795/1795 1887/1887/1887 1886/1886/1886
f 1887/1887/1887 1795/1795/1795 1796/1796/1796
f 1796/1796/1796 1888/1888/1888 1887/1887/1887
f 1888/1888/1888 1796/1796/1796 1797/1797/1797
f 1797/1797/1797 1889/1889/1889 1888/1888/1888
f 1797/1797/1797 1890/1890/1890 1889/1889/1889
f 1801/1801/1801 1891/1891/1891 1890/1890/1890
f 1799/1799/1799 1891/1891/1891 1801/1801/1801
f 1797/1797/1797 1801/1801/1801 1890/1890/1890
f 1890/1890/1890 1893/1893/1893 1892/1892/1892
f 1893/1893/1893 1891/1891/1891 1799/1799/1799
f 1890/1890/1890 1891/1891/1891 1893/1893/1893
f 1889/1889/1889 1890/1890/1890 1892/1892/1892
f 1894/1894/1894 1893/1893/1893 1799/1799/1799
f 1892/1892/1892 1893/1893/1893 1894/1894/1894
f 1803/1803/1803 1894/1894/1894 1799/1799/1799
f 1894/1894/1894 1896/1896/1896 1895/1895/1895
f 1803/1803/1803 1896/1896/1896 1894/1894/1894
f 1892/1892/1892 1894/1894/1894 1895/1895/1895
f 1897/1897/1897 1898/1898/1898 1896/1896/1896
f 1898/1898/1898 1900/1900/1900 1899/1899/1899
f 1897/1897/1897 1900/1900/1900 1898/1898/1898
f 1803/1803/1803 1897/1897/1897 1896/1896/1896
f 1896/1896/1896 1901/1901/1901 1895/1895/1895
f 1901/1901/1901 1898/1898/1898 1899/1899/1899
f 1896/1896/1896 1898/1898/1898 1901/1901/1901
f 1902/1902/1902 1903/1903/1903 1807/1807/1807
f 1899/1899/1899 1903/1903/1903 1902/1902/1902
f 1805/1805/1805 1902/1902/1902 1807/1807/1807
f 1807/1807/1807 1897/1897/1897 1803/1803/1803
f 1903/1903/1903 1900/1900/1900 1897/1897/1897
f 1899/1899/1899 1900/1900/1900 1903/1903/1903
f 1807/1807/1807 1903/1903/1903 1897/1897/1897
f 1899/1899/1899 1905/1905/1905 1904/1904/1904
f 1905/1905/1905 1902/1902/1902 1805/1805/1805
f 1899/1899/1899 1902/1902/1902 1905/1905/1905
f 1906/1906/1906 1901/1901/1901 1899/1899/1899
f 1895/1895/1895 1901/1901/1901 1906/1906/1906
f 1904/1904/1904 1906/1906/1906 1899/1899/1899
f 1907/1907/1907 1905/1905/1905 1805/1805/1805
f 1904/1904/1904 1905/1905/1905 1907/1907/1907
f 1809/1809/1809 1907/1907/1907 1805/1805/1805
f 1908/1908/1908 1909/1909/1909 1907/1907/1907
f 1910/1910/1910 1909/1909/1909 1908/1908/1908
f 1809/1809/1809 1908/1908/1908 1907/1907/1907
f 1907/1907/1907 1911/1911/1911 1904/1904/1904
f 1911/1911/1911 1909/1909/1909 1910/1910/1910
f 1907/1907/1907 1909/1909/1909 1911/1911/1911
f 1912/1912/1912 1908/1908/1908 1809/1809/1809
f 1910/1910/1910 1908/1908/1908 1912/1912/1912
f 1811/1811/1811 1912/1912/1912 1809/1809/1809
f 1913/1913/1913 1912/1912/1912 1811/1811/1811
f 1910/1910/1910 1912/1912/1912 1913/1913/1913
f 1811/1811/1811 1914/1914/1914 1913/1913/1913
f 1914/1914/1914 1815/1815/1815 1814/1814/1814
f 1811/1811/1811 1815/1815/1815 1914/1914/1914
f 1914/1914/1914 1916/1916/1916 1915/1915/1915
f 1814/1814/1814 1916/1916/1916 1914/1914/1914
f 1913/1913/1913 1914/1914/1914 1915/1915/1915
f 1917/1917/1917 1916/1916/1916 1814/1814/1814
f 1915/1915/1915 1916/1916/1916 1917/1917/1917
f 1816/1816/1816 1917/1917/1917 1814/1814/1814
f 1918/1918/1918 1917/1917/1917 1816/1816/1816
f 1915/1915/1915 1917/1917/1917 1918/1918/1918
f 1918/1918/1918 1816/1816/1816 1817/1817/1817
f 1817/1817/1817 1919/1919/1919 1918/1918/1918
f 1919/1919/1919 1817/1817/1817 1818/1818/1818
f 1818/1818/1818 1920/1920/1920 1919/1919/1919
f 1920/1920/1920 1818/1818/1818 1820/1820/1820
f 1820/1820/1820 1921/1921/1921 1920/1920/1920
f 1921/1921/1921 1820/1820/1820 1826/1826/1826
f 1826/1826/1826 1922/1922/1922 1921/1921/1921
f 1922/1922/1922 1826/1826/1826 1829/1829/1829
f 1829/1829/1829 1923/1923/1923 1922/1922/1922
f 1923/1923/1923 1829/1829/1829 1831/1831/1831
f 1831/1831/1831 1924/1924/1924 1923/1923/1923
f 1924/1924/1924 1831/1831/1831 1837/1837/1837
f 1837/1837/1837 1925/1925/1925 1924/1924/1924
f 1837/1837/1837 1926/1926/1926 1925/1925/1925
f 1926/1926/1926 1845/1845/1845 1843/1843/1843
f 1837/1837/1837 1845/1845/1845 1926/1926/1926
f 1927/1927/1927 1926/1926/1926 1843/1843/1843
f 1925/1925/1925 1926/1926/1926 1927/1927/1927
f 1843/1843/1843 1928/1928/1928 1927/1927/1927
f 1928/1928/1928 1850/1850/1850 1848/1848/1848
f 1843/1843/1843 1850/1850/1850 1928/1928/1928
f 1929/1929/1929 1928/1928/1928 1848/1848/1848
f 1927/1927/1927 1928/1928/1928 1929/1929/1929
f 1848/1848/1848 1930/1930/1930 1929/1929/1929
f 1856/1856/1856 1931/1931/1931 1930/1930/1930
f 1855/1855/1855 1931/1931/1931 1856/1856/1856
f 1848/1848/1848 1856/1856/1856 1930/1930/1930
f 1930/1930/1930 1933/1933/1933 1932/1932/1932
f 1931/1931/1931 1934/1934/1934 1933/1933/1933
f 1855/1855/1855 1934/1934/1934 1931/1931/1931
f 1930/1930/1930 1931/1931/1931 1933/1933/1933
f 1929/1929/1929 1930/1930/1930 1932/1932/1932
f 1935/1935/1935 1937/1937/1937 1936/1936/1936
f 1933/1933/1933 1937/1937/1937 1935/1935/1935
f 1938/1938/1938 1935/1935/1935 1936/1936/1936
f 1936/1936/1936 1934/1934/1934 1855/1855/1855
f 1934/1934/1934 1937/1937/1937 1933/1933/1933
f 1936/1936/1936 1937/1937/1937 1934/1934/1934
f 1933/1933/1933 1939/1939/1939 1932/1932/1932
f 1939/1939/1939 1935/1935/1935 1938/1938/1938
f 1933/1933/1933 1935/1935/1935 1939/1939/1939
f 1938/1938/1938 1860/1860/1860 1859/1859/1859
f 1860/1860/1860 1936/1936/1936 1855/1855/1855
f 1938/1938/1938 1936/1936/1936 1860/1860/1860
f 1938/1938/1938 1941/1941/1941 1940/1940/1940
f 1859/1859/1859 1941/1941/1941 1938/1938/1938
f 1942/1942/1942 1939/1939/1939 1938/1938/1938
f 1932/1932/1932 1939/1939/1939 1942/1942/1942
f 1940/1940/1940 1942/1942/1942 1938/1938/1938
f 1943/1943/1943 1941/1941/1941 1859/1859/1859
f 1940/1940/1940 1941/1941/1941 1943/1943/1943
f 1861/1861/1861 1943/1943/1943 1859/1859/1859
f 1943/1943/1943 1945/1945/1945 1944/1944/1944
f 1861/1861/1861 1945/1945/1945 1943/1943/1943
f 1940/1940/1940 1943/1943/1943 1944/1944/1944
f 1946/1946/1946 1945/1945/1945 1861/1861/1861
f 1945/1945/1945 1947/1947/1947 1944/1944/1944
f 1946/1946/1946 1947/1947/1947 1945/1945/1945
f 1862/1862/1862 1946/1946/1946 1861/1861/1861
f 1948/1948/1948 1946/1946/1946 1862/1862/1862
f 1949/1949/1949 1947/1947/1947 1946/1946/1946
f 1944/1944/1944 1947/1947/1947 1949/1949/1949
f 1948/1948/1948 1949/1949/1949 1946/1946/1946
f 1948/1948/1948 1862/1862/1862 1863/1863/1863
f 1863/1863/1863 1950/1950/1950 1948/1948/1948
f 1950/1950/1950 1863/1863/1863 1864/1864/1864
f 1864/1864/1864 1951/1951/1951 1950/1950/1950
f 1951/1951/1951 1864/1864/1864 1865/1865/1865
f 1865/1865/1865 1952/1952/1952 1951/1951/1951
f 1952/1952/1952 1865/1865/1865 1866/1866/1866
f 1866/1866/1866 1953/1953/1953 1952/1952/1952
f 1953/1953/1953 1866/1866/1866 1868/1868/1868
f 1868/1868/1868 1954/1954/1954 1953/1953/1953
